{"type":"FeatureCollection","name":"国土数値情報 港湾データ C02-14（2014）標点","features":[{"type":"Feature","geometry":{"type":"Point","coordinates":[140.95977,42.34796]},"properties":{"name":"室蘭港","kind":"国際拠点港湾","kind_code":"12","pref":"北海道"}},{"type":"Feature","geometry":{"type":"Point","coordinates":[140.69389,41.79083]},"properties":{"name":"函館港","kind":"重要港湾","kind_code":"13","pref":"北海道"}},{"type":"Feature","geometry":{"type":"Point","coordinates":[141.01861,43.20028]},"properties":{"name":"小樽港","kind":"重要港湾","kind_code":"13","pref":"北海道"}},{"type":"Feature","geometry":{"type":"Point","coordinates":[140.59745,42.11227]},"properties":{"name":"森港","kind":"地方港湾","kind_code":"14","pref":"北海道"}},{"type":"Feature","geometry":{"type":"Point","coordinates":[140.11976,41.86803]},"properties":{"name":"江差港","kind":"地方港湾","kind_code":"14","pref":"北海道"}},{"type":"Feature","geometry":{"type":"Point","coordinates":[139.83889,42.45278]},"properties":{"name":"瀬棚港","kind":"地方港湾","kind_code":"14","pref":"北海道"}},{"type":"Feature","geometry":{"type":"Point","coordinates":[139.52159,42.17197]},"properties":{"name":"奧尻港","kind":"地方港湾","kind_code":"14","pref":"北海道"}},{"type":"Feature","geometry":{"type":"Point","coordinates":[140.78111,43.21056]},"properties":{"name":"余市港","kind":"地方港湾","kind_code":"14","pref":"北海道"}},{"type":"Feature","geometry":{"type":"Point","coordinates":[140.50957,42.99305]},"properties":{"name":"岩内港","kind":"地方港湾","kind_code":"14","pref":"北海道"}},{"type":"Feature","geometry":{"type":"Point","coordinates":[140.08814,41.42091]},"properties":{"name":"松前港","kind":"地方港湾","kind_code":"14","pref":"北海道"}},{"type":"Feature","geometry":{"type":"Point","coordinates":[141.17146,41.82346]},"properties":{"name":"椴法華港","kind":"地方港湾","kind_code":"14","pref":"北海道"}},{"type":"Feature","geometry":{"type":"Point","coordinates":[140.52112,43.0305]},"properties":{"name":"堀株港","kind":"その他","kind_code":"15","pref":"北海道"}},{"type":"Feature","geometry":{"type":"Point","coordinates":[141.14861,41.78278]},"properties":{"name":"西恵山港","kind":"その他","kind_code":"15","pref":"北海道"}},{"type":"Feature","geometry":{"type":"Point","coordinates":[130.87444,33.91527]},"properties":{"name":"北九州港","kind":"国際拠点港湾","kind_code":"12","pref":"福岡県"}},{"type":"Feature","geometry":{"type":"Point","coordinates":[130.36071,33.62686]},"properties":{"name":"博多港","kind":"国際拠点港湾","kind_code":"12","pref":"福岡県"}},{"type":"Feature","geometry":{"type":"Point","coordinates":[131.03043,33.80199]},"properties":{"name":"苅田港","kind":"重要港湾","kind_code":"13","pref":"福岡県"}},{"type":"Feature","geometry":{"type":"Point","coordinates":[130.43788,33.89066]},"properties":{"name":"大島港","kind":"地方港湾","kind_code":"14","pref":"福岡県"}},{"type":"Feature","geometry":{"type":"Point","coordinates":[130.35855,33.13053]},"properties":{"name":"若津港","kind":"地方港湾","kind_code":"14","pref":"福岡県"}},{"type":"Feature","geometry":{"type":"Point","coordinates":[131.12284,33.63848]},"properties":{"name":"宇島港","kind":"地方港湾","kind_code":"14","pref":"福岡県"}},{"type":"Feature","geometry":{"type":"Point","coordinates":[130.40936,33.03769]},"properties":{"name":"大牟田港","kind":"地方港湾","kind_code":"14","pref":"福岡県"}},{"type":"Feature","geometry":{"type":"Point","coordinates":[130.38738,33.00576]},"properties":{"name":"三池港","kind":"重要港湾","kind_code":"13","pref":"福岡県"}},{"type":"Feature","geometry":{"type":"Point","coordinates":[130.6568,33.90286]},"properties":{"name":"芦屋港","kind":"地方港湾","kind_code":"14","pref":"福岡県"}},{"type":"Feature","geometry":{"type":"Point","coordinates":[131.71303,33.27375]},"properties":{"name":"大分港","kind":"重要港湾","kind_code":"13","pref":"大分県"}},{"type":"Feature","geometry":{"type":"Point","coordinates":[131.87234,33.08808]},"properties":{"name":"津久見港","kind":"重要港湾","kind_code":"13","pref":"大分県"}},{"type":"Feature","geometry":{"type":"Point","coordinates":[131.50736,33.3077]},"properties":{"name":"別府港","kind":"重要港湾","kind_code":"13","pref":"大分県"}},{"type":"Feature","geometry":{"type":"Point","coordinates":[131.81544,33.12978]},"properties":{"name":"臼杵港","kind":"地方港湾","kind_code":"14","pref":"大分県"}},{"type":"Feature","geometry":{"type":"Point","coordinates":[131.41925,33.58185]},"properties":{"name":"高田港","kind":"地方港湾","kind_code":"14","pref":"大分県"}},{"type":"Feature","geometry":{"type":"Point","coordinates":[131.64966,33.71974]},"properties":{"name":"姫島港","kind":"地方港湾","kind_code":"14","pref":"大分県"}},{"type":"Feature","geometry":{"type":"Point","coordinates":[131.73844,33.566]},"properties":{"name":"国東港","kind":"地方港湾","kind_code":"14","pref":"大分県"}},{"type":"Feature","geometry":{"type":"Point","coordinates":[131.53209,33.36389]},"properties":{"name":"日出港","kind":"地方港湾","kind_code":"14","pref":"大分県"}},{"type":"Feature","geometry":{"type":"Point","coordinates":[131.86828,33.25243]},"properties":{"name":"佐賀関港","kind":"地方港湾","kind_code":"14","pref":"大分県"}},{"type":"Feature","geometry":{"type":"Point","coordinates":[131.91473,32.97788]},"properties":{"name":"佐伯港","kind":"重要港湾","kind_code":"13","pref":"大分県"}},{"type":"Feature","geometry":{"type":"Point","coordinates":[131.23548,33.62692]},"properties":{"name":"中津港","kind":"重要港湾","kind_code":"13","pref":"大分県"}},{"type":"Feature","geometry":{"type":"Point","coordinates":[131.87659,32.789]},"properties":{"name":"丸市尾港","kind":"地方港湾","kind_code":"14","pref":"大分県"}},{"type":"Feature","geometry":{"type":"Point","coordinates":[131.98279,32.91908]},"properties":{"name":"浦代港","kind":"地方港湾","kind_code":"14","pref":"大分県"}},{"type":"Feature","geometry":{"type":"Point","coordinates":[131.49267,33.64682]},"properties":{"name":"堅来港","kind":"地方港湾","kind_code":"14","pref":"大分県"}},{"type":"Feature","geometry":{"type":"Point","coordinates":[131.82557,33.16091]},"properties":{"name":"下ノ江港","kind":"地方港湾","kind_code":"14","pref":"大分県"}},{"type":"Feature","geometry":{"type":"Point","coordinates":[131.64848,33.40973]},"properties":{"name":"守江港","kind":"地方港湾","kind_code":"14","pref":"大分県"}},{"type":"Feature","geometry":{"type":"Point","coordinates":[131.48023,33.63574]},"properties":{"name":"臼野港","kind":"地方港湾","kind_code":"14","pref":"大分県"}},{"type":"Feature","geometry":{"type":"Point","coordinates":[131.55593,33.68641]},"properties":{"name":"小高島港","kind":"その他","kind_code":"15","pref":"大分県"}},{"type":"Feature","geometry":{"type":"Point","coordinates":[131.49959,33.65813]},"properties":{"name":"羽根港","kind":"地方港湾","kind_code":"14","pref":"大分県"}},{"type":"Feature","geometry":{"type":"Point","coordinates":[131.46985,33.61914]},"properties":{"name":"真玉港","kind":"その他","kind_code":"15","pref":"大分県"}},{"type":"Feature","geometry":{"type":"Point","coordinates":[129.9723,33.4705]},"properties":{"name":"唐津港","kind":"重要港湾","kind_code":"13","pref":"佐賀県"}},{"type":"Feature","geometry":{"type":"Point","coordinates":[129.82637,33.32097]},"properties":{"name":"伊万里港","kind":"重要港湾","kind_code":"13","pref":"佐賀県"}},{"type":"Feature","geometry":{"type":"Point","coordinates":[130.23323,33.17512]},"properties":{"name":"住ノ江港","kind":"地方港湾","kind_code":"14","pref":"佐賀県"}},{"type":"Feature","geometry":{"type":"Point","coordinates":[130.20905,32.98909]},"properties":{"name":"大浦港","kind":"地方港湾","kind_code":"14","pref":"佐賀県"}},{"type":"Feature","geometry":{"type":"Point","coordinates":[130.35934,33.2133]},"properties":{"name":"諸富港","kind":"地方港湾","kind_code":"14","pref":"佐賀県"}},{"type":"Feature","geometry":{"type":"Point","coordinates":[129.88402,33.54302]},"properties":{"name":"呼子港","kind":"地方港湾","kind_code":"14","pref":"佐賀県"}},{"type":"Feature","geometry":{"type":"Point","coordinates":[129.78772,33.44687]},"properties":{"name":"星賀港","kind":"地方港湾","kind_code":"14","pref":"佐賀県"}},{"type":"Feature","geometry":{"type":"Point","coordinates":[130.14486,33.08175]},"properties":{"name":"鹿島港","kind":"地方港湾","kind_code":"14","pref":"佐賀県"}},{"type":"Feature","geometry":{"type":"Point","coordinates":[129.83857,33.45385]},"properties":{"name":"仮屋港","kind":"地方港湾","kind_code":"14","pref":"佐賀県"}},{"type":"Feature","geometry":{"type":"Point","coordinates":[130.46165,32.6012]},"properties":{"name":"三角港","kind":"重要港湾","kind_code":"13","pref":"熊本県"}},{"type":"Feature","geometry":{"type":"Point","coordinates":[130.53725,32.5374]},"properties":{"name":"八代港","kind":"重要港湾","kind_code":"13","pref":"熊本県"}},{"type":"Feature","geometry":{"type":"Point","coordinates":[130.37127,32.19803]},"properties":{"name":"水俣港","kind":"地方港湾","kind_code":"14","pref":"熊本県"}},{"type":"Feature","geometry":{"type":"Point","coordinates":[130.47752,32.29795]},"properties":{"name":"佐敷港","kind":"地方港湾","kind_code":"14","pref":"熊本県"}},{"type":"Feature","geometry":{"type":"Point","coordinates":[130.21419,32.41913]},"properties":{"name":"大門港","kind":"地方港湾","kind_code":"14","pref":"熊本県"}},{"type":"Feature","geometry":{"type":"Point","coordinates":[130.43904,32.924]},"properties":{"name":"長洲港","kind":"地方港湾","kind_code":"14","pref":"熊本県"}},{"type":"Feature","geometry":{"type":"Point","coordinates":[130.0383,32.52272]},"properties":{"name":"富岡港","kind":"地方港湾","kind_code":"14","pref":"熊本県"}},{"type":"Feature","geometry":{"type":"Point","coordinates":[130.41494,32.43583]},"properties":{"name":"姫戸港","kind":"地方港湾","kind_code":"14","pref":"熊本県"}},{"type":"Feature","geometry":{"type":"Point","coordinates":[130.19044,32.54837]},"properties":{"name":"鬼池港","kind":"地方港湾","kind_code":"14","pref":"熊本県"}},{"type":"Feature","geometry":{"type":"Point","coordinates":[130.20619,32.4605]},"properties":{"name":"本渡港","kind":"地方港湾","kind_code":"14","pref":"熊本県"}},{"type":"Feature","geometry":{"type":"Point","coordinates":[130.59461,32.7995]},"properties":{"name":"百貫港","kind":"地方港湾","kind_code":"14","pref":"熊本県"}},{"type":"Feature","geometry":{"type":"Point","coordinates":[130.37514,32.52475]},"properties":{"name":"大浦港","kind":"地方港湾","kind_code":"14","pref":"熊本県"}},{"type":"Feature","geometry":{"type":"Point","coordinates":[129.99059,32.37923]},"properties":{"name":"高浜港","kind":"地方港湾","kind_code":"14","pref":"熊本県"}},{"type":"Feature","geometry":{"type":"Point","coordinates":[130.57543,32.83354]},"properties":{"name":"河内港","kind":"地方港湾","kind_code":"14","pref":"熊本県"}},{"type":"Feature","geometry":{"type":"Point","coordinates":[130.42569,32.51996]},"properties":{"name":"合津港","kind":"地方港湾","kind_code":"14","pref":"熊本県"}},{"type":"Feature","geometry":{"type":"Point","coordinates":[130.0714,32.52152]},"properties":{"name":"上津深江港","kind":"地方港湾","kind_code":"14","pref":"熊本県"}},{"type":"Feature","geometry":{"type":"Point","coordinates":[130.03577,32.4712]},"properties":{"name":"都呂々港","kind":"地方港湾","kind_code":"14","pref":"熊本県"}},{"type":"Feature","geometry":{"type":"Point","coordinates":[130.3208,32.51927]},"properties":{"name":"天草港","kind":"地方港湾","kind_code":"14","pref":"熊本県"}},{"type":"Feature","geometry":{"type":"Point","coordinates":[130.40553,32.39474]},"properties":{"name":"上天草港","kind":"地方港湾","kind_code":"14","pref":"熊本県"}},{"type":"Feature","geometry":{"type":"Point","coordinates":[130.55397,32.43489]},"properties":{"name":"日奈久港","kind":"地方港湾","kind_code":"14","pref":"熊本県"}},{"type":"Feature","geometry":{"type":"Point","coordinates":[130.42159,32.99062]},"properties":{"name":"荒尾港","kind":"地方港湾","kind_code":"14","pref":"熊本県"}},{"type":"Feature","geometry":{"type":"Point","coordinates":[130.03469,32.19427]},"properties":{"name":"牛深港","kind":"地方港湾","kind_code":"14","pref":"熊本県"}},{"type":"Feature","geometry":{"type":"Point","coordinates":[130.49003,32.35223]},"properties":{"name":"田浦港","kind":"地方港湾","kind_code":"14","pref":"熊本県"}},{"type":"Feature","geometry":{"type":"Point","coordinates":[130.57487,32.85712]},"properties":{"name":"呑崎港","kind":"地方港湾","kind_code":"14","pref":"熊本県"}},{"type":"Feature","geometry":{"type":"Point","coordinates":[130.61577,32.59078]},"properties":{"name":"鏡港","kind":"地方港湾","kind_code":"14","pref":"熊本県"}},{"type":"Feature","geometry":{"type":"Point","coordinates":[130.57072,32.76046]},"properties":{"name":"熊本港","kind":"重要港湾","kind_code":"13","pref":"熊本県"}},{"type":"Feature","geometry":{"type":"Point","coordinates":[131.67168,32.44744]},"properties":{"name":"細島港","kind":"重要港湾","kind_code":"13","pref":"宮崎県"}},{"type":"Feature","geometry":{"type":"Point","coordinates":[131.40374,31.56834]},"properties":{"name":"油津港","kind":"重要港湾","kind_code":"13","pref":"宮崎県"}},{"type":"Feature","geometry":{"type":"Point","coordinates":[131.47261,31.75523]},"properties":{"name":"内海港","kind":"地方港湾","kind_code":"14","pref":"宮崎県"}},{"type":"Feature","geometry":{"type":"Point","coordinates":[131.20477,31.44125]},"properties":{"name":"福島港","kind":"地方港湾","kind_code":"14","pref":"宮崎県"}},{"type":"Feature","geometry":{"type":"Point","coordinates":[131.37851,31.51007]},"properties":{"name":"外浦港","kind":"地方港湾","kind_code":"14","pref":"宮崎県"}},{"type":"Feature","geometry":{"type":"Point","coordinates":[131.7147,32.58407]},"properties":{"name":"延岡港","kind":"地方港湾","kind_code":"14","pref":"宮崎県"}},{"type":"Feature","geometry":{"type":"Point","coordinates":[131.61926,32.33157]},"properties":{"name":"美々津港","kind":"地方港湾","kind_code":"14","pref":"宮崎県"}},{"type":"Feature","geometry":{"type":"Point","coordinates":[131.82167,32.69124]},"properties":{"name":"古江港","kind":"地方港湾","kind_code":"14","pref":"宮崎県"}},{"type":"Feature","geometry":{"type":"Point","coordinates":[131.77934,32.66736]},"properties":{"name":"熊野江港","kind":"地方港湾","kind_code":"14","pref":"宮崎県"}},{"type":"Feature","geometry":{"type":"Point","coordinates":[131.40277,31.53273]},"properties":{"name":"大島港","kind":"地方港湾","kind_code":"14","pref":"宮崎県"}},{"type":"Feature","geometry":{"type":"Point","coordinates":[131.69516,32.52829]},"properties":{"name":"延岡新港","kind":"地方港湾","kind_code":"14","pref":"宮崎県"}},{"type":"Feature","geometry":{"type":"Point","coordinates":[131.63759,32.37324]},"properties":{"name":"平岩港","kind":"地方港湾","kind_code":"14","pref":"宮崎県"}},{"type":"Feature","geometry":{"type":"Point","coordinates":[131.47625,31.91076]},"properties":{"name":"宮崎港","kind":"重要港湾","kind_code":"13","pref":"宮崎県"}},{"type":"Feature","geometry":{"type":"Point","coordinates":[131.29276,31.38476]},"properties":{"name":"黒井港","kind":"地方港湾","kind_code":"14","pref":"宮崎県"}},{"type":"Feature","geometry":{"type":"Point","coordinates":[131.53788,32.12628]},"properties":{"name":"高鍋港","kind":"その他","kind_code":"15","pref":"宮崎県"}},{"type":"Feature","geometry":{"type":"Point","coordinates":[131.3456,31.4099]},"properties":{"name":"大納港","kind":"地方港湾","kind_code":"14","pref":"宮崎県"}},{"type":"Feature","geometry":{"type":"Point","coordinates":[130.55395,31.5266]},"properties":{"name":"鹿児島港","kind":"重要港湾","kind_code":"13","pref":"鹿児島県"}},{"type":"Feature","geometry":{"type":"Point","coordinates":[130.98404,30.73463]},"properties":{"name":"西之表港","kind":"重要港湾","kind_code":"13","pref":"鹿児島県"}},{"type":"Feature","geometry":{"type":"Point","coordinates":[129.50218,28.40056]},"properties":{"name":"名瀬港","kind":"重要港湾","kind_code":"13","pref":"鹿児島県"}},{"type":"Feature","geometry":{"type":"Point","coordinates":[130.68894,31.02144]},"properties":{"name":"大泊港","kind":"地方港湾","kind_code":"14","pref":"鹿児島県"}},{"type":"Feature","geometry":{"type":"Point","coordinates":[130.34171,32.13115]},"properties":{"name":"米之津港","kind":"地方港湾","kind_code":"14","pref":"鹿児島県"}},{"type":"Feature","geometry":{"type":"Point","coordinates":[130.22124,31.91107]},"properties":{"name":"西方港","kind":"地方港湾","kind_code":"14","pref":"鹿児島県"}},{"type":"Feature","geometry":{"type":"Point","coordinates":[130.17289,32.09288]},"properties":{"name":"黒之浜港","kind":"地方港湾","kind_code":"14","pref":"鹿児島県"}},{"type":"Feature","geometry":{"type":"Point","coordinates":[130.17033,32.10199]},"properties":{"name":"瀬戸港","kind":"地方港湾","kind_code":"14","pref":"鹿児島県"}},{"type":"Feature","geometry":{"type":"Point","coordinates":[130.11193,32.15569]},"properties":{"name":"指江港","kind":"地方港湾","kind_code":"14","pref":"鹿児島県"}},{"type":"Feature","geometry":{"type":"Point","coordinates":[130.57655,30.42898]},"properties":{"name":"宮之浦港","kind":"地方港湾","kind_code":"14","pref":"鹿児島県"}},{"type":"Feature","geometry":{"type":"Point","coordinates":[130.18833,31.85992]},"properties":{"name":"川内港","kind":"重要港湾","kind_code":"13","pref":"鹿児島県"}},{"type":"Feature","geometry":{"type":"Point","coordinates":[130.28865,31.44781]},"properties":{"name":"新川港","kind":"地方港湾","kind_code":"14","pref":"鹿児島県"}},{"type":"Feature","geometry":{"type":"Point","coordinates":[130.65319,31.23479]},"properties":{"name":"指宿港","kind":"地方港湾","kind_code":"14","pref":"鹿児島県"}},{"type":"Feature","geometry":{"type":"Point","coordinates":[130.62287,31.28037]},"properties":{"name":"宮ヶ浜港","kind":"地方港湾","kind_code":"14","pref":"鹿児島県"}},{"type":"Feature","geometry":{"type":"Point","coordinates":[130.6651,31.72739]},"properties":{"name":"加治木港","kind":"地方港湾","kind_code":"14","pref":"鹿児島県"}},{"type":"Feature","geometry":{"type":"Point","coordinates":[130.72667,31.71591]},"properties":{"name":"隼人港","kind":"地方港湾","kind_code":"14","pref":"鹿児島県"}},{"type":"Feature","geometry":{"type":"Point","coordinates":[130.81079,31.67871]},"properties":{"name":"福山港","kind":"地方港湾","kind_code":"14","pref":"鹿児島県"}},{"type":"Feature","geometry":{"type":"Point","coordinates":[130.69046,31.50012]},"properties":{"name":"垂水港","kind":"地方港湾","kind_code":"14","pref":"鹿児島県"}},{"type":"Feature","geometry":{"type":"Point","coordinates":[130.59754,31.59414]},"properties":{"name":"桜島港","kind":"地方港湾","kind_code":"14","pref":"鹿児島県"}},{"type":"Feature","geometry":{"type":"Point","coordinates":[130.7649,31.40538]},"properties":{"name":"鹿屋港","kind":"地方港湾","kind_code":"14","pref":"鹿児島県"}},{"type":"Feature","geometry":{"type":"Point","coordinates":[130.79285,31.35019]},"properties":{"name":"高須港","kind":"地方港湾","kind_code":"14","pref":"鹿児島県"}},{"type":"Feature","geometry":{"type":"Point","coordinates":[130.78773,31.25548]},"properties":{"name":"大根占港","kind":"地方港湾","kind_code":"14","pref":"鹿児島県"}},{"type":"Feature","geometry":{"type":"Point","coordinates":[130.75972,31.21821]},"properties":{"name":"根占港","kind":"地方港湾","kind_code":"14","pref":"鹿児島県"}},{"type":"Feature","geometry":{"type":"Point","coordinates":[131.04597,31.36518]},"properties":{"name":"波見港","kind":"地方港湾","kind_code":"14","pref":"鹿児島県"}},{"type":"Feature","geometry":{"type":"Point","coordinates":[131.1021,31.45809]},"properties":{"name":"志布志港","kind":"重要港湾","kind_code":"13","pref":"鹿児島県"}},{"type":"Feature","geometry":{"type":"Point","coordinates":[130.94642,30.60016]},"properties":{"name":"浜津脇港","kind":"地方港湾","kind_code":"14","pref":"鹿児島県"}},{"type":"Feature","geometry":{"type":"Point","coordinates":[130.86478,30.46795]},"properties":{"name":"島間港","kind":"地方港湾","kind_code":"14","pref":"鹿児島県"}},{"type":"Feature","geometry":{"type":"Point","coordinates":[131.06899,30.68999]},"properties":{"name":"田之脇港","kind":"地方港湾","kind_code":"14","pref":"鹿児島県"}},{"type":"Feature","geometry":{"type":"Point","coordinates":[130.66369,30.31479]},"properties":{"name":"安房港","kind":"地方港湾","kind_code":"14","pref":"鹿児島県"}},{"type":"Feature","geometry":{"type":"Point","coordinates":[130.19153,32.20009]},"properties":{"name":"宮之浦港","kind":"地方港湾","kind_code":"14","pref":"鹿児島県"}},{"type":"Feature","geometry":{"type":"Point","coordinates":[128.88902,27.81126]},"properties":{"name":"平土野港","kind":"地方港湾","kind_code":"14","pref":"鹿児島県"}},{"type":"Feature","geometry":{"type":"Point","coordinates":[129.93483,28.32869]},"properties":{"name":"湾港","kind":"地方港湾","kind_code":"14","pref":"鹿児島県"}},{"type":"Feature","geometry":{"type":"Point","coordinates":[129.02377,27.74069]},"properties":{"name":"亀徳港","kind":"地方港湾","kind_code":"14","pref":"鹿児島県"}},{"type":"Feature","geometry":{"type":"Point","coordinates":[128.66305,27.39773]},"properties":{"name":"和泊港","kind":"地方港湾","kind_code":"14","pref":"鹿児島県"}},{"type":"Feature","geometry":{"type":"Point","coordinates":[128.39447,27.04837]},"properties":{"name":"与論港","kind":"地方港湾","kind_code":"14","pref":"鹿児島県"}},{"type":"Feature","geometry":{"type":"Point","coordinates":[129.84858,29.83957]},"properties":{"name":"中之島港","kind":"地方港湾","kind_code":"14","pref":"鹿児島県"}},{"type":"Feature","geometry":{"type":"Point","coordinates":[129.3132,28.12704]},"properties":{"name":"古仁屋港","kind":"地方港湾","kind_code":"14","pref":"鹿児島県"}},{"type":"Feature","geometry":{"type":"Point","coordinates":[130.27891,30.77776]},"properties":{"name":"硫黄島港","kind":"地方港湾","kind_code":"14","pref":"鹿児島県"}},{"type":"Feature","geometry":{"type":"Point","coordinates":[130.42019,30.26599]},"properties":{"name":"栗生港","kind":"地方港湾","kind_code":"14","pref":"鹿児島県"}},{"type":"Feature","geometry":{"type":"Point","coordinates":[130.19607,31.98675]},"properties":{"name":"高之口港","kind":"地方港湾","kind_code":"14","pref":"鹿児島県"}},{"type":"Feature","geometry":{"type":"Point","coordinates":[130.18941,32.11315]},"properties":{"name":"大漉港","kind":"地方港湾","kind_code":"14","pref":"鹿児島県"}},{"type":"Feature","geometry":{"type":"Point","coordinates":[130.20192,32.12042]},"properties":{"name":"小漉港","kind":"地方港湾","kind_code":"14","pref":"鹿児島県"}},{"type":"Feature","geometry":{"type":"Point","coordinates":[130.21515,32.12507]},"properties":{"name":"八郷港","kind":"地方港湾","kind_code":"14","pref":"鹿児島県"}},{"type":"Feature","geometry":{"type":"Point","coordinates":[130.23183,32.29401]},"properties":{"name":"獅子島港","kind":"地方港湾","kind_code":"14","pref":"鹿児島県"}},{"type":"Feature","geometry":{"type":"Point","coordinates":[130.15464,32.20132]},"properties":{"name":"長島港","kind":"地方港湾","kind_code":"14","pref":"鹿児島県"}},{"type":"Feature","geometry":{"type":"Point","coordinates":[129.84115,31.86235]},"properties":{"name":"桑之浦港","kind":"地方港湾","kind_code":"14","pref":"鹿児島県"}},{"type":"Feature","geometry":{"type":"Point","coordinates":[129.86995,31.81903]},"properties":{"name":"江石港","kind":"地方港湾","kind_code":"14","pref":"鹿児島県"}},{"type":"Feature","geometry":{"type":"Point","coordinates":[130.19594,31.41025]},"properties":{"name":"小浦港","kind":"地方港湾","kind_code":"14","pref":"鹿児島県"}},{"type":"Feature","geometry":{"type":"Point","coordinates":[130.39175,31.25281]},"properties":{"name":"松ヶ浦港","kind":"地方港湾","kind_code":"14","pref":"鹿児島県"}},{"type":"Feature","geometry":{"type":"Point","coordinates":[130.36867,31.25246]},"properties":{"name":"西塩屋港","kind":"地方港湾","kind_code":"14","pref":"鹿児島県"}},{"type":"Feature","geometry":{"type":"Point","coordinates":[130.40316,31.25285]},"properties":{"name":"聖ヶ浦港","kind":"地方港湾","kind_code":"14","pref":"鹿児島県"}},{"type":"Feature","geometry":{"type":"Point","coordinates":[130.38379,31.25164]},"properties":{"name":"東塩屋港","kind":"地方港湾","kind_code":"14","pref":"鹿児島県"}},{"type":"Feature","geometry":{"type":"Point","coordinates":[130.20652,31.34625]},"properties":{"name":"平崎港","kind":"地方港湾","kind_code":"14","pref":"鹿児島県"}},{"type":"Feature","geometry":{"type":"Point","coordinates":[130.586,31.3042]},"properties":{"name":"瀬崎港","kind":"地方港湾","kind_code":"14","pref":"鹿児島県"}},{"type":"Feature","geometry":{"type":"Point","coordinates":[130.66792,31.26837]},"properties":{"name":"魚見港","kind":"地方港湾","kind_code":"14","pref":"鹿児島県"}},{"type":"Feature","geometry":{"type":"Point","coordinates":[130.41936,30.8176]},"properties":{"name":"竹島港","kind":"地方港湾","kind_code":"14","pref":"鹿児島県"}},{"type":"Feature","geometry":{"type":"Point","coordinates":[129.90706,30.8283]},"properties":{"name":"片泊港","kind":"地方港湾","kind_code":"14","pref":"鹿児島県"}},{"type":"Feature","geometry":{"type":"Point","coordinates":[129.95019,30.84353]},"properties":{"name":"大里港","kind":"地方港湾","kind_code":"14","pref":"鹿児島県"}},{"type":"Feature","geometry":{"type":"Point","coordinates":[129.52529,29.68863]},"properties":{"name":"前之浜港","kind":"地方港湾","kind_code":"14","pref":"鹿児島県"}},{"type":"Feature","geometry":{"type":"Point","coordinates":[129.69654,29.61041]},"properties":{"name":"元浦港","kind":"地方港湾","kind_code":"14","pref":"鹿児島県"}},{"type":"Feature","geometry":{"type":"Point","coordinates":[129.59397,29.45585]},"properties":{"name":"やすら浜港","kind":"地方港湾","kind_code":"14","pref":"鹿児島県"}},{"type":"Feature","geometry":{"type":"Point","coordinates":[129.53267,29.67931]},"properties":{"name":"南之浜港","kind":"地方港湾","kind_code":"14","pref":"鹿児島県"}},{"type":"Feature","geometry":{"type":"Point","coordinates":[130.7859,31.59883]},"properties":{"name":"浮津港","kind":"地方港湾","kind_code":"14","pref":"鹿児島県"}},{"type":"Feature","geometry":{"type":"Point","coordinates":[130.78616,31.58688]},"properties":{"name":"二川港","kind":"地方港湾","kind_code":"14","pref":"鹿児島県"}},{"type":"Feature","geometry":{"type":"Point","coordinates":[130.6179,31.5574]},"properties":{"name":"桜島港","kind":"地方港湾","kind_code":"14","pref":"鹿児島県"}},{"type":"Feature","geometry":{"type":"Point","coordinates":[130.75099,31.05983]},"properties":{"name":"浜尻港","kind":"地方港湾","kind_code":"14","pref":"鹿児島県"}},{"type":"Feature","geometry":{"type":"Point","coordinates":[130.98029,31.16359]},"properties":{"name":"内之浦辺塚港","kind":"地方港湾","kind_code":"14","pref":"鹿児島県"}},{"type":"Feature","geometry":{"type":"Point","coordinates":[130.92239,31.12177]},"properties":{"name":"大浦港","kind":"地方港湾","kind_code":"14","pref":"鹿児島県"}},{"type":"Feature","geometry":{"type":"Point","coordinates":[131.01778,31.22598]},"properties":{"name":"岸良港","kind":"地方港湾","kind_code":"14","pref":"鹿児島県"}},{"type":"Feature","geometry":{"type":"Point","coordinates":[131.03122,30.8204]},"properties":{"name":"大久保港","kind":"地方港湾","kind_code":"14","pref":"鹿児島県"}},{"type":"Feature","geometry":{"type":"Point","coordinates":[131.00765,30.77345]},"properties":{"name":"大崎港","kind":"地方港湾","kind_code":"14","pref":"鹿児島県"}},{"type":"Feature","geometry":{"type":"Point","coordinates":[131.05449,30.611]},"properties":{"name":"立山港","kind":"地方港湾","kind_code":"14","pref":"鹿児島県"}},{"type":"Feature","geometry":{"type":"Point","coordinates":[131.07421,30.77027]},"properties":{"name":"伊関港","kind":"地方港湾","kind_code":"14","pref":"鹿児島県"}},{"type":"Feature","geometry":{"type":"Point","coordinates":[131.06314,30.68301]},"properties":{"name":"浅川港","kind":"地方港湾","kind_code":"14","pref":"鹿児島県"}},{"type":"Feature","geometry":{"type":"Point","coordinates":[130.84958,30.75845]},"properties":{"name":"王籠港","kind":"地方港湾","kind_code":"14","pref":"鹿児島県"}},{"type":"Feature","geometry":{"type":"Point","coordinates":[131.01951,30.80104]},"properties":{"name":"上ノ古田港","kind":"地方港湾","kind_code":"14","pref":"鹿児島県"}},{"type":"Feature","geometry":{"type":"Point","coordinates":[130.85452,30.76498]},"properties":{"name":"馬毛島岬港","kind":"地方港湾","kind_code":"14","pref":"鹿児島県"}},{"type":"Feature","geometry":{"type":"Point","coordinates":[130.83809,30.72606]},"properties":{"name":"椎ノ木港","kind":"地方港湾","kind_code":"14","pref":"鹿児島県"}},{"type":"Feature","geometry":{"type":"Point","coordinates":[130.88971,30.49192]},"properties":{"name":"屋久津港","kind":"地方港湾","kind_code":"14","pref":"鹿児島県"}},{"type":"Feature","geometry":{"type":"Point","coordinates":[131.00382,30.54751]},"properties":{"name":"増田港","kind":"地方港湾","kind_code":"14","pref":"鹿児島県"}},{"type":"Feature","geometry":{"type":"Point","coordinates":[130.94985,30.62877]},"properties":{"name":"牧川港","kind":"地方港湾","kind_code":"14","pref":"鹿児島県"}},{"type":"Feature","geometry":{"type":"Point","coordinates":[131.0298,30.56225]},"properties":{"name":"大塩屋港","kind":"地方港湾","kind_code":"14","pref":"鹿児島県"}},{"type":"Feature","geometry":{"type":"Point","coordinates":[130.9704,30.42118]},"properties":{"name":"広田港","kind":"地方港湾","kind_code":"14","pref":"鹿児島県"}},{"type":"Feature","geometry":{"type":"Point","coordinates":[130.85837,30.36269]},"properties":{"name":"田尻港","kind":"地方港湾","kind_code":"14","pref":"鹿児島県"}},{"type":"Feature","geometry":{"type":"Point","coordinates":[130.87663,30.34342]},"properties":{"name":"門倉港","kind":"地方港湾","kind_code":"14","pref":"鹿児島県"}},{"type":"Feature","geometry":{"type":"Point","coordinates":[130.5986,30.41444]},"properties":{"name":"楠川港","kind":"地方港湾","kind_code":"14","pref":"鹿児島県"}},{"type":"Feature","geometry":{"type":"Point","coordinates":[130.6212,30.40633]},"properties":{"name":"椨川港","kind":"地方港湾","kind_code":"14","pref":"鹿児島県"}},{"type":"Feature","geometry":{"type":"Point","coordinates":[130.25173,30.45503]},"properties":{"name":"湯向港","kind":"地方港湾","kind_code":"14","pref":"鹿児島県"}},{"type":"Feature","geometry":{"type":"Point","coordinates":[130.17004,30.48541]},"properties":{"name":"岩屋泊港","kind":"地方港湾","kind_code":"14","pref":"鹿児島県"}},{"type":"Feature","geometry":{"type":"Point","coordinates":[130.42061,30.39986]},"properties":{"name":"上屋久永田港","kind":"地方港湾","kind_code":"14","pref":"鹿児島県"}},{"type":"Feature","geometry":{"type":"Point","coordinates":[130.55281,30.23298]},"properties":{"name":"屋之間港","kind":"地方港湾","kind_code":"14","pref":"鹿児島県"}},{"type":"Feature","geometry":{"type":"Point","coordinates":[130.53258,30.23169]},"properties":{"name":"小島港","kind":"地方港湾","kind_code":"14","pref":"鹿児島県"}},{"type":"Feature","geometry":{"type":"Point","coordinates":[130.47457,30.23259]},"properties":{"name":"湯泊港","kind":"地方港湾","kind_code":"14","pref":"鹿児島県"}},{"type":"Feature","geometry":{"type":"Point","coordinates":[130.42969,30.25406]},"properties":{"name":"中間港","kind":"地方港湾","kind_code":"14","pref":"鹿児島県"}},{"type":"Feature","geometry":{"type":"Point","coordinates":[130.59156,30.24764]},"properties":{"name":"鯛ノ川港","kind":"地方港湾","kind_code":"14","pref":"鹿児島県"}},{"type":"Feature","geometry":{"type":"Point","coordinates":[129.66403,28.46125]},"properties":{"name":"赤木名港","kind":"地方港湾","kind_code":"14","pref":"鹿児島県"}},{"type":"Feature","geometry":{"type":"Point","coordinates":[129.6972,28.48871]},"properties":{"name":"大笠利港","kind":"地方港湾","kind_code":"14","pref":"鹿児島県"}},{"type":"Feature","geometry":{"type":"Point","coordinates":[129.65534,28.5024]},"properties":{"name":"屋仁港","kind":"地方港湾","kind_code":"14","pref":"鹿児島県"}},{"type":"Feature","geometry":{"type":"Point","coordinates":[129.39976,28.37096]},"properties":{"name":"大和港","kind":"地方港湾","kind_code":"14","pref":"鹿児島県"}},{"type":"Feature","geometry":{"type":"Point","coordinates":[129.29174,28.2795]},"properties":{"name":"湯湾港","kind":"地方港湾","kind_code":"14","pref":"鹿児島県"}},{"type":"Feature","geometry":{"type":"Point","coordinates":[129.24738,28.256]},"properties":{"name":"名柄港","kind":"地方港湾","kind_code":"14","pref":"鹿児島県"}},{"type":"Feature","geometry":{"type":"Point","coordinates":[129.17095,28.04482]},"properties":{"name":"与路港","kind":"地方港湾","kind_code":"14","pref":"鹿児島県"}},{"type":"Feature","geometry":{"type":"Point","coordinates":[129.25187,28.13264]},"properties":{"name":"加計呂麻港","kind":"地方港湾","kind_code":"14","pref":"鹿児島県"}},{"type":"Feature","geometry":{"type":"Point","coordinates":[129.28858,28.21937]},"properties":{"name":"篠川港","kind":"地方港湾","kind_code":"14","pref":"鹿児島県"}},{"type":"Feature","geometry":{"type":"Point","coordinates":[129.25676,28.0359]},"properties":{"name":"請島港","kind":"地方港湾","kind_code":"14","pref":"鹿児島県"}},{"type":"Feature","geometry":{"type":"Point","coordinates":[129.58521,28.3627]},"properties":{"name":"戸口港","kind":"地方港湾","kind_code":"14","pref":"鹿児島県"}},{"type":"Feature","geometry":{"type":"Point","coordinates":[129.4312,28.24308]},"properties":{"name":"山間港","kind":"地方港湾","kind_code":"14","pref":"鹿児島県"}},{"type":"Feature","geometry":{"type":"Point","coordinates":[128.98768,27.80595]},"properties":{"name":"母間港","kind":"地方港湾","kind_code":"14","pref":"鹿児島県"}},{"type":"Feature","geometry":{"type":"Point","coordinates":[128.91735,27.69232]},"properties":{"name":"鹿浦港","kind":"地方港湾","kind_code":"14","pref":"鹿児島県"}},{"type":"Feature","geometry":{"type":"Point","coordinates":[128.96664,27.67001]},"properties":{"name":"面縄港","kind":"地方港湾","kind_code":"14","pref":"鹿児島県"}},{"type":"Feature","geometry":{"type":"Point","coordinates":[129.93477,28.28321]},"properties":{"name":"喜界島港","kind":"地方港湾","kind_code":"14","pref":"鹿児島県"}},{"type":"Feature","geometry":{"type":"Point","coordinates":[128.64026,27.41812]},"properties":{"name":"伊延港","kind":"地方港湾","kind_code":"14","pref":"鹿児島県"}},{"type":"Feature","geometry":{"type":"Point","coordinates":[129.74049,31.7015]},"properties":{"name":"長浜港","kind":"地方港湾","kind_code":"14","pref":"鹿児島県"}},{"type":"Feature","geometry":{"type":"Point","coordinates":[130.21493,32.27749]},"properties":{"name":"片側港","kind":"地方港湾","kind_code":"14","pref":"鹿児島県"}},{"type":"Feature","geometry":{"type":"Point","coordinates":[128.52658,27.35836]},"properties":{"name":"住吉港","kind":"地方港湾","kind_code":"14","pref":"鹿児島県"}},{"type":"Feature","geometry":{"type":"Point","coordinates":[129.9076,31.85006]},"properties":{"name":"里港","kind":"地方港湾","kind_code":"14","pref":"鹿児島県"}},{"type":"Feature","geometry":{"type":"Point","coordinates":[130.54164,31.39492]},"properties":{"name":"喜入港","kind":"地方港湾","kind_code":"14","pref":"鹿児島県"}},{"type":"Feature","geometry":{"type":"Point","coordinates":[129.6185,28.46]},"properties":{"name":"竜郷港","kind":"地方港湾","kind_code":"14","pref":"鹿児島県"}},{"type":"Feature","geometry":{"type":"Point","coordinates":[129.71255,29.61116]},"properties":{"name":"切石港","kind":"地方港湾","kind_code":"14","pref":"鹿児島県"}},{"type":"Feature","geometry":{"type":"Point","coordinates":[129.20636,29.15784]},"properties":{"name":"宝島港","kind":"地方港湾","kind_code":"14","pref":"鹿児島県"}},{"type":"Feature","geometry":{"type":"Point","coordinates":[129.32214,29.21937]},"properties":{"name":"小宝島港","kind":"地方港湾","kind_code":"14","pref":"鹿児島県"}},{"type":"Feature","geometry":{"type":"Point","coordinates":[130.50159,30.45491]},"properties":{"name":"上屋久元浦港","kind":"地方港湾","kind_code":"14","pref":"鹿児島県"}},{"type":"Feature","geometry":{"type":"Point","coordinates":[130.23725,31.72475]},"properties":{"name":"串木野新港","kind":"地方港湾","kind_code":"14","pref":"鹿児島県"}},{"type":"Feature","geometry":{"type":"Point","coordinates":[129.70554,28.42131]},"properties":{"name":"和野港","kind":"地方港湾","kind_code":"14","pref":"鹿児島県"}},{"type":"Feature","geometry":{"type":"Point","coordinates":[129.19648,28.22658]},"properties":{"name":"管鈍港","kind":"地方港湾","kind_code":"14","pref":"鹿児島県"}},{"type":"Feature","geometry":{"type":"Point","coordinates":[129.5833,28.46862]},"properties":{"name":"円港","kind":"地方港湾","kind_code":"14","pref":"鹿児島県"}},{"type":"Feature","geometry":{"type":"Point","coordinates":[129.62155,28.42121]},"properties":{"name":"芦徳港","kind":"地方港湾","kind_code":"14","pref":"鹿児島県"}},{"type":"Feature","geometry":{"type":"Point","coordinates":[128.45541,27.04501]},"properties":{"name":"百合ヶ浜港","kind":"地方港湾","kind_code":"14","pref":"鹿児島県"}},{"type":"Feature","geometry":{"type":"Point","coordinates":[129.44646,28.38301]},"properties":{"name":"知名瀬港","kind":"地方港湾","kind_code":"14","pref":"鹿児島県"}},{"type":"Feature","geometry":{"type":"Point","coordinates":[129.89833,29.84167]},"properties":{"name":"七ツ山港","kind":"地方港湾","kind_code":"14","pref":"鹿児島県"}},{"type":"Feature","geometry":{"type":"Point","coordinates":[129.53905,29.68946]},"properties":{"name":"東之浜港","kind":"地方港湾","kind_code":"14","pref":"鹿児島県"}},{"type":"Feature","geometry":{"type":"Point","coordinates":[133.42069,34.39642]},"properties":{"name":"福山港","kind":"重要港湾","kind_code":"13","pref":"広島県"}},{"type":"Feature","geometry":{"type":"Point","coordinates":[133.18607,34.39849]},"properties":{"name":"尾道糸崎港","kind":"重要港湾","kind_code":"13","pref":"広島県"}},{"type":"Feature","geometry":{"type":"Point","coordinates":[132.41828,34.33642]},"properties":{"name":"広島港","kind":"国際拠点港湾","kind_code":"12","pref":"広島県"}},{"type":"Feature","geometry":{"type":"Point","coordinates":[132.53788,34.23603]},"properties":{"name":"呉港","kind":"重要港湾","kind_code":"13","pref":"広島県"}},{"type":"Feature","geometry":{"type":"Point","coordinates":[133.29079,34.36208]},"properties":{"name":"横田港","kind":"地方港湾","kind_code":"14","pref":"広島県"}},{"type":"Feature","geometry":{"type":"Point","coordinates":[133.18295,34.34406]},"properties":{"name":"中浜港","kind":"地方港湾","kind_code":"14","pref":"広島県"}},{"type":"Feature","geometry":{"type":"Point","coordinates":[133.09369,34.31888]},"properties":{"name":"瀬戸田港","kind":"地方港湾","kind_code":"14","pref":"広島県"}},{"type":"Feature","geometry":{"type":"Point","coordinates":[133.143,34.35375]},"properties":{"name":"重井港","kind":"地方港湾","kind_code":"14","pref":"広島県"}},{"type":"Feature","geometry":{"type":"Point","coordinates":[133.19118,34.27415]},"properties":{"name":"土生港","kind":"地方港湾","kind_code":"14","pref":"広島県"}},{"type":"Feature","geometry":{"type":"Point","coordinates":[132.87949,34.25981]},"properties":{"name":"大西港","kind":"地方港湾","kind_code":"14","pref":"広島県"}},{"type":"Feature","geometry":{"type":"Point","coordinates":[132.99498,34.33425]},"properties":{"name":"忠海港","kind":"地方港湾","kind_code":"14","pref":"広島県"}},{"type":"Feature","geometry":{"type":"Point","coordinates":[132.9119,34.32375]},"properties":{"name":"竹原港","kind":"地方港湾","kind_code":"14","pref":"広島県"}},{"type":"Feature","geometry":{"type":"Point","coordinates":[132.91959,34.23226]},"properties":{"name":"木江港","kind":"地方港湾","kind_code":"14","pref":"広島県"}},{"type":"Feature","geometry":{"type":"Point","coordinates":[132.91124,34.28015]},"properties":{"name":"鮴崎港","kind":"地方港湾","kind_code":"14","pref":"広島県"}},{"type":"Feature","geometry":{"type":"Point","coordinates":[132.84125,34.19443]},"properties":{"name":"御手洗港","kind":"地方港湾","kind_code":"14","pref":"広島県"}},{"type":"Feature","geometry":{"type":"Point","coordinates":[132.81684,34.31047]},"properties":{"name":"安芸津港","kind":"地方港湾","kind_code":"14","pref":"広島県"}},{"type":"Feature","geometry":{"type":"Point","coordinates":[132.71772,34.2056]},"properties":{"name":"蒲刈港","kind":"地方港湾","kind_code":"14","pref":"広島県"}},{"type":"Feature","geometry":{"type":"Point","coordinates":[132.69359,34.22748]},"properties":{"name":"川尻港","kind":"地方港湾","kind_code":"14","pref":"広島県"}},{"type":"Feature","geometry":{"type":"Point","coordinates":[132.4954,34.13647]},"properties":{"name":"釣士田港","kind":"地方港湾","kind_code":"14","pref":"広島県"}},{"type":"Feature","geometry":{"type":"Point","coordinates":[132.48129,34.17315]},"properties":{"name":"大柿港","kind":"地方港湾","kind_code":"14","pref":"広島県"}},{"type":"Feature","geometry":{"type":"Point","coordinates":[132.44121,34.18247]},"properties":{"name":"鹿川港","kind":"地方港湾","kind_code":"14","pref":"広島県"}},{"type":"Feature","geometry":{"type":"Point","coordinates":[132.32349,34.3068]},"properties":{"name":"厳島港","kind":"地方港湾","kind_code":"14","pref":"広島県"}},{"type":"Feature","geometry":{"type":"Point","coordinates":[132.23873,34.23437]},"properties":{"name":"大竹港","kind":"地方港湾","kind_code":"14","pref":"広島県"}},{"type":"Feature","geometry":{"type":"Point","coordinates":[133.30933,34.3801]},"properties":{"name":"千年港","kind":"地方港湾","kind_code":"14","pref":"広島県"}},{"type":"Feature","geometry":{"type":"Point","coordinates":[133.12488,34.35087]},"properties":{"name":"佐木港","kind":"地方港湾","kind_code":"14","pref":"広島県"}},{"type":"Feature","geometry":{"type":"Point","coordinates":[132.44234,34.22907]},"properties":{"name":"中田港","kind":"地方港湾","kind_code":"14","pref":"広島県"}},{"type":"Feature","geometry":{"type":"Point","coordinates":[132.50269,34.26652]},"properties":{"name":"小用港","kind":"地方港湾","kind_code":"14","pref":"広島県"}},{"type":"Feature","geometry":{"type":"Point","coordinates":[133.1247,34.27526]},"properties":{"name":"生口港","kind":"地方港湾","kind_code":"14","pref":"広島県"}},{"type":"Feature","geometry":{"type":"Point","coordinates":[132.40588,34.26067]},"properties":{"name":"三高港","kind":"地方港湾","kind_code":"14","pref":"広島県"}},{"type":"Feature","geometry":{"type":"Point","coordinates":[133.08543,34.36137]},"properties":{"name":"須波港","kind":"地方港湾","kind_code":"14","pref":"広島県"}},{"type":"Feature","geometry":{"type":"Point","coordinates":[132.47622,34.23416]},"properties":{"name":"鷲部矢の浦港","kind":"地方港湾","kind_code":"14","pref":"広島県"}},{"type":"Feature","geometry":{"type":"Point","coordinates":[132.43447,34.28665]},"properties":{"name":"大須港","kind":"地方港湾","kind_code":"14","pref":"広島県"}},{"type":"Feature","geometry":{"type":"Point","coordinates":[132.44845,34.2463]},"properties":{"name":"津久茂港","kind":"地方港湾","kind_code":"14","pref":"広島県"}},{"type":"Feature","geometry":{"type":"Point","coordinates":[133.3462,34.37401]},"properties":{"name":"阿伏兎港","kind":"地方港湾","kind_code":"14","pref":"広島県"}},{"type":"Feature","geometry":{"type":"Point","coordinates":[132.57331,34.11231]},"properties":{"name":"大迫港","kind":"地方港湾","kind_code":"14","pref":"広島県"}},{"type":"Feature","geometry":{"type":"Point","coordinates":[132.5433,34.11316]},"properties":{"name":"袋の内港","kind":"地方港湾","kind_code":"14","pref":"広島県"}},{"type":"Feature","geometry":{"type":"Point","coordinates":[132.52774,34.16096]},"properties":{"name":"奥の内港","kind":"地方港湾","kind_code":"14","pref":"広島県"}},{"type":"Feature","geometry":{"type":"Point","coordinates":[132.55545,34.18259]},"properties":{"name":"波多見港","kind":"地方港湾","kind_code":"14","pref":"広島県"}},{"type":"Feature","geometry":{"type":"Point","coordinates":[132.68235,34.20977]},"properties":{"name":"吉悪港","kind":"地方港湾","kind_code":"14","pref":"広島県"}},{"type":"Feature","geometry":{"type":"Point","coordinates":[132.71458,34.23894]},"properties":{"name":"小用港","kind":"地方港湾","kind_code":"14","pref":"広島県"}},{"type":"Feature","geometry":{"type":"Point","coordinates":[133.26921,34.3868]},"properties":{"name":"福田港","kind":"地方港湾","kind_code":"14","pref":"広島県"}},{"type":"Feature","geometry":{"type":"Point","coordinates":[133.20541,34.32151]},"properties":{"name":"椋浦港","kind":"地方港湾","kind_code":"14","pref":"広島県"}},{"type":"Feature","geometry":{"type":"Point","coordinates":[132.38624,34.23056]},"properties":{"name":"鹿田港","kind":"地方港湾","kind_code":"14","pref":"広島県"}},{"type":"Feature","geometry":{"type":"Point","coordinates":[132.47096,34.20942]},"properties":{"name":"内海港","kind":"地方港湾","kind_code":"14","pref":"広島県"}},{"type":"Feature","geometry":{"type":"Point","coordinates":[131.77999,34.00395]},"properties":{"name":"徳山下松港","kind":"国際拠点港湾","kind_code":"12","pref":"山口県"}},{"type":"Feature","geometry":{"type":"Point","coordinates":[132.26322,34.12483]},"properties":{"name":"岩国港","kind":"重要港湾","kind_code":"13","pref":"山口県"}},{"type":"Feature","geometry":{"type":"Point","coordinates":[131.54679,33.98653]},"properties":{"name":"三田尻中関港","kind":"重要港湾","kind_code":"13","pref":"山口県"}},{"type":"Feature","geometry":{"type":"Point","coordinates":[132.13265,33.9482]},"properties":{"name":"柳井港","kind":"地方港湾","kind_code":"14","pref":"山口県"}},{"type":"Feature","geometry":{"type":"Point","coordinates":[132.26226,33.95406]},"properties":{"name":"久賀港","kind":"地方港湾","kind_code":"14","pref":"山口県"}},{"type":"Feature","geometry":{"type":"Point","coordinates":[132.18439,33.93699]},"properties":{"name":"小松港","kind":"地方港湾","kind_code":"14","pref":"山口県"}},{"type":"Feature","geometry":{"type":"Point","coordinates":[132.11691,33.83858]},"properties":{"name":"室津港","kind":"地方港湾","kind_code":"14","pref":"山口県"}},{"type":"Feature","geometry":{"type":"Point","coordinates":[132.2235,34.04609]},"properties":{"name":"由宇港","kind":"地方港湾","kind_code":"14","pref":"山口県"}},{"type":"Feature","geometry":{"type":"Point","coordinates":[132.17685,33.95996]},"properties":{"name":"大畠港","kind":"地方港湾","kind_code":"14","pref":"山口県"}},{"type":"Feature","geometry":{"type":"Point","coordinates":[132.44701,33.94646]},"properties":{"name":"伊保田港","kind":"地方港湾","kind_code":"14","pref":"山口県"}},{"type":"Feature","geometry":{"type":"Point","coordinates":[131.39085,34.011]},"properties":{"name":"山口港","kind":"地方港湾","kind_code":"14","pref":"山口県"}},{"type":"Feature","geometry":{"type":"Point","coordinates":[132.04807,33.90583]},"properties":{"name":"平生港","kind":"地方港湾","kind_code":"14","pref":"山口県"}},{"type":"Feature","geometry":{"type":"Point","coordinates":[131.4213,34.00132]},"properties":{"name":"秋穂港","kind":"地方港湾","kind_code":"14","pref":"山口県"}},{"type":"Feature","geometry":{"type":"Point","coordinates":[131.46501,34.00293]},"properties":{"name":"青江港","kind":"地方港湾","kind_code":"14","pref":"山口県"}},{"type":"Feature","geometry":{"type":"Point","coordinates":[132.42269,34.02621]},"properties":{"name":"柱島港","kind":"地方港湾","kind_code":"14","pref":"山口県"}},{"type":"Feature","geometry":{"type":"Point","coordinates":[132.33924,33.90729]},"properties":{"name":"白木港","kind":"地方港湾","kind_code":"14","pref":"山口県"}},{"type":"Feature","geometry":{"type":"Point","coordinates":[132.30754,33.92258]},"properties":{"name":"日良居港","kind":"その他","kind_code":"15","pref":"山口県"}},{"type":"Feature","geometry":{"type":"Point","coordinates":[132.32014,33.9056]},"properties":{"name":"油良港","kind":"その他","kind_code":"15","pref":"山口県"}},{"type":"Feature","geometry":{"type":"Point","coordinates":[132.16975,33.94557]},"properties":{"name":"笠佐港","kind":"その他","kind_code":"15","pref":"山口県"}},{"type":"Feature","geometry":{"type":"Point","coordinates":[132.24682,33.87257]},"properties":{"name":"沖浦港","kind":"地方港湾","kind_code":"14","pref":"山口県"}},{"type":"Feature","geometry":{"type":"Point","coordinates":[132.27806,33.88786]},"properties":{"name":"安下庄港","kind":"地方港湾","kind_code":"14","pref":"山口県"}},{"type":"Feature","geometry":{"type":"Point","coordinates":[132.19396,33.8794]},"properties":{"name":"沖浦西港","kind":"その他","kind_code":"15","pref":"山口県"}},{"type":"Feature","geometry":{"type":"Point","coordinates":[131.40608,33.99269]},"properties":{"name":"山口東港","kind":"地方港湾","kind_code":"14","pref":"山口県"}},{"type":"Feature","geometry":{"type":"Point","coordinates":[130.97514,33.97474]},"properties":{"name":"下関港","kind":"国際拠点港湾","kind_code":"12","pref":"山口県"}},{"type":"Feature","geometry":{"type":"Point","coordinates":[131.22711,33.91412]},"properties":{"name":"宇部港","kind":"重要港湾","kind_code":"13","pref":"山口県"}},{"type":"Feature","geometry":{"type":"Point","coordinates":[131.14524,33.94986]},"properties":{"name":"小野田港","kind":"重要港湾","kind_code":"13","pref":"山口県"}},{"type":"Feature","geometry":{"type":"Point","coordinates":[131.14556,34.00198]},"properties":{"name":"厚狭港","kind":"地方港湾","kind_code":"14","pref":"山口県"}},{"type":"Feature","geometry":{"type":"Point","coordinates":[130.89403,34.31744]},"properties":{"name":"特牛港","kind":"地方港湾","kind_code":"14","pref":"山口県"}},{"type":"Feature","geometry":{"type":"Point","coordinates":[131.40149,34.43588]},"properties":{"name":"萩港","kind":"地方港湾","kind_code":"14","pref":"山口県"}},{"type":"Feature","geometry":{"type":"Point","coordinates":[130.8623,34.35107]},"properties":{"name":"角島港","kind":"地方港湾","kind_code":"14","pref":"山口県"}},{"type":"Feature","geometry":{"type":"Point","coordinates":[130.97259,34.38041]},"properties":{"name":"油谷港","kind":"地方港湾","kind_code":"14","pref":"山口県"}},{"type":"Feature","geometry":{"type":"Point","coordinates":[131.35434,33.98006]},"properties":{"name":"丸尾港","kind":"地方港湾","kind_code":"14","pref":"山口県"}},{"type":"Feature","geometry":{"type":"Point","coordinates":[131.08963,34.01021]},"properties":{"name":"埴生港","kind":"その他","kind_code":"15","pref":"山口県"}},{"type":"Feature","geometry":{"type":"Point","coordinates":[130.9135,34.17595]},"properties":{"name":"小串港","kind":"その他","kind_code":"15","pref":"山口県"}},{"type":"Feature","geometry":{"type":"Point","coordinates":[131.22373,34.4025]},"properties":{"name":"仙崎港","kind":"その他","kind_code":"15","pref":"山口県"}},{"type":"Feature","geometry":{"type":"Point","coordinates":[131.17107,34.38783]},"properties":{"name":"深川港","kind":"その他","kind_code":"15","pref":"山口県"}},{"type":"Feature","geometry":{"type":"Point","coordinates":[131.30215,34.3857]},"properties":{"name":"飯井港","kind":"その他","kind_code":"15","pref":"山口県"}},{"type":"Feature","geometry":{"type":"Point","coordinates":[131.34198,34.49748]},"properties":{"name":"尾島港","kind":"その他","kind_code":"15","pref":"山口県"}},{"type":"Feature","geometry":{"type":"Point","coordinates":[131.3872,34.51171]},"properties":{"name":"櫃島港","kind":"地方港湾","kind_code":"14","pref":"山口県"}},{"type":"Feature","geometry":{"type":"Point","coordinates":[131.37979,34.46162]},"properties":{"name":"羽島港","kind":"その他","kind_code":"15","pref":"山口県"}},{"type":"Feature","geometry":{"type":"Point","coordinates":[131.28251,34.50021]},"properties":{"name":"相島港","kind":"その他","kind_code":"15","pref":"山口県"}},{"type":"Feature","geometry":{"type":"Point","coordinates":[131.51927,34.55493]},"properties":{"name":"田部港","kind":"その他","kind_code":"15","pref":"山口県"}},{"type":"Feature","geometry":{"type":"Point","coordinates":[131.59526,34.63013]},"properties":{"name":"須佐港","kind":"その他","kind_code":"15","pref":"山口県"}},{"type":"Feature","geometry":{"type":"Point","coordinates":[131.37861,34.48068]},"properties":{"name":"肥島港","kind":"その他","kind_code":"15","pref":"山口県"}},{"type":"Feature","geometry":{"type":"Point","coordinates":[132.04187,34.88733]},"properties":{"name":"浜田港","kind":"重要港湾","kind_code":"13","pref":"島根県"}},{"type":"Feature","geometry":{"type":"Point","coordinates":[133.3426,36.21002]},"properties":{"name":"西郷港","kind":"重要港湾","kind_code":"13","pref":"島根県"}},{"type":"Feature","geometry":{"type":"Point","coordinates":[131.81646,34.69847]},"properties":{"name":"益田港","kind":"地方港湾","kind_code":"14","pref":"島根県"}},{"type":"Feature","geometry":{"type":"Point","coordinates":[132.49777,35.23308]},"properties":{"name":"久手港","kind":"地方港湾","kind_code":"14","pref":"島根県"}},{"type":"Feature","geometry":{"type":"Point","coordinates":[132.74205,35.45209]},"properties":{"name":"河下港","kind":"地方港湾","kind_code":"14","pref":"島根県"}},{"type":"Feature","geometry":{"type":"Point","coordinates":[132.21675,35.02302]},"properties":{"name":"江津港","kind":"地方港湾","kind_code":"14","pref":"島根県"}},{"type":"Feature","geometry":{"type":"Point","coordinates":[133.23976,35.57478]},"properties":{"name":"七類港","kind":"地方港湾","kind_code":"14","pref":"島根県"}},{"type":"Feature","geometry":{"type":"Point","coordinates":[132.58479,35.2777]},"properties":{"name":"田儀港","kind":"地方港湾","kind_code":"14","pref":"島根県"}},{"type":"Feature","geometry":{"type":"Point","coordinates":[133.12096,36.0728]},"properties":{"name":"知々井港","kind":"地方港湾","kind_code":"14","pref":"島根県"}},{"type":"Feature","geometry":{"type":"Point","coordinates":[133.04505,36.10278]},"properties":{"name":"別府港","kind":"地方港湾","kind_code":"14","pref":"島根県"}},{"type":"Feature","geometry":{"type":"Point","coordinates":[133.0409,36.02805]},"properties":{"name":"来居港","kind":"地方港湾","kind_code":"14","pref":"島根県"}},{"type":"Feature","geometry":{"type":"Point","coordinates":[132.61434,35.28239]},"properties":{"name":"小田東港","kind":"地方港湾","kind_code":"14","pref":"島根県"}},{"type":"Feature","geometry":{"type":"Point","coordinates":[133.20734,36.20768]},"properties":{"name":"大津久港","kind":"地方港湾","kind_code":"14","pref":"島根県"}},{"type":"Feature","geometry":{"type":"Point","coordinates":[133.34048,36.30815]},"properties":{"name":"飯美港","kind":"地方港湾","kind_code":"14","pref":"島根県"}},{"type":"Feature","geometry":{"type":"Point","coordinates":[133.36473,36.28048]},"properties":{"name":"卯敷港","kind":"地方港湾","kind_code":"14","pref":"島根県"}},{"type":"Feature","geometry":{"type":"Point","coordinates":[132.53534,35.25485]},"properties":{"name":"灘山港","kind":"地方港湾","kind_code":"14","pref":"島根県"}},{"type":"Feature","geometry":{"type":"Point","coordinates":[132.55078,35.26082]},"properties":{"name":"山谷港","kind":"地方港湾","kind_code":"14","pref":"島根県"}},{"type":"Feature","geometry":{"type":"Point","coordinates":[132.56996,35.26988]},"properties":{"name":"島津屋港","kind":"地方港湾","kind_code":"14","pref":"島根県"}},{"type":"Feature","geometry":{"type":"Point","coordinates":[132.4539,35.20576]},"properties":{"name":"魚津港","kind":"地方港湾","kind_code":"14","pref":"島根県"}},{"type":"Feature","geometry":{"type":"Point","coordinates":[132.96602,36.09371]},"properties":{"name":"国賀港","kind":"地方港湾","kind_code":"14","pref":"島根県"}},{"type":"Feature","geometry":{"type":"Point","coordinates":[132.08457,34.92658]},"properties":{"name":"生湯港","kind":"地方港湾","kind_code":"14","pref":"島根県"}},{"type":"Feature","geometry":{"type":"Point","coordinates":[133.37832,36.23193]},"properties":{"name":"釜港","kind":"地方港湾","kind_code":"14","pref":"島根県"}},{"type":"Feature","geometry":{"type":"Point","coordinates":[133.2725,36.33801]},"properties":{"name":"伊後港","kind":"地方港湾","kind_code":"14","pref":"島根県"}},{"type":"Feature","geometry":{"type":"Point","coordinates":[133.30109,36.32943]},"properties":{"name":"西村港","kind":"地方港湾","kind_code":"14","pref":"島根県"}},{"type":"Feature","geometry":{"type":"Point","coordinates":[132.65657,35.40921]},"properties":{"name":"二俣港","kind":"地方港湾","kind_code":"14","pref":"島根県"}},{"type":"Feature","geometry":{"type":"Point","coordinates":[132.63481,35.41781]},"properties":{"name":"黒田港","kind":"地方港湾","kind_code":"14","pref":"島根県"}},{"type":"Feature","geometry":{"type":"Point","coordinates":[132.64597,35.41365]},"properties":{"name":"中山港","kind":"地方港湾","kind_code":"14","pref":"島根県"}},{"type":"Feature","geometry":{"type":"Point","coordinates":[131.97546,34.822]},"properties":{"name":"吉浦港","kind":"地方港湾","kind_code":"14","pref":"島根県"}},{"type":"Feature","geometry":{"type":"Point","coordinates":[132.40183,35.16718]},"properties":{"name":"宅野港","kind":"地方港湾","kind_code":"14","pref":"島根県"}},{"type":"Feature","geometry":{"type":"Point","coordinates":[132.38276,35.12702]},"properties":{"name":"舟津港","kind":"地方港湾","kind_code":"14","pref":"島根県"}},{"type":"Feature","geometry":{"type":"Point","coordinates":[132.38838,35.13931]},"properties":{"name":"網屋港","kind":"地方港湾","kind_code":"14","pref":"島根県"}},{"type":"Feature","geometry":{"type":"Point","coordinates":[133.01532,36.07053]},"properties":{"name":"波止港","kind":"地方港湾","kind_code":"14","pref":"島根県"}},{"type":"Feature","geometry":{"type":"Point","coordinates":[133.07831,36.11891]},"properties":{"name":"宇賀港","kind":"地方港湾","kind_code":"14","pref":"島根県"}},{"type":"Feature","geometry":{"type":"Point","coordinates":[133.00285,36.08659]},"properties":{"name":"美田港","kind":"地方港湾","kind_code":"14","pref":"島根県"}},{"type":"Feature","geometry":{"type":"Point","coordinates":[133.05523,36.11048]},"properties":{"name":"物井港","kind":"地方港湾","kind_code":"14","pref":"島根県"}},{"type":"Feature","geometry":{"type":"Point","coordinates":[133.06661,36.11217]},"properties":{"name":"倉の谷港","kind":"地方港湾","kind_code":"14","pref":"島根県"}},{"type":"Feature","geometry":{"type":"Point","coordinates":[133.02534,36.03017]},"properties":{"name":"古海港","kind":"地方港湾","kind_code":"14","pref":"島根県"}},{"type":"Feature","geometry":{"type":"Point","coordinates":[133.04513,36.0196]},"properties":{"name":"竹名港","kind":"地方港湾","kind_code":"14","pref":"島根県"}},{"type":"Feature","geometry":{"type":"Point","coordinates":[133.06681,36.00505]},"properties":{"name":"木佐根港","kind":"地方港湾","kind_code":"14","pref":"島根県"}},{"type":"Feature","geometry":{"type":"Point","coordinates":[133.05681,36.0046]},"properties":{"name":"姫の浦港","kind":"地方港湾","kind_code":"14","pref":"島根県"}},{"type":"Feature","geometry":{"type":"Point","coordinates":[133.07311,36.05914]},"properties":{"name":"堤港","kind":"地方港湾","kind_code":"14","pref":"島根県"}},{"type":"Feature","geometry":{"type":"Point","coordinates":[133.10667,36.06709]},"properties":{"name":"御波港","kind":"地方港湾","kind_code":"14","pref":"島根県"}},{"type":"Feature","geometry":{"type":"Point","coordinates":[133.12411,36.08441]},"properties":{"name":"保々見港","kind":"地方港湾","kind_code":"14","pref":"島根県"}},{"type":"Feature","geometry":{"type":"Point","coordinates":[133.07824,36.06928]},"properties":{"name":"須賀港","kind":"地方港湾","kind_code":"14","pref":"島根県"}},{"type":"Feature","geometry":{"type":"Point","coordinates":[133.07394,36.08044]},"properties":{"name":"日之津港","kind":"地方港湾","kind_code":"14","pref":"島根県"}},{"type":"Feature","geometry":{"type":"Point","coordinates":[133.08919,36.10377]},"properties":{"name":"諏訪港","kind":"地方港湾","kind_code":"14","pref":"島根県"}},{"type":"Feature","geometry":{"type":"Point","coordinates":[133.18472,36.2696]},"properties":{"name":"長尾田港","kind":"地方港湾","kind_code":"14","pref":"島根県"}},{"type":"Feature","geometry":{"type":"Point","coordinates":[133.20525,36.30284]},"properties":{"name":"代港","kind":"地方港湾","kind_code":"14","pref":"島根県"}},{"type":"Feature","geometry":{"type":"Point","coordinates":[133.19519,36.28675]},"properties":{"name":"重栖港","kind":"地方港湾","kind_code":"14","pref":"島根県"}},{"type":"Feature","geometry":{"type":"Point","coordinates":[133.12599,35.57764]},"properties":{"name":"笠浦港","kind":"地方港湾","kind_code":"14","pref":"島根県"}},{"type":"Feature","geometry":{"type":"Point","coordinates":[133.14281,35.56274]},"properties":{"name":"千酌港","kind":"地方港湾","kind_code":"14","pref":"島根県"}},{"type":"Feature","geometry":{"type":"Point","coordinates":[133.17156,35.56597]},"properties":{"name":"菅浦港","kind":"地方港湾","kind_code":"14","pref":"島根県"}},{"type":"Feature","geometry":{"type":"Point","coordinates":[133.20308,35.57065]},"properties":{"name":"笹子港","kind":"地方港湾","kind_code":"14","pref":"島根県"}},{"type":"Feature","geometry":{"type":"Point","coordinates":[133.21461,35.57324]},"properties":{"name":"惣津港","kind":"地方港湾","kind_code":"14","pref":"島根県"}},{"type":"Feature","geometry":{"type":"Point","coordinates":[133.29731,35.55725]},"properties":{"name":"海崎港","kind":"地方港湾","kind_code":"14","pref":"島根県"}},{"type":"Feature","geometry":{"type":"Point","coordinates":[132.31526,35.06676]},"properties":{"name":"吉浦港","kind":"地方港湾","kind_code":"14","pref":"島根県"}},{"type":"Feature","geometry":{"type":"Point","coordinates":[131.83749,34.83315]},"properties":{"name":"高島港","kind":"地方港湾","kind_code":"14","pref":"島根県"}},{"type":"Feature","geometry":{"type":"Point","coordinates":[131.85357,34.7203]},"properties":{"name":"遠田港","kind":"地方港湾","kind_code":"14","pref":"島根県"}},{"type":"Feature","geometry":{"type":"Point","coordinates":[131.7725,34.68316]},"properties":{"name":"持石港","kind":"地方港湾","kind_code":"14","pref":"島根県"}},{"type":"Feature","geometry":{"type":"Point","coordinates":[131.75652,34.67902]},"properties":{"name":"喜阿弥港","kind":"地方港湾","kind_code":"14","pref":"島根県"}},{"type":"Feature","geometry":{"type":"Point","coordinates":[132.33767,35.09659]},"properties":{"name":"温泉津港","kind":"地方港湾","kind_code":"14","pref":"島根県"}},{"type":"Feature","geometry":{"type":"Point","coordinates":[133.06874,36.10117]},"properties":{"name":"海士港","kind":"地方港湾","kind_code":"14","pref":"島根県"}},{"type":"Feature","geometry":{"type":"Point","coordinates":[132.93984,35.51698]},"properties":{"name":"秋鹿北港","kind":"地方港湾","kind_code":"14","pref":"島根県"}},{"type":"Feature","geometry":{"type":"Point","coordinates":[131.93592,34.80073]},"properties":{"name":"三隅港","kind":"重要港湾","kind_code":"13","pref":"島根県"}},{"type":"Feature","geometry":{"type":"Point","coordinates":[133.35618,36.20067]},"properties":{"name":"汐浜港","kind":"地方港湾","kind_code":"14","pref":"島根県"}},{"type":"Feature","geometry":{"type":"Point","coordinates":[133.21641,36.19228]},"properties":{"name":"小津久港","kind":"地方港湾","kind_code":"14","pref":"島根県"}},{"type":"Feature","geometry":{"type":"Point","coordinates":[134.60691,34.02819]},"properties":{"name":"徳島小松島港","kind":"重要港湾","kind_code":"13","pref":"徳島県"}},{"type":"Feature","geometry":{"type":"Point","coordinates":[134.66893,33.86251]},"properties":{"name":"橘港","kind":"重要港湾","kind_code":"13","pref":"徳島県"}},{"type":"Feature","geometry":{"type":"Point","coordinates":[134.473,34.21857]},"properties":{"name":"折野港","kind":"地方港湾","kind_code":"14","pref":"徳島県"}},{"type":"Feature","geometry":{"type":"Point","coordinates":[134.64485,34.17975]},"properties":{"name":"撫養港","kind":"地方港湾","kind_code":"14","pref":"徳島県"}},{"type":"Feature","geometry":{"type":"Point","coordinates":[134.60977,34.10172]},"properties":{"name":"今切港","kind":"地方港湾","kind_code":"14","pref":"徳島県"}},{"type":"Feature","geometry":{"type":"Point","coordinates":[134.71134,33.92208]},"properties":{"name":"富岡港","kind":"地方港湾","kind_code":"14","pref":"徳島県"}},{"type":"Feature","geometry":{"type":"Point","coordinates":[134.55116,33.73019]},"properties":{"name":"日和佐港","kind":"地方港湾","kind_code":"14","pref":"徳島県"}},{"type":"Feature","geometry":{"type":"Point","coordinates":[134.37976,33.63133]},"properties":{"name":"浅川港","kind":"地方港湾","kind_code":"14","pref":"徳島県"}},{"type":"Feature","geometry":{"type":"Point","coordinates":[134.36116,33.584]},"properties":{"name":"那佐港","kind":"地方港湾","kind_code":"14","pref":"徳島県"}},{"type":"Feature","geometry":{"type":"Point","coordinates":[134.70071,33.94903]},"properties":{"name":"中島港","kind":"地方港湾","kind_code":"14","pref":"徳島県"}},{"type":"Feature","geometry":{"type":"Point","coordinates":[134.626,34.23407]},"properties":{"name":"亀浦港","kind":"地方港湾","kind_code":"14","pref":"徳島県"}},{"type":"Feature","geometry":{"type":"Point","coordinates":[134.62539,34.14382]},"properties":{"name":"粟津港","kind":"地方港湾","kind_code":"14","pref":"徳島県"}},{"type":"Feature","geometry":{"type":"Point","coordinates":[133.56061,33.51339]},"properties":{"name":"高知港","kind":"重要港湾","kind_code":"13","pref":"高知県"}},{"type":"Feature","geometry":{"type":"Point","coordinates":[133.28575,33.38318]},"properties":{"name":"須崎港","kind":"重要港湾","kind_code":"13","pref":"高知県"}},{"type":"Feature","geometry":{"type":"Point","coordinates":[134.30475,33.53893]},"properties":{"name":"甲浦港","kind":"地方港湾","kind_code":"14","pref":"高知県"}},{"type":"Feature","geometry":{"type":"Point","coordinates":[134.21685,33.38579]},"properties":{"name":"佐喜浜港","kind":"地方港湾","kind_code":"14","pref":"高知県"}},{"type":"Feature","geometry":{"type":"Point","coordinates":[134.13966,33.28649]},"properties":{"name":"室津港","kind":"地方港湾","kind_code":"14","pref":"高知県"}},{"type":"Feature","geometry":{"type":"Point","coordinates":[134.01056,33.41412]},"properties":{"name":"奈半利港","kind":"地方港湾","kind_code":"14","pref":"高知県"}},{"type":"Feature","geometry":{"type":"Point","coordinates":[133.75092,33.52896]},"properties":{"name":"手結港","kind":"地方港湾","kind_code":"14","pref":"高知県"}},{"type":"Feature","geometry":{"type":"Point","coordinates":[133.24147,33.32745]},"properties":{"name":"久礼港","kind":"地方港湾","kind_code":"14","pref":"高知県"}},{"type":"Feature","geometry":{"type":"Point","coordinates":[133.24904,33.28209]},"properties":{"name":"上ノ加江港","kind":"地方港湾","kind_code":"14","pref":"高知県"}},{"type":"Feature","geometry":{"type":"Point","coordinates":[133.11748,33.07036]},"properties":{"name":"佐賀港","kind":"地方港湾","kind_code":"14","pref":"高知県"}},{"type":"Feature","geometry":{"type":"Point","coordinates":[133.05949,33.03454]},"properties":{"name":"上川口港","kind":"地方港湾","kind_code":"14","pref":"高知県"}},{"type":"Feature","geometry":{"type":"Point","coordinates":[133.00254,32.94603]},"properties":{"name":"下田港","kind":"地方港湾","kind_code":"14","pref":"高知県"}},{"type":"Feature","geometry":{"type":"Point","coordinates":[132.9578,32.85721]},"properties":{"name":"下ノ加江港","kind":"地方港湾","kind_code":"14","pref":"高知県"}},{"type":"Feature","geometry":{"type":"Point","coordinates":[132.96584,32.80198]},"properties":{"name":"以布利港","kind":"地方港湾","kind_code":"14","pref":"高知県"}},{"type":"Feature","geometry":{"type":"Point","coordinates":[132.95597,32.77029]},"properties":{"name":"清水港","kind":"地方港湾","kind_code":"14","pref":"高知県"}},{"type":"Feature","geometry":{"type":"Point","coordinates":[132.88309,32.77837]},"properties":{"name":"三崎港","kind":"地方港湾","kind_code":"14","pref":"高知県"}},{"type":"Feature","geometry":{"type":"Point","coordinates":[132.83968,32.77416]},"properties":{"name":"下川口港","kind":"地方港湾","kind_code":"14","pref":"高知県"}},{"type":"Feature","geometry":{"type":"Point","coordinates":[132.93555,32.77997]},"properties":{"name":"あしずり港","kind":"地方港湾","kind_code":"14","pref":"高知県"}},{"type":"Feature","geometry":{"type":"Point","coordinates":[132.69276,32.90004]},"properties":{"name":"宿毛湾港","kind":"重要港湾","kind_code":"13","pref":"高知県"}},{"type":"Feature","geometry":{"type":"Point","coordinates":[134.0354,34.36604]},"properties":{"name":"高松港","kind":"重要港湾","kind_code":"13","pref":"香川県"}},{"type":"Feature","geometry":{"type":"Point","coordinates":[133.86261,34.34944]},"properties":{"name":"坂出港","kind":"重要港湾","kind_code":"13","pref":"香川県"}},{"type":"Feature","geometry":{"type":"Point","coordinates":[134.40873,34.22994]},"properties":{"name":"引田港","kind":"地方港湾","kind_code":"14","pref":"香川県"}},{"type":"Feature","geometry":{"type":"Point","coordinates":[134.34243,34.25637]},"properties":{"name":"三本松港","kind":"地方港湾","kind_code":"14","pref":"香川県"}},{"type":"Feature","geometry":{"type":"Point","coordinates":[134.25978,34.29067]},"properties":{"name":"津田港","kind":"地方港湾","kind_code":"14","pref":"香川県"}},{"type":"Feature","geometry":{"type":"Point","coordinates":[134.1723,34.32869]},"properties":{"name":"志度港","kind":"地方港湾","kind_code":"14","pref":"香川県"}},{"type":"Feature","geometry":{"type":"Point","coordinates":[133.99263,34.46962]},"properties":{"name":"直島港","kind":"地方港湾","kind_code":"14","pref":"香川県"}},{"type":"Feature","geometry":{"type":"Point","coordinates":[133.80881,34.32002]},"properties":{"name":"宇多津港","kind":"地方港湾","kind_code":"14","pref":"香川県"}},{"type":"Feature","geometry":{"type":"Point","coordinates":[133.77533,34.30111]},"properties":{"name":"丸亀港","kind":"地方港湾","kind_code":"14","pref":"香川県"}},{"type":"Feature","geometry":{"type":"Point","coordinates":[133.74153,34.27719]},"properties":{"name":"多度津港","kind":"地方港湾","kind_code":"14","pref":"香川県"}},{"type":"Feature","geometry":{"type":"Point","coordinates":[133.66482,34.24616]},"properties":{"name":"詫間港","kind":"地方港湾","kind_code":"14","pref":"香川県"}},{"type":"Feature","geometry":{"type":"Point","coordinates":[133.63883,34.1945]},"properties":{"name":"仁尾港","kind":"地方港湾","kind_code":"14","pref":"香川県"}},{"type":"Feature","geometry":{"type":"Point","coordinates":[133.63375,34.0795]},"properties":{"name":"豊浜港","kind":"地方港湾","kind_code":"14","pref":"香川県"}},{"type":"Feature","geometry":{"type":"Point","coordinates":[134.22675,34.47565]},"properties":{"name":"池田港","kind":"地方港湾","kind_code":"14","pref":"香川県"}},{"type":"Feature","geometry":{"type":"Point","coordinates":[134.37001,34.25383]},"properties":{"name":"白鳥港","kind":"地方港湾","kind_code":"14","pref":"香川県"}},{"type":"Feature","geometry":{"type":"Point","coordinates":[134.16207,34.49961]},"properties":{"name":"土庄港","kind":"地方港湾","kind_code":"14","pref":"香川県"}},{"type":"Feature","geometry":{"type":"Point","coordinates":[134.31907,34.4537]},"properties":{"name":"坂手港","kind":"地方港湾","kind_code":"14","pref":"香川県"}},{"type":"Feature","geometry":{"type":"Point","coordinates":[134.15729,34.3422]},"properties":{"name":"牟礼港","kind":"地方港湾","kind_code":"14","pref":"香川県"}},{"type":"Feature","geometry":{"type":"Point","coordinates":[134.28441,34.54894]},"properties":{"name":"大部港","kind":"地方港湾","kind_code":"14","pref":"香川県"}},{"type":"Feature","geometry":{"type":"Point","coordinates":[134.29707,34.46843]},"properties":{"name":"内海港","kind":"地方港湾","kind_code":"14","pref":"香川県"}},{"type":"Feature","geometry":{"type":"Point","coordinates":[133.62905,34.12585]},"properties":{"name":"観音寺港","kind":"地方港湾","kind_code":"14","pref":"香川県"}},{"type":"Feature","geometry":{"type":"Point","coordinates":[134.18134,34.47246]},"properties":{"name":"土庄東港","kind":"地方港湾","kind_code":"14","pref":"香川県"}},{"type":"Feature","geometry":{"type":"Point","coordinates":[134.05888,34.49099]},"properties":{"name":"家浦港","kind":"地方港湾","kind_code":"14","pref":"香川県"}},{"type":"Feature","geometry":{"type":"Point","coordinates":[133.97425,34.47959]},"properties":{"name":"風戸港","kind":"地方港湾","kind_code":"14","pref":"香川県"}},{"type":"Feature","geometry":{"type":"Point","coordinates":[133.97435,34.49803]},"properties":{"name":"屏風港","kind":"地方港湾","kind_code":"14","pref":"香川県"}},{"type":"Feature","geometry":{"type":"Point","coordinates":[133.97283,34.45583]},"properties":{"name":"宮浦港","kind":"地方港湾","kind_code":"14","pref":"香川県"}},{"type":"Feature","geometry":{"type":"Point","coordinates":[133.68964,34.37535]},"properties":{"name":"青木港","kind":"地方港湾","kind_code":"14","pref":"香川県"}},{"type":"Feature","geometry":{"type":"Point","coordinates":[133.67461,34.40189]},"properties":{"name":"手島港","kind":"地方港湾","kind_code":"14","pref":"香川県"}},{"type":"Feature","geometry":{"type":"Point","coordinates":[134.16036,34.35782]},"properties":{"name":"葛原港","kind":"地方港湾","kind_code":"14","pref":"香川県"}},{"type":"Feature","geometry":{"type":"Point","coordinates":[134.1041,34.40716]},"properties":{"name":"大島港","kind":"地方港湾","kind_code":"14","pref":"香川県"}},{"type":"Feature","geometry":{"type":"Point","coordinates":[133.64309,34.15725]},"properties":{"name":"室本港","kind":"地方港湾","kind_code":"14","pref":"香川県"}},{"type":"Feature","geometry":{"type":"Point","coordinates":[134.05078,34.38874]},"properties":{"name":"女木港","kind":"地方港湾","kind_code":"14","pref":"香川県"}},{"type":"Feature","geometry":{"type":"Point","coordinates":[134.05292,34.42366]},"properties":{"name":"男木港","kind":"地方港湾","kind_code":"14","pref":"香川県"}},{"type":"Feature","geometry":{"type":"Point","coordinates":[134.11648,34.36198]},"properties":{"name":"立石港","kind":"地方港湾","kind_code":"14","pref":"香川県"}},{"type":"Feature","geometry":{"type":"Point","coordinates":[134.11262,34.36662]},"properties":{"name":"石場港","kind":"地方港湾","kind_code":"14","pref":"香川県"}},{"type":"Feature","geometry":{"type":"Point","coordinates":[134.09606,34.38274]},"properties":{"name":"長崎鼻港","kind":"地方港湾","kind_code":"14","pref":"香川県"}},{"type":"Feature","geometry":{"type":"Point","coordinates":[133.63837,34.2677]},"properties":{"name":"粟島港","kind":"地方港湾","kind_code":"14","pref":"香川県"}},{"type":"Feature","geometry":{"type":"Point","coordinates":[133.67621,34.26759]},"properties":{"name":"志々島港","kind":"地方港湾","kind_code":"14","pref":"香川県"}},{"type":"Feature","geometry":{"type":"Point","coordinates":[133.62022,34.23927]},"properties":{"name":"船越港","kind":"地方港湾","kind_code":"14","pref":"香川県"}},{"type":"Feature","geometry":{"type":"Point","coordinates":[133.59192,34.26125]},"properties":{"name":"箱浦港","kind":"地方港湾","kind_code":"14","pref":"香川県"}},{"type":"Feature","geometry":{"type":"Point","coordinates":[133.62027,34.27043]},"properties":{"name":"粟島西港","kind":"地方港湾","kind_code":"14","pref":"香川県"}},{"type":"Feature","geometry":{"type":"Point","coordinates":[133.63076,34.27853]},"properties":{"name":"船隠港","kind":"地方港湾","kind_code":"14","pref":"香川県"}},{"type":"Feature","geometry":{"type":"Point","coordinates":[134.1209,34.36099]},"properties":{"name":"久通港","kind":"地方港湾","kind_code":"14","pref":"香川県"}},{"type":"Feature","geometry":{"type":"Point","coordinates":[134.26375,34.32802]},"properties":{"name":"猪塚港","kind":"地方港湾","kind_code":"14","pref":"香川県"}},{"type":"Feature","geometry":{"type":"Point","coordinates":[133.82593,34.39029]},"properties":{"name":"与島港","kind":"地方港湾","kind_code":"14","pref":"香川県"}},{"type":"Feature","geometry":{"type":"Point","coordinates":[133.9198,34.38199]},"properties":{"name":"木沢港","kind":"地方港湾","kind_code":"14","pref":"香川県"}},{"type":"Feature","geometry":{"type":"Point","coordinates":[133.72007,34.36024]},"properties":{"name":"江の浦港","kind":"地方港湾","kind_code":"14","pref":"香川県"}},{"type":"Feature","geometry":{"type":"Point","coordinates":[133.76115,34.39348]},"properties":{"name":"大浦港","kind":"地方港湾","kind_code":"14","pref":"香川県"}},{"type":"Feature","geometry":{"type":"Point","coordinates":[133.77934,34.37966]},"properties":{"name":"本島港","kind":"地方港湾","kind_code":"14","pref":"香川県"}},{"type":"Feature","geometry":{"type":"Point","coordinates":[134.22908,34.43032]},"properties":{"name":"三都港","kind":"地方港湾","kind_code":"14","pref":"香川県"}},{"type":"Feature","geometry":{"type":"Point","coordinates":[134.23248,34.46834]},"properties":{"name":"室生北港","kind":"地方港湾","kind_code":"14","pref":"香川県"}},{"type":"Feature","geometry":{"type":"Point","coordinates":[134.23745,34.45274]},"properties":{"name":"吉野崎港","kind":"地方港湾","kind_code":"14","pref":"香川県"}},{"type":"Feature","geometry":{"type":"Point","coordinates":[134.12141,34.38118]},"properties":{"name":"庵治港","kind":"地方港湾","kind_code":"14","pref":"香川県"}},{"type":"Feature","geometry":{"type":"Point","coordinates":[133.78171,34.36447]},"properties":{"name":"里浦港","kind":"地方港湾","kind_code":"14","pref":"香川県"}},{"type":"Feature","geometry":{"type":"Point","coordinates":[133.79168,34.3922]},"properties":{"name":"新在家港","kind":"地方港湾","kind_code":"14","pref":"香川県"}},{"type":"Feature","geometry":{"type":"Point","coordinates":[133.78333,34.3569]},"properties":{"name":"小浦港","kind":"地方港湾","kind_code":"14","pref":"香川県"}},{"type":"Feature","geometry":{"type":"Point","coordinates":[133.75744,34.37658]},"properties":{"name":"生ノ浜港","kind":"地方港湾","kind_code":"14","pref":"香川県"}},{"type":"Feature","geometry":{"type":"Point","coordinates":[133.7543,34.38681]},"properties":{"name":"尻浜港","kind":"地方港湾","kind_code":"14","pref":"香川県"}},{"type":"Feature","geometry":{"type":"Point","coordinates":[134.20923,34.52189]},"properties":{"name":"馬越港","kind":"地方港湾","kind_code":"14","pref":"香川県"}},{"type":"Feature","geometry":{"type":"Point","coordinates":[134.11373,34.47949]},"properties":{"name":"小豊島港","kind":"地方港湾","kind_code":"14","pref":"香川県"}},{"type":"Feature","geometry":{"type":"Point","coordinates":[134.23635,34.53292]},"properties":{"name":"北浦港","kind":"地方港湾","kind_code":"14","pref":"香川県"}},{"type":"Feature","geometry":{"type":"Point","coordinates":[134.18834,34.52018]},"properties":{"name":"江島港","kind":"地方港湾","kind_code":"14","pref":"香川県"}},{"type":"Feature","geometry":{"type":"Point","coordinates":[134.14174,34.47173]},"properties":{"name":"小瀬港","kind":"地方港湾","kind_code":"14","pref":"香川県"}},{"type":"Feature","geometry":{"type":"Point","coordinates":[133.6856,34.31468]},"properties":{"name":"高見港","kind":"地方港湾","kind_code":"14","pref":"香川県"}},{"type":"Feature","geometry":{"type":"Point","coordinates":[133.63378,34.34509]},"properties":{"name":"佐柳港","kind":"地方港湾","kind_code":"14","pref":"香川県"}},{"type":"Feature","geometry":{"type":"Point","coordinates":[133.71207,34.24738]},"properties":{"name":"見立港","kind":"地方港湾","kind_code":"14","pref":"香川県"}},{"type":"Feature","geometry":{"type":"Point","coordinates":[134.39893,34.2389]},"properties":{"name":"安戸港","kind":"地方港湾","kind_code":"14","pref":"香川県"}},{"type":"Feature","geometry":{"type":"Point","coordinates":[132.69886,33.86332]},"properties":{"name":"松山港","kind":"重要港湾","kind_code":"13","pref":"愛媛県"}},{"type":"Feature","geometry":{"type":"Point","coordinates":[132.54805,33.22919]},"properties":{"name":"宇和島港","kind":"重要港湾","kind_code":"13","pref":"愛媛県"}},{"type":"Feature","geometry":{"type":"Point","coordinates":[133.30987,33.99438]},"properties":{"name":"新居浜港","kind":"重要港湾","kind_code":"13","pref":"愛媛県"}},{"type":"Feature","geometry":{"type":"Point","coordinates":[133.01844,34.07]},"properties":{"name":"今治港","kind":"重要港湾","kind_code":"13","pref":"愛媛県"}},{"type":"Feature","geometry":{"type":"Point","coordinates":[132.41076,33.45484]},"properties":{"name":"八幡浜港","kind":"地方港湾","kind_code":"14","pref":"愛媛県"}},{"type":"Feature","geometry":{"type":"Point","coordinates":[133.14338,33.9731]},"properties":{"name":"東予港","kind":"重要港湾","kind_code":"13","pref":"愛媛県"}},{"type":"Feature","geometry":{"type":"Point","coordinates":[133.54178,34.00658]},"properties":{"name":"三島川之江港","kind":"重要港湾","kind_code":"13","pref":"愛媛県"}},{"type":"Feature","geometry":{"type":"Point","coordinates":[133.51379,33.97256]},"properties":{"name":"寒川港","kind":"地方港湾","kind_code":"14","pref":"愛媛県"}},{"type":"Feature","geometry":{"type":"Point","coordinates":[133.12665,34.20462]},"properties":{"name":"伯方港","kind":"地方港湾","kind_code":"14","pref":"愛媛県"}},{"type":"Feature","geometry":{"type":"Point","coordinates":[132.83624,34.03749]},"properties":{"name":"菊間港","kind":"地方港湾","kind_code":"14","pref":"愛媛県"}},{"type":"Feature","geometry":{"type":"Point","coordinates":[132.76856,33.97616]},"properties":{"name":"北条港","kind":"地方港湾","kind_code":"14","pref":"愛媛県"}},{"type":"Feature","geometry":{"type":"Point","coordinates":[132.64539,33.97116]},"properties":{"name":"中島港","kind":"地方港湾","kind_code":"14","pref":"愛媛県"}},{"type":"Feature","geometry":{"type":"Point","coordinates":[132.69203,33.78555]},"properties":{"name":"松前港","kind":"地方港湾","kind_code":"14","pref":"愛媛県"}},{"type":"Feature","geometry":{"type":"Point","coordinates":[132.69358,33.75759]},"properties":{"name":"伊予港","kind":"地方港湾","kind_code":"14","pref":"愛媛県"}},{"type":"Feature","geometry":{"type":"Point","coordinates":[132.49103,33.62493]},"properties":{"name":"長浜港","kind":"地方港湾","kind_code":"14","pref":"愛媛県"}},{"type":"Feature","geometry":{"type":"Point","coordinates":[132.52284,33.31153]},"properties":{"name":"玉津港","kind":"地方港湾","kind_code":"14","pref":"愛媛県"}},{"type":"Feature","geometry":{"type":"Point","coordinates":[132.49848,33.12669]},"properties":{"name":"岩松港","kind":"地方港湾","kind_code":"14","pref":"愛媛県"}},{"type":"Feature","geometry":{"type":"Point","coordinates":[132.54054,32.96789]},"properties":{"name":"御荘港","kind":"地方港湾","kind_code":"14","pref":"愛媛県"}},{"type":"Feature","geometry":{"type":"Point","coordinates":[133.19717,34.25834]},"properties":{"name":"弓削港","kind":"地方港湾","kind_code":"14","pref":"愛媛県"}},{"type":"Feature","geometry":{"type":"Point","coordinates":[132.97027,34.11109]},"properties":{"name":"波止浜港","kind":"地方港湾","kind_code":"14","pref":"愛媛県"}},{"type":"Feature","geometry":{"type":"Point","coordinates":[132.39257,33.47187]},"properties":{"name":"川之石港","kind":"地方港湾","kind_code":"14","pref":"愛媛県"}},{"type":"Feature","geometry":{"type":"Point","coordinates":[132.95504,34.12341]},"properties":{"name":"波方港","kind":"地方港湾","kind_code":"14","pref":"愛媛県"}},{"type":"Feature","geometry":{"type":"Point","coordinates":[132.10944,33.38384]},"properties":{"name":"三崎港","kind":"地方港湾","kind_code":"14","pref":"愛媛県"}},{"type":"Feature","geometry":{"type":"Point","coordinates":[132.98623,34.25028]},"properties":{"name":"宮浦港","kind":"地方港湾","kind_code":"14","pref":"愛媛県"}},{"type":"Feature","geometry":{"type":"Point","coordinates":[133.03379,34.15909]},"properties":{"name":"吉海港","kind":"地方港湾","kind_code":"14","pref":"愛媛県"}},{"type":"Feature","geometry":{"type":"Point","coordinates":[132.99121,34.26006]},"properties":{"name":"大見港","kind":"地方港湾","kind_code":"14","pref":"愛媛県"}},{"type":"Feature","geometry":{"type":"Point","coordinates":[133.04627,34.26705]},"properties":{"name":"上浦港","kind":"地方港湾","kind_code":"14","pref":"愛媛県"}},{"type":"Feature","geometry":{"type":"Point","coordinates":[132.88405,34.18006]},"properties":{"name":"岡村港","kind":"地方港湾","kind_code":"14","pref":"愛媛県"}},{"type":"Feature","geometry":{"type":"Point","coordinates":[132.91986,34.19017]},"properties":{"name":"大下港","kind":"地方港湾","kind_code":"14","pref":"愛媛県"}},{"type":"Feature","geometry":{"type":"Point","coordinates":[133.02716,34.18582]},"properties":{"name":"田ノ浦港","kind":"地方港湾","kind_code":"14","pref":"愛媛県"}},{"type":"Feature","geometry":{"type":"Point","coordinates":[133.04189,34.19529]},"properties":{"name":"早川港","kind":"地方港湾","kind_code":"14","pref":"愛媛県"}},{"type":"Feature","geometry":{"type":"Point","coordinates":[133.18678,34.11044]},"properties":{"name":"四坂港","kind":"地方港湾","kind_code":"14","pref":"愛媛県"}},{"type":"Feature","geometry":{"type":"Point","coordinates":[133.07862,34.23223]},"properties":{"name":"前浜港","kind":"地方港湾","kind_code":"14","pref":"愛媛県"}},{"type":"Feature","geometry":{"type":"Point","coordinates":[133.11503,34.22]},"properties":{"name":"古江港","kind":"地方港湾","kind_code":"14","pref":"愛媛県"}},{"type":"Feature","geometry":{"type":"Point","coordinates":[133.07173,34.20351]},"properties":{"name":"枝越港","kind":"地方港湾","kind_code":"14","pref":"愛媛県"}},{"type":"Feature","geometry":{"type":"Point","coordinates":[133.06365,34.21832]},"properties":{"name":"熊口港","kind":"地方港湾","kind_code":"14","pref":"愛媛県"}},{"type":"Feature","geometry":{"type":"Point","coordinates":[133.09717,34.20118]},"properties":{"name":"有津港","kind":"地方港湾","kind_code":"14","pref":"愛媛県"}},{"type":"Feature","geometry":{"type":"Point","coordinates":[133.10115,34.23687]},"properties":{"name":"北浦港","kind":"地方港湾","kind_code":"14","pref":"愛媛県"}},{"type":"Feature","geometry":{"type":"Point","coordinates":[133.14433,34.2793]},"properties":{"name":"小漕港","kind":"地方港湾","kind_code":"14","pref":"愛媛県"}},{"type":"Feature","geometry":{"type":"Point","coordinates":[133.13174,34.24936]},"properties":{"name":"西部港","kind":"地方港湾","kind_code":"14","pref":"愛媛県"}},{"type":"Feature","geometry":{"type":"Point","coordinates":[133.15932,34.27212]},"properties":{"name":"長江港","kind":"地方港湾","kind_code":"14","pref":"愛媛県"}},{"type":"Feature","geometry":{"type":"Point","coordinates":[133.18648,34.26707]},"properties":{"name":"生名港","kind":"地方港湾","kind_code":"14","pref":"愛媛県"}},{"type":"Feature","geometry":{"type":"Point","coordinates":[133.17756,34.27814]},"properties":{"name":"立石港","kind":"地方港湾","kind_code":"14","pref":"愛媛県"}},{"type":"Feature","geometry":{"type":"Point","coordinates":[132.93384,34.12773]},"properties":{"name":"森上港","kind":"地方港湾","kind_code":"14","pref":"愛媛県"}},{"type":"Feature","geometry":{"type":"Point","coordinates":[132.74849,33.90935]},"properties":{"name":"堀江港","kind":"地方港湾","kind_code":"14","pref":"愛媛県"}},{"type":"Feature","geometry":{"type":"Point","coordinates":[132.35899,33.47678]},"properties":{"name":"伊方港","kind":"地方港湾","kind_code":"14","pref":"愛媛県"}},{"type":"Feature","geometry":{"type":"Point","coordinates":[132.25679,33.46127]},"properties":{"name":"三机港","kind":"地方港湾","kind_code":"14","pref":"愛媛県"}},{"type":"Feature","geometry":{"type":"Point","coordinates":[132.4172,33.38127]},"properties":{"name":"三瓶港","kind":"地方港湾","kind_code":"14","pref":"愛媛県"}},{"type":"Feature","geometry":{"type":"Point","coordinates":[132.54056,33.26794]},"properties":{"name":"吉田港","kind":"地方港湾","kind_code":"14","pref":"愛媛県"}},{"type":"Feature","geometry":{"type":"Point","coordinates":[132.60118,33.98568]},"properties":{"name":"西中港","kind":"地方港湾","kind_code":"14","pref":"愛媛県"}},{"type":"Feature","geometry":{"type":"Point","coordinates":[133.04926,34.01663]},"properties":{"name":"桜井河口港","kind":"その他","kind_code":"15","pref":"愛媛県"}},{"type":"Feature","geometry":{"type":"Point","coordinates":[136.68663,34.95287]},"properties":{"name":"四日市港","kind":"国際拠点港湾","kind_code":"12","pref":"三重県"}},{"type":"Feature","geometry":{"type":"Point","coordinates":[136.22364,34.07452]},"properties":{"name":"尾鷲港","kind":"重要港湾","kind_code":"13","pref":"三重県"}},{"type":"Feature","geometry":{"type":"Point","coordinates":[136.70601,35.05794]},"properties":{"name":"桑名港","kind":"地方港湾","kind_code":"14","pref":"三重県"}},{"type":"Feature","geometry":{"type":"Point","coordinates":[136.61658,34.85234]},"properties":{"name":"千代崎港","kind":"地方港湾","kind_code":"14","pref":"三重県"}},{"type":"Feature","geometry":{"type":"Point","coordinates":[136.56371,34.67425]},"properties":{"name":"津松阪港","kind":"重要港湾","kind_code":"13","pref":"三重県"}},{"type":"Feature","geometry":{"type":"Point","coordinates":[136.59527,34.82701]},"properties":{"name":"白子港","kind":"地方港湾","kind_code":"14","pref":"三重県"}},{"type":"Feature","geometry":{"type":"Point","coordinates":[136.76323,34.52252]},"properties":{"name":"宇治山田港","kind":"地方港湾","kind_code":"14","pref":"三重県"}},{"type":"Feature","geometry":{"type":"Point","coordinates":[136.69922,34.33708]},"properties":{"name":"五ヶ所港","kind":"地方港湾","kind_code":"14","pref":"三重県"}},{"type":"Feature","geometry":{"type":"Point","coordinates":[136.51401,34.26415]},"properties":{"name":"吉津港","kind":"地方港湾","kind_code":"14","pref":"三重県"}},{"type":"Feature","geometry":{"type":"Point","coordinates":[136.84722,34.48973]},"properties":{"name":"鳥羽港","kind":"地方港湾","kind_code":"14","pref":"三重県"}},{"type":"Feature","geometry":{"type":"Point","coordinates":[136.88703,34.37538]},"properties":{"name":"的矢港","kind":"地方港湾","kind_code":"14","pref":"三重県"}},{"type":"Feature","geometry":{"type":"Point","coordinates":[136.76543,34.29502]},"properties":{"name":"浜島港","kind":"地方港湾","kind_code":"14","pref":"三重県"}},{"type":"Feature","geometry":{"type":"Point","coordinates":[136.34553,34.19378]},"properties":{"name":"長島港","kind":"地方港湾","kind_code":"14","pref":"三重県"}},{"type":"Feature","geometry":{"type":"Point","coordinates":[136.25096,34.10821]},"properties":{"name":"引本港","kind":"地方港湾","kind_code":"14","pref":"三重県"}},{"type":"Feature","geometry":{"type":"Point","coordinates":[136.11828,33.88769]},"properties":{"name":"木本港","kind":"地方港湾","kind_code":"14","pref":"三重県"}},{"type":"Feature","geometry":{"type":"Point","coordinates":[136.19187,33.93755]},"properties":{"name":"二木島港","kind":"地方港湾","kind_code":"14","pref":"三重県"}},{"type":"Feature","geometry":{"type":"Point","coordinates":[136.02181,33.73224]},"properties":{"name":"鵜殿港","kind":"地方港湾","kind_code":"14","pref":"三重県"}},{"type":"Feature","geometry":{"type":"Point","coordinates":[136.19497,33.97155]},"properties":{"name":"賀田港","kind":"地方港湾","kind_code":"14","pref":"三重県"}},{"type":"Feature","geometry":{"type":"Point","coordinates":[136.81735,34.30444]},"properties":{"name":"賢島港","kind":"地方港湾","kind_code":"14","pref":"三重県"}},{"type":"Feature","geometry":{"type":"Point","coordinates":[136.21586,33.99453]},"properties":{"name":"三木里港","kind":"地方港湾","kind_code":"14","pref":"三重県"}},{"type":"Feature","geometry":{"type":"Point","coordinates":[135.38786,34.63223]},"properties":{"name":"大阪港","kind":"国際戦略港湾","kind_code":"11","pref":"大阪府"}},{"type":"Feature","geometry":{"type":"Point","coordinates":[135.37464,34.56871]},"properties":{"name":"堺泉北港","kind":"国際拠点港湾","kind_code":"12","pref":"大阪府"}},{"type":"Feature","geometry":{"type":"Point","coordinates":[135.35664,34.48421]},"properties":{"name":"阪南港","kind":"重要港湾","kind_code":"13","pref":"大阪府"}},{"type":"Feature","geometry":{"type":"Point","coordinates":[135.17858,34.34141]},"properties":{"name":"淡輪港","kind":"地方港湾","kind_code":"14","pref":"大阪府"}},{"type":"Feature","geometry":{"type":"Point","coordinates":[135.13247,34.32639]},"properties":{"name":"深日港","kind":"地方港湾","kind_code":"14","pref":"大阪府"}},{"type":"Feature","geometry":{"type":"Point","coordinates":[135.23992,34.36892]},"properties":{"name":"尾崎港","kind":"地方港湾","kind_code":"14","pref":"大阪府"}},{"type":"Feature","geometry":{"type":"Point","coordinates":[135.33113,34.43535]},"properties":{"name":"二色港","kind":"地方港湾","kind_code":"14","pref":"大阪府"}},{"type":"Feature","geometry":{"type":"Point","coordinates":[135.30931,34.42083]},"properties":{"name":"泉佐野港","kind":"地方港湾","kind_code":"14","pref":"大阪府"}},{"type":"Feature","geometry":{"type":"Point","coordinates":[135.25634,34.42982]},"properties":{"name":"泉州港","kind":"地方港湾","kind_code":"14","pref":"大阪府"}},{"type":"Feature","geometry":{"type":"Point","coordinates":[135.11163,34.19189]},"properties":{"name":"和歌山下津港","kind":"国際拠点港湾","kind_code":"12","pref":"和歌山県"}},{"type":"Feature","geometry":{"type":"Point","coordinates":[135.37721,33.71663]},"properties":{"name":"文里港","kind":"地方港湾","kind_code":"14","pref":"和歌山県"}},{"type":"Feature","geometry":{"type":"Point","coordinates":[135.08454,34.3076]},"properties":{"name":"大川港","kind":"地方港湾","kind_code":"14","pref":"和歌山県"}},{"type":"Feature","geometry":{"type":"Point","coordinates":[135.94693,33.6222]},"properties":{"name":"勝浦港","kind":"地方港湾","kind_code":"14","pref":"和歌山県"}},{"type":"Feature","geometry":{"type":"Point","coordinates":[135.08395,33.94845]},"properties":{"name":"由良港","kind":"地方港湾","kind_code":"14","pref":"和歌山県"}},{"type":"Feature","geometry":{"type":"Point","coordinates":[135.06956,34.28052]},"properties":{"name":"加太港","kind":"地方港湾","kind_code":"14","pref":"和歌山県"}},{"type":"Feature","geometry":{"type":"Point","coordinates":[135.16665,34.03214]},"properties":{"name":"湯浅広港","kind":"地方港湾","kind_code":"14","pref":"和歌山県"}},{"type":"Feature","geometry":{"type":"Point","coordinates":[135.90298,33.56094]},"properties":{"name":"浦神港","kind":"地方港湾","kind_code":"14","pref":"和歌山県"}},{"type":"Feature","geometry":{"type":"Point","coordinates":[135.97511,33.65408]},"properties":{"name":"宇久井港","kind":"地方港湾","kind_code":"14","pref":"和歌山県"}},{"type":"Feature","geometry":{"type":"Point","coordinates":[135.7718,33.47752]},"properties":{"name":"袋港","kind":"地方港湾","kind_code":"14","pref":"和歌山県"}},{"type":"Feature","geometry":{"type":"Point","coordinates":[135.44357,33.56069]},"properties":{"name":"日置港","kind":"地方港湾","kind_code":"14","pref":"和歌山県"}},{"type":"Feature","geometry":{"type":"Point","coordinates":[135.82557,33.51275]},"properties":{"name":"古座港","kind":"地方港湾","kind_code":"14","pref":"和歌山県"}},{"type":"Feature","geometry":{"type":"Point","coordinates":[135.1471,33.86356]},"properties":{"name":"日高港","kind":"重要港湾","kind_code":"13","pref":"和歌山県"}},{"type":"Feature","geometry":{"type":"Point","coordinates":[135.79928,33.4692]},"properties":{"name":"大島港","kind":"地方港湾","kind_code":"14","pref":"和歌山県"}},{"type":"Feature","geometry":{"type":"Point","coordinates":[135.98253,33.67026]},"properties":{"name":"新宮港","kind":"地方港湾","kind_code":"14","pref":"和歌山県"}},{"type":"Feature","geometry":{"type":"Point","coordinates":[135.35906,35.49455]},"properties":{"name":"舞鶴港","kind":"重要港湾","kind_code":"13","pref":"京都府"}},{"type":"Feature","geometry":{"type":"Point","coordinates":[134.90885,35.626]},"properties":{"name":"久美浜港","kind":"地方港湾","kind_code":"14","pref":"京都府"}},{"type":"Feature","geometry":{"type":"Point","coordinates":[135.20021,35.56659]},"properties":{"name":"宮津港","kind":"地方港湾","kind_code":"14","pref":"京都府"}},{"type":"Feature","geometry":{"type":"Point","coordinates":[136.83587,35.01587]},"properties":{"name":"名古屋港","kind":"国際拠点港湾","kind_code":"12","pref":"愛知県"}},{"type":"Feature","geometry":{"type":"Point","coordinates":[136.94575,34.83979]},"properties":{"name":"衣浦港","kind":"重要港湾","kind_code":"13","pref":"愛知県"}},{"type":"Feature","geometry":{"type":"Point","coordinates":[137.25779,34.76333]},"properties":{"name":"三河港","kind":"重要港湾","kind_code":"13","pref":"愛知県"}},{"type":"Feature","geometry":{"type":"Point","coordinates":[136.97469,34.69851]},"properties":{"name":"師崎港","kind":"地方港湾","kind_code":"14","pref":"愛知県"}},{"type":"Feature","geometry":{"type":"Point","coordinates":[136.83156,34.87166]},"properties":{"name":"常滑港","kind":"地方港湾","kind_code":"14","pref":"愛知県"}},{"type":"Feature","geometry":{"type":"Point","coordinates":[137.0756,34.78069]},"properties":{"name":"吉田港","kind":"地方港湾","kind_code":"14","pref":"愛知県"}},{"type":"Feature","geometry":{"type":"Point","coordinates":[137.01154,34.58759]},"properties":{"name":"伊良湖港","kind":"地方港湾","kind_code":"14","pref":"愛知県"}},{"type":"Feature","geometry":{"type":"Point","coordinates":[137.10819,34.64955]},"properties":{"name":"福江港","kind":"地方港湾","kind_code":"14","pref":"愛知県"}},{"type":"Feature","geometry":{"type":"Point","coordinates":[137.16717,34.76998]},"properties":{"name":"倉舞港","kind":"地方港湾","kind_code":"14","pref":"愛知県"}},{"type":"Feature","geometry":{"type":"Point","coordinates":[136.86711,34.7334]},"properties":{"name":"内海港","kind":"地方港湾","kind_code":"14","pref":"愛知県"}},{"type":"Feature","geometry":{"type":"Point","coordinates":[137.1594,34.65597]},"properties":{"name":"泉港","kind":"地方港湾","kind_code":"14","pref":"愛知県"}},{"type":"Feature","geometry":{"type":"Point","coordinates":[136.83697,34.76377]},"properties":{"name":"冨具崎港","kind":"地方港湾","kind_code":"14","pref":"愛知県"}},{"type":"Feature","geometry":{"type":"Point","coordinates":[137.19259,34.66916]},"properties":{"name":"馬草港","kind":"地方港湾","kind_code":"14","pref":"愛知県"}},{"type":"Feature","geometry":{"type":"Point","coordinates":[137.14685,34.77763]},"properties":{"name":"東幡豆港","kind":"地方港湾","kind_code":"14","pref":"愛知県"}},{"type":"Feature","geometry":{"type":"Point","coordinates":[136.91633,34.77776]},"properties":{"name":"河和港","kind":"地方港湾","kind_code":"14","pref":"愛知県"}},{"type":"Feature","geometry":{"type":"Point","coordinates":[137.14144,36.78894]},"properties":{"name":"伏木富山港","kind":"国際拠点港湾","kind_code":"12","pref":"富山県"}},{"type":"Feature","geometry":{"type":"Point","coordinates":[137.39005,36.81281]},"properties":{"name":"魚津港","kind":"地方港湾","kind_code":"14","pref":"富山県"}},{"type":"Feature","geometry":{"type":"Point","coordinates":[136.99121,37.09103]},"properties":{"name":"七尾港","kind":"重要港湾","kind_code":"13","pref":"石川県"}},{"type":"Feature","geometry":{"type":"Point","coordinates":[136.58348,36.61432]},"properties":{"name":"金沢港","kind":"重要港湾","kind_code":"13","pref":"石川県"}},{"type":"Feature","geometry":{"type":"Point","coordinates":[136.91829,37.21903]},"properties":{"name":"穴水港","kind":"地方港湾","kind_code":"14","pref":"石川県"}},{"type":"Feature","geometry":{"type":"Point","coordinates":[137.15363,37.2969]},"properties":{"name":"宇出津港","kind":"地方港湾","kind_code":"14","pref":"石川県"}},{"type":"Feature","geometry":{"type":"Point","coordinates":[137.2359,37.29573]},"properties":{"name":"小木港","kind":"地方港湾","kind_code":"14","pref":"石川県"}},{"type":"Feature","geometry":{"type":"Point","coordinates":[137.26562,37.43398]},"properties":{"name":"飯田港","kind":"地方港湾","kind_code":"14","pref":"石川県"}},{"type":"Feature","geometry":{"type":"Point","coordinates":[136.9137,37.40425]},"properties":{"name":"輪島港","kind":"地方港湾","kind_code":"14","pref":"石川県"}},{"type":"Feature","geometry":{"type":"Point","coordinates":[136.72249,37.08476]},"properties":{"name":"福浦港","kind":"地方港湾","kind_code":"14","pref":"石川県"}},{"type":"Feature","geometry":{"type":"Point","coordinates":[136.75396,36.91987]},"properties":{"name":"滝港","kind":"地方港湾","kind_code":"14","pref":"石川県"}},{"type":"Feature","geometry":{"type":"Point","coordinates":[136.24374,36.30068]},"properties":{"name":"塩屋港","kind":"地方港湾","kind_code":"14","pref":"石川県"}},{"type":"Feature","geometry":{"type":"Point","coordinates":[136.9155,37.09263]},"properties":{"name":"和倉港","kind":"地方港湾","kind_code":"14","pref":"石川県"}},{"type":"Feature","geometry":{"type":"Point","coordinates":[136.9349,37.11655]},"properties":{"name":"半ノ浦港","kind":"地方港湾","kind_code":"14","pref":"石川県"}},{"type":"Feature","geometry":{"type":"Point","coordinates":[138.51083,35.0252]},"properties":{"name":"清水港","kind":"国際拠点港湾","kind_code":"12","pref":"静岡県"}},{"type":"Feature","geometry":{"type":"Point","coordinates":[138.69436,35.13989]},"properties":{"name":"田子の浦港","kind":"重要港湾","kind_code":"13","pref":"静岡県"}},{"type":"Feature","geometry":{"type":"Point","coordinates":[138.85218,35.07779]},"properties":{"name":"沼津港","kind":"地方港湾","kind_code":"14","pref":"静岡県"}},{"type":"Feature","geometry":{"type":"Point","coordinates":[138.21418,34.6837]},"properties":{"name":"相良港","kind":"地方港湾","kind_code":"14","pref":"静岡県"}},{"type":"Feature","geometry":{"type":"Point","coordinates":[138.7857,34.91175]},"properties":{"name":"土肥港","kind":"地方港湾","kind_code":"14","pref":"静岡県"}},{"type":"Feature","geometry":{"type":"Point","coordinates":[138.76862,34.75871]},"properties":{"name":"松崎港","kind":"地方港湾","kind_code":"14","pref":"静岡県"}},{"type":"Feature","geometry":{"type":"Point","coordinates":[139.12778,34.97303]},"properties":{"name":"伊東港","kind":"地方港湾","kind_code":"14","pref":"静岡県"}},{"type":"Feature","geometry":{"type":"Point","coordinates":[139.0824,35.08167]},"properties":{"name":"熱海港","kind":"地方港湾","kind_code":"14","pref":"静岡県"}},{"type":"Feature","geometry":{"type":"Point","coordinates":[138.95371,34.6671]},"properties":{"name":"下田港","kind":"地方港湾","kind_code":"14","pref":"静岡県"}},{"type":"Feature","geometry":{"type":"Point","coordinates":[137.60449,34.67443]},"properties":{"name":"浜名港","kind":"地方港湾","kind_code":"14","pref":"静岡県"}},{"type":"Feature","geometry":{"type":"Point","coordinates":[138.76974,34.85063]},"properties":{"name":"宇久須港","kind":"地方港湾","kind_code":"14","pref":"静岡県"}},{"type":"Feature","geometry":{"type":"Point","coordinates":[138.89418,34.6314]},"properties":{"name":"手石港","kind":"地方港湾","kind_code":"14","pref":"静岡県"}},{"type":"Feature","geometry":{"type":"Point","coordinates":[138.23187,34.72836]},"properties":{"name":"榛原港","kind":"地方港湾","kind_code":"14","pref":"静岡県"}},{"type":"Feature","geometry":{"type":"Point","coordinates":[138.30496,34.78046]},"properties":{"name":"大井川港","kind":"地方港湾","kind_code":"14","pref":"静岡県"}},{"type":"Feature","geometry":{"type":"Point","coordinates":[138.22401,34.63688]},"properties":{"name":"御前崎港","kind":"重要港湾","kind_code":"13","pref":"静岡県"}},{"type":"Feature","geometry":{"type":"Point","coordinates":[139.15276,37.99014]},"properties":{"name":"新潟港","kind":"国際拠点港湾","kind_code":"12","pref":"新潟県"}},{"type":"Feature","geometry":{"type":"Point","coordinates":[138.45762,38.08934]},"properties":{"name":"両津港","kind":"重要港湾","kind_code":"13","pref":"新潟県"}},{"type":"Feature","geometry":{"type":"Point","coordinates":[138.2541,37.20231]},"properties":{"name":"直江津港","kind":"重要港湾","kind_code":"13","pref":"新潟県"}},{"type":"Feature","geometry":{"type":"Point","coordinates":[138.52986,37.37273]},"properties":{"name":"柏崎港","kind":"地方港湾","kind_code":"14","pref":"新潟県"}},{"type":"Feature","geometry":{"type":"Point","coordinates":[138.75765,37.6442]},"properties":{"name":"寺泊港","kind":"地方港湾","kind_code":"14","pref":"新潟県"}},{"type":"Feature","geometry":{"type":"Point","coordinates":[139.42348,38.19964]},"properties":{"name":"岩船港","kind":"地方港湾","kind_code":"14","pref":"新潟県"}},{"type":"Feature","geometry":{"type":"Point","coordinates":[138.26703,37.97115]},"properties":{"name":"二見港","kind":"地方港湾","kind_code":"14","pref":"新潟県"}},{"type":"Feature","geometry":{"type":"Point","coordinates":[138.41171,37.86771]},"properties":{"name":"赤泊港","kind":"地方港湾","kind_code":"14","pref":"新潟県"}},{"type":"Feature","geometry":{"type":"Point","coordinates":[137.84594,37.04802]},"properties":{"name":"姫川港","kind":"地方港湾","kind_code":"14","pref":"新潟県"}},{"type":"Feature","geometry":{"type":"Point","coordinates":[138.29095,37.8149]},"properties":{"name":"小木港","kind":"重要港湾","kind_code":"13","pref":"新潟県"}},{"type":"Feature","geometry":{"type":"Point","coordinates":[140.89055,36.92067]},"properties":{"name":"小名浜港","kind":"重要港湾","kind_code":"13","pref":"福島県"}},{"type":"Feature","geometry":{"type":"Point","coordinates":[140.96418,36.96519]},"properties":{"name":"江名港","kind":"地方港湾","kind_code":"14","pref":"福島県"}},{"type":"Feature","geometry":{"type":"Point","coordinates":[141.00689,37.14898]},"properties":{"name":"久之浜港","kind":"地方港湾","kind_code":"14","pref":"福島県"}},{"type":"Feature","geometry":{"type":"Point","coordinates":[140.95322,36.95738]},"properties":{"name":"中之作港","kind":"地方港湾","kind_code":"14","pref":"福島県"}},{"type":"Feature","geometry":{"type":"Point","coordinates":[140.96546,37.85805]},"properties":{"name":"相馬港","kind":"重要港湾","kind_code":"13","pref":"福島県"}},{"type":"Feature","geometry":{"type":"Point","coordinates":[140.71467,35.94682]},"properties":{"name":"鹿島港","kind":"重要港湾","kind_code":"13","pref":"茨城県"}},{"type":"Feature","geometry":{"type":"Point","coordinates":[140.70075,36.64853]},"properties":{"name":"川尻港","kind":"地方港湾","kind_code":"14","pref":"茨城県"}},{"type":"Feature","geometry":{"type":"Point","coordinates":[140.64765,36.54336]},"properties":{"name":"河原子港","kind":"地方港湾","kind_code":"14","pref":"茨城県"}},{"type":"Feature","geometry":{"type":"Point","coordinates":[140.62972,36.41722]},"properties":{"name":"茨城港","kind":"重要港湾","kind_code":"13","pref":"茨城県"}},{"type":"Feature","geometry":{"type":"Point","coordinates":[140.00355,35.57307]},"properties":{"name":"千葉港","kind":"国際拠点港湾","kind_code":"12","pref":"千葉県"}},{"type":"Feature","geometry":{"type":"Point","coordinates":[139.82814,35.38509]},"properties":{"name":"木更津港","kind":"重要港湾","kind_code":"13","pref":"千葉県"}},{"type":"Feature","geometry":{"type":"Point","coordinates":[139.84157,34.99771]},"properties":{"name":"館山港","kind":"地方港湾","kind_code":"14","pref":"千葉県"}},{"type":"Feature","geometry":{"type":"Point","coordinates":[140.25276,35.1294]},"properties":{"name":"興津港","kind":"地方港湾","kind_code":"14","pref":"千葉県"}},{"type":"Feature","geometry":{"type":"Point","coordinates":[140.83317,35.70236]},"properties":{"name":"名洗港","kind":"地方港湾","kind_code":"14","pref":"千葉県"}},{"type":"Feature","geometry":{"type":"Point","coordinates":[139.86137,35.22297]},"properties":{"name":"上総湊港","kind":"地方港湾","kind_code":"14","pref":"千葉県"}},{"type":"Feature","geometry":{"type":"Point","coordinates":[139.81208,35.17198]},"properties":{"name":"浜金谷港","kind":"地方港湾","kind_code":"14","pref":"千葉県"}},{"type":"Feature","geometry":{"type":"Point","coordinates":[139.80492,35.57386]},"properties":{"name":"東京港","kind":"国際戦略港湾","kind_code":"11","pref":"東京都"}},{"type":"Feature","geometry":{"type":"Point","coordinates":[139.34779,34.75157]},"properties":{"name":"元町港","kind":"地方港湾","kind_code":"14","pref":"東京都"}},{"type":"Feature","geometry":{"type":"Point","coordinates":[139.38732,34.79266]},"properties":{"name":"岡田港","kind":"地方港湾","kind_code":"14","pref":"東京都"}},{"type":"Feature","geometry":{"type":"Point","coordinates":[139.4424,34.68294]},"properties":{"name":"波浮港","kind":"地方港湾","kind_code":"14","pref":"東京都"}},{"type":"Feature","geometry":{"type":"Point","coordinates":[139.24625,34.37452]},"properties":{"name":"新島港","kind":"地方港湾","kind_code":"14","pref":"東京都"}},{"type":"Feature","geometry":{"type":"Point","coordinates":[139.12748,34.20617]},"properties":{"name":"神津島港","kind":"地方港湾","kind_code":"14","pref":"東京都"}},{"type":"Feature","geometry":{"type":"Point","coordinates":[139.51397,34.12293]},"properties":{"name":"大久保港","kind":"地方港湾","kind_code":"14","pref":"東京都"}},{"type":"Feature","geometry":{"type":"Point","coordinates":[139.76884,33.09569]},"properties":{"name":"八重根港","kind":"地方港湾","kind_code":"14","pref":"東京都"}},{"type":"Feature","geometry":{"type":"Point","coordinates":[139.81888,33.12383]},"properties":{"name":"神湊港","kind":"地方港湾","kind_code":"14","pref":"東京都"}},{"type":"Feature","geometry":{"type":"Point","coordinates":[139.28152,34.53515]},"properties":{"name":"利島港","kind":"地方港湾","kind_code":"14","pref":"東京都"}},{"type":"Feature","geometry":{"type":"Point","coordinates":[139.58855,33.89805]},"properties":{"name":"御蔵島港","kind":"地方港湾","kind_code":"14","pref":"東京都"}},{"type":"Feature","geometry":{"type":"Point","coordinates":[139.5633,34.08302]},"properties":{"name":"三池港","kind":"地方港湾","kind_code":"14","pref":"東京都"}},{"type":"Feature","geometry":{"type":"Point","coordinates":[139.75946,32.44588]},"properties":{"name":"青ヶ島港","kind":"地方港湾","kind_code":"14","pref":"東京都"}},{"type":"Feature","geometry":{"type":"Point","coordinates":[139.22185,34.31707]},"properties":{"name":"式根島港","kind":"地方港湾","kind_code":"14","pref":"東京都"}},{"type":"Feature","geometry":{"type":"Point","coordinates":[142.19535,27.08299]},"properties":{"name":"二見港","kind":"地方港湾","kind_code":"14","pref":"東京都"}},{"type":"Feature","geometry":{"type":"Point","coordinates":[142.16,26.6375]},"properties":{"name":"沖港","kind":"地方港湾","kind_code":"14","pref":"東京都"}},{"type":"Feature","geometry":{"type":"Point","coordinates":[139.7808,32.45757]},"properties":{"name":"大千代港","kind":"地方港湾","kind_code":"14","pref":"東京都"}},{"type":"Feature","geometry":{"type":"Point","coordinates":[139.69346,35.41591]},"properties":{"name":"横浜港","kind":"国際戦略港湾","kind_code":"11","pref":"神奈川県"}},{"type":"Feature","geometry":{"type":"Point","coordinates":[139.77427,35.4871]},"properties":{"name":"川崎港","kind":"国際戦略港湾","kind_code":"11","pref":"神奈川県"}},{"type":"Feature","geometry":{"type":"Point","coordinates":[139.70444,35.28643]},"properties":{"name":"横須賀港","kind":"重要港湾","kind_code":"13","pref":"神奈川県"}},{"type":"Feature","geometry":{"type":"Point","coordinates":[139.32041,35.30528]},"properties":{"name":"大磯港","kind":"地方港湾","kind_code":"14","pref":"神奈川県"}},{"type":"Feature","geometry":{"type":"Point","coordinates":[139.15006,35.14948]},"properties":{"name":"真鶴港","kind":"地方港湾","kind_code":"14","pref":"神奈川県"}},{"type":"Feature","geometry":{"type":"Point","coordinates":[139.48754,35.3001]},"properties":{"name":"湘南港","kind":"地方港湾","kind_code":"14","pref":"神奈川県"}},{"type":"Feature","geometry":{"type":"Point","coordinates":[139.56588,35.28276]},"properties":{"name":"葉山港","kind":"地方港湾","kind_code":"14","pref":"神奈川県"}},{"type":"Feature","geometry":{"type":"Point","coordinates":[140.21992,36.07987]},"properties":{"name":"土浦港","kind":"地方港湾","kind_code":"14","pref":"茨城県"}},{"type":"Feature","geometry":{"type":"Point","coordinates":[140.77854,40.86012]},"properties":{"name":"青森港","kind":"重要港湾","kind_code":"13","pref":"青森県"}},{"type":"Feature","geometry":{"type":"Point","coordinates":[141.52019,40.56129]},"properties":{"name":"八戸港","kind":"重要港湾","kind_code":"13","pref":"青森県"}},{"type":"Feature","geometry":{"type":"Point","coordinates":[140.89868,41.52958]},"properties":{"name":"大間港","kind":"地方港湾","kind_code":"14","pref":"青森県"}},{"type":"Feature","geometry":{"type":"Point","coordinates":[140.9882,41.19605]},"properties":{"name":"川内港","kind":"地方港湾","kind_code":"14","pref":"青森県"}},{"type":"Feature","geometry":{"type":"Point","coordinates":[141.16749,41.25717]},"properties":{"name":"大湊港","kind":"地方港湾","kind_code":"14","pref":"青森県"}},{"type":"Feature","geometry":{"type":"Point","coordinates":[141.11896,40.87946]},"properties":{"name":"野辺地港","kind":"地方港湾","kind_code":"14","pref":"青森県"}},{"type":"Feature","geometry":{"type":"Point","coordinates":[140.99194,40.94334]},"properties":{"name":"小湊港","kind":"地方港湾","kind_code":"14","pref":"青森県"}},{"type":"Feature","geometry":{"type":"Point","coordinates":[139.92424,40.65487]},"properties":{"name":"深浦港","kind":"地方港湾","kind_code":"14","pref":"青森県"}},{"type":"Feature","geometry":{"type":"Point","coordinates":[141.43731,41.41252]},"properties":{"name":"尻屋岬港","kind":"地方港湾","kind_code":"14","pref":"青森県"}},{"type":"Feature","geometry":{"type":"Point","coordinates":[141.41598,40.95669]},"properties":{"name":"むつ小川原港","kind":"重要港湾","kind_code":"13","pref":"青森県"}},{"type":"Feature","geometry":{"type":"Point","coordinates":[140.23246,40.80269]},"properties":{"name":"七里長浜港","kind":"地方港湾","kind_code":"14","pref":"青森県"}},{"type":"Feature","geometry":{"type":"Point","coordinates":[141.23669,41.36852]},"properties":{"name":"関根浜港","kind":"その他","kind_code":"15","pref":"青森県"}},{"type":"Feature","geometry":{"type":"Point","coordinates":[140.80191,41.31165]},"properties":{"name":"仏ヶ浦港","kind":"地方港湾","kind_code":"14","pref":"青森県"}},{"type":"Feature","geometry":{"type":"Point","coordinates":[141.97615,39.62794]},"properties":{"name":"宮古港","kind":"重要港湾","kind_code":"13","pref":"岩手県"}},{"type":"Feature","geometry":{"type":"Point","coordinates":[141.73321,39.0191]},"properties":{"name":"大船渡港","kind":"重要港湾","kind_code":"13","pref":"岩手県"}},{"type":"Feature","geometry":{"type":"Point","coordinates":[141.92066,39.2578]},"properties":{"name":"釜石港","kind":"重要港湾","kind_code":"13","pref":"岩手県"}},{"type":"Feature","geometry":{"type":"Point","coordinates":[141.76553,40.34872]},"properties":{"name":"八木港","kind":"地方港湾","kind_code":"14","pref":"岩手県"}},{"type":"Feature","geometry":{"type":"Point","coordinates":[141.82447,40.2001]},"properties":{"name":"久慈港","kind":"重要港湾","kind_code":"13","pref":"岩手県"}},{"type":"Feature","geometry":{"type":"Point","coordinates":[141.9783,39.84787]},"properties":{"name":"小本港","kind":"地方港湾","kind_code":"14","pref":"岩手県"}},{"type":"Feature","geometry":{"type":"Point","coordinates":[141.09087,38.32254]},"properties":{"name":"仙台塩釜港","kind":"国際拠点港湾","kind_code":"12","pref":"宮城県"}},{"type":"Feature","geometry":{"type":"Point","coordinates":[141.50232,38.50159]},"properties":{"name":"雄勝港","kind":"地方港湾","kind_code":"14","pref":"宮城県"}},{"type":"Feature","geometry":{"type":"Point","coordinates":[141.44743,38.37361]},"properties":{"name":"荻浜港","kind":"地方港湾","kind_code":"14","pref":"宮城県"}},{"type":"Feature","geometry":{"type":"Point","coordinates":[141.48265,38.42173]},"properties":{"name":"女川港","kind":"地方港湾","kind_code":"14","pref":"宮城県"}},{"type":"Feature","geometry":{"type":"Point","coordinates":[141.54976,38.29334]},"properties":{"name":"金華山港","kind":"地方港湾","kind_code":"14","pref":"宮城県"}},{"type":"Feature","geometry":{"type":"Point","coordinates":[141.59642,38.88595]},"properties":{"name":"気仙沼港","kind":"地方港湾","kind_code":"14","pref":"宮城県"}},{"type":"Feature","geometry":{"type":"Point","coordinates":[141.66605,38.86085]},"properties":{"name":"御崎港","kind":"地方港湾","kind_code":"14","pref":"宮城県"}},{"type":"Feature","geometry":{"type":"Point","coordinates":[141.46449,38.3256]},"properties":{"name":"表浜港","kind":"地方港湾","kind_code":"14","pref":"宮城県"}},{"type":"Feature","geometry":{"type":"Point","coordinates":[139.80468,38.93565]},"properties":{"name":"酒田港","kind":"重要港湾","kind_code":"13","pref":"山形県"}},{"type":"Feature","geometry":{"type":"Point","coordinates":[139.54421,38.56074]},"properties":{"name":"鼠ヶ関港","kind":"地方港湾","kind_code":"14","pref":"山形県"}},{"type":"Feature","geometry":{"type":"Point","coordinates":[139.73052,38.76748]},"properties":{"name":"加茂港","kind":"地方港湾","kind_code":"14","pref":"山形県"}},{"type":"Feature","geometry":{"type":"Point","coordinates":[140.0269,39.76228]},"properties":{"name":"秋田港","kind":"重要港湾","kind_code":"13","pref":"秋田県"}},{"type":"Feature","geometry":{"type":"Point","coordinates":[139.86768,39.87207]},"properties":{"name":"船川港","kind":"重要港湾","kind_code":"13","pref":"秋田県"}},{"type":"Feature","geometry":{"type":"Point","coordinates":[139.98387,40.21058]},"properties":{"name":"能代港","kind":"重要港湾","kind_code":"13","pref":"秋田県"}},{"type":"Feature","geometry":{"type":"Point","coordinates":[140.01175,39.38929]},"properties":{"name":"本荘港","kind":"地方港湾","kind_code":"14","pref":"秋田県"}},{"type":"Feature","geometry":{"type":"Point","coordinates":[139.70379,39.95575]},"properties":{"name":"戸賀港","kind":"地方港湾","kind_code":"14","pref":"秋田県"}},{"type":"Feature","geometry":{"type":"Point","coordinates":[129.81776,32.71355]},"properties":{"name":"長崎港","kind":"重要港湾","kind_code":"13","pref":"長崎県"}},{"type":"Feature","geometry":{"type":"Point","coordinates":[129.29376,34.19188]},"properties":{"name":"厳原港","kind":"重要港湾","kind_code":"13","pref":"長崎県"}},{"type":"Feature","geometry":{"type":"Point","coordinates":[129.67273,33.74269]},"properties":{"name":"郷ノ浦港","kind":"重要港湾","kind_code":"13","pref":"長崎県"}},{"type":"Feature","geometry":{"type":"Point","coordinates":[128.8548,32.6974]},"properties":{"name":"福江港","kind":"重要港湾","kind_code":"13","pref":"長崎県"}},{"type":"Feature","geometry":{"type":"Point","coordinates":[129.7216,33.12308]},"properties":{"name":"佐世保港","kind":"重要港湾","kind_code":"13","pref":"長崎県"}},{"type":"Feature","geometry":{"type":"Point","coordinates":[130.37898,32.79766]},"properties":{"name":"島原港","kind":"地方港湾","kind_code":"14","pref":"長崎県"}},{"type":"Feature","geometry":{"type":"Point","coordinates":[129.48398,34.6505]},"properties":{"name":"比田勝港","kind":"地方港湾","kind_code":"14","pref":"長崎県"}},{"type":"Feature","geometry":{"type":"Point","coordinates":[129.91748,32.70293]},"properties":{"name":"茂木港","kind":"地方港湾","kind_code":"14","pref":"長崎県"}},{"type":"Feature","geometry":{"type":"Point","coordinates":[129.11391,32.99151]},"properties":{"name":"有川港","kind":"地方港湾","kind_code":"14","pref":"長崎県"}},{"type":"Feature","geometry":{"type":"Point","coordinates":[129.55776,33.01418]},"properties":{"name":"崎戸港","kind":"地方港湾","kind_code":"14","pref":"長崎県"}},{"type":"Feature","geometry":{"type":"Point","coordinates":[129.59037,33.20516]},"properties":{"name":"臼ノ浦港","kind":"地方港湾","kind_code":"14","pref":"長崎県"}},{"type":"Feature","geometry":{"type":"Point","coordinates":[129.5731,33.36229]},"properties":{"name":"田平港","kind":"地方港湾","kind_code":"14","pref":"長崎県"}},{"type":"Feature","geometry":{"type":"Point","coordinates":[129.64636,32.92533]},"properties":{"name":"瀬戸港","kind":"地方港湾","kind_code":"14","pref":"長崎県"}},{"type":"Feature","geometry":{"type":"Point","coordinates":[129.78734,32.57855]},"properties":{"name":"脇岬港","kind":"地方港湾","kind_code":"14","pref":"長崎県"}},{"type":"Feature","geometry":{"type":"Point","coordinates":[129.58912,33.30074]},"properties":{"name":"江迎港","kind":"地方港湾","kind_code":"14","pref":"長崎県"}},{"type":"Feature","geometry":{"type":"Point","coordinates":[129.78335,32.70169]},"properties":{"name":"伊王島港","kind":"地方港湾","kind_code":"14","pref":"長崎県"}},{"type":"Feature","geometry":{"type":"Point","coordinates":[130.28916,32.64966]},"properties":{"name":"須川港","kind":"地方港湾","kind_code":"14","pref":"長崎県"}},{"type":"Feature","geometry":{"type":"Point","coordinates":[129.78414,33.00934]},"properties":{"name":"宮浦港","kind":"地方港湾","kind_code":"14","pref":"長崎県"}},{"type":"Feature","geometry":{"type":"Point","coordinates":[130.19871,32.60589]},"properties":{"name":"口ノ津港","kind":"地方港湾","kind_code":"14","pref":"長崎県"}},{"type":"Feature","geometry":{"type":"Point","coordinates":[129.62592,33.03266]},"properties":{"name":"肥前大島港","kind":"地方港湾","kind_code":"14","pref":"長崎県"}},{"type":"Feature","geometry":{"type":"Point","coordinates":[129.76144,32.64609]},"properties":{"name":"高島港","kind":"地方港湾","kind_code":"14","pref":"長崎県"}},{"type":"Feature","geometry":{"type":"Point","coordinates":[130.20185,32.92616]},"properties":{"name":"小長井港","kind":"地方港湾","kind_code":"14","pref":"長崎県"}},{"type":"Feature","geometry":{"type":"Point","coordinates":[128.77235,32.62093]},"properties":{"name":"富江港","kind":"地方港湾","kind_code":"14","pref":"長崎県"}},{"type":"Feature","geometry":{"type":"Point","coordinates":[129.6912,33.86058]},"properties":{"name":"勝本港","kind":"地方港湾","kind_code":"14","pref":"長崎県"}},{"type":"Feature","geometry":{"type":"Point","coordinates":[129.56019,33.37082]},"properties":{"name":"平戸港","kind":"地方港湾","kind_code":"14","pref":"長崎県"}},{"type":"Feature","geometry":{"type":"Point","coordinates":[129.75922,33.73836]},"properties":{"name":"印通寺港","kind":"地方港湾","kind_code":"14","pref":"長崎県"}},{"type":"Feature","geometry":{"type":"Point","coordinates":[130.24493,32.87611]},"properties":{"name":"西郷港","kind":"地方港湾","kind_code":"14","pref":"長崎県"}},{"type":"Feature","geometry":{"type":"Point","coordinates":[129.18685,34.23549]},"properties":{"name":"小茂田港","kind":"地方港湾","kind_code":"14","pref":"長崎県"}},{"type":"Feature","geometry":{"type":"Point","coordinates":[129.93041,32.91866]},"properties":{"name":"大村港","kind":"地方港湾","kind_code":"14","pref":"長崎県"}},{"type":"Feature","geometry":{"type":"Point","coordinates":[128.77427,32.754]},"properties":{"name":"岐宿港","kind":"地方港湾","kind_code":"14","pref":"長崎県"}},{"type":"Feature","geometry":{"type":"Point","coordinates":[129.02804,32.89081]},"properties":{"name":"若松港","kind":"地方港湾","kind_code":"14","pref":"長崎県"}},{"type":"Feature","geometry":{"type":"Point","coordinates":[129.60476,32.88789]},"properties":{"name":"池島港","kind":"地方港湾","kind_code":"14","pref":"長崎県"}},{"type":"Feature","geometry":{"type":"Point","coordinates":[129.64179,33.20578]},"properties":{"name":"佐々港","kind":"地方港湾","kind_code":"14","pref":"長崎県"}},{"type":"Feature","geometry":{"type":"Point","coordinates":[129.52901,33.32387]},"properties":{"name":"川内港","kind":"地方港湾","kind_code":"14","pref":"長崎県"}},{"type":"Feature","geometry":{"type":"Point","coordinates":[129.72424,33.35557]},"properties":{"name":"調川港","kind":"地方港湾","kind_code":"14","pref":"長崎県"}},{"type":"Feature","geometry":{"type":"Point","coordinates":[129.90724,33.0366]},"properties":{"name":"彼杵港","kind":"地方港湾","kind_code":"14","pref":"長崎県"}},{"type":"Feature","geometry":{"type":"Point","coordinates":[129.0278,32.99164]},"properties":{"name":"青方港","kind":"地方港湾","kind_code":"14","pref":"長崎県"}},{"type":"Feature","geometry":{"type":"Point","coordinates":[129.31159,34.52072]},"properties":{"name":"鹿見港","kind":"地方港湾","kind_code":"14","pref":"長崎県"}},{"type":"Feature","geometry":{"type":"Point","coordinates":[129.61829,32.94132]},"properties":{"name":"松島港","kind":"地方港湾","kind_code":"14","pref":"長崎県"}},{"type":"Feature","geometry":{"type":"Point","coordinates":[129.8481,32.84505]},"properties":{"name":"時津港","kind":"地方港湾","kind_code":"14","pref":"長崎県"}},{"type":"Feature","geometry":{"type":"Point","coordinates":[129.86405,33.05744]},"properties":{"name":"川棚港","kind":"地方港湾","kind_code":"14","pref":"長崎県"}},{"type":"Feature","geometry":{"type":"Point","coordinates":[128.63703,32.6431]},"properties":{"name":"玉ノ浦港","kind":"地方港湾","kind_code":"14","pref":"長崎県"}},{"type":"Feature","geometry":{"type":"Point","coordinates":[130.31023,32.87852]},"properties":{"name":"多比良港","kind":"地方港湾","kind_code":"14","pref":"長崎県"}},{"type":"Feature","geometry":{"type":"Point","coordinates":[129.65755,33.04356]},"properties":{"name":"太田和港","kind":"地方港湾","kind_code":"14","pref":"長崎県"}},{"type":"Feature","geometry":{"type":"Point","coordinates":[129.30989,34.38356]},"properties":{"name":"仁位港","kind":"地方港湾","kind_code":"14","pref":"長崎県"}},{"type":"Feature","geometry":{"type":"Point","coordinates":[129.30872,34.29287]},"properties":{"name":"竹敷港","kind":"地方港湾","kind_code":"14","pref":"長崎県"}},{"type":"Feature","geometry":{"type":"Point","coordinates":[129.73299,33.0532]},"properties":{"name":"瀬川港","kind":"地方港湾","kind_code":"14","pref":"長崎県"}},{"type":"Feature","geometry":{"type":"Point","coordinates":[129.32867,34.53124]},"properties":{"name":"仁田港","kind":"地方港湾","kind_code":"14","pref":"長崎県"}},{"type":"Feature","geometry":{"type":"Point","coordinates":[128.93768,32.82328]},"properties":{"name":"相の浦港","kind":"地方港湾","kind_code":"14","pref":"長崎県"}},{"type":"Feature","geometry":{"type":"Point","coordinates":[129.8255,33.35667]},"properties":{"name":"福島港","kind":"地方港湾","kind_code":"14","pref":"長崎県"}},{"type":"Feature","geometry":{"type":"Point","coordinates":[129.5346,33.47137]},"properties":{"name":"大島港","kind":"地方港湾","kind_code":"14","pref":"長崎県"}},{"type":"Feature","geometry":{"type":"Point","coordinates":[130.20251,32.73875]},"properties":{"name":"小浜港","kind":"地方港湾","kind_code":"14","pref":"長崎県"}},{"type":"Feature","geometry":{"type":"Point","coordinates":[129.38542,34.64375]},"properties":{"name":"佐須奈港","kind":"地方港湾","kind_code":"14","pref":"長崎県"}},{"type":"Feature","geometry":{"type":"Point","coordinates":[129.94598,32.73257]},"properties":{"name":"太田尾港","kind":"地方港湾","kind_code":"14","pref":"長崎県"}},{"type":"Feature","geometry":{"type":"Point","coordinates":[129.79059,33.07831]},"properties":{"name":"早岐港","kind":"地方港湾","kind_code":"14","pref":"長崎県"}},{"type":"Feature","geometry":{"type":"Point","coordinates":[130.0017,32.84045]},"properties":{"name":"久山港","kind":"地方港湾","kind_code":"14","pref":"長崎県"}},{"type":"Feature","geometry":{"type":"Point","coordinates":[129.68042,33.35715]},"properties":{"name":"松浦港","kind":"地方港湾","kind_code":"14","pref":"長崎県"}},{"type":"Feature","geometry":{"type":"Point","coordinates":[129.7781,32.60547]},"properties":{"name":"古里港","kind":"地方港湾","kind_code":"14","pref":"長崎県"}},{"type":"Feature","geometry":{"type":"Point","coordinates":[129.80441,32.91698]},"properties":{"name":"小口港","kind":"地方港湾","kind_code":"14","pref":"長崎県"}},{"type":"Feature","geometry":{"type":"Point","coordinates":[129.64563,32.9935]},"properties":{"name":"大瀬戸柳港","kind":"地方港湾","kind_code":"14","pref":"長崎県"}},{"type":"Feature","geometry":{"type":"Point","coordinates":[129.99956,32.75828]},"properties":{"name":"田結港","kind":"地方港湾","kind_code":"14","pref":"長崎県"}},{"type":"Feature","geometry":{"type":"Point","coordinates":[130.26746,32.87488]},"properties":{"name":"神代港","kind":"地方港湾","kind_code":"14","pref":"長崎県"}},{"type":"Feature","geometry":{"type":"Point","coordinates":[129.65368,33.00315]},"properties":{"name":"七ツ釜港","kind":"地方港湾","kind_code":"14","pref":"長崎県"}},{"type":"Feature","geometry":{"type":"Point","coordinates":[130.32769,32.66337]},"properties":{"name":"石田港","kind":"その他","kind_code":"15","pref":"長崎県"}},{"type":"Feature","geometry":{"type":"Point","coordinates":[129.72915,33.40895]},"properties":{"name":"三里港","kind":"その他","kind_code":"15","pref":"長崎県"}},{"type":"Feature","geometry":{"type":"Point","coordinates":[128.64617,32.76832]},"properties":{"name":"淵ノ元港","kind":"その他","kind_code":"15","pref":"長崎県"}},{"type":"Feature","geometry":{"type":"Point","coordinates":[129.08056,33.05982]},"properties":{"name":"曽根港","kind":"地方港湾","kind_code":"14","pref":"長崎県"}},{"type":"Feature","geometry":{"type":"Point","coordinates":[130.33766,32.66658]},"properties":{"name":"堂崎港","kind":"地方港湾","kind_code":"14","pref":"長崎県"}},{"type":"Feature","geometry":{"type":"Point","coordinates":[129.57934,33.01162]},"properties":{"name":"阿房下港","kind":"その他","kind_code":"15","pref":"長崎県"}},{"type":"Feature","geometry":{"type":"Point","coordinates":[129.52357,33.36828]},"properties":{"name":"古江港","kind":"地方港湾","kind_code":"14","pref":"長崎県"}},{"type":"Feature","geometry":{"type":"Point","coordinates":[129.50953,33.47171]},"properties":{"name":"獅子吼港","kind":"その他","kind_code":"15","pref":"長崎県"}},{"type":"Feature","geometry":{"type":"Point","coordinates":[129.73798,33.40645]},"properties":{"name":"床浪港","kind":"地方港湾","kind_code":"14","pref":"長崎県"}},{"type":"Feature","geometry":{"type":"Point","coordinates":[129.95723,32.76403]},"properties":{"name":"東望港","kind":"その他","kind_code":"15","pref":"長崎県"}},{"type":"Feature","geometry":{"type":"Point","coordinates":[129.77605,33.4266]},"properties":{"name":"神崎港","kind":"地方港湾","kind_code":"14","pref":"長崎県"}},{"type":"Feature","geometry":{"type":"Point","coordinates":[130.15731,32.90579]},"properties":{"name":"城ノ下港","kind":"地方港湾","kind_code":"14","pref":"長崎県"}},{"type":"Feature","geometry":{"type":"Point","coordinates":[129.67883,33.3928]},"properties":{"name":"岳崎港","kind":"その他","kind_code":"15","pref":"長崎県"}},{"type":"Feature","geometry":{"type":"Point","coordinates":[129.48893,33.24998]},"properties":{"name":"大川原港","kind":"その他","kind_code":"15","pref":"長崎県"}},{"type":"Feature","geometry":{"type":"Point","coordinates":[129.97155,32.86928]},"properties":{"name":"三浦船津港","kind":"その他","kind_code":"15","pref":"長崎県"}},{"type":"Feature","geometry":{"type":"Point","coordinates":[129.74271,33.4294]},"properties":{"name":"三代港","kind":"その他","kind_code":"15","pref":"長崎県"}},{"type":"Feature","geometry":{"type":"Point","coordinates":[129.61469,33.37431]},"properties":{"name":"鯨ヶ浦港","kind":"その他","kind_code":"15","pref":"長崎県"}},{"type":"Feature","geometry":{"type":"Point","coordinates":[129.60569,33.37097]},"properties":{"name":"久吹港","kind":"その他","kind_code":"15","pref":"長崎県"}},{"type":"Feature","geometry":{"type":"Point","coordinates":[129.56742,33.32066]},"properties":{"name":"大塔港","kind":"その他","kind_code":"15","pref":"長崎県"}},{"type":"Feature","geometry":{"type":"Point","coordinates":[129.75013,33.41851]},"properties":{"name":"原港","kind":"その他","kind_code":"15","pref":"長崎県"}},{"type":"Feature","geometry":{"type":"Point","coordinates":[129.65881,33.78991]},"properties":{"name":"森ノ浜港","kind":"地方港湾","kind_code":"14","pref":"長崎県"}},{"type":"Feature","geometry":{"type":"Point","coordinates":[129.50219,33.28053]},"properties":{"name":"紐差港","kind":"その他","kind_code":"15","pref":"長崎県"}},{"type":"Feature","geometry":{"type":"Point","coordinates":[129.11227,33.07582]},"properties":{"name":"小瀬良港","kind":"地方港湾","kind_code":"14","pref":"長崎県"}},{"type":"Feature","geometry":{"type":"Point","coordinates":[128.6895,32.76833]},"properties":{"name":"大川港","kind":"その他","kind_code":"15","pref":"長崎県"}},{"type":"Feature","geometry":{"type":"Point","coordinates":[129.75582,33.0417]},"properties":{"name":"小迎港","kind":"その他","kind_code":"15","pref":"長崎県"}},{"type":"Feature","geometry":{"type":"Point","coordinates":[129.66817,33.07472]},"properties":{"name":"面高港","kind":"地方港湾","kind_code":"14","pref":"長崎県"}},{"type":"Feature","geometry":{"type":"Point","coordinates":[129.56025,33.38387]},"properties":{"name":"中の浦港","kind":"その他","kind_code":"15","pref":"長崎県"}},{"type":"Feature","geometry":{"type":"Point","coordinates":[128.85019,32.77759]},"properties":{"name":"浜脇港","kind":"その他","kind_code":"15","pref":"長崎県"}},{"type":"Feature","geometry":{"type":"Point","coordinates":[128.8677,32.83101]},"properties":{"name":"折紙港","kind":"その他","kind_code":"15","pref":"長崎県"}},{"type":"Feature","geometry":{"type":"Point","coordinates":[128.97227,32.75645]},"properties":{"name":"毛吹港","kind":"その他","kind_code":"15","pref":"長崎県"}},{"type":"Feature","geometry":{"type":"Point","coordinates":[128.88785,32.64091]},"properties":{"name":"カヅメ港","kind":"その他","kind_code":"15","pref":"長崎県"}},{"type":"Feature","geometry":{"type":"Point","coordinates":[128.65062,32.73987]},"properties":{"name":"浜窄港","kind":"地方港湾","kind_code":"14","pref":"長崎県"}},{"type":"Feature","geometry":{"type":"Point","coordinates":[129.00423,32.75647]},"properties":{"name":"芦ノ浦港","kind":"地方港湾","kind_code":"14","pref":"長崎県"}},{"type":"Feature","geometry":{"type":"Point","coordinates":[129.09365,32.99337]},"properties":{"name":"榎津港","kind":"地方港湾","kind_code":"14","pref":"長崎県"}},{"type":"Feature","geometry":{"type":"Point","coordinates":[129.0374,32.9241]},"properties":{"name":"郷ノ首港","kind":"地方港湾","kind_code":"14","pref":"長崎県"}},{"type":"Feature","geometry":{"type":"Point","coordinates":[129.86375,32.85419]},"properties":{"name":"長与港","kind":"地方港湾","kind_code":"14","pref":"長崎県"}},{"type":"Feature","geometry":{"type":"Point","coordinates":[129.67452,32.8796]},"properties":{"name":"神ノ浦港","kind":"地方港湾","kind_code":"14","pref":"長崎県"}},{"type":"Feature","geometry":{"type":"Point","coordinates":[128.98443,32.76151]},"properties":{"name":"椛島港","kind":"地方港湾","kind_code":"14","pref":"長崎県"}},{"type":"Feature","geometry":{"type":"Point","coordinates":[129.36737,34.42857]},"properties":{"name":"曽ノ浦港","kind":"地方港湾","kind_code":"14","pref":"長崎県"}},{"type":"Feature","geometry":{"type":"Point","coordinates":[129.65899,33.38086]},"properties":{"name":"下田港","kind":"地方港湾","kind_code":"14","pref":"長崎県"}},{"type":"Feature","geometry":{"type":"Point","coordinates":[129.39581,34.46847]},"properties":{"name":"峰港","kind":"地方港湾","kind_code":"14","pref":"長崎県"}},{"type":"Feature","geometry":{"type":"Point","coordinates":[141.70685,45.41455]},"properties":{"name":"稚内港","kind":"重要港湾","kind_code":"13","pref":"北海道"}},{"type":"Feature","geometry":{"type":"Point","coordinates":[141.72194,42.59667]},"properties":{"name":"苫小牧港","kind":"国際拠点港湾","kind_code":"12","pref":"北海道"}},{"type":"Feature","geometry":{"type":"Point","coordinates":[141.62889,43.96444]},"properties":{"name":"留萌港","kind":"重要港湾","kind_code":"13","pref":"北海道"}},{"type":"Feature","geometry":{"type":"Point","coordinates":[141.3524,43.26303]},"properties":{"name":"石狩港","kind":"地方港湾","kind_code":"14","pref":"北海道"}},{"type":"Feature","geometry":{"type":"Point","coordinates":[142.7602,42.1652]},"properties":{"name":"浦河港","kind":"地方港湾","kind_code":"14","pref":"北海道"}},{"type":"Feature","geometry":{"type":"Point","coordinates":[143.14231,42.01668]},"properties":{"name":"えりも港","kind":"地方港湾","kind_code":"14","pref":"北海道"}},{"type":"Feature","geometry":{"type":"Point","coordinates":[141.6965,44.37465]},"properties":{"name":"羽幌港","kind":"地方港湾","kind_code":"14","pref":"北海道"}},{"type":"Feature","geometry":{"type":"Point","coordinates":[141.42434,44.44736]},"properties":{"name":"焼尻港","kind":"地方港湾","kind_code":"14","pref":"北海道"}},{"type":"Feature","geometry":{"type":"Point","coordinates":[141.33447,44.43996]},"properties":{"name":"天売港","kind":"地方港湾","kind_code":"14","pref":"北海道"}},{"type":"Feature","geometry":{"type":"Point","coordinates":[141.52702,43.86134]},"properties":{"name":"増毛港","kind":"地方港湾","kind_code":"14","pref":"北海道"}},{"type":"Feature","geometry":{"type":"Point","coordinates":[141.72979,44.88273]},"properties":{"name":"天塩港","kind":"地方港湾","kind_code":"14","pref":"北海道"}},{"type":"Feature","geometry":{"type":"Point","coordinates":[141.23504,45.23881]},"properties":{"name":"鴛泊港","kind":"地方港湾","kind_code":"14","pref":"北海道"}},{"type":"Feature","geometry":{"type":"Point","coordinates":[142.59306,44.93611]},"properties":{"name":"枝幸港","kind":"地方港湾","kind_code":"14","pref":"北海道"}},{"type":"Feature","geometry":{"type":"Point","coordinates":[141.04959,45.30105]},"properties":{"name":"香深港","kind":"地方港湾","kind_code":"14","pref":"北海道"}},{"type":"Feature","geometry":{"type":"Point","coordinates":[141.13397,45.19263]},"properties":{"name":"沓形港","kind":"地方港湾","kind_code":"14","pref":"北海道"}},{"type":"Feature","geometry":{"type":"Point","coordinates":[141.94571,45.52313]},"properties":{"name":"宗谷港","kind":"地方港湾","kind_code":"14","pref":"北海道"}},{"type":"Feature","geometry":{"type":"Point","coordinates":[143.33444,42.29556]},"properties":{"name":"十勝港","kind":"重要港湾","kind_code":"13","pref":"北海道"}},{"type":"Feature","geometry":{"type":"Point","coordinates":[142.23057,45.2793]},"properties":{"name":"浜猿払港","kind":"その他","kind_code":"15","pref":"北海道"}},{"type":"Feature","geometry":{"type":"Point","coordinates":[141.26972,43.21111]},"properties":{"name":"石狩湾新港","kind":"重要港湾","kind_code":"13","pref":"北海道"}},{"type":"Feature","geometry":{"type":"Point","coordinates":[143.36854,44.36058]},"properties":{"name":"紋別港","kind":"重要港湾","kind_code":"13","pref":"北海道"}},{"type":"Feature","geometry":{"type":"Point","coordinates":[141.3202,42.51797]},"properties":{"name":"白老港","kind":"地方港湾","kind_code":"14","pref":"北海道"}},{"type":"Feature","geometry":{"type":"Point","coordinates":[144.32336,42.98455]},"properties":{"name":"釧路港","kind":"重要港湾","kind_code":"13","pref":"北海道"}},{"type":"Feature","geometry":{"type":"Point","coordinates":[145.57535,43.34519]},"properties":{"name":"根室港","kind":"重要港湾","kind_code":"13","pref":"北海道"}},{"type":"Feature","geometry":{"type":"Point","coordinates":[144.2861,44.02872]},"properties":{"name":"網走港","kind":"重要港湾","kind_code":"13","pref":"北海道"}},{"type":"Feature","geometry":{"type":"Point","coordinates":[145.12609,43.08705]},"properties":{"name":"霧多布港","kind":"地方港湾","kind_code":"14","pref":"北海道"}},{"type":"Feature","geometry":{"type":"Point","coordinates":[143.76527,42.76271]},"properties":{"name":"昆布刈石港","kind":"その他","kind_code":"15","pref":"北海道"}},{"type":"Feature","geometry":{"type":"Point","coordinates":[145.09584,43.72537]},"properties":{"name":"忠類港","kind":"その他","kind_code":"15","pref":"北海道"}},{"type":"Feature","geometry":{"type":"Point","coordinates":[145.08944,43.82431]},"properties":{"name":"崎無異港","kind":"その他","kind_code":"15","pref":"北海道"}},{"type":"Feature","geometry":{"type":"Point","coordinates":[127.66173,26.24925]},"properties":{"name":"那覇港","kind":"重要港湾","kind_code":"13","pref":"沖縄県"}},{"type":"Feature","geometry":{"type":"Point","coordinates":[128.01018,26.69072]},"properties":{"name":"運天港","kind":"重要港湾","kind_code":"13","pref":"沖縄県"}},{"type":"Feature","geometry":{"type":"Point","coordinates":[125.27557,24.82248]},"properties":{"name":"平良港","kind":"重要港湾","kind_code":"13","pref":"沖縄県"}},{"type":"Feature","geometry":{"type":"Point","coordinates":[124.13415,24.34076]},"properties":{"name":"石垣港","kind":"重要港湾","kind_code":"13","pref":"沖縄県"}},{"type":"Feature","geometry":{"type":"Point","coordinates":[128.11534,26.66631]},"properties":{"name":"塩屋港","kind":"地方港湾","kind_code":"14","pref":"沖縄県"}},{"type":"Feature","geometry":{"type":"Point","coordinates":[128.01671,26.69361]},"properties":{"name":"古宇利港","kind":"地方港湾","kind_code":"14","pref":"沖縄県"}},{"type":"Feature","geometry":{"type":"Point","coordinates":[127.80165,26.70509]},"properties":{"name":"伊江港","kind":"地方港湾","kind_code":"14","pref":"沖縄県"}},{"type":"Feature","geometry":{"type":"Point","coordinates":[127.88481,26.6248]},"properties":{"name":"本部港","kind":"地方港湾","kind_code":"14","pref":"沖縄県"}},{"type":"Feature","geometry":{"type":"Point","coordinates":[127.88408,26.15408]},"properties":{"name":"徳仁港","kind":"地方港湾","kind_code":"14","pref":"沖縄県"}},{"type":"Feature","geometry":{"type":"Point","coordinates":[127.96793,27.0335]},"properties":{"name":"前泊港","kind":"地方港湾","kind_code":"14","pref":"沖縄県"}},{"type":"Feature","geometry":{"type":"Point","coordinates":[127.92775,26.99255]},"properties":{"name":"野甫港","kind":"地方港湾","kind_code":"14","pref":"沖縄県"}},{"type":"Feature","geometry":{"type":"Point","coordinates":[127.95302,26.92562]},"properties":{"name":"仲田港","kind":"地方港湾","kind_code":"14","pref":"沖縄県"}},{"type":"Feature","geometry":{"type":"Point","coordinates":[131.28248,25.95338]},"properties":{"name":"北大東港","kind":"地方港湾","kind_code":"14","pref":"沖縄県"}},{"type":"Feature","geometry":{"type":"Point","coordinates":[131.21554,25.84131]},"properties":{"name":"南大東港","kind":"地方港湾","kind_code":"14","pref":"沖縄県"}},{"type":"Feature","geometry":{"type":"Point","coordinates":[127.23386,26.57674]},"properties":{"name":"粟国港","kind":"地方港湾","kind_code":"14","pref":"沖縄県"}},{"type":"Feature","geometry":{"type":"Point","coordinates":[126.75602,26.33263]},"properties":{"name":"兼城港","kind":"地方港湾","kind_code":"14","pref":"沖縄県"}},{"type":"Feature","geometry":{"type":"Point","coordinates":[127.37323,26.19847]},"properties":{"name":"渡嘉敷港","kind":"地方港湾","kind_code":"14","pref":"沖縄県"}},{"type":"Feature","geometry":{"type":"Point","coordinates":[127.32108,26.21778]},"properties":{"name":"安護の浦港","kind":"地方港湾","kind_code":"14","pref":"沖縄県"}},{"type":"Feature","geometry":{"type":"Point","coordinates":[127.30052,26.2242]},"properties":{"name":"座間味港","kind":"地方港湾","kind_code":"14","pref":"沖縄県"}},{"type":"Feature","geometry":{"type":"Point","coordinates":[125.20173,24.79586]},"properties":{"name":"長山港","kind":"地方港湾","kind_code":"14","pref":"沖縄県"}},{"type":"Feature","geometry":{"type":"Point","coordinates":[125.25995,24.72915]},"properties":{"name":"来間・前浜港","kind":"地方港湾","kind_code":"14","pref":"沖縄県"}},{"type":"Feature","geometry":{"type":"Point","coordinates":[124.69566,24.74558]},"properties":{"name":"水納港","kind":"地方港湾","kind_code":"14","pref":"沖縄県"}},{"type":"Feature","geometry":{"type":"Point","coordinates":[124.72761,24.64237]},"properties":{"name":"多良間港","kind":"地方港湾","kind_code":"14","pref":"沖縄県"}},{"type":"Feature","geometry":{"type":"Point","coordinates":[124.09495,24.33847]},"properties":{"name":"竹富東港","kind":"地方港湾","kind_code":"14","pref":"沖縄県"}},{"type":"Feature","geometry":{"type":"Point","coordinates":[123.99411,24.34875]},"properties":{"name":"小浜港","kind":"地方港湾","kind_code":"14","pref":"沖縄県"}},{"type":"Feature","geometry":{"type":"Point","coordinates":[123.99757,24.25523]},"properties":{"name":"黒島港","kind":"地方港湾","kind_code":"14","pref":"沖縄県"}},{"type":"Feature","geometry":{"type":"Point","coordinates":[123.93697,24.23534]},"properties":{"name":"上地港","kind":"地方港湾","kind_code":"14","pref":"沖縄県"}},{"type":"Feature","geometry":{"type":"Point","coordinates":[123.88961,24.26858]},"properties":{"name":"仲間港","kind":"地方港湾","kind_code":"14","pref":"沖縄県"}},{"type":"Feature","geometry":{"type":"Point","coordinates":[123.73176,24.3444]},"properties":{"name":"船浮港","kind":"地方港湾","kind_code":"14","pref":"沖縄県"}},{"type":"Feature","geometry":{"type":"Point","coordinates":[123.73994,24.36314]},"properties":{"name":"白浜港","kind":"地方港湾","kind_code":"14","pref":"沖縄県"}},{"type":"Feature","geometry":{"type":"Point","coordinates":[123.7492,24.39423]},"properties":{"name":"租納港","kind":"地方港湾","kind_code":"14","pref":"沖縄県"}},{"type":"Feature","geometry":{"type":"Point","coordinates":[123.81851,24.41237]},"properties":{"name":"船浦港","kind":"地方港湾","kind_code":"14","pref":"沖縄県"}},{"type":"Feature","geometry":{"type":"Point","coordinates":[123.82004,24.4665]},"properties":{"name":"鳩間港","kind":"地方港湾","kind_code":"14","pref":"沖縄県"}},{"type":"Feature","geometry":{"type":"Point","coordinates":[122.99823,24.47432]},"properties":{"name":"祖納港","kind":"地方港湾","kind_code":"14","pref":"沖縄県"}},{"type":"Feature","geometry":{"type":"Point","coordinates":[127.81992,26.65175]},"properties":{"name":"水納港","kind":"地方港湾","kind_code":"14","pref":"沖縄県"}},{"type":"Feature","geometry":{"type":"Point","coordinates":[127.29184,26.17541]},"properties":{"name":"慶留間港","kind":"地方港湾","kind_code":"14","pref":"沖縄県"}},{"type":"Feature","geometry":{"type":"Point","coordinates":[127.91788,26.40487]},"properties":{"name":"金武湾港","kind":"重要港湾","kind_code":"13","pref":"沖縄県"}},{"type":"Feature","geometry":{"type":"Point","coordinates":[127.86471,26.23736]},"properties":{"name":"中城湾港","kind":"重要港湾","kind_code":"13","pref":"沖縄県"}},{"type":"Feature","geometry":{"type":"Point","coordinates":[128.29168,26.84747]},"properties":{"name":"奥港","kind":"地方港湾","kind_code":"14","pref":"沖縄県"}},{"type":"Feature","geometry":{"type":"Point","coordinates":[127.72633,26.27906]},"properties":{"name":"宜野湾港","kind":"地方港湾","kind_code":"14","pref":"沖縄県"}},{"type":"Feature","geometry":{"type":"Point","coordinates":[127.94395,26.95488]},"properties":{"name":"内花港","kind":"地方港湾","kind_code":"14","pref":"沖縄県"}},{"type":"Feature","geometry":{"type":"Point","coordinates":[136.0585,35.68991]},"properties":{"name":"敦賀港","kind":"重要港湾","kind_code":"13","pref":"福井県"}},{"type":"Feature","geometry":{"type":"Point","coordinates":[135.57931,35.50094]},"properties":{"name":"和田港","kind":"地方港湾","kind_code":"14","pref":"福井県"}},{"type":"Feature","geometry":{"type":"Point","coordinates":[136.0539,36.13057]},"properties":{"name":"鷹巣港","kind":"地方港湾","kind_code":"14","pref":"福井県"}},{"type":"Feature","geometry":{"type":"Point","coordinates":[136.10561,36.19702]},"properties":{"name":"福井港","kind":"地方港湾","kind_code":"14","pref":"福井県"}},{"type":"Feature","geometry":{"type":"Point","coordinates":[135.49835,35.53229]},"properties":{"name":"内浦港","kind":"地方港湾","kind_code":"14","pref":"福井県"}},{"type":"Feature","geometry":{"type":"Point","coordinates":[135.24261,34.67284]},"properties":{"name":"神戸港","kind":"国際戦略港湾","kind_code":"11","pref":"兵庫県"}},{"type":"Feature","geometry":{"type":"Point","coordinates":[134.65329,34.75332]},"properties":{"name":"姫路港","kind":"国際拠点港湾","kind_code":"12","pref":"兵庫県"}},{"type":"Feature","geometry":{"type":"Point","coordinates":[135.34659,34.68339]},"properties":{"name":"尼崎西宮芦屋港","kind":"重要港湾","kind_code":"13","pref":"兵庫県"}},{"type":"Feature","geometry":{"type":"Point","coordinates":[134.81644,34.70492]},"properties":{"name":"東播磨港","kind":"重要港湾","kind_code":"13","pref":"兵庫県"}},{"type":"Feature","geometry":{"type":"Point","coordinates":[134.99015,34.63972]},"properties":{"name":"明石港","kind":"地方港湾","kind_code":"14","pref":"兵庫県"}},{"type":"Feature","geometry":{"type":"Point","coordinates":[135.0209,34.59589]},"properties":{"name":"岩屋港","kind":"地方港湾","kind_code":"14","pref":"兵庫県"}},{"type":"Feature","geometry":{"type":"Point","coordinates":[134.92338,34.43861]},"properties":{"name":"津名港","kind":"地方港湾","kind_code":"14","pref":"兵庫県"}},{"type":"Feature","geometry":{"type":"Point","coordinates":[134.90564,34.3474]},"properties":{"name":"洲本港","kind":"地方港湾","kind_code":"14","pref":"兵庫県"}},{"type":"Feature","geometry":{"type":"Point","coordinates":[134.90959,34.67527]},"properties":{"name":"江井ヶ島港","kind":"地方港湾","kind_code":"14","pref":"兵庫県"}},{"type":"Feature","geometry":{"type":"Point","coordinates":[134.46502,34.77643]},"properties":{"name":"相生港","kind":"地方港湾","kind_code":"14","pref":"兵庫県"}},{"type":"Feature","geometry":{"type":"Point","coordinates":[134.38691,34.72579]},"properties":{"name":"赤穂港","kind":"地方港湾","kind_code":"14","pref":"兵庫県"}},{"type":"Feature","geometry":{"type":"Point","coordinates":[134.95564,34.2886]},"properties":{"name":"由良港","kind":"地方港湾","kind_code":"14","pref":"兵庫県"}},{"type":"Feature","geometry":{"type":"Point","coordinates":[134.72542,34.2075]},"properties":{"name":"阿万港","kind":"地方港湾","kind_code":"14","pref":"兵庫県"}},{"type":"Feature","geometry":{"type":"Point","coordinates":[134.71422,34.24635]},"properties":{"name":"福良港","kind":"地方港湾","kind_code":"14","pref":"兵庫県"}},{"type":"Feature","geometry":{"type":"Point","coordinates":[134.77991,34.41722]},"properties":{"name":"都志港","kind":"地方港湾","kind_code":"14","pref":"兵庫県"}},{"type":"Feature","geometry":{"type":"Point","coordinates":[134.72489,34.33469]},"properties":{"name":"湊港","kind":"地方港湾","kind_code":"14","pref":"兵庫県"}},{"type":"Feature","geometry":{"type":"Point","coordinates":[134.84153,34.47466]},"properties":{"name":"郡家港","kind":"地方港湾","kind_code":"14","pref":"兵庫県"}},{"type":"Feature","geometry":{"type":"Point","coordinates":[134.8767,34.52117]},"properties":{"name":"室津港","kind":"地方港湾","kind_code":"14","pref":"兵庫県"}},{"type":"Feature","geometry":{"type":"Point","coordinates":[134.5372,34.68219]},"properties":{"name":"家島港","kind":"地方港湾","kind_code":"14","pref":"兵庫県"}},{"type":"Feature","geometry":{"type":"Point","coordinates":[134.43697,34.75858]},"properties":{"name":"坂越港","kind":"地方港湾","kind_code":"14","pref":"兵庫県"}},{"type":"Feature","geometry":{"type":"Point","coordinates":[134.99759,34.54096]},"properties":{"name":"浦港","kind":"地方港湾","kind_code":"14","pref":"兵庫県"}},{"type":"Feature","geometry":{"type":"Point","coordinates":[134.69449,34.32764]},"properties":{"name":"津井港","kind":"地方港湾","kind_code":"14","pref":"兵庫県"}},{"type":"Feature","geometry":{"type":"Point","coordinates":[134.82811,34.46741]},"properties":{"name":"江井港","kind":"地方港湾","kind_code":"14","pref":"兵庫県"}},{"type":"Feature","geometry":{"type":"Point","coordinates":[134.32717,34.72477]},"properties":{"name":"古池港","kind":"地方港湾","kind_code":"14","pref":"兵庫県"}},{"type":"Feature","geometry":{"type":"Point","coordinates":[134.91638,34.33006]},"properties":{"name":"古茂江港","kind":"地方港湾","kind_code":"14","pref":"兵庫県"}},{"type":"Feature","geometry":{"type":"Point","coordinates":[134.80113,34.4492]},"properties":{"name":"山田港","kind":"地方港湾","kind_code":"14","pref":"兵庫県"}},{"type":"Feature","geometry":{"type":"Point","coordinates":[135.01361,34.55742]},"properties":{"name":"淡路交流の翼港","kind":"地方港湾","kind_code":"14","pref":"兵庫県"}},{"type":"Feature","geometry":{"type":"Point","coordinates":[133.95031,34.48427]},"properties":{"name":"宇野港","kind":"重要港湾","kind_code":"13","pref":"岡山県"}},{"type":"Feature","geometry":{"type":"Point","coordinates":[133.69603,34.4714]},"properties":{"name":"水島港","kind":"国際拠点港湾","kind_code":"12","pref":"岡山県"}},{"type":"Feature","geometry":{"type":"Point","coordinates":[133.99897,34.60153]},"properties":{"name":"岡山港","kind":"重要港湾","kind_code":"13","pref":"岡山県"}},{"type":"Feature","geometry":{"type":"Point","coordinates":[134.26996,34.71581]},"properties":{"name":"東備港","kind":"地方港湾","kind_code":"14","pref":"岡山県"}},{"type":"Feature","geometry":{"type":"Point","coordinates":[134.16059,34.61078]},"properties":{"name":"牛窓港","kind":"地方港湾","kind_code":"14","pref":"岡山県"}},{"type":"Feature","geometry":{"type":"Point","coordinates":[134.00618,34.54168]},"properties":{"name":"山田港","kind":"地方港湾","kind_code":"14","pref":"岡山県"}},{"type":"Feature","geometry":{"type":"Point","coordinates":[133.55221,34.38295]},"properties":{"name":"北木島港","kind":"地方港湾","kind_code":"14","pref":"岡山県"}},{"type":"Feature","geometry":{"type":"Point","coordinates":[133.79197,34.43742]},"properties":{"name":"下津井港","kind":"地方港湾","kind_code":"14","pref":"岡山県"}},{"type":"Feature","geometry":{"type":"Point","coordinates":[133.52765,34.44779]},"properties":{"name":"笠岡港","kind":"地方港湾","kind_code":"14","pref":"岡山県"}},{"type":"Feature","geometry":{"type":"Point","coordinates":[133.83298,34.46602]},"properties":{"name":"児島港","kind":"地方港湾","kind_code":"14","pref":"岡山県"}},{"type":"Feature","geometry":{"type":"Point","coordinates":[134.29519,34.734]},"properties":{"name":"寒河港","kind":"地方港湾","kind_code":"14","pref":"岡山県"}},{"type":"Feature","geometry":{"type":"Point","coordinates":[134.26473,34.70347]},"properties":{"name":"鴻島港","kind":"地方港湾","kind_code":"14","pref":"岡山県"}},{"type":"Feature","geometry":{"type":"Point","coordinates":[134.19917,34.71879]},"properties":{"name":"久々井港","kind":"地方港湾","kind_code":"14","pref":"岡山県"}},{"type":"Feature","geometry":{"type":"Point","coordinates":[134.23663,34.71147]},"properties":{"name":"布浜港","kind":"地方港湾","kind_code":"14","pref":"岡山県"}},{"type":"Feature","geometry":{"type":"Point","coordinates":[134.2076,34.67243]},"properties":{"name":"間口港","kind":"地方港湾","kind_code":"14","pref":"岡山県"}},{"type":"Feature","geometry":{"type":"Point","coordinates":[134.1929,34.66389]},"properties":{"name":"知尾港","kind":"地方港湾","kind_code":"14","pref":"岡山県"}},{"type":"Feature","geometry":{"type":"Point","coordinates":[134.17711,34.65236]},"properties":{"name":"玉津港","kind":"地方港湾","kind_code":"14","pref":"岡山県"}},{"type":"Feature","geometry":{"type":"Point","coordinates":[134.17506,34.62245]},"properties":{"name":"幡港","kind":"地方港湾","kind_code":"14","pref":"岡山県"}},{"type":"Feature","geometry":{"type":"Point","coordinates":[134.19664,34.61667]},"properties":{"name":"網代港","kind":"地方港湾","kind_code":"14","pref":"岡山県"}},{"type":"Feature","geometry":{"type":"Point","coordinates":[134.19679,34.60089]},"properties":{"name":"黄島港","kind":"地方港湾","kind_code":"14","pref":"岡山県"}},{"type":"Feature","geometry":{"type":"Point","coordinates":[134.17656,34.63236]},"properties":{"name":"師楽港","kind":"地方港湾","kind_code":"14","pref":"岡山県"}},{"type":"Feature","geometry":{"type":"Point","coordinates":[134.09884,34.56705]},"properties":{"name":"犬島港","kind":"地方港湾","kind_code":"14","pref":"岡山県"}},{"type":"Feature","geometry":{"type":"Point","coordinates":[133.88915,34.62705]},"properties":{"name":"米倉港","kind":"地方港湾","kind_code":"14","pref":"岡山県"}},{"type":"Feature","geometry":{"type":"Point","coordinates":[133.94751,34.57595]},"properties":{"name":"松尾港","kind":"地方港湾","kind_code":"14","pref":"岡山県"}},{"type":"Feature","geometry":{"type":"Point","coordinates":[134.02044,34.54436]},"properties":{"name":"江の浜港","kind":"地方港湾","kind_code":"14","pref":"岡山県"}},{"type":"Feature","geometry":{"type":"Point","coordinates":[134.01312,34.50408]},"properties":{"name":"石島港","kind":"地方港湾","kind_code":"14","pref":"岡山県"}},{"type":"Feature","geometry":{"type":"Point","coordinates":[133.97864,34.53241]},"properties":{"name":"後閑港","kind":"地方港湾","kind_code":"14","pref":"岡山県"}},{"type":"Feature","geometry":{"type":"Point","coordinates":[133.96927,34.52942]},"properties":{"name":"大藪港","kind":"地方港湾","kind_code":"14","pref":"岡山県"}},{"type":"Feature","geometry":{"type":"Point","coordinates":[133.96178,34.52242]},"properties":{"name":"野々浜港","kind":"地方港湾","kind_code":"14","pref":"岡山県"}},{"type":"Feature","geometry":{"type":"Point","coordinates":[133.89941,34.45615]},"properties":{"name":"渋川港","kind":"地方港湾","kind_code":"14","pref":"岡山県"}},{"type":"Feature","geometry":{"type":"Point","coordinates":[133.81712,34.43139]},"properties":{"name":"大浜港","kind":"地方港湾","kind_code":"14","pref":"岡山県"}},{"type":"Feature","geometry":{"type":"Point","coordinates":[133.81637,34.42399]},"properties":{"name":"松島港","kind":"地方港湾","kind_code":"14","pref":"岡山県"}},{"type":"Feature","geometry":{"type":"Point","coordinates":[133.5358,34.39634]},"properties":{"name":"豊浦港","kind":"地方港湾","kind_code":"14","pref":"岡山県"}},{"type":"Feature","geometry":{"type":"Point","coordinates":[133.54995,34.36777]},"properties":{"name":"丸岩港","kind":"地方港湾","kind_code":"14","pref":"岡山県"}},{"type":"Feature","geometry":{"type":"Point","coordinates":[133.51802,34.34684]},"properties":{"name":"小飛島港","kind":"地方港湾","kind_code":"14","pref":"岡山県"}},{"type":"Feature","geometry":{"type":"Point","coordinates":[133.50758,34.34602]},"properties":{"name":"大浦港","kind":"地方港湾","kind_code":"14","pref":"岡山県"}},{"type":"Feature","geometry":{"type":"Point","coordinates":[133.49644,34.34033]},"properties":{"name":"大飛島港","kind":"地方港湾","kind_code":"14","pref":"岡山県"}},{"type":"Feature","geometry":{"type":"Point","coordinates":[133.53786,34.30458]},"properties":{"name":"前浦港","kind":"地方港湾","kind_code":"14","pref":"岡山県"}},{"type":"Feature","geometry":{"type":"Point","coordinates":[134.83664,35.64861]},"properties":{"name":"津居山港","kind":"地方港湾","kind_code":"14","pref":"兵庫県"}},{"type":"Feature","geometry":{"type":"Point","coordinates":[134.66608,35.65776]},"properties":{"name":"柴山港","kind":"地方港湾","kind_code":"14","pref":"兵庫県"}},{"type":"Feature","geometry":{"type":"Point","coordinates":[134.75752,35.66441]},"properties":{"name":"竹野港","kind":"地方港湾","kind_code":"14","pref":"兵庫県"}},{"type":"Feature","geometry":{"type":"Point","coordinates":[133.3161,35.42904]},"properties":{"name":"米子港","kind":"地方港湾","kind_code":"14","pref":"鳥取県"}},{"type":"Feature","geometry":{"type":"Point","coordinates":[133.65927,35.51296]},"properties":{"name":"赤碕港","kind":"地方港湾","kind_code":"14","pref":"鳥取県"}},{"type":"Feature","geometry":{"type":"Point","coordinates":[134.31901,35.59547]},"properties":{"name":"田後港","kind":"地方港湾","kind_code":"14","pref":"鳥取県"}},{"type":"Feature","geometry":{"type":"Point","coordinates":[133.95849,35.52276]},"properties":{"name":"小浜港","kind":"その他","kind_code":"15","pref":"鳥取県"}},{"type":"Feature","geometry":{"type":"Point","coordinates":[133.94758,35.5201]},"properties":{"name":"石脇港","kind":"その他","kind_code":"15","pref":"鳥取県"}},{"type":"Feature","geometry":{"type":"Point","coordinates":[133.5649,35.52977]},"properties":{"name":"逢坂港","kind":"地方港湾","kind_code":"14","pref":"鳥取県"}},{"type":"Feature","geometry":{"type":"Point","coordinates":[133.53421,35.52441]},"properties":{"name":"豊成港","kind":"その他","kind_code":"15","pref":"鳥取県"}},{"type":"Feature","geometry":{"type":"Point","coordinates":[133.22743,35.49552]},"properties":{"name":"中浜港","kind":"その他","kind_code":"15","pref":"鳥取県"}},{"type":"Feature","geometry":{"type":"Point","coordinates":[134.18466,35.54003]},"properties":{"name":"鳥取港","kind":"重要港湾","kind_code":"13","pref":"鳥取県"}},{"type":"Feature","geometry":{"type":"Point","coordinates":[133.26715,35.53636]},"properties":{"name":"境港","kind":"重要港湾","kind_code":"13","pref":"鳥取県"}},{"type":"Feature","geometry":{"type":"Point","coordinates":[140.88846,40.43045]},"properties":{"name":"休屋港","kind":"地方港湾","kind_code":"14","pref":"青森県"}},{"type":"Feature","geometry":{"type":"Point","coordinates":[140.93747,40.46511]},"properties":{"name":"子ノ口港","kind":"地方港湾","kind_code":"14","pref":"青森県"}},{"type":"Feature","geometry":{"type":"Point","coordinates":[140.11819,37.41457]},"properties":{"name":"湖南港","kind":"地方港湾","kind_code":"14","pref":"福島県"}},{"type":"Feature","geometry":{"type":"Point","coordinates":[140.04779,37.52142]},"properties":{"name":"翁島港","kind":"地方港湾","kind_code":"14","pref":"福島県"}},{"type":"Feature","geometry":{"type":"Point","coordinates":[136.14352,35.41948]},"properties":{"name":"竹生島港","kind":"地方港湾","kind_code":"14","pref":"滋賀県"}},{"type":"Feature","geometry":{"type":"Point","coordinates":[136.26446,35.37247]},"properties":{"name":"長浜港","kind":"地方港湾","kind_code":"14","pref":"滋賀県"}},{"type":"Feature","geometry":{"type":"Point","coordinates":[136.24522,35.28448]},"properties":{"name":"彦根港","kind":"地方港湾","kind_code":"14","pref":"滋賀県"}},{"type":"Feature","geometry":{"type":"Point","coordinates":[135.86755,35.0133]},"properties":{"name":"大津港","kind":"地方港湾","kind_code":"14","pref":"滋賀県"}},{"type":"Feature","geometry":{"type":"Point","coordinates":[140.67058,35.86169]},"properties":{"name":"軽野港","kind":"地方港湾","kind_code":"14","pref":"茨城県"}},{"type":"Feature","geometry":{"type":"Point","coordinates":[140.546,35.93552]},"properties":{"name":"潮来港","kind":"地方港湾","kind_code":"14","pref":"茨城県"}},{"type":"Feature","geometry":{"type":"Point","coordinates":[133.16582,35.48999]},"properties":{"name":"入江港","kind":"地方港湾","kind_code":"14","pref":"島根県"}},{"type":"Feature","geometry":{"type":"Point","coordinates":[133.19303,35.50712]},"properties":{"name":"江島港","kind":"地方港湾","kind_code":"14","pref":"島根県"}},{"type":"Feature","geometry":{"type":"Point","coordinates":[133.187,35.49284]},"properties":{"name":"遅江港","kind":"地方港湾","kind_code":"14","pref":"島根県"}},{"type":"Feature","geometry":{"type":"Point","coordinates":[133.17842,35.48613]},"properties":{"name":"波入港","kind":"地方港湾","kind_code":"14","pref":"島根県"}},{"type":"Feature","geometry":{"type":"Point","coordinates":[133.13601,35.45309]},"properties":{"name":"松江港","kind":"地方港湾","kind_code":"14","pref":"島根県"}},{"type":"Feature","geometry":{"type":"Point","coordinates":[133.25653,35.44111]},"properties":{"name":"安来港","kind":"地方港湾","kind_code":"14","pref":"島根県"}},{"type":"Feature","geometry":{"type":"Point","coordinates":[135.75603,34.92508]},"properties":{"name":"伏見港","kind":"地方港湾","kind_code":"14","pref":"京都府"}},{"type":"Feature","geometry":{"type":"Point","coordinates":[133.00367,35.47498]},"properties":{"name":"寺津港","kind":"その他","kind_code":"15","pref":"島根県"}},{"type":"Feature","geometry":{"type":"Point","coordinates":[133.0082,35.43766]},"properties":{"name":"湯町港","kind":"その他","kind_code":"15","pref":"島根県"}},{"type":"Feature","geometry":{"type":"Point","coordinates":[132.95217,35.47343]},"properties":{"name":"岡本港","kind":"その他","kind_code":"15","pref":"島根県"}},{"type":"Feature","geometry":{"type":"Point","coordinates":[132.95844,35.47726]},"properties":{"name":"秋鹿港","kind":"その他","kind_code":"15","pref":"島根県"}},{"type":"Feature","geometry":{"type":"Point","coordinates":[132.97549,35.47838]},"properties":{"name":"長江港","kind":"その他","kind_code":"15","pref":"島根県"}},{"type":"Feature","geometry":{"type":"Point","coordinates":[133.16019,35.53728]},"properties":{"name":"手角港","kind":"その他","kind_code":"15","pref":"島根県"}},{"type":"Feature","geometry":{"type":"Point","coordinates":[133.17183,35.53448]},"properties":{"name":"二子港","kind":"その他","kind_code":"15","pref":"島根県"}},{"type":"Feature","geometry":{"type":"Point","coordinates":[133.17666,35.50454]},"properties":{"name":"寺津港","kind":"その他","kind_code":"15","pref":"島根県"}},{"type":"Feature","geometry":{"type":"Point","coordinates":[133.21633,35.44612]},"properties":{"name":"論田港","kind":"その他","kind_code":"15","pref":"島根県"}},{"type":"Feature","geometry":{"type":"Point","coordinates":[133.15049,35.43315]},"properties":{"name":"揖屋港","kind":"地方港湾","kind_code":"14","pref":"島根県"}},{"type":"Feature","geometry":{"type":"Point","coordinates":[133.17227,35.44077]},"properties":{"name":"意東港","kind":"地方港湾","kind_code":"14","pref":"島根県"}},{"type":"Feature","geometry":{"type":"Point","coordinates":[132.90198,35.45929]},"properties":{"name":"伊野灘港","kind":"地方港湾","kind_code":"14","pref":"島根県"}},{"type":"Feature","geometry":{"type":"Point","coordinates":[133.06689,35.57897]},"properties":{"name":"佐波港","kind":"地方港湾","kind_code":"14","pref":"島根県"}},{"type":"Feature","geometry":{"type":"Point","coordinates":[133.30429,35.57281]},"properties":{"name":"才港","kind":"地方港湾","kind_code":"14","pref":"島根県"}},{"type":"Feature","geometry":{"type":"Point","coordinates":[133.29917,35.57282]},"properties":{"name":"軽尾港","kind":"地方港湾","kind_code":"14","pref":"島根県"}},{"type":"Feature","geometry":{"type":"Point","coordinates":[133.26475,35.5745]},"properties":{"name":"諸喰港","kind":"地方港湾","kind_code":"14","pref":"島根県"}},{"type":"Feature","geometry":{"type":"Point","coordinates":[133.25501,35.57302]},"properties":{"name":"法田港","kind":"地方港湾","kind_code":"14","pref":"島根県"}}]}