style	source	zoom	condition	prop_id	meaning	type	value
POI-CustomLandmark1-Globe	base			24	textColor	rgba8	rgb(255,255,255) a=255
POI-CustomLandmark1-Globe	cond		client:37=[1]	24	textColor	rgba8	rgb(255,255,255) a=255
POI-CustomLandmark1-Globe	cond		client:135=[1]	25	labelHaloColor	rgba8	rgb(0,0,0) a=230
POI-CustomLandmark-Globe	cond		client:135=[1]	25	labelHaloColor	rgba8	rgb(0,0,0) a=230
POI-Route-OnRouteWaypointIcon-Globe-Base	base			2	strokeColor	rgba8	rgb(26,133,255) a=204
POI-Children-Globe-Base	base			18	textSizeScale	float	0.7
POI-Children-Globe-Base	base			24	textColor	rgba8	rgb(255,255,255) a=255
POI-Children-Globe-Base	base			25	labelHaloColor	rgba8	rgb(0,0,0) a=255
POI-Children-Globe-Base	zoom	0-11		18	textSizeScale	float	1.2
POI-Children-Globe-Base	zoom	11-24		18	textSizeScale	float	1.83
POI-Children-Globe-Base	zoom	0-11		18	textSizeScale	float	1.2
POI-Children-Globe-Base	zoom	11-24		18	textSizeScale	float	1.83
POI-Children-Globe-Base	zoom	0-11		25	labelHaloColor	rgba8	rgb(28,38,50) a=199
POI-Children-Globe-Base	zoom	11-24		25	labelHaloColor	rgba8	rgb(28,38,50) a=219
POI-Children-Globe-Base	cond		client:135=[1]	25	labelHaloColor	rgba8	rgb(0,0,0) a=230
Grid-GlobeHybrid	base			1	fillColor	rgba8	rgb(81,81,81) a=255
Grid-GlobeHybrid	base			203	gridColor	rgba8	rgb(56,64,68) a=102
Grid-GlobeHybrid	cond		client:TimePeriod=[1] & client:MapMode=[0, 6]	1	fillColor	rgba8	rgb(43,45,47) a=255
Roads-Localized-JPN-Globe-Base	base			18	textSizeScale	float	1
Roads-Localized-JPN-Globe-Base	zoom	0-8		1	fillColor	rgba8	rgb(92,204,98) a=230
Roads-Localized-JPN-Globe-Base	zoom	0-8		2	strokeColor	rgba8	rgb(19,21,26) a=128
Roads-Localized-JPN-Globe-Base	zoom	8-14		1	fillColor	rgba8	rgb(92,204,98) a=230
Roads-Localized-JPN-Globe-Base	zoom	8-14		2	strokeColor	rgba8	rgb(19,21,26) a=128
Roads-Localized-JPN-Globe-Base	zoom	14-17		1	fillColor	rgba8	rgb(92,204,98) a=128
Roads-Localized-JPN-Globe-Base	zoom	14-17		2	strokeColor	rgba8	rgb(19,21,26) a=96
Roads-Localized-JPN-Globe-Base	zoom	17-24		1	fillColor	rgba8	rgb(92,204,98) a=0
Roads-Localized-JPN-Globe-Base	zoom	17-24		2	strokeColor	rgba8	rgb(19,21,26) a=230
Roads-Localized-JPN-Globe-Base	zoom	0-6		1	fillColor	rgba8	rgb(210,204,193) a=230
Roads-Localized-JPN-Globe-Base	zoom	0-6		2	strokeColor	rgba8	rgb(74,63,53) a=128
Roads-Localized-JPN-Globe-Base	zoom	6-12		1	fillColor	rgba8	rgb(210,204,193) a=230
Roads-Localized-JPN-Globe-Base	zoom	6-12		2	strokeColor	rgba8	rgb(74,63,53) a=128
Roads-Localized-JPN-Globe-Base	zoom	12-15		1	fillColor	rgba8	rgb(223,219,211) a=128
Roads-Localized-JPN-Globe-Base	zoom	12-15		2	strokeColor	rgba8	rgb(74,63,53) a=96
Roads-Localized-JPN-Globe-Base	zoom	15-24		1	fillColor	rgba8	rgb(210,204,193) a=0
Roads-Localized-JPN-Globe-Base	zoom	15-24		2	strokeColor	rgba8	rgb(74,63,53) a=230
Roads-Localized-JPN-Globe-Base	cond+zoom	15-24	feature:TransitAgency=[1]	1	fillColor	rgba8	rgb(213,219,219) a=0
Roads-Localized-JPN-Globe-Base	cond+zoom	15-24	feature:TransitAgency=[1]	2	strokeColor	rgba8	rgb(213,219,219) a=0
Roads-Localized-JPN-Globe-Base	cond+zoom	17-24	feature:TransitAgency=[1]	3	width	float	0
Roads-Localized-JPN-Globe-Base	cond+zoom	17-24	feature:TransitAgency=[1]	6	strokeWidth	float	0
Roads-Localized-JPN-ClassOne-Globe-Base	zoom	0-8		1	fillColor	rgba8	rgb(92,204,98) a=230
Roads-Localized-JPN-ClassOne-Globe-Base	zoom	0-8		2	strokeColor	rgba8	rgb(19,21,26) a=128
Roads-Localized-JPN-ClassOne-Globe-Base	zoom	8-14		1	fillColor	rgba8	rgb(92,204,98) a=230
Roads-Localized-JPN-ClassOne-Globe-Base	zoom	8-14		2	strokeColor	rgba8	rgb(19,21,26) a=128
Roads-Localized-JPN-ClassOne-Globe-Base	zoom	14-17		1	fillColor	rgba8	rgb(92,204,98) a=128
Roads-Localized-JPN-ClassOne-Globe-Base	zoom	14-17		2	strokeColor	rgba8	rgb(19,21,26) a=96
Roads-Localized-JPN-ClassOne-Globe-Base	zoom	17-24		1	fillColor	rgba8	rgb(92,204,98) a=0
Roads-Localized-JPN-ClassOne-Globe-Base	zoom	17-24		2	strokeColor	rgba8	rgb(19,21,26) a=230
Roads-Localized-JPN-ClassOne-Globe-Base	zoom	0-6		1	fillColor	rgba8	rgb(210,204,193) a=230
Roads-Localized-JPN-ClassOne-Globe-Base	zoom	0-6		2	strokeColor	rgba8	rgb(74,63,53) a=128
Roads-Localized-JPN-ClassOne-Globe-Base	zoom	6-12		1	fillColor	rgba8	rgb(210,204,193) a=230
Roads-Localized-JPN-ClassOne-Globe-Base	zoom	6-12		2	strokeColor	rgba8	rgb(74,63,53) a=128
Roads-Localized-JPN-ClassOne-Globe-Base	zoom	12-15		1	fillColor	rgba8	rgb(223,219,211) a=128
Roads-Localized-JPN-ClassOne-Globe-Base	zoom	12-15		2	strokeColor	rgba8	rgb(74,63,53) a=96
Roads-Localized-JPN-ClassOne-Globe-Base	zoom	15-24		1	fillColor	rgba8	rgb(210,204,193) a=0
Roads-Localized-JPN-ClassOne-Globe-Base	zoom	15-24		2	strokeColor	rgba8	rgb(74,63,53) a=230
Roads-Localized-JPN-ClassOne-Globe-Base	cond+zoom	15-24	feature:TransitAgency=[1]	1	fillColor	rgba8	rgb(170,179,179) a=255
Roads-Localized-JPN-ClassOne-Globe-Base	cond+zoom	15-24	feature:TransitAgency=[1]	2	strokeColor	rgba8	rgb(162,171,171) a=255
Roads-Localized-JPN-ClassOne-Globe-Base	cond+zoom	15-24	feature:TransitAgency=[1]	3	width	float	0
Roads-Localized-JPN-ClassOne-Globe-Base	cond+zoom	15-24	feature:TransitAgency=[1]	6	strokeWidth	float	0
Roads-Localized-JPN-Tunnel-Globe-Base	zoom	0-14		1	fillColor	rgba8	rgb(40,72,53) a=255
Roads-Localized-JPN-Tunnel-Globe-Base	zoom	0-14		2	strokeColor	rgba8	rgb(19,21,26) a=128
Roads-Localized-JPN-Tunnel-Globe-Base	zoom	14-17		1	fillColor	rgba8	rgb(40,72,53) a=128
Roads-Localized-JPN-Tunnel-Globe-Base	zoom	14-17		2	strokeColor	rgba8	rgb(19,21,26) a=230
Roads-Localized-JPN-Tunnel-Globe-Base	zoom	17-24		1	fillColor	rgba8	rgb(40,72,53) a=0
Roads-Localized-JPN-Tunnel-Globe-Base	zoom	17-24		2	strokeColor	rgba8	rgb(19,21,26) a=128
Roads-Localized-JPN-Tunnel-Globe-Base	zoom	0-12		1	fillColor	rgba8	rgb(210,204,193) a=64
Roads-Localized-JPN-Tunnel-Globe-Base	zoom	0-12		2	strokeColor	rgba8	rgb(74,63,53) a=128
Roads-Localized-JPN-Tunnel-Globe-Base	zoom	12-13		1	fillColor	rgba8	rgb(210,204,193) a=64
Roads-Localized-JPN-Tunnel-Globe-Base	zoom	12-13		2	strokeColor	rgba8	rgb(60,51,42) a=153
Roads-Localized-JPN-Tunnel-Globe-Base	zoom	13-14		1	fillColor	rgba8	rgb(210,204,193) a=64
Roads-Localized-JPN-Tunnel-Globe-Base	zoom	13-14		2	strokeColor	rgba8	rgb(60,51,42) a=102
Roads-Localized-JPN-Tunnel-Globe-Base	zoom	14-15		1	fillColor	rgba8	rgb(210,204,193) a=51
Roads-Localized-JPN-Tunnel-Globe-Base	zoom	14-15		2	strokeColor	rgba8	rgb(60,51,42) a=51
Roads-Localized-JPN-Tunnel-Globe-Base	zoom	15-24		1	fillColor	rgba8	rgb(74,63,53) a=0
Roads-Localized-JPN-Tunnel-Globe-Base	zoom	15-24		2	strokeColor	rgba8	rgb(74,63,53) a=230
Roads-Localized-JPN-Tunnel-Globe-Base	cond+zoom	15-24	feature:TransitAgency=[1]	1	fillColor	rgba8	rgb(213,219,219) a=0
Roads-Localized-JPN-Tunnel-Globe-Base	cond+zoom	15-24	feature:TransitAgency=[1]	2	strokeColor	rgba8	rgb(213,219,219) a=0
Line-ConnectorRoad-JPN-Globe-Base	zoom	8-10		1	fillColor	rgba8	rgb(223,230,230) a=230
Line-ConnectorRoad-JPN-Globe-Base	zoom	8-10		2	strokeColor	rgba8	rgb(19,21,26) a=128
Line-ConnectorRoad-JPN-Globe-Base	zoom	10-11		1	fillColor	rgba8	rgb(215,219,219) a=230
Line-ConnectorRoad-JPN-Globe-Base	zoom	10-11		2	strokeColor	rgba8	rgb(19,21,26) a=128
Line-ConnectorRoad-JPN-Globe-Base	zoom	11-12		1	fillColor	rgba8	rgb(220,224,224) a=230
Line-ConnectorRoad-JPN-Globe-Base	zoom	11-12		2	strokeColor	rgba8	rgb(19,21,26) a=128
Line-ConnectorRoad-JPN-Globe-Base	zoom	12-13		1	fillColor	rgba8	rgb(220,224,224) a=204
Line-ConnectorRoad-JPN-Globe-Base	zoom	12-13		2	strokeColor	rgba8	rgb(19,21,26) a=128
Line-ConnectorRoad-JPN-Globe-Base	zoom	13-17		1	fillColor	rgba8	rgb(220,224,224) a=128
Line-ConnectorRoad-JPN-Globe-Base	zoom	13-17		2	strokeColor	rgba8	rgb(19,21,26) a=230
Line-ConnectorRoad-JPN-Globe-Base	zoom	13-24		1	fillColor	rgba8	rgb(220,224,224) a=0
Line-ConnectorRoad-JPN-Globe-Base	zoom	13-24		2	strokeColor	rgba8	rgb(193,199,199) a=0
Line-ConnectorRoad-JPN-Globe-Base	zoom	0-9		1	fillColor	rgba8	rgb(192,192,165) a=77
Line-ConnectorRoad-JPN-Globe-Base	zoom	0-9		2	strokeColor	rgba8	rgb(92,74,58) a=102
Line-ConnectorRoad-JPN-Globe-Base	zoom	9-10		1	fillColor	rgba8	rgb(181,180,176) a=64
Line-ConnectorRoad-JPN-Globe-Base	zoom	9-10		2	strokeColor	rgba8	rgb(92,74,58) a=153
Line-ConnectorRoad-JPN-Globe-Base	zoom	10-11		1	fillColor	rgba8	rgb(181,180,176) a=64
Line-ConnectorRoad-JPN-Globe-Base	zoom	10-11		2	strokeColor	rgba8	rgb(92,74,58) a=153
Line-ConnectorRoad-JPN-Globe-Base	zoom	11-12		1	fillColor	rgba8	rgb(171,167,161) a=128
Line-ConnectorRoad-JPN-Globe-Base	zoom	11-12		2	strokeColor	rgba8	rgb(92,74,58) a=153
Line-ConnectorRoad-JPN-Globe-Base	zoom	12-15		1	fillColor	rgba8	rgb(171,167,161) a=153
Line-ConnectorRoad-JPN-Globe-Base	zoom	12-15		2	strokeColor	rgba8	rgb(74,63,53) a=179
Line-ConnectorRoad-JPN-Globe-Base	zoom	15-24		1	fillColor	rgba8	rgb(220,224,224) a=0
Line-ConnectorRoad-JPN-Globe-Base	zoom	15-24		2	strokeColor	rgba8	rgb(193,199,199) a=0
Line-ConnectorRoad-JPN-Globe-Base	cond+zoom	15-24	feature:TransitAgency=[1]	1	fillColor	rgba8	rgb(213,219,219) a=0
Line-ConnectorRoad-JPN-Globe-Base	cond+zoom	15-24	feature:TransitAgency=[1]	2	strokeColor	rgba8	rgb(213,219,219) a=0
Line-ConnectorRoad-JPN-Globe-Base	cond+zoom	17-24	feature:TransitAgency=[1]	3	width	float	0
Line-ConnectorRoad-JPN-Globe-Base	cond+zoom	17-24	feature:TransitAgency=[1]	6	strokeWidth	float	0
Line-FreewayControlled-JPN-Globe-Base	zoom	0-8		1	fillColor	rgba8	rgb(152,158,158) a=230
Line-FreewayControlled-JPN-Globe-Base	zoom	0-8		2	strokeColor	rgba8	rgb(19,21,26) a=128
Line-FreewayControlled-JPN-Globe-Base	zoom	8-9		1	fillColor	rgba8	rgb(163,168,168) a=230
Line-FreewayControlled-JPN-Globe-Base	zoom	8-9		2	strokeColor	rgba8	rgb(19,21,26) a=128
Line-FreewayControlled-JPN-Globe-Base	zoom	9-10		1	fillColor	rgba8	rgb(111,81,44) a=230
Line-FreewayControlled-JPN-Globe-Base	zoom	9-10		2	strokeColor	rgba8	rgb(19,21,26) a=96
Line-FreewayControlled-JPN-Globe-Base	zoom	10-14		1	fillColor	rgba8	rgb(182,191,191) a=230
Line-FreewayControlled-JPN-Globe-Base	zoom	10-14		2	strokeColor	rgba8	rgb(19,21,26) a=230
Line-FreewayControlled-JPN-Globe-Base	zoom	14-17		1	fillColor	rgba8	rgb(200,204,204) a=128
Line-FreewayControlled-JPN-Globe-Base	zoom	14-17		2	strokeColor	rgba8	rgb(19,21,26) a=230
Line-FreewayControlled-JPN-Globe-Base	zoom	17-24		1	fillColor	rgba8	rgb(200,204,204) a=0
Line-FreewayControlled-JPN-Globe-Base	zoom	17-24		2	strokeColor	rgba8	rgb(173,179,179) a=0
Line-FreewayControlled-JPN-Globe-Base	zoom	0-9		1	fillColor	rgba8	rgb(188,182,169) a=230
Line-FreewayControlled-JPN-Globe-Base	zoom	0-9		2	strokeColor	rgba8	rgb(114,107,90) a=214
Line-FreewayControlled-JPN-Globe-Base	zoom	9-10		1	fillColor	rgba8	rgb(188,182,169) a=230
Line-FreewayControlled-JPN-Globe-Base	zoom	9-10		2	strokeColor	rgba8	rgb(114,107,90) a=214
Line-FreewayControlled-JPN-Globe-Base	zoom	10-11		1	fillColor	rgba8	rgb(188,182,169) a=230
Line-FreewayControlled-JPN-Globe-Base	zoom	10-11		2	strokeColor	rgba8	rgb(114,107,90) a=214
Line-FreewayControlled-JPN-Globe-Base	zoom	11-12		1	fillColor	rgba8	rgb(188,182,169) a=204
Line-FreewayControlled-JPN-Globe-Base	zoom	11-12		2	strokeColor	rgba8	rgb(92,74,58) a=166
Line-FreewayControlled-JPN-Globe-Base	zoom	12-13		1	fillColor	rgba8	rgb(210,206,198) a=168
Line-FreewayControlled-JPN-Globe-Base	zoom	12-13		2	strokeColor	rgba8	rgb(74,63,53) a=204
Line-FreewayControlled-JPN-Globe-Base	zoom	13-15		1	fillColor	rgba8	rgb(210,206,198) a=153
Line-FreewayControlled-JPN-Globe-Base	zoom	13-15		2	strokeColor	rgba8	rgb(74,63,53) a=204
Line-FreewayControlled-JPN-Globe-Base	zoom	15-24		1	fillColor	rgba8	rgb(200,204,204) a=0
Line-FreewayControlled-JPN-Globe-Base	zoom	15-24		2	strokeColor	rgba8	rgb(173,179,179) a=0
Line-FreewayControlled-JPN-Globe-Base	cond+zoom	15-24	feature:TransitAgency=[1]	1	fillColor	rgba8	rgb(213,219,219) a=0
Line-FreewayControlled-JPN-Globe-Base	cond+zoom	15-24	feature:TransitAgency=[1]	2	strokeColor	rgba8	rgb(213,219,219) a=0
Line-FreewayControlled-JPN-Globe-Base	cond+zoom	17-24	feature:TransitAgency=[1]	3	width	float	0
Line-FreewayControlled-JPN-Globe-Base	cond+zoom	17-24	feature:TransitAgency=[1]	6	strokeWidth	float	0
Line-FreewayUncontrolled-JPN-Globe-Base	zoom	0-8		1	fillColor	rgba8	rgb(152,158,158) a=230
Line-FreewayUncontrolled-JPN-Globe-Base	zoom	0-8		2	strokeColor	rgba8	rgb(19,21,26) a=128
Line-FreewayUncontrolled-JPN-Globe-Base	zoom	8-9		1	fillColor	rgba8	rgb(163,168,168) a=230
Line-FreewayUncontrolled-JPN-Globe-Base	zoom	8-9		2	strokeColor	rgba8	rgb(19,21,26) a=128
Line-FreewayUncontrolled-JPN-Globe-Base	zoom	9-10		1	fillColor	rgba8	rgb(111,81,44) a=230
Line-FreewayUncontrolled-JPN-Globe-Base	zoom	9-10		2	strokeColor	rgba8	rgb(19,21,26) a=96
Line-FreewayUncontrolled-JPN-Globe-Base	zoom	10-14		1	fillColor	rgba8	rgb(182,191,191) a=230
Line-FreewayUncontrolled-JPN-Globe-Base	zoom	10-14		2	strokeColor	rgba8	rgb(19,21,26) a=230
Line-FreewayUncontrolled-JPN-Globe-Base	zoom	14-17		1	fillColor	rgba8	rgb(200,204,204) a=128
Line-FreewayUncontrolled-JPN-Globe-Base	zoom	14-17		2	strokeColor	rgba8	rgb(19,21,26) a=230
Line-FreewayUncontrolled-JPN-Globe-Base	zoom	17-24		1	fillColor	rgba8	rgb(200,204,204) a=0
Line-FreewayUncontrolled-JPN-Globe-Base	zoom	17-24		2	strokeColor	rgba8	rgb(173,179,179) a=0
Line-FreewayUncontrolled-JPN-Globe-Base	zoom	0-9		1	fillColor	rgba8	rgb(188,182,169) a=230
Line-FreewayUncontrolled-JPN-Globe-Base	zoom	0-9		2	strokeColor	rgba8	rgb(114,107,90) a=214
Line-FreewayUncontrolled-JPN-Globe-Base	zoom	9-10		1	fillColor	rgba8	rgb(188,182,169) a=230
Line-FreewayUncontrolled-JPN-Globe-Base	zoom	9-10		2	strokeColor	rgba8	rgb(114,107,90) a=214
Line-FreewayUncontrolled-JPN-Globe-Base	zoom	10-11		1	fillColor	rgba8	rgb(188,182,169) a=230
Line-FreewayUncontrolled-JPN-Globe-Base	zoom	10-11		2	strokeColor	rgba8	rgb(114,107,90) a=214
Line-FreewayUncontrolled-JPN-Globe-Base	zoom	11-12		1	fillColor	rgba8	rgb(188,182,169) a=204
Line-FreewayUncontrolled-JPN-Globe-Base	zoom	11-12		2	strokeColor	rgba8	rgb(92,74,58) a=166
Line-FreewayUncontrolled-JPN-Globe-Base	zoom	12-13		1	fillColor	rgba8	rgb(210,206,198) a=168
Line-FreewayUncontrolled-JPN-Globe-Base	zoom	12-13		2	strokeColor	rgba8	rgb(74,63,53) a=204
Line-FreewayUncontrolled-JPN-Globe-Base	zoom	13-15		1	fillColor	rgba8	rgb(210,206,198) a=153
Line-FreewayUncontrolled-JPN-Globe-Base	zoom	13-15		2	strokeColor	rgba8	rgb(74,63,53) a=204
Line-FreewayUncontrolled-JPN-Globe-Base	zoom	15-24		1	fillColor	rgba8	rgb(200,204,204) a=0
Line-FreewayUncontrolled-JPN-Globe-Base	zoom	15-24		2	strokeColor	rgba8	rgb(173,179,179) a=0
Line-FreewayUncontrolled-JPN-Globe-Base	cond+zoom	15-24	feature:TransitAgency=[1]	1	fillColor	rgba8	rgb(213,219,219) a=0
Line-FreewayUncontrolled-JPN-Globe-Base	cond+zoom	15-24	feature:TransitAgency=[1]	2	strokeColor	rgba8	rgb(213,219,219) a=0
Line-FreewayUncontrolled-JPN-Globe-Base	cond+zoom	17-24	feature:TransitAgency=[1]	3	width	float	0
Line-FreewayUncontrolled-JPN-Globe-Base	cond+zoom	17-24	feature:TransitAgency=[1]	6	strokeWidth	float	0
Line-Highway-JPN-Globe-Base	zoom	8-10		1	fillColor	rgba8	rgb(223,230,230) a=230
Line-Highway-JPN-Globe-Base	zoom	8-10		2	strokeColor	rgba8	rgb(19,21,26) a=128
Line-Highway-JPN-Globe-Base	zoom	10-11		1	fillColor	rgba8	rgb(215,219,219) a=230
Line-Highway-JPN-Globe-Base	zoom	10-11		2	strokeColor	rgba8	rgb(19,21,26) a=128
Line-Highway-JPN-Globe-Base	zoom	11-12		1	fillColor	rgba8	rgb(220,224,224) a=230
Line-Highway-JPN-Globe-Base	zoom	11-12		2	strokeColor	rgba8	rgb(19,21,26) a=128
Line-Highway-JPN-Globe-Base	zoom	12-13		1	fillColor	rgba8	rgb(220,224,224) a=204
Line-Highway-JPN-Globe-Base	zoom	12-13		2	strokeColor	rgba8	rgb(19,21,26) a=128
Line-Highway-JPN-Globe-Base	zoom	13-17		1	fillColor	rgba8	rgb(220,224,224) a=128
Line-Highway-JPN-Globe-Base	zoom	13-17		2	strokeColor	rgba8	rgb(19,21,26) a=230
Line-Highway-JPN-Globe-Base	zoom	13-24		1	fillColor	rgba8	rgb(220,224,224) a=0
Line-Highway-JPN-Globe-Base	zoom	13-24		2	strokeColor	rgba8	rgb(193,199,199) a=0
Line-Highway-JPN-Globe-Base	zoom	0-9		1	fillColor	rgba8	rgb(192,192,165) a=77
Line-Highway-JPN-Globe-Base	zoom	0-9		2	strokeColor	rgba8	rgb(92,74,58) a=102
Line-Highway-JPN-Globe-Base	zoom	9-10		1	fillColor	rgba8	rgb(181,180,176) a=64
Line-Highway-JPN-Globe-Base	zoom	9-10		2	strokeColor	rgba8	rgb(92,74,58) a=153
Line-Highway-JPN-Globe-Base	zoom	10-11		1	fillColor	rgba8	rgb(181,180,176) a=64
Line-Highway-JPN-Globe-Base	zoom	10-11		2	strokeColor	rgba8	rgb(92,74,58) a=153
Line-Highway-JPN-Globe-Base	zoom	11-12		1	fillColor	rgba8	rgb(171,167,161) a=128
Line-Highway-JPN-Globe-Base	zoom	11-12		2	strokeColor	rgba8	rgb(92,74,58) a=153
Line-Highway-JPN-Globe-Base	zoom	12-15		1	fillColor	rgba8	rgb(171,167,161) a=153
Line-Highway-JPN-Globe-Base	zoom	12-15		2	strokeColor	rgba8	rgb(74,63,53) a=179
Line-Highway-JPN-Globe-Base	zoom	15-24		1	fillColor	rgba8	rgb(220,224,224) a=0
Line-Highway-JPN-Globe-Base	zoom	15-24		2	strokeColor	rgba8	rgb(193,199,199) a=0
Line-Highway-JPN-Globe-Base	cond+zoom	15-24	feature:TransitAgency=[1]	1	fillColor	rgba8	rgb(213,219,219) a=0
Line-Highway-JPN-Globe-Base	cond+zoom	15-24	feature:TransitAgency=[1]	2	strokeColor	rgba8	rgb(213,219,219) a=0
Line-Highway-JPN-Globe-Base	cond+zoom	17-24	feature:TransitAgency=[1]	3	width	float	0
Line-Highway-JPN-Globe-Base	cond+zoom	17-24	feature:TransitAgency=[1]	6	strokeWidth	float	0
Line-LocalMajorRoad-JPN-Globe-Base	zoom	0-12		1	fillColor	rgba8	rgb(225,230,230) a=230
Line-LocalMajorRoad-JPN-Globe-Base	zoom	0-12		2	strokeColor	rgba8	rgb(19,21,26) a=128
Line-LocalMajorRoad-JPN-Globe-Base	zoom	12-13		1	fillColor	rgba8	rgb(198,204,204) a=230
Line-LocalMajorRoad-JPN-Globe-Base	zoom	12-13		2	strokeColor	rgba8	rgb(19,21,26) a=128
Line-LocalMajorRoad-JPN-Globe-Base	zoom	13-14		1	fillColor	rgba8	rgb(227,232,232) a=230
Line-LocalMajorRoad-JPN-Globe-Base	zoom	13-14		2	strokeColor	rgba8	rgb(19,21,26) a=128
Line-LocalMajorRoad-JPN-Globe-Base	zoom	14-17		1	fillColor	rgba8	rgb(227,232,232) a=128
Line-LocalMajorRoad-JPN-Globe-Base	zoom	14-17		2	strokeColor	rgba8	rgb(19,21,26) a=230
Line-LocalMajorRoad-JPN-Globe-Base	zoom	17-24		1	fillColor	rgba8	rgb(227,232,232) a=0
Line-LocalMajorRoad-JPN-Globe-Base	zoom	17-24		2	strokeColor	rgba8	rgb(193,199,199) a=0
Line-LocalMajorRoad-JPN-Globe-Base	zoom	0-11		1	fillColor	rgba8	rgb(129,128,121) a=153
Line-LocalMajorRoad-JPN-Globe-Base	zoom	0-11		2	strokeColor	rgba8	rgb(74,63,53) a=153
Line-LocalMajorRoad-JPN-Globe-Base	zoom	11-12		1	fillColor	rgba8	rgb(129,128,121) a=128
Line-LocalMajorRoad-JPN-Globe-Base	zoom	11-12		2	strokeColor	rgba8	rgb(74,63,53) a=153
Line-LocalMajorRoad-JPN-Globe-Base	zoom	12-13		1	fillColor	rgba8	rgb(182,180,191) a=153
Line-LocalMajorRoad-JPN-Globe-Base	zoom	12-13		2	strokeColor	rgba8	rgb(74,63,53) a=230
Line-LocalMajorRoad-JPN-Globe-Base	zoom	13-14		1	fillColor	rgba8	rgb(182,180,175) a=204
Line-LocalMajorRoad-JPN-Globe-Base	zoom	13-14		2	strokeColor	rgba8	rgb(74,63,53) a=179
Line-LocalMajorRoad-JPN-Globe-Base	zoom	14-15		1	fillColor	rgba8	rgb(182,180,175) a=204
Line-LocalMajorRoad-JPN-Globe-Base	zoom	14-15		2	strokeColor	rgba8	rgb(74,63,53) a=179
Line-LocalMajorRoad-JPN-Globe-Base	zoom	15-24		1	fillColor	rgba8	rgb(227,232,232) a=0
Line-LocalMajorRoad-JPN-Globe-Base	zoom	15-24		2	strokeColor	rgba8	rgb(193,199,199) a=0
Line-LocalMajorRoad-JPN-Globe-Base	cond+zoom	15-24	feature:TransitAgency=[1]	1	fillColor	rgba8	rgb(213,219,219) a=0
Line-LocalMajorRoad-JPN-Globe-Base	cond+zoom	15-24	feature:TransitAgency=[1]	2	strokeColor	rgba8	rgb(213,219,219) a=0
Line-LocalMajorRoad-JPN-Globe-Base	cond+zoom	15-24	feature:TransitAgency=[1]	3	width	float	0
Line-LocalMajorRoad-JPN-Globe-Base	cond+zoom	15-24	feature:TransitAgency=[1]	6	strokeWidth	float	0
Line-LocalRoad-MinorRoad-JPN-Globe-Base	zoom	12-13		1	fillColor	rgba8	rgb(225,230,230) a=230
Line-LocalRoad-MinorRoad-JPN-Globe-Base	zoom	12-13		2	strokeColor	rgba8	rgb(19,21,26) a=128
Line-LocalRoad-MinorRoad-JPN-Globe-Base	zoom	13-14		1	fillColor	rgba8	rgb(217,222,222) a=230
Line-LocalRoad-MinorRoad-JPN-Globe-Base	zoom	13-14		2	strokeColor	rgba8	rgb(19,21,26) a=128
Line-LocalRoad-MinorRoad-JPN-Globe-Base	zoom	14-16		1	fillColor	rgba8	rgb(227,232,232) a=128
Line-LocalRoad-MinorRoad-JPN-Globe-Base	zoom	14-16		2	strokeColor	rgba8	rgb(19,21,26) a=128
Line-LocalRoad-MinorRoad-JPN-Globe-Base	zoom	17-24		1	fillColor	rgba8	rgb(227,232,232) a=0
Line-LocalRoad-MinorRoad-JPN-Globe-Base	zoom	17-24		2	strokeColor	rgba8	rgb(178,184,184) a=0
Line-LocalRoad-MinorRoad-JPN-Globe-Base	zoom	0-12		1	fillColor	rgba8	rgb(125,128,130) a=38
Line-LocalRoad-MinorRoad-JPN-Globe-Base	zoom	0-12		2	strokeColor	rgba8	rgb(125,128,130) a=38
Line-LocalRoad-MinorRoad-JPN-Globe-Base	zoom	12-15		1	fillColor	rgba8	rgb(125,128,130) a=64
Line-LocalRoad-MinorRoad-JPN-Globe-Base	zoom	12-15		2	strokeColor	rgba8	rgb(125,128,130) a=64
Line-LocalRoad-MinorRoad-JPN-Globe-Base	zoom	15-24		1	fillColor	rgba8	rgb(227,232,232) a=0
Line-LocalRoad-MinorRoad-JPN-Globe-Base	zoom	15-24		2	strokeColor	rgba8	rgb(178,184,184) a=0
Line-LocalRoad-MinorRoad-JPN-Globe-Base	cond+zoom	15-24	feature:TransitAgency=[1]	1	fillColor	rgba8	rgb(213,219,219) a=0
Line-LocalRoad-MinorRoad-JPN-Globe-Base	cond+zoom	15-24	feature:TransitAgency=[1]	2	strokeColor	rgba8	rgb(213,219,219) a=0
Line-LocalRoad-MinorRoad-JPN-Globe-Base	cond+zoom	17-24	feature:TransitAgency=[1]	3	width	float	0
Line-LocalRoad-MinorRoad-JPN-Globe-Base	cond+zoom	17-24	feature:TransitAgency=[1]	6	strokeWidth	float	0
Line-MajorHighway-JPN-Globe-Base	zoom	8-10		1	fillColor	rgba8	rgb(223,230,230) a=230
Line-MajorHighway-JPN-Globe-Base	zoom	8-10		2	strokeColor	rgba8	rgb(19,21,26) a=128
Line-MajorHighway-JPN-Globe-Base	zoom	10-11		1	fillColor	rgba8	rgb(215,219,219) a=230
Line-MajorHighway-JPN-Globe-Base	zoom	10-11		2	strokeColor	rgba8	rgb(19,21,26) a=128
Line-MajorHighway-JPN-Globe-Base	zoom	11-12		1	fillColor	rgba8	rgb(220,224,224) a=230
Line-MajorHighway-JPN-Globe-Base	zoom	11-12		2	strokeColor	rgba8	rgb(19,21,26) a=128
Line-MajorHighway-JPN-Globe-Base	zoom	12-13		1	fillColor	rgba8	rgb(220,224,224) a=204
Line-MajorHighway-JPN-Globe-Base	zoom	12-13		2	strokeColor	rgba8	rgb(19,21,26) a=128
Line-MajorHighway-JPN-Globe-Base	zoom	13-17		1	fillColor	rgba8	rgb(220,224,224) a=128
Line-MajorHighway-JPN-Globe-Base	zoom	13-17		2	strokeColor	rgba8	rgb(19,21,26) a=230
Line-MajorHighway-JPN-Globe-Base	zoom	13-24		1	fillColor	rgba8	rgb(220,224,224) a=0
Line-MajorHighway-JPN-Globe-Base	zoom	13-24		2	strokeColor	rgba8	rgb(193,199,199) a=0
Line-MajorHighway-JPN-Globe-Base	zoom	0-9		1	fillColor	rgba8	rgb(192,192,165) a=77
Line-MajorHighway-JPN-Globe-Base	zoom	0-9		2	strokeColor	rgba8	rgb(92,74,58) a=102
Line-MajorHighway-JPN-Globe-Base	zoom	9-10		1	fillColor	rgba8	rgb(181,180,176) a=64
Line-MajorHighway-JPN-Globe-Base	zoom	9-10		2	strokeColor	rgba8	rgb(92,74,58) a=153
Line-MajorHighway-JPN-Globe-Base	zoom	10-11		1	fillColor	rgba8	rgb(181,180,176) a=64
Line-MajorHighway-JPN-Globe-Base	zoom	10-11		2	strokeColor	rgba8	rgb(92,74,58) a=153
Line-MajorHighway-JPN-Globe-Base	zoom	11-12		1	fillColor	rgba8	rgb(171,167,161) a=128
Line-MajorHighway-JPN-Globe-Base	zoom	11-12		2	strokeColor	rgba8	rgb(92,74,58) a=153
Line-MajorHighway-JPN-Globe-Base	zoom	12-15		1	fillColor	rgba8	rgb(171,167,161) a=153
Line-MajorHighway-JPN-Globe-Base	zoom	12-15		2	strokeColor	rgba8	rgb(74,63,53) a=179
Line-MajorHighway-JPN-Globe-Base	zoom	15-24		1	fillColor	rgba8	rgb(220,224,224) a=0
Line-MajorHighway-JPN-Globe-Base	zoom	15-24		2	strokeColor	rgba8	rgb(193,199,199) a=0
Line-MajorHighway-JPN-Globe-Base	cond+zoom	15-24	feature:TransitAgency=[1]	1	fillColor	rgba8	rgb(213,219,219) a=0
Line-MajorHighway-JPN-Globe-Base	cond+zoom	15-24	feature:TransitAgency=[1]	2	strokeColor	rgba8	rgb(213,219,219) a=0
Line-MajorHighway-JPN-Globe-Base	cond+zoom	17-24	feature:TransitAgency=[1]	3	width	float	0
Line-MajorHighway-JPN-Globe-Base	cond+zoom	17-24	feature:TransitAgency=[1]	6	strokeWidth	float	0
Ramp-Freeway-Connector-JPN-Globe-Base	zoom	0-8		1	fillColor	rgba8	rgb(152,158,158) a=230
Ramp-Freeway-Connector-JPN-Globe-Base	zoom	0-8		2	strokeColor	rgba8	rgb(19,21,26) a=128
Ramp-Freeway-Connector-JPN-Globe-Base	zoom	8-9		1	fillColor	rgba8	rgb(163,168,168) a=230
Ramp-Freeway-Connector-JPN-Globe-Base	zoom	8-9		2	strokeColor	rgba8	rgb(19,21,26) a=128
Ramp-Freeway-Connector-JPN-Globe-Base	zoom	9-10		1	fillColor	rgba8	rgb(111,81,44) a=230
Ramp-Freeway-Connector-JPN-Globe-Base	zoom	9-10		2	strokeColor	rgba8	rgb(19,21,26) a=96
Ramp-Freeway-Connector-JPN-Globe-Base	zoom	10-14		1	fillColor	rgba8	rgb(182,191,191) a=230
Ramp-Freeway-Connector-JPN-Globe-Base	zoom	10-14		2	strokeColor	rgba8	rgb(19,21,26) a=230
Ramp-Freeway-Connector-JPN-Globe-Base	zoom	14-17		1	fillColor	rgba8	rgb(200,204,204) a=128
Ramp-Freeway-Connector-JPN-Globe-Base	zoom	14-17		2	strokeColor	rgba8	rgb(19,21,26) a=230
Ramp-Freeway-Connector-JPN-Globe-Base	zoom	17-24		1	fillColor	rgba8	rgb(200,204,204) a=0
Ramp-Freeway-Connector-JPN-Globe-Base	zoom	17-24		2	strokeColor	rgba8	rgb(173,179,179) a=0
Ramp-Freeway-Connector-JPN-Globe-Base	cond+zoom	15-24	feature:TransitAgency=[1]	1	fillColor	rgba8	rgb(213,219,219) a=0
Ramp-Freeway-Connector-JPN-Globe-Base	cond+zoom	15-24	feature:TransitAgency=[1]	2	strokeColor	rgba8	rgb(213,219,219) a=0
Ramp-Freeway-Connector-JPN-Globe-Base	cond+zoom	17-24	feature:TransitAgency=[1]	3	width	float	0
Ramp-Freeway-Connector-JPN-Globe-Base	cond+zoom	17-24	feature:TransitAgency=[1]	6	strokeWidth	float	0
Roads-Localized-GBR-IRL-ClassOne-Globe-Base	base			18	textSizeScale	float	1
Roads-Localized-GBR-IRL-ClassOne-Globe-Base	zoom	0-7		1	fillColor	rgba8	rgb(147,184,233) a=230
Roads-Localized-GBR-IRL-ClassOne-Globe-Base	zoom	0-7		2	strokeColor	rgba8	rgb(19,21,26) a=128
Roads-Localized-GBR-IRL-ClassOne-Globe-Base	zoom	7-8		1	fillColor	rgba8	rgb(116,147,187) a=230
Roads-Localized-GBR-IRL-ClassOne-Globe-Base	zoom	7-8		2	strokeColor	rgba8	rgb(19,21,26) a=128
Roads-Localized-GBR-IRL-ClassOne-Globe-Base	zoom	8-9		1	fillColor	rgba8	rgb(136,154,179) a=230
Roads-Localized-GBR-IRL-ClassOne-Globe-Base	zoom	8-9		2	strokeColor	rgba8	rgb(19,21,26) a=128
Roads-Localized-GBR-IRL-ClassOne-Globe-Base	zoom	9-10		1	fillColor	rgba8	rgb(136,154,179) a=230
Roads-Localized-GBR-IRL-ClassOne-Globe-Base	zoom	9-10		2	strokeColor	rgba8	rgb(19,21,26) a=128
Roads-Localized-GBR-IRL-ClassOne-Globe-Base	zoom	10-11		1	fillColor	rgba8	rgb(160,182,198) a=230
Roads-Localized-GBR-IRL-ClassOne-Globe-Base	zoom	10-11		2	strokeColor	rgba8	rgb(19,21,26) a=128
Roads-Localized-GBR-IRL-ClassOne-Globe-Base	zoom	11-12		1	fillColor	rgba8	rgb(171,183,191) a=230
Roads-Localized-GBR-IRL-ClassOne-Globe-Base	zoom	11-12		2	strokeColor	rgba8	rgb(19,21,26) a=128
Roads-Localized-GBR-IRL-ClassOne-Globe-Base	zoom	12-14		1	fillColor	rgba8	rgb(184,186,188) a=230
Roads-Localized-GBR-IRL-ClassOne-Globe-Base	zoom	12-14		2	strokeColor	rgba8	rgb(19,21,26) a=128
Roads-Localized-GBR-IRL-ClassOne-Globe-Base	zoom	14-15		1	fillColor	rgba8	rgb(171,174,176) a=128
Roads-Localized-GBR-IRL-ClassOne-Globe-Base	zoom	14-15		2	strokeColor	rgba8	rgb(19,21,26) a=128
Roads-Localized-GBR-IRL-ClassOne-Globe-Base	zoom	15-17		1	fillColor	rgba8	rgb(157,162,166) a=128
Roads-Localized-GBR-IRL-ClassOne-Globe-Base	zoom	15-17		2	strokeColor	rgba8	rgb(19,21,26) a=230
Roads-Localized-GBR-IRL-ClassOne-Globe-Base	zoom	17-24		1	fillColor	rgba8	rgb(157,162,166) a=0
Roads-Localized-GBR-IRL-ClassOne-Globe-Base	zoom	17-24		2	strokeColor	rgba8	rgb(129,137,137) a=0
Roads-Localized-GBR-IRL-ClassOne-Globe-Base	zoom	0-5		1	fillColor	rgba8	rgb(216,215,211) a=230
Roads-Localized-GBR-IRL-ClassOne-Globe-Base	zoom	0-5		2	strokeColor	rgba8	rgb(74,63,53) a=204
Roads-Localized-GBR-IRL-ClassOne-Globe-Base	zoom	5-6		1	fillColor	rgba8	rgb(216,215,211) a=230
Roads-Localized-GBR-IRL-ClassOne-Globe-Base	zoom	5-6		2	strokeColor	rgba8	rgb(74,63,53) a=204
Roads-Localized-GBR-IRL-ClassOne-Globe-Base	zoom	6-7		1	fillColor	rgba8	rgb(216,215,211) a=230
Roads-Localized-GBR-IRL-ClassOne-Globe-Base	zoom	6-7		2	strokeColor	rgba8	rgb(74,63,53) a=204
Roads-Localized-GBR-IRL-ClassOne-Globe-Base	zoom	7-8		1	fillColor	rgba8	rgb(216,215,211) a=230
Roads-Localized-GBR-IRL-ClassOne-Globe-Base	zoom	7-8		2	strokeColor	rgba8	rgb(74,63,53) a=204
Roads-Localized-GBR-IRL-ClassOne-Globe-Base	zoom	8-9		1	fillColor	rgba8	rgb(216,215,211) a=230
Roads-Localized-GBR-IRL-ClassOne-Globe-Base	zoom	8-9		2	strokeColor	rgba8	rgb(74,63,53) a=204
Roads-Localized-GBR-IRL-ClassOne-Globe-Base	zoom	9-10		1	fillColor	rgba8	rgb(192,194,196) a=230
Roads-Localized-GBR-IRL-ClassOne-Globe-Base	zoom	9-10		2	strokeColor	rgba8	rgb(74,63,53) a=204
Roads-Localized-GBR-IRL-ClassOne-Globe-Base	zoom	10-11		1	fillColor	rgba8	rgb(192,194,196) a=230
Roads-Localized-GBR-IRL-ClassOne-Globe-Base	zoom	10-11		2	strokeColor	rgba8	rgb(74,63,53) a=204
Roads-Localized-GBR-IRL-ClassOne-Globe-Base	zoom	11-12		1	fillColor	rgba8	rgb(171,174,176) a=230
Roads-Localized-GBR-IRL-ClassOne-Globe-Base	zoom	11-12		2	strokeColor	rgba8	rgb(74,63,53) a=204
Roads-Localized-GBR-IRL-ClassOne-Globe-Base	zoom	12-13		1	fillColor	rgba8	rgb(171,174,176) a=230
Roads-Localized-GBR-IRL-ClassOne-Globe-Base	zoom	12-13		2	strokeColor	rgba8	rgb(74,63,53) a=204
Roads-Localized-GBR-IRL-ClassOne-Globe-Base	zoom	13-14		1	fillColor	rgba8	rgb(171,174,176) a=230
Roads-Localized-GBR-IRL-ClassOne-Globe-Base	zoom	13-14		2	strokeColor	rgba8	rgb(74,63,53) a=179
Roads-Localized-GBR-IRL-ClassOne-Globe-Base	zoom	14-15		1	fillColor	rgba8	rgb(171,174,176) a=102
Roads-Localized-GBR-IRL-ClassOne-Globe-Base	zoom	14-15		2	strokeColor	rgba8	rgb(74,63,53) a=51
Roads-Localized-GBR-IRL-ClassOne-Globe-Base	zoom	15-24		1	fillColor	rgba8	rgb(157,162,166) a=0
Roads-Localized-GBR-IRL-ClassOne-Globe-Base	zoom	15-24		2	strokeColor	rgba8	rgb(129,137,137) a=0
Roads-Localized-GBR-IRL-ClassOne-Globe-Base	zoom	7-8		3	width	float	1.75
Roads-Localized-GBR-IRL-ClassOne-Globe-Base	zoom	7-8		6	strokeWidth	float	0.8
Roads-Localized-GBR-IRL-ClassOne-Globe-Base	zoom	8-9		3	width	float	1.75
Roads-Localized-GBR-IRL-ClassOne-Globe-Base	zoom	8-9		6	strokeWidth	float	0.8
Roads-Localized-GBR-IRL-ClassTwo-Globe-Base	zoom	0-7		1	fillColor	rgba8	rgb(147,184,233) a=230
Roads-Localized-GBR-IRL-ClassTwo-Globe-Base	zoom	0-7		2	strokeColor	rgba8	rgb(19,21,26) a=128
Roads-Localized-GBR-IRL-ClassTwo-Globe-Base	zoom	7-8		1	fillColor	rgba8	rgb(76,195,113) a=230
Roads-Localized-GBR-IRL-ClassTwo-Globe-Base	zoom	7-8		2	strokeColor	rgba8	rgb(19,21,26) a=128
Roads-Localized-GBR-IRL-ClassTwo-Globe-Base	zoom	8-9		1	fillColor	rgba8	rgb(118,191,141) a=230
Roads-Localized-GBR-IRL-ClassTwo-Globe-Base	zoom	8-9		2	strokeColor	rgba8	rgb(19,21,26) a=128
Roads-Localized-GBR-IRL-ClassTwo-Globe-Base	zoom	9-10		1	fillColor	rgba8	rgb(141,196,159) a=230
Roads-Localized-GBR-IRL-ClassTwo-Globe-Base	zoom	9-10		2	strokeColor	rgba8	rgb(19,21,26) a=128
Roads-Localized-GBR-IRL-ClassTwo-Globe-Base	zoom	10-11		1	fillColor	rgba8	rgb(132,194,152) a=230
Roads-Localized-GBR-IRL-ClassTwo-Globe-Base	zoom	10-11		2	strokeColor	rgba8	rgb(19,21,26) a=128
Roads-Localized-GBR-IRL-ClassTwo-Globe-Base	zoom	11-12		1	fillColor	rgba8	rgb(153,207,170) a=230
Roads-Localized-GBR-IRL-ClassTwo-Globe-Base	zoom	11-12		2	strokeColor	rgba8	rgb(19,21,26) a=128
Roads-Localized-GBR-IRL-ClassTwo-Globe-Base	zoom	12-14		1	fillColor	rgba8	rgb(202,204,204) a=230
Roads-Localized-GBR-IRL-ClassTwo-Globe-Base	zoom	12-14		2	strokeColor	rgba8	rgb(19,21,26) a=128
Roads-Localized-GBR-IRL-ClassTwo-Globe-Base	zoom	14-15		1	fillColor	rgba8	rgb(202,204,204) a=128
Roads-Localized-GBR-IRL-ClassTwo-Globe-Base	zoom	14-15		2	strokeColor	rgba8	rgb(19,21,26) a=128
Roads-Localized-GBR-IRL-ClassTwo-Globe-Base	zoom	15-17		1	fillColor	rgba8	rgb(202,204,204) a=128
Roads-Localized-GBR-IRL-ClassTwo-Globe-Base	zoom	15-17		2	strokeColor	rgba8	rgb(19,21,26) a=230
Roads-Localized-GBR-IRL-ClassTwo-Globe-Base	zoom	17-24		1	fillColor	rgba8	rgb(157,162,166) a=0
Roads-Localized-GBR-IRL-ClassTwo-Globe-Base	zoom	17-24		2	strokeColor	rgba8	rgb(157,162,166) a=0
Roads-Localized-GBR-IRL-ClassTwo-Globe-Base	zoom	0-5		1	fillColor	rgba8	rgb(174,171,167) a=230
Roads-Localized-GBR-IRL-ClassTwo-Globe-Base	zoom	0-5		2	strokeColor	rgba8	rgb(115,107,99) a=204
Roads-Localized-GBR-IRL-ClassTwo-Globe-Base	zoom	5-6		1	fillColor	rgba8	rgb(174,171,167) a=230
Roads-Localized-GBR-IRL-ClassTwo-Globe-Base	zoom	5-6		2	strokeColor	rgba8	rgb(115,107,99) a=204
Roads-Localized-GBR-IRL-ClassTwo-Globe-Base	zoom	6-7		1	fillColor	rgba8	rgb(174,171,167) a=230
Roads-Localized-GBR-IRL-ClassTwo-Globe-Base	zoom	6-7		2	strokeColor	rgba8	rgb(115,107,99) a=204
Roads-Localized-GBR-IRL-ClassTwo-Globe-Base	zoom	7-8		1	fillColor	rgba8	rgb(182,179,175) a=230
Roads-Localized-GBR-IRL-ClassTwo-Globe-Base	zoom	7-8		2	strokeColor	rgba8	rgb(115,107,99) a=204
Roads-Localized-GBR-IRL-ClassTwo-Globe-Base	zoom	8-9		1	fillColor	rgba8	rgb(182,179,175) a=230
Roads-Localized-GBR-IRL-ClassTwo-Globe-Base	zoom	8-9		2	strokeColor	rgba8	rgb(115,107,99) a=204
Roads-Localized-GBR-IRL-ClassTwo-Globe-Base	zoom	9-10		1	fillColor	rgba8	rgb(189,187,183) a=230
Roads-Localized-GBR-IRL-ClassTwo-Globe-Base	zoom	9-10		2	strokeColor	rgba8	rgb(115,107,99) a=204
Roads-Localized-GBR-IRL-ClassTwo-Globe-Base	zoom	10-11		1	fillColor	rgba8	rgb(194,193,188) a=204
Roads-Localized-GBR-IRL-ClassTwo-Globe-Base	zoom	10-11		2	strokeColor	rgba8	rgb(74,63,53) a=230
Roads-Localized-GBR-IRL-ClassTwo-Globe-Base	zoom	11-12		1	fillColor	rgba8	rgb(194,193,188) a=204
Roads-Localized-GBR-IRL-ClassTwo-Globe-Base	zoom	11-12		2	strokeColor	rgba8	rgb(74,63,53) a=230
Roads-Localized-GBR-IRL-ClassTwo-Globe-Base	zoom	12-13		1	fillColor	rgba8	rgb(194,193,188) a=204
Roads-Localized-GBR-IRL-ClassTwo-Globe-Base	zoom	12-13		2	strokeColor	rgba8	rgb(74,63,53) a=230
Roads-Localized-GBR-IRL-ClassTwo-Globe-Base	zoom	13-14		1	fillColor	rgba8	rgb(194,193,188) a=204
Roads-Localized-GBR-IRL-ClassTwo-Globe-Base	zoom	13-14		2	strokeColor	rgba8	rgb(74,63,53) a=204
Roads-Localized-GBR-IRL-ClassTwo-Globe-Base	zoom	14-15		1	fillColor	rgba8	rgb(194,193,188) a=102
Roads-Localized-GBR-IRL-ClassTwo-Globe-Base	zoom	14-15		2	strokeColor	rgba8	rgb(74,63,53) a=51
Roads-Localized-GBR-IRL-ClassTwo-Globe-Base	zoom	15-24		1	fillColor	rgba8	rgb(157,162,166) a=0
Roads-Localized-GBR-IRL-ClassTwo-Globe-Base	zoom	15-24		2	strokeColor	rgba8	rgb(157,162,166) a=0
Roads-Localized-GBR-IRL-ClassTwo-Globe-Base	zoom	8-9		3	width	float	1
Roads-Localized-GBR-IRL-ClassTwo-Globe-Base	zoom	8-9		6	strokeWidth	float	0.2
Roads-Localized-GBR-IRL-ClassTwo-Globe-Base	zoom	9-10		3	width	float	1.75
Roads-Localized-GBR-IRL-ClassTwo-Globe-Base	zoom	9-10		6	strokeWidth	float	0.8
Roads-Localized-GBR-IRL-ClassTwo-Globe-Base	zoom	10-11		3	width	float	1.75
Roads-Localized-GBR-IRL-ClassTwo-Globe-Base	zoom	10-11		6	strokeWidth	float	0.8
Roads-Localized-GBR-IRL-ClassTwo-Globe-Base	zoom	11-12		3	width	float	1.75
Roads-Localized-GBR-IRL-ClassTwo-Globe-Base	zoom	11-12		6	strokeWidth	float	0.8
Roads-Localized-GBR-IRL-ClassOne-Tunnel-Globe-Base	zoom	0-7		1	fillColor	rgba8	rgb(147,184,233) a=230
Roads-Localized-GBR-IRL-ClassOne-Tunnel-Globe-Base	zoom	0-7		2	strokeColor	rgba8	rgb(19,21,26) a=128
Roads-Localized-GBR-IRL-ClassOne-Tunnel-Globe-Base	zoom	7-8		1	fillColor	rgba8	rgb(116,147,187) a=230
Roads-Localized-GBR-IRL-ClassOne-Tunnel-Globe-Base	zoom	7-8		2	strokeColor	rgba8	rgb(19,21,26) a=128
Roads-Localized-GBR-IRL-ClassOne-Tunnel-Globe-Base	zoom	8-9		1	fillColor	rgba8	rgb(136,154,179) a=230
Roads-Localized-GBR-IRL-ClassOne-Tunnel-Globe-Base	zoom	8-9		2	strokeColor	rgba8	rgb(19,21,26) a=128
Roads-Localized-GBR-IRL-ClassOne-Tunnel-Globe-Base	zoom	9-10		1	fillColor	rgba8	rgb(136,154,179) a=230
Roads-Localized-GBR-IRL-ClassOne-Tunnel-Globe-Base	zoom	9-10		2	strokeColor	rgba8	rgb(19,21,26) a=128
Roads-Localized-GBR-IRL-ClassOne-Tunnel-Globe-Base	zoom	10-11		1	fillColor	rgba8	rgb(160,182,198) a=230
Roads-Localized-GBR-IRL-ClassOne-Tunnel-Globe-Base	zoom	10-11		2	strokeColor	rgba8	rgb(19,21,26) a=128
Roads-Localized-GBR-IRL-ClassOne-Tunnel-Globe-Base	zoom	11-12		1	fillColor	rgba8	rgb(171,183,191) a=230
Roads-Localized-GBR-IRL-ClassOne-Tunnel-Globe-Base	zoom	11-12		2	strokeColor	rgba8	rgb(19,21,26) a=128
Roads-Localized-GBR-IRL-ClassOne-Tunnel-Globe-Base	zoom	12-14		1	fillColor	rgba8	rgb(184,186,188) a=230
Roads-Localized-GBR-IRL-ClassOne-Tunnel-Globe-Base	zoom	12-14		2	strokeColor	rgba8	rgb(19,21,26) a=128
Roads-Localized-GBR-IRL-ClassOne-Tunnel-Globe-Base	zoom	14-15		1	fillColor	rgba8	rgb(171,174,176) a=128
Roads-Localized-GBR-IRL-ClassOne-Tunnel-Globe-Base	zoom	14-15		2	strokeColor	rgba8	rgb(19,21,26) a=128
Roads-Localized-GBR-IRL-ClassOne-Tunnel-Globe-Base	zoom	15-17		1	fillColor	rgba8	rgb(157,162,166) a=128
Roads-Localized-GBR-IRL-ClassOne-Tunnel-Globe-Base	zoom	15-17		2	strokeColor	rgba8	rgb(19,21,26) a=230
Roads-Localized-GBR-IRL-ClassOne-Tunnel-Globe-Base	zoom	17-24		1	fillColor	rgba8	rgb(157,162,166) a=0
Roads-Localized-GBR-IRL-ClassOne-Tunnel-Globe-Base	zoom	17-24		2	strokeColor	rgba8	rgb(129,137,137) a=0
Roads-Localized-GBR-IRL-ClassOne-Tunnel-Globe-Base	zoom	0-5		1	fillColor	rgba8	rgb(216,215,211) a=230
Roads-Localized-GBR-IRL-ClassOne-Tunnel-Globe-Base	zoom	0-5		2	strokeColor	rgba8	rgb(74,63,53) a=204
Roads-Localized-GBR-IRL-ClassOne-Tunnel-Globe-Base	zoom	5-6		1	fillColor	rgba8	rgb(216,215,211) a=230
Roads-Localized-GBR-IRL-ClassOne-Tunnel-Globe-Base	zoom	5-6		2	strokeColor	rgba8	rgb(74,63,53) a=204
Roads-Localized-GBR-IRL-ClassOne-Tunnel-Globe-Base	zoom	6-7		1	fillColor	rgba8	rgb(216,215,211) a=230
Roads-Localized-GBR-IRL-ClassOne-Tunnel-Globe-Base	zoom	6-7		2	strokeColor	rgba8	rgb(74,63,53) a=204
Roads-Localized-GBR-IRL-ClassOne-Tunnel-Globe-Base	zoom	7-8		1	fillColor	rgba8	rgb(216,215,211) a=230
Roads-Localized-GBR-IRL-ClassOne-Tunnel-Globe-Base	zoom	7-8		2	strokeColor	rgba8	rgb(74,63,53) a=204
Roads-Localized-GBR-IRL-ClassOne-Tunnel-Globe-Base	zoom	8-9		1	fillColor	rgba8	rgb(216,215,211) a=230
Roads-Localized-GBR-IRL-ClassOne-Tunnel-Globe-Base	zoom	8-9		2	strokeColor	rgba8	rgb(74,63,53) a=204
Roads-Localized-GBR-IRL-ClassOne-Tunnel-Globe-Base	zoom	9-10		1	fillColor	rgba8	rgb(192,194,196) a=230
Roads-Localized-GBR-IRL-ClassOne-Tunnel-Globe-Base	zoom	9-10		2	strokeColor	rgba8	rgb(74,63,53) a=204
Roads-Localized-GBR-IRL-ClassOne-Tunnel-Globe-Base	zoom	10-11		1	fillColor	rgba8	rgb(192,194,196) a=230
Roads-Localized-GBR-IRL-ClassOne-Tunnel-Globe-Base	zoom	10-11		2	strokeColor	rgba8	rgb(74,63,53) a=204
Roads-Localized-GBR-IRL-ClassOne-Tunnel-Globe-Base	zoom	11-12		1	fillColor	rgba8	rgb(171,174,176) a=230
Roads-Localized-GBR-IRL-ClassOne-Tunnel-Globe-Base	zoom	11-12		2	strokeColor	rgba8	rgb(74,63,53) a=204
Roads-Localized-GBR-IRL-ClassOne-Tunnel-Globe-Base	zoom	12-13		1	fillColor	rgba8	rgb(171,174,176) a=230
Roads-Localized-GBR-IRL-ClassOne-Tunnel-Globe-Base	zoom	12-13		2	strokeColor	rgba8	rgb(74,63,53) a=204
Roads-Localized-GBR-IRL-ClassOne-Tunnel-Globe-Base	zoom	13-14		1	fillColor	rgba8	rgb(171,174,176) a=230
Roads-Localized-GBR-IRL-ClassOne-Tunnel-Globe-Base	zoom	13-14		2	strokeColor	rgba8	rgb(74,63,53) a=179
Roads-Localized-GBR-IRL-ClassOne-Tunnel-Globe-Base	zoom	14-15		1	fillColor	rgba8	rgb(171,174,176) a=102
Roads-Localized-GBR-IRL-ClassOne-Tunnel-Globe-Base	zoom	14-15		2	strokeColor	rgba8	rgb(74,63,53) a=51
Roads-Localized-GBR-IRL-ClassOne-Tunnel-Globe-Base	zoom	15-24		1	fillColor	rgba8	rgb(157,162,166) a=0
Roads-Localized-GBR-IRL-ClassOne-Tunnel-Globe-Base	zoom	15-24		2	strokeColor	rgba8	rgb(129,137,137) a=0
Roads-Localized-GBR-IRL-ClassTwo-Tunnel-Globe-Base	zoom	0-7		1	fillColor	rgba8	rgb(147,184,233) a=230
Roads-Localized-GBR-IRL-ClassTwo-Tunnel-Globe-Base	zoom	0-7		2	strokeColor	rgba8	rgb(19,21,26) a=128
Roads-Localized-GBR-IRL-ClassTwo-Tunnel-Globe-Base	zoom	7-8		1	fillColor	rgba8	rgb(116,147,187) a=230
Roads-Localized-GBR-IRL-ClassTwo-Tunnel-Globe-Base	zoom	7-8		2	strokeColor	rgba8	rgb(19,21,26) a=128
Roads-Localized-GBR-IRL-ClassTwo-Tunnel-Globe-Base	zoom	8-9		1	fillColor	rgba8	rgb(136,154,179) a=230
Roads-Localized-GBR-IRL-ClassTwo-Tunnel-Globe-Base	zoom	8-9		2	strokeColor	rgba8	rgb(19,21,26) a=128
Roads-Localized-GBR-IRL-ClassTwo-Tunnel-Globe-Base	zoom	9-10		1	fillColor	rgba8	rgb(136,154,179) a=230
Roads-Localized-GBR-IRL-ClassTwo-Tunnel-Globe-Base	zoom	9-10		2	strokeColor	rgba8	rgb(19,21,26) a=128
Roads-Localized-GBR-IRL-ClassTwo-Tunnel-Globe-Base	zoom	10-11		1	fillColor	rgba8	rgb(160,182,198) a=230
Roads-Localized-GBR-IRL-ClassTwo-Tunnel-Globe-Base	zoom	10-11		2	strokeColor	rgba8	rgb(19,21,26) a=128
Roads-Localized-GBR-IRL-ClassTwo-Tunnel-Globe-Base	zoom	11-12		1	fillColor	rgba8	rgb(171,183,191) a=230
Roads-Localized-GBR-IRL-ClassTwo-Tunnel-Globe-Base	zoom	11-12		2	strokeColor	rgba8	rgb(19,21,26) a=128
Roads-Localized-GBR-IRL-ClassTwo-Tunnel-Globe-Base	zoom	12-14		1	fillColor	rgba8	rgb(184,186,188) a=230
Roads-Localized-GBR-IRL-ClassTwo-Tunnel-Globe-Base	zoom	12-14		2	strokeColor	rgba8	rgb(19,21,26) a=128
Roads-Localized-GBR-IRL-ClassTwo-Tunnel-Globe-Base	zoom	14-15		1	fillColor	rgba8	rgb(171,174,176) a=128
Roads-Localized-GBR-IRL-ClassTwo-Tunnel-Globe-Base	zoom	14-15		2	strokeColor	rgba8	rgb(19,21,26) a=128
Roads-Localized-GBR-IRL-ClassTwo-Tunnel-Globe-Base	zoom	15-17		1	fillColor	rgba8	rgb(157,162,166) a=128
Roads-Localized-GBR-IRL-ClassTwo-Tunnel-Globe-Base	zoom	15-17		2	strokeColor	rgba8	rgb(19,21,26) a=230
Roads-Localized-GBR-IRL-ClassTwo-Tunnel-Globe-Base	zoom	17-24		1	fillColor	rgba8	rgb(157,162,166) a=0
Roads-Localized-GBR-IRL-ClassTwo-Tunnel-Globe-Base	zoom	17-24		2	strokeColor	rgba8	rgb(129,137,137) a=0
Road-Label-Spacing-Large-Globe	cond+zoom	0-7	client:24=[3]	32	labelSpacing	float	48
Road-Label-Spacing-Large-Globe	cond+zoom	7-24	client:24=[3]	32	labelSpacing	float	360
Road-Label-Spacing-Large-Globe	cond+zoom	0-7	client:24=[3]	32	labelSpacing	float	500
Road-Label-Spacing-Large-Globe	cond+zoom	7-14	client:24=[3]	32	labelSpacing	float	500
Road-Label-Spacing-Large-Globe	cond+zoom	14-18	client:24=[3]	32	labelSpacing	float	450
Road-Label-Spacing-Large-Globe	cond+zoom	18-24	client:24=[3]	32	labelSpacing	float	550
Road-Label-Spacing-Large-Globe	cond+zoom	0-7	client:24=[2]	32	labelSpacing	float	48
Road-Label-Spacing-Large-Globe	cond+zoom	7-8	client:24=[2]	32	labelSpacing	float	100
Road-Label-Spacing-Large-Globe	cond+zoom	8-10	client:24=[2]	32	labelSpacing	float	248
Road-Label-Spacing-Large-Globe	cond+zoom	10-14	client:24=[2]	32	labelSpacing	float	360
Road-Label-Spacing-Large-Globe	cond+zoom	14-15	client:24=[2]	32	labelSpacing	float	248
Road-Label-Spacing-Large-Globe	cond+zoom	15-24	client:24=[2]	32	labelSpacing	float	248
Road-Label-Spacing-Large-Globe	cond+zoom	0-7	client:24=[2]	32	labelSpacing	float	175
Road-Label-Spacing-Large-Globe	cond+zoom	0-7	client:24=[2]	32	labelSpacing	float	475
Road-Label-Spacing-Large-Globe	cond+zoom	7-10	client:24=[2]	32	labelSpacing	float	475
Road-Label-Spacing-Large-Globe	cond+zoom	10-14	client:24=[2]	32	labelSpacing	float	450
Road-Label-Spacing-Large-Globe	cond+zoom	14-18	client:24=[2]	32	labelSpacing	float	400
Road-Label-Spacing-Large-Globe	cond+zoom	18-24	client:24=[2]	32	labelSpacing	float	500
Road-Label-Spacing-Large-Globe	cond+zoom	0-7	client:24=[1]	32	labelSpacing	float	450
Road-Label-Spacing-Large-Globe	cond+zoom	7-10	client:24=[1]	32	labelSpacing	float	450
Road-Label-Spacing-Large-Globe	cond+zoom	10-12	client:24=[1]	32	labelSpacing	float	450
Road-Label-Spacing-Large-Globe	cond+zoom	12-16	client:24=[1]	32	labelSpacing	float	400
Road-Label-Spacing-Large-Globe	cond+zoom	16-18	client:24=[1]	32	labelSpacing	float	350
Road-Label-Spacing-Large-Globe	cond+zoom	18-24	client:24=[1]	32	labelSpacing	float	500
Road-Label-Spacing-Large-Globe	cond		client:24=[0]	32	labelSpacing	float	48
Road-Label-Spacing-Medium-Globe	cond+zoom	0-7	client:24=[3]	32	labelSpacing	float	48
Road-Label-Spacing-Medium-Globe	cond+zoom	7-24	client:24=[3]	32	labelSpacing	float	360
Road-Label-Spacing-Medium-Globe	cond+zoom	0-7	client:24=[3]	32	labelSpacing	float	450
Road-Label-Spacing-Medium-Globe	cond+zoom	7-14	client:24=[3]	32	labelSpacing	float	450
Road-Label-Spacing-Medium-Globe	cond+zoom	14-18	client:24=[3]	32	labelSpacing	float	400
Road-Label-Spacing-Medium-Globe	cond+zoom	18-24	client:24=[3]	32	labelSpacing	float	500
Road-Label-Spacing-Medium-Globe	cond+zoom	0-7	client:24=[2]	32	labelSpacing	float	48
Road-Label-Spacing-Medium-Globe	cond+zoom	7-8	client:24=[2]	32	labelSpacing	float	100
Road-Label-Spacing-Medium-Globe	cond+zoom	8-10	client:24=[2]	32	labelSpacing	float	248
Road-Label-Spacing-Medium-Globe	cond+zoom	10-14	client:24=[2]	32	labelSpacing	float	360
Road-Label-Spacing-Medium-Globe	cond+zoom	14-24	client:24=[2]	32	labelSpacing	float	248
Road-Label-Spacing-Medium-Globe	cond+zoom	0-7	client:24=[2]	32	labelSpacing	float	425
Road-Label-Spacing-Medium-Globe	cond+zoom	7-10	client:24=[2]	32	labelSpacing	float	425
Road-Label-Spacing-Medium-Globe	cond+zoom	10-14	client:24=[2]	32	labelSpacing	float	400
Road-Label-Spacing-Medium-Globe	cond+zoom	14-18	client:24=[2]	32	labelSpacing	float	350
Road-Label-Spacing-Medium-Globe	cond+zoom	18-24	client:24=[2]	32	labelSpacing	float	475
Road-Label-Spacing-Medium-Globe	cond+zoom	0-7	client:24=[1]	32	labelSpacing	float	125
Road-Label-Spacing-Medium-Globe	cond+zoom	7-10	client:24=[1]	32	labelSpacing	float	200
Road-Label-Spacing-Medium-Globe	cond+zoom	0-7	client:24=[1]	32	labelSpacing	float	400
Road-Label-Spacing-Medium-Globe	cond+zoom	7-10	client:24=[1]	32	labelSpacing	float	400
Road-Label-Spacing-Medium-Globe	cond+zoom	10-14	client:24=[1]	32	labelSpacing	float	375
Road-Label-Spacing-Medium-Globe	cond+zoom	14-16	client:24=[1]	32	labelSpacing	float	350
Road-Label-Spacing-Medium-Globe	cond+zoom	16-18	client:24=[1]	32	labelSpacing	float	325
Road-Label-Spacing-Medium-Globe	cond+zoom	18-24	client:24=[1]	32	labelSpacing	float	450
Road-Label-Spacing-Medium-Globe	cond		client:24=[0]	32	labelSpacing	float	48
Road-Label-Spacing-Small-Globe	cond+zoom	0-7	client:24=[3]	32	labelSpacing	float	48
Road-Label-Spacing-Small-Globe	cond+zoom	7-24	client:24=[3]	32	labelSpacing	float	360
Road-Label-Spacing-Small-Globe	cond+zoom	0-7	client:24=[3]	32	labelSpacing	float	400
Road-Label-Spacing-Small-Globe	cond+zoom	7-14	client:24=[3]	32	labelSpacing	float	400
Road-Label-Spacing-Small-Globe	cond+zoom	14-18	client:24=[3]	32	labelSpacing	float	350
Road-Label-Spacing-Small-Globe	cond+zoom	18-24	client:24=[3]	32	labelSpacing	float	500
Road-Label-Spacing-Small-Globe	cond+zoom	0-7	client:24=[2]	32	labelSpacing	float	48
Road-Label-Spacing-Small-Globe	cond+zoom	7-8	client:24=[2]	32	labelSpacing	float	100
Road-Label-Spacing-Small-Globe	cond+zoom	8-10	client:24=[2]	32	labelSpacing	float	248
Road-Label-Spacing-Small-Globe	cond+zoom	10-14	client:24=[2]	32	labelSpacing	float	360
Road-Label-Spacing-Small-Globe	cond+zoom	14-24	client:24=[2]	32	labelSpacing	float	248
Road-Label-Spacing-Small-Globe	cond+zoom	0-7	client:24=[2]	32	labelSpacing	float	375
Road-Label-Spacing-Small-Globe	cond+zoom	7-10	client:24=[2]	32	labelSpacing	float	375
Road-Label-Spacing-Small-Globe	cond+zoom	10-14	client:24=[2]	32	labelSpacing	float	350
Road-Label-Spacing-Small-Globe	cond+zoom	14-18	client:24=[2]	32	labelSpacing	float	325
Road-Label-Spacing-Small-Globe	cond+zoom	18-24	client:24=[2]	32	labelSpacing	float	450
Road-Label-Spacing-Small-Globe	cond+zoom	0-7	client:24=[1]	32	labelSpacing	float	350
Road-Label-Spacing-Small-Globe	cond+zoom	7-10	client:24=[1]	32	labelSpacing	float	350
Road-Label-Spacing-Small-Globe	cond+zoom	10-14	client:24=[1]	32	labelSpacing	float	325
Road-Label-Spacing-Small-Globe	cond+zoom	14-16	client:24=[1]	32	labelSpacing	float	300
Road-Label-Spacing-Small-Globe	cond+zoom	16-18	client:24=[1]	32	labelSpacing	float	275
Road-Label-Spacing-Small-Globe	cond+zoom	18-24	client:24=[1]	32	labelSpacing	float	425
Road-Label-Spacing-Small-Globe	cond		client:24=[0]	32	labelSpacing	float	48
Tunnel-Globe-Small-Base	zoom	0-10		1	fillColor	rgba8	rgb(165,166,165) a=102
Tunnel-Globe-Small-Base	zoom	10-11		1	fillColor	rgba8	rgb(165,166,165) a=102
Tunnel-Globe-Small-Base	zoom	10-11		2	strokeColor	rgba8	rgb(74,63,53) a=128
Tunnel-Globe-Small-Base	zoom	11-12		1	fillColor	rgba8	rgb(152,154,152) a=102
Tunnel-Globe-Small-Base	zoom	11-12		2	strokeColor	rgba8	rgb(74,63,53) a=128
Tunnel-Globe-Small-Base	zoom	12-13		1	fillColor	rgba8	rgb(152,153,153) a=138
Tunnel-Globe-Small-Base	zoom	12-13		2	strokeColor	rgba8	rgb(74,63,53) a=153
Tunnel-Globe-Small-Base	zoom	13-14		1	fillColor	rgba8	rgb(138,141,142) a=133
Tunnel-Globe-Small-Base	zoom	13-14		2	strokeColor	rgba8	rgb(74,63,53) a=102
Tunnel-Globe-Small-Base	zoom	14-15		1	fillColor	rgba8	rgb(125,128,130) a=51
Tunnel-Globe-Small-Base	zoom	14-15		2	strokeColor	rgba8	rgb(74,63,53) a=51
Tunnel-Globe-Small-Base	zoom	15-16		1	fillColor	rgba8	rgb(179,179,179) a=20
Tunnel-Globe-Small-Base	zoom	15-16		2	strokeColor	rgba8	rgb(55,76,101) a=20
Tunnel-Globe-Small-Base	zoom	16-17		1	fillColor	rgba8	rgb(179,179,179) a=0
Tunnel-Globe-Small-Base	zoom	16-17		2	strokeColor	rgba8	rgb(179,179,179) a=13
Tunnel-Globe-Small-Base	zoom	17-24		1	fillColor	rgba8	rgb(179,179,179) a=0
Tunnel-Globe-Small-Base	zoom	17-24		2	strokeColor	rgba8	rgb(55,76,101) a=0
Tunnel-Globe-Small-Base	zoom	0-16		24	textColor	rgba8	rgb(238,238,236) a=250
Tunnel-Globe-Small-Base	zoom	0-16		25	labelHaloColor	rgba8	rgb(53,51,49) a=242
Tunnel-Globe-Small-Base	zoom	16-24		24	textColor	rgba8	rgb(233,233,231) a=255
Tunnel-Globe-Small-Base	zoom	16-24		25	labelHaloColor	rgba8	rgb(62,59,56) a=235
Tunnel-Globe-Small-Base	zoom	0-10		1	fillColor	rgba8	rgb(139,141,139) a=102
Tunnel-Globe-Small-Base	zoom	10-11		1	fillColor	rgba8	rgb(139,141,139) a=102
Tunnel-Globe-Small-Base	zoom	10-11		2	strokeColor	rgba8	rgb(60,51,42) a=128
Tunnel-Globe-Small-Base	zoom	11-12		1	fillColor	rgba8	rgb(126,129,126) a=102
Tunnel-Globe-Small-Base	zoom	11-12		2	strokeColor	rgba8	rgb(60,51,42) a=128
Tunnel-Globe-Small-Base	zoom	12-13		1	fillColor	rgba8	rgb(128,128,128) a=138
Tunnel-Globe-Small-Base	zoom	12-13		2	strokeColor	rgba8	rgb(60,51,42) a=153
Tunnel-Globe-Small-Base	zoom	13-14		1	fillColor	rgba8	rgb(112,116,117) a=133
Tunnel-Globe-Small-Base	zoom	13-14		2	strokeColor	rgba8	rgb(60,51,42) a=102
Tunnel-Globe-Small-Base	zoom	14-15		1	fillColor	rgba8	rgb(100,102,104) a=51
Tunnel-Globe-Small-Base	zoom	14-15		2	strokeColor	rgba8	rgb(60,51,42) a=51
Tunnel-Globe-Medium-Base	zoom	0-7		1	fillColor	rgba8	rgb(123,122,115) a=0
Tunnel-Globe-Medium-Base	zoom	7-8		1	fillColor	rgba8	rgb(129,128,121) a=153
Tunnel-Globe-Medium-Base	zoom	7-8		2	strokeColor	rgba8	rgb(74,63,53) a=128
Tunnel-Globe-Medium-Base	zoom	8-9		1	fillColor	rgba8	rgb(135,134,126) a=153
Tunnel-Globe-Medium-Base	zoom	8-9		2	strokeColor	rgba8	rgb(74,63,53) a=128
Tunnel-Globe-Medium-Base	zoom	9-10		1	fillColor	rgba8	rgb(141,140,132) a=153
Tunnel-Globe-Medium-Base	zoom	9-10		2	strokeColor	rgba8	rgb(74,63,53) a=128
Tunnel-Globe-Medium-Base	zoom	10-11		1	fillColor	rgba8	rgb(164,162,152) a=153
Tunnel-Globe-Medium-Base	zoom	10-11		2	strokeColor	rgba8	rgb(74,63,53) a=128
Tunnel-Globe-Medium-Base	zoom	11-12		1	fillColor	rgba8	rgb(182,181,175) a=153
Tunnel-Globe-Medium-Base	zoom	11-12		2	strokeColor	rgba8	rgb(74,63,53) a=204
Tunnel-Globe-Medium-Base	zoom	12-13		1	fillColor	rgba8	rgb(214,214,209) a=179
Tunnel-Globe-Medium-Base	zoom	12-13		2	strokeColor	rgba8	rgb(74,63,53) a=204
Tunnel-Globe-Medium-Base	zoom	13-14		1	fillColor	rgba8	rgb(214,214,209) a=179
Tunnel-Globe-Medium-Base	zoom	13-14		2	strokeColor	rgba8	rgb(74,63,53) a=179
Tunnel-Globe-Medium-Base	zoom	14-15		1	fillColor	rgba8	rgb(214,214,209) a=102
Tunnel-Globe-Medium-Base	zoom	14-15		2	strokeColor	rgba8	rgb(74,63,53) a=51
Tunnel-Globe-Medium-Base	zoom	15-16		1	fillColor	rgba8	rgb(179,179,179) a=20
Tunnel-Globe-Medium-Base	zoom	15-16		2	strokeColor	rgba8	rgb(55,76,101) a=20
Tunnel-Globe-Medium-Base	zoom	16-17		1	fillColor	rgba8	rgb(179,179,179) a=0
Tunnel-Globe-Medium-Base	zoom	16-17		2	strokeColor	rgba8	rgb(179,179,179) a=13
Tunnel-Globe-Medium-Base	zoom	17-24		1	fillColor	rgba8	rgb(179,179,179) a=0
Tunnel-Globe-Medium-Base	zoom	17-24		2	strokeColor	rgba8	rgb(55,76,101) a=0
Tunnel-Globe-Medium-Base	zoom	0-12		24	textColor	rgba8	rgb(238,238,236) a=250
Tunnel-Globe-Medium-Base	zoom	0-12		25	labelHaloColor	rgba8	rgb(53,51,49) a=242
Tunnel-Globe-Medium-Base	zoom	12-15		24	textColor	rgba8	rgb(238,238,236) a=250
Tunnel-Globe-Medium-Base	zoom	12-15		25	labelHaloColor	rgba8	rgb(53,51,49) a=246
Tunnel-Globe-Medium-Base	zoom	15-16		24	textColor	rgba8	rgb(250,250,245) a=230
Tunnel-Globe-Medium-Base	zoom	15-16		25	labelHaloColor	rgba8	rgb(53,51,49) a=230
Tunnel-Globe-Medium-Base	zoom	16-24		24	textColor	rgba8	rgb(233,233,231) a=255
Tunnel-Globe-Medium-Base	zoom	16-24		25	labelHaloColor	rgba8	rgb(62,59,56) a=235
Tunnel-Globe-Medium-Base	zoom	0-7		1	fillColor	rgba8	rgb(97,97,92) a=0
Tunnel-Globe-Medium-Base	zoom	7-8		1	fillColor	rgba8	rgb(102,102,96) a=153
Tunnel-Globe-Medium-Base	zoom	7-8		2	strokeColor	rgba8	rgb(60,51,42) a=128
Tunnel-Globe-Medium-Base	zoom	8-9		1	fillColor	rgba8	rgb(109,108,100) a=153
Tunnel-Globe-Medium-Base	zoom	8-9		2	strokeColor	rgba8	rgb(60,51,42) a=128
Tunnel-Globe-Medium-Base	zoom	9-10		1	fillColor	rgba8	rgb(117,116,108) a=153
Tunnel-Globe-Medium-Base	zoom	9-10		2	strokeColor	rgba8	rgb(60,51,42) a=128
Tunnel-Globe-Medium-Base	zoom	10-11		1	fillColor	rgba8	rgb(140,137,125) a=153
Tunnel-Globe-Medium-Base	zoom	10-11		2	strokeColor	rgba8	rgb(60,51,42) a=128
Tunnel-Globe-Medium-Base	zoom	11-12		1	fillColor	rgba8	rgb(158,157,148) a=153
Tunnel-Globe-Medium-Base	zoom	11-12		2	strokeColor	rgba8	rgb(60,51,42) a=204
Tunnel-Globe-Medium-Base	zoom	12-13		1	fillColor	rgba8	rgb(190,190,182) a=179
Tunnel-Globe-Medium-Base	zoom	12-13		2	strokeColor	rgba8	rgb(60,51,42) a=204
Tunnel-Globe-Medium-Base	zoom	13-14		1	fillColor	rgba8	rgb(190,190,182) a=179
Tunnel-Globe-Medium-Base	zoom	13-14		2	strokeColor	rgba8	rgb(60,51,42) a=179
Tunnel-Globe-Medium-Base	zoom	14-15		1	fillColor	rgba8	rgb(190,190,182) a=102
Tunnel-Globe-Medium-Base	zoom	14-15		2	strokeColor	rgba8	rgb(60,51,42) a=51
Tunnel-Globe-Large-Base	base			24	textColor	rgba8	rgb(250,250,245) a=230
Tunnel-Globe-Large-Base	base			25	labelHaloColor	rgba8	rgb(53,51,49) a=230
Tunnel-Globe-Large-Base	zoom	0-7		1	fillColor	rgba8	rgb(229,224,215) a=153
Tunnel-Globe-Large-Base	zoom	7-8		1	fillColor	rgba8	rgb(227,222,214) a=153
Tunnel-Globe-Large-Base	zoom	7-8		2	strokeColor	rgba8	rgb(92,74,58) a=102
Tunnel-Globe-Large-Base	zoom	8-9		1	fillColor	rgba8	rgb(212,207,196) a=153
Tunnel-Globe-Large-Base	zoom	8-9		2	strokeColor	rgba8	rgb(92,74,58) a=153
Tunnel-Globe-Large-Base	zoom	9-10		1	fillColor	rgba8	rgb(211,207,197) a=204
Tunnel-Globe-Large-Base	zoom	9-10		2	strokeColor	rgba8	rgb(92,74,58) a=166
Tunnel-Globe-Large-Base	zoom	10-11		1	fillColor	rgba8	rgb(211,207,197) a=204
Tunnel-Globe-Large-Base	zoom	10-11		2	strokeColor	rgba8	rgb(92,74,58) a=166
Tunnel-Globe-Large-Base	zoom	11-12		1	fillColor	rgba8	rgb(210,206,198) a=204
Tunnel-Globe-Large-Base	zoom	11-12		2	strokeColor	rgba8	rgb(92,74,58) a=179
Tunnel-Globe-Large-Base	zoom	12-13		1	fillColor	rgba8	rgb(215,213,206) a=204
Tunnel-Globe-Large-Base	zoom	12-13		2	strokeColor	rgba8	rgb(74,63,53) a=204
Tunnel-Globe-Large-Base	zoom	13-14		1	fillColor	rgba8	rgb(213,211,205) a=168
Tunnel-Globe-Large-Base	zoom	13-14		2	strokeColor	rgba8	rgb(74,63,53) a=204
Tunnel-Globe-Large-Base	zoom	14-15		1	fillColor	rgba8	rgb(211,209,203) a=102
Tunnel-Globe-Large-Base	zoom	14-15		2	strokeColor	rgba8	rgb(74,63,53) a=51
Tunnel-Globe-Large-Base	zoom	15-16		1	fillColor	rgba8	rgb(179,179,179) a=20
Tunnel-Globe-Large-Base	zoom	15-16		2	strokeColor	rgba8	rgb(55,76,101) a=20
Tunnel-Globe-Large-Base	zoom	16-17		1	fillColor	rgba8	rgb(179,179,179) a=0
Tunnel-Globe-Large-Base	zoom	16-17		2	strokeColor	rgba8	rgb(179,179,179) a=13
Tunnel-Globe-Large-Base	zoom	17-24		1	fillColor	rgba8	rgb(179,179,179) a=0
Tunnel-Globe-Large-Base	zoom	17-24		2	strokeColor	rgba8	rgb(55,76,101) a=0
Tunnel-Globe-Large-Base	zoom	0-7		1	fillColor	rgba8	rgb(205,195,178) a=153
Tunnel-Globe-Large-Base	zoom	7-8		1	fillColor	rgba8	rgb(180,171,151) a=153
Tunnel-Globe-Large-Base	zoom	7-8		2	strokeColor	rgba8	rgb(63,50,39) a=102
Tunnel-Globe-Large-Base	zoom	8-9		1	fillColor	rgba8	rgb(180,171,151) a=153
Tunnel-Globe-Large-Base	zoom	8-9		2	strokeColor	rgba8	rgb(63,50,39) a=153
Tunnel-Globe-Large-Base	zoom	9-10		1	fillColor	rgba8	rgb(178,171,153) a=204
Tunnel-Globe-Large-Base	zoom	9-10		2	strokeColor	rgba8	rgb(63,50,39) a=166
Tunnel-Globe-Large-Base	zoom	10-11		1	fillColor	rgba8	rgb(178,171,153) a=204
Tunnel-Globe-Large-Base	zoom	10-11		2	strokeColor	rgba8	rgb(63,50,39) a=166
Tunnel-Globe-Large-Base	zoom	11-12		1	fillColor	rgba8	rgb(176,169,155) a=204
Tunnel-Globe-Large-Base	zoom	11-12		2	strokeColor	rgba8	rgb(63,50,39) a=179
Tunnel-Globe-Large-Base	zoom	12-13		1	fillColor	rgba8	rgb(182,178,165) a=204
Tunnel-Globe-Large-Base	zoom	12-13		2	strokeColor	rgba8	rgb(60,51,42) a=204
Tunnel-Globe-Large-Base	zoom	13-14		1	fillColor	rgba8	rgb(178,174,163) a=168
Tunnel-Globe-Large-Base	zoom	13-14		2	strokeColor	rgba8	rgb(60,51,42) a=204
Tunnel-Globe-Large-Base	zoom	14-15		1	fillColor	rgba8	rgb(173,169,159) a=102
Tunnel-Globe-Large-Base	zoom	14-15		2	strokeColor	rgba8	rgb(60,51,42) a=51
Ramp-Freeway-Connector-Globe-Base	base			24	textColor	rgba8	rgb(255,255,255) a=255
Ramp-Freeway-Connector-Globe-Base	zoom	0-10		1	fillColor	rgba8	rgb(111,129,152) a=230
Ramp-Freeway-Connector-Globe-Base	zoom	10-11		1	fillColor	rgba8	rgb(111,129,152) a=230
Ramp-Freeway-Connector-Globe-Base	zoom	11-12		1	fillColor	rgba8	rgb(115,133,158) a=230
Ramp-Freeway-Connector-Globe-Base	zoom	12-13		1	fillColor	rgba8	rgb(115,133,158) a=230
Ramp-Freeway-Connector-Globe-Base	zoom	12-13		2	strokeColor	rgba8	rgb(38,55,75) a=230
Ramp-Freeway-Connector-Globe-Base	zoom	13-14		1	fillColor	rgba8	rgb(121,139,163) a=230
Ramp-Freeway-Connector-Globe-Base	zoom	13-14		2	strokeColor	rgba8	rgb(38,55,75) a=230
Ramp-Freeway-Connector-Globe-Base	zoom	14-15		1	fillColor	rgba8	rgb(124,141,163) a=204
Ramp-Freeway-Connector-Globe-Base	zoom	14-15		2	strokeColor	rgba8	rgb(38,55,75) a=204
Ramp-Freeway-Connector-Globe-Base	zoom	15-16		1	fillColor	rgba8	rgb(86,103,125) a=204
Ramp-Freeway-Connector-Globe-Base	zoom	15-16		2	strokeColor	rgba8	rgb(38,55,75) a=204
Ramp-Freeway-Connector-Globe-Base	zoom	16-17		1	fillColor	rgba8	rgb(46,52,64) a=128
Ramp-Freeway-Connector-Globe-Base	zoom	16-17		2	strokeColor	rgba8	rgb(55,76,101) a=128
Ramp-Freeway-Connector-Globe-Base	zoom	17-18		1	fillColor	rgba8	rgb(46,52,64) a=128
Ramp-Freeway-Connector-Globe-Base	zoom	17-18		2	strokeColor	rgba8	rgb(55,76,101) a=128
Ramp-Freeway-Connector-Globe-Base	zoom	18-24		1	fillColor	rgba8	rgb(46,52,64) a=0
Ramp-Freeway-Connector-Globe-Base	zoom	18-24		2	strokeColor	rgba8	rgb(55,76,101) a=0
Ramp-Freeway-Connector-Globe-Base	zoom	0-16		25	labelHaloColor	rgba8	rgb(45,50,64) a=242
Ramp-Freeway-Connector-Globe-Base	zoom	16-17		25	labelHaloColor	rgba8	rgb(45,50,64) a=247
Ramp-Freeway-Connector-Globe-Base	zoom	17-18		25	labelHaloColor	rgba8	rgb(45,50,64) a=252
Ramp-Freeway-Connector-Globe-Base	zoom	18-24		25	labelHaloColor	rgba8	rgb(45,50,64) a=255
Ramp-Freeway-Connector-Globe-Base	zoom	0-7		1	fillColor	rgba8	rgb(123,122,115) a=179
Ramp-Freeway-Connector-Globe-Base	zoom	7-8		1	fillColor	rgba8	rgb(131,130,124) a=173
Ramp-Freeway-Connector-Globe-Base	zoom	7-8		2	strokeColor	rgba8	rgb(74,63,53) a=128
Ramp-Freeway-Connector-Globe-Base	zoom	8-9		1	fillColor	rgba8	rgb(140,139,132) a=168
Ramp-Freeway-Connector-Globe-Base	zoom	8-9		2	strokeColor	rgba8	rgb(74,63,53) a=128
Ramp-Freeway-Connector-Globe-Base	zoom	9-10		1	fillColor	rgba8	rgb(148,147,141) a=163
Ramp-Freeway-Connector-Globe-Base	zoom	9-10		2	strokeColor	rgba8	rgb(74,63,53) a=128
Ramp-Freeway-Connector-Globe-Base	zoom	10-11		1	fillColor	rgba8	rgb(156,156,149) a=163
Ramp-Freeway-Connector-Globe-Base	zoom	10-11		2	strokeColor	rgba8	rgb(74,63,53) a=128
Ramp-Freeway-Connector-Globe-Base	zoom	11-12		1	fillColor	rgba8	rgb(164,164,158) a=179
Ramp-Freeway-Connector-Globe-Base	zoom	11-12		2	strokeColor	rgba8	rgb(74,63,53) a=204
Ramp-Freeway-Connector-Globe-Base	zoom	12-13		1	fillColor	rgba8	rgb(173,172,166) a=179
Ramp-Freeway-Connector-Globe-Base	zoom	12-13		2	strokeColor	rgba8	rgb(74,63,53) a=204
Ramp-Freeway-Connector-Globe-Base	zoom	13-14		1	fillColor	rgba8	rgb(181,181,175) a=179
Ramp-Freeway-Connector-Globe-Base	zoom	13-14		2	strokeColor	rgba8	rgb(74,63,53) a=179
Ramp-Freeway-Connector-Globe-Base	zoom	14-15		1	fillColor	rgba8	rgb(189,189,183) a=102
Ramp-Freeway-Connector-Globe-Base	zoom	14-15		2	strokeColor	rgba8	rgb(74,63,53) a=51
Ramp-Freeway-Connector-Globe-Base	zoom	15-16		1	fillColor	rgba8	rgb(179,179,179) a=20
Ramp-Freeway-Connector-Globe-Base	zoom	15-16		2	strokeColor	rgba8	rgb(55,76,101) a=20
Ramp-Freeway-Connector-Globe-Base	zoom	16-17		1	fillColor	rgba8	rgb(179,179,179) a=0
Ramp-Freeway-Connector-Globe-Base	zoom	16-17		2	strokeColor	rgba8	rgb(179,179,179) a=13
Ramp-Freeway-Connector-Globe-Base	zoom	17-24		1	fillColor	rgba8	rgb(179,179,179) a=0
Ramp-Freeway-Connector-Globe-Base	zoom	17-24		2	strokeColor	rgba8	rgb(55,76,101) a=0
Ramp-Freeway-Connector-Globe-Base	zoom	0-12		24	textColor	rgba8	rgb(238,238,236) a=250
Ramp-Freeway-Connector-Globe-Base	zoom	0-12		25	labelHaloColor	rgba8	rgb(53,51,49) a=242
Ramp-Freeway-Connector-Globe-Base	zoom	12-14		24	textColor	rgba8	rgb(238,238,236) a=250
Ramp-Freeway-Connector-Globe-Base	zoom	12-14		25	labelHaloColor	rgba8	rgb(53,51,49) a=246
Ramp-Freeway-Connector-Globe-Base	zoom	14-16		24	textColor	rgba8	rgb(250,250,245) a=230
Ramp-Freeway-Connector-Globe-Base	zoom	14-16		25	labelHaloColor	rgba8	rgb(53,51,49) a=230
Ramp-Freeway-Connector-Globe-Base	zoom	16-24		24	textColor	rgba8	rgb(233,233,231) a=255
Ramp-Freeway-Connector-Globe-Base	zoom	16-24		25	labelHaloColor	rgba8	rgb(62,59,56) a=235
Ramp-Freeway-Connector-Default-Globe-Base	base			1	fillColor	rgba8	rgb(122,140,163) a=230
Ramp-Freeway-Connector-Default-Globe-Base	base			2	strokeColor	rgba8	rgb(19,21,26) a=128
Ramp-Freeway-Connector-Default-Globe-Base	base			24	textColor	rgba8	rgb(255,255,255) a=255
Ramp-Freeway-Connector-Default-Globe-Base	zoom	0-10		1	fillColor	rgba8	rgb(111,129,152) a=230
Ramp-Freeway-Connector-Default-Globe-Base	zoom	10-11		1	fillColor	rgba8	rgb(111,129,152) a=230
Ramp-Freeway-Connector-Default-Globe-Base	zoom	11-12		1	fillColor	rgba8	rgb(115,133,158) a=230
Ramp-Freeway-Connector-Default-Globe-Base	zoom	12-13		1	fillColor	rgba8	rgb(115,133,158) a=230
Ramp-Freeway-Connector-Default-Globe-Base	zoom	12-13		2	strokeColor	rgba8	rgb(38,55,75) a=230
Ramp-Freeway-Connector-Default-Globe-Base	zoom	13-14		1	fillColor	rgba8	rgb(121,139,163) a=230
Ramp-Freeway-Connector-Default-Globe-Base	zoom	13-14		2	strokeColor	rgba8	rgb(38,55,75) a=230
Ramp-Freeway-Connector-Default-Globe-Base	zoom	14-15		1	fillColor	rgba8	rgb(124,141,163) a=204
Ramp-Freeway-Connector-Default-Globe-Base	zoom	14-15		2	strokeColor	rgba8	rgb(38,55,75) a=204
Ramp-Freeway-Connector-Default-Globe-Base	zoom	15-16		1	fillColor	rgba8	rgb(86,103,125) a=204
Ramp-Freeway-Connector-Default-Globe-Base	zoom	15-16		2	strokeColor	rgba8	rgb(38,55,75) a=204
Ramp-Freeway-Connector-Default-Globe-Base	zoom	16-17		1	fillColor	rgba8	rgb(46,52,64) a=128
Ramp-Freeway-Connector-Default-Globe-Base	zoom	16-17		2	strokeColor	rgba8	rgb(55,76,101) a=128
Ramp-Freeway-Connector-Default-Globe-Base	zoom	17-18		1	fillColor	rgba8	rgb(46,52,64) a=128
Ramp-Freeway-Connector-Default-Globe-Base	zoom	17-18		2	strokeColor	rgba8	rgb(55,76,101) a=128
Ramp-Freeway-Connector-Default-Globe-Base	zoom	18-24		1	fillColor	rgba8	rgb(46,52,64) a=0
Ramp-Freeway-Connector-Default-Globe-Base	zoom	18-24		2	strokeColor	rgba8	rgb(55,76,101) a=0
Ramp-Freeway-Connector-Default-Globe-Base	zoom	0-16		25	labelHaloColor	rgba8	rgb(45,50,64) a=242
Ramp-Freeway-Connector-Default-Globe-Base	zoom	16-17		25	labelHaloColor	rgba8	rgb(45,50,64) a=247
Ramp-Freeway-Connector-Default-Globe-Base	zoom	17-18		25	labelHaloColor	rgba8	rgb(45,50,64) a=252
Ramp-Freeway-Connector-Default-Globe-Base	zoom	18-24		25	labelHaloColor	rgba8	rgb(45,50,64) a=255
Ramp-Freeway-Connector-Default-Globe-Base	zoom	0-7		1	fillColor	rgba8	rgb(123,122,115) a=179
Ramp-Freeway-Connector-Default-Globe-Base	zoom	7-8		1	fillColor	rgba8	rgb(131,130,124) a=173
Ramp-Freeway-Connector-Default-Globe-Base	zoom	7-8		2	strokeColor	rgba8	rgb(74,63,53) a=128
Ramp-Freeway-Connector-Default-Globe-Base	zoom	8-9		1	fillColor	rgba8	rgb(140,139,132) a=168
Ramp-Freeway-Connector-Default-Globe-Base	zoom	8-9		2	strokeColor	rgba8	rgb(74,63,53) a=128
Ramp-Freeway-Connector-Default-Globe-Base	zoom	9-10		1	fillColor	rgba8	rgb(148,147,141) a=163
Ramp-Freeway-Connector-Default-Globe-Base	zoom	9-10		2	strokeColor	rgba8	rgb(74,63,53) a=128
Ramp-Freeway-Connector-Default-Globe-Base	zoom	10-11		1	fillColor	rgba8	rgb(156,156,149) a=163
Ramp-Freeway-Connector-Default-Globe-Base	zoom	10-11		2	strokeColor	rgba8	rgb(74,63,53) a=128
Ramp-Freeway-Connector-Default-Globe-Base	zoom	11-12		1	fillColor	rgba8	rgb(164,164,158) a=179
Ramp-Freeway-Connector-Default-Globe-Base	zoom	11-12		2	strokeColor	rgba8	rgb(74,63,53) a=204
Ramp-Freeway-Connector-Default-Globe-Base	zoom	12-13		1	fillColor	rgba8	rgb(173,172,166) a=179
Ramp-Freeway-Connector-Default-Globe-Base	zoom	12-13		2	strokeColor	rgba8	rgb(74,63,53) a=204
Ramp-Freeway-Connector-Default-Globe-Base	zoom	13-14		1	fillColor	rgba8	rgb(181,181,175) a=179
Ramp-Freeway-Connector-Default-Globe-Base	zoom	13-14		2	strokeColor	rgba8	rgb(74,63,53) a=179
Ramp-Freeway-Connector-Default-Globe-Base	zoom	14-15		1	fillColor	rgba8	rgb(189,189,183) a=102
Ramp-Freeway-Connector-Default-Globe-Base	zoom	14-15		2	strokeColor	rgba8	rgb(74,63,53) a=51
Ramp-Freeway-Connector-Default-Globe-Base	zoom	15-16		1	fillColor	rgba8	rgb(179,179,179) a=20
Ramp-Freeway-Connector-Default-Globe-Base	zoom	15-16		2	strokeColor	rgba8	rgb(55,76,101) a=20
Ramp-Freeway-Connector-Default-Globe-Base	zoom	16-17		1	fillColor	rgba8	rgb(179,179,179) a=0
Ramp-Freeway-Connector-Default-Globe-Base	zoom	16-17		2	strokeColor	rgba8	rgb(179,179,179) a=13
Ramp-Freeway-Connector-Default-Globe-Base	zoom	17-24		1	fillColor	rgba8	rgb(179,179,179) a=0
Ramp-Freeway-Connector-Default-Globe-Base	zoom	17-24		2	strokeColor	rgba8	rgb(55,76,101) a=0
Ramp-Freeway-Connector-Default-Globe-Base	zoom	0-12		24	textColor	rgba8	rgb(238,238,236) a=250
Ramp-Freeway-Connector-Default-Globe-Base	zoom	0-12		25	labelHaloColor	rgba8	rgb(53,51,49) a=242
Ramp-Freeway-Connector-Default-Globe-Base	zoom	12-14		24	textColor	rgba8	rgb(238,238,236) a=250
Ramp-Freeway-Connector-Default-Globe-Base	zoom	12-14		25	labelHaloColor	rgba8	rgb(53,51,49) a=246
Ramp-Freeway-Connector-Default-Globe-Base	zoom	14-16		24	textColor	rgba8	rgb(250,250,245) a=230
Ramp-Freeway-Connector-Default-Globe-Base	zoom	14-16		25	labelHaloColor	rgba8	rgb(53,51,49) a=230
Ramp-Freeway-Connector-Default-Globe-Base	zoom	16-24		24	textColor	rgba8	rgb(233,233,231) a=255
Ramp-Freeway-Connector-Default-Globe-Base	zoom	16-24		25	labelHaloColor	rgba8	rgb(62,59,56) a=235
Line-FreewayControlled-Globe-Base	base			24	textColor	rgba8	rgb(250,250,245) a=230
Line-FreewayControlled-Globe-Base	base			25	labelHaloColor	rgba8	rgb(53,51,49) a=230
Line-FreewayControlled-Globe-Base	zoom	0-9		1	fillColor	rgba8	rgb(136,157,192) a=230
Line-FreewayControlled-Globe-Base	zoom	9-10		1	fillColor	rgba8	rgb(136,157,192) a=230
Line-FreewayControlled-Globe-Base	zoom	10-11		1	fillColor	rgba8	rgb(136,157,192) a=230
Line-FreewayControlled-Globe-Base	zoom	10-11		2	strokeColor	rgba8	rgb(45,61,81) a=230
Line-FreewayControlled-Globe-Base	zoom	11-12		1	fillColor	rgba8	rgb(136,157,192) a=230
Line-FreewayControlled-Globe-Base	zoom	11-12		2	strokeColor	rgba8	rgb(45,61,81) a=230
Line-FreewayControlled-Globe-Base	zoom	12-13		1	fillColor	rgba8	rgb(134,155,190) a=230
Line-FreewayControlled-Globe-Base	zoom	12-13		2	strokeColor	rgba8	rgb(45,61,81) a=230
Line-FreewayControlled-Globe-Base	zoom	13-14		1	fillColor	rgba8	rgb(133,153,186) a=230
Line-FreewayControlled-Globe-Base	zoom	13-14		2	strokeColor	rgba8	rgb(45,61,81) a=230
Line-FreewayControlled-Globe-Base	zoom	14-15		1	fillColor	rgba8	rgb(129,150,183) a=204
Line-FreewayControlled-Globe-Base	zoom	14-15		2	strokeColor	rgba8	rgb(45,61,81) a=204
Line-FreewayControlled-Globe-Base	zoom	15-16		1	fillColor	rgba8	rgb(115,131,159) a=204
Line-FreewayControlled-Globe-Base	zoom	15-16		2	strokeColor	rgba8	rgb(45,61,81) a=204
Line-FreewayControlled-Globe-Base	zoom	16-17		1	fillColor	rgba8	rgb(46,52,64) a=128
Line-FreewayControlled-Globe-Base	zoom	16-17		2	strokeColor	rgba8	rgb(55,76,101) a=128
Line-FreewayControlled-Globe-Base	zoom	17-18		1	fillColor	rgba8	rgb(46,52,64) a=128
Line-FreewayControlled-Globe-Base	zoom	17-18		2	strokeColor	rgba8	rgb(55,76,101) a=128
Line-FreewayControlled-Globe-Base	zoom	18-24		1	fillColor	rgba8	rgb(46,52,64) a=0
Line-FreewayControlled-Globe-Base	zoom	18-24		2	strokeColor	rgba8	rgb(55,76,101) a=0
Line-FreewayControlled-Globe-Base	zoom	0-16		25	labelHaloColor	rgba8	rgb(45,50,64) a=242
Line-FreewayControlled-Globe-Base	zoom	16-17		25	labelHaloColor	rgba8	rgb(45,50,64) a=247
Line-FreewayControlled-Globe-Base	zoom	17-18		25	labelHaloColor	rgba8	rgb(45,50,64) a=252
Line-FreewayControlled-Globe-Base	zoom	18-24		25	labelHaloColor	rgba8	rgb(45,50,64) a=255
Line-FreewayControlled-Globe-Base	zoom	0-7		1	fillColor	rgba8	rgb(229,224,215) a=153
Line-FreewayControlled-Globe-Base	zoom	7-8		1	fillColor	rgba8	rgb(227,222,214) a=153
Line-FreewayControlled-Globe-Base	zoom	7-8		2	strokeColor	rgba8	rgb(92,74,58) a=102
Line-FreewayControlled-Globe-Base	zoom	8-9		1	fillColor	rgba8	rgb(212,207,196) a=153
Line-FreewayControlled-Globe-Base	zoom	8-9		2	strokeColor	rgba8	rgb(92,74,58) a=153
Line-FreewayControlled-Globe-Base	zoom	9-10		1	fillColor	rgba8	rgb(211,207,197) a=204
Line-FreewayControlled-Globe-Base	zoom	9-10		2	strokeColor	rgba8	rgb(92,74,58) a=166
Line-FreewayControlled-Globe-Base	zoom	10-11		1	fillColor	rgba8	rgb(211,207,197) a=204
Line-FreewayControlled-Globe-Base	zoom	10-11		2	strokeColor	rgba8	rgb(92,74,58) a=166
Line-FreewayControlled-Globe-Base	zoom	11-12		1	fillColor	rgba8	rgb(210,206,198) a=204
Line-FreewayControlled-Globe-Base	zoom	11-12		2	strokeColor	rgba8	rgb(92,74,58) a=179
Line-FreewayControlled-Globe-Base	zoom	12-13		1	fillColor	rgba8	rgb(215,213,206) a=204
Line-FreewayControlled-Globe-Base	zoom	12-13		2	strokeColor	rgba8	rgb(74,63,53) a=204
Line-FreewayControlled-Globe-Base	zoom	13-14		1	fillColor	rgba8	rgb(213,211,205) a=168
Line-FreewayControlled-Globe-Base	zoom	13-14		2	strokeColor	rgba8	rgb(74,63,53) a=204
Line-FreewayControlled-Globe-Base	zoom	14-15		1	fillColor	rgba8	rgb(211,209,203) a=102
Line-FreewayControlled-Globe-Base	zoom	14-15		2	strokeColor	rgba8	rgb(74,63,53) a=51
Line-FreewayControlled-Globe-Base	zoom	15-16		1	fillColor	rgba8	rgb(179,179,179) a=20
Line-FreewayControlled-Globe-Base	zoom	15-16		2	strokeColor	rgba8	rgb(55,76,101) a=20
Line-FreewayControlled-Globe-Base	zoom	16-17		1	fillColor	rgba8	rgb(179,179,179) a=0
Line-FreewayControlled-Globe-Base	zoom	16-17		2	strokeColor	rgba8	rgb(179,179,179) a=13
Line-FreewayControlled-Globe-Base	zoom	17-24		1	fillColor	rgba8	rgb(179,179,179) a=0
Line-FreewayControlled-Globe-Base	zoom	17-24		2	strokeColor	rgba8	rgb(55,76,101) a=0
Line-FreewayUncontrolled-Globe-Base	base			24	textColor	rgba8	rgb(250,250,245) a=230
Line-FreewayUncontrolled-Globe-Base	base			25	labelHaloColor	rgba8	rgb(53,51,49) a=230
Line-FreewayUncontrolled-Globe-Base	zoom	0-9		1	fillColor	rgba8	rgb(136,157,192) a=230
Line-FreewayUncontrolled-Globe-Base	zoom	9-10		1	fillColor	rgba8	rgb(136,157,192) a=230
Line-FreewayUncontrolled-Globe-Base	zoom	10-11		1	fillColor	rgba8	rgb(136,157,192) a=230
Line-FreewayUncontrolled-Globe-Base	zoom	10-11		2	strokeColor	rgba8	rgb(45,61,81) a=230
Line-FreewayUncontrolled-Globe-Base	zoom	11-12		1	fillColor	rgba8	rgb(136,157,192) a=230
Line-FreewayUncontrolled-Globe-Base	zoom	11-12		2	strokeColor	rgba8	rgb(45,61,81) a=230
Line-FreewayUncontrolled-Globe-Base	zoom	12-13		1	fillColor	rgba8	rgb(134,155,190) a=230
Line-FreewayUncontrolled-Globe-Base	zoom	12-13		2	strokeColor	rgba8	rgb(45,61,81) a=230
Line-FreewayUncontrolled-Globe-Base	zoom	13-14		1	fillColor	rgba8	rgb(133,153,186) a=230
Line-FreewayUncontrolled-Globe-Base	zoom	13-14		2	strokeColor	rgba8	rgb(45,61,81) a=230
Line-FreewayUncontrolled-Globe-Base	zoom	14-15		1	fillColor	rgba8	rgb(129,150,183) a=204
Line-FreewayUncontrolled-Globe-Base	zoom	14-15		2	strokeColor	rgba8	rgb(45,61,81) a=204
Line-FreewayUncontrolled-Globe-Base	zoom	15-16		1	fillColor	rgba8	rgb(115,131,159) a=204
Line-FreewayUncontrolled-Globe-Base	zoom	15-16		2	strokeColor	rgba8	rgb(45,61,81) a=204
Line-FreewayUncontrolled-Globe-Base	zoom	16-17		1	fillColor	rgba8	rgb(46,52,64) a=128
Line-FreewayUncontrolled-Globe-Base	zoom	16-17		2	strokeColor	rgba8	rgb(55,76,101) a=128
Line-FreewayUncontrolled-Globe-Base	zoom	17-18		1	fillColor	rgba8	rgb(46,52,64) a=128
Line-FreewayUncontrolled-Globe-Base	zoom	17-18		2	strokeColor	rgba8	rgb(55,76,101) a=128
Line-FreewayUncontrolled-Globe-Base	zoom	18-24		1	fillColor	rgba8	rgb(46,52,64) a=0
Line-FreewayUncontrolled-Globe-Base	zoom	18-24		2	strokeColor	rgba8	rgb(55,76,101) a=0
Line-FreewayUncontrolled-Globe-Base	zoom	0-16		25	labelHaloColor	rgba8	rgb(45,50,64) a=242
Line-FreewayUncontrolled-Globe-Base	zoom	16-17		25	labelHaloColor	rgba8	rgb(45,50,64) a=247
Line-FreewayUncontrolled-Globe-Base	zoom	17-18		25	labelHaloColor	rgba8	rgb(45,50,64) a=252
Line-FreewayUncontrolled-Globe-Base	zoom	18-24		25	labelHaloColor	rgba8	rgb(45,50,64) a=255
Line-FreewayUncontrolled-Globe-Base	zoom	0-7		1	fillColor	rgba8	rgb(229,224,215) a=153
Line-FreewayUncontrolled-Globe-Base	zoom	7-8		1	fillColor	rgba8	rgb(227,222,214) a=153
Line-FreewayUncontrolled-Globe-Base	zoom	7-8		2	strokeColor	rgba8	rgb(92,74,58) a=102
Line-FreewayUncontrolled-Globe-Base	zoom	8-9		1	fillColor	rgba8	rgb(212,207,196) a=153
Line-FreewayUncontrolled-Globe-Base	zoom	8-9		2	strokeColor	rgba8	rgb(92,74,58) a=153
Line-FreewayUncontrolled-Globe-Base	zoom	9-10		1	fillColor	rgba8	rgb(211,207,197) a=204
Line-FreewayUncontrolled-Globe-Base	zoom	9-10		2	strokeColor	rgba8	rgb(92,74,58) a=166
Line-FreewayUncontrolled-Globe-Base	zoom	10-11		1	fillColor	rgba8	rgb(211,207,197) a=204
Line-FreewayUncontrolled-Globe-Base	zoom	10-11		2	strokeColor	rgba8	rgb(92,74,58) a=166
Line-FreewayUncontrolled-Globe-Base	zoom	11-12		1	fillColor	rgba8	rgb(210,206,198) a=204
Line-FreewayUncontrolled-Globe-Base	zoom	11-12		2	strokeColor	rgba8	rgb(92,74,58) a=179
Line-FreewayUncontrolled-Globe-Base	zoom	12-13		1	fillColor	rgba8	rgb(215,213,206) a=204
Line-FreewayUncontrolled-Globe-Base	zoom	12-13		2	strokeColor	rgba8	rgb(74,63,53) a=204
Line-FreewayUncontrolled-Globe-Base	zoom	13-14		1	fillColor	rgba8	rgb(213,211,205) a=168
Line-FreewayUncontrolled-Globe-Base	zoom	13-14		2	strokeColor	rgba8	rgb(74,63,53) a=204
Line-FreewayUncontrolled-Globe-Base	zoom	14-15		1	fillColor	rgba8	rgb(211,209,203) a=102
Line-FreewayUncontrolled-Globe-Base	zoom	14-15		2	strokeColor	rgba8	rgb(74,63,53) a=51
Line-FreewayUncontrolled-Globe-Base	zoom	15-16		1	fillColor	rgba8	rgb(179,179,179) a=20
Line-FreewayUncontrolled-Globe-Base	zoom	15-16		2	strokeColor	rgba8	rgb(55,76,101) a=20
Line-FreewayUncontrolled-Globe-Base	zoom	16-17		1	fillColor	rgba8	rgb(179,179,179) a=0
Line-FreewayUncontrolled-Globe-Base	zoom	16-17		2	strokeColor	rgba8	rgb(179,179,179) a=13
Line-FreewayUncontrolled-Globe-Base	zoom	17-24		1	fillColor	rgba8	rgb(179,179,179) a=0
Line-FreewayUncontrolled-Globe-Base	zoom	17-24		2	strokeColor	rgba8	rgb(55,76,101) a=0
Line-ConnectorRoad-Globe-Base	base			24	textColor	rgba8	rgb(255,255,255) a=255
Line-ConnectorRoad-Globe-Base	zoom	0-12		1	fillColor	rgba8	rgb(102,119,141) a=230
Line-ConnectorRoad-Globe-Base	zoom	12-13		1	fillColor	rgba8	rgb(106,123,145) a=230
Line-ConnectorRoad-Globe-Base	zoom	13-14		1	fillColor	rgba8	rgb(109,126,149) a=230
Line-ConnectorRoad-Globe-Base	zoom	14-15		1	fillColor	rgba8	rgb(122,139,162) a=204
Line-ConnectorRoad-Globe-Base	zoom	15-16		1	fillColor	rgba8	rgb(98,112,132) a=128
Line-ConnectorRoad-Globe-Base	zoom	15-16		2	strokeColor	rgba8	rgb(38,55,75) a=204
Line-ConnectorRoad-Globe-Base	zoom	16-17		1	fillColor	rgba8	rgb(46,52,64) a=128
Line-ConnectorRoad-Globe-Base	zoom	16-17		2	strokeColor	rgba8	rgb(55,76,101) a=128
Line-ConnectorRoad-Globe-Base	zoom	17-24		1	fillColor	rgba8	rgb(46,52,64) a=0
Line-ConnectorRoad-Globe-Base	zoom	17-24		2	strokeColor	rgba8	rgb(55,76,101) a=0
Line-ConnectorRoad-Globe-Base	zoom	0-16		25	labelHaloColor	rgba8	rgb(45,50,64) a=242
Line-ConnectorRoad-Globe-Base	zoom	16-17		25	labelHaloColor	rgba8	rgb(45,50,64) a=247
Line-ConnectorRoad-Globe-Base	zoom	17-18		25	labelHaloColor	rgba8	rgb(45,50,64) a=252
Line-ConnectorRoad-Globe-Base	zoom	18-24		25	labelHaloColor	rgba8	rgb(45,50,64) a=255
Line-ConnectorRoad-Globe-Base	zoom	0-7		1	fillColor	rgba8	rgb(123,122,115) a=0
Line-ConnectorRoad-Globe-Base	zoom	7-8		1	fillColor	rgba8	rgb(129,128,121) a=153
Line-ConnectorRoad-Globe-Base	zoom	7-8		2	strokeColor	rgba8	rgb(74,63,53) a=128
Line-ConnectorRoad-Globe-Base	zoom	8-9		1	fillColor	rgba8	rgb(135,134,126) a=153
Line-ConnectorRoad-Globe-Base	zoom	8-9		2	strokeColor	rgba8	rgb(74,63,53) a=128
Line-ConnectorRoad-Globe-Base	zoom	9-10		1	fillColor	rgba8	rgb(141,140,132) a=153
Line-ConnectorRoad-Globe-Base	zoom	9-10		2	strokeColor	rgba8	rgb(74,63,53) a=128
Line-ConnectorRoad-Globe-Base	zoom	10-11		1	fillColor	rgba8	rgb(164,162,152) a=153
Line-ConnectorRoad-Globe-Base	zoom	10-11		2	strokeColor	rgba8	rgb(74,63,53) a=128
Line-ConnectorRoad-Globe-Base	zoom	11-12		1	fillColor	rgba8	rgb(182,181,175) a=153
Line-ConnectorRoad-Globe-Base	zoom	11-12		2	strokeColor	rgba8	rgb(74,63,53) a=204
Line-ConnectorRoad-Globe-Base	zoom	12-13		1	fillColor	rgba8	rgb(214,214,209) a=179
Line-ConnectorRoad-Globe-Base	zoom	12-13		2	strokeColor	rgba8	rgb(74,63,53) a=204
Line-ConnectorRoad-Globe-Base	zoom	13-14		1	fillColor	rgba8	rgb(214,214,209) a=179
Line-ConnectorRoad-Globe-Base	zoom	13-14		2	strokeColor	rgba8	rgb(74,63,53) a=179
Line-ConnectorRoad-Globe-Base	zoom	14-15		1	fillColor	rgba8	rgb(214,214,209) a=102
Line-ConnectorRoad-Globe-Base	zoom	14-15		2	strokeColor	rgba8	rgb(74,63,53) a=51
Line-ConnectorRoad-Globe-Base	zoom	15-16		1	fillColor	rgba8	rgb(179,179,179) a=20
Line-ConnectorRoad-Globe-Base	zoom	15-16		2	strokeColor	rgba8	rgb(55,76,101) a=20
Line-ConnectorRoad-Globe-Base	zoom	16-17		1	fillColor	rgba8	rgb(179,179,179) a=0
Line-ConnectorRoad-Globe-Base	zoom	16-17		2	strokeColor	rgba8	rgb(179,179,179) a=13
Line-ConnectorRoad-Globe-Base	zoom	17-24		1	fillColor	rgba8	rgb(179,179,179) a=0
Line-ConnectorRoad-Globe-Base	zoom	17-24		2	strokeColor	rgba8	rgb(55,76,101) a=0
Line-ConnectorRoad-Globe-Base	zoom	0-12		24	textColor	rgba8	rgb(238,238,236) a=250
Line-ConnectorRoad-Globe-Base	zoom	0-12		25	labelHaloColor	rgba8	rgb(53,51,49) a=242
Line-ConnectorRoad-Globe-Base	zoom	12-15		24	textColor	rgba8	rgb(238,238,236) a=250
Line-ConnectorRoad-Globe-Base	zoom	12-15		25	labelHaloColor	rgba8	rgb(53,51,49) a=246
Line-ConnectorRoad-Globe-Base	zoom	15-16		24	textColor	rgba8	rgb(250,250,245) a=230
Line-ConnectorRoad-Globe-Base	zoom	15-16		25	labelHaloColor	rgba8	rgb(53,51,49) a=230
Line-ConnectorRoad-Globe-Base	zoom	16-24		24	textColor	rgba8	rgb(233,233,231) a=255
Line-ConnectorRoad-Globe-Base	zoom	16-24		25	labelHaloColor	rgba8	rgb(62,59,56) a=235
Line-MajorHighway-Globe-Base	base			24	textColor	rgba8	rgb(255,255,255) a=255
Line-MajorHighway-Globe-Base	zoom	0-12		1	fillColor	rgba8	rgb(106,123,145) a=230
Line-MajorHighway-Globe-Base	zoom	12-13		1	fillColor	rgba8	rgb(109,126,149) a=230
Line-MajorHighway-Globe-Base	zoom	13-14		1	fillColor	rgba8	rgb(115,131,154) a=230
Line-MajorHighway-Globe-Base	zoom	14-15		1	fillColor	rgba8	rgb(122,138,178) a=204
Line-MajorHighway-Globe-Base	zoom	15-16		1	fillColor	rgba8	rgb(98,112,132) a=128
Line-MajorHighway-Globe-Base	zoom	15-16		2	strokeColor	rgba8	rgb(55,76,101) a=128
Line-MajorHighway-Globe-Base	zoom	16-17		1	fillColor	rgba8	rgb(46,52,64) a=128
Line-MajorHighway-Globe-Base	zoom	16-17		2	strokeColor	rgba8	rgb(55,76,101) a=128
Line-MajorHighway-Globe-Base	zoom	17-24		1	fillColor	rgba8	rgb(46,52,64) a=0
Line-MajorHighway-Globe-Base	zoom	17-24		2	strokeColor	rgba8	rgb(55,76,101) a=0
Line-MajorHighway-Globe-Base	zoom	0-16		25	labelHaloColor	rgba8	rgb(45,50,64) a=242
Line-MajorHighway-Globe-Base	zoom	16-17		25	labelHaloColor	rgba8	rgb(45,50,64) a=247
Line-MajorHighway-Globe-Base	zoom	17-18		25	labelHaloColor	rgba8	rgb(45,50,64) a=252
Line-MajorHighway-Globe-Base	zoom	18-24		25	labelHaloColor	rgba8	rgb(45,50,64) a=255
Line-MajorHighway-Globe-Base	zoom	0-7		1	fillColor	rgba8	rgb(192,192,165) a=77
Line-MajorHighway-Globe-Base	zoom	0-7		2	strokeColor	rgba8	rgb(92,74,58) a=102
Line-MajorHighway-Globe-Base	zoom	7-8		1	fillColor	rgba8	rgb(192,192,165) a=77
Line-MajorHighway-Globe-Base	zoom	7-8		2	strokeColor	rgba8	rgb(92,74,58) a=102
Line-MajorHighway-Globe-Base	zoom	8-9		1	fillColor	rgba8	rgb(181,180,176) a=77
Line-MajorHighway-Globe-Base	zoom	8-9		2	strokeColor	rgba8	rgb(92,74,58) a=102
Line-MajorHighway-Globe-Base	zoom	9-10		1	fillColor	rgba8	rgb(207,202,191) a=128
Line-MajorHighway-Globe-Base	zoom	9-10		2	strokeColor	rgba8	rgb(92,74,58) a=153
Line-MajorHighway-Globe-Base	zoom	10-11		1	fillColor	rgba8	rgb(213,210,204) a=179
Line-MajorHighway-Globe-Base	zoom	10-11		2	strokeColor	rgba8	rgb(92,74,58) a=179
Line-MajorHighway-Globe-Base	zoom	11-12		1	fillColor	rgba8	rgb(202,200,196) a=204
Line-MajorHighway-Globe-Base	zoom	11-12		2	strokeColor	rgba8	rgb(92,74,58) a=230
Line-MajorHighway-Globe-Base	zoom	12-13		1	fillColor	rgba8	rgb(168,167,162) a=230
Line-MajorHighway-Globe-Base	zoom	12-13		2	strokeColor	rgba8	rgb(74,63,53) a=230
Line-MajorHighway-Globe-Base	zoom	13-14		1	fillColor	rgba8	rgb(207,206,201) a=189
Line-MajorHighway-Globe-Base	zoom	13-14		2	strokeColor	rgba8	rgb(74,63,53) a=179
Line-MajorHighway-Globe-Base	zoom	14-15		1	fillColor	rgba8	rgb(207,206,201) a=102
Line-MajorHighway-Globe-Base	zoom	14-15		2	strokeColor	rgba8	rgb(74,63,53) a=51
Line-MajorHighway-Globe-Base	zoom	15-16		1	fillColor	rgba8	rgb(179,179,179) a=20
Line-MajorHighway-Globe-Base	zoom	15-16		2	strokeColor	rgba8	rgb(55,76,101) a=20
Line-MajorHighway-Globe-Base	zoom	16-17		1	fillColor	rgba8	rgb(179,179,179) a=0
Line-MajorHighway-Globe-Base	zoom	16-17		2	strokeColor	rgba8	rgb(179,179,179) a=13
Line-MajorHighway-Globe-Base	zoom	17-24		1	fillColor	rgba8	rgb(179,179,179) a=0
Line-MajorHighway-Globe-Base	zoom	17-24		2	strokeColor	rgba8	rgb(55,76,101) a=0
Line-MajorHighway-Globe-Base	zoom	0-11		24	textColor	rgba8	rgb(238,238,236) a=250
Line-MajorHighway-Globe-Base	zoom	0-11		25	labelHaloColor	rgba8	rgb(53,51,49) a=242
Line-MajorHighway-Globe-Base	zoom	11-14		24	textColor	rgba8	rgb(238,238,236) a=250
Line-MajorHighway-Globe-Base	zoom	11-14		25	labelHaloColor	rgba8	rgb(53,51,49) a=246
Line-MajorHighway-Globe-Base	zoom	14-16		24	textColor	rgba8	rgb(250,250,245) a=230
Line-MajorHighway-Globe-Base	zoom	14-16		25	labelHaloColor	rgba8	rgb(53,51,49) a=230
Line-MajorHighway-Globe-Base	zoom	16-24		24	textColor	rgba8	rgb(233,233,231) a=255
Line-MajorHighway-Globe-Base	zoom	16-24		25	labelHaloColor	rgba8	rgb(62,59,56) a=235
Line-MajorHighway-USA-CAN-Globe-Base	zoom	0-7		1	fillColor	rgba8	rgb(183,180,174) a=77
Line-MajorHighway-USA-CAN-Globe-Base	zoom	0-7		2	strokeColor	rgba8	rgb(92,74,58) a=102
Line-MajorHighway-USA-CAN-Globe-Base	zoom	7-8		1	fillColor	rgba8	rgb(183,180,174) a=77
Line-MajorHighway-USA-CAN-Globe-Base	zoom	7-8		2	strokeColor	rgba8	rgb(92,74,58) a=102
Line-MajorHighway-USA-CAN-Globe-Base	zoom	8-9		1	fillColor	rgba8	rgb(183,180,174) a=128
Line-MajorHighway-USA-CAN-Globe-Base	zoom	8-9		2	strokeColor	rgba8	rgb(92,74,58) a=102
Line-MajorHighway-USA-CAN-Globe-Base	zoom	9-10		1	fillColor	rgba8	rgb(200,195,182) a=128
Line-MajorHighway-USA-CAN-Globe-Base	zoom	9-10		2	strokeColor	rgba8	rgb(92,74,58) a=153
Line-MajorHighway-USA-CAN-Globe-Base	zoom	10-11		1	fillColor	rgba8	rgb(198,194,184) a=179
Line-MajorHighway-USA-CAN-Globe-Base	zoom	10-11		2	strokeColor	rgba8	rgb(92,74,58) a=179
Line-MajorHighway-USA-CAN-Globe-Base	zoom	11-12		1	fillColor	rgba8	rgb(190,187,183) a=179
Line-MajorHighway-USA-CAN-Globe-Base	zoom	11-12		2	strokeColor	rgba8	rgb(92,74,58) a=230
Line-MajorHighway-USA-CAN-Globe-Base	zoom	12-13		1	fillColor	rgba8	rgb(168,167,162) a=179
Line-MajorHighway-USA-CAN-Globe-Base	zoom	12-13		2	strokeColor	rgba8	rgb(74,63,53) a=230
Line-MajorHighway-USA-CAN-Globe-Base	zoom	13-14		1	fillColor	rgba8	rgb(207,206,201) a=179
Line-MajorHighway-USA-CAN-Globe-Base	zoom	13-14		2	strokeColor	rgba8	rgb(74,63,53) a=179
Line-MajorHighway-USA-CAN-Globe-Base	zoom	14-15		1	fillColor	rgba8	rgb(207,206,201) a=102
Line-MajorHighway-USA-CAN-Globe-Base	zoom	14-15		2	strokeColor	rgba8	rgb(74,63,53) a=51
Line-Highway-Globe-Base	base			2	strokeColor	rgba8	rgb(19,21,26) a=128
Line-Highway-Globe-Base	base			24	textColor	rgba8	rgb(255,255,255) a=255
Line-Highway-Globe-Base	zoom	0-12		1	fillColor	rgba8	rgb(106,123,145) a=230
Line-Highway-Globe-Base	zoom	12-13		1	fillColor	rgba8	rgb(109,126,149) a=230
Line-Highway-Globe-Base	zoom	13-14		1	fillColor	rgba8	rgb(115,131,154) a=230
Line-Highway-Globe-Base	zoom	14-15		1	fillColor	rgba8	rgb(122,139,162) a=204
Line-Highway-Globe-Base	zoom	15-16		1	fillColor	rgba8	rgb(98,112,132) a=128
Line-Highway-Globe-Base	zoom	15-16		2	strokeColor	rgba8	rgb(55,76,101) a=128
Line-Highway-Globe-Base	zoom	16-17		1	fillColor	rgba8	rgb(46,52,64) a=128
Line-Highway-Globe-Base	zoom	16-17		2	strokeColor	rgba8	rgb(55,76,101) a=128
Line-Highway-Globe-Base	zoom	17-24		1	fillColor	rgba8	rgb(46,52,64) a=0
Line-Highway-Globe-Base	zoom	17-24		2	strokeColor	rgba8	rgb(55,76,101) a=0
Line-Highway-Globe-Base	zoom	0-16		25	labelHaloColor	rgba8	rgb(45,50,64) a=242
Line-Highway-Globe-Base	zoom	16-17		25	labelHaloColor	rgba8	rgb(45,50,64) a=247
Line-Highway-Globe-Base	zoom	17-18		25	labelHaloColor	rgba8	rgb(45,50,64) a=252
Line-Highway-Globe-Base	zoom	18-24		25	labelHaloColor	rgba8	rgb(45,50,64) a=255
Line-Highway-Globe-Base	zoom	0-7		1	fillColor	rgba8	rgb(183,180,174) a=153
Line-Highway-Globe-Base	zoom	7-8		1	fillColor	rgba8	rgb(183,180,174) a=153
Line-Highway-Globe-Base	zoom	7-8		2	strokeColor	rgba8	rgb(92,74,58) a=153
Line-Highway-Globe-Base	zoom	8-9		1	fillColor	rgba8	rgb(183,180,174) a=128
Line-Highway-Globe-Base	zoom	8-9		2	strokeColor	rgba8	rgb(92,74,58) a=102
Line-Highway-Globe-Base	zoom	9-10		1	fillColor	rgba8	rgb(198,196,191) a=128
Line-Highway-Globe-Base	zoom	9-10		2	strokeColor	rgba8	rgb(92,74,58) a=153
Line-Highway-Globe-Base	zoom	10-11		1	fillColor	rgba8	rgb(195,193,188) a=153
Line-Highway-Globe-Base	zoom	10-11		2	strokeColor	rgba8	rgb(92,74,58) a=230
Line-Highway-Globe-Base	zoom	11-12		1	fillColor	rgba8	rgb(194,193,189) a=184
Line-Highway-Globe-Base	zoom	11-12		2	strokeColor	rgba8	rgb(92,74,58) a=230
Line-Highway-Globe-Base	zoom	12-13		1	fillColor	rgba8	rgb(206,205,202) a=179
Line-Highway-Globe-Base	zoom	12-13		2	strokeColor	rgba8	rgb(74,63,53) a=204
Line-Highway-Globe-Base	zoom	13-14		1	fillColor	rgba8	rgb(206,205,202) a=179
Line-Highway-Globe-Base	zoom	13-14		2	strokeColor	rgba8	rgb(74,63,53) a=179
Line-Highway-Globe-Base	zoom	14-15		1	fillColor	rgba8	rgb(206,205,202) a=102
Line-Highway-Globe-Base	zoom	14-15		2	strokeColor	rgba8	rgb(74,63,53) a=51
Line-Highway-Globe-Base	zoom	15-16		1	fillColor	rgba8	rgb(179,179,179) a=20
Line-Highway-Globe-Base	zoom	15-16		2	strokeColor	rgba8	rgb(55,76,101) a=20
Line-Highway-Globe-Base	zoom	16-17		1	fillColor	rgba8	rgb(179,179,179) a=0
Line-Highway-Globe-Base	zoom	16-17		2	strokeColor	rgba8	rgb(179,179,179) a=13
Line-Highway-Globe-Base	zoom	17-24		1	fillColor	rgba8	rgb(179,179,179) a=0
Line-Highway-Globe-Base	zoom	17-24		2	strokeColor	rgba8	rgb(55,76,101) a=0
Line-Highway-Globe-Base	zoom	0-11		24	textColor	rgba8	rgb(238,238,236) a=250
Line-Highway-Globe-Base	zoom	0-11		25	labelHaloColor	rgba8	rgb(53,51,49) a=242
Line-Highway-Globe-Base	zoom	11-14		24	textColor	rgba8	rgb(238,238,236) a=250
Line-Highway-Globe-Base	zoom	11-14		25	labelHaloColor	rgba8	rgb(53,51,49) a=246
Line-Highway-Globe-Base	zoom	14-16		24	textColor	rgba8	rgb(250,250,245) a=230
Line-Highway-Globe-Base	zoom	14-16		25	labelHaloColor	rgba8	rgb(53,51,49) a=230
Line-Highway-Globe-Base	zoom	16-24		24	textColor	rgba8	rgb(233,233,231) a=255
Line-Highway-Globe-Base	zoom	16-24		25	labelHaloColor	rgba8	rgb(62,59,56) a=235
Line-Highway-NetGen-Globe-Base	zoom	0-7		1	fillColor	rgba8	rgb(183,180,174) a=153
Line-Highway-NetGen-Globe-Base	zoom	7-8		1	fillColor	rgba8	rgb(183,180,174) a=153
Line-Highway-NetGen-Globe-Base	zoom	7-8		2	strokeColor	rgba8	rgb(92,74,58) a=153
Line-Highway-NetGen-Globe-Base	zoom	8-9		1	fillColor	rgba8	rgb(183,180,174) a=128
Line-Highway-NetGen-Globe-Base	zoom	8-9		2	strokeColor	rgba8	rgb(92,74,58) a=102
Line-Highway-NetGen-Globe-Base	zoom	9-10		1	fillColor	rgba8	rgb(198,196,191) a=128
Line-Highway-NetGen-Globe-Base	zoom	9-10		2	strokeColor	rgba8	rgb(92,74,58) a=153
Line-Highway-NetGen-Globe-Base	zoom	10-11		1	fillColor	rgba8	rgb(195,193,188) a=153
Line-Highway-NetGen-Globe-Base	zoom	10-11		2	strokeColor	rgba8	rgb(92,74,58) a=230
Line-Highway-NetGen-Globe-Base	zoom	11-12		1	fillColor	rgba8	rgb(194,193,189) a=184
Line-Highway-NetGen-Globe-Base	zoom	11-12		2	strokeColor	rgba8	rgb(92,74,58) a=230
Line-Highway-NetGen-Globe-Base	zoom	12-13		1	fillColor	rgba8	rgb(206,205,202) a=179
Line-Highway-NetGen-Globe-Base	zoom	12-13		2	strokeColor	rgba8	rgb(74,63,53) a=204
Line-Highway-NetGen-Globe-Base	zoom	13-14		1	fillColor	rgba8	rgb(206,205,202) a=179
Line-Highway-NetGen-Globe-Base	zoom	13-14		2	strokeColor	rgba8	rgb(74,63,53) a=179
Line-Highway-NetGen-Globe-Base	zoom	14-15		1	fillColor	rgba8	rgb(206,205,202) a=102
Line-Highway-NetGen-Globe-Base	zoom	14-15		2	strokeColor	rgba8	rgb(74,63,53) a=51
Line-Highway-NetGen-Globe-Base	zoom	15-16		1	fillColor	rgba8	rgb(179,179,179) a=20
Line-Highway-NetGen-Globe-Base	zoom	15-16		2	strokeColor	rgba8	rgb(55,76,101) a=20
Line-Highway-NetGen-Globe-Base	zoom	16-17		1	fillColor	rgba8	rgb(179,179,179) a=0
Line-Highway-NetGen-Globe-Base	zoom	16-17		2	strokeColor	rgba8	rgb(179,179,179) a=13
Line-Highway-NetGen-Globe-Base	zoom	17-24		1	fillColor	rgba8	rgb(179,179,179) a=0
Line-Highway-NetGen-Globe-Base	zoom	17-24		2	strokeColor	rgba8	rgb(55,76,101) a=0
Line-Highway-NetGen-Globe-Base	zoom	0-11		24	textColor	rgba8	rgb(238,238,236) a=250
Line-Highway-NetGen-Globe-Base	zoom	0-11		25	labelHaloColor	rgba8	rgb(53,51,49) a=242
Line-Highway-NetGen-Globe-Base	zoom	11-14		24	textColor	rgba8	rgb(238,238,236) a=250
Line-Highway-NetGen-Globe-Base	zoom	11-14		25	labelHaloColor	rgba8	rgb(53,51,49) a=246
Line-Highway-NetGen-Globe-Base	zoom	14-16		24	textColor	rgba8	rgb(250,250,245) a=230
Line-Highway-NetGen-Globe-Base	zoom	14-16		25	labelHaloColor	rgba8	rgb(53,51,49) a=230
Line-Highway-NetGen-Globe-Base	zoom	16-24		24	textColor	rgba8	rgb(233,233,231) a=255
Line-Highway-NetGen-Globe-Base	zoom	16-24		25	labelHaloColor	rgba8	rgb(62,59,56) a=235
Line-Highway-NetGen-Globe-Base	zoom	0-7		1	fillColor	rgba8	rgb(183,180,174) a=77
Line-Highway-NetGen-Globe-Base	zoom	0-7		2	strokeColor	rgba8	rgb(92,74,58) a=102
Line-Highway-NetGen-Globe-Base	zoom	7-8		1	fillColor	rgba8	rgb(183,180,174) a=77
Line-Highway-NetGen-Globe-Base	zoom	7-8		2	strokeColor	rgba8	rgb(92,74,58) a=102
Line-Highway-NetGen-Globe-Base	zoom	8-9		1	fillColor	rgba8	rgb(214,211,196) a=153
Line-Highway-NetGen-Globe-Base	zoom	8-9		2	strokeColor	rgba8	rgb(92,74,58) a=102
Line-Highway-NetGen-Globe-Base	zoom	9-10		1	fillColor	rgba8	rgb(214,211,196) a=166
Line-Highway-NetGen-Globe-Base	zoom	9-10		2	strokeColor	rgba8	rgb(92,74,58) a=230
Line-Highway-NetGen-Globe-Base	zoom	10-11		1	fillColor	rgba8	rgb(200,195,182) a=179
Line-Highway-NetGen-Globe-Base	zoom	10-11		2	strokeColor	rgba8	rgb(92,74,58) a=230
Line-Highway-NetGen-Globe-Base	zoom	11-12		1	fillColor	rgba8	rgb(200,195,182) a=179
Line-Highway-NetGen-Globe-Base	zoom	11-12		2	strokeColor	rgba8	rgb(92,74,58) a=128
Line-Highway-NetGen-Globe-Base	zoom	12-13		1	fillColor	rgba8	rgb(215,211,202) a=179
Line-Highway-NetGen-Globe-Base	zoom	12-13		2	strokeColor	rgba8	rgb(74,63,53) a=204
Line-Highway-NetGen-Globe-Base	zoom	13-14		1	fillColor	rgba8	rgb(215,211,202) a=179
Line-Highway-NetGen-Globe-Base	zoom	13-14		2	strokeColor	rgba8	rgb(74,63,53) a=179
Line-Highway-NetGen-Globe-Base	zoom	14-15		1	fillColor	rgba8	rgb(215,211,202) a=102
Line-Highway-NetGen-Globe-Base	zoom	14-15		2	strokeColor	rgba8	rgb(74,63,53) a=51
Line-LocalMajorRoad-Globe-Base	base			24	textColor	rgba8	rgb(255,255,255) a=255
Line-LocalMajorRoad-Globe-Base	zoom	0-12		1	fillColor	rgba8	rgb(91,105,124) a=230
Line-LocalMajorRoad-Globe-Base	zoom	12-13		1	fillColor	rgba8	rgb(91,105,124) a=230
Line-LocalMajorRoad-Globe-Base	zoom	13-14		1	fillColor	rgba8	rgb(93,109,130) a=230
Line-LocalMajorRoad-Globe-Base	zoom	14-15		1	fillColor	rgba8	rgb(100,118,141) a=204
Line-LocalMajorRoad-Globe-Base	zoom	15-16		1	fillColor	rgba8	rgb(82,97,117) a=128
Line-LocalMajorRoad-Globe-Base	zoom	16-17		1	fillColor	rgba8	rgb(46,52,64) a=128
Line-LocalMajorRoad-Globe-Base	zoom	16-17		2	strokeColor	rgba8	rgb(55,76,101) a=128
Line-LocalMajorRoad-Globe-Base	zoom	17-24		1	fillColor	rgba8	rgb(46,52,64) a=0
Line-LocalMajorRoad-Globe-Base	zoom	17-24		2	strokeColor	rgba8	rgb(55,76,101) a=0
Line-LocalMajorRoad-Globe-Base	zoom	0-16		25	labelHaloColor	rgba8	rgb(45,50,64) a=242
Line-LocalMajorRoad-Globe-Base	zoom	16-17		25	labelHaloColor	rgba8	rgb(45,50,64) a=247
Line-LocalMajorRoad-Globe-Base	zoom	17-18		25	labelHaloColor	rgba8	rgb(45,50,64) a=252
Line-LocalMajorRoad-Globe-Base	zoom	18-24		25	labelHaloColor	rgba8	rgb(45,50,64) a=255
Line-LocalMajorRoad-Globe-Base	zoom	0-7		1	fillColor	rgba8	rgb(129,128,121) a=153
Line-LocalMajorRoad-Globe-Base	zoom	0-7		2	strokeColor	rgba8	rgb(74,63,53) a=153
Line-LocalMajorRoad-Globe-Base	zoom	7-8		1	fillColor	rgba8	rgb(129,128,121) a=153
Line-LocalMajorRoad-Globe-Base	zoom	7-8		2	strokeColor	rgba8	rgb(74,63,53) a=153
Line-LocalMajorRoad-Globe-Base	zoom	8-9		1	fillColor	rgba8	rgb(129,128,121) a=153
Line-LocalMajorRoad-Globe-Base	zoom	8-9		2	strokeColor	rgba8	rgb(74,63,53) a=153
Line-LocalMajorRoad-Globe-Base	zoom	9-10		1	fillColor	rgba8	rgb(129,128,121) a=128
Line-LocalMajorRoad-Globe-Base	zoom	9-10		2	strokeColor	rgba8	rgb(74,63,53) a=153
Line-LocalMajorRoad-Globe-Base	zoom	10-11		1	fillColor	rgba8	rgb(176,173,165) a=153
Line-LocalMajorRoad-Globe-Base	zoom	10-11		2	strokeColor	rgba8	rgb(74,63,53) a=204
Line-LocalMajorRoad-Globe-Base	zoom	11-12		1	fillColor	rgba8	rgb(176,173,165) a=179
Line-LocalMajorRoad-Globe-Base	zoom	11-12		2	strokeColor	rgba8	rgb(74,63,53) a=230
Line-LocalMajorRoad-Globe-Base	zoom	12-13		1	fillColor	rgba8	rgb(182,180,175) a=204
Line-LocalMajorRoad-Globe-Base	zoom	12-13		2	strokeColor	rgba8	rgb(74,63,53) a=230
Line-LocalMajorRoad-Globe-Base	zoom	13-14		1	fillColor	rgba8	rgb(182,180,175) a=204
Line-LocalMajorRoad-Globe-Base	zoom	13-14		2	strokeColor	rgba8	rgb(74,63,53) a=179
Line-LocalMajorRoad-Globe-Base	zoom	14-15		1	fillColor	rgba8	rgb(182,180,175) a=102
Line-LocalMajorRoad-Globe-Base	zoom	14-15		2	strokeColor	rgba8	rgb(74,63,53) a=51
Line-LocalMajorRoad-Globe-Base	zoom	15-16		1	fillColor	rgba8	rgb(179,179,179) a=20
Line-LocalMajorRoad-Globe-Base	zoom	15-16		2	strokeColor	rgba8	rgb(55,76,101) a=20
Line-LocalMajorRoad-Globe-Base	zoom	16-17		1	fillColor	rgba8	rgb(179,179,179) a=0
Line-LocalMajorRoad-Globe-Base	zoom	16-17		2	strokeColor	rgba8	rgb(179,179,179) a=13
Line-LocalMajorRoad-Globe-Base	zoom	17-24		1	fillColor	rgba8	rgb(179,179,179) a=0
Line-LocalMajorRoad-Globe-Base	zoom	17-24		2	strokeColor	rgba8	rgb(55,76,101) a=0
Line-LocalMajorRoad-Globe-Base	zoom	0-12		24	textColor	rgba8	rgb(238,238,236) a=250
Line-LocalMajorRoad-Globe-Base	zoom	0-12		25	labelHaloColor	rgba8	rgb(53,51,49) a=242
Line-LocalMajorRoad-Globe-Base	zoom	12-15		24	textColor	rgba8	rgb(238,238,236) a=250
Line-LocalMajorRoad-Globe-Base	zoom	12-15		25	labelHaloColor	rgba8	rgb(53,51,49) a=246
Line-LocalMajorRoad-Globe-Base	zoom	15-16		24	textColor	rgba8	rgb(250,250,245) a=230
Line-LocalMajorRoad-Globe-Base	zoom	15-16		25	labelHaloColor	rgba8	rgb(53,51,49) a=230
Line-LocalMajorRoad-Globe-Base	zoom	16-24		24	textColor	rgba8	rgb(233,233,231) a=255
Line-LocalMajorRoad-Globe-Base	zoom	16-24		25	labelHaloColor	rgba8	rgb(62,59,56) a=235
Line-LocalMajorRoad-Globe-Base	cond+zoom	0-24	client:135=[1] & client:TimePeriod=[0]	25	labelHaloColor	rgba8	rgb(53,51,49) a=230
Line-LocalRoad-MinorRoad-Globe-Base	base			24	textColor	rgba8	rgb(255,255,255) a=255
Line-LocalRoad-MinorRoad-Globe-Base	zoom	0-12		1	fillColor	rgba8	rgb(91,105,124) a=230
Line-LocalRoad-MinorRoad-Globe-Base	zoom	12-13		1	fillColor	rgba8	rgb(91,105,124) a=230
Line-LocalRoad-MinorRoad-Globe-Base	zoom	13-14		1	fillColor	rgba8	rgb(93,109,130) a=230
Line-LocalRoad-MinorRoad-Globe-Base	zoom	14-15		1	fillColor	rgba8	rgb(100,118,141) a=204
Line-LocalRoad-MinorRoad-Globe-Base	zoom	15-16		1	fillColor	rgba8	rgb(82,97,117) a=204
Line-LocalRoad-MinorRoad-Globe-Base	zoom	16-17		1	fillColor	rgba8	rgb(46,52,64) a=128
Line-LocalRoad-MinorRoad-Globe-Base	zoom	16-17		2	strokeColor	rgba8	rgb(55,76,101) a=128
Line-LocalRoad-MinorRoad-Globe-Base	zoom	17-24		1	fillColor	rgba8	rgb(46,52,64) a=0
Line-LocalRoad-MinorRoad-Globe-Base	zoom	17-24		2	strokeColor	rgba8	rgb(55,76,101) a=0
Line-LocalRoad-MinorRoad-Globe-Base	zoom	0-16		25	labelHaloColor	rgba8	rgb(45,50,64) a=242
Line-LocalRoad-MinorRoad-Globe-Base	zoom	16-17		25	labelHaloColor	rgba8	rgb(45,50,64) a=247
Line-LocalRoad-MinorRoad-Globe-Base	zoom	17-18		25	labelHaloColor	rgba8	rgb(45,50,64) a=252
Line-LocalRoad-MinorRoad-Globe-Base	zoom	18-24		25	labelHaloColor	rgba8	rgb(45,50,64) a=255
Line-LocalRoad-MinorRoad-Globe-Base	zoom	0-10		1	fillColor	rgba8	rgb(165,166,165) a=102
Line-LocalRoad-MinorRoad-Globe-Base	zoom	10-11		1	fillColor	rgba8	rgb(165,166,165) a=102
Line-LocalRoad-MinorRoad-Globe-Base	zoom	10-11		2	strokeColor	rgba8	rgb(74,63,53) a=128
Line-LocalRoad-MinorRoad-Globe-Base	zoom	11-12		1	fillColor	rgba8	rgb(152,154,152) a=102
Line-LocalRoad-MinorRoad-Globe-Base	zoom	11-12		2	strokeColor	rgba8	rgb(74,63,53) a=128
Line-LocalRoad-MinorRoad-Globe-Base	zoom	12-13		1	fillColor	rgba8	rgb(152,153,153) a=138
Line-LocalRoad-MinorRoad-Globe-Base	zoom	12-13		2	strokeColor	rgba8	rgb(74,63,53) a=153
Line-LocalRoad-MinorRoad-Globe-Base	zoom	13-14		1	fillColor	rgba8	rgb(138,141,142) a=133
Line-LocalRoad-MinorRoad-Globe-Base	zoom	13-14		2	strokeColor	rgba8	rgb(74,63,53) a=102
Line-LocalRoad-MinorRoad-Globe-Base	zoom	14-15		1	fillColor	rgba8	rgb(125,128,130) a=51
Line-LocalRoad-MinorRoad-Globe-Base	zoom	14-15		2	strokeColor	rgba8	rgb(74,63,53) a=51
Line-LocalRoad-MinorRoad-Globe-Base	zoom	15-16		1	fillColor	rgba8	rgb(179,179,179) a=20
Line-LocalRoad-MinorRoad-Globe-Base	zoom	15-16		2	strokeColor	rgba8	rgb(55,76,101) a=20
Line-LocalRoad-MinorRoad-Globe-Base	zoom	16-17		1	fillColor	rgba8	rgb(179,179,179) a=0
Line-LocalRoad-MinorRoad-Globe-Base	zoom	16-17		2	strokeColor	rgba8	rgb(179,179,179) a=13
Line-LocalRoad-MinorRoad-Globe-Base	zoom	17-24		1	fillColor	rgba8	rgb(179,179,179) a=0
Line-LocalRoad-MinorRoad-Globe-Base	zoom	17-24		2	strokeColor	rgba8	rgb(55,76,101) a=0
Line-LocalRoad-MinorRoad-Globe-Base	zoom	0-16		24	textColor	rgba8	rgb(238,238,236) a=250
Line-LocalRoad-MinorRoad-Globe-Base	zoom	0-16		25	labelHaloColor	rgba8	rgb(53,51,49) a=242
Line-LocalRoad-MinorRoad-Globe-Base	zoom	16-24		24	textColor	rgba8	rgb(233,233,231) a=255
Line-LocalRoad-MinorRoad-Globe-Base	zoom	16-24		25	labelHaloColor	rgba8	rgb(62,59,56) a=235
Line-ServiceRoad-Globe-Base	base			24	textColor	rgba8	rgb(255,255,255) a=255
Line-ServiceRoad-Globe-Base	zoom	0-14		1	fillColor	rgba8	rgb(89,107,128) a=230
Line-ServiceRoad-Globe-Base	zoom	14-15		1	fillColor	rgba8	rgb(89,107,128) a=204
Line-ServiceRoad-Globe-Base	zoom	14-15		2	strokeColor	rgba8	rgb(19,21,26) a=128
Line-ServiceRoad-Globe-Base	zoom	15-16		1	fillColor	rgba8	rgb(82,97,117) a=204
Line-ServiceRoad-Globe-Base	zoom	15-16		2	strokeColor	rgba8	rgb(19,21,26) a=128
Line-ServiceRoad-Globe-Base	zoom	16-17		1	fillColor	rgba8	rgb(46,52,64) a=128
Line-ServiceRoad-Globe-Base	zoom	16-17		2	strokeColor	rgba8	rgb(19,21,26) a=128
Line-ServiceRoad-Globe-Base	zoom	17-24		1	fillColor	rgba8	rgb(46,52,64) a=0
Line-ServiceRoad-Globe-Base	zoom	17-24		2	strokeColor	rgba8	rgb(55,76,101) a=0
Line-ServiceRoad-Globe-Base	zoom	0-16		25	labelHaloColor	rgba8	rgb(45,50,64) a=242
Line-ServiceRoad-Globe-Base	zoom	16-17		25	labelHaloColor	rgba8	rgb(45,50,64) a=247
Line-ServiceRoad-Globe-Base	zoom	17-18		25	labelHaloColor	rgba8	rgb(45,50,64) a=252
Line-ServiceRoad-Globe-Base	zoom	18-24		25	labelHaloColor	rgba8	rgb(45,50,64) a=255
Line-ServiceRoad-Globe-Base	zoom	0-10		1	fillColor	rgba8	rgb(165,166,165) a=102
Line-ServiceRoad-Globe-Base	zoom	10-11		1	fillColor	rgba8	rgb(165,166,165) a=102
Line-ServiceRoad-Globe-Base	zoom	10-11		2	strokeColor	rgba8	rgb(74,63,53) a=128
Line-ServiceRoad-Globe-Base	zoom	11-12		1	fillColor	rgba8	rgb(165,166,165) a=102
Line-ServiceRoad-Globe-Base	zoom	11-12		2	strokeColor	rgba8	rgb(74,63,53) a=128
Line-ServiceRoad-Globe-Base	zoom	12-13		1	fillColor	rgba8	rgb(152,153,153) a=138
Line-ServiceRoad-Globe-Base	zoom	12-13		2	strokeColor	rgba8	rgb(74,63,53) a=153
Line-ServiceRoad-Globe-Base	zoom	13-14		1	fillColor	rgba8	rgb(138,141,142) a=133
Line-ServiceRoad-Globe-Base	zoom	13-14		2	strokeColor	rgba8	rgb(74,63,53) a=102
Line-ServiceRoad-Globe-Base	zoom	14-15		1	fillColor	rgba8	rgb(125,128,130) a=102
Line-ServiceRoad-Globe-Base	zoom	14-15		2	strokeColor	rgba8	rgb(74,63,53) a=51
Line-ServiceRoad-Globe-Base	zoom	15-16		1	fillColor	rgba8	rgb(179,179,179) a=20
Line-ServiceRoad-Globe-Base	zoom	15-16		2	strokeColor	rgba8	rgb(55,76,101) a=20
Line-ServiceRoad-Globe-Base	zoom	16-17		1	fillColor	rgba8	rgb(179,179,179) a=0
Line-ServiceRoad-Globe-Base	zoom	16-17		2	strokeColor	rgba8	rgb(179,179,179) a=13
Line-ServiceRoad-Globe-Base	zoom	17-24		1	fillColor	rgba8	rgb(179,179,179) a=0
Line-ServiceRoad-Globe-Base	zoom	17-24		2	strokeColor	rgba8	rgb(55,76,101) a=0
Line-ServiceRoad-Globe-Base	zoom	0-16		24	textColor	rgba8	rgb(238,238,236) a=250
Line-ServiceRoad-Globe-Base	zoom	0-16		25	labelHaloColor	rgba8	rgb(53,51,49) a=242
Line-ServiceRoad-Globe-Base	zoom	16-24		24	textColor	rgba8	rgb(233,233,231) a=255
Line-ServiceRoad-Globe-Base	zoom	16-24		25	labelHaloColor	rgba8	rgb(62,59,56) a=235
DestinationRoad-Globe-Base	base			1	fillColor	rgba8	rgb(107,122,139) a=230
DestinationRoad-Globe-Base	base			2	strokeColor	rgba8	rgb(19,21,26) a=128
DestinationRoad-Globe-Base	base			24	textColor	rgba8	rgb(255,255,255) a=255
DestinationRoad-Globe-Base	zoom	14-15		1	fillColor	rgba8	rgb(60,77,100) a=204
DestinationRoad-Globe-Base	zoom	14-15		2	strokeColor	rgba8	rgb(19,21,26) a=128
DestinationRoad-Globe-Base	zoom	15-16		1	fillColor	rgba8	rgb(81,92,111) a=128
DestinationRoad-Globe-Base	zoom	15-16		2	strokeColor	rgba8	rgb(19,21,26) a=128
DestinationRoad-Globe-Base	zoom	16-17		1	fillColor	rgba8	rgb(49,60,78) a=128
DestinationRoad-Globe-Base	zoom	16-17		2	strokeColor	rgba8	rgb(55,76,104) a=0
DestinationRoad-Globe-Base	zoom	17-24		1	fillColor	rgba8	rgb(49,60,78) a=0
DestinationRoad-Globe-Base	zoom	17-24		2	strokeColor	rgba8	rgb(55,76,104) a=0
DestinationRoad-Globe-Base	zoom	0-16		25	labelHaloColor	rgba8	rgb(45,50,64) a=242
DestinationRoad-Globe-Base	zoom	16-17		25	labelHaloColor	rgba8	rgb(45,50,64) a=247
DestinationRoad-Globe-Base	zoom	17-18		25	labelHaloColor	rgba8	rgb(45,50,64) a=252
DestinationRoad-Globe-Base	zoom	18-24		25	labelHaloColor	rgba8	rgb(45,50,64) a=255
DestinationRoad-Globe-Base	zoom	0-10		1	fillColor	rgba8	rgb(165,166,165) a=102
DestinationRoad-Globe-Base	zoom	10-11		1	fillColor	rgba8	rgb(165,166,165) a=102
DestinationRoad-Globe-Base	zoom	10-11		2	strokeColor	rgba8	rgb(74,63,53) a=128
DestinationRoad-Globe-Base	zoom	11-12		1	fillColor	rgba8	rgb(165,166,165) a=102
DestinationRoad-Globe-Base	zoom	11-12		2	strokeColor	rgba8	rgb(74,63,53) a=128
DestinationRoad-Globe-Base	zoom	12-13		1	fillColor	rgba8	rgb(152,153,153) a=138
DestinationRoad-Globe-Base	zoom	12-13		2	strokeColor	rgba8	rgb(74,63,53) a=153
DestinationRoad-Globe-Base	zoom	13-14		1	fillColor	rgba8	rgb(138,141,142) a=133
DestinationRoad-Globe-Base	zoom	13-14		2	strokeColor	rgba8	rgb(74,63,53) a=102
DestinationRoad-Globe-Base	zoom	14-15		1	fillColor	rgba8	rgb(125,128,130) a=102
DestinationRoad-Globe-Base	zoom	14-15		2	strokeColor	rgba8	rgb(74,63,53) a=51
DestinationRoad-Globe-Base	zoom	15-16		1	fillColor	rgba8	rgb(179,179,179) a=20
DestinationRoad-Globe-Base	zoom	15-16		2	strokeColor	rgba8	rgb(55,76,101) a=20
DestinationRoad-Globe-Base	zoom	16-17		1	fillColor	rgba8	rgb(179,179,179) a=0
DestinationRoad-Globe-Base	zoom	16-17		2	strokeColor	rgba8	rgb(179,179,179) a=13
DestinationRoad-Globe-Base	zoom	17-24		1	fillColor	rgba8	rgb(179,179,179) a=0
DestinationRoad-Globe-Base	zoom	17-24		2	strokeColor	rgba8	rgb(55,76,101) a=0
DestinationRoad-Globe-Base	zoom	0-16		24	textColor	rgba8	rgb(238,238,236) a=250
DestinationRoad-Globe-Base	zoom	0-16		25	labelHaloColor	rgba8	rgb(53,51,49) a=242
DestinationRoad-Globe-Base	zoom	16-24		24	textColor	rgba8	rgb(233,233,231) a=255
DestinationRoad-Globe-Base	zoom	16-24		25	labelHaloColor	rgba8	rgb(62,59,56) a=235
DestinationRoad-Globe-Base	zoom	0-16		18	textSizeScale	float	1
DestinationRoad-Globe-Base	zoom	16-17		18	textSizeScale	float	0.75
DestinationRoad-Globe-Base	zoom	17-18		18	textSizeScale	float	0.75
DestinationRoad-Globe-Base	zoom	18-24		18	textSizeScale	float	0.5
City-Base	base			18	textSizeScale	float	0.5
City-Base	base			21	fontSize	uint32	18
City-Base	base			23	fontSpec	string	%$default,medium-G1,width=90
City-Base	base			29	fontSizeParam	float	0
City-Base	cond		client:37=[1]	18	textSizeScale	float	1
City-Base	cond		client:37=[1]	23	fontSpec	string	%$default,semibold,width=90
City-Base	cond+zoom	0-26	client:34=[0] & client:51=[2, 1] & client:TimePeriod=[0]	24	textColor	rgba8	rgb(165,165,165) a=255
City-Base	cond+zoom	0-26	client:34=[0] & client:51=[2, 1] & client:TimePeriod=[1]	24	textColor	rgba8	rgb(255,255,255) a=128
City-Globe-Base	base			18	textSizeScale	float	1.2
City-Globe-Base	base			24	textColor	rgba8	rgb(247,247,247) a=255
City-Globe-Base	base			25	labelHaloColor	rgba8	rgb(28,38,50) a=199
City-Globe-Base	zoom	8-11		18	textSizeScale	float	1.83
City-Globe-Base	zoom	11-24		18	textSizeScale	float	2
City-Globe-Base	cond+zoom	0-24	client:135=[1]	25	labelHaloColor	rgba8	rgb(28,38,50) a=230
City-Globe-Base	cond		client:37=[1]	18	textSizeScale	float	1.83
City-Globe-Base	cond		client:37=[1]	24	textColor	rgba8	rgb(255,255,255) a=255
City-Globe-Base	cond		client:37=[1]	25	labelHaloColor	rgba8	rgb(0,0,0) a=230
City-Globe-Base	cond+zoom	0-26	client:34=[0] & client:51=[2, 1] & client:TimePeriod=[0]	24	textColor	rgba8	rgb(165,165,165) a=255
City-Globe-Base	cond+zoom	0-26	client:135=[1] & client:34=[0] & client:51=[2, 1] & client:TimePeriod=[0]	24	textColor	rgba8	rgb(217,217,217) a=255
City-Globe-Base	cond+zoom	0-26	client:135=[1] & client:34=[0] & client:51=[2, 1] & client:TimePeriod=[0]	25	labelHaloColor	rgba8	rgb(51,51,51) a=242
City-Style-02	zoom	2-3		23	fontSpec	string	%$default,medium-G3,width=90
City-Style-02	zoom	3-4		23	fontSpec	string	%$default,semibold,width=90
City-Style-02	zoom	4-6		23	fontSpec	string	%$default,bold,width=90
City-Style-02	zoom	6-8		23	fontSpec	string	%$default,bold-G1,width=90
City-Style-02	zoom	8-11		21	fontSize	uint32	13
City-Style-02	zoom	8-11		23	fontSpec	string	%$default,bold-G1,width=90
City-Style-02	zoom	11-24		21	fontSize	uint32	10
City-Style-02	zoom	11-24		23	fontSpec	string	%$default,semibold,width=90
City-Style-02	zoom	2-3		29	fontSizeParam	float	0.35
City-Style-02	zoom	8-24		29	fontSizeParam	float	0.35
City-Style-02	zoom	11-24		21	fontSize	uint32	18
City-Style-02	cond+zoom	0-3	client:37=[1]	23	fontSpec	string	%$default,semibold,width=90
City-Style-02	cond+zoom	3-24	client:37=[1]	23	fontSpec	string	%$default,bold,width=90
City-Style-03	zoom	4-5		23	fontSpec	string	%$default,semibold,width=90
City-Style-03	zoom	5-7		23	fontSpec	string	%$default,bold,width=90
City-Style-03	zoom	7-9		23	fontSpec	string	%$default,bold-G1,width=90
City-Style-03	zoom	9-11		21	fontSize	uint32	13
City-Style-03	zoom	9-11		23	fontSpec	string	%$default,bold-G1,width=90
City-Style-03	zoom	11-24		21	fontSize	uint32	10
City-Style-03	zoom	11-24		23	fontSpec	string	%$default,semibold,width=90
City-Style-03	zoom	3-4		29	fontSizeParam	float	0.35
City-Style-03	zoom	9-24		29	fontSizeParam	float	0.35
City-Style-03	cond		client:37=[1]	23	fontSpec	string	%$default,bold,width=90
City-Style-04	zoom	5-6		23	fontSpec	string	%$default,semibold,width=90
City-Style-04	zoom	6-9		23	fontSpec	string	%$default,bold,width=90
City-Style-04	zoom	9-11		21	fontSize	uint32	13
City-Style-04	zoom	9-11		23	fontSpec	string	%$default,bold-G1,width=90
City-Style-04	zoom	11-24		21	fontSize	uint32	10
City-Style-04	zoom	11-24		23	fontSpec	string	%$default,semibold,width=90
City-Style-04	zoom	3-5		29	fontSizeParam	float	0.35
City-Style-04	zoom	9-24		29	fontSizeParam	float	0.35
City-Style-04	cond		client:37=[1]	23	fontSpec	string	%$default,bold,width=90
City-Style-05	zoom	6-7		23	fontSpec	string	%$default,semibold,width=90
City-Style-05	zoom	7-9		23	fontSpec	string	%$default,bold,width=90
City-Style-05	zoom	9-11		21	fontSize	uint32	10
City-Style-05	zoom	9-11		23	fontSpec	string	%$default,bold,width=90
City-Style-05	zoom	11-24		21	fontSize	uint32	10
City-Style-05	zoom	11-24		23	fontSpec	string	%$default,semibold,width=90
City-Style-05	zoom	4-6		29	fontSizeParam	float	0.35
City-Style-05	zoom	9-24		29	fontSizeParam	float	0.35
City-Style-05	cond		client:37=[1]	23	fontSpec	string	%$default,bold,width=90
City-Style-06	zoom	7-8		23	fontSpec	string	%$default,semibold,width=90
City-Style-06	zoom	8-9		23	fontSpec	string	%$default,bold,width=90
City-Style-06	zoom	9-14		21	fontSize	uint32	10
City-Style-06	zoom	9-14		23	fontSpec	string	%$default,semibold,width=90
City-Style-06	zoom	5-7		29	fontSizeParam	float	0.35
City-Style-06	cond		client:37=[1]	23	fontSpec	string	%$default,bold,width=90
City-Style-07	zoom	10-14		21	fontSize	uint32	10
City-Style-07	zoom	10-14		23	fontSpec	string	%$default,semibold,width=90
City-Style-07	zoom	6-8		29	fontSizeParam	float	0.35
City-Style-07	cond		client:37=[1]	23	fontSpec	string	%$default,bold,width=90
City-Style-08	zoom	10-14		21	fontSize	uint32	10
City-Style-08	zoom	10-14		23	fontSpec	string	%$default,semibold,width=90
City-Style-08	zoom	7-13		29	fontSizeParam	float	0.35
City-Style-08	zoom	13-24		29	fontSizeParam	float	0.5
City-Style-08	cond		client:37=[1]	23	fontSpec	string	%$default,bold,width=90
City-Style-09	zoom	11-14		21	fontSize	uint32	10
City-Style-09	zoom	11-14		23	fontSpec	string	%$default,medium-G3,width=90
City-Style-09	zoom	8-13		29	fontSizeParam	float	0.35
City-Style-09	zoom	13-24		29	fontSizeParam	float	0.5
City-Style-09	cond		client:37=[1]	23	fontSpec	string	%$default,semibold,width=90
City-Style-10	zoom	11-15		21	fontSize	uint32	10
City-Style-10	zoom	11-15		23	fontSpec	string	%$default,medium-G3,width=90
City-Style-10	zoom	9-13		29	fontSizeParam	float	0.35
City-Style-10	zoom	13-24		29	fontSizeParam	float	1
City-Style-10	cond		client:37=[1]	23	fontSpec	string	%$default,semibold,width=90
City-Style-11	zoom	11-15		21	fontSize	uint32	10
City-Style-11	zoom	11-15		23	fontSpec	string	%$default,medium-G3,width=90
City-Style-11	zoom	10-13		29	fontSizeParam	float	0.35
City-Style-11	zoom	13-24		29	fontSizeParam	float	1
City-Style-11	cond		client:37=[1]	23	fontSpec	string	%$default,semibold,width=90
City-Style-12	zoom	11-15		21	fontSize	uint32	10
City-Style-12	zoom	11-15		23	fontSpec	string	%$default,medium-G3,width=90
City-Style-12	zoom	10-13		29	fontSizeParam	float	0.35
City-Style-12	zoom	13-24		29	fontSizeParam	float	1
City-Style-12	cond		client:37=[1]	23	fontSpec	string	%$default,semibold,width=90
City-Style-13_20	zoom	12-24		21	fontSize	uint32	10
City-Style-13_20	zoom	12-24		23	fontSpec	string	%$default,medium-G3,width=90
City-Style-13_20	zoom	10-13		29	fontSizeParam	float	0.35
City-Style-13_20	zoom	13-24		29	fontSizeParam	float	0.75
City-Style-13_20	cond		client:37=[1]	23	fontSpec	string	%$default,semibold,width=90
Olympic-City-Base	base			18	textSizeScale	float	0.75
Olympic-City-Base	base			21	fontSize	uint32	18
Olympic-City-Base	base			23	fontSpec	string	%$default,semibold-G2,width=90
Olympic-City-Base	base			29	fontSizeParam	float	0
Olympic-City-Base	cond		client:76=[6]	21	fontSize	uint32	50
Olympic-City-Base	cond		client:76=[6]	23	fontSpec	string	%$default,medium-G2,width=90
Olympic-City-Globe	base			24	textColor	rgba8	rgb(255,255,255) a=255
Olympic-City-Globe	base			25	labelHaloColor	rgba8	rgb(21,25,31) a=128
Olympic-City-Globe	cond+zoom	0-24	client:34=[0] & client:51=[2, 1]	24	textColor	rgba8	rgb(255,255,255) a=255
Olympic-City-Globe	cond+zoom	0-24	client:34=[0] & client:51=[2, 1]	25	labelHaloColor	rgba8	rgb(21,25,31) a=128
CapitalAdmin2-OutOfCountry-China-Base	zoom	11-15		21	fontSize	uint32	12
SubMunicipal-Label-Globe-Base	base			24	textColor	rgba8	rgb(247,247,247) a=255
SubMunicipal-Label-Globe-Base	base			25	labelHaloColor	rgba8	rgb(28,38,50) a=199
SubMunicipal-Label-Globe-Base	cond		client:37=[1]	18	textSizeScale	float	1.83
SubMunicipal-Label-Globe-Base	cond		client:37=[1]	24	textColor	rgba8	rgb(255,255,255) a=255
SubMunicipal-Label-Globe-Base	cond		client:37=[1]	25	labelHaloColor	rgba8	rgb(0,0,0) a=230
SubMunicipal-Label-Globe-Base	cond+zoom	0-24	client:135=[1]	25	labelHaloColor	rgba8	rgb(28,38,50) a=230
Neighborhood-Base-Globe-Base	base			24	textColor	rgba8	rgb(247,247,247) a=255
Neighborhood-Base-Globe-Base	base			25	labelHaloColor	rgba8	rgb(28,38,50) a=199
Neighborhood-Base-Globe-Base	cond+zoom	0-24	client:135=[1]	25	labelHaloColor	rgba8	rgb(28,38,50) a=230
Neighborhood-Base-Globe-Large	zoom	0-11		18	textSizeScale	float	1
Neighborhood-Base-Globe-Large	zoom	0-11		21	fontSize	uint32	12
Neighborhood-Base-Globe-Large	zoom	0-11		23	fontSpec	string	%$default,semibold,width=60
Neighborhood-Base-Globe-Large	zoom	0-11		29	fontSizeParam	float	0.5
Neighborhood-Base-Globe-Large	zoom	11-12		18	textSizeScale	float	1.25
Neighborhood-Base-Globe-Large	zoom	11-12		21	fontSize	uint32	12
Neighborhood-Base-Globe-Large	zoom	11-12		23	fontSpec	string	%$default,medium-G4,width=60
Neighborhood-Base-Globe-Large	zoom	11-12		29	fontSizeParam	float	0.5
Neighborhood-Base-Globe-Large	zoom	12-13		18	textSizeScale	float	1.5
Neighborhood-Base-Globe-Large	zoom	12-13		21	fontSize	uint32	12
Neighborhood-Base-Globe-Large	zoom	12-13		23	fontSpec	string	%$default,medium-G4,width=60
Neighborhood-Base-Globe-Large	zoom	12-13		29	fontSizeParam	float	0.3
Neighborhood-Base-Globe-Large	zoom	13-14		18	textSizeScale	float	1.65
Neighborhood-Base-Globe-Large	zoom	13-14		21	fontSize	uint32	12
Neighborhood-Base-Globe-Large	zoom	13-14		23	fontSpec	string	%$default,semibold,width=60
Neighborhood-Base-Globe-Large	zoom	13-14		29	fontSizeParam	float	0.5
Neighborhood-Base-Globe-Large	zoom	14-15		18	textSizeScale	float	1.75
Neighborhood-Base-Globe-Large	zoom	14-15		21	fontSize	uint32	12
Neighborhood-Base-Globe-Large	zoom	14-15		23	fontSpec	string	%$default,semibold,width=60
Neighborhood-Base-Globe-Large	zoom	14-15		29	fontSizeParam	float	1
Neighborhood-Base-Globe-Large	zoom	15-16		18	textSizeScale	float	1.83
Neighborhood-Base-Globe-Large	zoom	15-16		21	fontSize	uint32	12
Neighborhood-Base-Globe-Large	zoom	15-16		23	fontSpec	string	%$default,semibold,width=60
Neighborhood-Base-Globe-Large	zoom	15-16		29	fontSizeParam	float	2
Neighborhood-Base-Globe-Large	zoom	16-24		18	textSizeScale	float	2
Neighborhood-Base-Globe-Large	zoom	16-24		21	fontSize	uint32	12
Neighborhood-Base-Globe-Large	zoom	16-24		23	fontSpec	string	%$default,semibold,width=60
Neighborhood-Base-Globe-Large	zoom	16-24		29	fontSizeParam	float	4
Neighborhood-Base-Globe-Small	zoom	0-12		18	textSizeScale	float	1
Neighborhood-Base-Globe-Small	zoom	0-12		21	fontSize	uint32	12
Neighborhood-Base-Globe-Small	zoom	0-12		23	fontSpec	string	%$default,semibold,width=60
Neighborhood-Base-Globe-Small	zoom	0-12		29	fontSizeParam	float	0.5
Neighborhood-Base-Globe-Small	zoom	12-13		18	textSizeScale	float	1.25
Neighborhood-Base-Globe-Small	zoom	12-13		21	fontSize	uint32	12
Neighborhood-Base-Globe-Small	zoom	12-13		23	fontSpec	string	%$default,medium-G4,width=60
Neighborhood-Base-Globe-Small	zoom	12-13		29	fontSizeParam	float	0.5
Neighborhood-Base-Globe-Small	zoom	13-14		18	textSizeScale	float	1.5
Neighborhood-Base-Globe-Small	zoom	13-14		21	fontSize	uint32	12
Neighborhood-Base-Globe-Small	zoom	13-14		23	fontSpec	string	%$default,medium-G4,width=60
Neighborhood-Base-Globe-Small	zoom	13-14		29	fontSizeParam	float	0.3
Neighborhood-Base-Globe-Small	zoom	14-15		18	textSizeScale	float	1.65
Neighborhood-Base-Globe-Small	zoom	14-15		21	fontSize	uint32	12
Neighborhood-Base-Globe-Small	zoom	14-15		23	fontSpec	string	%$default,semibold,width=60
Neighborhood-Base-Globe-Small	zoom	14-15		29	fontSizeParam	float	0.5
Neighborhood-Base-Globe-Small	zoom	15-16		18	textSizeScale	float	1.75
Neighborhood-Base-Globe-Small	zoom	15-16		21	fontSize	uint32	12
Neighborhood-Base-Globe-Small	zoom	15-16		23	fontSpec	string	%$default,semibold,width=60
Neighborhood-Base-Globe-Small	zoom	15-16		29	fontSizeParam	float	1
Neighborhood-Base-Globe-Small	zoom	16-24		18	textSizeScale	float	1.83
Neighborhood-Base-Globe-Small	zoom	16-24		21	fontSize	uint32	12
Neighborhood-Base-Globe-Small	zoom	16-24		23	fontSpec	string	%$default,semibold,width=60
Neighborhood-Base-Globe-Small	zoom	16-24		29	fontSizeParam	float	2
Block-Base-Globe-Base	base			24	textColor	rgba8	rgb(247,247,247) a=255
Block-Base-Globe-Base	base			25	labelHaloColor	rgba8	rgb(28,38,50) a=199
Block-Base-Globe-Base	zoom	0-15		18	textSizeScale	float	1
Block-Base-Globe-Base	zoom	0-15		21	fontSize	uint32	12
Block-Base-Globe-Base	zoom	0-15		23	fontSpec	string	%$default,semibold,width=60
Block-Base-Globe-Base	zoom	0-15		29	fontSizeParam	float	0.5
Block-Base-Globe-Base	zoom	15-16		18	textSizeScale	float	1.25
Block-Base-Globe-Base	zoom	15-16		21	fontSize	uint32	12
Block-Base-Globe-Base	zoom	15-16		23	fontSpec	string	%$default,medium-G4,width=60
Block-Base-Globe-Base	zoom	15-16		29	fontSizeParam	float	0.5
Block-Base-Globe-Base	zoom	16-17		18	textSizeScale	float	1.5
Block-Base-Globe-Base	zoom	16-17		21	fontSize	uint32	12
Block-Base-Globe-Base	zoom	16-17		23	fontSpec	string	%$default,medium-G4,width=60
Block-Base-Globe-Base	zoom	16-17		29	fontSizeParam	float	0.3
Block-Base-Globe-Base	zoom	17-24		18	textSizeScale	float	1.65
Block-Base-Globe-Base	zoom	17-24		21	fontSize	uint32	12
Block-Base-Globe-Base	zoom	17-24		23	fontSpec	string	%$default,semibold,width=60
Block-Base-Globe-Base	zoom	17-24		29	fontSizeParam	float	0.5
Block-Base-Globe-Base	cond+zoom	0-24	client:135=[1]	25	labelHaloColor	rgba8	rgb(28,38,50) a=230
Borough-Base-Globe-Base	base			24	textColor	rgba8	rgb(247,247,247) a=255
Borough-Base-Globe-Base	base			25	labelHaloColor	rgba8	rgb(28,38,50) a=199
Borough-Base-Globe-Base	zoom	0-9		18	textSizeScale	float	1
Borough-Base-Globe-Base	zoom	0-9		21	fontSize	uint32	12
Borough-Base-Globe-Base	zoom	0-9		23	fontSpec	string	%$default,semibold,width=60
Borough-Base-Globe-Base	zoom	0-9		29	fontSizeParam	float	0.5
Borough-Base-Globe-Base	zoom	9-10		18	textSizeScale	float	1.25
Borough-Base-Globe-Base	zoom	9-10		21	fontSize	uint32	12
Borough-Base-Globe-Base	zoom	9-10		23	fontSpec	string	%$default,medium-G4,width=60
Borough-Base-Globe-Base	zoom	9-10		29	fontSizeParam	float	0.5
Borough-Base-Globe-Base	zoom	10-11		18	textSizeScale	float	1.5
Borough-Base-Globe-Base	zoom	10-11		21	fontSize	uint32	12
Borough-Base-Globe-Base	zoom	10-11		23	fontSpec	string	%$default,medium-G4,width=60
Borough-Base-Globe-Base	zoom	10-11		29	fontSizeParam	float	0.3
Borough-Base-Globe-Base	zoom	11-12		18	textSizeScale	float	1.65
Borough-Base-Globe-Base	zoom	11-12		21	fontSize	uint32	12
Borough-Base-Globe-Base	zoom	11-12		23	fontSpec	string	%$default,semibold,width=60
Borough-Base-Globe-Base	zoom	11-12		29	fontSizeParam	float	0.5
Borough-Base-Globe-Base	zoom	12-13		18	textSizeScale	float	1.75
Borough-Base-Globe-Base	zoom	12-13		21	fontSize	uint32	12
Borough-Base-Globe-Base	zoom	12-13		23	fontSpec	string	%$default,semibold,width=60
Borough-Base-Globe-Base	zoom	12-13		29	fontSizeParam	float	1
Borough-Base-Globe-Base	zoom	13-14		18	textSizeScale	float	1.83
Borough-Base-Globe-Base	zoom	13-14		21	fontSize	uint32	12
Borough-Base-Globe-Base	zoom	13-14		23	fontSpec	string	%$default,semibold,width=60
Borough-Base-Globe-Base	zoom	13-14		29	fontSizeParam	float	2
Borough-Base-Globe-Base	zoom	14-24		18	textSizeScale	float	2
Borough-Base-Globe-Base	zoom	14-24		21	fontSize	uint32	12
Borough-Base-Globe-Base	zoom	14-24		23	fontSpec	string	%$default,semibold,width=60
Borough-Base-Globe-Base	zoom	14-24		29	fontSizeParam	float	4
Borough-Base-Globe-Base	cond+zoom	0-24	client:135=[1]	25	labelHaloColor	rgba8	rgb(28,38,50) a=230
Borough-Base-Globe-Base	cond+zoom	0-9	client:135=[1]	18	textSizeScale	float	1
Borough-Base-Globe-Base	cond+zoom	0-9	client:135=[1]	21	fontSize	uint32	12
Borough-Base-Globe-Base	cond+zoom	0-9	client:135=[1]	23	fontSpec	string	%$default,semibold,width=60
Borough-Base-Globe-Base	cond+zoom	0-9	client:135=[1]	29	fontSizeParam	float	0.5
Borough-Base-Globe-Base	cond+zoom	9-10	client:135=[1]	18	textSizeScale	float	1.25
Borough-Base-Globe-Base	cond+zoom	9-10	client:135=[1]	21	fontSize	uint32	12
Borough-Base-Globe-Base	cond+zoom	9-10	client:135=[1]	23	fontSpec	string	%$default,medium-G4,width=60
Borough-Base-Globe-Base	cond+zoom	9-10	client:135=[1]	29	fontSizeParam	float	0.5
Borough-Base-Globe-Base	cond+zoom	10-11	client:135=[1]	18	textSizeScale	float	1.5
Borough-Base-Globe-Base	cond+zoom	10-11	client:135=[1]	21	fontSize	uint32	12
Borough-Base-Globe-Base	cond+zoom	10-11	client:135=[1]	23	fontSpec	string	%$default,medium-G4,width=60
Borough-Base-Globe-Base	cond+zoom	10-11	client:135=[1]	29	fontSizeParam	float	0.3
Borough-Base-Globe-Base	cond+zoom	11-12	client:135=[1]	18	textSizeScale	float	1.65
Borough-Base-Globe-Base	cond+zoom	11-12	client:135=[1]	21	fontSize	uint32	12
Borough-Base-Globe-Base	cond+zoom	11-12	client:135=[1]	23	fontSpec	string	%$default,semibold,width=60
Borough-Base-Globe-Base	cond+zoom	11-12	client:135=[1]	29	fontSizeParam	float	0.5
Borough-Base-Globe-Base	cond+zoom	12-13	client:135=[1]	18	textSizeScale	float	1.75
Borough-Base-Globe-Base	cond+zoom	12-13	client:135=[1]	21	fontSize	uint32	12
Borough-Base-Globe-Base	cond+zoom	12-13	client:135=[1]	23	fontSpec	string	%$default,semibold,width=60
Borough-Base-Globe-Base	cond+zoom	12-13	client:135=[1]	29	fontSizeParam	float	1
Borough-Base-Globe-Base	cond+zoom	13-14	client:135=[1]	18	textSizeScale	float	1.83
Borough-Base-Globe-Base	cond+zoom	13-14	client:135=[1]	21	fontSize	uint32	12
Borough-Base-Globe-Base	cond+zoom	13-14	client:135=[1]	23	fontSpec	string	%$default,semibold,width=60
Borough-Base-Globe-Base	cond+zoom	13-14	client:135=[1]	29	fontSizeParam	float	2
Borough-Base-Globe-Base	cond+zoom	14-24	client:135=[1]	18	textSizeScale	float	2
Borough-Base-Globe-Base	cond+zoom	14-24	client:135=[1]	21	fontSize	uint32	12
Borough-Base-Globe-Base	cond+zoom	14-24	client:135=[1]	23	fontSpec	string	%$default,semibold,width=60
Borough-Base-Globe-Base	cond+zoom	14-24	client:135=[1]	29	fontSizeParam	float	4
BuildingNumber-Base-Globe-Base	base			24	textColor	rgba8	rgb(247,247,247) a=255
BuildingNumber-Base-Globe-Base	base			25	labelHaloColor	rgba8	rgb(28,38,50) a=199
BuildingNumber-Base-Globe-Base	zoom	0-16		18	textSizeScale	float	1
BuildingNumber-Base-Globe-Base	zoom	0-16		21	fontSize	uint32	12
BuildingNumber-Base-Globe-Base	zoom	0-16		23	fontSpec	string	%$default,semibold,width=60
BuildingNumber-Base-Globe-Base	zoom	0-16		29	fontSizeParam	float	0.5
BuildingNumber-Base-Globe-Base	zoom	16-17		18	textSizeScale	float	1.25
BuildingNumber-Base-Globe-Base	zoom	16-17		21	fontSize	uint32	12
BuildingNumber-Base-Globe-Base	zoom	16-17		23	fontSpec	string	%$default,medium-G4,width=60
BuildingNumber-Base-Globe-Base	zoom	16-17		29	fontSizeParam	float	0.5
BuildingNumber-Base-Globe-Base	zoom	17-18		18	textSizeScale	float	1.5
BuildingNumber-Base-Globe-Base	zoom	17-18		21	fontSize	uint32	12
BuildingNumber-Base-Globe-Base	zoom	17-18		23	fontSpec	string	%$default,medium-G4,width=60
BuildingNumber-Base-Globe-Base	zoom	17-18		29	fontSizeParam	float	0.3
BuildingNumber-Base-Globe-Base	zoom	18-19		18	textSizeScale	float	1.65
BuildingNumber-Base-Globe-Base	zoom	18-19		21	fontSize	uint32	12
BuildingNumber-Base-Globe-Base	zoom	18-19		23	fontSpec	string	%$default,semibold,width=60
BuildingNumber-Base-Globe-Base	zoom	18-19		29	fontSizeParam	float	0.5
BuildingNumber-Base-Globe-Base	zoom	19-20		18	textSizeScale	float	1.75
BuildingNumber-Base-Globe-Base	zoom	19-20		21	fontSize	uint32	12
BuildingNumber-Base-Globe-Base	zoom	19-20		23	fontSpec	string	%$default,semibold,width=60
BuildingNumber-Base-Globe-Base	zoom	19-20		29	fontSizeParam	float	1
BuildingNumber-Base-Globe-Base	zoom	20-24		18	textSizeScale	float	1.83
BuildingNumber-Base-Globe-Base	zoom	20-24		21	fontSize	uint32	12
BuildingNumber-Base-Globe-Base	zoom	20-24		23	fontSpec	string	%$default,semibold,width=60
BuildingNumber-Base-Globe-Base	zoom	20-24		29	fontSizeParam	float	2
BuildingNumber-Base-Globe-Base	cond+zoom	0-24	client:135=[1]	25	labelHaloColor	rgba8	rgb(28,38,50) a=230
Chome-Base-Globe-Base	base			24	textColor	rgba8	rgb(247,247,247) a=255
Chome-Base-Globe-Base	base			25	labelHaloColor	rgba8	rgb(28,38,50) a=199
Chome-Base-Globe-Base	zoom	0-14		18	textSizeScale	float	1
Chome-Base-Globe-Base	zoom	0-14		21	fontSize	uint32	12
Chome-Base-Globe-Base	zoom	0-14		23	fontSpec	string	%$default,semibold,width=60
Chome-Base-Globe-Base	zoom	0-14		29	fontSizeParam	float	0.5
Chome-Base-Globe-Base	zoom	14-15		18	textSizeScale	float	1.25
Chome-Base-Globe-Base	zoom	14-15		21	fontSize	uint32	12
Chome-Base-Globe-Base	zoom	14-15		23	fontSpec	string	%$default,medium-G4,width=60
Chome-Base-Globe-Base	zoom	14-15		29	fontSizeParam	float	0.5
Chome-Base-Globe-Base	zoom	15-16		18	textSizeScale	float	1.5
Chome-Base-Globe-Base	zoom	15-16		21	fontSize	uint32	12
Chome-Base-Globe-Base	zoom	15-16		23	fontSpec	string	%$default,medium-G4,width=60
Chome-Base-Globe-Base	zoom	15-16		29	fontSizeParam	float	0.3
Chome-Base-Globe-Base	zoom	16-17		18	textSizeScale	float	1.65
Chome-Base-Globe-Base	zoom	16-17		21	fontSize	uint32	12
Chome-Base-Globe-Base	zoom	16-17		23	fontSpec	string	%$default,semibold,width=60
Chome-Base-Globe-Base	zoom	16-17		29	fontSizeParam	float	0.5
Chome-Base-Globe-Base	zoom	17-18		18	textSizeScale	float	1.75
Chome-Base-Globe-Base	zoom	17-18		21	fontSize	uint32	12
Chome-Base-Globe-Base	zoom	17-18		23	fontSpec	string	%$default,semibold,width=60
Chome-Base-Globe-Base	zoom	17-18		29	fontSizeParam	float	1
Chome-Base-Globe-Base	zoom	18-19		18	textSizeScale	float	1.83
Chome-Base-Globe-Base	zoom	18-19		21	fontSize	uint32	12
Chome-Base-Globe-Base	zoom	18-19		23	fontSpec	string	%$default,semibold,width=60
Chome-Base-Globe-Base	zoom	18-19		29	fontSizeParam	float	2
Chome-Base-Globe-Base	zoom	19-24		18	textSizeScale	float	2
Chome-Base-Globe-Base	zoom	19-24		21	fontSize	uint32	12
Chome-Base-Globe-Base	zoom	19-24		23	fontSpec	string	%$default,semibold,width=60
Chome-Base-Globe-Base	zoom	19-24		29	fontSizeParam	float	4
Chome-Base-Globe-Base	cond+zoom	0-24	client:135=[1]	25	labelHaloColor	rgba8	rgb(28,38,50) a=230
Oaza-Base-Globe-Base	base			24	textColor	rgba8	rgb(247,247,247) a=255
Oaza-Base-Globe-Base	base			25	labelHaloColor	rgba8	rgb(28,38,50) a=199
Oaza-Base-Globe-Base	zoom	0-13		18	textSizeScale	float	1.25
Oaza-Base-Globe-Base	zoom	0-13		21	fontSize	uint32	12
Oaza-Base-Globe-Base	zoom	0-13		23	fontSpec	string	%$default,medium-G4,width=60
Oaza-Base-Globe-Base	zoom	0-13		29	fontSizeParam	float	0.5
Oaza-Base-Globe-Base	zoom	13-14		18	textSizeScale	float	1.5
Oaza-Base-Globe-Base	zoom	13-14		21	fontSize	uint32	12
Oaza-Base-Globe-Base	zoom	13-14		23	fontSpec	string	%$default,medium-G4,width=60
Oaza-Base-Globe-Base	zoom	13-14		29	fontSizeParam	float	0.3
Oaza-Base-Globe-Base	zoom	14-15		18	textSizeScale	float	1.65
Oaza-Base-Globe-Base	zoom	14-15		21	fontSize	uint32	12
Oaza-Base-Globe-Base	zoom	14-15		23	fontSpec	string	%$default,semibold,width=60
Oaza-Base-Globe-Base	zoom	14-15		29	fontSizeParam	float	0.5
Oaza-Base-Globe-Base	zoom	15-16		18	textSizeScale	float	1.75
Oaza-Base-Globe-Base	zoom	15-16		21	fontSize	uint32	12
Oaza-Base-Globe-Base	zoom	15-16		23	fontSpec	string	%$default,semibold,width=60
Oaza-Base-Globe-Base	zoom	15-16		29	fontSizeParam	float	1
Oaza-Base-Globe-Base	zoom	16-17		18	textSizeScale	float	1.83
Oaza-Base-Globe-Base	zoom	16-17		21	fontSize	uint32	12
Oaza-Base-Globe-Base	zoom	16-17		23	fontSpec	string	%$default,semibold,width=60
Oaza-Base-Globe-Base	zoom	16-17		29	fontSizeParam	float	2
Oaza-Base-Globe-Base	zoom	17-24		18	textSizeScale	float	2
Oaza-Base-Globe-Base	zoom	17-24		21	fontSize	uint32	12
Oaza-Base-Globe-Base	zoom	17-24		23	fontSpec	string	%$default,semibold,width=60
Oaza-Base-Globe-Base	zoom	17-24		29	fontSizeParam	float	4
Oaza-Base-Globe-Base	cond+zoom	0-24	client:135=[1]	25	labelHaloColor	rgba8	rgb(28,38,50) a=230
Ward-Base-Globe-Base	base			24	textColor	rgba8	rgb(247,247,247) a=255
Ward-Base-Globe-Base	base			25	labelHaloColor	rgba8	rgb(28,38,50) a=199
Ward-Base-Globe-Base	zoom	0-10		18	textSizeScale	float	1
Ward-Base-Globe-Base	zoom	0-10		21	fontSize	uint32	12
Ward-Base-Globe-Base	zoom	0-10		23	fontSpec	string	%$default,semibold,width=60
Ward-Base-Globe-Base	zoom	0-10		29	fontSizeParam	float	0.5
Ward-Base-Globe-Base	zoom	10-11		18	textSizeScale	float	1.25
Ward-Base-Globe-Base	zoom	10-11		21	fontSize	uint32	12
Ward-Base-Globe-Base	zoom	10-11		23	fontSpec	string	%$default,medium-G4,width=60
Ward-Base-Globe-Base	zoom	10-11		29	fontSizeParam	float	0.5
Ward-Base-Globe-Base	zoom	11-12		18	textSizeScale	float	1.5
Ward-Base-Globe-Base	zoom	11-12		21	fontSize	uint32	12
Ward-Base-Globe-Base	zoom	11-12		23	fontSpec	string	%$default,medium-G4,width=60
Ward-Base-Globe-Base	zoom	11-12		29	fontSizeParam	float	0.3
Ward-Base-Globe-Base	zoom	12-13		18	textSizeScale	float	1.65
Ward-Base-Globe-Base	zoom	12-13		21	fontSize	uint32	12
Ward-Base-Globe-Base	zoom	12-13		23	fontSpec	string	%$default,semibold,width=60
Ward-Base-Globe-Base	zoom	12-13		29	fontSizeParam	float	0.5
Ward-Base-Globe-Base	zoom	13-14		18	textSizeScale	float	1.75
Ward-Base-Globe-Base	zoom	13-14		21	fontSize	uint32	12
Ward-Base-Globe-Base	zoom	13-14		23	fontSpec	string	%$default,semibold,width=60
Ward-Base-Globe-Base	zoom	13-14		29	fontSizeParam	float	1
Ward-Base-Globe-Base	zoom	14-24		18	textSizeScale	float	1.83
Ward-Base-Globe-Base	zoom	14-24		21	fontSize	uint32	12
Ward-Base-Globe-Base	zoom	14-24		23	fontSpec	string	%$default,semibold,width=60
Ward-Base-Globe-Base	zoom	14-24		29	fontSizeParam	float	2
Ward-Base-Globe-Base	cond+zoom	0-24	client:135=[1]	25	labelHaloColor	rgba8	rgb(28,38,50) a=230
Border-State-Base	zoom	3-4		3	width	float	0.9
Border-State-Base	zoom	3-4		6	strokeWidth	float	0
Border-State-Base	zoom	4-5		3	width	float	0.9
Border-State-Base	zoom	4-5		6	strokeWidth	float	0.1
Border-State-Base	zoom	5-6		3	width	float	0.9
Border-State-Base	zoom	5-6		6	strokeWidth	float	0.25
Border-State-Base	zoom	6-7		3	width	float	1.05
Border-State-Base	zoom	6-7		6	strokeWidth	float	0.5
Border-State-Base	zoom	7-8		3	width	float	1.05
Border-State-Base	zoom	7-8		6	strokeWidth	float	0.5
Border-State-Base	zoom	8-12		3	width	float	1.25
Border-State-Base	zoom	8-12		6	strokeWidth	float	1.1
Border-State-Base	zoom	12-16		3	width	float	1.75
Border-State-Base	zoom	12-16		6	strokeWidth	float	2.25
Border-State-Base	zoom	16-24		3	width	float	1.85
Border-State-Base	zoom	16-24		6	strokeWidth	float	2.55
Border-State-Base	zoom	0-4		1	fillColor	rgba8	rgb(188,188,188) a=255
Border-State-Base	zoom	0-4		2	strokeColor	rgba8	rgb(188,188,188) a=102
Border-State-Base	zoom	4-6		1	fillColor	rgba8	rgb(196,196,196) a=255
Border-State-Base	zoom	4-6		2	strokeColor	rgba8	rgb(196,196,196) a=128
Border-State-Base	zoom	6-8		1	fillColor	rgba8	rgb(200,200,200) a=255
Border-State-Base	zoom	6-8		2	strokeColor	rgba8	rgb(200,200,200) a=153
Border-State-Base	zoom	8-12		1	fillColor	rgba8	rgb(255,255,255) a=255
Border-State-Base	zoom	8-12		2	strokeColor	rgba8	rgb(218,218,218) a=179
Border-State-Base	zoom	12-24		1	fillColor	rgba8	rgb(255,255,255) a=255
Border-State-Base	zoom	12-24		2	strokeColor	rgba8	rgb(224,224,224) a=204
Border-State-Globe-Colors-Base	base			3	width	float	0.45
Border-State-Globe-Colors-Base	base			6	strokeWidth	float	0.0001
Border-State-Globe-Colors-Base	zoom	3-4		3	width	float	0.9
Border-State-Globe-Colors-Base	zoom	4-6		3	width	float	0.9
Border-State-Globe-Colors-Base	zoom	6-24		3	width	float	0.9
Border-State-Globe-Colors-Base	zoom	0-4		1	fillColor	rgba8	rgb(188,188,188) a=255
Border-State-Globe-Colors-Base	zoom	0-4		2	strokeColor	rgba8	rgb(188,188,188) a=102
Border-State-Globe-Colors-Base	zoom	4-6		1	fillColor	rgba8	rgb(196,196,196) a=255
Border-State-Globe-Colors-Base	zoom	4-6		2	strokeColor	rgba8	rgb(196,196,196) a=128
Border-State-Globe-Colors-Base	zoom	6-8		1	fillColor	rgba8	rgb(200,200,200) a=255
Border-State-Globe-Colors-Base	zoom	6-8		2	strokeColor	rgba8	rgb(200,200,200) a=153
Border-State-Globe-Colors-Base	zoom	8-12		1	fillColor	rgba8	rgb(255,255,255) a=255
Border-State-Globe-Colors-Base	zoom	8-12		2	strokeColor	rgba8	rgb(218,218,218) a=179
Border-State-Globe-Colors-Base	zoom	12-24		1	fillColor	rgba8	rgb(255,255,255) a=255
Border-State-Globe-Colors-Base	zoom	12-24		2	strokeColor	rgba8	rgb(224,224,224) a=204
Border-State-Globe-Colors-Base	zoom	0-2		1	fillColor	rgba8	rgb(120,39,109) a=255
Border-State-Globe-Colors-Base	zoom	0-2		2	strokeColor	rgba8	rgb(69,23,63) a=153
Border-State-Globe-Colors-Base	zoom	2-3		1	fillColor	rgba8	rgb(120,39,109) a=255
Border-State-Globe-Colors-Base	zoom	2-3		2	strokeColor	rgba8	rgb(69,23,63) a=153
Border-State-Globe-Colors-Base	zoom	3-4		1	fillColor	rgba8	rgb(102,34,93) a=255
Border-State-Globe-Colors-Base	zoom	3-4		2	strokeColor	rgba8	rgb(69,23,63) a=179
Border-State-Globe-Colors-Base	zoom	4-5		1	fillColor	rgba8	rgb(102,34,93) a=255
Border-State-Globe-Colors-Base	zoom	4-5		2	strokeColor	rgba8	rgb(77,26,70) a=179
Border-State-Globe-Colors-Base	zoom	5-6		1	fillColor	rgba8	rgb(89,30,81) a=255
Border-State-Globe-Colors-Base	zoom	5-6		2	strokeColor	rgba8	rgb(77,26,70) a=179
Border-State-Globe-Colors-Base	zoom	6-7		1	fillColor	rgba8	rgb(77,26,70) a=255
Border-State-Globe-Colors-Base	zoom	6-7		2	strokeColor	rgba8	rgb(77,26,70) a=153
Border-State-Globe-Colors-Base	zoom	7-9		1	fillColor	rgba8	rgb(77,26,70) a=255
Border-State-Globe-Colors-Base	zoom	7-9		2	strokeColor	rgba8	rgb(77,26,70) a=128
Border-State-Globe-Colors-Base	zoom	9-24		1	fillColor	rgba8	rgb(77,26,70) a=255
Border-State-Globe-Colors-Base	zoom	9-24		2	strokeColor	rgba8	rgb(77,26,70) a=102
Border-State-China-Base	base			6	strokeWidth	float	0
Border-State-China-Base	zoom	4-5		3	width	float	0.85
Border-State-China-Base	zoom	5-6		3	width	float	0.85
Border-State-China-Base	zoom	6-7		3	width	float	0.95
Border-State-China-Base	zoom	7-9		3	width	float	1
Border-State-China-Base	zoom	9-24		3	width	float	1.25
Border-State-China-Globe-Base	base			3	width	float	1.5
Border-State-China-Globe-Base	base			6	strokeWidth	float	1
Border-State-China-Globe-Base	zoom	3-4		3	width	float	1
Border-State-China-Globe-Base	zoom	3-4		6	strokeWidth	float	0.2
Border-State-China-Globe-Base	zoom	4-5		6	strokeWidth	float	0.4
Border-State-China-Globe-Base	zoom	5-6		6	strokeWidth	float	0.6
Border-State-China-Globe-Base	zoom	6-9		6	strokeWidth	float	0.8
Border-State-China-Globe-Base	zoom	9-24		6	strokeWidth	float	1
Border-State-China-Globe-Base	zoom	0-2		1	fillColor	rgba8	rgb(239,239,239) a=128
Border-State-China-Globe-Base	zoom	0-2		2	strokeColor	rgba8	rgb(66,66,66) a=230
Border-State-China-Globe-Base	zoom	0-2		6	strokeWidth	float	0.2
Border-State-China-Globe-Base	zoom	2-3		1	fillColor	rgba8	rgb(239,239,239) a=128
Border-State-China-Globe-Base	zoom	2-3		2	strokeColor	rgba8	rgb(66,66,66) a=230
Border-State-China-Globe-Base	zoom	2-3		6	strokeWidth	float	0.4
Border-State-China-Globe-Base	zoom	3-4		1	fillColor	rgba8	rgb(239,239,239) a=140
Border-State-China-Globe-Base	zoom	3-4		2	strokeColor	rgba8	rgb(66,66,66) a=222
Border-State-China-Globe-Base	zoom	3-4		6	strokeWidth	float	0.8
Border-State-China-Globe-Base	zoom	4-6		1	fillColor	rgba8	rgb(239,239,239) a=153
Border-State-China-Globe-Base	zoom	4-6		2	strokeColor	rgba8	rgb(66,66,66) a=212
Border-State-China-Globe-Base	zoom	4-6		6	strokeWidth	float	1.2
Border-State-China-Globe-Base	zoom	6-7		1	fillColor	rgba8	rgb(239,239,239) a=166
Border-State-China-Globe-Base	zoom	6-7		2	strokeColor	rgba8	rgb(66,66,66) a=196
Border-State-China-Globe-Base	zoom	6-7		6	strokeWidth	float	1.4
Border-State-China-Globe-Base	zoom	7-9		1	fillColor	rgba8	rgb(239,239,239) a=179
Border-State-China-Globe-Base	zoom	7-9		2	strokeColor	rgba8	rgb(66,66,66) a=184
Border-State-China-Globe-Base	zoom	7-9		6	strokeWidth	float	1.6
Border-State-China-Globe-Base	zoom	9-24		1	fillColor	rgba8	rgb(239,239,239) a=179
Border-State-China-Globe-Base	zoom	9-24		2	strokeColor	rgba8	rgb(66,66,66) a=184
Border-State-China-Globe-Base	zoom	9-24		6	strokeWidth	float	1.8
Border-State-China-Globe-Base	zoom	0-2		3	width	float	1.25
Border-State-China-Globe-Base	zoom	0-2		6	strokeWidth	float	0
Border-State-China-Globe-Base	zoom	2-3		3	width	float	1.5
Border-State-China-Globe-Base	zoom	2-3		6	strokeWidth	float	0
Border-State-China-Globe-Base	zoom	3-4		3	width	float	1.5
Border-State-China-Globe-Base	zoom	3-4		6	strokeWidth	float	0.2
Border-State-China-Globe-Base	zoom	4-5		3	width	float	1.5
Border-State-China-Globe-Base	zoom	4-5		6	strokeWidth	float	0.2
Border-State-China-Globe-Base	zoom	5-6		3	width	float	1.4
Border-State-China-Globe-Base	zoom	5-6		6	strokeWidth	float	0.2
Border-State-China-Globe-Base	zoom	6-7		3	width	float	1.4
Border-State-China-Globe-Base	zoom	6-7		6	strokeWidth	float	0.2
Border-State-China-Globe-Base	zoom	0-2		1	fillColor	rgba8	rgb(120,39,109) a=255
Border-State-China-Globe-Base	zoom	0-2		2	strokeColor	rgba8	rgb(69,23,63) a=153
Border-State-China-Globe-Base	zoom	2-3		1	fillColor	rgba8	rgb(120,39,109) a=255
Border-State-China-Globe-Base	zoom	2-3		2	strokeColor	rgba8	rgb(69,23,63) a=153
Border-State-China-Globe-Base	zoom	3-4		1	fillColor	rgba8	rgb(102,34,93) a=255
Border-State-China-Globe-Base	zoom	3-4		2	strokeColor	rgba8	rgb(69,23,63) a=179
Border-State-China-Globe-Base	zoom	4-5		1	fillColor	rgba8	rgb(102,34,93) a=255
Border-State-China-Globe-Base	zoom	4-5		2	strokeColor	rgba8	rgb(77,26,70) a=179
Border-State-China-Globe-Base	zoom	5-6		1	fillColor	rgba8	rgb(89,30,81) a=255
Border-State-China-Globe-Base	zoom	5-6		2	strokeColor	rgba8	rgb(77,26,70) a=179
Border-State-China-Globe-Base	zoom	6-7		1	fillColor	rgba8	rgb(77,26,70) a=255
Border-State-China-Globe-Base	zoom	6-7		2	strokeColor	rgba8	rgb(77,26,70) a=153
Border-State-China-Globe-Base	zoom	7-9		1	fillColor	rgba8	rgb(77,26,70) a=255
Border-State-China-Globe-Base	zoom	7-9		2	strokeColor	rgba8	rgb(77,26,70) a=128
Border-State-China-Globe-Base	zoom	9-24		1	fillColor	rgba8	rgb(77,26,70) a=255
Border-State-China-Globe-Base	zoom	9-24		2	strokeColor	rgba8	rgb(77,26,70) a=102
Border-State-China-Globe-Base	zoom	3-4		1	fillColor	rgba8	rgb(94,31,86) a=230
Border-State-China-Globe-Base	zoom	3-4		2	strokeColor	rgba8	rgb(75,0,102) a=179
Border-State-China-Globe-Base	zoom	4-5		1	fillColor	rgba8	rgb(94,31,86) a=230
Border-State-China-Globe-Base	zoom	4-5		2	strokeColor	rgba8	rgb(75,0,102) a=179
Border-State-China-Globe-Base	zoom	5-6		1	fillColor	rgba8	rgb(89,30,81) a=255
Border-State-China-Globe-Base	zoom	5-6		2	strokeColor	rgba8	rgb(77,26,70) a=179
Border-State-China-Globe-Base	zoom	6-7		1	fillColor	rgba8	rgb(77,26,70) a=255
Border-State-China-Globe-Base	zoom	6-7		2	strokeColor	rgba8	rgb(77,26,70) a=153
Border-Country-NonDisputed-Base	zoom	0-2		3	width	float	0.9
Border-Country-NonDisputed-Base	zoom	0-2		6	strokeWidth	float	0
Border-Country-NonDisputed-Base	zoom	2-3		3	width	float	0.9
Border-Country-NonDisputed-Base	zoom	2-3		6	strokeWidth	float	0
Border-Country-NonDisputed-Base	zoom	3-4		3	width	float	0.9
Border-Country-NonDisputed-Base	zoom	3-4		6	strokeWidth	float	0
Border-Country-NonDisputed-Base	zoom	4-5		3	width	float	1.1
Border-Country-NonDisputed-Base	zoom	4-5		6	strokeWidth	float	0.1
Border-Country-NonDisputed-Base	zoom	5-6		3	width	float	1.45
Border-Country-NonDisputed-Base	zoom	5-6		6	strokeWidth	float	0.25
Border-Country-NonDisputed-Base	zoom	6-7		3	width	float	1.55
Border-Country-NonDisputed-Base	zoom	6-7		6	strokeWidth	float	1.35
Border-Country-NonDisputed-Base	zoom	7-8		3	width	float	1.55
Border-Country-NonDisputed-Base	zoom	7-8		6	strokeWidth	float	1.35
Border-Country-NonDisputed-Base	zoom	8-10		3	width	float	1.75
Border-Country-NonDisputed-Base	zoom	8-10		6	strokeWidth	float	1.95
Border-Country-NonDisputed-Base	zoom	10-12		3	width	float	1.95
Border-Country-NonDisputed-Base	zoom	10-12		6	strokeWidth	float	2.1
Border-Country-NonDisputed-Base	zoom	12-14		3	width	float	2.1
Border-Country-NonDisputed-Base	zoom	12-14		6	strokeWidth	float	2.75
Border-Country-NonDisputed-Base	zoom	14-24		3	width	float	2.25
Border-Country-NonDisputed-Base	zoom	14-24		6	strokeWidth	float	3.25
Border-Country-NonDisputed-Colors-Globe	base			2	strokeColor	rgba8	rgb(129,60,81) a=230
Border-Country-NonDisputed-Colors-Globe	base			3	width	float	0
Border-Country-NonDisputed-Colors-Globe	base			6	strokeWidth	float	1e-05
Border-Country-NonDisputed-Colors-Globe	zoom	2-3		3	width	float	1
Border-Country-NonDisputed-Colors-Globe	zoom	3-4		3	width	float	1.2
Border-Country-NonDisputed-Colors-Globe	zoom	4-6		3	width	float	1.5
Border-Country-NonDisputed-Colors-Globe	zoom	6-24		3	width	float	1.65
Border-Country-NonDisputed-Colors-Globe	zoom	0-2		1	fillColor	rgba8	rgb(188,188,188) a=255
Border-Country-NonDisputed-Colors-Globe	zoom	0-2		2	strokeColor	rgba8	rgb(188,188,188) a=102
Border-Country-NonDisputed-Colors-Globe	zoom	2-4		1	fillColor	rgba8	rgb(196,196,196) a=255
Border-Country-NonDisputed-Colors-Globe	zoom	2-4		2	strokeColor	rgba8	rgb(196,196,196) a=128
Border-Country-NonDisputed-Colors-Globe	zoom	4-6		1	fillColor	rgba8	rgb(200,200,200) a=255
Border-Country-NonDisputed-Colors-Globe	zoom	4-6		2	strokeColor	rgba8	rgb(200,200,200) a=153
Border-Country-NonDisputed-Colors-Globe	zoom	6-12		1	fillColor	rgba8	rgb(255,255,255) a=255
Border-Country-NonDisputed-Colors-Globe	zoom	6-12		2	strokeColor	rgba8	rgb(218,218,218) a=179
Border-Country-NonDisputed-Colors-Globe	zoom	12-24		1	fillColor	rgba8	rgb(255,255,255) a=255
Border-Country-NonDisputed-Colors-Globe	zoom	12-24		2	strokeColor	rgba8	rgb(224,224,224) a=204
Border-Country-NonDisputed-Colors-Globe	zoom	0-2		1	fillColor	rgba8	rgb(56,19,51) a=255
Border-Country-NonDisputed-Colors-Globe	zoom	0-2		2	strokeColor	rgba8	rgb(56,19,51) a=102
Border-Country-NonDisputed-Colors-Globe	zoom	2-3		1	fillColor	rgba8	rgb(56,19,51) a=255
Border-Country-NonDisputed-Colors-Globe	zoom	2-3		2	strokeColor	rgba8	rgb(56,19,51) a=128
Border-Country-NonDisputed-Colors-Globe	zoom	3-4		1	fillColor	rgba8	rgb(69,23,63) a=255
Border-Country-NonDisputed-Colors-Globe	zoom	3-4		2	strokeColor	rgba8	rgb(56,19,51) a=140
Border-Country-NonDisputed-Colors-Globe	zoom	4-5		1	fillColor	rgba8	rgb(69,23,63) a=255
Border-Country-NonDisputed-Colors-Globe	zoom	4-5		2	strokeColor	rgba8	rgb(56,19,51) a=153
Border-Country-NonDisputed-Colors-Globe	zoom	5-6		1	fillColor	rgba8	rgb(77,26,70) a=255
Border-Country-NonDisputed-Colors-Globe	zoom	5-6		2	strokeColor	rgba8	rgb(69,23,63) a=179
Border-Country-NonDisputed-Colors-Globe	zoom	6-7		1	fillColor	rgba8	rgb(77,26,70) a=255
Border-Country-NonDisputed-Colors-Globe	zoom	6-7		2	strokeColor	rgba8	rgb(69,23,63) a=191
Border-Country-NonDisputed-Colors-Globe	zoom	7-9		1	fillColor	rgba8	rgb(77,26,70) a=255
Border-Country-NonDisputed-Colors-Globe	zoom	7-9		2	strokeColor	rgba8	rgb(77,26,70) a=179
Border-Country-NonDisputed-Colors-Globe	zoom	9-24		1	fillColor	rgba8	rgb(77,26,70) a=255
Border-Country-NonDisputed-Colors-Globe	zoom	9-24		2	strokeColor	rgba8	rgb(77,26,70) a=204
Border-Country-Disputed-Colors-Globe	base			2	strokeColor	rgba8	rgb(129,60,81) a=230
Border-Country-Disputed-Colors-Globe	base			6	strokeWidth	float	1e-05
Border-Country-Disputed-Colors-Globe	zoom	2-4		6	strokeWidth	float	0.9
Border-Country-Disputed-Colors-Globe	zoom	4-6		6	strokeWidth	float	0.9
Border-Country-Disputed-Colors-Globe	zoom	0-2		1	fillColor	rgba8	rgb(188,188,188) a=102
Border-Country-Disputed-Colors-Globe	zoom	2-4		1	fillColor	rgba8	rgb(196,196,196) a=128
Border-Country-Disputed-Colors-Globe	zoom	4-6		1	fillColor	rgba8	rgb(200,200,200) a=153
Border-Country-Disputed-Colors-Globe	zoom	6-12		1	fillColor	rgba8	rgb(218,218,218) a=179
Border-Country-Disputed-Colors-Globe	zoom	12-24		1	fillColor	rgba8	rgb(224,224,224) a=204
Border-Country-Disputed-Colors-Globe	zoom	0-2		1	fillColor	rgba8	rgb(92,31,83) a=0
Border-Country-Disputed-Colors-Globe	zoom	0-2		2	strokeColor	rgba8	rgb(101,34,102) a=102
Border-Country-Disputed-Colors-Globe	zoom	2-3		1	fillColor	rgba8	rgb(56,19,51) a=128
Border-Country-Disputed-Colors-Globe	zoom	2-3		2	strokeColor	rgba8	rgb(92,31,83) a=102
Border-Country-Disputed-Colors-Globe	zoom	3-4		1	fillColor	rgba8	rgb(69,23,63) a=128
Border-Country-Disputed-Colors-Globe	zoom	3-4		2	strokeColor	rgba8	rgb(69,23,63) a=102
Border-Country-Disputed-Colors-Globe	zoom	4-5		1	fillColor	rgba8	rgb(77,26,70) a=153
Border-Country-Disputed-Colors-Globe	zoom	4-5		2	strokeColor	rgba8	rgb(101,34,102) a=102
Border-Country-Disputed-Colors-Globe	zoom	5-6		1	fillColor	rgba8	rgb(51,17,46) a=153
Border-Country-Disputed-Colors-Globe	zoom	5-6		2	strokeColor	rgba8	rgb(76,26,77) a=102
Border-Country-Disputed-Colors-Globe	zoom	6-7		1	fillColor	rgba8	rgb(51,17,46) a=179
Border-Country-Disputed-Colors-Globe	zoom	6-7		2	strokeColor	rgba8	rgb(76,26,77) a=153
Border-Country-Disputed-Colors-Globe	zoom	7-9		1	fillColor	rgba8	rgb(38,13,35) a=191
Border-Country-Disputed-Colors-Globe	zoom	7-9		2	strokeColor	rgba8	rgb(76,26,77) a=204
Border-Country-Disputed-Colors-Globe	zoom	9-24		1	fillColor	rgba8	rgb(38,13,35) a=230
Border-Country-Disputed-Colors-Globe	zoom	9-24		2	strokeColor	rgba8	rgb(76,26,77) a=204
Border-Country-Disputed-Colors-Globe	cond+zoom	0-3	client:81=[1]	3	width	float	1
Border-Country-Disputed-Colors-Globe	cond+zoom	0-3	client:81=[1]	6	strokeWidth	float	0
Border-Country-Disputed-Colors-Globe	cond+zoom	3-6	client:81=[1]	3	width	float	2
Border-Country-Disputed-Colors-Globe	cond+zoom	3-6	client:81=[1]	6	strokeWidth	float	0
Border-Country-Disputed-Colors-Globe	cond+zoom	6-8	client:81=[1]	3	width	float	2
Border-Country-Disputed-Colors-Globe	cond+zoom	6-8	client:81=[1]	6	strokeWidth	float	0
Border-Country-Disputed-Colors-Globe	cond+zoom	8-12	client:81=[1]	3	width	float	1.5
Border-Country-Disputed-Colors-Globe	cond+zoom	8-12	client:81=[1]	6	strokeWidth	float	0
Border-Country-Disputed-Colors-Globe	cond+zoom	12-24	client:81=[1]	3	width	float	1.5
Border-Country-Disputed-Colors-Globe	cond+zoom	12-24	client:81=[1]	6	strokeWidth	float	0
Country-Border-NonDisputed-China-Base	base			3	width	float	3
Country-Border-NonDisputed-China-Base	base			6	strokeWidth	float	0
Country-Border-NonDisputed-China-Globe-Base	base			2	strokeColor	rgba8	rgb(129,60,81) a=230
Country-Border-NonDisputed-China-Globe-Base	base			6	strokeWidth	float	1.5
Country-Border-NonDisputed-China-Globe-Base	zoom	0-2		1	fillColor	rgba8	rgb(255,255,255) a=153
Country-Border-NonDisputed-China-Globe-Base	zoom	0-2		2	strokeColor	rgba8	rgb(66,66,66) a=230
Country-Border-NonDisputed-China-Globe-Base	zoom	0-2		6	strokeWidth	float	0.2
Country-Border-NonDisputed-China-Globe-Base	zoom	2-3		1	fillColor	rgba8	rgb(255,255,255) a=166
Country-Border-NonDisputed-China-Globe-Base	zoom	2-3		2	strokeColor	rgba8	rgb(66,66,66) a=230
Country-Border-NonDisputed-China-Globe-Base	zoom	2-3		6	strokeWidth	float	0.4
Country-Border-NonDisputed-China-Globe-Base	zoom	3-4		1	fillColor	rgba8	rgb(255,255,255) a=179
Country-Border-NonDisputed-China-Globe-Base	zoom	3-4		2	strokeColor	rgba8	rgb(66,66,66) a=222
Country-Border-NonDisputed-China-Globe-Base	zoom	3-4		6	strokeWidth	float	0.8
Country-Border-NonDisputed-China-Globe-Base	zoom	4-6		1	fillColor	rgba8	rgb(255,255,255) a=191
Country-Border-NonDisputed-China-Globe-Base	zoom	4-6		2	strokeColor	rgba8	rgb(66,66,66) a=212
Country-Border-NonDisputed-China-Globe-Base	zoom	4-6		6	strokeWidth	float	1.2
Country-Border-NonDisputed-China-Globe-Base	zoom	6-7		1	fillColor	rgba8	rgb(255,255,255) a=204
Country-Border-NonDisputed-China-Globe-Base	zoom	6-7		2	strokeColor	rgba8	rgb(66,66,66) a=196
Country-Border-NonDisputed-China-Globe-Base	zoom	6-7		6	strokeWidth	float	1.4
Country-Border-NonDisputed-China-Globe-Base	zoom	7-9		1	fillColor	rgba8	rgb(255,255,255) a=255
Country-Border-NonDisputed-China-Globe-Base	zoom	7-9		2	strokeColor	rgba8	rgb(66,66,66) a=184
Country-Border-NonDisputed-China-Globe-Base	zoom	7-9		6	strokeWidth	float	1.6
Country-Border-NonDisputed-China-Globe-Base	zoom	9-24		1	fillColor	rgba8	rgb(255,255,255) a=255
Country-Border-NonDisputed-China-Globe-Base	zoom	9-24		2	strokeColor	rgba8	rgb(66,66,66) a=184
Country-Border-NonDisputed-China-Globe-Base	zoom	9-24		6	strokeWidth	float	1.8
Country-Border-NonDisputed-China-Globe-Base	zoom	0-2		3	width	float	2
Country-Border-NonDisputed-China-Globe-Base	zoom	0-2		6	strokeWidth	float	0
Country-Border-NonDisputed-China-Globe-Base	zoom	2-3		3	width	float	2
Country-Border-NonDisputed-China-Globe-Base	zoom	2-3		6	strokeWidth	float	0
Country-Border-NonDisputed-China-Globe-Base	zoom	3-4		3	width	float	2.2
Country-Border-NonDisputed-China-Globe-Base	zoom	3-4		6	strokeWidth	float	0
Country-Border-NonDisputed-China-Globe-Base	zoom	4-6		3	width	float	2.5
Country-Border-NonDisputed-China-Globe-Base	zoom	4-6		6	strokeWidth	float	0
Country-Border-NonDisputed-China-Globe-Base	zoom	6-7		3	width	float	2.65
Country-Border-NonDisputed-China-Globe-Base	zoom	6-7		6	strokeWidth	float	0
Country-Border-NonDisputed-China-Globe-Base	zoom	0-2		1	fillColor	rgba8	rgb(56,19,51) a=255
Country-Border-NonDisputed-China-Globe-Base	zoom	0-2		2	strokeColor	rgba8	rgb(56,19,51) a=102
Country-Border-NonDisputed-China-Globe-Base	zoom	2-3		1	fillColor	rgba8	rgb(56,19,51) a=255
Country-Border-NonDisputed-China-Globe-Base	zoom	2-3		2	strokeColor	rgba8	rgb(56,19,51) a=128
Country-Border-NonDisputed-China-Globe-Base	zoom	3-4		1	fillColor	rgba8	rgb(69,23,63) a=255
Country-Border-NonDisputed-China-Globe-Base	zoom	3-4		2	strokeColor	rgba8	rgb(56,19,51) a=140
Country-Border-NonDisputed-China-Globe-Base	zoom	4-5		1	fillColor	rgba8	rgb(69,23,63) a=255
Country-Border-NonDisputed-China-Globe-Base	zoom	4-5		2	strokeColor	rgba8	rgb(56,19,51) a=153
Country-Border-NonDisputed-China-Globe-Base	zoom	5-6		1	fillColor	rgba8	rgb(77,26,70) a=255
Country-Border-NonDisputed-China-Globe-Base	zoom	5-6		2	strokeColor	rgba8	rgb(69,23,63) a=179
Country-Border-NonDisputed-China-Globe-Base	zoom	6-7		1	fillColor	rgba8	rgb(77,26,70) a=255
Country-Border-NonDisputed-China-Globe-Base	zoom	6-7		2	strokeColor	rgba8	rgb(69,23,63) a=191
Country-Border-NonDisputed-China-Globe-Base	zoom	7-9		1	fillColor	rgba8	rgb(77,26,70) a=255
Country-Border-NonDisputed-China-Globe-Base	zoom	7-9		2	strokeColor	rgba8	rgb(77,26,70) a=179
Country-Border-NonDisputed-China-Globe-Base	zoom	9-24		1	fillColor	rgba8	rgb(77,26,70) a=255
Country-Border-NonDisputed-China-Globe-Base	zoom	9-24		2	strokeColor	rgba8	rgb(77,26,70) a=204
Country-Border-NonDisputed-China-Globe-Base	zoom	0-2		1	fillColor	rgba8	rgb(77,26,70) a=255
Country-Border-NonDisputed-China-Globe-Base	zoom	0-2		2	strokeColor	rgba8	rgb(101,0,138) a=102
Country-Border-NonDisputed-China-Globe-Base	zoom	2-3		1	fillColor	rgba8	rgb(77,26,70) a=255
Country-Border-NonDisputed-China-Globe-Base	zoom	2-3		2	strokeColor	rgba8	rgb(101,0,138) a=128
Country-Border-NonDisputed-China-Globe-Base	zoom	3-4		1	fillColor	rgba8	rgb(69,23,63) a=255
Country-Border-NonDisputed-China-Globe-Base	zoom	3-4		2	strokeColor	rgba8	rgb(56,19,51) a=140
Country-Border-NonDisputed-China-Globe-Base	zoom	4-5		1	fillColor	rgba8	rgb(69,23,63) a=255
Country-Border-NonDisputed-China-Globe-Base	zoom	4-5		2	strokeColor	rgba8	rgb(56,19,51) a=153
Country-Border-NonDisputed-China-Globe-Base	zoom	5-6		1	fillColor	rgba8	rgb(77,26,70) a=255
Country-Border-NonDisputed-China-Globe-Base	zoom	5-6		2	strokeColor	rgba8	rgb(69,23,63) a=179
Country-Border-NonDisputed-China-Globe-Base	zoom	6-7		1	fillColor	rgba8	rgb(77,26,70) a=255
Country-Border-NonDisputed-China-Globe-Base	zoom	6-7		2	strokeColor	rgba8	rgb(69,23,63) a=191
Border-LineOfControl-China-Base	zoom	0-2		3	width	float	0.75
Border-LineOfControl-China-Base	zoom	2-4		3	width	float	1
Border-LineOfControl-China-Base	zoom	4-6		3	width	float	1.75
Border-LineOfControl-China-Base	zoom	6-24		3	width	float	2
Border-LineOfControl-China-Globe-Base	base			1	fillColor	rgba8	rgb(69,24,62) a=255
Border-LineOfControl-China-Globe-Base	base			2	strokeColor	rgba8	rgb(153,51,140) a=0
Border-LineOfControl-China-Globe-Base	zoom	0-2		3	width	float	1.1
Border-LineOfControl-China-Globe-Base	zoom	0-2		6	strokeWidth	float	0
Border-LineOfControl-China-Globe-Base	zoom	2-3		3	width	float	1.25
Border-LineOfControl-China-Globe-Base	zoom	2-3		6	strokeWidth	float	0
Border-LineOfControl-China-Globe-Base	zoom	3-4		3	width	float	1.5
Border-LineOfControl-China-Globe-Base	zoom	3-4		6	strokeWidth	float	0
Border-LineOfControl-China-Globe-Base	zoom	4-6		3	width	float	1.7
Border-LineOfControl-China-Globe-Base	zoom	4-6		6	strokeWidth	float	0
Border-LineOfControl-China-Globe-Base	zoom	6-7		3	width	float	1.7
Border-LineOfControl-China-Globe-Base	zoom	6-7		6	strokeWidth	float	0
Border-RegionalLineOfControl-China-Base	zoom	0-2		3	width	float	1
Border-RegionalLineOfControl-China-Base	zoom	0-2		6	strokeWidth	float	0.15
Border-RegionalLineOfControl-China-Base	zoom	2-3		3	width	float	1.25
Border-RegionalLineOfControl-China-Base	zoom	2-3		6	strokeWidth	float	0.25
Border-RegionalLineOfControl-China-Base	zoom	3-4		3	width	float	1.25
Border-RegionalLineOfControl-China-Base	zoom	3-4		6	strokeWidth	float	1.25
Border-RegionalLineOfControl-China-Base	zoom	4-6		3	width	float	1.25
Border-RegionalLineOfControl-China-Base	zoom	4-6		6	strokeWidth	float	1.25
Border-RegionalLineOfControl-China-Base	zoom	6-7		3	width	float	1.25
Border-RegionalLineOfControl-China-Base	zoom	6-7		6	strokeWidth	float	1.25
Border-RegionalLineOfControl-China-Base	zoom	7-24		3	width	float	1.5
Border-RegionalLineOfControl-China-Base	zoom	7-24		6	strokeWidth	float	2.25
Border-RegionalLineOfControl-China-Globe-Base	base			1	fillColor	rgba8	rgb(69,24,62) a=255
Border-RegionalLineOfControl-China-Globe-Base	base			2	strokeColor	rgba8	rgb(153,51,140) a=0
Border-RegionalLineOfControl-China-Globe-Base	zoom	0-3		2	strokeColor	rgba8	rgb(104,95,95) a=255
Border-RegionalLineOfControl-China-Globe-Base	zoom	3-4		2	strokeColor	rgba8	rgb(124,114,115) a=255
Border-RegionalLineOfControl-China-Globe-Base	zoom	0-2		3	width	float	1.5
Border-RegionalLineOfControl-China-Globe-Base	zoom	0-2		6	strokeWidth	float	0
Border-RegionalLineOfControl-China-Globe-Base	zoom	2-3		3	width	float	1.75
Border-RegionalLineOfControl-China-Globe-Base	zoom	2-3		6	strokeWidth	float	0
Border-RegionalLineOfControl-China-Globe-Base	zoom	3-4		3	width	float	1.75
Border-RegionalLineOfControl-China-Globe-Base	zoom	3-4		6	strokeWidth	float	0
Border-RegionalLineOfControl-China-Globe-Base	zoom	4-6		3	width	float	1.5
Border-RegionalLineOfControl-China-Globe-Base	zoom	4-6		6	strokeWidth	float	0
Border-RegionalLineOfControl-China-Globe-Base	zoom	6-7		3	width	float	1.5
Border-RegionalLineOfControl-China-Globe-Base	zoom	6-7		6	strokeWidth	float	0
Border-CeaseFire-China-Base	base			3	width	float	1.25
Border-CeaseFire-China-Base	zoom	0-5		3	width	float	1.2
Border-CeaseFire-China-Base	zoom	5-24		3	width	float	1.45
Border-CeaseFire-China-Globe-Base	base			1	fillColor	rgba8	rgb(69,24,62) a=255
Border-CeaseFire-China-Globe-Base	base			2	strokeColor	rgba8	rgb(153,51,140) a=0
Border-CeaseFire-China-Globe-Base	base			3	width	float	1.5
Border-CeaseFire-China-Globe-Base	base			6	strokeWidth	float	1
Border-CeaseFire-China-Globe-Base	zoom	0-2		3	width	float	1.5
Border-CeaseFire-China-Globe-Base	zoom	0-2		6	strokeWidth	float	0
Border-CeaseFire-China-Globe-Base	zoom	2-3		3	width	float	1.75
Border-CeaseFire-China-Globe-Base	zoom	2-3		6	strokeWidth	float	0
Border-CeaseFire-China-Globe-Base	zoom	3-4		3	width	float	1.75
Border-CeaseFire-China-Globe-Base	zoom	3-4		6	strokeWidth	float	0
Border-CeaseFire-China-Globe-Base	zoom	4-6		3	width	float	1.5
Border-CeaseFire-China-Globe-Base	zoom	4-6		6	strokeWidth	float	0
Border-CeaseFire-China-Globe-Base	zoom	6-7		3	width	float	1.5
Border-CeaseFire-China-Globe-Base	zoom	6-7		6	strokeWidth	float	0
Border-Admin1Region-China-Globe-Base	zoom	0-2		1	fillColor	rgba8	rgb(112,28,66) a=0
Border-Admin1Region-China-Globe-Base	zoom	2-3		1	fillColor	rgba8	rgb(112,28,66) a=51
Border-Admin1Region-China-Globe-Base	zoom	3-4		1	fillColor	rgba8	rgb(112,28,66) a=102
Border-Admin1Region-China-Globe-Base	zoom	4-24		1	fillColor	rgba8	rgb(112,28,66) a=166
Border-Admin1Region-China-Globe-Base	zoom	0-2		3	width	float	1.25
Border-Admin1Region-China-Globe-Base	zoom	0-2		6	strokeWidth	float	0
Border-Admin1Region-China-Globe-Base	zoom	2-3		3	width	float	1.5
Border-Admin1Region-China-Globe-Base	zoom	2-3		6	strokeWidth	float	0
Border-Admin1Region-China-Globe-Base	zoom	3-4		3	width	float	1.5
Border-Admin1Region-China-Globe-Base	zoom	3-4		6	strokeWidth	float	0.2
Border-Admin1Region-China-Globe-Base	zoom	4-5		3	width	float	1.5
Border-Admin1Region-China-Globe-Base	zoom	4-5		6	strokeWidth	float	0.2
Border-Admin1Region-China-Globe-Base	zoom	5-6		3	width	float	1.4
Border-Admin1Region-China-Globe-Base	zoom	5-6		6	strokeWidth	float	0.4
Border-Admin1Region-China-Globe-Base	zoom	6-7		3	width	float	1.4
Border-Admin1Region-China-Globe-Base	zoom	6-7		6	strokeWidth	float	0.6
Border-Admin1Region-China-Globe-Base	zoom	0-2		1	fillColor	rgba8	rgb(120,39,109) a=255
Border-Admin1Region-China-Globe-Base	zoom	0-2		2	strokeColor	rgba8	rgb(69,23,63) a=153
Border-Admin1Region-China-Globe-Base	zoom	2-3		1	fillColor	rgba8	rgb(120,39,109) a=255
Border-Admin1Region-China-Globe-Base	zoom	2-3		2	strokeColor	rgba8	rgb(69,23,63) a=153
Border-Admin1Region-China-Globe-Base	zoom	3-4		1	fillColor	rgba8	rgb(102,34,93) a=255
Border-Admin1Region-China-Globe-Base	zoom	3-4		2	strokeColor	rgba8	rgb(69,23,63) a=179
Border-Admin1Region-China-Globe-Base	zoom	4-5		1	fillColor	rgba8	rgb(102,34,93) a=255
Border-Admin1Region-China-Globe-Base	zoom	4-5		2	strokeColor	rgba8	rgb(77,26,70) a=179
Border-Admin1Region-China-Globe-Base	zoom	5-6		1	fillColor	rgba8	rgb(89,30,81) a=255
Border-Admin1Region-China-Globe-Base	zoom	5-6		2	strokeColor	rgba8	rgb(77,26,70) a=179
Border-Admin1Region-China-Globe-Base	zoom	6-7		1	fillColor	rgba8	rgb(77,26,70) a=255
Border-Admin1Region-China-Globe-Base	zoom	6-7		2	strokeColor	rgba8	rgb(77,26,70) a=153
Border-Admin1Region-China-Globe-Base	zoom	7-9		1	fillColor	rgba8	rgb(77,26,70) a=255
Border-Admin1Region-China-Globe-Base	zoom	7-9		2	strokeColor	rgba8	rgb(77,26,70) a=128
Border-Admin1Region-China-Globe-Base	zoom	9-24		1	fillColor	rgba8	rgb(77,26,70) a=255
Border-Admin1Region-China-Globe-Base	zoom	9-24		2	strokeColor	rgba8	rgb(77,26,70) a=102
Border-Admin1Region-China-Globe-Base	zoom	3-4		1	fillColor	rgba8	rgb(94,31,86) a=230
Border-Admin1Region-China-Globe-Base	zoom	3-4		2	strokeColor	rgba8	rgb(75,0,102) a=179
Border-Admin1Region-China-Globe-Base	zoom	4-5		1	fillColor	rgba8	rgb(94,31,86) a=230
Border-Admin1Region-China-Globe-Base	zoom	4-5		2	strokeColor	rgba8	rgb(75,0,102) a=179
Border-Admin1Region-China-Globe-Base	zoom	5-6		1	fillColor	rgba8	rgb(89,30,81) a=255
Border-Admin1Region-China-Globe-Base	zoom	5-6		2	strokeColor	rgba8	rgb(77,26,70) a=179
Border-Admin1Region-China-Globe-Base	zoom	6-7		1	fillColor	rgba8	rgb(77,26,70) a=255
Border-Admin1Region-China-Globe-Base	zoom	6-7		2	strokeColor	rgba8	rgb(77,26,70) a=153
Continent-PointLabel-Base	base			21	fontSize	uint32	8
Continent-PointLabel-Base	base			23	fontSpec	string	%$default,semibold,width=90
Continent-PointLabel-Base	cond		client:37=[1] & client:TimePeriod=[0]	18	textSizeScale	float	1
Continent-PointLabel-Base	cond		client:37=[1] & client:TimePeriod=[0]	24	textColor	rgba8	rgb(0,0,0) a=255
Continent-PointLabel-Base	cond		client:37=[1] & client:TimePeriod=[0]	25	labelHaloColor	rgba8	rgb(248,248,246) a=255
Continent-PointLabel-Base	cond		client:37=[1] & client:TimePeriod=[1]	24	textColor	rgba8	rgb(227,236,249) a=255
Continent-PointLabel-Base	cond		client:37=[1] & client:TimePeriod=[1]	25	labelHaloColor	rgba8	rgb(19,21,26) a=128
Continent-PointLabel-Base	cond		client:37=[1]	23	fontSpec	string	%$default,bold,width=90
Continent-PointLabel-Base	cond+zoom	0-24	client:34=[0] & client:51=[2, 1] & client:TimePeriod=[0]	24	textColor	rgba8	rgb(183,146,150) a=255
Continent-PointLabel-Base	cond+zoom	0-24	client:34=[0] & client:51=[2, 1] & client:TimePeriod=[1]	24	textColor	rgba8	rgb(196,190,193) a=128
Continent-PointLabel-Cased-Language-Base	zoom	0-2		29	fontSizeParam	float	5
Continent-PointLabel-Cased-Language-Base	zoom	2-3		29	fontSizeParam	float	5
Continent-PointLabel-Cased-Language-Base	zoom	3-24		29	fontSizeParam	float	5
Continent-PointLabel-Globe	base			18	textSizeScale	float	1.2
Continent-PointLabel-Globe	base			23	fontSpec	string	%$default,semibold,width=80
Continent-PointLabel-Globe	base			24	textColor	rgba8	rgb(237,232,235) a=250
Continent-PointLabel-Globe	base			25	labelHaloColor	rgba8	rgb(22,0,8) a=217
Continent-PointLabel-Globe	base			29	fontSizeParam	float	0.45
Continent-PointLabel-Globe	zoom	8-11		18	textSizeScale	float	1.83
Continent-PointLabel-Globe	zoom	11-24		18	textSizeScale	float	2.2
Continent-PointLabel-Globe	cond		client:37=[1]	18	textSizeScale	float	1.83
Continent-PointLabel-Globe	cond		client:37=[1]	24	textColor	rgba8	rgb(255,255,255) a=255
Continent-PointLabel-Globe	cond		client:37=[1]	25	labelHaloColor	rgba8	rgb(0,0,0) a=230
Continent-PointLabel-Globe	cond		feature:TransitAgency=[3] & client:37=[0]	25	labelHaloColor	rgba8	rgb(21,25,31) a=128
Continent-PointLabel-Globe	cond+zoom	0-24	feature:TransitAgency=[3] & client:37=[0]	24	textColor	rgba8	rgb(227,66,96) a=255
Continent-PointLabel-Globe	cond+zoom	0-26	client:34=[0] & client:51=[2, 1] & client:TimePeriod=[0]	24	textColor	rgba8	rgb(255,255,255) a=128
Country-Label-Base	base			18	textSizeScale	float	0.5
Country-Label-Base	base			21	fontSize	uint32	10
Country-Label-Base	base			23	fontSpec	string	%$default,bold-G3,width=80
Country-Label-Base	base			25	labelHaloColor	rgba8	rgb(248,248,246) a=204
Country-Label-Base	base			29	fontSizeParam	float	0.5
Country-Label-Base	zoom	0-4		24	textColor	rgba8	rgb(149,94,142) a=255
Country-Label-Base	zoom	4-5		24	textColor	rgba8	rgb(139,71,110) a=255
Country-Label-Base	zoom	5-24		24	textColor	rgba8	rgb(124,54,95) a=255
Country-Label-Base	cond		client:37=[1] & client:TimePeriod=[0]	18	textSizeScale	float	1
Country-Label-Base	cond		client:37=[1] & client:TimePeriod=[0]	24	textColor	rgba8	rgb(0,0,0) a=255
Country-Label-Base	cond		client:37=[1] & client:TimePeriod=[0]	25	labelHaloColor	rgba8	rgb(248,248,246) a=255
Country-Label-Base	cond+zoom	0-24	client:34=[0] & client:51=[2, 1] & client:TimePeriod=[0]	24	textColor	rgba8	rgb(183,146,150) a=255
Country-Label-Base	cond+zoom	0-24	client:34=[0] & client:51=[2, 1] & client:TimePeriod=[1]	24	textColor	rgba8	rgb(196,190,193) a=128
Country-Label-Base	cond		client:135=[1]	18	textSizeScale	float	1.05
Country-Label-Extra-Large-Base	base			21	fontSize	uint32	15
Country-Label-Extra-Large-Base	zoom	0-3		29	fontSizeParam	float	0
Country-Label-Extra-Large-Base	zoom	3-4		29	fontSizeParam	float	0.5
Country-Label-Extra-Large-Base	zoom	4-5		29	fontSizeParam	float	0.5
Country-Label-Extra-Large-Base	zoom	5-24		29	fontSizeParam	float	0.5
Country-Label-Extra-Large-Base	cond		feature:TransitAgency=[3]	29	fontSizeParam	float	0.2
Country-Label-Extra-Large-Base	cond		feature:TransitAgency=[3] & feature:PoiType=[441, 442]	23	fontSpec	string	%$default,semibold-G3,width=80
Country-Label-Extra-Large-Base	cond		feature:TransitAgency=[3] & feature:PoiType=[441, 442]	29	fontSizeParam	float	0.2
Country-Label-Large-Base	zoom	3-4		29	fontSizeParam	float	0.5
Country-Label-Large-Base	zoom	4-5		29	fontSizeParam	float	0.5
Country-Label-Large-Base	zoom	5-6		29	fontSizeParam	float	0.5
Country-Label-Large-Base	zoom	6-7		29	fontSizeParam	float	0.5
Country-Label-Large-Base	zoom	7-24		29	fontSizeParam	float	0.5
Country-Label-Medium-Base	zoom	0-3		29	fontSizeParam	float	0
Country-Label-Medium-Base	zoom	3-4		29	fontSizeParam	float	0.5
Country-Label-Medium-Base	zoom	4-5		29	fontSizeParam	float	0.5
Country-Label-Medium-Base	zoom	5-6		29	fontSizeParam	float	0.5
Country-Label-Medium-Base	zoom	6-7		29	fontSizeParam	float	0.5
Country-Label-Medium-Base	zoom	7-24		29	fontSizeParam	float	0.5
Country-Label-Small-Base	zoom	0-3		29	fontSizeParam	float	0
Country-Label-Small-Base	zoom	3-4		29	fontSizeParam	float	0.5
Country-Label-Small-Base	zoom	4-5		29	fontSizeParam	float	0.5
Country-Label-Small-Base	zoom	5-6		29	fontSizeParam	float	0.5
Country-Label-Small-Base	zoom	6-7		29	fontSizeParam	float	0.5
Country-Label-Small-Base	zoom	7-24		29	fontSizeParam	float	0.5
Country-Label-ExtraSmall-Base	zoom	5-9		29	fontSizeParam	float	0.5
Country-Label-ExtraSmall-Base	zoom	9-24		29	fontSizeParam	float	0.5
Country-Label-Globe-Base	base			18	textSizeScale	float	1.2
Country-Label-Globe-Base	base			23	fontSpec	string	%$default,semibold,width=80
Country-Label-Globe-Base	base			24	textColor	rgba8	rgb(237,232,235) a=250
Country-Label-Globe-Base	base			25	labelHaloColor	rgba8	rgb(22,0,8) a=217
Country-Label-Globe-Base	base			29	fontSizeParam	float	0.45
Country-Label-Globe-Base	zoom	8-11		18	textSizeScale	float	1.83
Country-Label-Globe-Base	zoom	11-24		18	textSizeScale	float	2.2
Country-Label-Globe-Base	cond		client:37=[1]	18	textSizeScale	float	1.83
Country-Label-Globe-Base	cond		client:37=[1]	24	textColor	rgba8	rgb(255,255,255) a=255
Country-Label-Globe-Base	cond		client:37=[1]	25	labelHaloColor	rgba8	rgb(0,0,0) a=230
Country-Label-Globe-Base	cond+zoom	0-26	client:34=[0] & client:51=[2, 1] & client:TimePeriod=[0]	24	textColor	rgba8	rgb(255,255,255) a=128
Country-Label-Globe-Autonavi-Base	base			25	labelHaloColor	rgba8	rgb(21,25,31) a=128
Country-Label-Globe-Autonavi-Base	zoom	0-24		24	textColor	rgba8	rgb(227,66,96) a=255
Country-Label-Globe-Autonavi-Base	cond		feature:PoiType=[441, 442]	25	labelHaloColor	rgba8	rgb(21,25,31) a=128
Country-Label-Globe-Autonavi-Base	cond+zoom	0-24	feature:PoiType=[441, 442]	24	textColor	rgba8	rgb(219,87,107) a=255
Country-Label-Globe-Autonavi-Base	cond		feature:PoiType=[441, 442] & client:37=[1]	24	textColor	rgba8	rgb(227,236,249) a=255
Country-Label-Globe-Autonavi-Base	cond		feature:PoiType=[441, 442] & client:37=[1]	25	labelHaloColor	rgba8	rgb(19,21,26) a=128
Country-Label-Globe-Autonavi-Base	cond		client:135=[1]	25	labelHaloColor	rgba8	rgb(21,25,31) a=230
State-Label-Base	base			18	textSizeScale	float	0.5
State-Label-Base	base			21	fontSize	uint32	10
State-Label-Base	base			23	fontSpec	string	%$default,semibold,width=90
State-Label-Base	base			24	textColor	rgba8	rgb(124,54,95) a=255
State-Label-Base	base			25	labelHaloColor	rgba8	rgb(248,248,246) a=204
State-Label-Base	base			29	fontSizeParam	float	0
State-Label-Base	cond		client:37=[1]	18	textSizeScale	float	1
State-Label-Base	cond		client:37=[1]	24	textColor	rgba8	rgb(0,0,0) a=255
State-Label-Base	cond		client:37=[1]	25	labelHaloColor	rgba8	rgb(248,248,246) a=255
State-Label-Base	cond+zoom	0-24	client:34=[0] & client:51=[2, 1] & client:TimePeriod=[0]	24	textColor	rgba8	rgb(183,146,150) a=255
State-Label-Base	cond+zoom	0-24	client:34=[0] & client:51=[2, 1] & client:TimePeriod=[1]	24	textColor	rgba8	rgb(196,190,193) a=128
State-Label-Extra-Large-Base	zoom	6-24		29	fontSizeParam	float	0.35
State-Label-Large-Base	zoom	6-24		29	fontSizeParam	float	0.45
State-Label-Medium-Base	zoom	6-24		29	fontSizeParam	float	0.5
State-Label-Small-Base	zoom	7-24		29	fontSizeParam	float	0.5
State-Label-ExtraSmall-Base	zoom	8-24		29	fontSizeParam	float	0.5
State-Label-Globe-Base	base			18	textSizeScale	float	1.2
State-Label-Globe-Base	base			23	fontSpec	string	%$default,semibold,width=80
State-Label-Globe-Base	base			24	textColor	rgba8	rgb(237,232,235) a=250
State-Label-Globe-Base	base			25	labelHaloColor	rgba8	rgb(22,0,8) a=217
State-Label-Globe-Base	base			29	fontSizeParam	float	0.45
State-Label-Globe-Base	zoom	8-11		18	textSizeScale	float	1.83
State-Label-Globe-Base	zoom	11-24		18	textSizeScale	float	2.2
State-Label-Globe-Base	cond		client:37=[1]	18	textSizeScale	float	1.83
State-Label-Globe-Base	cond		client:37=[1]	24	textColor	rgba8	rgb(255,255,255) a=255
State-Label-Globe-Base	cond		client:37=[1]	25	labelHaloColor	rgba8	rgb(0,0,0) a=230
State-Label-Globe-Base	cond+zoom	0-24	client:135=[1]	25	labelHaloColor	rgba8	rgb(28,38,50) a=230
State-Label-Globe-Base	cond+zoom	0-26	client:34=[0] & client:51=[2, 1] & client:TimePeriod=[0]	24	textColor	rgba8	rgb(255,255,255) a=128
Rivers-Line-Base	base			3	width	float	1.5
Rivers-Line-Base	zoom	12-14		3	width	float	2.1
Rivers-Line-Base	zoom	14-15		3	width	float	2.5
Rivers-Line-Base	zoom	15-17		3	width	float	2.75
Rivers-Line-Base	zoom	17-24		3	width	float	4
Rivers-Line-Base	cond		feature:RoadHierarchyClass=[1]	1	fillColor	rgba8	rgb(255,255,255) a=0
Rivers-Line-Base	cond		feature:RoadHierarchyClass=[1]	2	strokeColor	rgba8	rgb(255,255,255) a=0
Rivers-Line-Base	cond		feature:RoadHierarchyClass=[1]	3	width	float	0
Rivers-Line-Base	cond		feature:RoadHierarchyClass=[2] & feature:Country=[10]	1	fillColor	rgba8	rgb(255,255,255) a=0
Rivers-Line-Base	cond		feature:RoadHierarchyClass=[2] & feature:Country=[10]	2	strokeColor	rgba8	rgb(255,255,255) a=0
Rivers-Line-Base	cond		feature:RoadHierarchyClass=[2] & feature:Country=[10]	3	width	float	0
Rivers-Label-Base	base			18	textSizeScale	float	1
Rivers-Label-Base	base			23	fontSpec	string	%$default,medium,italic
Rivers-Label-Base	base			29	fontSizeParam	float	1
Rivers-Label-Base	cond		feature:LineType=[30]	1	fillColor	rgba8	rgb(255,255,255) a=0
Rivers-Label-Base	cond		feature:LineType=[30]	2	strokeColor	rgba8	rgb(255,255,255) a=0
Rivers-Label-Base	cond		feature:LineType=[30]	3	width	float	0
Rivers-ExtraExtraLarge-Base	zoom	2-4		3	width	float	0.9
Rivers-ExtraExtraLarge-Base	zoom	4-5		3	width	float	1
Rivers-ExtraExtraLarge-Base	zoom	5-6		3	width	float	1.1
Rivers-ExtraExtraLarge-Base	zoom	6-12		3	width	float	1.3
Rivers-ExtraLarge-Base	zoom	2-4		3	width	float	0.7
Rivers-ExtraLarge-Base	zoom	4-5		3	width	float	0.8
Rivers-ExtraLarge-Base	zoom	5-6		3	width	float	1
Rivers-ExtraLarge-Base	zoom	6-12		3	width	float	1.3
Rivers-Large-Base	zoom	2-4		3	width	float	0.6
Rivers-Large-Base	zoom	4-5		3	width	float	0.8
Rivers-Large-Base	zoom	5-6		3	width	float	1
Rivers-Large-Base	zoom	6-8		3	width	float	1.1
Rivers-Large-Base	zoom	8-12		3	width	float	1.3
Rivers-Medium-Base	zoom	4-5		3	width	float	0.7
Rivers-Medium-Base	zoom	5-6		3	width	float	0.8
Rivers-Medium-Base	zoom	6-8		3	width	float	0.9
Rivers-Medium-Base	zoom	8-10		3	width	float	1.2
Rivers-Medium-Base	zoom	10-12		3	width	float	1.3
Rivers-Small-Base	zoom	5-6		3	width	float	0.7
Rivers-Small-Base	zoom	6-8		3	width	float	0.9
Rivers-Small-Base	zoom	8-10		3	width	float	1.1
Rivers-Small-Base	zoom	10-12		3	width	float	1.1
Rivers-ExtraSmall-Base	zoom	6-8		3	width	float	0.7
Rivers-ExtraSmall-Base	zoom	8-10		3	width	float	0.8
Rivers-ExtraSmall-Base	zoom	10-12		3	width	float	1
Rivers-ExtraExtraSmall-Base	zoom	8-10		3	width	float	0.8
Rivers-ExtraExtraSmall-Base	zoom	10-12		3	width	float	1
Rivers-ExtraExtraSmall-Base	cond+zoom	0-8	feature:TransitAgency=[3]	3	width	float	0.8
Rivers-Light-Flat-Base	base			24	textColor	rgba8	rgb(72,146,212) a=255
Rivers-Light-Flat-Base	base			25	labelHaloColor	rgba8	rgb(249,245,237) a=127
Rivers-Light-Flat-Base	zoom	0-4		1	fillColor	rgba8	rgb(141,213,246) a=255
Rivers-Light-Flat-Base	zoom	4-5		1	fillColor	rgba8	rgb(136,217,246) a=255
Rivers-Light-Flat-Base	zoom	5-24		1	fillColor	rgba8	rgb(141,220,247) a=255
Rivers-Dark-Flat-Base	zoom	0-6		24	textColor	rgba8	rgb(77,138,203) a=255
Rivers-Dark-Flat-Base	zoom	6-12		24	textColor	rgba8	rgb(69,133,201) a=255
Rivers-Dark-Flat-Base	zoom	12-13		24	textColor	rgba8	rgb(57,125,198) a=255
Rivers-Dark-Flat-Base	zoom	13-24		24	textColor	rgba8	rgb(55,120,190) a=255
Rivers-Dark-Flat-Base	zoom	0-12		25	labelHaloColor	rgba8	rgb(23,43,94) a=255
Rivers-Dark-Flat-Base	zoom	12-24		25	labelHaloColor	rgba8	rgb(25,43,87) a=255
Rivers-Dark-Flat-Base	zoom	0-6		1	fillColor	rgba8	rgb(33,57,130) a=255
Rivers-Dark-Flat-Base	zoom	6-12		1	fillColor	rgba8	rgb(33,57,130) a=255
Rivers-Dark-Flat-Base	zoom	12-13		1	fillColor	rgba8	rgb(31,54,122) a=255
Rivers-Dark-Flat-Base	zoom	13-14		1	fillColor	rgba8	rgb(31,54,122) a=255
Rivers-Dark-Flat-Base	zoom	14-24		1	fillColor	rgba8	rgb(31,54,122) a=255
Rivers-Light-Elevated-Base	base			24	textColor	rgba8	rgb(72,146,212) a=255
Rivers-Light-Elevated-Base	base			25	labelHaloColor	rgba8	rgb(249,245,237) a=127
Rivers-Light-Elevated-Base	zoom	0-4		1	fillColor	rgba8	rgb(141,213,246) a=255
Rivers-Light-Elevated-Base	zoom	4-5		1	fillColor	rgba8	rgb(136,217,246) a=255
Rivers-Light-Elevated-Base	zoom	5-24		1	fillColor	rgba8	rgb(141,220,247) a=255
Rivers-Light-Elevated-Base	cond		client:MapMode=[3]	24	textColor	rgba8	rgb(127,172,212) a=255
Rivers-Light-Elevated-Base	cond		client:MapMode=[3]	25	labelHaloColor	rgba8	rgb(249,245,237) a=127
Rivers-Light-Elevated-Base	cond+zoom	12-15	client:MapMode=[3]	1	fillColor	rgba8	rgb(174,225,245) a=230
Rivers-Light-Elevated-Base	cond+zoom	15-24	client:MapMode=[3]	1	fillColor	rgba8	rgb(16,58,177) a=0
Rivers-Dark-Elevated-Base	zoom	0-6		24	textColor	rgba8	rgb(77,138,203) a=255
Rivers-Dark-Elevated-Base	zoom	6-12		24	textColor	rgba8	rgb(69,133,201) a=255
Rivers-Dark-Elevated-Base	zoom	12-13		24	textColor	rgba8	rgb(57,125,198) a=255
Rivers-Dark-Elevated-Base	zoom	13-24		24	textColor	rgba8	rgb(55,120,190) a=255
Rivers-Dark-Elevated-Base	zoom	0-12		25	labelHaloColor	rgba8	rgb(23,43,94) a=255
Rivers-Dark-Elevated-Base	zoom	12-24		25	labelHaloColor	rgba8	rgb(25,43,87) a=255
Rivers-Dark-Elevated-Base	zoom	0-6		1	fillColor	rgba8	rgb(33,57,130) a=255
Rivers-Dark-Elevated-Base	zoom	6-12		1	fillColor	rgba8	rgb(33,57,130) a=255
Rivers-Dark-Elevated-Base	zoom	12-13		1	fillColor	rgba8	rgb(31,54,122) a=255
Rivers-Dark-Elevated-Base	zoom	13-14		1	fillColor	rgba8	rgb(31,54,122) a=255
Rivers-Dark-Elevated-Base	zoom	14-24		1	fillColor	rgba8	rgb(31,54,122) a=255
Rivers-Dark-Elevated-Base	cond+zoom	0-6	client:MapMode=[3]	24	textColor	rgba8	rgb(77,138,203) a=255
Rivers-Dark-Elevated-Base	cond+zoom	6-12	client:MapMode=[3]	24	textColor	rgba8	rgb(69,133,201) a=255
Rivers-Dark-Elevated-Base	cond+zoom	12-13	client:MapMode=[3]	24	textColor	rgba8	rgb(57,125,198) a=255
Rivers-Dark-Elevated-Base	cond+zoom	13-24	client:MapMode=[3]	24	textColor	rgba8	rgb(55,120,190) a=255
Rivers-Dark-Elevated-Base	cond+zoom	0-12	client:MapMode=[3]	25	labelHaloColor	rgba8	rgb(23,43,94) a=255
Rivers-Dark-Elevated-Base	cond+zoom	12-24	client:MapMode=[3]	25	labelHaloColor	rgba8	rgb(25,43,87) a=255
Rivers-Dark-Elevated-Base	cond+zoom	0-6	client:MapMode=[3]	1	fillColor	rgba8	rgb(33,57,130) a=255
Rivers-Dark-Elevated-Base	cond+zoom	6-12	client:MapMode=[3]	1	fillColor	rgba8	rgb(33,57,130) a=255
Rivers-Dark-Elevated-Base	cond+zoom	12-13	client:MapMode=[3]	1	fillColor	rgba8	rgb(31,54,122) a=255
Rivers-Dark-Elevated-Base	cond+zoom	13-14	client:MapMode=[3]	1	fillColor	rgba8	rgb(31,54,122) a=255
Rivers-Dark-Elevated-Base	cond+zoom	14-24	client:MapMode=[3]	1	fillColor	rgba8	rgb(31,54,122) a=255
Rivers-Dark-Elevated-Base	cond+zoom	15-24	client:MapMode=[3]	1	fillColor	rgba8	rgb(31,54,122) a=0
Rivers-Light-Muted-Flat-Base	base			1	fillColor	rgba8	rgb(189,232,249) a=255
Rivers-Light-Muted-Flat-Base	base			24	textColor	rgba8	rgb(67,156,191) a=255
Rivers-Light-Muted-Flat-Base	base			25	labelHaloColor	rgba8	rgb(249,245,237) a=127
Rivers-Dark-Muted-Flat-Base	zoom	0-6		24	textColor	rgba8	rgb(74,107,165) a=255
Rivers-Dark-Muted-Flat-Base	zoom	0-6		25	labelHaloColor	rgba8	rgb(25,43,97) a=255
Rivers-Dark-Muted-Flat-Base	zoom	6-12		24	textColor	rgba8	rgb(71,103,158) a=255
Rivers-Dark-Muted-Flat-Base	zoom	6-12		25	labelHaloColor	rgba8	rgb(21,36,81) a=255
Rivers-Dark-Muted-Flat-Base	zoom	12-14		24	textColor	rgba8	rgb(66,96,147) a=255
Rivers-Dark-Muted-Flat-Base	zoom	12-14		25	labelHaloColor	rgba8	rgb(19,32,73) a=255
Rivers-Dark-Muted-Flat-Base	zoom	14-24		24	textColor	rgba8	rgb(62,89,136) a=255
Rivers-Dark-Muted-Flat-Base	zoom	14-24		25	labelHaloColor	rgba8	rgb(19,32,73) a=255
Rivers-Dark-Muted-Flat-Base	zoom	0-6		1	fillColor	rgba8	rgb(25,43,97) a=255
Rivers-Dark-Muted-Flat-Base	zoom	0-6		18	textSizeScale	float	0.25
Rivers-Dark-Muted-Flat-Base	zoom	6-12		1	fillColor	rgba8	rgb(25,43,97) a=255
Rivers-Dark-Muted-Flat-Base	zoom	6-12		18	textSizeScale	float	0.75
Rivers-Dark-Muted-Flat-Base	zoom	12-14		1	fillColor	rgba8	rgb(23,40,89) a=255
Rivers-Dark-Muted-Flat-Base	zoom	14-24		1	fillColor	rgba8	rgb(23,40,89) a=255
Rivers-Light-Driving-Flat-Base	zoom	0-24		1	fillColor	rgba8	rgb(163,222,245) a=255
Rivers-Light-Driving-Flat-Base	zoom	0-24		24	textColor	rgba8	rgb(72,146,212) a=255
Rivers-Light-Driving-Flat-Base	zoom	0-24		25	labelHaloColor	rgba8	rgb(249,245,237) a=127
Rivers-Dark-Driving-Flat-Base	zoom	0-6		24	textColor	rgba8	rgb(77,138,203) a=255
Rivers-Dark-Driving-Flat-Base	zoom	6-12		24	textColor	rgba8	rgb(69,133,201) a=255
Rivers-Dark-Driving-Flat-Base	zoom	12-13		24	textColor	rgba8	rgb(57,125,198) a=255
Rivers-Dark-Driving-Flat-Base	zoom	13-24		24	textColor	rgba8	rgb(55,120,190) a=255
Rivers-Dark-Driving-Flat-Base	zoom	0-12		25	labelHaloColor	rgba8	rgb(23,43,94) a=255
Rivers-Dark-Driving-Flat-Base	zoom	12-24		25	labelHaloColor	rgba8	rgb(25,43,87) a=255
Rivers-Dark-Driving-Flat-Base	zoom	0-6		1	fillColor	rgba8	rgb(33,57,130) a=255
Rivers-Dark-Driving-Flat-Base	zoom	6-12		1	fillColor	rgba8	rgb(33,57,130) a=255
Rivers-Dark-Driving-Flat-Base	zoom	12-13		1	fillColor	rgba8	rgb(31,54,122) a=255
Rivers-Dark-Driving-Flat-Base	zoom	13-14		1	fillColor	rgba8	rgb(31,54,122) a=255
Rivers-Dark-Driving-Flat-Base	zoom	14-24		1	fillColor	rgba8	rgb(31,54,122) a=255
Rivers-Light-Driving-Elevated-Base	base			24	textColor	rgba8	rgb(72,146,212) a=255
Rivers-Light-Driving-Elevated-Base	base			25	labelHaloColor	rgba8	rgb(249,245,237) a=127
Rivers-Light-Driving-Elevated-Base	zoom	0-4		1	fillColor	rgba8	rgb(141,213,246) a=255
Rivers-Light-Driving-Elevated-Base	zoom	4-5		1	fillColor	rgba8	rgb(152,219,246) a=255
Rivers-Light-Driving-Elevated-Base	zoom	5-24		1	fillColor	rgba8	rgb(163,222,245) a=255
Rivers-Light-Driving-Elevated-Base	cond		client:MapMode=[3]	24	textColor	rgba8	rgb(127,172,212) a=255
Rivers-Light-Driving-Elevated-Base	cond		client:MapMode=[3]	25	labelHaloColor	rgba8	rgb(249,245,237) a=127
Rivers-Light-Driving-Elevated-Base	cond+zoom	12-15	client:MapMode=[3]	1	fillColor	rgba8	rgb(174,225,245) a=230
Rivers-Light-Driving-Elevated-Base	cond+zoom	15-24	client:MapMode=[3]	1	fillColor	rgba8	rgb(16,58,177) a=0
Rivers-Dark-Driving-Elevated-Base	zoom	0-6		24	textColor	rgba8	rgb(77,138,203) a=255
Rivers-Dark-Driving-Elevated-Base	zoom	6-12		24	textColor	rgba8	rgb(69,133,201) a=255
Rivers-Dark-Driving-Elevated-Base	zoom	12-13		24	textColor	rgba8	rgb(57,125,198) a=255
Rivers-Dark-Driving-Elevated-Base	zoom	13-24		24	textColor	rgba8	rgb(55,120,190) a=255
Rivers-Dark-Driving-Elevated-Base	zoom	0-12		25	labelHaloColor	rgba8	rgb(23,43,94) a=255
Rivers-Dark-Driving-Elevated-Base	zoom	12-24		25	labelHaloColor	rgba8	rgb(25,43,87) a=255
Rivers-Dark-Driving-Elevated-Base	zoom	0-6		1	fillColor	rgba8	rgb(33,57,130) a=255
Rivers-Dark-Driving-Elevated-Base	zoom	6-12		1	fillColor	rgba8	rgb(33,57,130) a=255
Rivers-Dark-Driving-Elevated-Base	zoom	12-13		1	fillColor	rgba8	rgb(31,54,122) a=255
Rivers-Dark-Driving-Elevated-Base	zoom	13-14		1	fillColor	rgba8	rgb(31,54,122) a=255
Rivers-Dark-Driving-Elevated-Base	zoom	14-24		1	fillColor	rgba8	rgb(31,54,122) a=255
Rivers-Dark-Driving-Elevated-Base	cond+zoom	0-6	client:MapMode=[3]	24	textColor	rgba8	rgb(77,138,203) a=255
Rivers-Dark-Driving-Elevated-Base	cond+zoom	6-12	client:MapMode=[3]	24	textColor	rgba8	rgb(69,133,201) a=255
Rivers-Dark-Driving-Elevated-Base	cond+zoom	12-13	client:MapMode=[3]	24	textColor	rgba8	rgb(57,125,198) a=255
Rivers-Dark-Driving-Elevated-Base	cond+zoom	13-24	client:MapMode=[3]	24	textColor	rgba8	rgb(55,120,190) a=255
Rivers-Dark-Driving-Elevated-Base	cond+zoom	0-12	client:MapMode=[3]	25	labelHaloColor	rgba8	rgb(23,43,94) a=255
Rivers-Dark-Driving-Elevated-Base	cond+zoom	12-24	client:MapMode=[3]	25	labelHaloColor	rgba8	rgb(25,43,87) a=255
Rivers-Dark-Driving-Elevated-Base	cond+zoom	0-6	client:MapMode=[3]	1	fillColor	rgba8	rgb(33,57,130) a=255
Rivers-Dark-Driving-Elevated-Base	cond+zoom	6-12	client:MapMode=[3]	1	fillColor	rgba8	rgb(33,57,130) a=255
Rivers-Dark-Driving-Elevated-Base	cond+zoom	12-13	client:MapMode=[3]	1	fillColor	rgba8	rgb(31,54,122) a=255
Rivers-Dark-Driving-Elevated-Base	cond+zoom	13-14	client:MapMode=[3]	1	fillColor	rgba8	rgb(31,54,122) a=255
Rivers-Dark-Driving-Elevated-Base	cond+zoom	14-24	client:MapMode=[3]	1	fillColor	rgba8	rgb(31,54,122) a=255
Rivers-Dark-Driving-Elevated-Base	cond+zoom	15-24	client:MapMode=[3]	1	fillColor	rgba8	rgb(31,54,122) a=0
Rivers-Globe-Base	base			18	textSizeScale	float	0.5
Rivers-Globe-Base	base			24	textColor	rgba8	rgb(170,224,235) a=255
Rivers-Globe-Base	base			25	labelHaloColor	rgba8	rgb(42,71,91) a=255
Rivers-Globe-Base	zoom	0-24		3	width	float	0
Rivers-Globe-Base	zoom	0-24		18	textSizeScale	float	0
Rivers-Globe-Base	zoom	0-11		18	textSizeScale	float	1.2
Rivers-Globe-Base	zoom	11-24		18	textSizeScale	float	1.83
Rivers-Globe-Base	zoom	0-11		25	labelHaloColor	rgba8	rgb(28,38,50) a=199
Rivers-Globe-Base	zoom	11-24		25	labelHaloColor	rgba8	rgb(28,38,50) a=219
Rivers-Globe-Base	zoom	0-11		18	textSizeScale	float	1.2
Rivers-Globe-Base	zoom	11-24		18	textSizeScale	float	1.83
Ocean-Label-Base	base			18	textSizeScale	float	0
Ocean-Label-Base	base			21	fontSize	uint32	12
Ocean-Label-Base	base			23	fontSpec	string	%$default,bold,italic
Ocean-Label-Base	base			24	textColor	rgba8	rgb(231,252,255) a=255
Ocean-Label-Base	base			29	fontSizeParam	float	0.15
Ocean-Label-Points-Base	cond		client:37=[1]	18	textSizeScale	float	0
Ocean-Label-Color-Light-Base	base			25	labelHaloColor	rgba8	rgb(249,245,237) a=0
Ocean-Label-Color-Light-Base	zoom	0-5		24	textColor	rgba8	rgb(35,35,35) a=153
Ocean-Label-Color-Light-Base	zoom	5-8		24	textColor	rgba8	rgb(35,35,35) a=128
Ocean-Label-Color-Light-Base	zoom	8-24		24	textColor	rgba8	rgb(35,35,35) a=115
Ocean-Label-Color-Light-Base	cond		client:37=[1]	24	textColor	rgba8	rgb(0,0,0) a=255
Ocean-Label-Color-Light-Base	cond+zoom	0-5	client:135=[1]	24	textColor	rgba8	rgb(35,35,35) a=204
Ocean-Label-Color-Light-Base	cond+zoom	5-8	client:135=[1]	24	textColor	rgba8	rgb(35,35,35) a=179
Ocean-Label-Color-Light-Base	cond+zoom	8-24	client:135=[1]	24	textColor	rgba8	rgb(35,35,35) a=166
Ocean-Label-Color-Dark-Base	base			25	labelHaloColor	rgba8	rgb(19,31,73) a=255
Ocean-Label-Color-Dark-Base	zoom	0-2		18	textSizeScale	float	0.25
Ocean-Label-Color-Dark-Base	zoom	0-2		24	textColor	rgba8	rgb(62,112,172) a=255
Ocean-Label-Color-Dark-Base	zoom	2-4		18	textSizeScale	float	0.35
Ocean-Label-Color-Dark-Base	zoom	2-4		24	textColor	rgba8	rgb(62,116,182) a=255
Ocean-Label-Color-Dark-Base	zoom	4-6		18	textSizeScale	float	0.45
Ocean-Label-Color-Dark-Base	zoom	4-6		24	textColor	rgba8	rgb(70,124,190) a=255
Ocean-Label-Color-Dark-Base	zoom	6-12		18	textSizeScale	float	0.55
Ocean-Label-Color-Dark-Base	zoom	6-12		24	textColor	rgba8	rgb(68,126,197) a=255
Ocean-Label-Color-Dark-Base	zoom	12-14		18	textSizeScale	float	0.55
Ocean-Label-Color-Dark-Base	zoom	12-14		24	textColor	rgba8	rgb(62,121,193) a=255
Ocean-Label-Color-Dark-Base	zoom	14-24		18	textSizeScale	float	0.75
Ocean-Label-Color-Dark-Base	zoom	14-24		24	textColor	rgba8	rgb(59,116,186) a=255
Ocean-Label-Color-Dark-Base	cond		client:81=[0]	25	labelHaloColor	rgba8	rgb(23,44,89) a=255
Ocean-Label-Color-Dark-Base	cond+zoom	0-2	client:81=[0]	24	textColor	rgba8	rgb(69,109,165) a=255
Ocean-Label-Color-Dark-Base	cond+zoom	2-4	client:81=[0]	24	textColor	rgba8	rgb(70,114,175) a=255
Ocean-Label-Color-Dark-Base	cond+zoom	4-6	client:81=[0]	24	textColor	rgba8	rgb(76,123,189) a=255
Ocean-Label-Color-Dark-Base	cond+zoom	6-12	client:81=[0]	24	textColor	rgba8	rgb(80,126,190) a=255
Ocean-Label-Color-Dark-Base	cond+zoom	12-14	client:81=[0]	24	textColor	rgba8	rgb(67,115,182) a=255
Ocean-Label-Color-Dark-Base	cond+zoom	14-24	client:81=[0]	24	textColor	rgba8	rgb(65,104,159) a=255
Ocean-Label-Color-Dark-Base	cond		client:37=[1]	24	textColor	rgba8	rgb(220,227,233) a=255
Ocean-Label-Color-Dark-Base	cond		client:37=[1]	25	labelHaloColor	rgba8	rgb(2,13,46) a=77
Ocean-Label-Color-Muted-Base	base			24	textColor	rgba8	rgb(0,82,153) a=153
Ocean-Label-Color-Muted-Base	base			25	labelHaloColor	rgba8	rgb(255,255,255) a=0
Ocean-Label-Color-Muted-Base	cond		client:37=[1]	24	textColor	rgba8	rgb(0,82,153) a=153
Ocean-Label-Color-Muted-Base	cond		client:37=[1]	25	labelHaloColor	rgba8	rgb(255,255,255) a=0
Ocean-Label-Color-Muted-Dark-Base	zoom	0-2		18	textSizeScale	float	0.25
Ocean-Label-Color-Muted-Dark-Base	zoom	0-2		24	textColor	rgba8	rgb(47,81,152) a=255
Ocean-Label-Color-Muted-Dark-Base	zoom	0-2		25	labelHaloColor	rgba8	rgb(21,27,41) a=255
Ocean-Label-Color-Muted-Dark-Base	zoom	2-4		18	textSizeScale	float	0.35
Ocean-Label-Color-Muted-Dark-Base	zoom	2-4		24	textColor	rgba8	rgb(60,87,143) a=255
Ocean-Label-Color-Muted-Dark-Base	zoom	2-4		25	labelHaloColor	rgba8	rgb(21,27,41) a=255
Ocean-Label-Color-Muted-Dark-Base	zoom	4-6		18	textSizeScale	float	0.45
Ocean-Label-Color-Muted-Dark-Base	zoom	4-6		24	textColor	rgba8	rgb(58,88,148) a=255
Ocean-Label-Color-Muted-Dark-Base	zoom	4-6		25	labelHaloColor	rgba8	rgb(21,27,41) a=255
Ocean-Label-Color-Muted-Dark-Base	zoom	6-12		18	textSizeScale	float	0.55
Ocean-Label-Color-Muted-Dark-Base	zoom	6-12		24	textColor	rgba8	rgb(55,87,153) a=255
Ocean-Label-Color-Muted-Dark-Base	zoom	6-12		25	labelHaloColor	rgba8	rgb(21,27,41) a=255
Ocean-Label-Color-Muted-Dark-Base	zoom	12-14		18	textSizeScale	float	0.65
Ocean-Label-Color-Muted-Dark-Base	zoom	12-14		24	textColor	rgba8	rgb(51,81,142) a=255
Ocean-Label-Color-Muted-Dark-Base	zoom	12-14		25	labelHaloColor	rgba8	rgb(21,27,41) a=255
Ocean-Label-Color-Muted-Dark-Base	zoom	14-24		18	textSizeScale	float	0.65
Ocean-Label-Color-Muted-Dark-Base	zoom	14-24		24	textColor	rgba8	rgb(47,75,131) a=255
Ocean-Label-Color-Muted-Dark-Base	zoom	14-24		25	labelHaloColor	rgba8	rgb(21,27,41) a=255
Ocean-Label-Color-Muted-Dark-Base	cond		client:81=[0]	25	labelHaloColor	rgba8	rgb(29,42,57) a=255
Ocean-Label-Color-Muted-Dark-Base	cond		client:37=[1]	24	textColor	rgba8	rgb(220,227,233) a=255
Ocean-Label-Color-Muted-Dark-Base	cond		client:37=[1]	25	labelHaloColor	rgba8	rgb(2,13,46) a=77
Ocean-Label-Color-Globe-Base	base			18	textSizeScale	float	0.5
Ocean-Label-Color-Globe-Base	base			24	textColor	rgba8	rgb(170,224,235) a=255
Ocean-Label-Color-Globe-Base	base			25	labelHaloColor	rgba8	rgb(42,71,91) a=255
Ocean-Label-Color-Globe-Base	zoom	0-11		18	textSizeScale	float	1.2
Ocean-Label-Color-Globe-Base	zoom	11-24		18	textSizeScale	float	1.83
Ocean-Label-Color-Globe-Base	zoom	0-11		25	labelHaloColor	rgba8	rgb(28,38,50) a=199
Ocean-Label-Color-Globe-Base	zoom	11-24		25	labelHaloColor	rgba8	rgb(28,38,50) a=219
Ocean-Label-Color-Globe-Base	zoom	0-11		18	textSizeScale	float	1.2
Ocean-Label-Color-Globe-Base	zoom	11-24		18	textSizeScale	float	1.83
Ocean-Label-Color-Globe-Base	cond		client:37=[1]	24	textColor	rgba8	rgb(220,227,233) a=255
Ocean-Label-Color-Globe-Base	cond		client:37=[1]	25	labelHaloColor	rgba8	rgb(2,13,46) a=77
Ocean-Label-Color-Light-Elevated-Base	base			25	labelHaloColor	rgba8	rgb(249,245,237) a=0
Ocean-Label-Color-Light-Elevated-Base	zoom	0-5		24	textColor	rgba8	rgb(35,35,35) a=153
Ocean-Label-Color-Light-Elevated-Base	zoom	5-8		24	textColor	rgba8	rgb(35,35,35) a=128
Ocean-Label-Color-Light-Elevated-Base	zoom	8-24		24	textColor	rgba8	rgb(35,35,35) a=115
Ocean-Label-Color-Light-Elevated-Base	cond		client:37=[1]	24	textColor	rgba8	rgb(0,0,0) a=255
Ocean-Label-Color-Light-Elevated-Base	cond+zoom	0-5	client:135=[1] & client:37=[0]	24	textColor	rgba8	rgb(35,35,35) a=204
Ocean-Label-Color-Light-Elevated-Base	cond+zoom	5-8	client:135=[1] & client:37=[0]	24	textColor	rgba8	rgb(35,35,35) a=179
Ocean-Label-Color-Light-Elevated-Base	cond+zoom	8-24	client:135=[1] & client:37=[0]	24	textColor	rgba8	rgb(35,35,35) a=166
Ocean-Label-Color-Dark-Elevated-Base	base			25	labelHaloColor	rgba8	rgb(19,31,73) a=255
Ocean-Label-Color-Dark-Elevated-Base	zoom	0-2		18	textSizeScale	float	0.25
Ocean-Label-Color-Dark-Elevated-Base	zoom	0-2		24	textColor	rgba8	rgb(62,112,172) a=255
Ocean-Label-Color-Dark-Elevated-Base	zoom	2-4		18	textSizeScale	float	0.35
Ocean-Label-Color-Dark-Elevated-Base	zoom	2-4		24	textColor	rgba8	rgb(62,116,182) a=255
Ocean-Label-Color-Dark-Elevated-Base	zoom	4-6		18	textSizeScale	float	0.45
Ocean-Label-Color-Dark-Elevated-Base	zoom	4-6		24	textColor	rgba8	rgb(70,124,190) a=255
Ocean-Label-Color-Dark-Elevated-Base	zoom	6-12		18	textSizeScale	float	0.55
Ocean-Label-Color-Dark-Elevated-Base	zoom	6-12		24	textColor	rgba8	rgb(68,126,197) a=255
Ocean-Label-Color-Dark-Elevated-Base	zoom	12-14		18	textSizeScale	float	0.55
Ocean-Label-Color-Dark-Elevated-Base	zoom	12-14		24	textColor	rgba8	rgb(62,121,193) a=255
Ocean-Label-Color-Dark-Elevated-Base	zoom	14-24		18	textSizeScale	float	0.75
Ocean-Label-Color-Dark-Elevated-Base	zoom	14-24		24	textColor	rgba8	rgb(59,116,186) a=255
Ocean-Label-Color-Dark-Elevated-Base	cond		client:81=[0]	25	labelHaloColor	rgba8	rgb(23,44,89) a=255
Ocean-Label-Color-Dark-Elevated-Base	cond+zoom	0-2	client:81=[0]	24	textColor	rgba8	rgb(69,109,165) a=255
Ocean-Label-Color-Dark-Elevated-Base	cond+zoom	2-4	client:81=[0]	24	textColor	rgba8	rgb(70,114,175) a=255
Ocean-Label-Color-Dark-Elevated-Base	cond+zoom	4-6	client:81=[0]	24	textColor	rgba8	rgb(76,123,189) a=255
Ocean-Label-Color-Dark-Elevated-Base	cond+zoom	6-12	client:81=[0]	24	textColor	rgba8	rgb(80,126,190) a=255
Ocean-Label-Color-Dark-Elevated-Base	cond+zoom	12-14	client:81=[0]	24	textColor	rgba8	rgb(67,115,182) a=255
Ocean-Label-Color-Dark-Elevated-Base	cond+zoom	14-24	client:81=[0]	24	textColor	rgba8	rgb(65,104,159) a=255
Ocean-Label-Color-Dark-Elevated-Base	cond		client:37=[1]	24	textColor	rgba8	rgb(220,227,233) a=255
Ocean-Label-Color-Dark-Elevated-Base	cond		client:37=[1]	25	labelHaloColor	rgba8	rgb(2,13,46) a=77
Ocean-Label-Color-Muted-Elevated-Base	base			24	textColor	rgba8	rgb(0,82,153) a=153
Ocean-Label-Color-Muted-Elevated-Base	base			25	labelHaloColor	rgba8	rgb(255,255,255) a=0
Ocean-Label-Color-Muted-Elevated-Base	cond		client:37=[1]	24	textColor	rgba8	rgb(0,82,153) a=153
Ocean-Label-Color-Muted-Elevated-Base	cond		client:37=[1]	25	labelHaloColor	rgba8	rgb(255,255,255) a=0
Ocean-Label-Color-Muted-Dark-Elevated-Base	zoom	0-2		18	textSizeScale	float	0.25
Ocean-Label-Color-Muted-Dark-Elevated-Base	zoom	0-2		24	textColor	rgba8	rgb(47,81,152) a=255
Ocean-Label-Color-Muted-Dark-Elevated-Base	zoom	0-2		25	labelHaloColor	rgba8	rgb(21,27,41) a=255
Ocean-Label-Color-Muted-Dark-Elevated-Base	zoom	2-4		18	textSizeScale	float	0.35
Ocean-Label-Color-Muted-Dark-Elevated-Base	zoom	2-4		24	textColor	rgba8	rgb(60,87,143) a=255
Ocean-Label-Color-Muted-Dark-Elevated-Base	zoom	2-4		25	labelHaloColor	rgba8	rgb(21,27,41) a=255
Ocean-Label-Color-Muted-Dark-Elevated-Base	zoom	4-6		18	textSizeScale	float	0.45
Ocean-Label-Color-Muted-Dark-Elevated-Base	zoom	4-6		24	textColor	rgba8	rgb(58,88,148) a=255
Ocean-Label-Color-Muted-Dark-Elevated-Base	zoom	4-6		25	labelHaloColor	rgba8	rgb(21,27,41) a=255
Ocean-Label-Color-Muted-Dark-Elevated-Base	zoom	6-12		18	textSizeScale	float	0.55
Ocean-Label-Color-Muted-Dark-Elevated-Base	zoom	6-12		24	textColor	rgba8	rgb(55,87,153) a=255
Ocean-Label-Color-Muted-Dark-Elevated-Base	zoom	6-12		25	labelHaloColor	rgba8	rgb(21,27,41) a=255
Ocean-Label-Color-Muted-Dark-Elevated-Base	zoom	12-14		18	textSizeScale	float	0.65
Ocean-Label-Color-Muted-Dark-Elevated-Base	zoom	12-14		24	textColor	rgba8	rgb(51,81,142) a=255
Ocean-Label-Color-Muted-Dark-Elevated-Base	zoom	12-14		25	labelHaloColor	rgba8	rgb(21,27,41) a=255
Ocean-Label-Color-Muted-Dark-Elevated-Base	zoom	14-24		18	textSizeScale	float	0.65
Ocean-Label-Color-Muted-Dark-Elevated-Base	zoom	14-24		24	textColor	rgba8	rgb(47,75,131) a=255
Ocean-Label-Color-Muted-Dark-Elevated-Base	zoom	14-24		25	labelHaloColor	rgba8	rgb(21,27,41) a=255
Ocean-Label-Color-Muted-Dark-Elevated-Base	cond		client:81=[0]	25	labelHaloColor	rgba8	rgb(29,42,57) a=255
Ocean-Label-Color-Muted-Dark-Elevated-Base	cond		client:37=[1]	24	textColor	rgba8	rgb(220,227,233) a=255
Ocean-Label-Color-Muted-Dark-Elevated-Base	cond		client:37=[1]	25	labelHaloColor	rgba8	rgb(2,13,46) a=77
Ocean-Label-Point-Non-Expandable	cond+zoom	0-24	client:6=[33, 78, 95, 101, 102, 97, 54, 7, 100, 96, 70, 98, 60, 103] & feature:FeatureType=[3]	23	fontSpec	string	%$default,semibold
Ocean-Label-Point-Non-Expandable	cond+zoom	0-24	client:6=[33, 78, 95, 101, 102, 97, 54, 7, 100, 96, 70, 98, 60, 103] & feature:FeatureType=[3]	29	fontSizeParam	float	0
Ocean-Label-Point-ExtraLarge	zoom	0-1		21	fontSize	uint32	8
Ocean-Label-Point-ExtraLarge	zoom	0-1		23	fontSpec	string	%$default,semibold,italic
Ocean-Label-Point-ExtraLarge	zoom	0-1		29	fontSizeParam	float	0.5
Ocean-Label-Point-ExtraLarge	zoom	1-3		21	fontSize	uint32	8
Ocean-Label-Point-ExtraLarge	zoom	1-3		23	fontSpec	string	%$default,semibold,italic
Ocean-Label-Point-ExtraLarge	zoom	1-3		29	fontSizeParam	float	1
Ocean-Label-Point-ExtraLarge	zoom	3-24		21	fontSize	uint32	8
Ocean-Label-Point-ExtraLarge	zoom	3-24		23	fontSpec	string	%$default,semibold,italic
Ocean-Label-Point-ExtraLarge	zoom	3-24		29	fontSizeParam	float	2
Ocean-Label-Point-ExtraLarge	cond+zoom	0-2	feature:TransitAgency=[6]	21	fontSize	uint32	8
Ocean-Label-Point-ExtraLarge	cond+zoom	0-2	feature:TransitAgency=[6]	23	fontSpec	string	%$default,semibold,italic
Ocean-Label-Point-ExtraLarge	cond+zoom	0-2	feature:TransitAgency=[6]	29	fontSizeParam	float	0.5
Ocean-Label-Point-ExtraLarge	cond+zoom	2-4	feature:TransitAgency=[6]	21	fontSize	uint32	8
Ocean-Label-Point-ExtraLarge	cond+zoom	2-4	feature:TransitAgency=[6]	23	fontSpec	string	%$default,semibold,italic
Ocean-Label-Point-ExtraLarge	cond+zoom	2-4	feature:TransitAgency=[6]	29	fontSizeParam	float	1
Ocean-Label-Point-ExtraLarge	cond+zoom	4-24	feature:TransitAgency=[6]	21	fontSize	uint32	8
Ocean-Label-Point-ExtraLarge	cond+zoom	4-24	feature:TransitAgency=[6]	23	fontSpec	string	%$default,semibold,italic
Ocean-Label-Point-ExtraLarge	cond+zoom	4-24	feature:TransitAgency=[6]	29	fontSizeParam	float	2
Ocean-Label-Point-ExtraLarge	cond+zoom	0-1	client:37=[1]	23	fontSpec	string	%$default,bold,italic
Ocean-Label-Point-ExtraLarge	cond+zoom	1-3	client:37=[1]	23	fontSpec	string	%$default,bold,italic
Ocean-Label-Point-ExtraLarge	cond+zoom	3-24	client:37=[1]	23	fontSpec	string	%$default,bold,italic
Ocean-Label-Point-ExtraLarge	cond+zoom	0-2	client:37=[1] & feature:TransitAgency=[6]	23	fontSpec	string	%$default,bold,italic
Ocean-Label-Point-ExtraLarge	cond+zoom	2-4	client:37=[1] & feature:TransitAgency=[6]	23	fontSpec	string	%$default,bold,italic
Ocean-Label-Point-ExtraLarge	cond+zoom	4-24	client:37=[1] & feature:TransitAgency=[6]	23	fontSpec	string	%$default,bold,italic
Ocean-Label-Point-Large	zoom	0-3		21	fontSize	uint32	8
Ocean-Label-Point-Large	zoom	0-3		23	fontSpec	string	%$default,semibold,italic
Ocean-Label-Point-Large	zoom	0-3		29	fontSizeParam	float	0.5
Ocean-Label-Point-Large	zoom	3-4		21	fontSize	uint32	8
Ocean-Label-Point-Large	zoom	3-4		23	fontSpec	string	%$default,semibold,italic
Ocean-Label-Point-Large	zoom	3-4		29	fontSizeParam	float	1
Ocean-Label-Point-Large	zoom	4-24		21	fontSize	uint32	8
Ocean-Label-Point-Large	zoom	4-24		23	fontSpec	string	%$default,semibold,italic
Ocean-Label-Point-Large	zoom	4-24		29	fontSizeParam	float	2
Ocean-Label-Point-Large	cond+zoom	0-4	feature:TransitAgency=[6]	21	fontSize	uint32	8
Ocean-Label-Point-Large	cond+zoom	0-4	feature:TransitAgency=[6]	23	fontSpec	string	%$default,semibold,italic
Ocean-Label-Point-Large	cond+zoom	0-4	feature:TransitAgency=[6]	29	fontSizeParam	float	0.5
Ocean-Label-Point-Large	cond+zoom	4-5	feature:TransitAgency=[6]	21	fontSize	uint32	8
Ocean-Label-Point-Large	cond+zoom	4-5	feature:TransitAgency=[6]	23	fontSpec	string	%$default,semibold,italic
Ocean-Label-Point-Large	cond+zoom	4-5	feature:TransitAgency=[6]	29	fontSizeParam	float	1
Ocean-Label-Point-Large	cond+zoom	5-24	feature:TransitAgency=[6]	21	fontSize	uint32	8
Ocean-Label-Point-Large	cond+zoom	5-24	feature:TransitAgency=[6]	23	fontSpec	string	%$default,semibold,italic
Ocean-Label-Point-Large	cond+zoom	5-24	feature:TransitAgency=[6]	29	fontSizeParam	float	2
Ocean-Label-Point-Large	cond+zoom	0-3	client:37=[1]	23	fontSpec	string	%$default,bold,italic
Ocean-Label-Point-Large	cond+zoom	3-4	client:37=[1]	23	fontSpec	string	%$default,bold,italic
Ocean-Label-Point-Large	cond+zoom	4-24	client:37=[1]	23	fontSpec	string	%$default,bold,italic
Ocean-Label-Point-Large	cond+zoom	0-4	client:37=[1] & feature:TransitAgency=[6]	23	fontSpec	string	%$default,bold,italic
Ocean-Label-Point-Large	cond+zoom	4-5	client:37=[1] & feature:TransitAgency=[6]	23	fontSpec	string	%$default,bold,italic
Ocean-Label-Point-Large	cond+zoom	5-24	client:37=[1] & feature:TransitAgency=[6]	23	fontSpec	string	%$default,bold,italic
Ocean-Label-Point-Medium	zoom	0-4		21	fontSize	uint32	8
Ocean-Label-Point-Medium	zoom	0-4		23	fontSpec	string	%$default,semibold,italic
Ocean-Label-Point-Medium	zoom	0-4		29	fontSizeParam	float	0.5
Ocean-Label-Point-Medium	zoom	4-5		21	fontSize	uint32	8
Ocean-Label-Point-Medium	zoom	4-5		23	fontSpec	string	%$default,semibold,italic
Ocean-Label-Point-Medium	zoom	4-5		29	fontSizeParam	float	1
Ocean-Label-Point-Medium	zoom	5-24		21	fontSize	uint32	8
Ocean-Label-Point-Medium	zoom	5-24		23	fontSpec	string	%$default,semibold,italic
Ocean-Label-Point-Medium	zoom	5-24		29	fontSizeParam	float	2
Ocean-Label-Point-Medium	cond+zoom	0-5	feature:TransitAgency=[6]	21	fontSize	uint32	8
Ocean-Label-Point-Medium	cond+zoom	0-5	feature:TransitAgency=[6]	23	fontSpec	string	%$default,semibold,italic
Ocean-Label-Point-Medium	cond+zoom	0-5	feature:TransitAgency=[6]	29	fontSizeParam	float	0.5
Ocean-Label-Point-Medium	cond+zoom	5-6	feature:TransitAgency=[6]	21	fontSize	uint32	8
Ocean-Label-Point-Medium	cond+zoom	5-6	feature:TransitAgency=[6]	23	fontSpec	string	%$default,semibold,italic
Ocean-Label-Point-Medium	cond+zoom	5-6	feature:TransitAgency=[6]	29	fontSizeParam	float	1
Ocean-Label-Point-Medium	cond+zoom	6-24	feature:TransitAgency=[6]	21	fontSize	uint32	8
Ocean-Label-Point-Medium	cond+zoom	6-24	feature:TransitAgency=[6]	23	fontSpec	string	%$default,semibold,italic
Ocean-Label-Point-Medium	cond+zoom	6-24	feature:TransitAgency=[6]	29	fontSizeParam	float	2
Ocean-Label-Point-Medium	cond+zoom	0-4	client:37=[1]	23	fontSpec	string	%$default,bold,italic
Ocean-Label-Point-Medium	cond+zoom	4-5	client:37=[1]	23	fontSpec	string	%$default,bold,italic
Ocean-Label-Point-Medium	cond+zoom	5-24	client:37=[1]	23	fontSpec	string	%$default,bold,italic
Ocean-Label-Point-Medium	cond+zoom	0-5	client:37=[1] & feature:TransitAgency=[6]	23	fontSpec	string	%$default,bold,italic
Ocean-Label-Point-Medium	cond+zoom	5-6	client:37=[1] & feature:TransitAgency=[6]	23	fontSpec	string	%$default,bold,italic
Ocean-Label-Point-Medium	cond+zoom	6-24	client:37=[1] & feature:TransitAgency=[6]	23	fontSpec	string	%$default,bold,italic
Ocean-Label-Point-Small	zoom	0-6		21	fontSize	uint32	8
Ocean-Label-Point-Small	zoom	0-6		23	fontSpec	string	%$default,semibold,italic
Ocean-Label-Point-Small	zoom	0-6		29	fontSizeParam	float	0.5
Ocean-Label-Point-Small	zoom	6-7		21	fontSize	uint32	8
Ocean-Label-Point-Small	zoom	6-7		23	fontSpec	string	%$default,semibold,italic
Ocean-Label-Point-Small	zoom	6-7		29	fontSizeParam	float	1
Ocean-Label-Point-Small	zoom	7-24		21	fontSize	uint32	8
Ocean-Label-Point-Small	zoom	7-24		23	fontSpec	string	%$default,medium,italic
Ocean-Label-Point-Small	zoom	7-24		29	fontSizeParam	float	0.5
Ocean-Label-Point-Small	cond+zoom	0-6	client:37=[1]	23	fontSpec	string	%$default,bold,italic
Ocean-Label-Point-Small	cond+zoom	6-7	client:37=[1]	23	fontSpec	string	%$default,bold,italic
Ocean-Label-Point-Small	cond+zoom	7-24	client:37=[1]	23	fontSpec	string	%$default,semibold,italic
Ocean-Label-Point-ExtraSmall	base			21	fontSize	uint32	8
Ocean-Label-Point-ExtraSmall	base			23	fontSpec	string	%$default,medium,italic
Ocean-Label-Point-ExtraSmall	base			29	fontSizeParam	float	0.5
Ocean-Label-Point-ExtraSmall	cond		client:37=[1]	23	fontSpec	string	%$default,semibold,italic
Ocean-Label-Line-Large	zoom	0-3		21	fontSize	uint32	8
Ocean-Label-Line-Large	zoom	0-3		23	fontSpec	string	%$default,semibold,italic
Ocean-Label-Line-Large	zoom	0-3		29	fontSizeParam	float	3
Ocean-Label-Line-Large	zoom	3-4		21	fontSize	uint32	8
Ocean-Label-Line-Large	zoom	3-4		23	fontSpec	string	%$default,semibold,italic
Ocean-Label-Line-Large	zoom	3-4		29	fontSizeParam	float	4
Ocean-Label-Line-Large	zoom	4-24		21	fontSize	uint32	8
Ocean-Label-Line-Large	zoom	4-24		23	fontSpec	string	%$default,semibold,italic
Ocean-Label-Line-Large	zoom	4-24		29	fontSizeParam	float	5
Ocean-Label-Line-Large	cond+zoom	0-3	client:37=[1]	23	fontSpec	string	%$default,bold,italic
Ocean-Label-Line-Large	cond+zoom	0-3	client:37=[1]	29	fontSizeParam	float	3
Ocean-Label-Line-Large	cond+zoom	3-4	client:37=[1]	23	fontSpec	string	%$default,bold,italic
Ocean-Label-Line-Large	cond+zoom	3-4	client:37=[1]	29	fontSizeParam	float	4
Ocean-Label-Line-Large	cond+zoom	4-24	client:37=[1]	23	fontSpec	string	%$default,bold,italic
Ocean-Label-Line-Large	cond+zoom	4-24	client:37=[1]	29	fontSizeParam	float	5
Ocean-Label-Line-Medium	zoom	0-4		21	fontSize	uint32	8
Ocean-Label-Line-Medium	zoom	0-4		23	fontSpec	string	%$default,semibold,italic
Ocean-Label-Line-Medium	zoom	0-4		29	fontSizeParam	float	3
Ocean-Label-Line-Medium	zoom	4-5		21	fontSize	uint32	8
Ocean-Label-Line-Medium	zoom	4-5		23	fontSpec	string	%$default,semibold,italic
Ocean-Label-Line-Medium	zoom	4-5		29	fontSizeParam	float	4
Ocean-Label-Line-Medium	zoom	5-24		21	fontSize	uint32	8
Ocean-Label-Line-Medium	zoom	5-24		23	fontSpec	string	%$default,semibold,italic
Ocean-Label-Line-Medium	zoom	5-24		29	fontSizeParam	float	5
Ocean-Label-Line-Medium	cond+zoom	0-4	client:37=[1]	23	fontSpec	string	%$default,bold,italic
Ocean-Label-Line-Medium	cond+zoom	0-4	client:37=[1]	29	fontSizeParam	float	3
Ocean-Label-Line-Medium	cond+zoom	4-5	client:37=[1]	23	fontSpec	string	%$default,bold,italic
Ocean-Label-Line-Medium	cond+zoom	4-5	client:37=[1]	29	fontSizeParam	float	4
Ocean-Label-Line-Medium	cond+zoom	5-24	client:37=[1]	23	fontSpec	string	%$default,bold,italic
Ocean-Label-Line-Medium	cond+zoom	5-24	client:37=[1]	29	fontSizeParam	float	5
Ocean-Label-Line-Small	zoom	0-6		21	fontSize	uint32	8
Ocean-Label-Line-Small	zoom	0-6		23	fontSpec	string	%$default,semibold,italic
Ocean-Label-Line-Small	zoom	0-6		29	fontSizeParam	float	3
Ocean-Label-Line-Small	zoom	6-7		21	fontSize	uint32	8
Ocean-Label-Line-Small	zoom	6-7		23	fontSpec	string	%$default,semibold,italic
Ocean-Label-Line-Small	zoom	6-7		29	fontSizeParam	float	4
Ocean-Label-Line-Small	zoom	7-24		21	fontSize	uint32	8
Ocean-Label-Line-Small	zoom	7-24		23	fontSpec	string	%$default,semibold,italic
Ocean-Label-Line-Small	zoom	7-24		29	fontSizeParam	float	5
Ocean-Label-Line-Small	cond+zoom	0-6	client:37=[1]	23	fontSpec	string	%$default,bold,italic
Ocean-Label-Line-Small	cond+zoom	0-6	client:37=[1]	29	fontSizeParam	float	3
Ocean-Label-Line-Small	cond+zoom	6-7	client:37=[1]	23	fontSpec	string	%$default,bold,italic
Ocean-Label-Line-Small	cond+zoom	6-7	client:37=[1]	29	fontSizeParam	float	4
Ocean-Label-Line-Small	cond+zoom	7-24	client:37=[1]	23	fontSpec	string	%$default,bold,italic
Ocean-Label-Line-Small	cond+zoom	7-24	client:37=[1]	29	fontSizeParam	float	5
Lake-Label-Globe-Base	base			18	textSizeScale	float	0.5
Lake-Label-Globe-Base	base			24	textColor	rgba8	rgb(170,224,235) a=255
Lake-Label-Globe-Base	base			25	labelHaloColor	rgba8	rgb(42,71,91) a=255
Lake-Label-Globe-Base	zoom	0-11		18	textSizeScale	float	1.2
Lake-Label-Globe-Base	zoom	11-24		18	textSizeScale	float	1.83
Lake-Label-Globe-Base	zoom	0-11		25	labelHaloColor	rgba8	rgb(28,38,50) a=199
Lake-Label-Globe-Base	zoom	11-24		25	labelHaloColor	rgba8	rgb(28,38,50) a=219
Lake-Label-Globe-Base	zoom	0-11		18	textSizeScale	float	1.2
Lake-Label-Globe-Base	zoom	11-24		18	textSizeScale	float	1.83
Wetland-Label-Globe-Base	base			18	textSizeScale	float	0.5
Wetland-Label-Globe-Base	base			24	textColor	rgba8	rgb(170,224,235) a=255
Wetland-Label-Globe-Base	base			25	labelHaloColor	rgba8	rgb(42,71,91) a=255
Wetland-Label-Globe-Base	zoom	0-11		18	textSizeScale	float	1.2
Wetland-Label-Globe-Base	zoom	11-24		18	textSizeScale	float	1.83
Wetland-Label-Globe-Base	zoom	0-11		25	labelHaloColor	rgba8	rgb(28,38,50) a=199
Wetland-Label-Globe-Base	zoom	11-24		25	labelHaloColor	rgba8	rgb(28,38,50) a=219
Wetland-Label-Globe-Base	zoom	0-11		18	textSizeScale	float	1.2
Wetland-Label-Globe-Base	zoom	11-24		18	textSizeScale	float	1.83
Glacier-Label-Globe-Base	base			18	textSizeScale	float	0.5
Glacier-Label-Globe-Base	base			24	textColor	rgba8	rgb(170,224,235) a=255
Glacier-Label-Globe-Base	base			25	labelHaloColor	rgba8	rgb(42,71,91) a=255
Glacier-Label-Globe-Base	zoom	0-11		18	textSizeScale	float	1.2
Glacier-Label-Globe-Base	zoom	11-24		18	textSizeScale	float	1.83
Glacier-Label-Globe-Base	zoom	0-11		25	labelHaloColor	rgba8	rgb(28,38,50) a=199
Glacier-Label-Globe-Base	zoom	11-24		25	labelHaloColor	rgba8	rgb(28,38,50) a=219
Glacier-Label-Globe-Base	zoom	0-11		18	textSizeScale	float	1.2
Glacier-Label-Globe-Base	zoom	11-24		18	textSizeScale	float	1.83
DryLake-Label-Globe-Base	base			18	textSizeScale	float	0.5
DryLake-Label-Globe-Base	base			24	textColor	rgba8	rgb(170,224,235) a=255
DryLake-Label-Globe-Base	base			25	labelHaloColor	rgba8	rgb(42,71,91) a=255
DryLake-Label-Globe-Base	zoom	0-11		18	textSizeScale	float	1.2
DryLake-Label-Globe-Base	zoom	11-24		18	textSizeScale	float	1.83
DryLake-Label-Globe-Base	zoom	0-11		25	labelHaloColor	rgba8	rgb(28,38,50) a=199
DryLake-Label-Globe-Base	zoom	11-24		25	labelHaloColor	rgba8	rgb(28,38,50) a=219
DryLake-Label-Globe-Base	zoom	0-11		18	textSizeScale	float	1.2
DryLake-Label-Globe-Base	zoom	11-24		18	textSizeScale	float	1.83
Traffic-OnRoute-Globe-Selected-Base	base			1	fillColor	rgba8	rgb(51,146,255) a=242
Traffic-OnRoute-Globe-Unselected-Base	base			1	fillColor	rgba8	rgb(148,172,209) a=242
Ferry-Globe-Base	base			1	fillColor	rgba8	rgb(121,196,238) a=51
Ferry-Globe-Base	base			2	strokeColor	rgba8	rgb(121,196,238) a=0
Ferry-Globe-Base	base			6	strokeWidth	float	0.0001
Ferry-Globe-Base	base			24	textColor	rgba8	rgb(94,155,189) a=255
Ferry-Globe-Base	zoom	0-6		3	width	float	0.5
Ferry-Globe-Base	zoom	6-10		3	width	float	0.65
Ferry-Globe-Base	zoom	10-24		3	width	float	1
Ferry-Globe-Base	zoom	0-11		18	textSizeScale	float	1.2
Ferry-Globe-Base	zoom	11-24		18	textSizeScale	float	1.83
Ferry-Globe-Base	zoom	0-11		25	labelHaloColor	rgba8	rgb(28,38,50) a=199
Ferry-Globe-Base	zoom	11-24		25	labelHaloColor	rgba8	rgb(28,38,50) a=219
Railway-AutoNavi-Globe-Base	base			1	fillColor	rgba8	rgb(52,63,75) a=255
Railway-AutoNavi-Globe-Base	base			2	strokeColor	rgba8	rgb(120,139,161) a=255
Railway-HighSpeed-AutoNavi-Globe-Base	zoom	0-9		1	fillColor	rgba8	rgb(220,66,81) a=153
Railway-HighSpeed-AutoNavi-Globe-Base	zoom	0-9		2	strokeColor	rgba8	rgb(55,72,93) a=255
Railway-HighSpeed-AutoNavi-Globe-Base	zoom	9-24		1	fillColor	rgba8	rgb(55,72,93) a=255
Railway-HighSpeed-AutoNavi-Globe-Base	zoom	9-24		2	strokeColor	rgba8	rgb(237,76,91) a=153
Japan-Railway-Bullet-Globe-Base	base			1	fillColor	rgba8	rgb(230,230,230) a=255
Japan-Railway-Bullet-Globe-Base	base			24	textColor	rgba8	rgb(243,243,243) a=255
Japan-Railway-Bullet-Globe-Base	base			25	labelHaloColor	rgba8	rgb(255,255,255) a=191
Japan-Railway-Bullet-Globe-Base	zoom	6-24		2	strokeColor	rgba8	rgb(22,112,229) a=255
Japan-Railway-Bullet-Globe-Base	zoom	6-24		2	strokeColor	rgba8	rgb(25,92,180) a=255
Japan-Railway-Bullet-Globe-Base	zoom	0-11		25	labelHaloColor	rgba8	rgb(15,79,163) a=199
Japan-Railway-Bullet-Globe-Base	zoom	11-24		25	labelHaloColor	rgba8	rgb(15,79,163) a=219
Japan-Railway-Bullet-Globe-Base	zoom	0-11		18	textSizeScale	float	1
Japan-Railway-Bullet-Globe-Base	zoom	11-24		18	textSizeScale	float	1.53
PhysicalFeature-Lines-Base	base			18	textSizeScale	float	0.75
PhysicalFeature-Lines-Base	base			23	fontSpec	string	%$default,bold-G3,width=140
PhysicalFeature-Lines-Base	base			29	fontSizeParam	float	0.5
PhysicalFeature-Lines-Base	zoom	0-10		18	textSizeScale	float	1
PhysicalFeature-Lines-Base	zoom	10-13		18	textSizeScale	float	1
PhysicalFeature-Lines-Base	zoom	13-14		18	textSizeScale	float	1.4
PhysicalFeature-Lines-Base	zoom	14-15		18	textSizeScale	float	1.5
PhysicalFeature-Lines-Base	zoom	15-17		18	textSizeScale	float	1.6
PhysicalFeature-Lines-Base	zoom	17-24		18	textSizeScale	float	2
PhysicalFeature-Lines-Base	cond		client:51=[2, 1] & client:TimePeriod=[0]	24	textColor	rgba8	rgb(221,208,188) a=128
PhysicalFeature-Lines-Base	cond+zoom	0-11	client:51=[2, 1] & client:TimePeriod=[0]	25	labelHaloColor	rgba8	rgb(28,38,50) a=128
PhysicalFeature-Lines-Base	cond+zoom	11-24	client:51=[2, 1] & client:TimePeriod=[0]	25	labelHaloColor	rgba8	rgb(28,38,50) a=128
PhysicalFeature-Lines-Base	cond		client:135=[1] & client:51=[2, 1] & client:TimePeriod=[0]	24	textColor	rgba8	rgb(153,96,42) a=204
PhysicalFeature-Lines-Base	cond		client:51=[2, 1] & client:TimePeriod=[1]	24	textColor	rgba8	rgb(206,153,69) a=64
PhysicalFeature-Lines-Base	cond		client:51=[2, 1] & client:TimePeriod=[1] & client:69=[0]	24	textColor	rgba8	rgb(140,105,56) a=64
PhysicalFeature-Lines-Base	cond		client:37=[1]	18	textSizeScale	float	1
PhysicalFeature-Lines-Base	cond		client:37=[1]	24	textColor	rgba8	rgb(43,43,43) a=255
PhysicalFeature-Lines-Base	cond		client:37=[1]	25	labelHaloColor	rgba8	rgb(253,253,251) a=255
PhysicalFeature-Lines-Base	cond		client:37=[1] & client:TimePeriod=[1]	24	textColor	rgba8	rgb(220,227,233) a=255
PhysicalFeature-Lines-Base	cond		client:37=[1] & client:TimePeriod=[1]	25	labelHaloColor	rgba8	rgb(19,21,26) a=96
PhysicalFeature-Rank-1-2	zoom	2-3		29	fontSizeParam	float	2.5
PhysicalFeature-Rank-1-2	zoom	3-4		29	fontSizeParam	float	10
PhysicalFeature-Rank-1-2	zoom	4-5		29	fontSizeParam	float	20
PhysicalFeature-Rank-1-2	zoom	5-6		29	fontSizeParam	float	40
PhysicalFeature-Rank-1-2	zoom	6-7		29	fontSizeParam	float	80
PhysicalFeature-Rank-1-2	zoom	7-24		29	fontSizeParam	float	160
PhysicalFeature-Rank-1-2-Explore-Light	base			24	textColor	rgba8	rgb(124,112,106) a=255
PhysicalFeature-Rank-1-2-Explore-Light	zoom	0-13		25	labelHaloColor	rgba8	rgb(248,248,246) a=204
PhysicalFeature-Rank-1-2-Explore-Light	zoom	13-24		25	labelHaloColor	rgba8	rgb(248,248,246) a=128
PhysicalFeature-Rank-1-2-Explore-Light	zoom	0-13		18	textSizeScale	float	1
PhysicalFeature-Rank-1-2-Explore-Light	zoom	13-14		18	textSizeScale	float	1.4
PhysicalFeature-Rank-1-2-Explore-Light	zoom	14-15		18	textSizeScale	float	1.5
PhysicalFeature-Rank-1-2-Explore-Light	zoom	15-17		18	textSizeScale	float	1.6
PhysicalFeature-Rank-1-2-Explore-Light	zoom	17-24		18	textSizeScale	float	2
PhysicalFeature-Rank-1-2-Explore-Light	cond+zoom	0-24	feature:MarkingColor=[28]	24	textColor	rgba8	rgb(126,188,224) a=255
PhysicalFeature-Rank-1-2-Explore-Dark	base			24	textColor	rgba8	rgb(204,172,151) a=255
PhysicalFeature-Rank-1-2-Explore-Dark	zoom	0-13		25	labelHaloColor	rgba8	rgb(18,48,51) a=112
PhysicalFeature-Rank-1-2-Explore-Dark	zoom	13-24		25	labelHaloColor	rgba8	rgb(18,48,51) a=153
PhysicalFeature-Rank-1-2-Explore-Dark	zoom	0-13		18	textSizeScale	float	1
PhysicalFeature-Rank-1-2-Explore-Dark	zoom	13-14		18	textSizeScale	float	1.4
PhysicalFeature-Rank-1-2-Explore-Dark	zoom	14-15		18	textSizeScale	float	1.5
PhysicalFeature-Rank-1-2-Explore-Dark	zoom	15-17		18	textSizeScale	float	1.6
PhysicalFeature-Rank-1-2-Explore-Dark	zoom	17-24		18	textSizeScale	float	2
PhysicalFeature-Rank-1-2-Explore-Dark	cond+zoom	0-24	feature:MarkingColor=[28]	24	textColor	rgba8	rgb(126,188,224) a=128
PhysicalFeature-Rank-1-2-Muted-Light	base			24	textColor	rgba8	rgb(184,157,141) a=204
PhysicalFeature-Rank-1-2-Muted-Light	zoom	0-13		25	labelHaloColor	rgba8	rgb(248,248,246) a=204
PhysicalFeature-Rank-1-2-Muted-Light	zoom	13-24		25	labelHaloColor	rgba8	rgb(248,248,246) a=128
PhysicalFeature-Rank-1-2-Muted-Light	zoom	0-13		18	textSizeScale	float	1
PhysicalFeature-Rank-1-2-Muted-Light	zoom	13-14		18	textSizeScale	float	1.4
PhysicalFeature-Rank-1-2-Muted-Light	zoom	14-15		18	textSizeScale	float	1.5
PhysicalFeature-Rank-1-2-Muted-Light	zoom	15-17		18	textSizeScale	float	1.6
PhysicalFeature-Rank-1-2-Muted-Light	zoom	17-24		18	textSizeScale	float	2
PhysicalFeature-Rank-1-2-Muted-Light	cond+zoom	0-24	feature:MarkingColor=[28]	24	textColor	rgba8	rgb(126,188,224) a=255
PhysicalFeature-Rank-1-2-Muted-Dark	base			24	textColor	rgba8	rgb(122,115,102) a=255
PhysicalFeature-Rank-1-2-Muted-Dark	zoom	0-13		25	labelHaloColor	rgba8	rgb(18,48,51) a=112
PhysicalFeature-Rank-1-2-Muted-Dark	zoom	13-24		25	labelHaloColor	rgba8	rgb(18,48,51) a=153
PhysicalFeature-Rank-1-2-Muted-Dark	zoom	0-13		18	textSizeScale	float	1
PhysicalFeature-Rank-1-2-Muted-Dark	zoom	13-14		18	textSizeScale	float	1.4
PhysicalFeature-Rank-1-2-Muted-Dark	zoom	14-15		18	textSizeScale	float	1.5
PhysicalFeature-Rank-1-2-Muted-Dark	zoom	15-17		18	textSizeScale	float	1.6
PhysicalFeature-Rank-1-2-Muted-Dark	zoom	17-24		18	textSizeScale	float	2
PhysicalFeature-Rank-1-2-Muted-Dark	cond+zoom	0-24	feature:MarkingColor=[28]	24	textColor	rgba8	rgb(126,188,224) a=128
PhysicalFeature-Rank-1-2-Driving-Light	base			24	textColor	rgba8	rgb(124,112,106) a=255
PhysicalFeature-Rank-1-2-Driving-Light	zoom	0-13		25	labelHaloColor	rgba8	rgb(248,248,246) a=204
PhysicalFeature-Rank-1-2-Driving-Light	zoom	13-24		25	labelHaloColor	rgba8	rgb(248,248,246) a=128
PhysicalFeature-Rank-1-2-Driving-Light	zoom	0-13		18	textSizeScale	float	1
PhysicalFeature-Rank-1-2-Driving-Light	zoom	13-14		18	textSizeScale	float	1.4
PhysicalFeature-Rank-1-2-Driving-Light	zoom	14-15		18	textSizeScale	float	1.5
PhysicalFeature-Rank-1-2-Driving-Light	zoom	15-17		18	textSizeScale	float	1.6
PhysicalFeature-Rank-1-2-Driving-Light	zoom	17-24		18	textSizeScale	float	2
PhysicalFeature-Rank-1-2-Driving-Light	cond+zoom	0-24	feature:MarkingColor=[28]	24	textColor	rgba8	rgb(126,188,224) a=255
PhysicalFeature-Rank-1-2-Driving-Dark	base			24	textColor	rgba8	rgb(204,172,151) a=255
PhysicalFeature-Rank-1-2-Driving-Dark	zoom	0-13		25	labelHaloColor	rgba8	rgb(18,48,51) a=112
PhysicalFeature-Rank-1-2-Driving-Dark	zoom	13-24		25	labelHaloColor	rgba8	rgb(18,48,51) a=153
PhysicalFeature-Rank-1-2-Driving-Dark	zoom	0-13		18	textSizeScale	float	1
PhysicalFeature-Rank-1-2-Driving-Dark	zoom	13-14		18	textSizeScale	float	1.4
PhysicalFeature-Rank-1-2-Driving-Dark	zoom	14-15		18	textSizeScale	float	1.5
PhysicalFeature-Rank-1-2-Driving-Dark	zoom	15-17		18	textSizeScale	float	1.6
PhysicalFeature-Rank-1-2-Driving-Dark	zoom	17-24		18	textSizeScale	float	2
PhysicalFeature-Rank-1-2-Driving-Dark	cond+zoom	0-24	feature:MarkingColor=[28]	24	textColor	rgba8	rgb(126,188,224) a=128
PhysicalFeature-Rank-1-2-Globe	base			24	textColor	rgba8	rgb(221,208,188) a=255
PhysicalFeature-Rank-1-2-Globe	zoom	0-11		18	textSizeScale	float	1.2
PhysicalFeature-Rank-1-2-Globe	zoom	11-24		18	textSizeScale	float	1.83
PhysicalFeature-Rank-1-2-Globe	zoom	0-11		25	labelHaloColor	rgba8	rgb(28,38,50) a=199
PhysicalFeature-Rank-1-2-Globe	zoom	11-24		25	labelHaloColor	rgba8	rgb(28,38,50) a=219
PhysicalFeature-Rank-1-2-Globe	cond+zoom	0-24	feature:MarkingColor=[28]	24	textColor	rgba8	rgb(159,227,237) a=128
PhysicalFeature-Rank-3-5	zoom	2-3		29	fontSizeParam	float	2.5
PhysicalFeature-Rank-3-5	zoom	3-4		29	fontSizeParam	float	10
PhysicalFeature-Rank-3-5	zoom	4-5		29	fontSizeParam	float	20
PhysicalFeature-Rank-3-5	zoom	5-6		29	fontSizeParam	float	40
PhysicalFeature-Rank-3-5	zoom	6-7		29	fontSizeParam	float	80
PhysicalFeature-Rank-3-5	zoom	7-24		29	fontSizeParam	float	160
PhysicalFeature-Rank-3-5-Explore-Light	base			24	textColor	rgba8	rgb(124,112,106) a=255
PhysicalFeature-Rank-3-5-Explore-Light	zoom	0-13		25	labelHaloColor	rgba8	rgb(248,248,246) a=204
PhysicalFeature-Rank-3-5-Explore-Light	zoom	13-24		25	labelHaloColor	rgba8	rgb(248,248,246) a=128
PhysicalFeature-Rank-3-5-Explore-Light	zoom	0-13		18	textSizeScale	float	1
PhysicalFeature-Rank-3-5-Explore-Light	zoom	13-14		18	textSizeScale	float	1.4
PhysicalFeature-Rank-3-5-Explore-Light	zoom	14-15		18	textSizeScale	float	1.5
PhysicalFeature-Rank-3-5-Explore-Light	zoom	15-17		18	textSizeScale	float	1.6
PhysicalFeature-Rank-3-5-Explore-Light	zoom	17-24		18	textSizeScale	float	2
PhysicalFeature-Rank-3-5-Explore-Light	cond+zoom	0-24	feature:MarkingColor=[28]	24	textColor	rgba8	rgb(126,188,224) a=255
PhysicalFeature-Rank-3-5-Explore-Dark	base			24	textColor	rgba8	rgb(204,172,151) a=255
PhysicalFeature-Rank-3-5-Explore-Dark	zoom	0-13		25	labelHaloColor	rgba8	rgb(18,48,51) a=112
PhysicalFeature-Rank-3-5-Explore-Dark	zoom	13-24		25	labelHaloColor	rgba8	rgb(18,48,51) a=153
PhysicalFeature-Rank-3-5-Explore-Dark	zoom	0-13		18	textSizeScale	float	1
PhysicalFeature-Rank-3-5-Explore-Dark	zoom	13-14		18	textSizeScale	float	1.4
PhysicalFeature-Rank-3-5-Explore-Dark	zoom	14-15		18	textSizeScale	float	1.5
PhysicalFeature-Rank-3-5-Explore-Dark	zoom	15-17		18	textSizeScale	float	1.6
PhysicalFeature-Rank-3-5-Explore-Dark	zoom	17-24		18	textSizeScale	float	2
PhysicalFeature-Rank-3-5-Explore-Dark	cond+zoom	0-24	feature:MarkingColor=[28]	24	textColor	rgba8	rgb(126,188,224) a=128
PhysicalFeature-Rank-3-5-Muted-Light	base			24	textColor	rgba8	rgb(184,157,141) a=204
PhysicalFeature-Rank-3-5-Muted-Light	zoom	0-13		25	labelHaloColor	rgba8	rgb(248,248,246) a=204
PhysicalFeature-Rank-3-5-Muted-Light	zoom	13-24		25	labelHaloColor	rgba8	rgb(248,248,246) a=128
PhysicalFeature-Rank-3-5-Muted-Light	zoom	0-13		18	textSizeScale	float	1
PhysicalFeature-Rank-3-5-Muted-Light	zoom	13-14		18	textSizeScale	float	1.4
PhysicalFeature-Rank-3-5-Muted-Light	zoom	14-15		18	textSizeScale	float	1.5
PhysicalFeature-Rank-3-5-Muted-Light	zoom	15-17		18	textSizeScale	float	1.6
PhysicalFeature-Rank-3-5-Muted-Light	zoom	17-24		18	textSizeScale	float	2
PhysicalFeature-Rank-3-5-Muted-Light	cond+zoom	0-24	feature:MarkingColor=[28]	24	textColor	rgba8	rgb(126,188,224) a=255
PhysicalFeature-Rank-3-5-Muted-Dark	base			24	textColor	rgba8	rgb(122,115,102) a=255
PhysicalFeature-Rank-3-5-Muted-Dark	zoom	0-13		25	labelHaloColor	rgba8	rgb(18,48,51) a=112
PhysicalFeature-Rank-3-5-Muted-Dark	zoom	13-24		25	labelHaloColor	rgba8	rgb(18,48,51) a=153
PhysicalFeature-Rank-3-5-Muted-Dark	zoom	0-13		18	textSizeScale	float	1
PhysicalFeature-Rank-3-5-Muted-Dark	zoom	13-14		18	textSizeScale	float	1.4
PhysicalFeature-Rank-3-5-Muted-Dark	zoom	14-15		18	textSizeScale	float	1.5
PhysicalFeature-Rank-3-5-Muted-Dark	zoom	15-17		18	textSizeScale	float	1.6
PhysicalFeature-Rank-3-5-Muted-Dark	zoom	17-24		18	textSizeScale	float	2
PhysicalFeature-Rank-3-5-Muted-Dark	cond+zoom	0-24	feature:MarkingColor=[28]	24	textColor	rgba8	rgb(126,188,224) a=128
PhysicalFeature-Rank-3-5-Driving-Light	base			24	textColor	rgba8	rgb(124,112,106) a=255
PhysicalFeature-Rank-3-5-Driving-Light	zoom	0-13		25	labelHaloColor	rgba8	rgb(248,248,246) a=204
PhysicalFeature-Rank-3-5-Driving-Light	zoom	13-24		25	labelHaloColor	rgba8	rgb(248,248,246) a=128
PhysicalFeature-Rank-3-5-Driving-Light	zoom	0-13		18	textSizeScale	float	1
PhysicalFeature-Rank-3-5-Driving-Light	zoom	13-14		18	textSizeScale	float	1.4
PhysicalFeature-Rank-3-5-Driving-Light	zoom	14-15		18	textSizeScale	float	1.5
PhysicalFeature-Rank-3-5-Driving-Light	zoom	15-17		18	textSizeScale	float	1.6
PhysicalFeature-Rank-3-5-Driving-Light	zoom	17-24		18	textSizeScale	float	2
PhysicalFeature-Rank-3-5-Driving-Light	cond+zoom	0-24	feature:MarkingColor=[28]	24	textColor	rgba8	rgb(126,188,224) a=255
PhysicalFeature-Rank-3-5-Driving-Dark	base			24	textColor	rgba8	rgb(204,172,151) a=255
PhysicalFeature-Rank-3-5-Driving-Dark	zoom	0-13		25	labelHaloColor	rgba8	rgb(18,48,51) a=112
PhysicalFeature-Rank-3-5-Driving-Dark	zoom	13-24		25	labelHaloColor	rgba8	rgb(18,48,51) a=153
PhysicalFeature-Rank-3-5-Driving-Dark	zoom	0-13		18	textSizeScale	float	1
PhysicalFeature-Rank-3-5-Driving-Dark	zoom	13-14		18	textSizeScale	float	1.4
PhysicalFeature-Rank-3-5-Driving-Dark	zoom	14-15		18	textSizeScale	float	1.5
PhysicalFeature-Rank-3-5-Driving-Dark	zoom	15-17		18	textSizeScale	float	1.6
PhysicalFeature-Rank-3-5-Driving-Dark	zoom	17-24		18	textSizeScale	float	2
PhysicalFeature-Rank-3-5-Driving-Dark	cond+zoom	0-24	feature:MarkingColor=[28]	24	textColor	rgba8	rgb(126,188,224) a=128
PhysicalFeature-Rank-3-5-Globe	base			24	textColor	rgba8	rgb(221,208,188) a=255
PhysicalFeature-Rank-3-5-Globe	zoom	0-11		18	textSizeScale	float	1.2
PhysicalFeature-Rank-3-5-Globe	zoom	11-24		18	textSizeScale	float	1.83
PhysicalFeature-Rank-3-5-Globe	zoom	0-11		25	labelHaloColor	rgba8	rgb(28,38,50) a=199
PhysicalFeature-Rank-3-5-Globe	zoom	11-24		25	labelHaloColor	rgba8	rgb(28,38,50) a=219
PhysicalFeature-Rank-3-5-Globe	cond+zoom	0-24	feature:MarkingColor=[28]	24	textColor	rgba8	rgb(159,227,237) a=128
PhysicalFeature-Rank-6	zoom	2-3		29	fontSizeParam	float	2.5
PhysicalFeature-Rank-6	zoom	3-4		29	fontSizeParam	float	2.5
PhysicalFeature-Rank-6	zoom	4-5		29	fontSizeParam	float	5
PhysicalFeature-Rank-6	zoom	5-6		29	fontSizeParam	float	15
PhysicalFeature-Rank-6	zoom	6-7		29	fontSizeParam	float	40
PhysicalFeature-Rank-6	zoom	7-24		29	fontSizeParam	float	80
PhysicalFeature-Rank-6-Explore-Light	base			24	textColor	rgba8	rgb(124,112,106) a=255
PhysicalFeature-Rank-6-Explore-Light	zoom	0-13		25	labelHaloColor	rgba8	rgb(248,248,246) a=204
PhysicalFeature-Rank-6-Explore-Light	zoom	13-24		25	labelHaloColor	rgba8	rgb(248,248,246) a=128
PhysicalFeature-Rank-6-Explore-Light	zoom	0-13		18	textSizeScale	float	1
PhysicalFeature-Rank-6-Explore-Light	zoom	13-14		18	textSizeScale	float	1.4
PhysicalFeature-Rank-6-Explore-Light	zoom	14-15		18	textSizeScale	float	1.5
PhysicalFeature-Rank-6-Explore-Light	zoom	15-17		18	textSizeScale	float	1.6
PhysicalFeature-Rank-6-Explore-Light	zoom	17-24		18	textSizeScale	float	2
PhysicalFeature-Rank-6-Explore-Light	cond+zoom	0-24	feature:MarkingColor=[28]	24	textColor	rgba8	rgb(126,188,224) a=255
PhysicalFeature-Rank-6-Explore-Dark	base			24	textColor	rgba8	rgb(204,172,151) a=255
PhysicalFeature-Rank-6-Explore-Dark	zoom	0-13		25	labelHaloColor	rgba8	rgb(18,48,51) a=112
PhysicalFeature-Rank-6-Explore-Dark	zoom	13-24		25	labelHaloColor	rgba8	rgb(18,48,51) a=153
PhysicalFeature-Rank-6-Explore-Dark	zoom	0-13		18	textSizeScale	float	1
PhysicalFeature-Rank-6-Explore-Dark	zoom	13-14		18	textSizeScale	float	1.4
PhysicalFeature-Rank-6-Explore-Dark	zoom	14-15		18	textSizeScale	float	1.5
PhysicalFeature-Rank-6-Explore-Dark	zoom	15-17		18	textSizeScale	float	1.6
PhysicalFeature-Rank-6-Explore-Dark	zoom	17-24		18	textSizeScale	float	2
PhysicalFeature-Rank-6-Explore-Dark	cond+zoom	0-24	feature:MarkingColor=[28]	24	textColor	rgba8	rgb(126,188,224) a=128
PhysicalFeature-Rank-6-Muted-Light	base			24	textColor	rgba8	rgb(184,157,141) a=204
PhysicalFeature-Rank-6-Muted-Light	zoom	0-13		25	labelHaloColor	rgba8	rgb(248,248,246) a=204
PhysicalFeature-Rank-6-Muted-Light	zoom	13-24		25	labelHaloColor	rgba8	rgb(248,248,246) a=128
PhysicalFeature-Rank-6-Muted-Light	zoom	0-13		18	textSizeScale	float	1
PhysicalFeature-Rank-6-Muted-Light	zoom	13-14		18	textSizeScale	float	1.4
PhysicalFeature-Rank-6-Muted-Light	zoom	14-15		18	textSizeScale	float	1.5
PhysicalFeature-Rank-6-Muted-Light	zoom	15-17		18	textSizeScale	float	1.6
PhysicalFeature-Rank-6-Muted-Light	zoom	17-24		18	textSizeScale	float	2
PhysicalFeature-Rank-6-Muted-Light	cond+zoom	0-24	feature:MarkingColor=[28]	24	textColor	rgba8	rgb(126,188,224) a=255
PhysicalFeature-Rank-6-Muted-Dark	base			24	textColor	rgba8	rgb(122,115,102) a=255
PhysicalFeature-Rank-6-Muted-Dark	zoom	0-13		25	labelHaloColor	rgba8	rgb(18,48,51) a=112
PhysicalFeature-Rank-6-Muted-Dark	zoom	13-24		25	labelHaloColor	rgba8	rgb(18,48,51) a=153
PhysicalFeature-Rank-6-Muted-Dark	zoom	0-13		18	textSizeScale	float	1
PhysicalFeature-Rank-6-Muted-Dark	zoom	13-14		18	textSizeScale	float	1.4
PhysicalFeature-Rank-6-Muted-Dark	zoom	14-15		18	textSizeScale	float	1.5
PhysicalFeature-Rank-6-Muted-Dark	zoom	15-17		18	textSizeScale	float	1.6
PhysicalFeature-Rank-6-Muted-Dark	zoom	17-24		18	textSizeScale	float	2
PhysicalFeature-Rank-6-Muted-Dark	cond+zoom	0-24	feature:MarkingColor=[28]	24	textColor	rgba8	rgb(126,188,224) a=128
PhysicalFeature-Rank-6-Driving-Light	base			24	textColor	rgba8	rgb(124,112,106) a=255
PhysicalFeature-Rank-6-Driving-Light	zoom	0-13		25	labelHaloColor	rgba8	rgb(248,248,246) a=204
PhysicalFeature-Rank-6-Driving-Light	zoom	13-24		25	labelHaloColor	rgba8	rgb(248,248,246) a=128
PhysicalFeature-Rank-6-Driving-Light	zoom	0-13		18	textSizeScale	float	1
PhysicalFeature-Rank-6-Driving-Light	zoom	13-14		18	textSizeScale	float	1.4
PhysicalFeature-Rank-6-Driving-Light	zoom	14-15		18	textSizeScale	float	1.5
PhysicalFeature-Rank-6-Driving-Light	zoom	15-17		18	textSizeScale	float	1.6
PhysicalFeature-Rank-6-Driving-Light	zoom	17-24		18	textSizeScale	float	2
PhysicalFeature-Rank-6-Driving-Light	cond+zoom	0-24	feature:MarkingColor=[28]	24	textColor	rgba8	rgb(126,188,224) a=255
PhysicalFeature-Rank-6-Driving-Dark	base			24	textColor	rgba8	rgb(204,172,151) a=255
PhysicalFeature-Rank-6-Driving-Dark	zoom	0-13		25	labelHaloColor	rgba8	rgb(18,48,51) a=112
PhysicalFeature-Rank-6-Driving-Dark	zoom	13-24		25	labelHaloColor	rgba8	rgb(18,48,51) a=153
PhysicalFeature-Rank-6-Driving-Dark	zoom	0-13		18	textSizeScale	float	1
PhysicalFeature-Rank-6-Driving-Dark	zoom	13-14		18	textSizeScale	float	1.4
PhysicalFeature-Rank-6-Driving-Dark	zoom	14-15		18	textSizeScale	float	1.5
PhysicalFeature-Rank-6-Driving-Dark	zoom	15-17		18	textSizeScale	float	1.6
PhysicalFeature-Rank-6-Driving-Dark	zoom	17-24		18	textSizeScale	float	2
PhysicalFeature-Rank-6-Driving-Dark	cond+zoom	0-24	feature:MarkingColor=[28]	24	textColor	rgba8	rgb(126,188,224) a=128
PhysicalFeature-Rank-6-Globe	base			24	textColor	rgba8	rgb(221,208,188) a=255
PhysicalFeature-Rank-6-Globe	zoom	0-11		18	textSizeScale	float	1.2
PhysicalFeature-Rank-6-Globe	zoom	11-24		18	textSizeScale	float	1.83
PhysicalFeature-Rank-6-Globe	zoom	0-11		25	labelHaloColor	rgba8	rgb(28,38,50) a=199
PhysicalFeature-Rank-6-Globe	zoom	11-24		25	labelHaloColor	rgba8	rgb(28,38,50) a=219
PhysicalFeature-Rank-6-Globe	cond+zoom	0-24	feature:MarkingColor=[28]	24	textColor	rgba8	rgb(159,227,237) a=128
PhysicalFeature-Rank-7	zoom	1-4		29	fontSizeParam	float	3
PhysicalFeature-Rank-7	zoom	4-5		29	fontSizeParam	float	3
PhysicalFeature-Rank-7	zoom	5-6		29	fontSizeParam	float	10
PhysicalFeature-Rank-7	zoom	6-7		29	fontSizeParam	float	20
PhysicalFeature-Rank-7	zoom	7-8		29	fontSizeParam	float	30
PhysicalFeature-Rank-7	zoom	8-24		29	fontSizeParam	float	40
PhysicalFeature-Rank-7-Explore-Light	base			24	textColor	rgba8	rgb(124,112,106) a=255
PhysicalFeature-Rank-7-Explore-Light	zoom	0-13		25	labelHaloColor	rgba8	rgb(248,248,246) a=204
PhysicalFeature-Rank-7-Explore-Light	zoom	13-24		25	labelHaloColor	rgba8	rgb(248,248,246) a=128
PhysicalFeature-Rank-7-Explore-Light	zoom	0-13		18	textSizeScale	float	1
PhysicalFeature-Rank-7-Explore-Light	zoom	13-14		18	textSizeScale	float	1.4
PhysicalFeature-Rank-7-Explore-Light	zoom	14-15		18	textSizeScale	float	1.5
PhysicalFeature-Rank-7-Explore-Light	zoom	15-17		18	textSizeScale	float	1.6
PhysicalFeature-Rank-7-Explore-Light	zoom	17-24		18	textSizeScale	float	2
PhysicalFeature-Rank-7-Explore-Light	cond+zoom	0-24	feature:MarkingColor=[28]	24	textColor	rgba8	rgb(126,188,224) a=255
PhysicalFeature-Rank-7-Explore-Dark	base			24	textColor	rgba8	rgb(204,172,151) a=255
PhysicalFeature-Rank-7-Explore-Dark	zoom	0-13		25	labelHaloColor	rgba8	rgb(18,48,51) a=112
PhysicalFeature-Rank-7-Explore-Dark	zoom	13-24		25	labelHaloColor	rgba8	rgb(18,48,51) a=153
PhysicalFeature-Rank-7-Explore-Dark	zoom	0-13		18	textSizeScale	float	1
PhysicalFeature-Rank-7-Explore-Dark	zoom	13-14		18	textSizeScale	float	1.4
PhysicalFeature-Rank-7-Explore-Dark	zoom	14-15		18	textSizeScale	float	1.5
PhysicalFeature-Rank-7-Explore-Dark	zoom	15-17		18	textSizeScale	float	1.6
PhysicalFeature-Rank-7-Explore-Dark	zoom	17-24		18	textSizeScale	float	2
PhysicalFeature-Rank-7-Explore-Dark	cond+zoom	0-24	feature:MarkingColor=[28]	24	textColor	rgba8	rgb(126,188,224) a=128
PhysicalFeature-Rank-7-Muted-Light	base			24	textColor	rgba8	rgb(184,157,141) a=204
PhysicalFeature-Rank-7-Muted-Light	zoom	0-13		25	labelHaloColor	rgba8	rgb(248,248,246) a=204
PhysicalFeature-Rank-7-Muted-Light	zoom	13-24		25	labelHaloColor	rgba8	rgb(248,248,246) a=128
PhysicalFeature-Rank-7-Muted-Light	zoom	0-13		18	textSizeScale	float	1
PhysicalFeature-Rank-7-Muted-Light	zoom	13-14		18	textSizeScale	float	1.4
PhysicalFeature-Rank-7-Muted-Light	zoom	14-15		18	textSizeScale	float	1.5
PhysicalFeature-Rank-7-Muted-Light	zoom	15-17		18	textSizeScale	float	1.6
PhysicalFeature-Rank-7-Muted-Light	zoom	17-24		18	textSizeScale	float	2
PhysicalFeature-Rank-7-Muted-Light	cond+zoom	0-24	feature:MarkingColor=[28]	24	textColor	rgba8	rgb(126,188,224) a=255
PhysicalFeature-Rank-7-Muted-Dark	base			24	textColor	rgba8	rgb(122,115,102) a=255
PhysicalFeature-Rank-7-Muted-Dark	zoom	0-13		25	labelHaloColor	rgba8	rgb(18,48,51) a=112
PhysicalFeature-Rank-7-Muted-Dark	zoom	13-24		25	labelHaloColor	rgba8	rgb(18,48,51) a=153
PhysicalFeature-Rank-7-Muted-Dark	zoom	0-13		18	textSizeScale	float	1
PhysicalFeature-Rank-7-Muted-Dark	zoom	13-14		18	textSizeScale	float	1.4
PhysicalFeature-Rank-7-Muted-Dark	zoom	14-15		18	textSizeScale	float	1.5
PhysicalFeature-Rank-7-Muted-Dark	zoom	15-17		18	textSizeScale	float	1.6
PhysicalFeature-Rank-7-Muted-Dark	zoom	17-24		18	textSizeScale	float	2
PhysicalFeature-Rank-7-Muted-Dark	cond+zoom	0-24	feature:MarkingColor=[28]	24	textColor	rgba8	rgb(126,188,224) a=128
PhysicalFeature-Rank-7-Driving-Light	base			24	textColor	rgba8	rgb(124,112,106) a=255
PhysicalFeature-Rank-7-Driving-Light	zoom	0-13		25	labelHaloColor	rgba8	rgb(248,248,246) a=204
PhysicalFeature-Rank-7-Driving-Light	zoom	13-24		25	labelHaloColor	rgba8	rgb(248,248,246) a=128
PhysicalFeature-Rank-7-Driving-Light	zoom	0-13		18	textSizeScale	float	1
PhysicalFeature-Rank-7-Driving-Light	zoom	13-14		18	textSizeScale	float	1.4
PhysicalFeature-Rank-7-Driving-Light	zoom	14-15		18	textSizeScale	float	1.5
PhysicalFeature-Rank-7-Driving-Light	zoom	15-17		18	textSizeScale	float	1.6
PhysicalFeature-Rank-7-Driving-Light	zoom	17-24		18	textSizeScale	float	2
PhysicalFeature-Rank-7-Driving-Light	cond+zoom	0-24	feature:MarkingColor=[28]	24	textColor	rgba8	rgb(126,188,224) a=255
PhysicalFeature-Rank-7-Driving-Dark	base			24	textColor	rgba8	rgb(204,172,151) a=255
PhysicalFeature-Rank-7-Driving-Dark	zoom	0-13		25	labelHaloColor	rgba8	rgb(18,48,51) a=112
PhysicalFeature-Rank-7-Driving-Dark	zoom	13-24		25	labelHaloColor	rgba8	rgb(18,48,51) a=153
PhysicalFeature-Rank-7-Driving-Dark	zoom	0-13		18	textSizeScale	float	1
PhysicalFeature-Rank-7-Driving-Dark	zoom	13-14		18	textSizeScale	float	1.4
PhysicalFeature-Rank-7-Driving-Dark	zoom	14-15		18	textSizeScale	float	1.5
PhysicalFeature-Rank-7-Driving-Dark	zoom	15-17		18	textSizeScale	float	1.6
PhysicalFeature-Rank-7-Driving-Dark	zoom	17-24		18	textSizeScale	float	2
PhysicalFeature-Rank-7-Driving-Dark	cond+zoom	0-24	feature:MarkingColor=[28]	24	textColor	rgba8	rgb(126,188,224) a=128
PhysicalFeature-Rank-7-Globe	base			24	textColor	rgba8	rgb(221,208,188) a=255
PhysicalFeature-Rank-7-Globe	zoom	0-11		18	textSizeScale	float	1.2
PhysicalFeature-Rank-7-Globe	zoom	11-24		18	textSizeScale	float	1.83
PhysicalFeature-Rank-7-Globe	zoom	0-11		25	labelHaloColor	rgba8	rgb(28,38,50) a=199
PhysicalFeature-Rank-7-Globe	zoom	11-24		25	labelHaloColor	rgba8	rgb(28,38,50) a=219
PhysicalFeature-Rank-7-Globe	cond+zoom	0-24	feature:MarkingColor=[28]	24	textColor	rgba8	rgb(159,227,237) a=128
PhysicalFeature-Rank-8-9	zoom	1-5		29	fontSizeParam	float	3
PhysicalFeature-Rank-8-9	zoom	5-6		29	fontSizeParam	float	3
PhysicalFeature-Rank-8-9	zoom	6-7		29	fontSizeParam	float	11.5
PhysicalFeature-Rank-8-9	zoom	7-8		29	fontSizeParam	float	20
PhysicalFeature-Rank-8-9	zoom	8-9		29	fontSizeParam	float	37
PhysicalFeature-Rank-8-9	zoom	9-24		29	fontSizeParam	float	54
PhysicalFeature-Rank-8-9-Explore-Light	base			24	textColor	rgba8	rgb(124,112,106) a=255
PhysicalFeature-Rank-8-9-Explore-Light	zoom	0-13		25	labelHaloColor	rgba8	rgb(248,248,246) a=204
PhysicalFeature-Rank-8-9-Explore-Light	zoom	13-24		25	labelHaloColor	rgba8	rgb(248,248,246) a=128
PhysicalFeature-Rank-8-9-Explore-Light	zoom	0-13		18	textSizeScale	float	1
PhysicalFeature-Rank-8-9-Explore-Light	zoom	13-14		18	textSizeScale	float	1.4
PhysicalFeature-Rank-8-9-Explore-Light	zoom	14-15		18	textSizeScale	float	1.5
PhysicalFeature-Rank-8-9-Explore-Light	zoom	15-17		18	textSizeScale	float	1.6
PhysicalFeature-Rank-8-9-Explore-Light	zoom	17-24		18	textSizeScale	float	2
PhysicalFeature-Rank-8-9-Explore-Light	cond+zoom	0-24	feature:MarkingColor=[28]	24	textColor	rgba8	rgb(126,188,224) a=255
PhysicalFeature-Rank-8-9-Explore-Dark	base			24	textColor	rgba8	rgb(204,172,151) a=255
PhysicalFeature-Rank-8-9-Explore-Dark	zoom	0-13		25	labelHaloColor	rgba8	rgb(18,48,51) a=112
PhysicalFeature-Rank-8-9-Explore-Dark	zoom	13-24		25	labelHaloColor	rgba8	rgb(18,48,51) a=153
PhysicalFeature-Rank-8-9-Explore-Dark	zoom	0-13		18	textSizeScale	float	1
PhysicalFeature-Rank-8-9-Explore-Dark	zoom	13-14		18	textSizeScale	float	1.4
PhysicalFeature-Rank-8-9-Explore-Dark	zoom	14-15		18	textSizeScale	float	1.5
PhysicalFeature-Rank-8-9-Explore-Dark	zoom	15-17		18	textSizeScale	float	1.6
PhysicalFeature-Rank-8-9-Explore-Dark	zoom	17-24		18	textSizeScale	float	2
PhysicalFeature-Rank-8-9-Explore-Dark	cond+zoom	0-24	feature:MarkingColor=[28]	24	textColor	rgba8	rgb(126,188,224) a=128
PhysicalFeature-Rank-8-9-Muted-Light	base			24	textColor	rgba8	rgb(184,157,141) a=204
PhysicalFeature-Rank-8-9-Muted-Light	zoom	0-13		25	labelHaloColor	rgba8	rgb(248,248,246) a=204
PhysicalFeature-Rank-8-9-Muted-Light	zoom	13-24		25	labelHaloColor	rgba8	rgb(248,248,246) a=128
PhysicalFeature-Rank-8-9-Muted-Light	zoom	0-13		18	textSizeScale	float	1
PhysicalFeature-Rank-8-9-Muted-Light	zoom	13-14		18	textSizeScale	float	1.4
PhysicalFeature-Rank-8-9-Muted-Light	zoom	14-15		18	textSizeScale	float	1.5
PhysicalFeature-Rank-8-9-Muted-Light	zoom	15-17		18	textSizeScale	float	1.6
PhysicalFeature-Rank-8-9-Muted-Light	zoom	17-24		18	textSizeScale	float	2
PhysicalFeature-Rank-8-9-Muted-Light	cond+zoom	0-24	feature:MarkingColor=[28]	24	textColor	rgba8	rgb(126,188,224) a=255
PhysicalFeature-Rank-8-9-Muted-Dark	base			24	textColor	rgba8	rgb(122,115,102) a=255
PhysicalFeature-Rank-8-9-Muted-Dark	zoom	0-13		25	labelHaloColor	rgba8	rgb(18,48,51) a=112
PhysicalFeature-Rank-8-9-Muted-Dark	zoom	13-24		25	labelHaloColor	rgba8	rgb(18,48,51) a=153
PhysicalFeature-Rank-8-9-Muted-Dark	zoom	0-13		18	textSizeScale	float	1
PhysicalFeature-Rank-8-9-Muted-Dark	zoom	13-14		18	textSizeScale	float	1.4
PhysicalFeature-Rank-8-9-Muted-Dark	zoom	14-15		18	textSizeScale	float	1.5
PhysicalFeature-Rank-8-9-Muted-Dark	zoom	15-17		18	textSizeScale	float	1.6
PhysicalFeature-Rank-8-9-Muted-Dark	zoom	17-24		18	textSizeScale	float	2
PhysicalFeature-Rank-8-9-Muted-Dark	cond+zoom	0-24	feature:MarkingColor=[28]	24	textColor	rgba8	rgb(126,188,224) a=128
PhysicalFeature-Rank-8-9-Driving-Light	base			24	textColor	rgba8	rgb(124,112,106) a=255
PhysicalFeature-Rank-8-9-Driving-Light	zoom	0-13		25	labelHaloColor	rgba8	rgb(248,248,246) a=204
PhysicalFeature-Rank-8-9-Driving-Light	zoom	13-24		25	labelHaloColor	rgba8	rgb(248,248,246) a=128
PhysicalFeature-Rank-8-9-Driving-Light	zoom	0-13		18	textSizeScale	float	1
PhysicalFeature-Rank-8-9-Driving-Light	zoom	13-14		18	textSizeScale	float	1.4
PhysicalFeature-Rank-8-9-Driving-Light	zoom	14-15		18	textSizeScale	float	1.5
PhysicalFeature-Rank-8-9-Driving-Light	zoom	15-17		18	textSizeScale	float	1.6
PhysicalFeature-Rank-8-9-Driving-Light	zoom	17-24		18	textSizeScale	float	2
PhysicalFeature-Rank-8-9-Driving-Light	cond+zoom	0-24	feature:MarkingColor=[28]	24	textColor	rgba8	rgb(126,188,224) a=255
PhysicalFeature-Rank-8-9-Driving-Dark	base			24	textColor	rgba8	rgb(204,172,151) a=255
PhysicalFeature-Rank-8-9-Driving-Dark	zoom	0-13		25	labelHaloColor	rgba8	rgb(18,48,51) a=112
PhysicalFeature-Rank-8-9-Driving-Dark	zoom	13-24		25	labelHaloColor	rgba8	rgb(18,48,51) a=153
PhysicalFeature-Rank-8-9-Driving-Dark	zoom	0-13		18	textSizeScale	float	1
PhysicalFeature-Rank-8-9-Driving-Dark	zoom	13-14		18	textSizeScale	float	1.4
PhysicalFeature-Rank-8-9-Driving-Dark	zoom	14-15		18	textSizeScale	float	1.5
PhysicalFeature-Rank-8-9-Driving-Dark	zoom	15-17		18	textSizeScale	float	1.6
PhysicalFeature-Rank-8-9-Driving-Dark	zoom	17-24		18	textSizeScale	float	2
PhysicalFeature-Rank-8-9-Driving-Dark	cond+zoom	0-24	feature:MarkingColor=[28]	24	textColor	rgba8	rgb(126,188,224) a=128
PhysicalFeature-Rank-8-9-Globe	base			24	textColor	rgba8	rgb(221,208,188) a=255
PhysicalFeature-Rank-8-9-Globe	zoom	0-11		18	textSizeScale	float	1.2
PhysicalFeature-Rank-8-9-Globe	zoom	11-24		18	textSizeScale	float	1.83
PhysicalFeature-Rank-8-9-Globe	zoom	0-11		25	labelHaloColor	rgba8	rgb(28,38,50) a=199
PhysicalFeature-Rank-8-9-Globe	zoom	11-24		25	labelHaloColor	rgba8	rgb(28,38,50) a=219
PhysicalFeature-Rank-8-9-Globe	cond+zoom	0-24	feature:MarkingColor=[28]	24	textColor	rgba8	rgb(159,227,237) a=128
PhysicalFeature-Rank-10	zoom	1-6		29	fontSizeParam	float	3
PhysicalFeature-Rank-10	zoom	6-7		29	fontSizeParam	float	3
PhysicalFeature-Rank-10	zoom	7-8		29	fontSizeParam	float	11.5
PhysicalFeature-Rank-10	zoom	8-9		29	fontSizeParam	float	20
PhysicalFeature-Rank-10	zoom	9-10		29	fontSizeParam	float	37
PhysicalFeature-Rank-10	zoom	10-24		29	fontSizeParam	float	54
PhysicalFeature-Rank-10-Explore-Light	base			24	textColor	rgba8	rgb(124,112,106) a=255
PhysicalFeature-Rank-10-Explore-Light	zoom	0-13		25	labelHaloColor	rgba8	rgb(248,248,246) a=204
PhysicalFeature-Rank-10-Explore-Light	zoom	13-24		25	labelHaloColor	rgba8	rgb(248,248,246) a=128
PhysicalFeature-Rank-10-Explore-Light	zoom	0-13		18	textSizeScale	float	1
PhysicalFeature-Rank-10-Explore-Light	zoom	13-14		18	textSizeScale	float	1.4
PhysicalFeature-Rank-10-Explore-Light	zoom	14-15		18	textSizeScale	float	1.5
PhysicalFeature-Rank-10-Explore-Light	zoom	15-17		18	textSizeScale	float	1.6
PhysicalFeature-Rank-10-Explore-Light	zoom	17-24		18	textSizeScale	float	2
PhysicalFeature-Rank-10-Explore-Light	cond+zoom	0-24	feature:MarkingColor=[28]	24	textColor	rgba8	rgb(126,188,224) a=255
PhysicalFeature-Rank-10-Explore-Dark	base			24	textColor	rgba8	rgb(204,172,151) a=255
PhysicalFeature-Rank-10-Explore-Dark	zoom	0-13		25	labelHaloColor	rgba8	rgb(18,48,51) a=112
PhysicalFeature-Rank-10-Explore-Dark	zoom	13-24		25	labelHaloColor	rgba8	rgb(18,48,51) a=153
PhysicalFeature-Rank-10-Explore-Dark	zoom	0-13		18	textSizeScale	float	1
PhysicalFeature-Rank-10-Explore-Dark	zoom	13-14		18	textSizeScale	float	1.4
PhysicalFeature-Rank-10-Explore-Dark	zoom	14-15		18	textSizeScale	float	1.5
PhysicalFeature-Rank-10-Explore-Dark	zoom	15-17		18	textSizeScale	float	1.6
PhysicalFeature-Rank-10-Explore-Dark	zoom	17-24		18	textSizeScale	float	2
PhysicalFeature-Rank-10-Explore-Dark	cond+zoom	0-24	feature:MarkingColor=[28]	24	textColor	rgba8	rgb(126,188,224) a=128
PhysicalFeature-Rank-10-Muted-Light	base			24	textColor	rgba8	rgb(184,157,141) a=204
PhysicalFeature-Rank-10-Muted-Light	zoom	0-13		25	labelHaloColor	rgba8	rgb(248,248,246) a=204
PhysicalFeature-Rank-10-Muted-Light	zoom	13-24		25	labelHaloColor	rgba8	rgb(248,248,246) a=128
PhysicalFeature-Rank-10-Muted-Light	zoom	0-13		18	textSizeScale	float	1
PhysicalFeature-Rank-10-Muted-Light	zoom	13-14		18	textSizeScale	float	1.4
PhysicalFeature-Rank-10-Muted-Light	zoom	14-15		18	textSizeScale	float	1.5
PhysicalFeature-Rank-10-Muted-Light	zoom	15-17		18	textSizeScale	float	1.6
PhysicalFeature-Rank-10-Muted-Light	zoom	17-24		18	textSizeScale	float	2
PhysicalFeature-Rank-10-Muted-Light	cond+zoom	0-24	feature:MarkingColor=[28]	24	textColor	rgba8	rgb(126,188,224) a=255
PhysicalFeature-Rank-10-Muted-Dark	base			24	textColor	rgba8	rgb(122,115,102) a=255
PhysicalFeature-Rank-10-Muted-Dark	zoom	0-13		25	labelHaloColor	rgba8	rgb(18,48,51) a=112
PhysicalFeature-Rank-10-Muted-Dark	zoom	13-24		25	labelHaloColor	rgba8	rgb(18,48,51) a=153
PhysicalFeature-Rank-10-Muted-Dark	zoom	0-13		18	textSizeScale	float	1
PhysicalFeature-Rank-10-Muted-Dark	zoom	13-14		18	textSizeScale	float	1.4
PhysicalFeature-Rank-10-Muted-Dark	zoom	14-15		18	textSizeScale	float	1.5
PhysicalFeature-Rank-10-Muted-Dark	zoom	15-17		18	textSizeScale	float	1.6
PhysicalFeature-Rank-10-Muted-Dark	zoom	17-24		18	textSizeScale	float	2
PhysicalFeature-Rank-10-Muted-Dark	cond+zoom	0-24	feature:MarkingColor=[28]	24	textColor	rgba8	rgb(126,188,224) a=128
PhysicalFeature-Rank-10-Driving-Light	base			24	textColor	rgba8	rgb(124,112,106) a=255
PhysicalFeature-Rank-10-Driving-Light	zoom	0-13		25	labelHaloColor	rgba8	rgb(248,248,246) a=204
PhysicalFeature-Rank-10-Driving-Light	zoom	13-24		25	labelHaloColor	rgba8	rgb(248,248,246) a=128
PhysicalFeature-Rank-10-Driving-Light	zoom	0-13		18	textSizeScale	float	1
PhysicalFeature-Rank-10-Driving-Light	zoom	13-14		18	textSizeScale	float	1.4
PhysicalFeature-Rank-10-Driving-Light	zoom	14-15		18	textSizeScale	float	1.5
PhysicalFeature-Rank-10-Driving-Light	zoom	15-17		18	textSizeScale	float	1.6
PhysicalFeature-Rank-10-Driving-Light	zoom	17-24		18	textSizeScale	float	2
PhysicalFeature-Rank-10-Driving-Light	cond+zoom	0-24	feature:MarkingColor=[28]	24	textColor	rgba8	rgb(126,188,224) a=255
PhysicalFeature-Rank-10-Driving-Dark	base			24	textColor	rgba8	rgb(204,172,151) a=255
PhysicalFeature-Rank-10-Driving-Dark	zoom	0-13		25	labelHaloColor	rgba8	rgb(18,48,51) a=112
PhysicalFeature-Rank-10-Driving-Dark	zoom	13-24		25	labelHaloColor	rgba8	rgb(18,48,51) a=153
PhysicalFeature-Rank-10-Driving-Dark	zoom	0-13		18	textSizeScale	float	1
PhysicalFeature-Rank-10-Driving-Dark	zoom	13-14		18	textSizeScale	float	1.4
PhysicalFeature-Rank-10-Driving-Dark	zoom	14-15		18	textSizeScale	float	1.5
PhysicalFeature-Rank-10-Driving-Dark	zoom	15-17		18	textSizeScale	float	1.6
PhysicalFeature-Rank-10-Driving-Dark	zoom	17-24		18	textSizeScale	float	2
PhysicalFeature-Rank-10-Driving-Dark	cond+zoom	0-24	feature:MarkingColor=[28]	24	textColor	rgba8	rgb(126,188,224) a=128
PhysicalFeature-Rank-10-Globe	base			24	textColor	rgba8	rgb(221,208,188) a=255
PhysicalFeature-Rank-10-Globe	zoom	0-11		18	textSizeScale	float	1.2
PhysicalFeature-Rank-10-Globe	zoom	11-24		18	textSizeScale	float	1.83
PhysicalFeature-Rank-10-Globe	zoom	0-11		25	labelHaloColor	rgba8	rgb(28,38,50) a=199
PhysicalFeature-Rank-10-Globe	zoom	11-24		25	labelHaloColor	rgba8	rgb(28,38,50) a=219
PhysicalFeature-Rank-10-Globe	cond+zoom	0-24	feature:MarkingColor=[28]	24	textColor	rgba8	rgb(159,227,237) a=128
PhysicalFeature-Rank-11	zoom	1-6		29	fontSizeParam	float	3
PhysicalFeature-Rank-11	zoom	6-7		29	fontSizeParam	float	3
PhysicalFeature-Rank-11	zoom	7-8		29	fontSizeParam	float	11.5
PhysicalFeature-Rank-11	zoom	8-9		29	fontSizeParam	float	20
PhysicalFeature-Rank-11	zoom	9-10		29	fontSizeParam	float	37
PhysicalFeature-Rank-11	zoom	10-24		29	fontSizeParam	float	54
PhysicalFeature-Rank-11-Explore-Light	base			24	textColor	rgba8	rgb(124,112,106) a=255
PhysicalFeature-Rank-11-Explore-Light	zoom	0-13		25	labelHaloColor	rgba8	rgb(248,248,246) a=204
PhysicalFeature-Rank-11-Explore-Light	zoom	13-24		25	labelHaloColor	rgba8	rgb(248,248,246) a=128
PhysicalFeature-Rank-11-Explore-Light	zoom	0-13		18	textSizeScale	float	1
PhysicalFeature-Rank-11-Explore-Light	zoom	13-14		18	textSizeScale	float	1.4
PhysicalFeature-Rank-11-Explore-Light	zoom	14-15		18	textSizeScale	float	1.5
PhysicalFeature-Rank-11-Explore-Light	zoom	15-17		18	textSizeScale	float	1.6
PhysicalFeature-Rank-11-Explore-Light	zoom	17-24		18	textSizeScale	float	2
PhysicalFeature-Rank-11-Explore-Light	cond+zoom	0-24	feature:MarkingColor=[28]	24	textColor	rgba8	rgb(126,188,224) a=255
PhysicalFeature-Rank-11-Explore-Dark	base			24	textColor	rgba8	rgb(204,172,151) a=255
PhysicalFeature-Rank-11-Explore-Dark	zoom	0-13		25	labelHaloColor	rgba8	rgb(18,48,51) a=112
PhysicalFeature-Rank-11-Explore-Dark	zoom	13-24		25	labelHaloColor	rgba8	rgb(18,48,51) a=153
PhysicalFeature-Rank-11-Explore-Dark	zoom	0-13		18	textSizeScale	float	1
PhysicalFeature-Rank-11-Explore-Dark	zoom	13-14		18	textSizeScale	float	1.4
PhysicalFeature-Rank-11-Explore-Dark	zoom	14-15		18	textSizeScale	float	1.5
PhysicalFeature-Rank-11-Explore-Dark	zoom	15-17		18	textSizeScale	float	1.6
PhysicalFeature-Rank-11-Explore-Dark	zoom	17-24		18	textSizeScale	float	2
PhysicalFeature-Rank-11-Explore-Dark	cond+zoom	0-24	feature:MarkingColor=[28]	24	textColor	rgba8	rgb(126,188,224) a=128
PhysicalFeature-Rank-11-Muted-Light	base			24	textColor	rgba8	rgb(184,157,141) a=204
PhysicalFeature-Rank-11-Muted-Light	zoom	0-13		25	labelHaloColor	rgba8	rgb(248,248,246) a=204
PhysicalFeature-Rank-11-Muted-Light	zoom	13-24		25	labelHaloColor	rgba8	rgb(248,248,246) a=128
PhysicalFeature-Rank-11-Muted-Light	zoom	0-13		18	textSizeScale	float	1
PhysicalFeature-Rank-11-Muted-Light	zoom	13-14		18	textSizeScale	float	1.4
PhysicalFeature-Rank-11-Muted-Light	zoom	14-15		18	textSizeScale	float	1.5
PhysicalFeature-Rank-11-Muted-Light	zoom	15-17		18	textSizeScale	float	1.6
PhysicalFeature-Rank-11-Muted-Light	zoom	17-24		18	textSizeScale	float	2
PhysicalFeature-Rank-11-Muted-Light	cond+zoom	0-24	feature:MarkingColor=[28]	24	textColor	rgba8	rgb(126,188,224) a=255
PhysicalFeature-Rank-11-Muted-Dark	base			24	textColor	rgba8	rgb(122,115,102) a=255
PhysicalFeature-Rank-11-Muted-Dark	zoom	0-13		25	labelHaloColor	rgba8	rgb(18,48,51) a=112
PhysicalFeature-Rank-11-Muted-Dark	zoom	13-24		25	labelHaloColor	rgba8	rgb(18,48,51) a=153
PhysicalFeature-Rank-11-Muted-Dark	zoom	0-13		18	textSizeScale	float	1
PhysicalFeature-Rank-11-Muted-Dark	zoom	13-14		18	textSizeScale	float	1.4
PhysicalFeature-Rank-11-Muted-Dark	zoom	14-15		18	textSizeScale	float	1.5
PhysicalFeature-Rank-11-Muted-Dark	zoom	15-17		18	textSizeScale	float	1.6
PhysicalFeature-Rank-11-Muted-Dark	zoom	17-24		18	textSizeScale	float	2
PhysicalFeature-Rank-11-Muted-Dark	cond+zoom	0-24	feature:MarkingColor=[28]	24	textColor	rgba8	rgb(126,188,224) a=128
PhysicalFeature-Rank-11-Driving-Light	base			24	textColor	rgba8	rgb(124,112,106) a=255
PhysicalFeature-Rank-11-Driving-Light	zoom	0-13		25	labelHaloColor	rgba8	rgb(248,248,246) a=204
PhysicalFeature-Rank-11-Driving-Light	zoom	13-24		25	labelHaloColor	rgba8	rgb(248,248,246) a=128
PhysicalFeature-Rank-11-Driving-Light	zoom	0-13		18	textSizeScale	float	1
PhysicalFeature-Rank-11-Driving-Light	zoom	13-14		18	textSizeScale	float	1.4
PhysicalFeature-Rank-11-Driving-Light	zoom	14-15		18	textSizeScale	float	1.5
PhysicalFeature-Rank-11-Driving-Light	zoom	15-17		18	textSizeScale	float	1.6
PhysicalFeature-Rank-11-Driving-Light	zoom	17-24		18	textSizeScale	float	2
PhysicalFeature-Rank-11-Driving-Light	cond+zoom	0-24	feature:MarkingColor=[28]	24	textColor	rgba8	rgb(126,188,224) a=255
PhysicalFeature-Rank-11-Driving-Dark	base			24	textColor	rgba8	rgb(204,172,151) a=255
PhysicalFeature-Rank-11-Driving-Dark	zoom	0-13		25	labelHaloColor	rgba8	rgb(18,48,51) a=112
PhysicalFeature-Rank-11-Driving-Dark	zoom	13-24		25	labelHaloColor	rgba8	rgb(18,48,51) a=153
PhysicalFeature-Rank-11-Driving-Dark	zoom	0-13		18	textSizeScale	float	1
PhysicalFeature-Rank-11-Driving-Dark	zoom	13-14		18	textSizeScale	float	1.4
PhysicalFeature-Rank-11-Driving-Dark	zoom	14-15		18	textSizeScale	float	1.5
PhysicalFeature-Rank-11-Driving-Dark	zoom	15-17		18	textSizeScale	float	1.6
PhysicalFeature-Rank-11-Driving-Dark	zoom	17-24		18	textSizeScale	float	2
PhysicalFeature-Rank-11-Driving-Dark	cond+zoom	0-24	feature:MarkingColor=[28]	24	textColor	rgba8	rgb(126,188,224) a=128
PhysicalFeature-Rank-11-Globe	base			24	textColor	rgba8	rgb(221,208,188) a=255
PhysicalFeature-Rank-11-Globe	zoom	0-11		18	textSizeScale	float	1.2
PhysicalFeature-Rank-11-Globe	zoom	11-24		18	textSizeScale	float	1.83
PhysicalFeature-Rank-11-Globe	zoom	0-11		25	labelHaloColor	rgba8	rgb(28,38,50) a=199
PhysicalFeature-Rank-11-Globe	zoom	11-24		25	labelHaloColor	rgba8	rgb(28,38,50) a=219
PhysicalFeature-Rank-11-Globe	cond+zoom	0-24	feature:MarkingColor=[28]	24	textColor	rgba8	rgb(159,227,237) a=128
PhysicalFeature-Rank-12	zoom	1-7		29	fontSizeParam	float	3
PhysicalFeature-Rank-12	zoom	7-8		29	fontSizeParam	float	3
PhysicalFeature-Rank-12	zoom	8-9		29	fontSizeParam	float	11.5
PhysicalFeature-Rank-12	zoom	9-10		29	fontSizeParam	float	20
PhysicalFeature-Rank-12	zoom	10-11		29	fontSizeParam	float	37
PhysicalFeature-Rank-12	zoom	11-24		29	fontSizeParam	float	54
PhysicalFeature-Rank-12-Explore-Light	base			24	textColor	rgba8	rgb(124,112,106) a=255
PhysicalFeature-Rank-12-Explore-Light	zoom	0-13		25	labelHaloColor	rgba8	rgb(248,248,246) a=204
PhysicalFeature-Rank-12-Explore-Light	zoom	13-24		25	labelHaloColor	rgba8	rgb(248,248,246) a=128
PhysicalFeature-Rank-12-Explore-Light	zoom	0-13		18	textSizeScale	float	1
PhysicalFeature-Rank-12-Explore-Light	zoom	13-14		18	textSizeScale	float	1.4
PhysicalFeature-Rank-12-Explore-Light	zoom	14-15		18	textSizeScale	float	1.5
PhysicalFeature-Rank-12-Explore-Light	zoom	15-17		18	textSizeScale	float	1.6
PhysicalFeature-Rank-12-Explore-Light	zoom	17-24		18	textSizeScale	float	2
PhysicalFeature-Rank-12-Explore-Light	cond+zoom	0-24	feature:MarkingColor=[28]	24	textColor	rgba8	rgb(126,188,224) a=255
PhysicalFeature-Rank-12-Explore-Dark	base			24	textColor	rgba8	rgb(204,172,151) a=255
PhysicalFeature-Rank-12-Explore-Dark	zoom	0-13		25	labelHaloColor	rgba8	rgb(18,48,51) a=112
PhysicalFeature-Rank-12-Explore-Dark	zoom	13-24		25	labelHaloColor	rgba8	rgb(18,48,51) a=153
PhysicalFeature-Rank-12-Explore-Dark	zoom	0-13		18	textSizeScale	float	1
PhysicalFeature-Rank-12-Explore-Dark	zoom	13-14		18	textSizeScale	float	1.4
PhysicalFeature-Rank-12-Explore-Dark	zoom	14-15		18	textSizeScale	float	1.5
PhysicalFeature-Rank-12-Explore-Dark	zoom	15-17		18	textSizeScale	float	1.6
PhysicalFeature-Rank-12-Explore-Dark	zoom	17-24		18	textSizeScale	float	2
PhysicalFeature-Rank-12-Explore-Dark	cond+zoom	0-24	feature:MarkingColor=[28]	24	textColor	rgba8	rgb(126,188,224) a=128
PhysicalFeature-Rank-12-Muted-Light	base			24	textColor	rgba8	rgb(184,157,141) a=204
PhysicalFeature-Rank-12-Muted-Light	zoom	0-13		25	labelHaloColor	rgba8	rgb(248,248,246) a=204
PhysicalFeature-Rank-12-Muted-Light	zoom	13-24		25	labelHaloColor	rgba8	rgb(248,248,246) a=128
PhysicalFeature-Rank-12-Muted-Light	zoom	0-13		18	textSizeScale	float	1
PhysicalFeature-Rank-12-Muted-Light	zoom	13-14		18	textSizeScale	float	1.4
PhysicalFeature-Rank-12-Muted-Light	zoom	14-15		18	textSizeScale	float	1.5
PhysicalFeature-Rank-12-Muted-Light	zoom	15-17		18	textSizeScale	float	1.6
PhysicalFeature-Rank-12-Muted-Light	zoom	17-24		18	textSizeScale	float	2
PhysicalFeature-Rank-12-Muted-Light	cond+zoom	0-24	feature:MarkingColor=[28]	24	textColor	rgba8	rgb(126,188,224) a=255
PhysicalFeature-Rank-12-Muted-Dark	base			24	textColor	rgba8	rgb(122,115,102) a=255
PhysicalFeature-Rank-12-Muted-Dark	zoom	0-13		25	labelHaloColor	rgba8	rgb(18,48,51) a=112
PhysicalFeature-Rank-12-Muted-Dark	zoom	13-24		25	labelHaloColor	rgba8	rgb(18,48,51) a=153
PhysicalFeature-Rank-12-Muted-Dark	zoom	0-13		18	textSizeScale	float	1
PhysicalFeature-Rank-12-Muted-Dark	zoom	13-14		18	textSizeScale	float	1.4
PhysicalFeature-Rank-12-Muted-Dark	zoom	14-15		18	textSizeScale	float	1.5
PhysicalFeature-Rank-12-Muted-Dark	zoom	15-17		18	textSizeScale	float	1.6
PhysicalFeature-Rank-12-Muted-Dark	zoom	17-24		18	textSizeScale	float	2
PhysicalFeature-Rank-12-Muted-Dark	cond+zoom	0-24	feature:MarkingColor=[28]	24	textColor	rgba8	rgb(126,188,224) a=128
PhysicalFeature-Rank-12-Driving-Light	base			24	textColor	rgba8	rgb(124,112,106) a=255
PhysicalFeature-Rank-12-Driving-Light	zoom	0-13		25	labelHaloColor	rgba8	rgb(248,248,246) a=204
PhysicalFeature-Rank-12-Driving-Light	zoom	13-24		25	labelHaloColor	rgba8	rgb(248,248,246) a=128
PhysicalFeature-Rank-12-Driving-Light	zoom	0-13		18	textSizeScale	float	1
PhysicalFeature-Rank-12-Driving-Light	zoom	13-14		18	textSizeScale	float	1.4
PhysicalFeature-Rank-12-Driving-Light	zoom	14-15		18	textSizeScale	float	1.5
PhysicalFeature-Rank-12-Driving-Light	zoom	15-17		18	textSizeScale	float	1.6
PhysicalFeature-Rank-12-Driving-Light	zoom	17-24		18	textSizeScale	float	2
PhysicalFeature-Rank-12-Driving-Light	cond+zoom	0-24	feature:MarkingColor=[28]	24	textColor	rgba8	rgb(126,188,224) a=255
PhysicalFeature-Rank-12-Driving-Dark	base			24	textColor	rgba8	rgb(204,172,151) a=255
PhysicalFeature-Rank-12-Driving-Dark	zoom	0-13		25	labelHaloColor	rgba8	rgb(18,48,51) a=112
PhysicalFeature-Rank-12-Driving-Dark	zoom	13-24		25	labelHaloColor	rgba8	rgb(18,48,51) a=153
PhysicalFeature-Rank-12-Driving-Dark	zoom	0-13		18	textSizeScale	float	1
PhysicalFeature-Rank-12-Driving-Dark	zoom	13-14		18	textSizeScale	float	1.4
PhysicalFeature-Rank-12-Driving-Dark	zoom	14-15		18	textSizeScale	float	1.5
PhysicalFeature-Rank-12-Driving-Dark	zoom	15-17		18	textSizeScale	float	1.6
PhysicalFeature-Rank-12-Driving-Dark	zoom	17-24		18	textSizeScale	float	2
PhysicalFeature-Rank-12-Driving-Dark	cond+zoom	0-24	feature:MarkingColor=[28]	24	textColor	rgba8	rgb(126,188,224) a=128
PhysicalFeature-Rank-12-Globe	base			24	textColor	rgba8	rgb(221,208,188) a=255
PhysicalFeature-Rank-12-Globe	zoom	0-11		18	textSizeScale	float	1.2
PhysicalFeature-Rank-12-Globe	zoom	11-24		18	textSizeScale	float	1.83
PhysicalFeature-Rank-12-Globe	zoom	0-11		25	labelHaloColor	rgba8	rgb(28,38,50) a=199
PhysicalFeature-Rank-12-Globe	zoom	11-24		25	labelHaloColor	rgba8	rgb(28,38,50) a=219
PhysicalFeature-Rank-12-Globe	cond+zoom	0-24	feature:MarkingColor=[28]	24	textColor	rgba8	rgb(159,227,237) a=128
PhysicalFeature-Rank-13-14	zoom	1-7		29	fontSizeParam	float	3
PhysicalFeature-Rank-13-14	zoom	7-8		29	fontSizeParam	float	3
PhysicalFeature-Rank-13-14	zoom	8-9		29	fontSizeParam	float	11.5
PhysicalFeature-Rank-13-14	zoom	9-10		29	fontSizeParam	float	20
PhysicalFeature-Rank-13-14	zoom	10-11		29	fontSizeParam	float	37
PhysicalFeature-Rank-13-14	zoom	11-12		29	fontSizeParam	float	54
PhysicalFeature-Rank-13-14	zoom	12-24		29	fontSizeParam	float	54
PhysicalFeature-Rank-13-14-Explore-Light	base			24	textColor	rgba8	rgb(124,112,106) a=255
PhysicalFeature-Rank-13-14-Explore-Light	zoom	0-13		25	labelHaloColor	rgba8	rgb(248,248,246) a=204
PhysicalFeature-Rank-13-14-Explore-Light	zoom	13-24		25	labelHaloColor	rgba8	rgb(248,248,246) a=128
PhysicalFeature-Rank-13-14-Explore-Light	zoom	0-13		18	textSizeScale	float	1
PhysicalFeature-Rank-13-14-Explore-Light	zoom	13-14		18	textSizeScale	float	1.4
PhysicalFeature-Rank-13-14-Explore-Light	zoom	14-15		18	textSizeScale	float	1.5
PhysicalFeature-Rank-13-14-Explore-Light	zoom	15-17		18	textSizeScale	float	1.6
PhysicalFeature-Rank-13-14-Explore-Light	zoom	17-24		18	textSizeScale	float	2
PhysicalFeature-Rank-13-14-Explore-Light	cond+zoom	0-24	feature:MarkingColor=[28]	24	textColor	rgba8	rgb(126,188,224) a=255
PhysicalFeature-Rank-13-14-Explore-Dark	base			24	textColor	rgba8	rgb(204,172,151) a=255
PhysicalFeature-Rank-13-14-Explore-Dark	zoom	0-13		25	labelHaloColor	rgba8	rgb(18,48,51) a=112
PhysicalFeature-Rank-13-14-Explore-Dark	zoom	13-24		25	labelHaloColor	rgba8	rgb(18,48,51) a=153
PhysicalFeature-Rank-13-14-Explore-Dark	zoom	0-13		18	textSizeScale	float	1
PhysicalFeature-Rank-13-14-Explore-Dark	zoom	13-14		18	textSizeScale	float	1.4
PhysicalFeature-Rank-13-14-Explore-Dark	zoom	14-15		18	textSizeScale	float	1.5
PhysicalFeature-Rank-13-14-Explore-Dark	zoom	15-17		18	textSizeScale	float	1.6
PhysicalFeature-Rank-13-14-Explore-Dark	zoom	17-24		18	textSizeScale	float	2
PhysicalFeature-Rank-13-14-Explore-Dark	cond+zoom	0-24	feature:MarkingColor=[28]	24	textColor	rgba8	rgb(126,188,224) a=128
PhysicalFeature-Rank-13-14-Muted-Light	base			24	textColor	rgba8	rgb(184,157,141) a=204
PhysicalFeature-Rank-13-14-Muted-Light	zoom	0-13		25	labelHaloColor	rgba8	rgb(248,248,246) a=204
PhysicalFeature-Rank-13-14-Muted-Light	zoom	13-24		25	labelHaloColor	rgba8	rgb(248,248,246) a=128
PhysicalFeature-Rank-13-14-Muted-Light	zoom	0-13		18	textSizeScale	float	1
PhysicalFeature-Rank-13-14-Muted-Light	zoom	13-14		18	textSizeScale	float	1.4
PhysicalFeature-Rank-13-14-Muted-Light	zoom	14-15		18	textSizeScale	float	1.5
PhysicalFeature-Rank-13-14-Muted-Light	zoom	15-17		18	textSizeScale	float	1.6
PhysicalFeature-Rank-13-14-Muted-Light	zoom	17-24		18	textSizeScale	float	2
PhysicalFeature-Rank-13-14-Muted-Light	cond+zoom	0-24	feature:MarkingColor=[28]	24	textColor	rgba8	rgb(126,188,224) a=255
PhysicalFeature-Rank-13-14-Muted-Dark	base			24	textColor	rgba8	rgb(122,115,102) a=255
PhysicalFeature-Rank-13-14-Muted-Dark	zoom	0-13		25	labelHaloColor	rgba8	rgb(18,48,51) a=112
PhysicalFeature-Rank-13-14-Muted-Dark	zoom	13-24		25	labelHaloColor	rgba8	rgb(18,48,51) a=153
PhysicalFeature-Rank-13-14-Muted-Dark	zoom	0-13		18	textSizeScale	float	1
PhysicalFeature-Rank-13-14-Muted-Dark	zoom	13-14		18	textSizeScale	float	1.4
PhysicalFeature-Rank-13-14-Muted-Dark	zoom	14-15		18	textSizeScale	float	1.5
PhysicalFeature-Rank-13-14-Muted-Dark	zoom	15-17		18	textSizeScale	float	1.6
PhysicalFeature-Rank-13-14-Muted-Dark	zoom	17-24		18	textSizeScale	float	2
PhysicalFeature-Rank-13-14-Muted-Dark	cond+zoom	0-24	feature:MarkingColor=[28]	24	textColor	rgba8	rgb(126,188,224) a=128
PhysicalFeature-Rank-13-14-Driving-Light	base			24	textColor	rgba8	rgb(124,112,106) a=255
PhysicalFeature-Rank-13-14-Driving-Light	zoom	0-13		25	labelHaloColor	rgba8	rgb(248,248,246) a=204
PhysicalFeature-Rank-13-14-Driving-Light	zoom	13-24		25	labelHaloColor	rgba8	rgb(248,248,246) a=128
PhysicalFeature-Rank-13-14-Driving-Light	zoom	0-13		18	textSizeScale	float	1
PhysicalFeature-Rank-13-14-Driving-Light	zoom	13-14		18	textSizeScale	float	1.4
PhysicalFeature-Rank-13-14-Driving-Light	zoom	14-15		18	textSizeScale	float	1.5
PhysicalFeature-Rank-13-14-Driving-Light	zoom	15-17		18	textSizeScale	float	1.6
PhysicalFeature-Rank-13-14-Driving-Light	zoom	17-24		18	textSizeScale	float	2
PhysicalFeature-Rank-13-14-Driving-Light	cond+zoom	0-24	feature:MarkingColor=[28]	24	textColor	rgba8	rgb(126,188,224) a=255
PhysicalFeature-Rank-13-14-Driving-Dark	base			24	textColor	rgba8	rgb(204,172,151) a=255
PhysicalFeature-Rank-13-14-Driving-Dark	zoom	0-13		25	labelHaloColor	rgba8	rgb(18,48,51) a=112
PhysicalFeature-Rank-13-14-Driving-Dark	zoom	13-24		25	labelHaloColor	rgba8	rgb(18,48,51) a=153
PhysicalFeature-Rank-13-14-Driving-Dark	zoom	0-13		18	textSizeScale	float	1
PhysicalFeature-Rank-13-14-Driving-Dark	zoom	13-14		18	textSizeScale	float	1.4
PhysicalFeature-Rank-13-14-Driving-Dark	zoom	14-15		18	textSizeScale	float	1.5
PhysicalFeature-Rank-13-14-Driving-Dark	zoom	15-17		18	textSizeScale	float	1.6
PhysicalFeature-Rank-13-14-Driving-Dark	zoom	17-24		18	textSizeScale	float	2
PhysicalFeature-Rank-13-14-Driving-Dark	cond+zoom	0-24	feature:MarkingColor=[28]	24	textColor	rgba8	rgb(126,188,224) a=128
PhysicalFeature-Rank-13-14-Globe	base			24	textColor	rgba8	rgb(221,208,188) a=255
PhysicalFeature-Rank-13-14-Globe	zoom	0-11		18	textSizeScale	float	1.2
PhysicalFeature-Rank-13-14-Globe	zoom	11-24		18	textSizeScale	float	1.83
PhysicalFeature-Rank-13-14-Globe	zoom	0-11		25	labelHaloColor	rgba8	rgb(28,38,50) a=199
PhysicalFeature-Rank-13-14-Globe	zoom	11-24		25	labelHaloColor	rgba8	rgb(28,38,50) a=219
PhysicalFeature-Rank-13-14-Globe	cond+zoom	0-24	feature:MarkingColor=[28]	24	textColor	rgba8	rgb(159,227,237) a=128
PhysicalFeature-Rank-15-16-LZ	zoom	1-9		29	fontSizeParam	float	5
PhysicalFeature-Rank-15-16-LZ	zoom	9-10		29	fontSizeParam	float	5
PhysicalFeature-Rank-15-16-LZ	zoom	10-11		29	fontSizeParam	float	10
PhysicalFeature-Rank-15-16-LZ	zoom	11-12		29	fontSizeParam	float	20
PhysicalFeature-Rank-15-16-LZ	zoom	12-13		29	fontSizeParam	float	30
PhysicalFeature-Rank-15-16-LZ	zoom	13-14		29	fontSizeParam	float	40
PhysicalFeature-Rank-15-16-Explore-Light-LZ	base			24	textColor	rgba8	rgb(124,112,106) a=255
PhysicalFeature-Rank-15-16-Explore-Light-LZ	zoom	0-13		25	labelHaloColor	rgba8	rgb(248,248,246) a=204
PhysicalFeature-Rank-15-16-Explore-Light-LZ	zoom	13-24		25	labelHaloColor	rgba8	rgb(248,248,246) a=128
PhysicalFeature-Rank-15-16-Explore-Light-LZ	zoom	0-13		18	textSizeScale	float	1
PhysicalFeature-Rank-15-16-Explore-Light-LZ	zoom	13-14		18	textSizeScale	float	1.4
PhysicalFeature-Rank-15-16-Explore-Light-LZ	zoom	14-15		18	textSizeScale	float	1.5
PhysicalFeature-Rank-15-16-Explore-Light-LZ	zoom	15-17		18	textSizeScale	float	1.6
PhysicalFeature-Rank-15-16-Explore-Light-LZ	zoom	17-24		18	textSizeScale	float	2
PhysicalFeature-Rank-15-16-Explore-Light-LZ	cond+zoom	0-24	feature:MarkingColor=[28]	24	textColor	rgba8	rgb(126,188,224) a=255
PhysicalFeature-Rank-15-16-Explore-Dark-LZ	base			24	textColor	rgba8	rgb(204,172,151) a=255
PhysicalFeature-Rank-15-16-Explore-Dark-LZ	zoom	0-13		25	labelHaloColor	rgba8	rgb(18,48,51) a=112
PhysicalFeature-Rank-15-16-Explore-Dark-LZ	zoom	13-24		25	labelHaloColor	rgba8	rgb(18,48,51) a=153
PhysicalFeature-Rank-15-16-Explore-Dark-LZ	zoom	0-13		18	textSizeScale	float	1
PhysicalFeature-Rank-15-16-Explore-Dark-LZ	zoom	13-14		18	textSizeScale	float	1.4
PhysicalFeature-Rank-15-16-Explore-Dark-LZ	zoom	14-15		18	textSizeScale	float	1.5
PhysicalFeature-Rank-15-16-Explore-Dark-LZ	zoom	15-17		18	textSizeScale	float	1.6
PhysicalFeature-Rank-15-16-Explore-Dark-LZ	zoom	17-24		18	textSizeScale	float	2
PhysicalFeature-Rank-15-16-Explore-Dark-LZ	cond+zoom	0-24	feature:MarkingColor=[28]	24	textColor	rgba8	rgb(126,188,224) a=128
PhysicalFeature-Rank-15-16-Muted-Light-LZ	base			24	textColor	rgba8	rgb(184,157,141) a=204
PhysicalFeature-Rank-15-16-Muted-Light-LZ	zoom	0-13		25	labelHaloColor	rgba8	rgb(248,248,246) a=204
PhysicalFeature-Rank-15-16-Muted-Light-LZ	zoom	13-24		25	labelHaloColor	rgba8	rgb(248,248,246) a=128
PhysicalFeature-Rank-15-16-Muted-Light-LZ	zoom	0-13		18	textSizeScale	float	1
PhysicalFeature-Rank-15-16-Muted-Light-LZ	zoom	13-14		18	textSizeScale	float	1.4
PhysicalFeature-Rank-15-16-Muted-Light-LZ	zoom	14-15		18	textSizeScale	float	1.5
PhysicalFeature-Rank-15-16-Muted-Light-LZ	zoom	15-17		18	textSizeScale	float	1.6
PhysicalFeature-Rank-15-16-Muted-Light-LZ	zoom	17-24		18	textSizeScale	float	2
PhysicalFeature-Rank-15-16-Muted-Light-LZ	cond+zoom	0-24	feature:MarkingColor=[28]	24	textColor	rgba8	rgb(126,188,224) a=255
PhysicalFeature-Rank-15-16-Muted-Dark-LZ	base			24	textColor	rgba8	rgb(122,115,102) a=255
PhysicalFeature-Rank-15-16-Muted-Dark-LZ	zoom	0-13		25	labelHaloColor	rgba8	rgb(18,48,51) a=112
PhysicalFeature-Rank-15-16-Muted-Dark-LZ	zoom	13-24		25	labelHaloColor	rgba8	rgb(18,48,51) a=153
PhysicalFeature-Rank-15-16-Muted-Dark-LZ	zoom	0-13		18	textSizeScale	float	1
PhysicalFeature-Rank-15-16-Muted-Dark-LZ	zoom	13-14		18	textSizeScale	float	1.4
PhysicalFeature-Rank-15-16-Muted-Dark-LZ	zoom	14-15		18	textSizeScale	float	1.5
PhysicalFeature-Rank-15-16-Muted-Dark-LZ	zoom	15-17		18	textSizeScale	float	1.6
PhysicalFeature-Rank-15-16-Muted-Dark-LZ	zoom	17-24		18	textSizeScale	float	2
PhysicalFeature-Rank-15-16-Muted-Dark-LZ	cond+zoom	0-24	feature:MarkingColor=[28]	24	textColor	rgba8	rgb(126,188,224) a=128
PhysicalFeature-Rank-15-16-Driving-Light-LZ	base			24	textColor	rgba8	rgb(124,112,106) a=255
PhysicalFeature-Rank-15-16-Driving-Light-LZ	zoom	0-13		25	labelHaloColor	rgba8	rgb(248,248,246) a=204
PhysicalFeature-Rank-15-16-Driving-Light-LZ	zoom	13-24		25	labelHaloColor	rgba8	rgb(248,248,246) a=128
PhysicalFeature-Rank-15-16-Driving-Light-LZ	zoom	0-13		18	textSizeScale	float	1
PhysicalFeature-Rank-15-16-Driving-Light-LZ	zoom	13-14		18	textSizeScale	float	1.4
PhysicalFeature-Rank-15-16-Driving-Light-LZ	zoom	14-15		18	textSizeScale	float	1.5
PhysicalFeature-Rank-15-16-Driving-Light-LZ	zoom	15-17		18	textSizeScale	float	1.6
PhysicalFeature-Rank-15-16-Driving-Light-LZ	zoom	17-24		18	textSizeScale	float	2
PhysicalFeature-Rank-15-16-Driving-Light-LZ	cond+zoom	0-24	feature:MarkingColor=[28]	24	textColor	rgba8	rgb(126,188,224) a=255
PhysicalFeature-Rank-15-16-Driving-Dark-LZ	base			24	textColor	rgba8	rgb(204,172,151) a=255
PhysicalFeature-Rank-15-16-Driving-Dark-LZ	zoom	0-13		25	labelHaloColor	rgba8	rgb(18,48,51) a=112
PhysicalFeature-Rank-15-16-Driving-Dark-LZ	zoom	13-24		25	labelHaloColor	rgba8	rgb(18,48,51) a=153
PhysicalFeature-Rank-15-16-Driving-Dark-LZ	zoom	0-13		18	textSizeScale	float	1
PhysicalFeature-Rank-15-16-Driving-Dark-LZ	zoom	13-14		18	textSizeScale	float	1.4
PhysicalFeature-Rank-15-16-Driving-Dark-LZ	zoom	14-15		18	textSizeScale	float	1.5
PhysicalFeature-Rank-15-16-Driving-Dark-LZ	zoom	15-17		18	textSizeScale	float	1.6
PhysicalFeature-Rank-15-16-Driving-Dark-LZ	zoom	17-24		18	textSizeScale	float	2
PhysicalFeature-Rank-15-16-Driving-Dark-LZ	cond+zoom	0-24	feature:MarkingColor=[28]	24	textColor	rgba8	rgb(126,188,224) a=128
PhysicalFeature-Rank-15-16-Globe-LZ	base			24	textColor	rgba8	rgb(221,208,188) a=255
PhysicalFeature-Rank-15-16-Globe-LZ	zoom	0-11		18	textSizeScale	float	1.2
PhysicalFeature-Rank-15-16-Globe-LZ	zoom	11-24		18	textSizeScale	float	1.83
PhysicalFeature-Rank-15-16-Globe-LZ	zoom	0-11		25	labelHaloColor	rgba8	rgb(28,38,50) a=199
PhysicalFeature-Rank-15-16-Globe-LZ	zoom	11-24		25	labelHaloColor	rgba8	rgb(28,38,50) a=219
PhysicalFeature-Rank-15-16-Globe-LZ	cond+zoom	0-24	feature:MarkingColor=[28]	24	textColor	rgba8	rgb(159,227,237) a=128
PhysicalFeature-Rank-15-16-MZ	zoom	1-9		29	fontSizeParam	float	5
PhysicalFeature-Rank-15-16-MZ	zoom	9-10		29	fontSizeParam	float	5
PhysicalFeature-Rank-15-16-MZ	zoom	10-11		29	fontSizeParam	float	10
PhysicalFeature-Rank-15-16-MZ	zoom	11-12		29	fontSizeParam	float	20
PhysicalFeature-Rank-15-16-MZ	zoom	12-13		29	fontSizeParam	float	30
PhysicalFeature-Rank-15-16-MZ	zoom	13-14		29	fontSizeParam	float	40
PhysicalFeature-Rank-15-16-Explore-Light-MZ	base			24	textColor	rgba8	rgb(124,112,106) a=255
PhysicalFeature-Rank-15-16-Explore-Light-MZ	zoom	0-13		25	labelHaloColor	rgba8	rgb(248,248,246) a=204
PhysicalFeature-Rank-15-16-Explore-Light-MZ	zoom	13-24		25	labelHaloColor	rgba8	rgb(248,248,246) a=128
PhysicalFeature-Rank-15-16-Explore-Light-MZ	zoom	0-13		18	textSizeScale	float	1
PhysicalFeature-Rank-15-16-Explore-Light-MZ	zoom	13-14		18	textSizeScale	float	1.4
PhysicalFeature-Rank-15-16-Explore-Light-MZ	zoom	14-15		18	textSizeScale	float	1.5
PhysicalFeature-Rank-15-16-Explore-Light-MZ	zoom	15-17		18	textSizeScale	float	1.6
PhysicalFeature-Rank-15-16-Explore-Light-MZ	zoom	17-24		18	textSizeScale	float	2
PhysicalFeature-Rank-15-16-Explore-Light-MZ	cond+zoom	0-24	feature:MarkingColor=[28]	24	textColor	rgba8	rgb(126,188,224) a=255
PhysicalFeature-Rank-15-16-Explore-Dark-MZ	base			24	textColor	rgba8	rgb(204,172,151) a=255
PhysicalFeature-Rank-15-16-Explore-Dark-MZ	zoom	0-13		25	labelHaloColor	rgba8	rgb(18,48,51) a=112
PhysicalFeature-Rank-15-16-Explore-Dark-MZ	zoom	13-24		25	labelHaloColor	rgba8	rgb(18,48,51) a=153
PhysicalFeature-Rank-15-16-Explore-Dark-MZ	zoom	0-13		18	textSizeScale	float	1
PhysicalFeature-Rank-15-16-Explore-Dark-MZ	zoom	13-14		18	textSizeScale	float	1.4
PhysicalFeature-Rank-15-16-Explore-Dark-MZ	zoom	14-15		18	textSizeScale	float	1.5
PhysicalFeature-Rank-15-16-Explore-Dark-MZ	zoom	15-17		18	textSizeScale	float	1.6
PhysicalFeature-Rank-15-16-Explore-Dark-MZ	zoom	17-24		18	textSizeScale	float	2
PhysicalFeature-Rank-15-16-Explore-Dark-MZ	cond+zoom	0-24	feature:MarkingColor=[28]	24	textColor	rgba8	rgb(126,188,224) a=128
PhysicalFeature-Rank-15-16-Muted-Light-MZ	base			24	textColor	rgba8	rgb(184,157,141) a=204
PhysicalFeature-Rank-15-16-Muted-Light-MZ	zoom	0-13		25	labelHaloColor	rgba8	rgb(248,248,246) a=204
PhysicalFeature-Rank-15-16-Muted-Light-MZ	zoom	13-24		25	labelHaloColor	rgba8	rgb(248,248,246) a=128
PhysicalFeature-Rank-15-16-Muted-Light-MZ	zoom	0-13		18	textSizeScale	float	1
PhysicalFeature-Rank-15-16-Muted-Light-MZ	zoom	13-14		18	textSizeScale	float	1.4
PhysicalFeature-Rank-15-16-Muted-Light-MZ	zoom	14-15		18	textSizeScale	float	1.5
PhysicalFeature-Rank-15-16-Muted-Light-MZ	zoom	15-17		18	textSizeScale	float	1.6
PhysicalFeature-Rank-15-16-Muted-Light-MZ	zoom	17-24		18	textSizeScale	float	2
PhysicalFeature-Rank-15-16-Muted-Light-MZ	cond+zoom	0-24	feature:MarkingColor=[28]	24	textColor	rgba8	rgb(126,188,224) a=255
PhysicalFeature-Rank-15-16-Muted-Dark-MZ	base			24	textColor	rgba8	rgb(122,115,102) a=255
PhysicalFeature-Rank-15-16-Muted-Dark-MZ	zoom	0-13		25	labelHaloColor	rgba8	rgb(18,48,51) a=112
PhysicalFeature-Rank-15-16-Muted-Dark-MZ	zoom	13-24		25	labelHaloColor	rgba8	rgb(18,48,51) a=153
PhysicalFeature-Rank-15-16-Muted-Dark-MZ	zoom	0-13		18	textSizeScale	float	1
PhysicalFeature-Rank-15-16-Muted-Dark-MZ	zoom	13-14		18	textSizeScale	float	1.4
PhysicalFeature-Rank-15-16-Muted-Dark-MZ	zoom	14-15		18	textSizeScale	float	1.5
PhysicalFeature-Rank-15-16-Muted-Dark-MZ	zoom	15-17		18	textSizeScale	float	1.6
PhysicalFeature-Rank-15-16-Muted-Dark-MZ	zoom	17-24		18	textSizeScale	float	2
PhysicalFeature-Rank-15-16-Muted-Dark-MZ	cond+zoom	0-24	feature:MarkingColor=[28]	24	textColor	rgba8	rgb(126,188,224) a=128
PhysicalFeature-Rank-15-16-Driving-Light-MZ	base			24	textColor	rgba8	rgb(124,112,106) a=255
PhysicalFeature-Rank-15-16-Driving-Light-MZ	zoom	0-13		25	labelHaloColor	rgba8	rgb(248,248,246) a=204
PhysicalFeature-Rank-15-16-Driving-Light-MZ	zoom	13-24		25	labelHaloColor	rgba8	rgb(248,248,246) a=128
PhysicalFeature-Rank-15-16-Driving-Light-MZ	zoom	0-13		18	textSizeScale	float	1
PhysicalFeature-Rank-15-16-Driving-Light-MZ	zoom	13-14		18	textSizeScale	float	1.4
PhysicalFeature-Rank-15-16-Driving-Light-MZ	zoom	14-15		18	textSizeScale	float	1.5
PhysicalFeature-Rank-15-16-Driving-Light-MZ	zoom	15-17		18	textSizeScale	float	1.6
PhysicalFeature-Rank-15-16-Driving-Light-MZ	zoom	17-24		18	textSizeScale	float	2
PhysicalFeature-Rank-15-16-Driving-Light-MZ	cond+zoom	0-24	feature:MarkingColor=[28]	24	textColor	rgba8	rgb(126,188,224) a=255
PhysicalFeature-Rank-15-16-Driving-Dark-MZ	base			24	textColor	rgba8	rgb(204,172,151) a=255
PhysicalFeature-Rank-15-16-Driving-Dark-MZ	zoom	0-13		25	labelHaloColor	rgba8	rgb(18,48,51) a=112
PhysicalFeature-Rank-15-16-Driving-Dark-MZ	zoom	13-24		25	labelHaloColor	rgba8	rgb(18,48,51) a=153
PhysicalFeature-Rank-15-16-Driving-Dark-MZ	zoom	0-13		18	textSizeScale	float	1
PhysicalFeature-Rank-15-16-Driving-Dark-MZ	zoom	13-14		18	textSizeScale	float	1.4
PhysicalFeature-Rank-15-16-Driving-Dark-MZ	zoom	14-15		18	textSizeScale	float	1.5
PhysicalFeature-Rank-15-16-Driving-Dark-MZ	zoom	15-17		18	textSizeScale	float	1.6
PhysicalFeature-Rank-15-16-Driving-Dark-MZ	zoom	17-24		18	textSizeScale	float	2
PhysicalFeature-Rank-15-16-Driving-Dark-MZ	cond+zoom	0-24	feature:MarkingColor=[28]	24	textColor	rgba8	rgb(126,188,224) a=128
PhysicalFeature-Rank-15-16-Globe-MZ	base			24	textColor	rgba8	rgb(221,208,188) a=255
PhysicalFeature-Rank-15-16-Globe-MZ	zoom	0-11		18	textSizeScale	float	1.2
PhysicalFeature-Rank-15-16-Globe-MZ	zoom	11-24		18	textSizeScale	float	1.83
PhysicalFeature-Rank-15-16-Globe-MZ	zoom	0-11		25	labelHaloColor	rgba8	rgb(28,38,50) a=199
PhysicalFeature-Rank-15-16-Globe-MZ	zoom	11-24		25	labelHaloColor	rgba8	rgb(28,38,50) a=219
PhysicalFeature-Rank-15-16-Globe-MZ	cond+zoom	0-24	feature:MarkingColor=[28]	24	textColor	rgba8	rgb(159,227,237) a=128
PhysicalFeature-LMZ-11	zoom	11-12		29	fontSizeParam	float	3
PhysicalFeature-LMZ-11	zoom	12-13		29	fontSizeParam	float	13
PhysicalFeature-LMZ-11	zoom	13-14		29	fontSizeParam	float	23
PhysicalFeature-LMZ-11	zoom	14-24		29	fontSizeParam	float	33
PhysicalFeature-LMZ-11-Explore-Light	base			24	textColor	rgba8	rgb(124,112,106) a=255
PhysicalFeature-LMZ-11-Explore-Light	zoom	0-13		25	labelHaloColor	rgba8	rgb(248,248,246) a=204
PhysicalFeature-LMZ-11-Explore-Light	zoom	13-24		25	labelHaloColor	rgba8	rgb(248,248,246) a=128
PhysicalFeature-LMZ-11-Explore-Light	zoom	0-13		18	textSizeScale	float	1
PhysicalFeature-LMZ-11-Explore-Light	zoom	13-14		18	textSizeScale	float	1.4
PhysicalFeature-LMZ-11-Explore-Light	zoom	14-15		18	textSizeScale	float	1.5
PhysicalFeature-LMZ-11-Explore-Light	zoom	15-17		18	textSizeScale	float	1.6
PhysicalFeature-LMZ-11-Explore-Light	zoom	17-24		18	textSizeScale	float	2
PhysicalFeature-LMZ-11-Explore-Light	cond+zoom	0-24	feature:MarkingColor=[28]	24	textColor	rgba8	rgb(126,188,224) a=255
PhysicalFeature-LMZ-11-Explore-Dark	base			24	textColor	rgba8	rgb(204,172,151) a=255
PhysicalFeature-LMZ-11-Explore-Dark	zoom	0-13		25	labelHaloColor	rgba8	rgb(18,48,51) a=112
PhysicalFeature-LMZ-11-Explore-Dark	zoom	13-24		25	labelHaloColor	rgba8	rgb(18,48,51) a=153
PhysicalFeature-LMZ-11-Explore-Dark	zoom	0-13		18	textSizeScale	float	1
PhysicalFeature-LMZ-11-Explore-Dark	zoom	13-14		18	textSizeScale	float	1.4
PhysicalFeature-LMZ-11-Explore-Dark	zoom	14-15		18	textSizeScale	float	1.5
PhysicalFeature-LMZ-11-Explore-Dark	zoom	15-17		18	textSizeScale	float	1.6
PhysicalFeature-LMZ-11-Explore-Dark	zoom	17-24		18	textSizeScale	float	2
PhysicalFeature-LMZ-11-Explore-Dark	cond+zoom	0-24	feature:MarkingColor=[28]	24	textColor	rgba8	rgb(126,188,224) a=128
PhysicalFeature-LMZ-11-Muted-Light	base			24	textColor	rgba8	rgb(184,157,141) a=204
PhysicalFeature-LMZ-11-Muted-Light	zoom	0-13		25	labelHaloColor	rgba8	rgb(248,248,246) a=204
PhysicalFeature-LMZ-11-Muted-Light	zoom	13-24		25	labelHaloColor	rgba8	rgb(248,248,246) a=128
PhysicalFeature-LMZ-11-Muted-Light	zoom	0-13		18	textSizeScale	float	1
PhysicalFeature-LMZ-11-Muted-Light	zoom	13-14		18	textSizeScale	float	1.4
PhysicalFeature-LMZ-11-Muted-Light	zoom	14-15		18	textSizeScale	float	1.5
PhysicalFeature-LMZ-11-Muted-Light	zoom	15-17		18	textSizeScale	float	1.6
PhysicalFeature-LMZ-11-Muted-Light	zoom	17-24		18	textSizeScale	float	2
PhysicalFeature-LMZ-11-Muted-Light	cond+zoom	0-24	feature:MarkingColor=[28]	24	textColor	rgba8	rgb(126,188,224) a=255
PhysicalFeature-LMZ-11-Muted-Dark	base			24	textColor	rgba8	rgb(122,115,102) a=255
PhysicalFeature-LMZ-11-Muted-Dark	zoom	0-13		25	labelHaloColor	rgba8	rgb(18,48,51) a=112
PhysicalFeature-LMZ-11-Muted-Dark	zoom	13-24		25	labelHaloColor	rgba8	rgb(18,48,51) a=153
PhysicalFeature-LMZ-11-Muted-Dark	zoom	0-13		18	textSizeScale	float	1
PhysicalFeature-LMZ-11-Muted-Dark	zoom	13-14		18	textSizeScale	float	1.4
PhysicalFeature-LMZ-11-Muted-Dark	zoom	14-15		18	textSizeScale	float	1.5
PhysicalFeature-LMZ-11-Muted-Dark	zoom	15-17		18	textSizeScale	float	1.6
PhysicalFeature-LMZ-11-Muted-Dark	zoom	17-24		18	textSizeScale	float	2
PhysicalFeature-LMZ-11-Muted-Dark	cond+zoom	0-24	feature:MarkingColor=[28]	24	textColor	rgba8	rgb(126,188,224) a=128
PhysicalFeature-LMZ-11-Driving-Light	base			24	textColor	rgba8	rgb(124,112,106) a=255
PhysicalFeature-LMZ-11-Driving-Light	zoom	0-13		25	labelHaloColor	rgba8	rgb(248,248,246) a=204
PhysicalFeature-LMZ-11-Driving-Light	zoom	13-24		25	labelHaloColor	rgba8	rgb(248,248,246) a=128
PhysicalFeature-LMZ-11-Driving-Light	zoom	0-13		18	textSizeScale	float	1
PhysicalFeature-LMZ-11-Driving-Light	zoom	13-14		18	textSizeScale	float	1.4
PhysicalFeature-LMZ-11-Driving-Light	zoom	14-15		18	textSizeScale	float	1.5
PhysicalFeature-LMZ-11-Driving-Light	zoom	15-17		18	textSizeScale	float	1.6
PhysicalFeature-LMZ-11-Driving-Light	zoom	17-24		18	textSizeScale	float	2
PhysicalFeature-LMZ-11-Driving-Light	cond+zoom	0-24	feature:MarkingColor=[28]	24	textColor	rgba8	rgb(126,188,224) a=255
PhysicalFeature-LMZ-11-Driving-Dark	base			24	textColor	rgba8	rgb(204,172,151) a=255
PhysicalFeature-LMZ-11-Driving-Dark	zoom	0-13		25	labelHaloColor	rgba8	rgb(18,48,51) a=112
PhysicalFeature-LMZ-11-Driving-Dark	zoom	13-24		25	labelHaloColor	rgba8	rgb(18,48,51) a=153
PhysicalFeature-LMZ-11-Driving-Dark	zoom	0-13		18	textSizeScale	float	1
PhysicalFeature-LMZ-11-Driving-Dark	zoom	13-14		18	textSizeScale	float	1.4
PhysicalFeature-LMZ-11-Driving-Dark	zoom	14-15		18	textSizeScale	float	1.5
PhysicalFeature-LMZ-11-Driving-Dark	zoom	15-17		18	textSizeScale	float	1.6
PhysicalFeature-LMZ-11-Driving-Dark	zoom	17-24		18	textSizeScale	float	2
PhysicalFeature-LMZ-11-Driving-Dark	cond+zoom	0-24	feature:MarkingColor=[28]	24	textColor	rgba8	rgb(126,188,224) a=128
PhysicalFeature-LMZ-11-Globe	base			24	textColor	rgba8	rgb(221,208,188) a=255
PhysicalFeature-LMZ-11-Globe	zoom	0-11		18	textSizeScale	float	1.2
PhysicalFeature-LMZ-11-Globe	zoom	11-24		18	textSizeScale	float	1.83
PhysicalFeature-LMZ-11-Globe	zoom	0-11		25	labelHaloColor	rgba8	rgb(28,38,50) a=199
PhysicalFeature-LMZ-11-Globe	zoom	11-24		25	labelHaloColor	rgba8	rgb(28,38,50) a=219
PhysicalFeature-LMZ-11-Globe	cond+zoom	0-24	feature:MarkingColor=[28]	24	textColor	rgba8	rgb(159,227,237) a=128
PhysicalFeature-LMZ-12	base			23	fontSpec	string	%$default,medium,width=132
PhysicalFeature-LMZ-12	zoom	12-13		29	fontSizeParam	float	2
PhysicalFeature-LMZ-12	zoom	13-14		29	fontSizeParam	float	10
PhysicalFeature-LMZ-12	zoom	14-15		29	fontSizeParam	float	18
PhysicalFeature-LMZ-12	zoom	15-16		29	fontSizeParam	float	23
PhysicalFeature-LMZ-12-Explore-Light	base			24	textColor	rgba8	rgb(124,112,106) a=255
PhysicalFeature-LMZ-12-Explore-Light	zoom	0-13		25	labelHaloColor	rgba8	rgb(248,248,246) a=204
PhysicalFeature-LMZ-12-Explore-Light	zoom	13-24		25	labelHaloColor	rgba8	rgb(248,248,246) a=128
PhysicalFeature-LMZ-12-Explore-Light	zoom	0-13		18	textSizeScale	float	1
PhysicalFeature-LMZ-12-Explore-Light	zoom	13-14		18	textSizeScale	float	1.4
PhysicalFeature-LMZ-12-Explore-Light	zoom	14-15		18	textSizeScale	float	1.5
PhysicalFeature-LMZ-12-Explore-Light	zoom	15-17		18	textSizeScale	float	1.6
PhysicalFeature-LMZ-12-Explore-Light	zoom	17-24		18	textSizeScale	float	2
PhysicalFeature-LMZ-12-Explore-Light	cond+zoom	0-24	feature:MarkingColor=[28]	24	textColor	rgba8	rgb(126,188,224) a=255
PhysicalFeature-LMZ-12-Explore-Dark	base			24	textColor	rgba8	rgb(204,172,151) a=255
PhysicalFeature-LMZ-12-Explore-Dark	zoom	0-13		25	labelHaloColor	rgba8	rgb(18,48,51) a=112
PhysicalFeature-LMZ-12-Explore-Dark	zoom	13-24		25	labelHaloColor	rgba8	rgb(18,48,51) a=153
PhysicalFeature-LMZ-12-Explore-Dark	zoom	0-13		18	textSizeScale	float	1
PhysicalFeature-LMZ-12-Explore-Dark	zoom	13-14		18	textSizeScale	float	1.4
PhysicalFeature-LMZ-12-Explore-Dark	zoom	14-15		18	textSizeScale	float	1.5
PhysicalFeature-LMZ-12-Explore-Dark	zoom	15-17		18	textSizeScale	float	1.6
PhysicalFeature-LMZ-12-Explore-Dark	zoom	17-24		18	textSizeScale	float	2
PhysicalFeature-LMZ-12-Explore-Dark	cond+zoom	0-24	feature:MarkingColor=[28]	24	textColor	rgba8	rgb(126,188,224) a=128
PhysicalFeature-LMZ-12-Muted-Light	base			24	textColor	rgba8	rgb(184,157,141) a=204
PhysicalFeature-LMZ-12-Muted-Light	zoom	0-13		25	labelHaloColor	rgba8	rgb(248,248,246) a=204
PhysicalFeature-LMZ-12-Muted-Light	zoom	13-24		25	labelHaloColor	rgba8	rgb(248,248,246) a=128
PhysicalFeature-LMZ-12-Muted-Light	zoom	0-13		18	textSizeScale	float	1
PhysicalFeature-LMZ-12-Muted-Light	zoom	13-14		18	textSizeScale	float	1.4
PhysicalFeature-LMZ-12-Muted-Light	zoom	14-15		18	textSizeScale	float	1.5
PhysicalFeature-LMZ-12-Muted-Light	zoom	15-17		18	textSizeScale	float	1.6
PhysicalFeature-LMZ-12-Muted-Light	zoom	17-24		18	textSizeScale	float	2
PhysicalFeature-LMZ-12-Muted-Light	cond+zoom	0-24	feature:MarkingColor=[28]	24	textColor	rgba8	rgb(126,188,224) a=255
PhysicalFeature-LMZ-12-Muted-Dark	base			24	textColor	rgba8	rgb(122,115,102) a=255
PhysicalFeature-LMZ-12-Muted-Dark	zoom	0-13		25	labelHaloColor	rgba8	rgb(18,48,51) a=112
PhysicalFeature-LMZ-12-Muted-Dark	zoom	13-24		25	labelHaloColor	rgba8	rgb(18,48,51) a=153
PhysicalFeature-LMZ-12-Muted-Dark	zoom	0-13		18	textSizeScale	float	1
PhysicalFeature-LMZ-12-Muted-Dark	zoom	13-14		18	textSizeScale	float	1.4
PhysicalFeature-LMZ-12-Muted-Dark	zoom	14-15		18	textSizeScale	float	1.5
PhysicalFeature-LMZ-12-Muted-Dark	zoom	15-17		18	textSizeScale	float	1.6
PhysicalFeature-LMZ-12-Muted-Dark	zoom	17-24		18	textSizeScale	float	2
PhysicalFeature-LMZ-12-Muted-Dark	cond+zoom	0-24	feature:MarkingColor=[28]	24	textColor	rgba8	rgb(126,188,224) a=128
PhysicalFeature-LMZ-12-Driving-Light	base			24	textColor	rgba8	rgb(124,112,106) a=255
PhysicalFeature-LMZ-12-Driving-Light	zoom	0-13		25	labelHaloColor	rgba8	rgb(248,248,246) a=204
PhysicalFeature-LMZ-12-Driving-Light	zoom	13-24		25	labelHaloColor	rgba8	rgb(248,248,246) a=128
PhysicalFeature-LMZ-12-Driving-Light	zoom	0-13		18	textSizeScale	float	1
PhysicalFeature-LMZ-12-Driving-Light	zoom	13-14		18	textSizeScale	float	1.4
PhysicalFeature-LMZ-12-Driving-Light	zoom	14-15		18	textSizeScale	float	1.5
PhysicalFeature-LMZ-12-Driving-Light	zoom	15-17		18	textSizeScale	float	1.6
PhysicalFeature-LMZ-12-Driving-Light	zoom	17-24		18	textSizeScale	float	2
PhysicalFeature-LMZ-12-Driving-Light	cond+zoom	0-24	feature:MarkingColor=[28]	24	textColor	rgba8	rgb(126,188,224) a=255
PhysicalFeature-LMZ-12-Driving-Dark	base			24	textColor	rgba8	rgb(204,172,151) a=255
PhysicalFeature-LMZ-12-Driving-Dark	zoom	0-13		25	labelHaloColor	rgba8	rgb(18,48,51) a=112
PhysicalFeature-LMZ-12-Driving-Dark	zoom	13-24		25	labelHaloColor	rgba8	rgb(18,48,51) a=153
PhysicalFeature-LMZ-12-Driving-Dark	zoom	0-13		18	textSizeScale	float	1
PhysicalFeature-LMZ-12-Driving-Dark	zoom	13-14		18	textSizeScale	float	1.4
PhysicalFeature-LMZ-12-Driving-Dark	zoom	14-15		18	textSizeScale	float	1.5
PhysicalFeature-LMZ-12-Driving-Dark	zoom	15-17		18	textSizeScale	float	1.6
PhysicalFeature-LMZ-12-Driving-Dark	zoom	17-24		18	textSizeScale	float	2
PhysicalFeature-LMZ-12-Driving-Dark	cond+zoom	0-24	feature:MarkingColor=[28]	24	textColor	rgba8	rgb(126,188,224) a=128
PhysicalFeature-LMZ-12-Globe	base			24	textColor	rgba8	rgb(221,208,188) a=255
PhysicalFeature-LMZ-12-Globe	zoom	0-11		18	textSizeScale	float	1.2
PhysicalFeature-LMZ-12-Globe	zoom	11-24		18	textSizeScale	float	1.83
PhysicalFeature-LMZ-12-Globe	zoom	0-11		25	labelHaloColor	rgba8	rgb(28,38,50) a=199
PhysicalFeature-LMZ-12-Globe	zoom	11-24		25	labelHaloColor	rgba8	rgb(28,38,50) a=219
PhysicalFeature-LMZ-12-Globe	cond+zoom	0-24	feature:MarkingColor=[28]	24	textColor	rgba8	rgb(159,227,237) a=128
PhysicalFeature-LMZ-13	base			23	fontSpec	string	%$default,medium,width=132
PhysicalFeature-LMZ-13	zoom	13-14		29	fontSizeParam	float	3
PhysicalFeature-LMZ-13	zoom	14-15		29	fontSizeParam	float	10
PhysicalFeature-LMZ-13	zoom	15-16		29	fontSizeParam	float	15
PhysicalFeature-LMZ-13	zoom	16-17		29	fontSizeParam	float	20
PhysicalFeature-LMZ-13-Explore-Light	base			24	textColor	rgba8	rgb(124,112,106) a=255
PhysicalFeature-LMZ-13-Explore-Light	zoom	0-13		25	labelHaloColor	rgba8	rgb(248,248,246) a=204
PhysicalFeature-LMZ-13-Explore-Light	zoom	13-24		25	labelHaloColor	rgba8	rgb(248,248,246) a=128
PhysicalFeature-LMZ-13-Explore-Light	zoom	0-13		18	textSizeScale	float	1
PhysicalFeature-LMZ-13-Explore-Light	zoom	13-14		18	textSizeScale	float	1.4
PhysicalFeature-LMZ-13-Explore-Light	zoom	14-15		18	textSizeScale	float	1.5
PhysicalFeature-LMZ-13-Explore-Light	zoom	15-17		18	textSizeScale	float	1.6
PhysicalFeature-LMZ-13-Explore-Light	zoom	17-24		18	textSizeScale	float	2
PhysicalFeature-LMZ-13-Explore-Light	cond+zoom	0-24	feature:MarkingColor=[28]	24	textColor	rgba8	rgb(126,188,224) a=255
PhysicalFeature-LMZ-13-Explore-Dark	base			24	textColor	rgba8	rgb(204,172,151) a=255
PhysicalFeature-LMZ-13-Explore-Dark	zoom	0-13		25	labelHaloColor	rgba8	rgb(18,48,51) a=112
PhysicalFeature-LMZ-13-Explore-Dark	zoom	13-24		25	labelHaloColor	rgba8	rgb(18,48,51) a=153
PhysicalFeature-LMZ-13-Explore-Dark	zoom	0-13		18	textSizeScale	float	1
PhysicalFeature-LMZ-13-Explore-Dark	zoom	13-14		18	textSizeScale	float	1.4
PhysicalFeature-LMZ-13-Explore-Dark	zoom	14-15		18	textSizeScale	float	1.5
PhysicalFeature-LMZ-13-Explore-Dark	zoom	15-17		18	textSizeScale	float	1.6
PhysicalFeature-LMZ-13-Explore-Dark	zoom	17-24		18	textSizeScale	float	2
PhysicalFeature-LMZ-13-Explore-Dark	cond+zoom	0-24	feature:MarkingColor=[28]	24	textColor	rgba8	rgb(126,188,224) a=128
PhysicalFeature-LMZ-13-Muted-Light	base			24	textColor	rgba8	rgb(184,157,141) a=204
PhysicalFeature-LMZ-13-Muted-Light	zoom	0-13		25	labelHaloColor	rgba8	rgb(248,248,246) a=204
PhysicalFeature-LMZ-13-Muted-Light	zoom	13-24		25	labelHaloColor	rgba8	rgb(248,248,246) a=128
PhysicalFeature-LMZ-13-Muted-Light	zoom	0-13		18	textSizeScale	float	1
PhysicalFeature-LMZ-13-Muted-Light	zoom	13-14		18	textSizeScale	float	1.4
PhysicalFeature-LMZ-13-Muted-Light	zoom	14-15		18	textSizeScale	float	1.5
PhysicalFeature-LMZ-13-Muted-Light	zoom	15-17		18	textSizeScale	float	1.6
PhysicalFeature-LMZ-13-Muted-Light	zoom	17-24		18	textSizeScale	float	2
PhysicalFeature-LMZ-13-Muted-Light	cond+zoom	0-24	feature:MarkingColor=[28]	24	textColor	rgba8	rgb(126,188,224) a=255
PhysicalFeature-LMZ-13-Muted-Dark	base			24	textColor	rgba8	rgb(122,115,102) a=255
PhysicalFeature-LMZ-13-Muted-Dark	zoom	0-13		25	labelHaloColor	rgba8	rgb(18,48,51) a=112
PhysicalFeature-LMZ-13-Muted-Dark	zoom	13-24		25	labelHaloColor	rgba8	rgb(18,48,51) a=153
PhysicalFeature-LMZ-13-Muted-Dark	zoom	0-13		18	textSizeScale	float	1
PhysicalFeature-LMZ-13-Muted-Dark	zoom	13-14		18	textSizeScale	float	1.4
PhysicalFeature-LMZ-13-Muted-Dark	zoom	14-15		18	textSizeScale	float	1.5
PhysicalFeature-LMZ-13-Muted-Dark	zoom	15-17		18	textSizeScale	float	1.6
PhysicalFeature-LMZ-13-Muted-Dark	zoom	17-24		18	textSizeScale	float	2
PhysicalFeature-LMZ-13-Muted-Dark	cond+zoom	0-24	feature:MarkingColor=[28]	24	textColor	rgba8	rgb(126,188,224) a=128
PhysicalFeature-LMZ-13-Driving-Light	base			24	textColor	rgba8	rgb(124,112,106) a=255
PhysicalFeature-LMZ-13-Driving-Light	zoom	0-13		25	labelHaloColor	rgba8	rgb(248,248,246) a=204
PhysicalFeature-LMZ-13-Driving-Light	zoom	13-24		25	labelHaloColor	rgba8	rgb(248,248,246) a=128
PhysicalFeature-LMZ-13-Driving-Light	zoom	0-13		18	textSizeScale	float	1
PhysicalFeature-LMZ-13-Driving-Light	zoom	13-14		18	textSizeScale	float	1.4
PhysicalFeature-LMZ-13-Driving-Light	zoom	14-15		18	textSizeScale	float	1.5
PhysicalFeature-LMZ-13-Driving-Light	zoom	15-17		18	textSizeScale	float	1.6
PhysicalFeature-LMZ-13-Driving-Light	zoom	17-24		18	textSizeScale	float	2
PhysicalFeature-LMZ-13-Driving-Light	cond+zoom	0-24	feature:MarkingColor=[28]	24	textColor	rgba8	rgb(126,188,224) a=255
PhysicalFeature-LMZ-13-Driving-Dark	base			24	textColor	rgba8	rgb(204,172,151) a=255
PhysicalFeature-LMZ-13-Driving-Dark	zoom	0-13		25	labelHaloColor	rgba8	rgb(18,48,51) a=112
PhysicalFeature-LMZ-13-Driving-Dark	zoom	13-24		25	labelHaloColor	rgba8	rgb(18,48,51) a=153
PhysicalFeature-LMZ-13-Driving-Dark	zoom	0-13		18	textSizeScale	float	1
PhysicalFeature-LMZ-13-Driving-Dark	zoom	13-14		18	textSizeScale	float	1.4
PhysicalFeature-LMZ-13-Driving-Dark	zoom	14-15		18	textSizeScale	float	1.5
PhysicalFeature-LMZ-13-Driving-Dark	zoom	15-17		18	textSizeScale	float	1.6
PhysicalFeature-LMZ-13-Driving-Dark	zoom	17-24		18	textSizeScale	float	2
PhysicalFeature-LMZ-13-Driving-Dark	cond+zoom	0-24	feature:MarkingColor=[28]	24	textColor	rgba8	rgb(126,188,224) a=128
PhysicalFeature-LMZ-13-Globe	base			24	textColor	rgba8	rgb(221,208,188) a=255
PhysicalFeature-LMZ-13-Globe	zoom	0-11		18	textSizeScale	float	1.2
PhysicalFeature-LMZ-13-Globe	zoom	11-24		18	textSizeScale	float	1.83
PhysicalFeature-LMZ-13-Globe	zoom	0-11		25	labelHaloColor	rgba8	rgb(28,38,50) a=199
PhysicalFeature-LMZ-13-Globe	zoom	11-24		25	labelHaloColor	rgba8	rgb(28,38,50) a=219
PhysicalFeature-LMZ-13-Globe	cond+zoom	0-24	feature:MarkingColor=[28]	24	textColor	rgba8	rgb(159,227,237) a=128
PhysicalFeature-LMZ-13-FR-19	base			23	fontSpec	string	%$default,medium,width=132
PhysicalFeature-LMZ-13-FR-19	zoom	13-14		29	fontSizeParam	float	3
PhysicalFeature-LMZ-13-FR-19	zoom	14-15		29	fontSizeParam	float	10
PhysicalFeature-LMZ-13-FR-19	zoom	15-16		29	fontSizeParam	float	15
PhysicalFeature-LMZ-13-FR-19	zoom	16-17		29	fontSizeParam	float	20
PhysicalFeature-LMZ-13-FR-19-Explore-Light	base			24	textColor	rgba8	rgb(124,112,106) a=255
PhysicalFeature-LMZ-13-FR-19-Explore-Light	zoom	0-13		25	labelHaloColor	rgba8	rgb(248,248,246) a=204
PhysicalFeature-LMZ-13-FR-19-Explore-Light	zoom	13-24		25	labelHaloColor	rgba8	rgb(248,248,246) a=128
PhysicalFeature-LMZ-13-FR-19-Explore-Light	zoom	0-13		18	textSizeScale	float	1
PhysicalFeature-LMZ-13-FR-19-Explore-Light	zoom	13-14		18	textSizeScale	float	1.4
PhysicalFeature-LMZ-13-FR-19-Explore-Light	zoom	14-15		18	textSizeScale	float	1.5
PhysicalFeature-LMZ-13-FR-19-Explore-Light	zoom	15-17		18	textSizeScale	float	1.6
PhysicalFeature-LMZ-13-FR-19-Explore-Light	zoom	17-24		18	textSizeScale	float	2
PhysicalFeature-LMZ-13-FR-19-Explore-Light	cond+zoom	0-24	feature:MarkingColor=[28]	24	textColor	rgba8	rgb(126,188,224) a=255
PhysicalFeature-LMZ-13-FR-19-Explore-Dark	base			24	textColor	rgba8	rgb(204,172,151) a=255
PhysicalFeature-LMZ-13-FR-19-Explore-Dark	zoom	0-13		25	labelHaloColor	rgba8	rgb(18,48,51) a=112
PhysicalFeature-LMZ-13-FR-19-Explore-Dark	zoom	13-24		25	labelHaloColor	rgba8	rgb(18,48,51) a=153
PhysicalFeature-LMZ-13-FR-19-Explore-Dark	zoom	0-13		18	textSizeScale	float	1
PhysicalFeature-LMZ-13-FR-19-Explore-Dark	zoom	13-14		18	textSizeScale	float	1.4
PhysicalFeature-LMZ-13-FR-19-Explore-Dark	zoom	14-15		18	textSizeScale	float	1.5
PhysicalFeature-LMZ-13-FR-19-Explore-Dark	zoom	15-17		18	textSizeScale	float	1.6
PhysicalFeature-LMZ-13-FR-19-Explore-Dark	zoom	17-24		18	textSizeScale	float	2
PhysicalFeature-LMZ-13-FR-19-Explore-Dark	cond+zoom	0-24	feature:MarkingColor=[28]	24	textColor	rgba8	rgb(126,188,224) a=128
PhysicalFeature-LMZ-13-FR-19-Muted-Light	base			24	textColor	rgba8	rgb(184,157,141) a=204
PhysicalFeature-LMZ-13-FR-19-Muted-Light	zoom	0-13		25	labelHaloColor	rgba8	rgb(248,248,246) a=204
PhysicalFeature-LMZ-13-FR-19-Muted-Light	zoom	13-24		25	labelHaloColor	rgba8	rgb(248,248,246) a=128
PhysicalFeature-LMZ-13-FR-19-Muted-Light	zoom	0-13		18	textSizeScale	float	1
PhysicalFeature-LMZ-13-FR-19-Muted-Light	zoom	13-14		18	textSizeScale	float	1.4
PhysicalFeature-LMZ-13-FR-19-Muted-Light	zoom	14-15		18	textSizeScale	float	1.5
PhysicalFeature-LMZ-13-FR-19-Muted-Light	zoom	15-17		18	textSizeScale	float	1.6
PhysicalFeature-LMZ-13-FR-19-Muted-Light	zoom	17-24		18	textSizeScale	float	2
PhysicalFeature-LMZ-13-FR-19-Muted-Light	cond+zoom	0-24	feature:MarkingColor=[28]	24	textColor	rgba8	rgb(126,188,224) a=255
PhysicalFeature-LMZ-13-FR-19-Muted-Dark	base			24	textColor	rgba8	rgb(122,115,102) a=255
PhysicalFeature-LMZ-13-FR-19-Muted-Dark	zoom	0-13		25	labelHaloColor	rgba8	rgb(18,48,51) a=112
PhysicalFeature-LMZ-13-FR-19-Muted-Dark	zoom	13-24		25	labelHaloColor	rgba8	rgb(18,48,51) a=153
PhysicalFeature-LMZ-13-FR-19-Muted-Dark	zoom	0-13		18	textSizeScale	float	1
PhysicalFeature-LMZ-13-FR-19-Muted-Dark	zoom	13-14		18	textSizeScale	float	1.4
PhysicalFeature-LMZ-13-FR-19-Muted-Dark	zoom	14-15		18	textSizeScale	float	1.5
PhysicalFeature-LMZ-13-FR-19-Muted-Dark	zoom	15-17		18	textSizeScale	float	1.6
PhysicalFeature-LMZ-13-FR-19-Muted-Dark	zoom	17-24		18	textSizeScale	float	2
PhysicalFeature-LMZ-13-FR-19-Muted-Dark	cond+zoom	0-24	feature:MarkingColor=[28]	24	textColor	rgba8	rgb(126,188,224) a=128
PhysicalFeature-LMZ-13-FR-19-Driving-Light	base			24	textColor	rgba8	rgb(124,112,106) a=255
PhysicalFeature-LMZ-13-FR-19-Driving-Light	zoom	0-13		25	labelHaloColor	rgba8	rgb(248,248,246) a=204
PhysicalFeature-LMZ-13-FR-19-Driving-Light	zoom	13-24		25	labelHaloColor	rgba8	rgb(248,248,246) a=128
PhysicalFeature-LMZ-13-FR-19-Driving-Light	zoom	0-13		18	textSizeScale	float	1
PhysicalFeature-LMZ-13-FR-19-Driving-Light	zoom	13-14		18	textSizeScale	float	1.4
PhysicalFeature-LMZ-13-FR-19-Driving-Light	zoom	14-15		18	textSizeScale	float	1.5
PhysicalFeature-LMZ-13-FR-19-Driving-Light	zoom	15-17		18	textSizeScale	float	1.6
PhysicalFeature-LMZ-13-FR-19-Driving-Light	zoom	17-24		18	textSizeScale	float	2
PhysicalFeature-LMZ-13-FR-19-Driving-Light	cond+zoom	0-24	feature:MarkingColor=[28]	24	textColor	rgba8	rgb(126,188,224) a=255
PhysicalFeature-LMZ-13-FR-19-Driving-Dark	base			24	textColor	rgba8	rgb(204,172,151) a=255
PhysicalFeature-LMZ-13-FR-19-Driving-Dark	zoom	0-13		25	labelHaloColor	rgba8	rgb(18,48,51) a=112
PhysicalFeature-LMZ-13-FR-19-Driving-Dark	zoom	13-24		25	labelHaloColor	rgba8	rgb(18,48,51) a=153
PhysicalFeature-LMZ-13-FR-19-Driving-Dark	zoom	0-13		18	textSizeScale	float	1
PhysicalFeature-LMZ-13-FR-19-Driving-Dark	zoom	13-14		18	textSizeScale	float	1.4
PhysicalFeature-LMZ-13-FR-19-Driving-Dark	zoom	14-15		18	textSizeScale	float	1.5
PhysicalFeature-LMZ-13-FR-19-Driving-Dark	zoom	15-17		18	textSizeScale	float	1.6
PhysicalFeature-LMZ-13-FR-19-Driving-Dark	zoom	17-24		18	textSizeScale	float	2
PhysicalFeature-LMZ-13-FR-19-Driving-Dark	cond+zoom	0-24	feature:MarkingColor=[28]	24	textColor	rgba8	rgb(126,188,224) a=128
PhysicalFeature-LMZ-13-FR-19-Globe	base			24	textColor	rgba8	rgb(221,208,188) a=255
PhysicalFeature-LMZ-13-FR-19-Globe	zoom	0-11		18	textSizeScale	float	1.2
PhysicalFeature-LMZ-13-FR-19-Globe	zoom	11-24		18	textSizeScale	float	1.83
PhysicalFeature-LMZ-13-FR-19-Globe	zoom	0-11		25	labelHaloColor	rgba8	rgb(28,38,50) a=199
PhysicalFeature-LMZ-13-FR-19-Globe	zoom	11-24		25	labelHaloColor	rgba8	rgb(28,38,50) a=219
PhysicalFeature-LMZ-13-FR-19-Globe	cond+zoom	0-24	feature:MarkingColor=[28]	24	textColor	rgba8	rgb(159,227,237) a=128
PhysicalFeature-LMZ-13-FR-20	base			23	fontSpec	string	%$default,medium,width=132
PhysicalFeature-LMZ-13-FR-20	zoom	13-14		29	fontSizeParam	float	3
PhysicalFeature-LMZ-13-FR-20	zoom	14-15		29	fontSizeParam	float	13
PhysicalFeature-LMZ-13-FR-20	zoom	15-16		29	fontSizeParam	float	23
PhysicalFeature-LMZ-13-FR-20	zoom	16-17		29	fontSizeParam	float	33
PhysicalFeature-LMZ-13-FR-20-Explore-Light	base			24	textColor	rgba8	rgb(124,112,106) a=255
PhysicalFeature-LMZ-13-FR-20-Explore-Light	zoom	0-13		25	labelHaloColor	rgba8	rgb(248,248,246) a=204
PhysicalFeature-LMZ-13-FR-20-Explore-Light	zoom	13-24		25	labelHaloColor	rgba8	rgb(248,248,246) a=128
PhysicalFeature-LMZ-13-FR-20-Explore-Light	zoom	0-13		18	textSizeScale	float	1
PhysicalFeature-LMZ-13-FR-20-Explore-Light	zoom	13-14		18	textSizeScale	float	1.4
PhysicalFeature-LMZ-13-FR-20-Explore-Light	zoom	14-15		18	textSizeScale	float	1.5
PhysicalFeature-LMZ-13-FR-20-Explore-Light	zoom	15-17		18	textSizeScale	float	1.6
PhysicalFeature-LMZ-13-FR-20-Explore-Light	zoom	17-24		18	textSizeScale	float	2
PhysicalFeature-LMZ-13-FR-20-Explore-Light	cond+zoom	0-24	feature:MarkingColor=[28]	24	textColor	rgba8	rgb(126,188,224) a=255
PhysicalFeature-LMZ-13-FR-20-Explore-Dark	base			24	textColor	rgba8	rgb(204,172,151) a=255
PhysicalFeature-LMZ-13-FR-20-Explore-Dark	zoom	0-13		25	labelHaloColor	rgba8	rgb(18,48,51) a=112
PhysicalFeature-LMZ-13-FR-20-Explore-Dark	zoom	13-24		25	labelHaloColor	rgba8	rgb(18,48,51) a=153
PhysicalFeature-LMZ-13-FR-20-Explore-Dark	zoom	0-13		18	textSizeScale	float	1
PhysicalFeature-LMZ-13-FR-20-Explore-Dark	zoom	13-14		18	textSizeScale	float	1.4
PhysicalFeature-LMZ-13-FR-20-Explore-Dark	zoom	14-15		18	textSizeScale	float	1.5
PhysicalFeature-LMZ-13-FR-20-Explore-Dark	zoom	15-17		18	textSizeScale	float	1.6
PhysicalFeature-LMZ-13-FR-20-Explore-Dark	zoom	17-24		18	textSizeScale	float	2
PhysicalFeature-LMZ-13-FR-20-Explore-Dark	cond+zoom	0-24	feature:MarkingColor=[28]	24	textColor	rgba8	rgb(126,188,224) a=128
PhysicalFeature-LMZ-13-FR-20-Muted-Light	base			24	textColor	rgba8	rgb(184,157,141) a=204
PhysicalFeature-LMZ-13-FR-20-Muted-Light	zoom	0-13		25	labelHaloColor	rgba8	rgb(248,248,246) a=204
PhysicalFeature-LMZ-13-FR-20-Muted-Light	zoom	13-24		25	labelHaloColor	rgba8	rgb(248,248,246) a=128
PhysicalFeature-LMZ-13-FR-20-Muted-Light	zoom	0-13		18	textSizeScale	float	1
PhysicalFeature-LMZ-13-FR-20-Muted-Light	zoom	13-14		18	textSizeScale	float	1.4
PhysicalFeature-LMZ-13-FR-20-Muted-Light	zoom	14-15		18	textSizeScale	float	1.5
PhysicalFeature-LMZ-13-FR-20-Muted-Light	zoom	15-17		18	textSizeScale	float	1.6
PhysicalFeature-LMZ-13-FR-20-Muted-Light	zoom	17-24		18	textSizeScale	float	2
PhysicalFeature-LMZ-13-FR-20-Muted-Light	cond+zoom	0-24	feature:MarkingColor=[28]	24	textColor	rgba8	rgb(126,188,224) a=255
PhysicalFeature-LMZ-13-FR-20-Muted-Dark	base			24	textColor	rgba8	rgb(122,115,102) a=255
PhysicalFeature-LMZ-13-FR-20-Muted-Dark	zoom	0-13		25	labelHaloColor	rgba8	rgb(18,48,51) a=112
PhysicalFeature-LMZ-13-FR-20-Muted-Dark	zoom	13-24		25	labelHaloColor	rgba8	rgb(18,48,51) a=153
PhysicalFeature-LMZ-13-FR-20-Muted-Dark	zoom	0-13		18	textSizeScale	float	1
PhysicalFeature-LMZ-13-FR-20-Muted-Dark	zoom	13-14		18	textSizeScale	float	1.4
PhysicalFeature-LMZ-13-FR-20-Muted-Dark	zoom	14-15		18	textSizeScale	float	1.5
PhysicalFeature-LMZ-13-FR-20-Muted-Dark	zoom	15-17		18	textSizeScale	float	1.6
PhysicalFeature-LMZ-13-FR-20-Muted-Dark	zoom	17-24		18	textSizeScale	float	2
PhysicalFeature-LMZ-13-FR-20-Muted-Dark	cond+zoom	0-24	feature:MarkingColor=[28]	24	textColor	rgba8	rgb(126,188,224) a=128
PhysicalFeature-LMZ-13-FR-20-Driving-Light	base			24	textColor	rgba8	rgb(124,112,106) a=255
PhysicalFeature-LMZ-13-FR-20-Driving-Light	zoom	0-13		25	labelHaloColor	rgba8	rgb(248,248,246) a=204
PhysicalFeature-LMZ-13-FR-20-Driving-Light	zoom	13-24		25	labelHaloColor	rgba8	rgb(248,248,246) a=128
PhysicalFeature-LMZ-13-FR-20-Driving-Light	zoom	0-13		18	textSizeScale	float	1
PhysicalFeature-LMZ-13-FR-20-Driving-Light	zoom	13-14		18	textSizeScale	float	1.4
PhysicalFeature-LMZ-13-FR-20-Driving-Light	zoom	14-15		18	textSizeScale	float	1.5
PhysicalFeature-LMZ-13-FR-20-Driving-Light	zoom	15-17		18	textSizeScale	float	1.6
PhysicalFeature-LMZ-13-FR-20-Driving-Light	zoom	17-24		18	textSizeScale	float	2
PhysicalFeature-LMZ-13-FR-20-Driving-Light	cond+zoom	0-24	feature:MarkingColor=[28]	24	textColor	rgba8	rgb(126,188,224) a=255
PhysicalFeature-LMZ-13-FR-20-Driving-Dark	base			24	textColor	rgba8	rgb(204,172,151) a=255
PhysicalFeature-LMZ-13-FR-20-Driving-Dark	zoom	0-13		25	labelHaloColor	rgba8	rgb(18,48,51) a=112
PhysicalFeature-LMZ-13-FR-20-Driving-Dark	zoom	13-24		25	labelHaloColor	rgba8	rgb(18,48,51) a=153
PhysicalFeature-LMZ-13-FR-20-Driving-Dark	zoom	0-13		18	textSizeScale	float	1
PhysicalFeature-LMZ-13-FR-20-Driving-Dark	zoom	13-14		18	textSizeScale	float	1.4
PhysicalFeature-LMZ-13-FR-20-Driving-Dark	zoom	14-15		18	textSizeScale	float	1.5
PhysicalFeature-LMZ-13-FR-20-Driving-Dark	zoom	15-17		18	textSizeScale	float	1.6
PhysicalFeature-LMZ-13-FR-20-Driving-Dark	zoom	17-24		18	textSizeScale	float	2
PhysicalFeature-LMZ-13-FR-20-Driving-Dark	cond+zoom	0-24	feature:MarkingColor=[28]	24	textColor	rgba8	rgb(126,188,224) a=128
PhysicalFeature-LMZ-13-FR-20-Globe	base			24	textColor	rgba8	rgb(221,208,188) a=255
PhysicalFeature-LMZ-13-FR-20-Globe	zoom	0-11		18	textSizeScale	float	1.2
PhysicalFeature-LMZ-13-FR-20-Globe	zoom	11-24		18	textSizeScale	float	1.83
PhysicalFeature-LMZ-13-FR-20-Globe	zoom	0-11		25	labelHaloColor	rgba8	rgb(28,38,50) a=199
PhysicalFeature-LMZ-13-FR-20-Globe	zoom	11-24		25	labelHaloColor	rgba8	rgb(28,38,50) a=219
PhysicalFeature-LMZ-13-FR-20-Globe	cond+zoom	0-24	feature:MarkingColor=[28]	24	textColor	rgba8	rgb(159,227,237) a=128
PhysicalFeature-LMZ-13-FR-21-22	base			23	fontSpec	string	%$default,medium,width=132
PhysicalFeature-LMZ-13-FR-21-22	zoom	13-14		29	fontSizeParam	float	1
PhysicalFeature-LMZ-13-FR-21-22	zoom	14-15		29	fontSizeParam	float	3
PhysicalFeature-LMZ-13-FR-21-22	zoom	15-16		29	fontSizeParam	float	13
PhysicalFeature-LMZ-13-FR-21-22	zoom	16-17		29	fontSizeParam	float	23
PhysicalFeature-LMZ-13-FR-21-22-Explore-Light	base			24	textColor	rgba8	rgb(124,112,106) a=255
PhysicalFeature-LMZ-13-FR-21-22-Explore-Light	zoom	0-13		25	labelHaloColor	rgba8	rgb(248,248,246) a=204
PhysicalFeature-LMZ-13-FR-21-22-Explore-Light	zoom	13-24		25	labelHaloColor	rgba8	rgb(248,248,246) a=128
PhysicalFeature-LMZ-13-FR-21-22-Explore-Light	zoom	0-13		18	textSizeScale	float	1
PhysicalFeature-LMZ-13-FR-21-22-Explore-Light	zoom	13-14		18	textSizeScale	float	1.4
PhysicalFeature-LMZ-13-FR-21-22-Explore-Light	zoom	14-15		18	textSizeScale	float	1.5
PhysicalFeature-LMZ-13-FR-21-22-Explore-Light	zoom	15-17		18	textSizeScale	float	1.6
PhysicalFeature-LMZ-13-FR-21-22-Explore-Light	zoom	17-24		18	textSizeScale	float	2
PhysicalFeature-LMZ-13-FR-21-22-Explore-Light	zoom	13-14		18	textSizeScale	float	0.85
PhysicalFeature-LMZ-13-FR-21-22-Explore-Light	cond+zoom	0-24	feature:MarkingColor=[28]	24	textColor	rgba8	rgb(126,188,224) a=255
PhysicalFeature-LMZ-13-FR-21-22-Explore-Dark	base			24	textColor	rgba8	rgb(204,172,151) a=255
PhysicalFeature-LMZ-13-FR-21-22-Explore-Dark	zoom	0-13		25	labelHaloColor	rgba8	rgb(18,48,51) a=112
PhysicalFeature-LMZ-13-FR-21-22-Explore-Dark	zoom	13-24		25	labelHaloColor	rgba8	rgb(18,48,51) a=153
PhysicalFeature-LMZ-13-FR-21-22-Explore-Dark	zoom	0-13		18	textSizeScale	float	1
PhysicalFeature-LMZ-13-FR-21-22-Explore-Dark	zoom	13-14		18	textSizeScale	float	1.4
PhysicalFeature-LMZ-13-FR-21-22-Explore-Dark	zoom	14-15		18	textSizeScale	float	1.5
PhysicalFeature-LMZ-13-FR-21-22-Explore-Dark	zoom	15-17		18	textSizeScale	float	1.6
PhysicalFeature-LMZ-13-FR-21-22-Explore-Dark	zoom	17-24		18	textSizeScale	float	2
PhysicalFeature-LMZ-13-FR-21-22-Explore-Dark	zoom	13-14		18	textSizeScale	float	0.85
PhysicalFeature-LMZ-13-FR-21-22-Explore-Dark	cond+zoom	0-24	feature:MarkingColor=[28]	24	textColor	rgba8	rgb(126,188,224) a=128
PhysicalFeature-LMZ-13-FR-21-22-Muted-Light	base			24	textColor	rgba8	rgb(184,157,141) a=204
PhysicalFeature-LMZ-13-FR-21-22-Muted-Light	zoom	0-13		25	labelHaloColor	rgba8	rgb(248,248,246) a=204
PhysicalFeature-LMZ-13-FR-21-22-Muted-Light	zoom	13-24		25	labelHaloColor	rgba8	rgb(248,248,246) a=128
PhysicalFeature-LMZ-13-FR-21-22-Muted-Light	zoom	0-13		18	textSizeScale	float	1
PhysicalFeature-LMZ-13-FR-21-22-Muted-Light	zoom	13-14		18	textSizeScale	float	1.4
PhysicalFeature-LMZ-13-FR-21-22-Muted-Light	zoom	14-15		18	textSizeScale	float	1.5
PhysicalFeature-LMZ-13-FR-21-22-Muted-Light	zoom	15-17		18	textSizeScale	float	1.6
PhysicalFeature-LMZ-13-FR-21-22-Muted-Light	zoom	17-24		18	textSizeScale	float	2
PhysicalFeature-LMZ-13-FR-21-22-Muted-Light	zoom	13-14		18	textSizeScale	float	0.85
PhysicalFeature-LMZ-13-FR-21-22-Muted-Light	cond+zoom	0-24	feature:MarkingColor=[28]	24	textColor	rgba8	rgb(126,188,224) a=255
PhysicalFeature-LMZ-13-FR-21-22-Muted-Dark	base			24	textColor	rgba8	rgb(122,115,102) a=255
PhysicalFeature-LMZ-13-FR-21-22-Muted-Dark	zoom	0-13		25	labelHaloColor	rgba8	rgb(18,48,51) a=112
PhysicalFeature-LMZ-13-FR-21-22-Muted-Dark	zoom	13-24		25	labelHaloColor	rgba8	rgb(18,48,51) a=153
PhysicalFeature-LMZ-13-FR-21-22-Muted-Dark	zoom	0-13		18	textSizeScale	float	1
PhysicalFeature-LMZ-13-FR-21-22-Muted-Dark	zoom	13-14		18	textSizeScale	float	1.4
PhysicalFeature-LMZ-13-FR-21-22-Muted-Dark	zoom	14-15		18	textSizeScale	float	1.5
PhysicalFeature-LMZ-13-FR-21-22-Muted-Dark	zoom	15-17		18	textSizeScale	float	1.6
PhysicalFeature-LMZ-13-FR-21-22-Muted-Dark	zoom	17-24		18	textSizeScale	float	2
PhysicalFeature-LMZ-13-FR-21-22-Muted-Dark	zoom	13-14		18	textSizeScale	float	0.85
PhysicalFeature-LMZ-13-FR-21-22-Muted-Dark	cond+zoom	0-24	feature:MarkingColor=[28]	24	textColor	rgba8	rgb(126,188,224) a=128
PhysicalFeature-LMZ-13-FR-21-22-Driving-Light	base			24	textColor	rgba8	rgb(124,112,106) a=255
PhysicalFeature-LMZ-13-FR-21-22-Driving-Light	zoom	0-13		25	labelHaloColor	rgba8	rgb(248,248,246) a=204
PhysicalFeature-LMZ-13-FR-21-22-Driving-Light	zoom	13-24		25	labelHaloColor	rgba8	rgb(248,248,246) a=128
PhysicalFeature-LMZ-13-FR-21-22-Driving-Light	zoom	0-13		18	textSizeScale	float	1
PhysicalFeature-LMZ-13-FR-21-22-Driving-Light	zoom	13-14		18	textSizeScale	float	1.4
PhysicalFeature-LMZ-13-FR-21-22-Driving-Light	zoom	14-15		18	textSizeScale	float	1.5
PhysicalFeature-LMZ-13-FR-21-22-Driving-Light	zoom	15-17		18	textSizeScale	float	1.6
PhysicalFeature-LMZ-13-FR-21-22-Driving-Light	zoom	17-24		18	textSizeScale	float	2
PhysicalFeature-LMZ-13-FR-21-22-Driving-Light	zoom	13-14		18	textSizeScale	float	0.85
PhysicalFeature-LMZ-13-FR-21-22-Driving-Light	cond+zoom	0-24	feature:MarkingColor=[28]	24	textColor	rgba8	rgb(126,188,224) a=255
PhysicalFeature-LMZ-13-FR-21-22-Driving-Dark	base			24	textColor	rgba8	rgb(204,172,151) a=255
PhysicalFeature-LMZ-13-FR-21-22-Driving-Dark	zoom	0-13		25	labelHaloColor	rgba8	rgb(18,48,51) a=112
PhysicalFeature-LMZ-13-FR-21-22-Driving-Dark	zoom	13-24		25	labelHaloColor	rgba8	rgb(18,48,51) a=153
PhysicalFeature-LMZ-13-FR-21-22-Driving-Dark	zoom	0-13		18	textSizeScale	float	1
PhysicalFeature-LMZ-13-FR-21-22-Driving-Dark	zoom	13-14		18	textSizeScale	float	1.4
PhysicalFeature-LMZ-13-FR-21-22-Driving-Dark	zoom	14-15		18	textSizeScale	float	1.5
PhysicalFeature-LMZ-13-FR-21-22-Driving-Dark	zoom	15-17		18	textSizeScale	float	1.6
PhysicalFeature-LMZ-13-FR-21-22-Driving-Dark	zoom	17-24		18	textSizeScale	float	2
PhysicalFeature-LMZ-13-FR-21-22-Driving-Dark	zoom	13-14		18	textSizeScale	float	0.85
PhysicalFeature-LMZ-13-FR-21-22-Driving-Dark	cond+zoom	0-24	feature:MarkingColor=[28]	24	textColor	rgba8	rgb(126,188,224) a=128
PhysicalFeature-LMZ-13-FR-21-22-Globe	base			24	textColor	rgba8	rgb(221,208,188) a=255
PhysicalFeature-LMZ-13-FR-21-22-Globe	zoom	0-11		18	textSizeScale	float	1.2
PhysicalFeature-LMZ-13-FR-21-22-Globe	zoom	11-24		18	textSizeScale	float	1.83
PhysicalFeature-LMZ-13-FR-21-22-Globe	zoom	0-11		25	labelHaloColor	rgba8	rgb(28,38,50) a=199
PhysicalFeature-LMZ-13-FR-21-22-Globe	zoom	11-24		25	labelHaloColor	rgba8	rgb(28,38,50) a=219
PhysicalFeature-LMZ-13-FR-21-22-Globe	zoom	13-14		18	textSizeScale	float	0.85
PhysicalFeature-LMZ-13-FR-21-22-Globe	cond+zoom	0-24	feature:MarkingColor=[28]	24	textColor	rgba8	rgb(159,227,237) a=128
Coastline-Glow-Base	zoom	0-8		55	coastlineGlowWidth	float	0
Coastline-Glow-Base	zoom	8-10		55	coastlineGlowWidth	float	5
Coastline-Glow-Base	zoom	10-12		55	coastlineGlowWidth	float	7
Coastline-Glow-Base	zoom	12-14		55	coastlineGlowWidth	float	8
Coastline-Glow-Base	zoom	14-24		55	coastlineGlowWidth	float	9
Coastline-Glow-Light-Base	zoom	0-8		57	coastlineGlowColor	rgba8	rgb(135,221,251) a=255
Coastline-Glow-Light-Base	zoom	8-10		57	coastlineGlowColor	rgba8	rgb(130,218,247) a=255
Coastline-Glow-Light-Base	zoom	10-24		57	coastlineGlowColor	rgba8	rgb(138,218,244) a=255
Coastline-Glow-Dark-Base	zoom	0-12		57	coastlineGlowColor	rgba8	rgb(34,59,135) a=255
Coastline-Glow-Dark-Base	zoom	12-14		57	coastlineGlowColor	rgba8	rgb(33,57,131) a=255
Coastline-Glow-Dark-Base	zoom	14-24		57	coastlineGlowColor	rgba8	rgb(31,57,122) a=255
Coastline-Glow-Muted-Base	zoom	0-8		57	coastlineGlowColor	rgba8	rgb(191,231,247) a=255
Coastline-Glow-Muted-Base	zoom	8-24		57	coastlineGlowColor	rgba8	rgb(185,228,243) a=255
Coastline-Glow-Muted-Base	cond+zoom	0-24	client:114=[2] & client:69=[0] & client:81=[0] & client:MapMode=[0] & client:13=[0]	55	coastlineGlowWidth	float	3.5
Coastline-Glow-Muted-Base	cond+zoom	0-24	client:114=[2] & client:69=[0] & client:81=[0] & client:MapMode=[0] & client:13=[0]	57	coastlineGlowColor	rgba8	rgb(244,244,244) a=255
Coastline-Glow-DarkMuted-Base	zoom	0-14		57	coastlineGlowColor	rgba8	rgb(21,41,91) a=255
Coastline-Glow-DarkMuted-Base	zoom	14-24		57	coastlineGlowColor	rgba8	rgb(20,39,87) a=255
Coastline-Glow-DarkMuted-Base	cond+zoom	0-24	client:114=[2] & client:69=[0] & client:81=[0] & client:MapMode=[0] & client:13=[0]	55	coastlineGlowWidth	float	2.5
Coastline-Glow-DarkMuted-Base	cond+zoom	0-24	client:114=[2] & client:69=[0] & client:81=[0] & client:MapMode=[0] & client:13=[0]	57	coastlineGlowColor	rgba8	rgb(89,93,102) a=255
Coastline-Glow-DarkMuted-Base	cond+zoom	0-24	client:114=[2] & client:69=[0] & client:81=[0] & client:MapMode=[0] & client:13=[0] & client:126=[1]	55	coastlineGlowWidth	float	2.5
Coastline-Glow-DarkMuted-Base	cond+zoom	0-24	client:114=[2] & client:69=[0] & client:81=[0] & client:MapMode=[0] & client:13=[0] & client:126=[1]	57	coastlineGlowColor	rgba8	rgb(175,175,175) a=255
Coastline-Glow-Driving-Light-Base	zoom	0-8		57	coastlineGlowColor	rgba8	rgb(177,216,246) a=255
Coastline-Glow-Driving-Light-Base	zoom	8-10		57	coastlineGlowColor	rgba8	rgb(171,221,247) a=255
Coastline-Glow-Driving-Light-Base	zoom	10-24		57	coastlineGlowColor	rgba8	rgb(154,219,244) a=255
Coastline-Glow-Driving-Dark-Base	zoom	0-12		57	coastlineGlowColor	rgba8	rgb(34,59,135) a=255
Coastline-Glow-Driving-Dark-Base	zoom	12-14		57	coastlineGlowColor	rgba8	rgb(33,57,131) a=255
Coastline-Glow-Driving-Dark-Base	zoom	14-24		57	coastlineGlowColor	rgba8	rgb(31,57,122) a=255
Coastline-Glow-Nav-HighZoom-Base	base			55	coastlineGlowWidth	float	0
Coastline-Glow-Nav-HighZoom-Base	base			57	coastlineGlowColor	rgba8	rgb(166,219,238) a=255
PhysicalFeature-Points-Base	base			18	textSizeScale	float	0.5
PhysicalFeature-Points-Base	base			23	fontSpec	string	%$default,medium,width=60
PhysicalFeature-Points-Base	base			29	fontSizeParam	float	0.5
PhysicalFeature-Points-Base	zoom	0-10		18	textSizeScale	float	1
PhysicalFeature-Points-Base	zoom	10-13		18	textSizeScale	float	1
PhysicalFeature-Points-Base	zoom	13-14		18	textSizeScale	float	1.4
PhysicalFeature-Points-Base	zoom	14-15		18	textSizeScale	float	1.5
PhysicalFeature-Points-Base	zoom	15-17		18	textSizeScale	float	1.6
PhysicalFeature-Points-Base	zoom	17-24		18	textSizeScale	float	2
PhysicalFeature-Points-Base	cond		client:37=[1]	18	textSizeScale	float	1.6
PhysicalFeature-Points-Base	cond		client:37=[1]	24	textColor	rgba8	rgb(220,227,233) a=255
PhysicalFeature-Points-Base	cond		client:37=[1]	25	labelHaloColor	rgba8	rgb(28,38,50) a=255
PhysicalFeature-Points-Base	cond		client:37=[1] & client:TimePeriod=[1]	24	textColor	rgba8	rgb(220,227,233) a=255
PhysicalFeature-Points-Base	cond		client:37=[1] & client:TimePeriod=[1]	25	labelHaloColor	rgba8	rgb(19,21,26) a=96
PhysicalFeature-Points-Base	cond		client:6=[40, 41, 42]	23	fontSpec	string	%&HiraginoSans-W6
PhysicalFeature-Points-Base	cond		client:6=[40, 41, 42]	29	fontSizeParam	float	0
PhysicalFeature-Region-Base	base			18	textSizeScale	float	0.5
PhysicalFeature-Region-Base	base			21	fontSize	uint32	10
PhysicalFeature-Region-Base	base			23	fontSpec	string	%$default,medium,width=70
PhysicalFeature-Region-Base	base			29	fontSizeParam	float	5
PhysicalFeature-Region-Base	zoom	0-6		29	fontSizeParam	float	3
PhysicalFeature-Region-Base	zoom	6-8		29	fontSizeParam	float	3
PhysicalFeature-Region-Base	zoom	8-12		29	fontSizeParam	float	4
PhysicalFeature-Region-Base	zoom	12-24		29	fontSizeParam	float	6
PhysicalFeature-Region-Points-Globe	zoom	0-24		24	textColor	rgba8	rgb(221,208,188) a=255
PhysicalFeature-Region-Points-Globe	zoom	0-11		18	textSizeScale	float	1.2
PhysicalFeature-Region-Points-Globe	zoom	11-24		18	textSizeScale	float	1.83
PhysicalFeature-Region-Points-Globe	zoom	0-11		25	labelHaloColor	rgba8	rgb(28,38,50) a=199
PhysicalFeature-Region-Points-Globe	zoom	11-24		25	labelHaloColor	rgba8	rgb(28,38,50) a=219
PhysicalFeature-Z14-Area	base			23	fontSpec	string	%$default,medium,width=132
PhysicalFeature-Z14-Area	zoom	13-14		29	fontSizeParam	float	1
PhysicalFeature-Z14-Area	zoom	14-15		29	fontSizeParam	float	3
PhysicalFeature-Z14-Area	zoom	15-16		29	fontSizeParam	float	13
PhysicalFeature-Z14-Area	zoom	16-17		29	fontSizeParam	float	23
PhysicalFeature-Z14-Area-Explore-Light	base			24	textColor	rgba8	rgb(124,112,106) a=255
PhysicalFeature-Z14-Area-Explore-Light	zoom	0-13		25	labelHaloColor	rgba8	rgb(248,248,246) a=204
PhysicalFeature-Z14-Area-Explore-Light	zoom	13-24		25	labelHaloColor	rgba8	rgb(248,248,246) a=128
PhysicalFeature-Z14-Area-Explore-Light	zoom	0-13		18	textSizeScale	float	1
PhysicalFeature-Z14-Area-Explore-Light	zoom	13-14		18	textSizeScale	float	1.4
PhysicalFeature-Z14-Area-Explore-Light	zoom	14-15		18	textSizeScale	float	1.5
PhysicalFeature-Z14-Area-Explore-Light	zoom	15-17		18	textSizeScale	float	1.6
PhysicalFeature-Z14-Area-Explore-Light	zoom	17-24		18	textSizeScale	float	2
PhysicalFeature-Z14-Area-Explore-Light	cond+zoom	0-24	feature:MarkingColor=[28]	24	textColor	rgba8	rgb(126,188,224) a=255
PhysicalFeature-Z14-Area-Explore-Dark	base			24	textColor	rgba8	rgb(204,172,151) a=255
PhysicalFeature-Z14-Area-Explore-Dark	zoom	0-13		25	labelHaloColor	rgba8	rgb(18,48,51) a=112
PhysicalFeature-Z14-Area-Explore-Dark	zoom	13-24		25	labelHaloColor	rgba8	rgb(18,48,51) a=153
PhysicalFeature-Z14-Area-Explore-Dark	zoom	0-13		18	textSizeScale	float	1
PhysicalFeature-Z14-Area-Explore-Dark	zoom	13-14		18	textSizeScale	float	1.4
PhysicalFeature-Z14-Area-Explore-Dark	zoom	14-15		18	textSizeScale	float	1.5
PhysicalFeature-Z14-Area-Explore-Dark	zoom	15-17		18	textSizeScale	float	1.6
PhysicalFeature-Z14-Area-Explore-Dark	zoom	17-24		18	textSizeScale	float	2
PhysicalFeature-Z14-Area-Explore-Dark	cond+zoom	0-24	feature:MarkingColor=[28]	24	textColor	rgba8	rgb(126,188,224) a=128
PhysicalFeature-Z14-Area-Points-Muted-Light	base			24	textColor	rgba8	rgb(184,157,141) a=204
PhysicalFeature-Z14-Area-Points-Muted-Light	zoom	0-13		25	labelHaloColor	rgba8	rgb(248,248,246) a=204
PhysicalFeature-Z14-Area-Points-Muted-Light	zoom	13-24		25	labelHaloColor	rgba8	rgb(248,248,246) a=128
PhysicalFeature-Z14-Area-Points-Muted-Light	zoom	0-13		18	textSizeScale	float	1
PhysicalFeature-Z14-Area-Points-Muted-Light	zoom	13-14		18	textSizeScale	float	1.4
PhysicalFeature-Z14-Area-Points-Muted-Light	zoom	14-15		18	textSizeScale	float	1.5
PhysicalFeature-Z14-Area-Points-Muted-Light	zoom	15-17		18	textSizeScale	float	1.6
PhysicalFeature-Z14-Area-Points-Muted-Light	zoom	17-24		18	textSizeScale	float	2
PhysicalFeature-Z14-Area-Points-Muted-Light	cond+zoom	0-24	feature:MarkingColor=[28]	24	textColor	rgba8	rgb(126,188,224) a=255
PhysicalFeature-Z14-Area-Points-Muted-Dark	base			24	textColor	rgba8	rgb(122,115,102) a=255
PhysicalFeature-Z14-Area-Points-Muted-Dark	zoom	0-13		25	labelHaloColor	rgba8	rgb(18,48,51) a=112
PhysicalFeature-Z14-Area-Points-Muted-Dark	zoom	13-24		25	labelHaloColor	rgba8	rgb(18,48,51) a=153
PhysicalFeature-Z14-Area-Points-Muted-Dark	zoom	0-13		18	textSizeScale	float	1
PhysicalFeature-Z14-Area-Points-Muted-Dark	zoom	13-14		18	textSizeScale	float	1.4
PhysicalFeature-Z14-Area-Points-Muted-Dark	zoom	14-15		18	textSizeScale	float	1.5
PhysicalFeature-Z14-Area-Points-Muted-Dark	zoom	15-17		18	textSizeScale	float	1.6
PhysicalFeature-Z14-Area-Points-Muted-Dark	zoom	17-24		18	textSizeScale	float	2
PhysicalFeature-Z14-Area-Points-Muted-Dark	cond+zoom	0-24	feature:MarkingColor=[28]	24	textColor	rgba8	rgb(126,188,224) a=128
PhysicalFeature-Z14-Area-Points-Driving-Light	base			24	textColor	rgba8	rgb(124,112,106) a=255
PhysicalFeature-Z14-Area-Points-Driving-Light	zoom	0-13		25	labelHaloColor	rgba8	rgb(248,248,246) a=204
PhysicalFeature-Z14-Area-Points-Driving-Light	zoom	13-24		25	labelHaloColor	rgba8	rgb(248,248,246) a=128
PhysicalFeature-Z14-Area-Points-Driving-Light	zoom	0-13		18	textSizeScale	float	1
PhysicalFeature-Z14-Area-Points-Driving-Light	zoom	13-14		18	textSizeScale	float	1.4
PhysicalFeature-Z14-Area-Points-Driving-Light	zoom	14-15		18	textSizeScale	float	1.5
PhysicalFeature-Z14-Area-Points-Driving-Light	zoom	15-17		18	textSizeScale	float	1.6
PhysicalFeature-Z14-Area-Points-Driving-Light	zoom	17-24		18	textSizeScale	float	2
PhysicalFeature-Z14-Area-Points-Driving-Light	cond+zoom	0-24	feature:MarkingColor=[28]	24	textColor	rgba8	rgb(126,188,224) a=255
PhysicalFeature-Z14-Area-Points-Driving-Dark	base			24	textColor	rgba8	rgb(204,172,151) a=255
PhysicalFeature-Z14-Area-Points-Driving-Dark	zoom	0-13		25	labelHaloColor	rgba8	rgb(18,48,51) a=112
PhysicalFeature-Z14-Area-Points-Driving-Dark	zoom	13-24		25	labelHaloColor	rgba8	rgb(18,48,51) a=153
PhysicalFeature-Z14-Area-Points-Driving-Dark	zoom	0-13		18	textSizeScale	float	1
PhysicalFeature-Z14-Area-Points-Driving-Dark	zoom	13-14		18	textSizeScale	float	1.4
PhysicalFeature-Z14-Area-Points-Driving-Dark	zoom	14-15		18	textSizeScale	float	1.5
PhysicalFeature-Z14-Area-Points-Driving-Dark	zoom	15-17		18	textSizeScale	float	1.6
PhysicalFeature-Z14-Area-Points-Driving-Dark	zoom	17-24		18	textSizeScale	float	2
PhysicalFeature-Z14-Area-Points-Driving-Dark	cond+zoom	0-24	feature:MarkingColor=[28]	24	textColor	rgba8	rgb(126,188,224) a=128
PhysicalFeature-Area-Points-Globe	base			24	textColor	rgba8	rgb(221,208,188) a=255
PhysicalFeature-Area-Points-Globe	zoom	0-11		18	textSizeScale	float	1.2
PhysicalFeature-Area-Points-Globe	zoom	11-24		18	textSizeScale	float	1.83
PhysicalFeature-Area-Points-Globe	zoom	0-11		25	labelHaloColor	rgba8	rgb(28,38,50) a=199
PhysicalFeature-Area-Points-Globe	zoom	11-24		25	labelHaloColor	rgba8	rgb(28,38,50) a=219
PhysicalFeature-Area-Points-Globe	cond+zoom	0-24	feature:MarkingColor=[28]	24	textColor	rgba8	rgb(159,227,237) a=128
PhysicalFeature-Coastal-Base	base			18	textSizeScale	float	0.5
PhysicalFeature-Coastal-Base	base			23	fontSpec	string	%$default,medium,italic
PhysicalFeature-Coastal-Base	base			29	fontSizeParam	float	0.25
PhysicalFeature-Coastal-Base	cond		client:37=[1]	23	fontSpec	string	%$default,bold,italic
PhysicalFeature-Coastal-Points-Globe	zoom	0-24		24	textColor	rgba8	rgb(221,208,188) a=255
PhysicalFeature-Coastal-Points-Globe	zoom	0-11		18	textSizeScale	float	1.2
PhysicalFeature-Coastal-Points-Globe	zoom	11-24		18	textSizeScale	float	1.83
PhysicalFeature-Coastal-Points-Globe	zoom	0-11		25	labelHaloColor	rgba8	rgb(28,38,50) a=199
PhysicalFeature-Coastal-Points-Globe	zoom	11-24		25	labelHaloColor	rgba8	rgb(28,38,50) a=219
PhysicalFeature-Island-Base	base			18	textSizeScale	float	0.5
PhysicalFeature-Island-Base	base			21	fontSize	uint32	10
PhysicalFeature-Island-Base	base			23	fontSpec	string	%$default,semibold,italic
PhysicalFeature-Island-Base	base			29	fontSizeParam	float	0.5
PhysicalFeature-Island-Base	cond		client:37=[1]	23	fontSpec	string	%$default,bold,italic
PhysicalFeature-Island-Point-LMZ-0-3	zoom	0-5		29	fontSizeParam	float	0.5
PhysicalFeature-Island-Point-LMZ-0-3	zoom	5-6		29	fontSizeParam	float	0.65
PhysicalFeature-Island-Point-LMZ-0-3	zoom	6-24		29	fontSizeParam	float	0.95
PhysicalFeature-Island-Point-LMZ-4	zoom	0-5		29	fontSizeParam	float	0.5
PhysicalFeature-Island-Point-LMZ-4	zoom	5-6		29	fontSizeParam	float	0.65
PhysicalFeature-Island-Point-LMZ-4	zoom	6-24		29	fontSizeParam	float	0.95
PhysicalFeature-Island-Point-LMZ-5	zoom	0-6		29	fontSizeParam	float	0.5
PhysicalFeature-Island-Point-LMZ-5	zoom	6-7		29	fontSizeParam	float	0.65
PhysicalFeature-Island-Point-LMZ-5	zoom	7-24		29	fontSizeParam	float	0.95
PhysicalFeature-Island-Point-LMZ-6	zoom	0-7		29	fontSizeParam	float	0.5
PhysicalFeature-Island-Point-LMZ-6	zoom	7-8		29	fontSizeParam	float	0.65
PhysicalFeature-Island-Point-LMZ-6	zoom	8-24		29	fontSizeParam	float	0.95
PhysicalFeature-Island-Point-LMZ-7	zoom	0-8		29	fontSizeParam	float	0.5
PhysicalFeature-Island-Point-LMZ-7	zoom	8-9		29	fontSizeParam	float	0.65
PhysicalFeature-Island-Point-LMZ-7	zoom	9-24		29	fontSizeParam	float	0.95
PhysicalFeature-Island-Point-LMZ-8	zoom	0-9		29	fontSizeParam	float	0.5
PhysicalFeature-Island-Point-LMZ-8	zoom	9-10		29	fontSizeParam	float	0.65
PhysicalFeature-Island-Point-LMZ-8	zoom	10-24		29	fontSizeParam	float	0.95
PhysicalFeature-Island-Point-LMZ-9	zoom	0-10		29	fontSizeParam	float	0.5
PhysicalFeature-Island-Point-LMZ-9	zoom	10-11		29	fontSizeParam	float	0.65
PhysicalFeature-Island-Point-LMZ-9	zoom	11-24		29	fontSizeParam	float	0.95
PhysicalFeature-Island-Point-LMZ-10	zoom	0-12		29	fontSizeParam	float	0.65
PhysicalFeature-Island-Point-LMZ-10	zoom	12-24		29	fontSizeParam	float	0.95
PhysicalFeature-Island-Point-LMZ-11	zoom	0-12		29	fontSizeParam	float	0.65
PhysicalFeature-Island-Point-LMZ-11	zoom	12-24		29	fontSizeParam	float	0.95
PhysicalFeature-Island-Point-LMZ-12	base			29	fontSizeParam	float	0.95
PhysicalFeature-Island-Point-LMZ-13	base			29	fontSizeParam	float	0.95
PhysicalFeature-Island-Point-LMZ-14	base			29	fontSizeParam	float	0.95
PhysicalFeature-Island-Point-LMZ-15	base			29	fontSizeParam	float	0.95
PhysicalFeature-Island-Point-LMZ-16-20	base			29	fontSizeParam	float	0.95
PhysicalFeature-Island-Point-LMZ-Undefined	zoom	0-5		29	fontSizeParam	float	0.5
PhysicalFeature-Island-Point-LMZ-Undefined	zoom	5-6		29	fontSizeParam	float	0.65
PhysicalFeature-Island-Point-LMZ-Undefined	zoom	6-24		29	fontSizeParam	float	0.95
PhysicalFeature-Island-Points-Globe	zoom	0-24		24	textColor	rgba8	rgb(221,208,188) a=255
PhysicalFeature-Island-Points-Globe	zoom	0-11		18	textSizeScale	float	1.2
PhysicalFeature-Island-Points-Globe	zoom	11-24		18	textSizeScale	float	1.83
PhysicalFeature-Island-Points-Globe	zoom	0-11		25	labelHaloColor	rgba8	rgb(28,38,50) a=199
PhysicalFeature-Island-Points-Globe	zoom	11-24		25	labelHaloColor	rgba8	rgb(28,38,50) a=219
PhysicalFeature-Mountain-Base	base			18	textSizeScale	float	0.5
PhysicalFeature-Mountain-Base	base			21	fontSize	uint32	16
PhysicalFeature-Mountain-Base	base			23	fontSpec	string	%$default,semibold-G1,width=100
PhysicalFeature-Mountain-Base	base			29	fontSizeParam	float	0
PhysicalFeature-Mountain-Base	zoom	0-10		18	textSizeScale	float	1
PhysicalFeature-Mountain-Base	zoom	10-13		18	textSizeScale	float	1
PhysicalFeature-Mountain-Base	zoom	13-14		18	textSizeScale	float	1.4
PhysicalFeature-Mountain-Base	zoom	14-15		18	textSizeScale	float	1.5
PhysicalFeature-Mountain-Base	zoom	15-17		18	textSizeScale	float	1.6
PhysicalFeature-Mountain-Base	zoom	17-24		18	textSizeScale	float	2
PhysicalFeature-Mountain-Base	cond+zoom	0-10	client:135=[1]	18	textSizeScale	float	1
PhysicalFeature-Mountain-Base	cond+zoom	10-13	client:135=[1]	18	textSizeScale	float	1
PhysicalFeature-Mountain-Base	cond+zoom	13-14	client:135=[1]	18	textSizeScale	float	1.4
PhysicalFeature-Mountain-Base	cond+zoom	14-15	client:135=[1]	18	textSizeScale	float	1.55
PhysicalFeature-Mountain-Base	cond+zoom	15-17	client:135=[1]	18	textSizeScale	float	1.8
PhysicalFeature-Mountain-Base	cond+zoom	17-24	client:135=[1]	18	textSizeScale	float	2
PhysicalFeature-Mountain-Base	cond		client:51=[2, 1] & client:TimePeriod=[0]	24	textColor	rgba8	rgb(189,124,84) a=255
PhysicalFeature-Mountain-Base	cond		client:51=[2, 1] & client:TimePeriod=[1]	24	textColor	rgba8	rgb(218,148,84) a=128
PhysicalFeature-Mountain-Points-Globe	zoom	0-9		24	textColor	rgba8	rgb(184,134,87) a=255
PhysicalFeature-Mountain-Points-Globe	zoom	9-10		24	textColor	rgba8	rgb(198,141,87) a=255
PhysicalFeature-Mountain-Points-Globe	zoom	10-12		24	textColor	rgba8	rgb(206,147,91) a=255
PhysicalFeature-Mountain-Points-Globe	zoom	12-24		24	textColor	rgba8	rgb(218,148,84) a=255
PhysicalFeature-Mountain-Points-Globe	zoom	0-11		18	textSizeScale	float	1.2
PhysicalFeature-Mountain-Points-Globe	zoom	11-24		18	textSizeScale	float	1.83
PhysicalFeature-Mountain-Points-Globe	zoom	0-11		25	labelHaloColor	rgba8	rgb(28,38,50) a=199
PhysicalFeature-Mountain-Points-Globe	zoom	11-24		25	labelHaloColor	rgba8	rgb(28,38,50) a=219
PhysicalFeature-Mountain-Points-Globe	zoom	0-11		18	textSizeScale	float	1.2
PhysicalFeature-Mountain-Points-Globe	zoom	11-24		18	textSizeScale	float	1.83
PhysicalFeature-Mountain-Base_LMZ1_4	zoom	9-24		23	fontSpec	string	%$default,bold,width=100
PhysicalFeature-Elevation-Points-Base	base			21	fontSize	uint32	14
PhysicalFeature-Elevation-Points-Base	base			23	fontSpec	string	%$default,semibold,width=100
PhysicalFeature-Elevation-Points-Base	base			29	fontSizeParam	float	0
PhysicalFeature-Elevation-Points-Globe-Base	zoom	0-9		24	textColor	rgba8	rgb(184,134,87) a=255
PhysicalFeature-Elevation-Points-Globe-Base	zoom	9-10		24	textColor	rgba8	rgb(198,141,87) a=255
PhysicalFeature-Elevation-Points-Globe-Base	zoom	10-12		24	textColor	rgba8	rgb(206,147,91) a=255
PhysicalFeature-Elevation-Points-Globe-Base	zoom	12-24		24	textColor	rgba8	rgb(218,148,84) a=255
PhysicalFeature-Elevation-Points-Globe-Base	zoom	0-11		18	textSizeScale	float	1.2
PhysicalFeature-Elevation-Points-Globe-Base	zoom	11-24		18	textSizeScale	float	1.83
PhysicalFeature-Elevation-Points-Globe-Base	zoom	0-11		25	labelHaloColor	rgba8	rgb(28,38,50) a=199
PhysicalFeature-Elevation-Points-Globe-Base	zoom	11-24		25	labelHaloColor	rgba8	rgb(28,38,50) a=219
PhysicalFeature-Undersea-Points-Base	base			18	textSizeScale	float	0
PhysicalFeature-Undersea-Points-Base	base			21	fontSize	uint32	14
PhysicalFeature-Undersea-Points-Base	base			23	fontSpec	string	%$default,semibold,width=100
PhysicalFeature-Undersea-Points-Base	base			29	fontSizeParam	float	0
PhysicalFeature-Undersea-Points-Globe-Base	base			24	textColor	rgba8	rgb(29,104,241) a=255
PhysicalFeature-Undersea-Points-Globe-Base	zoom	0-11		18	textSizeScale	float	1.2
PhysicalFeature-Undersea-Points-Globe-Base	zoom	11-24		18	textSizeScale	float	1.83
PhysicalFeature-Undersea-Points-Globe-Base	zoom	0-11		25	labelHaloColor	rgba8	rgb(28,38,50) a=199
PhysicalFeature-Undersea-Points-Globe-Base	zoom	11-24		25	labelHaloColor	rgba8	rgb(28,38,50) a=219
PhysicalFeature-Undersea-Area-Points-Base	base			18	textSizeScale	float	0
PhysicalFeature-Undersea-Area-Points-Base	base			21	fontSize	uint32	10
PhysicalFeature-Undersea-Area-Points-Base	base			23	fontSpec	string	%$default,bold,width=140
PhysicalFeature-Undersea-Area-Points-Base	base			29	fontSizeParam	float	3
PhysicalFeature-Undersea-Area-Points-Base	cond		client:37=[1]	23	fontSpec	string	%$default,bold,italic
PhysicalFeature-Undersea-Area-Points-Globe-Base	base			24	textColor	rgba8	rgb(29,104,241) a=255
PhysicalFeature-Undersea-Area-Points-Globe-Base	zoom	0-11		18	textSizeScale	float	1.2
PhysicalFeature-Undersea-Area-Points-Globe-Base	zoom	11-24		18	textSizeScale	float	1.83
PhysicalFeature-Undersea-Area-Points-Globe-Base	zoom	0-11		25	labelHaloColor	rgba8	rgb(28,38,50) a=199
PhysicalFeature-Undersea-Area-Points-Globe-Base	zoom	11-24		25	labelHaloColor	rgba8	rgb(28,38,50) a=219
PhysicalFeature-Lines-Island-Base	base			18	textSizeScale	float	0.5
PhysicalFeature-Lines-Island-Base	base			23	fontSpec	string	%$default,bold,italic
PhysicalFeature-Lines-Island-Base	cond		client:51=[2, 1] & client:TimePeriod=[0]	24	textColor	rgba8	rgb(77,78,79) a=128
PhysicalFeature-Lines-Island-Base	cond		client:51=[2, 1] & client:TimePeriod=[1]	24	textColor	rgba8	rgb(178,190,202) a=128
PhysicalFeature-Lines-Island-Base	cond		client:114=[2] & client:69=[0] & client:81=[0] & client:MapMode=[0] & client:13=[0] & client:TimePeriod=[0]	18	textSizeScale	float	1
PhysicalFeature-Lines-Island-Base	cond		client:114=[2] & client:69=[0] & client:81=[0] & client:MapMode=[0] & client:13=[0] & client:TimePeriod=[0]	24	textColor	rgba8	rgb(0,82,153) a=153
PhysicalFeature-Lines-Island-Base	cond		client:114=[2] & client:69=[0] & client:81=[0] & client:MapMode=[0] & client:13=[0] & client:TimePeriod=[0]	25	labelHaloColor	rgba8	rgb(255,255,255) a=51
PhysicalFeature-Lines-Island-Base	cond		client:114=[2] & client:69=[0] & client:81=[0] & client:MapMode=[0] & client:13=[0] & client:TimePeriod=[1]	18	textSizeScale	float	1
PhysicalFeature-Lines-Island-Base	cond		client:114=[2] & client:69=[0] & client:81=[0] & client:MapMode=[0] & client:13=[0] & client:TimePeriod=[1]	24	textColor	rgba8	rgb(255,255,255) a=160
PhysicalFeature-Lines-Island-Base	cond		client:114=[2] & client:69=[0] & client:81=[0] & client:MapMode=[0] & client:13=[0] & client:TimePeriod=[1]	25	labelHaloColor	rgba8	rgb(2,13,46) a=77
PhysicalFeature-Lines-Island-Base	cond		client:114=[2] & client:69=[0] & client:81=[0] & client:MapMode=[0] & client:13=[0] & client:126=[1]	18	textSizeScale	float	1
PhysicalFeature-Lines-Island-Base	cond		client:114=[2] & client:69=[0] & client:81=[0] & client:MapMode=[0] & client:13=[0] & client:126=[1]	24	textColor	rgba8	rgb(255,255,255) a=160
PhysicalFeature-Lines-Island-Base	cond		client:114=[2] & client:69=[0] & client:81=[0] & client:MapMode=[0] & client:13=[0] & client:126=[1]	25	labelHaloColor	rgba8	rgb(2,13,46) a=77
PhysicalFeature-Lines-Island-Rank-1-2	zoom	2-3		29	fontSizeParam	float	2.5
PhysicalFeature-Lines-Island-Rank-1-2	zoom	3-4		29	fontSizeParam	float	10
PhysicalFeature-Lines-Island-Rank-1-2	zoom	4-5		29	fontSizeParam	float	20
PhysicalFeature-Lines-Island-Rank-1-2	zoom	5-6		29	fontSizeParam	float	40
PhysicalFeature-Lines-Island-Rank-1-2	zoom	6-7		29	fontSizeParam	float	80
PhysicalFeature-Lines-Island-Rank-1-2	zoom	7-24		29	fontSizeParam	float	160
PhysicalFeature-Rank-1-2-Island-Explore-Light	base			18	textSizeScale	float	0.25
PhysicalFeature-Rank-1-2-Island-Explore-Light	zoom	0-5		25	labelHaloColor	rgba8	rgb(248,248,246) a=38
PhysicalFeature-Rank-1-2-Island-Explore-Light	zoom	5-6		25	labelHaloColor	rgba8	rgb(248,248,246) a=89
PhysicalFeature-Rank-1-2-Island-Explore-Light	zoom	6-8		25	labelHaloColor	rgba8	rgb(248,248,246) a=128
PhysicalFeature-Rank-1-2-Island-Explore-Light	zoom	8-9		25	labelHaloColor	rgba8	rgb(248,248,246) a=153
PhysicalFeature-Rank-1-2-Island-Explore-Light	zoom	9-24		25	labelHaloColor	rgba8	rgb(248,248,246) a=204
PhysicalFeature-Rank-1-2-Island-Explore-Light	zoom	0-2		24	textColor	rgba8	rgb(77,78,79) a=230
PhysicalFeature-Rank-1-2-Island-Explore-Light	zoom	2-3		24	textColor	rgba8	rgb(77,78,79) a=230
PhysicalFeature-Rank-1-2-Island-Explore-Light	zoom	3-4		24	textColor	rgba8	rgb(77,78,79) a=230
PhysicalFeature-Rank-1-2-Island-Explore-Light	zoom	4-5		24	textColor	rgba8	rgb(77,78,79) a=204
PhysicalFeature-Rank-1-2-Island-Explore-Light	zoom	5-6		24	textColor	rgba8	rgb(77,78,79) a=204
PhysicalFeature-Rank-1-2-Island-Explore-Light	zoom	6-24		24	textColor	rgba8	rgb(77,78,79) a=179
PhysicalFeature-Rank-1-2-Island-Explore-Light	cond		client:135=[1]	18	textSizeScale	float	0.25
PhysicalFeature-Rank-1-2-Island-Explore-Light	cond+zoom	0-5	client:135=[1]	25	labelHaloColor	rgba8	rgb(248,248,246) a=38
PhysicalFeature-Rank-1-2-Island-Explore-Light	cond+zoom	5-6	client:135=[1]	25	labelHaloColor	rgba8	rgb(248,248,246) a=89
PhysicalFeature-Rank-1-2-Island-Explore-Light	cond+zoom	6-8	client:135=[1]	25	labelHaloColor	rgba8	rgb(248,248,246) a=128
PhysicalFeature-Rank-1-2-Island-Explore-Light	cond+zoom	8-9	client:135=[1]	25	labelHaloColor	rgba8	rgb(248,248,246) a=153
PhysicalFeature-Rank-1-2-Island-Explore-Light	cond+zoom	9-24	client:135=[1]	25	labelHaloColor	rgba8	rgb(248,248,246) a=204
PhysicalFeature-Rank-1-2-Island-Explore-Light	cond+zoom	0-5	client:135=[1]	25	labelHaloColor	rgba8	rgb(248,248,246) a=102
PhysicalFeature-Rank-1-2-Island-Explore-Light	cond+zoom	5-6	client:135=[1]	25	labelHaloColor	rgba8	rgb(248,248,246) a=128
PhysicalFeature-Rank-1-2-Island-Explore-Light	cond+zoom	6-8	client:135=[1]	25	labelHaloColor	rgba8	rgb(248,248,246) a=166
PhysicalFeature-Rank-1-2-Island-Explore-Light	cond+zoom	8-9	client:135=[1]	25	labelHaloColor	rgba8	rgb(248,248,246) a=191
PhysicalFeature-Rank-1-2-Island-Explore-Light	cond+zoom	9-24	client:135=[1]	25	labelHaloColor	rgba8	rgb(248,248,246) a=230
PhysicalFeature-Rank-1-2-Island-Explore-Dark	base			25	labelHaloColor	rgba8	rgb(19,21,26) a=96
PhysicalFeature-Rank-1-2-Island-Explore-Dark	zoom	0-9		24	textColor	rgba8	rgb(146,155,165) a=255
PhysicalFeature-Rank-1-2-Island-Explore-Dark	zoom	9-10		24	textColor	rgba8	rgb(158,167,178) a=255
PhysicalFeature-Rank-1-2-Island-Explore-Dark	zoom	10-12		24	textColor	rgba8	rgb(171,179,188) a=255
PhysicalFeature-Rank-1-2-Island-Explore-Dark	zoom	12-24		24	textColor	rgba8	rgb(158,167,178) a=255
PhysicalFeature-Rank-1-2-Island-Muted-Light	base			18	textSizeScale	float	0.25
PhysicalFeature-Rank-1-2-Island-Muted-Light	zoom	0-5		25	labelHaloColor	rgba8	rgb(248,248,246) a=38
PhysicalFeature-Rank-1-2-Island-Muted-Light	zoom	5-6		25	labelHaloColor	rgba8	rgb(248,248,246) a=89
PhysicalFeature-Rank-1-2-Island-Muted-Light	zoom	6-8		25	labelHaloColor	rgba8	rgb(248,248,246) a=128
PhysicalFeature-Rank-1-2-Island-Muted-Light	zoom	8-9		25	labelHaloColor	rgba8	rgb(248,248,246) a=153
PhysicalFeature-Rank-1-2-Island-Muted-Light	zoom	9-24		25	labelHaloColor	rgba8	rgb(248,248,246) a=204
PhysicalFeature-Rank-1-2-Island-Muted-Light	zoom	0-2		24	textColor	rgba8	rgb(100,106,112) a=230
PhysicalFeature-Rank-1-2-Island-Muted-Light	zoom	2-3		24	textColor	rgba8	rgb(100,106,112) a=230
PhysicalFeature-Rank-1-2-Island-Muted-Light	zoom	3-4		24	textColor	rgba8	rgb(100,106,112) a=230
PhysicalFeature-Rank-1-2-Island-Muted-Light	zoom	4-5		24	textColor	rgba8	rgb(100,106,112) a=204
PhysicalFeature-Rank-1-2-Island-Muted-Light	zoom	5-6		24	textColor	rgba8	rgb(100,106,112) a=204
PhysicalFeature-Rank-1-2-Island-Muted-Light	zoom	6-24		24	textColor	rgba8	rgb(100,106,112) a=179
PhysicalFeature-Rank-1-2-Island-Muted-Dark	base			25	labelHaloColor	rgba8	rgb(19,21,26) a=96
PhysicalFeature-Rank-1-2-Island-Muted-Dark	zoom	0-9		24	textColor	rgba8	rgb(107,120,133) a=255
PhysicalFeature-Rank-1-2-Island-Muted-Dark	zoom	9-10		24	textColor	rgba8	rgb(118,130,142) a=255
PhysicalFeature-Rank-1-2-Island-Muted-Dark	zoom	10-12		24	textColor	rgba8	rgb(129,139,151) a=255
PhysicalFeature-Rank-1-2-Island-Muted-Dark	zoom	12-24		24	textColor	rgba8	rgb(118,130,142) a=255
PhysicalFeature-Rank-1-2-Island-Driving-Light	base			18	textSizeScale	float	0.25
PhysicalFeature-Rank-1-2-Island-Driving-Light	zoom	0-5		25	labelHaloColor	rgba8	rgb(248,248,246) a=38
PhysicalFeature-Rank-1-2-Island-Driving-Light	zoom	5-6		25	labelHaloColor	rgba8	rgb(248,248,246) a=89
PhysicalFeature-Rank-1-2-Island-Driving-Light	zoom	6-8		25	labelHaloColor	rgba8	rgb(248,248,246) a=128
PhysicalFeature-Rank-1-2-Island-Driving-Light	zoom	8-9		25	labelHaloColor	rgba8	rgb(248,248,246) a=153
PhysicalFeature-Rank-1-2-Island-Driving-Light	zoom	9-24		25	labelHaloColor	rgba8	rgb(248,248,246) a=204
PhysicalFeature-Rank-1-2-Island-Driving-Light	zoom	0-2		24	textColor	rgba8	rgb(77,78,79) a=230
PhysicalFeature-Rank-1-2-Island-Driving-Light	zoom	2-3		24	textColor	rgba8	rgb(77,78,79) a=230
PhysicalFeature-Rank-1-2-Island-Driving-Light	zoom	3-4		24	textColor	rgba8	rgb(77,78,79) a=230
PhysicalFeature-Rank-1-2-Island-Driving-Light	zoom	4-5		24	textColor	rgba8	rgb(77,78,79) a=204
PhysicalFeature-Rank-1-2-Island-Driving-Light	zoom	5-6		24	textColor	rgba8	rgb(77,78,79) a=204
PhysicalFeature-Rank-1-2-Island-Driving-Light	zoom	6-24		24	textColor	rgba8	rgb(77,78,79) a=179
PhysicalFeature-Rank-1-2-Island-Driving-Light	cond		client:135=[1]	18	textSizeScale	float	0.25
PhysicalFeature-Rank-1-2-Island-Driving-Light	cond+zoom	0-5	client:135=[1]	25	labelHaloColor	rgba8	rgb(248,248,246) a=38
PhysicalFeature-Rank-1-2-Island-Driving-Light	cond+zoom	5-6	client:135=[1]	25	labelHaloColor	rgba8	rgb(248,248,246) a=89
PhysicalFeature-Rank-1-2-Island-Driving-Light	cond+zoom	6-8	client:135=[1]	25	labelHaloColor	rgba8	rgb(248,248,246) a=128
PhysicalFeature-Rank-1-2-Island-Driving-Light	cond+zoom	8-9	client:135=[1]	25	labelHaloColor	rgba8	rgb(248,248,246) a=153
PhysicalFeature-Rank-1-2-Island-Driving-Light	cond+zoom	9-24	client:135=[1]	25	labelHaloColor	rgba8	rgb(248,248,246) a=204
PhysicalFeature-Rank-1-2-Island-Driving-Light	cond+zoom	0-5	client:135=[1]	25	labelHaloColor	rgba8	rgb(248,248,246) a=102
PhysicalFeature-Rank-1-2-Island-Driving-Light	cond+zoom	5-6	client:135=[1]	25	labelHaloColor	rgba8	rgb(248,248,246) a=128
PhysicalFeature-Rank-1-2-Island-Driving-Light	cond+zoom	6-8	client:135=[1]	25	labelHaloColor	rgba8	rgb(248,248,246) a=166
PhysicalFeature-Rank-1-2-Island-Driving-Light	cond+zoom	8-9	client:135=[1]	25	labelHaloColor	rgba8	rgb(248,248,246) a=191
PhysicalFeature-Rank-1-2-Island-Driving-Light	cond+zoom	9-24	client:135=[1]	25	labelHaloColor	rgba8	rgb(248,248,246) a=230
PhysicalFeature-Rank-1-2-Island-Driving-Dark	base			25	labelHaloColor	rgba8	rgb(19,21,26) a=96
PhysicalFeature-Rank-1-2-Island-Driving-Dark	zoom	0-9		24	textColor	rgba8	rgb(146,155,165) a=255
PhysicalFeature-Rank-1-2-Island-Driving-Dark	zoom	9-10		24	textColor	rgba8	rgb(158,167,178) a=255
PhysicalFeature-Rank-1-2-Island-Driving-Dark	zoom	10-12		24	textColor	rgba8	rgb(171,179,188) a=255
PhysicalFeature-Rank-1-2-Island-Driving-Dark	zoom	12-24		24	textColor	rgba8	rgb(158,167,178) a=255
PhysicalFeature-Rank-1-2-Island-Globe	zoom	0-24		24	textColor	rgba8	rgb(221,208,188) a=255
PhysicalFeature-Rank-1-2-Island-Globe	zoom	0-11		18	textSizeScale	float	1.2
PhysicalFeature-Rank-1-2-Island-Globe	zoom	11-24		18	textSizeScale	float	1.83
PhysicalFeature-Rank-1-2-Island-Globe	zoom	0-11		25	labelHaloColor	rgba8	rgb(28,38,50) a=199
PhysicalFeature-Rank-1-2-Island-Globe	zoom	11-24		25	labelHaloColor	rgba8	rgb(28,38,50) a=219
PhysicalFeature-Lines-Island-Rank-3-5	zoom	2-3		29	fontSizeParam	float	2.5
PhysicalFeature-Lines-Island-Rank-3-5	zoom	3-4		29	fontSizeParam	float	5
PhysicalFeature-Lines-Island-Rank-3-5	zoom	4-5		29	fontSizeParam	float	10
PhysicalFeature-Lines-Island-Rank-3-5	zoom	5-6		29	fontSizeParam	float	20
PhysicalFeature-Lines-Island-Rank-3-5	zoom	6-7		29	fontSizeParam	float	40
PhysicalFeature-Lines-Island-Rank-3-5	zoom	7-24		29	fontSizeParam	float	80
PhysicalFeature-Rank-3-5-Island-Explore-Light	base			18	textSizeScale	float	0.25
PhysicalFeature-Rank-3-5-Island-Explore-Light	zoom	0-5		25	labelHaloColor	rgba8	rgb(248,248,246) a=38
PhysicalFeature-Rank-3-5-Island-Explore-Light	zoom	5-6		25	labelHaloColor	rgba8	rgb(248,248,246) a=89
PhysicalFeature-Rank-3-5-Island-Explore-Light	zoom	6-8		25	labelHaloColor	rgba8	rgb(248,248,246) a=128
PhysicalFeature-Rank-3-5-Island-Explore-Light	zoom	8-9		25	labelHaloColor	rgba8	rgb(248,248,246) a=153
PhysicalFeature-Rank-3-5-Island-Explore-Light	zoom	9-24		25	labelHaloColor	rgba8	rgb(248,248,246) a=204
PhysicalFeature-Rank-3-5-Island-Explore-Light	zoom	0-24		24	textColor	rgba8	rgb(77,78,79) a=230
PhysicalFeature-Rank-3-5-Island-Explore-Light	cond		client:135=[1] & client:TimePeriod=[0]	18	textSizeScale	float	0.25
PhysicalFeature-Rank-3-5-Island-Explore-Light	cond+zoom	0-5	client:135=[1] & client:TimePeriod=[0]	25	labelHaloColor	rgba8	rgb(248,248,246) a=38
PhysicalFeature-Rank-3-5-Island-Explore-Light	cond+zoom	5-6	client:135=[1] & client:TimePeriod=[0]	25	labelHaloColor	rgba8	rgb(248,248,246) a=89
PhysicalFeature-Rank-3-5-Island-Explore-Light	cond+zoom	6-8	client:135=[1] & client:TimePeriod=[0]	25	labelHaloColor	rgba8	rgb(248,248,246) a=128
PhysicalFeature-Rank-3-5-Island-Explore-Light	cond+zoom	8-9	client:135=[1] & client:TimePeriod=[0]	25	labelHaloColor	rgba8	rgb(248,248,246) a=153
PhysicalFeature-Rank-3-5-Island-Explore-Light	cond+zoom	9-24	client:135=[1] & client:TimePeriod=[0]	25	labelHaloColor	rgba8	rgb(248,248,246) a=204
PhysicalFeature-Rank-3-5-Island-Explore-Light	cond+zoom	0-5	client:135=[1] & client:TimePeriod=[0]	25	labelHaloColor	rgba8	rgb(248,248,246) a=102
PhysicalFeature-Rank-3-5-Island-Explore-Light	cond+zoom	5-6	client:135=[1] & client:TimePeriod=[0]	25	labelHaloColor	rgba8	rgb(248,248,246) a=128
PhysicalFeature-Rank-3-5-Island-Explore-Light	cond+zoom	6-8	client:135=[1] & client:TimePeriod=[0]	25	labelHaloColor	rgba8	rgb(248,248,246) a=166
PhysicalFeature-Rank-3-5-Island-Explore-Light	cond+zoom	8-9	client:135=[1] & client:TimePeriod=[0]	25	labelHaloColor	rgba8	rgb(248,248,246) a=191
PhysicalFeature-Rank-3-5-Island-Explore-Light	cond+zoom	9-24	client:135=[1] & client:TimePeriod=[0]	25	labelHaloColor	rgba8	rgb(248,248,246) a=230
PhysicalFeature-Rank-3-5-Island-Explore-Dark	base			25	labelHaloColor	rgba8	rgb(19,21,26) a=96
PhysicalFeature-Rank-3-5-Island-Explore-Dark	zoom	0-9		24	textColor	rgba8	rgb(146,155,165) a=255
PhysicalFeature-Rank-3-5-Island-Explore-Dark	zoom	9-10		24	textColor	rgba8	rgb(158,167,178) a=255
PhysicalFeature-Rank-3-5-Island-Explore-Dark	zoom	10-12		24	textColor	rgba8	rgb(171,179,188) a=255
PhysicalFeature-Rank-3-5-Island-Explore-Dark	zoom	12-24		24	textColor	rgba8	rgb(158,167,178) a=255
PhysicalFeature-Rank-3-5-Island-Muted-Light	base			18	textSizeScale	float	0.25
PhysicalFeature-Rank-3-5-Island-Muted-Light	zoom	0-5		25	labelHaloColor	rgba8	rgb(248,248,246) a=38
PhysicalFeature-Rank-3-5-Island-Muted-Light	zoom	5-6		25	labelHaloColor	rgba8	rgb(248,248,246) a=89
PhysicalFeature-Rank-3-5-Island-Muted-Light	zoom	6-8		25	labelHaloColor	rgba8	rgb(248,248,246) a=128
PhysicalFeature-Rank-3-5-Island-Muted-Light	zoom	8-9		25	labelHaloColor	rgba8	rgb(248,248,246) a=153
PhysicalFeature-Rank-3-5-Island-Muted-Light	zoom	9-24		25	labelHaloColor	rgba8	rgb(248,248,246) a=204
PhysicalFeature-Rank-3-5-Island-Muted-Light	zoom	0-24		24	textColor	rgba8	rgb(100,106,112) a=230
PhysicalFeature-Rank-3-5-Island-Muted-Dark	base			25	labelHaloColor	rgba8	rgb(19,21,26) a=96
PhysicalFeature-Rank-3-5-Island-Muted-Dark	zoom	0-9		24	textColor	rgba8	rgb(107,120,133) a=255
PhysicalFeature-Rank-3-5-Island-Muted-Dark	zoom	9-10		24	textColor	rgba8	rgb(118,130,142) a=255
PhysicalFeature-Rank-3-5-Island-Muted-Dark	zoom	10-12		24	textColor	rgba8	rgb(129,139,151) a=255
PhysicalFeature-Rank-3-5-Island-Muted-Dark	zoom	12-24		24	textColor	rgba8	rgb(118,130,142) a=255
PhysicalFeature-Rank-3-5-Island-Driving-Light	base			18	textSizeScale	float	0.25
PhysicalFeature-Rank-3-5-Island-Driving-Light	zoom	0-5		25	labelHaloColor	rgba8	rgb(248,248,246) a=38
PhysicalFeature-Rank-3-5-Island-Driving-Light	zoom	5-6		25	labelHaloColor	rgba8	rgb(248,248,246) a=89
PhysicalFeature-Rank-3-5-Island-Driving-Light	zoom	6-8		25	labelHaloColor	rgba8	rgb(248,248,246) a=128
PhysicalFeature-Rank-3-5-Island-Driving-Light	zoom	8-9		25	labelHaloColor	rgba8	rgb(248,248,246) a=153
PhysicalFeature-Rank-3-5-Island-Driving-Light	zoom	9-24		25	labelHaloColor	rgba8	rgb(248,248,246) a=204
PhysicalFeature-Rank-3-5-Island-Driving-Light	zoom	0-24		24	textColor	rgba8	rgb(77,78,79) a=230
PhysicalFeature-Rank-3-5-Island-Driving-Light	cond		client:135=[1] & client:TimePeriod=[0]	18	textSizeScale	float	0.25
PhysicalFeature-Rank-3-5-Island-Driving-Light	cond+zoom	0-5	client:135=[1] & client:TimePeriod=[0]	25	labelHaloColor	rgba8	rgb(248,248,246) a=38
PhysicalFeature-Rank-3-5-Island-Driving-Light	cond+zoom	5-6	client:135=[1] & client:TimePeriod=[0]	25	labelHaloColor	rgba8	rgb(248,248,246) a=89
PhysicalFeature-Rank-3-5-Island-Driving-Light	cond+zoom	6-8	client:135=[1] & client:TimePeriod=[0]	25	labelHaloColor	rgba8	rgb(248,248,246) a=128
PhysicalFeature-Rank-3-5-Island-Driving-Light	cond+zoom	8-9	client:135=[1] & client:TimePeriod=[0]	25	labelHaloColor	rgba8	rgb(248,248,246) a=153
PhysicalFeature-Rank-3-5-Island-Driving-Light	cond+zoom	9-24	client:135=[1] & client:TimePeriod=[0]	25	labelHaloColor	rgba8	rgb(248,248,246) a=204
PhysicalFeature-Rank-3-5-Island-Driving-Light	cond+zoom	0-5	client:135=[1] & client:TimePeriod=[0]	25	labelHaloColor	rgba8	rgb(248,248,246) a=102
PhysicalFeature-Rank-3-5-Island-Driving-Light	cond+zoom	5-6	client:135=[1] & client:TimePeriod=[0]	25	labelHaloColor	rgba8	rgb(248,248,246) a=128
PhysicalFeature-Rank-3-5-Island-Driving-Light	cond+zoom	6-8	client:135=[1] & client:TimePeriod=[0]	25	labelHaloColor	rgba8	rgb(248,248,246) a=166
PhysicalFeature-Rank-3-5-Island-Driving-Light	cond+zoom	8-9	client:135=[1] & client:TimePeriod=[0]	25	labelHaloColor	rgba8	rgb(248,248,246) a=191
PhysicalFeature-Rank-3-5-Island-Driving-Light	cond+zoom	9-24	client:135=[1] & client:TimePeriod=[0]	25	labelHaloColor	rgba8	rgb(248,248,246) a=230
PhysicalFeature-Rank-3-5-Island-Driving-Dark	base			25	labelHaloColor	rgba8	rgb(19,21,26) a=96
PhysicalFeature-Rank-3-5-Island-Driving-Dark	zoom	0-9		24	textColor	rgba8	rgb(146,155,165) a=255
PhysicalFeature-Rank-3-5-Island-Driving-Dark	zoom	9-10		24	textColor	rgba8	rgb(158,167,178) a=255
PhysicalFeature-Rank-3-5-Island-Driving-Dark	zoom	10-12		24	textColor	rgba8	rgb(171,179,188) a=255
PhysicalFeature-Rank-3-5-Island-Driving-Dark	zoom	12-24		24	textColor	rgba8	rgb(158,167,178) a=255
PhysicalFeature-Rank-3-5-Island-Globe	zoom	0-24		24	textColor	rgba8	rgb(221,208,188) a=255
PhysicalFeature-Rank-3-5-Island-Globe	zoom	0-11		18	textSizeScale	float	1.2
PhysicalFeature-Rank-3-5-Island-Globe	zoom	11-24		18	textSizeScale	float	1.83
PhysicalFeature-Rank-3-5-Island-Globe	zoom	0-11		25	labelHaloColor	rgba8	rgb(28,38,50) a=199
PhysicalFeature-Rank-3-5-Island-Globe	zoom	11-24		25	labelHaloColor	rgba8	rgb(28,38,50) a=219
PhysicalFeature-Lines-Island-Rank-6-7	zoom	0-4		29	fontSizeParam	float	5
PhysicalFeature-Lines-Island-Rank-6-7	zoom	4-5		29	fontSizeParam	float	5
PhysicalFeature-Lines-Island-Rank-6-7	zoom	5-6		29	fontSizeParam	float	10
PhysicalFeature-Lines-Island-Rank-6-7	zoom	6-7		29	fontSizeParam	float	20
PhysicalFeature-Lines-Island-Rank-6-7	zoom	7-8		29	fontSizeParam	float	40
PhysicalFeature-Lines-Island-Rank-6-7	zoom	8-24		29	fontSizeParam	float	80
PhysicalFeature-Rank-6-7-Island-Explore-Light	base			18	textSizeScale	float	0.25
PhysicalFeature-Rank-6-7-Island-Explore-Light	zoom	0-5		25	labelHaloColor	rgba8	rgb(248,248,246) a=38
PhysicalFeature-Rank-6-7-Island-Explore-Light	zoom	5-6		25	labelHaloColor	rgba8	rgb(248,248,246) a=89
PhysicalFeature-Rank-6-7-Island-Explore-Light	zoom	6-8		25	labelHaloColor	rgba8	rgb(248,248,246) a=128
PhysicalFeature-Rank-6-7-Island-Explore-Light	zoom	8-9		25	labelHaloColor	rgba8	rgb(248,248,246) a=153
PhysicalFeature-Rank-6-7-Island-Explore-Light	zoom	9-24		25	labelHaloColor	rgba8	rgb(248,248,246) a=204
PhysicalFeature-Rank-6-7-Island-Explore-Light	zoom	0-24		24	textColor	rgba8	rgb(77,78,79) a=230
PhysicalFeature-Rank-6-7-Island-Explore-Light	cond		client:135=[1] & client:TimePeriod=[0]	18	textSizeScale	float	0.25
PhysicalFeature-Rank-6-7-Island-Explore-Light	cond+zoom	0-5	client:135=[1] & client:TimePeriod=[0]	25	labelHaloColor	rgba8	rgb(248,248,246) a=38
PhysicalFeature-Rank-6-7-Island-Explore-Light	cond+zoom	5-6	client:135=[1] & client:TimePeriod=[0]	25	labelHaloColor	rgba8	rgb(248,248,246) a=89
PhysicalFeature-Rank-6-7-Island-Explore-Light	cond+zoom	6-8	client:135=[1] & client:TimePeriod=[0]	25	labelHaloColor	rgba8	rgb(248,248,246) a=128
PhysicalFeature-Rank-6-7-Island-Explore-Light	cond+zoom	8-9	client:135=[1] & client:TimePeriod=[0]	25	labelHaloColor	rgba8	rgb(248,248,246) a=153
PhysicalFeature-Rank-6-7-Island-Explore-Light	cond+zoom	9-24	client:135=[1] & client:TimePeriod=[0]	25	labelHaloColor	rgba8	rgb(248,248,246) a=204
PhysicalFeature-Rank-6-7-Island-Explore-Light	cond+zoom	0-5	client:135=[1] & client:TimePeriod=[0]	25	labelHaloColor	rgba8	rgb(248,248,246) a=102
PhysicalFeature-Rank-6-7-Island-Explore-Light	cond+zoom	5-6	client:135=[1] & client:TimePeriod=[0]	25	labelHaloColor	rgba8	rgb(248,248,246) a=128
PhysicalFeature-Rank-6-7-Island-Explore-Light	cond+zoom	6-8	client:135=[1] & client:TimePeriod=[0]	25	labelHaloColor	rgba8	rgb(248,248,246) a=166
PhysicalFeature-Rank-6-7-Island-Explore-Light	cond+zoom	8-9	client:135=[1] & client:TimePeriod=[0]	25	labelHaloColor	rgba8	rgb(248,248,246) a=191
PhysicalFeature-Rank-6-7-Island-Explore-Light	cond+zoom	9-24	client:135=[1] & client:TimePeriod=[0]	25	labelHaloColor	rgba8	rgb(248,248,246) a=230
PhysicalFeature-Rank-6-7-Island-Explore-Dark	base			25	labelHaloColor	rgba8	rgb(19,21,26) a=96
PhysicalFeature-Rank-6-7-Island-Explore-Dark	zoom	0-9		24	textColor	rgba8	rgb(146,155,165) a=255
PhysicalFeature-Rank-6-7-Island-Explore-Dark	zoom	9-10		24	textColor	rgba8	rgb(158,167,178) a=255
PhysicalFeature-Rank-6-7-Island-Explore-Dark	zoom	10-12		24	textColor	rgba8	rgb(171,179,188) a=255
PhysicalFeature-Rank-6-7-Island-Explore-Dark	zoom	12-24		24	textColor	rgba8	rgb(158,167,178) a=255
PhysicalFeature-Rank-6-7-Island-Muted-Light	base			18	textSizeScale	float	0.25
PhysicalFeature-Rank-6-7-Island-Muted-Light	zoom	0-5		25	labelHaloColor	rgba8	rgb(248,248,246) a=38
PhysicalFeature-Rank-6-7-Island-Muted-Light	zoom	5-6		25	labelHaloColor	rgba8	rgb(248,248,246) a=89
PhysicalFeature-Rank-6-7-Island-Muted-Light	zoom	6-8		25	labelHaloColor	rgba8	rgb(248,248,246) a=128
PhysicalFeature-Rank-6-7-Island-Muted-Light	zoom	8-9		25	labelHaloColor	rgba8	rgb(248,248,246) a=153
PhysicalFeature-Rank-6-7-Island-Muted-Light	zoom	9-24		25	labelHaloColor	rgba8	rgb(248,248,246) a=204
PhysicalFeature-Rank-6-7-Island-Muted-Light	zoom	0-24		24	textColor	rgba8	rgb(100,106,112) a=230
PhysicalFeature-Rank-6-7-Island-Muted-Dark	base			25	labelHaloColor	rgba8	rgb(19,21,26) a=96
PhysicalFeature-Rank-6-7-Island-Muted-Dark	zoom	0-9		24	textColor	rgba8	rgb(107,120,133) a=255
PhysicalFeature-Rank-6-7-Island-Muted-Dark	zoom	9-10		24	textColor	rgba8	rgb(118,130,142) a=255
PhysicalFeature-Rank-6-7-Island-Muted-Dark	zoom	10-12		24	textColor	rgba8	rgb(129,139,151) a=255
PhysicalFeature-Rank-6-7-Island-Muted-Dark	zoom	12-24		24	textColor	rgba8	rgb(118,130,142) a=255
PhysicalFeature-Rank-6-7-Island-Driving-Light	base			18	textSizeScale	float	0.25
PhysicalFeature-Rank-6-7-Island-Driving-Light	zoom	0-5		25	labelHaloColor	rgba8	rgb(248,248,246) a=38
PhysicalFeature-Rank-6-7-Island-Driving-Light	zoom	5-6		25	labelHaloColor	rgba8	rgb(248,248,246) a=89
PhysicalFeature-Rank-6-7-Island-Driving-Light	zoom	6-8		25	labelHaloColor	rgba8	rgb(248,248,246) a=128
PhysicalFeature-Rank-6-7-Island-Driving-Light	zoom	8-9		25	labelHaloColor	rgba8	rgb(248,248,246) a=153
PhysicalFeature-Rank-6-7-Island-Driving-Light	zoom	9-24		25	labelHaloColor	rgba8	rgb(248,248,246) a=204
PhysicalFeature-Rank-6-7-Island-Driving-Light	zoom	0-24		24	textColor	rgba8	rgb(77,78,79) a=230
PhysicalFeature-Rank-6-7-Island-Driving-Light	cond		client:135=[1] & client:TimePeriod=[0]	18	textSizeScale	float	0.25
PhysicalFeature-Rank-6-7-Island-Driving-Light	cond+zoom	0-5	client:135=[1] & client:TimePeriod=[0]	25	labelHaloColor	rgba8	rgb(248,248,246) a=38
PhysicalFeature-Rank-6-7-Island-Driving-Light	cond+zoom	5-6	client:135=[1] & client:TimePeriod=[0]	25	labelHaloColor	rgba8	rgb(248,248,246) a=89
PhysicalFeature-Rank-6-7-Island-Driving-Light	cond+zoom	6-8	client:135=[1] & client:TimePeriod=[0]	25	labelHaloColor	rgba8	rgb(248,248,246) a=128
PhysicalFeature-Rank-6-7-Island-Driving-Light	cond+zoom	8-9	client:135=[1] & client:TimePeriod=[0]	25	labelHaloColor	rgba8	rgb(248,248,246) a=153
PhysicalFeature-Rank-6-7-Island-Driving-Light	cond+zoom	9-24	client:135=[1] & client:TimePeriod=[0]	25	labelHaloColor	rgba8	rgb(248,248,246) a=204
PhysicalFeature-Rank-6-7-Island-Driving-Light	cond+zoom	0-5	client:135=[1] & client:TimePeriod=[0]	25	labelHaloColor	rgba8	rgb(248,248,246) a=102
PhysicalFeature-Rank-6-7-Island-Driving-Light	cond+zoom	5-6	client:135=[1] & client:TimePeriod=[0]	25	labelHaloColor	rgba8	rgb(248,248,246) a=128
PhysicalFeature-Rank-6-7-Island-Driving-Light	cond+zoom	6-8	client:135=[1] & client:TimePeriod=[0]	25	labelHaloColor	rgba8	rgb(248,248,246) a=166
PhysicalFeature-Rank-6-7-Island-Driving-Light	cond+zoom	8-9	client:135=[1] & client:TimePeriod=[0]	25	labelHaloColor	rgba8	rgb(248,248,246) a=191
PhysicalFeature-Rank-6-7-Island-Driving-Light	cond+zoom	9-24	client:135=[1] & client:TimePeriod=[0]	25	labelHaloColor	rgba8	rgb(248,248,246) a=230
PhysicalFeature-Rank-6-7-Island-Driving-Dark	base			25	labelHaloColor	rgba8	rgb(19,21,26) a=96
PhysicalFeature-Rank-6-7-Island-Driving-Dark	zoom	0-9		24	textColor	rgba8	rgb(146,155,165) a=255
PhysicalFeature-Rank-6-7-Island-Driving-Dark	zoom	9-10		24	textColor	rgba8	rgb(158,167,178) a=255
PhysicalFeature-Rank-6-7-Island-Driving-Dark	zoom	10-12		24	textColor	rgba8	rgb(171,179,188) a=255
PhysicalFeature-Rank-6-7-Island-Driving-Dark	zoom	12-24		24	textColor	rgba8	rgb(158,167,178) a=255
PhysicalFeature-Rank-6-7-Island-Globe	zoom	0-24		24	textColor	rgba8	rgb(221,208,188) a=255
PhysicalFeature-Rank-6-7-Island-Globe	zoom	0-11		18	textSizeScale	float	1.2
PhysicalFeature-Rank-6-7-Island-Globe	zoom	11-24		18	textSizeScale	float	1.83
PhysicalFeature-Rank-6-7-Island-Globe	zoom	0-11		25	labelHaloColor	rgba8	rgb(28,38,50) a=199
PhysicalFeature-Rank-6-7-Island-Globe	zoom	11-24		25	labelHaloColor	rgba8	rgb(28,38,50) a=219
PhysicalFeature-Lines-Island-Rank-8-9	base			18	textSizeScale	float	0.25
PhysicalFeature-Lines-Island-Rank-8-9	zoom	0-5		25	labelHaloColor	rgba8	rgb(248,248,246) a=38
PhysicalFeature-Lines-Island-Rank-8-9	zoom	5-6		25	labelHaloColor	rgba8	rgb(248,248,246) a=89
PhysicalFeature-Lines-Island-Rank-8-9	zoom	6-8		25	labelHaloColor	rgba8	rgb(248,248,246) a=128
PhysicalFeature-Lines-Island-Rank-8-9	zoom	8-9		25	labelHaloColor	rgba8	rgb(248,248,246) a=153
PhysicalFeature-Lines-Island-Rank-8-9	zoom	9-24		25	labelHaloColor	rgba8	rgb(248,248,246) a=204
PhysicalFeature-Lines-Island-Rank-8-9	zoom	0-24		24	textColor	rgba8	rgb(77,78,79) a=230
PhysicalFeature-Lines-Island-Rank-8-9	zoom	0-5		29	fontSizeParam	float	5
PhysicalFeature-Lines-Island-Rank-8-9	zoom	5-6		29	fontSizeParam	float	5
PhysicalFeature-Lines-Island-Rank-8-9	zoom	6-7		29	fontSizeParam	float	10
PhysicalFeature-Lines-Island-Rank-8-9	zoom	7-8		29	fontSizeParam	float	20
PhysicalFeature-Lines-Island-Rank-8-9	zoom	8-9		29	fontSizeParam	float	40
PhysicalFeature-Lines-Island-Rank-8-9	zoom	9-24		29	fontSizeParam	float	80
PhysicalFeature-Lines-Island-Rank-8-9	cond		client:135=[1] & client:TimePeriod=[0]	18	textSizeScale	float	0.25
PhysicalFeature-Lines-Island-Rank-8-9	cond+zoom	0-5	client:135=[1] & client:TimePeriod=[0]	25	labelHaloColor	rgba8	rgb(248,248,246) a=38
PhysicalFeature-Lines-Island-Rank-8-9	cond+zoom	5-6	client:135=[1] & client:TimePeriod=[0]	25	labelHaloColor	rgba8	rgb(248,248,246) a=89
PhysicalFeature-Lines-Island-Rank-8-9	cond+zoom	6-8	client:135=[1] & client:TimePeriod=[0]	25	labelHaloColor	rgba8	rgb(248,248,246) a=128
PhysicalFeature-Lines-Island-Rank-8-9	cond+zoom	8-9	client:135=[1] & client:TimePeriod=[0]	25	labelHaloColor	rgba8	rgb(248,248,246) a=153
PhysicalFeature-Lines-Island-Rank-8-9	cond+zoom	9-24	client:135=[1] & client:TimePeriod=[0]	25	labelHaloColor	rgba8	rgb(248,248,246) a=204
PhysicalFeature-Lines-Island-Rank-8-9	cond+zoom	0-5	client:135=[1] & client:TimePeriod=[0]	25	labelHaloColor	rgba8	rgb(248,248,246) a=102
PhysicalFeature-Lines-Island-Rank-8-9	cond+zoom	5-6	client:135=[1] & client:TimePeriod=[0]	25	labelHaloColor	rgba8	rgb(248,248,246) a=128
PhysicalFeature-Lines-Island-Rank-8-9	cond+zoom	6-8	client:135=[1] & client:TimePeriod=[0]	25	labelHaloColor	rgba8	rgb(248,248,246) a=166
PhysicalFeature-Lines-Island-Rank-8-9	cond+zoom	8-9	client:135=[1] & client:TimePeriod=[0]	25	labelHaloColor	rgba8	rgb(248,248,246) a=191
PhysicalFeature-Lines-Island-Rank-8-9	cond+zoom	9-24	client:135=[1] & client:TimePeriod=[0]	25	labelHaloColor	rgba8	rgb(248,248,246) a=230
PhysicalFeature-Rank-8-9-Island-Explore-Light	base			18	textSizeScale	float	0.25
PhysicalFeature-Rank-8-9-Island-Explore-Light	zoom	0-5		25	labelHaloColor	rgba8	rgb(248,248,246) a=38
PhysicalFeature-Rank-8-9-Island-Explore-Light	zoom	5-6		25	labelHaloColor	rgba8	rgb(248,248,246) a=89
PhysicalFeature-Rank-8-9-Island-Explore-Light	zoom	6-8		25	labelHaloColor	rgba8	rgb(248,248,246) a=128
PhysicalFeature-Rank-8-9-Island-Explore-Light	zoom	8-9		25	labelHaloColor	rgba8	rgb(248,248,246) a=153
PhysicalFeature-Rank-8-9-Island-Explore-Light	zoom	9-24		25	labelHaloColor	rgba8	rgb(248,248,246) a=204
PhysicalFeature-Rank-8-9-Island-Explore-Light	zoom	0-24		24	textColor	rgba8	rgb(77,78,79) a=230
PhysicalFeature-Rank-8-9-Island-Explore-Light	cond		client:135=[1] & client:TimePeriod=[0]	18	textSizeScale	float	0.25
PhysicalFeature-Rank-8-9-Island-Explore-Light	cond+zoom	0-5	client:135=[1] & client:TimePeriod=[0]	25	labelHaloColor	rgba8	rgb(248,248,246) a=38
PhysicalFeature-Rank-8-9-Island-Explore-Light	cond+zoom	5-6	client:135=[1] & client:TimePeriod=[0]	25	labelHaloColor	rgba8	rgb(248,248,246) a=89
PhysicalFeature-Rank-8-9-Island-Explore-Light	cond+zoom	6-8	client:135=[1] & client:TimePeriod=[0]	25	labelHaloColor	rgba8	rgb(248,248,246) a=128
PhysicalFeature-Rank-8-9-Island-Explore-Light	cond+zoom	8-9	client:135=[1] & client:TimePeriod=[0]	25	labelHaloColor	rgba8	rgb(248,248,246) a=153
PhysicalFeature-Rank-8-9-Island-Explore-Light	cond+zoom	9-24	client:135=[1] & client:TimePeriod=[0]	25	labelHaloColor	rgba8	rgb(248,248,246) a=204
PhysicalFeature-Rank-8-9-Island-Explore-Light	cond+zoom	0-5	client:135=[1] & client:TimePeriod=[0]	25	labelHaloColor	rgba8	rgb(248,248,246) a=102
PhysicalFeature-Rank-8-9-Island-Explore-Light	cond+zoom	5-6	client:135=[1] & client:TimePeriod=[0]	25	labelHaloColor	rgba8	rgb(248,248,246) a=128
PhysicalFeature-Rank-8-9-Island-Explore-Light	cond+zoom	6-8	client:135=[1] & client:TimePeriod=[0]	25	labelHaloColor	rgba8	rgb(248,248,246) a=166
PhysicalFeature-Rank-8-9-Island-Explore-Light	cond+zoom	8-9	client:135=[1] & client:TimePeriod=[0]	25	labelHaloColor	rgba8	rgb(248,248,246) a=191
PhysicalFeature-Rank-8-9-Island-Explore-Light	cond+zoom	9-24	client:135=[1] & client:TimePeriod=[0]	25	labelHaloColor	rgba8	rgb(248,248,246) a=230
PhysicalFeature-Rank-8-9-Island-Explore-Dark	base			25	labelHaloColor	rgba8	rgb(19,21,26) a=96
PhysicalFeature-Rank-8-9-Island-Explore-Dark	zoom	0-9		24	textColor	rgba8	rgb(146,155,165) a=255
PhysicalFeature-Rank-8-9-Island-Explore-Dark	zoom	9-10		24	textColor	rgba8	rgb(158,167,178) a=255
PhysicalFeature-Rank-8-9-Island-Explore-Dark	zoom	10-12		24	textColor	rgba8	rgb(171,179,188) a=255
PhysicalFeature-Rank-8-9-Island-Explore-Dark	zoom	12-24		24	textColor	rgba8	rgb(158,167,178) a=255
PhysicalFeature-Rank-8-9-Island-Muted-Light	base			18	textSizeScale	float	0.25
PhysicalFeature-Rank-8-9-Island-Muted-Light	zoom	0-5		25	labelHaloColor	rgba8	rgb(248,248,246) a=38
PhysicalFeature-Rank-8-9-Island-Muted-Light	zoom	5-6		25	labelHaloColor	rgba8	rgb(248,248,246) a=89
PhysicalFeature-Rank-8-9-Island-Muted-Light	zoom	6-8		25	labelHaloColor	rgba8	rgb(248,248,246) a=128
PhysicalFeature-Rank-8-9-Island-Muted-Light	zoom	8-9		25	labelHaloColor	rgba8	rgb(248,248,246) a=153
PhysicalFeature-Rank-8-9-Island-Muted-Light	zoom	9-24		25	labelHaloColor	rgba8	rgb(248,248,246) a=204
PhysicalFeature-Rank-8-9-Island-Muted-Light	zoom	0-24		24	textColor	rgba8	rgb(100,106,112) a=230
PhysicalFeature-Rank-8-9-Island-Muted-Dark	base			25	labelHaloColor	rgba8	rgb(19,21,26) a=96
PhysicalFeature-Rank-8-9-Island-Muted-Dark	zoom	0-9		24	textColor	rgba8	rgb(107,120,133) a=255
PhysicalFeature-Rank-8-9-Island-Muted-Dark	zoom	9-10		24	textColor	rgba8	rgb(118,130,142) a=255
PhysicalFeature-Rank-8-9-Island-Muted-Dark	zoom	10-12		24	textColor	rgba8	rgb(129,139,151) a=255
PhysicalFeature-Rank-8-9-Island-Muted-Dark	zoom	12-24		24	textColor	rgba8	rgb(118,130,142) a=255
PhysicalFeature-Rank-8-9-Island-Driving-Light	base			18	textSizeScale	float	0.25
PhysicalFeature-Rank-8-9-Island-Driving-Light	zoom	0-5		25	labelHaloColor	rgba8	rgb(248,248,246) a=38
PhysicalFeature-Rank-8-9-Island-Driving-Light	zoom	5-6		25	labelHaloColor	rgba8	rgb(248,248,246) a=89
PhysicalFeature-Rank-8-9-Island-Driving-Light	zoom	6-8		25	labelHaloColor	rgba8	rgb(248,248,246) a=128
PhysicalFeature-Rank-8-9-Island-Driving-Light	zoom	8-9		25	labelHaloColor	rgba8	rgb(248,248,246) a=153
PhysicalFeature-Rank-8-9-Island-Driving-Light	zoom	9-24		25	labelHaloColor	rgba8	rgb(248,248,246) a=204
PhysicalFeature-Rank-8-9-Island-Driving-Light	zoom	0-24		24	textColor	rgba8	rgb(77,78,79) a=230
PhysicalFeature-Rank-8-9-Island-Driving-Light	cond		client:135=[1] & client:TimePeriod=[0]	18	textSizeScale	float	0.25
PhysicalFeature-Rank-8-9-Island-Driving-Light	cond+zoom	0-5	client:135=[1] & client:TimePeriod=[0]	25	labelHaloColor	rgba8	rgb(248,248,246) a=38
PhysicalFeature-Rank-8-9-Island-Driving-Light	cond+zoom	5-6	client:135=[1] & client:TimePeriod=[0]	25	labelHaloColor	rgba8	rgb(248,248,246) a=89
PhysicalFeature-Rank-8-9-Island-Driving-Light	cond+zoom	6-8	client:135=[1] & client:TimePeriod=[0]	25	labelHaloColor	rgba8	rgb(248,248,246) a=128
PhysicalFeature-Rank-8-9-Island-Driving-Light	cond+zoom	8-9	client:135=[1] & client:TimePeriod=[0]	25	labelHaloColor	rgba8	rgb(248,248,246) a=153
PhysicalFeature-Rank-8-9-Island-Driving-Light	cond+zoom	9-24	client:135=[1] & client:TimePeriod=[0]	25	labelHaloColor	rgba8	rgb(248,248,246) a=204
PhysicalFeature-Rank-8-9-Island-Driving-Light	cond+zoom	0-5	client:135=[1] & client:TimePeriod=[0]	25	labelHaloColor	rgba8	rgb(248,248,246) a=102
PhysicalFeature-Rank-8-9-Island-Driving-Light	cond+zoom	5-6	client:135=[1] & client:TimePeriod=[0]	25	labelHaloColor	rgba8	rgb(248,248,246) a=128
PhysicalFeature-Rank-8-9-Island-Driving-Light	cond+zoom	6-8	client:135=[1] & client:TimePeriod=[0]	25	labelHaloColor	rgba8	rgb(248,248,246) a=166
PhysicalFeature-Rank-8-9-Island-Driving-Light	cond+zoom	8-9	client:135=[1] & client:TimePeriod=[0]	25	labelHaloColor	rgba8	rgb(248,248,246) a=191
PhysicalFeature-Rank-8-9-Island-Driving-Light	cond+zoom	9-24	client:135=[1] & client:TimePeriod=[0]	25	labelHaloColor	rgba8	rgb(248,248,246) a=230
PhysicalFeature-Rank-8-9-Island-Driving-Dark	base			25	labelHaloColor	rgba8	rgb(19,21,26) a=96
PhysicalFeature-Rank-8-9-Island-Driving-Dark	zoom	0-9		24	textColor	rgba8	rgb(146,155,165) a=255
PhysicalFeature-Rank-8-9-Island-Driving-Dark	zoom	9-10		24	textColor	rgba8	rgb(158,167,178) a=255
PhysicalFeature-Rank-8-9-Island-Driving-Dark	zoom	10-12		24	textColor	rgba8	rgb(171,179,188) a=255
PhysicalFeature-Rank-8-9-Island-Driving-Dark	zoom	12-24		24	textColor	rgba8	rgb(158,167,178) a=255
PhysicalFeature-Rank-8-9-Island-Globe	zoom	0-24		24	textColor	rgba8	rgb(221,208,188) a=255
PhysicalFeature-Rank-8-9-Island-Globe	zoom	0-11		18	textSizeScale	float	1.2
PhysicalFeature-Rank-8-9-Island-Globe	zoom	11-24		18	textSizeScale	float	1.83
PhysicalFeature-Rank-8-9-Island-Globe	zoom	0-11		25	labelHaloColor	rgba8	rgb(28,38,50) a=199
PhysicalFeature-Rank-8-9-Island-Globe	zoom	11-24		25	labelHaloColor	rgba8	rgb(28,38,50) a=219
PhysicalFeature-Lines-Island-Rank-10-12	base			18	textSizeScale	float	0.25
PhysicalFeature-Lines-Island-Rank-10-12	zoom	0-5		25	labelHaloColor	rgba8	rgb(248,248,246) a=38
PhysicalFeature-Lines-Island-Rank-10-12	zoom	5-6		25	labelHaloColor	rgba8	rgb(248,248,246) a=89
PhysicalFeature-Lines-Island-Rank-10-12	zoom	6-8		25	labelHaloColor	rgba8	rgb(248,248,246) a=128
PhysicalFeature-Lines-Island-Rank-10-12	zoom	8-9		25	labelHaloColor	rgba8	rgb(248,248,246) a=153
PhysicalFeature-Lines-Island-Rank-10-12	zoom	9-24		25	labelHaloColor	rgba8	rgb(248,248,246) a=204
PhysicalFeature-Lines-Island-Rank-10-12	zoom	0-24		24	textColor	rgba8	rgb(77,78,79) a=230
PhysicalFeature-Lines-Island-Rank-10-12	zoom	0-6		29	fontSizeParam	float	5
PhysicalFeature-Lines-Island-Rank-10-12	zoom	6-7		29	fontSizeParam	float	5
PhysicalFeature-Lines-Island-Rank-10-12	zoom	7-8		29	fontSizeParam	float	10
PhysicalFeature-Lines-Island-Rank-10-12	zoom	8-9		29	fontSizeParam	float	20
PhysicalFeature-Lines-Island-Rank-10-12	zoom	9-10		29	fontSizeParam	float	40
PhysicalFeature-Lines-Island-Rank-10-12	zoom	10-24		29	fontSizeParam	float	80
PhysicalFeature-Lines-Island-Rank-10-12	cond		client:135=[1] & client:TimePeriod=[0]	18	textSizeScale	float	0.25
PhysicalFeature-Lines-Island-Rank-10-12	cond+zoom	0-5	client:135=[1] & client:TimePeriod=[0]	25	labelHaloColor	rgba8	rgb(248,248,246) a=38
PhysicalFeature-Lines-Island-Rank-10-12	cond+zoom	5-6	client:135=[1] & client:TimePeriod=[0]	25	labelHaloColor	rgba8	rgb(248,248,246) a=89
PhysicalFeature-Lines-Island-Rank-10-12	cond+zoom	6-8	client:135=[1] & client:TimePeriod=[0]	25	labelHaloColor	rgba8	rgb(248,248,246) a=128
PhysicalFeature-Lines-Island-Rank-10-12	cond+zoom	8-9	client:135=[1] & client:TimePeriod=[0]	25	labelHaloColor	rgba8	rgb(248,248,246) a=153
PhysicalFeature-Lines-Island-Rank-10-12	cond+zoom	9-24	client:135=[1] & client:TimePeriod=[0]	25	labelHaloColor	rgba8	rgb(248,248,246) a=204
PhysicalFeature-Lines-Island-Rank-10-12	cond+zoom	0-5	client:135=[1] & client:TimePeriod=[0]	25	labelHaloColor	rgba8	rgb(248,248,246) a=102
PhysicalFeature-Lines-Island-Rank-10-12	cond+zoom	5-6	client:135=[1] & client:TimePeriod=[0]	25	labelHaloColor	rgba8	rgb(248,248,246) a=128
PhysicalFeature-Lines-Island-Rank-10-12	cond+zoom	6-8	client:135=[1] & client:TimePeriod=[0]	25	labelHaloColor	rgba8	rgb(248,248,246) a=166
PhysicalFeature-Lines-Island-Rank-10-12	cond+zoom	8-9	client:135=[1] & client:TimePeriod=[0]	25	labelHaloColor	rgba8	rgb(248,248,246) a=191
PhysicalFeature-Lines-Island-Rank-10-12	cond+zoom	9-24	client:135=[1] & client:TimePeriod=[0]	25	labelHaloColor	rgba8	rgb(248,248,246) a=230
PhysicalFeature-Rank-10-12-Island-Explore-Light	base			18	textSizeScale	float	0.25
PhysicalFeature-Rank-10-12-Island-Explore-Light	zoom	0-5		25	labelHaloColor	rgba8	rgb(248,248,246) a=38
PhysicalFeature-Rank-10-12-Island-Explore-Light	zoom	5-6		25	labelHaloColor	rgba8	rgb(248,248,246) a=89
PhysicalFeature-Rank-10-12-Island-Explore-Light	zoom	6-8		25	labelHaloColor	rgba8	rgb(248,248,246) a=128
PhysicalFeature-Rank-10-12-Island-Explore-Light	zoom	8-9		25	labelHaloColor	rgba8	rgb(248,248,246) a=153
PhysicalFeature-Rank-10-12-Island-Explore-Light	zoom	9-24		25	labelHaloColor	rgba8	rgb(248,248,246) a=204
PhysicalFeature-Rank-10-12-Island-Explore-Light	zoom	0-24		24	textColor	rgba8	rgb(77,78,79) a=230
PhysicalFeature-Rank-10-12-Island-Explore-Light	cond		client:135=[1] & client:TimePeriod=[0]	18	textSizeScale	float	0.25
PhysicalFeature-Rank-10-12-Island-Explore-Light	cond+zoom	0-5	client:135=[1] & client:TimePeriod=[0]	25	labelHaloColor	rgba8	rgb(248,248,246) a=38
PhysicalFeature-Rank-10-12-Island-Explore-Light	cond+zoom	5-6	client:135=[1] & client:TimePeriod=[0]	25	labelHaloColor	rgba8	rgb(248,248,246) a=89
PhysicalFeature-Rank-10-12-Island-Explore-Light	cond+zoom	6-8	client:135=[1] & client:TimePeriod=[0]	25	labelHaloColor	rgba8	rgb(248,248,246) a=128
PhysicalFeature-Rank-10-12-Island-Explore-Light	cond+zoom	8-9	client:135=[1] & client:TimePeriod=[0]	25	labelHaloColor	rgba8	rgb(248,248,246) a=153
PhysicalFeature-Rank-10-12-Island-Explore-Light	cond+zoom	9-24	client:135=[1] & client:TimePeriod=[0]	25	labelHaloColor	rgba8	rgb(248,248,246) a=204
PhysicalFeature-Rank-10-12-Island-Explore-Light	cond+zoom	0-5	client:135=[1] & client:TimePeriod=[0]	25	labelHaloColor	rgba8	rgb(248,248,246) a=102
PhysicalFeature-Rank-10-12-Island-Explore-Light	cond+zoom	5-6	client:135=[1] & client:TimePeriod=[0]	25	labelHaloColor	rgba8	rgb(248,248,246) a=128
PhysicalFeature-Rank-10-12-Island-Explore-Light	cond+zoom	6-8	client:135=[1] & client:TimePeriod=[0]	25	labelHaloColor	rgba8	rgb(248,248,246) a=166
PhysicalFeature-Rank-10-12-Island-Explore-Light	cond+zoom	8-9	client:135=[1] & client:TimePeriod=[0]	25	labelHaloColor	rgba8	rgb(248,248,246) a=191
PhysicalFeature-Rank-10-12-Island-Explore-Light	cond+zoom	9-24	client:135=[1] & client:TimePeriod=[0]	25	labelHaloColor	rgba8	rgb(248,248,246) a=230
PhysicalFeature-Rank-10-12-Island-Explore-Dark	base			25	labelHaloColor	rgba8	rgb(19,21,26) a=96
PhysicalFeature-Rank-10-12-Island-Explore-Dark	zoom	0-9		24	textColor	rgba8	rgb(146,155,165) a=255
PhysicalFeature-Rank-10-12-Island-Explore-Dark	zoom	9-10		24	textColor	rgba8	rgb(158,167,178) a=255
PhysicalFeature-Rank-10-12-Island-Explore-Dark	zoom	10-12		24	textColor	rgba8	rgb(171,179,188) a=255
PhysicalFeature-Rank-10-12-Island-Explore-Dark	zoom	12-24		24	textColor	rgba8	rgb(158,167,178) a=255
PhysicalFeature-Rank-10-12-Island-Muted-Light	base			18	textSizeScale	float	0.25
PhysicalFeature-Rank-10-12-Island-Muted-Light	zoom	0-5		25	labelHaloColor	rgba8	rgb(248,248,246) a=38
PhysicalFeature-Rank-10-12-Island-Muted-Light	zoom	5-6		25	labelHaloColor	rgba8	rgb(248,248,246) a=89
PhysicalFeature-Rank-10-12-Island-Muted-Light	zoom	6-8		25	labelHaloColor	rgba8	rgb(248,248,246) a=128
PhysicalFeature-Rank-10-12-Island-Muted-Light	zoom	8-9		25	labelHaloColor	rgba8	rgb(248,248,246) a=153
PhysicalFeature-Rank-10-12-Island-Muted-Light	zoom	9-24		25	labelHaloColor	rgba8	rgb(248,248,246) a=204
PhysicalFeature-Rank-10-12-Island-Muted-Light	zoom	0-24		24	textColor	rgba8	rgb(100,106,112) a=230
PhysicalFeature-Rank-10-12-Island-Muted-Dark	base			25	labelHaloColor	rgba8	rgb(19,21,26) a=96
PhysicalFeature-Rank-10-12-Island-Muted-Dark	zoom	0-9		24	textColor	rgba8	rgb(107,120,133) a=255
PhysicalFeature-Rank-10-12-Island-Muted-Dark	zoom	9-10		24	textColor	rgba8	rgb(118,130,142) a=255
PhysicalFeature-Rank-10-12-Island-Muted-Dark	zoom	10-12		24	textColor	rgba8	rgb(129,139,151) a=255
PhysicalFeature-Rank-10-12-Island-Muted-Dark	zoom	12-24		24	textColor	rgba8	rgb(118,130,142) a=255
PhysicalFeature-Rank-10-12-Island-Driving-Light	base			18	textSizeScale	float	0.25
PhysicalFeature-Rank-10-12-Island-Driving-Light	zoom	0-5		25	labelHaloColor	rgba8	rgb(248,248,246) a=38
PhysicalFeature-Rank-10-12-Island-Driving-Light	zoom	5-6		25	labelHaloColor	rgba8	rgb(248,248,246) a=89
PhysicalFeature-Rank-10-12-Island-Driving-Light	zoom	6-8		25	labelHaloColor	rgba8	rgb(248,248,246) a=128
PhysicalFeature-Rank-10-12-Island-Driving-Light	zoom	8-9		25	labelHaloColor	rgba8	rgb(248,248,246) a=153
PhysicalFeature-Rank-10-12-Island-Driving-Light	zoom	9-24		25	labelHaloColor	rgba8	rgb(248,248,246) a=204
PhysicalFeature-Rank-10-12-Island-Driving-Light	zoom	0-24		24	textColor	rgba8	rgb(77,78,79) a=230
PhysicalFeature-Rank-10-12-Island-Driving-Light	cond		client:135=[1] & client:TimePeriod=[0]	18	textSizeScale	float	0.25
PhysicalFeature-Rank-10-12-Island-Driving-Light	cond+zoom	0-5	client:135=[1] & client:TimePeriod=[0]	25	labelHaloColor	rgba8	rgb(248,248,246) a=38
PhysicalFeature-Rank-10-12-Island-Driving-Light	cond+zoom	5-6	client:135=[1] & client:TimePeriod=[0]	25	labelHaloColor	rgba8	rgb(248,248,246) a=89
PhysicalFeature-Rank-10-12-Island-Driving-Light	cond+zoom	6-8	client:135=[1] & client:TimePeriod=[0]	25	labelHaloColor	rgba8	rgb(248,248,246) a=128
PhysicalFeature-Rank-10-12-Island-Driving-Light	cond+zoom	8-9	client:135=[1] & client:TimePeriod=[0]	25	labelHaloColor	rgba8	rgb(248,248,246) a=153
PhysicalFeature-Rank-10-12-Island-Driving-Light	cond+zoom	9-24	client:135=[1] & client:TimePeriod=[0]	25	labelHaloColor	rgba8	rgb(248,248,246) a=204
PhysicalFeature-Rank-10-12-Island-Driving-Light	cond+zoom	0-5	client:135=[1] & client:TimePeriod=[0]	25	labelHaloColor	rgba8	rgb(248,248,246) a=102
PhysicalFeature-Rank-10-12-Island-Driving-Light	cond+zoom	5-6	client:135=[1] & client:TimePeriod=[0]	25	labelHaloColor	rgba8	rgb(248,248,246) a=128
PhysicalFeature-Rank-10-12-Island-Driving-Light	cond+zoom	6-8	client:135=[1] & client:TimePeriod=[0]	25	labelHaloColor	rgba8	rgb(248,248,246) a=166
PhysicalFeature-Rank-10-12-Island-Driving-Light	cond+zoom	8-9	client:135=[1] & client:TimePeriod=[0]	25	labelHaloColor	rgba8	rgb(248,248,246) a=191
PhysicalFeature-Rank-10-12-Island-Driving-Light	cond+zoom	9-24	client:135=[1] & client:TimePeriod=[0]	25	labelHaloColor	rgba8	rgb(248,248,246) a=230
PhysicalFeature-Rank-10-12-Island-Driving-Dark	base			25	labelHaloColor	rgba8	rgb(19,21,26) a=96
PhysicalFeature-Rank-10-12-Island-Driving-Dark	zoom	0-9		24	textColor	rgba8	rgb(146,155,165) a=255
PhysicalFeature-Rank-10-12-Island-Driving-Dark	zoom	9-10		24	textColor	rgba8	rgb(158,167,178) a=255
PhysicalFeature-Rank-10-12-Island-Driving-Dark	zoom	10-12		24	textColor	rgba8	rgb(171,179,188) a=255
PhysicalFeature-Rank-10-12-Island-Driving-Dark	zoom	12-24		24	textColor	rgba8	rgb(158,167,178) a=255
PhysicalFeature-Rank-10-12-Island-Globe	zoom	0-24		24	textColor	rgba8	rgb(221,208,188) a=255
PhysicalFeature-Rank-10-12-Island-Globe	zoom	0-11		18	textSizeScale	float	1.2
PhysicalFeature-Rank-10-12-Island-Globe	zoom	11-24		18	textSizeScale	float	1.83
PhysicalFeature-Rank-10-12-Island-Globe	zoom	0-11		25	labelHaloColor	rgba8	rgb(28,38,50) a=199
PhysicalFeature-Rank-10-12-Island-Globe	zoom	11-24		25	labelHaloColor	rgba8	rgb(28,38,50) a=219
PhysicalFeature-Lines-Island-Rank-13-14	base			18	textSizeScale	float	0.25
PhysicalFeature-Lines-Island-Rank-13-14	zoom	0-5		25	labelHaloColor	rgba8	rgb(248,248,246) a=38
PhysicalFeature-Lines-Island-Rank-13-14	zoom	5-6		25	labelHaloColor	rgba8	rgb(248,248,246) a=89
PhysicalFeature-Lines-Island-Rank-13-14	zoom	6-8		25	labelHaloColor	rgba8	rgb(248,248,246) a=128
PhysicalFeature-Lines-Island-Rank-13-14	zoom	8-9		25	labelHaloColor	rgba8	rgb(248,248,246) a=153
PhysicalFeature-Lines-Island-Rank-13-14	zoom	9-24		25	labelHaloColor	rgba8	rgb(248,248,246) a=204
PhysicalFeature-Lines-Island-Rank-13-14	zoom	0-24		24	textColor	rgba8	rgb(77,78,79) a=230
PhysicalFeature-Lines-Island-Rank-13-14	zoom	0-8		29	fontSizeParam	float	10
PhysicalFeature-Lines-Island-Rank-13-14	zoom	8-9		29	fontSizeParam	float	10
PhysicalFeature-Lines-Island-Rank-13-14	zoom	9-10		29	fontSizeParam	float	15
PhysicalFeature-Lines-Island-Rank-13-14	zoom	10-11		29	fontSizeParam	float	30
PhysicalFeature-Lines-Island-Rank-13-14	zoom	11-12		29	fontSizeParam	float	60
PhysicalFeature-Lines-Island-Rank-13-14	zoom	12-24		29	fontSizeParam	float	120
PhysicalFeature-Lines-Island-Rank-13-14	cond		client:135=[1] & client:TimePeriod=[0]	18	textSizeScale	float	0.25
PhysicalFeature-Lines-Island-Rank-13-14	cond+zoom	0-5	client:135=[1] & client:TimePeriod=[0]	25	labelHaloColor	rgba8	rgb(248,248,246) a=38
PhysicalFeature-Lines-Island-Rank-13-14	cond+zoom	5-6	client:135=[1] & client:TimePeriod=[0]	25	labelHaloColor	rgba8	rgb(248,248,246) a=89
PhysicalFeature-Lines-Island-Rank-13-14	cond+zoom	6-8	client:135=[1] & client:TimePeriod=[0]	25	labelHaloColor	rgba8	rgb(248,248,246) a=128
PhysicalFeature-Lines-Island-Rank-13-14	cond+zoom	8-9	client:135=[1] & client:TimePeriod=[0]	25	labelHaloColor	rgba8	rgb(248,248,246) a=153
PhysicalFeature-Lines-Island-Rank-13-14	cond+zoom	9-24	client:135=[1] & client:TimePeriod=[0]	25	labelHaloColor	rgba8	rgb(248,248,246) a=204
PhysicalFeature-Lines-Island-Rank-13-14	cond+zoom	0-5	client:135=[1] & client:TimePeriod=[0]	25	labelHaloColor	rgba8	rgb(248,248,246) a=102
PhysicalFeature-Lines-Island-Rank-13-14	cond+zoom	5-6	client:135=[1] & client:TimePeriod=[0]	25	labelHaloColor	rgba8	rgb(248,248,246) a=128
PhysicalFeature-Lines-Island-Rank-13-14	cond+zoom	6-8	client:135=[1] & client:TimePeriod=[0]	25	labelHaloColor	rgba8	rgb(248,248,246) a=166
PhysicalFeature-Lines-Island-Rank-13-14	cond+zoom	8-9	client:135=[1] & client:TimePeriod=[0]	25	labelHaloColor	rgba8	rgb(248,248,246) a=191
PhysicalFeature-Lines-Island-Rank-13-14	cond+zoom	9-24	client:135=[1] & client:TimePeriod=[0]	25	labelHaloColor	rgba8	rgb(248,248,246) a=230
PhysicalFeature-Rank-13-14-Island-Explore-Light	base			18	textSizeScale	float	0.25
PhysicalFeature-Rank-13-14-Island-Explore-Light	zoom	0-5		25	labelHaloColor	rgba8	rgb(248,248,246) a=38
PhysicalFeature-Rank-13-14-Island-Explore-Light	zoom	5-6		25	labelHaloColor	rgba8	rgb(248,248,246) a=89
PhysicalFeature-Rank-13-14-Island-Explore-Light	zoom	6-8		25	labelHaloColor	rgba8	rgb(248,248,246) a=128
PhysicalFeature-Rank-13-14-Island-Explore-Light	zoom	8-9		25	labelHaloColor	rgba8	rgb(248,248,246) a=153
PhysicalFeature-Rank-13-14-Island-Explore-Light	zoom	9-24		25	labelHaloColor	rgba8	rgb(248,248,246) a=204
PhysicalFeature-Rank-13-14-Island-Explore-Light	zoom	0-24		24	textColor	rgba8	rgb(77,78,79) a=230
PhysicalFeature-Rank-13-14-Island-Explore-Light	cond		client:135=[1] & client:TimePeriod=[0]	18	textSizeScale	float	0.25
PhysicalFeature-Rank-13-14-Island-Explore-Light	cond+zoom	0-5	client:135=[1] & client:TimePeriod=[0]	25	labelHaloColor	rgba8	rgb(248,248,246) a=38
PhysicalFeature-Rank-13-14-Island-Explore-Light	cond+zoom	5-6	client:135=[1] & client:TimePeriod=[0]	25	labelHaloColor	rgba8	rgb(248,248,246) a=89
PhysicalFeature-Rank-13-14-Island-Explore-Light	cond+zoom	6-8	client:135=[1] & client:TimePeriod=[0]	25	labelHaloColor	rgba8	rgb(248,248,246) a=128
PhysicalFeature-Rank-13-14-Island-Explore-Light	cond+zoom	8-9	client:135=[1] & client:TimePeriod=[0]	25	labelHaloColor	rgba8	rgb(248,248,246) a=153
PhysicalFeature-Rank-13-14-Island-Explore-Light	cond+zoom	9-24	client:135=[1] & client:TimePeriod=[0]	25	labelHaloColor	rgba8	rgb(248,248,246) a=204
PhysicalFeature-Rank-13-14-Island-Explore-Light	cond+zoom	0-5	client:135=[1] & client:TimePeriod=[0]	25	labelHaloColor	rgba8	rgb(248,248,246) a=102
PhysicalFeature-Rank-13-14-Island-Explore-Light	cond+zoom	5-6	client:135=[1] & client:TimePeriod=[0]	25	labelHaloColor	rgba8	rgb(248,248,246) a=128
PhysicalFeature-Rank-13-14-Island-Explore-Light	cond+zoom	6-8	client:135=[1] & client:TimePeriod=[0]	25	labelHaloColor	rgba8	rgb(248,248,246) a=166
PhysicalFeature-Rank-13-14-Island-Explore-Light	cond+zoom	8-9	client:135=[1] & client:TimePeriod=[0]	25	labelHaloColor	rgba8	rgb(248,248,246) a=191
PhysicalFeature-Rank-13-14-Island-Explore-Light	cond+zoom	9-24	client:135=[1] & client:TimePeriod=[0]	25	labelHaloColor	rgba8	rgb(248,248,246) a=230
PhysicalFeature-Rank-13-14-Island-Explore-Dark	base			25	labelHaloColor	rgba8	rgb(19,21,26) a=96
PhysicalFeature-Rank-13-14-Island-Explore-Dark	zoom	0-9		24	textColor	rgba8	rgb(146,155,165) a=255
PhysicalFeature-Rank-13-14-Island-Explore-Dark	zoom	9-10		24	textColor	rgba8	rgb(158,167,178) a=255
PhysicalFeature-Rank-13-14-Island-Explore-Dark	zoom	10-12		24	textColor	rgba8	rgb(171,179,188) a=255
PhysicalFeature-Rank-13-14-Island-Explore-Dark	zoom	12-24		24	textColor	rgba8	rgb(158,167,178) a=255
PhysicalFeature-Rank-13-14-Island-Muted-Light	base			18	textSizeScale	float	0.25
PhysicalFeature-Rank-13-14-Island-Muted-Light	zoom	0-5		25	labelHaloColor	rgba8	rgb(248,248,246) a=38
PhysicalFeature-Rank-13-14-Island-Muted-Light	zoom	5-6		25	labelHaloColor	rgba8	rgb(248,248,246) a=89
PhysicalFeature-Rank-13-14-Island-Muted-Light	zoom	6-8		25	labelHaloColor	rgba8	rgb(248,248,246) a=128
PhysicalFeature-Rank-13-14-Island-Muted-Light	zoom	8-9		25	labelHaloColor	rgba8	rgb(248,248,246) a=153
PhysicalFeature-Rank-13-14-Island-Muted-Light	zoom	9-24		25	labelHaloColor	rgba8	rgb(248,248,246) a=204
PhysicalFeature-Rank-13-14-Island-Muted-Light	zoom	0-24		24	textColor	rgba8	rgb(100,106,112) a=230
PhysicalFeature-Rank-13-14-Island-Muted-Dark	base			25	labelHaloColor	rgba8	rgb(19,21,26) a=96
PhysicalFeature-Rank-13-14-Island-Muted-Dark	zoom	0-9		24	textColor	rgba8	rgb(107,120,133) a=255
PhysicalFeature-Rank-13-14-Island-Muted-Dark	zoom	9-10		24	textColor	rgba8	rgb(118,130,142) a=255
PhysicalFeature-Rank-13-14-Island-Muted-Dark	zoom	10-12		24	textColor	rgba8	rgb(129,139,151) a=255
PhysicalFeature-Rank-13-14-Island-Muted-Dark	zoom	12-24		24	textColor	rgba8	rgb(118,130,142) a=255
PhysicalFeature-Rank-13-14-Island-Driving-Light	base			18	textSizeScale	float	0.25
PhysicalFeature-Rank-13-14-Island-Driving-Light	zoom	0-5		25	labelHaloColor	rgba8	rgb(248,248,246) a=38
PhysicalFeature-Rank-13-14-Island-Driving-Light	zoom	5-6		25	labelHaloColor	rgba8	rgb(248,248,246) a=89
PhysicalFeature-Rank-13-14-Island-Driving-Light	zoom	6-8		25	labelHaloColor	rgba8	rgb(248,248,246) a=128
PhysicalFeature-Rank-13-14-Island-Driving-Light	zoom	8-9		25	labelHaloColor	rgba8	rgb(248,248,246) a=153
PhysicalFeature-Rank-13-14-Island-Driving-Light	zoom	9-24		25	labelHaloColor	rgba8	rgb(248,248,246) a=204
PhysicalFeature-Rank-13-14-Island-Driving-Light	zoom	0-24		24	textColor	rgba8	rgb(77,78,79) a=230
PhysicalFeature-Rank-13-14-Island-Driving-Light	cond		client:135=[1] & client:TimePeriod=[0]	18	textSizeScale	float	0.25
PhysicalFeature-Rank-13-14-Island-Driving-Light	cond+zoom	0-5	client:135=[1] & client:TimePeriod=[0]	25	labelHaloColor	rgba8	rgb(248,248,246) a=38
PhysicalFeature-Rank-13-14-Island-Driving-Light	cond+zoom	5-6	client:135=[1] & client:TimePeriod=[0]	25	labelHaloColor	rgba8	rgb(248,248,246) a=89
PhysicalFeature-Rank-13-14-Island-Driving-Light	cond+zoom	6-8	client:135=[1] & client:TimePeriod=[0]	25	labelHaloColor	rgba8	rgb(248,248,246) a=128
PhysicalFeature-Rank-13-14-Island-Driving-Light	cond+zoom	8-9	client:135=[1] & client:TimePeriod=[0]	25	labelHaloColor	rgba8	rgb(248,248,246) a=153
PhysicalFeature-Rank-13-14-Island-Driving-Light	cond+zoom	9-24	client:135=[1] & client:TimePeriod=[0]	25	labelHaloColor	rgba8	rgb(248,248,246) a=204
PhysicalFeature-Rank-13-14-Island-Driving-Light	cond+zoom	0-5	client:135=[1] & client:TimePeriod=[0]	25	labelHaloColor	rgba8	rgb(248,248,246) a=102
PhysicalFeature-Rank-13-14-Island-Driving-Light	cond+zoom	5-6	client:135=[1] & client:TimePeriod=[0]	25	labelHaloColor	rgba8	rgb(248,248,246) a=128
PhysicalFeature-Rank-13-14-Island-Driving-Light	cond+zoom	6-8	client:135=[1] & client:TimePeriod=[0]	25	labelHaloColor	rgba8	rgb(248,248,246) a=166
PhysicalFeature-Rank-13-14-Island-Driving-Light	cond+zoom	8-9	client:135=[1] & client:TimePeriod=[0]	25	labelHaloColor	rgba8	rgb(248,248,246) a=191
PhysicalFeature-Rank-13-14-Island-Driving-Light	cond+zoom	9-24	client:135=[1] & client:TimePeriod=[0]	25	labelHaloColor	rgba8	rgb(248,248,246) a=230
PhysicalFeature-Rank-13-14-Island-Driving-Dark	base			25	labelHaloColor	rgba8	rgb(19,21,26) a=96
PhysicalFeature-Rank-13-14-Island-Driving-Dark	zoom	0-9		24	textColor	rgba8	rgb(146,155,165) a=255
PhysicalFeature-Rank-13-14-Island-Driving-Dark	zoom	9-10		24	textColor	rgba8	rgb(158,167,178) a=255
PhysicalFeature-Rank-13-14-Island-Driving-Dark	zoom	10-12		24	textColor	rgba8	rgb(171,179,188) a=255
PhysicalFeature-Rank-13-14-Island-Driving-Dark	zoom	12-24		24	textColor	rgba8	rgb(158,167,178) a=255
PhysicalFeature-Rank-13-14-Island-Globe	zoom	0-24		24	textColor	rgba8	rgb(221,208,188) a=255
PhysicalFeature-Rank-13-14-Island-Globe	zoom	0-11		18	textSizeScale	float	1.2
PhysicalFeature-Rank-13-14-Island-Globe	zoom	11-24		18	textSizeScale	float	1.83
PhysicalFeature-Rank-13-14-Island-Globe	zoom	0-11		25	labelHaloColor	rgba8	rgb(28,38,50) a=199
PhysicalFeature-Rank-13-14-Island-Globe	zoom	11-24		25	labelHaloColor	rgba8	rgb(28,38,50) a=219
PhysicalFeature-Lines-Island-Rank-15-16	base			18	textSizeScale	float	0.25
PhysicalFeature-Lines-Island-Rank-15-16	zoom	0-5		25	labelHaloColor	rgba8	rgb(248,248,246) a=38
PhysicalFeature-Lines-Island-Rank-15-16	zoom	5-6		25	labelHaloColor	rgba8	rgb(248,248,246) a=89
PhysicalFeature-Lines-Island-Rank-15-16	zoom	6-8		25	labelHaloColor	rgba8	rgb(248,248,246) a=128
PhysicalFeature-Lines-Island-Rank-15-16	zoom	8-9		25	labelHaloColor	rgba8	rgb(248,248,246) a=153
PhysicalFeature-Lines-Island-Rank-15-16	zoom	9-24		25	labelHaloColor	rgba8	rgb(248,248,246) a=204
PhysicalFeature-Lines-Island-Rank-15-16	zoom	0-24		24	textColor	rgba8	rgb(77,78,79) a=230
PhysicalFeature-Lines-Island-Rank-15-16	zoom	0-9		29	fontSizeParam	float	10
PhysicalFeature-Lines-Island-Rank-15-16	zoom	9-10		29	fontSizeParam	float	10
PhysicalFeature-Lines-Island-Rank-15-16	zoom	10-11		29	fontSizeParam	float	15
PhysicalFeature-Lines-Island-Rank-15-16	zoom	11-12		29	fontSizeParam	float	30
PhysicalFeature-Lines-Island-Rank-15-16	zoom	12-13		29	fontSizeParam	float	60
PhysicalFeature-Lines-Island-Rank-15-16	zoom	13-24		29	fontSizeParam	float	120
PhysicalFeature-Lines-Island-Rank-15-16	cond		client:135=[1] & client:TimePeriod=[0]	18	textSizeScale	float	0.25
PhysicalFeature-Lines-Island-Rank-15-16	cond+zoom	0-5	client:135=[1] & client:TimePeriod=[0]	25	labelHaloColor	rgba8	rgb(248,248,246) a=38
PhysicalFeature-Lines-Island-Rank-15-16	cond+zoom	5-6	client:135=[1] & client:TimePeriod=[0]	25	labelHaloColor	rgba8	rgb(248,248,246) a=89
PhysicalFeature-Lines-Island-Rank-15-16	cond+zoom	6-8	client:135=[1] & client:TimePeriod=[0]	25	labelHaloColor	rgba8	rgb(248,248,246) a=128
PhysicalFeature-Lines-Island-Rank-15-16	cond+zoom	8-9	client:135=[1] & client:TimePeriod=[0]	25	labelHaloColor	rgba8	rgb(248,248,246) a=153
PhysicalFeature-Lines-Island-Rank-15-16	cond+zoom	9-24	client:135=[1] & client:TimePeriod=[0]	25	labelHaloColor	rgba8	rgb(248,248,246) a=204
PhysicalFeature-Lines-Island-Rank-15-16	cond+zoom	0-5	client:135=[1] & client:TimePeriod=[0]	25	labelHaloColor	rgba8	rgb(248,248,246) a=102
PhysicalFeature-Lines-Island-Rank-15-16	cond+zoom	5-6	client:135=[1] & client:TimePeriod=[0]	25	labelHaloColor	rgba8	rgb(248,248,246) a=128
PhysicalFeature-Lines-Island-Rank-15-16	cond+zoom	6-8	client:135=[1] & client:TimePeriod=[0]	25	labelHaloColor	rgba8	rgb(248,248,246) a=166
PhysicalFeature-Lines-Island-Rank-15-16	cond+zoom	8-9	client:135=[1] & client:TimePeriod=[0]	25	labelHaloColor	rgba8	rgb(248,248,246) a=191
PhysicalFeature-Lines-Island-Rank-15-16	cond+zoom	9-24	client:135=[1] & client:TimePeriod=[0]	25	labelHaloColor	rgba8	rgb(248,248,246) a=230
PhysicalFeature-Rank-15-16-Island-Explore-Light	base			18	textSizeScale	float	0.25
PhysicalFeature-Rank-15-16-Island-Explore-Light	zoom	0-5		25	labelHaloColor	rgba8	rgb(248,248,246) a=38
PhysicalFeature-Rank-15-16-Island-Explore-Light	zoom	5-6		25	labelHaloColor	rgba8	rgb(248,248,246) a=89
PhysicalFeature-Rank-15-16-Island-Explore-Light	zoom	6-8		25	labelHaloColor	rgba8	rgb(248,248,246) a=128
PhysicalFeature-Rank-15-16-Island-Explore-Light	zoom	8-9		25	labelHaloColor	rgba8	rgb(248,248,246) a=153
PhysicalFeature-Rank-15-16-Island-Explore-Light	zoom	9-24		25	labelHaloColor	rgba8	rgb(248,248,246) a=204
PhysicalFeature-Rank-15-16-Island-Explore-Light	zoom	0-24		24	textColor	rgba8	rgb(77,78,79) a=230
PhysicalFeature-Rank-15-16-Island-Explore-Light	cond		client:135=[1] & client:TimePeriod=[0]	18	textSizeScale	float	0.25
PhysicalFeature-Rank-15-16-Island-Explore-Light	cond+zoom	0-5	client:135=[1] & client:TimePeriod=[0]	25	labelHaloColor	rgba8	rgb(248,248,246) a=38
PhysicalFeature-Rank-15-16-Island-Explore-Light	cond+zoom	5-6	client:135=[1] & client:TimePeriod=[0]	25	labelHaloColor	rgba8	rgb(248,248,246) a=89
PhysicalFeature-Rank-15-16-Island-Explore-Light	cond+zoom	6-8	client:135=[1] & client:TimePeriod=[0]	25	labelHaloColor	rgba8	rgb(248,248,246) a=128
PhysicalFeature-Rank-15-16-Island-Explore-Light	cond+zoom	8-9	client:135=[1] & client:TimePeriod=[0]	25	labelHaloColor	rgba8	rgb(248,248,246) a=153
PhysicalFeature-Rank-15-16-Island-Explore-Light	cond+zoom	9-24	client:135=[1] & client:TimePeriod=[0]	25	labelHaloColor	rgba8	rgb(248,248,246) a=204
PhysicalFeature-Rank-15-16-Island-Explore-Light	cond+zoom	0-5	client:135=[1] & client:TimePeriod=[0]	25	labelHaloColor	rgba8	rgb(248,248,246) a=102
PhysicalFeature-Rank-15-16-Island-Explore-Light	cond+zoom	5-6	client:135=[1] & client:TimePeriod=[0]	25	labelHaloColor	rgba8	rgb(248,248,246) a=128
PhysicalFeature-Rank-15-16-Island-Explore-Light	cond+zoom	6-8	client:135=[1] & client:TimePeriod=[0]	25	labelHaloColor	rgba8	rgb(248,248,246) a=166
PhysicalFeature-Rank-15-16-Island-Explore-Light	cond+zoom	8-9	client:135=[1] & client:TimePeriod=[0]	25	labelHaloColor	rgba8	rgb(248,248,246) a=191
PhysicalFeature-Rank-15-16-Island-Explore-Light	cond+zoom	9-24	client:135=[1] & client:TimePeriod=[0]	25	labelHaloColor	rgba8	rgb(248,248,246) a=230
PhysicalFeature-Rank-15-16-Island-Explore-Dark	base			25	labelHaloColor	rgba8	rgb(19,21,26) a=96
PhysicalFeature-Rank-15-16-Island-Explore-Dark	zoom	0-9		24	textColor	rgba8	rgb(146,155,165) a=255
PhysicalFeature-Rank-15-16-Island-Explore-Dark	zoom	9-10		24	textColor	rgba8	rgb(158,167,178) a=255
PhysicalFeature-Rank-15-16-Island-Explore-Dark	zoom	10-12		24	textColor	rgba8	rgb(171,179,188) a=255
PhysicalFeature-Rank-15-16-Island-Explore-Dark	zoom	12-24		24	textColor	rgba8	rgb(158,167,178) a=255
PhysicalFeature-Rank-15-16-Island-Muted-Light	base			18	textSizeScale	float	0.25
PhysicalFeature-Rank-15-16-Island-Muted-Light	zoom	0-5		25	labelHaloColor	rgba8	rgb(248,248,246) a=38
PhysicalFeature-Rank-15-16-Island-Muted-Light	zoom	5-6		25	labelHaloColor	rgba8	rgb(248,248,246) a=89
PhysicalFeature-Rank-15-16-Island-Muted-Light	zoom	6-8		25	labelHaloColor	rgba8	rgb(248,248,246) a=128
PhysicalFeature-Rank-15-16-Island-Muted-Light	zoom	8-9		25	labelHaloColor	rgba8	rgb(248,248,246) a=153
PhysicalFeature-Rank-15-16-Island-Muted-Light	zoom	9-24		25	labelHaloColor	rgba8	rgb(248,248,246) a=204
PhysicalFeature-Rank-15-16-Island-Muted-Light	zoom	0-24		24	textColor	rgba8	rgb(100,106,112) a=230
PhysicalFeature-Rank-15-16-Island-Muted-Dark	base			25	labelHaloColor	rgba8	rgb(19,21,26) a=96
PhysicalFeature-Rank-15-16-Island-Muted-Dark	zoom	0-9		24	textColor	rgba8	rgb(107,120,133) a=255
PhysicalFeature-Rank-15-16-Island-Muted-Dark	zoom	9-10		24	textColor	rgba8	rgb(118,130,142) a=255
PhysicalFeature-Rank-15-16-Island-Muted-Dark	zoom	10-12		24	textColor	rgba8	rgb(129,139,151) a=255
PhysicalFeature-Rank-15-16-Island-Muted-Dark	zoom	12-24		24	textColor	rgba8	rgb(118,130,142) a=255
PhysicalFeature-Rank-15-16-Island-Driving-Light	base			18	textSizeScale	float	0.25
PhysicalFeature-Rank-15-16-Island-Driving-Light	zoom	0-5		25	labelHaloColor	rgba8	rgb(248,248,246) a=38
PhysicalFeature-Rank-15-16-Island-Driving-Light	zoom	5-6		25	labelHaloColor	rgba8	rgb(248,248,246) a=89
PhysicalFeature-Rank-15-16-Island-Driving-Light	zoom	6-8		25	labelHaloColor	rgba8	rgb(248,248,246) a=128
PhysicalFeature-Rank-15-16-Island-Driving-Light	zoom	8-9		25	labelHaloColor	rgba8	rgb(248,248,246) a=153
PhysicalFeature-Rank-15-16-Island-Driving-Light	zoom	9-24		25	labelHaloColor	rgba8	rgb(248,248,246) a=204
PhysicalFeature-Rank-15-16-Island-Driving-Light	zoom	0-24		24	textColor	rgba8	rgb(77,78,79) a=230
PhysicalFeature-Rank-15-16-Island-Driving-Light	cond		client:135=[1] & client:TimePeriod=[0]	18	textSizeScale	float	0.25
PhysicalFeature-Rank-15-16-Island-Driving-Light	cond+zoom	0-5	client:135=[1] & client:TimePeriod=[0]	25	labelHaloColor	rgba8	rgb(248,248,246) a=38
PhysicalFeature-Rank-15-16-Island-Driving-Light	cond+zoom	5-6	client:135=[1] & client:TimePeriod=[0]	25	labelHaloColor	rgba8	rgb(248,248,246) a=89
PhysicalFeature-Rank-15-16-Island-Driving-Light	cond+zoom	6-8	client:135=[1] & client:TimePeriod=[0]	25	labelHaloColor	rgba8	rgb(248,248,246) a=128
PhysicalFeature-Rank-15-16-Island-Driving-Light	cond+zoom	8-9	client:135=[1] & client:TimePeriod=[0]	25	labelHaloColor	rgba8	rgb(248,248,246) a=153
PhysicalFeature-Rank-15-16-Island-Driving-Light	cond+zoom	9-24	client:135=[1] & client:TimePeriod=[0]	25	labelHaloColor	rgba8	rgb(248,248,246) a=204
PhysicalFeature-Rank-15-16-Island-Driving-Light	cond+zoom	0-5	client:135=[1] & client:TimePeriod=[0]	25	labelHaloColor	rgba8	rgb(248,248,246) a=102
PhysicalFeature-Rank-15-16-Island-Driving-Light	cond+zoom	5-6	client:135=[1] & client:TimePeriod=[0]	25	labelHaloColor	rgba8	rgb(248,248,246) a=128
PhysicalFeature-Rank-15-16-Island-Driving-Light	cond+zoom	6-8	client:135=[1] & client:TimePeriod=[0]	25	labelHaloColor	rgba8	rgb(248,248,246) a=166
PhysicalFeature-Rank-15-16-Island-Driving-Light	cond+zoom	8-9	client:135=[1] & client:TimePeriod=[0]	25	labelHaloColor	rgba8	rgb(248,248,246) a=191
PhysicalFeature-Rank-15-16-Island-Driving-Light	cond+zoom	9-24	client:135=[1] & client:TimePeriod=[0]	25	labelHaloColor	rgba8	rgb(248,248,246) a=230
PhysicalFeature-Rank-15-16-Island-Driving-Dark	base			25	labelHaloColor	rgba8	rgb(19,21,26) a=96
PhysicalFeature-Rank-15-16-Island-Driving-Dark	zoom	0-9		24	textColor	rgba8	rgb(146,155,165) a=255
PhysicalFeature-Rank-15-16-Island-Driving-Dark	zoom	9-10		24	textColor	rgba8	rgb(158,167,178) a=255
PhysicalFeature-Rank-15-16-Island-Driving-Dark	zoom	10-12		24	textColor	rgba8	rgb(171,179,188) a=255
PhysicalFeature-Rank-15-16-Island-Driving-Dark	zoom	12-24		24	textColor	rgba8	rgb(158,167,178) a=255
PhysicalFeature-Rank-15-16-Island-Globe	zoom	0-24		24	textColor	rgba8	rgb(221,208,188) a=255
PhysicalFeature-Rank-15-16-Island-Globe	zoom	0-11		18	textSizeScale	float	1.2
PhysicalFeature-Rank-15-16-Island-Globe	zoom	11-24		18	textSizeScale	float	1.83
PhysicalFeature-Rank-15-16-Island-Globe	zoom	0-11		25	labelHaloColor	rgba8	rgb(28,38,50) a=199
PhysicalFeature-Rank-15-16-Island-Globe	zoom	11-24		25	labelHaloColor	rgba8	rgb(28,38,50) a=219
PhysicalFeature-Band-Base	base			1	fillColor	rgba8	rgb(0,0,0) a=71
PhysicalFeature-Band-Base	base			2	strokeColor	rgba8	rgb(255,255,255) a=26
PhysicalFeature-Band-Base	base			6	strokeWidth	float	6
PhysicalFeature-Band-Base	zoom	4-5		6	strokeWidth	float	8
PhysicalFeature-Band-Base	zoom	6-7		6	strokeWidth	float	8
PhysicalFeature-Band-Base	zoom	8-9		6	strokeWidth	float	9
PhysicalFeature-Band-Base	zoom	10-11		6	strokeWidth	float	9
PhysicalFeature-Band-Base	zoom	12-13		6	strokeWidth	float	9
PhysicalFeature-Band-Base	zoom	13-14		6	strokeWidth	float	9
PhysicalFeature-Band-Base	zoom	14-15		6	strokeWidth	float	10
PhysicalFeature-Band-Base	zoom	15-16		6	strokeWidth	float	10
PhysicalFeature-Band-Base	zoom	16-17		6	strokeWidth	float	12
PhysicalFeature-Band-Base	zoom	17-18		6	strokeWidth	float	12
PhysicalFeature-Band-Dark-Base	base			1	fillColor	rgba8	rgb(0,0,0) a=122
PhysicalFeature-Band-Dark-Base	base			2	strokeColor	rgba8	rgb(255,255,255) a=5
IndigenousLandsPolygon-TintBand-Globe-Base	zoom	0-4		1	fillColor	rgba8	rgb(255,255,255) a=33
IndigenousLandsPolygon-TintBand-Globe-Base	zoom	0-4		2	strokeColor	rgba8	rgb(255,255,255) a=64
IndigenousLandsPolygon-TintBand-Globe-Base	zoom	4-5		1	fillColor	rgba8	rgb(255,255,255) a=38
IndigenousLandsPolygon-TintBand-Globe-Base	zoom	4-5		2	strokeColor	rgba8	rgb(255,255,255) a=56
IndigenousLandsPolygon-TintBand-Globe-Base	zoom	5-6		1	fillColor	rgba8	rgb(255,255,255) a=48
IndigenousLandsPolygon-TintBand-Globe-Base	zoom	5-6		2	strokeColor	rgba8	rgb(255,255,255) a=89
IndigenousLandsPolygon-TintBand-Globe-Base	zoom	6-7		1	fillColor	rgba8	rgb(255,255,255) a=8
IndigenousLandsPolygon-TintBand-Globe-Base	zoom	6-7		2	strokeColor	rgba8	rgb(255,255,255) a=99
IndigenousLandsPolygon-TintBand-Globe-Base	zoom	7-8		1	fillColor	rgba8	rgb(255,255,255) a=0
IndigenousLandsPolygon-TintBand-Globe-Base	zoom	7-8		2	strokeColor	rgba8	rgb(255,255,255) a=89
IndigenousLandsPolygon-TintBand-Globe-Base	zoom	8-10		1	fillColor	rgba8	rgb(255,255,255) a=0
IndigenousLandsPolygon-TintBand-Globe-Base	zoom	8-10		2	strokeColor	rgba8	rgb(255,255,255) a=120
IndigenousLandsPolygon-TintBand-Globe-Base	zoom	10-11		1	fillColor	rgba8	rgb(255,255,255) a=0
IndigenousLandsPolygon-TintBand-Globe-Base	zoom	10-11		2	strokeColor	rgba8	rgb(255,255,255) a=102
IndigenousLandsPolygon-TintBand-Globe-Base	zoom	11-24		1	fillColor	rgba8	rgb(255,255,255) a=0
IndigenousLandsPolygon-TintBand-Globe-Base	zoom	11-24		2	strokeColor	rgba8	rgb(255,255,255) a=69
IndigenousLands-Label-Globe-Base	base			18	textSizeScale	float	1.2
IndigenousLands-Label-Globe-Base	base			23	fontSpec	string	%$default,semibold,width=80
IndigenousLands-Label-Globe-Base	base			24	textColor	rgba8	rgb(237,232,235) a=250
IndigenousLands-Label-Globe-Base	base			25	labelHaloColor	rgba8	rgb(22,0,8) a=217
IndigenousLands-Label-Globe-Base	base			29	fontSizeParam	float	0.45
IndigenousLands-Label-Globe-Base	zoom	8-11		18	textSizeScale	float	1.83
IndigenousLands-Label-Globe-Base	zoom	11-24		18	textSizeScale	float	2.2
IndigenousLands-Label-Globe-Base	cond		client:37=[1]	18	textSizeScale	float	1.83
IndigenousLands-Label-Globe-Base	cond		client:37=[1]	24	textColor	rgba8	rgb(255,255,255) a=255
IndigenousLands-Label-Globe-Base	cond		client:37=[1]	25	labelHaloColor	rgba8	rgb(0,0,0) a=230
IndigenousLands-Label-Globe-Base	cond+zoom	0-26	client:34=[0] & client:51=[2, 1] & client:TimePeriod=[0]	24	textColor	rgba8	rgb(255,255,255) a=128
IndigenousLands-IPA-Label-Globe-Base	base			18	textSizeScale	float	0.75
IndigenousLands-IPA-Label-Globe-Base	base			24	textColor	rgba8	rgb(179,231,179) a=255
IndigenousLands-IPA-Label-Globe-Base	base			25	labelHaloColor	rgba8	rgb(0,0,0) a=255
IndigenousLands-IPA-Label-Globe-Base	cond		client:37=[1]	18	textSizeScale	float	1.83
IndigenousLands-IPA-Label-Globe-Base	cond		client:37=[1]	24	textColor	rgba8	rgb(255,255,255) a=255
IndigenousLands-IPA-Label-Globe-Base	cond		client:37=[1]	25	labelHaloColor	rgba8	rgb(0,0,0) a=230
IndigenousLands-IPA-Label-Globe-Base	cond+zoom	0-26	client:34=[0] & client:51=[2, 1] & client:TimePeriod=[0]	24	textColor	rgba8	rgb(255,255,255) a=128
IndigenousLands-IndigenousCommunity-Label-Globe-Base	base			18	textSizeScale	float	1.2
IndigenousLands-IndigenousCommunity-Label-Globe-Base	base			25	labelHaloColor	rgba8	rgb(28,38,50) a=199
IndigenousLands-IndigenousCommunity-Label-Globe-Base	zoom	0-24		24	textColor	rgba8	rgb(211,211,211) a=255
IndigenousLands-IndigenousCommunity-Label-Globe-Base	zoom	0-24		25	labelHaloColor	rgba8	rgb(28,38,50) a=199
IndigenousLands-IndigenousCommunity-Label-Globe-Base	zoom	8-11		18	textSizeScale	float	1.83
IndigenousLands-IndigenousCommunity-Label-Globe-Base	zoom	11-24		18	textSizeScale	float	2
IndigenousLands-IndigenousCommunity-Label-Globe-Base	cond		client:37=[1]	18	textSizeScale	float	1.83
IndigenousLands-IndigenousCommunity-Label-Globe-Base	cond		client:37=[1]	24	textColor	rgba8	rgb(255,255,255) a=255
IndigenousLands-IndigenousCommunity-Label-Globe-Base	cond		client:37=[1]	25	labelHaloColor	rgba8	rgb(0,0,0) a=230
IndigenousLands-IndigenousCommunity-Label-Globe-Base	cond+zoom	0-26	client:34=[0] & client:51=[2, 1] & client:TimePeriod=[0]	24	textColor	rgba8	rgb(255,255,255) a=128
EmergencyAlert-Polygon-Globe-Base	zoom	0-8		1	fillColor	rgba8	rgb(255,0,53) a=38
EmergencyAlert-Polygon-Globe-Base	zoom	0-8		2	strokeColor	rgba8	rgb(230,34,63) a=210
EmergencyAlert-Polygon-Globe-Base	zoom	8-9		1	fillColor	rgba8	rgb(255,0,53) a=36
EmergencyAlert-Polygon-Globe-Base	zoom	8-9		2	strokeColor	rgba8	rgb(230,34,63) a=212
EmergencyAlert-Polygon-Globe-Base	zoom	9-10		1	fillColor	rgba8	rgb(255,0,53) a=34
EmergencyAlert-Polygon-Globe-Base	zoom	9-10		2	strokeColor	rgba8	rgb(230,34,63) a=214
EmergencyAlert-Polygon-Globe-Base	zoom	10-11		1	fillColor	rgba8	rgb(255,0,53) a=32
EmergencyAlert-Polygon-Globe-Base	zoom	10-11		2	strokeColor	rgba8	rgb(230,34,63) a=216
EmergencyAlert-Polygon-Globe-Base	zoom	11-12		1	fillColor	rgba8	rgb(255,0,53) a=30
EmergencyAlert-Polygon-Globe-Base	zoom	11-12		2	strokeColor	rgba8	rgb(230,34,63) a=218
EmergencyAlert-Polygon-Globe-Base	zoom	12-13		1	fillColor	rgba8	rgb(255,0,53) a=28
EmergencyAlert-Polygon-Globe-Base	zoom	12-13		2	strokeColor	rgba8	rgb(230,34,63) a=220
EmergencyAlert-Polygon-Globe-Base	zoom	13-14		1	fillColor	rgba8	rgb(255,0,53) a=26
EmergencyAlert-Polygon-Globe-Base	zoom	13-14		2	strokeColor	rgba8	rgb(230,34,63) a=222
EmergencyAlert-Polygon-Globe-Base	zoom	14-15		1	fillColor	rgba8	rgb(255,0,53) a=24
EmergencyAlert-Polygon-Globe-Base	zoom	14-15		2	strokeColor	rgba8	rgb(230,34,63) a=224
EmergencyAlert-Polygon-Globe-Base	zoom	15-16		1	fillColor	rgba8	rgb(255,0,53) a=22
EmergencyAlert-Polygon-Globe-Base	zoom	15-16		2	strokeColor	rgba8	rgb(230,34,63) a=226
EmergencyAlert-Polygon-Globe-Base	zoom	16-17		1	fillColor	rgba8	rgb(255,0,53) a=20
EmergencyAlert-Polygon-Globe-Base	zoom	16-17		2	strokeColor	rgba8	rgb(230,34,63) a=232
EmergencyAlert-Polygon-Globe-Base	zoom	17-24		1	fillColor	rgba8	rgb(255,0,53) a=18
EmergencyAlert-Polygon-Globe-Base	zoom	17-24		2	strokeColor	rgba8	rgb(230,34,63) a=238
EmergencyAlert-Polygon-Globe-Base	zoom	0-8		6	strokeWidth	float	1.5
EmergencyAlert-Polygon-Globe-Base	zoom	8-9		6	strokeWidth	float	2
EmergencyAlert-Polygon-Globe-Base	zoom	9-10		6	strokeWidth	float	2.5
EmergencyAlert-Polygon-Globe-Base	zoom	10-11		6	strokeWidth	float	3
EmergencyAlert-Polygon-Globe-Base	zoom	11-12		6	strokeWidth	float	3.5
EmergencyAlert-Polygon-Globe-Base	zoom	12-13		6	strokeWidth	float	4
EmergencyAlert-Polygon-Globe-Base	zoom	13-14		6	strokeWidth	float	4.5
EmergencyAlert-Polygon-Globe-Base	zoom	14-15		6	strokeWidth	float	5
EmergencyAlert-Polygon-Globe-Base	zoom	15-16		6	strokeWidth	float	5.5
EmergencyAlert-Polygon-Globe-Base	zoom	16-17		6	strokeWidth	float	6
EmergencyAlert-Polygon-Globe-Base	zoom	17-24		6	strokeWidth	float	6.5
