{"type":"FeatureCollection","features":[{"type":"Feature","properties":{"depth":2000},"geometry":{"type":"MultiPolygon","coordinates":[[[[-177.94,-11.52],[-177.56,-11.58],[-177.51,-11.66],[-177.54,-11.71],[-177.82,-11.88],[-178.03,-11.9],[-178.13,-11.98],[-178.25,-11.98],[-178.39,-12.07],[-178.48,-12.07],[-178.49,-12.14],[-178.38,-12.32],[-178.06,-12.29],[-177.96,-12.44],[-177.91,-12.46],[-177.85,-12.41],[-177.71,-12.16],[-177.52,-12.07],[-177.37,-12.09],[-177.27,-12.19],[-177.22,-12.36],[-177.23,-12.53],[-177.32,-12.69],[-177.49,-12.75],[-177.6,-12.73],[-177.74,-12.65],[-177.96,-12.76],[-178.06,-12.77],[-178.13,-12.77],[-178.22,-12.7],[-178.32,-12.72],[-178.44,-12.7],[-178.46,-12.62],[-178.44,-12.43],[-178.56,-12.43],[-178.77,-12.13],[-178.73,-11.93],[-178.79,-11.88],[-178.93,-11.86],[-178.94,-11.7],[-178.99,-11.6],[-179.12,-11.46],[-179.22,-11.42],[-179.41,-11.44],[-179.46,-11.47],[-179.5,-11.57],[-179.61,-11.61],[-179.42,-11.71],[-179.4,-11.78],[-179.09,-12.07],[-178.91,-12.34],[-178.97,-12.39],[-179.18,-12.38],[-179.25,-12.44],[-179.37,-12.65],[-179.52,-12.67],[-179.71,-12.6],[-179.74,-12.34],[-179.78,-12.3],[-179.93,-12.31],[-179.96,-12.08],[-180.0,-12.07],[-180.0,-13.27],[-179.83,-13.29],[-179.66,-13.39],[-179.57,-13.66],[-179.5,-13.56],[-179.38,-13.54],[-179.35,-13.44],[-179.38,-13.38],[-179.57,-13.34],[-179.57,-13.18],[-179.64,-13.03],[-179.61,-12.97],[-179.51,-12.95],[-179.45,-13.1],[-179.28,-13.1],[-179.17,-13.27],[-179.05,-13.35],[-178.98,-13.1],[-178.89,-13.05],[-178.79,-13.04],[-178.74,-13.11],[-178.76,-13.29],[-178.61,-13.56],[-178.68,-13.76],[-178.64,-13.81],[-178.44,-13.8],[-178.29,-13.69],[-178.22,-13.68],[-178.25,-13.75],[-178.23,-13.8],[-177.98,-13.87],[-177.99,-13.74],[-177.91,-13.73],[-177.87,-13.75],[-177.86,-13.9],[-177.67,-14.02],[-177.72,-13.68],[-177.65,-13.59],[-177.49,-13.57],[-177.22,-13.69],[-177.16,-13.81],[-177.21,-13.93],[-177.22,-14.06],[-177.43,-14.16],[-177.29,-14.15],[-177.12,-14.05],[-177.03,-14.09],[-177.01,-14.17],[-176.93,-14.13],[-176.83,-14.13],[-176.8,-14.1],[-176.78,-13.99],[-176.72,-13.97],[-176.67,-14.0],[-176.64,-14.06],[-176.67,-14.14],[-176.74,-14.18],[-176.64,-14.26],[-176.55,-14.2],[-176.5,-14.21],[-176.42,-14.35],[-176.26,-14.4],[-176.21,-14.35],[-176.21,-14.24],[-176.52,-14.06],[-176.57,-13.85],[-176.71,-13.8],[-176.78,-13.7],[-176.73,-13.59],[-176.59,-13.58],[-176.55,-13.63],[-176.52,-13.82],[-176.35,-13.8],[-176.28,-13.83],[-176.06,-14.09],[-176.02,-14.23],[-175.84,-14.25],[-175.73,-14.32],[-175.53,-14.35],[-175.49,-14.48],[-175.59,-14.67],[-175.38,-14.75],[-175.27,-14.62],[-174.96,-14.47],[-174.82,-14.47],[-174.67,-14.42],[-174.56,-14.45],[-174.53,-14.54],[-174.57,-14.61],[-174.75,-14.63],[-174.58,-14.88],[-174.62,-15.02],[-174.55,-15.19],[-174.58,-15.26],[-174.79,-15.51],[-174.98,-15.55],[-175.09,-15.61],[-175.18,-15.58],[-175.42,-15.32],[-175.43,-15.49],[-175.3,-15.48],[-175.27,-15.54],[-175.32,-15.62],[-175.46,-15.65],[-175.46,-15.79],[-175.54,-15.86],[-175.8,-15.67],[-175.8,-15.6],[-175.92,-15.5],[-176.19,-15.58],[-176.25,-15.44],[-176.4,-15.55],[-176.63,-15.61],[-176.65,-15.56],[-176.62,-15.35],[-176.65,-15.31],[-176.73,-15.39],[-176.76,-15.58],[-176.82,-15.65],[-176.84,-15.78],[-176.88,-15.8],[-177.0,-15.74],[-177.0,-15.68],[-176.92,-15.6],[-176.94,-15.55],[-177.14,-15.46],[-177.25,-15.27],[-177.3,-15.4],[-177.43,-15.46],[-177.43,-15.62],[-177.55,-15.65],[-177.64,-15.78],[-177.78,-15.78],[-177.82,-15.55],[-177.94,-15.5],[-178.15,-15.53],[-178.18,-15.58],[-178.24,-15.6],[-178.23,-15.65],[-177.84,-15.82],[-177.7,-15.98],[-177.67,-16.08],[-177.43,-16.3],[-177.29,-16.32],[-177.2,-16.46],[-176.85,-16.76],[-176.78,-16.78],[-176.76,-16.82],[-176.59,-16.92],[-176.48,-17.05],[-176.43,-17.18],[-176.45,-17.26],[-176.54,-17.26],[-176.71,-17.06],[-176.8,-17.02],[-176.86,-16.92],[-176.96,-16.99],[-177.04,-16.98],[-177.17,-16.8],[-177.36,-16.68],[-177.37,-16.59],[-177.48,-16.46],[-177.63,-16.48],[-177.88,-16.19],[-177.89,-16.1],[-177.98,-16.06],[-178.03,-15.96],[-178.32,-15.82],[-178.34,-15.67],[-178.42,-15.7],[-178.53,-15.68],[-178.62,-15.55],[-178.58,-15.25],[-178.34,-15.0],[-178.25,-14.98],[-178.2,-14.88],[-178.25,-14.69],[-178.22,-14.62],[-178.02,-14.54],[-177.75,-14.59],[-177.66,-14.55],[-177.67,-14.5],[-178.01,-14.46],[-178.15,-14.4],[-178.39,-14.41],[-178.45,-14.31],[-178.35,-14.21],[-178.4,-14.17],[-178.67,-14.15],[-178.7,-14.06],[-178.66,-13.95],[-178.68,-13.92],[-178.8,-14.02],[-178.86,-14.14],[-178.94,-14.12],[-178.97,-14.08],[-178.89,-13.81],[-179.0,-13.72],[-179.24,-13.74],[-179.39,-13.88],[-179.53,-13.95],[-179.64,-13.89],[-179.63,-13.72],[-179.68,-13.69],[-179.79,-13.68],[-179.92,-13.79],[-180.0,-13.8],[-180.0,-15.6],[-179.62,-15.62],[-179.47,-15.77],[-179.41,-15.7],[-179.34,-15.68],[-179.16,-15.73],[-179.02,-15.89],[-178.97,-16.06],[-178.85,-16.1],[-178.75,-16.2],[-178.61,-16.2],[-178.46,-16.37],[-178.31,-16.42],[-178.29,-16.48],[-178.39,-16.63],[-178.37,-16.68],[-178.32,-16.61],[-178.21,-16.58],[-178.03,-16.68],[-177.92,-16.84],[-177.85,-16.77],[-177.76,-16.76],[-177.65,-16.85],[-177.58,-17.07],[-177.63,-17.19],[-177.73,-17.2],[-177.86,-16.99],[-178.0,-17.05],[-178.06,-17.02],[-178.1,-16.95],[-178.25,-16.99],[-178.36,-17.09],[-178.21,-17.35],[-178.21,-17.46],[-178.31,-17.54],[-178.32,-17.59],[-178.25,-17.64],[-178.06,-17.9],[-178.01,-18.06],[-178.03,-18.2],[-177.96,-18.34],[-178.04,-18.62],[-177.99,-18.78],[-178.01,-18.93],[-177.98,-19.06],[-178.03,-19.18],[-177.94,-19.3],[-178.01,-19.42],[-178.0,-19.55],[-177.97,-19.59],[-177.82,-19.61],[-177.75,-19.7],[-177.79,-19.76],[-177.88,-19.78],[-177.96,-19.75],[-177.99,-19.68],[-178.03,-19.72],[-177.87,-19.95],[-177.87,-20.02],[-178.01,-20.16],[-177.95,-20.21],[-177.91,-20.35],[-177.82,-20.48],[-177.8,-20.72],[-177.89,-20.83],[-177.86,-20.98],[-178.0,-21.05],[-178.03,-21.1],[-177.97,-21.25],[-177.97,-21.34],[-178.14,-21.5],[-178.2,-21.6],[-178.22,-21.79],[-178.07,-21.96],[-178.05,-22.06],[-178.1,-22.12],[-178.23,-22.12],[-178.27,-22.15],[-178.1,-22.22],[-178.06,-22.32],[-178.25,-22.42],[-178.2,-22.49],[-178.19,-22.62],[-178.42,-22.78],[-178.28,-22.81],[-178.21,-22.97],[-178.24,-23.07],[-178.39,-23.26],[-178.41,-23.51],[-178.34,-23.52],[-178.31,-23.57],[-178.39,-23.71],[-178.32,-23.78],[-178.29,-23.86],[-178.34,-24.07],[-178.32,-24.14],[-178.34,-24.24],[-178.3,-24.29],[-178.29,-24.35],[-178.33,-24.48],[-178.46,-24.7],[-178.37,-24.67],[-178.29,-24.7],[-178.3,-24.8],[-178.42,-24.86],[-178.4,-24.91],[-178.27,-25.01],[-178.27,-25.18],[-178.31,-25.26],[-178.49,-25.27],[-178.63,-25.37],[-178.78,-25.37],[-178.87,-25.51],[-178.73,-25.75],[-178.75,-25.9],[-178.67,-26.15],[-178.69,-26.29],[-178.66,-26.41],[-178.69,-26.47],[-178.79,-26.49],[-178.85,-26.54],[-178.77,-26.69],[-178.8,-27.07],[-178.87,-27.24],[-178.88,-27.4],[-178.93,-27.5],[-178.94,-27.84],[-179.02,-27.96],[-178.99,-28.03],[-179.01,-28.12],[-178.96,-28.2],[-178.99,-28.3],[-178.9,-28.46],[-178.96,-28.55],[-179.09,-28.65],[-179.35,-28.63],[-179.3,-28.69],[-179.42,-28.94],[-179.31,-29.03],[-179.3,-29.09],[-179.52,-29.26],[-179.66,-29.5],[-179.66,-29.83],[-179.76,-30.0],[-179.76,-30.17],[-179.81,-30.22],[-179.88,-30.42],[-179.88,-30.65],[-179.91,-30.7],[-180.0,-30.74],[-180.0,-33.72],[-179.97,-33.69],[-179.98,-33.5],[-179.86,-33.22],[-179.64,-33.1],[-179.64,-32.9],[-179.48,-32.75],[-179.45,-32.47],[-179.23,-32.23],[-179.23,-32.06],[-179.18,-31.94],[-179.27,-31.93],[-179.33,-31.78],[-179.26,-31.73],[-179.09,-31.79],[-179.03,-31.73],[-179.05,-31.43],[-179.12,-31.38],[-179.23,-31.39],[-179.28,-31.34],[-179.29,-31.3],[-179.21,-31.2],[-179.3,-31.07],[-179.33,-30.79],[-179.43,-30.74],[-179.47,-30.65],[-179.44,-30.52],[-179.35,-30.5],[-179.3,-30.54],[-179.27,-30.72],[-179.17,-30.75],[-179.09,-30.58],[-178.94,-30.5],[-178.94,-30.34],[-178.9,-30.2],[-179.03,-30.13],[-179.04,-30.0],[-179.22,-29.85],[-179.23,-29.78],[-179.2,-29.74],[-179.04,-29.71],[-179.04,-29.59],[-178.99,-29.54],[-178.83,-29.63],[-178.84,-29.77],[-178.76,-29.82],[-178.53,-29.84],[-178.43,-29.76],[-178.44,-29.61],[-178.56,-29.52],[-178.58,-29.42],[-178.69,-29.4],[-178.72,-29.31],[-178.7,-29.18],[-178.52,-29.0],[-178.8,-29.11],[-178.85,-28.97],[-178.85,-28.87],[-178.54,-28.78],[-178.49,-28.73],[-178.61,-28.72],[-178.7,-28.64],[-178.72,-28.54],[-178.66,-28.47],[-178.57,-28.48],[-178.41,-28.65],[-178.33,-28.65],[-178.43,-28.54],[-178.49,-28.42],[-178.6,-28.36],[-178.63,-28.32],[-178.62,-28.2],[-178.54,-28.13],[-178.51,-27.98],[-178.45,-27.93],[-178.5,-27.83],[-178.46,-27.76],[-178.37,-27.77],[-178.32,-27.91],[-178.17,-27.98],[-178.07,-27.97],[-178.0,-27.92],[-177.98,-27.74],[-177.88,-27.67],[-177.64,-27.37],[-177.62,-27.28],[-177.65,-27.28],[-177.74,-27.41],[-177.85,-27.42],[-177.91,-27.26],[-178.02,-27.27],[-178.06,-27.24],[-178.1,-27.1],[-178.17,-27.01],[-178.16,-26.95],[-178.11,-26.9],[-178.03,-26.89],[-177.97,-26.91],[-177.91,-27.0],[-177.85,-26.89],[-177.72,-26.81],[-177.74,-26.62],[-177.5,-26.43],[-177.43,-26.3],[-177.45,-26.17],[-177.62,-26.11],[-177.66,-26.04],[-177.79,-25.94],[-177.89,-25.68],[-177.94,-25.67],[-178.01,-25.78],[-178.07,-25.77],[-178.13,-25.68],[-178.13,-25.78],[-178.17,-25.81],[-178.26,-25.78],[-178.38,-25.65],[-178.36,-25.58],[-178.13,-25.45],[-178.07,-25.35],[-178.09,-25.21],[-178.22,-25.18],[-178.26,-25.04],[-178.22,-24.94],[-178.08,-24.91],[-178.03,-24.86],[-178.02,-24.71],[-178.04,-24.67],[-178.22,-24.59],[-178.24,-24.43],[-177.95,-24.25],[-177.82,-24.25],[-177.95,-23.95],[-177.78,-23.48],[-177.7,-23.45],[-177.65,-23.54],[-177.55,-23.54],[-177.39,-23.45],[-177.27,-23.42],[-177.14,-23.5],[-177.1,-23.78],[-177.24,-24.0],[-177.29,-24.16],[-177.34,-24.19],[-177.48,-24.17],[-177.43,-24.24],[-177.45,-24.32],[-177.38,-24.35],[-177.33,-24.48],[-177.29,-24.22],[-177.13,-24.16],[-177.19,-24.12],[-177.23,-24.04],[-177.02,-23.86],[-176.94,-23.64],[-176.83,-23.52],[-176.83,-23.35],[-176.69,-23.27],[-176.49,-23.07],[-176.53,-22.96],[-176.52,-22.49],[-176.45,-22.46],[-176.42,-22.37],[-176.36,-22.33],[-176.33,-22.27],[-176.41,-22.05],[-176.34,-21.92],[-176.15,-21.91],[-176.1,-21.85],[-176.23,-21.61],[-176.22,-21.54],[-176.17,-21.49],[-176.1,-21.48],[-176.04,-21.55],[-175.98,-21.47],[-175.82,-21.46],[-175.9,-21.07],[-175.86,-20.99],[-175.69,-20.87],[-175.75,-20.83],[-175.78,-20.77],[-175.68,-20.62],[-175.7,-20.47],[-175.51,-20.14],[-175.44,-20.09],[-175.39,-19.7],[-175.3,-19.61],[-175.27,-19.42],[-175.21,-19.3],[-175.27,-19.03],[-175.25,-18.65],[-175.04,-18.62],[-175.01,-18.43],[-174.91,-18.41],[-174.96,-18.22],[-174.96,-18.05],[-174.84,-17.93],[-174.87,-17.84],[-174.82,-17.69],[-174.89,-17.36],[-174.84,-17.01],[-174.85,-16.94],[-174.99,-16.78],[-174.98,-16.7],[-174.91,-16.66],[-174.82,-16.66],[-174.76,-16.85],[-174.63,-16.95],[-174.68,-17.39],[-174.57,-17.69],[-174.52,-17.65],[-174.5,-17.4],[-174.35,-17.16],[-174.48,-17.15],[-174.54,-17.1],[-174.59,-16.93],[-174.57,-16.83],[-174.46,-16.82],[-174.43,-16.99],[-174.31,-17.09],[-174.28,-17.05],[-174.36,-16.9],[-174.34,-16.8],[-174.36,-16.68],[-174.25,-16.42],[-174.26,-16.39],[-174.34,-16.44],[-174.43,-16.42],[-174.44,-16.49],[-174.53,-16.49],[-174.55,-16.42],[-174.43,-16.37],[-174.38,-16.3],[-174.27,-16.3],[-174.26,-16.26],[-174.35,-16.15],[-174.53,-16.08],[-174.62,-15.97],[-174.72,-15.98],[-174.76,-15.95],[-174.78,-15.81],[-174.72,-15.57],[-174.54,-15.32],[-174.45,-15.33],[-174.43,-15.41],[-174.44,-15.53],[-174.46,-15.58],[-174.5,-15.6],[-174.5,-15.74],[-174.58,-15.82],[-174.46,-15.84],[-174.42,-15.95],[-174.41,-15.82],[-174.46,-15.82],[-174.48,-15.65],[-174.19,-15.6],[-174.02,-15.53],[-173.81,-15.34],[-173.78,-15.24],[-173.64,-15.17],[-173.59,-14.86],[-173.44,-14.85],[-173.35,-14.87],[-173.22,-15.0],[-173.13,-15.15],[-173.14,-15.19],[-173.2,-15.23],[-173.47,-15.12],[-173.48,-15.24],[-173.37,-15.3],[-173.11,-15.29],[-172.97,-15.35],[-172.9,-15.43],[-172.86,-15.65],[-172.87,-15.8],[-172.94,-15.98],[-173.09,-16.06],[-173.21,-16.22],[-173.26,-16.25],[-173.28,-16.58],[-173.22,-16.6],[-173.08,-16.54],[-173.01,-16.63],[-173.11,-16.8],[-173.04,-17.06],[-173.11,-17.23],[-173.06,-17.28],[-173.07,-17.42],[-173.21,-17.69],[-173.33,-17.76],[-173.16,-17.83],[-173.11,-17.93],[-173.11,-18.07],[-173.21,-18.16],[-173.56,-18.25],[-173.77,-18.35],[-173.87,-18.35],[-173.92,-18.42],[-173.92,-18.45],[-173.67,-18.47],[-173.64,-18.5],[-173.66,-18.79],[-173.74,-18.98],[-173.76,-19.25],[-173.81,-19.3],[-173.81,-19.39],[-173.9,-19.51],[-174.0,-19.96],[-174.0,-20.02],[-173.89,-20.17],[-173.87,-20.25],[-173.91,-20.3],[-173.96,-20.3],[-174.14,-20.17],[-174.17,-20.46],[-174.1,-20.62],[-174.15,-20.7],[-174.17,-20.81],[-174.36,-21.02],[-174.34,-21.19],[-174.41,-21.26],[-174.53,-21.31],[-174.7,-21.48],[-174.69,-21.67],[-174.72,-21.72],[-174.88,-21.7],[-174.85,-21.84],[-174.94,-21.98],[-174.91,-22.1],[-175.25,-22.56],[-175.3,-22.58],[-175.3,-22.7],[-175.39,-22.82],[-175.37,-22.97],[-175.51,-23.14],[-175.56,-23.33],[-175.78,-23.52],[-175.75,-23.78],[-175.87,-23.9],[-175.87,-24.22],[-175.9,-24.34],[-175.97,-24.46],[-175.95,-24.68],[-176.01,-24.84],[-176.14,-25.01],[-176.11,-25.15],[-176.14,-25.32],[-176.09,-25.51],[-176.35,-25.85],[-176.47,-25.87],[-176.5,-25.92],[-176.64,-26.01],[-176.62,-26.06],[-176.48,-26.1],[-176.45,-26.26],[-176.51,-26.29],[-176.73,-26.24],[-176.78,-26.28],[-176.76,-26.32],[-176.66,-26.38],[-176.58,-26.6],[-176.59,-26.71],[-176.78,-26.78],[-176.8,-26.99],[-176.82,-27.04],[-177.11,-27.12],[-177.04,-27.25],[-176.83,-27.21],[-176.74,-27.23],[-176.71,-27.29],[-176.73,-27.39],[-176.78,-27.46],[-176.88,-27.48],[-177.01,-27.39],[-177.07,-27.38],[-177.21,-27.57],[-177.26,-27.94],[-177.43,-28.25],[-177.38,-28.42],[-177.43,-28.56],[-177.41,-28.85],[-177.67,-29.26],[-177.67,-29.4],[-177.79,-29.52],[-177.82,-29.71],[-178.0,-29.94],[-178.02,-30.23],[-178.13,-30.41],[-178.27,-30.89],[-178.37,-31.08],[-178.37,-31.2],[-178.63,-31.61],[-178.7,-32.09],[-178.8,-32.23],[-178.8,-32.4],[-178.9,-32.52],[-178.92,-32.69],[-179.04,-32.81],[-179.11,-32.83],[-179.21,-33.1],[-179.4,-33.22],[-179.39,-33.47],[-179.43,-33.56],[-179.84,-33.84],[-179.93,-34.01],[-180.0,-34.06],[-180.0,-36.05],[-169.57,-28.1],[-136.17,-37.75],[-74.66,-40.13],[-74.64,-39.67],[-74.54,-39.5],[-74.57,-39.18],[-74.53,-39.14],[-74.3,-39.13],[-74.26,-39.09],[-74.32,-38.91],[-74.52,-38.89],[-74.57,-38.86],[-74.59,-38.81],[-74.5,-38.61],[-74.18,-38.47],[-74.4,-38.21],[-74.33,-37.75],[-74.39,-37.54],[-74.37,-37.51],[-74.21,-37.49],[-74.09,-37.37],[-74.16,-37.3],[-74.2,-37.18],[-74.06,-36.98],[-74.08,-36.84],[-73.97,-36.72],[-74.04,-36.55],[-73.9,-36.41],[-73.85,-36.24],[-73.8,-36.22],[-73.77,-35.95],[-73.55,-35.74],[-73.56,-35.54],[-73.53,-35.47],[-73.43,-35.4],[-73.23,-35.39],[-73.18,-35.35],[-73.18,-35.16],[-73.1,-35.09],[-73.09,-34.96],[-72.97,-34.89],[-72.88,-34.77],[-72.84,-34.54],[-72.86,-34.34],[-72.68,-34.29],[-72.6,-34.21],[-72.6,-33.98],[-72.53,-33.84],[-72.55,-33.67],[-72.46,-33.58],[-72.37,-33.42],[-72.22,-33.33],[-72.19,-33.25],[-72.22,-33.0],[-71.93,-32.83],[-71.83,-32.53],[-71.89,-32.43],[-72.08,-32.35],[-72.1,-32.27],[-71.94,-32.1],[-71.91,-32.03],[-71.88,-31.54],[-71.98,-31.32],[-72.01,-31.13],[-72.0,-30.94],[-71.9,-30.79],[-71.9,-30.5],[-71.82,-30.29],[-71.8,-29.93],[-71.74,-29.78],[-71.75,-29.39],[-71.83,-29.16],[-71.71,-28.94],[-71.66,-28.73],[-71.57,-28.56],[-71.57,-28.44],[-71.5,-28.25],[-71.4,-28.1],[-71.38,-27.82],[-71.27,-27.67],[-71.3,-27.37],[-71.17,-27.2],[-71.11,-26.71],[-71.12,-26.43],[-71.05,-26.16],[-71.04,-25.9],[-70.87,-25.25],[-70.95,-24.84],[-70.92,-24.77],[-70.81,-24.76],[-70.78,-24.67],[-70.79,-24.62],[-70.93,-24.57],[-70.95,-24.5],[-70.78,-24.29],[-70.7,-24.05],[-70.78,-23.9],[-70.75,-23.74],[-70.8,-23.26],[-70.75,-23.11],[-70.78,-22.94],[-70.7,-22.73],[-70.73,-22.44],[-70.56,-21.96],[-70.68,-21.72],[-70.58,-21.43],[-70.63,-21.17],[-70.73,-20.93],[-70.73,-20.78],[-70.78,-20.64],[-70.8,-20.35],[-70.75,-20.23],[-70.87,-19.97],[-70.82,-19.75],[-70.9,-19.51],[-71.14,-19.3],[-71.18,-19.2],[-71.16,-19.14],[-71.04,-19.03],[-71.04,-18.91],[-71.1,-18.88],[-71.28,-18.89],[-71.34,-18.83],[-71.45,-18.55],[-71.5,-18.53],[-71.52,-18.46],[-71.83,-18.38],[-71.95,-18.12],[-71.95,-18.0],[-72.02,-17.93],[-72.06,-17.82],[-72.26,-17.81],[-72.41,-17.66],[-72.55,-17.64],[-72.7,-17.5],[-72.72,-17.4],[-72.89,-17.28],[-73.03,-17.12],[-73.03,-16.99],[-73.48,-16.72],[-73.63,-16.68],[-73.73,-16.56],[-73.85,-16.56],[-73.99,-16.46],[-74.18,-16.39],[-74.28,-16.27],[-74.39,-16.21],[-74.62,-16.1],[-74.74,-16.1],[-74.78,-15.96],[-74.93,-15.96],[-75.05,-15.86],[-75.24,-15.84],[-75.41,-15.65],[-75.77,-15.41],[-75.82,-15.26],[-76.15,-14.96],[-76.27,-14.9],[-76.38,-14.75],[-76.59,-14.71],[-76.58,-14.54],[-76.63,-14.5],[-76.64,-14.37],[-76.73,-14.28],[-76.78,-14.14],[-76.9,-14.04],[-77.14,-13.63],[-77.47,-13.34],[-77.65,-12.96],[-78.04,-12.43],[-78.1,-12.29],[-78.1,-12.12],[-78.26,-11.93],[-78.49,-11.82],[-78.67,-11.49],[-78.67,-11.42],[-78.6,-11.3],[-78.75,-11.12],[-78.79,-10.89],[-79.09,-10.67],[-79.27,-10.42],[-79.43,-10.37],[-79.47,-10.3],[-79.45,-10.14],[-79.95,-9.77],[-79.97,-9.5],[-80.13,-9.32],[-80.21,-9.1],[-80.33,-8.95],[-80.35,-8.83],[-80.54,-8.62],[-80.66,-8.33],[-80.78,-8.19],[-80.81,-7.73],[-81.0,-7.46],[-141.05,12.7],[-159.64,36.3],[-180.0,44.45],[-180.0,-10.73],[-179.96,-10.71],[-179.89,-10.73],[-179.86,-10.68],[-179.78,-10.69],[-179.71,-10.75],[-179.68,-10.87],[-179.73,-10.92],[-179.83,-10.8],[-179.95,-10.88],[-180.0,-10.87],[-180.0,-11.37],[-179.9,-11.43],[-179.86,-11.52],[-179.71,-11.53],[-179.65,-11.17],[-179.54,-11.16],[-179.42,-11.06],[-179.3,-11.11],[-179.11,-11.04],[-179.07,-11.07],[-179.04,-11.18],[-178.89,-11.16],[-178.82,-11.18],[-178.72,-11.38],[-178.58,-11.52],[-178.21,-11.56],[-178.1,-11.62],[-177.94,-11.52]],[[-175.91,35.17],[-175.9,34.87],[-176.04,34.68],[-176.22,34.64],[-176.37,34.7],[-176.36,34.82],[-176.12,34.88],[-176.01,35.12],[-175.91,35.17]],[[-176.36,35.07],[-176.35,34.93],[-176.42,34.88],[-176.47,34.9],[-176.51,34.96],[-176.48,35.03],[-176.4,35.08],[-176.36,35.07]],[[-176.37,34.27],[-176.3,34.2],[-176.3,34.13],[-176.37,34.08],[-176.45,34.1],[-176.51,34.16],[-176.51,34.2],[-176.44,34.27],[-176.37,34.27]],[[-178.01,34.01],[-177.96,33.98],[-177.94,33.91],[-177.95,33.82],[-178.02,33.79],[-178.14,33.84],[-178.18,33.91],[-178.13,33.98],[-178.01,34.01]],[[-175.86,33.73],[-175.79,33.66],[-175.8,33.55],[-175.9,33.26],[-175.96,33.26],[-176.08,33.37],[-176.1,33.53],[-175.99,33.71],[-175.86,33.73]],[[-175.27,33.12],[-175.22,33.07],[-175.13,32.86],[-174.96,32.66],[-174.96,32.49],[-175.01,32.4],[-175.18,32.42],[-175.24,32.49],[-175.26,32.76],[-175.36,33.04],[-175.34,33.1],[-175.27,33.12]],[[-174.17,31.93],[-174.13,31.88],[-174.13,31.76],[-174.43,31.67],[-174.47,31.7],[-174.49,31.79],[-174.43,31.9],[-174.17,31.93]],[[-173.73,31.12],[-173.8,31.16],[-173.83,31.22],[-173.75,31.31],[-173.68,31.28],[-173.63,31.18],[-173.66,31.13],[-173.73,31.12]],[[-179.61,31.09],[-179.69,31.08],[-179.76,31.14],[-179.76,31.22],[-179.69,31.28],[-179.64,31.28],[-179.58,31.21],[-179.58,31.13],[-179.61,31.09]],[[-174.44,30.77],[-174.45,30.67],[-174.5,30.62],[-174.56,30.61],[-174.64,30.66],[-174.65,30.76],[-174.59,30.86],[-174.49,30.86],[-174.44,30.77]],[[-173.0,30.79],[-172.92,30.73],[-172.89,30.63],[-172.89,30.58],[-172.96,30.54],[-173.08,30.6],[-173.12,30.68],[-173.09,30.77],[-173.0,30.79]],[[-173.94,30.02],[-173.86,29.79],[-173.91,29.71],[-173.98,29.7],[-174.09,29.78],[-174.11,29.89],[-174.05,29.98],[-173.94,30.02]],[[-174.19,29.06],[-174.19,29.17],[-174.07,29.35],[-173.78,29.26],[-173.81,29.13],[-173.88,29.11],[-173.97,28.98],[-174.05,28.99],[-174.07,29.04],[-174.19,29.06]],[[-178.66,28.8],[-178.7,28.75],[-178.86,28.76],[-179.01,28.81],[-179.01,28.87],[-178.92,28.99],[-178.82,28.99],[-178.77,28.96],[-178.67,29.04],[-178.6,29.05],[-178.49,28.97],[-178.48,28.87],[-178.51,28.83],[-178.66,28.8]],[[-171.1,28.61],[-171.17,28.66],[-171.18,28.72],[-171.14,28.78],[-171.05,28.81],[-170.99,28.74],[-170.98,28.65],[-171.01,28.62],[-171.1,28.61]],[[-176.81,28.49],[-176.8,28.65],[-176.75,28.72],[-176.68,28.74],[-176.54,28.66],[-176.49,28.48],[-176.52,28.42],[-176.59,28.4],[-176.75,28.42],[-176.81,28.49]],[[-177.51,28.06],[-177.56,28.18],[-177.58,28.37],[-177.53,28.48],[-177.31,28.43],[-177.1,28.24],[-177.09,28.18],[-177.12,28.13],[-177.51,28.06]],[[-175.46,27.82],[-175.46,27.7],[-175.53,27.6],[-175.75,27.7],[-176.07,27.69],[-176.14,27.78],[-176.1,27.96],[-176.0,28.05],[-175.88,28.11],[-175.66,28.14],[-175.62,28.1],[-175.58,27.86],[-175.46,27.82]],[[-171.08,27.83],[-171.16,27.89],[-171.16,28.01],[-171.12,28.08],[-171.01,28.09],[-170.9,28.02],[-170.88,27.94],[-170.96,27.84],[-171.08,27.83]],[[-177.8,28.04],[-177.76,27.92],[-177.81,27.85],[-177.97,27.83],[-178.07,27.87],[-178.11,27.92],[-178.11,28.01],[-178.04,28.09],[-177.86,28.11],[-177.8,28.04]],[[-178.12,28.41],[-178.13,28.31],[-178.17,28.26],[-178.43,28.24],[-178.53,28.34],[-178.54,28.51],[-178.47,28.58],[-178.25,28.64],[-178.17,28.57],[-178.12,28.41]],[[-179.09,28.95],[-179.06,28.82],[-179.13,28.76],[-179.18,28.78],[-179.22,28.83],[-179.21,28.88],[-179.13,28.96],[-179.09,28.95]],[[-179.46,28.93],[-179.49,28.83],[-179.57,28.79],[-179.64,28.83],[-179.68,28.98],[-179.62,29.06],[-179.55,29.08],[-179.47,29.04],[-179.46,28.93]],[[-176.19,27.1],[-176.23,27.19],[-176.18,27.24],[-176.1,27.26],[-176.06,27.21],[-176.07,27.14],[-176.14,27.1],[-176.19,27.1]],[[-175.68,27.1],[-175.56,27.14],[-175.48,27.07],[-175.49,26.94],[-175.58,26.85],[-175.63,26.85],[-175.68,26.91],[-175.68,27.1]],[[-168.23,26.85],[-168.24,26.93],[-168.2,26.99],[-168.12,27.01],[-168.05,26.98],[-168.03,26.91],[-168.09,26.83],[-168.19,26.81],[-168.23,26.85]],[[-166.93,26.91],[-166.9,26.84],[-166.93,26.73],[-167.02,26.71],[-167.1,26.74],[-167.12,26.8],[-167.11,26.84],[-167.04,26.89],[-166.93,26.91]],[[-176.34,26.8],[-176.45,26.8],[-176.57,26.88],[-176.62,27.02],[-176.57,27.12],[-176.46,27.14],[-176.29,27.04],[-176.25,26.93],[-176.26,26.88],[-176.34,26.8]],[[-177.2,26.94],[-177.3,26.97],[-177.34,27.03],[-177.22,27.13],[-177.17,27.1],[-177.16,27.05],[-177.17,26.96],[-177.2,26.94]],[[-176.85,26.95],[-176.9,27.01],[-176.88,27.07],[-176.83,27.11],[-176.77,27.1],[-176.72,27.02],[-176.73,26.99],[-176.85,26.95]],[[-177.77,26.42],[-177.88,26.38],[-177.93,26.43],[-177.92,26.47],[-177.88,26.52],[-177.81,26.53],[-177.78,26.5],[-177.77,26.42]],[[-174.37,26.31],[-174.41,26.21],[-174.52,26.17],[-174.62,26.21],[-174.67,26.34],[-174.62,26.43],[-174.49,26.46],[-174.41,26.43],[-174.37,26.31]],[[-173.4,25.68],[-173.44,25.64],[-173.52,25.65],[-173.6,25.87],[-173.86,25.79],[-174.14,25.87],[-174.19,25.93],[-174.25,26.08],[-174.22,26.27],[-174.05,26.35],[-173.98,26.35],[-173.59,26.21],[-173.36,26.27],[-173.26,26.26],[-173.14,26.14],[-173.15,26.05],[-173.21,25.94],[-173.38,25.82],[-173.4,25.68]],[[-168.61,26.03],[-168.51,26.03],[-168.49,25.97],[-168.5,25.93],[-168.59,25.9],[-168.66,25.92],[-168.61,26.03]],[[-170.04,25.25],[-170.14,25.0],[-170.21,25.01],[-170.26,25.06],[-170.42,25.03],[-170.68,25.21],[-170.93,25.3],[-171.07,25.27],[-171.34,25.49],[-171.33,25.65],[-171.5,25.66],[-171.7,25.6],[-171.85,25.63],[-172.04,25.84],[-172.06,25.97],[-171.82,26.02],[-171.49,26.01],[-171.43,25.96],[-171.37,25.77],[-171.3,25.73],[-171.29,25.78],[-171.15,25.82],[-171.07,25.92],[-170.86,25.96],[-170.76,25.85],[-170.62,25.85],[-170.4,25.73],[-170.08,25.4],[-170.04,25.25]],[[-169.29,25.87],[-169.22,25.84],[-169.2,25.76],[-169.23,25.58],[-169.3,25.44],[-169.56,25.28],[-169.68,25.31],[-169.78,25.45],[-169.77,25.56],[-169.63,25.66],[-169.54,25.85],[-169.34,25.85],[-169.29,25.87]],[[-167.9,24.13],[-167.95,24.19],[-168.19,24.31],[-168.38,24.53],[-168.44,24.9],[-168.66,25.26],[-168.72,25.29],[-168.89,25.3],[-168.96,25.41],[-168.98,25.54],[-168.94,25.67],[-168.75,25.8],[-168.64,25.83],[-168.56,25.81],[-168.44,25.63],[-168.28,25.59],[-168.12,25.62],[-167.83,25.84],[-167.72,25.86],[-167.65,25.81],[-167.6,25.63],[-167.57,25.36],[-167.74,24.86],[-167.66,24.6],[-167.65,24.33],[-167.69,24.17],[-167.9,24.13]],[[-165.93,23.59],[-166.09,23.51],[-166.32,23.53],[-166.44,23.71],[-166.61,23.76],[-166.73,23.83],[-166.75,23.88],[-167.47,24.31],[-167.45,24.53],[-167.47,24.65],[-167.4,24.89],[-167.3,25.03],[-167.31,25.48],[-167.27,25.59],[-167.22,25.61],[-167.16,25.56],[-167.06,25.15],[-167.08,24.95],[-167.04,24.82],[-166.85,24.65],[-166.78,24.48],[-166.43,24.13],[-166.25,24.07],[-165.95,24.05],[-165.87,24.09],[-165.83,24.18],[-165.69,24.19],[-165.53,24.09],[-165.28,24.07],[-165.21,24.02],[-165.19,23.95],[-165.24,23.9],[-165.24,23.86],[-165.36,23.81],[-165.46,23.81],[-165.6,23.66],[-165.79,23.73],[-165.93,23.59]],[[-166.05,24.17],[-166.15,24.33],[-166.12,24.44],[-166.05,24.47],[-165.95,24.42],[-165.89,24.25],[-165.94,24.17],[-166.05,24.17]],[[-164.07,23.18],[-164.09,23.11],[-164.13,23.11],[-164.5,23.22],[-164.7,23.24],[-164.74,23.28],[-164.75,23.39],[-165.05,23.54],[-164.98,23.77],[-164.75,23.78],[-164.56,24.01],[-164.38,24.05],[-164.3,23.83],[-164.15,23.64],[-164.07,23.18]],[[-162.13,22.83],[-162.22,22.81],[-162.26,22.82],[-162.29,22.87],[-162.41,22.9],[-162.49,23.08],[-162.57,23.14],[-162.7,23.11],[-162.97,23.14],[-163.12,23.05],[-163.19,23.04],[-163.36,23.2],[-163.36,23.29],[-163.28,23.37],[-162.97,23.42],[-162.77,23.38],[-162.61,23.47],[-162.34,23.23],[-162.19,23.21],[-162.04,23.23],[-161.86,23.38],[-161.73,23.36],[-161.63,23.29],[-161.59,23.23],[-161.58,23.12],[-161.65,22.97],[-161.78,22.9],[-161.95,22.94],[-162.13,22.83]],[[-160.9,22.9],[-160.79,22.79],[-160.78,22.72],[-160.82,22.66],[-161.01,22.56],[-161.09,22.57],[-161.17,22.63],[-161.22,22.72],[-161.18,22.82],[-161.06,22.89],[-160.9,22.9]],[[-163.7,23.22],[-163.75,23.3],[-163.69,23.4],[-163.62,23.47],[-163.5,23.43],[-163.45,23.34],[-163.47,23.25],[-163.58,23.21],[-163.7,23.22]],[[-173.04,24.12],[-172.9,24.02],[-172.88,23.97],[-172.9,23.93],[-173.06,23.93],[-173.22,24.03],[-173.22,24.07],[-173.16,24.13],[-173.04,24.12]],[[-173.66,24.87],[-173.59,24.8],[-173.59,24.72],[-173.63,24.67],[-173.76,24.65],[-173.87,24.72],[-173.89,24.77],[-173.86,24.82],[-173.74,24.88],[-173.66,24.87]],[[-172.3,25.22],[-172.44,25.15],[-172.54,25.18],[-172.54,25.46],[-172.69,25.66],[-172.68,25.75],[-172.63,25.77],[-172.39,25.73],[-172.12,25.75],[-172.06,25.73],[-172.06,25.61],[-172.32,25.39],[-172.3,25.22]],[[-172.89,25.75],[-172.85,25.73],[-172.84,25.63],[-172.96,25.62],[-173.0,25.68],[-172.95,25.74],[-172.89,25.75]],[[-172.07,25.24],[-172.19,25.28],[-172.22,25.41],[-172.12,25.52],[-171.96,25.54],[-171.87,25.46],[-171.88,25.35],[-171.96,25.25],[-172.07,25.24]],[[-159.99,22.3],[-159.77,22.32],[-159.54,22.43],[-159.38,22.37],[-159.24,22.41],[-159.2,22.37],[-159.16,22.24],[-159.16,22.02],[-159.27,21.85],[-159.45,21.75],[-159.55,21.75],[-159.77,21.86],[-160.16,21.65],[-160.34,21.67],[-160.5,21.59],[-160.69,21.64],[-160.71,21.73],[-160.68,21.82],[-160.63,21.84],[-160.44,21.82],[-160.43,21.98],[-160.26,22.22],[-160.19,22.25],[-160.05,22.23],[-159.99,22.3]],[[-156.18,19.79],[-156.26,19.87],[-156.34,20.05],[-156.47,20.13],[-156.49,20.19],[-156.47,20.24],[-156.19,20.33],[-156.15,20.41],[-156.29,20.35],[-156.46,20.38],[-156.91,20.3],[-157.27,20.4],[-157.21,20.63],[-157.22,20.74],[-157.26,20.82],[-157.37,20.78],[-157.49,20.83],[-157.69,20.72],[-157.87,20.71],[-158.04,20.98],[-158.23,21.17],[-158.26,21.26],[-158.33,21.31],[-158.35,21.46],[-158.5,21.55],[-158.71,21.62],[-158.89,21.81],[-158.9,21.93],[-158.63,22.08],[-158.41,21.87],[-158.33,21.84],[-158.04,21.92],[-157.79,21.87],[-157.73,21.82],[-157.7,21.74],[-157.51,21.59],[-157.3,21.57],[-156.98,21.38],[-156.55,21.4],[-156.32,21.38],[-156.12,21.29],[-156.03,21.12],[-155.89,20.97],[-155.64,20.93],[-155.33,20.7],[-155.25,20.68],[-155.29,20.59],[-155.5,20.62],[-155.71,20.54],[-155.81,20.54],[-155.8,20.52],[-155.5,20.47],[-155.3,20.4],[-155.32,20.29],[-155.27,20.21],[-154.76,19.96],[-154.76,19.87],[-154.87,19.75],[-154.85,19.69],[-154.55,19.69],[-154.53,19.64],[-154.85,19.3],[-155.04,19.2],[-155.21,18.94],[-155.25,18.93],[-155.35,18.98],[-155.47,18.95],[-155.66,18.77],[-155.9,18.9],[-155.98,18.99],[-155.98,19.29],[-156.18,19.79]],[[-157.01,18.86],[-156.98,18.79],[-157.03,18.64],[-156.99,18.59],[-157.06,18.58],[-157.15,18.69],[-157.15,18.75],[-157.1,18.84],[-157.01,18.86]],[[-169.97,18.59],[-169.99,18.5],[-170.06,18.47],[-170.13,18.51],[-170.16,18.63],[-170.06,18.72],[-170.0,18.68],[-169.97,18.59]],[[-175.95,17.73],[-176.06,17.73],[-176.11,17.84],[-176.08,17.89],[-175.85,18.12],[-175.67,18.1],[-175.63,17.96],[-175.54,18.0],[-175.44,17.98],[-175.49,18.19],[-175.44,18.27],[-175.35,18.31],[-175.13,18.31],[-174.98,18.26],[-174.86,18.34],[-174.7,18.34],[-174.48,18.45],[-174.27,18.4],[-174.13,18.46],[-174.02,18.62],[-173.93,18.65],[-174.05,18.72],[-174.06,18.84],[-174.14,18.94],[-174.13,19.03],[-174.05,19.14],[-173.97,19.14],[-173.88,19.03],[-173.67,19.12],[-173.56,19.11],[-173.52,19.08],[-173.54,18.97],[-173.59,18.91],[-173.81,18.88],[-173.86,18.84],[-173.86,18.74],[-173.89,18.69],[-173.8,18.67],[-173.73,18.6],[-173.78,18.43],[-173.89,18.31],[-174.05,18.24],[-174.29,18.2],[-174.5,18.07],[-174.64,18.14],[-175.14,17.91],[-175.39,17.98],[-175.45,17.83],[-175.49,17.8],[-175.63,17.81],[-175.66,17.9],[-175.95,17.73]],[[-169.03,18.13],[-168.96,18.19],[-168.89,18.13],[-168.83,17.93],[-168.86,17.83],[-168.92,17.81],[-169.0,17.87],[-169.04,18.0],[-169.03,18.13]],[[-173.66,17.98],[-173.62,17.9],[-173.64,17.81],[-173.78,17.73],[-173.87,17.75],[-173.92,17.84],[-173.9,17.9],[-173.71,17.98],[-173.66,17.98]],[[-174.78,17.72],[-174.84,17.66],[-174.9,17.68],[-174.97,17.76],[-174.97,17.83],[-174.82,17.87],[-174.77,17.81],[-174.78,17.72]],[[-174.39,17.92],[-174.31,17.88],[-174.3,17.81],[-174.37,17.75],[-174.48,17.76],[-174.5,17.86],[-174.56,17.88],[-174.55,17.93],[-174.39,17.92]],[[-168.73,17.72],[-168.71,17.6],[-168.77,17.55],[-168.82,17.57],[-168.82,17.68],[-168.73,17.72]],[[-176.32,18.13],[-176.25,18.03],[-176.26,17.9],[-176.42,17.86],[-176.55,17.73],[-176.62,17.74],[-176.65,17.82],[-176.61,17.94],[-176.45,18.09],[-176.32,18.13]],[[-178.62,18.07],[-178.67,18.04],[-178.81,18.05],[-178.92,18.14],[-178.94,18.19],[-178.87,18.27],[-178.63,18.19],[-178.62,18.07]],[[-178.37,18.24],[-178.47,18.29],[-178.48,18.34],[-178.44,18.38],[-178.29,18.42],[-178.19,18.37],[-178.19,18.28],[-178.23,18.24],[-178.37,18.24]],[[-179.42,18.34],[-179.59,18.35],[-179.69,18.41],[-179.72,18.65],[-179.69,18.72],[-179.54,18.76],[-179.4,18.62],[-179.11,18.63],[-178.91,18.53],[-178.94,18.44],[-179.23,18.43],[-179.42,18.34]],[[-178.74,18.66],[-178.8,18.72],[-178.79,18.77],[-178.69,18.82],[-178.62,18.81],[-178.59,18.7],[-178.66,18.65],[-178.74,18.66]],[[-174.54,18.73],[-174.48,18.72],[-174.46,18.65],[-174.54,18.55],[-174.62,18.55],[-174.65,18.59],[-174.65,18.66],[-174.54,18.73]],[[-174.96,18.71],[-174.84,18.61],[-174.87,18.51],[-174.91,18.47],[-175.03,18.49],[-175.11,18.58],[-175.06,18.7],[-174.96,18.71]],[[-175.41,18.56],[-175.37,18.48],[-175.42,18.37],[-175.47,18.35],[-175.56,18.37],[-175.59,18.43],[-175.56,18.51],[-175.46,18.57],[-175.41,18.56]],[[-176.72,18.4],[-176.68,18.33],[-176.71,18.29],[-176.84,18.31],[-176.81,18.38],[-176.72,18.4]],[[-175.87,18.29],[-175.8,18.32],[-175.7,18.32],[-175.66,18.29],[-175.64,18.22],[-175.73,18.14],[-175.81,18.13],[-175.88,18.18],[-175.87,18.29]],[[-176.3,18.55],[-176.3,18.43],[-176.5,18.41],[-176.56,18.46],[-176.53,18.52],[-176.35,18.58],[-176.3,18.55]],[[-179.75,19.14],[-179.83,19.17],[-179.84,19.27],[-179.78,19.37],[-179.69,19.38],[-179.64,19.32],[-179.63,19.23],[-179.66,19.15],[-179.75,19.14]],[[-175.6,19.33],[-175.65,19.38],[-175.63,19.44],[-175.56,19.49],[-175.51,19.49],[-175.49,19.35],[-175.6,19.33]],[[-171.03,19.51],[-170.95,19.56],[-170.88,19.56],[-170.73,19.74],[-170.62,19.78],[-170.57,19.75],[-170.58,19.6],[-170.78,19.46],[-170.85,19.32],[-170.9,19.28],[-170.98,19.27],[-171.06,19.35],[-171.07,19.43],[-171.03,19.51]],[[-169.27,19.1],[-169.36,19.14],[-169.39,19.19],[-169.34,19.33],[-168.85,19.61],[-168.48,19.73],[-168.22,19.77],[-168.15,19.75],[-168.14,19.71],[-168.21,19.62],[-168.41,19.54],[-168.84,19.2],[-169.18,19.09],[-169.27,19.1]],[[-169.88,18.97],[-169.93,19.0],[-169.94,19.11],[-169.81,19.22],[-169.65,19.24],[-169.61,19.16],[-169.67,19.04],[-169.77,18.98],[-169.88,18.97]],[[-172.82,18.93],[-172.81,18.87],[-172.85,18.82],[-172.94,18.84],[-172.94,18.94],[-172.87,18.97],[-172.82,18.93]],[[-170.93,18.77],[-170.97,18.82],[-170.95,18.89],[-170.8,18.95],[-170.78,18.92],[-170.8,18.83],[-170.87,18.76],[-170.93,18.77]],[[-158.35,18.77],[-158.34,18.8],[-158.23,18.83],[-158.15,18.77],[-158.14,18.7],[-158.19,18.65],[-158.29,18.64],[-158.34,18.69],[-158.35,18.77]],[[-173.26,18.7],[-173.39,18.59],[-173.47,18.63],[-173.44,18.77],[-173.27,18.79],[-173.26,18.7]],[[-171.34,19.5],[-171.29,19.46],[-171.28,19.37],[-171.4,19.35],[-171.45,19.41],[-171.43,19.46],[-171.34,19.5]],[[-171.42,19.89],[-171.53,19.84],[-171.58,19.84],[-171.63,19.9],[-171.56,20.05],[-171.48,20.11],[-171.39,20.13],[-171.35,20.11],[-171.33,20.04],[-171.42,19.89]],[[-172.97,20.12],[-173.03,20.15],[-173.04,20.29],[-173.01,20.33],[-172.92,20.34],[-172.88,20.32],[-172.88,20.23],[-172.97,20.12]],[[-170.71,20.14],[-170.7,20.24],[-170.63,20.27],[-170.52,20.25],[-170.48,20.18],[-170.5,20.06],[-170.66,19.93],[-170.78,19.95],[-170.81,20.01],[-170.78,20.09],[-170.71,20.14]],[[-176.06,20.52],[-176.35,20.47],[-176.42,20.5],[-176.44,20.55],[-176.32,20.63],[-176.16,20.63],[-176.07,20.6],[-176.06,20.52]],[[-170.76,20.57],[-170.81,20.66],[-170.75,20.78],[-170.59,20.87],[-170.54,20.86],[-170.53,20.77],[-170.58,20.66],[-170.67,20.58],[-170.76,20.57]],[[-179.52,21.25],[-179.47,21.19],[-179.51,21.12],[-179.59,21.09],[-179.66,21.13],[-179.68,21.25],[-179.52,21.25]],[[-167.87,21.51],[-167.94,21.49],[-167.99,21.54],[-167.97,21.62],[-167.91,21.7],[-167.66,21.82],[-167.35,22.08],[-167.21,22.1],[-167.07,22.24],[-166.88,22.29],[-166.87,22.24],[-166.92,22.18],[-167.14,22.06],[-167.31,21.87],[-167.59,21.72],[-167.62,21.67],[-167.66,21.67],[-167.87,21.51]],[[-168.65,17.14],[-168.75,17.4],[-168.68,17.45],[-168.61,17.44],[-168.53,17.28],[-168.36,17.28],[-168.28,17.1],[-168.34,16.98],[-168.46,16.95],[-168.56,16.99],[-168.65,17.14]],[[-169.26,16.7],[-169.3,16.64],[-169.41,16.61],[-169.66,16.63],[-169.74,16.82],[-169.76,16.95],[-169.73,17.04],[-169.65,17.06],[-169.58,16.9],[-169.34,16.89],[-169.28,16.85],[-169.26,16.7]],[[-168.22,16.9],[-168.17,16.92],[-168.11,16.91],[-168.09,16.8],[-168.21,16.79],[-168.25,16.85],[-168.22,16.9]],[[-168.28,16.54],[-168.34,16.61],[-168.33,16.71],[-168.2,16.74],[-168.16,16.69],[-168.19,16.57],[-168.28,16.54]],[[-175.38,16.53],[-175.38,16.46],[-175.44,16.42],[-175.53,16.47],[-175.53,16.53],[-175.49,16.58],[-175.41,16.59],[-175.38,16.53]],[[-177.11,17.07],[-177.15,17.0],[-177.27,17.02],[-177.38,17.07],[-177.42,17.16],[-177.36,17.22],[-177.29,17.21],[-177.18,17.24],[-177.11,17.07]],[[-177.04,15.81],[-177.12,15.77],[-177.18,15.79],[-177.22,15.87],[-177.2,15.93],[-177.11,15.98],[-177.07,15.98],[-177.02,15.91],[-177.04,15.81]],[[-170.42,15.64],[-170.53,15.74],[-170.52,15.82],[-170.41,15.81],[-170.31,15.72],[-170.3,15.65],[-170.33,15.63],[-170.42,15.64]],[[-169.36,15.64],[-169.57,15.69],[-169.59,15.74],[-169.56,15.79],[-169.15,15.82],[-169.03,15.62],[-168.92,15.52],[-168.92,15.48],[-168.96,15.42],[-169.1,15.42],[-169.22,15.48],[-169.36,15.64]],[[-168.28,15.27],[-168.4,15.3],[-168.42,15.37],[-168.36,15.42],[-168.27,15.42],[-168.24,15.36],[-168.28,15.27]],[[-168.01,15.15],[-168.08,15.19],[-168.06,15.25],[-168.02,15.27],[-167.93,15.25],[-167.92,15.17],[-168.01,15.15]],[[-167.02,15.17],[-166.93,15.2],[-166.86,15.16],[-166.81,15.09],[-166.82,15.02],[-166.89,15.01],[-166.97,15.04],[-167.03,15.1],[-167.02,15.17]],[[-171.04,14.99],[-171.08,15.01],[-171.22,15.19],[-171.22,15.24],[-171.06,15.26],[-170.94,15.24],[-170.86,15.19],[-170.84,15.03],[-171.04,14.99]],[[-173.01,14.99],[-173.07,14.96],[-173.23,14.96],[-173.29,15.01],[-173.3,15.06],[-173.22,15.14],[-173.1,15.15],[-173.04,15.1],[-173.01,14.99]],[[-171.94,15.38],[-171.98,15.31],[-172.1,15.35],[-172.13,15.43],[-172.1,15.52],[-172.06,15.55],[-171.97,15.55],[-171.93,15.47],[-171.94,15.38]],[[-177.09,15.56],[-177.13,15.47],[-177.23,15.46],[-177.28,15.51],[-177.3,15.61],[-177.26,15.67],[-177.17,15.69],[-177.09,15.56]],[[-166.33,14.78],[-166.21,14.7],[-166.18,14.63],[-166.2,14.59],[-166.25,14.59],[-166.36,14.65],[-166.39,14.76],[-166.33,14.78]],[[-165.8,14.16],[-166.06,14.28],[-166.12,14.38],[-166.03,14.45],[-165.81,14.34],[-165.73,14.25],[-165.73,14.2],[-165.8,14.16]],[[-169.52,14.1],[-169.56,14.04],[-169.65,14.04],[-169.73,14.09],[-169.75,14.17],[-169.69,14.23],[-169.61,14.23],[-169.55,14.17],[-169.52,14.1]],[[-169.3,13.96],[-169.34,14.0],[-169.36,14.07],[-169.27,14.12],[-169.22,14.09],[-169.21,14.02],[-169.25,13.97],[-169.3,13.96]],[[-167.82,13.97],[-167.83,14.03],[-167.77,14.09],[-167.68,14.05],[-167.66,13.98],[-167.69,13.92],[-167.75,13.91],[-167.82,13.97]],[[-171.91,13.82],[-171.95,13.78],[-172.02,13.8],[-172.06,13.88],[-172.04,13.94],[-171.98,13.97],[-171.91,13.95],[-171.91,13.82]],[[-165.46,13.62],[-165.54,13.67],[-165.57,13.75],[-165.54,13.81],[-165.43,13.84],[-165.34,13.79],[-165.31,13.71],[-165.37,13.64],[-165.46,13.62]],[[-166.31,13.6],[-166.35,13.66],[-166.32,13.7],[-166.27,13.73],[-166.21,13.72],[-166.19,13.61],[-166.31,13.6]],[[-179.2,13.38],[-179.33,13.4],[-179.37,13.44],[-179.36,13.5],[-179.23,13.59],[-179.15,13.56],[-179.12,13.45],[-179.14,13.4],[-179.2,13.38]],[[-173.42,13.41],[-173.47,13.46],[-173.46,13.5],[-173.34,13.55],[-173.31,13.52],[-173.31,13.43],[-173.34,13.41],[-173.42,13.41]],[[-165.43,13.39],[-165.42,13.25],[-165.48,13.19],[-165.53,13.2],[-165.56,13.3],[-165.47,13.39],[-165.43,13.39]],[[-179.13,12.66],[-179.02,12.57],[-179.06,12.49],[-179.17,12.5],[-179.25,12.57],[-179.21,12.65],[-179.13,12.66]],[[-171.72,12.18],[-171.84,12.15],[-171.88,12.21],[-171.86,12.26],[-171.81,12.3],[-171.75,12.29],[-171.7,12.22],[-171.72,12.18]],[[-165.81,12.17],[-165.79,12.06],[-165.88,12.01],[-165.9,12.11],[-165.85,12.17],[-165.81,12.17]],[[-161.1,11.6],[-161.12,11.65],[-161.07,11.76],[-160.91,11.8],[-160.8,11.78],[-160.78,11.72],[-160.87,11.61],[-161.04,11.58],[-161.1,11.6]],[[-164.92,11.58],[-164.97,11.64],[-164.97,11.67],[-164.85,11.73],[-164.82,11.7],[-164.81,11.61],[-164.84,11.58],[-164.92,11.58]],[[-165.59,11.56],[-165.63,11.48],[-165.68,11.47],[-165.77,11.5],[-165.82,11.57],[-165.77,11.66],[-165.7,11.68],[-165.61,11.63],[-165.59,11.56]],[[-165.41,11.14],[-165.49,11.14],[-165.57,11.23],[-165.56,11.32],[-165.47,11.38],[-165.42,11.37],[-165.37,11.3],[-165.36,11.2],[-165.41,11.14]],[[-162.67,10.97],[-162.74,11.02],[-162.74,11.1],[-162.66,11.15],[-162.6,11.14],[-162.55,11.1],[-162.54,11.03],[-162.58,10.97],[-162.67,10.97]],[[-170.76,10.91],[-170.83,10.89],[-170.9,10.92],[-170.95,10.99],[-170.94,11.04],[-170.84,11.1],[-170.74,11.06],[-170.71,11.01],[-170.76,10.91]],[[-164.2,10.92],[-164.09,10.89],[-164.04,10.78],[-164.04,10.67],[-164.11,10.61],[-164.22,10.65],[-164.3,10.73],[-164.3,10.84],[-164.2,10.92]],[[-159.57,10.68],[-159.51,10.74],[-159.4,10.73],[-159.34,10.67],[-159.34,10.58],[-159.4,10.54],[-159.47,10.55],[-159.55,10.6],[-159.57,10.68]],[[-159.82,10.42],[-159.86,10.58],[-159.78,10.67],[-159.7,10.61],[-159.68,10.48],[-159.75,10.4],[-159.82,10.42]],[[-167.1,10.29],[-167.25,10.33],[-167.27,10.4],[-167.19,10.46],[-167.04,10.44],[-166.99,10.39],[-167.0,10.34],[-167.1,10.29]],[[-164.74,9.15],[-164.86,9.13],[-164.94,9.15],[-165.07,9.46],[-165.22,9.53],[-165.31,9.62],[-165.29,9.79],[-165.35,9.95],[-165.42,9.98],[-165.53,9.97],[-165.58,10.01],[-165.5,10.27],[-165.37,10.3],[-165.14,10.13],[-165.12,9.96],[-165.01,9.86],[-164.83,9.82],[-164.68,9.83],[-164.6,9.78],[-164.6,9.7],[-164.63,9.66],[-164.75,9.65],[-164.83,9.7],[-164.9,9.67],[-164.94,9.62],[-164.93,9.52],[-164.71,9.24],[-164.74,9.15]],[[-162.35,9.86],[-162.35,9.97],[-162.23,10.0],[-162.16,9.96],[-162.04,9.78],[-162.04,9.72],[-162.11,9.69],[-162.22,9.71],[-162.35,9.86]],[[-161.83,9.65],[-161.72,9.6],[-161.72,9.52],[-161.75,9.49],[-161.83,9.49],[-161.9,9.54],[-161.88,9.62],[-161.83,9.65]],[[-159.4,9.48],[-159.38,9.56],[-159.29,9.6],[-159.14,9.54],[-159.11,9.46],[-159.14,9.41],[-159.24,9.39],[-159.4,9.48]],[[-158.58,9.41],[-158.37,9.41],[-158.29,9.35],[-158.29,9.27],[-158.5,9.16],[-158.59,9.17],[-158.64,9.21],[-158.66,9.3],[-158.58,9.41]],[[-157.95,9.36],[-157.87,9.31],[-157.86,9.17],[-157.89,9.13],[-158.0,9.1],[-158.1,9.15],[-158.11,9.29],[-158.03,9.36],[-157.95,9.36]],[[-162.92,9.36],[-162.97,9.27],[-163.05,9.24],[-163.18,9.29],[-163.32,9.27],[-163.35,9.32],[-163.33,9.39],[-163.29,9.42],[-163.0,9.48],[-162.95,9.45],[-162.92,9.36]],[[-163.94,9.47],[-164.01,9.46],[-164.07,9.5],[-164.09,9.58],[-164.05,9.63],[-163.93,9.6],[-163.91,9.54],[-163.94,9.47]],[[-171.34,9.97],[-171.46,10.02],[-171.48,10.08],[-171.46,10.13],[-171.39,10.13],[-171.33,10.08],[-171.3,10.01],[-171.34,9.97]],[[-166.38,10.15],[-166.41,10.18],[-166.4,10.22],[-166.32,10.27],[-166.24,10.3],[-166.18,10.27],[-166.16,10.2],[-166.19,10.16],[-166.38,10.15]],[[-167.88,10.57],[-167.9,10.49],[-167.94,10.47],[-168.02,10.52],[-168.02,10.61],[-167.95,10.66],[-167.91,10.66],[-167.88,10.57]],[[-168.19,10.66],[-168.18,10.61],[-168.22,10.52],[-168.32,10.48],[-168.4,10.52],[-168.41,10.59],[-168.36,10.67],[-168.26,10.69],[-168.19,10.66]],[[-170.13,10.69],[-170.21,10.72],[-170.23,10.79],[-170.18,10.87],[-170.08,10.91],[-170.06,10.76],[-170.13,10.69]],[[-165.52,10.9],[-165.45,10.84],[-165.43,10.75],[-165.46,10.67],[-165.55,10.63],[-165.65,10.69],[-165.67,10.8],[-165.62,10.87],[-165.52,10.9]],[[-162.49,8.93],[-162.42,8.87],[-162.45,8.81],[-162.52,8.79],[-162.57,8.82],[-162.58,8.89],[-162.55,8.93],[-162.49,8.93]],[[-164.11,8.16],[-164.23,8.15],[-164.35,8.21],[-164.43,8.31],[-164.42,8.42],[-164.22,8.49],[-164.03,8.49],[-164.0,8.45],[-164.02,8.35],[-164.06,8.3],[-164.11,8.16]],[[-162.92,8.17],[-162.96,8.3],[-162.91,8.4],[-162.75,8.45],[-162.72,8.32],[-162.77,8.22],[-162.85,8.16],[-162.92,8.17]],[[-160.22,8.2],[-160.18,8.3],[-160.02,8.4],[-159.8,8.45],[-159.74,8.4],[-159.75,8.32],[-159.89,8.26],[-160.01,8.12],[-160.16,8.12],[-160.22,8.2]],[[-160.5,7.99],[-160.61,8.02],[-160.6,8.13],[-160.42,8.2],[-160.34,8.18],[-160.31,8.12],[-160.34,8.04],[-160.42,7.99],[-160.5,7.99]],[[-161.49,7.97],[-161.43,7.83],[-161.45,7.75],[-161.48,7.73],[-161.61,7.78],[-161.65,7.87],[-161.65,7.92],[-161.57,7.99],[-161.49,7.97]],[[-163.12,7.58],[-163.05,7.42],[-163.06,7.32],[-163.12,7.33],[-163.35,7.51],[-163.36,7.67],[-163.29,7.73],[-163.23,7.71],[-163.12,7.58]],[[-161.38,7.15],[-161.48,7.49],[-161.46,7.57],[-161.38,7.62],[-161.16,7.6],[-161.12,7.55],[-161.16,7.44],[-161.11,7.32],[-161.13,7.19],[-161.19,7.11],[-161.27,7.08],[-161.38,7.15]],[[-160.67,7.09],[-160.71,7.15],[-160.71,7.19],[-160.6,7.24],[-160.57,7.23],[-160.6,7.11],[-160.67,7.09]],[[-160.43,7.11],[-160.31,7.17],[-160.28,7.14],[-160.28,7.05],[-160.3,7.02],[-160.38,7.02],[-160.44,7.08],[-160.43,7.11]],[[-161.76,6.91],[-161.84,6.88],[-161.93,6.92],[-161.99,7.0],[-161.99,7.04],[-161.91,7.1],[-161.83,7.1],[-161.77,7.02],[-161.76,6.91]],[[-161.2,5.98],[-161.23,6.08],[-161.12,6.17],[-161.13,6.25],[-161.3,6.29],[-161.4,6.46],[-161.46,6.5],[-161.71,6.53],[-161.8,6.7],[-161.79,6.81],[-161.46,6.91],[-161.3,6.79],[-161.14,6.79],[-161.02,6.44],[-160.82,6.29],[-160.89,6.15],[-160.73,6.02],[-160.7,5.95],[-160.66,5.93],[-160.66,5.86],[-160.54,5.71],[-160.6,5.64],[-160.75,5.66],[-160.9,5.78],[-160.97,5.98],[-161.2,5.98]],[[-158.08,6.44],[-158.19,6.56],[-158.15,6.63],[-157.87,6.5],[-157.65,6.48],[-157.61,6.43],[-157.61,6.34],[-157.92,6.34],[-158.08,6.44]],[[-160.54,6.36],[-160.52,6.28],[-160.58,6.22],[-160.68,6.2],[-160.73,6.23],[-160.72,6.34],[-160.61,6.38],[-160.54,6.36]],[[-160.6,5.01],[-160.92,5.14],[-160.94,5.26],[-161.06,5.4],[-161.23,5.42],[-161.39,5.56],[-161.41,5.64],[-161.38,5.69],[-161.2,5.73],[-161.08,5.7],[-161.0,5.58],[-160.92,5.52],[-160.9,5.35],[-160.67,5.26],[-160.6,5.2],[-160.6,5.01]],[[-159.96,4.88],[-159.98,4.97],[-159.92,5.01],[-159.85,4.97],[-159.8,4.86],[-159.88,4.81],[-159.96,4.88]],[[-159.31,4.83],[-159.24,4.82],[-159.22,4.76],[-159.28,4.66],[-159.35,4.64],[-159.39,4.67],[-159.4,4.75],[-159.38,4.8],[-159.31,4.83]],[[-159.73,4.44],[-159.86,4.51],[-159.94,4.63],[-159.94,4.69],[-159.86,4.77],[-159.74,4.75],[-159.67,4.65],[-159.62,4.46],[-159.73,4.44]],[[-160.07,4.43],[-160.03,4.37],[-160.07,4.28],[-160.2,4.3],[-160.22,4.38],[-160.18,4.42],[-160.07,4.43]],[[-160.02,4.66],[-160.01,4.61],[-160.05,4.53],[-160.11,4.47],[-160.17,4.46],[-160.44,4.63],[-160.71,4.6],[-160.79,4.62],[-160.89,4.69],[-160.93,4.77],[-160.87,4.82],[-160.32,4.85],[-160.02,4.66]],[[-160.97,4.84],[-160.96,4.78],[-161.0,4.71],[-161.07,4.7],[-161.16,4.76],[-161.16,4.83],[-161.11,4.89],[-161.05,4.9],[-160.97,4.84]],[[-162.09,5.14],[-162.15,5.17],[-162.16,5.29],[-162.08,5.37],[-162.03,5.37],[-162.01,5.21],[-162.09,5.14]],[[-161.6,5.32],[-161.4,5.33],[-161.35,5.3],[-161.33,5.25],[-161.4,5.17],[-161.53,5.15],[-161.63,5.22],[-161.64,5.3],[-161.6,5.32]],[[-161.78,5.49],[-161.88,5.5],[-161.93,5.62],[-161.84,5.77],[-161.84,5.81],[-161.93,5.76],[-162.16,5.79],[-162.32,5.87],[-162.32,5.96],[-162.23,6.0],[-161.92,6.03],[-161.83,5.87],[-161.74,5.93],[-161.67,5.9],[-161.6,5.78],[-161.5,5.74],[-161.5,5.61],[-161.54,5.54],[-161.66,5.54],[-161.78,5.49]],[[-162.69,6.18],[-162.79,6.18],[-162.91,6.26],[-162.94,6.35],[-162.91,6.43],[-162.85,6.45],[-162.61,6.39],[-162.48,6.52],[-162.32,6.54],[-162.22,6.48],[-162.17,6.4],[-162.15,6.31],[-162.18,6.25],[-162.49,6.28],[-162.69,6.18]],[[-162.38,7.11],[-162.3,7.0],[-162.34,6.94],[-162.48,6.97],[-162.55,7.05],[-162.55,7.09],[-162.5,7.14],[-162.38,7.11]],[[-160.25,4.05],[-160.28,4.02],[-160.36,4.02],[-160.41,4.08],[-160.41,4.11],[-160.29,4.17],[-160.26,4.14],[-160.25,4.05]],[[-159.38,4.1],[-158.84,3.78],[-158.5,3.37],[-158.5,3.31],[-158.56,3.29],[-158.78,3.36],[-158.9,3.46],[-158.9,3.5],[-158.95,3.53],[-159.03,3.66],[-159.18,3.74],[-159.4,3.71],[-159.5,3.82],[-159.68,3.88],[-159.79,4.0],[-159.73,4.07],[-159.66,4.08],[-159.55,4.03],[-159.38,4.1]],[[-160.1,3.64],[-160.03,3.58],[-160.03,3.5],[-160.1,3.46],[-160.19,3.48],[-160.24,3.55],[-160.24,3.59],[-160.17,3.64],[-160.1,3.64]],[[-158.51,3.09],[-158.55,3.15],[-158.52,3.19],[-158.47,3.22],[-158.41,3.2],[-158.39,3.1],[-158.51,3.09]],[[-158.6,2.98],[-158.46,2.74],[-158.47,2.66],[-158.56,2.66],[-158.86,2.88],[-158.9,3.02],[-159.0,3.16],[-158.94,3.21],[-158.88,3.21],[-158.6,2.98]],[[-158.2,3.02],[-157.99,2.82],[-157.93,2.68],[-157.94,2.64],[-158.01,2.63],[-158.16,2.81],[-158.31,2.84],[-158.35,2.88],[-158.36,2.95],[-158.33,3.02],[-158.27,3.04],[-158.2,3.02]],[[-164.95,2.91],[-164.94,2.76],[-165.01,2.7],[-165.07,2.71],[-165.11,2.76],[-165.09,2.85],[-165.05,2.9],[-164.95,2.91]],[[-159.33,3.16],[-159.25,3.03],[-159.33,2.97],[-159.41,3.0],[-159.46,3.06],[-159.43,3.14],[-159.33,3.16]],[[-158.58,2.44],[-158.46,2.35],[-158.48,2.27],[-158.69,2.35],[-158.7,2.39],[-158.66,2.45],[-158.58,2.44]],[[-164.39,2.18],[-164.31,2.1],[-164.33,2.04],[-164.39,2.02],[-164.5,2.06],[-164.52,2.12],[-164.5,2.16],[-164.39,2.18]],[[-157.25,1.39],[-157.3,1.44],[-157.45,1.48],[-157.47,1.53],[-157.45,1.64],[-157.56,1.73],[-157.61,1.72],[-157.62,1.67],[-157.69,1.63],[-157.74,1.65],[-157.68,2.04],[-157.51,2.16],[-157.36,2.17],[-157.15,2.02],[-156.99,2.01],[-156.92,1.97],[-156.96,1.85],[-157.07,1.83],[-156.89,1.66],[-156.89,1.56],[-156.97,1.53],[-157.22,1.58],[-157.26,1.53],[-157.18,1.49],[-157.16,1.41],[-157.25,1.39]],[[-158.77,1.34],[-158.83,1.37],[-158.88,1.49],[-158.89,1.55],[-158.85,1.57],[-158.74,1.55],[-158.67,1.46],[-158.69,1.37],[-158.77,1.34]],[[-159.89,1.32],[-159.96,1.21],[-160.0,1.21],[-160.04,1.27],[-160.02,1.32],[-159.93,1.36],[-159.89,1.32]],[[-158.16,2.0],[-158.04,1.95],[-158.0,1.86],[-158.02,1.83],[-158.1,1.8],[-158.26,1.86],[-158.28,1.96],[-158.16,2.0]],[[-176.54,0.74],[-176.64,0.72],[-176.69,0.76],[-176.72,0.83],[-176.69,0.89],[-176.6,0.93],[-176.54,0.91],[-176.5,0.83],[-176.54,0.74]],[[-160.65,0.76],[-160.7,0.81],[-160.7,0.85],[-160.58,0.9],[-160.54,0.87],[-160.54,0.79],[-160.57,0.76],[-160.65,0.76]],[[-157.94,0.55],[-158.11,0.8],[-158.06,0.89],[-158.0,0.9],[-157.93,0.86],[-157.85,0.69],[-157.84,0.54],[-157.87,0.52],[-157.94,0.55]],[[-164.21,0.37],[-164.34,0.48],[-164.35,0.55],[-164.23,0.58],[-164.16,0.55],[-163.95,0.62],[-163.9,0.6],[-163.9,0.52],[-164.03,0.41],[-164.12,0.37],[-164.21,0.37]],[[-160.01,0.36],[-159.92,0.44],[-159.87,0.42],[-159.85,0.35],[-159.86,0.31],[-159.94,0.29],[-160.01,0.33],[-160.01,0.36]],[[-135.01,0.31],[-134.96,0.3],[-134.93,0.25],[-134.93,0.19],[-134.98,0.16],[-135.06,0.22],[-135.06,0.27],[-135.01,0.31]],[[-176.43,0.14],[-176.53,0.15],[-176.53,0.27],[-176.41,0.29],[-176.39,0.22],[-176.43,0.14]],[[-134.74,0.15],[-134.69,0.12],[-134.69,0.03],[-134.78,0.0],[-134.87,0.04],[-134.86,0.12],[-134.74,0.15]],[[-164.74,0.26],[-164.75,0.42],[-164.54,0.46],[-164.53,0.38],[-164.58,0.31],[-164.66,0.26],[-164.74,0.26]],[[-158.53,0.75],[-158.58,0.81],[-158.57,0.86],[-158.44,0.88],[-158.42,0.77],[-158.53,0.75]],[[-157.03,-0.32],[-157.19,-0.21],[-157.18,-0.14],[-157.13,-0.11],[-157.04,-0.13],[-156.97,-0.2],[-156.96,-0.31],[-157.03,-0.32]],[[-159.88,-0.35],[-159.88,-0.44],[-159.94,-0.48],[-160.04,-0.46],[-160.1,-0.38],[-160.08,-0.32],[-159.97,-0.26],[-159.92,-0.28],[-159.88,-0.35]],[[-176.08,-0.28],[-176.02,-0.31],[-176.02,-0.4],[-176.11,-0.43],[-176.19,-0.4],[-176.18,-0.31],[-176.08,-0.28]],[[-174.6,-0.67],[-174.53,-0.76],[-174.54,-0.93],[-174.6,-1.01],[-174.71,-1.01],[-174.81,-0.9],[-174.82,-0.74],[-174.67,-0.65],[-174.6,-0.67]],[[-174.75,-1.97],[-174.86,-1.8],[-175.08,-1.68],[-175.08,-1.56],[-175.01,-1.47],[-174.85,-1.47],[-174.72,-1.68],[-174.47,-1.67],[-174.39,-1.74],[-174.37,-1.83],[-174.42,-1.94],[-174.54,-1.95],[-174.6,-1.92],[-174.75,-1.97]],[[-175.13,-1.57],[-175.1,-1.67],[-175.14,-1.76],[-175.19,-1.78],[-175.28,-1.76],[-175.3,-1.7],[-175.27,-1.6],[-175.22,-1.56],[-175.13,-1.57]],[[-171.52,-3.0],[-171.69,-3.01],[-171.82,-2.93],[-171.87,-2.82],[-171.85,-2.69],[-171.73,-2.64],[-171.6,-2.67],[-171.51,-2.77],[-171.47,-2.9],[-171.52,-3.0]],[[-171.01,-2.99],[-170.94,-3.05],[-170.91,-3.13],[-170.93,-3.23],[-171.0,-3.27],[-171.15,-3.23],[-171.25,-3.06],[-171.2,-3.01],[-171.01,-2.99]],[[-155.65,-3.28],[-155.59,-3.31],[-155.59,-3.4],[-155.67,-3.43],[-155.76,-3.4],[-155.76,-3.31],[-155.65,-3.28]],[[-171.52,-3.71],[-171.61,-3.64],[-171.64,-3.54],[-171.63,-3.49],[-171.57,-3.44],[-171.46,-3.46],[-171.39,-3.58],[-171.43,-3.7],[-171.52,-3.71]],[[-170.83,-3.74],[-170.84,-3.64],[-170.79,-3.58],[-170.65,-3.61],[-170.58,-3.7],[-170.62,-3.81],[-170.67,-3.83],[-170.75,-3.83],[-170.83,-3.74]],[[-155.21,-3.82],[-155.08,-3.84],[-155.05,-3.89],[-155.09,-3.96],[-155.15,-3.97],[-155.21,-3.92],[-155.24,-3.87],[-155.21,-3.82]],[[-154.85,-3.91],[-154.8,-4.01],[-154.85,-4.13],[-154.94,-4.15],[-155.06,-4.11],[-155.09,-4.06],[-155.05,-3.95],[-154.95,-3.9],[-154.85,-3.91]],[[-170.86,-3.99],[-171.0,-3.95],[-171.0,-3.88],[-170.91,-3.8],[-170.85,-3.81],[-170.78,-3.87],[-170.86,-3.99]],[[-173.15,-3.84],[-173.15,-3.89],[-173.22,-3.93],[-173.35,-3.86],[-173.37,-3.79],[-173.32,-3.74],[-173.25,-3.74],[-173.17,-3.79],[-173.15,-3.84]],[[-174.09,-3.72],[-174.2,-3.7],[-174.24,-3.63],[-174.22,-3.54],[-174.12,-3.47],[-174.07,-3.48],[-174.03,-3.55],[-174.03,-3.65],[-174.09,-3.72]],[[-171.28,-4.58],[-171.35,-4.55],[-171.42,-4.39],[-171.31,-4.32],[-171.18,-4.32],[-171.1,-4.41],[-171.1,-4.53],[-171.16,-4.58],[-171.28,-4.58]],[[-164.95,-5.18],[-165.09,-5.14],[-165.19,-5.01],[-165.14,-4.92],[-165.05,-4.9],[-165.05,-4.62],[-164.93,-4.55],[-164.87,-4.61],[-164.84,-4.72],[-164.86,-4.85],[-164.9,-4.87],[-164.95,-4.99],[-164.93,-5.09],[-164.95,-5.18]],[[-163.18,-5.1],[-163.13,-5.14],[-163.13,-5.22],[-163.21,-5.25],[-163.28,-5.22],[-163.27,-5.14],[-163.18,-5.1]],[[-174.38,-4.68],[-174.41,-4.78],[-174.49,-4.8],[-174.58,-4.73],[-174.6,-4.62],[-174.53,-4.56],[-174.48,-4.56],[-174.38,-4.68]],[[-172.16,-4.65],[-172.31,-4.61],[-172.34,-4.56],[-172.37,-4.45],[-172.32,-4.38],[-172.16,-4.35],[-172.06,-4.39],[-172.01,-4.45],[-172.0,-4.5],[-172.03,-4.59],[-172.08,-4.65],[-172.16,-4.65]],[[-155.86,-5.74],[-155.98,-5.69],[-156.0,-5.59],[-155.93,-5.53],[-155.79,-5.52],[-155.75,-5.55],[-155.74,-5.69],[-155.78,-5.73],[-155.86,-5.74]],[[-164.7,-5.77],[-164.75,-5.83],[-164.9,-5.79],[-164.97,-5.71],[-164.95,-5.59],[-164.74,-5.7],[-164.7,-5.77]],[[-162.21,-5.97],[-162.28,-5.89],[-162.26,-5.81],[-162.17,-5.75],[-162.08,-5.75],[-162.03,-5.86],[-162.04,-5.92],[-162.09,-5.96],[-162.21,-5.97]],[[-162.62,-5.99],[-162.61,-6.06],[-162.65,-6.12],[-162.78,-6.11],[-162.83,-6.04],[-162.76,-5.93],[-162.68,-5.93],[-162.62,-5.99]],[[-165.21,-5.68],[-165.13,-5.75],[-165.17,-5.83],[-165.28,-5.81],[-165.31,-5.75],[-165.26,-5.69],[-165.21,-5.68]],[[-162.53,-6.94],[-162.5,-6.99],[-162.51,-7.18],[-162.57,-7.24],[-162.65,-7.23],[-162.69,-7.18],[-162.69,-7.1],[-162.62,-6.97],[-162.53,-6.94]],[[-151.56,-7.6],[-151.6,-7.57],[-151.61,-7.52],[-151.52,-7.46],[-151.48,-7.48],[-151.47,-7.57],[-151.56,-7.6]],[[-140.69,-7.59],[-140.62,-7.53],[-140.57,-7.53],[-140.51,-7.6],[-140.5,-7.69],[-140.59,-7.73],[-140.65,-7.71],[-140.7,-7.65],[-140.69,-7.59]],[[-140.42,-7.72],[-140.32,-7.61],[-140.24,-7.59],[-140.06,-7.73],[-139.91,-7.74],[-139.86,-7.8],[-139.88,-8.0],[-140.09,-8.04],[-140.21,-7.97],[-140.41,-7.98],[-140.52,-8.04],[-140.62,-8.18],[-140.75,-8.17],[-140.82,-8.04],[-140.77,-7.86],[-140.69,-7.75],[-140.5,-7.75],[-140.42,-7.72]],[[-139.77,-8.04],[-139.75,-8.0],[-139.58,-7.93],[-139.5,-7.98],[-139.47,-8.14],[-139.54,-8.21],[-139.64,-8.2],[-139.73,-8.13],[-139.77,-8.04]],[[-96.97,-8.2],[-96.9,-8.14],[-96.84,-8.14],[-96.78,-8.22],[-96.79,-8.28],[-96.85,-8.31],[-96.93,-8.29],[-96.97,-8.2]],[[-141.0,-8.39],[-141.01,-8.3],[-140.98,-8.26],[-140.86,-8.23],[-140.78,-8.28],[-140.81,-8.47],[-140.89,-8.48],[-141.0,-8.39]],[[-151.06,-8.45],[-151.05,-8.58],[-151.12,-8.64],[-151.18,-8.62],[-151.21,-8.55],[-151.19,-8.48],[-151.1,-8.43],[-151.06,-8.45]],[[-140.5,-8.91],[-140.64,-8.81],[-140.86,-8.76],[-140.89,-8.68],[-140.87,-8.57],[-140.59,-8.54],[-140.53,-8.56],[-140.4,-8.84],[-140.42,-8.88],[-140.5,-8.91]],[[-139.78,-8.65],[-139.38,-8.77],[-139.32,-8.9],[-139.34,-9.02],[-139.48,-9.09],[-139.64,-9.08],[-139.7,-9.05],[-139.8,-8.87],[-139.87,-8.98],[-139.89,-9.11],[-139.94,-9.13],[-140.19,-9.1],[-140.33,-9.02],[-140.38,-8.77],[-140.35,-8.69],[-140.28,-8.66],[-139.78,-8.65]],[[-140.59,-8.95],[-140.49,-9.0],[-140.46,-9.1],[-140.53,-9.21],[-140.65,-9.26],[-140.7,-9.22],[-140.71,-9.07],[-140.69,-8.98],[-140.59,-8.95]],[[-140.18,-9.21],[-140.08,-9.17],[-140.0,-9.19],[-139.9,-9.31],[-139.92,-9.48],[-140.04,-9.61],[-140.17,-9.59],[-140.25,-9.44],[-140.25,-9.32],[-140.18,-9.21]],[[-139.04,-9.45],[-139.02,-9.35],[-138.94,-9.28],[-138.89,-9.27],[-138.8,-9.32],[-138.8,-9.42],[-138.9,-9.54],[-139.01,-9.53],[-139.04,-9.45]],[[-139.71,-9.49],[-139.67,-9.57],[-139.72,-9.66],[-139.81,-9.67],[-139.85,-9.64],[-139.88,-9.56],[-139.85,-9.5],[-139.79,-9.47],[-139.71,-9.49]],[[-139.25,-9.65],[-139.19,-9.6],[-139.07,-9.56],[-138.7,-9.64],[-138.67,-9.69],[-138.7,-9.86],[-138.68,-10.06],[-139.06,-10.15],[-139.17,-10.11],[-139.25,-9.99],[-139.24,-9.86],[-139.28,-9.72],[-139.25,-9.65]],[[-138.19,-10.1],[-138.42,-9.91],[-138.42,-9.82],[-138.35,-9.77],[-138.3,-9.77],[-138.22,-9.86],[-138.04,-9.91],[-138.04,-10.04],[-138.19,-10.1]],[[-137.98,-10.1],[-137.92,-10.08],[-137.83,-10.12],[-137.79,-10.22],[-137.83,-10.3],[-137.92,-10.32],[-138.01,-10.25],[-138.03,-10.17],[-137.98,-10.1]],[[-94.58,-10.22],[-94.46,-10.23],[-94.42,-10.37],[-94.51,-10.54],[-94.64,-10.6],[-94.7,-10.55],[-94.7,-10.45],[-94.58,-10.22]],[[-138.52,-10.62],[-138.58,-10.66],[-138.81,-10.57],[-138.81,-10.47],[-138.76,-10.33],[-138.7,-10.29],[-138.55,-10.32],[-138.48,-10.25],[-138.33,-10.25],[-138.3,-10.28],[-138.29,-10.37],[-138.33,-10.42],[-138.48,-10.44],[-138.52,-10.62]],[[-149.45,-10.51],[-149.28,-10.75],[-149.28,-10.84],[-149.34,-10.9],[-149.44,-10.86],[-149.57,-10.64],[-149.54,-10.54],[-149.45,-10.51]],[[-166.01,-10.87],[-165.98,-10.8],[-165.85,-10.74],[-165.76,-10.75],[-165.71,-10.79],[-165.72,-10.93],[-165.81,-11.01],[-165.95,-10.99],[-166.01,-10.87]],[[-165.63,-10.99],[-165.56,-10.98],[-165.51,-11.05],[-165.52,-11.14],[-165.6,-11.21],[-165.7,-11.18],[-165.74,-11.12],[-165.63,-10.99]],[[-176.81,-11.22],[-176.93,-11.22],[-177.01,-11.14],[-177.01,-10.98],[-176.94,-10.91],[-176.8,-10.92],[-176.73,-11.0],[-176.71,-11.17],[-176.81,-11.22]],[[-170.95,-11.05],[-170.98,-11.14],[-171.05,-11.15],[-171.13,-11.11],[-171.17,-11.04],[-171.12,-10.97],[-171.02,-10.94],[-170.96,-10.97],[-170.95,-11.05]],[[-179.06,-10.74],[-179.16,-10.82],[-179.26,-10.82],[-179.35,-10.71],[-179.32,-10.58],[-179.24,-10.5],[-179.09,-10.46],[-179.04,-10.61],[-179.06,-10.74]],[[-179.73,-10.47],[-179.74,-10.54],[-179.93,-10.61],[-179.9,-10.48],[-179.86,-10.42],[-179.78,-10.41],[-179.73,-10.47]],[[-161.12,-10.41],[-161.06,-10.3],[-160.99,-10.28],[-160.89,-10.34],[-160.86,-10.42],[-160.91,-10.52],[-160.96,-10.54],[-161.07,-10.51],[-161.12,-10.41]],[[-179.69,-10.32],[-179.78,-10.29],[-179.81,-10.16],[-179.79,-10.1],[-179.68,-10.07],[-179.64,-10.08],[-179.62,-10.16],[-179.63,-10.26],[-179.69,-10.32]],[[-161.18,-10.11],[-161.2,-10.01],[-161.16,-9.91],[-161.05,-9.86],[-160.99,-9.88],[-160.97,-9.99],[-161.03,-10.11],[-161.09,-10.14],[-161.18,-10.11]],[[-165.52,-9.86],[-165.62,-9.89],[-165.68,-9.78],[-165.6,-9.72],[-165.48,-9.7],[-165.46,-9.77],[-165.52,-9.86]],[[-162.11,-9.68],[-162.17,-9.62],[-162.19,-9.48],[-162.14,-9.41],[-162.07,-9.38],[-161.96,-9.44],[-161.92,-9.58],[-161.99,-9.69],[-162.11,-9.68]],[[-171.1,-9.4],[-171.14,-9.51],[-171.19,-9.53],[-171.35,-9.44],[-171.37,-9.37],[-171.31,-9.26],[-171.17,-9.21],[-171.11,-9.25],[-171.1,-9.4]],[[-171.67,-9.22],[-171.7,-9.27],[-171.86,-9.35],[-171.96,-9.29],[-172.02,-9.12],[-171.97,-9.06],[-171.73,-9.0],[-171.67,-9.06],[-171.67,-9.22]],[[-157.95,-9.2],[-158.09,-9.11],[-158.14,-9.02],[-158.13,-8.88],[-158.06,-8.8],[-157.85,-8.8],[-157.79,-8.87],[-157.84,-9.2],[-157.95,-9.2]],[[-156.83,-8.91],[-156.91,-8.87],[-156.92,-8.82],[-156.89,-8.76],[-156.82,-8.73],[-156.77,-8.76],[-156.74,-8.85],[-156.77,-8.9],[-156.83,-8.91]],[[-156.82,-9.62],[-156.92,-9.63],[-156.96,-9.59],[-156.96,-9.54],[-156.9,-9.5],[-156.83,-9.52],[-156.8,-9.57],[-156.82,-9.62]],[[-139.62,-9.87],[-139.71,-9.8],[-139.68,-9.72],[-139.61,-9.69],[-139.55,-9.72],[-139.5,-9.81],[-139.54,-9.86],[-139.62,-9.87]],[[-150.29,-10.07],[-150.34,-10.02],[-150.31,-9.87],[-150.22,-9.82],[-150.14,-9.83],[-150.09,-9.92],[-150.13,-10.04],[-150.22,-10.08],[-150.29,-10.07]],[[-152.32,-10.16],[-152.45,-10.04],[-152.39,-10.0],[-152.28,-9.97],[-152.24,-10.01],[-152.23,-10.09],[-152.27,-10.15],[-152.32,-10.16]],[[-149.86,-10.13],[-149.81,-10.1],[-149.75,-10.12],[-149.73,-10.22],[-149.85,-10.23],[-149.89,-10.17],[-149.86,-10.13]],[[-165.8,-10.27],[-165.87,-10.3],[-165.94,-10.28],[-165.95,-10.17],[-165.86,-10.13],[-165.8,-10.14],[-165.77,-10.2],[-165.8,-10.27]],[[-154.15,-10.51],[-154.27,-10.52],[-154.3,-10.46],[-154.26,-10.4],[-154.19,-10.39],[-154.15,-10.42],[-154.15,-10.51]],[[-123.36,-10.48],[-123.43,-10.44],[-123.46,-10.36],[-123.43,-10.27],[-123.37,-10.24],[-123.25,-10.29],[-123.2,-10.37],[-123.23,-10.47],[-123.36,-10.48]],[[-172.42,-8.64],[-172.58,-8.65],[-172.62,-8.54],[-172.58,-8.45],[-172.47,-8.43],[-172.4,-8.47],[-172.37,-8.56],[-172.42,-8.64]],[[-161.75,-8.12],[-161.68,-8.2],[-161.65,-8.31],[-161.69,-8.4],[-161.74,-8.42],[-161.87,-8.34],[-161.91,-8.24],[-161.86,-8.14],[-161.75,-8.12]],[[-172.82,-8.14],[-172.82,-8.24],[-172.85,-8.24],[-172.93,-8.2],[-172.97,-8.09],[-172.93,-8.05],[-172.89,-8.05],[-172.82,-8.14]],[[-141.46,-8.08],[-141.3,-8.03],[-141.26,-8.08],[-141.28,-8.19],[-141.33,-8.23],[-141.45,-8.21],[-141.46,-8.08]],[[-151.22,-8.03],[-151.29,-8.01],[-151.34,-7.95],[-151.34,-7.88],[-151.29,-7.83],[-151.23,-7.84],[-151.16,-7.92],[-151.17,-8.0],[-151.22,-8.03]],[[-161.83,-7.94],[-161.86,-7.97],[-161.91,-7.96],[-161.95,-7.92],[-161.98,-7.77],[-161.93,-7.55],[-161.82,-7.49],[-161.77,-7.52],[-161.76,-7.68],[-161.83,-7.94]],[[-140.89,-7.77],[-140.86,-7.94],[-140.92,-8.0],[-141.06,-7.98],[-141.1,-7.91],[-141.09,-7.83],[-140.99,-7.77],[-140.89,-7.77]],[[-151.02,-8.28],[-151.1,-8.33],[-151.17,-8.31],[-151.2,-8.22],[-151.18,-8.16],[-151.1,-8.12],[-151.06,-8.12],[-151.01,-8.19],[-151.02,-8.28]],[[-149.04,-11.48],[-149.14,-11.42],[-149.16,-11.33],[-149.11,-11.28],[-148.94,-11.26],[-148.9,-11.33],[-148.9,-11.42],[-148.93,-11.46],[-149.04,-11.48]],[[-151.85,-11.51],[-151.92,-11.44],[-151.94,-11.35],[-151.9,-11.28],[-151.81,-11.26],[-151.69,-11.36],[-151.66,-11.45],[-151.73,-11.53],[-151.85,-11.51]],[[-116.42,-11.69],[-116.47,-11.63],[-116.45,-11.57],[-116.4,-11.53],[-116.34,-11.54],[-116.29,-11.62],[-116.3,-11.65],[-116.42,-11.69]],[[-165.31,-11.54],[-165.32,-11.63],[-165.37,-11.66],[-165.46,-11.65],[-165.52,-11.56],[-165.5,-11.5],[-165.44,-11.46],[-165.34,-11.48],[-165.31,-11.54]],[[-152.26,-11.5],[-152.29,-11.43],[-152.17,-11.35],[-152.12,-11.36],[-152.09,-11.44],[-152.11,-11.48],[-152.26,-11.5]],[[-148.5,-11.89],[-148.41,-11.91],[-148.36,-12.02],[-148.38,-12.15],[-148.45,-12.2],[-148.56,-12.15],[-148.61,-12.06],[-148.6,-11.94],[-148.5,-11.89]],[[-173.98,-12.13],[-173.87,-12.17],[-173.78,-12.25],[-173.78,-12.36],[-173.83,-12.4],[-173.89,-12.41],[-174.03,-12.36],[-174.13,-12.26],[-174.12,-12.2],[-174.07,-12.14],[-173.98,-12.13]],[[-174.24,-12.23],[-174.2,-12.28],[-174.24,-12.34],[-174.17,-12.45],[-174.17,-12.51],[-174.2,-12.57],[-174.33,-12.65],[-174.45,-12.62],[-174.48,-12.55],[-174.47,-12.49],[-174.36,-12.39],[-174.36,-12.36],[-174.59,-12.32],[-174.84,-12.39],[-174.92,-12.29],[-174.89,-12.19],[-174.67,-12.15],[-174.64,-12.03],[-174.53,-11.99],[-174.49,-12.02],[-174.43,-12.22],[-174.24,-12.23]],[[-176.58,-12.4],[-176.55,-12.55],[-176.62,-12.68],[-176.81,-12.7],[-176.98,-12.58],[-176.97,-12.46],[-176.81,-12.34],[-176.81,-12.21],[-176.76,-12.17],[-176.63,-12.2],[-176.64,-12.26],[-176.69,-12.29],[-176.58,-12.4]],[[-175.36,-12.69],[-175.28,-12.73],[-175.29,-12.84],[-175.42,-12.86],[-175.6,-13.0],[-175.7,-13.01],[-175.76,-12.98],[-175.77,-12.88],[-175.7,-12.79],[-175.54,-12.78],[-175.47,-12.72],[-175.36,-12.69]],[[-150.9,-12.89],[-150.97,-12.82],[-150.97,-12.77],[-150.88,-12.71],[-150.83,-12.76],[-150.81,-12.83],[-150.84,-12.89],[-150.9,-12.89]],[[-117.84,-12.85],[-117.76,-12.78],[-117.67,-12.79],[-117.6,-12.87],[-117.61,-12.95],[-117.69,-12.99],[-117.76,-12.97],[-117.82,-12.92],[-117.84,-12.85]],[[-148.2,-12.86],[-148.1,-12.97],[-148.1,-13.1],[-148.19,-13.11],[-148.32,-13.02],[-148.33,-12.93],[-148.27,-12.87],[-148.2,-12.86]],[[-163.12,-13.11],[-163.0,-13.15],[-162.96,-13.22],[-163.0,-13.34],[-163.1,-13.39],[-163.22,-13.37],[-163.28,-13.28],[-163.26,-13.15],[-163.12,-13.11]],[[-116.7,-13.3],[-116.72,-13.27],[-116.7,-13.21],[-116.58,-13.21],[-116.38,-13.29],[-116.35,-13.34],[-116.43,-13.37],[-116.7,-13.3]],[[-116.3,-13.35],[-116.25,-13.3],[-116.18,-13.29],[-115.99,-13.35],[-115.78,-13.37],[-115.56,-13.49],[-115.25,-13.51],[-115.18,-13.58],[-115.2,-13.64],[-115.26,-13.66],[-115.44,-13.66],[-115.75,-13.58],[-115.98,-13.45],[-116.25,-13.42],[-116.3,-13.39],[-116.3,-13.35]],[[-115.08,-13.66],[-115.08,-13.58],[-115.0,-13.54],[-114.86,-13.61],[-114.82,-13.69],[-114.84,-13.73],[-114.92,-13.75],[-115.01,-13.72],[-115.08,-13.66]],[[-114.23,-13.64],[-114.22,-13.58],[-114.06,-13.58],[-114.04,-13.61],[-114.06,-13.7],[-114.12,-13.74],[-114.2,-13.72],[-114.23,-13.64]],[[-114.65,-13.66],[-114.53,-13.73],[-114.54,-13.8],[-114.58,-13.83],[-114.68,-13.82],[-114.76,-13.76],[-114.74,-13.68],[-114.65,-13.66]],[[-149.15,-13.78],[-149.18,-13.86],[-149.27,-13.88],[-149.4,-13.82],[-149.45,-13.74],[-149.36,-13.68],[-149.27,-13.68],[-149.19,-13.72],[-149.15,-13.78]],[[-171.37,-13.83],[-171.27,-13.9],[-171.16,-14.17],[-171.21,-14.24],[-171.3,-14.24],[-171.5,-14.14],[-171.7,-14.16],[-171.98,-14.11],[-172.3,-14.16],[-172.36,-14.09],[-172.34,-14.02],[-172.3,-13.97],[-172.36,-13.88],[-172.53,-13.91],[-172.62,-13.89],[-172.75,-13.75],[-172.9,-13.51],[-172.94,-13.49],[-172.94,-13.34],[-173.16,-13.31],[-173.27,-13.22],[-173.38,-13.19],[-173.4,-13.12],[-173.32,-13.06],[-173.09,-13.1],[-173.04,-13.15],[-172.94,-13.15],[-172.9,-13.3],[-172.75,-13.37],[-172.51,-13.3],[-172.58,-13.17],[-172.51,-13.07],[-172.45,-13.08],[-172.36,-13.14],[-172.13,-13.13],[-172.08,-13.19],[-172.13,-13.38],[-172.11,-13.45],[-171.98,-13.45],[-171.89,-13.54],[-171.77,-13.56],[-171.7,-13.63],[-171.55,-13.66],[-171.37,-13.83]],[[-170.18,-14.08],[-170.17,-13.98],[-170.11,-13.93],[-170.04,-13.92],[-169.97,-13.97],[-169.95,-14.03],[-170.01,-14.11],[-170.11,-14.14],[-170.18,-14.08]],[[-149.31,-13.99],[-149.22,-13.94],[-149.12,-13.98],[-148.98,-14.08],[-148.95,-14.17],[-148.97,-14.21],[-149.18,-14.21],[-149.41,-14.32],[-149.57,-14.32],[-149.64,-14.28],[-149.66,-14.21],[-149.64,-14.16],[-149.45,-14.11],[-149.31,-13.99]],[[-141.44,-14.16],[-141.48,-14.11],[-141.48,-14.04],[-141.45,-14.01],[-141.34,-14.06],[-141.12,-14.1],[-141.08,-14.15],[-141.07,-14.21],[-141.1,-14.25],[-141.23,-14.26],[-141.44,-14.16]],[[-144.51,-14.23],[-144.48,-14.3],[-144.6,-14.33],[-144.72,-14.47],[-145.05,-14.65],[-145.24,-14.81],[-145.31,-14.82],[-145.38,-14.75],[-145.35,-14.62],[-145.15,-14.33],[-145.13,-14.23],[-145.07,-14.21],[-144.86,-14.26],[-144.74,-14.23],[-144.65,-14.26],[-144.51,-14.23]],[[-138.89,-14.73],[-138.74,-14.74],[-138.71,-14.87],[-138.76,-14.9],[-138.87,-14.88],[-138.93,-14.79],[-138.89,-14.73]],[[-97.54,-14.88],[-97.52,-14.83],[-97.39,-14.78],[-97.33,-14.82],[-97.39,-15.0],[-97.46,-15.05],[-97.52,-15.0],[-97.54,-14.88]],[[-141.38,-14.98],[-141.22,-15.1],[-141.22,-15.16],[-141.26,-15.22],[-141.17,-15.3],[-141.16,-15.37],[-141.17,-15.42],[-141.29,-15.46],[-141.38,-15.55],[-141.41,-15.74],[-141.6,-15.77],[-141.66,-15.71],[-141.66,-15.62],[-141.55,-15.58],[-141.57,-15.46],[-141.46,-15.34],[-141.42,-15.24],[-141.32,-15.19],[-141.43,-15.15],[-141.48,-15.08],[-141.47,-15.01],[-141.38,-14.98]],[[-140.97,-15.44],[-141.12,-15.34],[-141.11,-15.26],[-141.05,-15.21],[-140.97,-15.2],[-140.88,-15.24],[-140.81,-15.34],[-140.68,-15.39],[-140.61,-15.54],[-140.39,-15.52],[-140.29,-15.55],[-140.27,-15.62],[-140.29,-15.74],[-140.25,-15.8],[-139.94,-15.79],[-139.89,-15.85],[-139.87,-15.94],[-139.9,-16.14],[-139.95,-16.22],[-140.02,-16.27],[-140.1,-16.28],[-140.2,-16.22],[-140.38,-16.22],[-140.57,-16.34],[-140.68,-16.33],[-140.82,-16.21],[-140.89,-16.2],[-140.98,-16.27],[-140.86,-16.37],[-140.85,-16.47],[-140.9,-16.52],[-141.03,-16.53],[-141.17,-16.44],[-141.33,-16.49],[-141.39,-16.47],[-141.41,-16.33],[-141.59,-16.14],[-141.59,-16.04],[-141.5,-15.98],[-141.36,-15.77],[-141.36,-15.55],[-141.22,-15.55],[-141.12,-15.46],[-140.98,-15.48],[-140.97,-15.44]],[[-140.28,-15.5],[-140.3,-15.42],[-140.25,-15.27],[-140.18,-15.22],[-140.11,-15.21],[-140.07,-15.3],[-140.12,-15.43],[-140.21,-15.52],[-140.28,-15.5]],[[-117.47,-15.5],[-117.55,-15.45],[-117.5,-15.39],[-117.36,-15.35],[-117.28,-15.38],[-117.27,-15.43],[-117.32,-15.48],[-117.47,-15.5]],[[-100.12,-15.77],[-100.06,-15.77],[-100.02,-15.83],[-100.02,-15.89],[-100.06,-15.93],[-100.17,-15.89],[-100.18,-15.83],[-100.12,-15.77]],[[-141.87,-16.49],[-141.88,-16.6],[-141.96,-16.64],[-142.09,-16.59],[-142.14,-16.5],[-142.1,-16.42],[-141.99,-16.37],[-141.87,-16.49]],[[-104.59,-16.6],[-104.24,-16.56],[-104.2,-16.59],[-104.18,-16.69],[-104.2,-16.73],[-104.31,-16.77],[-104.76,-16.8],[-104.82,-16.78],[-104.83,-16.69],[-104.59,-16.6]],[[-138.44,-16.79],[-138.37,-16.86],[-138.38,-16.93],[-138.48,-16.98],[-138.55,-16.97],[-138.58,-16.92],[-138.57,-16.84],[-138.51,-16.8],[-138.44,-16.79]],[[-138.79,-16.82],[-138.72,-16.87],[-138.72,-17.02],[-138.81,-17.05],[-138.96,-16.98],[-138.98,-16.89],[-138.94,-16.85],[-138.79,-16.82]],[[-142.73,-17.09],[-142.77,-17.16],[-142.76,-17.39],[-142.66,-17.22],[-142.59,-17.18],[-142.44,-17.26],[-142.18,-17.26],[-142.02,-17.4],[-142.01,-17.48],[-142.04,-17.5],[-142.25,-17.49],[-142.12,-17.6],[-142.15,-17.71],[-142.08,-17.83],[-142.1,-18.0],[-141.99,-18.23],[-142.01,-18.34],[-142.06,-18.42],[-141.89,-18.48],[-141.84,-18.6],[-141.65,-18.66],[-141.62,-18.79],[-141.48,-18.85],[-141.51,-18.95],[-141.64,-18.94],[-141.65,-18.86],[-141.78,-18.94],[-141.88,-18.91],[-141.96,-18.77],[-141.94,-18.62],[-142.01,-18.59],[-142.16,-18.6],[-142.21,-18.45],[-142.37,-18.22],[-142.51,-18.1],[-142.49,-17.96],[-142.37,-17.81],[-142.39,-17.75],[-142.47,-17.71],[-142.62,-17.73],[-142.73,-17.71],[-142.82,-17.48],[-142.92,-17.57],[-143.02,-17.57],[-143.06,-17.47],[-143.02,-17.34],[-143.18,-17.3],[-143.33,-17.12],[-143.6,-17.08],[-143.57,-17.21],[-143.37,-17.34],[-143.33,-17.4],[-143.36,-17.58],[-143.47,-17.63],[-143.55,-17.59],[-143.59,-17.3],[-143.81,-17.3],[-143.89,-17.2],[-143.9,-17.1],[-143.85,-17.04],[-143.62,-17.03],[-143.7,-16.97],[-143.94,-17.04],[-144.17,-16.97],[-144.18,-17.0],[-144.12,-17.09],[-144.12,-17.16],[-144.35,-17.25],[-144.46,-17.22],[-144.56,-17.11],[-144.74,-17.06],[-144.84,-16.99],[-145.1,-16.97],[-145.22,-16.87],[-145.7,-16.78],[-145.8,-16.56],[-146.04,-16.54],[-146.1,-16.56],[-146.15,-16.64],[-146.29,-16.67],[-146.73,-16.55],[-146.98,-16.41],[-147.14,-16.37],[-147.24,-16.24],[-147.43,-15.69],[-147.46,-15.48],[-147.9,-15.49],[-148.42,-15.29],[-148.44,-15.19],[-148.61,-15.14],[-148.68,-15.05],[-148.9,-15.01],[-148.93,-14.94],[-148.91,-14.85],[-148.8,-14.7],[-148.7,-14.68],[-148.6,-14.7],[-148.4,-14.85],[-148.42,-14.62],[-148.13,-14.45],[-148.16,-14.27],[-148.13,-14.21],[-147.98,-14.21],[-147.96,-14.4],[-147.84,-14.54],[-147.67,-14.42],[-147.6,-14.42],[-147.55,-14.52],[-147.58,-14.63],[-147.46,-14.71],[-147.24,-14.74],[-147.16,-14.82],[-147.02,-14.88],[-146.78,-15.07],[-146.59,-15.1],[-146.42,-15.19],[-146.09,-15.22],[-146.04,-15.28],[-146.0,-15.46],[-145.86,-15.44],[-145.67,-15.24],[-145.47,-15.22],[-145.31,-15.02],[-145.17,-15.0],[-145.12,-15.07],[-145.1,-15.25],[-145.27,-15.38],[-145.25,-15.67],[-145.21,-15.67],[-145.18,-15.46],[-145.07,-15.4],[-144.9,-15.37],[-144.83,-15.39],[-144.74,-15.53],[-144.6,-15.58],[-144.5,-15.67],[-144.49,-15.8],[-144.42,-15.88],[-144.12,-16.01],[-144.0,-16.18],[-143.71,-15.98],[-143.63,-15.97],[-143.61,-16.01],[-143.54,-16.03],[-143.39,-16.0],[-143.36,-16.05],[-143.37,-16.1],[-143.58,-16.31],[-143.57,-16.41],[-143.48,-16.47],[-143.28,-16.54],[-143.23,-16.6],[-143.19,-16.73],[-143.01,-16.85],[-142.98,-16.83],[-143.02,-16.66],[-142.96,-16.57],[-142.81,-16.53],[-142.66,-16.58],[-142.56,-16.83],[-142.56,-16.92],[-142.61,-17.0],[-142.73,-17.09]],[[-138.25,-17.16],[-138.08,-17.13],[-138.02,-17.23],[-138.29,-17.46],[-138.55,-17.47],[-138.66,-17.39],[-138.66,-17.31],[-138.6,-17.25],[-138.25,-17.16]],[[-141.4,-17.25],[-141.31,-17.3],[-141.31,-17.42],[-141.42,-17.48],[-141.61,-17.47],[-141.66,-17.36],[-141.63,-17.31],[-141.53,-17.25],[-141.4,-17.25]],[[-141.73,-17.39],[-141.65,-17.45],[-141.64,-17.53],[-141.75,-17.59],[-141.82,-17.55],[-141.87,-17.46],[-141.83,-17.39],[-141.73,-17.39]],[[-141.62,-17.58],[-141.51,-17.54],[-141.49,-17.68],[-141.55,-17.7],[-141.65,-17.68],[-141.66,-17.63],[-141.62,-17.58]],[[-140.88,-17.69],[-140.65,-17.54],[-140.52,-17.62],[-140.5,-17.71],[-140.54,-17.82],[-140.81,-18.0],[-140.78,-18.08],[-140.44,-18.43],[-140.43,-18.5],[-140.46,-18.54],[-140.98,-18.53],[-141.02,-18.4],[-141.16,-18.17],[-141.17,-18.02],[-140.98,-17.93],[-140.95,-17.76],[-140.88,-17.69]],[[-137.63,-17.89],[-137.68,-17.85],[-137.69,-17.79],[-137.6,-17.73],[-137.55,-17.77],[-137.53,-17.86],[-137.57,-17.89],[-137.63,-17.89]],[[-124.3,-18.05],[-124.22,-18.06],[-124.12,-18.12],[-124.08,-18.21],[-124.09,-18.24],[-124.22,-18.26],[-124.36,-18.2],[-124.38,-18.11],[-124.3,-18.05]],[[-136.96,-18.13],[-136.85,-18.19],[-136.81,-18.25],[-136.82,-18.46],[-136.88,-18.52],[-136.95,-18.51],[-137.14,-18.38],[-137.21,-18.26],[-137.17,-18.17],[-137.08,-18.13],[-136.96,-18.13]],[[-94.41,-18.33],[-94.34,-18.29],[-94.26,-18.29],[-94.23,-18.42],[-94.28,-18.49],[-94.34,-18.5],[-94.39,-18.48],[-94.41,-18.33]],[[-136.46,-18.34],[-136.31,-18.37],[-136.15,-18.46],[-136.11,-18.56],[-136.13,-18.64],[-136.23,-18.69],[-136.37,-18.7],[-136.59,-18.59],[-136.65,-18.48],[-136.65,-18.42],[-136.57,-18.34],[-136.46,-18.34]],[[-137.56,-18.58],[-137.5,-18.65],[-137.54,-18.73],[-137.7,-18.78],[-137.78,-18.74],[-137.8,-18.69],[-137.77,-18.64],[-137.56,-18.58]],[[-138.76,-18.64],[-138.57,-18.74],[-138.58,-18.84],[-138.85,-18.89],[-138.96,-18.85],[-138.99,-18.77],[-138.96,-18.69],[-138.85,-18.64],[-138.76,-18.64]],[[-115.84,-18.88],[-115.79,-18.79],[-115.72,-18.79],[-115.68,-18.84],[-115.68,-18.88],[-115.74,-18.92],[-115.84,-18.88]],[[-137.16,-18.92],[-137.12,-19.0],[-137.14,-19.06],[-137.25,-19.05],[-137.28,-18.97],[-137.22,-18.91],[-137.16,-18.92]],[[-134.75,-19.07],[-134.67,-19.04],[-134.6,-19.06],[-134.57,-19.13],[-134.59,-19.2],[-134.65,-19.23],[-134.73,-19.21],[-134.76,-19.14],[-134.75,-19.07]],[[-133.69,-19.23],[-133.57,-19.23],[-133.55,-19.34],[-133.63,-19.37],[-133.7,-19.33],[-133.69,-19.23]],[[-134.34,-19.33],[-134.31,-19.36],[-134.31,-19.45],[-134.37,-19.48],[-134.45,-19.45],[-134.46,-19.38],[-134.34,-19.33]],[[-80.3,-19.46],[-80.17,-19.44],[-80.13,-19.48],[-80.13,-19.54],[-80.28,-19.75],[-80.4,-19.78],[-80.42,-19.68],[-80.3,-19.46]],[[-139.38,-19.75],[-139.29,-19.8],[-139.32,-19.89],[-139.44,-19.89],[-139.51,-19.84],[-139.49,-19.78],[-139.38,-19.75]],[[-140.13,-19.81],[-140.03,-19.86],[-139.95,-19.95],[-139.93,-20.0],[-139.97,-20.07],[-140.09,-20.04],[-140.19,-19.93],[-140.21,-19.82],[-140.13,-19.81]],[[-138.19,-20.06],[-138.26,-20.03],[-138.26,-19.94],[-138.14,-19.9],[-138.05,-19.94],[-138.05,-20.04],[-138.19,-20.06]],[[-137.96,-20.07],[-137.9,-20.14],[-137.91,-20.19],[-137.97,-20.23],[-138.07,-20.16],[-138.02,-20.09],[-137.96,-20.07]],[[-138.93,-20.16],[-138.84,-20.24],[-138.84,-20.33],[-138.87,-20.38],[-138.98,-20.4],[-139.08,-20.34],[-139.1,-20.24],[-139.02,-20.16],[-138.93,-20.16]],[[-139.37,-20.23],[-139.27,-20.28],[-139.18,-20.44],[-139.21,-20.58],[-139.26,-20.62],[-139.34,-20.62],[-139.51,-20.53],[-139.54,-20.45],[-139.69,-20.49],[-139.79,-20.42],[-139.79,-20.31],[-139.73,-20.24],[-139.63,-20.23],[-139.56,-20.28],[-139.37,-20.23]],[[-138.95,-20.58],[-138.92,-20.49],[-138.79,-20.45],[-138.73,-20.47],[-138.68,-20.55],[-138.7,-20.69],[-138.47,-20.66],[-138.41,-20.7],[-138.37,-20.83],[-138.39,-20.96],[-138.44,-20.99],[-138.5,-21.0],[-138.6,-20.95],[-138.72,-20.86],[-138.74,-20.74],[-138.92,-20.66],[-138.95,-20.58]],[[-137.98,-20.63],[-137.97,-20.59],[-137.85,-20.53],[-137.79,-20.55],[-137.76,-20.62],[-137.77,-20.68],[-137.86,-20.71],[-137.98,-20.63]],[[-80.76,-20.61],[-80.69,-20.63],[-80.67,-20.68],[-80.74,-20.86],[-80.74,-21.0],[-80.9,-21.24],[-81.1,-21.28],[-81.14,-21.43],[-81.24,-21.56],[-81.23,-21.63],[-81.03,-21.97],[-81.03,-22.03],[-81.21,-22.32],[-81.53,-22.29],[-81.6,-22.21],[-81.6,-22.11],[-81.41,-21.82],[-81.38,-21.68],[-81.4,-21.63],[-81.5,-21.7],[-81.67,-21.74],[-81.71,-21.92],[-81.74,-21.96],[-81.88,-21.94],[-81.95,-21.85],[-81.94,-21.79],[-81.84,-21.67],[-81.84,-21.53],[-81.79,-21.46],[-81.79,-21.22],[-81.58,-21.1],[-81.43,-21.1],[-81.31,-21.04],[-81.09,-20.87],[-80.95,-20.62],[-80.76,-20.61]],[[-82.61,-22.31],[-82.8,-22.44],[-82.92,-22.39],[-82.95,-22.31],[-82.9,-22.22],[-82.53,-22.14],[-82.49,-22.19],[-82.5,-22.27],[-82.61,-22.31]],[[-81.7,-22.44],[-81.63,-22.45],[-81.56,-22.53],[-81.5,-22.7],[-81.51,-22.79],[-81.56,-22.85],[-81.66,-22.88],[-81.84,-22.88],[-81.91,-22.82],[-81.91,-22.73],[-81.78,-22.48],[-81.7,-22.44]],[[-82.49,-22.73],[-82.51,-22.92],[-82.64,-22.94],[-82.72,-22.91],[-82.75,-22.82],[-82.66,-22.68],[-82.63,-22.54],[-82.4,-22.48],[-82.37,-22.51],[-82.37,-22.58],[-82.49,-22.73]],[[-82.76,-22.91],[-82.71,-23.01],[-82.73,-23.08],[-82.83,-23.19],[-82.97,-23.24],[-83.03,-23.23],[-83.06,-23.18],[-83.06,-23.11],[-83.19,-23.03],[-83.22,-22.97],[-83.16,-22.92],[-83.09,-22.92],[-83.02,-22.97],[-82.76,-22.91]],[[-82.36,-23.23],[-82.19,-23.13],[-82.03,-23.14],[-81.89,-23.2],[-81.86,-23.25],[-81.91,-23.54],[-82.06,-23.62],[-82.22,-23.62],[-82.2,-23.47],[-82.35,-23.4],[-82.38,-23.3],[-82.36,-23.23]],[[-85.02,-23.62],[-85.03,-23.69],[-85.11,-23.74],[-85.21,-23.7],[-85.25,-23.62],[-85.23,-23.58],[-85.15,-23.54],[-85.06,-23.56],[-85.02,-23.62]],[[-82.7,-23.71],[-82.61,-23.68],[-82.49,-23.76],[-82.28,-23.71],[-82.22,-23.74],[-82.21,-23.79],[-82.29,-23.87],[-82.52,-23.93],[-82.65,-23.9],[-82.75,-23.85],[-82.75,-23.76],[-82.7,-23.71]],[[-83.6,-23.82],[-83.52,-23.89],[-83.54,-23.97],[-83.64,-23.97],[-83.7,-23.93],[-83.69,-23.86],[-83.6,-23.82]],[[-84.65,-23.85],[-84.59,-23.88],[-84.53,-24.0],[-84.54,-24.13],[-84.62,-24.18],[-84.77,-24.08],[-84.83,-23.98],[-84.79,-23.88],[-84.65,-23.85]],[[-84.87,-24.08],[-84.85,-24.19],[-84.91,-24.24],[-84.97,-24.23],[-85.01,-24.17],[-85.0,-24.12],[-84.94,-24.07],[-84.87,-24.08]],[[-128.22,-24.2],[-128.16,-24.26],[-128.14,-24.37],[-128.18,-24.47],[-128.27,-24.51],[-128.5,-24.36],[-128.69,-24.31],[-128.76,-24.11],[-128.71,-24.05],[-128.65,-24.05],[-128.42,-24.22],[-128.22,-24.2]],[[-94.7,-24.35],[-94.59,-24.25],[-94.53,-24.25],[-94.5,-24.29],[-94.58,-24.43],[-94.58,-24.58],[-94.62,-24.67],[-94.59,-24.81],[-94.7,-24.91],[-94.82,-25.09],[-94.92,-25.1],[-94.96,-25.05],[-94.95,-24.98],[-94.9,-24.91],[-94.9,-24.79],[-94.8,-24.67],[-94.7,-24.35]],[[-87.07,-24.37],[-87.03,-24.28],[-86.97,-24.26],[-86.93,-24.29],[-86.91,-24.34],[-86.96,-24.4],[-87.07,-24.37]],[[-84.62,-24.53],[-84.71,-24.37],[-84.67,-24.31],[-84.61,-24.29],[-84.51,-24.35],[-84.49,-24.46],[-84.55,-24.54],[-84.62,-24.53],[-84.57,-24.63],[-84.58,-24.68],[-84.65,-24.72],[-84.72,-24.67],[-84.73,-24.58],[-84.68,-24.52],[-84.62,-24.53]],[[-87.69,-24.52],[-87.36,-24.53],[-87.29,-24.57],[-87.29,-24.65],[-87.36,-24.7],[-87.67,-24.66],[-87.82,-24.58],[-87.94,-24.58],[-87.98,-24.53],[-88.09,-24.51],[-88.14,-24.45],[-88.13,-24.41],[-87.93,-24.38],[-87.69,-24.52]],[[-85.61,-24.65],[-85.6,-24.59],[-85.41,-24.56],[-85.3,-24.7],[-85.3,-24.8],[-85.39,-24.85],[-85.48,-24.82],[-85.57,-24.75],[-85.61,-24.65]],[[-84.84,-24.84],[-84.9,-24.8],[-84.93,-24.74],[-84.89,-24.67],[-84.79,-24.65],[-84.74,-24.7],[-84.73,-24.78],[-84.77,-24.84],[-84.84,-24.84]],[[-82.62,-24.82],[-82.65,-24.63],[-82.62,-24.49],[-82.56,-24.46],[-82.46,-24.55],[-82.4,-24.76],[-82.48,-24.86],[-82.62,-24.82]],[[-83.27,-24.48],[-83.26,-24.58],[-83.36,-24.62],[-83.57,-24.53],[-83.63,-24.43],[-83.62,-24.38],[-83.52,-24.36],[-83.38,-24.4],[-83.27,-24.48]],[[-82.12,-24.81],[-82.01,-24.84],[-81.87,-24.96],[-81.86,-25.05],[-81.94,-25.25],[-81.79,-25.23],[-81.72,-25.25],[-81.66,-25.33],[-81.66,-25.43],[-81.74,-25.52],[-81.84,-25.54],[-81.94,-25.52],[-82.07,-25.45],[-82.4,-25.73],[-82.56,-25.78],[-82.61,-25.72],[-82.58,-25.58],[-82.49,-25.44],[-82.37,-25.42],[-82.44,-25.13],[-82.44,-24.91],[-82.4,-24.88],[-82.12,-24.81]],[[-72.89,-25.27],[-72.81,-25.24],[-72.75,-25.26],[-72.7,-25.38],[-72.73,-25.43],[-72.78,-25.46],[-72.91,-25.43],[-72.95,-25.39],[-72.95,-25.33],[-72.89,-25.27]],[[-75.4,-25.31],[-75.35,-25.37],[-75.39,-25.44],[-75.46,-25.45],[-75.52,-25.41],[-75.52,-25.35],[-75.48,-25.32],[-75.4,-25.31]],[[-75.58,-25.63],[-75.49,-25.59],[-75.43,-25.63],[-75.42,-25.71],[-75.46,-25.77],[-75.53,-25.79],[-75.6,-25.75],[-75.58,-25.63]],[[-77.2,-25.64],[-77.16,-25.68],[-77.15,-25.75],[-77.18,-25.8],[-77.24,-25.81],[-77.3,-25.77],[-77.33,-25.72],[-77.28,-25.66],[-77.2,-25.64]],[[-82.82,-25.79],[-82.99,-25.87],[-83.14,-25.8],[-83.3,-25.9],[-83.74,-25.78],[-83.86,-25.94],[-83.95,-25.98],[-84.0,-25.97],[-84.03,-25.91],[-84.07,-25.66],[-84.02,-25.57],[-83.86,-25.66],[-83.57,-25.56],[-83.4,-25.67],[-83.3,-25.56],[-83.04,-25.58],[-82.91,-25.54],[-82.76,-25.53],[-82.7,-25.58],[-82.7,-25.75],[-82.73,-25.78],[-82.82,-25.79]],[[-84.6,-25.69],[-84.5,-25.75],[-84.23,-25.81],[-84.18,-25.89],[-84.2,-25.98],[-84.26,-26.03],[-84.41,-26.04],[-84.58,-25.94],[-84.87,-25.91],[-84.97,-25.85],[-84.98,-25.79],[-84.92,-25.74],[-84.6,-25.69]],[[-85.87,-25.96],[-85.85,-26.04],[-85.91,-26.13],[-86.0,-26.14],[-86.11,-26.06],[-86.1,-25.97],[-86.04,-25.92],[-85.94,-25.92],[-85.87,-25.96]],[[-78.3,-26.13],[-78.24,-26.13],[-78.18,-26.18],[-78.17,-26.26],[-78.2,-26.29],[-78.29,-26.29],[-78.37,-26.24],[-78.36,-26.16],[-78.3,-26.13]],[[-80.17,-26.13],[-79.78,-26.21],[-79.71,-26.38],[-79.71,-26.52],[-79.74,-26.57],[-79.79,-26.59],[-79.9,-26.56],[-80.15,-26.44],[-80.29,-26.24],[-80.26,-26.16],[-80.17,-26.13]],[[-92.69,-26.56],[-92.63,-26.63],[-92.64,-26.69],[-92.69,-26.71],[-92.79,-26.68],[-92.81,-26.63],[-92.78,-26.59],[-92.69,-26.56]],[[-76.51,-26.71],[-76.46,-26.67],[-76.4,-26.71],[-76.41,-26.8],[-76.47,-26.87],[-76.54,-26.82],[-76.51,-26.71]],[[-93.06,-26.73],[-93.01,-26.82],[-93.08,-26.87],[-93.17,-26.81],[-93.19,-26.74],[-93.14,-26.71],[-93.06,-26.73]],[[-93.5,-26.78],[-93.43,-26.86],[-93.43,-26.93],[-93.53,-26.97],[-93.61,-26.93],[-93.63,-26.85],[-93.56,-26.78],[-93.5,-26.78]],[[-100.59,-26.8],[-100.57,-26.91],[-100.6,-27.01],[-100.71,-27.08],[-100.82,-27.1],[-100.86,-26.97],[-100.8,-26.76],[-100.7,-26.72],[-100.59,-26.8]],[[-90.77,-27.07],[-90.72,-27.05],[-90.66,-27.06],[-90.64,-27.17],[-90.76,-27.18],[-90.8,-27.12],[-90.77,-27.07]],[[-93.24,-27.12],[-93.01,-27.23],[-92.96,-27.31],[-92.98,-27.36],[-93.08,-27.38],[-93.28,-27.29],[-93.32,-27.19],[-93.29,-27.12],[-93.24,-27.12]],[[-93.33,-27.31],[-93.29,-27.38],[-93.32,-27.49],[-93.46,-27.47],[-93.48,-27.38],[-93.4,-27.32],[-93.33,-27.31]],[[-72.55,-27.49],[-72.46,-27.43],[-72.41,-27.46],[-72.39,-27.55],[-72.44,-27.59],[-72.5,-27.59],[-72.55,-27.55],[-72.55,-27.49]],[[-87.86,-27.56],[-87.76,-27.71],[-87.77,-27.81],[-87.82,-27.84],[-87.89,-27.79],[-87.93,-27.68],[-87.94,-27.58],[-87.86,-27.56]],[[-75.22,-27.82],[-75.12,-27.82],[-75.12,-27.94],[-75.18,-27.95],[-75.26,-27.9],[-75.25,-27.84],[-75.22,-27.82]],[[-76.84,-27.94],[-76.81,-27.98],[-76.81,-28.06],[-76.87,-28.1],[-76.95,-28.07],[-76.96,-28.0],[-76.84,-27.94]],[[-79.98,-27.99],[-79.93,-28.03],[-79.92,-28.13],[-79.95,-28.16],[-80.04,-28.16],[-80.11,-28.1],[-80.11,-28.05],[-80.04,-27.99],[-79.98,-27.99]],[[-98.34,-28.03],[-98.29,-28.14],[-98.3,-28.18],[-98.36,-28.19],[-98.42,-28.16],[-98.45,-28.11],[-98.34,-28.03]],[[-108.25,-28.06],[-108.21,-28.1],[-108.24,-28.15],[-108.41,-28.23],[-108.46,-28.22],[-108.48,-28.17],[-108.45,-28.13],[-108.25,-28.06]],[[-143.24,-28.1],[-143.23,-28.22],[-143.36,-28.28],[-143.42,-28.27],[-143.61,-28.15],[-143.59,-28.01],[-143.64,-27.86],[-143.54,-27.7],[-143.59,-27.53],[-143.54,-27.38],[-143.38,-27.36],[-143.17,-27.56],[-143.15,-27.69],[-143.18,-27.78],[-143.22,-27.82],[-143.33,-27.79],[-143.33,-27.89],[-143.38,-27.96],[-143.24,-28.1]],[[-144.84,-27.53],[-144.83,-27.37],[-144.72,-27.34],[-144.63,-27.19],[-144.57,-27.17],[-144.43,-27.22],[-144.38,-27.39],[-144.19,-27.46],[-144.1,-27.3],[-144.05,-27.28],[-143.9,-27.31],[-143.78,-27.17],[-143.68,-27.15],[-143.63,-27.23],[-143.74,-27.36],[-143.78,-27.55],[-143.93,-27.53],[-144.05,-27.59],[-143.98,-27.77],[-143.83,-27.82],[-143.73,-27.96],[-143.73,-28.08],[-143.83,-28.15],[-144.0,-28.12],[-144.29,-27.78],[-144.77,-27.61],[-144.84,-27.53]],[[-144.95,-27.34],[-144.89,-27.38],[-144.89,-27.47],[-144.99,-27.59],[-145.1,-27.62],[-145.15,-27.55],[-145.14,-27.41],[-145.11,-27.37],[-144.95,-27.34]],[[-145.71,-27.67],[-145.74,-27.75],[-145.81,-27.78],[-146.04,-27.55],[-146.04,-27.51],[-145.96,-27.46],[-145.74,-27.59],[-145.71,-27.67]],[[-174.07,-27.74],[-174.17,-27.79],[-174.37,-27.7],[-174.4,-27.6],[-174.36,-27.46],[-174.27,-27.44],[-174.04,-27.54],[-174.01,-27.61],[-174.07,-27.74]],[[-171.06,-27.66],[-171.11,-27.54],[-171.12,-27.39],[-171.07,-27.29],[-171.0,-27.25],[-170.94,-27.27],[-170.91,-27.32],[-170.9,-27.57],[-170.95,-27.67],[-171.06,-27.66]],[[-145.44,-27.43],[-145.46,-27.31],[-145.44,-27.26],[-145.35,-27.22],[-145.29,-27.25],[-145.25,-27.31],[-145.25,-27.44],[-145.39,-27.46],[-145.36,-27.56],[-145.39,-27.6],[-145.55,-27.61],[-145.57,-27.54],[-145.54,-27.48],[-145.44,-27.43]],[[-145.99,-27.17],[-146.11,-27.15],[-146.19,-27.06],[-146.19,-26.95],[-146.09,-26.86],[-145.95,-26.86],[-145.89,-26.96],[-145.91,-27.09],[-145.99,-27.17]],[[-170.96,-27.15],[-171.0,-27.17],[-171.06,-27.11],[-171.03,-26.99],[-170.96,-26.93],[-170.91,-26.98],[-170.96,-27.15]],[[-146.67,-27.13],[-146.81,-27.05],[-146.9,-26.86],[-146.9,-26.77],[-146.85,-26.71],[-146.75,-26.74],[-146.57,-26.96],[-146.57,-27.09],[-146.67,-27.13]],[[-174.46,-26.73],[-174.54,-26.78],[-174.64,-26.74],[-174.77,-26.45],[-174.73,-26.36],[-174.67,-26.35],[-174.6,-26.5],[-174.44,-26.6],[-174.46,-26.73]],[[-148.97,-26.45],[-149.02,-26.4],[-149.02,-26.34],[-148.96,-26.28],[-148.91,-26.29],[-148.86,-26.36],[-148.86,-26.42],[-148.91,-26.46],[-148.97,-26.45]],[[-147.14,-26.3],[-147.15,-26.21],[-147.09,-25.99],[-147.1,-25.87],[-146.91,-25.69],[-146.77,-25.67],[-146.65,-25.84],[-146.52,-25.74],[-146.44,-25.73],[-146.28,-25.84],[-146.21,-25.94],[-146.2,-26.06],[-146.26,-26.21],[-146.62,-26.18],[-146.71,-26.28],[-146.71,-26.33],[-146.85,-26.41],[-146.82,-26.61],[-146.86,-26.66],[-146.94,-26.66],[-147.02,-26.6],[-147.05,-26.54],[-147.02,-26.47],[-147.14,-26.3]],[[-168.98,-25.87],[-168.95,-25.93],[-168.96,-25.99],[-169.04,-26.02],[-169.08,-25.99],[-169.09,-25.92],[-169.04,-25.87],[-168.98,-25.87]],[[-146.62,-25.7],[-146.67,-25.65],[-146.66,-25.58],[-146.55,-25.5],[-146.5,-25.51],[-146.48,-25.54],[-146.48,-25.64],[-146.56,-25.71],[-146.62,-25.7]],[[-150.42,-25.54],[-150.46,-25.63],[-150.5,-25.65],[-150.59,-25.58],[-150.57,-25.51],[-150.5,-25.45],[-150.46,-25.45],[-150.42,-25.54]],[[-146.91,-25.45],[-146.97,-25.4],[-146.97,-25.36],[-146.9,-25.31],[-146.82,-25.3],[-146.79,-25.42],[-146.82,-25.45],[-146.91,-25.45]],[[-145.73,-25.45],[-145.8,-25.41],[-145.83,-25.35],[-145.8,-25.27],[-145.71,-25.24],[-145.64,-25.28],[-145.62,-25.37],[-145.66,-25.44],[-145.73,-25.45]],[[-148.24,-25.25],[-148.33,-25.29],[-148.44,-25.27],[-148.5,-25.21],[-148.53,-25.08],[-148.51,-24.98],[-148.27,-24.86],[-148.2,-24.91],[-148.15,-25.02],[-148.15,-25.15],[-148.24,-25.25]],[[-125.04,-24.9],[-124.96,-24.76],[-125.2,-24.7],[-125.22,-24.65],[-125.16,-24.56],[-124.94,-24.58],[-124.43,-24.53],[-124.36,-24.58],[-124.39,-24.67],[-124.46,-24.74],[-124.75,-24.77],[-124.77,-24.81],[-124.73,-24.84],[-124.71,-24.94],[-124.78,-25.0],[-124.87,-25.01],[-125.02,-24.96],[-125.04,-24.9]],[[-145.74,-24.75],[-145.9,-24.82],[-146.07,-24.79],[-146.14,-24.69],[-146.13,-24.57],[-146.02,-24.49],[-145.89,-24.48],[-145.76,-24.5],[-145.69,-24.61],[-145.74,-24.75]],[[-148.37,-24.5],[-148.52,-24.56],[-148.68,-24.55],[-148.7,-24.34],[-148.59,-24.26],[-148.33,-24.23],[-148.29,-24.31],[-148.37,-24.5]],[[-153.79,-24.24],[-153.84,-24.31],[-153.92,-24.32],[-153.99,-24.27],[-154.01,-24.19],[-153.96,-24.12],[-153.86,-24.1],[-153.8,-24.16],[-153.79,-24.24]],[[-153.6,-24.19],[-153.64,-24.14],[-153.63,-24.08],[-153.54,-24.01],[-153.5,-24.01],[-153.48,-24.15],[-153.54,-24.21],[-153.6,-24.19]],[[-147.69,-24.02],[-147.92,-23.88],[-147.97,-23.81],[-147.94,-23.74],[-147.8,-23.72],[-147.48,-23.74],[-147.45,-23.86],[-147.48,-24.0],[-147.69,-24.02]],[[-134.41,-23.76],[-134.48,-23.69],[-134.45,-23.55],[-134.32,-23.51],[-134.22,-23.55],[-134.19,-23.63],[-134.25,-23.73],[-134.32,-23.77],[-134.41,-23.76]],[[-135.46,-23.57],[-135.49,-23.6],[-135.59,-23.61],[-135.67,-23.54],[-135.67,-23.5],[-135.6,-23.43],[-135.52,-23.42],[-135.47,-23.46],[-135.46,-23.57]],[[-135.91,-23.42],[-135.89,-23.54],[-135.92,-23.58],[-136.03,-23.58],[-136.1,-23.52],[-136.1,-23.47],[-136.03,-23.41],[-135.95,-23.4],[-135.91,-23.42]],[[-149.26,-23.42],[-149.34,-23.52],[-149.47,-23.54],[-149.61,-23.46],[-149.64,-23.33],[-149.54,-23.23],[-149.4,-23.2],[-149.28,-23.28],[-149.26,-23.42]],[[-150.6,-23.37],[-150.62,-23.47],[-150.69,-23.51],[-150.81,-23.45],[-150.85,-23.36],[-150.79,-23.28],[-150.73,-23.25],[-150.64,-23.28],[-150.6,-23.37]],[[-149.87,-23.33],[-149.94,-23.3],[-149.95,-23.24],[-149.9,-23.18],[-149.83,-23.18],[-149.77,-23.27],[-149.81,-23.32],[-149.87,-23.33]],[[-137.29,-23.17],[-137.27,-23.07],[-137.14,-23.0],[-137.03,-23.01],[-136.97,-23.09],[-136.99,-23.25],[-137.05,-23.28],[-137.23,-23.26],[-137.29,-23.17]],[[-137.34,-23.03],[-137.42,-23.11],[-137.53,-23.1],[-137.56,-23.04],[-137.55,-22.93],[-137.5,-22.87],[-137.38,-22.87],[-137.35,-22.91],[-137.34,-23.03]],[[-151.13,-22.86],[-151.27,-22.9],[-151.38,-22.79],[-151.42,-22.72],[-151.41,-22.58],[-151.5,-22.4],[-151.48,-22.34],[-151.25,-22.33],[-151.18,-22.37],[-151.18,-22.47],[-151.25,-22.63],[-151.11,-22.79],[-151.13,-22.86]],[[-152.77,-22.5],[-152.67,-22.58],[-152.7,-22.72],[-152.8,-22.76],[-152.95,-22.71],[-152.99,-22.64],[-152.96,-22.56],[-152.87,-22.51],[-152.77,-22.5]],[[-153.0,-22.52],[-153.16,-22.5],[-153.16,-22.45],[-153.06,-22.35],[-152.99,-22.36],[-152.95,-22.39],[-152.93,-22.45],[-153.0,-22.52]],[[-138.77,-22.37],[-138.89,-22.32],[-138.91,-22.18],[-138.82,-22.08],[-138.67,-22.07],[-138.57,-22.16],[-138.56,-22.28],[-138.67,-22.37],[-138.77,-22.37]],[[-136.28,-22.1],[-136.42,-21.92],[-136.4,-21.85],[-136.19,-21.85],[-136.06,-21.89],[-136.03,-21.99],[-136.07,-22.09],[-136.17,-22.13],[-136.28,-22.1]],[[-157.83,-22.02],[-157.97,-22.04],[-158.04,-21.98],[-158.04,-21.88],[-157.97,-21.79],[-157.87,-21.78],[-157.77,-21.84],[-157.76,-21.96],[-157.83,-22.02]],[[-154.74,-21.89],[-154.81,-21.82],[-154.79,-21.71],[-154.71,-21.65],[-154.61,-21.68],[-154.56,-21.75],[-154.58,-21.83],[-154.67,-21.89],[-154.74,-21.89]],[[-140.69,-21.84],[-140.79,-21.75],[-140.8,-21.61],[-140.67,-21.5],[-140.54,-21.5],[-140.43,-21.6],[-140.45,-21.76],[-140.56,-21.84],[-140.69,-21.84]],[[-168.83,-21.5],[-168.83,-21.56],[-168.87,-21.6],[-168.92,-21.6],[-168.97,-21.57],[-168.93,-21.46],[-168.87,-21.46],[-168.83,-21.5]],[[-137.04,-21.46],[-137.07,-21.37],[-137.02,-21.22],[-137.04,-21.02],[-136.88,-20.96],[-136.68,-21.16],[-136.32,-21.19],[-136.2,-21.31],[-136.13,-21.46],[-135.99,-21.42],[-135.89,-21.36],[-135.49,-21.36],[-135.34,-21.43],[-135.29,-21.55],[-135.59,-21.77],[-135.68,-21.73],[-135.77,-21.55],[-135.86,-21.67],[-136.01,-21.62],[-136.1,-21.72],[-136.27,-21.67],[-136.42,-21.71],[-136.56,-21.6],[-136.68,-21.58],[-136.82,-21.41],[-137.04,-21.46]],[[-159.71,-21.35],[-159.85,-21.34],[-159.91,-21.26],[-159.88,-21.13],[-159.76,-21.06],[-159.67,-21.08],[-159.62,-21.19],[-159.64,-21.31],[-159.71,-21.35]],[[-163.82,-21.08],[-163.86,-21.15],[-163.96,-21.18],[-164.05,-21.14],[-164.08,-21.07],[-164.04,-20.99],[-163.98,-20.97],[-163.86,-21.0],[-163.82,-21.08]],[[-137.54,-21.02],[-137.54,-20.93],[-137.49,-20.89],[-137.43,-20.91],[-137.18,-21.09],[-137.17,-21.19],[-137.23,-21.26],[-137.32,-21.26],[-137.46,-21.16],[-137.54,-21.02]],[[-81.75,-20.93],[-81.77,-20.88],[-81.74,-20.8],[-81.63,-20.76],[-81.57,-20.78],[-81.55,-20.83],[-81.57,-20.9],[-81.68,-20.95],[-81.75,-20.93]],[[-131.21,-20.81],[-131.34,-20.82],[-131.38,-20.76],[-131.33,-20.69],[-131.24,-20.69],[-131.19,-20.77],[-131.21,-20.81]],[[-132.3,-20.95],[-132.23,-21.01],[-132.26,-21.07],[-132.33,-21.09],[-132.38,-21.06],[-132.39,-20.99],[-132.36,-20.95],[-132.3,-20.95]],[[-150.69,-21.15],[-150.63,-21.19],[-150.62,-21.26],[-150.65,-21.34],[-150.72,-21.35],[-150.8,-21.31],[-150.82,-21.24],[-150.77,-21.17],[-150.69,-21.15]],[[-82.21,-21.32],[-82.18,-21.24],[-82.14,-21.23],[-81.98,-21.22],[-81.92,-21.27],[-81.95,-21.38],[-82.06,-21.46],[-82.17,-21.42],[-82.21,-21.32]],[[-82.23,-21.73],[-82.21,-21.59],[-82.08,-21.56],[-81.99,-21.63],[-82.0,-21.76],[-82.04,-21.81],[-82.1,-21.83],[-82.18,-21.82],[-82.23,-21.73]],[[-82.46,-21.82],[-82.38,-21.9],[-82.36,-21.98],[-82.4,-22.05],[-82.49,-22.08],[-82.58,-22.03],[-82.7,-22.05],[-82.75,-22.03],[-82.75,-21.94],[-82.72,-21.89],[-82.63,-21.85],[-82.46,-21.82]],[[-134.14,-22.07],[-134.17,-22.18],[-134.24,-22.2],[-134.3,-22.16],[-134.3,-22.08],[-134.24,-22.03],[-134.2,-22.02],[-134.14,-22.07]],[[-135.2,-22.03],[-135.11,-22.11],[-135.15,-22.19],[-135.21,-22.18],[-135.29,-22.1],[-135.27,-22.01],[-135.2,-22.03]],[[-135.62,-22.02],[-135.61,-22.1],[-135.65,-22.15],[-135.72,-22.15],[-135.81,-22.08],[-135.8,-22.02],[-135.72,-21.96],[-135.62,-22.02]],[[-134.84,-22.01],[-135.02,-21.89],[-135.02,-21.79],[-134.91,-21.79],[-134.72,-21.88],[-134.73,-21.98],[-134.84,-22.01]],[[-138.06,-21.78],[-138.16,-21.86],[-138.23,-21.82],[-138.21,-21.74],[-138.13,-21.68],[-138.08,-21.69],[-138.06,-21.78]],[[-138.37,-21.73],[-138.33,-21.8],[-138.36,-21.86],[-138.55,-21.84],[-138.82,-21.99],[-139.08,-22.0],[-139.2,-21.95],[-139.21,-21.89],[-139.17,-21.81],[-138.91,-21.66],[-138.77,-21.66],[-138.55,-21.6],[-138.37,-21.73]],[[-137.88,-21.66],[-137.89,-21.59],[-137.77,-21.52],[-137.69,-21.55],[-137.63,-21.65],[-137.64,-21.7],[-137.73,-21.72],[-137.88,-21.66]],[[-137.21,-21.67],[-137.24,-21.57],[-137.2,-21.49],[-137.13,-21.46],[-137.07,-21.52],[-137.08,-21.63],[-137.15,-21.69],[-137.21,-21.67]],[[-138.0,-22.37],[-137.95,-22.27],[-137.91,-22.25],[-137.84,-22.28],[-137.82,-22.35],[-137.86,-22.44],[-137.92,-22.45],[-138.0,-22.37]],[[-150.88,-22.42],[-150.82,-22.54],[-150.85,-22.6],[-150.96,-22.65],[-151.06,-22.62],[-151.08,-22.56],[-151.04,-22.46],[-150.88,-22.42]],[[-83.83,-22.49],[-83.73,-22.45],[-83.61,-22.48],[-83.57,-22.51],[-83.56,-22.61],[-83.62,-22.68],[-83.77,-22.68],[-83.86,-22.58],[-83.83,-22.49]],[[-133.43,-22.51],[-133.38,-22.58],[-133.4,-22.68],[-133.63,-22.8],[-133.87,-22.78],[-134.02,-22.8],[-134.16,-22.67],[-134.21,-22.58],[-134.2,-22.54],[-134.13,-22.51],[-133.93,-22.66],[-133.62,-22.51],[-133.43,-22.51]],[[-135.07,-22.95],[-134.98,-22.9],[-134.85,-22.93],[-134.74,-23.07],[-134.74,-23.21],[-134.84,-23.33],[-134.88,-23.46],[-134.93,-23.5],[-135.02,-23.48],[-135.1,-23.28],[-135.32,-23.33],[-135.4,-23.23],[-135.38,-23.16],[-135.19,-23.06],[-135.07,-22.95]],[[-113.49,-23.08],[-113.54,-23.04],[-113.55,-22.98],[-113.46,-22.92],[-113.41,-22.95],[-113.39,-23.04],[-113.43,-23.08],[-113.49,-23.08]],[[-134.47,-23.47],[-134.59,-23.42],[-134.62,-23.36],[-134.6,-23.26],[-134.49,-23.2],[-134.38,-23.25],[-134.33,-23.34],[-134.38,-23.45],[-134.47,-23.47]],[[-85.2,-23.46],[-85.26,-23.4],[-85.22,-23.3],[-85.06,-23.3],[-85.04,-23.35],[-85.07,-23.43],[-85.13,-23.47],[-85.2,-23.46]],[[-83.44,-23.46],[-83.43,-23.38],[-83.32,-23.31],[-83.26,-23.32],[-83.19,-23.4],[-83.2,-23.52],[-83.3,-23.59],[-83.38,-23.57],[-83.44,-23.46]],[[-85.42,-23.51],[-85.34,-23.57],[-85.35,-23.63],[-85.38,-23.67],[-85.51,-23.68],[-85.61,-23.63],[-85.62,-23.58],[-85.58,-23.52],[-85.42,-23.51]],[[-131.36,-23.63],[-131.29,-23.7],[-131.33,-23.76],[-131.39,-23.77],[-131.45,-23.74],[-131.45,-23.68],[-131.42,-23.64],[-131.36,-23.63]],[[-85.97,-23.77],[-85.84,-23.82],[-85.82,-23.88],[-85.86,-23.94],[-85.91,-23.95],[-86.02,-23.93],[-86.17,-23.98],[-86.22,-23.96],[-86.24,-23.89],[-86.18,-23.81],[-85.97,-23.77]],[[-120.19,-23.81],[-120.15,-23.88],[-120.19,-23.96],[-120.27,-24.0],[-120.36,-23.99],[-120.39,-23.93],[-120.36,-23.86],[-120.19,-23.81]],[[-130.68,-23.82],[-130.61,-23.9],[-130.63,-23.98],[-130.71,-24.01],[-130.84,-23.95],[-130.84,-23.87],[-130.8,-23.83],[-130.68,-23.82]],[[-133.2,-23.88],[-133.27,-23.93],[-133.41,-23.91],[-133.45,-23.82],[-133.43,-23.75],[-133.34,-23.71],[-133.24,-23.73],[-133.19,-23.79],[-133.2,-23.88]],[[-133.66,-23.74],[-133.7,-23.81],[-133.79,-23.81],[-133.85,-23.76],[-133.87,-23.69],[-133.82,-23.62],[-133.72,-23.59],[-133.67,-23.65],[-133.66,-23.74]],[[-131.66,-23.7],[-131.57,-23.75],[-131.55,-23.8],[-131.6,-23.85],[-131.67,-23.86],[-131.73,-23.81],[-131.73,-23.75],[-131.66,-23.7]],[[-147.36,-24.02],[-147.27,-24.02],[-147.22,-24.11],[-147.31,-24.22],[-147.41,-24.23],[-147.46,-24.14],[-147.36,-24.02]],[[-86.57,-24.04],[-86.52,-24.1],[-86.57,-24.16],[-86.78,-24.19],[-86.8,-24.16],[-86.75,-24.1],[-86.57,-24.04]],[[-146.91,-24.14],[-146.82,-24.18],[-146.85,-24.26],[-146.93,-24.26],[-146.98,-24.22],[-146.98,-24.14],[-146.91,-24.14]],[[-147.65,-24.26],[-147.73,-24.33],[-147.84,-24.35],[-147.89,-24.32],[-147.91,-24.24],[-147.88,-24.19],[-147.7,-24.14],[-147.65,-24.17],[-147.65,-24.26]],[[-112.0,-24.52],[-111.96,-24.46],[-111.88,-24.45],[-111.83,-24.49],[-111.82,-24.6],[-111.91,-24.63],[-111.97,-24.59],[-112.0,-24.52]],[[-123.64,-24.56],[-123.61,-24.59],[-123.61,-24.68],[-123.67,-24.71],[-123.75,-24.68],[-123.76,-24.61],[-123.64,-24.56]],[[-119.09,-24.64],[-119.02,-24.65],[-119.01,-24.69],[-119.14,-24.86],[-119.24,-24.88],[-119.36,-24.83],[-119.36,-24.76],[-119.3,-24.7],[-119.09,-24.64]],[[-96.13,-24.76],[-95.96,-24.73],[-95.94,-24.85],[-96.07,-24.86],[-96.17,-25.03],[-96.3,-25.05],[-96.42,-24.99],[-96.4,-24.91],[-96.31,-24.89],[-96.13,-24.76]],[[-95.59,-24.82],[-95.46,-24.8],[-95.42,-24.86],[-95.43,-24.92],[-95.51,-24.96],[-95.61,-24.93],[-95.63,-24.86],[-95.59,-24.82]],[[-96.56,-24.95],[-96.5,-25.01],[-96.44,-25.14],[-96.46,-25.2],[-96.51,-25.23],[-96.7,-25.18],[-96.86,-25.22],[-97.41,-25.21],[-97.61,-25.15],[-97.73,-25.04],[-97.92,-24.96],[-98.14,-25.08],[-98.33,-25.1],[-98.51,-25.24],[-98.58,-25.25],[-99.1,-25.1],[-99.14,-25.03],[-99.14,-24.98],[-99.08,-24.93],[-98.47,-24.98],[-98.11,-24.82],[-97.82,-24.82],[-97.69,-24.77],[-97.61,-24.78],[-97.17,-25.03],[-96.93,-25.08],[-96.69,-24.95],[-96.56,-24.95]],[[-91.44,-25.15],[-91.47,-25.06],[-91.44,-24.96],[-91.14,-24.91],[-90.74,-25.03],[-90.64,-25.14],[-90.66,-25.2],[-90.71,-25.22],[-90.91,-25.13],[-91.08,-25.18],[-91.44,-25.15]],[[-88.77,-24.93],[-88.72,-24.88],[-88.55,-24.82],[-88.21,-24.87],[-87.82,-25.12],[-87.78,-25.2],[-87.79,-25.25],[-87.89,-25.3],[-88.18,-25.25],[-88.51,-25.1],[-88.74,-25.06],[-88.78,-25.01],[-88.77,-24.93]],[[-86.57,-24.84],[-86.49,-24.81],[-86.42,-24.83],[-86.4,-24.96],[-86.43,-24.99],[-86.58,-24.97],[-86.61,-24.89],[-86.57,-24.84]],[[-85.68,-25.28],[-85.67,-25.23],[-85.61,-25.17],[-85.53,-25.19],[-85.49,-25.27],[-85.52,-25.35],[-85.56,-25.37],[-85.62,-25.36],[-85.68,-25.28]],[[-85.25,-25.28],[-85.2,-25.2],[-85.1,-25.19],[-85.0,-25.28],[-85.0,-25.37],[-85.13,-25.46],[-85.25,-25.82],[-85.37,-25.85],[-85.5,-25.82],[-85.64,-25.68],[-85.69,-25.59],[-85.68,-25.51],[-85.37,-25.34],[-85.22,-25.39],[-85.25,-25.28]],[[-84.28,-25.58],[-84.35,-25.49],[-84.34,-25.42],[-84.16,-25.34],[-84.06,-25.36],[-84.03,-25.44],[-84.08,-25.53],[-84.28,-25.58]],[[-86.08,-25.7],[-86.02,-25.73],[-86.0,-25.8],[-86.03,-25.86],[-86.11,-25.89],[-86.33,-25.87],[-86.47,-25.94],[-86.57,-25.94],[-86.66,-25.87],[-86.89,-25.95],[-86.97,-25.93],[-87.0,-25.87],[-86.97,-25.79],[-86.81,-25.68],[-86.98,-25.61],[-86.97,-25.54],[-86.9,-25.5],[-86.82,-25.52],[-86.77,-25.58],[-86.78,-25.61],[-86.68,-25.52],[-86.58,-25.51],[-86.46,-25.59],[-86.38,-25.69],[-86.08,-25.7]],[[-90.5,-25.87],[-90.52,-25.96],[-90.59,-25.99],[-90.67,-25.98],[-90.77,-25.92],[-91.02,-25.95],[-91.09,-25.9],[-91.11,-25.74],[-90.99,-25.69],[-90.89,-25.7],[-90.74,-25.82],[-90.58,-25.8],[-90.5,-25.87]],[[-95.83,-25.99],[-96.09,-25.98],[-96.15,-25.94],[-96.18,-25.86],[-96.11,-25.81],[-95.76,-25.79],[-95.45,-25.65],[-95.29,-25.66],[-95.21,-25.73],[-95.22,-25.85],[-95.33,-25.93],[-95.69,-25.94],[-95.83,-25.99]],[[-96.66,-25.85],[-96.61,-25.95],[-96.65,-26.03],[-96.74,-26.07],[-96.83,-26.05],[-96.87,-25.99],[-96.87,-25.92],[-96.73,-25.85],[-96.66,-25.85]],[[-96.52,-26.07],[-96.43,-25.99],[-96.39,-26.0],[-96.36,-26.12],[-96.42,-26.18],[-96.48,-26.16],[-96.52,-26.11],[-96.52,-26.07]],[[-91.77,-26.13],[-91.67,-26.06],[-91.58,-26.09],[-91.53,-26.17],[-91.55,-26.27],[-91.63,-26.32],[-91.72,-26.29],[-91.78,-26.22],[-91.77,-26.13]],[[-86.42,-26.24],[-86.42,-26.19],[-86.35,-26.13],[-86.27,-26.14],[-86.24,-26.21],[-86.26,-26.29],[-86.3,-26.3],[-86.39,-26.28],[-86.42,-26.24]],[[-90.46,-26.26],[-90.4,-26.32],[-90.4,-26.39],[-90.47,-26.44],[-90.54,-26.42],[-90.59,-26.38],[-90.6,-26.31],[-90.53,-26.25],[-90.46,-26.26]],[[-86.76,-26.43],[-86.62,-26.34],[-86.56,-26.36],[-86.53,-26.42],[-86.55,-26.5],[-86.63,-26.55],[-86.74,-26.5],[-86.76,-26.43]],[[-104.97,-26.51],[-104.86,-26.55],[-104.79,-26.63],[-104.81,-26.74],[-104.85,-26.77],[-105.03,-26.72],[-105.1,-26.63],[-105.05,-26.52],[-104.97,-26.51]],[[-102.13,-26.76],[-101.97,-26.77],[-101.94,-26.81],[-101.94,-27.05],[-101.98,-27.17],[-102.03,-27.18],[-102.14,-27.13],[-102.3,-26.92],[-102.29,-26.8],[-102.13,-26.76]],[[-101.47,-27.17],[-101.51,-27.12],[-101.5,-27.06],[-101.42,-26.99],[-101.38,-26.99],[-101.35,-27.13],[-101.42,-27.19],[-101.47,-27.17]],[[-102.37,-27.19],[-102.54,-27.18],[-102.58,-27.09],[-102.48,-27.01],[-102.31,-26.98],[-102.25,-27.08],[-102.27,-27.12],[-102.37,-27.19]],[[-103.88,-27.19],[-103.83,-27.26],[-103.85,-27.35],[-103.94,-27.4],[-104.06,-27.38],[-104.09,-27.31],[-104.06,-27.22],[-103.98,-27.18],[-103.88,-27.19]],[[-93.84,-27.36],[-93.68,-27.28],[-93.62,-27.31],[-93.6,-27.36],[-93.64,-27.44],[-93.73,-27.48],[-93.82,-27.45],[-93.84,-27.36]],[[-94.24,-27.47],[-94.2,-27.58],[-94.22,-27.62],[-94.28,-27.63],[-94.34,-27.53],[-94.3,-27.48],[-94.24,-27.47]],[[-105.04,-27.6],[-105.01,-27.67],[-105.05,-27.74],[-105.17,-27.77],[-105.22,-27.74],[-105.24,-27.62],[-105.34,-27.67],[-105.45,-27.61],[-105.49,-27.52],[-105.48,-27.44],[-105.42,-27.39],[-105.37,-27.39],[-105.23,-27.58],[-105.12,-27.56],[-105.04,-27.6]],[[-105.61,-27.76],[-105.63,-27.9],[-105.7,-27.95],[-105.74,-27.94],[-105.75,-27.87],[-105.71,-27.78],[-105.61,-27.76]],[[-104.98,-27.95],[-104.95,-27.84],[-104.87,-27.82],[-104.83,-27.9],[-104.86,-27.99],[-104.89,-28.0],[-104.98,-27.95]],[[-109.06,-27.97],[-109.07,-28.01],[-109.15,-28.03],[-109.22,-27.99],[-109.23,-27.96],[-109.13,-27.88],[-109.09,-27.9],[-109.06,-27.97]],[[-142.54,-27.91],[-142.59,-27.95],[-142.67,-27.91],[-142.68,-27.85],[-142.66,-27.79],[-142.57,-27.79],[-142.54,-27.91]],[[-110.58,-27.91],[-110.67,-27.8],[-110.7,-27.65],[-110.64,-27.59],[-110.54,-27.58],[-110.45,-27.64],[-110.53,-27.9],[-110.58,-27.91]],[[-107.95,-27.6],[-107.96,-27.54],[-107.86,-27.27],[-107.78,-27.24],[-107.74,-27.27],[-107.73,-27.34],[-107.79,-27.52],[-107.9,-27.62],[-107.95,-27.6]],[[-113.77,-27.47],[-113.87,-27.51],[-113.99,-27.46],[-114.05,-27.36],[-114.02,-27.31],[-113.92,-27.3],[-113.8,-27.35],[-113.76,-27.41],[-113.77,-27.47]],[[-143.42,-27.3],[-143.51,-27.3],[-143.57,-27.16],[-143.54,-27.09],[-143.39,-27.05],[-143.34,-27.07],[-143.31,-27.16],[-143.37,-27.27],[-143.42,-27.3]],[[-144.02,-27.07],[-144.07,-27.14],[-144.22,-27.14],[-144.36,-27.05],[-144.4,-26.94],[-144.33,-26.86],[-144.19,-26.86],[-144.07,-26.96],[-144.02,-27.07]],[[-114.58,-26.87],[-114.71,-26.82],[-114.72,-26.73],[-114.69,-26.7],[-114.55,-26.7],[-114.27,-26.8],[-114.3,-26.85],[-114.41,-26.88],[-114.58,-26.87]],[[-144.92,-26.73],[-144.97,-26.81],[-145.08,-26.81],[-145.22,-26.7],[-145.22,-26.59],[-145.09,-26.55],[-145.02,-26.56],[-144.96,-26.63],[-144.92,-26.73]],[[-146.26,-26.59],[-146.28,-26.74],[-146.39,-26.8],[-146.59,-26.79],[-146.71,-26.71],[-146.69,-26.6],[-146.54,-26.45],[-146.38,-26.45],[-146.3,-26.5],[-146.26,-26.59]],[[-116.19,-26.53],[-116.36,-26.53],[-116.41,-26.46],[-116.29,-26.4],[-115.99,-26.4],[-115.7,-26.54],[-115.66,-26.6],[-115.69,-26.63],[-115.81,-26.65],[-116.19,-26.53]],[[-116.86,-26.39],[-117.17,-26.32],[-117.23,-26.27],[-117.22,-26.23],[-117.14,-26.16],[-116.98,-26.26],[-116.82,-26.27],[-116.81,-26.34],[-116.86,-26.39]],[[-145.78,-26.26],[-145.86,-26.27],[-146.08,-26.22],[-146.15,-26.14],[-146.14,-26.09],[-145.97,-26.07],[-145.82,-26.11],[-145.75,-26.2],[-145.78,-26.26]],[[-118.66,-26.2],[-118.73,-26.11],[-118.66,-26.02],[-118.62,-26.02],[-118.54,-26.07],[-118.52,-26.16],[-118.57,-26.21],[-118.66,-26.2]],[[-120.41,-26.02],[-120.54,-26.03],[-120.58,-25.96],[-120.52,-25.9],[-120.46,-25.9],[-120.4,-25.95],[-120.41,-26.02]],[[-121.27,-25.9],[-121.42,-25.91],[-121.48,-25.84],[-121.42,-25.78],[-121.31,-25.75],[-121.25,-25.83],[-121.27,-25.9]],[[-121.58,-25.78],[-121.52,-25.85],[-121.54,-25.9],[-121.67,-25.89],[-121.7,-25.85],[-121.68,-25.8],[-121.58,-25.78]],[[-120.34,-25.81],[-120.46,-25.68],[-120.66,-25.68],[-120.66,-25.57],[-120.5,-25.49],[-120.3,-25.5],[-120.27,-25.67],[-120.3,-25.78],[-120.34,-25.81]],[[-119.16,-25.51],[-119.24,-25.41],[-119.21,-25.32],[-118.82,-25.25],[-118.81,-25.31],[-118.85,-25.37],[-118.98,-25.46],[-119.16,-25.51]],[[-129.18,-25.32],[-129.18,-25.4],[-129.24,-25.44],[-129.33,-25.38],[-129.33,-25.33],[-129.29,-25.27],[-129.21,-25.26],[-129.18,-25.32]],[[-101.01,-25.28],[-101.09,-25.24],[-101.12,-25.17],[-101.09,-25.09],[-101.03,-25.06],[-100.75,-25.06],[-100.54,-24.98],[-100.34,-25.03],[-100.15,-24.98],[-99.77,-25.03],[-99.33,-24.98],[-99.26,-25.02],[-99.17,-25.3],[-99.19,-25.37],[-99.28,-25.41],[-99.53,-25.27],[-99.85,-25.2],[-100.2,-25.23],[-100.52,-25.17],[-100.78,-25.29],[-101.01,-25.28]],[[-130.0,-25.17],[-130.11,-25.18],[-130.21,-25.12],[-130.22,-25.01],[-130.18,-24.96],[-130.1,-24.94],[-129.99,-25.01],[-129.95,-25.1],[-130.0,-25.17]],[[-122.04,-25.13],[-122.13,-25.06],[-122.14,-25.01],[-122.09,-24.94],[-121.96,-24.94],[-121.91,-24.98],[-121.9,-25.08],[-121.93,-25.12],[-122.04,-25.13]],[[-121.9,-24.96],[-121.96,-24.87],[-121.92,-24.77],[-121.8,-24.74],[-121.69,-24.65],[-121.49,-24.67],[-121.5,-24.83],[-121.66,-24.86],[-121.83,-24.96],[-121.9,-24.96]],[[-124.05,-24.73],[-124.22,-24.75],[-124.27,-24.68],[-124.2,-24.61],[-124.11,-24.59],[-124.06,-24.62],[-124.03,-24.68],[-124.05,-24.73]],[[-118.12,-24.83],[-118.0,-24.8],[-117.94,-24.82],[-117.94,-24.91],[-118.01,-24.96],[-117.95,-25.03],[-117.96,-25.08],[-118.02,-25.09],[-118.1,-24.98],[-118.26,-25.05],[-118.3,-25.03],[-118.3,-24.96],[-118.12,-24.83]],[[-121.38,-25.09],[-121.49,-25.08],[-121.52,-25.03],[-121.5,-24.95],[-121.43,-24.9],[-121.36,-24.94],[-121.38,-25.09]],[[-119.73,-24.91],[-119.73,-25.05],[-119.93,-25.06],[-119.93,-24.94],[-119.73,-24.91]],[[-93.66,-25.37],[-93.69,-25.27],[-93.61,-25.21],[-93.47,-25.23],[-93.4,-25.34],[-93.44,-25.43],[-93.5,-25.44],[-93.66,-25.37]],[[-91.75,-25.25],[-91.64,-25.18],[-91.52,-25.2],[-91.42,-25.29],[-91.39,-25.39],[-91.49,-25.45],[-91.67,-25.42],[-91.75,-25.37],[-91.75,-25.25]],[[-90.41,-25.25],[-90.55,-25.2],[-90.58,-25.15],[-90.53,-25.04],[-90.39,-24.96],[-90.14,-25.03],[-90.01,-25.2],[-90.02,-25.25],[-90.13,-25.28],[-90.41,-25.25]],[[-89.93,-25.02],[-89.88,-24.96],[-89.83,-24.96],[-89.71,-25.03],[-89.59,-25.03],[-89.54,-25.08],[-89.34,-25.09],[-89.31,-25.16],[-89.36,-25.23],[-89.43,-25.25],[-89.57,-25.2],[-89.72,-25.2],[-89.84,-25.14],[-89.93,-25.02]],[[-91.35,-25.43],[-91.37,-25.36],[-91.3,-25.31],[-91.2,-25.29],[-91.15,-25.32],[-91.13,-25.37],[-91.17,-25.44],[-91.26,-25.46],[-91.35,-25.43]],[[-87.41,-25.34],[-87.31,-25.3],[-87.15,-25.34],[-87.07,-25.47],[-87.1,-25.6],[-87.23,-25.64],[-87.43,-25.55],[-87.48,-25.45],[-87.41,-25.34]],[[-89.03,-25.4],[-88.94,-25.44],[-88.92,-25.51],[-88.92,-25.59],[-88.99,-25.67],[-89.18,-25.68],[-89.47,-25.61],[-89.64,-25.68],[-89.64,-25.78],[-89.69,-25.84],[-89.8,-25.81],[-89.74,-25.68],[-89.8,-25.54],[-89.76,-25.48],[-89.52,-25.49],[-89.23,-25.39],[-89.03,-25.4]],[[-92.64,-25.66],[-92.69,-25.7],[-92.88,-25.7],[-93.07,-25.62],[-93.14,-25.5],[-93.1,-25.44],[-93.0,-25.41],[-92.68,-25.5],[-92.62,-25.57],[-92.64,-25.66]],[[-93.23,-25.56],[-93.17,-25.61],[-93.16,-25.66],[-93.22,-25.76],[-93.34,-25.81],[-93.45,-25.78],[-93.48,-25.64],[-93.23,-25.56]],[[-93.84,-25.79],[-93.95,-25.82],[-94.04,-25.75],[-93.98,-25.68],[-93.88,-25.65],[-93.84,-25.68],[-93.84,-25.79]],[[-94.91,-25.79],[-95.0,-25.79],[-95.08,-25.73],[-95.08,-25.67],[-95.04,-25.61],[-94.55,-25.54],[-94.46,-25.58],[-94.4,-25.66],[-94.42,-25.73],[-94.5,-25.78],[-94.75,-25.73],[-94.91,-25.79]],[[-98.83,-25.63],[-99.09,-25.74],[-99.2,-25.71],[-99.25,-25.62],[-99.07,-25.43],[-98.91,-25.4],[-98.77,-25.46],[-98.78,-25.57],[-98.83,-25.63]],[[-96.73,-25.72],[-96.7,-25.67],[-96.45,-25.67],[-96.38,-25.7],[-96.37,-25.77],[-96.43,-25.82],[-96.53,-25.85],[-96.67,-25.8],[-96.73,-25.72]],[[-100.3,-25.81],[-100.16,-25.86],[-100.17,-25.95],[-100.38,-25.97],[-100.42,-25.93],[-100.41,-25.87],[-100.44,-25.87],[-100.59,-26.1],[-100.69,-26.14],[-100.78,-26.11],[-100.85,-26.04],[-101.0,-26.01],[-101.09,-25.78],[-101.07,-25.71],[-100.99,-25.65],[-100.85,-25.7],[-100.4,-25.64],[-100.3,-25.68],[-100.29,-25.74],[-100.34,-25.81],[-100.3,-25.81]],[[-97.03,-25.87],[-96.96,-25.85],[-96.9,-25.89],[-96.89,-25.99],[-96.93,-26.03],[-96.98,-26.04],[-97.08,-26.0],[-97.09,-25.92],[-97.03,-25.87]],[[-99.95,-25.9],[-99.9,-25.97],[-99.9,-26.07],[-99.92,-26.11],[-100.0,-26.14],[-100.07,-26.1],[-100.1,-25.99],[-100.06,-25.92],[-99.95,-25.9]],[[-101.2,-25.93],[-101.14,-25.99],[-101.13,-26.08],[-101.19,-26.15],[-101.38,-26.22],[-101.54,-26.18],[-101.55,-26.12],[-101.47,-26.02],[-101.34,-25.95],[-101.2,-25.93]],[[-92.53,-26.21],[-92.47,-26.14],[-92.39,-26.13],[-92.33,-26.18],[-92.34,-26.26],[-92.36,-26.29],[-92.45,-26.3],[-92.52,-26.25],[-92.53,-26.21]],[[-92.18,-26.3],[-92.13,-26.28],[-92.07,-26.34],[-92.08,-26.44],[-92.15,-26.49],[-92.23,-26.44],[-92.23,-26.36],[-92.18,-26.3]],[[-104.5,-26.43],[-104.51,-26.47],[-104.59,-26.49],[-104.66,-26.46],[-104.67,-26.42],[-104.57,-26.35],[-104.53,-26.36],[-104.5,-26.43]],[[-105.12,-26.5],[-105.18,-26.57],[-105.25,-26.6],[-105.53,-26.52],[-105.65,-26.54],[-105.77,-26.5],[-105.95,-26.51],[-106.03,-26.54],[-106.08,-26.74],[-106.19,-26.77],[-106.36,-26.74],[-106.48,-26.67],[-106.43,-26.58],[-106.29,-26.56],[-106.34,-26.47],[-106.74,-26.48],[-106.82,-26.45],[-106.83,-26.41],[-106.78,-26.34],[-106.63,-26.26],[-106.45,-26.23],[-106.34,-26.3],[-106.31,-26.4],[-106.23,-26.34],[-105.86,-26.33],[-105.57,-26.26],[-105.41,-26.33],[-105.17,-26.26],[-105.08,-26.31],[-105.12,-26.5]],[[-106.02,-26.77],[-105.99,-26.69],[-105.88,-26.62],[-105.83,-26.63],[-105.8,-26.67],[-105.81,-26.79],[-105.9,-26.87],[-105.99,-26.84],[-106.02,-26.77]],[[-107.41,-26.8],[-107.45,-26.91],[-107.5,-26.94],[-107.57,-26.93],[-107.61,-26.87],[-107.59,-26.76],[-107.5,-26.7],[-107.44,-26.71],[-107.41,-26.8]],[[-103.03,-26.93],[-102.92,-26.9],[-102.86,-26.91],[-102.82,-27.0],[-102.85,-27.06],[-102.99,-27.14],[-103.12,-27.13],[-103.15,-27.08],[-103.13,-27.0],[-103.03,-26.93]],[[-105.02,-27.14],[-104.93,-27.2],[-104.95,-27.29],[-105.03,-27.32],[-105.15,-27.26],[-105.16,-27.18],[-105.12,-27.14],[-105.02,-27.14]],[[-104.88,-27.29],[-104.83,-27.19],[-104.8,-27.19],[-104.68,-27.24],[-104.62,-27.33],[-104.64,-27.36],[-104.72,-27.38],[-104.82,-27.35],[-104.88,-27.29]],[[-106.26,-27.14],[-106.31,-27.2],[-106.46,-27.27],[-106.59,-27.24],[-106.61,-27.17],[-106.58,-27.07],[-106.52,-26.99],[-106.38,-26.95],[-106.31,-26.96],[-106.27,-27.01],[-106.26,-27.14]],[[-109.27,-27.3],[-109.71,-27.38],[-109.73,-27.31],[-109.61,-27.15],[-109.78,-27.16],[-109.8,-27.12],[-109.78,-27.05],[-109.67,-27.0],[-109.55,-27.06],[-109.4,-26.93],[-109.22,-26.93],[-109.08,-26.98],[-108.99,-27.13],[-108.99,-27.22],[-109.02,-27.24],[-109.17,-27.22],[-109.27,-27.3]],[[-113.4,-27.21],[-113.35,-27.33],[-113.38,-27.41],[-113.47,-27.39],[-113.52,-27.26],[-113.4,-27.21]],[[-109.97,-27.02],[-110.06,-27.09],[-110.22,-27.08],[-110.35,-26.99],[-110.37,-26.93],[-110.35,-26.86],[-110.28,-26.79],[-110.2,-26.79],[-110.09,-26.93],[-109.97,-26.97],[-109.97,-27.02]],[[-110.9,-26.84],[-110.81,-26.93],[-110.67,-26.98],[-110.71,-27.07],[-110.77,-27.08],[-110.93,-27.0],[-111.12,-27.06],[-111.17,-27.05],[-111.18,-26.98],[-111.13,-26.92],[-110.9,-26.84]],[[-113.48,-26.85],[-113.49,-26.92],[-113.58,-26.97],[-113.66,-26.95],[-113.74,-26.88],[-113.87,-26.91],[-113.96,-26.87],[-114.07,-26.88],[-114.32,-26.72],[-114.34,-26.68],[-114.31,-26.62],[-114.05,-26.6],[-114.0,-26.66],[-113.88,-26.66],[-113.66,-26.78],[-113.52,-26.79],[-113.48,-26.85]],[[-110.9,-26.66],[-111.02,-26.6],[-111.03,-26.56],[-110.96,-26.49],[-110.87,-26.49],[-110.78,-26.57],[-110.78,-26.64],[-110.9,-26.66]],[[-114.65,-26.52],[-114.91,-26.38],[-115.07,-26.25],[-115.11,-26.18],[-115.08,-26.11],[-115.01,-26.09],[-114.91,-26.18],[-114.78,-26.18],[-114.71,-26.24],[-114.62,-26.38],[-114.61,-26.48],[-114.65,-26.52]],[[-117.26,-26.09],[-117.32,-26.1],[-117.38,-26.08],[-117.43,-25.97],[-117.38,-25.94],[-117.31,-25.97],[-117.26,-26.03],[-117.26,-26.09]],[[-116.59,-26.02],[-116.58,-25.91],[-116.48,-25.85],[-116.35,-25.87],[-116.16,-25.84],[-116.08,-25.88],[-116.04,-25.95],[-116.06,-26.02],[-116.59,-26.02]],[[-119.77,-25.87],[-119.83,-25.82],[-119.84,-25.72],[-119.77,-25.67],[-119.61,-25.63],[-119.57,-25.7],[-119.59,-25.79],[-119.67,-25.86],[-119.77,-25.87]],[[-117.54,-25.68],[-117.71,-25.64],[-117.7,-25.49],[-117.62,-25.41],[-117.5,-25.46],[-117.43,-25.57],[-117.47,-25.66],[-117.54,-25.68]],[[-99.88,-25.54],[-99.93,-25.47],[-99.91,-25.41],[-99.62,-25.32],[-99.57,-25.32],[-99.46,-25.44],[-99.46,-25.49],[-99.53,-25.54],[-99.88,-25.54]],[[-102.91,-25.55],[-102.89,-25.69],[-102.95,-25.75],[-103.01,-25.73],[-103.05,-25.68],[-103.04,-25.62],[-102.95,-25.55],[-102.91,-25.55]],[[-102.03,-25.81],[-101.92,-25.78],[-101.85,-25.8],[-101.81,-25.9],[-101.85,-26.0],[-101.94,-26.02],[-102.05,-25.94],[-102.1,-26.06],[-102.24,-26.11],[-102.34,-26.28],[-102.44,-26.27],[-102.52,-26.21],[-102.55,-26.06],[-102.48,-25.94],[-102.24,-25.86],[-102.09,-25.89],[-102.03,-25.81]],[[-102.01,-26.28],[-102.02,-26.22],[-101.96,-26.17],[-101.77,-26.11],[-101.65,-26.11],[-101.6,-26.16],[-101.62,-26.3],[-101.71,-26.38],[-101.89,-26.35],[-102.01,-26.28]],[[-103.0,-26.29],[-103.04,-26.39],[-103.12,-26.36],[-103.1,-26.3],[-103.03,-26.28],[-103.07,-26.13],[-102.99,-26.08],[-102.85,-26.1],[-102.82,-26.17],[-102.85,-26.25],[-103.0,-26.29]],[[-104.77,-26.3],[-104.7,-26.38],[-104.71,-26.45],[-104.78,-26.48],[-104.9,-26.45],[-104.91,-26.38],[-104.88,-26.33],[-104.77,-26.3]],[[-103.69,-26.1],[-103.73,-26.21],[-103.79,-26.23],[-103.89,-26.19],[-103.92,-26.12],[-103.9,-26.02],[-103.79,-25.98],[-103.74,-26.0],[-103.69,-26.1]],[[-103.35,-26.04],[-103.41,-25.99],[-103.42,-25.93],[-103.39,-25.87],[-103.3,-25.84],[-103.23,-25.9],[-103.23,-25.99],[-103.26,-26.03],[-103.35,-26.04]],[[-98.28,-25.61],[-98.3,-25.55],[-98.27,-25.5],[-98.13,-25.41],[-98.09,-25.42],[-98.07,-25.46],[-98.1,-25.54],[-98.28,-25.61]],[[-93.66,-25.65],[-93.57,-25.6],[-93.52,-25.64],[-93.52,-25.69],[-93.55,-25.73],[-93.62,-25.74],[-93.65,-25.71],[-93.66,-25.65]],[[-92.63,-25.45],[-92.65,-25.38],[-92.6,-25.3],[-92.5,-25.3],[-92.45,-25.37],[-92.32,-25.28],[-92.14,-25.25],[-91.99,-25.3],[-91.89,-25.42],[-91.88,-25.5],[-91.94,-25.56],[-92.26,-25.54],[-92.41,-25.64],[-92.48,-25.61],[-92.48,-25.51],[-92.52,-25.47],[-92.63,-25.45]],[[-90.4,-25.55],[-90.37,-25.43],[-90.27,-25.4],[-90.2,-25.45],[-90.24,-25.59],[-90.36,-25.61],[-90.4,-25.55]],[[-106.36,-27.59],[-106.33,-27.59],[-106.3,-27.66],[-106.37,-27.78],[-106.42,-27.76],[-106.45,-27.69],[-106.36,-27.59]],[[-110.01,-27.73],[-109.97,-27.79],[-109.99,-27.82],[-110.09,-27.86],[-110.18,-27.85],[-110.16,-27.77],[-110.01,-27.73]],[[-104.84,-27.55],[-104.85,-27.45],[-104.77,-27.39],[-104.73,-27.39],[-104.68,-27.47],[-104.7,-27.56],[-104.74,-27.59],[-104.84,-27.55]],[[-125.74,-24.61],[-125.71,-24.7],[-125.82,-24.74],[-126.14,-24.65],[-126.46,-24.66],[-126.52,-24.61],[-126.48,-24.55],[-126.37,-24.52],[-125.74,-24.61]],[[-173.58,-28.07],[-173.5,-28.15],[-173.54,-28.22],[-173.6,-28.24],[-173.68,-28.19],[-173.69,-28.14],[-173.65,-28.07],[-173.58,-28.07]],[[-163.78,-20.9],[-163.9,-20.87],[-163.9,-20.83],[-163.84,-20.76],[-163.75,-20.78],[-163.73,-20.84],[-163.78,-20.9]],[[-143.08,-20.83],[-143.17,-20.74],[-143.41,-20.69],[-143.43,-20.58],[-143.4,-20.52],[-143.26,-20.47],[-143.12,-20.57],[-142.92,-20.64],[-142.9,-20.69],[-142.94,-20.78],[-143.02,-20.83],[-143.08,-20.83]],[[-160.96,-20.56],[-160.94,-20.64],[-160.97,-20.68],[-161.04,-20.7],[-161.09,-20.68],[-161.11,-20.62],[-161.07,-20.56],[-160.96,-20.56]],[[-143.58,-20.55],[-143.66,-20.5],[-143.67,-20.36],[-143.62,-20.28],[-143.49,-20.27],[-143.4,-20.34],[-143.39,-20.46],[-143.46,-20.54],[-143.58,-20.55]],[[-139.27,-20.78],[-139.24,-20.66],[-139.15,-20.63],[-139.06,-20.66],[-139.01,-20.76],[-139.05,-20.86],[-139.16,-20.89],[-139.25,-20.84],[-139.27,-20.78]],[[-157.32,-20.25],[-157.42,-20.21],[-157.45,-20.13],[-157.42,-20.04],[-157.32,-19.98],[-157.26,-19.99],[-157.23,-20.1],[-157.27,-20.22],[-157.32,-20.25]],[[-166.64,-20.13],[-166.8,-20.17],[-166.86,-20.13],[-166.81,-20.05],[-166.72,-20.01],[-166.64,-20.04],[-166.64,-20.13]],[[-167.64,-20.02],[-167.68,-20.09],[-167.81,-20.12],[-167.93,-20.07],[-167.96,-20.0],[-167.88,-19.9],[-167.78,-19.88],[-167.66,-19.93],[-167.64,-20.02]],[[-158.4,-19.97],[-158.42,-19.86],[-158.39,-19.74],[-158.28,-19.68],[-158.22,-19.7],[-158.02,-19.91],[-158.0,-20.0],[-158.06,-20.09],[-158.13,-20.12],[-158.21,-20.06],[-158.23,-19.97],[-158.39,-20.05],[-158.4,-19.97]],[[-140.72,-19.7],[-140.79,-19.65],[-140.8,-19.59],[-140.75,-19.53],[-140.71,-19.52],[-140.64,-19.57],[-140.61,-19.65],[-140.66,-19.7],[-140.72,-19.7]],[[-148.55,-19.55],[-148.61,-19.62],[-148.69,-19.57],[-148.68,-19.48],[-148.6,-19.4],[-148.54,-19.44],[-148.55,-19.55]],[[-148.84,-19.41],[-148.96,-19.43],[-149.0,-19.37],[-148.95,-19.31],[-148.89,-19.29],[-148.85,-19.32],[-148.84,-19.41]],[[-167.6,-19.4],[-167.71,-19.39],[-167.72,-19.32],[-167.69,-19.27],[-167.63,-19.26],[-167.58,-19.29],[-167.6,-19.4]],[[-169.44,-19.26],[-169.46,-19.35],[-169.54,-19.37],[-169.62,-19.31],[-169.64,-19.24],[-169.61,-19.18],[-169.52,-19.15],[-169.44,-19.26]],[[-169.77,-19.2],[-169.86,-19.22],[-170.04,-19.11],[-170.05,-19.03],[-169.98,-18.92],[-169.81,-18.88],[-169.73,-18.91],[-169.69,-19.07],[-169.77,-19.2]],[[-169.43,-18.99],[-169.49,-18.94],[-169.48,-18.9],[-169.36,-18.85],[-169.33,-18.88],[-169.33,-18.97],[-169.35,-18.99],[-169.43,-18.99]],[[-159.92,-18.99],[-159.95,-18.91],[-159.9,-18.8],[-159.82,-18.7],[-159.71,-18.69],[-159.62,-18.94],[-159.64,-19.01],[-159.79,-19.07],[-159.86,-19.05],[-159.92,-18.99]],[[-172.03,-18.69],[-172.28,-18.7],[-172.34,-18.65],[-172.34,-18.58],[-172.28,-18.5],[-172.13,-18.46],[-172.01,-18.58],[-172.0,-18.64],[-172.03,-18.69]],[[-154.14,-18.5],[-154.24,-18.38],[-154.24,-18.28],[-154.15,-18.21],[-153.99,-18.23],[-153.93,-18.31],[-153.94,-18.43],[-154.03,-18.5],[-154.14,-18.5]],[[-168.95,-18.38],[-169.06,-18.44],[-169.18,-18.43],[-169.26,-18.36],[-169.25,-18.29],[-169.18,-18.23],[-169.01,-18.26],[-168.94,-18.31],[-168.95,-18.38]],[[-168.42,-18.37],[-168.53,-18.28],[-168.53,-18.19],[-168.41,-18.11],[-168.28,-18.13],[-168.23,-18.19],[-168.26,-18.3],[-168.31,-18.36],[-168.42,-18.37]],[[-163.24,-18.16],[-163.31,-18.08],[-163.28,-17.98],[-163.16,-17.9],[-163.05,-17.91],[-163.0,-18.04],[-163.03,-18.14],[-163.24,-18.16]],[[-163.4,-17.9],[-163.35,-17.95],[-163.36,-18.0],[-163.41,-18.05],[-163.48,-18.06],[-163.51,-17.93],[-163.45,-17.89],[-163.4,-17.9]],[[-154.2,-17.88],[-154.18,-17.8],[-154.12,-17.73],[-153.99,-17.73],[-153.93,-17.79],[-153.97,-17.92],[-154.04,-17.99],[-154.15,-17.97],[-154.2,-17.88]],[[-150.66,-17.77],[-150.76,-17.71],[-150.76,-17.58],[-150.62,-17.52],[-150.54,-17.53],[-150.5,-17.58],[-150.5,-17.7],[-150.55,-17.75],[-150.66,-17.77]],[[-168.8,-17.7],[-168.77,-17.74],[-168.78,-17.84],[-168.86,-17.88],[-168.94,-17.86],[-168.96,-17.82],[-168.95,-17.74],[-168.8,-17.7]],[[-149.68,-17.75],[-149.75,-17.69],[-149.92,-17.67],[-150.01,-17.62],[-150.04,-17.52],[-150.0,-17.43],[-149.85,-17.35],[-149.34,-17.3],[-149.27,-17.34],[-149.26,-17.45],[-149.21,-17.47],[-149.21,-17.54],[-149.03,-17.72],[-149.02,-17.9],[-149.08,-17.98],[-149.5,-18.05],[-149.59,-17.97],[-149.68,-17.75]],[[-145.3,-17.7],[-146.02,-17.12],[-146.04,-17.01],[-145.88,-16.97],[-145.75,-16.99],[-145.44,-17.26],[-145.32,-17.3],[-145.15,-17.57],[-144.87,-17.8],[-144.79,-17.9],[-144.79,-17.95],[-144.82,-17.98],[-144.9,-17.97],[-145.1,-17.83],[-145.22,-17.81],[-145.3,-17.7]],[[-149.42,-16.98],[-149.46,-17.08],[-149.55,-17.13],[-149.67,-17.06],[-149.69,-16.96],[-149.65,-16.88],[-149.53,-16.87],[-149.44,-16.91],[-149.42,-16.98]],[[-151.22,-16.93],[-151.38,-17.02],[-151.49,-17.01],[-151.58,-16.95],[-151.59,-16.81],[-151.64,-16.74],[-151.9,-16.6],[-151.92,-16.56],[-151.9,-16.38],[-151.95,-16.26],[-151.92,-16.15],[-151.83,-16.12],[-151.7,-16.14],[-151.65,-16.2],[-151.66,-16.32],[-151.63,-16.37],[-151.37,-16.44],[-151.2,-16.76],[-151.22,-16.93]],[[-153.6,-16.78],[-153.55,-16.84],[-153.57,-16.92],[-153.65,-16.97],[-153.71,-16.95],[-153.75,-16.88],[-153.73,-16.83],[-153.6,-16.78]],[[-153.8,-16.8],[-153.84,-16.9],[-153.95,-16.95],[-154.03,-16.91],[-154.08,-16.81],[-154.01,-16.71],[-153.93,-16.67],[-153.84,-16.71],[-153.8,-16.8]],[[-155.13,-16.74],[-155.11,-16.89],[-155.19,-16.94],[-155.26,-16.92],[-155.29,-16.85],[-155.27,-16.78],[-155.17,-16.72],[-155.13,-16.74]],[[-154.58,-16.68],[-154.65,-16.68],[-154.79,-16.63],[-154.86,-16.52],[-154.83,-16.41],[-154.68,-16.34],[-154.54,-16.42],[-154.49,-16.49],[-154.49,-16.58],[-154.58,-16.68]],[[-152.42,-16.41],[-152.39,-16.35],[-152.26,-16.29],[-152.14,-16.34],[-152.11,-16.4],[-152.15,-16.5],[-152.28,-16.58],[-152.4,-16.5],[-152.42,-16.41]],[[-166.08,-16.31],[-166.2,-16.28],[-166.21,-16.25],[-166.14,-16.18],[-166.06,-16.2],[-166.04,-16.26],[-166.08,-16.31]],[[-152.48,-16.42],[-152.43,-16.45],[-152.4,-16.55],[-152.45,-16.6],[-152.54,-16.61],[-152.6,-16.56],[-152.61,-16.49],[-152.56,-16.43],[-152.48,-16.42]],[[-152.71,-16.42],[-152.67,-16.47],[-152.67,-16.55],[-152.76,-16.58],[-152.8,-16.55],[-152.81,-16.48],[-152.78,-16.44],[-152.71,-16.42]],[[-151.03,-16.9],[-151.12,-16.82],[-151.15,-16.7],[-151.11,-16.6],[-151.02,-16.56],[-150.91,-16.6],[-150.82,-16.76],[-150.86,-16.87],[-150.91,-16.9],[-151.03,-16.9]],[[-146.31,-16.86],[-146.26,-16.73],[-146.2,-16.7],[-146.13,-16.74],[-146.11,-16.84],[-146.16,-16.93],[-146.25,-16.94],[-146.31,-16.86]],[[-143.09,-17.96],[-143.17,-17.9],[-143.18,-17.81],[-143.11,-17.75],[-143.01,-17.76],[-142.96,-17.82],[-142.95,-17.9],[-142.99,-17.95],[-143.09,-17.96]],[[-148.01,-17.77],[-147.97,-17.84],[-147.98,-17.93],[-148.01,-17.96],[-148.09,-17.97],[-148.14,-17.93],[-148.15,-17.84],[-148.1,-17.78],[-148.01,-17.77]],[[-144.74,-18.04],[-144.69,-18.04],[-144.64,-18.08],[-144.62,-18.14],[-144.64,-18.19],[-144.73,-18.19],[-144.78,-18.14],[-144.74,-18.04]],[[-152.68,-18.1],[-152.63,-18.13],[-152.62,-18.19],[-152.73,-18.35],[-152.88,-18.34],[-152.96,-18.42],[-153.01,-18.44],[-153.15,-18.42],[-153.21,-18.37],[-153.19,-18.29],[-153.16,-18.27],[-153.05,-18.26],[-152.93,-18.31],[-152.83,-18.14],[-152.68,-18.1]],[[-148.63,-18.32],[-148.6,-18.25],[-148.53,-18.23],[-148.46,-18.25],[-148.42,-18.32],[-148.43,-18.36],[-148.53,-18.4],[-148.61,-18.36],[-148.63,-18.32]],[[-152.55,-18.43],[-152.47,-18.45],[-152.3,-18.62],[-152.12,-18.65],[-152.08,-18.74],[-152.11,-18.81],[-152.26,-18.86],[-152.43,-18.77],[-152.6,-18.57],[-152.62,-18.51],[-152.55,-18.43]],[[-154.12,-19.02],[-154.17,-18.96],[-154.17,-18.93],[-154.05,-18.87],[-154.02,-18.9],[-154.01,-18.99],[-154.04,-19.02],[-154.12,-19.02]],[[-141.41,-19.01],[-141.37,-18.97],[-141.3,-18.97],[-141.17,-19.08],[-141.09,-19.22],[-141.11,-19.32],[-141.2,-19.36],[-141.3,-19.32],[-141.37,-19.21],[-141.41,-19.01]],[[-140.69,-19.27],[-140.81,-19.2],[-140.84,-19.12],[-140.81,-19.05],[-140.71,-18.99],[-140.56,-19.03],[-140.49,-19.15],[-140.54,-19.24],[-140.69,-19.27]],[[-138.84,-19.18],[-138.71,-19.18],[-138.59,-19.27],[-138.54,-19.41],[-138.6,-19.51],[-138.78,-19.45],[-138.9,-19.33],[-138.91,-19.24],[-138.84,-19.18]],[[-136.75,-19.51],[-136.67,-19.51],[-136.63,-19.55],[-136.62,-19.6],[-136.66,-19.65],[-136.73,-19.66],[-136.8,-19.61],[-136.79,-19.55],[-136.75,-19.51]],[[-133.55,-19.65],[-133.56,-19.58],[-133.5,-19.51],[-133.43,-19.52],[-133.38,-19.62],[-133.42,-19.69],[-133.55,-19.65]],[[-140.22,-19.72],[-140.23,-19.8],[-140.52,-19.73],[-140.56,-19.59],[-140.52,-19.49],[-140.45,-19.44],[-140.35,-19.44],[-140.33,-19.49],[-140.24,-19.54],[-140.22,-19.72]],[[-144.89,-19.72],[-144.82,-19.75],[-144.79,-19.83],[-144.82,-19.94],[-144.88,-20.02],[-144.99,-20.03],[-145.12,-19.97],[-145.21,-20.0],[-145.26,-19.95],[-145.24,-19.87],[-145.1,-19.82],[-145.06,-19.76],[-144.89,-19.72]],[[-157.61,-19.73],[-157.56,-19.85],[-157.6,-19.95],[-157.71,-19.99],[-157.83,-19.94],[-157.85,-19.84],[-157.82,-19.77],[-157.71,-19.71],[-157.61,-19.73]],[[-139.29,-19.46],[-139.37,-19.39],[-139.36,-19.27],[-139.19,-19.19],[-139.09,-19.24],[-139.06,-19.3],[-139.08,-19.41],[-139.17,-19.47],[-139.29,-19.46]],[[-150.75,-19.13],[-150.7,-19.21],[-150.74,-19.29],[-150.97,-19.39],[-151.15,-19.34],[-151.15,-19.23],[-151.01,-19.13],[-150.93,-19.13],[-150.84,-19.18],[-150.79,-19.13],[-150.75,-19.13]],[[-158.89,-19.37],[-159.05,-19.31],[-159.09,-19.22],[-159.07,-19.18],[-158.94,-19.14],[-158.82,-19.21],[-158.81,-19.3],[-158.89,-19.37]],[[-151.73,-19.24],[-151.73,-19.13],[-151.68,-19.08],[-151.45,-19.06],[-151.38,-19.1],[-151.38,-19.29],[-151.45,-19.36],[-151.63,-19.34],[-151.73,-19.24]],[[-139.12,-18.65],[-139.21,-18.67],[-139.29,-18.64],[-139.35,-18.55],[-139.33,-18.49],[-139.24,-18.43],[-139.12,-18.45],[-139.07,-18.55],[-139.12,-18.65]],[[-139.78,-18.44],[-139.72,-18.54],[-139.78,-18.61],[-139.87,-18.57],[-139.92,-18.52],[-139.85,-18.43],[-139.78,-18.44]],[[-148.23,-15.7],[-148.16,-15.76],[-148.14,-15.89],[-148.2,-15.94],[-148.3,-15.95],[-148.36,-15.9],[-148.37,-15.79],[-148.33,-15.73],[-148.23,-15.7]],[[-154.38,-15.73],[-154.39,-15.83],[-154.48,-15.91],[-154.59,-15.92],[-154.63,-15.89],[-154.64,-15.77],[-154.57,-15.68],[-154.47,-15.66],[-154.38,-15.73]],[[-155.68,-15.75],[-155.65,-15.79],[-155.66,-15.84],[-155.74,-15.87],[-155.86,-15.79],[-156.07,-15.73],[-156.08,-15.67],[-156.02,-15.6],[-155.95,-15.6],[-155.68,-15.75]],[[-153.72,-15.53],[-153.82,-15.53],[-153.85,-15.48],[-153.83,-15.4],[-153.76,-15.35],[-153.7,-15.38],[-153.72,-15.53]],[[-172.15,-15.05],[-172.23,-15.06],[-172.32,-14.98],[-172.32,-14.9],[-172.25,-14.82],[-172.21,-14.82],[-172.15,-14.88],[-172.12,-14.98],[-172.15,-15.05]],[[-170.66,-15.02],[-170.71,-14.96],[-170.71,-14.82],[-170.56,-14.73],[-170.51,-14.82],[-170.52,-14.91],[-170.59,-15.01],[-170.66,-15.02]],[[-174.0,-14.74],[-174.04,-14.78],[-174.18,-14.78],[-174.3,-14.72],[-174.31,-14.67],[-174.23,-14.6],[-174.07,-14.59],[-174.02,-14.63],[-174.0,-14.74]],[[-174.32,-14.62],[-174.34,-14.66],[-174.4,-14.68],[-174.47,-14.65],[-174.51,-14.6],[-174.43,-14.53],[-174.37,-14.51],[-174.33,-14.55],[-174.32,-14.62]],[[-170.1,-14.58],[-170.22,-14.42],[-170.32,-14.38],[-170.52,-14.37],[-170.72,-14.45],[-170.94,-14.45],[-171.01,-14.39],[-171.0,-14.24],[-170.75,-14.12],[-170.5,-14.11],[-170.33,-14.23],[-170.11,-14.26],[-169.9,-14.47],[-169.72,-14.52],[-169.7,-14.59],[-169.72,-14.64],[-169.8,-14.66],[-169.92,-14.59],[-170.1,-14.58]],[[-171.21,-14.47],[-171.3,-14.47],[-171.33,-14.37],[-171.31,-14.32],[-171.2,-14.27],[-171.14,-14.3],[-171.13,-14.38],[-171.21,-14.47]],[[-169.59,-14.35],[-169.61,-14.3],[-169.78,-14.28],[-169.82,-14.18],[-169.9,-14.12],[-169.9,-14.04],[-169.68,-14.03],[-169.3,-14.14],[-169.28,-14.22],[-169.32,-14.33],[-169.59,-14.35]],[[-150.22,-14.16],[-150.11,-14.09],[-150.01,-14.07],[-149.93,-14.11],[-149.83,-14.49],[-149.86,-14.59],[-149.93,-14.59],[-150.05,-14.52],[-150.09,-14.27],[-150.35,-14.34],[-150.46,-14.3],[-150.46,-14.19],[-150.43,-14.17],[-150.22,-14.16]],[[-149.18,-14.55],[-149.17,-14.47],[-149.08,-14.42],[-148.94,-14.42],[-148.87,-14.49],[-148.87,-14.66],[-148.99,-14.72],[-148.95,-14.89],[-148.99,-14.97],[-149.07,-14.96],[-149.17,-14.85],[-149.18,-14.74],[-149.14,-14.66],[-149.18,-14.55]],[[-168.09,-14.62],[-168.23,-14.6],[-168.23,-14.48],[-168.15,-14.44],[-168.08,-14.44],[-168.05,-14.55],[-168.09,-14.62]],[[-146.51,-14.41],[-146.4,-14.3],[-145.74,-14.23],[-145.65,-14.24],[-145.6,-14.32],[-145.7,-14.45],[-145.86,-14.54],[-146.36,-14.68],[-146.47,-14.67],[-146.53,-14.62],[-146.51,-14.41]],[[-144.58,-14.83],[-144.47,-14.82],[-144.4,-14.87],[-144.4,-14.97],[-144.45,-15.04],[-144.56,-15.08],[-144.71,-15.03],[-144.8,-15.09],[-144.87,-15.04],[-144.89,-14.92],[-144.85,-14.86],[-144.74,-14.86],[-144.67,-14.9],[-144.58,-14.83]],[[-142.53,-14.86],[-142.41,-14.77],[-142.37,-14.78],[-142.34,-14.82],[-142.34,-14.93],[-142.42,-15.01],[-142.49,-15.0],[-142.53,-14.94],[-142.53,-14.86]],[[-141.94,-14.93],[-141.98,-14.83],[-141.95,-14.78],[-141.82,-14.74],[-141.76,-14.76],[-141.77,-14.88],[-141.82,-14.93],[-141.91,-14.93],[-141.9,-15.09],[-142.03,-15.12],[-142.09,-15.11],[-142.05,-14.95],[-141.94,-14.93]],[[-143.61,-15.13],[-143.57,-15.19],[-143.6,-15.28],[-143.69,-15.28],[-143.76,-15.23],[-143.77,-15.19],[-143.71,-15.12],[-143.61,-15.13]],[[-142.97,-15.1],[-143.0,-15.05],[-143.0,-14.99],[-142.91,-14.91],[-142.87,-14.92],[-142.83,-15.06],[-142.9,-15.12],[-142.97,-15.1]],[[-143.98,-14.95],[-143.98,-15.05],[-144.01,-15.08],[-144.1,-15.09],[-144.17,-15.03],[-144.17,-14.94],[-144.1,-14.88],[-144.05,-14.88],[-143.98,-14.95]],[[-142.27,-15.68],[-142.19,-15.63],[-142.04,-15.61],[-142.01,-15.65],[-142.02,-15.81],[-142.2,-16.01],[-142.22,-16.1],[-142.33,-16.25],[-142.44,-16.36],[-142.55,-16.4],[-142.63,-16.32],[-142.6,-16.01],[-142.27,-15.68]],[[-143.11,-16.2],[-142.91,-16.28],[-142.86,-16.37],[-142.89,-16.45],[-142.95,-16.52],[-143.13,-16.57],[-143.31,-16.48],[-143.39,-16.37],[-143.4,-16.31],[-143.33,-16.21],[-143.11,-16.2]],[[-143.07,-15.8],[-143.02,-15.91],[-143.07,-15.97],[-143.15,-15.93],[-143.16,-15.88],[-143.14,-15.82],[-143.07,-15.8]],[[-142.37,-16.81],[-142.43,-16.75],[-142.43,-16.62],[-142.35,-16.56],[-142.27,-16.56],[-142.22,-16.66],[-142.21,-16.76],[-142.29,-16.82],[-142.37,-16.81]],[[-142.06,-16.78],[-142.06,-16.73],[-142.0,-16.69],[-141.85,-16.72],[-141.73,-16.83],[-141.71,-16.89],[-141.74,-16.96],[-141.87,-17.03],[-141.96,-17.02],[-142.02,-16.95],[-142.06,-16.78]],[[-175.96,-13.36],[-176.04,-13.58],[-176.38,-13.44],[-176.41,-13.39],[-176.33,-13.0],[-176.26,-12.96],[-176.03,-13.12],[-175.94,-13.22],[-175.96,-13.36]],[[-176.9,-13.47],[-176.82,-13.55],[-176.86,-13.69],[-176.98,-13.8],[-177.11,-13.81],[-177.17,-13.75],[-177.18,-13.69],[-177.11,-13.51],[-177.03,-13.46],[-176.9,-13.47]],[[-178.31,-12.97],[-178.34,-13.03],[-178.4,-13.04],[-178.47,-12.98],[-178.49,-12.91],[-178.46,-12.88],[-178.38,-12.89],[-178.31,-12.97]],[[-179.01,-12.95],[-179.08,-12.99],[-179.18,-12.99],[-179.4,-12.92],[-179.45,-12.84],[-179.44,-12.74],[-179.25,-12.63],[-179.07,-12.66],[-178.97,-12.79],[-179.01,-12.95]],[[-178.76,-12.92],[-178.87,-12.84],[-178.87,-12.78],[-178.82,-12.72],[-178.73,-12.69],[-178.63,-12.71],[-178.52,-12.8],[-178.54,-12.9],[-178.6,-12.93],[-178.76,-12.92]],[[-174.63,-13.15],[-174.73,-13.1],[-174.71,-12.97],[-174.25,-12.92],[-174.18,-12.98],[-174.1,-13.14],[-174.18,-13.19],[-174.63,-13.15]],[[-173.69,-13.18],[-173.64,-13.1],[-173.56,-13.09],[-173.52,-13.15],[-173.52,-13.27],[-173.61,-13.3],[-173.67,-13.25],[-173.69,-13.18]],[[-147.91,-13.43],[-147.93,-13.38],[-147.9,-13.33],[-147.84,-13.31],[-147.8,-13.34],[-147.78,-13.4],[-147.81,-13.45],[-147.91,-13.43]],[[-150.18,-13.82],[-150.37,-13.74],[-150.36,-13.66],[-150.2,-13.64],[-150.03,-13.71],[-150.02,-13.8],[-150.18,-13.82]],[[-176.17,-12.28],[-176.21,-12.21],[-176.19,-12.15],[-175.99,-12.17],[-175.84,-12.08],[-175.7,-12.07],[-175.62,-12.13],[-175.62,-12.24],[-175.7,-12.34],[-175.9,-12.29],[-176.07,-12.34],[-176.17,-12.28]],[[-174.07,-15.29],[-173.93,-15.26],[-173.88,-15.35],[-173.96,-15.42],[-174.08,-15.41],[-174.12,-15.34],[-174.07,-15.29]],[[-175.13,-15.8],[-175.22,-15.72],[-175.2,-15.64],[-175.14,-15.64],[-175.06,-15.73],[-175.08,-15.79],[-175.13,-15.8]],[[-175.09,-15.86],[-175.06,-15.87],[-175.07,-15.95],[-175.16,-16.05],[-175.2,-16.03],[-175.2,-15.9],[-175.09,-15.86]],[[-175.39,-16.04],[-175.0,-16.5],[-175.01,-16.59],[-175.1,-16.61],[-175.18,-16.56],[-175.2,-16.66],[-175.34,-16.63],[-175.39,-16.46],[-175.32,-16.38],[-175.39,-16.3],[-175.42,-16.44],[-175.49,-16.45],[-175.58,-16.42],[-175.68,-16.49],[-175.65,-16.68],[-175.78,-16.67],[-175.93,-16.73],[-176.08,-16.7],[-176.12,-16.64],[-176.1,-16.57],[-176.04,-16.52],[-175.94,-16.51],[-175.95,-16.4],[-175.9,-16.33],[-175.75,-16.27],[-175.8,-16.13],[-175.78,-16.02],[-175.66,-15.99],[-175.61,-16.1],[-175.48,-16.04],[-175.39,-16.04]],[[-174.53,-16.56],[-174.44,-16.53],[-174.39,-16.61],[-174.46,-16.67],[-174.56,-16.67],[-174.59,-16.61],[-174.53,-16.56]],[[-175.06,-16.65],[-175.03,-16.7],[-175.03,-16.86],[-175.11,-16.96],[-175.18,-16.94],[-175.22,-16.85],[-175.19,-16.7],[-175.1,-16.63],[-175.06,-16.65]],[[-176.53,-16.0],[-176.21,-16.03],[-176.14,-16.14],[-176.16,-16.23],[-176.23,-16.26],[-176.46,-16.2],[-176.52,-16.15],[-176.64,-16.2],[-176.76,-16.15],[-176.85,-16.22],[-176.9,-16.22],[-177.14,-16.06],[-177.16,-16.07],[-177.11,-16.17],[-177.14,-16.22],[-177.25,-16.22],[-177.32,-16.15],[-177.31,-16.06],[-177.19,-16.03],[-177.22,-15.94],[-177.1,-15.81],[-177.03,-15.79],[-176.99,-15.93],[-176.81,-15.98],[-176.79,-15.95],[-176.82,-15.83],[-176.79,-15.77],[-176.72,-15.73],[-176.48,-15.7],[-176.45,-15.8],[-176.59,-15.89],[-176.53,-16.0]],[[-175.75,-17.18],[-175.72,-17.06],[-175.56,-17.02],[-175.63,-17.3],[-175.73,-17.44],[-175.77,-17.45],[-175.87,-17.41],[-175.88,-17.37],[-175.75,-17.18]],[[-177.46,-17.32],[-177.4,-17.44],[-177.46,-17.5],[-177.55,-17.46],[-177.58,-17.39],[-177.53,-17.33],[-177.46,-17.32]],[[-178.26,-15.86],[-178.22,-15.9],[-178.23,-16.0],[-178.37,-16.13],[-178.46,-16.13],[-178.48,-16.04],[-178.45,-15.91],[-178.39,-15.86],[-178.26,-15.86]],[[-178.76,-15.4],[-178.69,-15.47],[-178.7,-15.55],[-178.79,-15.54],[-178.85,-15.5],[-178.82,-15.4],[-178.76,-15.4]],[[-179.05,-15.41],[-179.11,-15.45],[-179.24,-15.44],[-179.17,-15.28],[-179.09,-15.24],[-179.04,-15.26],[-179.05,-15.41]],[[-178.8,-14.58],[-178.91,-14.78],[-179.02,-14.81],[-179.01,-14.66],[-178.95,-14.54],[-178.84,-14.5],[-178.8,-14.53],[-178.8,-14.58]],[[-179.15,-14.17],[-179.29,-14.14],[-179.26,-14.04],[-179.2,-14.01],[-179.13,-14.02],[-179.09,-14.1],[-179.15,-14.17]],[[-175.78,-17.77],[-175.71,-17.72],[-175.64,-17.73],[-175.61,-17.8],[-175.62,-17.86],[-175.7,-17.9],[-175.75,-18.02],[-176.02,-18.07],[-176.04,-17.96],[-176.0,-17.81],[-175.93,-17.78],[-175.87,-17.9],[-175.83,-17.9],[-175.78,-17.77]],[[-177.31,-17.89],[-177.26,-17.97],[-177.24,-18.09],[-177.26,-18.17],[-177.31,-18.19],[-177.38,-18.12],[-177.39,-17.98],[-177.38,-17.9],[-177.31,-17.89]],[[-177.57,-18.05],[-177.52,-18.11],[-177.58,-18.18],[-177.73,-18.19],[-177.79,-18.13],[-177.76,-18.07],[-177.57,-18.05]],[[-177.48,-19.28],[-177.6,-19.08],[-177.55,-18.67],[-177.58,-18.38],[-177.47,-18.28],[-177.4,-18.33],[-177.31,-18.55],[-177.27,-18.35],[-177.18,-18.38],[-177.17,-18.87],[-177.27,-19.13],[-177.17,-19.16],[-177.11,-19.23],[-177.15,-19.29],[-177.24,-19.32],[-177.48,-19.28]],[[-177.07,-18.33],[-177.03,-18.34],[-177.0,-18.42],[-177.02,-18.51],[-177.06,-18.52],[-177.13,-18.5],[-177.15,-18.43],[-177.07,-18.33]],[[-175.5,-19.3],[-175.44,-19.15],[-175.34,-19.15],[-175.32,-19.25],[-175.37,-19.32],[-175.39,-19.49],[-175.46,-19.5],[-175.49,-19.48],[-175.5,-19.3]],[[-176.33,-19.45],[-176.28,-19.5],[-176.31,-19.59],[-176.39,-19.66],[-176.48,-19.67],[-176.53,-19.61],[-176.51,-19.54],[-176.33,-19.45]],[[-177.1,-19.46],[-177.08,-19.64],[-177.15,-19.72],[-177.22,-19.7],[-177.23,-19.59],[-177.21,-19.49],[-177.14,-19.44],[-177.1,-19.46]],[[-176.47,-19.78],[-176.42,-19.8],[-176.43,-19.89],[-176.51,-19.96],[-176.59,-19.96],[-176.59,-19.84],[-176.47,-19.78]],[[-176.98,-19.94],[-176.97,-20.01],[-177.01,-20.1],[-177.11,-20.1],[-177.09,-19.97],[-177.02,-19.92],[-176.98,-19.94]],[[-176.62,-20.12],[-176.64,-20.07],[-176.62,-20.02],[-176.52,-19.99],[-176.5,-20.11],[-176.54,-20.14],[-176.62,-20.12]],[[-177.31,-20.69],[-177.32,-20.59],[-177.24,-20.47],[-177.17,-20.45],[-177.08,-20.48],[-177.05,-20.57],[-177.11,-20.66],[-177.31,-20.69]],[[-176.89,-20.8],[-176.83,-20.74],[-176.71,-20.87],[-176.72,-21.03],[-176.66,-21.17],[-176.66,-21.34],[-176.58,-21.53],[-176.66,-21.58],[-176.74,-21.55],[-176.98,-21.7],[-176.88,-21.9],[-176.88,-21.96],[-176.92,-21.97],[-177.16,-21.88],[-177.33,-21.77],[-177.41,-21.65],[-177.38,-21.57],[-177.3,-21.53],[-177.22,-21.54],[-177.23,-21.59],[-177.21,-21.63],[-177.1,-21.62],[-177.07,-21.58],[-177.12,-21.32],[-177.19,-21.22],[-177.21,-20.81],[-177.14,-20.81],[-176.98,-20.95],[-176.96,-21.16],[-176.93,-21.19],[-176.87,-21.14],[-176.89,-20.8]],[[-176.84,-21.97],[-176.78,-21.86],[-176.76,-21.86],[-176.67,-21.91],[-176.63,-22.0],[-176.67,-22.06],[-176.71,-22.06],[-176.79,-22.03],[-176.84,-21.97]],[[-176.98,-22.06],[-176.9,-22.12],[-176.88,-22.25],[-177.01,-22.23],[-177.12,-22.15],[-177.11,-22.11],[-176.98,-22.06]],[[-177.17,-22.07],[-177.15,-22.19],[-177.24,-22.22],[-177.29,-22.16],[-177.28,-22.08],[-177.23,-22.04],[-177.17,-22.07]],[[-177.19,-21.28],[-177.14,-21.31],[-177.14,-21.4],[-177.25,-21.42],[-177.3,-21.36],[-177.29,-21.31],[-177.19,-21.28]],[[-177.35,-20.98],[-177.3,-21.02],[-177.3,-21.09],[-177.33,-21.17],[-177.39,-21.2],[-177.44,-21.19],[-177.46,-21.05],[-177.43,-21.0],[-177.35,-20.98]],[[-177.58,-23.11],[-177.61,-23.05],[-177.58,-22.99],[-177.5,-22.94],[-177.46,-22.95],[-177.45,-23.07],[-177.52,-23.12],[-177.58,-23.11]],[[-177.83,-26.6],[-177.98,-26.5],[-178.08,-26.3],[-178.08,-26.21],[-177.97,-26.19],[-177.74,-26.28],[-177.76,-26.54],[-177.79,-26.59],[-177.83,-26.6]],[[-177.93,-26.81],[-178.05,-26.72],[-178.0,-26.61],[-177.94,-26.66],[-177.81,-26.65],[-177.79,-26.68],[-177.82,-26.78],[-177.93,-26.81]],[[-179.35,-30.43],[-179.45,-30.36],[-179.47,-30.31],[-179.42,-30.19],[-179.37,-30.17],[-179.26,-30.24],[-179.2,-30.35],[-179.25,-30.42],[-179.35,-30.43]],[[-179.56,-31.38],[-179.61,-31.34],[-179.62,-31.28],[-179.57,-31.23],[-179.48,-31.22],[-179.46,-31.35],[-179.56,-31.38]],[[-179.34,-31.7],[-179.52,-31.6],[-179.52,-31.51],[-179.45,-31.49],[-179.3,-31.58],[-179.26,-31.67],[-179.28,-31.7],[-179.34,-31.7]],[[-173.32,-28.46],[-173.24,-28.49],[-173.21,-28.57],[-173.25,-28.64],[-173.3,-28.66],[-173.39,-28.63],[-173.45,-28.55],[-173.4,-28.49],[-173.32,-28.46]],[[-173.53,-28.56],[-173.48,-28.61],[-173.49,-28.67],[-173.57,-28.72],[-173.64,-28.7],[-173.64,-28.6],[-173.53,-28.56]],[[-111.18,-28.51],[-111.22,-28.37],[-111.17,-28.34],[-111.11,-28.34],[-111.07,-28.37],[-111.06,-28.45],[-111.11,-28.5],[-111.18,-28.51]],[[-101.89,-28.5],[-101.87,-28.39],[-101.81,-28.34],[-101.77,-28.35],[-101.73,-28.44],[-101.76,-28.53],[-101.8,-28.55],[-101.89,-28.5]],[[-88.52,-28.53],[-88.5,-28.47],[-88.42,-28.45],[-88.35,-28.54],[-88.36,-28.58],[-88.43,-28.6],[-88.52,-28.53]],[[-99.21,-28.82],[-99.13,-28.76],[-99.04,-28.75],[-98.96,-28.78],[-98.93,-28.86],[-98.99,-28.96],[-99.1,-28.98],[-99.19,-28.92],[-99.21,-28.82]],[[-93.12,-28.97],[-93.1,-28.87],[-92.97,-28.82],[-92.88,-28.94],[-92.76,-28.94],[-92.75,-29.07],[-92.78,-29.13],[-92.85,-29.14],[-92.9,-29.04],[-93.05,-29.06],[-93.12,-28.97]],[[-90.02,-28.94],[-89.98,-28.94],[-89.91,-29.0],[-89.91,-29.09],[-89.94,-29.12],[-90.03,-29.13],[-90.09,-29.08],[-90.09,-29.0],[-90.02,-28.94]],[[-102.48,-29.12],[-102.4,-29.15],[-102.34,-29.22],[-102.36,-29.3],[-102.39,-29.33],[-102.54,-29.3],[-102.6,-29.22],[-102.55,-29.14],[-102.48,-29.12]],[[-140.2,-29.07],[-140.3,-29.07],[-140.38,-28.97],[-140.37,-28.9],[-140.29,-28.84],[-140.21,-28.84],[-140.12,-28.91],[-140.14,-29.02],[-140.2,-29.07]],[[-104.5,-29.59],[-104.6,-29.53],[-104.61,-29.43],[-104.51,-29.36],[-104.4,-29.38],[-104.35,-29.43],[-104.35,-29.52],[-104.39,-29.57],[-104.5,-29.59]],[[-117.7,-29.69],[-117.52,-29.67],[-117.44,-29.7],[-117.41,-29.76],[-117.48,-29.84],[-117.62,-29.84],[-117.73,-29.78],[-117.73,-29.73],[-117.7,-29.69]],[[-118.03,-29.71],[-118.0,-29.78],[-118.03,-29.85],[-118.16,-29.92],[-118.22,-29.9],[-118.22,-29.75],[-118.03,-29.71]],[[-117.93,-30.12],[-118.0,-30.07],[-118.0,-29.99],[-117.9,-29.92],[-117.8,-29.94],[-117.76,-30.02],[-117.79,-30.11],[-117.93,-30.12]],[[-78.85,-30.13],[-78.77,-30.11],[-78.72,-30.14],[-78.73,-30.22],[-78.81,-30.27],[-78.88,-30.24],[-78.85,-30.13]],[[-90.43,-30.28],[-90.37,-30.34],[-90.38,-30.41],[-90.45,-30.44],[-90.57,-30.39],[-90.57,-30.33],[-90.53,-30.29],[-90.43,-30.28]],[[-115.42,-30.41],[-115.46,-30.53],[-115.57,-30.52],[-115.57,-30.4],[-115.48,-30.36],[-115.42,-30.41]],[[-114.63,-30.52],[-114.58,-30.52],[-114.52,-30.59],[-114.51,-30.7],[-114.55,-30.77],[-114.64,-30.77],[-114.74,-30.67],[-114.73,-30.59],[-114.63,-30.52]],[[-115.07,-30.6],[-115.05,-30.74],[-115.12,-30.81],[-115.18,-30.79],[-115.21,-30.74],[-115.2,-30.69],[-115.11,-30.6],[-115.07,-30.6]],[[-115.7,-30.38],[-115.71,-30.44],[-115.77,-30.48],[-115.85,-30.45],[-115.87,-30.38],[-115.78,-30.31],[-115.72,-30.34],[-115.7,-30.38]],[[-96.63,-30.34],[-96.64,-30.26],[-96.57,-30.21],[-96.47,-30.22],[-96.43,-30.28],[-96.46,-30.39],[-96.55,-30.4],[-96.63,-30.34]],[[-113.11,-31.1],[-113.15,-31.05],[-113.14,-31.0],[-113.06,-30.92],[-113.02,-30.93],[-112.99,-31.07],[-113.05,-31.13],[-113.11,-31.1]],[[-90.94,-31.1],[-90.86,-31.08],[-90.75,-31.13],[-90.68,-31.22],[-90.69,-31.26],[-90.74,-31.3],[-90.86,-31.25],[-90.94,-31.19],[-90.94,-31.1]],[[-129.92,-31.67],[-129.97,-31.56],[-129.89,-31.51],[-129.8,-31.52],[-129.84,-31.64],[-129.92,-31.67]],[[-113.45,-31.64],[-113.4,-31.58],[-113.33,-31.57],[-113.28,-31.68],[-113.3,-31.73],[-113.36,-31.73],[-113.42,-31.7],[-113.45,-31.64]],[[-94.11,-31.96],[-94.06,-31.9],[-93.98,-31.89],[-93.91,-31.94],[-93.9,-32.0],[-93.95,-32.05],[-94.03,-32.05],[-94.09,-32.02],[-94.11,-31.96]],[[-126.61,-31.99],[-126.56,-32.04],[-126.56,-32.12],[-126.64,-32.16],[-126.73,-32.13],[-126.76,-32.06],[-126.69,-32.0],[-126.61,-31.99]],[[-121.59,-32.24],[-121.49,-32.17],[-121.44,-32.18],[-121.44,-32.35],[-121.37,-32.55],[-121.39,-32.62],[-121.5,-32.63],[-121.6,-32.37],[-121.59,-32.24]],[[-111.05,-32.38],[-111.22,-32.3],[-111.22,-32.23],[-111.07,-32.22],[-110.78,-32.3],[-110.79,-32.36],[-110.83,-32.39],[-111.05,-32.38]],[[-110.57,-32.38],[-110.59,-32.26],[-110.52,-32.22],[-110.39,-32.3],[-110.36,-32.39],[-110.38,-32.42],[-110.45,-32.44],[-110.57,-32.38]],[[-109.71,-32.57],[-109.76,-32.54],[-109.74,-32.48],[-109.62,-32.44],[-109.57,-32.47],[-109.59,-32.55],[-109.71,-32.57]],[[-122.05,-32.59],[-121.99,-32.64],[-122.01,-32.74],[-122.09,-32.78],[-122.17,-32.77],[-122.17,-32.63],[-122.05,-32.59]],[[-121.1,-32.76],[-121.05,-32.73],[-120.97,-32.76],[-120.94,-32.85],[-120.97,-32.93],[-121.05,-32.95],[-121.14,-32.89],[-121.15,-32.82],[-121.1,-32.76]],[[-110.89,-32.91],[-110.85,-32.8],[-110.77,-32.75],[-110.72,-32.77],[-110.69,-32.86],[-110.74,-32.96],[-110.79,-32.97],[-110.89,-32.91]],[[-73.99,-32.97],[-74.04,-32.89],[-74.01,-32.82],[-73.84,-32.79],[-73.74,-32.83],[-73.73,-32.9],[-73.78,-32.98],[-73.89,-33.01],[-73.99,-32.97]],[[-113.97,-32.98],[-113.97,-33.06],[-114.0,-33.08],[-114.11,-33.06],[-114.15,-33.01],[-114.03,-32.92],[-113.97,-32.98]],[[-117.12,-33.01],[-117.1,-33.15],[-117.16,-33.21],[-117.22,-33.19],[-117.25,-33.14],[-117.24,-33.08],[-117.16,-33.01],[-117.12,-33.01]],[[-124.88,-33.1],[-124.82,-33.14],[-124.81,-33.22],[-124.87,-33.29],[-124.93,-33.29],[-124.97,-33.15],[-124.88,-33.1]],[[-116.58,-33.26],[-116.49,-33.29],[-116.45,-33.35],[-116.47,-33.41],[-116.53,-33.43],[-116.63,-33.39],[-116.64,-33.33],[-116.58,-33.26]],[[-77.55,-33.35],[-77.38,-33.27],[-77.31,-33.28],[-77.27,-33.35],[-77.32,-33.46],[-77.5,-33.48],[-77.52,-33.62],[-77.6,-33.7],[-77.7,-33.73],[-77.85,-33.68],[-77.86,-33.58],[-77.74,-33.41],[-77.68,-33.36],[-77.55,-33.35]],[[-77.05,-33.46],[-76.99,-33.38],[-76.84,-33.32],[-76.76,-33.32],[-76.72,-33.4],[-76.75,-33.48],[-76.89,-33.55],[-76.99,-33.54],[-77.05,-33.46]],[[-78.25,-33.46],[-78.2,-33.5],[-78.21,-33.55],[-78.29,-33.7],[-78.34,-33.72],[-78.38,-33.86],[-78.78,-33.83],[-79.01,-33.89],[-79.18,-33.8],[-79.24,-33.72],[-79.21,-33.62],[-79.08,-33.55],[-78.91,-33.39],[-78.78,-33.38],[-78.65,-33.5],[-78.25,-33.46]],[[-80.59,-33.87],[-80.67,-33.93],[-80.85,-33.93],[-81.09,-33.8],[-81.1,-33.74],[-81.01,-33.65],[-80.56,-33.6],[-80.52,-33.62],[-80.51,-33.69],[-80.59,-33.87]],[[-124.8,-33.95],[-124.89,-34.01],[-125.02,-33.93],[-125.24,-33.58],[-125.19,-33.53],[-124.99,-33.5],[-124.83,-33.38],[-124.65,-33.32],[-124.62,-33.4],[-124.8,-33.95]],[[-124.06,-33.62],[-124.11,-33.52],[-124.08,-33.34],[-123.96,-33.28],[-123.81,-33.29],[-123.79,-33.35],[-123.84,-33.53],[-123.98,-33.62],[-124.06,-33.62]],[[-116.23,-33.52],[-116.29,-33.46],[-116.24,-33.4],[-116.13,-33.37],[-116.06,-33.41],[-116.07,-33.51],[-116.23,-33.52]],[[-109.03,-33.62],[-108.98,-33.6],[-108.92,-33.61],[-108.91,-33.72],[-109.03,-33.73],[-109.06,-33.67],[-109.03,-33.62]],[[-121.79,-33.65],[-121.75,-33.67],[-121.75,-33.77],[-121.87,-33.78],[-121.9,-33.72],[-121.86,-33.66],[-121.79,-33.65]],[[-112.41,-33.79],[-112.34,-33.78],[-112.3,-33.81],[-112.33,-33.92],[-112.4,-33.93],[-112.46,-33.88],[-112.41,-33.79]],[[-79.9,-33.79],[-79.9,-33.66],[-79.86,-33.63],[-79.55,-33.6],[-79.49,-33.67],[-79.51,-33.77],[-79.56,-33.82],[-79.9,-33.79]],[[-131.02,-33.19],[-131.07,-33.22],[-131.16,-33.2],[-131.17,-33.11],[-131.14,-33.04],[-131.0,-33.02],[-130.97,-33.1],[-131.02,-33.19]],[[-126.74,-33.13],[-126.77,-33.07],[-126.72,-33.02],[-126.64,-32.99],[-126.58,-33.02],[-126.56,-33.08],[-126.58,-33.12],[-126.74,-33.13]],[[-120.41,-32.98],[-120.28,-32.94],[-120.22,-33.03],[-120.28,-33.1],[-120.39,-33.09],[-120.44,-33.03],[-120.41,-32.98]],[[-126.18,-33.0],[-126.13,-33.04],[-126.13,-33.13],[-126.21,-33.17],[-126.3,-33.14],[-126.33,-33.07],[-126.26,-33.01],[-126.18,-33.0]],[[-130.03,-32.83],[-130.1,-32.9],[-130.2,-32.9],[-130.28,-32.84],[-130.27,-32.74],[-130.16,-32.68],[-130.06,-32.69],[-130.02,-32.73],[-130.03,-32.83]],[[-130.72,-32.69],[-130.66,-32.77],[-130.68,-32.83],[-130.74,-32.85],[-130.84,-32.81],[-130.85,-32.75],[-130.82,-32.71],[-130.72,-32.69]],[[-127.56,-32.72],[-127.58,-32.66],[-127.56,-32.59],[-127.28,-32.6],[-127.2,-32.66],[-127.22,-32.71],[-127.56,-32.72]],[[-126.99,-32.65],[-126.83,-32.56],[-126.77,-32.64],[-126.8,-32.72],[-126.88,-32.76],[-126.96,-32.74],[-126.99,-32.65]],[[-122.7,-32.63],[-122.75,-32.56],[-122.74,-32.47],[-122.45,-32.42],[-122.43,-32.48],[-122.51,-32.59],[-122.59,-32.63],[-122.7,-32.63]],[[-127.12,-32.54],[-127.23,-32.53],[-127.28,-32.44],[-127.24,-32.38],[-127.13,-32.33],[-127.06,-32.35],[-127.02,-32.46],[-127.05,-32.52],[-127.12,-32.54]],[[-123.39,-32.31],[-123.16,-32.27],[-123.1,-32.31],[-123.14,-32.39],[-123.26,-32.4],[-123.46,-32.46],[-123.49,-32.39],[-123.39,-32.31]],[[-126.13,-32.34],[-126.08,-32.41],[-126.09,-32.5],[-126.12,-32.53],[-126.21,-32.54],[-126.25,-32.5],[-126.26,-32.41],[-126.22,-32.35],[-126.13,-32.34]],[[-127.08,-32.66],[-127.04,-32.71],[-127.05,-32.79],[-127.13,-32.83],[-127.2,-32.77],[-127.2,-32.72],[-127.15,-32.66],[-127.08,-32.66]],[[-129.09,-34.13],[-128.84,-34.05],[-128.78,-34.08],[-128.78,-34.14],[-128.83,-34.17],[-128.99,-34.2],[-129.11,-34.17],[-129.09,-34.13]],[[-111.84,-34.08],[-111.78,-34.06],[-111.73,-34.09],[-111.69,-34.14],[-111.7,-34.2],[-111.75,-34.23],[-111.85,-34.18],[-111.87,-34.12],[-111.84,-34.08]],[[-112.11,-34.22],[-112.06,-34.25],[-112.05,-34.34],[-112.14,-34.37],[-112.22,-34.33],[-112.2,-34.25],[-112.11,-34.22]],[[-111.68,-34.34],[-111.69,-34.27],[-111.58,-34.23],[-111.48,-34.3],[-111.36,-34.32],[-111.34,-34.38],[-111.36,-34.42],[-111.49,-34.44],[-111.63,-34.39],[-111.68,-34.34]],[[-121.71,-34.41],[-121.78,-34.46],[-121.87,-34.41],[-121.89,-34.29],[-121.85,-34.22],[-121.8,-34.21],[-121.73,-34.26],[-121.71,-34.41]],[[-125.12,-34.43],[-125.21,-34.55],[-125.32,-34.59],[-125.35,-34.56],[-125.37,-34.5],[-125.31,-34.44],[-125.15,-34.41],[-125.12,-34.43]],[[-121.7,-34.58],[-121.56,-34.51],[-121.46,-34.53],[-121.41,-34.58],[-121.39,-34.66],[-121.44,-34.8],[-121.36,-34.95],[-121.37,-35.0],[-121.49,-35.01],[-121.56,-34.9],[-121.67,-34.81],[-121.7,-34.58]],[[-119.23,-34.82],[-119.15,-34.79],[-119.05,-34.8],[-119.02,-34.89],[-119.05,-34.99],[-119.13,-35.03],[-119.25,-34.97],[-119.28,-34.9],[-119.23,-34.82]],[[-118.67,-35.0],[-118.56,-34.87],[-118.41,-34.85],[-118.4,-34.99],[-118.55,-35.14],[-118.66,-35.11],[-118.67,-35.0]],[[-119.49,-35.13],[-119.43,-35.18],[-119.43,-35.28],[-119.51,-35.33],[-119.61,-35.29],[-119.64,-35.21],[-119.56,-35.14],[-119.49,-35.13]],[[-117.28,-35.27],[-117.15,-35.27],[-117.11,-35.37],[-117.19,-35.46],[-117.32,-35.48],[-117.4,-35.42],[-117.38,-35.35],[-117.35,-35.3],[-117.28,-35.27]],[[-118.07,-35.27],[-118.03,-35.37],[-118.04,-35.49],[-118.08,-35.54],[-118.19,-35.55],[-118.26,-35.47],[-118.25,-35.4],[-118.19,-35.32],[-118.07,-35.27]],[[-93.35,-35.49],[-93.28,-35.51],[-93.23,-35.57],[-93.27,-35.66],[-93.4,-35.65],[-93.46,-35.6],[-93.43,-35.52],[-93.35,-35.49]],[[-113.09,-35.54],[-113.06,-35.6],[-113.09,-35.67],[-113.14,-35.71],[-113.19,-35.7],[-113.23,-35.65],[-113.22,-35.59],[-113.16,-35.54],[-113.09,-35.54]],[[-114.22,-35.71],[-114.23,-35.84],[-114.31,-35.9],[-114.36,-35.88],[-114.38,-35.73],[-114.22,-35.71]],[[-114.48,-35.79],[-114.43,-35.84],[-114.45,-35.94],[-114.74,-36.07],[-114.7,-36.24],[-114.77,-36.26],[-114.79,-36.34],[-114.92,-36.42],[-114.97,-36.57],[-115.13,-36.6],[-115.23,-36.55],[-115.27,-36.46],[-115.25,-36.41],[-115.18,-36.35],[-115.06,-36.31],[-115.09,-36.27],[-115.28,-36.2],[-115.3,-36.13],[-115.26,-36.04],[-115.1,-36.0],[-114.94,-36.1],[-114.86,-35.9],[-114.79,-35.9],[-114.67,-35.81],[-114.48,-35.79]],[[-114.33,-36.25],[-114.16,-36.16],[-113.95,-36.13],[-113.83,-36.22],[-113.62,-36.23],[-113.59,-36.31],[-113.71,-36.36],[-113.83,-36.34],[-114.24,-36.41],[-114.34,-36.34],[-114.33,-36.25]],[[-104.01,-36.2],[-103.8,-36.19],[-103.8,-36.31],[-103.98,-36.3],[-104.03,-36.26],[-104.01,-36.2]],[[-102.77,-36.2],[-102.63,-36.22],[-102.6,-36.28],[-102.62,-36.34],[-102.8,-36.35],[-102.9,-36.31],[-102.91,-36.22],[-102.77,-36.2]],[[-114.45,-36.28],[-114.42,-36.34],[-114.47,-36.43],[-114.54,-36.45],[-114.59,-36.42],[-114.6,-36.29],[-114.45,-36.28]],[[-115.7,-36.12],[-115.64,-36.18],[-115.62,-36.25],[-115.63,-36.29],[-115.7,-36.32],[-115.79,-36.29],[-115.85,-36.23],[-115.82,-36.14],[-115.7,-36.12]],[[-125.03,-36.12],[-125.04,-36.24],[-125.09,-36.29],[-125.25,-36.28],[-125.33,-36.25],[-125.47,-36.05],[-125.71,-35.99],[-125.74,-35.93],[-125.67,-35.86],[-125.5,-35.9],[-125.21,-35.88],[-125.09,-35.99],[-125.03,-36.12]],[[-116.23,-35.85],[-116.17,-35.78],[-116.06,-35.74],[-115.76,-35.8],[-115.67,-35.68],[-115.56,-35.65],[-115.46,-35.65],[-115.39,-35.74],[-115.41,-35.8],[-115.5,-35.92],[-115.62,-36.0],[-115.79,-36.0],[-115.97,-36.05],[-116.11,-36.02],[-116.22,-35.95],[-116.23,-35.85]],[[-117.33,-35.74],[-117.38,-35.83],[-117.43,-35.84],[-117.52,-35.78],[-117.59,-35.62],[-117.55,-35.52],[-117.48,-35.49],[-117.38,-35.54],[-117.33,-35.74]],[[-126.07,-35.66],[-125.99,-35.74],[-126.0,-35.81],[-126.06,-35.83],[-126.19,-35.79],[-126.22,-35.73],[-126.19,-35.69],[-126.07,-35.66]],[[-118.62,-35.56],[-118.7,-35.53],[-118.72,-35.46],[-118.7,-35.4],[-118.62,-35.34],[-118.58,-35.34],[-118.55,-35.44],[-118.58,-35.54],[-118.62,-35.56]],[[-120.29,-35.18],[-120.35,-35.24],[-120.49,-35.2],[-120.49,-35.16],[-120.36,-35.08],[-120.29,-35.18]],[[-125.89,-35.18],[-126.01,-35.24],[-126.18,-35.2],[-126.24,-35.1],[-126.22,-34.97],[-126.04,-34.83],[-125.84,-34.81],[-125.79,-34.91],[-125.89,-35.18]],[[-132.33,-35.0],[-132.4,-35.11],[-132.49,-35.11],[-132.77,-34.92],[-132.97,-34.85],[-133.0,-34.74],[-132.89,-34.66],[-132.8,-34.68],[-132.58,-34.82],[-132.37,-34.86],[-132.33,-35.0]],[[-133.46,-34.68],[-133.45,-34.77],[-133.48,-34.82],[-133.56,-34.85],[-133.63,-34.81],[-133.66,-34.72],[-133.62,-34.65],[-133.53,-34.63],[-133.46,-34.68]],[[-132.01,-34.66],[-131.85,-34.64],[-131.82,-34.67],[-131.82,-34.76],[-131.91,-34.82],[-132.03,-34.81],[-132.09,-34.74],[-132.07,-34.67],[-132.01,-34.66]],[[-127.7,-34.8],[-127.64,-34.79],[-127.56,-34.82],[-127.54,-34.93],[-127.62,-34.97],[-127.72,-34.94],[-127.76,-34.87],[-127.7,-34.8]],[[-121.03,-35.06],[-121.08,-34.98],[-121.04,-34.94],[-120.83,-34.92],[-120.75,-34.99],[-120.76,-35.03],[-120.86,-35.06],[-121.03,-35.06]],[[-120.36,-35.02],[-120.37,-34.96],[-120.34,-34.9],[-120.27,-34.86],[-120.22,-34.87],[-120.2,-34.93],[-120.23,-34.99],[-120.3,-35.03],[-120.36,-35.02]],[[-131.45,-34.52],[-131.54,-34.48],[-131.49,-34.4],[-131.37,-34.35],[-131.2,-34.35],[-131.23,-34.44],[-131.45,-34.52]],[[-131.06,-34.46],[-131.09,-34.43],[-131.09,-34.32],[-130.91,-34.32],[-130.9,-34.38],[-130.93,-34.43],[-131.06,-34.46]],[[-130.53,-34.37],[-130.56,-34.32],[-130.52,-34.23],[-130.29,-34.19],[-130.2,-34.22],[-130.19,-34.28],[-130.29,-34.37],[-130.46,-34.39],[-130.53,-34.37]],[[-129.41,-34.18],[-129.28,-34.15],[-129.23,-34.18],[-129.22,-34.24],[-129.28,-34.35],[-129.4,-34.36],[-129.5,-34.31],[-129.48,-34.22],[-129.41,-34.18]],[[-122.43,-34.21],[-122.43,-34.14],[-122.36,-34.09],[-122.28,-34.11],[-122.22,-34.21],[-122.29,-34.28],[-122.37,-34.26],[-122.43,-34.21]],[[-122.73,-34.23],[-122.69,-34.29],[-122.73,-34.36],[-122.81,-34.37],[-122.87,-34.33],[-122.86,-34.25],[-122.81,-34.22],[-122.73,-34.23]],[[-129.57,-34.37],[-129.76,-34.38],[-129.85,-34.3],[-129.84,-34.25],[-129.57,-34.21],[-129.53,-34.27],[-129.57,-34.37]],[[-112.95,-36.62],[-112.87,-36.67],[-112.9,-36.77],[-112.96,-36.8],[-113.09,-36.77],[-113.28,-36.96],[-113.47,-36.89],[-113.61,-37.04],[-113.7,-37.07],[-113.76,-37.06],[-113.81,-36.98],[-113.86,-37.03],[-114.05,-37.06],[-114.16,-36.98],[-114.14,-36.88],[-114.05,-36.8],[-113.9,-36.79],[-113.76,-36.88],[-113.64,-36.77],[-113.54,-36.77],[-113.4,-36.65],[-112.95,-36.62]],[[-112.63,-36.78],[-112.58,-36.72],[-112.49,-36.71],[-112.47,-36.77],[-112.49,-36.86],[-112.46,-36.87],[-112.34,-36.79],[-112.27,-36.78],[-112.18,-36.86],[-112.19,-36.98],[-112.29,-37.04],[-112.37,-37.03],[-112.42,-36.96],[-112.55,-37.04],[-112.63,-37.03],[-112.67,-36.95],[-112.61,-36.84],[-112.63,-36.78]],[[-111.73,-37.04],[-111.56,-37.06],[-111.53,-37.11],[-111.55,-37.15],[-111.78,-37.19],[-111.84,-37.18],[-111.85,-37.11],[-111.73,-37.04]],[[-122.42,-37.17],[-122.53,-37.24],[-122.74,-37.21],[-123.11,-37.06],[-123.14,-37.01],[-123.24,-36.96],[-123.25,-36.92],[-123.2,-36.87],[-122.93,-36.89],[-122.78,-36.96],[-122.41,-37.06],[-122.39,-37.11],[-122.42,-37.17]],[[-111.88,-37.23],[-111.71,-37.25],[-111.68,-37.3],[-111.7,-37.34],[-111.92,-37.35],[-111.95,-37.29],[-111.88,-37.23]],[[-111.55,-37.36],[-111.52,-37.26],[-111.46,-37.25],[-111.36,-37.3],[-111.17,-37.3],[-111.11,-37.33],[-111.08,-37.4],[-111.14,-37.45],[-111.27,-37.47],[-111.38,-37.46],[-111.55,-37.36]],[[-111.65,-37.42],[-111.58,-37.49],[-111.07,-37.62],[-111.02,-37.67],[-111.02,-37.73],[-111.09,-37.77],[-111.34,-37.68],[-111.5,-37.68],[-111.74,-37.52],[-111.72,-37.44],[-111.65,-37.42]],[[-112.93,-37.73],[-112.84,-37.8],[-112.85,-37.94],[-112.96,-38.02],[-113.06,-38.02],[-113.1,-37.95],[-113.07,-37.82],[-112.99,-37.73],[-112.93,-37.73]],[[-112.48,-37.97],[-112.64,-37.88],[-112.66,-37.8],[-112.47,-37.79],[-112.37,-37.84],[-112.34,-37.92],[-112.37,-37.96],[-112.48,-37.97]],[[-111.63,-38.03],[-111.41,-38.02],[-111.36,-38.06],[-111.36,-38.12],[-111.47,-38.17],[-111.61,-38.16],[-111.68,-38.09],[-111.63,-38.03]],[[-113.48,-37.79],[-113.45,-37.84],[-113.47,-37.91],[-113.55,-37.95],[-113.65,-37.96],[-113.73,-37.93],[-113.89,-37.73],[-113.84,-37.67],[-113.79,-37.66],[-113.48,-37.79]],[[-114.26,-37.41],[-114.7,-37.47],[-114.84,-37.54],[-115.03,-37.51],[-115.05,-37.48],[-115.02,-37.39],[-114.94,-37.32],[-114.6,-37.25],[-114.26,-37.33],[-114.24,-37.37],[-114.26,-37.41]],[[-120.56,-37.36],[-120.54,-37.47],[-120.6,-37.51],[-120.66,-37.5],[-120.7,-37.44],[-120.69,-37.39],[-120.63,-37.34],[-120.56,-37.36]],[[-113.28,-37.15],[-113.33,-37.09],[-113.3,-37.01],[-113.24,-36.97],[-113.18,-36.99],[-113.14,-37.1],[-113.19,-37.15],[-113.28,-37.15]],[[-113.04,-37.09],[-113.1,-37.06],[-113.12,-36.99],[-113.04,-36.89],[-112.81,-36.88],[-112.7,-36.96],[-112.72,-37.02],[-112.77,-37.06],[-112.91,-37.1],[-113.04,-37.09]]],[[[139.9,88.37],[139.97,88.4],[139.97,88.45],[139.78,88.47],[139.52,88.42],[139.49,88.39],[139.9,88.37]]],[[[-49.02,87.03],[-49.12,87.06],[-49.94,87.05],[-49.02,87.03]]],[[[146.86,85.35],[146.87,85.38],[146.84,85.39],[146.2,85.36],[146.14,85.3],[146.86,85.35]]],[[[-170.8,84.8],[-171.23,84.85],[-171.5,84.79],[-172.15,84.79],[-172.41,84.84],[-172.49,84.82],[-171.95,84.7],[-170.51,84.69],[-170.31,84.76],[-170.8,84.8]]],[[[-115.19,84.75],[-115.49,84.78],[-115.78,84.73],[-115.71,84.7],[-115.19,84.75]]],[[[-93.02,83.95],[-94.01,83.93],[-94.06,83.9],[-92.16,83.78],[-91.28,83.86],[-91.25,83.89],[-93.02,83.95]]],[[[-119.76,79.33],[-119.66,79.39],[-119.83,79.37],[-120.02,79.27],[-119.76,79.33]]],[[[176.45,78.63],[176.28,78.61],[176.26,78.55],[176.52,78.48],[176.69,78.51],[176.6,78.59],[176.45,78.63]]],[[[-161.54,77.68],[-161.46,77.79],[-161.48,77.93],[-161.46,77.99],[-161.02,78.23],[-160.95,78.31],[-160.97,78.41],[-161.05,78.44],[-161.23,78.36],[-161.5,78.34],[-161.89,78.07],[-162.24,78.0],[-162.31,77.88],[-162.43,77.78],[-162.41,77.65],[-162.48,77.53],[-162.55,77.47],[-162.7,77.45],[-162.7,77.28],[-162.96,77.18],[-163.08,76.97],[-162.37,77.12],[-162.23,77.18],[-162.07,77.35],[-161.93,77.4],[-161.86,77.5],[-161.71,77.54],[-161.62,77.66],[-161.54,77.68]]],[[[-155.54,78.05],[-155.23,78.09],[-155.12,78.17],[-155.18,78.2],[-155.5,78.17],[-155.9,78.07],[-156.37,78.06],[-156.43,78.02],[-155.71,77.98],[-155.54,78.05]]],[[[-174.67,77.62],[-174.48,77.64],[-174.6,77.66],[-174.91,77.62],[-175.06,77.52],[-174.99,77.5],[-174.67,77.62]]],[[[-158.66,77.21],[-158.69,77.25],[-158.76,77.27],[-158.93,77.24],[-158.96,77.21],[-158.76,77.18],[-158.66,77.21]]],[[[-3.74,77.12],[-3.82,77.14],[-3.82,77.11],[-4.03,77.08],[-3.64,77.07],[-3.57,77.1],[-3.74,77.12]]],[[[-160.19,77.04],[-160.25,77.11],[-160.33,77.12],[-160.49,77.09],[-160.75,76.97],[-160.73,76.87],[-160.75,76.78],[-160.64,76.77],[-160.51,76.82],[-160.66,76.85],[-160.66,76.91],[-160.51,77.01],[-160.39,77.04],[-159.95,76.99],[-159.85,77.0],[-160.19,77.04]]],[[[-169.84,76.76],[-169.61,76.85],[-170.08,76.84],[-169.96,76.77],[-169.84,76.76]]],[[[-175.73,76.72],[-175.41,76.79],[-175.88,76.74],[-175.73,76.72]]],[[[-162.48,76.35],[-162.7,76.44],[-163.06,76.3],[-163.09,76.27],[-163.06,76.23],[-162.75,76.22],[-162.7,76.14],[-162.78,76.08],[-163.42,76.06],[-163.56,75.91],[-163.5,75.81],[-163.52,75.75],[-163.8,75.69],[-163.04,75.73],[-163.0,75.77],[-163.08,75.79],[-163.09,75.89],[-162.99,75.94],[-162.77,75.96],[-162.62,76.03],[-162.22,75.94],[-162.19,75.88],[-162.24,75.82],[-161.91,75.89],[-161.42,75.84],[-161.14,75.98],[-161.21,76.01],[-161.23,76.07],[-161.2,76.11],[-160.87,76.13],[-160.8,76.18],[-161.28,76.22],[-161.64,76.08],[-162.57,76.07],[-162.61,76.11],[-162.58,76.18],[-162.29,76.22],[-162.13,76.35],[-162.48,76.35]]],[[[-160.37,75.74],[-160.29,75.87],[-160.12,75.94],[-160.12,75.98],[-160.79,75.96],[-160.83,75.93],[-160.72,75.87],[-160.73,75.79],[-161.05,75.75],[-160.37,75.74]]],[[[-162.34,75.5],[-162.38,75.55],[-162.52,75.61],[-162.75,75.55],[-162.62,75.49],[-162.34,75.5]]],[[[-160.54,75.35],[-160.49,75.43],[-160.19,75.57],[-160.19,75.6],[-161.5,75.58],[-161.96,75.28],[-161.57,75.31],[-161.41,75.19],[-161.23,75.17],[-161.06,75.22],[-160.92,75.09],[-160.69,75.0],[-160.23,75.1],[-160.54,75.35]],[[-160.68,75.06],[-160.78,75.1],[-160.8,75.19],[-160.69,75.21],[-160.58,75.19],[-160.51,75.13],[-160.54,75.05],[-160.68,75.06]]],[[[-162.41,75.15],[-162.34,75.19],[-162.41,75.22],[-162.71,75.17],[-162.66,75.15],[-162.41,75.15]]],[[[-7.13,71.14],[-7.53,71.19],[-7.58,71.16],[-7.52,71.11],[-7.08,71.06],[-7.13,71.14]]],[[[-5.95,70.88],[-5.92,70.92],[-5.92,70.98],[-5.98,71.12],[-6.02,71.14],[-6.46,71.04],[-6.71,71.01],[-6.17,70.95],[-5.95,70.88]]],[[[-14.48,70.8],[-14.47,70.82],[-14.64,70.8],[-14.81,70.74],[-14.88,70.68],[-14.87,70.65],[-14.78,70.66],[-14.48,70.8]]],[[[-9.85,70.02],[-9.91,70.01],[-9.98,69.96],[-10.22,69.94],[-10.3,69.87],[-10.3,69.56],[-10.67,69.01],[-10.92,68.93],[-10.97,68.88],[-10.95,68.81],[-10.83,68.72],[-10.87,68.62],[-10.93,68.62],[-11.06,68.69],[-11.11,68.64],[-11.33,68.63],[-11.4,68.59],[-11.41,68.54],[-11.27,68.56],[-11.18,68.53],[-11.14,68.45],[-11.17,68.37],[-11.34,68.26],[-10.9,68.27],[-10.78,68.4],[-10.58,68.38],[-10.44,68.47],[-10.23,68.47],[-9.95,68.54],[-9.72,68.54],[-9.55,68.49],[-9.42,68.61],[-9.38,68.71],[-9.54,68.78],[-9.58,68.98],[-9.7,69.14],[-9.69,69.2],[-9.29,69.29],[-9.09,69.19],[-8.62,69.34],[-8.71,69.55],[-9.14,69.72],[-9.24,69.84],[-9.53,69.98],[-9.65,69.75],[-9.72,69.72],[-9.8,69.73],[-9.86,69.81],[-9.85,70.02]],[[-10.05,68.74],[-10.13,68.79],[-10.13,68.88],[-9.96,68.88],[-9.96,68.76],[-10.05,68.74]]],[[[-62.98,69.89],[-63.1,69.98],[-63.22,69.86],[-63.18,69.8],[-63.07,69.74],[-62.95,69.72],[-62.78,69.77],[-62.5,69.62],[-62.26,69.62],[-62.02,69.58],[-61.91,69.5],[-61.85,69.5],[-61.87,69.7],[-61.99,69.78],[-62.68,69.84],[-62.78,69.89],[-62.98,69.89]]],[[[-60.89,69.43],[-61.01,69.49],[-61.33,69.44],[-61.28,69.42],[-60.89,69.43]]],[[[-8.24,68.69],[-8.24,68.72],[-8.51,68.73],[-8.59,68.68],[-8.6,68.61],[-8.65,68.57],[-8.75,68.6],[-8.85,68.56],[-8.91,68.44],[-8.83,68.42],[-8.61,68.48],[-8.24,68.69]]],[[[-9.96,68.02],[-9.86,68.06],[-9.85,68.11],[-10.05,68.1],[-10.15,68.04],[-9.96,68.02]]],[[[-38.92,62.96],[-38.87,62.97],[-38.87,63.02],[-38.96,63.04],[-39.14,62.97],[-38.92,62.96]]],[[[-29.67,62.25],[-29.76,62.16],[-29.71,62.15],[-29.5,62.28],[-29.3,62.28],[-29.28,62.3],[-29.35,62.33],[-29.67,62.25]]],[[[139.1,45.7],[139.13,45.76],[139.11,45.83],[139.06,45.88],[139.01,45.89],[138.97,45.82],[138.98,45.74],[139.04,45.69],[139.1,45.7]]],[[[138.82,44.88],[138.83,45.07],[138.85,45.12],[139.06,45.29],[139.32,45.38],[139.3,45.43],[139.1,45.5],[138.97,45.4],[138.99,45.32],[138.96,45.27],[138.74,45.19],[138.73,45.16],[138.8,45.12],[138.79,45.05],[138.65,44.98],[138.74,44.89],[138.82,44.88]]],[[[138.55,45.17],[138.34,45.22],[138.18,45.1],[138.48,44.98],[138.58,45.0],[138.55,45.17]]],[[[29.23,42.79],[29.3,42.88],[29.29,42.93],[29.18,42.98],[29.04,42.98],[29.03,42.93],[29.16,42.89],[29.2,42.8],[29.23,42.79]]],[[[39.77,41.58],[39.72,41.59],[39.66,41.7],[39.58,41.69],[39.55,41.54],[39.43,41.54],[39.44,41.39],[39.48,41.35],[39.79,41.38],[39.89,41.45],[39.96,41.57],[39.93,41.61],[39.77,41.58]]],[[[129.26,39.24],[129.26,39.3],[129.16,39.37],[129.13,39.45],[129.05,39.41],[129.02,39.26],[128.96,39.19],[128.97,39.17],[129.1,39.24],[129.22,39.19],[129.26,39.24]]],[[[-27.64,38.84],[-27.6,38.86],[-27.55,38.98],[-27.74,39.0],[-27.76,38.89],[-27.64,38.84]]],[[[-29.73,38.41],[-29.81,38.45],[-29.86,38.33],[-29.71,38.18],[-29.47,38.08],[-29.45,38.11],[-29.53,38.15],[-29.73,38.41]]],[[[-25.94,38.01],[-25.95,38.06],[-26.18,38.11],[-26.21,38.16],[-26.4,38.24],[-26.43,38.22],[-26.4,38.09],[-26.43,37.99],[-26.32,37.9],[-26.16,37.99],[-26.02,37.93],[-25.94,38.01]]],[[[-31.15,38.05],[-31.25,38.16],[-31.39,38.16],[-31.39,38.04],[-31.18,37.95],[-30.96,38.04],[-30.59,37.98],[-30.58,37.99],[-30.62,38.05],[-30.72,38.08],[-31.05,38.09],[-31.1,38.04],[-31.15,38.05]]],[[[-32.23,37.61],[-32.39,37.74],[-32.43,37.9],[-32.51,37.88],[-32.57,37.72],[-32.52,37.68],[-32.51,37.6],[-32.38,37.55],[-32.28,37.42],[-32.09,37.54],[-31.82,37.51],[-31.8,37.4],[-31.75,37.4],[-31.73,37.51],[-31.63,37.61],[-31.69,37.65],[-32.23,37.61]]],[[[-24.72,37.45],[-24.62,37.56],[-24.64,37.65],[-24.88,37.71],[-24.98,37.7],[-25.03,37.66],[-25.01,37.6],[-24.72,37.45]]],[[[-31.27,37.48],[-31.17,37.54],[-31.14,37.6],[-31.25,37.58],[-31.37,37.5],[-31.27,37.48]]],[[[-31.86,37.13],[-31.85,37.14],[-32.18,37.18],[-32.28,37.22],[-32.28,37.15],[-32.42,37.1],[-32.59,37.2],[-32.95,37.18],[-32.95,37.03],[-33.07,37.01],[-33.31,37.08],[-33.41,37.06],[-33.53,37.09],[-33.56,37.06],[-33.43,36.97],[-33.3,36.98],[-33.26,36.89],[-33.22,36.88],[-33.1,36.96],[-32.8,36.94],[-32.83,37.04],[-32.78,37.08],[-32.66,37.03],[-32.54,37.06],[-32.45,37.01],[-32.26,37.05],[-32.09,37.05],[-31.86,37.13]]],[[[26.79,35.57],[27.04,35.71],[27.07,35.78],[27.05,35.88],[27.02,35.75],[26.74,35.63],[26.75,35.58],[26.79,35.57]]],[[[26.33,35.72],[26.03,35.7],[26.14,35.6],[26.22,35.59],[26.38,35.64],[26.33,35.72]]],[[[24.61,34.75],[24.73,34.8],[24.74,34.85],[24.55,34.88],[24.56,34.77],[24.61,34.75]]],[[[136.78,33.72],[136.64,33.83],[136.47,33.78],[136.46,33.62],[136.39,33.53],[136.41,33.39],[136.7,33.41],[136.73,33.5],[136.76,33.53],[137.06,33.55],[137.08,33.7],[137.04,33.73],[137.02,33.79],[136.78,33.72]]],[[[139.92,30.97],[139.82,30.91],[139.7,30.94],[139.66,30.77],[139.82,30.74],[139.95,30.61],[140.01,30.6],[140.05,30.67],[139.92,30.97]]],[[[-110.54,26.22],[-110.68,26.4],[-110.74,26.43],[-110.75,26.36],[-110.59,26.21],[-110.42,26.13],[-110.39,26.15],[-110.43,26.21],[-110.54,26.22]]],[[[126.01,26.23],[126.12,26.28],[126.01,26.42],[125.91,26.4],[125.76,26.3],[125.53,26.25],[125.54,26.03],[125.39,25.91],[125.21,25.87],[125.03,25.79],[124.78,25.78],[124.78,25.68],[124.74,25.63],[124.58,25.63],[124.46,25.56],[124.34,25.56],[124.28,25.43],[124.13,25.39],[123.96,25.27],[123.7,25.25],[123.36,24.98],[123.67,24.98],[123.94,25.15],[124.23,25.15],[124.39,25.09],[124.58,25.18],[124.68,25.1],[124.81,25.13],[124.93,25.23],[125.14,25.28],[125.25,25.34],[125.3,25.4],[125.28,25.56],[124.98,25.55],[124.95,25.59],[124.96,25.67],[125.08,25.73],[125.26,25.75],[125.35,25.69],[125.47,25.7],[125.55,25.63],[125.59,25.63],[125.74,25.73],[125.73,25.85],[125.8,25.96],[125.93,26.03],[125.94,26.18],[126.01,26.23]]],[[[-109.92,25.63],[-109.97,25.68],[-110.08,25.71],[-110.19,25.7],[-110.29,25.63],[-110.33,25.55],[-110.23,25.27],[-110.14,25.25],[-110.06,25.18],[-110.03,25.28],[-109.92,25.32],[-109.68,25.22],[-109.56,25.06],[-109.55,25.15],[-109.44,25.27],[-109.58,25.44],[-109.66,25.46],[-109.82,25.63],[-109.92,25.63]],[[-109.98,25.44],[-110.05,25.48],[-110.05,25.55],[-109.99,25.6],[-109.89,25.58],[-109.86,25.53],[-109.87,25.46],[-109.98,25.44]]],[[[-75.16,22.79],[-75.1,22.92],[-75.15,22.94],[-75.28,22.91],[-75.2,22.78],[-75.16,22.79]]],[[[-75.37,22.47],[-75.37,22.55],[-75.55,22.61],[-75.58,22.68],[-75.62,22.7],[-75.66,22.64],[-75.6,22.52],[-75.47,22.45],[-75.37,22.47]]],[[[-64.05,18.08],[-64.18,18.23],[-64.26,18.12],[-64.26,17.97],[-64.16,17.94],[-63.94,18.07],[-64.05,18.08]]],[[[-75.58,18.1],[-75.75,18.23],[-75.89,18.24],[-75.9,18.14],[-75.84,18.05],[-75.29,18.07],[-75.12,18.0],[-74.86,18.12],[-74.68,18.14],[-74.59,18.23],[-74.9,18.17],[-75.58,18.1]]],[[[-64.58,18.11],[-64.6,18.13],[-64.66,18.1],[-64.98,18.09],[-65.04,18.05],[-65.46,17.98],[-65.55,17.87],[-65.58,17.78],[-65.54,17.76],[-65.33,17.84],[-65.04,17.83],[-64.74,17.88],[-64.61,17.95],[-64.58,18.11]]],[[[-76.49,17.28],[-76.59,17.41],[-76.63,17.42],[-76.69,17.36],[-76.58,17.21],[-76.59,17.15],[-76.51,17.12],[-76.48,17.08],[-76.58,16.9],[-76.58,16.81],[-76.39,16.76],[-76.16,16.79],[-76.08,16.9],[-76.1,17.14],[-76.32,17.23],[-76.37,17.28],[-76.49,17.28]]],[[[-60.43,12.0],[-60.36,12.14],[-60.19,12.12],[-60.06,12.2],[-60.01,12.42],[-60.1,12.46],[-60.13,12.54],[-59.96,12.55],[-59.93,12.58],[-60.02,12.79],[-60.02,13.03],[-60.1,13.35],[-60.16,13.44],[-60.27,13.49],[-60.36,13.48],[-60.48,13.41],[-60.55,13.27],[-60.53,13.13],[-60.7,13.06],[-60.7,12.89],[-60.77,12.77],[-60.75,12.64],[-60.86,12.38],[-60.79,12.29],[-60.64,12.31],[-60.53,12.22],[-60.56,12.12],[-60.67,12.1],[-60.86,12.17],[-60.85,12.03],[-60.8,11.9],[-60.73,11.88],[-60.68,11.96],[-60.53,11.95],[-60.43,12.0]]],[[[-81.62,12.82],[-81.59,12.85],[-81.61,13.23],[-81.69,12.86],[-81.68,12.82],[-81.62,12.82]]],[[[93.95,12.87],[93.73,13.09],[93.64,13.08],[93.54,13.03],[93.5,12.95],[93.5,12.79],[93.46,12.7],[93.51,12.43],[93.58,12.42],[93.58,12.6],[93.67,12.72],[93.68,12.83],[93.86,12.86],[93.85,12.61],[93.87,12.49],[94.09,12.23],[94.07,12.37],[94.1,12.45],[94.24,12.51],[94.24,12.55],[94.1,12.77],[94.01,12.77],[93.95,12.87]]],[[[47.73,11.88],[47.69,11.9],[47.66,12.0],[48.02,12.63],[47.99,12.69],[47.9,12.65],[47.93,12.56],[47.83,12.48],[47.81,12.31],[47.64,12.22],[47.63,12.08],[47.45,11.88],[47.33,11.83],[47.33,11.66],[47.21,11.54],[47.24,11.53],[47.38,11.64],[47.51,11.67],[47.6,11.77],[47.74,11.85],[47.76,11.88],[47.73,11.88]]],[[[46.92,12.24],[47.08,12.36],[47.09,12.41],[47.02,12.52],[46.9,12.38],[46.88,12.26],[46.9,12.22],[46.92,12.24]]],[[[-59.31,12.01],[-59.3,12.06],[-59.16,12.19],[-58.99,12.25],[-58.98,12.34],[-59.21,12.41],[-59.34,12.38],[-59.39,12.33],[-59.5,12.07],[-59.42,11.86],[-59.42,11.78],[-59.52,11.78],[-59.59,11.67],[-59.49,11.42],[-59.46,11.59],[-59.3,11.71],[-59.31,12.01]]],[[[46.62,12.37],[46.53,12.38],[46.44,12.36],[46.44,12.14],[46.59,12.25],[46.64,12.33],[46.62,12.37]]],[[[46.69,11.33],[47.11,11.73],[47.11,11.88],[47.18,11.95],[47.22,12.09],[47.29,12.16],[47.17,12.11],[47.05,11.88],[46.85,11.81],[46.85,11.62],[46.63,11.5],[46.64,11.36],[46.69,11.33]]],[[[114.73,10.6],[114.8,10.63],[114.85,10.72],[114.78,10.78],[114.74,10.9],[114.74,10.73],[114.63,10.61],[114.73,10.6]]],[[[114.94,10.15],[114.99,10.26],[114.96,10.39],[114.83,10.25],[114.94,10.15]]],[[[116.09,9.77],[116.23,9.84],[116.25,10.02],[116.12,9.91],[116.06,9.79],[116.09,9.77]]],[[[93.11,7.28],[93.12,7.44],[93.04,7.6],[92.96,7.65],[92.91,7.6],[92.91,7.55],[93.0,7.46],[93.04,7.28],[93.11,7.28]]],[[[112.78,7.56],[112.74,7.65],[112.66,7.56],[112.53,7.57],[112.51,7.54],[112.61,7.44],[112.62,7.37],[112.67,7.37],[112.76,7.41],[112.9,7.56],[112.78,7.56]]],[[[146.78,7.3],[146.78,7.34],[146.88,7.43],[146.87,7.47],[146.7,7.42],[146.7,7.37],[146.78,7.3]]],[[[94.97,4.45],[95.03,4.51],[94.95,4.85],[94.75,5.04],[94.75,5.18],[94.63,5.4],[94.52,5.5],[94.49,5.69],[94.3,5.83],[94.24,6.06],[94.13,6.14],[94.12,6.1],[94.18,6.0],[94.18,5.78],[94.31,5.36],[94.33,5.09],[94.53,4.67],[94.65,4.51],[94.64,4.44],[94.47,4.2],[94.46,4.13],[94.5,4.1],[94.58,4.24],[94.63,4.26],[94.87,4.15],[94.8,4.44],[94.9,4.42],[94.97,4.45]]],[[[126.07,1.25],[126.17,1.32],[126.14,1.5],[126.02,1.41],[126.02,1.33],[126.07,1.25]]],[[[-90.52,0.85],[-90.62,0.92],[-90.67,0.91],[-90.58,0.77],[-90.53,0.75],[-90.38,0.76],[-90.29,0.82],[-90.29,0.84],[-90.52,0.85]]],[[[129.06,-0.29],[128.95,-0.19],[128.9,-0.19],[128.88,-0.25],[128.91,-0.32],[129.07,-0.38],[129.07,-0.58],[129.24,-0.63],[129.4,-0.59],[129.41,-0.5],[129.26,-0.34],[129.17,-0.29],[129.06,-0.29]]],[[[148.85,-1.51],[148.93,-1.45],[148.99,-1.34],[148.89,-1.24],[148.82,-1.27],[148.8,-1.39],[148.72,-1.47],[148.76,-1.52],[148.85,-1.51]]],[[[148.53,-1.26],[148.51,-1.24],[148.42,-1.27],[148.43,-1.42],[148.46,-1.47],[148.49,-1.46],[148.53,-1.26]]],[[[151.3,-2.23],[151.34,-2.17],[151.33,-2.11],[151.26,-2.06],[151.18,-2.06],[151.19,-2.17],[151.3,-2.23]]],[[[132.43,-3.86],[132.45,-3.8],[132.26,-3.53],[132.22,-3.54],[132.21,-3.57],[132.37,-3.85],[132.43,-3.86]]],[[[152.11,-3.62],[151.87,-3.58],[151.86,-3.63],[151.97,-3.65],[152.02,-3.74],[152.04,-3.67],[152.11,-3.62]]],[[[118.58,-4.7],[118.54,-4.46],[118.49,-4.41],[118.44,-4.41],[118.45,-4.57],[118.51,-4.66],[118.58,-4.7]]],[[[118.06,-4.7],[118.08,-4.63],[118.17,-4.59],[118.15,-4.44],[118.03,-4.58],[118.01,-4.67],[118.06,-4.7]]],[[[147.98,-4.47],[147.95,-4.45],[147.55,-4.5],[147.68,-4.54],[147.92,-4.54],[147.98,-4.47]]],[[[104.11,-6.02],[104.0,-5.98],[103.94,-5.81],[103.7,-5.59],[103.49,-5.5],[103.4,-5.41],[103.22,-5.4],[103.11,-5.5],[103.4,-5.89],[103.42,-5.95],[103.39,-6.1],[103.46,-6.21],[103.51,-6.21],[103.61,-6.12],[103.7,-6.11],[103.87,-6.19],[103.97,-6.29],[104.04,-6.38],[104.06,-6.48],[104.32,-6.61],[104.41,-6.61],[104.42,-6.56],[104.25,-6.31],[104.11,-6.02]]],[[[127.12,-7.81],[127.0,-7.75],[126.91,-7.84],[126.72,-7.9],[126.49,-8.06],[126.39,-8.08],[126.07,-8.02],[125.9,-8.09],[125.8,-8.17],[125.68,-8.38],[125.9,-8.35],[126.06,-8.37],[126.29,-8.28],[126.46,-8.3],[126.7,-8.18],[127.08,-8.18],[127.22,-8.23],[127.43,-8.14],[127.45,-8.04],[127.43,-7.96],[127.38,-7.93],[127.34,-7.95],[127.39,-8.02],[127.36,-8.15],[127.17,-8.19],[127.07,-8.14],[127.03,-8.07],[127.04,-8.0],[127.2,-7.83],[127.12,-7.81]]],[[[160.51,-8.15],[160.55,-7.97],[160.29,-8.06],[160.33,-8.1],[160.51,-8.15]]],[[[127.91,-8.69],[128.04,-8.64],[128.1,-8.58],[128.18,-8.4],[127.97,-8.38],[127.86,-8.31],[127.82,-8.33],[127.77,-8.41],[127.77,-8.52],[127.81,-8.63],[127.91,-8.69]]],[[[125.26,-8.48],[125.45,-8.4],[124.73,-8.5],[124.61,-8.54],[124.46,-8.54],[124.17,-8.66],[124.07,-8.66],[123.89,-8.57],[123.81,-8.57],[123.53,-8.66],[122.76,-8.74],[122.59,-8.83],[122.15,-8.87],[121.68,-9.02],[121.56,-9.02],[121.44,-9.09],[121.22,-9.07],[121.16,-9.22],[120.99,-9.21],[121.09,-9.39],[121.23,-9.54],[121.34,-9.61],[121.49,-9.6],[121.58,-9.66],[121.68,-9.94],[122.11,-10.1],[122.47,-10.3],[122.62,-10.2],[122.78,-10.25],[122.93,-10.15],[123.07,-10.15],[123.14,-9.98],[123.43,-9.74],[123.5,-9.5],[123.66,-9.38],[123.79,-9.34],[124.01,-9.14],[124.44,-9.04],[124.82,-8.84],[124.85,-8.78],[124.92,-8.76],[125.06,-8.54],[125.26,-8.48]]],[[[129.88,-8.77],[129.93,-8.69],[129.82,-8.7],[129.62,-8.83],[129.41,-8.83],[129.29,-8.93],[129.64,-8.88],[129.88,-8.77]]],[[[128.88,-8.88],[128.77,-8.8],[128.71,-8.9],[128.47,-8.81],[128.26,-8.81],[128.06,-8.93],[127.73,-9.0],[127.62,-8.96],[127.3,-9.18],[127.01,-9.26],[126.82,-9.36],[126.5,-9.14],[126.46,-9.2],[126.42,-9.44],[126.29,-9.44],[126.19,-9.31],[126.09,-9.62],[125.97,-9.73],[125.83,-9.79],[125.51,-9.82],[125.28,-9.95],[125.23,-10.03],[125.29,-10.07],[125.5,-10.03],[125.59,-10.06],[125.98,-9.86],[126.19,-9.84],[126.94,-9.53],[127.13,-9.53],[127.29,-9.4],[127.71,-9.23],[128.11,-9.22],[128.42,-9.1],[128.59,-9.1],[129.23,-8.93],[129.12,-8.93],[129.0,-8.88],[128.88,-8.88]]],[[[161.91,-9.52],[161.84,-9.32],[161.74,-9.26],[161.63,-9.14],[161.59,-9.14],[161.57,-9.17],[161.64,-9.26],[161.64,-9.36],[161.74,-9.53],[161.91,-9.52]]],[[[123.93,-10.91],[124.08,-10.8],[124.3,-10.73],[124.46,-10.58],[124.87,-10.34],[125.01,-10.19],[125.0,-10.13],[124.94,-10.09],[124.84,-10.14],[124.51,-10.49],[124.38,-10.57],[124.13,-10.64],[123.81,-10.85],[123.63,-10.91],[123.93,-10.91]]],[[[-177.31,-13.94],[-177.48,-13.85],[-177.52,-13.9],[-177.49,-13.95],[-177.34,-14.02],[-177.31,-13.94]]],[[[167.58,-15.37],[167.71,-15.25],[167.93,-15.16],[167.96,-15.07],[167.88,-14.66],[167.81,-14.59],[167.78,-14.47],[167.74,-14.44],[167.43,-14.48],[167.33,-14.54],[167.47,-14.98],[167.51,-15.31],[167.54,-15.36],[167.58,-15.37]]],[[[-176.1,-15.02],[-175.97,-14.88],[-176.0,-14.81],[-176.07,-14.82],[-176.12,-14.87],[-176.14,-14.96],[-176.1,-15.02]]],[[[167.73,-15.59],[167.62,-15.55],[167.58,-15.58],[167.77,-15.91],[167.87,-15.94],[167.99,-15.88],[168.03,-15.77],[168.0,-15.6],[167.94,-15.57],[167.73,-15.59]]],[[[169.51,-18.07],[169.54,-18.03],[169.49,-17.9],[169.49,-17.78],[169.44,-17.74],[169.42,-17.65],[169.32,-17.55],[169.25,-17.55],[169.19,-17.61],[169.18,-17.69],[169.27,-17.73],[169.37,-18.0],[169.51,-18.07]]],[[[170.2,-20.14],[170.21,-19.99],[170.34,-19.96],[170.35,-19.88],[170.15,-19.63],[170.09,-19.13],[170.01,-19.04],[169.97,-18.94],[169.8,-18.78],[169.68,-18.72],[169.66,-18.95],[170.01,-19.31],[170.01,-19.41],[169.94,-19.56],[170.11,-19.82],[170.14,-20.09],[170.16,-20.14],[170.2,-20.14]]],[[[-37.58,-20.23],[-37.63,-20.06],[-37.81,-20.13],[-37.72,-20.24],[-37.62,-20.25],[-37.58,-20.23]]],[[[-37.55,-20.42],[-37.67,-20.36],[-37.78,-20.4],[-37.82,-20.46],[-37.67,-20.46],[-37.55,-20.42]]],[[[36.07,-29.3],[35.85,-29.22],[35.77,-29.29],[35.65,-29.29],[35.63,-29.36],[35.68,-29.46],[35.76,-29.52],[35.84,-29.44],[36.05,-29.39],[36.07,-29.3]]],[[[45.53,-31.68],[45.5,-31.59],[45.43,-31.63],[45.43,-31.78],[45.26,-31.94],[45.32,-31.96],[45.77,-31.92],[45.79,-31.88],[45.7,-31.8],[45.67,-31.68],[45.53,-31.68]]],[[[35.89,-32.72],[35.98,-32.69],[35.74,-32.64],[35.66,-32.7],[35.73,-32.73],[35.89,-32.72]]],[[[170.91,-35.54],[170.98,-35.43],[170.96,-35.34],[170.78,-35.39],[170.85,-35.53],[170.91,-35.54]]],[[[43.17,-45.51],[43.22,-45.38],[43.29,-45.34],[43.28,-45.31],[43.19,-45.32],[43.16,-45.38],[43.04,-45.47],[43.12,-45.52],[43.17,-45.51]]],[[[149.82,-48.79],[149.81,-48.74],[149.66,-48.66],[149.54,-48.67],[149.66,-48.79],[149.82,-48.79]]],[[[165.18,-54.17],[165.29,-54.12],[165.29,-54.05],[165.1,-53.95],[165.01,-53.98],[165.12,-54.15],[165.18,-54.17]]],[[[77.42,-54.65],[77.38,-54.59],[77.26,-54.53],[77.19,-54.58],[77.11,-54.75],[76.98,-54.78],[76.98,-54.85],[77.03,-54.9],[77.14,-54.9],[77.33,-54.7],[77.42,-54.65]]],[[[-54.8,-61.62],[-55.01,-61.63],[-55.22,-61.7],[-55.13,-61.8],[-54.8,-61.62]]],[[[99.76,-63.66],[99.66,-63.63],[99.58,-63.7],[100.05,-63.78],[100.22,-63.84],[100.34,-63.84],[100.41,-63.8],[99.76,-63.66]]],[[[114.7,-65.16],[114.86,-65.09],[114.91,-65.04],[114.9,-64.97],[114.66,-65.03],[114.54,-65.14],[114.57,-65.17],[114.7,-65.16]]],[[[176.26,-72.01],[176.33,-71.96],[176.26,-71.81],[176.09,-71.83],[175.99,-71.91],[175.99,-71.95],[176.05,-71.99],[176.26,-72.01]]],[[[-137.55,-73.88],[-137.64,-73.83],[-137.81,-73.97],[-137.53,-73.99],[-137.35,-73.9],[-137.55,-73.88]]],[[[-69.0,72.94],[-69.28,72.74],[-69.67,72.65],[-69.79,72.65],[-69.87,72.54],[-69.85,72.52],[-69.47,72.62],[-69.34,72.6],[-69.35,72.53],[-69.56,72.43],[-69.6,72.38],[-69.38,72.34],[-69.26,72.27],[-69.25,72.16],[-69.38,72.09],[-69.24,71.98],[-68.83,71.93],[-68.76,71.88],[-68.64,71.88],[-68.5,71.81],[-67.74,71.76],[-67.66,71.74],[-67.63,71.69],[-67.46,71.59],[-67.0,71.59],[-66.95,71.56],[-66.89,71.42],[-66.65,71.4],[-66.55,71.34],[-65.95,71.35],[-65.83,71.3],[-65.78,71.18],[-65.53,71.23],[-65.21,71.22],[-65.14,71.16],[-65.2,71.04],[-64.56,71.04],[-64.32,70.9],[-64.27,70.75],[-64.1,70.63],[-63.89,70.56],[-63.74,70.37],[-63.48,70.34],[-63.6,70.45],[-63.65,70.66],[-63.82,70.88],[-63.81,70.92],[-63.73,70.95],[-63.74,71.08],[-63.65,71.12],[-63.52,71.09],[-63.51,70.93],[-63.34,70.92],[-63.23,70.86],[-63.05,70.68],[-62.99,70.58],[-62.79,70.5],[-62.42,70.48],[-62.3,70.43],[-62.22,70.49],[-62.3,70.57],[-62.3,70.63],[-62.27,70.67],[-62.18,70.68],[-62.16,70.74],[-62.23,70.85],[-62.31,70.88],[-62.33,71.0],[-62.25,71.05],[-62.27,71.18],[-62.14,71.31],[-62.2,71.39],[-62.14,71.56],[-62.01,71.64],[-61.98,71.69],[-62.02,71.75],[-62.18,71.86],[-62.19,71.9],[-62.14,71.98],[-62.16,72.12],[-62.42,72.17],[-62.54,72.29],[-62.74,72.36],[-63.09,72.77],[-63.17,72.91],[-63.43,72.98],[-63.58,73.08],[-63.72,73.1],[-64.08,73.34],[-64.79,73.44],[-65.06,73.41],[-65.16,73.43],[-65.19,73.5],[-65.11,73.63],[-65.4,73.74],[-65.42,73.82],[-65.33,73.9],[-65.53,73.98],[-65.74,74.25],[-65.9,74.28],[-66.29,74.44],[-67.01,74.47],[-67.2,74.59],[-67.37,74.57],[-67.56,74.59],[-67.85,74.67],[-68.04,74.54],[-68.5,74.59],[-68.71,74.5],[-68.99,74.51],[-68.81,74.38],[-68.46,74.3],[-68.39,74.2],[-68.48,74.15],[-68.46,73.96],[-68.61,73.87],[-68.53,73.76],[-68.54,73.66],[-68.69,73.61],[-69.52,73.54],[-69.52,73.5],[-69.3,73.51],[-68.97,73.21],[-68.95,73.12],[-69.0,73.11],[-69.02,73.06],[-69.0,72.94]],[[-68.06,74.2],[-68.02,74.14],[-68.03,74.11],[-68.1,74.06],[-68.18,74.07],[-68.18,74.16],[-68.06,74.2]],[[-65.37,72.39],[-65.47,72.44],[-65.48,72.48],[-65.45,72.55],[-65.34,72.56],[-65.25,72.51],[-65.24,72.42],[-65.27,72.39],[-65.37,72.39]]],[[[-11.4,59.18],[-11.26,59.11],[-11.09,59.09],[-10.97,59.01],[-10.94,59.03],[-11.07,59.17],[-11.4,59.18]]],[[[138.19,44.87],[138.07,45.0],[137.83,45.05],[137.73,44.98],[137.62,44.81],[137.67,44.68],[137.64,44.6],[137.58,44.55],[137.31,44.5],[137.17,44.36],[137.32,44.15],[137.32,44.09],[137.27,44.04],[137.02,43.96],[136.78,44.04],[136.75,43.92],[136.71,43.86],[136.49,43.85],[136.09,43.68],[136.02,43.7],[135.92,43.83],[135.91,43.66],[135.85,43.56],[135.16,43.11],[135.14,43.07],[135.18,42.88],[135.03,42.71],[134.77,42.62],[134.67,42.62],[134.57,42.58],[134.44,42.58],[133.82,42.43],[132.93,42.45],[132.81,42.43],[132.6,42.34],[132.43,42.36],[132.31,42.31],[131.86,42.29],[131.71,42.34],[131.52,42.24],[131.18,42.22],[131.03,42.13],[130.76,42.09],[130.6,42.0],[130.32,41.63],[130.13,41.57],[130.08,41.4],[130.15,41.26],[130.15,41.15],[130.2,41.05],[130.13,40.92],[130.22,40.87],[130.23,40.79],[130.21,40.71],[130.01,40.7],[129.91,40.65],[129.85,40.57],[129.84,40.5],[129.96,40.33],[129.95,40.22],[129.83,40.17],[129.76,40.2],[129.67,40.29],[129.61,40.29],[129.51,40.2],[129.29,40.08],[129.24,39.98],[129.3,39.87],[129.29,39.82],[129.12,39.74],[129.18,39.71],[129.43,39.71],[129.46,39.63],[129.38,39.43],[129.41,39.42],[129.49,39.47],[129.55,39.46],[129.57,39.25],[129.65,39.17],[129.63,39.36],[129.68,39.4],[129.86,39.4],[129.86,39.53],[129.94,39.58],[130.01,39.56],[130.1,39.77],[130.17,39.78],[130.37,39.72],[130.54,39.82],[130.73,39.79],[131.02,39.88],[131.13,39.87],[131.19,39.81],[131.17,39.71],[130.87,39.62],[130.82,39.43],[130.61,39.26],[130.44,39.05],[130.26,38.89],[130.25,38.83],[130.36,38.67],[130.39,38.57],[130.35,38.42],[130.34,38.09],[130.39,38.07],[130.54,38.15],[130.6,38.12],[130.63,37.99],[130.82,38.04],[130.8,37.74],[130.83,37.7],[130.92,37.73],[130.94,37.8],[130.89,37.92],[130.78,38.47],[130.84,38.53],[131.04,38.52],[131.16,38.69],[131.32,38.8],[131.42,38.74],[131.4,38.62],[131.65,38.69],[131.69,38.67],[131.69,38.52],[131.78,38.5],[132.15,38.23],[132.19,38.14],[132.14,38.02],[132.02,37.96],[131.83,37.8],[131.66,37.78],[131.52,37.7],[131.11,37.66],[131.12,37.48],[131.06,37.4],[130.8,37.37],[130.63,37.46],[130.54,37.32],[130.43,37.27],[130.32,37.3],[130.3,37.25],[130.16,37.18],[130.08,36.89],[130.17,36.79],[130.22,36.55],[130.3,36.51],[130.39,36.51],[130.5,36.67],[130.57,36.68],[130.64,36.64],[130.75,36.5],[130.85,36.48],[131.09,36.53],[131.26,36.48],[131.38,36.6],[131.48,36.83],[131.83,37.01],[131.83,37.06],[131.76,37.13],[131.72,37.23],[131.72,37.32],[131.77,37.4],[131.86,37.44],[132.02,37.44],[132.24,37.63],[132.31,37.66],[132.46,37.82],[132.54,37.82],[132.61,37.71],[132.84,37.8],[132.85,37.91],[132.96,37.96],[133.02,37.94],[133.03,37.85],[132.9,37.77],[133.1,37.81],[133.22,38.21],[133.2,38.33],[133.32,38.45],[133.39,38.61],[133.37,38.68],[133.08,38.9],[133.06,39.09],[133.13,39.22],[133.1,39.38],[133.18,39.55],[133.13,39.6],[133.12,39.72],[133.22,39.84],[133.27,40.03],[133.58,40.2],[133.73,40.22],[133.78,40.29],[134.28,40.42],[134.58,40.4],[134.87,40.49],[135.13,40.47],[135.22,40.49],[135.36,40.44],[135.48,40.49],[135.86,40.44],[136.03,40.34],[136.2,40.39],[136.25,40.2],[136.3,40.25],[136.4,40.26],[136.54,40.1],[136.72,40.07],[136.78,39.97],[136.76,39.84],[136.66,39.84],[136.64,39.77],[136.58,39.75],[136.53,39.78],[136.49,39.88],[136.44,39.89],[136.4,39.81],[136.39,39.64],[136.25,39.62],[136.22,39.5],[136.01,39.31],[135.96,39.19],[135.72,39.12],[135.74,38.89],[135.7,38.83],[135.6,38.84],[135.6,38.98],[135.55,39.05],[135.58,39.14],[135.4,39.16],[135.23,39.14],[134.76,38.94],[134.64,38.86],[134.38,38.83],[134.31,38.79],[134.28,38.69],[134.3,38.52],[134.22,38.3],[134.37,38.36],[134.52,38.35],[134.59,38.3],[134.63,38.2],[134.59,38.11],[134.42,37.92],[134.23,37.83],[134.22,37.57],[134.06,37.42],[134.16,37.12],[134.26,36.99],[134.34,36.98],[134.42,37.03],[134.64,37.3],[134.77,37.36],[135.2,37.47],[135.31,37.37],[135.49,37.41],[135.7,37.41],[135.85,37.55],[135.96,37.54],[136.06,37.7],[135.96,37.89],[135.98,37.96],[136.2,38.06],[136.34,38.06],[136.42,38.29],[136.97,38.71],[137.06,38.71],[137.23,38.81],[137.43,38.87],[137.68,38.75],[137.72,38.76],[137.88,38.9],[137.95,39.12],[138.12,39.26],[138.14,39.34],[138.36,39.41],[138.36,39.6],[138.53,39.77],[138.58,39.9],[138.68,39.97],[138.75,39.97],[138.78,39.94],[138.82,39.79],[138.91,39.96],[138.89,40.11],[138.93,40.18],[139.03,40.22],[139.18,40.13],[139.3,40.2],[139.32,40.34],[139.39,40.46],[139.37,40.61],[139.44,40.87],[139.41,41.07],[139.44,41.1],[139.56,41.11],[139.47,41.36],[139.44,41.4],[138.83,41.25],[138.77,41.28],[138.75,41.37],[138.87,41.62],[138.94,41.69],[138.97,41.82],[139.01,41.86],[139.12,41.85],[139.38,41.7],[139.44,41.74],[139.41,41.87],[139.28,42.04],[139.28,42.16],[139.44,42.46],[139.51,42.5],[139.62,42.5],[139.66,42.54],[139.8,42.92],[139.87,43.02],[139.88,43.25],[139.78,43.37],[139.73,43.51],[139.52,43.53],[139.46,43.58],[139.52,43.7],[139.61,43.75],[139.71,43.74],[139.7,43.78],[139.55,43.8],[139.42,43.94],[139.27,43.87],[139.18,43.93],[139.15,44.04],[139.18,44.16],[139.05,44.41],[138.98,44.45],[138.58,44.5],[138.48,44.56],[138.45,44.62],[138.48,44.71],[138.53,44.76],[138.52,44.79],[138.34,44.88],[138.19,44.87]],[[137.98,44.11],[138.0,44.16],[138.14,44.28],[138.17,44.43],[138.3,44.5],[138.36,44.5],[138.46,44.4],[138.56,44.43],[138.61,44.38],[138.61,44.18],[138.56,44.13],[138.46,44.11],[138.43,43.97],[138.02,43.94],[137.98,44.11]],[[131.92,42.0],[131.86,42.05],[131.87,42.09],[131.91,42.15],[131.98,42.16],[132.02,42.13],[132.02,42.05],[131.92,42.0]],[[132.46,42.03],[132.58,42.11],[132.63,42.1],[132.67,42.01],[132.62,41.91],[132.57,41.89],[132.47,41.94],[132.46,42.03]],[[137.32,40.52],[137.39,40.5],[137.42,40.42],[137.42,40.34],[137.37,40.31],[137.3,40.33],[137.26,40.38],[137.26,40.45],[137.32,40.52]],[[137.16,40.47],[137.2,40.45],[137.2,40.39],[137.09,40.25],[137.43,40.23],[137.53,40.17],[137.52,40.1],[137.21,40.03],[137.06,39.81],[136.99,39.78],[136.93,39.8],[136.92,39.92],[136.94,40.01],[136.99,40.03],[136.96,40.09],[136.9,40.09],[136.9,40.18],[136.99,40.3],[137.03,40.43],[137.16,40.47]],[[129.46,39.98],[129.48,40.11],[129.61,40.15],[129.75,40.06],[129.82,39.91],[129.76,39.86],[129.65,39.85],[129.53,39.89],[129.46,39.98]],[[132.55,38.19],[132.48,38.26],[132.49,38.31],[132.57,38.36],[132.67,38.34],[132.68,38.22],[132.65,38.19],[132.55,38.19]],[[131.33,37.66],[131.38,37.66],[131.46,37.61],[131.49,37.52],[131.45,37.45],[131.36,37.45],[131.3,37.5],[131.28,37.6],[131.33,37.66]],[[135.94,38.82],[135.9,38.91],[135.96,38.99],[136.08,39.02],[136.17,38.97],[136.18,38.9],[136.13,38.83],[136.03,38.8],[135.94,38.82]]],[[[35.11,44.17],[35.28,44.35],[35.11,44.45],[34.82,44.47],[34.73,44.52],[34.67,44.5],[34.43,44.23],[34.33,44.2],[34.27,44.11],[33.93,43.93],[33.79,43.93],[33.6,43.94],[33.48,44.02],[33.27,44.06],[33.17,44.17],[33.14,44.33],[32.62,44.38],[32.4,44.23],[32.46,44.12],[32.47,43.99],[32.52,43.96],[32.52,43.86],[32.43,43.82],[32.48,43.75],[32.45,43.61],[32.47,43.44],[32.36,43.37],[32.41,43.28],[32.35,43.21],[32.24,43.21],[32.17,43.28],[32.2,43.36],[32.33,43.42],[32.15,43.46],[32.12,43.43],[32.14,43.29],[32.11,43.23],[32.04,43.2],[31.94,43.2],[31.87,43.27],[31.68,43.13],[31.46,43.18],[31.11,43.1],[30.91,43.18],[30.72,43.13],[30.58,43.2],[30.56,42.98],[30.19,42.55],[30.12,42.5],[30.0,42.48],[29.83,42.38],[29.74,42.41],[29.59,42.36],[29.39,42.38],[29.18,42.5],[29.16,42.39],[29.35,42.24],[29.38,42.05],[29.54,41.98],[29.59,41.89],[29.98,41.89],[30.16,41.97],[30.36,41.98],[30.5,42.07],[30.62,42.07],[30.71,42.14],[30.82,42.15],[31.08,42.13],[31.16,42.1],[31.32,41.8],[31.52,41.93],[31.93,41.98],[32.06,42.03],[32.27,42.03],[32.45,42.09],[32.59,42.05],[32.83,42.21],[32.98,42.19],[33.14,42.34],[33.46,42.29],[33.61,42.4],[33.77,42.41],[33.91,42.53],[34.13,42.5],[34.46,42.41],[34.66,42.46],[35.02,42.36],[35.18,42.36],[35.42,42.26],[35.48,42.44],[35.54,42.46],[35.66,42.43],[35.69,42.46],[35.59,42.48],[35.54,42.54],[35.51,42.7],[35.55,42.8],[35.59,42.84],[35.78,42.83],[35.85,42.77],[35.93,42.62],[36.14,42.56],[36.26,42.46],[36.62,42.36],[36.91,42.22],[37.06,42.03],[37.3,42.0],[37.42,41.93],[37.49,42.0],[37.63,42.02],[37.58,42.05],[37.56,42.12],[37.64,42.17],[37.8,42.04],[38.02,42.05],[38.06,41.86],[38.18,41.81],[38.21,41.76],[38.16,41.59],[38.46,41.49],[38.58,41.53],[38.57,41.59],[38.6,41.68],[38.81,41.64],[38.88,41.81],[39.06,41.85],[39.33,42.04],[39.39,42.02],[39.49,42.04],[39.55,42.12],[39.12,42.24],[38.9,42.24],[38.69,42.36],[38.52,42.53],[38.38,42.58],[38.24,42.73],[38.02,42.74],[37.8,42.86],[37.61,42.89],[37.49,43.01],[37.32,43.08],[37.27,43.16],[37.29,43.26],[37.5,43.29],[37.68,43.27],[38.69,42.84],[38.98,42.82],[39.1,42.77],[39.29,42.77],[39.53,42.65],[39.84,42.6],[39.85,42.62],[39.72,42.86],[39.72,43.01],[39.57,43.11],[39.53,43.3],[39.48,43.32],[39.46,43.39],[39.37,43.47],[39.07,43.6],[38.74,43.58],[38.57,43.7],[38.47,43.59],[38.38,43.59],[38.16,43.75],[37.95,43.74],[37.82,43.85],[37.1,44.18],[36.67,43.94],[36.51,43.95],[36.47,43.93],[36.46,43.9],[36.53,43.87],[36.67,43.73],[36.69,43.54],[36.66,43.48],[36.53,43.49],[36.48,43.47],[36.42,43.31],[36.35,43.27],[36.11,43.37],[35.89,43.51],[35.78,43.54],[35.71,43.61],[35.62,43.61],[35.54,43.66],[35.31,43.58],[35.22,43.61],[35.14,43.72],[35.11,44.17]],[[34.53,43.94],[34.61,44.02],[34.7,44.05],[34.78,44.01],[34.78,43.88],[34.74,43.84],[34.58,43.87],[34.53,43.94]],[[33.44,43.87],[33.58,43.82],[33.54,43.58],[33.43,43.58],[33.38,43.51],[33.17,43.49],[33.17,43.58],[33.1,43.68],[33.13,43.78],[33.24,43.85],[33.44,43.87]],[[35.02,42.54],[34.95,42.56],[34.94,42.65],[34.98,42.7],[35.1,42.75],[35.21,42.67],[35.33,42.65],[35.38,42.5],[35.34,42.43],[35.11,42.46],[35.02,42.54]],[[37.23,42.09],[37.18,42.16],[37.21,42.22],[37.27,42.24],[37.27,42.26],[37.49,42.23],[37.54,42.19],[37.53,42.13],[37.5,42.11],[37.23,42.09]]],[[[8.98,43.34],[9.0,43.39],[8.97,43.64],[8.69,43.73],[8.66,43.81],[8.71,43.88],[8.64,43.9],[8.48,43.8],[7.98,43.64],[7.54,43.56],[7.51,43.51],[7.52,43.39],[7.49,43.34],[7.28,43.39],[7.03,43.18],[7.03,43.13],[6.86,42.98],[6.61,42.92],[6.16,42.86],[5.95,42.91],[5.64,42.91],[5.42,42.84],[5.42,42.72],[5.09,42.46],[5.1,42.28],[4.99,42.2],[4.92,42.21],[4.73,42.31],[4.51,42.29],[4.38,42.36],[4.32,42.34],[4.27,42.24],[4.45,42.23],[4.46,42.14],[4.41,42.1],[4.06,42.07],[3.78,41.82],[3.77,41.78],[3.84,41.76],[3.86,41.67],[3.7,41.35],[3.59,41.31],[3.19,41.3],[3.1,41.26],[2.96,41.27],[2.95,41.23],[3.06,41.12],[3.07,41.04],[2.9,40.97],[2.76,40.66],[3.08,40.67],[3.27,40.55],[3.6,40.44],[4.08,40.42],[4.34,40.3],[4.51,40.28],[4.75,39.84],[4.6,39.13],[4.51,39.1],[4.34,39.12],[4.3,39.17],[4.21,39.14],[4.1,39.26],[4.08,39.19],[4.11,38.99],[4.05,38.92],[3.86,39.07],[3.83,39.17],[3.74,39.14],[3.62,39.17],[3.53,39.12],[3.29,39.1],[2.95,38.88],[2.9,38.78],[2.82,38.74],[2.13,38.13],[1.78,37.95],[1.67,37.95],[1.58,38.05],[1.5,38.08],[1.3,38.03],[0.94,38.01],[0.84,37.97],[0.72,38.02],[0.56,37.93],[0.55,37.75],[0.41,37.73],[0.22,37.51],[-0.07,37.51],[-0.26,37.44],[-0.46,37.44],[-0.69,37.36],[-1.13,37.34],[-1.18,37.18],[-1.32,37.11],[-1.34,36.91],[-1.47,36.75],[-1.45,36.7],[-1.33,36.61],[-1.33,36.53],[-1.49,36.5],[-1.57,36.43],[-1.59,36.33],[-1.57,36.16],[-1.75,36.14],[-1.85,36.05],[-1.63,36.05],[-1.51,35.95],[-1.16,35.91],[-0.56,36.04],[0.19,36.46],[0.48,36.5],[0.59,36.61],[0.76,36.64],[0.94,36.72],[1.85,36.74],[2.06,36.86],[2.18,36.86],[2.25,36.94],[2.4,37.01],[2.71,37.03],[2.98,36.96],[3.35,37.0],[3.48,37.07],[3.74,37.08],[4.01,37.15],[4.18,37.13],[4.68,37.15],[4.78,37.1],[5.14,37.03],[5.28,37.06],[5.5,37.01],[5.88,37.08],[5.98,37.15],[6.31,37.25],[7.13,37.25],[7.35,37.32],[7.68,37.25],[7.84,37.32],[8.13,37.36],[8.32,37.42],[8.51,37.59],[8.54,37.67],[8.5,37.73],[8.5,37.85],[8.4,37.9],[8.3,38.02],[8.23,38.02],[8.21,38.16],[8.69,37.99],[8.83,38.16],[9.15,38.33],[8.91,38.3],[8.76,38.35],[8.62,38.28],[8.45,38.3],[8.06,38.62],[7.94,38.62],[7.67,38.83],[7.63,39.02],[7.56,39.07],[7.44,39.36],[7.55,39.46],[7.54,39.55],[7.66,39.6],[7.66,39.74],[7.74,39.86],[7.63,40.01],[7.65,40.23],[7.62,40.56],[7.73,40.7],[7.8,40.74],[7.94,40.97],[7.98,41.16],[8.04,41.24],[8.1,41.29],[8.23,41.3],[8.34,41.36],[8.28,41.62],[8.3,41.68],[8.35,41.71],[8.28,41.78],[8.24,41.89],[8.33,42.02],[8.4,42.29],[8.4,42.43],[8.54,42.79],[8.73,42.85],[8.88,43.04],[9.04,43.08],[9.05,43.12],[8.98,43.34]]],[[[134.45,39.53],[134.52,39.64],[134.14,39.41],[134.04,39.41],[133.9,39.25],[133.96,39.25],[134.14,39.36],[134.22,39.33],[134.28,39.36],[134.4,39.53],[134.45,39.53]]],[[[17.79,39.53],[17.76,39.53],[17.76,39.49],[17.9,39.22],[17.89,39.07],[18.02,39.0],[18.01,38.94],[17.9,38.84],[17.98,38.76],[18.03,38.63],[17.94,38.57],[17.69,38.5],[17.7,38.23],[17.53,37.97],[17.43,37.9],[17.28,37.87],[17.19,37.8],[16.85,37.82],[16.61,37.66],[16.45,37.67],[16.34,37.73],[16.28,37.62],[15.97,37.54],[15.78,37.59],[15.54,37.59],[15.43,37.56],[15.41,37.51],[15.48,37.25],[15.47,37.06],[15.51,36.96],[15.48,36.72],[15.63,36.58],[15.66,36.32],[15.71,36.23],[15.7,36.19],[15.62,36.19],[15.58,36.15],[15.59,36.1],[15.83,35.97],[15.84,35.92],[15.82,35.83],[15.92,35.63],[16.22,35.36],[16.37,35.38],[16.51,35.3],[16.59,35.43],[16.65,35.44],[16.72,35.41],[16.79,35.26],[16.75,35.16],[16.6,35.07],[16.4,35.05],[16.6,34.94],[16.67,34.93],[16.68,34.8],[16.73,34.73],[17.02,34.68],[17.0,34.59],[16.81,34.46],[16.87,34.34],[16.87,34.18],[16.7,34.14],[16.68,34.1],[16.78,34.03],[16.9,34.07],[16.96,33.95],[17.19,33.9],[17.26,33.83],[17.3,33.7],[17.21,33.6],[17.17,33.49],[17.02,33.46],[16.76,33.26],[16.92,33.13],[16.97,33.06],[16.99,32.95],[17.06,32.88],[17.3,32.88],[17.53,32.69],[17.55,32.78],[17.63,32.87],[17.79,32.97],[17.9,32.93],[17.93,32.81],[18.1,32.78],[18.19,32.64],[18.22,32.74],[18.33,32.79],[18.48,32.78],[18.54,32.73],[18.6,32.74],[18.65,33.02],[18.86,33.0],[18.94,33.07],[19.03,33.1],[19.27,33.05],[19.49,33.14],[20.21,33.17],[20.38,33.02],[20.65,32.98],[20.7,33.01],[20.79,33.18],[20.9,33.24],[20.97,33.24],[21.1,33.17],[21.25,33.23],[21.37,33.23],[21.5,33.14],[21.72,33.22],[21.85,33.21],[21.98,33.29],[22.32,33.31],[22.49,33.22],[22.61,33.28],[22.73,33.3],[23.11,33.3],[23.34,33.24],[23.4,33.19],[23.78,33.14],[23.86,33.07],[23.93,32.79],[23.97,32.75],[24.22,32.71],[24.34,32.62],[24.43,32.62],[24.67,32.52],[24.89,32.57],[25.07,32.53],[25.27,32.26],[25.34,32.3],[25.49,32.3],[25.58,32.15],[25.86,32.06],[26.35,32.02],[26.54,31.92],[26.66,31.92],[26.87,31.76],[27.37,31.62],[27.48,31.61],[27.67,31.68],[27.89,31.66],[28.03,31.52],[28.12,31.5],[28.2,31.53],[28.34,31.68],[28.58,31.69],[28.85,31.9],[29.28,32.14],[29.3,32.18],[29.38,32.21],[29.5,32.38],[29.59,32.4],[29.78,32.59],[29.98,32.69],[30.48,32.74],[30.6,32.81],[30.8,32.77],[31.11,32.94],[31.18,32.95],[31.28,32.92],[31.29,33.12],[31.42,33.12],[31.44,33.19],[31.62,33.3],[31.75,33.48],[32.02,33.55],[32.16,33.48],[32.23,33.5],[32.3,33.48],[32.29,33.74],[32.46,33.92],[32.56,33.99],[32.91,34.08],[33.07,34.01],[33.15,33.92],[33.17,33.82],[33.05,33.63],[33.08,33.59],[33.29,33.63],[33.53,33.53],[33.96,33.55],[34.04,33.53],[34.14,33.62],[34.37,33.62],[34.35,33.82],[34.45,33.88],[34.49,33.98],[34.61,34.03],[34.63,34.18],[34.69,34.25],[34.68,34.32],[34.6,34.36],[34.15,34.39],[33.94,34.32],[33.78,34.2],[33.7,34.18],[33.5,34.23],[33.34,34.22],[33.1,34.42],[33.05,34.39],[32.98,34.42],[32.88,34.28],[32.74,34.28],[32.7,34.31],[32.69,34.44],[32.52,34.51],[32.27,34.55],[32.22,34.61],[32.18,34.8],[32.06,34.96],[32.11,35.41],[32.31,35.53],[32.5,35.57],[32.64,35.76],[32.18,35.91],[31.97,36.19],[31.96,36.3],[31.92,36.35],[31.63,36.44],[31.37,36.34],[30.94,36.35],[30.79,36.29],[30.58,36.04],[30.5,36.0],[30.41,36.07],[30.27,36.12],[30.12,36.07],[29.9,36.07],[29.76,36.01],[29.45,35.98],[29.28,36.05],[29.18,36.02],[28.92,36.25],[28.82,36.43],[28.67,36.46],[28.59,36.44],[28.34,36.22],[28.27,36.02],[28.13,35.9],[28.18,35.74],[28.1,35.57],[28.31,35.48],[28.39,35.33],[28.36,35.26],[28.15,35.11],[28.13,34.94],[28.07,34.89],[27.94,34.88],[27.94,35.02],[27.78,35.14],[27.75,35.1],[27.74,34.94],[27.55,34.8],[27.34,34.9],[27.2,34.87],[27.09,34.9],[27.04,34.97],[27.07,35.12],[27.05,35.16],[26.88,35.11],[26.81,35.12],[26.78,35.09],[26.88,35.09],[26.96,35.02],[26.96,34.92],[26.93,34.87],[26.66,34.82],[26.57,34.85],[26.47,34.92],[26.41,34.8],[26.33,34.73],[25.94,34.68],[25.91,34.63],[25.91,34.47],[25.82,34.4],[25.72,34.37],[25.58,34.42],[25.41,34.35],[25.07,34.36],[25.0,34.4],[24.94,34.53],[24.79,34.58],[24.83,34.51],[24.85,34.42],[24.81,34.34],[24.74,34.31],[24.64,34.4],[24.5,34.43],[24.45,34.53],[24.37,34.53],[24.38,34.66],[24.46,34.7],[24.29,34.71],[24.07,34.61],[23.87,34.64],[23.81,34.78],[23.69,34.85],[23.6,34.98],[23.59,35.16],[23.39,35.18],[23.33,35.23],[23.32,35.28],[23.4,35.37],[23.4,35.42],[23.26,35.49],[23.15,35.36],[23.07,35.39],[23.02,35.54],[23.04,35.71],[22.98,35.76],[22.86,35.79],[22.88,35.66],[22.84,35.61],[22.68,35.69],[22.63,35.84],[22.68,36.05],[22.67,36.09],[22.48,36.21],[22.45,36.2],[22.46,36.12],[22.38,36.13],[22.34,36.24],[22.22,36.24],[22.17,36.28],[22.15,36.39],[22.22,36.55],[22.16,36.57],[21.94,36.51],[21.88,36.51],[21.61,36.7],[21.56,36.85],[21.44,36.91],[21.2,36.85],[21.12,36.86],[21.07,36.94],[21.1,37.08],[20.88,36.98],[20.83,37.05],[20.66,37.06],[20.64,37.1],[20.69,37.15],[20.69,37.3],[20.77,37.3],[20.86,37.46],[20.76,37.56],[20.54,37.58],[20.45,37.77],[20.4,37.82],[20.3,37.8],[20.24,37.67],[20.16,37.67],[20.06,37.85],[20.11,37.97],[20.1,38.13],[20.21,38.34],[20.39,38.52],[20.36,38.63],[20.24,38.76],[20.04,38.86],[20.05,38.68],[20.02,38.61],[19.78,38.51],[19.56,38.5],[19.39,38.57],[19.13,38.54],[18.82,38.83],[18.67,38.83],[18.58,38.88],[18.36,39.12],[18.24,39.14],[17.79,39.53]],[[17.51,35.07],[17.61,35.13],[17.63,35.06],[17.6,34.98],[17.51,34.98],[17.51,35.07]],[[17.74,34.98],[17.78,35.03],[17.88,35.05],[17.94,35.03],[17.98,34.97],[17.93,34.92],[17.84,34.9],[17.76,34.93],[17.74,34.98]],[[17.22,34.92],[17.02,34.88],[16.97,34.91],[16.95,34.95],[17.01,35.03],[17.2,35.07],[17.25,34.97],[17.22,34.92]],[[23.76,34.26],[23.99,34.34],[24.26,34.33],[24.39,34.24],[24.41,34.16],[24.37,33.95],[24.56,33.99],[24.6,33.98],[24.6,33.86],[24.7,33.65],[24.55,33.43],[24.36,33.43],[24.36,33.26],[24.22,33.18],[24.02,33.19],[23.88,33.29],[23.26,33.34],[23.14,33.38],[22.95,33.33],[22.67,33.34],[22.51,33.38],[22.32,33.34],[21.99,33.4],[21.95,33.44],[21.96,33.53],[22.03,33.58],[21.96,33.72],[21.96,33.79],[22.13,33.95],[22.85,34.01],[22.94,33.96],[23.04,34.01],[23.16,33.98],[23.28,34.03],[23.47,33.98],[23.57,34.04],[23.76,34.26]],[[19.76,33.26],[19.7,33.24],[19.64,33.27],[19.62,33.37],[19.65,33.43],[19.8,33.5],[19.8,33.8],[19.86,33.86],[19.91,33.86],[20.01,33.73],[20.08,33.45],[19.99,33.38],[19.84,33.35],[19.76,33.26]],[[27.0,34.46],[27.0,34.39],[26.86,34.38],[26.68,34.45],[26.64,34.54],[26.86,34.58],[27.18,34.72],[27.35,34.74],[27.41,34.7],[27.41,34.58],[27.32,34.49],[27.21,34.46],[27.02,34.49],[27.0,34.46]],[[31.72,34.75],[31.6,34.81],[31.58,34.85],[31.61,34.9],[31.72,34.93],[31.88,34.88],[31.89,34.79],[31.85,34.75],[31.72,34.75]],[[30.2,35.28],[30.05,35.3],[29.96,35.28],[29.92,35.36],[30.0,35.48],[30.26,35.66],[30.29,35.74],[30.41,35.77],[30.53,35.86],[30.62,35.81],[30.89,35.5],[30.84,35.38],[30.75,35.31],[30.65,35.31],[30.5,35.38],[30.46,35.43],[30.28,35.39],[30.2,35.28]],[[29.96,35.68],[29.99,35.6],[29.96,35.54],[29.79,35.46],[29.58,35.43],[29.5,35.44],[29.43,35.5],[29.45,35.56],[29.54,35.62],[29.96,35.68]]],[[[-33.02,36.6],[-33.1,36.67],[-33.24,36.7],[-33.29,36.79],[-33.4,36.58],[-33.35,36.54],[-33.0,36.55],[-32.94,36.5],[-32.85,36.62],[-33.02,36.6]]],[[[-118.48,31.71],[-118.59,31.65],[-118.69,31.7],[-118.7,31.68],[-118.41,31.46],[-118.39,31.51],[-118.48,31.71]]],[[[-116.82,30.92],[-116.95,30.94],[-116.98,31.08],[-117.1,30.91],[-116.88,30.72],[-116.75,30.56],[-116.71,30.55],[-116.88,30.74],[-116.87,30.81],[-116.76,30.86],[-116.82,30.92]]],[[[-85.56,27.58],[-85.79,27.78],[-85.98,27.87],[-86.52,28.02],[-86.83,28.19],[-87.32,28.31],[-87.48,28.48],[-87.56,28.62],[-87.57,28.85],[-87.59,28.85],[-87.92,28.79],[-88.03,28.63],[-88.2,28.56],[-88.24,28.28],[-88.34,28.22],[-88.57,27.99],[-88.56,27.77],[-88.46,27.63],[-88.51,27.52],[-88.73,27.48],[-88.87,27.29],[-88.96,27.27],[-89.02,27.27],[-89.14,27.34],[-89.28,27.34],[-89.45,27.43],[-89.57,27.38],[-89.62,27.3],[-89.83,27.29],[-89.93,27.22],[-90.24,27.13],[-90.29,27.07],[-90.24,27.04],[-90.26,26.98],[-90.29,26.98],[-90.34,27.07],[-90.39,27.06],[-90.47,26.81],[-90.55,26.72],[-90.72,26.66],[-90.98,26.69],[-90.98,26.59],[-91.03,26.54],[-91.43,26.6],[-91.7,26.54],[-91.77,26.43],[-91.86,26.4],[-91.94,26.41],[-92.04,26.52],[-92.1,26.54],[-92.1,26.5],[-92.02,26.45],[-92.0,26.32],[-92.06,26.24],[-92.15,26.24],[-92.26,26.34],[-92.32,26.36],[-92.5,26.21],[-92.86,26.19],[-93.01,26.12],[-93.28,26.32],[-93.32,26.38],[-93.38,26.36],[-93.4,26.23],[-93.51,26.17],[-94.15,26.26],[-94.18,26.3],[-94.37,26.27],[-94.41,26.3],[-94.53,26.54],[-94.57,26.54],[-94.61,26.36],[-94.72,26.25],[-94.83,26.23],[-95.04,26.28],[-95.06,25.97],[-95.31,25.83],[-95.35,25.42],[-95.47,25.27],[-95.57,25.27],[-95.65,25.19],[-95.81,25.1],[-95.81,24.93],[-96.12,24.53],[-96.13,24.4],[-96.21,24.35],[-96.18,24.24],[-96.2,24.15],[-96.37,23.96],[-96.31,23.81],[-96.46,23.74],[-96.46,23.54],[-96.54,23.42],[-96.59,23.26],[-96.52,23.16],[-96.58,23.04],[-96.55,22.87],[-96.62,22.7],[-96.65,22.47],[-96.61,22.36],[-96.62,22.22],[-96.54,22.08],[-96.51,21.9],[-96.46,21.82],[-96.19,21.75],[-96.17,21.65],[-96.22,21.51],[-96.13,21.49],[-96.15,21.35],[-96.12,21.26],[-95.97,21.23],[-95.94,21.19],[-96.0,21.07],[-95.9,21.0],[-95.86,20.89],[-95.98,20.78],[-95.93,20.71],[-95.88,20.28],[-95.93,20.14],[-95.71,19.92],[-95.64,19.9],[-95.57,19.78],[-95.42,19.76],[-95.33,19.44],[-95.22,19.38],[-95.04,19.34],[-94.87,19.38],[-94.71,19.57],[-94.68,19.87],[-94.54,20.06],[-94.54,20.19],[-94.43,20.32],[-94.41,20.49],[-94.3,20.59],[-93.91,20.52],[-93.87,20.57],[-93.94,20.7],[-93.86,20.75],[-93.79,20.66],[-93.66,20.61],[-93.67,20.51],[-93.65,20.5],[-93.62,20.59],[-93.38,20.69],[-93.22,20.64],[-93.13,20.77],[-93.04,20.81],[-92.99,20.74],[-92.87,20.76],[-92.78,20.71],[-92.66,20.45],[-92.5,20.33],[-92.48,20.41],[-92.59,20.84],[-92.62,21.22],[-92.59,21.52],[-92.62,21.81],[-92.56,22.04],[-92.42,22.1],[-92.33,22.21],[-92.04,22.3],[-91.92,22.38],[-91.8,22.54],[-91.59,22.7],[-91.44,22.68],[-91.39,22.8],[-91.25,22.8],[-90.7,23.09],[-90.67,23.14],[-90.4,23.25],[-90.33,23.33],[-90.32,23.48],[-90.25,23.55],[-90.1,23.62],[-89.88,23.63],[-89.63,23.75],[-89.35,23.77],[-89.09,23.93],[-88.78,24.24],[-88.61,24.31],[-88.42,24.28],[-88.36,24.37],[-88.5,24.42],[-88.54,24.49],[-88.53,24.56],[-88.46,24.69],[-88.35,24.8],[-88.25,24.84],[-88.17,24.82],[-88.03,24.7],[-87.98,24.77],[-87.67,24.86],[-87.58,24.77],[-87.29,24.74],[-87.17,24.67],[-86.98,24.7],[-86.88,24.65],[-86.77,24.49],[-86.6,24.5],[-86.04,24.02],[-86.04,23.95],[-86.17,23.76],[-86.24,23.5],[-86.22,23.3],[-86.17,23.23],[-86.1,23.22],[-85.97,23.27],[-85.76,23.52],[-85.5,23.7],[-85.41,23.71],[-85.31,23.64],[-85.26,23.54],[-85.22,23.28],[-85.32,23.06],[-85.55,22.81],[-85.56,22.74],[-85.46,22.56],[-85.44,22.32],[-85.51,22.13],[-85.67,21.98],[-85.73,21.8],[-85.71,21.73],[-85.65,21.75],[-85.34,22.01],[-85.16,22.22],[-85.03,22.27],[-84.97,22.42],[-84.85,22.54],[-84.43,22.7],[-84.24,22.9],[-84.12,22.92],[-83.97,23.03],[-83.56,23.19],[-83.11,23.23],[-83.06,23.28],[-82.97,23.28],[-82.89,23.32],[-82.87,23.37],[-82.97,23.42],[-83.38,23.42],[-83.39,23.53],[-83.54,23.61],[-83.87,23.97],[-84.02,24.06],[-84.17,24.24],[-84.18,24.34],[-84.07,24.46],[-84.13,24.5],[-84.19,24.65],[-84.32,24.67],[-84.38,24.71],[-84.41,24.89],[-84.65,25.14],[-84.88,25.7],[-84.91,26.07],[-84.98,26.24],[-84.97,26.43],[-85.02,26.56],[-84.98,26.71],[-84.99,26.77],[-85.41,27.24],[-85.56,27.58]],[[-83.8,23.32],[-83.88,23.43],[-83.9,23.57],[-83.87,23.63],[-83.72,23.69],[-83.68,23.61],[-83.7,23.33],[-83.75,23.3],[-83.8,23.32]],[[-84.75,23.31],[-84.56,23.19],[-84.56,23.12],[-84.65,23.05],[-84.79,23.06],[-84.93,22.93],[-84.98,22.94],[-85.03,23.03],[-85.02,23.16],[-84.96,23.21],[-84.89,23.21],[-84.84,23.3],[-84.75,23.31]]],[[[-75.27,23.9],[-75.37,23.98],[-75.47,23.98],[-75.57,23.94],[-75.46,23.88],[-75.27,23.9]]],[[[-73.44,22.18],[-73.57,22.27],[-73.58,22.39],[-73.66,22.37],[-73.72,22.31],[-73.7,22.15],[-73.44,22.18]]],[[[-87.24,18.17],[-87.34,18.16],[-87.36,18.13],[-87.26,18.05],[-87.29,17.9],[-87.24,17.86],[-87.22,17.77],[-87.33,17.6],[-87.36,17.41],[-87.48,17.1],[-87.46,16.94],[-87.57,16.78],[-87.65,16.56],[-87.77,16.5],[-87.87,16.36],[-87.92,16.34],[-87.91,16.32],[-87.81,16.35],[-87.71,16.31],[-87.55,16.29],[-87.16,16.42],[-87.1,16.38],[-87.09,16.31],[-86.76,16.32],[-86.53,16.52],[-86.35,16.56],[-85.93,16.75],[-85.39,16.9],[-85.25,16.87],[-85.12,16.92],[-85.0,16.92],[-84.76,17.04],[-84.67,17.04],[-84.55,17.11],[-84.34,17.14],[-84.17,17.23],[-84.0,17.27],[-83.97,17.3],[-84.27,17.3],[-84.32,17.37],[-84.22,17.46],[-84.02,17.53],[-83.74,17.54],[-83.52,17.42],[-83.5,17.36],[-83.57,17.29],[-83.86,17.26],[-83.81,17.14],[-83.72,17.09],[-83.59,17.18],[-83.53,17.19],[-83.45,17.28],[-83.3,17.28],[-83.24,17.4],[-83.18,17.42],[-83.1,17.42],[-82.99,17.33],[-82.85,17.38],[-82.8,17.3],[-82.62,17.42],[-82.42,17.38],[-82.22,17.51],[-82.11,17.52],[-81.97,17.49],[-81.53,17.54],[-81.35,17.7],[-81.19,17.74],[-81.07,17.73],[-80.8,17.85],[-80.61,17.87],[-80.47,17.83],[-80.26,17.65],[-80.3,17.54],[-80.23,17.47],[-80.11,17.69],[-79.99,17.74],[-79.93,17.8],[-79.8,17.81],[-79.65,17.7],[-79.71,17.83],[-79.61,17.93],[-79.61,18.02],[-79.57,18.07],[-79.37,18.05],[-79.2,18.07],[-79.13,18.05],[-79.03,18.12],[-78.96,18.1],[-78.9,18.23],[-78.82,18.25],[-78.55,18.21],[-78.53,18.22],[-78.58,18.24],[-78.58,18.32],[-78.41,18.52],[-77.83,18.67],[-77.02,18.62],[-76.82,18.55],[-76.66,18.44],[-76.25,18.29],[-76.03,18.5],[-75.98,18.62],[-75.86,18.67],[-75.87,18.78],[-75.84,18.82],[-75.68,18.84],[-75.36,18.78],[-75.27,18.83],[-75.14,18.84],[-75.07,18.97],[-75.01,19.01],[-74.66,19.13],[-74.51,19.12],[-74.38,19.04],[-74.41,18.95],[-74.47,18.96],[-74.5,19.01],[-74.58,18.94],[-74.6,18.81],[-74.54,18.74],[-74.19,18.81],[-73.91,18.74],[-73.66,18.77],[-73.5,18.75],[-73.48,18.77],[-73.6,18.83],[-73.67,18.96],[-73.81,19.12],[-74.09,19.08],[-74.21,19.13],[-74.35,19.08],[-74.46,19.11],[-74.49,19.19],[-74.43,19.32],[-74.26,19.52],[-73.9,19.68],[-73.66,19.73],[-73.63,19.75],[-73.66,19.92],[-73.43,20.01],[-73.46,20.05],[-73.87,20.09],[-73.92,20.04],[-74.02,20.02],[-74.06,19.89],[-74.23,19.82],[-74.38,19.82],[-74.59,19.94],[-74.71,19.92],[-74.98,19.78],[-75.18,19.82],[-75.49,19.79],[-75.82,19.87],[-76.13,19.9],[-76.79,19.86],[-76.94,19.8],[-77.82,19.72],[-78.07,19.75],[-78.34,19.63],[-78.47,19.62],[-79.03,19.66],[-79.15,19.61],[-79.46,19.58],[-79.78,19.61],[-79.9,19.56],[-80.0,19.57],[-80.15,19.49],[-80.54,19.51],[-80.64,19.42],[-80.76,19.39],[-80.9,19.27],[-81.12,19.2],[-81.28,19.19],[-81.41,19.12],[-81.57,19.1],[-81.8,19.23],[-81.86,19.33],[-81.83,19.42],[-81.78,19.44],[-81.67,19.42],[-81.57,19.48],[-81.34,19.51],[-81.1,19.45],[-80.93,19.56],[-80.83,19.58],[-80.8,19.7],[-80.76,19.73],[-80.57,19.68],[-80.4,19.7],[-80.11,19.9],[-79.93,19.89],[-79.78,19.94],[-79.61,19.92],[-79.46,20.04],[-79.37,20.06],[-78.95,20.1],[-78.74,20.17],[-78.68,20.15],[-78.6,20.07],[-78.61,20.17],[-78.57,20.33],[-78.58,20.42],[-78.64,20.51],[-78.77,20.52],[-78.89,20.62],[-78.98,20.64],[-79.03,20.71],[-79.18,20.74],[-79.34,20.98],[-79.56,20.98],[-79.8,21.1],[-80.04,21.43],[-80.09,21.36],[-80.18,21.36],[-80.26,21.53],[-80.19,21.68],[-80.23,21.73],[-80.52,21.79],[-80.53,21.74],[-80.37,21.58],[-80.39,21.54],[-80.5,21.5],[-80.74,21.53],[-80.78,21.43],[-80.83,21.41],[-81.02,21.43],[-81.13,21.52],[-81.24,21.54],[-81.92,21.48],[-82.11,21.39],[-82.45,21.48],[-82.9,21.38],[-83.19,21.42],[-83.28,21.53],[-83.35,21.67],[-83.52,21.79],[-83.75,21.84],[-83.81,21.89],[-83.98,21.82],[-84.17,21.84],[-84.41,21.7],[-84.63,21.62],[-84.7,21.65],[-84.72,21.74],[-85.01,21.62],[-85.11,21.53],[-85.3,21.61],[-85.32,21.59],[-85.32,21.43],[-85.39,21.34],[-85.57,21.38],[-85.58,21.31],[-85.66,21.26],[-85.66,21.14],[-85.73,21.12],[-85.77,20.97],[-86.18,20.28],[-86.18,20.11],[-86.35,19.94],[-86.49,19.93],[-86.52,19.63],[-86.54,19.58],[-86.6,19.57],[-86.65,19.65],[-86.66,19.56],[-86.81,19.42],[-86.83,19.07],[-86.95,18.91],[-86.95,18.72],[-86.86,18.6],[-86.87,18.52],[-87.06,18.4],[-87.12,18.26],[-87.24,18.17]],[[-80.06,20.3],[-80.53,20.29],[-80.57,20.32],[-80.6,20.39],[-80.56,20.45],[-80.45,20.52],[-80.36,20.69],[-80.22,20.72],[-80.14,20.66],[-80.16,20.45],[-79.92,20.5],[-79.79,20.37],[-79.81,20.32],[-79.94,20.35],[-80.06,20.3]],[[-82.07,19.98],[-82.16,19.97],[-82.23,20.03],[-82.22,20.13],[-82.15,20.19],[-82.11,20.18],[-82.04,20.11],[-82.04,20.01],[-82.07,19.98]],[[-80.87,20.02],[-80.91,20.08],[-80.88,20.14],[-80.79,20.17],[-80.73,20.16],[-80.7,20.08],[-80.72,20.04],[-80.87,20.02]],[[-81.79,19.88],[-81.87,19.78],[-81.99,19.75],[-82.03,19.76],[-82.01,19.9],[-81.96,19.95],[-81.82,19.98],[-81.79,19.88]],[[-81.98,19.03],[-82.03,19.1],[-82.01,19.15],[-81.89,19.22],[-81.79,19.2],[-81.77,19.15],[-81.81,19.07],[-81.89,19.02],[-81.98,19.03]],[[-84.13,18.31],[-84.44,18.26],[-84.57,18.35],[-84.7,18.37],[-84.72,18.48],[-84.67,18.54],[-84.55,18.55],[-84.48,18.5],[-84.46,18.43],[-84.23,18.53],[-84.21,18.57],[-84.24,18.75],[-83.99,18.99],[-83.86,19.06],[-83.69,19.07],[-83.56,19.03],[-83.51,18.92],[-83.57,18.84],[-83.51,18.83],[-83.44,18.86],[-83.35,19.01],[-83.16,18.99],[-83.09,18.91],[-82.91,19.01],[-82.84,18.97],[-82.9,18.84],[-83.06,18.74],[-83.3,18.5],[-83.49,18.5],[-83.69,18.34],[-83.81,18.34],[-83.99,18.39],[-84.13,18.31]]],[[[-70.69,18.07],[-70.83,18.16],[-70.91,18.14],[-71.21,17.62],[-71.26,17.59],[-71.38,17.25],[-71.47,17.16],[-71.74,17.09],[-71.79,17.1],[-71.81,17.16],[-71.76,17.35],[-71.77,17.54],[-71.91,17.96],[-72.03,18.07],[-72.31,18.14],[-72.62,18.07],[-72.71,18.01],[-73.01,18.02],[-73.07,17.94],[-73.13,17.92],[-73.53,17.98],[-73.89,17.9],[-74.01,17.94],[-74.07,18.02],[-74.1,18.12],[-74.18,18.15],[-74.25,18.11],[-74.35,17.95],[-74.42,17.9],[-74.37,17.75],[-74.41,17.66],[-74.71,17.43],[-74.9,17.45],[-74.97,17.4],[-74.9,17.23],[-74.93,17.06],[-74.74,17.0],[-74.7,16.9],[-74.71,16.82],[-74.93,16.8],[-75.05,16.49],[-75.14,16.44],[-75.2,16.52],[-75.24,16.82],[-75.3,16.81],[-75.36,16.7],[-75.47,16.62],[-75.65,16.62],[-75.63,16.57],[-75.5,16.51],[-75.32,16.53],[-75.29,16.44],[-75.33,16.4],[-75.44,16.41],[-75.6,16.27],[-75.65,16.13],[-75.7,16.1],[-75.86,16.11],[-75.96,16.15],[-76.01,16.32],[-76.28,16.19],[-76.37,16.2],[-76.37,16.42],[-76.45,16.41],[-76.49,16.22],[-76.59,16.18],[-76.89,16.24],[-77.04,16.46],[-77.3,16.48],[-77.34,16.45],[-77.42,16.14],[-77.66,16.1],[-77.67,16.02],[-77.76,15.94],[-77.76,15.84],[-78.0,15.62],[-78.0,15.53],[-78.03,15.48],[-78.14,15.44],[-78.29,15.45],[-78.31,15.54],[-78.14,15.72],[-78.07,15.89],[-77.83,16.13],[-77.71,16.15],[-77.69,16.3],[-77.42,16.57],[-77.59,16.43],[-77.75,16.42],[-77.88,16.46],[-77.94,16.36],[-78.06,16.29],[-78.01,16.18],[-78.02,16.13],[-78.14,16.13],[-78.15,16.19],[-78.22,16.15],[-78.22,15.94],[-78.43,15.84],[-78.57,15.69],[-78.86,15.65],[-78.98,15.67],[-79.08,15.74],[-79.19,15.76],[-79.39,15.65],[-79.49,15.67],[-79.58,15.43],[-79.64,15.4],[-79.81,15.42],[-79.82,15.34],[-79.75,15.21],[-79.59,15.28],[-79.42,15.29],[-79.36,15.2],[-79.39,15.13],[-79.55,15.04],[-79.66,15.02],[-79.68,14.9],[-79.74,14.81],[-80.02,14.87],[-80.08,14.86],[-80.11,14.82],[-80.04,14.71],[-79.98,14.53],[-79.94,14.51],[-79.81,14.55],[-79.78,14.5],[-79.79,14.43],[-79.98,14.22],[-79.99,14.16],[-79.91,13.91],[-79.9,13.66],[-79.73,13.47],[-79.73,13.42],[-79.82,13.35],[-80.1,13.28],[-80.39,13.25],[-80.63,13.26],[-80.73,13.23],[-80.78,13.13],[-80.76,12.94],[-80.86,12.84],[-80.93,12.85],[-81.0,12.98],[-81.09,12.95],[-81.14,12.77],[-80.95,12.7],[-80.86,12.79],[-80.62,12.89],[-80.49,12.85],[-80.4,12.77],[-80.53,12.53],[-80.62,12.5],[-80.79,12.56],[-80.86,12.55],[-80.88,12.41],[-81.18,12.18],[-81.19,12.14],[-80.99,11.85],[-80.98,11.73],[-81.07,11.73],[-81.16,11.57],[-81.22,11.57],[-81.58,11.93],[-81.84,11.9],[-82.54,11.5],[-82.66,11.5],[-82.9,11.26],[-82.84,11.22],[-82.8,11.06],[-82.49,10.7],[-82.49,10.63],[-82.44,10.58],[-82.39,10.44],[-82.25,10.39],[-82.13,10.25],[-82.08,9.96],[-81.94,9.91],[-81.88,9.83],[-81.84,9.51],[-81.81,9.49],[-81.28,9.57],[-81.12,9.7],[-80.97,9.88],[-80.86,9.92],[-80.54,9.91],[-80.4,9.98],[-80.34,9.96],[-79.9,10.02],[-79.78,10.01],[-79.61,9.94],[-79.15,9.98],[-78.97,9.95],[-79.12,10.03],[-79.15,10.08],[-79.08,10.18],[-78.96,10.25],[-78.6,10.27],[-78.32,10.24],[-78.21,10.27],[-77.95,10.2],[-77.81,10.08],[-77.64,10.08],[-77.5,9.79],[-77.02,9.24],[-76.92,9.24],[-76.78,9.34],[-76.65,9.91],[-76.42,10.33],[-76.3,10.44],[-76.01,10.59],[-75.95,10.68],[-76.0,10.85],[-75.82,11.06],[-75.76,11.31],[-75.55,11.4],[-75.31,11.42],[-75.14,11.52],[-75.05,11.5],[-75.02,11.54],[-74.95,11.54],[-74.54,11.88],[-74.31,11.89],[-74.26,12.02],[-74.06,12.07],[-74.02,12.22],[-73.89,12.23],[-73.71,12.17],[-73.61,12.07],[-73.57,11.91],[-73.48,11.9],[-73.32,12.05],[-73.2,12.07],[-73.17,12.45],[-72.95,12.59],[-72.79,12.65],[-72.7,12.77],[-72.39,12.83],[-72.31,12.94],[-72.2,13.02],[-72.25,13.14],[-72.23,13.21],[-72.05,13.25],[-71.93,13.34],[-71.7,13.3],[-71.51,13.32],[-71.42,13.29],[-71.28,13.18],[-71.3,13.04],[-71.18,12.94],[-71.11,13.08],[-71.09,13.22],[-71.04,13.22],[-71.02,13.27],[-70.92,13.32],[-70.73,13.27],[-70.58,13.27],[-70.42,13.18],[-70.13,13.25],[-69.94,13.18],[-69.7,13.18],[-69.48,13.1],[-69.19,13.09],[-69.14,13.0],[-69.26,12.82],[-69.19,12.65],[-69.02,12.6],[-68.79,12.43],[-68.57,12.38],[-68.4,12.46],[-68.11,12.48],[-67.98,12.35],[-67.97,12.16],[-67.94,12.14],[-67.89,12.25],[-67.74,12.37],[-67.52,12.42],[-67.43,12.39],[-67.28,12.2],[-67.18,12.14],[-67.12,12.15],[-67.13,12.29],[-67.06,12.36],[-66.79,12.24],[-66.48,12.22],[-66.27,12.05],[-66.22,12.05],[-66.06,12.18],[-65.9,12.18],[-65.77,12.08],[-65.52,11.69],[-65.44,11.67],[-65.35,11.69],[-65.11,11.47],[-64.99,11.48],[-64.96,11.54],[-65.08,11.77],[-65.08,11.85],[-64.91,11.98],[-64.78,11.88],[-64.74,11.92],[-64.7,12.12],[-64.58,12.22],[-64.49,12.23],[-64.3,12.17],[-64.18,12.19],[-64.06,12.14],[-64.01,12.22],[-63.89,12.24],[-63.77,12.53],[-63.77,12.72],[-63.82,12.89],[-63.74,13.03],[-63.79,13.15],[-63.79,13.32],[-63.85,13.38],[-63.91,13.66],[-63.83,13.83],[-63.74,14.21],[-63.79,14.33],[-63.77,14.47],[-63.82,14.52],[-63.83,14.6],[-63.79,14.86],[-63.89,15.12],[-63.83,15.43],[-63.86,15.64],[-63.89,15.56],[-63.88,15.3],[-63.91,15.22],[-64.0,15.19],[-64.1,15.33],[-64.1,15.65],[-63.94,16.25],[-63.98,16.37],[-63.96,16.49],[-64.03,16.63],[-64.08,17.04],[-64.13,17.12],[-64.12,17.35],[-64.08,17.47],[-64.24,17.68],[-64.33,17.67],[-64.54,17.52],[-64.87,17.47],[-65.04,17.52],[-65.16,17.5],[-65.26,17.54],[-65.39,17.51],[-65.59,17.57],[-65.76,17.54],[-65.89,17.62],[-66.19,17.62],[-66.54,17.71],[-66.84,17.69],[-66.98,17.71],[-67.15,17.64],[-67.21,17.67],[-67.18,17.74],[-67.2,17.78],[-67.75,17.78],[-67.85,17.83],[-68.02,17.83],[-68.1,18.04],[-68.25,18.13],[-68.29,18.1],[-68.36,17.87],[-68.48,17.77],[-68.87,17.79],[-68.95,17.83],[-69.32,17.88],[-69.38,17.86],[-69.34,17.81],[-69.35,17.71],[-69.48,17.64],[-69.62,17.71],[-69.78,17.72],[-69.98,17.81],[-70.15,17.78],[-70.25,17.85],[-70.37,17.83],[-70.49,18.0],[-70.61,18.07],[-70.69,18.07]],[[-72.09,16.86],[-71.96,16.99],[-71.84,16.99],[-71.78,16.92],[-71.78,16.76],[-71.82,16.58],[-71.93,16.43],[-72.0,16.48],[-71.98,16.74],[-72.09,16.78],[-72.09,16.86]],[[-75.43,16.1],[-75.44,16.2],[-75.38,16.3],[-75.22,16.3],[-75.19,16.18],[-75.22,16.1],[-75.35,16.07],[-75.43,16.1]],[[-76.74,16.09],[-76.69,15.9],[-76.74,15.82],[-76.81,15.85],[-76.84,16.0],[-76.78,16.1],[-76.74,16.09]],[[-77.7,15.44],[-77.6,15.51],[-77.55,15.49],[-77.5,15.39],[-77.54,15.27],[-77.59,15.25],[-77.69,15.28],[-77.7,15.44]],[[-78.07,15.31],[-77.97,15.24],[-77.93,15.12],[-77.81,14.95],[-77.66,14.98],[-77.64,14.85],[-77.47,14.76],[-77.45,14.66],[-77.4,14.62],[-77.39,14.38],[-77.45,14.27],[-77.57,14.15],[-77.73,14.03],[-77.86,14.0],[-77.9,14.04],[-77.9,14.1],[-77.64,14.33],[-77.64,14.37],[-77.74,14.47],[-77.85,14.48],[-77.95,14.45],[-77.96,14.4],[-78.04,14.38],[-78.0,14.18],[-78.19,14.06],[-78.13,13.79],[-78.18,13.71],[-78.31,13.68],[-78.45,13.75],[-78.38,13.9],[-78.56,14.08],[-78.63,14.43],[-78.62,14.49],[-78.46,14.59],[-78.4,14.72],[-78.24,14.74],[-78.27,14.77],[-78.44,14.82],[-78.54,15.14],[-78.5,15.18],[-78.31,15.17],[-78.18,15.01],[-78.14,15.0],[-78.19,15.12],[-78.19,15.22],[-78.14,15.29],[-78.07,15.31]],[[-73.43,15.03],[-73.38,15.07],[-73.3,15.07],[-73.25,14.8],[-73.3,14.71],[-73.38,14.68],[-73.42,14.69],[-73.44,14.76],[-73.43,15.03]],[[-79.51,14.08],[-79.69,14.15],[-79.75,14.26],[-79.73,14.3],[-79.63,14.32],[-79.5,14.27],[-79.46,14.18],[-79.48,14.11],[-79.51,14.08]],[[-78.76,14.12],[-78.84,14.21],[-78.79,14.28],[-78.71,14.28],[-78.66,14.23],[-78.65,14.15],[-78.68,14.12],[-78.76,14.12]],[[-79.19,14.73],[-79.14,14.67],[-79.13,14.59],[-79.23,14.55],[-79.29,14.6],[-79.3,14.65],[-79.27,14.71],[-79.19,14.73]],[[-78.69,15.18],[-78.65,15.14],[-78.65,15.09],[-78.76,15.0],[-78.88,14.98],[-78.95,15.05],[-78.97,15.12],[-78.93,15.19],[-78.69,15.18]],[[-68.86,12.88],[-68.99,12.97],[-68.95,13.06],[-68.82,13.07],[-68.7,13.01],[-68.71,12.91],[-68.86,12.88]],[[-68.28,13.01],[-68.16,12.99],[-68.14,12.9],[-68.26,12.82],[-68.4,12.83],[-68.43,12.88],[-68.41,12.96],[-68.28,13.01]],[[-64.44,12.42],[-64.4,12.46],[-64.34,12.47],[-64.2,12.4],[-64.09,12.3],[-64.08,12.22],[-64.34,12.27],[-64.44,12.42]],[[-65.08,12.01],[-65.12,12.07],[-65.09,12.12],[-65.02,12.15],[-64.94,12.12],[-64.94,12.02],[-65.08,12.01]]],[[[-63.04,15.74],[-63.04,15.89],[-62.9,16.01],[-62.86,16.16],[-62.92,16.12],[-62.99,16.0],[-63.14,15.91],[-63.16,15.75],[-63.19,15.72],[-63.31,15.72],[-63.49,15.9],[-63.35,15.7],[-63.33,15.45],[-63.24,15.41],[-63.19,15.34],[-63.02,15.41],[-62.9,15.33],[-62.88,15.14],[-62.69,14.82],[-62.62,14.52],[-62.66,14.33],[-62.59,14.3],[-62.57,14.16],[-62.62,13.9],[-62.67,13.87],[-62.73,13.9],[-62.76,13.87],[-62.74,13.68],[-62.76,13.28],[-62.83,13.06],[-63.1,12.82],[-63.19,12.58],[-63.31,12.5],[-63.38,12.38],[-63.48,12.1],[-63.22,12.1],[-62.83,11.98],[-62.64,12.02],[-62.52,11.98],[-62.47,12.05],[-62.39,12.07],[-62.27,11.97],[-62.2,11.96],[-62.02,12.07],[-61.75,12.34],[-61.73,12.41],[-61.66,12.43],[-61.63,12.53],[-61.56,12.6],[-61.56,12.72],[-61.51,12.82],[-61.54,12.84],[-61.64,12.79],[-61.68,12.87],[-61.51,13.07],[-61.37,13.03],[-61.39,13.34],[-61.25,13.47],[-61.19,13.57],[-61.2,13.82],[-61.09,14.3],[-61.2,14.45],[-61.2,14.54],[-61.33,14.75],[-61.32,15.03],[-61.46,15.14],[-61.71,15.6],[-61.99,15.5],[-62.09,15.53],[-62.18,15.48],[-62.36,15.49],[-62.42,15.57],[-62.42,15.69],[-62.26,15.78],[-62.21,15.87],[-62.23,15.9],[-62.37,15.89],[-62.64,15.77],[-62.83,15.72],[-62.9,15.59],[-62.94,15.57],[-62.99,15.59],[-63.04,15.74]]],[[[116.12,10.41],[116.03,10.51],[116.06,10.69],[116.02,10.8],[115.98,10.52],[116.11,10.27],[116.25,10.39],[116.25,10.42],[116.12,10.41]]],[[[122.13,10.11],[122.09,10.17],[122.01,10.16],[121.93,10.08],[121.89,9.97],[121.85,9.96],[121.7,10.15],[121.47,9.56],[121.43,9.51],[121.13,9.41],[121.07,9.23],[120.89,9.22],[120.77,9.1],[120.73,8.96],[120.67,8.9],[120.59,8.89],[120.49,8.99],[120.38,9.02],[120.1,8.78],[119.98,8.74],[119.9,8.57],[119.74,8.5],[119.69,8.38],[119.63,8.34],[119.44,8.31],[119.4,8.45],[119.5,8.49],[119.46,8.57],[119.35,8.47],[119.14,8.57],[119.09,8.66],[119.14,8.79],[119.25,8.86],[119.28,9.02],[119.4,9.07],[119.45,9.22],[119.61,9.36],[119.6,9.47],[119.52,9.58],[119.35,9.6],[119.24,9.53],[119.16,9.31],[119.24,9.1],[119.21,8.95],[118.99,8.94],[118.61,8.68],[118.7,8.59],[118.9,8.59],[118.9,8.5],[119.03,8.36],[119.06,8.14],[119.12,8.14],[119.27,8.26],[119.37,8.2],[119.36,8.09],[119.23,7.98],[119.06,7.9],[118.93,7.94],[118.9,7.92],[118.8,7.58],[118.92,7.46],[118.92,7.39],[118.88,7.35],[118.72,7.29],[118.7,7.24],[118.85,6.94],[118.87,6.77],[119.38,6.36],[119.46,6.22],[119.94,6.32],[119.98,6.28],[119.99,6.13],[120.04,6.14],[120.76,6.69],[120.89,6.72],[121.22,7.09],[121.68,7.36],[121.98,7.74],[122.05,8.02],[122.12,8.15],[122.23,8.29],[122.39,8.38],[122.49,8.35],[122.76,8.38],[122.76,8.57],[122.97,8.87],[122.83,8.95],[122.79,9.05],[122.7,9.13],[122.61,9.14],[122.45,9.05],[122.39,9.07],[122.38,9.14],[122.44,9.32],[122.37,9.49],[122.2,9.71],[122.13,10.11]]],[[[115.01,9.65],[114.97,9.74],[114.98,9.94],[114.92,10.01],[114.79,9.86],[114.82,9.76],[114.79,9.69],[114.68,9.64],[114.55,9.7],[114.38,9.59],[114.19,9.59],[114.18,9.54],[114.28,9.44],[114.29,9.36],[114.18,9.34],[114.12,9.43],[114.01,9.35],[114.17,9.29],[114.67,9.39],[114.75,9.37],[114.81,9.29],[114.79,9.19],[114.54,9.06],[114.53,9.02],[114.71,9.13],[114.84,9.14],[114.92,9.22],[114.96,9.22],[115.01,9.18],[115.09,8.93],[115.15,8.85],[115.08,8.57],[115.24,8.63],[115.55,8.67],[115.66,8.77],[115.66,8.8],[115.61,8.8],[115.52,8.7],[115.47,8.69],[115.38,8.79],[115.25,8.83],[115.15,9.09],[115.27,9.34],[115.18,9.31],[115.13,9.34],[115.11,9.56],[115.01,9.65]],[[114.86,9.41],[114.9,9.44],[114.96,9.42],[114.99,9.32],[114.96,9.26],[114.86,9.29],[114.84,9.35],[114.86,9.41]]],[[[117.39,9.84],[117.32,9.95],[117.01,9.82],[116.89,9.85],[116.81,9.93],[116.74,9.83],[116.81,9.64],[116.81,9.55],[116.64,9.48],[116.54,9.48],[116.46,9.64],[116.39,9.65],[116.38,9.55],[116.41,9.49],[116.54,9.41],[116.69,9.24],[116.79,9.17],[116.81,9.12],[116.79,8.99],[116.66,8.88],[116.59,8.7],[116.51,8.64],[116.36,8.62],[116.23,8.65],[116.11,8.76],[115.97,8.74],[115.87,8.54],[115.61,8.42],[115.56,8.28],[115.47,8.19],[115.57,8.02],[115.51,7.92],[115.45,7.9],[115.31,7.9],[115.28,8.09],[115.01,7.94],[114.83,7.55],[114.74,7.44],[114.67,7.42],[114.67,7.37],[114.62,7.34],[114.51,7.17],[114.41,7.12],[114.29,7.18],[114.23,7.11],[114.02,7.07],[114.0,7.06],[114.1,6.99],[114.08,6.91],[113.9,6.82],[113.78,6.7],[113.65,6.66],[113.61,6.61],[113.45,6.19],[113.26,6.1],[113.28,5.95],[113.07,5.9],[113.03,5.86],[112.97,5.64],[113.0,5.59],[113.26,5.48],[113.41,5.48],[113.52,5.52],[113.64,5.5],[113.73,5.65],[113.9,5.69],[114.12,6.08],[114.67,6.43],[114.72,6.58],[114.84,6.62],[114.98,6.89],[115.03,6.89],[115.03,6.94],[115.41,7.35],[115.41,7.46],[115.54,7.46],[115.62,7.55],[116.05,7.76],[116.16,7.87],[116.18,7.99],[116.26,8.06],[116.3,8.26],[116.5,8.43],[116.99,9.13],[117.23,9.37],[117.3,9.58],[117.38,9.67],[117.39,9.84]],[[117.06,9.6],[117.1,9.75],[117.17,9.78],[117.21,9.76],[117.24,9.65],[117.2,9.55],[117.1,9.55],[117.06,9.6]],[[117.01,9.6],[117.07,9.55],[117.1,9.46],[117.07,9.4],[116.95,9.34],[116.82,9.37],[116.79,9.43],[116.82,9.53],[116.92,9.59],[117.01,9.6]],[[115.49,7.61],[115.52,7.7],[115.66,7.75],[115.66,7.69],[115.61,7.64],[115.49,7.61]]],[[[115.66,9.64],[115.75,9.7],[115.84,9.93],[115.7,9.86],[115.61,9.69],[115.62,9.64],[115.66,9.64]]],[[[128.52,-1.94],[128.38,-1.83],[128.26,-1.94],[127.85,-1.92],[127.7,-1.97],[127.44,-1.99],[127.24,-1.89],[127.07,-1.85],[127.22,-2.03],[127.21,-2.12],[127.15,-2.16],[126.98,-2.11],[126.93,-2.17],[126.67,-2.16],[126.53,-2.21],[126.25,-2.11],[126.16,-2.1],[126.14,-2.19],[126.19,-2.44],[126.18,-2.55],[126.1,-2.68],[126.03,-2.72],[125.97,-2.69],[125.95,-2.54],[125.81,-2.31],[125.78,-2.16],[125.68,-2.09],[125.45,-2.14],[125.18,-2.06],[124.97,-2.16],[124.84,-2.09],[124.69,-2.12],[124.51,-2.23],[124.3,-2.18],[123.8,-2.26],[123.52,-2.35],[123.26,-2.34],[122.98,-2.51],[122.88,-2.52],[122.76,-2.42],[122.63,-2.49],[122.38,-2.5],[122.3,-2.58],[122.3,-2.63],[122.49,-2.71],[123.11,-3.11],[123.38,-3.58],[123.38,-3.72],[123.46,-3.91],[123.46,-4.1],[123.24,-4.39],[123.37,-4.56],[123.58,-4.75],[123.62,-4.87],[123.6,-4.93],[123.46,-4.94],[123.43,-5.06],[123.7,-5.09],[123.87,-5.25],[123.89,-5.22],[123.8,-5.01],[123.86,-4.98],[124.34,-5.11],[124.78,-5.42],[124.93,-5.44],[125.0,-5.52],[125.06,-5.51],[125.15,-5.43],[125.23,-5.44],[125.29,-5.51],[125.28,-5.59],[125.08,-5.68],[124.86,-5.71],[124.76,-5.82],[124.99,-5.76],[125.06,-5.77],[125.16,-5.9],[125.39,-6.03],[125.38,-6.15],[125.14,-6.1],[124.58,-6.24],[124.44,-6.19],[124.15,-6.22],[124.08,-6.16],[123.94,-6.12],[123.89,-6.05],[123.69,-6.02],[123.41,-5.74],[123.29,-5.74],[123.22,-5.59],[123.08,-5.53],[122.94,-5.7],[122.93,-5.76],[123.03,-5.87],[123.05,-6.0],[123.23,-6.14],[123.29,-6.27],[123.29,-6.36],[123.24,-6.39],[122.93,-6.43],[122.81,-6.48],[122.7,-6.46],[122.65,-6.51],[123.0,-6.48],[123.05,-6.6],[123.02,-6.81],[122.93,-6.87],[122.74,-6.84],[122.62,-7.02],[122.54,-7.06],[122.18,-7.03],[122.1,-6.91],[122.1,-6.8],[122.14,-6.7],[122.09,-6.55],[121.96,-6.53],[121.94,-6.43],[121.96,-6.37],[122.02,-6.36],[122.06,-6.4],[122.1,-6.51],[122.14,-6.5],[122.18,-6.43],[122.21,-6.29],[122.4,-6.14],[122.41,-5.94],[122.18,-6.07],[121.99,-6.05],[121.92,-6.26],[121.87,-6.65],[121.8,-6.7],[121.71,-6.67],[121.66,-6.57],[121.66,-6.44],[121.68,-6.31],[121.73,-6.24],[121.7,-5.95],[121.78,-5.9],[121.96,-5.88],[122.05,-5.77],[121.87,-5.83],[121.69,-5.74],[121.54,-5.57],[121.51,-5.47],[121.45,-5.43],[121.36,-5.26],[121.32,-5.09],[121.25,-5.02],[121.14,-4.98],[121.06,-5.07],[121.15,-5.21],[121.15,-5.42],[121.03,-5.64],[121.16,-5.86],[121.18,-6.1],[121.46,-6.43],[121.42,-6.67],[121.51,-6.97],[121.59,-7.02],[121.8,-6.98],[121.94,-7.05],[122.18,-7.06],[122.42,-7.25],[122.61,-7.28],[122.65,-7.38],[122.6,-7.47],[122.48,-7.54],[122.36,-7.53],[122.51,-7.7],[122.51,-7.78],[122.47,-7.85],[122.33,-7.91],[122.19,-7.86],[122.16,-7.75],[122.18,-7.66],[122.04,-7.53],[121.77,-7.58],[121.58,-7.51],[121.07,-7.64],[121.01,-7.61],[120.91,-7.46],[120.86,-7.46],[120.84,-7.42],[120.74,-7.42],[120.67,-7.37],[120.48,-7.39],[120.3,-7.14],[120.29,-7.05],[120.33,-6.95],[120.33,-6.85],[120.27,-6.8],[120.05,-6.94],[119.9,-6.91],[119.86,-7.01],[119.74,-7.06],[119.4,-7.06],[118.98,-7.28],[118.97,-7.3],[119.03,-7.31],[119.05,-7.36],[119.04,-7.44],[118.62,-7.62],[118.56,-7.75],[118.25,-7.77],[118.05,-7.89],[118.23,-7.93],[118.54,-7.92],[118.68,-8.04],[118.82,-7.98],[119.15,-7.99],[119.26,-8.06],[119.31,-8.17],[119.43,-8.1],[119.59,-8.16],[119.76,-8.14],[119.89,-8.16],[120.0,-8.08],[120.31,-8.02],[120.62,-8.09],[120.82,-8.18],[121.3,-8.18],[121.44,-8.26],[121.73,-8.16],[121.88,-8.15],[122.03,-8.26],[122.04,-8.23],[121.99,-8.18],[121.98,-8.09],[121.99,-8.01],[122.06,-7.93],[122.15,-7.93],[122.3,-8.09],[122.47,-8.19],[122.68,-8.04],[122.64,-7.87],[122.72,-7.82],[122.95,-7.99],[123.1,-7.99],[123.22,-8.06],[123.48,-8.09],[123.72,-8.06],[123.77,-7.97],[123.85,-7.9],[124.15,-8.02],[124.58,-7.94],[124.94,-8.04],[125.12,-8.03],[125.23,-8.06],[125.29,-8.18],[125.33,-8.19],[125.49,-8.12],[125.59,-8.02],[125.8,-7.64],[125.9,-7.56],[126.18,-7.57],[126.65,-7.41],[126.99,-7.64],[127.08,-7.58],[127.05,-7.41],[127.11,-7.33],[127.21,-7.4],[127.37,-7.36],[127.65,-7.41],[127.81,-7.36],[127.88,-7.37],[127.89,-7.44],[127.8,-7.54],[127.75,-7.65],[127.57,-7.75],[127.58,-7.9],[127.67,-7.96],[128.16,-8.02],[128.28,-8.06],[128.52,-7.94],[128.76,-7.94],[128.96,-7.89],[129.17,-7.94],[129.17,-7.85],[129.22,-7.8],[129.26,-7.63],[129.33,-7.62],[129.43,-7.72],[129.47,-7.72],[129.6,-7.63],[129.58,-7.5],[129.66,-7.45],[129.74,-7.46],[129.91,-7.57],[129.93,-7.36],[130.14,-7.27],[130.27,-7.26],[130.39,-7.32],[130.39,-7.56],[130.49,-7.74],[130.49,-7.58],[130.56,-7.46],[130.5,-7.32],[130.51,-7.27],[130.61,-7.22],[130.96,-7.17],[131.02,-7.15],[131.09,-7.05],[131.28,-6.94],[131.56,-6.49],[131.57,-6.31],[131.69,-6.24],[131.89,-5.84],[131.91,-5.75],[131.86,-5.47],[131.9,-5.27],[131.88,-5.2],[131.42,-4.46],[131.04,-4.08],[130.61,-4.03],[130.18,-3.84],[130.15,-3.74],[129.98,-3.59],[129.72,-3.46],[129.58,-3.56],[129.2,-3.47],[128.99,-3.47],[128.97,-3.5],[128.99,-3.55],[129.16,-3.66],[129.15,-3.79],[129.0,-3.91],[128.78,-3.86],[128.75,-4.05],[128.7,-4.12],[128.6,-4.13],[128.54,-4.09],[128.52,-3.97],[128.53,-3.79],[128.48,-3.76],[128.23,-3.86],[128.2,-3.93],[128.22,-4.04],[128.17,-4.09],[128.02,-4.06],[127.91,-4.08],[127.86,-4.02],[127.89,-3.89],[127.77,-3.57],[127.44,-3.41],[127.39,-3.42],[127.36,-3.48],[127.34,-3.83],[127.4,-4.03],[127.38,-4.08],[127.31,-4.1],[127.22,-4.06],[127.02,-3.87],[126.92,-3.92],[126.76,-3.94],[126.33,-3.83],[126.13,-3.67],[125.95,-3.45],[125.93,-3.11],[126.05,-2.98],[126.13,-2.95],[126.48,-2.95],[126.72,-2.78],[127.4,-2.7],[127.44,-2.78],[127.36,-2.91],[127.46,-2.96],[127.72,-2.9],[128.02,-2.78],[128.18,-2.56],[128.38,-2.57],[128.43,-2.46],[128.51,-2.41],[129.63,-2.47],[129.55,-2.41],[129.17,-2.4],[129.03,-2.34],[128.68,-2.26],[128.61,-2.21],[128.59,-2.14],[128.7,-2.01],[128.71,-1.95],[128.52,-1.94]],[[126.17,-4.1],[126.13,-4.06],[126.14,-4.0],[126.23,-3.92],[126.27,-3.92],[126.29,-4.05],[126.22,-4.12],[126.17,-4.1]],[[128.77,-4.34],[128.79,-4.25],[128.93,-4.2],[129.02,-4.1],[129.18,-4.07],[129.24,-4.1],[129.26,-4.18],[129.23,-4.24],[129.07,-4.32],[128.93,-4.5],[128.81,-4.47],[128.77,-4.34]],[[129.84,-4.04],[129.86,-4.01],[129.93,-4.0],[130.17,-4.12],[130.17,-4.18],[130.06,-4.36],[130.15,-4.44],[130.3,-4.5],[130.34,-4.66],[130.27,-4.77],[130.08,-4.79],[129.9,-4.67],[129.62,-4.64],[129.51,-4.6],[129.51,-4.55],[129.61,-4.38],[129.54,-4.21],[129.55,-4.14],[129.64,-4.09],[129.79,-4.2],[129.84,-4.04]],[[127.96,-4.78],[128.02,-4.82],[128.02,-4.91],[127.9,-4.94],[127.85,-4.88],[127.87,-4.82],[127.96,-4.78]],[[127.08,-4.57],[126.98,-4.68],[126.82,-4.75],[126.48,-4.7],[126.48,-4.56],[126.51,-4.54],[126.48,-4.48],[126.56,-4.4],[126.84,-4.54],[127.03,-4.49],[127.08,-4.57]],[[126.43,-4.58],[126.39,-4.71],[126.29,-4.73],[126.24,-4.69],[126.25,-4.63],[126.29,-4.58],[126.36,-4.55],[126.43,-4.58]],[[128.52,-4.46],[128.57,-4.37],[128.69,-4.35],[128.74,-4.38],[128.76,-4.5],[128.73,-4.55],[128.63,-4.56],[128.52,-4.46]],[[127.18,-5.4],[127.15,-5.32],[127.23,-5.23],[127.36,-5.18],[127.47,-5.18],[127.43,-5.29],[127.24,-5.41],[127.18,-5.4]],[[128.16,-5.24],[128.34,-5.17],[128.44,-5.21],[128.46,-5.3],[128.33,-5.42],[128.18,-5.43],[128.12,-5.38],[128.16,-5.24]],[[130.3,-5.37],[130.24,-5.31],[130.25,-5.24],[130.36,-5.2],[130.45,-5.24],[130.47,-5.29],[130.44,-5.34],[130.3,-5.37]],[[130.28,-5.43],[130.49,-5.47],[130.57,-5.53],[130.59,-5.63],[130.54,-5.73],[130.47,-5.76],[130.2,-5.62],[130.2,-5.51],[130.28,-5.43]],[[127.98,-5.47],[127.9,-5.57],[127.69,-5.62],[127.57,-5.7],[127.44,-5.68],[127.38,-5.61],[127.39,-5.49],[127.43,-5.41],[127.61,-5.37],[127.73,-5.26],[128.04,-5.26],[128.05,-5.33],[127.98,-5.47]],[[129.94,-6.22],[130.03,-6.17],[130.13,-6.22],[130.13,-6.36],[130.03,-6.48],[129.98,-6.48],[129.89,-6.4],[129.89,-6.27],[129.94,-6.22]],[[129.77,-6.33],[129.81,-6.35],[129.82,-6.43],[129.89,-6.48],[129.89,-6.66],[129.74,-6.7],[129.59,-6.84],[129.46,-6.84],[129.41,-6.79],[129.16,-6.75],[129.1,-6.69],[129.13,-6.59],[129.24,-6.54],[129.58,-6.55],[129.6,-6.51],[129.55,-6.44],[129.55,-6.38],[129.77,-6.33]],[[129.26,-6.84],[129.33,-6.92],[129.33,-7.02],[129.3,-7.06],[129.2,-7.1],[129.05,-7.07],[129.02,-7.02],[129.02,-6.89],[129.18,-6.83],[129.26,-6.84]],[[128.8,-6.97],[128.87,-7.01],[128.9,-7.1],[128.68,-7.47],[128.54,-7.48],[128.5,-7.44],[128.47,-7.34],[128.33,-7.29],[128.29,-7.24],[128.3,-7.13],[128.52,-6.99],[128.8,-6.97]],[[125.91,-7.1],[125.95,-7.13],[125.96,-7.22],[125.84,-7.23],[125.8,-7.17],[125.85,-7.12],[125.91,-7.1]],[[126.72,-6.53],[126.77,-6.58],[126.77,-6.65],[126.7,-6.73],[126.62,-6.74],[126.59,-6.67],[126.6,-6.59],[126.64,-6.54],[126.72,-6.53]],[[125.25,-6.55],[125.11,-6.57],[125.02,-6.5],[125.06,-6.33],[125.27,-6.29],[125.37,-6.32],[125.4,-6.44],[125.25,-6.55]],[[122.63,-7.52],[122.67,-7.52],[122.69,-7.6],[122.65,-7.7],[122.62,-7.72],[122.55,-7.69],[122.53,-7.64],[122.55,-7.58],[122.63,-7.52]],[[123.49,-7.71],[123.61,-7.64],[123.71,-7.68],[123.76,-7.85],[123.72,-7.94],[123.61,-7.96],[123.51,-7.88],[123.47,-7.76],[123.49,-7.71]],[[128.05,-7.69],[128.11,-7.63],[128.25,-7.62],[128.35,-7.68],[128.35,-7.75],[128.28,-7.84],[127.97,-7.94],[127.86,-7.85],[127.83,-7.74],[127.89,-7.69],[128.02,-7.75],[128.06,-7.73],[128.05,-7.69]]],[[[151.22,-4.28],[151.1,-4.22],[151.09,-4.13],[151.27,-4.08],[151.28,-3.99],[151.42,-3.91],[151.46,-3.79],[151.55,-3.77],[151.71,-3.85],[151.9,-3.82],[151.93,-3.78],[151.82,-3.74],[151.78,-3.77],[151.66,-3.75],[151.65,-3.67],[151.69,-3.54],[151.4,-3.38],[151.32,-3.37],[151.25,-3.4],[151.3,-3.52],[151.3,-3.58],[151.22,-3.6],[151.13,-3.55],[151.06,-3.41],[150.84,-3.34],[150.82,-3.29],[150.67,-3.2],[150.63,-3.13],[150.6,-2.93],[150.55,-2.87],[150.38,-2.9],[150.22,-2.9],[150.1,-2.99],[149.93,-2.9],[149.76,-2.89],[149.7,-2.79],[149.53,-2.7],[149.49,-2.57],[149.41,-2.48],[148.94,-2.42],[148.73,-2.26],[148.56,-2.33],[148.44,-2.33],[148.25,-2.47],[148.15,-2.45],[148.1,-2.5],[147.73,-2.52],[147.64,-2.59],[147.68,-2.7],[147.86,-2.71],[148.23,-2.97],[148.39,-3.05],[148.75,-3.07],[148.78,-3.19],[149.02,-3.26],[149.08,-3.42],[149.33,-3.53],[149.44,-3.52],[149.44,-3.61],[149.33,-3.68],[149.33,-3.72],[149.45,-3.79],[149.59,-3.8],[149.61,-3.92],[149.16,-4.08],[149.2,-4.11],[149.38,-4.08],[149.5,-4.13],[150.04,-4.17],[150.09,-4.23],[150.08,-4.27],[149.85,-4.36],[149.51,-4.33],[149.57,-4.43],[149.65,-4.4],[149.89,-4.42],[149.92,-4.49],[149.87,-4.59],[149.91,-4.64],[149.97,-4.57],[150.17,-4.55],[150.22,-4.61],[150.24,-4.78],[150.38,-4.73],[150.49,-4.73],[150.6,-4.58],[150.7,-4.58],[150.79,-4.48],[151.1,-4.46],[151.22,-4.28]],[[149.87,-3.98],[149.81,-3.98],[149.77,-3.92],[149.83,-3.84],[150.09,-3.76],[150.19,-3.76],[150.28,-3.8],[150.29,-3.85],[150.23,-3.95],[150.1,-3.91],[149.87,-3.98]],[[150.56,-3.9],[150.59,-3.73],[150.64,-3.69],[150.69,-3.69],[150.7,-3.79],[150.65,-3.84],[150.71,-3.92],[150.61,-3.97],[150.56,-3.9]]],[[[133.77,-4.84],[133.73,-4.61],[133.39,-4.46],[133.29,-4.3],[133.25,-4.32],[133.22,-4.54],[133.32,-4.82],[133.3,-5.07],[133.37,-5.16],[133.54,-5.2],[133.58,-5.3],[133.59,-5.41],[133.55,-5.55],[133.42,-5.71],[133.37,-5.86],[133.15,-5.9],[133.08,-6.0],[132.99,-6.04],[132.72,-6.46],[132.83,-6.57],[132.83,-6.72],[132.98,-6.55],[133.1,-6.55],[133.2,-6.46],[133.25,-6.31],[133.49,-6.19],[133.72,-6.13],[133.8,-5.98],[133.94,-5.83],[133.97,-5.64],[134.09,-5.38],[134.29,-5.22],[134.34,-5.14],[134.34,-5.04],[134.24,-4.92],[134.21,-4.82],[134.3,-4.56],[134.11,-4.68],[133.97,-4.73],[133.83,-4.86],[133.77,-4.84]]],[[[120.62,-6.75],[120.81,-6.61],[120.86,-6.34],[120.79,-6.0],[120.68,-5.79],[120.74,-6.38],[120.62,-6.5],[120.58,-6.73],[120.62,-6.75]]],[[[-174.96,-14.76],[-174.99,-14.74],[-175.1,-14.78],[-175.18,-14.76],[-175.2,-14.78],[-175.1,-14.86],[-175.09,-14.99],[-175.3,-15.14],[-175.2,-15.22],[-175.09,-15.37],[-175.01,-15.36],[-174.95,-15.41],[-174.82,-15.34],[-174.81,-15.21],[-174.73,-15.11],[-174.95,-15.23],[-175.1,-15.22],[-175.12,-15.08],[-175.01,-14.98],[-174.98,-14.88],[-174.89,-14.88],[-174.96,-14.76]]],[[[-178.15,-28.91],[-178.15,-28.8],[-178.3,-28.77],[-178.43,-28.96],[-178.34,-28.92],[-178.15,-28.91]]],[[[168.75,-33.64],[168.82,-33.47],[168.79,-33.43],[168.63,-33.46],[168.59,-33.64],[168.53,-33.64],[168.24,-33.5],[168.15,-33.55],[168.12,-33.65],[168.26,-33.86],[168.46,-34.01],[168.67,-33.91],[168.9,-33.9],[168.89,-33.82],[168.72,-33.85],[168.67,-33.83],[168.65,-33.73],[168.75,-33.64]]],[[[170.69,-35.13],[170.54,-34.9],[170.36,-35.0],[170.69,-35.13]]],[[[78.74,-38.45],[78.72,-38.35],[78.56,-38.21],[78.5,-38.21],[78.53,-38.4],[78.48,-38.5],[78.41,-38.52],[78.38,-38.57],[78.67,-38.46],[78.72,-38.48],[78.74,-38.45]]],[[[-173.11,-42.6],[-172.99,-42.41],[-173.11,-42.42],[-173.21,-42.48],[-173.21,-42.58],[-173.3,-42.67],[-173.11,-42.6]]],[[[149.57,-48.32],[149.5,-48.33],[149.45,-48.38],[149.58,-48.44],[149.76,-48.43],[149.95,-48.54],[149.88,-48.46],[149.57,-48.32]]],[[[10.89,40.68],[10.72,40.82],[10.64,41.01],[10.6,41.01],[10.54,40.87],[10.66,40.83],[10.68,40.63],[10.77,40.54],[10.73,40.22],[10.79,40.08],[10.75,40.03],[10.7,40.02],[10.47,40.19],[10.34,40.23],[10.3,40.21],[10.32,40.06],[10.29,39.96],[10.44,39.92],[10.49,39.84],[10.5,39.73],[10.42,39.48],[10.44,39.33],[10.32,39.08],[10.2,39.05],[10.18,38.95],[10.03,38.71],[10.15,38.76],[10.18,38.81],[10.27,38.84],[10.38,38.82],[10.41,38.75],[10.25,38.67],[10.22,38.56],[10.6,38.7],[10.84,38.85],[10.96,38.99],[11.18,39.0],[11.23,39.15],[11.35,39.19],[11.5,39.14],[11.57,39.02],[11.71,39.02],[11.76,38.98],[11.86,38.98],[11.95,38.81],[12.12,38.88],[12.41,38.83],[12.62,38.88],[13.38,38.85],[13.44,38.81],[13.44,38.7],[13.37,38.63],[13.27,38.59],[13.49,38.57],[13.61,38.69],[13.78,38.74],[13.75,38.79],[13.66,38.83],[13.64,38.9],[13.67,38.92],[14.04,38.88],[14.06,38.74],[14.23,38.69],[14.45,38.81],[14.95,38.76],[15.1,38.9],[15.23,38.95],[15.44,38.89],[15.48,39.0],[15.36,39.05],[15.36,39.17],[15.26,39.24],[15.24,39.39],[15.12,39.43],[14.81,39.41],[14.59,39.48],[14.54,39.6],[14.4,39.6],[14.06,39.94],[13.82,39.94],[13.66,40.08],[13.44,40.08],[13.37,40.18],[13.34,40.32],[13.36,40.37],[13.49,40.46],[13.22,40.51],[13.1,40.68],[12.96,40.68],[12.86,40.78],[12.65,40.8],[12.55,40.87],[12.38,40.91],[12.24,40.82],[12.12,40.82],[12.0,40.75],[11.93,40.79],[11.89,40.94],[11.8,40.66],[11.69,40.63],[11.62,40.69],[11.64,40.91],[11.53,40.93],[11.41,41.01],[11.23,40.9],[11.14,40.87],[11.07,40.69],[11.01,40.66],[10.89,40.68]],[[11.66,40.39],[11.63,40.44],[11.65,40.49],[11.76,40.55],[11.77,40.43],[11.71,40.38],[11.66,40.39]],[[12.6,39.96],[12.65,39.98],[12.7,39.96],[12.71,39.9],[12.67,39.85],[12.58,39.88],[12.6,39.96]],[[10.66,39.88],[10.74,39.82],[10.78,39.72],[10.78,39.68],[10.71,39.64],[10.6,39.7],[10.56,39.78],[10.58,39.86],[10.66,39.88]],[[14.3,39.32],[14.34,39.37],[14.47,39.39],[14.5,39.37],[14.5,39.25],[14.43,39.13],[14.38,39.11],[14.32,39.13],[14.3,39.32]]],[[[95.83,13.23],[95.65,13.33],[95.62,13.2],[95.56,13.19],[95.5,13.27],[95.44,13.13],[95.28,13.1],[95.21,13.03],[95.21,12.77],[95.09,12.4],[95.11,12.19],[95.06,12.12],[95.05,11.99],[94.88,11.67],[94.75,11.62],[94.54,11.64],[94.49,11.52],[94.34,11.47],[94.2,11.33],[94.12,11.19],[93.87,11.2],[93.74,11.12],[93.69,11.03],[93.66,10.09],[93.6,9.98],[93.56,10.02],[93.54,10.15],[93.48,10.25],[93.48,10.34],[93.23,10.9],[93.2,10.85],[93.26,10.66],[93.24,10.46],[93.31,10.12],[93.29,9.94],[93.46,9.79],[93.43,9.67],[93.48,9.65],[93.48,9.55],[93.61,9.54],[93.65,9.5],[93.6,9.38],[93.66,9.33],[93.65,9.1],[93.7,8.95],[93.7,8.76],[93.79,8.26],[93.86,8.09],[93.85,7.83],[93.94,7.75],[93.96,7.86],[93.9,8.3],[93.94,8.38],[94.03,8.4],[94.12,8.34],[94.11,8.17],[94.19,8.1],[94.27,7.94],[94.25,7.77],[94.39,7.78],[94.47,7.71],[94.45,7.58],[94.34,7.54],[94.31,7.54],[94.23,7.73],[94.22,7.58],[94.27,7.43],[94.27,7.32],[94.36,7.17],[94.49,7.03],[94.54,6.89],[94.68,6.74],[94.78,6.58],[94.85,6.55],[94.89,6.48],[94.97,6.5],[95.06,6.48],[95.11,6.65],[95.04,6.84],[95.28,7.15],[95.35,7.7],[95.42,7.87],[95.4,8.04],[95.57,8.09],[95.71,8.52],[95.71,8.69],[95.78,8.86],[95.81,9.29],[95.88,9.43],[95.86,9.59],[95.98,9.84],[95.98,10.2],[96.05,10.3],[96.05,10.42],[96.17,10.58],[96.19,10.87],[96.12,11.03],[96.24,11.18],[96.24,11.33],[96.29,11.52],[96.19,11.81],[96.21,11.84],[96.29,11.86],[96.32,11.9],[96.35,12.52],[96.31,12.63],[96.23,12.71],[96.22,12.84],[96.07,12.95],[95.93,13.01],[95.9,13.15],[95.83,13.23]],[[93.8,10.77],[93.74,10.86],[93.77,10.92],[93.83,10.94],[93.89,10.83],[93.86,10.78],[93.8,10.77]],[[94.78,9.98],[94.78,10.09],[94.88,10.15],[94.99,10.08],[95.14,10.06],[95.17,10.02],[95.15,9.89],[95.02,9.7],[95.0,9.54],[94.94,9.53],[94.99,9.42],[94.98,9.3],[95.11,9.23],[95.16,9.1],[95.12,9.01],[94.93,8.99],[94.93,8.94],[95.09,8.96],[95.12,8.89],[94.92,8.69],[94.91,8.39],[94.84,8.32],[94.74,8.3],[94.67,8.33],[94.66,8.42],[94.53,8.54],[94.37,8.58],[94.32,8.66],[94.42,8.9],[94.63,8.88],[94.46,8.98],[94.43,9.07],[94.39,9.26],[94.49,9.41],[94.37,9.46],[94.38,9.64],[94.44,9.74],[94.62,9.8],[94.78,9.98]],[[95.08,9.53],[95.13,9.52],[95.16,9.46],[95.15,9.4],[95.11,9.38],[95.03,9.43],[95.03,9.48],[95.08,9.53]],[[93.99,8.79],[94.05,8.69],[94.05,8.55],[94.01,8.47],[93.93,8.44],[93.87,8.48],[93.86,8.58],[93.9,8.73],[93.99,8.79]],[[93.71,9.76],[93.69,9.63],[93.65,9.61],[93.59,9.63],[93.57,9.69],[93.6,9.74],[93.66,9.79],[93.71,9.76]],[[94.7,6.94],[94.67,6.99],[94.68,7.06],[94.75,7.13],[94.79,7.12],[94.82,6.98],[94.76,6.92],[94.7,6.94]]],[[[112.1,7.27],[112.05,7.31],[112.01,7.4],[111.87,7.3],[112.01,7.26],[112.02,7.2],[112.07,7.2],[112.09,7.27],[112.16,7.24],[112.27,7.08],[112.42,7.06],[112.45,6.97],[112.39,6.86],[112.4,6.77],[112.44,6.73],[112.49,6.73],[112.54,6.96],[112.6,7.05],[112.52,7.16],[112.52,7.28],[112.37,7.34],[112.1,7.27]]],[[[123.85,7.06],[123.91,7.2],[123.73,7.42],[123.71,7.34],[123.8,7.11],[123.75,7.05],[123.64,7.06],[123.36,7.18],[123.1,7.08],[122.81,6.79],[122.5,6.58],[122.45,6.38],[122.23,6.32],[122.08,6.04],[121.97,5.94],[121.85,5.9],[121.68,5.7],[121.54,5.66],[121.37,5.73],[121.29,5.72],[121.18,5.59],[121.21,5.43],[121.18,5.36],[120.98,5.3],[120.77,5.09],[120.53,5.06],[120.34,4.92],[120.19,4.9],[119.95,4.66],[119.81,4.64],[119.57,4.42],[119.33,4.28],[119.16,4.25],[119.18,4.03],[119.16,3.98],[118.97,4.01],[118.83,3.94],[118.76,3.94],[118.7,3.98],[118.68,3.96],[118.76,3.55],[118.61,3.29],[118.63,3.17],[118.57,3.1],[118.54,2.99],[118.46,2.95],[118.56,2.84],[118.56,2.78],[118.46,2.71],[118.37,2.74],[118.34,2.67],[118.39,2.6],[118.7,2.42],[118.95,2.11],[119.29,1.59],[119.31,1.44],[119.18,1.19],[119.15,1.03],[119.31,0.41],[119.26,0.31],[119.0,0.31],[118.78,0.26],[118.61,0.34],[118.56,0.29],[118.48,0.29],[118.43,0.45],[118.3,0.46],[118.25,0.41],[118.27,0.0],[118.2,-0.31],[118.27,-0.43],[118.25,-0.69],[118.27,-0.82],[118.13,-1.06],[118.08,-1.75],[117.96,-2.02],[118.0,-2.13],[118.1,-2.26],[118.12,-2.32],[118.27,-2.44],[118.32,-2.59],[118.46,-2.74],[118.5,-2.67],[118.54,-1.75],[118.66,-1.63],[118.73,-1.6],[118.75,-1.46],[118.82,-1.39],[118.82,-1.2],[118.89,-1.04],[118.96,-0.98],[119.11,-0.98],[119.16,-0.92],[119.08,-0.53],[119.11,-0.05],[119.5,0.17],[119.54,0.36],[119.69,0.46],[119.69,0.6],[119.79,0.76],[119.9,0.89],[120.02,0.91],[120.06,1.11],[120.14,1.25],[120.28,1.18],[120.36,1.27],[120.51,1.25],[120.72,1.44],[120.77,1.58],[121.06,1.85],[121.26,1.69],[121.3,1.51],[121.36,1.49],[121.81,1.61],[121.9,1.56],[121.93,1.43],[122.06,1.45],[122.23,1.34],[122.42,1.34],[122.62,1.22],[122.8,1.26],[122.85,1.38],[123.09,1.42],[123.38,1.37],[123.52,1.19],[123.79,1.25],[124.02,1.15],[124.04,1.17],[123.99,1.4],[124.05,1.43],[124.25,1.44],[124.5,1.59],[124.63,1.78],[124.65,2.06],[124.69,2.14],[124.79,2.14],[124.82,2.01],[124.87,1.97],[125.06,2.16],[125.18,2.14],[125.19,2.18],[125.11,2.35],[125.09,2.78],[125.02,2.85],[125.01,2.9],[125.07,2.93],[125.25,2.86],[125.36,2.91],[125.38,2.96],[125.3,3.26],[125.39,3.37],[125.4,3.46],[125.3,3.7],[125.32,3.92],[125.2,4.25],[125.22,4.32],[125.42,4.46],[125.41,4.53],[125.28,4.66],[125.26,4.73],[125.28,4.78],[125.43,4.89],[125.4,5.04],[125.43,5.18],[125.39,5.26],[125.23,5.38],[125.21,5.57],[125.1,5.67],[124.98,5.73],[124.78,5.77],[124.3,6.02],[124.07,6.06],[124.03,6.24],[123.89,6.43],[123.89,6.6],[123.84,6.71],[123.85,7.06]]],[[[99.24,-63.63],[99.26,-63.77],[99.32,-63.81],[99.38,-63.82],[99.41,-63.78],[99.39,-63.72],[99.24,-63.63]]],[[[128.57,-33.67],[128.14,-33.86],[127.87,-33.86],[127.59,-33.95],[127.1,-33.94],[126.91,-34.03],[126.65,-34.01],[126.22,-34.03],[125.95,-34.13],[125.81,-34.13],[125.31,-34.3],[124.79,-34.28],[124.34,-34.42],[123.88,-34.72],[123.44,-34.84],[123.36,-34.84],[123.19,-34.78],[123.02,-34.8],[122.86,-34.75],[122.4,-34.8],[121.64,-34.69],[121.35,-34.72],[120.88,-34.66],[120.5,-34.8],[120.41,-34.79],[120.26,-34.73],[120.12,-34.92],[120.06,-34.95],[120.01,-34.92],[120.0,-34.7],[119.82,-34.72],[119.77,-34.76],[119.76,-34.97],[119.3,-35.14],[119.15,-35.33],[118.99,-35.34],[118.81,-35.42],[118.61,-35.39],[118.37,-35.51],[117.93,-35.59],[117.46,-35.52],[117.47,-35.65],[117.34,-35.74],[116.95,-35.71],[116.88,-35.54],[116.66,-35.55],[116.46,-35.47],[116.26,-35.52],[116.22,-35.47],[116.15,-35.47],[116.03,-35.41],[115.85,-35.38],[115.68,-35.45],[115.58,-35.45],[115.49,-35.4],[115.48,-35.33],[115.54,-35.24],[115.52,-35.23],[115.34,-35.28],[114.81,-35.26],[114.62,-35.29],[114.2,-34.97],[114.17,-34.9],[114.18,-34.76],[113.71,-34.54],[113.71,-34.2],[113.83,-34.08],[113.74,-33.63],[113.76,-33.34],[113.81,-33.24],[113.78,-32.95],[114.07,-32.82],[114.19,-32.59],[114.34,-32.5],[114.38,-32.28],[114.48,-32.09],[114.52,-31.86],[114.59,-31.85],[114.71,-31.96],[114.6,-31.7],[114.62,-31.4],[114.58,-31.27],[114.58,-31.1],[114.36,-30.89],[114.38,-30.77],[114.26,-30.6],[114.29,-30.43],[114.22,-30.26],[114.17,-30.26],[114.17,-30.22],[114.06,-30.18],[113.95,-30.02],[113.9,-29.88],[113.62,-29.59],[113.45,-29.23],[113.45,-29.14],[113.26,-28.92],[113.19,-28.78],[113.13,-28.87],[113.06,-28.86],[112.63,-28.56],[112.61,-28.45],[112.51,-28.37],[112.32,-27.89],[111.84,-27.19],[111.65,-27.1],[111.58,-27.02],[111.41,-26.48],[111.41,-26.34],[111.34,-26.1],[111.22,-25.87],[111.22,-25.66],[111.07,-25.51],[111.05,-25.42],[110.98,-25.34],[110.9,-25.13],[110.96,-24.62],[110.9,-24.32],[110.91,-24.25],[111.24,-24.03],[111.46,-24.02],[111.6,-23.9],[111.7,-23.74],[111.81,-23.67],[111.8,-23.52],[111.96,-23.45],[112.01,-23.33],[112.1,-23.26],[112.13,-23.14],[112.2,-23.09],[112.61,-22.51],[112.88,-22.26],[112.82,-22.05],[112.84,-21.98],[113.03,-21.88],[112.87,-21.7],[112.82,-21.34],[112.51,-21.26],[112.4,-21.35],[112.27,-21.35],[112.01,-21.12],[111.75,-21.01],[111.41,-20.66],[111.26,-20.59],[111.08,-20.36],[110.95,-20.1],[110.96,-20.0],[111.01,-19.92],[111.09,-19.92],[111.38,-20.04],[111.45,-20.03],[111.51,-19.89],[111.69,-19.77],[111.79,-19.78],[111.77,-19.66],[111.91,-19.46],[112.07,-19.46],[112.15,-19.32],[112.46,-19.02],[112.56,-18.98],[112.7,-19.03],[112.9,-18.84],[112.94,-18.65],[112.99,-18.58],[112.99,-18.46],[113.09,-18.31],[113.09,-18.17],[113.21,-18.05],[113.21,-17.9],[113.29,-17.8],[113.14,-17.73],[113.11,-17.61],[113.21,-17.42],[113.37,-17.33],[113.42,-17.33],[113.47,-17.43],[113.33,-17.78],[113.57,-17.78],[113.64,-17.83],[113.75,-17.83],[113.88,-17.93],[114.04,-17.88],[114.22,-17.88],[114.4,-17.69],[114.57,-17.6],[114.68,-17.59],[114.76,-17.61],[114.81,-17.69],[114.81,-17.8],[114.78,-18.04],[114.85,-18.08],[114.98,-18.24],[114.99,-17.96],[115.09,-17.79],[115.1,-17.69],[115.19,-17.64],[115.32,-17.67],[115.42,-17.78],[115.46,-17.7],[115.69,-17.6],[115.89,-17.61],[116.09,-17.66],[116.33,-17.59],[116.5,-17.66],[117.0,-17.7],[117.06,-17.72],[117.14,-17.83],[117.18,-17.83],[117.34,-17.74],[117.48,-17.83],[117.65,-17.67],[117.87,-17.66],[117.9,-17.6],[117.89,-17.45],[117.93,-17.23],[118.01,-17.16],[118.14,-17.19],[118.18,-17.16],[118.2,-16.75],[118.59,-16.53],[118.7,-16.3],[118.99,-15.98],[119.11,-15.97],[119.21,-15.84],[119.38,-15.72],[119.47,-15.74],[119.69,-15.88],[119.77,-15.85],[119.76,-15.7],[119.81,-15.65],[119.83,-15.55],[119.66,-15.36],[119.69,-15.3],[119.83,-15.19],[119.75,-15.03],[119.78,-14.94],[119.87,-14.83],[120.17,-14.71],[120.38,-14.42],[120.48,-14.35],[120.65,-14.31],[120.87,-14.33],[120.89,-14.3],[121.22,-14.35],[121.37,-14.21],[121.51,-14.14],[121.56,-13.92],[121.31,-13.93],[121.13,-13.79],[121.1,-13.73],[121.12,-13.67],[121.28,-13.63],[121.37,-13.56],[121.56,-13.2],[121.54,-13.06],[121.58,-12.91],[121.56,-12.79],[121.73,-12.62],[121.82,-12.6],[121.82,-12.46],[121.97,-12.43],[121.94,-12.26],[122.04,-12.14],[121.98,-11.97],[122.0,-11.86],[122.33,-11.62],[122.45,-11.59],[122.59,-11.41],[122.3,-11.45],[122.18,-11.5],[121.94,-11.5],[121.82,-11.42],[121.75,-11.28],[121.66,-11.3],[121.58,-11.18],[121.44,-11.21],[121.33,-11.06],[121.29,-11.25],[121.19,-11.33],[121.09,-11.31],[120.94,-11.16],[120.91,-11.23],[120.78,-11.26],[120.62,-11.26],[120.48,-11.16],[120.22,-11.16],[120.01,-11.01],[119.95,-10.8],[119.72,-10.74],[119.64,-10.58],[119.54,-10.25],[119.48,-10.22],[119.26,-10.2],[119.11,-10.1],[118.94,-10.1],[118.84,-10.04],[118.63,-10.01],[118.42,-9.7],[118.25,-9.7],[118.13,-9.44],[118.1,-9.44],[118.14,-9.55],[118.09,-9.64],[117.93,-9.6],[117.91,-9.5],[117.97,-9.39],[117.91,-9.32],[117.84,-9.34],[117.67,-9.29],[117.61,-9.34],[117.5,-9.38],[117.25,-9.4],[117.03,-9.37],[116.71,-9.22],[116.28,-9.19],[116.18,-9.14],[116.02,-9.17],[115.88,-9.11],[115.74,-9.12],[115.69,-9.16],[115.63,-9.17],[115.3,-9.1],[115.16,-9.18],[115.1,-9.19],[114.91,-9.05],[114.79,-9.1],[114.62,-9.0],[113.95,-8.91],[113.76,-8.95],[113.67,-9.12],[113.62,-9.14],[113.54,-9.12],[113.39,-8.97],[113.3,-8.95],[113.12,-9.2],[113.04,-9.17],[112.92,-9.19],[112.76,-9.01],[112.68,-9.24],[112.38,-9.26],[112.13,-9.17],[111.96,-9.02],[111.89,-9.07],[111.55,-9.12],[111.26,-8.95],[111.02,-9.0],[110.86,-8.95],[110.39,-9.07],[110.3,-9.02],[110.29,-8.81],[110.06,-8.64],[109.68,-8.59],[109.49,-8.5],[109.22,-8.5],[108.94,-8.4],[108.83,-8.32],[108.62,-8.3],[108.5,-8.23],[108.34,-8.23],[108.14,-8.09],[107.95,-8.09],[107.9,-8.04],[107.83,-8.07],[107.74,-8.02],[107.59,-8.02],[107.38,-7.9],[107.23,-7.9],[107.14,-7.73],[107.09,-7.73],[107.02,-7.66],[106.44,-7.73],[106.35,-7.72],[106.24,-7.65],[106.04,-7.44],[106.04,-7.39],[106.13,-7.24],[106.11,-7.19],[105.91,-7.2],[105.67,-7.3],[105.43,-7.32],[105.31,-7.25],[105.17,-7.25],[105.05,-7.1],[104.83,-7.03],[104.71,-6.91],[104.69,-6.82],[104.63,-6.77],[104.6,-6.79],[104.55,-7.04],[104.47,-7.08],[104.18,-7.03],[104.06,-6.96],[103.87,-6.98],[103.75,-6.89],[103.56,-6.86],[103.4,-6.7],[103.15,-6.67],[103.06,-6.53],[102.69,-6.2],[102.67,-6.22],[102.83,-6.37],[102.77,-6.44],[102.67,-6.38],[102.6,-6.26],[102.62,-6.14],[102.31,-5.98],[102.19,-5.78],[101.98,-5.64],[101.83,-5.38],[101.65,-5.27],[101.15,-4.77],[101.12,-4.68],[100.96,-4.52],[100.51,-3.8],[100.49,-3.72],[100.36,-3.66],[100.25,-3.53],[100.08,-3.48],[99.98,-3.26],[99.82,-3.26],[99.73,-3.07],[99.74,-2.86],[99.6,-2.69],[99.48,-2.69],[99.28,-2.52],[99.22,-2.26],[99.0,-2.26],[98.81,-2.14],[98.54,-1.85],[98.57,-1.73],[98.41,-1.48],[98.34,-1.28],[98.27,-1.24],[98.25,-1.31],[98.17,-1.31],[97.97,-1.09],[97.97,-0.65],[98.01,-0.53],[98.0,-0.48],[97.85,-0.41],[97.8,-0.54],[97.71,-0.55],[97.63,-0.48],[97.69,-0.36],[97.68,-0.31],[97.55,-0.3],[97.5,-0.27],[97.48,-0.14],[97.55,0.08],[97.37,0.48],[97.15,0.55],[97.05,0.65],[96.86,1.12],[96.86,1.22],[96.8,1.33],[96.82,1.49],[96.7,1.61],[96.53,1.62],[96.47,1.66],[96.41,1.75],[96.36,1.94],[96.15,1.95],[95.96,2.17],[95.81,2.16],[95.72,2.21],[95.59,2.2],[95.39,2.31],[95.09,2.4],[94.97,2.54],[94.75,2.62],[94.54,2.81],[81.32,-9.94],[68.81,-39.25],[86.68,-45.45],[88.73,-65.73],[89.46,-65.73],[89.54,-65.69],[90.14,-65.57],[90.34,-65.47],[90.67,-65.42],[91.14,-65.21],[91.34,-65.04],[91.44,-65.04],[91.51,-64.99],[91.92,-64.97],[92.06,-64.92],[92.38,-64.9],[92.52,-64.82],[93.05,-64.78],[93.24,-64.7],[93.6,-64.73],[94.01,-64.56],[94.3,-64.56],[94.46,-64.49],[94.82,-64.46],[94.94,-64.39],[95.11,-64.37],[95.24,-64.23],[95.35,-64.21],[95.18,-63.97],[95.22,-63.89],[95.32,-63.84],[95.45,-63.84],[95.62,-64.01],[95.78,-64.01],[95.91,-64.11],[96.04,-64.14],[96.24,-64.1],[96.65,-64.1],[97.15,-63.98],[97.37,-64.01],[97.54,-63.91],[97.88,-63.98],[97.93,-63.95],[97.87,-63.79],[97.94,-63.65],[97.94,-63.56],[97.88,-63.46],[97.93,-63.37],[98.01,-63.36],[98.23,-63.41],[98.37,-63.34],[98.46,-63.34],[98.81,-63.43],[98.93,-63.5],[99.14,-63.54],[99.24,-63.63],[99.07,-63.3],[99.08,-63.22],[99.18,-63.15],[99.31,-63.1],[99.79,-63.1],[100.3,-62.95],[100.44,-63.0],[101.13,-63.03],[101.24,-63.07],[102.22,-63.07],[102.34,-63.11],[102.6,-63.41],[102.78,-63.51],[102.76,-63.64],[102.43,-63.74],[102.07,-63.77],[101.93,-63.93],[101.69,-63.94],[101.5,-64.08],[101.54,-64.16],[101.6,-64.17],[101.85,-64.03],[101.98,-64.03],[102.12,-64.2],[102.12,-64.31],[102.16,-64.33],[102.33,-64.16],[102.43,-64.13],[102.5,-64.17],[102.63,-64.34],[102.65,-64.22],[102.5,-64.08],[102.49,-63.95],[102.52,-63.91],[102.66,-63.88],[102.95,-63.89],[103.09,-63.94],[103.25,-63.94],[103.37,-64.08],[103.61,-64.13],[103.7,-64.2],[103.97,-64.22],[104.16,-64.3],[104.3,-64.3],[104.52,-64.5],[104.62,-64.54],[104.88,-64.47],[105.04,-64.53],[105.44,-64.54],[105.46,-64.52],[105.4,-64.38],[105.45,-64.3],[106.07,-64.3],[106.12,-64.35],[106.15,-64.54],[106.81,-64.56],[106.88,-64.6],[106.9,-64.66],[106.81,-64.69],[105.93,-64.73],[105.96,-64.8],[106.12,-64.89],[106.57,-64.94],[106.61,-64.78],[106.73,-64.73],[106.85,-64.8],[106.83,-64.92],[106.99,-64.92],[107.16,-64.97],[107.37,-64.92],[107.5,-64.94],[108.18,-64.92],[108.29,-64.96],[109.05,-65.06],[109.28,-65.14],[109.52,-65.14],[110.11,-65.3],[110.3,-65.23],[110.71,-65.23],[110.83,-65.16],[111.0,-65.14],[111.17,-65.02],[111.25,-65.04],[111.3,-65.15],[111.38,-65.18],[111.5,-65.17],[111.74,-65.06],[112.29,-65.06],[112.32,-65.01],[112.06,-64.68],[112.06,-64.52],[112.13,-64.39],[112.34,-64.49],[112.51,-64.63],[112.82,-64.73],[112.95,-64.7],[113.15,-64.59],[113.26,-64.56],[113.52,-64.66],[113.99,-64.62],[114.6,-64.37],[114.79,-64.34],[114.89,-64.22],[115.06,-64.15],[115.17,-64.16],[115.27,-64.28],[115.29,-64.27],[115.25,-64.23],[115.26,-64.17],[115.35,-64.12],[115.51,-64.14],[115.55,-64.25],[115.33,-64.31],[115.44,-64.35],[115.47,-64.39],[115.44,-64.48],[115.25,-64.48],[115.2,-64.52],[115.32,-64.66],[115.32,-64.7],[115.42,-64.76],[115.51,-64.76],[115.78,-64.63],[115.99,-64.66],[116.11,-64.54],[116.38,-64.56],[116.67,-64.51],[116.83,-64.59],[116.86,-64.75],[117.04,-64.82],[117.0,-64.93],[116.78,-64.88],[116.75,-64.93],[116.81,-64.96],[117.0,-64.97],[117.14,-65.06],[117.48,-65.04],[120.71,-65.46],[120.86,-65.42],[123.34,-65.42],[123.55,-65.35],[123.7,-65.38],[123.84,-65.33],[124.01,-65.38],[124.04,-65.37],[124.04,-65.25],[124.08,-65.22],[124.32,-65.33],[124.56,-65.37],[124.64,-65.35],[124.8,-65.23],[125.04,-65.16],[125.88,-65.06],[126.15,-65.1],[126.27,-65.07],[126.99,-65.04],[127.18,-64.97],[127.4,-65.02],[127.58,-64.97],[127.73,-64.99],[127.78,-64.94],[127.86,-64.92],[128.09,-64.94],[128.45,-64.73],[128.88,-64.75],[128.89,-64.58],[128.96,-64.54],[129.42,-64.65],[129.5,-64.65],[129.67,-64.54],[129.91,-64.54],[130.02,-64.59],[129.97,-64.46],[129.97,-64.42],[130.03,-64.38],[130.39,-64.39],[130.61,-64.37],[130.78,-64.46],[131.08,-64.52],[131.42,-64.73],[131.56,-64.52],[131.76,-64.46],[131.77,-64.42],[131.71,-64.39],[131.66,-64.3],[131.73,-64.24],[132.07,-64.3],[132.21,-64.27],[132.4,-64.3],[132.57,-64.36],[132.71,-64.51],[132.79,-64.54],[133.0,-64.41],[133.25,-64.44],[133.49,-64.51],[133.68,-64.44],[133.92,-64.46],[128.57,-33.67]],[[80.76,-35.09],[80.77,-35.18],[80.71,-35.23],[80.62,-35.22],[80.57,-35.16],[80.58,-35.11],[80.68,-35.06],[80.76,-35.09]],[[81.16,-35.06],[81.08,-34.99],[81.1,-34.89],[81.26,-34.84],[81.33,-34.86],[81.36,-34.93],[81.31,-35.05],[81.16,-35.06]],[[81.68,-34.96],[81.64,-34.9],[81.65,-34.86],[81.75,-34.8],[81.78,-34.82],[81.75,-34.94],[81.68,-34.96]],[[82.15,-34.51],[82.12,-34.61],[82.0,-34.66],[81.86,-34.64],[81.82,-34.59],[81.82,-34.51],[81.93,-34.46],[82.06,-34.46],[82.15,-34.51]],[[110.88,-34.49],[110.78,-34.44],[110.73,-34.36],[110.62,-34.3],[110.64,-34.22],[110.81,-34.21],[110.88,-34.32],[111.01,-34.37],[111.0,-34.46],[110.88,-34.49]],[[82.49,-34.27],[82.42,-34.33],[82.34,-34.34],[82.27,-34.3],[82.26,-34.23],[82.32,-34.15],[82.42,-34.12],[82.49,-34.18],[82.49,-34.27]],[[82.7,-34.24],[82.64,-34.18],[82.67,-34.07],[82.75,-33.99],[82.9,-33.96],[82.93,-34.07],[82.9,-34.2],[82.8,-34.25],[82.7,-34.24]],[[83.38,-34.2],[83.34,-34.12],[83.38,-34.03],[83.44,-34.0],[83.53,-34.02],[83.56,-34.11],[83.53,-34.18],[83.46,-34.22],[83.38,-34.2]],[[111.34,-34.44],[111.32,-34.33],[111.46,-34.29],[111.48,-34.4],[111.42,-34.44],[111.34,-34.44]],[[83.07,-33.8],[82.92,-33.83],[82.84,-33.79],[82.83,-33.75],[82.89,-33.66],[83.04,-33.62],[83.11,-33.67],[83.12,-33.71],[83.07,-33.8]],[[101.96,-33.79],[101.9,-33.75],[101.89,-33.68],[101.96,-33.64],[102.05,-33.66],[102.09,-33.7],[102.07,-33.77],[101.96,-33.79]],[[101.37,-32.97],[101.5,-33.04],[101.52,-33.12],[101.49,-33.17],[101.38,-33.19],[101.24,-33.08],[101.26,-32.98],[101.37,-32.97]],[[84.12,-32.98],[83.96,-32.98],[83.89,-32.93],[83.95,-32.64],[84.07,-32.58],[84.15,-32.6],[84.2,-32.67],[84.17,-32.78],[84.2,-32.89],[84.12,-32.98]],[[82.4,-32.58],[82.31,-32.55],[82.31,-32.44],[82.37,-32.4],[82.59,-32.37],[82.61,-32.42],[82.57,-32.51],[82.4,-32.58]],[[83.74,-32.55],[83.68,-32.51],[83.66,-32.4],[83.73,-32.33],[83.88,-32.28],[84.0,-32.28],[84.22,-32.35],[84.43,-32.34],[84.49,-32.39],[84.4,-32.53],[83.74,-32.55]],[[85.23,-32.32],[85.34,-32.21],[85.4,-32.22],[85.43,-32.27],[85.42,-32.34],[85.34,-32.4],[85.25,-32.38],[85.23,-32.32]],[[87.06,-32.38],[86.98,-32.23],[86.95,-31.97],[87.02,-31.85],[87.17,-31.73],[87.17,-31.56],[87.24,-31.56],[87.18,-31.43],[87.18,-31.34],[87.2,-31.29],[87.34,-31.22],[87.3,-31.15],[87.18,-31.1],[87.15,-31.01],[87.23,-30.82],[87.43,-30.55],[87.54,-30.51],[87.61,-30.53],[87.65,-30.6],[87.84,-30.65],[88.18,-30.46],[88.66,-30.43],[88.79,-30.66],[88.78,-31.0],[88.75,-31.05],[88.66,-31.08],[88.78,-31.22],[88.69,-31.43],[88.49,-31.46],[88.15,-31.7],[88.13,-31.73],[88.13,-31.91],[88.01,-32.04],[87.98,-32.14],[87.91,-32.18],[87.84,-32.33],[87.74,-32.33],[87.62,-32.47],[87.42,-32.51],[87.32,-32.58],[87.25,-32.54],[87.25,-32.43],[87.34,-32.38],[87.35,-32.18],[87.24,-32.26],[87.22,-32.41],[87.14,-32.43],[87.06,-32.38]],[[86.11,-31.85],[86.15,-31.9],[86.15,-31.97],[86.09,-32.02],[86.0,-32.0],[85.98,-31.93],[86.02,-31.87],[86.11,-31.85]],[[85.41,-31.6],[85.41,-31.69],[85.38,-31.71],[85.3,-31.71],[85.25,-31.66],[85.3,-31.58],[85.38,-31.57],[85.41,-31.6]],[[86.03,-31.59],[85.97,-31.53],[85.98,-31.45],[86.18,-31.39],[86.3,-31.4],[86.34,-31.44],[86.34,-31.51],[86.27,-31.57],[86.03,-31.59]],[[86.77,-30.53],[86.63,-30.6],[86.57,-30.59],[86.54,-30.5],[86.63,-30.42],[86.79,-30.4],[86.82,-30.43],[86.77,-30.53]],[[88.78,-30.4],[88.61,-30.21],[88.58,-30.14],[88.6,-30.09],[88.68,-29.97],[88.8,-29.9],[88.91,-29.77],[89.16,-29.72],[89.26,-29.74],[89.27,-29.85],[89.42,-29.9],[89.47,-30.05],[89.59,-30.17],[89.65,-30.3],[89.84,-30.23],[89.89,-30.31],[89.86,-30.44],[89.78,-30.53],[89.66,-30.53],[89.4,-30.66],[89.12,-30.73],[89.0,-30.71],[88.79,-30.54],[88.78,-30.4]],[[87.55,-30.22],[87.43,-30.32],[87.28,-30.36],[87.21,-30.34],[87.16,-30.24],[87.19,-30.16],[87.26,-30.1],[87.51,-30.03],[87.58,-30.1],[87.55,-30.22]],[[87.04,-30.09],[87.01,-30.13],[86.91,-30.14],[86.84,-30.07],[86.85,-30.03],[86.93,-29.96],[86.99,-29.95],[87.04,-30.0],[87.04,-30.09]],[[87.6,-30.02],[87.41,-29.9],[87.23,-29.92],[87.17,-29.89],[87.14,-29.82],[87.15,-29.73],[87.26,-29.58],[87.32,-29.56],[87.44,-29.63],[87.5,-29.62],[87.55,-29.57],[87.55,-29.53],[87.5,-29.5],[87.54,-29.41],[87.67,-29.38],[87.77,-29.26],[87.84,-29.25],[88.13,-29.35],[88.18,-29.47],[88.32,-29.5],[88.34,-29.74],[88.2,-29.85],[88.15,-30.0],[87.72,-30.2],[87.66,-30.18],[87.6,-30.02]],[[87.62,-29.26],[87.38,-29.45],[87.3,-29.47],[87.25,-29.43],[87.24,-29.36],[87.29,-29.24],[87.36,-29.18],[87.4,-29.07],[87.43,-29.04],[87.55,-29.02],[87.61,-29.06],[87.65,-29.18],[87.62,-29.26]],[[98.96,-28.92],[98.81,-28.85],[98.81,-28.99],[98.57,-29.26],[98.52,-29.38],[98.35,-29.5],[98.41,-29.65],[98.4,-29.69],[98.33,-29.72],[98.23,-29.69],[98.18,-29.59],[98.16,-29.08],[98.1,-28.97],[97.9,-28.88],[97.86,-28.81],[97.89,-28.6],[97.98,-28.54],[97.9,-28.42],[97.92,-28.01],[97.97,-27.98],[97.97,-27.94],[98.14,-27.82],[98.33,-27.74],[98.5,-27.56],[98.69,-27.53],[98.73,-27.6],[98.71,-27.7],[98.83,-27.93],[98.98,-28.1],[98.93,-28.31],[98.92,-28.5],[98.88,-28.61],[99.11,-28.54],[99.22,-28.55],[99.24,-28.61],[99.22,-28.7],[99.14,-28.8],[99.14,-28.97],[99.07,-29.0],[98.96,-28.92]],[[88.87,-29.35],[88.99,-29.44],[89.0,-29.55],[88.76,-29.85],[88.62,-29.97],[88.48,-30.0],[88.44,-29.95],[88.44,-29.89],[88.56,-29.76],[88.58,-29.62],[88.75,-29.52],[88.75,-29.39],[88.87,-29.35]],[[86.41,-28.4],[86.46,-28.5],[86.43,-28.55],[86.33,-28.63],[86.23,-28.62],[86.21,-28.57],[86.25,-28.45],[86.41,-28.4]],[[92.85,-28.04],[92.92,-28.11],[92.9,-28.19],[92.73,-28.23],[92.63,-28.16],[92.66,-28.06],[92.73,-28.03],[92.85,-28.04]],[[88.27,-27.55],[88.17,-27.59],[88.11,-27.58],[88.08,-27.53],[88.1,-27.43],[87.94,-27.43],[87.85,-27.23],[87.77,-27.31],[87.75,-27.38],[87.55,-27.57],[87.33,-27.56],[87.29,-27.53],[87.24,-27.05],[87.31,-26.88],[87.35,-26.67],[87.53,-26.57],[87.48,-26.5],[87.49,-26.41],[87.65,-26.35],[87.82,-26.42],[87.91,-26.52],[87.91,-26.59],[87.85,-26.7],[87.95,-26.69],[88.06,-26.74],[88.2,-26.67],[88.25,-26.68],[88.27,-26.73],[88.25,-26.83],[87.91,-26.88],[87.83,-26.96],[87.84,-26.99],[87.96,-27.05],[88.03,-27.17],[88.18,-27.16],[88.23,-27.2],[88.3,-27.4],[88.27,-27.55]],[[87.15,-26.46],[87.06,-26.47],[87.02,-26.43],[87.16,-26.12],[87.29,-26.06],[87.46,-25.9],[87.18,-25.98],[87.12,-25.95],[87.08,-25.87],[87.12,-25.77],[87.28,-25.71],[87.35,-25.58],[87.36,-25.52],[87.29,-25.42],[87.3,-25.12],[87.38,-25.09],[87.65,-25.13],[87.9,-24.99],[88.03,-24.99],[88.06,-25.1],[88.01,-25.22],[87.89,-25.31],[87.89,-25.44],[87.79,-25.53],[87.83,-25.53],[87.96,-25.39],[88.14,-25.36],[88.16,-25.47],[88.08,-25.67],[88.04,-25.71],[87.91,-25.75],[87.71,-25.93],[87.54,-26.25],[87.15,-26.46]],[[87.38,-25.03],[87.34,-24.98],[87.36,-24.77],[87.62,-24.77],[87.71,-24.72],[87.84,-24.7],[87.89,-24.74],[87.88,-24.83],[87.77,-24.98],[87.38,-25.03]],[[87.96,-24.89],[87.93,-24.83],[87.95,-24.76],[88.04,-24.7],[88.08,-24.71],[88.09,-24.85],[88.02,-24.9],[87.96,-24.89]],[[100.38,-25.36],[100.38,-25.18],[100.5,-25.14],[100.55,-25.17],[100.58,-25.28],[100.54,-25.39],[100.49,-25.41],[100.38,-25.36]],[[100.56,-25.56],[100.64,-25.54],[100.7,-25.58],[100.67,-25.75],[100.54,-26.03],[100.48,-26.08],[100.35,-26.09],[100.29,-26.0],[100.34,-25.87],[100.27,-25.82],[100.18,-25.82],[100.13,-25.76],[100.13,-25.68],[100.16,-25.65],[100.25,-25.66],[100.39,-25.56],[100.49,-25.58],[100.56,-25.56]],[[99.92,-25.94],[99.97,-26.0],[99.96,-26.06],[99.9,-26.09],[99.82,-26.07],[99.79,-26.01],[99.8,-25.98],[99.86,-25.94],[99.92,-25.94]],[[99.6,-25.95],[99.6,-26.11],[99.51,-26.17],[99.46,-26.16],[99.43,-26.08],[99.46,-25.99],[99.57,-25.93],[99.6,-25.95]],[[88.14,-25.96],[88.05,-26.12],[87.93,-26.17],[87.89,-26.14],[87.89,-26.04],[87.98,-25.97],[88.11,-25.94],[88.14,-25.96]],[[90.52,-30.16],[90.61,-30.05],[90.72,-30.02],[90.89,-30.06],[90.95,-30.14],[90.93,-30.3],[90.7,-30.43],[90.72,-30.61],[90.68,-30.67],[90.6,-30.67],[90.41,-30.58],[90.24,-30.67],[90.12,-30.7],[89.74,-30.91],[89.53,-30.94],[89.45,-30.91],[89.43,-30.86],[89.51,-30.77],[90.15,-30.44],[90.2,-30.38],[90.19,-30.23],[90.22,-30.19],[90.52,-30.16]],[[96.01,-31.94],[96.02,-32.02],[96.0,-32.05],[95.95,-32.04],[95.93,-31.99],[95.76,-32.04],[95.59,-32.03],[94.71,-31.55],[94.51,-31.37],[94.34,-31.37],[94.18,-31.27],[93.81,-31.24],[93.17,-30.96],[92.62,-30.89],[92.21,-30.94],[92.11,-30.89],[91.69,-30.79],[91.47,-30.81],[91.38,-30.77],[91.27,-30.79],[90.95,-30.62],[90.94,-30.44],[91.01,-30.31],[91.13,-30.31],[91.3,-30.43],[91.42,-30.62],[91.49,-30.65],[91.63,-30.6],[92.18,-30.58],[92.3,-30.49],[92.38,-30.48],[92.59,-30.59],[92.71,-30.61],[92.88,-30.55],[93.21,-30.58],[93.56,-30.53],[93.77,-30.57],[93.87,-30.53],[94.01,-30.27],[94.08,-30.22],[94.17,-30.23],[94.31,-30.35],[94.43,-30.38],[94.72,-30.18],[94.8,-30.18],[94.92,-30.09],[94.98,-30.08],[95.05,-30.12],[95.16,-30.41],[95.42,-30.41],[95.48,-30.46],[95.54,-30.57],[95.54,-30.65],[95.5,-30.7],[95.54,-30.8],[95.46,-30.94],[95.47,-30.99],[95.57,-31.08],[95.74,-31.12],[95.82,-31.18],[95.88,-31.25],[95.88,-31.37],[96.07,-31.54],[96.12,-31.68],[96.24,-31.7],[96.29,-31.78],[96.67,-31.75],[96.88,-31.87],[97.06,-31.9],[97.39,-31.86],[97.65,-31.76],[97.82,-31.82],[97.92,-31.73],[98.02,-31.7],[98.06,-31.66],[98.29,-31.65],[98.31,-31.59],[98.18,-31.56],[98.18,-31.44],[98.09,-31.38],[98.08,-31.27],[97.92,-31.21],[97.89,-31.15],[97.97,-31.08],[97.94,-30.91],[98.03,-30.76],[98.0,-30.66],[98.0,-30.56],[98.08,-30.42],[98.16,-30.39],[98.22,-30.42],[98.23,-30.53],[98.16,-30.86],[98.36,-31.04],[98.46,-31.2],[98.52,-31.39],[98.4,-31.54],[98.47,-31.61],[98.48,-31.74],[98.64,-31.85],[98.79,-31.87],[98.88,-32.01],[99.14,-31.99],[99.32,-32.07],[99.72,-32.12],[100.07,-32.02],[100.47,-32.16],[100.49,-32.25],[100.45,-32.3],[100.32,-32.33],[99.82,-32.23],[99.65,-32.33],[99.29,-32.3],[99.05,-32.16],[98.8,-32.16],[98.7,-32.1],[98.5,-32.21],[98.7,-32.27],[98.68,-32.37],[98.64,-32.39],[98.23,-32.44],[98.07,-32.38],[97.73,-32.4],[97.61,-32.3],[97.32,-32.45],[97.05,-32.34],[96.8,-32.36],[96.6,-32.16],[96.26,-32.08],[96.01,-31.94]],[[88.94,-30.94],[88.89,-30.93],[88.86,-30.86],[88.87,-30.82],[88.95,-30.78],[89.0,-30.82],[89.01,-30.88],[88.94,-30.94]],[[101.07,-31.23],[101.04,-31.2],[101.04,-31.12],[101.21,-30.84],[101.42,-30.74],[101.47,-30.74],[101.4,-31.15],[101.3,-31.15],[101.15,-31.23],[101.07,-31.23]],[[101.04,-31.94],[101.01,-31.88],[101.02,-31.79],[101.26,-31.78],[101.28,-31.82],[101.34,-31.84],[101.42,-31.99],[101.59,-32.04],[101.64,-32.16],[101.84,-32.34],[101.83,-32.4],[101.75,-32.43],[101.59,-32.38],[101.38,-32.35],[101.33,-32.18],[101.21,-32.11],[101.16,-32.02],[101.04,-31.94]],[[101.06,-32.28],[101.28,-32.4],[101.32,-32.48],[101.28,-32.54],[100.87,-32.43],[100.8,-32.38],[100.84,-32.28],[100.92,-32.3],[101.06,-32.28]],[[100.76,-32.31],[100.75,-32.38],[100.69,-32.4],[100.58,-32.35],[100.55,-32.29],[100.62,-32.22],[100.71,-32.25],[100.76,-32.31]],[[97.49,-32.74],[97.45,-32.69],[97.46,-32.64],[97.51,-32.61],[97.6,-32.63],[97.6,-32.72],[97.49,-32.74]],[[108.57,-23.61],[108.74,-23.81],[108.75,-23.88],[108.72,-23.93],[108.63,-23.91],[108.53,-23.83],[108.5,-23.64],[108.57,-23.61]],[[104.79,-21.94],[104.82,-21.98],[104.8,-22.28],[104.72,-22.29],[104.49,-22.18],[104.47,-22.08],[104.59,-21.97],[104.79,-21.94]],[[103.99,-21.94],[103.91,-22.01],[103.82,-21.96],[103.82,-21.88],[103.87,-21.79],[103.94,-21.76],[103.98,-21.78],[103.99,-21.94]],[[104.12,-21.91],[104.08,-21.85],[104.1,-21.7],[104.22,-21.67],[104.27,-21.73],[104.28,-21.82],[104.23,-21.89],[104.12,-21.91]],[[88.17,-19.93],[88.09,-20.03],[88.13,-20.18],[87.95,-20.26],[87.81,-20.23],[87.77,-20.12],[87.61,-20.17],[87.42,-20.13],[87.35,-20.07],[87.34,-20.02],[87.38,-19.92],[87.46,-19.89],[87.48,-19.74],[87.66,-19.69],[87.72,-19.61],[87.67,-19.58],[87.44,-19.67],[87.33,-19.63],[87.34,-19.51],[87.38,-19.44],[87.33,-19.27],[87.36,-19.2],[87.43,-19.15],[87.35,-19.01],[87.36,-18.96],[87.55,-18.89],[87.58,-18.74],[87.52,-18.6],[87.58,-18.48],[87.73,-18.38],[87.84,-18.36],[87.76,-18.23],[87.79,-18.17],[87.86,-18.14],[87.85,-17.99],[87.88,-17.97],[87.99,-18.02],[88.03,-18.01],[87.79,-17.88],[87.79,-17.78],[87.72,-17.62],[87.77,-17.52],[87.86,-17.47],[87.88,-17.23],[88.0,-17.14],[87.9,-17.05],[87.88,-16.98],[87.98,-16.85],[88.01,-16.69],[88.01,-16.54],[87.9,-16.37],[87.87,-16.2],[87.89,-16.13],[87.95,-16.08],[88.06,-16.25],[88.28,-16.21],[88.28,-16.34],[88.18,-16.39],[88.21,-16.44],[88.51,-16.48],[88.56,-16.5],[88.59,-16.59],[88.57,-16.64],[88.39,-16.75],[88.48,-16.87],[88.48,-16.93],[88.36,-17.02],[88.3,-17.14],[88.47,-17.32],[88.44,-17.4],[88.37,-17.45],[88.44,-17.55],[88.44,-17.61],[88.27,-17.76],[88.31,-17.82],[88.48,-17.9],[88.48,-17.97],[88.27,-18.05],[88.34,-18.19],[88.27,-18.31],[88.27,-18.48],[88.11,-18.52],[88.06,-18.67],[87.98,-18.75],[88.0,-18.87],[88.17,-19.0],[88.17,-19.08],[88.13,-19.13],[88.03,-19.15],[87.8,-19.35],[87.89,-19.54],[88.07,-19.49],[88.2,-19.48],[88.27,-19.51],[88.29,-19.57],[88.18,-19.7],[88.2,-19.85],[88.17,-19.93]],[[87.51,-18.04],[87.56,-18.09],[87.52,-18.17],[87.45,-18.17],[87.39,-18.14],[87.39,-18.08],[87.43,-18.05],[87.51,-18.04]],[[113.53,-16.14],[113.54,-16.08],[113.59,-16.05],[113.66,-16.09],[113.71,-16.25],[113.69,-16.32],[113.64,-16.34],[113.57,-16.29],[113.53,-16.14]],[[114.53,-16.7],[114.74,-16.63],[114.78,-16.59],[114.91,-16.56],[115.03,-16.66],[115.34,-16.67],[115.43,-16.7],[115.6,-16.85],[115.61,-16.95],[115.54,-17.05],[115.18,-17.16],[114.71,-17.13],[114.62,-17.06],[114.43,-17.14],[114.34,-17.14],[114.3,-17.08],[114.33,-16.98],[114.42,-16.91],[114.56,-16.88],[114.52,-16.77],[114.53,-16.7]],[[117.14,-17.02],[117.2,-16.95],[117.32,-16.94],[117.37,-16.97],[117.39,-17.06],[117.38,-17.16],[117.24,-17.3],[117.14,-17.51],[116.74,-17.47],[116.76,-17.36],[117.14,-17.02]],[[113.93,-17.23],[114.0,-17.42],[113.99,-17.55],[113.86,-17.59],[113.76,-17.66],[113.52,-17.54],[113.53,-17.39],[113.59,-17.3],[113.93,-17.23]],[[113.61,-17.24],[113.52,-17.28],[113.4,-17.26],[113.29,-17.13],[113.27,-17.01],[113.41,-16.93],[113.68,-16.93],[113.71,-16.98],[113.71,-17.09],[113.61,-17.24]],[[113.55,-16.73],[113.63,-16.81],[113.59,-16.89],[113.53,-16.88],[113.47,-16.81],[113.49,-16.73],[113.55,-16.73]],[[88.01,-19.45],[87.92,-19.38],[87.94,-19.31],[88.18,-19.25],[88.23,-19.28],[88.25,-19.37],[88.22,-19.4],[88.12,-19.44],[88.01,-19.45]],[[88.38,-15.78],[88.46,-15.83],[88.43,-15.93],[88.31,-15.98],[88.2,-15.94],[88.22,-15.79],[88.38,-15.78]],[[88.17,-15.73],[88.07,-15.71],[87.98,-15.46],[88.0,-15.35],[88.03,-15.31],[88.18,-15.29],[88.39,-15.32],[88.41,-15.36],[88.39,-15.43],[88.3,-15.46],[88.34,-15.62],[88.29,-15.68],[88.17,-15.73]],[[87.39,-15.34],[87.35,-15.39],[87.15,-15.42],[87.1,-15.37],[87.09,-15.27],[86.95,-15.26],[86.81,-15.19],[86.66,-15.24],[86.57,-15.19],[86.52,-15.02],[86.53,-14.9],[86.62,-14.76],[86.57,-14.64],[86.6,-14.42],[86.78,-14.37],[86.93,-14.38],[87.11,-14.5],[87.2,-14.63],[87.25,-14.8],[87.26,-15.01],[87.22,-15.19],[87.25,-15.2],[87.34,-15.02],[87.46,-15.07],[87.39,-15.34]],[[86.32,-14.8],[86.5,-14.89],[86.52,-14.94],[86.49,-15.01],[86.3,-15.0],[86.11,-14.93],[86.1,-14.87],[86.14,-14.83],[86.32,-14.8]],[[88.19,-14.51],[88.17,-14.4],[88.19,-14.29],[88.32,-14.28],[88.42,-14.21],[88.55,-14.2],[88.61,-14.24],[88.62,-14.37],[88.42,-14.5],[88.6,-14.54],[88.62,-14.6],[88.58,-14.67],[88.46,-14.71],[88.39,-14.85],[88.32,-14.85],[88.1,-14.71],[88.19,-14.51]],[[101.64,-14.52],[101.58,-14.47],[101.58,-14.41],[101.64,-14.37],[101.69,-14.38],[101.75,-14.46],[101.71,-14.52],[101.64,-14.52]],[[107.06,-14.5],[107.16,-14.48],[107.2,-14.54],[107.18,-14.58],[107.07,-14.59],[107.03,-14.54],[107.06,-14.5]],[[95.44,-14.81],[95.39,-14.78],[95.38,-14.71],[95.42,-14.67],[95.49,-14.66],[95.53,-14.71],[95.53,-14.76],[95.44,-14.81]],[[95.68,-14.8],[95.69,-14.75],[95.74,-14.72],[95.8,-14.75],[95.82,-14.79],[95.77,-14.85],[95.68,-14.8]],[[88.13,-15.0],[88.16,-15.01],[88.19,-15.09],[88.17,-15.17],[88.13,-15.18],[88.05,-15.09],[88.13,-15.0]],[[88.5,-14.03],[88.47,-14.08],[88.39,-14.1],[88.31,-14.08],[88.29,-14.04],[88.37,-13.82],[88.38,-13.69],[88.52,-13.64],[88.57,-13.7],[88.51,-13.87],[88.5,-14.03]],[[105.35,-13.65],[105.27,-13.59],[105.26,-13.53],[105.33,-13.44],[105.41,-13.47],[105.45,-13.55],[105.43,-13.64],[105.35,-13.65]],[[87.95,-13.45],[87.88,-13.47],[87.83,-13.44],[87.82,-13.37],[87.86,-13.32],[87.91,-13.3],[87.97,-13.32],[87.98,-13.38],[87.95,-13.45]],[[96.31,-13.34],[96.22,-13.3],[96.02,-13.27],[96.01,-13.17],[96.1,-13.06],[96.23,-13.04],[96.45,-13.09],[96.49,-13.18],[96.49,-13.26],[96.4,-13.34],[96.31,-13.34]],[[88.84,-13.05],[88.82,-13.24],[88.72,-13.3],[88.58,-13.28],[88.51,-13.23],[88.51,-13.1],[88.58,-13.06],[88.33,-13.13],[88.27,-13.03],[88.42,-12.91],[88.37,-12.82],[88.38,-12.71],[88.42,-12.68],[88.88,-12.71],[88.91,-12.81],[88.84,-13.05]],[[112.88,-12.76],[112.85,-12.71],[112.88,-12.59],[113.07,-12.55],[113.1,-12.63],[113.06,-12.72],[112.97,-12.78],[112.88,-12.76]],[[112.0,-12.55],[112.01,-12.62],[111.98,-12.67],[111.92,-12.68],[111.84,-12.6],[111.85,-12.54],[111.93,-12.49],[112.0,-12.55]],[[95.52,-12.52],[95.48,-12.6],[95.4,-12.59],[95.33,-12.47],[95.35,-12.38],[95.45,-12.37],[95.52,-12.52]],[[88.94,-12.36],[88.82,-12.38],[88.73,-12.46],[88.5,-12.4],[88.45,-12.32],[88.46,-12.26],[88.54,-12.22],[88.48,-12.1],[88.49,-12.02],[88.67,-12.0],[88.8,-12.05],[88.94,-12.02],[88.99,-12.21],[88.94,-12.36]],[[96.62,-11.92],[96.62,-11.83],[96.68,-11.76],[96.88,-11.7],[96.98,-11.73],[97.01,-11.79],[96.97,-11.97],[97.08,-12.07],[97.04,-12.25],[96.89,-12.33],[96.77,-12.29],[96.62,-11.92]],[[103.71,-11.71],[103.65,-11.65],[103.68,-11.6],[103.78,-11.65],[103.75,-11.7],[103.71,-11.71]],[[88.96,-11.64],[88.94,-11.74],[88.8,-11.83],[88.8,-11.91],[88.75,-11.93],[88.71,-11.92],[88.7,-11.81],[88.54,-11.78],[88.46,-11.69],[88.45,-11.56],[88.58,-11.47],[88.49,-11.38],[88.46,-11.29],[88.47,-11.19],[88.56,-11.09],[88.49,-10.97],[88.55,-10.85],[88.69,-10.82],[88.8,-10.86],[88.81,-10.91],[88.78,-10.97],[88.66,-11.01],[88.72,-11.07],[88.8,-11.08],[88.97,-11.01],[89.03,-11.05],[89.04,-11.15],[88.99,-11.23],[89.0,-11.34],[88.92,-11.42],[88.97,-11.54],[88.96,-11.64]],[[104.6,-10.97],[104.54,-10.92],[104.58,-10.83],[104.65,-10.81],[104.74,-10.85],[104.73,-10.94],[104.6,-10.97]],[[104.81,-11.28],[104.87,-11.23],[104.95,-11.22],[105.07,-11.27],[105.12,-11.4],[105.11,-11.5],[105.07,-11.56],[105.0,-11.58],[104.86,-11.51],[104.79,-11.37],[104.81,-11.28]],[[107.02,-11.56],[107.12,-11.58],[107.16,-11.67],[107.15,-11.73],[107.07,-11.79],[106.99,-11.77],[106.96,-11.72],[106.97,-11.6],[107.02,-11.56]],[[104.42,-11.64],[104.34,-11.68],[104.22,-11.64],[104.18,-11.62],[104.19,-11.53],[104.37,-11.32],[104.53,-11.31],[104.57,-11.37],[104.42,-11.52],[104.42,-11.64]],[[101.79,-11.84],[101.9,-11.8],[102.01,-11.83],[102.04,-11.89],[102.02,-11.98],[101.94,-12.04],[101.8,-12.02],[101.74,-11.93],[101.79,-11.84]],[[101.17,-11.85],[101.21,-11.88],[101.22,-11.98],[101.15,-12.04],[101.05,-12.05],[101.02,-12.01],[101.02,-11.91],[101.17,-11.85]],[[101.96,-12.32],[101.98,-12.22],[102.02,-12.18],[102.09,-12.2],[102.12,-12.27],[102.09,-12.34],[102.02,-12.36],[101.96,-12.32]],[[120.32,-12.36],[120.4,-12.37],[120.42,-12.46],[120.36,-12.52],[120.24,-12.54],[120.2,-12.51],[120.21,-12.43],[120.24,-12.38],[120.32,-12.36]],[[120.84,-12.51],[120.87,-12.42],[120.91,-12.38],[120.97,-12.37],[121.04,-12.41],[121.05,-12.56],[121.01,-12.62],[120.92,-12.63],[120.84,-12.51]],[[102.1,-12.78],[102.15,-12.92],[102.14,-12.96],[102.09,-12.99],[101.98,-12.94],[101.95,-12.87],[101.98,-12.79],[102.02,-12.76],[102.1,-12.78]],[[120.88,-12.87],[121.1,-12.79],[121.21,-12.86],[121.24,-12.97],[121.19,-13.04],[121.08,-13.06],[120.98,-13.14],[120.92,-13.14],[120.87,-13.11],[120.84,-13.05],[120.88,-12.87]],[[120.74,-13.13],[120.86,-13.22],[120.86,-13.3],[120.64,-13.29],[120.55,-13.24],[120.6,-13.15],[120.74,-13.13]],[[120.2,-13.23],[120.23,-13.34],[120.15,-13.46],[120.0,-13.49],[119.92,-13.43],[119.78,-13.27],[119.79,-13.06],[119.85,-12.91],[119.92,-12.87],[119.96,-12.88],[120.2,-13.23]],[[105.84,-12.98],[105.86,-13.04],[105.81,-13.12],[105.72,-13.1],[105.71,-13.01],[105.84,-12.98]],[[120.39,-13.09],[120.35,-13.03],[120.38,-12.98],[120.43,-12.96],[120.49,-12.97],[120.51,-13.08],[120.39,-13.09]],[[108.84,-13.89],[108.76,-13.83],[108.79,-13.75],[108.85,-13.73],[108.93,-13.78],[108.94,-13.84],[108.91,-13.89],[108.84,-13.89]],[[105.73,-10.65],[105.56,-10.66],[105.46,-10.55],[105.46,-10.42],[105.58,-10.31],[105.76,-10.28],[105.86,-10.36],[105.81,-10.55],[105.73,-10.65]],[[112.92,-10.46],[112.88,-10.41],[112.88,-10.3],[112.98,-10.24],[113.03,-10.31],[113.04,-10.4],[112.99,-10.46],[112.92,-10.46]],[[113.16,-10.45],[113.16,-10.3],[112.94,-10.18],[112.86,-9.95],[112.85,-9.79],[112.93,-9.72],[113.23,-9.72],[113.52,-10.01],[113.65,-10.06],[113.68,-10.14],[113.69,-10.34],[113.62,-10.54],[113.57,-10.55],[113.39,-10.49],[113.2,-10.49],[113.16,-10.45]],[[110.18,-9.96],[110.09,-10.02],[109.96,-10.0],[109.85,-9.94],[109.73,-9.77],[109.55,-9.74],[109.54,-9.65],[109.64,-9.53],[109.6,-9.47],[109.54,-9.46],[109.32,-9.55],[109.21,-9.54],[108.96,-9.42],[108.91,-9.34],[108.92,-9.28],[109.12,-9.19],[109.25,-9.19],[109.46,-9.29],[109.6,-9.29],[109.7,-9.36],[109.94,-9.36],[110.11,-9.29],[110.35,-9.38],[110.43,-9.3],[110.55,-9.28],[110.69,-9.32],[110.81,-9.42],[110.87,-9.55],[110.86,-9.7],[110.56,-9.94],[110.5,-9.95],[110.44,-9.91],[110.4,-9.67],[110.24,-9.67],[110.11,-9.7],[110.09,-9.74],[110.19,-9.89],[110.18,-9.96]],[[108.72,-9.22],[108.67,-9.25],[108.61,-9.24],[108.57,-9.2],[108.58,-9.12],[108.62,-9.1],[108.7,-9.13],[108.72,-9.22]],[[108.22,-9.1],[108.22,-9.17],[108.16,-9.19],[108.03,-9.15],[108.0,-9.08],[108.1,-9.02],[108.22,-9.1]],[[111.46,-9.74],[111.44,-9.62],[111.47,-9.57],[111.52,-9.55],[111.61,-9.61],[111.9,-9.63],[112.0,-9.7],[112.05,-9.79],[112.0,-9.87],[111.89,-9.89],[111.71,-9.83],[111.58,-9.7],[111.51,-9.75],[111.46,-9.74]],[[114.03,-10.25],[113.91,-10.16],[113.95,-10.08],[114.07,-10.08],[114.18,-10.14],[114.17,-10.22],[114.13,-10.25],[114.03,-10.25]],[[114.34,-10.25],[114.33,-10.2],[114.36,-10.15],[114.48,-10.12],[114.67,-10.22],[114.91,-10.27],[114.97,-10.33],[114.98,-10.38],[114.86,-10.6],[114.79,-10.63],[114.46,-10.49],[114.46,-10.37],[114.34,-10.25]],[[107.5,-8.66],[107.49,-8.77],[107.42,-8.84],[107.17,-8.79],[107.11,-8.71],[107.14,-8.61],[107.26,-8.57],[107.4,-8.59],[107.5,-8.66]],[[107.06,-8.59],[106.97,-8.61],[106.79,-8.58],[106.56,-8.48],[106.54,-8.42],[106.64,-8.36],[106.91,-8.39],[107.06,-8.47],[107.08,-8.53],[107.06,-8.59]],[[106.28,-8.1],[106.32,-8.21],[106.25,-8.23],[106.12,-8.18],[106.07,-8.1],[106.11,-8.03],[106.15,-8.03],[106.28,-8.1]],[[105.72,-7.38],[105.83,-7.48],[105.84,-7.56],[105.81,-7.59],[105.72,-7.6],[105.6,-7.51],[105.6,-7.42],[105.63,-7.38],[105.72,-7.38]],[[102.96,-6.55],[103.07,-6.61],[103.1,-6.74],[102.89,-6.74],[102.89,-6.61],[102.91,-6.55],[102.96,-6.55]],[[99.52,-4.28],[99.55,-4.38],[99.51,-4.43],[99.42,-4.47],[99.34,-4.44],[99.32,-4.39],[99.37,-4.3],[99.52,-4.28]],[[79.44,-36.29],[79.42,-36.24],[79.48,-36.16],[79.56,-36.12],[79.65,-36.14],[79.59,-36.27],[79.49,-36.31],[79.44,-36.29]],[[81.01,-36.28],[81.07,-36.22],[81.19,-36.2],[81.16,-36.35],[81.07,-36.42],[81.01,-36.39],[81.01,-36.28]],[[79.0,-36.55],[79.11,-36.46],[79.17,-36.45],[79.2,-36.49],[79.17,-36.55],[79.1,-36.6],[79.03,-36.6],[79.0,-36.55]],[[78.95,-36.58],[79.0,-36.68],[79.0,-36.78],[78.96,-36.82],[78.87,-36.82],[78.77,-36.73],[78.76,-36.64],[78.85,-36.56],[78.95,-36.58]],[[78.7,-36.77],[78.72,-36.93],[78.77,-37.01],[78.82,-37.03],[78.91,-36.98],[79.0,-36.98],[79.07,-37.03],[79.06,-37.1],[78.88,-37.17],[78.88,-37.26],[78.98,-37.2],[79.1,-37.27],[79.08,-37.15],[79.41,-37.14],[79.4,-37.27],[79.45,-37.3],[79.52,-37.47],[79.7,-37.66],[79.7,-37.74],[79.65,-37.84],[79.56,-37.91],[79.45,-37.93],[79.32,-37.88],[79.44,-38.04],[79.59,-38.02],[79.61,-38.13],[79.06,-38.62],[78.95,-38.9],[78.84,-38.9],[78.8,-38.86],[78.76,-38.87],[78.65,-39.19],[78.48,-39.28],[78.41,-39.29],[78.24,-39.18],[78.17,-39.31],[78.0,-39.34],[77.98,-39.43],[77.86,-39.48],[77.82,-39.7],[77.76,-39.73],[77.74,-39.86],[77.66,-39.85],[77.66,-39.74],[77.62,-39.67],[77.59,-39.46],[77.54,-39.47],[77.46,-39.58],[77.38,-39.56],[77.36,-39.46],[77.37,-39.29],[77.33,-39.38],[77.33,-39.58],[77.28,-39.63],[76.9,-39.94],[76.71,-39.94],[76.68,-39.91],[76.68,-39.82],[76.97,-39.62],[77.02,-39.54],[77.0,-39.38],[77.07,-39.25],[77.33,-39.12],[77.47,-39.12],[77.45,-38.9],[77.3,-38.78],[77.27,-38.7],[77.42,-38.18],[77.42,-38.09],[77.47,-38.04],[77.36,-37.82],[77.38,-37.73],[77.47,-37.66],[77.71,-37.62],[77.78,-37.32],[77.93,-37.15],[78.1,-37.12],[78.2,-37.0],[78.34,-36.98],[78.61,-36.77],[78.7,-36.77]],[[77.48,-40.18],[77.46,-40.12],[77.52,-40.06],[77.64,-40.04],[77.68,-40.07],[77.68,-40.15],[77.48,-40.18]],[[89.23,-41.81],[89.21,-41.68],[89.28,-41.62],[89.41,-41.59],[89.42,-41.63],[89.38,-41.74],[89.29,-41.82],[89.23,-41.81]],[[95.92,-45.73],[95.97,-45.61],[96.12,-45.55],[96.13,-45.61],[96.06,-45.7],[95.92,-45.73]],[[98.77,-54.68],[98.71,-54.63],[98.72,-54.59],[98.84,-54.54],[98.87,-54.57],[98.87,-54.65],[98.85,-54.68],[98.77,-54.68]],[[99.03,-54.69],[99.12,-54.7],[99.22,-54.77],[99.24,-54.83],[99.22,-54.93],[99.14,-55.0],[99.02,-55.04],[98.86,-55.05],[98.75,-55.01],[98.74,-54.92],[98.86,-54.73],[99.03,-54.69]],[[101.0,-55.56],[101.06,-55.51],[101.16,-55.52],[101.2,-55.61],[101.16,-55.71],[101.07,-55.74],[100.99,-55.71],[100.96,-55.63],[101.0,-55.56]],[[99.01,-55.58],[99.04,-55.61],[99.0,-55.66],[98.92,-55.68],[98.87,-55.65],[98.89,-55.58],[99.01,-55.58]],[[98.46,-56.77],[98.4,-56.71],[98.42,-56.68],[98.57,-56.62],[98.62,-56.64],[98.62,-56.76],[98.46,-56.77]],[[98.05,-57.12],[97.94,-57.05],[97.93,-56.98],[97.96,-56.94],[98.14,-56.86],[98.3,-56.88],[98.33,-56.95],[98.28,-57.05],[98.2,-57.1],[98.05,-57.12]],[[107.05,-59.88],[106.99,-59.8],[107.06,-59.73],[107.13,-59.74],[107.15,-59.85],[107.05,-59.88]],[[97.66,-63.04],[97.73,-63.07],[97.73,-63.15],[97.62,-63.22],[97.54,-63.22],[97.5,-63.13],[97.66,-63.04]],[[97.0,-63.08],[97.06,-63.17],[96.98,-63.24],[96.77,-63.26],[96.7,-63.21],[96.74,-63.13],[96.88,-63.08],[97.0,-63.08]],[[124.23,-64.72],[124.3,-64.73],[124.39,-64.81],[124.42,-64.92],[124.37,-65.02],[124.22,-64.98],[124.08,-64.87],[124.11,-64.76],[124.23,-64.72]],[[126.74,-64.99],[126.7,-64.93],[126.72,-64.87],[126.8,-64.84],[126.87,-64.85],[126.9,-64.92],[126.88,-64.96],[126.74,-64.99]]],[[[91.9,19.12],[91.78,19.01],[91.73,18.87],[91.64,18.88],[91.6,18.98],[91.56,18.98],[91.56,18.86],[91.42,18.76],[91.42,18.6],[91.38,18.54],[91.18,18.62],[91.02,18.52],[90.86,18.5],[90.72,18.55],[90.5,18.51],[90.32,18.38],[90.1,18.43],[90.0,18.53],[90.0,18.43],[89.9,18.41],[89.85,18.44],[89.78,18.58],[89.69,18.65],[89.6,18.6],[89.5,18.6],[89.48,18.69],[89.4,18.71],[89.05,18.6],[89.04,18.55],[89.15,18.42],[89.16,18.36],[89.05,18.27],[88.94,18.23],[88.92,18.25],[88.92,18.34],[88.87,18.41],[88.68,18.26],[88.61,18.26],[88.68,18.48],[88.58,18.48],[88.55,18.51],[88.49,18.7],[88.51,18.77],[88.59,18.83],[88.56,18.92],[88.27,19.06],[88.17,19.17],[87.94,19.22],[87.79,19.37],[87.36,19.25],[87.24,18.91],[87.04,18.75],[86.92,18.76],[86.81,18.86],[86.71,18.84],[86.62,18.98],[86.16,18.79],[86.02,18.84],[85.92,18.77],[85.78,18.79],[85.39,18.46],[85.23,18.37],[85.0,18.29],[84.23,17.63],[83.98,17.52],[83.44,16.91],[83.27,16.79],[83.09,16.78],[83.06,16.73],[82.99,16.7],[82.9,16.46],[82.58,16.03],[82.44,15.96],[82.25,15.74],[82.08,15.65],[81.94,15.65],[81.86,15.6],[81.74,15.6],[81.58,15.48],[81.45,15.48],[81.32,15.35],[81.07,15.24],[80.95,15.24],[80.74,15.1],[80.71,14.93],[80.62,14.83],[80.59,14.54],[80.69,14.33],[80.65,14.16],[80.69,13.9],[80.66,13.8],[80.71,13.73],[80.71,13.62],[80.87,13.12],[80.88,12.83],[80.75,12.38],[80.42,12.0],[80.43,11.66],[80.48,11.5],[80.64,11.3],[80.66,11.16],[80.75,11.09],[80.81,10.96],[80.83,10.85],[80.81,10.7],[80.86,10.66],[80.86,10.54],[80.95,10.1],[81.02,9.96],[81.07,9.53],[81.18,9.4],[81.22,9.14],[81.41,8.95],[81.43,8.83],[81.54,8.73],[81.75,8.31],[81.94,8.07],[82.14,7.45],[82.16,7.2],[82.14,6.68],[81.82,6.11],[81.62,5.93],[81.27,5.69],[81.11,5.64],[80.72,5.71],[80.2,5.68],[80.03,5.71],[79.82,5.83],[79.74,5.95],[79.7,6.17],[79.56,6.27],[79.42,6.56],[79.37,6.91],[79.39,7.03],[79.32,7.27],[79.32,7.42],[79.27,7.46],[79.27,7.56],[79.22,7.61],[79.08,7.66],[79.03,7.78],[78.95,7.85],[78.89,7.82],[78.81,7.67],[78.71,7.58],[78.24,7.42],[78.1,7.13],[78.02,7.1],[77.84,6.95],[77.47,6.86],[76.87,6.91],[76.82,6.89],[76.87,6.84],[76.88,6.78],[76.76,6.61],[76.56,6.54],[76.47,6.27],[76.41,6.25],[76.28,6.28],[76.28,6.1],[76.2,6.04],[76.12,6.05],[76.07,6.21],[76.13,6.43],[75.87,6.58],[75.74,6.61],[75.47,6.83],[75.43,6.91],[75.46,7.08],[75.41,7.21],[75.4,7.46],[75.41,7.6],[75.48,7.7],[75.41,7.86],[75.46,8.06],[75.41,8.18],[75.4,8.37],[75.28,8.36],[75.23,8.46],[75.23,8.56],[75.32,8.69],[75.18,8.8],[75.14,8.93],[75.22,9.07],[75.22,9.22],[75.29,9.26],[75.32,9.38],[75.31,9.5],[75.25,9.57],[75.34,9.74],[75.29,9.86],[75.29,10.01],[75.07,10.18],[74.95,10.49],[74.64,10.73],[74.57,10.9],[74.42,10.87],[74.35,10.97],[74.26,10.99],[74.26,11.04],[74.11,10.95],[74.06,10.96],[73.87,11.26],[73.85,11.4],[73.78,11.4],[73.44,11.62],[73.43,11.69],[73.49,11.86],[73.41,12.09],[73.48,12.15],[73.62,12.09],[73.68,11.97],[73.66,11.89],[73.56,11.78],[73.69,11.73],[73.75,11.62],[73.85,11.59],[73.88,11.51],[74.04,11.5],[74.04,11.54],[74.1,11.57],[74.11,11.62],[74.06,11.71],[74.02,11.71],[73.97,11.81],[73.74,12.04],[73.73,12.1],[73.76,12.18],[73.74,12.21],[73.38,12.29],[73.34,12.39],[73.34,12.55],[73.48,12.62],[73.33,12.64],[73.27,12.67],[73.24,12.75],[73.27,12.88],[73.25,12.91],[73.17,12.91],[73.13,12.84],[73.13,12.67],[73.16,12.58],[73.12,12.53],[73.05,12.54],[72.98,12.62],[72.95,12.73],[72.97,12.85],[72.92,12.83],[72.92,12.66],[72.95,12.61],[72.93,12.5],[72.82,12.38],[72.82,12.24],[72.7,12.04],[72.7,11.98],[72.8,11.85],[72.89,11.81],[73.02,11.9],[73.12,11.88],[73.18,11.75],[73.13,11.58],[73.27,11.52],[73.37,11.38],[73.52,11.38],[73.58,11.35],[73.89,10.93],[73.88,10.84],[73.68,10.68],[73.64,10.5],[73.54,10.32],[73.52,10.04],[73.47,10.0],[73.3,9.96],[73.31,9.74],[73.15,9.45],[72.82,9.23],[72.62,9.19],[72.48,9.26],[72.38,9.4],[72.34,9.56],[72.38,9.75],[72.2,9.77],[72.14,9.99],[72.16,10.17],[72.35,10.32],[72.5,10.54],[72.31,10.51],[72.17,10.58],[72.12,10.51],[72.0,10.49],[71.98,10.34],[71.86,10.27],[71.83,10.2],[71.74,10.18],[71.63,10.23],[71.57,10.36],[71.57,10.46],[71.69,10.7],[71.4,11.03],[71.4,11.18],[71.47,11.25],[71.47,11.28],[71.43,11.32],[71.14,11.43],[71.1,11.5],[71.14,11.69],[71.28,11.83],[71.23,11.86],[71.21,11.93],[71.31,12.04],[71.33,12.12],[71.3,12.28],[71.21,12.43],[71.3,12.53],[71.32,12.6],[71.3,12.79],[71.21,12.87],[71.19,13.01],[71.21,13.22],[71.26,13.32],[71.23,13.54],[71.14,13.7],[71.16,13.82],[71.07,13.83],[71.06,13.87],[71.14,14.02],[71.21,14.04],[71.23,14.14],[71.34,14.17],[71.36,14.26],[71.34,14.36],[71.21,14.35],[71.18,14.43],[71.27,14.64],[71.39,14.67],[71.45,14.61],[71.47,14.44],[71.5,14.44],[71.56,14.64],[71.64,14.69],[71.69,14.65],[71.86,14.4],[71.9,14.26],[71.96,14.55],[72.05,14.57],[72.1,14.51],[72.15,14.27],[72.06,14.1],[72.27,14.12],[72.29,14.15],[72.26,14.26],[72.29,14.28],[72.36,14.27],[72.38,14.21],[72.48,14.15],[72.52,14.38],[72.61,14.42],[72.58,14.47],[72.58,14.58],[72.48,14.69],[72.41,14.83],[72.29,14.89],[72.23,14.99],[72.22,15.08],[72.34,15.2],[72.36,15.27],[72.29,15.47],[72.24,15.5],[72.22,15.43],[72.12,15.4],[72.02,15.41],[71.88,15.5],[71.87,15.31],[71.81,15.28],[71.75,15.35],[71.73,15.45],[71.74,15.52],[71.85,15.57],[71.79,15.66],[71.76,15.84],[71.7,15.89],[71.55,15.82],[71.45,15.82],[71.4,15.89],[71.54,16.2],[71.39,16.44],[71.38,16.53],[71.42,16.73],[71.29,16.78],[71.26,17.02],[71.24,17.05],[71.17,16.99],[71.09,17.01],[70.99,17.21],[70.92,17.28],[70.9,17.42],[70.63,17.64],[70.58,17.78],[70.2,18.17],[70.1,18.36],[69.96,18.46],[69.9,18.64],[69.43,19.14],[69.41,19.2],[69.34,19.25],[69.21,19.53],[69.05,19.7],[69.02,19.76],[69.04,19.92],[68.95,20.09],[69.0,20.28],[68.95,20.38],[68.95,20.54],[68.84,20.67],[68.83,20.81],[68.76,20.81],[68.66,20.95],[68.52,20.98],[68.5,21.02],[68.39,21.08],[68.26,21.1],[68.1,21.05],[67.69,21.07],[67.65,21.17],[67.8,21.24],[67.63,21.23],[67.59,21.27],[67.57,21.59],[67.51,21.7],[67.25,21.62],[67.26,21.48],[67.23,21.44],[66.89,21.31],[66.84,21.38],[66.76,21.39],[66.75,21.44],[66.85,21.56],[66.79,21.6],[66.71,21.5],[66.61,21.54],[66.57,21.69],[66.65,21.85],[66.61,21.93],[66.43,22.01],[66.42,22.06],[66.48,22.16],[66.38,22.22],[66.34,22.31],[66.17,22.37],[66.03,22.49],[66.04,22.68],[65.89,22.72],[65.74,22.68],[65.53,22.69],[65.5,22.74],[65.5,22.95],[65.4,22.92],[65.23,22.97],[64.97,22.87],[64.85,22.9],[64.7,22.78],[64.58,22.85],[64.51,22.7],[64.38,22.62],[64.31,22.5],[64.18,22.44],[64.15,22.39],[63.96,22.34],[63.79,22.22],[63.65,22.2],[63.53,22.13],[63.43,22.13],[63.22,21.96],[63.0,21.99],[62.93,22.06],[62.94,22.2],[63.02,22.32],[63.17,22.34],[63.38,22.51],[63.62,22.54],[63.72,22.68],[63.82,22.68],[63.8,22.71],[63.62,22.79],[63.6,22.87],[63.61,22.95],[63.74,22.99],[63.77,23.09],[63.83,23.15],[63.95,23.19],[64.04,23.18],[64.33,22.9],[64.42,22.88],[64.48,22.91],[64.42,23.04],[64.44,23.09],[64.75,23.09],[64.99,23.28],[65.08,23.42],[65.18,23.5],[65.26,23.66],[65.45,23.82],[65.44,23.87],[65.26,23.9],[65.18,24.1],[65.2,24.15],[65.58,24.54],[65.58,24.6],[65.49,24.64],[65.37,24.64],[65.23,24.58],[64.78,24.55],[64.52,24.46],[64.46,24.46],[64.38,24.54],[64.17,24.48],[64.03,24.5],[63.93,24.42],[63.83,24.4],[63.73,24.45],[63.72,24.58],[63.6,24.5],[63.5,24.53],[63.41,24.48],[62.95,24.5],[62.74,24.38],[62.69,24.4],[62.64,24.48],[62.57,24.5],[62.54,24.43],[62.49,24.41],[61.97,24.44],[61.68,24.36],[61.49,24.38],[61.33,24.34],[61.1,24.48],[60.75,24.51],[60.64,24.59],[60.53,24.61],[60.34,24.58],[59.74,24.6],[59.51,24.45],[59.37,24.42],[59.28,24.43],[59.26,24.53],[58.94,24.58],[58.89,24.5],[58.75,24.48],[58.61,24.55],[58.49,24.5],[58.39,24.5],[57.93,24.55],[57.89,24.52],[57.89,24.46],[57.99,24.26],[58.2,24.22],[58.34,24.14],[58.44,24.14],[58.77,23.97],[58.87,23.83],[58.9,23.74],[59.09,23.59],[59.09,23.54],[59.15,23.5],[59.21,23.35],[59.29,23.32],[59.36,23.22],[59.5,23.18],[59.57,23.04],[59.66,22.96],[59.81,22.87],[59.96,22.85],[60.04,22.8],[60.14,22.63],[60.1,22.49],[60.12,22.32],[60.07,22.15],[60.05,21.86],[60.07,21.74],[59.95,21.65],[59.95,21.48],[59.9,21.38],[59.86,21.36],[59.86,21.19],[59.77,21.15],[59.76,20.98],[59.19,20.35],[59.14,20.21],[59.09,20.21],[59.02,20.12],[58.9,19.82],[58.92,19.68],[58.7,19.5],[58.63,19.22],[58.46,19.13],[58.37,18.96],[58.25,18.89],[58.25,18.79],[58.18,18.77],[58.18,18.58],[57.98,18.31],[57.96,18.05],[57.86,17.9],[58.06,17.79],[58.1,17.74],[58.09,17.67],[57.96,17.55],[57.96,17.52],[58.06,17.46],[58.04,17.41],[57.94,17.38],[57.87,17.46],[57.55,17.5],[57.47,17.41],[57.26,17.42],[56.98,17.32],[56.9,17.34],[56.81,17.42],[56.69,17.38],[56.54,17.4],[55.93,17.38],[55.61,17.39],[55.47,17.43],[55.45,16.98],[55.22,16.87],[55.15,16.7],[54.98,16.63],[54.99,16.53],[54.94,16.46],[54.85,16.48],[54.76,16.59],[54.8,16.83],[54.58,16.82],[54.17,16.54],[54.07,16.54],[53.96,16.61],[53.72,16.62],[53.66,16.49],[53.47,16.44],[53.47,16.3],[53.4,16.16],[52.97,15.91],[52.78,15.89],[52.78,15.74],[52.66,15.7],[52.66,15.58],[52.53,15.47],[52.32,15.01],[51.57,13.8],[51.55,13.66],[51.38,13.37],[51.39,13.34],[51.47,13.35],[51.5,13.32],[51.45,13.25],[51.38,13.25],[51.31,13.3],[51.05,13.28],[51.01,13.32],[51.01,13.57],[51.03,13.59],[51.19,13.56],[51.36,13.8],[51.4,14.06],[51.36,14.18],[51.12,14.3],[51.0,14.45],[50.69,14.47],[50.53,14.36],[50.4,14.37],[50.3,14.42],[50.24,14.41],[50.02,14.21],[49.9,14.14],[49.73,14.09],[49.5,13.88],[49.36,13.69],[49.02,13.53],[48.89,13.09],[48.78,13.04],[48.66,13.11],[48.61,13.1],[48.58,12.98],[48.61,13.01],[48.67,12.99],[48.7,12.91],[48.6,12.88],[48.53,12.96],[48.4,12.74],[48.35,12.7],[48.23,12.72],[48.17,12.84],[48.36,13.15],[48.48,13.28],[48.5,13.38],[48.39,13.3],[48.34,13.32],[48.31,13.44],[48.26,13.34],[48.14,13.3],[47.9,13.37],[47.82,13.33],[47.64,13.13],[47.55,13.11],[47.68,13.02],[47.69,12.98],[47.65,12.9],[47.48,12.72],[47.57,12.7],[47.6,12.65],[47.58,12.58],[47.48,12.54],[47.45,12.66],[47.41,12.67],[47.32,12.57],[47.38,12.43],[47.36,12.37],[47.44,12.31],[47.5,12.32],[47.59,12.55],[47.69,12.58],[47.76,12.72],[47.86,12.7],[47.87,12.86],[48.06,12.99],[48.13,12.97],[48.09,12.76],[48.3,12.62],[48.28,12.52],[47.95,12.26],[47.98,12.1],[47.96,12.0],[47.82,11.92],[48.0,11.88],[48.05,11.74],[48.43,11.88],[49.1,11.9],[49.25,11.95],[49.42,11.93],[49.56,11.98],[50.06,11.95],[50.26,12.07],[50.4,12.07],[50.77,12.29],[50.88,12.57],[51.1,12.78],[51.24,12.79],[51.24,12.86],[51.28,12.9],[51.48,12.84],[51.62,12.86],[51.72,12.74],[51.86,12.72],[51.89,12.67],[52.1,12.74],[52.25,12.65],[52.36,12.73],[52.45,12.74],[52.86,12.55],[52.93,12.57],[52.98,12.65],[53.11,12.75],[53.46,12.84],[53.62,12.84],[53.76,12.98],[53.86,12.98],[53.97,13.07],[54.08,13.08],[54.19,13.06],[54.27,13.0],[54.26,12.79],[54.46,12.74],[54.6,12.8],[54.69,12.79],[54.86,12.64],[55.07,12.63],[55.11,12.57],[55.03,12.34],[54.91,12.29],[54.91,12.05],[54.83,11.93],[54.84,11.79],[54.76,11.73],[54.56,11.76],[54.52,11.8],[54.49,11.96],[54.44,11.98],[54.12,11.83],[54.0,11.83],[53.88,11.78],[53.72,11.68],[53.68,11.55],[53.62,11.5],[53.56,11.5],[53.49,11.57],[53.45,11.57],[53.39,11.51],[53.27,11.25],[53.03,11.12],[52.82,11.14],[52.7,11.23],[52.66,11.33],[52.5,11.35],[52.4,11.4],[52.33,11.38],[52.15,11.2],[51.88,11.17],[51.81,11.04],[51.85,10.98],[52.14,10.94],[52.24,10.87],[52.18,10.67],[52.3,10.39],[52.1,10.22],[52.18,10.07],[52.18,10.01],[52.11,9.93],[51.93,9.86],[51.88,9.6],[51.74,9.53],[51.62,9.26],[51.2,8.77],[50.77,8.65],[50.78,8.52],[50.71,8.4],[50.84,8.31],[50.85,8.24],[50.71,8.09],[50.48,7.7],[50.35,7.61],[50.34,7.22],[50.28,6.94],[50.19,6.79],[50.4,6.42],[50.41,6.32],[50.34,6.27],[50.26,6.28],[50.04,6.46],[49.92,6.47],[49.75,6.22],[49.85,6.06],[49.85,5.86],[49.7,5.78],[49.61,5.66],[49.32,5.66],[49.11,5.39],[49.1,5.11],[48.98,4.73],[49.06,4.54],[49.01,4.1],[48.98,4.05],[48.84,3.93],[48.11,3.78],[47.95,3.7],[47.93,3.65],[47.76,3.55],[47.69,3.41],[47.57,3.34],[47.51,3.2],[47.4,3.14],[47.35,3.0],[47.21,2.9],[47.06,2.88],[46.99,2.71],[46.86,2.7],[46.93,2.52],[46.9,2.48],[46.75,2.45],[46.64,2.49],[46.59,2.48],[46.46,2.28],[46.32,2.21],[46.22,2.09],[46.15,2.06],[45.98,1.9],[45.91,1.87],[45.86,1.8],[45.74,1.74],[45.51,1.55],[45.34,1.49],[45.27,1.37],[44.66,1.03],[44.47,0.84],[44.41,0.63],[44.2,0.53],[44.02,0.34],[43.87,0.36],[43.81,0.25],[43.51,0.12],[43.44,-0.1],[43.38,-0.14],[43.32,-0.31],[43.2,-0.43],[43.13,-0.62],[42.96,-0.74],[42.94,-0.82],[42.62,-1.15],[42.6,-1.25],[42.19,-1.61],[42.12,-1.76],[41.91,-1.93],[41.52,-2.41],[41.28,-3.1],[41.3,-3.9],[41.28,-4.01],[41.33,-4.06],[41.34,-4.14],[41.26,-4.32],[41.29,-4.44],[41.25,-4.62],[41.17,-4.79],[40.82,-4.92],[40.82,-4.97],[40.87,-5.02],[40.86,-5.21],[40.73,-5.3],[40.73,-5.52],[40.53,-5.68],[40.57,-5.75],[40.71,-5.74],[40.78,-5.78],[40.75,-5.96],[40.79,-6.1],[40.79,-6.52],[40.7,-6.7],[40.76,-7.22],[40.72,-7.32],[40.58,-7.51],[40.58,-7.97],[40.54,-7.99],[40.45,-8.18],[40.37,-8.47],[40.39,-8.57],[40.33,-8.63],[40.27,-8.76],[40.1,-8.83],[39.96,-9.14],[40.37,-9.65],[40.46,-9.7],[40.58,-9.7],[40.73,-9.82],[40.8,-9.84],[40.9,-10.0],[40.97,-10.22],[41.18,-10.61],[41.18,-10.7],[41.27,-10.81],[41.28,-10.87],[41.22,-10.9],[41.21,-10.94],[41.26,-11.02],[41.28,-11.17],[41.11,-11.52],[41.1,-12.12],[41.15,-12.13],[41.3,-12.02],[41.48,-12.01],[41.58,-12.06],[41.59,-12.23],[41.55,-12.35],[41.47,-12.42],[41.35,-12.38],[41.23,-12.43],[41.09,-12.36],[41.09,-12.43],[41.02,-12.55],[40.94,-12.94],[41.4,-13.22],[41.5,-13.92],[41.7,-13.94],[41.72,-14.12],[41.69,-14.19],[41.63,-14.24],[41.49,-14.25],[41.32,-14.15],[41.26,-13.94],[41.19,-13.84],[41.11,-13.83],[41.04,-13.92],[41.02,-14.06],[41.11,-14.42],[41.11,-14.57],[41.16,-14.76],[41.11,-15.0],[41.14,-15.84],[41.07,-15.98],[40.9,-16.13],[40.85,-16.22],[40.75,-16.27],[40.8,-16.46],[40.78,-16.63],[40.66,-16.75],[40.63,-16.9],[40.46,-17.16],[40.32,-17.26],[40.37,-17.36],[40.29,-17.39],[40.22,-17.3],[40.1,-17.4],[39.94,-17.42],[39.79,-17.49],[39.56,-17.47],[39.27,-17.53],[39.16,-17.58],[39.12,-17.66],[39.15,-17.83],[39.13,-17.91],[39.08,-17.97],[38.86,-18.12],[38.81,-18.29],[38.71,-18.41],[38.71,-18.55],[38.66,-18.58],[38.64,-18.79],[38.71,-18.91],[38.71,-18.99],[38.64,-19.18],[38.53,-19.25],[38.4,-19.2],[38.16,-19.54],[38.06,-19.56],[37.9,-19.75],[37.74,-19.84],[37.7,-19.93],[37.73,-20.09],[37.55,-20.05],[37.48,-20.14],[37.11,-20.49],[37.08,-20.57],[37.2,-20.68],[37.17,-20.76],[36.88,-20.85],[36.89,-20.98],[36.82,-21.1],[36.89,-21.29],[36.88,-21.44],[36.75,-21.69],[36.62,-21.82],[36.57,-22.07],[36.65,-22.33],[36.63,-22.43],[36.5,-22.63],[36.55,-22.78],[36.55,-22.89],[36.44,-23.21],[36.46,-23.52],[36.34,-23.74],[36.38,-24.17],[36.29,-24.43],[36.29,-24.72],[36.18,-24.91],[36.26,-25.08],[36.19,-25.3],[36.3,-25.45],[36.31,-25.66],[36.44,-25.81],[36.46,-25.87],[36.31,-25.99],[36.31,-26.11],[36.23,-26.47],[36.29,-26.51],[36.66,-26.38],[36.81,-26.47],[36.79,-26.58],[36.89,-26.71],[36.88,-26.9],[37.0,-27.0],[37.07,-27.18],[37.08,-27.29],[37.03,-27.45],[37.05,-27.6],[37.01,-27.64],[36.84,-27.6],[36.65,-27.62],[36.88,-27.68],[36.91,-27.81],[36.82,-27.96],[36.63,-28.08],[36.67,-28.15],[36.65,-28.26],[36.53,-28.28],[36.42,-28.18],[36.34,-28.18],[36.34,-28.3],[36.28,-28.36],[36.21,-28.34],[36.19,-28.37],[36.07,-28.37],[36.0,-28.3],[35.8,-28.26],[35.64,-28.05],[35.57,-28.01],[35.35,-28.07],[35.14,-28.07],[35.0,-28.21],[35.05,-28.34],[35.02,-28.43],[34.85,-28.49],[34.75,-28.66],[34.56,-28.78],[34.42,-28.97],[34.31,-29.02],[33.74,-28.96],[33.62,-28.75],[33.53,-28.75],[33.48,-28.66],[33.41,-28.61],[33.23,-28.67],[33.31,-28.7],[33.36,-28.78],[33.31,-28.88],[33.19,-28.99],[33.22,-29.14],[33.14,-29.28],[33.14,-29.33],[33.31,-29.23],[33.43,-29.26],[33.56,-29.19],[33.75,-29.23],[33.79,-29.3],[33.71,-29.4],[33.62,-29.43],[33.3,-29.43],[33.26,-29.54],[33.1,-29.69],[33.1,-29.81],[33.0,-29.94],[33.08,-30.05],[33.07,-30.13],[33.01,-30.23],[32.93,-30.28],[32.74,-30.29],[32.59,-30.19],[32.34,-30.15],[32.2,-30.26],[31.85,-30.24],[31.68,-30.26],[31.61,-30.34],[31.46,-30.36],[31.16,-30.62],[30.84,-30.79],[30.53,-31.13],[30.46,-31.3],[30.22,-31.52],[29.99,-31.72],[29.83,-31.73],[29.81,-31.85],[29.73,-31.91],[29.71,-32.04],[28.87,-32.89],[28.73,-32.9],[28.72,-33.08],[28.61,-33.17],[28.46,-33.19],[28.39,-33.34],[28.28,-33.36],[28.33,-33.43],[28.28,-33.52],[28.2,-33.55],[27.93,-33.5],[27.89,-33.51],[27.85,-33.57],[28.0,-33.65],[27.97,-33.75],[27.92,-33.77],[27.8,-33.72],[27.62,-33.77],[27.55,-33.91],[27.43,-33.99],[27.36,-34.15],[27.24,-34.13],[27.07,-34.27],[26.95,-34.27],[26.83,-34.37],[26.64,-34.39],[26.58,-34.55],[26.33,-34.54],[26.18,-34.65],[26.02,-34.63],[25.83,-34.66],[25.56,-34.84],[25.4,-34.88],[25.3,-34.97],[25.1,-35.02],[24.82,-35.18],[24.7,-35.35],[24.38,-35.59],[24.26,-35.57],[24.19,-35.63],[24.12,-35.64],[24.03,-35.5],[24.0,-35.5],[23.78,-35.59],[23.64,-35.59],[23.56,-35.7],[23.5,-35.73],[23.23,-35.76],[23.2,-35.81],[23.28,-35.84],[23.3,-35.95],[23.18,-35.96],[23.07,-36.02],[22.97,-36.18],[22.91,-36.23],[22.84,-36.24],[22.76,-36.18],[22.73,-36.29],[22.63,-36.36],[22.62,-36.49],[22.52,-36.56],[22.42,-36.6],[22.22,-36.6],[22.03,-36.7],[21.62,-36.79],[21.5,-36.86],[21.24,-36.91],[20.93,-37.03],[28.48,-51.59],[28.68,-69.1],[29.73,-68.98],[30.1,-68.83],[30.31,-68.66],[30.41,-68.66],[30.87,-68.38],[31.06,-68.35],[31.17,-68.21],[31.42,-68.11],[31.42,-67.97],[31.66,-67.63],[31.87,-67.44],[31.99,-67.25],[32.11,-67.2],[32.23,-67.03],[32.3,-67.03],[32.33,-66.98],[32.66,-66.82],[32.74,-66.62],[32.9,-66.55],[32.92,-66.4],[32.75,-66.04],[32.73,-65.77],[32.83,-65.57],[32.95,-65.54],[33.38,-65.57],[33.66,-65.69],[33.84,-65.6],[34.01,-65.69],[34.17,-65.71],[34.17,-65.86],[34.28,-65.98],[34.32,-66.12],[34.41,-66.2],[34.42,-66.28],[34.22,-66.34],[34.25,-66.62],[34.07,-66.84],[34.06,-66.9],[34.1,-67.03],[34.08,-67.08],[34.1,-67.13],[33.94,-67.42],[34.1,-67.42],[34.26,-67.34],[34.38,-67.37],[34.43,-67.45],[34.44,-67.7],[34.53,-67.8],[34.93,-68.0],[35.36,-67.97],[35.58,-68.08],[35.86,-68.06],[36.02,-68.15],[36.24,-68.18],[36.52,-68.17],[36.74,-68.1],[36.79,-68.02],[36.71,-67.93],[36.7,-67.85],[36.81,-67.79],[36.94,-67.78],[37.02,-67.82],[37.22,-68.04],[37.49,-68.1],[37.73,-68.33],[37.78,-68.28],[38.04,-68.23],[38.25,-68.31],[38.53,-68.3],[38.62,-68.25],[38.86,-68.28],[38.83,-68.22],[38.57,-68.18],[38.56,-68.12],[38.64,-68.07],[38.71,-67.96],[38.81,-67.98],[38.84,-68.1],[38.87,-68.11],[39.19,-68.04],[39.5,-68.06],[39.7,-67.99],[39.96,-68.02],[40.32,-67.82],[40.52,-67.88],[40.68,-67.8],[40.85,-67.85],[41.02,-67.7],[41.29,-67.72],[42.3,-67.47],[42.5,-67.49],[42.81,-67.34],[43.03,-67.3],[43.39,-67.32],[43.49,-67.27],[43.66,-67.27],[43.8,-67.2],[43.78,-67.0],[43.97,-66.98],[43.94,-66.91],[43.98,-66.86],[44.19,-66.9],[44.53,-66.9],[44.77,-66.78],[44.93,-66.74],[45.15,-66.55],[45.26,-66.55],[45.44,-66.63],[45.5,-66.7],[45.65,-66.7],[45.81,-66.78],[45.91,-66.8],[46.02,-66.77],[46.27,-66.6],[46.42,-66.6],[46.56,-66.53],[46.78,-66.5],[46.93,-66.42],[47.09,-66.41],[47.12,-66.26],[47.2,-66.2],[47.53,-66.24],[47.62,-66.34],[47.74,-66.35],[47.84,-66.31],[47.87,-66.26],[47.79,-66.13],[47.81,-66.09],[47.92,-66.06],[47.88,-66.02],[47.88,-65.94],[48.13,-65.89],[48.05,-65.76],[48.07,-65.62],[48.2,-65.56],[48.38,-65.42],[48.6,-65.4],[48.72,-65.5],[48.79,-65.59],[48.78,-65.63],[48.71,-65.68],[48.5,-65.71],[48.38,-65.84],[48.71,-65.86],[48.82,-65.92],[48.84,-65.98],[48.8,-66.04],[48.6,-66.12],[49.15,-66.22],[49.44,-65.98],[49.9,-65.93],[49.94,-65.76],[50.35,-65.64],[50.52,-65.66],[50.74,-65.59],[50.81,-65.5],[51.02,-65.47],[51.27,-65.31],[51.38,-65.32],[51.58,-65.55],[51.74,-65.57],[51.74,-65.43],[51.85,-65.31],[51.73,-65.24],[51.74,-65.17],[52.11,-65.08],[52.2,-65.11],[52.34,-65.26],[52.47,-65.25],[52.54,-65.28],[52.54,-65.35],[52.33,-65.41],[52.32,-65.45],[52.35,-65.46],[52.87,-65.47],[53.05,-65.38],[52.97,-65.33],[52.94,-65.27],[52.95,-65.2],[53.45,-65.11],[54.45,-65.33],[54.64,-65.4],[55.51,-65.5],[55.66,-65.58],[55.97,-65.63],[56.5,-65.64],[57.22,-65.76],[57.79,-66.02],[57.96,-66.02],[58.42,-66.19],[58.68,-66.17],[58.61,-66.1],[58.39,-66.05],[58.35,-65.96],[58.42,-65.9],[59.25,-65.96],[59.33,-66.0],[59.35,-66.24],[59.06,-66.29],[59.49,-66.52],[59.54,-66.5],[59.58,-66.43],[59.61,-66.19],[60.11,-66.13],[60.22,-66.07],[60.43,-66.07],[60.63,-66.16],[60.65,-66.25],[60.62,-66.29],[60.22,-66.34],[60.05,-66.43],[59.9,-66.47],[59.88,-66.5],[59.89,-66.56],[59.92,-66.57],[60.02,-66.48],[60.17,-66.48],[60.34,-66.38],[60.44,-66.43],[60.65,-66.65],[60.72,-66.68],[61.2,-66.69],[61.27,-66.67],[61.3,-66.61],[61.29,-66.58],[61.14,-66.42],[61.19,-66.36],[61.94,-66.34],[62.18,-66.43],[62.4,-66.43],[62.62,-66.5],[63.46,-66.53],[63.6,-66.6],[63.65,-66.59],[63.78,-66.45],[63.96,-66.42],[64.01,-66.48],[64.04,-66.63],[64.09,-66.66],[64.84,-66.69],[65.07,-66.63],[65.41,-66.65],[65.48,-66.62],[65.74,-66.68],[66.06,-66.61],[66.34,-66.62],[66.79,-66.58],[67.06,-66.67],[67.22,-66.62],[67.42,-66.74],[67.63,-66.77],[67.74,-66.83],[68.14,-66.84],[68.43,-66.68],[68.66,-66.67],[68.48,-66.58],[68.47,-66.39],[68.51,-66.3],[68.76,-66.19],[68.93,-66.19],[69.2,-66.09],[69.29,-66.12],[69.43,-66.26],[69.58,-66.26],[69.77,-66.41],[70.58,-66.48],[70.61,-66.48],[70.63,-66.34],[70.67,-66.32],[70.94,-66.38],[71.14,-66.34],[71.64,-66.31],[71.93,-66.26],[72.14,-66.17],[72.36,-66.28],[72.58,-66.22],[73.25,-66.29],[73.48,-66.42],[74.48,-66.41],[74.53,-66.49],[74.42,-66.69],[74.49,-66.75],[74.86,-66.77],[75.07,-66.67],[75.29,-66.72],[75.55,-66.72],[75.74,-66.62],[76.16,-66.63],[76.46,-66.57],[76.54,-66.6],[76.66,-66.7],[76.9,-66.72],[77.06,-66.6],[77.21,-66.56],[77.35,-66.46],[77.69,-66.46],[77.83,-66.54],[77.98,-66.44],[78.34,-66.29],[78.55,-66.34],[78.77,-66.25],[79.15,-66.29],[79.18,-66.14],[79.26,-66.05],[79.53,-65.99],[79.86,-65.85],[80.73,-65.57],[80.82,-65.57],[81.05,-65.49],[81.27,-65.49],[81.51,-65.42],[81.93,-65.43],[82.04,-65.48],[85.03,-65.69],[85.14,-65.73],[85.59,-65.77],[85.71,-65.73],[85.87,-65.62],[86.04,-65.59],[86.21,-65.5],[86.42,-65.67],[86.65,-65.64],[86.74,-65.66],[88.6,-65.69],[88.73,-65.73],[86.68,-45.45],[68.81,-39.25],[81.32,-9.94],[94.54,2.81],[94.52,2.87],[94.4,2.84],[94.2,3.0],[94.14,3.13],[93.97,3.16],[93.89,3.24],[93.86,3.36],[93.72,3.5],[93.7,3.62],[93.58,3.84],[93.55,3.98],[93.42,4.08],[93.38,4.17],[93.24,4.54],[93.24,4.68],[93.1,4.97],[93.1,5.14],[93.0,5.16],[92.95,5.23],[92.98,5.38],[92.92,5.43],[92.9,6.02],[93.0,6.19],[92.93,6.38],[92.95,6.46],[92.93,6.55],[92.98,6.66],[92.83,6.84],[92.93,7.09],[92.81,7.42],[92.81,7.32],[92.67,7.34],[92.65,7.6],[92.62,7.61],[92.62,7.46],[92.57,7.4],[92.49,7.4],[92.39,7.51],[92.38,7.7],[92.26,7.8],[92.19,8.2],[92.04,8.3],[92.13,8.41],[92.14,8.46],[92.1,8.51],[92.03,8.4],[91.97,8.4],[91.92,8.43],[91.94,8.8],[92.02,9.0],[91.87,9.19],[91.88,9.6],[91.83,9.67],[91.65,9.74],[91.66,9.86],[91.62,9.89],[91.56,9.88],[91.54,9.93],[91.58,10.08],[91.58,10.32],[91.7,10.51],[91.66,10.78],[91.69,11.02],[91.75,11.18],[91.67,11.3],[91.7,11.47],[91.79,11.53],[91.78,11.71],[91.86,11.97],[91.87,12.14],[91.97,12.26],[91.97,12.48],[92.04,12.59],[91.99,12.77],[92.02,12.94],[91.95,13.07],[91.95,13.18],[92.33,13.94],[92.47,14.04],[92.54,14.15],[92.57,14.4],[92.9,14.62],[92.81,14.81],[93.01,14.89],[93.14,15.11],[93.28,15.27],[93.31,15.41],[93.38,15.46],[93.41,15.55],[93.52,15.68],[93.55,16.08],[93.49,16.23],[93.49,16.34],[93.91,17.02],[93.79,17.21],[93.91,17.45],[93.88,17.65],[93.8,17.74],[93.7,17.81],[93.62,17.78],[93.49,17.81],[93.35,17.98],[93.31,18.07],[93.31,18.22],[93.27,18.35],[93.19,18.5],[93.03,18.53],[93.05,18.72],[92.86,18.74],[92.79,18.83],[92.66,18.91],[92.64,19.01],[92.5,18.98],[92.42,19.1],[92.26,19.03],[92.11,19.15],[92.11,19.03],[92.06,18.93],[91.9,19.12]],[[63.9,23.37],[63.9,23.26],[63.86,23.23],[63.65,23.22],[63.59,23.29],[63.62,23.37],[63.79,23.54],[63.84,23.71],[63.98,23.72],[64.1,23.81],[64.34,23.8],[64.42,23.86],[64.62,23.86],[64.7,23.83],[64.7,23.79],[64.59,23.7],[64.46,23.53],[64.13,23.54],[63.98,23.47],[63.9,23.37]],[[64.61,23.52],[64.71,23.51],[64.73,23.42],[64.66,23.39],[64.59,23.41],[64.56,23.46],[64.61,23.52]],[[62.39,22.4],[62.43,22.36],[62.42,22.22],[62.3,22.19],[62.22,22.21],[62.18,22.27],[62.21,22.34],[62.39,22.4]],[[61.82,21.1],[61.74,21.09],[61.66,21.14],[61.48,21.16],[61.43,21.25],[61.51,21.38],[61.54,21.54],[61.73,21.53],[61.71,21.85],[61.97,22.14],[62.14,22.15],[62.21,22.11],[62.26,22.03],[62.23,21.79],[62.18,21.77],[62.13,21.64],[62.03,21.56],[62.11,21.48],[62.1,21.4],[61.82,21.1]],[[57.8,16.96],[57.75,16.92],[57.67,16.92],[57.61,17.01],[57.63,17.14],[57.74,17.22],[57.81,17.21],[57.84,17.14],[57.8,16.96]],[[59.9,16.72],[59.95,16.68],[59.95,16.6],[59.88,16.56],[59.8,16.59],[59.79,16.66],[59.9,16.72]],[[71.43,15.55],[71.4,15.38],[71.34,15.34],[71.26,15.36],[71.2,15.5],[71.22,15.72],[71.32,15.76],[71.38,15.73],[71.43,15.55]],[[71.57,15.05],[71.45,15.16],[71.4,15.29],[71.53,15.59],[71.64,15.62],[71.69,15.54],[71.66,15.12],[71.62,15.06],[71.57,15.05]],[[71.92,15.15],[71.99,15.23],[72.07,15.22],[72.17,15.11],[72.17,15.02],[72.0,15.01],[71.94,15.06],[71.92,15.15]],[[71.84,15.13],[71.87,15.08],[71.83,14.88],[71.64,14.86],[71.65,14.95],[71.74,15.11],[71.84,15.13]],[[72.22,14.86],[72.32,14.82],[72.31,14.74],[72.41,14.69],[72.38,14.59],[72.28,14.52],[72.22,14.55],[72.24,14.66],[72.17,14.72],[72.18,14.82],[72.22,14.86]],[[71.97,14.78],[72.02,14.69],[72.0,14.64],[71.94,14.62],[71.88,14.64],[71.85,14.72],[71.91,14.78],[71.97,14.78]],[[52.36,13.79],[52.25,13.9],[52.22,14.02],[52.42,14.09],[52.56,14.35],[52.63,14.42],[52.57,14.57],[52.6,14.66],[52.75,14.66],[52.81,14.84],[52.84,14.87],[53.29,14.9],[53.38,14.86],[53.42,14.73],[53.28,14.69],[53.41,14.53],[53.4,14.45],[53.23,14.42],[53.13,14.5],[53.05,14.48],[53.04,14.4],[52.94,14.35],[53.0,14.25],[52.99,14.16],[52.75,14.02],[52.56,14.02],[52.47,13.79],[52.36,13.79]],[[53.66,14.45],[53.65,14.58],[53.77,14.6],[53.78,14.48],[53.72,14.43],[53.66,14.45]],[[53.89,14.46],[53.9,14.57],[54.0,14.56],[54.06,14.5],[54.08,14.41],[54.05,14.22],[54.01,14.15],[53.95,14.12],[53.87,14.18],[53.95,14.33],[53.89,14.46]],[[53.57,14.34],[53.63,14.26],[53.58,14.17],[53.36,13.98],[53.28,13.95],[53.2,13.97],[53.19,14.01],[53.35,14.3],[53.57,14.34]],[[57.18,13.96],[57.22,14.02],[57.26,14.01],[57.32,13.95],[57.34,13.86],[57.32,13.83],[57.22,13.84],[57.18,13.9],[57.18,13.96]],[[52.25,13.62],[52.18,13.67],[52.17,13.71],[52.23,13.77],[52.3,13.78],[52.36,13.73],[52.36,13.65],[52.34,13.62],[52.25,13.62]],[[51.7,13.21],[51.6,13.13],[51.5,12.94],[51.42,12.91],[51.37,12.94],[51.34,13.01],[51.37,13.13],[51.51,13.25],[51.55,13.41],[51.65,13.56],[51.76,13.64],[51.83,13.6],[51.84,13.54],[51.81,13.45],[51.72,13.34],[51.7,13.21]],[[59.33,13.46],[59.38,13.49],[59.44,13.44],[59.45,13.32],[59.39,13.25],[59.29,13.32],[59.33,13.46]],[[52.33,13.44],[52.36,13.36],[52.32,13.27],[52.18,13.26],[52.16,13.33],[52.19,13.42],[52.33,13.44]],[[50.96,13.24],[51.05,13.15],[51.1,12.89],[51.04,12.86],[50.95,12.91],[50.83,12.82],[50.66,12.84],[50.54,13.05],[50.55,13.14],[50.64,13.15],[50.7,13.24],[50.76,13.26],[50.96,13.24]],[[49.02,12.9],[48.94,12.67],[48.96,12.61],[48.95,12.55],[48.81,12.39],[48.77,12.29],[48.55,12.17],[48.52,12.2],[48.55,12.3],[48.54,12.5],[48.67,12.6],[48.72,12.77],[48.85,12.93],[48.97,12.96],[49.02,12.9]],[[49.07,12.39],[49.04,12.47],[49.08,12.58],[49.21,12.76],[49.32,12.78],[49.33,12.67],[49.21,12.47],[49.07,12.39]],[[48.46,12.49],[48.47,12.42],[48.38,12.19],[48.29,12.14],[48.25,12.16],[48.22,12.25],[48.27,12.42],[48.3,12.47],[48.46,12.49]],[[49.61,12.94],[49.58,13.01],[49.66,13.17],[49.63,13.34],[49.76,13.36],[49.92,13.3],[49.97,13.25],[49.98,13.16],[49.92,13.03],[49.78,12.94],[49.61,12.94]],[[49.56,13.37],[49.58,13.32],[49.55,13.25],[49.35,13.16],[49.2,12.99],[49.09,12.98],[49.02,13.03],[49.01,13.15],[49.09,13.23],[49.1,13.3],[49.25,13.3],[49.27,13.56],[49.46,13.54],[49.58,13.75],[49.71,13.77],[49.79,13.74],[49.83,13.66],[49.8,13.57],[49.65,13.43],[49.51,13.39],[49.56,13.37]],[[50.12,13.64],[50.23,13.75],[50.35,13.76],[50.38,13.68],[50.33,13.56],[50.48,13.45],[50.47,13.39],[50.08,13.3],[50.02,13.32],[49.98,13.36],[50.01,13.49],[49.95,13.6],[49.97,13.64],[50.12,13.64]],[[50.08,12.94],[50.04,13.01],[50.09,13.09],[50.28,13.13],[50.32,13.17],[50.44,13.2],[50.5,13.18],[50.51,13.08],[50.48,13.02],[50.3,13.01],[50.08,12.94]],[[52.16,14.29],[52.09,14.29],[52.03,14.34],[52.04,14.46],[52.09,14.5],[52.2,14.5],[52.21,14.59],[52.32,14.61],[52.34,14.54],[52.31,14.49],[52.43,14.42],[52.45,14.34],[52.41,14.3],[52.3,14.33],[52.16,14.29]],[[54.11,14.74],[54.11,14.85],[54.19,15.03],[54.26,15.1],[54.39,15.11],[54.41,14.99],[54.29,14.79],[54.19,14.71],[54.11,14.74]],[[54.98,14.97],[55.06,14.93],[55.06,14.86],[54.84,14.82],[54.72,14.85],[54.7,14.89],[54.73,14.96],[54.98,14.97]],[[56.16,14.78],[56.08,14.77],[55.97,14.83],[55.83,14.85],[55.78,14.91],[55.82,14.97],[56.17,14.94],[56.21,14.85],[56.16,14.78]],[[70.13,15.67],[70.19,15.57],[70.21,15.47],[70.19,15.42],[70.07,15.41],[70.02,15.45],[70.0,15.63],[70.05,15.68],[70.13,15.67]],[[71.21,12.75],[71.24,12.7],[71.23,12.57],[71.15,12.48],[71.09,12.48],[71.03,12.57],[71.05,12.67],[71.16,12.76],[71.21,12.75]],[[55.32,11.95],[55.31,12.08],[55.38,12.14],[55.43,12.14],[55.45,11.99],[55.38,11.93],[55.32,11.95]],[[55.08,11.57],[55.04,11.7],[55.06,11.83],[55.14,11.89],[55.3,11.92],[55.33,11.82],[55.25,11.66],[55.18,11.57],[55.08,11.57]],[[54.94,11.52],[54.88,11.49],[54.82,11.54],[54.82,11.64],[54.88,11.7],[54.92,11.7],[54.96,11.65],[54.94,11.52]],[[71.23,11.29],[71.33,11.23],[71.35,11.16],[71.32,11.09],[71.24,11.06],[71.16,11.08],[71.1,11.18],[71.11,11.26],[71.23,11.29]],[[55.75,10.87],[55.83,10.8],[55.86,10.71],[55.82,10.64],[55.72,10.63],[55.58,10.71],[55.56,10.8],[55.68,10.87],[55.75,10.87]],[[56.06,10.13],[55.96,10.16],[55.88,10.23],[55.87,10.3],[55.92,10.37],[56.37,10.5],[56.47,10.44],[56.48,10.38],[56.4,10.27],[56.06,10.13]],[[57.72,10.13],[57.65,10.18],[57.64,10.24],[57.67,10.3],[57.76,10.33],[57.81,10.26],[57.81,10.18],[57.72,10.13]],[[58.18,10.13],[58.1,10.06],[58.1,9.98],[58.06,9.96],[58.0,9.99],[57.99,10.13],[58.06,10.28],[58.13,10.32],[58.2,10.3],[58.21,10.23],[58.18,10.13]],[[57.71,9.51],[57.69,9.43],[57.62,9.37],[57.54,9.38],[57.49,9.43],[57.5,9.5],[57.6,9.56],[57.68,9.56],[57.71,9.51]],[[58.34,9.54],[58.39,9.5],[58.4,9.45],[58.35,9.37],[58.3,9.35],[58.24,9.4],[58.24,9.49],[58.34,9.54]],[[72.86,8.52],[72.79,8.55],[72.69,8.66],[72.6,8.89],[72.6,8.98],[72.9,9.17],[73.07,9.1],[73.2,9.24],[73.31,9.24],[73.32,9.3],[73.24,9.51],[73.34,9.62],[73.39,9.61],[73.51,9.51],[73.63,9.5],[73.68,9.28],[73.65,9.13],[73.44,9.07],[73.28,8.89],[73.22,8.9],[73.2,8.96],[73.13,8.86],[73.04,8.57],[72.95,8.52],[72.86,8.52]],[[73.55,9.59],[73.51,9.65],[73.5,9.71],[73.58,9.98],[73.58,10.25],[73.72,10.51],[73.85,10.56],[73.91,10.51],[73.93,10.42],[73.88,10.23],[73.76,9.99],[73.82,9.76],[73.75,9.65],[73.55,9.59]],[[74.7,9.71],[74.69,9.75],[74.74,9.85],[74.83,9.89],[74.87,9.88],[74.9,9.81],[74.88,9.76],[74.79,9.7],[74.7,9.71]],[[74.79,9.6],[74.83,9.6],[74.86,9.55],[74.84,9.45],[74.71,9.31],[74.62,9.31],[74.58,9.38],[74.6,9.46],[74.66,9.54],[74.79,9.6]],[[73.8,5.51],[73.87,5.09],[73.82,5.04],[73.76,5.04],[73.63,5.14],[73.61,5.1],[73.65,4.96],[73.61,4.87],[73.92,4.51],[73.9,4.39],[73.69,4.12],[73.68,3.72],[73.73,3.67],[73.87,3.63],[73.93,3.49],[73.82,3.26],[73.81,3.08],[73.69,2.81],[73.63,2.51],[73.68,2.35],[73.78,2.28],[73.74,1.93],[73.61,1.75],[73.63,1.61],[73.57,1.55],[73.46,1.53],[73.4,1.56],[73.37,1.65],[73.2,1.61],[73.09,1.67],[73.01,1.78],[72.96,2.02],[72.84,2.06],[72.78,2.23],[72.74,2.42],[72.77,2.57],[72.7,2.8],[72.72,3.03],[72.69,3.3],[72.41,3.7],[72.42,3.75],[72.54,3.86],[72.59,4.28],[72.65,4.46],[72.73,4.91],[72.67,5.06],[72.69,5.34],[72.62,5.45],[72.41,5.52],[72.27,5.85],[72.17,5.97],[72.19,6.03],[72.34,6.07],[72.19,6.21],[72.24,6.36],[72.19,6.48],[72.19,6.62],[72.26,6.89],[72.24,7.05],[72.31,7.15],[72.26,7.29],[72.26,7.42],[72.15,7.55],[72.16,7.68],[72.22,7.73],[72.41,7.78],[72.45,8.0],[72.58,8.02],[72.67,7.97],[72.67,8.0],[72.54,8.13],[72.53,8.23],[72.57,8.3],[72.65,8.35],[72.86,8.38],[73.01,8.47],[73.14,8.48],[73.18,8.53],[73.21,8.7],[73.27,8.74],[73.38,8.7],[73.44,8.62],[73.56,8.7],[73.61,8.69],[73.63,8.63],[73.61,8.54],[73.72,8.47],[73.74,8.4],[73.73,8.31],[73.66,8.2],[73.59,8.16],[73.46,8.18],[73.41,8.11],[73.32,8.17],[73.27,8.35],[73.21,8.37],[73.21,8.25],[73.12,8.11],[73.34,8.04],[73.41,7.96],[73.44,7.86],[73.45,7.42],[73.31,7.25],[73.49,7.12],[73.56,6.74],[73.39,6.65],[73.44,6.62],[73.69,6.66],[73.91,6.35],[73.97,6.07],[73.94,6.0],[73.87,5.98],[73.89,5.8],[73.79,5.77],[73.75,5.8],[73.7,6.09],[73.61,5.78],[73.64,5.69],[73.8,5.51]],[[75.43,6.4],[75.33,6.5],[75.37,6.61],[75.43,6.6],[75.49,6.48],[75.48,6.41],[75.43,6.4]],[[75.68,6.4],[75.57,6.48],[75.66,6.59],[75.74,6.46],[75.89,6.48],[75.93,6.36],[75.89,6.27],[75.8,6.24],[75.73,6.28],[75.68,6.4]],[[73.92,5.78],[74.0,5.89],[74.06,5.9],[74.1,5.87],[74.11,5.79],[74.06,5.72],[73.95,5.71],[73.92,5.78]],[[73.87,3.92],[73.8,3.98],[73.8,4.08],[73.9,4.14],[74.02,4.13],[74.05,3.98],[73.97,3.92],[73.87,3.92]],[[90.31,3.42],[90.18,3.56],[90.13,3.77],[90.21,3.82],[90.48,3.85],[90.52,3.81],[90.48,3.7],[90.57,3.62],[90.55,3.51],[90.5,3.47],[90.42,3.49],[90.35,3.41],[90.31,3.42]],[[74.42,1.95],[74.35,2.0],[74.34,2.05],[74.38,2.11],[74.48,2.15],[74.54,2.09],[74.53,2.0],[74.5,1.96],[74.42,1.95]],[[74.02,1.56],[73.96,1.64],[73.98,1.73],[74.1,1.82],[74.15,1.81],[74.18,1.77],[74.17,1.64],[74.08,1.55],[74.02,1.56]],[[74.29,1.56],[74.31,1.71],[74.49,1.77],[74.53,1.75],[74.54,1.66],[74.46,1.55],[74.33,1.51],[74.29,1.56]],[[67.15,1.61],[67.11,1.57],[66.99,1.56],[66.88,1.61],[66.85,1.7],[66.93,1.78],[67.1,1.78],[67.17,1.71],[67.15,1.61]],[[67.04,2.21],[67.06,2.14],[67.02,2.06],[66.92,2.08],[66.92,2.18],[67.01,2.22],[67.04,2.21]],[[66.67,2.21],[66.65,2.09],[66.5,2.09],[66.53,2.23],[66.49,2.32],[66.53,2.35],[66.6,2.37],[66.64,2.35],[66.67,2.21]],[[66.86,2.83],[66.9,2.8],[66.89,2.71],[66.77,2.57],[66.63,2.55],[66.52,2.61],[66.5,2.69],[66.54,2.78],[66.67,2.76],[66.71,2.83],[66.86,2.83]],[[65.92,2.77],[65.81,2.8],[65.8,2.83],[65.86,2.9],[65.95,2.88],[65.97,2.82],[65.92,2.77]],[[65.69,2.86],[65.62,2.8],[65.48,2.84],[65.49,2.88],[65.62,2.96],[65.69,2.86]],[[66.22,2.93],[66.27,3.0],[66.37,3.01],[66.49,2.98],[66.54,2.9],[66.5,2.8],[66.39,2.79],[66.28,2.84],[66.22,2.93]],[[72.24,3.26],[72.29,3.19],[72.3,3.11],[72.28,3.07],[72.19,3.07],[72.12,3.11],[72.1,3.19],[72.16,3.26],[72.24,3.26]],[[65.4,3.2],[65.29,3.11],[65.23,3.11],[65.18,3.17],[65.28,3.34],[65.27,3.43],[65.4,3.49],[65.46,3.42],[65.46,3.35],[65.4,3.2]],[[64.18,3.38],[64.07,3.36],[64.0,3.4],[63.96,3.45],[63.97,3.52],[64.08,3.58],[64.19,3.55],[64.24,3.46],[64.18,3.38]],[[64.87,3.56],[64.99,3.57],[65.03,3.52],[64.99,3.45],[64.87,3.4],[64.8,3.43],[64.79,3.5],[64.87,3.56]],[[63.69,4.04],[63.75,3.99],[63.74,3.89],[63.71,3.85],[63.61,3.84],[63.53,3.91],[63.53,3.96],[63.55,4.0],[63.69,4.04]],[[62.76,4.54],[62.97,4.39],[63.0,4.27],[62.9,4.25],[62.69,4.36],[62.65,4.46],[62.71,4.53],[62.76,4.54]],[[72.41,4.97],[72.47,4.94],[72.49,4.87],[72.46,4.76],[72.42,4.74],[72.29,4.78],[72.26,4.86],[72.31,4.94],[72.41,4.97]],[[72.35,5.37],[72.4,5.3],[72.39,5.21],[72.3,5.16],[72.22,5.22],[72.22,5.29],[72.26,5.35],[72.35,5.37]],[[60.7,6.17],[60.79,6.09],[60.77,6.0],[60.66,6.01],[60.59,6.06],[60.6,6.14],[60.63,6.17],[60.7,6.17]],[[60.25,6.57],[60.26,6.49],[60.19,6.35],[60.1,6.34],[60.07,6.41],[60.11,6.51],[60.19,6.57],[60.25,6.57]],[[50.7,6.72],[50.64,6.62],[50.49,6.59],[50.43,6.66],[50.38,6.83],[50.41,6.87],[50.65,6.92],[50.71,6.85],[50.7,6.72]],[[59.97,6.76],[59.9,6.85],[59.95,6.9],[60.01,6.91],[60.06,6.87],[60.07,6.79],[60.04,6.76],[59.97,6.76]],[[60.23,7.24],[60.3,7.12],[60.26,7.04],[60.17,7.08],[60.14,7.15],[60.17,7.22],[60.23,7.24]],[[59.2,7.91],[59.28,7.85],[59.3,7.79],[59.26,7.73],[59.2,7.72],[59.11,7.76],[59.09,7.82],[59.11,7.88],[59.2,7.91]],[[72.73,8.48],[72.69,8.44],[72.58,8.45],[72.49,8.52],[72.49,8.57],[72.53,8.62],[72.67,8.61],[72.73,8.58],[72.73,8.48]],[[58.12,8.99],[58.14,8.85],[58.08,8.78],[58.03,8.78],[57.99,8.84],[58.01,8.91],[58.08,8.99],[58.12,8.99]],[[73.13,1.37],[73.18,1.46],[73.3,1.49],[73.53,1.41],[73.73,1.42],[73.78,1.3],[73.94,1.29],[73.99,1.26],[73.98,1.16],[73.92,1.08],[73.89,0.95],[73.7,0.91],[73.65,0.84],[73.7,0.65],[73.78,0.86],[73.86,0.88],[73.9,0.85],[73.92,0.48],[73.85,0.34],[73.7,0.31],[73.65,0.26],[73.44,-0.07],[73.61,-0.24],[73.58,-0.67],[73.75,-0.71],[73.79,-0.8],[73.76,-0.88],[73.6,-0.95],[73.32,-0.94],[73.22,-0.98],[72.91,-0.98],[72.86,-0.88],[72.91,-0.73],[73.03,-0.74],[73.04,-0.7],[72.88,-0.57],[72.89,-0.46],[73.03,-0.43],[73.1,-0.34],[73.25,-0.32],[73.28,-0.21],[73.15,-0.28],[73.05,-0.25],[72.96,-0.02],[73.01,0.12],[72.82,0.24],[72.86,0.68],[72.91,0.79],[72.98,0.82],[72.87,0.93],[72.87,1.08],[72.77,1.1],[72.74,1.18],[72.82,1.34],[73.05,1.31],[73.13,1.37]],[[74.28,1.42],[74.33,1.45],[74.41,1.42],[74.45,1.33],[74.42,1.25],[74.34,1.22],[74.29,1.26],[74.25,1.35],[74.28,1.42]],[[73.71,-0.07],[73.78,-0.03],[73.84,-0.06],[73.85,-0.15],[73.81,-0.22],[73.74,-0.24],[73.69,-0.2],[73.71,-0.07]],[[73.92,-0.66],[73.85,-0.6],[73.85,-0.55],[73.92,-0.49],[74.0,-0.49],[74.04,-0.62],[74.01,-0.66],[73.92,-0.66]],[[68.19,-0.76],[68.11,-0.79],[68.02,-0.75],[68.0,-0.71],[68.09,-0.62],[68.16,-0.61],[68.21,-0.67],[68.19,-0.76]],[[55.11,-0.35],[55.05,-0.39],[55.0,-0.39],[54.98,-0.29],[55.03,-0.25],[55.09,-0.25],[55.12,-0.29],[55.11,-0.35]],[[55.67,-0.34],[55.6,-0.29],[55.58,-0.21],[55.72,-0.12],[55.77,-0.16],[55.77,-0.29],[55.75,-0.34],[55.67,-0.34]],[[55.8,-0.07],[55.64,-0.05],[55.6,0.01],[55.61,0.08],[55.72,0.14],[55.86,0.11],[55.89,0.01],[55.8,-0.07]],[[66.88,-0.05],[66.82,0.01],[66.82,0.07],[66.87,0.12],[66.92,0.12],[66.96,0.06],[66.94,-0.05],[66.88,-0.05]],[[56.05,0.63],[56.13,0.54],[56.17,0.43],[56.15,0.37],[56.06,0.33],[55.94,0.38],[55.89,0.52],[55.94,0.62],[56.05,0.63]],[[56.63,1.02],[56.56,0.98],[56.48,0.98],[56.42,1.04],[56.4,1.11],[56.54,1.3],[56.65,1.33],[56.7,1.31],[56.72,1.26],[56.71,1.15],[56.63,1.02]],[[72.75,-1.93],[72.67,-1.88],[72.64,-1.79],[72.7,-1.7],[72.75,-1.68],[72.84,-1.75],[72.86,-1.87],[72.84,-1.92],[72.75,-1.93]],[[68.21,-2.64],[68.2,-2.56],[68.25,-2.48],[68.35,-2.42],[68.38,-2.43],[68.35,-2.6],[68.26,-2.66],[68.21,-2.64]],[[83.06,-2.95],[83.14,-2.94],[83.18,-2.97],[83.18,-3.05],[83.15,-3.08],[83.04,-3.06],[83.02,-2.99],[83.06,-2.95]],[[59.67,-2.95],[59.73,-3.0],[59.77,-3.08],[59.73,-3.16],[59.62,-3.12],[59.57,-3.05],[59.59,-2.98],[59.67,-2.95]],[[68.38,-3.34],[68.4,-3.26],[68.49,-3.25],[68.63,-3.35],[68.65,-3.44],[68.62,-3.48],[68.56,-3.48],[68.42,-3.4],[68.38,-3.34]],[[54.91,-3.37],[54.95,-3.42],[54.95,-3.56],[55.3,-3.55],[55.55,-3.59],[55.82,-3.51],[55.91,-3.51],[56.11,-3.69],[56.31,-3.8],[56.42,-3.98],[56.57,-4.01],[56.62,-4.08],[56.69,-4.1],[56.73,-4.3],[56.86,-4.46],[56.8,-4.59],[57.11,-4.81],[57.17,-4.9],[57.38,-4.99],[57.43,-5.11],[57.62,-5.26],[57.71,-5.46],[57.89,-5.54],[57.96,-5.62],[58.08,-5.64],[58.24,-5.83],[58.46,-5.98],[58.52,-6.19],[58.46,-6.26],[58.57,-6.3],[58.58,-6.34],[58.57,-6.42],[58.48,-6.44],[58.47,-6.47],[58.57,-6.58],[58.56,-6.7],[58.79,-7.0],[58.97,-7.1],[59.14,-7.15],[59.18,-7.27],[59.28,-7.32],[59.3,-7.46],[59.41,-7.64],[59.54,-7.63],[59.78,-7.85],[59.88,-7.9],[60.05,-8.09],[60.23,-8.15],[60.34,-8.07],[60.42,-8.05],[60.55,-8.18],[60.7,-8.18],[60.82,-8.33],[60.96,-8.35],[61.06,-8.5],[61.01,-8.64],[61.18,-8.66],[61.28,-8.88],[61.29,-9.01],[61.22,-9.19],[61.28,-9.29],[61.44,-9.46],[61.58,-9.41],[61.82,-9.38],[61.98,-9.62],[62.04,-9.66],[62.21,-9.67],[62.41,-9.88],[62.54,-10.2],[62.71,-10.3],[62.74,-10.46],[62.9,-10.68],[62.9,-10.92],[62.86,-10.97],[62.83,-11.07],[62.74,-11.09],[62.71,-11.21],[62.57,-11.28],[62.52,-11.47],[62.37,-11.6],[62.33,-11.68],[62.36,-11.73],[62.59,-11.8],[62.56,-11.91],[62.44,-12.01],[62.28,-12.07],[62.2,-12.07],[62.06,-12.01],[61.94,-12.13],[61.73,-12.24],[61.3,-12.67],[61.27,-12.74],[61.11,-12.82],[61.08,-12.86],[61.09,-12.99],[61.27,-13.17],[61.34,-13.42],[61.32,-14.02],[61.42,-14.21],[61.32,-14.38],[61.3,-14.66],[61.39,-14.83],[61.37,-15.0],[61.49,-15.3],[61.64,-15.5],[61.56,-15.72],[61.43,-15.88],[61.44,-16.02],[61.56,-16.27],[61.52,-16.34],[61.48,-16.34],[61.26,-16.21],[61.2,-16.2],[60.86,-16.46],[60.82,-16.61],[60.72,-16.7],[60.66,-16.87],[60.5,-17.06],[60.26,-17.45],[60.02,-17.69],[59.83,-17.95],[59.76,-17.95],[59.66,-17.86],[59.43,-17.95],[58.97,-17.98],[58.89,-17.88],[58.97,-17.71],[58.92,-17.64],[58.89,-17.48],[58.79,-17.42],[58.62,-17.42],[58.37,-17.28],[58.34,-17.23],[58.35,-17.15],[58.45,-17.07],[58.78,-17.04],[58.94,-16.83],[58.94,-16.66],[59.06,-16.42],[59.04,-16.27],[59.09,-15.98],[59.3,-15.74],[59.45,-15.7],[59.5,-15.52],[59.57,-15.48],[59.63,-15.49],[59.62,-15.63],[59.66,-15.65],[59.9,-15.58],[59.75,-15.18],[59.74,-15.07],[59.92,-14.76],[59.9,-14.36],[59.92,-14.26],[60.23,-13.72],[60.41,-13.15],[60.6,-12.85],[60.59,-12.78],[60.51,-12.7],[60.5,-12.61],[60.6,-12.49],[60.63,-12.3],[60.7,-12.22],[60.6,-12.02],[60.65,-11.81],[60.58,-11.52],[59.94,-10.64],[59.89,-10.45],[59.67,-10.06],[59.64,-10.03],[59.5,-10.05],[59.45,-10.03],[59.4,-9.94],[59.4,-9.79],[59.45,-9.72],[59.3,-9.32],[59.23,-9.22],[59.1,-9.21],[59.05,-9.17],[59.09,-9.07],[58.96,-8.89],[58.97,-8.78],[59.02,-8.74],[58.94,-8.62],[58.9,-8.62],[58.78,-8.28],[58.7,-7.82],[58.66,-7.79],[58.6,-7.83],[58.54,-7.82],[58.46,-7.7],[58.32,-7.73],[58.24,-7.71],[57.94,-7.32],[57.91,-7.25],[57.69,-7.08],[57.67,-6.89],[57.35,-6.8],[57.07,-6.54],[57.02,-6.29],[57.1,-6.1],[57.01,-5.95],[56.94,-5.9],[56.77,-5.88],[56.63,-5.95],[56.54,-6.14],[56.61,-6.42],[56.59,-6.5],[56.52,-6.58],[56.37,-6.58],[56.25,-6.69],[56.17,-6.69],[56.09,-6.61],[56.05,-6.27],[56.16,-6.12],[56.19,-5.62],[56.14,-5.51],[55.8,-5.47],[55.68,-5.4],[55.53,-5.4],[55.32,-5.31],[55.2,-5.18],[55.03,-5.17],[54.9,-5.11],[54.79,-5.11],[54.41,-4.92],[54.26,-4.9],[54.08,-4.81],[53.81,-4.77],[53.76,-4.73],[53.77,-4.61],[53.95,-4.32],[54.12,-4.22],[54.24,-4.07],[54.16,-3.98],[54.17,-3.94],[54.31,-3.97],[54.35,-3.94],[54.27,-3.83],[54.28,-3.72],[54.45,-3.62],[54.55,-3.62],[54.68,-3.69],[54.71,-3.68],[54.79,-3.42],[54.84,-3.37],[54.91,-3.37]],[[68.29,-3.69],[68.28,-3.58],[68.36,-3.54],[68.52,-3.59],[68.57,-3.68],[68.55,-3.75],[68.36,-3.84],[68.3,-3.8],[68.29,-3.69]],[[68.6,-4.19],[68.55,-4.14],[68.52,-4.04],[68.54,-3.98],[68.6,-3.95],[68.69,-3.99],[68.73,-4.09],[68.7,-4.18],[68.6,-4.19]],[[72.52,-4.33],[72.72,-4.26],[72.82,-4.3],[73.02,-4.32],[73.08,-4.34],[73.1,-4.41],[73.06,-4.51],[72.98,-4.55],[72.66,-4.51],[72.58,-4.56],[72.74,-4.63],[72.79,-4.7],[72.8,-4.8],[72.74,-5.04],[72.84,-5.13],[72.79,-5.38],[72.55,-5.45],[72.63,-5.51],[73.05,-5.62],[73.08,-5.66],[73.06,-5.88],[72.96,-6.02],[72.96,-6.24],[72.84,-6.38],[72.85,-6.43],[73.01,-6.53],[73.06,-6.6],[72.96,-7.01],[72.79,-7.08],[72.65,-7.27],[72.63,-7.45],[72.5,-7.7],[72.55,-7.9],[72.5,-8.08],[72.46,-8.14],[72.4,-8.13],[72.26,-8.05],[72.17,-8.11],[72.03,-8.11],[72.05,-8.26],[72.02,-8.3],[71.9,-8.28],[71.78,-8.35],[71.73,-8.31],[71.72,-8.06],[71.69,-8.03],[71.6,-8.17],[71.47,-8.18],[71.52,-8.28],[71.49,-8.4],[71.38,-8.45],[71.19,-8.43],[71.12,-8.38],[71.09,-8.22],[70.99,-8.21],[70.92,-8.09],[70.8,-8.09],[70.81,-7.85],[70.65,-7.57],[70.75,-7.37],[70.9,-7.3],[70.86,-7.26],[70.68,-7.25],[70.65,-7.14],[70.8,-7.01],[70.8,-6.88],[70.85,-6.79],[70.86,-6.65],[70.94,-6.55],[70.97,-6.41],[71.11,-6.31],[71.18,-6.14],[71.07,-6.07],[71.07,-6.01],[71.11,-5.9],[71.21,-5.81],[71.21,-5.66],[71.3,-5.54],[71.33,-5.4],[71.26,-5.36],[71.26,-5.28],[71.31,-5.27],[71.36,-5.33],[71.35,-5.35],[71.38,-5.34],[71.42,-5.11],[71.47,-5.1],[71.56,-5.18],[71.59,-5.06],[71.81,-4.97],[71.9,-4.79],[71.95,-4.77],[72.1,-4.82],[72.12,-4.81],[72.22,-4.66],[72.41,-4.49],[72.52,-4.33]],[[73.39,-6.56],[73.36,-6.44],[73.41,-6.35],[73.47,-6.31],[73.52,-6.38],[73.5,-6.49],[73.44,-6.57],[73.39,-6.56]],[[71.0,-8.37],[71.16,-8.57],[71.19,-8.82],[71.13,-8.87],[71.03,-8.82],[70.87,-8.54],[70.5,-8.22],[70.45,-8.09],[70.52,-8.02],[70.58,-8.02],[70.91,-8.18],[71.0,-8.37]],[[70.61,-8.55],[70.73,-8.6],[70.8,-8.66],[70.8,-8.78],[70.85,-8.92],[70.83,-9.05],[70.76,-9.06],[70.73,-9.1],[70.73,-9.27],[70.63,-9.28],[70.49,-9.18],[70.39,-9.24],[70.3,-9.22],[70.15,-9.29],[70.07,-9.27],[70.01,-9.17],[70.0,-9.08],[70.03,-8.98],[70.13,-8.88],[70.14,-8.72],[70.25,-8.62],[70.39,-8.64],[70.51,-8.55],[70.61,-8.55]],[[71.19,-9.29],[71.18,-9.22],[71.23,-9.14],[71.33,-9.11],[71.4,-9.12],[71.42,-9.19],[71.37,-9.27],[71.24,-9.32],[71.19,-9.29]],[[67.44,-9.33],[67.26,-9.42],[67.19,-9.42],[67.17,-9.39],[67.26,-9.25],[67.4,-9.16],[67.49,-9.16],[67.53,-9.21],[67.44,-9.33]],[[70.08,-9.38],[70.23,-9.37],[70.27,-9.43],[70.26,-9.49],[70.18,-9.53],[70.07,-9.5],[70.04,-9.43],[70.08,-9.38]],[[70.35,-9.52],[70.31,-9.46],[70.32,-9.41],[70.37,-9.38],[70.45,-9.39],[70.47,-9.5],[70.35,-9.52]],[[70.0,-8.66],[69.98,-8.77],[69.91,-8.78],[69.85,-8.74],[69.85,-8.66],[69.91,-8.61],[69.95,-8.61],[70.0,-8.66]],[[70.08,-8.62],[70.01,-8.51],[70.06,-8.4],[70.25,-8.4],[70.33,-8.44],[70.34,-8.5],[70.26,-8.6],[70.17,-8.63],[70.08,-8.62]],[[68.11,-7.35],[68.18,-7.41],[68.16,-7.5],[68.11,-7.55],[67.9,-7.61],[67.82,-7.57],[67.79,-7.5],[67.83,-7.42],[67.91,-7.38],[68.11,-7.35]],[[68.22,-6.99],[68.24,-7.13],[68.17,-7.19],[68.11,-7.18],[68.08,-7.13],[68.08,-7.07],[68.17,-6.99],[68.22,-6.99]],[[68.57,-5.32],[68.58,-5.39],[68.53,-5.48],[68.49,-5.5],[68.42,-5.48],[68.4,-5.44],[68.43,-5.38],[68.57,-5.32]],[[68.78,-4.78],[68.79,-4.83],[68.72,-4.91],[68.58,-4.9],[68.57,-4.86],[68.62,-4.76],[68.73,-4.73],[68.78,-4.78]],[[68.53,-4.43],[68.49,-4.59],[68.4,-4.63],[68.34,-4.56],[68.36,-4.49],[68.42,-4.44],[68.53,-4.43]],[[71.45,-10.12],[71.38,-10.07],[71.38,-10.03],[71.45,-9.97],[71.55,-9.97],[71.59,-10.03],[71.58,-10.09],[71.55,-10.12],[71.45,-10.12]],[[69.96,-10.22],[70.01,-10.21],[70.07,-10.23],[70.09,-10.3],[70.06,-10.39],[69.99,-10.4],[69.93,-10.36],[69.91,-10.29],[69.96,-10.22]],[[66.57,-10.25],[66.68,-10.38],[66.64,-10.45],[66.54,-10.41],[66.49,-10.34],[66.5,-10.27],[66.57,-10.25]],[[62.97,-10.64],[62.95,-10.58],[63.0,-10.54],[63.06,-10.51],[63.11,-10.52],[63.14,-10.59],[63.12,-10.63],[62.97,-10.64]],[[67.07,-10.63],[67.19,-10.58],[67.23,-10.61],[67.24,-10.66],[67.16,-10.86],[67.06,-10.9],[67.01,-10.8],[67.07,-10.63]],[[66.53,-11.38],[66.52,-11.32],[66.59,-11.22],[66.73,-11.13],[66.77,-11.14],[66.76,-11.21],[66.65,-11.36],[66.57,-11.39],[66.53,-11.38]],[[65.88,-12.05],[65.97,-12.03],[66.0,-12.13],[65.87,-12.14],[65.84,-12.11],[65.88,-12.05]],[[66.26,-13.06],[66.18,-13.02],[66.17,-12.95],[66.26,-12.8],[66.36,-12.79],[66.41,-12.91],[66.38,-13.01],[66.34,-13.06],[66.26,-13.06]],[[66.5,-13.37],[66.43,-13.31],[66.46,-13.25],[66.5,-13.23],[66.57,-13.27],[66.58,-13.32],[66.56,-13.36],[66.5,-13.37]],[[61.45,-14.55],[61.39,-14.5],[61.4,-14.46],[61.48,-14.41],[61.54,-14.42],[61.55,-14.53],[61.53,-14.55],[61.45,-14.55]],[[66.64,-14.52],[66.66,-14.46],[66.8,-14.41],[66.85,-14.47],[66.8,-14.57],[66.7,-14.62],[66.66,-14.6],[66.64,-14.52]],[[66.93,-14.9],[66.96,-14.81],[67.05,-14.78],[67.08,-14.87],[67.06,-14.95],[66.96,-14.95],[66.93,-14.9]],[[66.68,-14.91],[66.7,-15.0],[66.64,-15.08],[66.5,-15.13],[66.43,-15.09],[66.4,-15.01],[66.42,-14.95],[66.68,-14.91]],[[67.22,-15.1],[67.28,-15.07],[67.34,-15.1],[67.37,-15.16],[67.37,-15.22],[67.31,-15.24],[67.21,-15.2],[67.19,-15.14],[67.22,-15.1]],[[61.71,-15.14],[61.7,-15.24],[61.65,-15.26],[61.51,-15.25],[61.47,-15.18],[61.49,-15.11],[61.63,-15.04],[61.67,-15.06],[61.71,-15.14]],[[65.63,-15.06],[65.58,-15.0],[65.62,-14.95],[65.68,-14.92],[65.75,-14.94],[65.76,-15.05],[65.63,-15.06]],[[62.11,-17.04],[61.99,-16.91],[62.0,-16.86],[62.09,-16.8],[62.19,-16.85],[62.23,-16.97],[62.18,-17.05],[62.11,-17.04]],[[66.47,-17.05],[66.6,-16.93],[66.71,-16.91],[66.76,-16.95],[66.74,-17.02],[66.61,-17.13],[66.52,-17.14],[66.47,-17.05]],[[66.83,-17.13],[66.96,-17.11],[66.99,-17.15],[66.87,-17.26],[66.74,-17.29],[66.64,-17.28],[66.68,-17.21],[66.83,-17.13]],[[61.35,-17.59],[61.26,-17.52],[61.25,-17.47],[61.33,-17.4],[61.46,-17.4],[61.51,-17.47],[61.51,-17.54],[61.47,-17.58],[61.35,-17.59]],[[65.63,-17.46],[65.71,-17.52],[65.7,-17.57],[65.66,-17.61],[65.56,-17.58],[65.52,-17.53],[65.54,-17.47],[65.63,-17.46]],[[65.57,-17.95],[65.72,-17.97],[65.69,-18.07],[65.59,-18.12],[65.51,-18.23],[65.39,-18.23],[65.35,-18.17],[65.37,-18.11],[65.46,-18.01],[65.57,-17.95]],[[59.76,-18.02],[59.75,-18.14],[59.53,-18.41],[59.42,-18.41],[59.39,-18.35],[59.42,-18.26],[59.52,-18.22],[59.66,-18.03],[59.73,-18.0],[59.76,-18.02]],[[58.9,-18.35],[59.03,-18.43],[59.03,-18.59],[59.07,-18.65],[59.36,-18.45],[59.45,-18.49],[59.35,-18.77],[59.5,-18.86],[59.45,-19.0],[59.36,-19.03],[59.26,-18.91],[59.1,-19.06],[58.98,-19.11],[58.95,-19.08],[58.94,-19.01],[58.99,-18.94],[58.94,-18.87],[58.71,-18.84],[58.61,-18.79],[58.42,-18.84],[58.3,-18.77],[58.12,-18.75],[57.79,-18.46],[57.88,-18.34],[58.13,-18.17],[58.27,-18.21],[58.49,-18.43],[58.63,-18.36],[58.9,-18.35]],[[60.21,-18.71],[60.31,-18.67],[60.35,-18.68],[60.36,-18.77],[60.33,-18.85],[59.91,-18.99],[59.78,-18.98],[59.7,-18.91],[59.72,-18.78],[59.8,-18.73],[59.93,-18.72],[60.0,-18.77],[60.19,-18.74],[60.21,-18.71]],[[65.78,-19.08],[65.9,-19.07],[65.93,-19.16],[65.86,-19.21],[65.78,-19.19],[65.75,-19.13],[65.78,-19.08]],[[58.24,-19.14],[58.4,-19.33],[58.42,-19.42],[58.38,-19.48],[58.26,-19.53],[58.22,-19.58],[58.27,-19.85],[57.98,-20.01],[57.96,-20.11],[58.03,-20.3],[58.01,-20.37],[57.73,-20.61],[57.47,-20.66],[57.2,-20.61],[57.17,-20.57],[57.16,-20.37],[57.41,-19.98],[57.45,-19.84],[57.34,-19.54],[57.15,-19.38],[57.12,-19.32],[57.13,-19.21],[57.3,-18.88],[57.37,-18.79],[57.49,-18.72],[57.77,-18.81],[58.08,-18.82],[58.25,-18.96],[58.24,-19.14]],[[62.08,-19.78],[61.42,-19.51],[61.0,-19.39],[60.91,-19.3],[60.94,-19.23],[61.13,-19.25],[61.27,-19.3],[61.54,-19.25],[61.65,-19.26],[61.9,-19.32],[62.24,-19.5],[62.48,-19.57],[62.86,-19.56],[63.1,-19.46],[63.33,-19.45],[63.57,-19.48],[63.77,-19.61],[64.18,-19.58],[64.39,-19.51],[64.52,-19.55],[64.57,-19.63],[64.54,-19.71],[64.42,-19.78],[64.26,-19.77],[64.13,-19.73],[63.86,-19.86],[63.33,-19.98],[63.21,-19.98],[62.08,-19.78]],[[63.75,-19.43],[63.8,-19.37],[63.96,-19.31],[64.02,-19.38],[63.98,-19.46],[63.89,-19.51],[63.8,-19.51],[63.75,-19.43]],[[65.59,-19.5],[65.62,-19.42],[65.66,-19.39],[65.72,-19.4],[65.76,-19.46],[65.76,-19.52],[65.7,-19.55],[65.59,-19.5]],[[65.99,-19.53],[66.05,-19.44],[66.14,-19.42],[66.32,-19.62],[66.34,-19.7],[66.25,-19.73],[66.19,-19.63],[66.04,-19.62],[65.99,-19.53]],[[68.58,-20.6],[68.54,-20.56],[68.53,-20.49],[68.62,-20.44],[68.67,-20.47],[68.68,-20.54],[68.64,-20.59],[68.58,-20.6]],[[55.73,-20.63],[55.82,-20.71],[55.92,-21.02],[56.14,-21.15],[56.15,-21.29],[55.7,-21.57],[55.63,-21.58],[55.53,-21.52],[55.37,-21.53],[55.2,-21.31],[55.01,-21.26],[54.94,-21.04],[54.94,-20.83],[54.97,-20.77],[55.08,-20.69],[55.37,-20.69],[55.43,-20.71],[55.51,-20.62],[55.73,-20.63]],[[68.38,-21.14],[68.35,-21.07],[68.38,-20.99],[68.46,-20.93],[68.58,-20.92],[68.6,-20.96],[68.56,-21.05],[68.47,-21.12],[68.38,-21.14]],[[42.72,-19.49],[42.91,-19.42],[43.03,-19.44],[43.08,-19.36],[43.1,-19.18],[43.01,-18.9],[42.84,-18.67],[42.86,-18.6],[42.82,-18.28],[42.84,-18.05],[42.67,-17.81],[42.68,-17.38],[42.63,-17.26],[42.5,-17.11],[42.5,-17.02],[42.43,-16.87],[42.44,-16.81],[42.62,-16.73],[42.83,-16.79],[42.9,-16.77],[43.13,-16.42],[43.13,-16.3],[43.24,-16.09],[43.32,-16.07],[43.44,-16.13],[43.56,-15.94],[43.66,-15.89],[43.68,-15.84],[43.82,-15.82],[43.99,-15.67],[44.12,-15.63],[44.22,-15.56],[44.46,-15.52],[44.64,-15.43],[44.83,-15.46],[45.05,-15.43],[45.48,-15.48],[45.54,-15.44],[45.62,-15.29],[45.83,-15.18],[46.01,-14.99],[46.32,-14.91],[46.39,-14.76],[46.56,-14.64],[46.66,-14.33],[46.8,-14.28],[46.87,-14.04],[46.99,-13.99],[47.11,-13.82],[47.23,-13.74],[47.34,-13.73],[47.42,-13.8],[47.45,-13.78],[47.55,-13.55],[47.66,-13.46],[47.66,-13.34],[47.83,-13.15],[47.78,-13.07],[47.54,-13.06],[47.46,-12.92],[47.47,-12.61],[47.4,-12.46],[47.55,-12.27],[47.58,-12.04],[47.71,-11.98],[47.86,-11.79],[47.93,-11.76],[48.19,-11.86],[48.19,-11.9],[48.34,-12.0],[48.68,-11.93],[48.89,-11.7],[48.98,-11.71],[49.03,-11.78],[49.07,-11.76],[49.23,-11.53],[49.61,-11.23],[49.69,-11.25],[49.73,-11.43],[49.66,-11.78],[49.78,-11.78],[49.85,-12.14],[50.03,-12.22],[50.07,-12.28],[50.05,-12.38],[49.9,-12.44],[50.02,-12.48],[50.11,-12.62],[50.34,-12.61],[50.42,-12.67],[50.41,-12.76],[50.25,-12.92],[50.21,-13.03],[50.33,-13.18],[50.33,-13.25],[50.42,-13.37],[50.38,-13.58],[50.43,-13.72],[50.42,-13.87],[50.52,-14.06],[50.52,-14.33],[50.5,-14.38],[50.62,-14.45],[50.67,-14.54],[50.67,-14.62],[50.62,-14.69],[50.64,-14.76],[50.62,-14.81],[50.78,-15.05],[50.76,-15.19],[50.81,-15.34],[50.79,-15.55],[50.75,-15.69],[50.68,-15.78],[50.69,-15.89],[50.6,-16.06],[50.59,-16.55],[50.54,-16.66],[50.52,-16.97],[50.43,-17.16],[50.04,-17.5],[50.04,-17.54],[49.99,-17.57],[49.87,-17.83],[49.92,-18.09],[49.81,-18.31],[49.68,-18.46],[49.68,-18.63],[49.39,-19.13],[49.39,-19.27],[49.27,-19.46],[49.27,-19.61],[49.2,-19.7],[49.18,-20.06],[48.98,-20.46],[48.98,-20.69],[48.91,-20.86],[48.88,-21.09],[48.74,-21.26],[48.74,-21.41],[48.65,-21.53],[48.67,-21.6],[48.62,-21.79],[48.64,-21.98],[48.53,-22.25],[48.38,-22.34],[48.19,-22.7],[48.21,-22.97],[48.11,-23.28],[48.17,-23.52],[48.12,-23.83],[48.13,-24.0],[48.05,-24.03],[47.88,-24.0],[47.79,-24.09],[47.78,-24.55],[47.69,-24.7],[47.69,-24.86],[47.59,-24.96],[47.45,-25.34],[47.28,-25.51],[47.26,-25.58],[47.06,-25.71],[46.99,-25.82],[47.02,-25.97],[46.85,-26.04],[46.66,-25.98],[46.57,-25.99],[46.52,-26.04],[46.48,-26.23],[46.39,-26.23],[46.34,-26.18],[46.16,-26.3],[46.1,-26.38],[46.25,-26.34],[46.48,-26.48],[46.54,-26.72],[46.6,-26.77],[46.87,-26.86],[47.04,-27.12],[47.18,-27.14],[47.24,-26.95],[47.31,-26.91],[47.39,-26.94],[47.5,-27.1],[47.64,-27.1],[47.87,-27.19],[47.88,-27.3],[47.71,-27.36],[47.55,-27.35],[47.38,-27.24],[47.36,-27.25],[47.43,-27.41],[47.42,-27.46],[47.28,-27.53],[47.36,-27.82],[47.35,-27.91],[47.31,-27.95],[47.16,-27.96],[47.11,-27.74],[46.94,-27.55],[46.88,-27.59],[46.75,-27.84],[46.51,-27.88],[46.17,-28.11],[46.11,-28.12],[46.0,-28.05],[45.9,-28.1],[45.84,-28.03],[45.89,-27.89],[45.86,-27.77],[45.94,-27.61],[45.91,-27.56],[45.86,-27.56],[45.72,-27.62],[45.67,-27.58],[45.67,-27.48],[45.64,-27.5],[45.6,-27.65],[45.54,-27.7],[45.32,-27.83],[45.22,-27.84],[45.14,-27.73],[45.24,-27.56],[45.23,-27.49],[45.05,-27.6],[44.95,-27.53],[44.95,-27.48],[44.9,-27.55],[44.83,-27.91],[44.77,-28.02],[44.52,-28.2],[44.34,-28.26],[44.28,-28.25],[44.26,-28.15],[44.47,-27.79],[44.48,-27.73],[44.46,-27.65],[44.36,-27.54],[44.33,-27.47],[44.33,-27.24],[44.51,-27.05],[44.47,-26.88],[44.78,-26.71],[44.72,-26.52],[44.64,-26.38],[44.49,-26.28],[44.3,-26.21],[44.3,-25.97],[44.14,-25.68],[44.1,-25.4],[44.0,-25.26],[43.9,-25.18],[43.78,-24.89],[43.75,-24.67],[43.46,-24.48],[43.49,-23.9],[43.42,-23.71],[43.34,-23.66],[43.36,-23.49],[43.18,-23.26],[43.2,-23.02],[43.13,-22.89],[42.79,-22.63],[42.71,-22.37],[42.65,-22.29],[42.74,-22.1],[42.74,-21.98],[42.83,-21.83],[42.81,-21.67],[42.74,-21.51],[42.74,-21.43],[42.79,-21.39],[42.56,-21.18],[42.58,-21.0],[42.53,-20.9],[42.5,-20.62],[42.43,-20.41],[42.41,-20.14],[42.58,-19.93],[42.59,-19.64],[42.72,-19.49]],[[55.44,-23.38],[55.41,-23.31],[55.46,-23.23],[55.56,-23.19],[55.64,-23.22],[55.64,-23.29],[55.59,-23.35],[55.51,-23.38],[55.44,-23.38]],[[47.23,-26.0],[47.28,-25.92],[47.37,-25.86],[47.55,-25.82],[47.61,-25.9],[47.55,-26.0],[47.31,-26.11],[47.24,-26.08],[47.23,-26.0]],[[46.37,-28.09],[46.46,-28.03],[46.51,-28.06],[46.53,-28.15],[46.48,-28.19],[46.42,-28.19],[46.37,-28.15],[46.37,-28.09]],[[48.34,-28.18],[48.41,-28.13],[48.51,-28.13],[48.55,-28.24],[48.49,-28.31],[48.38,-28.32],[48.32,-28.27],[48.34,-28.18]],[[47.63,-28.23],[47.66,-28.3],[47.66,-28.37],[47.58,-28.4],[47.5,-28.34],[47.5,-28.28],[47.56,-28.22],[47.63,-28.23]],[[45.4,-28.26],[45.41,-28.39],[45.36,-28.42],[45.34,-28.49],[45.18,-28.51],[45.07,-28.45],[45.07,-28.31],[45.21,-28.12],[45.34,-28.08],[45.4,-28.26]],[[36.24,-28.52],[36.31,-28.6],[36.29,-28.68],[36.19,-28.68],[36.07,-28.78],[35.97,-28.74],[35.9,-28.67],[35.9,-28.55],[35.99,-28.48],[36.12,-28.47],[36.24,-28.52]],[[35.66,-28.68],[35.81,-28.8],[36.0,-28.85],[36.14,-28.94],[36.24,-28.94],[36.41,-29.04],[36.46,-29.37],[36.41,-29.54],[36.44,-29.72],[36.39,-29.77],[36.03,-29.73],[35.93,-29.74],[35.76,-29.83],[35.67,-29.8],[35.52,-29.61],[35.35,-29.66],[35.37,-29.8],[35.28,-29.81],[35.22,-29.77],[35.18,-29.67],[35.26,-29.64],[35.23,-29.4],[35.26,-29.26],[35.35,-29.11],[35.33,-28.92],[35.45,-28.92],[35.54,-28.72],[35.66,-28.68]],[[44.14,-29.33],[44.08,-29.24],[44.11,-29.13],[44.16,-29.09],[44.28,-29.08],[44.3,-29.12],[44.28,-29.25],[44.19,-29.33],[44.14,-29.33]],[[61.32,-29.2],[61.36,-29.14],[61.43,-29.14],[61.48,-29.18],[61.48,-29.26],[61.46,-29.29],[61.38,-29.29],[61.32,-29.24],[61.32,-29.2]],[[44.67,-29.25],[44.71,-29.3],[44.69,-29.37],[44.62,-29.42],[44.55,-29.41],[44.52,-29.36],[44.54,-29.29],[44.61,-29.24],[44.67,-29.25]],[[45.74,-29.35],[45.74,-29.33],[45.85,-29.34],[46.01,-29.42],[46.08,-29.5],[46.04,-29.64],[45.98,-29.68],[45.89,-29.67],[45.74,-29.57],[45.69,-29.5],[45.69,-29.42],[45.74,-29.35]],[[45.36,-30.41],[45.31,-30.31],[45.34,-30.26],[45.5,-30.24],[45.62,-30.29],[45.67,-30.19],[45.77,-30.17],[45.82,-30.07],[45.79,-29.91],[45.83,-29.82],[46.15,-29.74],[46.29,-29.99],[46.37,-30.26],[46.34,-30.38],[46.42,-30.62],[46.42,-30.74],[46.26,-30.98],[46.15,-30.96],[46.08,-30.59],[46.0,-30.51],[45.94,-30.55],[46.03,-30.72],[46.03,-30.84],[45.92,-30.98],[45.81,-31.01],[45.58,-30.92],[45.55,-30.77],[45.48,-30.84],[45.41,-30.86],[45.38,-30.67],[45.19,-30.56],[45.14,-30.49],[45.19,-30.42],[45.36,-30.41]],[[60.26,-30.1],[60.29,-29.98],[60.35,-29.94],[60.41,-29.95],[60.38,-30.06],[60.32,-30.11],[60.26,-30.1]],[[60.09,-30.83],[60.04,-30.77],[60.07,-30.7],[60.14,-30.67],[60.23,-30.7],[60.22,-30.82],[60.09,-30.83]],[[43.73,-30.24],[43.68,-30.41],[43.72,-30.47],[43.81,-30.5],[43.82,-30.6],[43.69,-30.71],[43.55,-30.96],[43.5,-31.16],[43.42,-31.27],[43.41,-31.47],[43.38,-31.53],[43.32,-31.57],[43.15,-31.56],[42.96,-31.34],[42.94,-31.24],[42.94,-31.1],[43.12,-30.66],[43.27,-30.5],[43.29,-30.32],[43.44,-30.27],[43.56,-30.08],[43.7,-30.08],[43.73,-30.24]],[[58.2,-31.03],[58.32,-31.03],[58.32,-31.13],[58.22,-31.25],[58.13,-31.27],[58.09,-31.23],[58.09,-31.15],[58.2,-31.03]],[[45.89,-31.19],[45.99,-31.24],[45.96,-31.6],[45.98,-31.7],[45.85,-32.71],[45.87,-32.8],[45.98,-32.95],[45.97,-33.14],[46.06,-33.34],[45.96,-33.67],[46.01,-33.75],[46.15,-33.77],[46.17,-33.84],[46.1,-33.93],[46.11,-33.98],[46.34,-34.13],[46.37,-34.19],[46.36,-34.24],[46.22,-34.27],[46.1,-34.37],[45.89,-34.4],[45.77,-34.46],[45.83,-34.58],[45.78,-34.67],[45.55,-34.8],[45.38,-34.8],[45.22,-34.9],[44.81,-34.82],[44.66,-34.7],[44.52,-34.7],[44.44,-34.66],[44.15,-34.81],[44.04,-34.78],[43.98,-34.69],[43.96,-34.57],[44.05,-34.23],[43.99,-34.07],[43.87,-33.93],[43.64,-33.9],[43.59,-33.86],[43.52,-33.73],[43.39,-33.62],[43.37,-33.43],[43.15,-33.14],[43.16,-32.95],[43.22,-32.78],[43.2,-32.58],[43.22,-32.42],[43.14,-32.19],[43.13,-32.06],[43.16,-32.02],[43.32,-31.98],[43.51,-31.78],[43.66,-31.77],[43.75,-31.7],[44.06,-31.73],[44.14,-31.68],[44.26,-31.68],[44.3,-31.58],[44.62,-31.56],[44.76,-31.87],[44.79,-31.9],[44.87,-31.91],[44.88,-31.84],[44.82,-31.67],[44.83,-31.56],[44.87,-31.53],[44.98,-31.56],[45.04,-31.53],[45.17,-31.2],[45.36,-31.18],[45.42,-31.24],[45.38,-31.33],[45.22,-31.54],[45.2,-31.68],[45.29,-31.58],[45.34,-31.44],[45.5,-31.37],[45.58,-31.21],[45.65,-31.19],[45.89,-31.19]],[[58.65,-31.69],[58.57,-31.63],[58.57,-31.54],[58.64,-31.36],[58.7,-31.32],[58.83,-31.45],[58.86,-31.59],[58.8,-31.68],[58.65,-31.69]],[[57.71,-31.97],[57.67,-31.93],[57.69,-31.87],[57.86,-31.78],[57.88,-31.84],[57.85,-31.92],[57.71,-31.97]],[[57.8,-32.21],[57.76,-32.16],[57.79,-32.08],[57.87,-32.02],[57.99,-32.02],[58.01,-32.08],[57.97,-32.16],[57.89,-32.21],[57.8,-32.21]],[[57.3,-32.86],[57.25,-32.83],[57.22,-32.73],[57.26,-32.62],[57.33,-32.57],[57.38,-32.61],[57.39,-32.71],[57.36,-32.82],[57.3,-32.86]],[[56.14,-33.5],[56.1,-33.46],[56.21,-33.29],[56.19,-33.2],[56.32,-33.13],[56.38,-33.14],[56.37,-33.32],[56.31,-33.48],[56.26,-33.51],[56.14,-33.5]],[[55.45,-33.51],[55.5,-33.57],[55.44,-33.62],[55.49,-33.77],[55.42,-33.93],[55.4,-34.26],[55.32,-34.3],[55.19,-34.09],[55.18,-33.89],[55.3,-33.67],[55.37,-33.65],[55.35,-33.54],[55.45,-33.51]],[[55.94,-34.22],[55.96,-34.17],[56.07,-34.13],[56.21,-34.15],[56.18,-34.46],[56.1,-34.57],[56.03,-34.58],[55.98,-34.54],[55.99,-34.37],[55.94,-34.22]],[[55.3,-34.44],[55.34,-34.5],[55.34,-34.62],[55.32,-34.68],[55.25,-34.71],[55.14,-34.63],[55.14,-34.53],[55.3,-34.44]],[[54.67,-34.44],[54.58,-34.46],[54.52,-34.41],[54.49,-34.29],[54.53,-34.22],[54.62,-34.22],[54.7,-34.28],[54.72,-34.37],[54.67,-34.44]],[[54.59,-33.96],[54.65,-34.03],[54.64,-34.08],[54.58,-34.12],[54.51,-34.09],[54.48,-34.03],[54.52,-33.97],[54.59,-33.96]],[[54.28,-34.87],[54.39,-34.84],[54.58,-34.99],[54.55,-35.09],[54.48,-35.16],[54.43,-35.32],[54.36,-35.37],[54.29,-35.36],[54.24,-35.26],[54.25,-35.14],[54.34,-35.04],[54.27,-34.92],[54.28,-34.87]],[[55.05,-35.2],[55.0,-35.13],[55.01,-34.99],[55.02,-34.95],[55.1,-34.9],[55.13,-34.91],[55.15,-35.02],[55.1,-35.19],[55.05,-35.2]],[[53.33,-35.41],[53.3,-35.63],[53.13,-35.71],[53.05,-35.7],[53.02,-35.58],[53.11,-35.45],[53.12,-35.21],[53.16,-35.16],[53.23,-35.14],[53.29,-35.17],[53.33,-35.41]],[[54.18,-35.56],[54.2,-35.49],[54.28,-35.47],[54.36,-35.48],[54.4,-35.53],[54.38,-35.62],[54.33,-35.66],[54.35,-35.9],[54.29,-36.01],[54.22,-35.99],[54.19,-35.93],[54.2,-35.77],[54.24,-35.69],[54.18,-35.56]],[[53.81,-35.7],[53.69,-35.86],[53.73,-36.06],[53.69,-36.12],[53.61,-36.14],[53.56,-36.05],[53.57,-35.93],[53.52,-35.8],[53.55,-35.65],[53.67,-35.57],[53.76,-35.57],[53.81,-35.62],[53.81,-35.7]],[[52.2,-36.17],[52.25,-36.29],[52.24,-36.87],[52.19,-37.02],[52.08,-37.13],[51.71,-37.15],[51.68,-37.11],[51.73,-37.02],[52.01,-36.89],[52.03,-36.79],[51.94,-36.6],[51.94,-36.31],[52.02,-36.05],[52.16,-36.01],[52.2,-36.17]],[[52.89,-36.32],[52.92,-36.24],[53.0,-36.21],[53.07,-36.25],[53.1,-36.36],[53.02,-36.4],[52.94,-36.38],[52.89,-36.32]],[[52.8,-36.35],[52.85,-36.43],[52.81,-36.5],[52.68,-36.53],[52.56,-36.48],[52.57,-36.39],[52.8,-36.35]],[[52.86,-36.51],[52.87,-36.46],[52.93,-36.42],[52.99,-36.45],[53.03,-36.52],[52.97,-36.58],[52.89,-36.56],[52.86,-36.51]],[[52.66,-36.57],[52.78,-36.63],[52.89,-36.73],[52.9,-36.79],[52.88,-36.86],[52.7,-37.08],[52.68,-37.21],[52.63,-37.24],[52.56,-37.2],[52.58,-37.08],[52.54,-36.98],[52.61,-36.82],[52.53,-36.66],[52.56,-36.6],[52.66,-36.57]],[[52.22,-37.22],[52.27,-37.3],[52.25,-37.35],[52.17,-37.39],[52.08,-37.37],[52.06,-37.27],[52.22,-37.22]],[[49.65,-37.79],[49.82,-37.75],[49.94,-37.8],[50.06,-37.73],[50.27,-37.71],[50.3,-37.68],[50.09,-37.6],[50.08,-37.56],[50.16,-37.46],[49.89,-37.45],[49.81,-37.41],[49.81,-37.34],[49.84,-37.3],[50.14,-37.25],[50.42,-37.3],[50.6,-37.24],[50.66,-37.25],[50.7,-37.3],[50.72,-37.46],[50.62,-37.61],[50.71,-37.84],[50.64,-37.98],[50.24,-38.22],[50.19,-38.17],[50.17,-38.05],[49.99,-38.14],[49.96,-38.27],[49.91,-38.29],[49.66,-38.21],[49.45,-38.22],[49.34,-38.18],[49.35,-38.23],[49.56,-38.28],[49.59,-38.33],[49.43,-38.48],[49.2,-38.54],[49.15,-38.38],[49.19,-37.96],[49.25,-37.91],[49.33,-37.89],[49.49,-37.99],[49.63,-38.02],[49.65,-37.79]],[[49.09,-37.76],[49.01,-37.88],[48.9,-37.92],[48.82,-37.9],[48.82,-37.8],[48.86,-37.75],[48.82,-37.63],[48.88,-37.51],[48.96,-37.48],[49.03,-37.5],[49.03,-37.61],[48.98,-37.66],[49.09,-37.76]],[[48.51,-37.79],[48.55,-37.88],[48.54,-37.97],[48.43,-37.99],[48.35,-37.91],[48.36,-37.84],[48.43,-37.77],[48.51,-37.79]],[[47.97,-37.91],[48.02,-38.01],[47.98,-38.31],[47.86,-38.49],[47.6,-38.67],[47.38,-38.71],[47.32,-38.68],[47.3,-38.61],[47.42,-38.47],[47.33,-38.43],[47.3,-38.38],[47.36,-38.15],[47.76,-38.09],[47.81,-38.05],[47.86,-37.93],[47.97,-37.91]],[[49.04,-38.11],[49.1,-38.13],[49.09,-38.17],[48.91,-38.35],[48.98,-38.46],[48.96,-38.52],[48.77,-38.59],[48.53,-38.81],[48.47,-38.81],[48.36,-38.74],[48.21,-38.77],[48.17,-38.74],[48.18,-38.63],[48.31,-38.37],[48.43,-38.22],[48.59,-38.13],[48.65,-38.14],[48.69,-38.19],[48.67,-38.27],[48.55,-38.4],[48.52,-38.56],[48.56,-38.57],[48.7,-38.45],[48.68,-38.3],[48.89,-38.14],[49.04,-38.11]],[[47.66,-38.81],[47.67,-38.89],[47.8,-38.89],[47.85,-38.94],[47.83,-39.0],[47.74,-39.02],[47.78,-39.14],[47.67,-39.29],[47.66,-39.38],[47.56,-39.35],[47.49,-39.23],[47.52,-39.12],[47.64,-39.02],[47.71,-39.02],[47.66,-38.93],[47.52,-38.98],[47.4,-39.14],[47.23,-39.17],[47.06,-39.12],[47.07,-39.03],[47.16,-38.93],[47.16,-38.83],[47.46,-38.74],[47.66,-38.81]],[[49.78,-38.93],[49.89,-38.94],[49.91,-38.99],[49.87,-39.05],[49.81,-39.06],[49.75,-39.03],[49.78,-38.93]],[[48.05,-38.94],[48.1,-38.98],[48.1,-39.04],[48.07,-39.1],[48.01,-39.1],[47.95,-39.07],[47.93,-39.01],[47.98,-38.95],[48.05,-38.94]],[[46.34,-39.45],[46.37,-39.38],[46.34,-39.19],[46.46,-39.1],[46.49,-38.98],[46.65,-38.93],[46.78,-38.95],[46.79,-39.04],[46.71,-39.21],[46.53,-39.3],[46.49,-39.46],[46.34,-39.45]],[[46.01,-39.19],[46.07,-39.26],[46.03,-39.32],[45.94,-39.34],[45.87,-39.31],[45.87,-39.23],[46.01,-39.19]],[[43.21,-39.28],[43.27,-39.36],[43.26,-39.41],[43.14,-39.47],[43.03,-39.44],[43.01,-39.4],[43.06,-39.34],[43.21,-39.28]],[[47.52,-39.46],[47.61,-39.42],[47.7,-39.44],[47.76,-39.5],[47.76,-39.57],[47.67,-39.64],[47.54,-39.63],[47.49,-39.54],[47.52,-39.46]],[[45.84,-39.53],[45.93,-39.63],[46.06,-39.7],[45.97,-39.85],[45.86,-39.89],[45.77,-39.86],[45.7,-39.79],[45.73,-39.57],[45.78,-39.53],[45.84,-39.53]],[[46.31,-39.85],[46.27,-39.78],[46.31,-39.7],[46.41,-39.66],[46.47,-39.67],[46.49,-39.74],[46.44,-39.82],[46.39,-39.85],[46.31,-39.85]],[[43.19,-39.68],[43.24,-39.74],[43.22,-39.89],[43.03,-40.18],[42.96,-40.34],[42.66,-40.43],[42.6,-40.39],[42.6,-40.3],[42.46,-40.27],[42.42,-39.95],[42.49,-39.82],[42.57,-39.79],[42.64,-39.81],[42.67,-39.98],[42.72,-39.98],[42.89,-39.7],[43.19,-39.68]],[[45.53,-40.09],[45.48,-40.06],[45.47,-40.02],[45.53,-39.96],[45.71,-39.93],[45.77,-39.96],[45.79,-40.02],[45.75,-40.07],[45.53,-40.09]],[[46.15,-40.08],[46.21,-40.01],[46.34,-39.97],[46.43,-39.99],[46.49,-40.06],[46.44,-40.17],[46.31,-40.22],[46.18,-40.2],[46.15,-40.16],[46.15,-40.08]],[[45.73,-40.2],[45.77,-40.25],[45.71,-40.54],[45.6,-40.58],[45.51,-40.55],[45.45,-40.42],[45.47,-40.35],[45.52,-40.33],[45.53,-40.3],[45.43,-40.23],[45.43,-40.18],[45.52,-40.12],[45.56,-40.13],[45.58,-40.22],[45.73,-40.2]],[[47.16,-40.54],[47.11,-40.49],[47.12,-40.41],[47.22,-40.34],[47.26,-40.35],[47.29,-40.47],[47.22,-40.54],[47.16,-40.54]],[[45.06,-40.57],[45.04,-40.68],[44.97,-40.73],[44.93,-40.7],[44.93,-40.58],[45.06,-40.57]],[[43.45,-40.61],[43.51,-40.7],[43.5,-40.78],[43.45,-40.82],[43.32,-40.81],[43.21,-40.72],[43.19,-40.67],[43.27,-40.58],[43.36,-40.57],[43.45,-40.61]],[[45.2,-40.82],[45.23,-40.77],[45.29,-40.74],[45.39,-40.74],[45.42,-40.78],[45.37,-40.88],[45.29,-40.92],[45.26,-41.05],[45.15,-41.07],[45.11,-41.03],[45.1,-40.96],[45.14,-40.9],[45.22,-40.87],[45.2,-40.82]],[[43.05,-41.02],[43.17,-41.09],[43.2,-41.2],[42.94,-41.63],[42.89,-41.88],[42.91,-42.22],[42.84,-42.38],[42.82,-42.67],[42.74,-42.77],[42.65,-43.04],[42.58,-43.08],[42.53,-43.03],[42.51,-42.87],[42.68,-42.22],[42.68,-42.04],[42.74,-41.87],[42.86,-41.15],[42.96,-41.03],[43.05,-41.02]],[[43.41,-41.71],[43.34,-41.64],[43.33,-41.5],[43.39,-41.42],[43.52,-41.41],[43.57,-41.51],[43.55,-41.64],[43.52,-41.69],[43.41,-41.71]],[[43.87,-41.7],[43.91,-41.6],[43.98,-41.59],[44.02,-41.62],[44.03,-41.67],[43.99,-41.73],[43.87,-41.7]],[[42.04,-42.82],[42.1,-42.84],[42.14,-42.91],[42.05,-43.2],[42.1,-43.39],[42.07,-43.5],[42.01,-43.58],[41.84,-43.63],[41.76,-43.59],[41.75,-43.53],[41.76,-43.44],[41.83,-43.34],[41.79,-43.22],[41.83,-43.08],[41.84,-42.91],[41.9,-42.85],[42.04,-42.82]],[[41.57,-42.92],[41.63,-42.98],[41.63,-43.12],[41.5,-43.3],[41.45,-43.56],[41.29,-43.62],[41.18,-43.82],[40.93,-43.89],[40.86,-43.97],[40.92,-44.05],[40.87,-44.16],[40.92,-44.2],[41.07,-44.15],[41.14,-44.16],[41.19,-44.26],[41.17,-44.39],[41.1,-44.44],[40.97,-44.4],[40.91,-44.56],[40.66,-44.54],[40.56,-44.4],[40.44,-44.33],[40.46,-44.24],[40.56,-44.26],[40.61,-44.23],[40.6,-43.95],[40.66,-43.87],[40.73,-43.87],[40.61,-43.7],[40.66,-43.51],[40.56,-43.34],[40.57,-43.24],[40.68,-43.15],[40.82,-43.15],[40.97,-43.34],[41.18,-43.39],[41.38,-43.16],[41.46,-42.94],[41.57,-42.92]],[[41.69,-43.99],[41.65,-43.9],[41.68,-43.76],[41.74,-43.7],[41.84,-43.68],[41.89,-43.73],[41.88,-43.86],[41.79,-43.99],[41.69,-43.99]],[[45.73,-43.96],[45.83,-43.95],[45.84,-44.02],[45.97,-44.08],[46.0,-44.24],[46.13,-44.32],[46.19,-44.28],[46.27,-44.29],[46.32,-44.38],[46.42,-44.4],[46.46,-44.47],[46.63,-44.5],[46.66,-44.66],[46.9,-44.71],[46.91,-44.77],[46.85,-44.89],[46.87,-44.93],[47.08,-44.94],[47.18,-45.03],[47.23,-45.14],[47.38,-45.12],[47.43,-45.24],[47.54,-45.36],[47.58,-45.5],[47.57,-45.72],[47.26,-45.86],[47.16,-46.03],[46.85,-46.07],[46.81,-46.14],[46.81,-46.27],[46.78,-46.3],[46.61,-46.22],[46.58,-46.37],[46.46,-46.54],[46.3,-46.56],[46.22,-46.72],[46.05,-46.69],[45.98,-46.55],[45.91,-46.52],[45.55,-46.54],[45.13,-46.45],[45.14,-46.3],[45.1,-46.26],[45.0,-46.27],[44.99,-45.95],[44.95,-45.89],[44.88,-45.89],[44.7,-46.04],[44.59,-46.06],[44.44,-46.02],[44.3,-45.86],[44.18,-45.91],[44.11,-45.9],[44.05,-45.83],[44.13,-45.7],[44.0,-45.61],[43.95,-45.45],[43.89,-45.41],[43.45,-45.42],[43.39,-45.58],[43.22,-45.65],[43.33,-45.83],[43.3,-45.88],[43.24,-45.91],[43.11,-45.88],[43.01,-45.77],[42.89,-45.74],[42.82,-45.67],[42.7,-45.67],[42.41,-45.53],[42.22,-45.58],[42.36,-45.6],[42.38,-45.79],[42.47,-45.88],[42.55,-45.92],[42.77,-45.9],[43.03,-46.01],[43.06,-46.06],[43.14,-46.31],[43.13,-46.38],[42.94,-46.58],[42.88,-46.74],[42.82,-46.77],[42.65,-46.76],[42.58,-46.58],[42.3,-46.32],[42.25,-46.33],[42.14,-46.42],[41.99,-46.43],[41.84,-46.4],[41.74,-46.32],[41.72,-46.18],[41.83,-46.03],[41.83,-45.89],[42.05,-45.65],[42.19,-45.62],[42.06,-45.5],[41.83,-45.55],[41.83,-45.67],[41.77,-45.87],[41.69,-45.92],[41.07,-45.95],[40.88,-46.02],[40.82,-46.0],[40.78,-45.94],[40.75,-45.74],[40.87,-45.58],[40.77,-45.4],[40.79,-45.32],[40.95,-45.27],[41.09,-45.26],[41.17,-45.32],[41.26,-45.46],[41.53,-45.54],[41.63,-45.51],[41.56,-45.5],[41.24,-45.35],[41.15,-45.22],[41.16,-45.16],[41.22,-45.14],[41.41,-45.24],[41.42,-44.99],[41.47,-44.95],[41.63,-44.94],[41.7,-44.96],[41.78,-45.1],[41.94,-45.19],[42.0,-45.19],[42.06,-45.14],[42.07,-45.02],[42.15,-44.9],[42.15,-44.84],[42.05,-44.71],[42.05,-44.58],[41.96,-44.67],[41.86,-44.65],[41.88,-44.49],[41.95,-44.4],[42.33,-44.41],[42.36,-44.54],[42.5,-44.69],[42.48,-44.78],[42.43,-44.83],[42.45,-44.84],[42.62,-44.81],[42.74,-44.83],[42.84,-44.93],[42.89,-44.83],[42.96,-44.79],[43.03,-44.79],[43.11,-44.86],[43.26,-44.8],[43.37,-44.94],[43.46,-44.86],[43.52,-44.68],[43.72,-44.6],[43.87,-44.59],[44.11,-44.42],[44.36,-44.44],[44.59,-44.52],[44.86,-44.47],[44.85,-44.44],[44.79,-44.41],[44.58,-44.39],[44.45,-44.21],[44.43,-44.1],[44.45,-44.06],[44.82,-44.09],[44.93,-44.14],[45.04,-44.07],[45.1,-44.06],[45.31,-44.21],[45.59,-44.23],[45.58,-44.06],[45.73,-43.96]],[[47.91,-44.73],[47.83,-44.65],[47.87,-44.54],[47.98,-44.5],[48.1,-44.52],[48.14,-44.62],[48.11,-44.68],[48.06,-44.71],[47.91,-44.73]],[[49.09,-45.12],[49.11,-45.06],[49.22,-44.99],[49.31,-45.01],[49.34,-45.07],[49.31,-45.15],[49.22,-45.19],[49.13,-45.18],[49.09,-45.12]],[[49.81,-45.19],[50.11,-45.29],[50.27,-45.22],[50.35,-45.26],[50.47,-45.26],[50.62,-45.36],[50.8,-45.29],[50.88,-45.29],[51.05,-45.36],[51.22,-45.48],[51.41,-45.53],[51.53,-45.62],[51.68,-45.62],[51.74,-45.72],[51.55,-45.93],[51.55,-46.0],[51.74,-45.95],[51.94,-46.1],[52.13,-46.1],[52.42,-46.22],[52.62,-46.49],[52.95,-46.54],[53.02,-46.58],[53.07,-46.71],[53.06,-46.8],[53.01,-46.86],[52.72,-46.93],[52.58,-46.87],[52.44,-46.7],[52.08,-46.71],[52.04,-46.76],[52.09,-46.92],[52.03,-47.01],[51.88,-47.02],[51.43,-46.93],[51.07,-47.07],[51.01,-47.05],[50.93,-46.87],[50.78,-46.82],[50.49,-46.81],[50.36,-46.76],[50.31,-46.91],[50.16,-46.96],[50.09,-46.94],[49.87,-46.8],[49.7,-46.8],[49.42,-46.68],[49.15,-46.68],[49.11,-46.64],[49.1,-46.54],[48.76,-46.19],[48.75,-46.08],[48.94,-45.85],[49.15,-45.84],[49.17,-45.79],[49.1,-45.63],[49.12,-45.58],[49.43,-45.39],[49.54,-45.29],[49.68,-45.26],[49.81,-45.19]],[[79.1,-45.58],[79.08,-45.52],[79.13,-45.48],[79.19,-45.45],[79.24,-45.47],[79.27,-45.54],[79.25,-45.57],[79.1,-45.58]],[[66.68,-45.74],[66.8,-45.66],[66.86,-45.7],[66.83,-45.77],[66.72,-45.82],[66.65,-45.9],[66.6,-45.89],[66.59,-45.76],[66.68,-45.74]],[[67.18,-45.86],[67.43,-45.83],[67.63,-45.72],[67.96,-45.78],[68.06,-45.89],[68.11,-45.89],[68.15,-46.04],[68.22,-46.12],[68.59,-46.44],[69.0,-46.61],[69.24,-46.63],[69.43,-46.59],[69.59,-46.7],[69.7,-46.82],[69.78,-46.77],[69.86,-46.78],[69.91,-46.93],[69.96,-46.97],[70.16,-46.92],[70.34,-46.8],[70.42,-46.7],[70.56,-46.7],[70.69,-46.55],[70.86,-46.53],[70.93,-46.56],[70.99,-46.73],[71.04,-46.73],[71.08,-46.77],[71.21,-46.98],[71.47,-47.01],[71.47,-46.82],[71.75,-46.51],[71.88,-46.47],[71.9,-46.49],[71.93,-46.7],[71.83,-46.99],[71.87,-47.01],[72.02,-46.92],[72.17,-46.94],[72.29,-46.8],[72.36,-46.79],[72.46,-46.83],[72.5,-46.97],[72.39,-47.1],[72.55,-47.11],[72.82,-47.36],[72.84,-47.42],[72.77,-47.52],[72.51,-47.62],[72.46,-47.66],[72.47,-47.71],[72.55,-47.77],[72.79,-47.83],[72.93,-47.76],[73.15,-47.74],[73.51,-47.59],[73.91,-47.49],[74.39,-47.49],[74.68,-47.45],[75.02,-47.48],[75.53,-47.38],[75.54,-47.45],[75.47,-47.51],[75.19,-47.62],[74.95,-47.81],[74.84,-47.79],[74.86,-47.61],[74.47,-47.66],[74.3,-47.74],[74.18,-47.74],[73.99,-47.83],[73.9,-47.83],[73.87,-48.0],[73.94,-48.17],[73.89,-48.25],[73.73,-48.36],[73.66,-48.33],[73.66,-48.19],[73.54,-48.26],[73.39,-48.19],[71.97,-48.2],[71.92,-48.24],[72.1,-48.39],[72.12,-48.48],[72.1,-48.53],[72.34,-48.5],[72.54,-48.58],[72.57,-48.64],[72.56,-48.71],[72.36,-48.87],[72.24,-48.91],[72.6,-48.88],[72.67,-48.92],[72.75,-49.01],[72.68,-49.12],[72.62,-49.16],[72.67,-49.21],[73.01,-49.32],[73.14,-49.32],[73.34,-49.37],[73.41,-49.42],[73.46,-49.56],[73.54,-49.61],[73.82,-49.56],[73.92,-49.58],[74.84,-50.05],[74.86,-50.16],[74.81,-50.2],[74.85,-50.24],[75.02,-50.28],[75.15,-50.35],[75.23,-50.24],[75.3,-50.23],[75.67,-50.42],[75.72,-50.5],[75.9,-50.61],[75.91,-50.76],[75.84,-50.81],[75.89,-50.86],[76.15,-50.93],[76.1,-51.07],[76.01,-51.19],[76.22,-51.46],[76.42,-51.53],[76.68,-51.55],[76.87,-51.67],[77.1,-51.7],[77.81,-51.91],[77.93,-52.03],[77.96,-52.21],[78.26,-52.39],[78.38,-52.39],[78.58,-52.56],[79.13,-52.66],[79.34,-52.73],[79.49,-52.73],[79.99,-52.87],[80.15,-52.8],[80.29,-52.82],[80.42,-52.92],[80.74,-52.99],[81.36,-53.35],[81.53,-53.4],[81.6,-53.47],[81.9,-53.56],[81.96,-53.62],[81.97,-53.7],[81.92,-53.71],[81.48,-53.64],[81.38,-53.57],[81.19,-53.57],[81.1,-53.5],[80.86,-53.47],[80.35,-53.3],[80.23,-53.3],[79.98,-53.16],[79.54,-53.07],[79.37,-52.97],[79.31,-53.12],[79.27,-53.14],[79.03,-53.06],[78.79,-53.09],[78.62,-53.06],[78.44,-53.12],[78.43,-53.17],[78.51,-53.28],[78.5,-53.33],[78.3,-53.37],[78.29,-53.43],[78.35,-53.5],[78.65,-53.64],[78.81,-53.85],[78.81,-54.06],[78.76,-54.13],[78.62,-54.21],[78.38,-54.22],[78.31,-54.18],[78.02,-53.88],[77.92,-53.83],[77.93,-53.96],[77.9,-54.0],[77.58,-54.09],[77.57,-54.13],[77.64,-54.23],[77.62,-54.34],[77.83,-54.56],[77.78,-54.65],[77.71,-54.7],[77.71,-54.84],[77.59,-54.96],[77.5,-55.03],[77.29,-55.03],[77.47,-55.22],[77.46,-55.47],[77.4,-55.58],[76.82,-55.66],[76.68,-55.58],[76.51,-55.63],[76.39,-55.56],[76.18,-55.6],[76.12,-55.56],[76.03,-55.37],[76.03,-55.27],[75.99,-55.23],[75.74,-55.1],[75.58,-55.25],[75.31,-55.27],[75.07,-55.2],[75.05,-54.98],[74.93,-55.03],[74.74,-55.01],[74.55,-55.09],[73.81,-55.15],[73.59,-55.23],[73.53,-55.19],[73.44,-54.95],[73.46,-54.85],[73.56,-54.73],[73.49,-54.62],[73.35,-54.54],[73.33,-54.46],[73.35,-54.4],[73.46,-54.38],[73.63,-54.24],[73.7,-54.22],[73.85,-54.02],[73.78,-53.77],[73.36,-54.01],[73.07,-54.05],[72.83,-53.98],[72.4,-54.22],[71.94,-54.29],[71.44,-54.21],[71.42,-54.15],[71.46,-54.09],[71.69,-54.02],[71.86,-53.93],[72.14,-53.86],[72.22,-53.78],[72.16,-53.76],[71.81,-53.81],[71.66,-53.76],[71.52,-53.78],[71.26,-53.52],[71.27,-53.39],[71.42,-53.23],[71.52,-53.04],[71.74,-53.02],[71.93,-52.97],[71.92,-52.94],[71.54,-52.73],[71.53,-52.55],[71.5,-52.51],[71.33,-52.54],[71.21,-52.61],[70.94,-52.46],[70.9,-52.24],[70.92,-52.03],[71.03,-51.78],[70.96,-51.69],[70.82,-51.68],[70.66,-51.76],[70.55,-51.78],[69.98,-51.75],[69.86,-51.78],[69.65,-51.94],[69.49,-52.0],[69.37,-52.01],[69.3,-51.99],[69.22,-51.86],[69.23,-51.73],[69.62,-51.38],[69.67,-51.22],[69.74,-51.1],[69.7,-50.98],[69.46,-50.78],[69.09,-50.71],[68.95,-50.74],[68.74,-50.7],[68.69,-50.76],[68.66,-50.88],[68.49,-50.92],[68.38,-51.07],[68.21,-51.07],[68.16,-51.22],[68.09,-51.24],[67.97,-51.35],[67.88,-51.35],[67.85,-51.22],[67.63,-51.23],[67.42,-50.88],[67.22,-50.73],[67.2,-50.65],[67.26,-50.53],[67.13,-50.59],[66.99,-50.54],[66.99,-50.46],[67.11,-50.4],[67.13,-50.35],[67.08,-50.24],[66.86,-50.02],[66.72,-50.04],[66.57,-49.98],[66.44,-50.01],[66.12,-50.19],[65.82,-50.4],[65.63,-50.37],[65.44,-50.23],[65.36,-50.25],[65.3,-50.32],[65.35,-50.4],[65.35,-50.52],[65.27,-50.58],[64.83,-50.62],[64.68,-50.59],[64.61,-50.54],[64.44,-50.53],[64.32,-50.38],[63.79,-50.32],[63.61,-50.24],[63.55,-50.15],[63.58,-50.04],[63.65,-49.98],[63.61,-49.89],[63.28,-49.83],[63.25,-49.76],[63.31,-49.63],[63.27,-49.56],[62.85,-49.32],[62.77,-49.21],[62.64,-49.15],[62.51,-49.0],[62.32,-48.91],[62.18,-48.8],[62.18,-48.72],[62.47,-48.62],[62.69,-48.71],[62.95,-48.72],[63.14,-48.86],[63.29,-48.86],[63.58,-49.06],[63.69,-49.07],[63.82,-49.18],[64.03,-49.22],[64.05,-49.28],[64.02,-49.42],[63.74,-49.44],[63.89,-49.54],[64.23,-49.47],[64.41,-49.39],[64.49,-49.42],[64.63,-49.39],[64.8,-49.49],[65.06,-49.44],[65.21,-49.47],[65.28,-49.44],[65.35,-49.37],[65.38,-49.25],[65.35,-49.18],[65.23,-49.08],[65.18,-48.94],[65.04,-48.89],[65.01,-49.0],[64.93,-49.03],[64.69,-48.89],[64.66,-48.85],[64.66,-48.77],[64.78,-48.65],[64.8,-48.48],[64.92,-48.46],[64.78,-48.25],[64.79,-48.14],[64.92,-48.02],[65.1,-47.99],[65.08,-47.79],[65.24,-47.7],[65.23,-47.54],[65.33,-47.42],[65.33,-47.18],[65.4,-47.14],[65.5,-47.16],[65.59,-46.99],[65.76,-46.95],[65.88,-46.82],[66.02,-46.56],[66.07,-46.56],[66.21,-46.43],[66.53,-46.3],[66.7,-46.15],[66.77,-46.13],[66.79,-46.08],[67.01,-45.98],[67.18,-45.86]],[[71.22,-46.43],[71.31,-46.42],[71.37,-46.49],[71.36,-46.56],[71.28,-46.61],[71.28,-46.72],[71.22,-46.75],[71.05,-46.67],[71.21,-46.58],[71.22,-46.43]],[[76.87,-46.78],[76.92,-46.78],[76.96,-46.82],[76.9,-46.92],[76.64,-47.03],[76.36,-47.19],[76.28,-47.2],[76.25,-47.16],[76.24,-47.12],[76.29,-47.05],[76.54,-46.97],[76.68,-46.84],[76.87,-46.78]],[[73.42,-47.18],[73.46,-47.21],[73.46,-47.3],[73.37,-47.33],[73.27,-47.3],[73.27,-47.21],[73.42,-47.18]],[[80.9,-52.76],[81.0,-52.77],[81.19,-52.92],[81.22,-52.99],[81.46,-53.06],[81.51,-53.18],[81.5,-53.26],[81.27,-53.23],[81.14,-53.06],[80.98,-53.04],[80.79,-52.93],[80.74,-52.87],[80.76,-52.78],[80.9,-52.76]],[[81.89,-53.41],[81.8,-53.38],[81.79,-53.3],[81.91,-53.29],[82.02,-53.3],[82.08,-53.35],[82.04,-53.4],[81.89,-53.41]],[[82.06,-53.71],[82.06,-53.67],[82.13,-53.62],[82.27,-53.63],[82.47,-53.75],[82.49,-53.86],[82.34,-53.86],[82.06,-53.71]],[[79.97,-53.32],[79.95,-53.37],[79.88,-53.38],[79.8,-53.35],[79.76,-53.3],[79.84,-53.22],[79.91,-53.24],[79.97,-53.32]],[[82.46,-54.22],[82.55,-54.16],[82.63,-54.15],[82.83,-54.17],[82.99,-54.26],[83.03,-54.32],[83.02,-54.38],[82.91,-54.44],[82.66,-54.41],[82.51,-54.32],[82.46,-54.22]],[[78.25,-55.28],[78.15,-55.23],[78.14,-55.2],[78.2,-55.13],[78.37,-55.13],[78.46,-55.18],[78.47,-55.22],[78.43,-55.29],[78.25,-55.28]],[[51.82,-54.46],[51.74,-54.6],[51.72,-54.79],[51.43,-54.79],[51.26,-54.65],[51.1,-54.61],[50.81,-54.65],[50.78,-54.72],[50.48,-54.7],[50.3,-54.74],[50.2,-54.71],[50.02,-54.58],[49.82,-54.6],[49.64,-54.58],[49.41,-54.51],[49.39,-54.43],[49.43,-54.36],[49.55,-54.33],[49.87,-54.38],[50.09,-54.37],[50.35,-54.22],[50.62,-54.17],[51.24,-53.9],[51.58,-53.9],[51.91,-53.81],[51.98,-53.76],[52.1,-53.76],[52.56,-53.52],[52.71,-53.5],[52.75,-53.57],[52.72,-53.65],[52.36,-53.89],[52.38,-54.11],[52.35,-54.21],[52.2,-54.31],[52.03,-54.31],[51.82,-54.46]],[[48.49,-53.77],[48.46,-53.88],[48.38,-53.91],[48.01,-53.94],[47.79,-53.91],[47.71,-53.87],[47.69,-53.76],[47.82,-53.47],[47.78,-53.34],[47.64,-53.16],[47.65,-53.03],[47.71,-52.95],[47.79,-52.91],[48.01,-52.93],[48.06,-52.91],[48.12,-52.83],[48.34,-52.81],[48.47,-52.83],[48.87,-52.99],[48.89,-53.04],[48.86,-53.12],[48.73,-53.19],[48.54,-53.2],[48.34,-53.13],[48.26,-53.14],[48.22,-53.28],[48.08,-53.37],[48.1,-53.46],[48.29,-53.52],[48.46,-53.65],[48.49,-53.77]],[[44.57,-53.63],[44.34,-53.64],[44.14,-53.55],[44.11,-53.5],[44.09,-53.24],[43.87,-53.23],[43.68,-53.16],[43.2,-53.13],[43.14,-53.11],[43.09,-53.0],[43.13,-52.63],[43.19,-52.58],[43.34,-52.56],[43.61,-52.66],[43.92,-52.54],[44.09,-52.54],[44.39,-52.47],[44.64,-52.48],[44.85,-52.62],[45.0,-52.66],[45.19,-52.82],[45.44,-52.92],[45.51,-53.01],[45.52,-53.09],[45.41,-53.26],[45.43,-53.31],[45.74,-53.26],[45.89,-53.38],[45.87,-53.5],[45.72,-53.6],[45.57,-53.6],[45.4,-53.51],[45.13,-53.57],[44.77,-53.55],[44.57,-53.63]],[[43.11,-52.59],[43.05,-52.63],[42.96,-52.6],[42.92,-52.53],[42.94,-52.49],[42.99,-52.45],[43.07,-52.46],[43.11,-52.5],[43.11,-52.59]],[[41.67,-52.6],[41.43,-52.62],[41.1,-52.53],[40.78,-52.38],[40.71,-52.3],[40.71,-52.21],[40.82,-52.11],[41.0,-52.06],[41.41,-52.12],[41.53,-52.13],[41.69,-52.08],[41.84,-52.1],[41.88,-52.19],[41.9,-52.39],[41.67,-52.6]],[[43.08,-52.37],[43.07,-52.24],[43.19,-52.22],[43.2,-52.34],[43.13,-52.39],[43.08,-52.37]],[[50.58,-52.39],[50.95,-52.3],[51.09,-52.3],[51.22,-52.44],[51.23,-52.57],[51.19,-52.66],[51.07,-52.76],[50.66,-52.78],[50.57,-52.71],[50.51,-52.61],[50.5,-52.49],[50.58,-52.39]],[[50.5,-52.73],[50.59,-52.8],[50.58,-52.86],[50.53,-52.88],[50.1,-52.89],[50.05,-52.85],[50.06,-52.77],[50.11,-52.73],[50.5,-52.73]],[[48.37,-52.73],[48.24,-52.76],[48.1,-52.71],[47.97,-52.59],[47.97,-52.5],[48.06,-52.45],[48.23,-52.46],[48.38,-52.61],[48.39,-52.68],[48.37,-52.73]],[[45.84,-53.09],[45.92,-53.09],[45.99,-53.14],[45.98,-53.26],[45.91,-53.28],[45.76,-53.23],[45.74,-53.16],[45.77,-53.11],[45.84,-53.09]],[[46.64,-53.28],[46.7,-53.22],[47.1,-53.17],[47.21,-53.26],[47.21,-53.4],[47.11,-53.54],[46.94,-53.56],[46.67,-53.41],[46.63,-53.34],[46.64,-53.28]],[[54.57,-53.16],[54.49,-53.11],[54.53,-53.03],[54.64,-52.99],[54.72,-53.02],[54.73,-53.12],[54.69,-53.15],[54.57,-53.16]],[[48.95,-53.65],[48.69,-53.59],[48.66,-53.51],[48.69,-53.47],[48.86,-53.38],[49.22,-53.3],[49.27,-53.33],[49.27,-53.41],[49.13,-53.64],[48.95,-53.65]],[[70.87,-54.24],[71.27,-54.11],[71.31,-54.11],[71.34,-54.15],[71.27,-54.27],[70.96,-54.4],[70.87,-54.38],[70.87,-54.24]],[[40.06,-51.74],[40.07,-51.81],[40.03,-51.87],[39.96,-51.9],[39.87,-51.88],[39.86,-51.8],[39.91,-51.73],[39.98,-51.71],[40.06,-51.74]],[[42.33,-51.74],[42.24,-51.68],[42.24,-51.63],[42.36,-51.55],[42.48,-51.57],[42.5,-51.69],[42.46,-51.73],[42.33,-51.74]],[[54.87,-51.48],[54.69,-51.5],[54.61,-51.48],[54.55,-51.43],[54.54,-51.29],[54.75,-51.2],[54.93,-51.21],[54.99,-51.26],[55.0,-51.39],[54.87,-51.48]],[[66.71,-51.23],[66.65,-51.18],[66.67,-51.1],[66.82,-51.11],[66.82,-51.21],[66.71,-51.23]],[[55.24,-51.13],[55.2,-51.16],[55.1,-51.16],[55.02,-51.11],[55.02,-51.07],[55.09,-51.01],[55.18,-51.0],[55.24,-51.04],[55.24,-51.13]],[[55.28,-51.47],[55.22,-51.43],[55.23,-51.39],[55.31,-51.31],[55.46,-51.3],[55.51,-51.35],[55.43,-51.46],[55.28,-51.47]],[[56.42,-50.64],[56.41,-50.7],[56.33,-50.74],[56.21,-50.68],[56.21,-50.64],[56.31,-50.57],[56.39,-50.58],[56.42,-50.64]],[[62.34,-49.26],[62.4,-49.3],[62.4,-49.39],[62.3,-49.42],[62.21,-49.38],[62.23,-49.3],[62.34,-49.26]],[[31.71,-48.99],[31.73,-49.13],[31.66,-49.19],[31.61,-49.18],[31.57,-49.13],[31.58,-49.07],[31.67,-48.99],[31.71,-48.99]],[[44.24,-48.65],[44.28,-48.67],[44.29,-48.77],[44.17,-48.78],[44.13,-48.72],[44.18,-48.66],[44.24,-48.65]],[[62.64,-48.48],[62.61,-48.55],[62.53,-48.59],[62.3,-48.6],[62.2,-48.57],[62.18,-48.53],[62.22,-48.4],[62.34,-48.34],[62.54,-48.37],[62.63,-48.43],[62.64,-48.48]],[[44.31,-48.35],[44.31,-48.41],[44.23,-48.47],[44.05,-48.46],[44.02,-48.4],[44.04,-48.31],[44.12,-48.25],[44.22,-48.25],[44.31,-48.35]],[[61.78,-48.26],[61.71,-48.2],[61.7,-48.12],[61.87,-48.12],[61.87,-48.24],[61.78,-48.26]],[[62.38,-47.76],[62.47,-47.85],[62.47,-47.98],[62.27,-48.01],[62.18,-47.98],[62.15,-47.91],[62.18,-47.82],[62.26,-47.77],[62.38,-47.76]],[[32.5,-47.76],[32.37,-47.77],[32.31,-47.73],[32.3,-47.69],[32.4,-47.59],[32.4,-47.5],[32.5,-47.42],[32.54,-47.26],[32.86,-47.21],[32.87,-47.39],[32.74,-47.45],[32.69,-47.57],[32.47,-47.62],[32.52,-47.69],[32.5,-47.76]],[[31.81,-47.22],[31.71,-47.28],[31.66,-47.28],[31.61,-47.19],[31.67,-47.11],[31.79,-47.06],[31.85,-47.11],[31.81,-47.22]],[[33.78,-47.16],[33.77,-46.92],[33.84,-46.8],[33.9,-46.32],[33.95,-46.19],[34.1,-46.06],[34.21,-46.06],[34.26,-46.01],[34.37,-46.0],[34.42,-46.06],[34.4,-46.12],[34.22,-46.22],[34.22,-46.34],[34.13,-46.49],[34.18,-46.58],[34.1,-46.7],[34.1,-46.85],[34.01,-46.97],[34.01,-47.11],[33.91,-47.21],[33.86,-47.33],[33.77,-47.39],[33.69,-47.4],[33.65,-47.35],[33.65,-47.29],[33.78,-47.16]],[[33.58,-46.36],[33.6,-46.49],[33.52,-46.54],[33.53,-46.66],[33.43,-46.68],[33.38,-46.78],[33.29,-46.79],[33.18,-46.76],[33.14,-46.7],[33.17,-46.58],[33.29,-46.58],[33.31,-46.51],[33.42,-46.48],[33.43,-46.34],[33.53,-46.32],[33.51,-46.19],[33.63,-46.14],[33.66,-46.17],[33.67,-46.26],[33.65,-46.32],[33.58,-46.36]],[[34.73,-46.94],[34.8,-46.67],[34.92,-46.51],[34.95,-46.36],[35.14,-45.91],[35.18,-45.72],[35.34,-45.4],[35.34,-45.23],[35.43,-44.93],[35.59,-44.84],[35.72,-44.84],[35.82,-44.77],[35.93,-44.76],[36.0,-44.62],[36.17,-44.5],[36.34,-44.52],[36.39,-44.37],[36.5,-44.35],[36.6,-44.4],[36.66,-44.29],[36.72,-44.26],[36.87,-44.25],[36.99,-44.28],[37.01,-44.36],[36.89,-44.62],[36.72,-44.66],[36.55,-44.81],[36.44,-44.84],[36.41,-44.88],[36.58,-44.95],[36.65,-44.84],[36.8,-44.81],[36.89,-44.85],[36.91,-44.93],[36.67,-45.02],[36.62,-45.14],[36.43,-45.22],[36.39,-45.33],[36.2,-45.32],[36.07,-45.16],[35.98,-45.13],[35.81,-45.15],[35.64,-45.29],[35.5,-45.58],[35.45,-45.74],[35.47,-45.84],[35.28,-46.13],[35.28,-46.3],[35.09,-46.56],[35.08,-46.71],[35.02,-46.78],[34.92,-46.8],[34.82,-46.94],[34.76,-46.96],[34.73,-46.94]],[[34.55,-45.6],[34.61,-45.67],[34.58,-45.74],[34.63,-45.89],[34.61,-45.94],[34.5,-45.97],[34.34,-45.96],[34.27,-45.84],[34.27,-45.74],[34.4,-45.69],[34.42,-45.62],[34.55,-45.6]],[[35.19,-44.84],[35.18,-44.91],[35.13,-44.94],[35.04,-44.9],[35.02,-44.84],[35.11,-44.77],[35.17,-44.78],[35.19,-44.84]],[[35.99,-44.52],[35.91,-44.58],[35.86,-44.57],[35.81,-44.49],[35.86,-44.42],[35.97,-44.4],[35.99,-44.52]],[[36.29,-44.25],[36.25,-44.3],[36.15,-44.26],[36.22,-44.14],[36.13,-44.06],[36.14,-43.99],[36.29,-43.96],[36.37,-43.88],[36.5,-43.85],[36.56,-43.93],[36.55,-44.06],[36.47,-44.13],[36.31,-44.16],[36.29,-44.25]],[[37.68,-44.06],[37.94,-43.95],[38.07,-43.73],[38.16,-43.49],[38.28,-43.34],[38.3,-43.23],[38.36,-43.19],[38.43,-43.2],[38.42,-43.32],[38.38,-43.42],[38.35,-43.63],[38.3,-43.68],[38.3,-43.75],[38.18,-43.85],[38.11,-44.04],[37.97,-44.09],[37.97,-44.13],[38.06,-44.18],[38.06,-44.25],[37.94,-44.32],[37.7,-44.57],[37.46,-44.57],[37.35,-44.32],[37.36,-44.21],[37.45,-44.12],[37.68,-44.06]],[[39.72,-43.31],[39.63,-43.26],[39.59,-43.2],[39.67,-42.98],[39.65,-42.86],[39.72,-42.81],[39.93,-42.8],[40.39,-43.03],[40.37,-43.1],[40.33,-43.12],[40.14,-43.12],[40.22,-43.17],[40.25,-43.25],[40.23,-43.3],[40.17,-43.34],[40.06,-43.34],[39.94,-43.27],[39.79,-43.32],[39.72,-43.31]],[[39.33,-42.83],[39.36,-42.87],[39.36,-42.96],[39.32,-43.05],[39.25,-43.08],[39.2,-43.04],[39.2,-42.98],[39.25,-42.88],[39.33,-42.83]],[[41.55,-42.86],[41.51,-42.8],[41.54,-42.45],[41.64,-42.37],[41.73,-42.37],[41.78,-42.43],[41.79,-42.49],[41.69,-42.65],[41.66,-42.84],[41.55,-42.86]],[[40.72,-42.47],[40.77,-42.54],[40.76,-42.63],[40.73,-42.66],[40.64,-42.67],[40.59,-42.63],[40.59,-42.53],[40.63,-42.48],[40.72,-42.47]],[[42.22,-42.74],[42.13,-42.59],[42.14,-42.46],[42.19,-42.43],[42.12,-42.36],[42.14,-42.19],[42.24,-41.95],[42.26,-41.76],[42.41,-41.62],[42.26,-41.5],[42.34,-41.35],[42.29,-41.25],[42.36,-41.2],[42.5,-41.19],[42.56,-41.23],[42.56,-41.27],[42.54,-41.33],[42.48,-41.35],[42.51,-41.5],[42.38,-42.26],[42.25,-42.4],[42.38,-42.5],[42.39,-42.65],[42.32,-42.73],[42.22,-42.74]],[[41.97,-41.86],[42.01,-41.94],[41.9,-42.07],[41.89,-42.2],[41.84,-42.26],[41.66,-42.34],[41.54,-42.29],[41.53,-42.24],[41.62,-42.14],[41.53,-42.01],[41.54,-41.95],[41.76,-41.93],[41.97,-41.86]],[[41.64,-41.87],[41.6,-41.91],[41.46,-41.91],[41.35,-41.85],[41.33,-41.81],[41.37,-41.75],[41.54,-41.75],[41.62,-41.78],[41.64,-41.87]],[[41.74,-41.71],[41.71,-41.73],[41.66,-41.71],[41.66,-41.64],[41.53,-41.57],[41.52,-41.5],[41.59,-41.47],[41.72,-41.31],[41.8,-41.3],[41.95,-41.4],[42.0,-41.51],[41.93,-41.57],[41.78,-41.59],[41.74,-41.71]],[[40.65,-43.12],[40.55,-43.05],[40.56,-42.96],[40.69,-42.94],[40.76,-42.97],[40.8,-43.03],[40.79,-43.09],[40.76,-43.13],[40.65,-43.12]],[[38.92,-43.33],[38.97,-43.38],[38.96,-43.45],[38.87,-43.52],[38.81,-43.51],[38.76,-43.45],[38.78,-43.38],[38.81,-43.34],[38.92,-43.33]],[[39.44,-43.48],[39.65,-43.4],[39.89,-43.49],[40.07,-43.42],[40.19,-43.43],[40.25,-43.51],[40.25,-43.58],[40.2,-43.68],[40.27,-44.06],[40.19,-44.12],[40.03,-44.04],[39.85,-44.03],[39.81,-43.91],[39.88,-43.82],[39.86,-43.8],[39.5,-43.78],[39.39,-43.71],[39.38,-43.58],[39.44,-43.48]],[[39.87,-44.06],[39.91,-44.13],[39.91,-44.21],[39.82,-44.24],[39.74,-44.17],[39.74,-44.1],[39.81,-44.04],[39.87,-44.06]],[[39.41,-44.23],[39.47,-44.28],[39.47,-44.36],[39.4,-44.4],[39.3,-44.37],[39.26,-44.3],[39.29,-44.26],[39.41,-44.23]],[[38.84,-44.37],[38.76,-44.52],[38.78,-44.71],[38.64,-44.83],[38.62,-44.98],[38.45,-45.05],[38.52,-45.19],[38.47,-45.46],[38.3,-45.53],[38.24,-45.77],[38.14,-45.8],[38.09,-45.77],[38.03,-45.67],[38.04,-45.46],[38.08,-45.39],[38.26,-45.27],[38.28,-45.22],[38.11,-45.19],[38.06,-45.14],[38.07,-45.09],[38.47,-44.52],[38.47,-44.21],[38.59,-44.16],[38.55,-44.0],[38.71,-43.87],[38.77,-43.67],[38.9,-43.61],[39.01,-43.52],[39.17,-43.5],[39.23,-43.6],[39.12,-43.78],[39.1,-44.02],[38.93,-44.18],[38.88,-44.18],[38.84,-44.37]],[[39.25,-44.59],[39.18,-44.55],[39.18,-44.48],[39.24,-44.44],[39.36,-44.47],[39.38,-44.52],[39.36,-44.57],[39.25,-44.59]],[[39.03,-44.89],[38.99,-44.82],[39.05,-44.74],[39.14,-44.7],[39.22,-44.74],[39.24,-44.79],[39.2,-44.87],[39.12,-44.91],[39.03,-44.89]],[[41.66,-44.88],[41.66,-44.8],[41.74,-44.74],[41.83,-44.72],[41.88,-44.76],[41.88,-44.86],[41.81,-44.92],[41.72,-44.93],[41.66,-44.88]],[[40.36,-45.07],[40.41,-45.01],[40.48,-45.0],[40.53,-45.05],[40.53,-45.12],[40.51,-45.15],[40.43,-45.16],[40.37,-45.11],[40.36,-45.07]],[[39.35,-45.09],[39.41,-45.13],[39.42,-45.2],[39.41,-45.24],[39.34,-45.27],[39.25,-45.24],[39.2,-45.17],[39.24,-45.1],[39.35,-45.09]],[[40.32,-45.22],[40.45,-45.21],[40.66,-45.3],[40.69,-45.37],[40.64,-45.53],[40.61,-45.55],[40.47,-45.52],[40.25,-45.38],[40.22,-45.33],[40.24,-45.27],[40.32,-45.22]],[[39.69,-45.28],[39.98,-45.43],[39.99,-45.51],[39.96,-45.62],[39.77,-45.65],[39.41,-45.46],[39.41,-45.38],[39.48,-45.3],[39.57,-45.27],[39.69,-45.28]],[[39.1,-45.27],[39.14,-45.34],[39.11,-45.46],[39.01,-45.5],[38.91,-45.45],[38.89,-45.39],[38.92,-45.29],[39.03,-45.25],[39.1,-45.27]],[[37.42,-44.89],[37.53,-45.05],[37.48,-45.18],[37.32,-45.18],[37.1,-45.33],[36.82,-45.29],[36.8,-45.2],[36.98,-45.07],[37.01,-44.95],[37.08,-44.88],[37.12,-44.72],[37.18,-44.67],[37.4,-44.62],[37.51,-44.63],[37.8,-44.83],[37.89,-44.79],[38.02,-44.64],[38.2,-44.55],[38.32,-44.52],[38.37,-44.59],[38.34,-44.66],[38.18,-44.76],[38.12,-44.92],[38.06,-44.95],[37.83,-44.98],[37.68,-44.97],[37.61,-44.93],[37.57,-44.86],[37.51,-44.83],[37.42,-44.89]],[[37.11,-44.08],[37.15,-44.12],[37.13,-44.18],[37.02,-44.23],[36.96,-44.21],[36.98,-44.11],[37.11,-44.08]],[[38.17,-45.87],[38.25,-45.88],[38.31,-45.93],[38.32,-46.01],[38.27,-46.08],[38.17,-46.08],[38.09,-46.01],[38.08,-45.93],[38.17,-45.87]],[[38.76,-46.04],[38.83,-45.96],[39.0,-45.92],[39.12,-46.01],[39.15,-46.14],[39.14,-46.2],[39.07,-46.25],[38.9,-46.2],[38.79,-46.13],[38.76,-46.04]],[[38.56,-46.07],[38.78,-46.27],[38.8,-46.32],[38.78,-46.39],[38.57,-46.42],[38.4,-46.54],[38.3,-46.54],[38.2,-46.51],[38.18,-46.44],[38.24,-46.32],[38.46,-46.1],[38.56,-46.07]],[[39.41,-46.51],[39.42,-46.42],[39.46,-46.35],[39.75,-46.26],[39.87,-46.28],[40.1,-46.43],[40.18,-46.51],[40.16,-46.56],[40.05,-46.64],[39.69,-46.72],[39.6,-46.7],[39.47,-46.62],[39.41,-46.51]],[[38.29,-46.61],[38.58,-46.65],[38.61,-46.71],[38.59,-46.82],[38.52,-46.85],[38.31,-46.8],[38.23,-46.82],[38.11,-47.04],[37.95,-47.15],[37.8,-47.14],[37.52,-47.02],[37.46,-46.94],[37.49,-46.81],[37.63,-46.59],[37.72,-46.52],[37.99,-46.47],[38.18,-46.54],[38.29,-46.61]],[[37.67,-46.1],[37.71,-46.24],[37.6,-46.36],[37.42,-46.39],[37.35,-46.36],[37.3,-46.3],[37.3,-46.17],[37.35,-46.1],[37.58,-46.06],[37.67,-46.1]],[[43.76,-47.73],[43.7,-47.66],[43.72,-47.59],[43.87,-47.52],[43.94,-47.53],[43.99,-47.61],[43.99,-47.71],[43.9,-47.74],[43.76,-47.73]],[[66.33,-46.02],[66.32,-46.1],[66.25,-46.19],[66.21,-46.21],[66.14,-46.18],[66.13,-46.12],[66.19,-46.04],[66.24,-46.01],[66.33,-46.02]],[[43.69,-46.32],[43.65,-46.4],[43.61,-46.41],[43.55,-46.39],[43.54,-46.3],[43.55,-46.26],[43.63,-46.23],[43.67,-46.24],[43.69,-46.32]],[[41.78,-44.42],[41.77,-44.51],[41.73,-44.56],[41.66,-44.56],[41.6,-44.53],[41.64,-44.37],[41.75,-44.32],[41.78,-44.42]],[[42.47,-41.03],[42.46,-41.09],[42.38,-41.11],[42.2,-41.1],[42.13,-41.04],[42.19,-40.94],[42.4,-40.93],[42.46,-40.94],[42.47,-41.03]],[[43.92,-40.59],[43.87,-40.52],[43.9,-40.43],[43.99,-40.37],[44.07,-40.38],[44.11,-40.44],[44.1,-40.52],[44.01,-40.6],[43.92,-40.59]],[[43.31,-40.41],[43.26,-40.43],[43.2,-40.42],[43.16,-40.35],[43.23,-40.16],[43.31,-40.14],[43.37,-40.22],[43.31,-40.41]],[[44.49,-40.55],[44.42,-40.5],[44.44,-40.46],[44.52,-40.41],[44.62,-40.41],[44.63,-40.52],[44.59,-40.56],[44.49,-40.55]],[[41.47,-39.53],[41.35,-39.53],[41.27,-39.49],[41.24,-39.42],[41.26,-39.37],[41.43,-39.29],[41.5,-39.3],[41.55,-39.4],[41.47,-39.53]],[[43.42,-39.2],[43.23,-39.27],[43.15,-39.22],[43.14,-39.15],[43.3,-39.05],[43.34,-38.93],[43.49,-38.73],[43.57,-38.51],[43.64,-38.47],[43.74,-38.48],[43.73,-38.81],[43.56,-39.1],[43.42,-39.2]],[[26.3,-39.13],[26.23,-39.22],[26.14,-39.23],[26.07,-39.18],[26.05,-39.11],[26.11,-39.02],[26.22,-39.0],[26.29,-39.05],[26.3,-39.13]],[[42.31,-39.12],[42.23,-39.07],[42.22,-38.99],[42.3,-38.94],[42.38,-38.94],[42.44,-38.99],[42.45,-39.06],[42.4,-39.12],[42.31,-39.12]],[[27.49,-38.48],[27.45,-38.56],[27.33,-38.59],[27.28,-38.58],[27.24,-38.51],[27.35,-38.42],[27.46,-38.44],[27.49,-38.48]],[[46.63,-38.46],[46.7,-38.38],[46.94,-38.3],[47.07,-38.41],[47.12,-38.5],[47.11,-38.59],[46.8,-38.73],[46.66,-38.73],[46.63,-38.69],[46.64,-38.62],[46.78,-38.59],[46.66,-38.54],[46.63,-38.46]],[[46.09,-38.73],[46.15,-38.78],[46.14,-38.86],[46.07,-38.91],[45.98,-38.88],[45.95,-38.81],[45.98,-38.76],[46.09,-38.73]],[[48.28,-37.77],[48.29,-37.85],[48.2,-37.9],[48.06,-37.9],[47.99,-37.82],[48.02,-37.73],[48.14,-37.65],[48.22,-37.69],[48.28,-37.77]],[[44.17,-37.73],[44.2,-37.77],[44.18,-37.82],[44.07,-37.85],[43.92,-37.78],[43.87,-37.69],[43.98,-37.64],[44.17,-37.73]],[[26.89,-37.65],[26.77,-37.67],[26.73,-37.61],[26.78,-37.55],[26.84,-37.53],[26.88,-37.56],[26.89,-37.65]],[[49.22,-37.52],[49.15,-37.46],[49.21,-37.37],[49.34,-37.39],[49.5,-37.32],[49.68,-37.31],[49.74,-37.33],[49.72,-37.42],[49.66,-37.43],[49.56,-37.53],[49.22,-37.52]],[[29.14,-37.27],[29.02,-37.28],[28.99,-37.22],[29.03,-37.16],[29.1,-37.15],[29.14,-37.18],[29.14,-37.27]],[[51.63,-37.49],[51.67,-37.44],[51.76,-37.43],[51.81,-37.5],[51.8,-37.59],[51.77,-37.62],[51.68,-37.63],[51.63,-37.59],[51.63,-37.49]],[[51.94,-37.62],[51.88,-37.57],[51.9,-37.53],[51.99,-37.48],[52.06,-37.49],[52.07,-37.59],[52.04,-37.62],[51.94,-37.62]],[[51.49,-37.5],[51.53,-37.56],[51.52,-37.61],[51.38,-37.68],[51.36,-37.8],[51.3,-37.85],[51.21,-37.82],[51.17,-37.73],[51.0,-37.75],[50.95,-37.7],[50.95,-37.6],[51.02,-37.51],[51.29,-37.54],[51.49,-37.5]],[[22.24,-37.06],[22.18,-37.06],[22.14,-37.01],[22.15,-36.84],[22.27,-36.76],[22.36,-36.76],[22.4,-36.83],[22.38,-36.93],[22.24,-37.06]],[[44.53,-36.76],[44.45,-36.68],[44.49,-36.57],[44.6,-36.53],[44.72,-36.56],[44.76,-36.65],[44.73,-36.71],[44.68,-36.75],[44.53,-36.76]],[[22.76,-37.05],[22.69,-36.99],[22.69,-36.89],[22.8,-36.83],[22.9,-36.87],[22.94,-36.92],[22.93,-37.01],[22.85,-37.06],[22.76,-37.05]],[[23.52,-36.2],[23.62,-36.25],[23.63,-36.41],[23.57,-36.49],[23.44,-36.5],[23.34,-36.42],[23.31,-36.31],[23.38,-36.22],[23.52,-36.2]],[[53.22,-36.08],[53.1,-35.98],[53.06,-35.88],[53.08,-35.82],[53.21,-35.78],[53.32,-35.82],[53.36,-35.93],[53.34,-36.04],[53.3,-36.07],[53.22,-36.08]],[[44.39,-35.14],[44.3,-35.21],[44.18,-35.18],[44.04,-35.1],[43.99,-34.98],[44.02,-34.92],[44.11,-34.87],[44.28,-34.85],[44.37,-34.97],[44.39,-35.14]],[[33.24,-35.14],[33.09,-35.15],[33.04,-35.09],[33.09,-35.02],[33.18,-35.0],[33.24,-35.04],[33.24,-35.14]],[[43.18,-35.12],[43.13,-35.06],[43.18,-34.99],[43.29,-34.96],[43.35,-34.98],[43.3,-35.09],[43.18,-35.12]],[[53.64,-35.1],[53.78,-34.96],[53.91,-34.92],[53.95,-34.94],[53.94,-35.09],[53.78,-35.27],[53.67,-35.28],[53.63,-35.25],[53.61,-35.19],[53.64,-35.1]],[[43.79,-34.82],[43.65,-34.84],[43.57,-34.79],[43.58,-34.68],[43.63,-34.68],[43.7,-34.54],[43.85,-34.56],[43.94,-34.65],[43.92,-34.76],[43.79,-34.82]],[[43.32,-34.69],[43.14,-34.7],[43.07,-34.66],[43.03,-34.53],[43.07,-34.42],[43.27,-34.36],[43.39,-34.38],[43.49,-34.42],[43.51,-34.54],[43.47,-34.6],[43.32,-34.69]],[[33.99,-34.43],[34.03,-34.46],[33.99,-34.55],[33.77,-34.56],[33.77,-34.44],[33.99,-34.43]],[[33.53,-34.39],[33.3,-34.38],[33.13,-34.33],[33.01,-34.25],[32.97,-34.14],[32.99,-34.04],[33.06,-33.99],[33.15,-34.0],[33.24,-34.1],[33.27,-34.09],[33.34,-33.94],[33.51,-33.91],[33.47,-33.77],[33.56,-33.74],[33.63,-33.79],[33.62,-33.9],[33.74,-33.95],[33.89,-34.23],[33.86,-34.28],[33.74,-34.27],[33.53,-34.39]],[[34.93,-33.88],[34.68,-33.8],[34.57,-33.74],[34.44,-33.43],[34.27,-33.52],[34.19,-33.52],[34.18,-33.38],[34.22,-33.29],[34.2,-33.11],[34.31,-33.04],[34.23,-32.95],[34.32,-32.59],[34.5,-32.47],[34.51,-32.3],[34.7,-32.18],[34.8,-32.02],[35.11,-31.9],[35.3,-31.9],[35.42,-31.97],[35.53,-31.96],[35.77,-32.04],[35.8,-32.03],[35.78,-31.93],[35.86,-31.89],[36.15,-31.98],[36.19,-32.03],[36.14,-32.11],[36.25,-32.36],[36.23,-32.42],[36.12,-32.5],[36.16,-32.68],[36.04,-32.75],[36.14,-32.86],[36.15,-32.94],[36.09,-33.12],[35.49,-33.86],[35.38,-33.9],[34.93,-33.88]],[[36.21,-33.47],[36.3,-33.51],[36.27,-33.59],[36.19,-33.59],[36.14,-33.55],[36.14,-33.48],[36.21,-33.47]],[[42.99,-31.73],[42.91,-31.77],[42.75,-31.73],[42.67,-31.62],[42.69,-31.53],[42.84,-31.44],[42.94,-31.47],[43.0,-31.52],[43.02,-31.6],[42.99,-31.73]],[[43.86,-31.21],[43.87,-31.42],[43.84,-31.48],[43.78,-31.51],[43.68,-31.49],[43.6,-31.32],[43.62,-31.12],[43.7,-31.06],[43.77,-31.06],[43.86,-31.21]],[[36.23,-30.9],[36.25,-30.96],[36.19,-31.03],[36.04,-31.09],[35.98,-31.08],[35.96,-31.02],[36.01,-30.97],[36.23,-30.9]],[[35.44,-30.91],[35.33,-30.89],[35.16,-30.79],[35.11,-30.61],[35.13,-30.38],[35.45,-30.22],[35.68,-30.01],[35.78,-30.01],[35.92,-30.1],[35.96,-30.06],[35.86,-29.95],[35.91,-29.9],[36.07,-29.95],[36.14,-30.07],[36.19,-30.05],[36.22,-29.9],[36.27,-29.9],[36.38,-29.96],[36.42,-30.02],[36.4,-30.11],[36.37,-30.16],[36.22,-30.26],[36.18,-30.42],[36.2,-30.45],[36.57,-30.21],[36.65,-30.24],[36.63,-30.41],[36.55,-30.5],[36.43,-30.58],[36.0,-30.65],[35.78,-30.84],[35.44,-30.91]],[[44.14,-29.93],[44.1,-29.89],[44.11,-29.83],[44.16,-29.78],[44.25,-29.78],[44.26,-29.9],[44.19,-29.95],[44.14,-29.93]],[[44.08,-30.04],[44.16,-29.97],[44.26,-29.98],[44.26,-30.13],[44.2,-30.18],[44.13,-30.16],[44.08,-30.11],[44.08,-30.04]],[[44.85,-28.5],[44.78,-28.44],[44.79,-28.39],[44.85,-28.33],[44.94,-28.33],[44.98,-28.46],[44.95,-28.5],[44.85,-28.5]],[[45.53,-28.2],[45.5,-27.98],[45.54,-27.87],[45.58,-27.82],[45.66,-27.79],[45.71,-27.82],[45.73,-27.9],[45.7,-28.08],[45.6,-28.21],[45.53,-28.2]],[[36.77,-26.29],[36.8,-26.37],[36.66,-26.34],[36.65,-26.28],[36.71,-26.19],[36.61,-26.14],[36.59,-26.07],[36.61,-26.03],[36.67,-26.02],[36.73,-25.89],[36.9,-25.85],[36.91,-25.95],[36.83,-26.01],[36.91,-26.12],[36.91,-26.21],[36.89,-26.24],[36.81,-26.22],[36.77,-26.29]],[[36.95,-26.24],[36.97,-25.94],[37.08,-25.88],[37.15,-25.93],[37.16,-26.1],[37.05,-26.26],[36.98,-26.27],[36.95,-26.24]],[[36.81,-25.55],[36.85,-25.61],[36.83,-25.71],[36.78,-25.79],[36.7,-25.8],[36.67,-25.73],[36.71,-25.63],[36.75,-25.56],[36.81,-25.55]],[[36.58,-24.7],[36.64,-24.77],[36.67,-24.89],[36.66,-24.96],[36.53,-25.15],[36.55,-25.37],[36.48,-25.43],[36.37,-25.44],[36.28,-25.33],[36.31,-25.15],[36.3,-24.97],[36.51,-24.71],[36.58,-24.7]],[[42.73,-22.72],[42.86,-22.97],[42.85,-23.04],[42.82,-23.06],[42.67,-23.05],[42.6,-22.98],[42.62,-22.87],[42.6,-22.78],[42.73,-22.72]],[[40.46,-22.21],[40.52,-22.3],[40.52,-22.43],[40.49,-22.48],[40.38,-22.52],[40.29,-22.46],[40.25,-22.31],[40.32,-22.22],[40.46,-22.21]],[[39.53,-22.07],[39.42,-22.07],[39.29,-21.89],[39.24,-21.89],[39.16,-21.95],[39.07,-21.96],[39.0,-21.93],[38.98,-21.86],[39.08,-21.78],[39.41,-21.65],[39.55,-21.65],[39.46,-21.44],[39.51,-21.31],[39.7,-21.28],[39.84,-21.31],[39.92,-21.38],[39.89,-21.5],[39.93,-21.54],[40.06,-21.55],[40.07,-21.66],[39.95,-21.7],[39.84,-21.62],[39.79,-21.62],[39.68,-21.67],[39.61,-21.78],[39.53,-22.07]],[[40.11,-22.06],[40.03,-22.02],[40.02,-21.95],[40.09,-21.9],[40.2,-21.91],[40.24,-21.96],[40.22,-22.03],[40.11,-22.06]],[[38.87,-20.8],[38.92,-20.92],[38.9,-20.95],[38.85,-20.97],[38.78,-20.94],[38.76,-20.89],[38.87,-20.8]],[[42.2,-19.92],[42.24,-19.94],[42.25,-20.04],[42.13,-20.05],[42.09,-19.99],[42.14,-19.93],[42.2,-19.92]],[[42.05,-18.63],[41.93,-19.03],[41.75,-19.09],[41.66,-19.06],[41.63,-19.01],[41.65,-18.86],[41.73,-18.69],[41.63,-18.62],[41.57,-18.62],[41.46,-18.71],[41.38,-18.67],[41.37,-18.59],[41.42,-18.38],[41.59,-18.32],[41.62,-18.19],[41.66,-18.12],[41.64,-17.93],[41.66,-17.84],[41.75,-17.74],[41.8,-17.75],[42.02,-17.95],[42.05,-18.63]],[[42.26,-17.98],[42.12,-17.95],[41.93,-17.81],[41.91,-17.53],[41.94,-17.22],[42.19,-17.18],[42.37,-17.27],[42.44,-17.59],[42.44,-17.79],[42.38,-17.95],[42.26,-17.98]],[[41.6,-17.27],[41.69,-17.31],[41.74,-17.38],[41.74,-17.54],[41.68,-17.6],[41.6,-17.56],[41.49,-17.36],[41.54,-17.28],[41.6,-17.27]],[[42.25,-16.75],[42.32,-16.91],[42.26,-17.07],[41.93,-17.07],[41.86,-16.96],[41.87,-16.91],[42.18,-16.73],[42.25,-16.75]],[[41.81,-16.13],[41.8,-16.27],[41.76,-16.37],[41.8,-16.56],[41.76,-16.61],[41.7,-16.61],[41.54,-16.44],[41.54,-16.33],[41.62,-16.08],[41.57,-15.96],[41.58,-15.91],[41.66,-15.86],[41.71,-15.89],[41.81,-16.13]],[[45.17,-13.21],[45.13,-13.21],[44.84,-13.1],[44.79,-13.03],[44.79,-12.83],[44.84,-12.7],[44.82,-12.49],[44.84,-12.42],[44.9,-12.4],[45.04,-12.38],[45.19,-12.44],[45.32,-12.44],[45.43,-12.49],[45.5,-12.61],[45.53,-12.84],[45.48,-13.0],[45.41,-13.09],[45.17,-13.21]],[[44.03,-12.5],[43.69,-12.67],[43.54,-12.63],[43.42,-12.48],[43.5,-12.22],[43.46,-12.07],[43.37,-12.0],[43.05,-11.96],[42.92,-11.89],[42.94,-11.74],[43.12,-11.54],[43.15,-11.27],[43.24,-11.2],[43.36,-11.17],[43.54,-11.18],[43.67,-11.35],[43.69,-11.44],[43.63,-11.52],[43.68,-11.64],[43.63,-11.74],[43.7,-12.02],[43.77,-12.11],[44.02,-12.18],[44.05,-12.27],[44.03,-12.5]],[[41.75,-11.23],[41.73,-11.33],[41.8,-11.62],[41.8,-11.76],[41.72,-11.9],[41.58,-11.97],[41.52,-11.95],[41.47,-11.85],[41.46,-11.42],[41.5,-11.26],[41.54,-11.18],[41.5,-10.87],[41.6,-10.62],[41.66,-10.59],[41.71,-10.61],[41.75,-10.87],[41.83,-11.0],[41.83,-11.09],[41.75,-11.23]],[[50.4,-10.8],[50.34,-10.7],[50.4,-10.54],[50.4,-10.23],[50.36,-10.15],[50.2,-10.06],[50.15,-9.99],[50.18,-9.74],[50.23,-9.67],[50.26,-9.53],[50.33,-9.46],[50.41,-9.47],[50.5,-9.7],[50.67,-9.78],[50.79,-9.82],[50.87,-9.81],[50.89,-9.73],[50.85,-9.62],[50.57,-9.3],[50.55,-9.14],[50.62,-9.09],[50.78,-9.19],[50.81,-9.17],[50.93,-8.74],[51.03,-8.67],[51.19,-8.66],[51.24,-8.76],[51.21,-9.09],[51.28,-9.23],[51.3,-9.31],[51.22,-9.55],[51.44,-9.57],[51.47,-9.68],[51.29,-10.29],[51.22,-10.37],[51.08,-10.38],[50.99,-10.35],[50.87,-10.22],[50.86,-10.39],[50.78,-10.46],[50.76,-10.63],[50.58,-10.77],[50.45,-10.81],[50.4,-10.8]],[[41.67,-10.35],[41.62,-10.37],[41.58,-10.36],[41.49,-10.22],[41.49,-10.1],[41.59,-10.02],[41.67,-10.05],[41.67,-10.35]],[[47.74,-10.21],[47.67,-10.16],[47.65,-10.06],[47.69,-9.96],[47.77,-9.93],[47.84,-9.98],[47.87,-10.07],[47.84,-10.17],[47.74,-10.21]],[[47.64,-9.55],[47.75,-9.6],[47.79,-9.74],[47.76,-9.84],[47.62,-9.89],[47.47,-9.82],[47.42,-9.7],[47.45,-9.63],[47.53,-9.56],[47.64,-9.55]],[[46.59,-9.57],[46.67,-9.66],[46.67,-9.82],[46.61,-9.86],[46.46,-9.85],[46.41,-9.77],[46.44,-9.65],[46.46,-9.62],[46.59,-9.57]],[[46.42,-9.57],[46.25,-9.58],[46.14,-9.52],[46.09,-9.42],[46.12,-9.28],[46.42,-9.23],[46.62,-9.29],[46.68,-9.37],[46.63,-9.48],[46.42,-9.57]],[[47.12,-9.15],[47.02,-9.2],[46.93,-9.15],[46.79,-8.81],[46.78,-8.62],[46.83,-8.47],[46.92,-8.38],[47.05,-8.32],[47.26,-8.3],[47.34,-8.34],[47.38,-8.5],[47.53,-8.63],[47.55,-8.7],[47.5,-8.82],[47.26,-8.9],[47.15,-9.05],[47.12,-9.15]],[[53.02,-8.54],[52.99,-8.3],[53.01,-8.23],[53.06,-8.2],[53.14,-8.23],[53.21,-8.38],[53.22,-8.49],[53.19,-8.58],[53.12,-8.63],[53.06,-8.6],[53.02,-8.54]],[[56.42,-8.24],[56.34,-8.15],[56.35,-8.1],[56.43,-8.02],[56.53,-8.03],[56.59,-8.1],[56.57,-8.21],[56.53,-8.25],[56.42,-8.24]],[[47.19,-8.02],[47.14,-8.05],[46.99,-8.04],[46.92,-8.0],[46.88,-7.92],[46.92,-7.77],[47.06,-7.58],[47.18,-7.59],[47.26,-7.68],[47.26,-7.84],[47.19,-8.02]],[[52.83,-7.58],[52.83,-7.5],[52.93,-7.4],[53.03,-7.37],[53.09,-7.39],[53.06,-7.51],[52.97,-7.54],[53.1,-7.7],[53.09,-7.82],[53.03,-7.85],[52.93,-7.81],[52.88,-7.76],[52.83,-7.58]],[[56.82,-7.5],[56.73,-7.33],[56.71,-7.15],[56.76,-6.89],[56.86,-6.83],[56.93,-6.87],[57.01,-7.08],[57.11,-7.2],[57.14,-7.44],[57.35,-7.78],[57.34,-7.9],[57.28,-8.0],[57.22,-8.02],[57.17,-8.0],[57.16,-7.83],[57.08,-7.66],[56.9,-7.58],[56.82,-7.5]],[[56.4,-6.92],[56.45,-6.99],[56.46,-7.09],[56.38,-7.28],[56.3,-7.34],[56.12,-7.32],[56.05,-7.21],[56.07,-7.01],[56.18,-6.91],[56.31,-6.88],[56.4,-6.92]],[[52.91,-7.2],[52.83,-7.31],[52.74,-7.31],[52.66,-7.23],[52.6,-6.42],[52.61,-6.34],[52.66,-6.26],[52.61,-6.1],[52.69,-5.96],[52.82,-5.83],[52.92,-5.78],[52.93,-5.56],[53.14,-5.28],[53.15,-5.04],[53.2,-4.94],[53.23,-4.75],[53.57,-4.53],[53.65,-4.52],[53.69,-4.54],[53.69,-4.6],[53.54,-4.82],[53.47,-5.21],[53.5,-5.29],[53.6,-5.38],[53.86,-5.45],[53.89,-5.58],[53.88,-5.69],[53.61,-5.85],[53.5,-5.86],[53.47,-5.81],[53.42,-5.89],[53.35,-6.19],[53.14,-6.34],[53.04,-6.48],[52.99,-6.5],[52.92,-6.79],[52.91,-7.2]],[[48.92,-6.89],[48.94,-6.94],[48.91,-7.01],[48.83,-7.04],[48.76,-7.02],[48.75,-6.9],[48.86,-6.86],[48.92,-6.89]],[[48.95,-6.88],[48.92,-6.82],[48.96,-6.77],[49.01,-6.74],[49.07,-6.76],[49.1,-6.82],[49.08,-6.86],[48.95,-6.88]],[[55.16,-5.85],[55.31,-5.56],[55.44,-5.5],[55.56,-5.52],[55.58,-5.88],[55.46,-6.08],[55.36,-6.13],[55.23,-6.11],[55.16,-5.97],[55.16,-5.85]],[[54.45,-6.11],[54.52,-6.16],[54.51,-6.25],[54.48,-6.28],[54.38,-6.28],[54.31,-6.21],[54.32,-6.17],[54.38,-6.11],[54.45,-6.11]],[[56.54,-6.77],[56.5,-6.74],[56.48,-6.67],[56.56,-6.62],[56.62,-6.72],[56.59,-6.77],[56.54,-6.77]],[[55.84,-7.81],[55.88,-7.89],[55.84,-7.96],[55.75,-7.97],[55.68,-7.93],[55.7,-7.82],[55.75,-7.79],[55.84,-7.81]],[[47.92,-7.86],[47.69,-7.97],[47.6,-7.95],[47.56,-7.87],[47.59,-7.8],[47.73,-7.67],[47.88,-7.63],[47.93,-7.65],[47.96,-7.73],[47.92,-7.86]],[[51.67,-8.54],[51.71,-8.56],[51.77,-8.69],[51.96,-8.71],[51.96,-8.86],[51.52,-8.93],[51.42,-8.91],[51.37,-8.81],[51.49,-8.63],[51.49,-8.58],[51.67,-8.54]],[[56.38,-9.12],[56.35,-9.06],[56.36,-9.0],[56.42,-8.94],[56.46,-8.95],[56.49,-9.08],[56.43,-9.14],[56.38,-9.12]],[[51.63,-9.56],[51.62,-9.49],[51.65,-9.43],[51.74,-9.41],[51.76,-9.25],[51.82,-9.22],[51.9,-9.22],[51.94,-9.31],[51.9,-9.38],[51.77,-9.43],[51.74,-9.58],[51.68,-9.59],[51.63,-9.56]],[[56.3,-9.92],[56.46,-9.92],[56.6,-10.01],[56.64,-10.2],[56.84,-10.43],[56.85,-10.58],[56.8,-10.64],[56.66,-10.62],[56.45,-10.46],[56.41,-10.16],[56.35,-10.1],[56.24,-10.07],[56.2,-10.01],[56.21,-9.97],[56.3,-9.92]],[[59.39,-10.24],[59.34,-10.18],[59.38,-10.13],[59.44,-10.1],[59.52,-10.13],[59.52,-10.22],[59.39,-10.24]],[[51.6,-9.93],[51.66,-9.99],[51.66,-10.08],[51.63,-10.12],[51.55,-10.12],[51.48,-10.07],[51.47,-10.02],[51.5,-9.96],[51.6,-9.93]],[[50.64,-10.8],[50.76,-10.87],[50.78,-10.99],[50.72,-11.11],[50.6,-11.17],[50.53,-11.13],[50.49,-11.0],[50.54,-10.85],[50.64,-10.8]],[[49.93,-10.91],[50.08,-10.99],[50.14,-11.09],[50.11,-11.22],[50.0,-11.3],[49.86,-11.26],[49.78,-11.09],[49.81,-10.97],[49.85,-10.92],[49.93,-10.91]],[[47.25,-11.71],[47.21,-11.64],[47.18,-11.38],[47.21,-11.28],[47.25,-11.25],[47.52,-11.36],[47.57,-11.46],[47.55,-11.55],[47.42,-11.67],[47.33,-11.71],[47.25,-11.71]],[[46.44,-11.9],[46.5,-11.88],[46.55,-11.9],[46.59,-11.95],[46.58,-12.0],[46.53,-12.03],[46.43,-12.0],[46.41,-11.94],[46.44,-11.9]],[[44.54,-11.93],[44.63,-12.01],[44.69,-12.24],[44.65,-12.46],[44.62,-12.49],[44.33,-12.41],[44.08,-12.23],[44.05,-12.14],[44.13,-12.04],[44.54,-11.93]],[[46.01,-12.37],[46.12,-12.16],[46.2,-12.1],[46.38,-12.13],[46.67,-12.13],[46.74,-12.18],[46.77,-12.27],[46.73,-12.48],[46.57,-12.55],[46.1,-12.52],[46.04,-12.48],[46.01,-12.37]],[[54.53,-16.02],[54.42,-15.92],[54.41,-15.83],[54.49,-15.75],[54.55,-15.75],[54.64,-15.81],[54.68,-15.91],[54.62,-16.01],[54.53,-16.02]],[[54.02,-19.86],[53.98,-19.78],[54.05,-19.64],[54.17,-19.57],[54.26,-19.59],[54.29,-19.7],[54.24,-19.8],[54.12,-19.86],[54.02,-19.86]],[[53.74,-4.04],[53.71,-4.13],[53.63,-4.22],[53.58,-4.25],[53.52,-4.23],[53.52,-4.16],[53.58,-4.07],[53.64,-4.03],[53.74,-4.04]],[[66.83,-56.32],[66.96,-56.23],[67.73,-56.18],[67.9,-56.23],[68.43,-56.23],[68.66,-56.38],[68.83,-56.38],[68.95,-56.42],[69.11,-56.44],[69.19,-56.57],[69.38,-56.64],[69.49,-56.77],[69.63,-56.78],[69.86,-56.86],[69.96,-57.0],[70.12,-56.77],[70.25,-56.78],[70.43,-56.68],[70.77,-56.66],[70.94,-56.59],[71.29,-56.52],[71.52,-56.52],[71.84,-56.27],[72.0,-56.3],[72.28,-56.29],[72.3,-56.35],[72.26,-56.49],[72.28,-56.5],[72.46,-56.4],[72.62,-56.42],[72.77,-56.4],[72.94,-56.57],[72.93,-56.61],[72.83,-56.63],[72.82,-56.71],[72.71,-56.75],[72.62,-56.83],[72.5,-56.81],[72.22,-57.02],[72.22,-57.19],[71.83,-57.31],[71.61,-57.29],[71.3,-57.43],[71.11,-57.43],[70.88,-57.55],[70.75,-57.55],[70.63,-57.53],[70.49,-57.43],[70.34,-57.46],[70.18,-57.34],[69.84,-57.33],[69.5,-57.17],[69.31,-57.19],[68.93,-57.17],[68.7,-57.22],[68.33,-57.17],[68.16,-57.22],[67.97,-57.19],[67.75,-57.21],[66.79,-57.14],[66.72,-57.1],[66.73,-56.98],[66.83,-56.92],[66.98,-56.96],[67.0,-56.9],[66.99,-56.8],[66.93,-56.7],[66.85,-56.63],[66.79,-56.62],[66.63,-56.73],[66.46,-56.74],[66.31,-56.69],[66.24,-56.59],[66.28,-56.5],[66.4,-56.39],[66.64,-56.4],[66.83,-56.32]],[[78.1,-56.25],[78.15,-56.22],[78.31,-56.25],[78.55,-56.4],[78.75,-56.4],[78.91,-56.5],[79.21,-56.53],[79.27,-56.58],[79.25,-56.71],[79.29,-56.74],[79.39,-56.71],[79.51,-56.78],[79.65,-56.7],[79.73,-56.58],[79.85,-56.57],[79.88,-56.66],[79.83,-56.78],[79.91,-56.89],[79.91,-57.08],[79.96,-57.13],[80.14,-57.17],[80.3,-57.29],[80.65,-57.24],[80.88,-57.26],[80.9,-57.36],[81.07,-57.34],[81.17,-57.5],[81.12,-57.66],[81.29,-57.58],[81.41,-57.65],[81.79,-57.74],[82.08,-57.94],[82.14,-57.8],[82.39,-57.89],[82.44,-57.96],[82.4,-58.05],[82.31,-58.09],[82.18,-58.05],[82.16,-58.13],[82.21,-58.31],[82.37,-58.46],[82.39,-58.58],[82.66,-58.66],[82.75,-58.73],[82.92,-58.73],[83.02,-58.8],[83.18,-58.82],[83.3,-58.9],[83.44,-58.88],[83.54,-58.97],[83.69,-59.02],[83.65,-59.2],[83.95,-59.37],[84.14,-59.4],[84.34,-59.47],[84.65,-59.5],[84.77,-59.57],[84.9,-59.59],[84.99,-59.83],[84.97,-59.89],[84.77,-60.02],[84.53,-60.05],[84.53,-60.22],[84.46,-60.26],[84.46,-60.46],[84.24,-60.6],[84.1,-60.65],[84.23,-60.79],[84.23,-60.88],[84.1,-60.91],[83.98,-61.03],[83.73,-61.03],[83.51,-60.95],[83.33,-60.94],[83.14,-60.86],[82.9,-60.94],[82.78,-60.94],[82.56,-60.82],[82.49,-60.84],[82.48,-60.93],[82.62,-61.06],[82.75,-61.1],[82.97,-61.06],[83.31,-61.22],[83.33,-61.33],[83.23,-61.39],[83.17,-61.51],[83.11,-61.52],[82.51,-61.43],[82.39,-61.32],[82.1,-61.32],[82.08,-61.15],[81.96,-61.03],[81.82,-61.08],[81.5,-61.06],[81.34,-60.98],[81.08,-60.96],[81.03,-60.9],[81.02,-60.74],[80.87,-60.78],[80.73,-60.88],[80.65,-60.87],[80.56,-60.8],[80.4,-60.55],[80.06,-60.39],[80.04,-60.36],[80.06,-60.07],[80.38,-59.81],[80.59,-59.74],[80.69,-59.59],[80.78,-59.54],[80.86,-59.42],[80.97,-59.34],[80.95,-59.28],[80.88,-59.31],[80.6,-59.59],[80.51,-59.62],[80.4,-59.59],[80.28,-59.5],[80.11,-59.5],[79.75,-59.23],[79.71,-59.28],[79.7,-59.52],[79.54,-59.62],[79.34,-59.66],[79.06,-59.59],[78.83,-59.66],[78.66,-59.66],[78.48,-59.78],[78.3,-59.79],[78.07,-59.93],[77.95,-59.93],[77.81,-60.0],[77.5,-60.02],[77.38,-60.07],[76.37,-60.07],[76.25,-60.02],[75.94,-60.02],[75.46,-59.9],[75.21,-60.01],[74.88,-59.95],[74.66,-59.98],[74.52,-59.93],[74.35,-59.95],[74.26,-59.9],[74.14,-59.9],[73.92,-59.76],[73.78,-59.84],[73.68,-59.83],[73.68,-59.71],[73.75,-59.69],[73.73,-59.54],[73.76,-59.37],[73.45,-59.26],[73.39,-59.09],[73.39,-59.02],[73.45,-58.97],[73.8,-58.9],[74.02,-58.97],[73.98,-58.86],[74.02,-58.8],[74.09,-58.77],[74.05,-58.63],[74.14,-58.54],[74.26,-58.52],[74.43,-58.44],[74.61,-58.46],[74.76,-58.39],[75.46,-58.39],[75.5,-58.27],[75.72,-58.34],[75.85,-58.22],[75.96,-58.22],[76.03,-58.27],[76.05,-58.22],[75.88,-58.14],[75.86,-58.05],[75.87,-57.98],[76.08,-57.84],[76.22,-57.7],[76.34,-57.65],[76.46,-57.5],[76.56,-57.48],[76.61,-57.43],[76.87,-57.46],[77.07,-57.43],[77.11,-57.46],[77.12,-57.52],[77.08,-57.59],[76.86,-57.72],[76.89,-57.84],[77.02,-57.86],[77.0,-58.0],[77.04,-58.03],[77.18,-58.04],[77.37,-58.0],[77.59,-58.03],[77.62,-58.01],[77.64,-57.84],[77.78,-57.71],[77.73,-57.68],[77.63,-57.48],[77.62,-57.02],[77.83,-56.88],[78.06,-56.84],[78.17,-56.88],[78.15,-56.79],[77.92,-56.6],[77.95,-56.47],[78.19,-56.45],[78.1,-56.25]],[[84.57,-61.43],[84.26,-61.32],[84.15,-61.21],[84.17,-61.15],[84.26,-61.12],[84.38,-61.14],[84.69,-61.31],[84.7,-61.42],[84.57,-61.43]],[[75.53,-60.27],[75.6,-60.31],[75.59,-60.39],[75.42,-60.57],[75.3,-60.54],[75.19,-60.41],[75.18,-60.31],[75.22,-60.26],[75.53,-60.27]],[[69.74,-57.89],[69.8,-57.95],[69.79,-58.06],[69.76,-58.07],[69.59,-58.07],[69.52,-58.01],[69.51,-57.97],[69.57,-57.9],[69.74,-57.89]],[[81.45,-61.89],[81.6,-62.0],[81.72,-62.04],[81.75,-62.17],[82.18,-62.47],[82.15,-62.56],[81.81,-62.5],[81.75,-62.53],[81.67,-62.66],[81.46,-62.66],[81.26,-62.57],[81.12,-62.57],[80.83,-62.42],[80.66,-62.23],[80.51,-62.18],[80.47,-62.13],[80.5,-62.04],[80.71,-62.02],[80.88,-61.92],[81.17,-61.94],[81.45,-61.89]],[[51.8,-64.79],[51.76,-64.74],[51.78,-64.67],[51.91,-64.65],[51.94,-64.69],[51.92,-64.75],[51.8,-64.79]],[[34.03,-65.38],[33.72,-65.23],[33.66,-65.12],[33.69,-65.03],[34.03,-64.94],[34.19,-64.85],[34.33,-64.81],[34.49,-64.81],[34.75,-64.91],[34.8,-64.97],[34.82,-65.06],[34.8,-65.14],[34.55,-65.39],[34.03,-65.38]],[[49.89,-65.29],[49.78,-65.21],[49.78,-65.13],[49.82,-65.09],[49.98,-65.05],[50.1,-65.12],[50.12,-65.23],[50.08,-65.28],[49.89,-65.29]],[[54.19,-65.08],[54.24,-65.11],[54.24,-65.19],[54.18,-65.23],[54.1,-65.23],[54.08,-65.13],[54.19,-65.08]],[[46.44,-66.5],[46.29,-66.34],[46.3,-66.26],[46.66,-66.23],[46.83,-66.24],[46.9,-66.31],[46.88,-66.42],[46.63,-66.43],[46.44,-66.5]],[[40.33,-67.71],[40.28,-67.68],[40.27,-67.62],[40.36,-67.56],[40.4,-67.6],[40.43,-67.68],[40.39,-67.72],[40.33,-67.71]],[[49.9,-65.57],[49.85,-65.51],[49.87,-65.45],[49.92,-65.41],[49.98,-65.42],[50.03,-65.5],[50.02,-65.53],[49.9,-65.57]],[[66.53,-66.22],[66.56,-66.19],[66.66,-66.22],[66.71,-66.27],[66.7,-66.34],[66.62,-66.37],[66.53,-66.34],[66.48,-66.29],[66.53,-66.22]],[[61.15,-66.24],[61.13,-66.37],[60.97,-66.36],[60.92,-66.31],[60.95,-66.24],[61.15,-66.24]],[[91.72,9.37],[91.6,9.44],[91.57,9.53],[91.62,9.61],[91.74,9.64],[91.8,9.62],[91.83,9.44],[91.8,9.38],[91.72,9.37]],[[92.35,14.11],[92.36,14.2],[92.45,14.26],[92.5,14.26],[92.51,14.2],[92.47,14.13],[92.41,14.1],[92.35,14.11]],[[93.2,17.83],[93.12,17.93],[93.18,18.03],[93.25,18.01],[93.29,17.89],[93.26,17.83],[93.2,17.83]]],[[[13.65,-27.99],[6.84,-28.65],[-2.93,-25.07],[-35.47,-25.31],[-40.15,-22.88],[-40.32,-22.97],[-40.66,-23.23],[-40.77,-23.39],[-40.8,-23.59],[-40.9,-23.81],[-41.16,-24.09],[-41.53,-24.34],[-42.24,-24.65],[-42.34,-24.62],[-42.46,-24.67],[-42.62,-24.65],[-42.69,-24.77],[-42.79,-24.86],[-42.86,-24.89],[-42.97,-24.86],[-43.05,-24.98],[-43.24,-24.97],[-43.42,-25.06],[-43.87,-25.1],[-43.91,-25.14],[-43.88,-25.22],[-43.91,-25.27],[-44.07,-25.34],[-44.04,-25.46],[-44.06,-25.51],[-44.13,-25.53],[-44.24,-25.48],[-44.3,-25.49],[-44.4,-25.73],[-44.59,-25.75],[-44.64,-25.87],[-44.88,-26.14],[-45.05,-26.18],[-45.14,-26.35],[-45.29,-26.35],[-45.36,-26.45],[-45.41,-26.59],[-45.62,-26.81],[-45.62,-26.95],[-45.72,-27.12],[-46.24,-27.71],[-46.37,-27.96],[-46.46,-28.3],[-46.45,-28.44],[-46.51,-28.59],[-46.46,-28.74],[-46.48,-28.84],[-46.66,-29.09],[-46.85,-29.5],[-46.97,-29.63],[-47.0,-29.73],[-46.99,-30.02],[-47.17,-30.25],[-47.28,-30.53],[-47.66,-30.67],[-47.9,-30.7],[-48.91,-31.17],[-49.01,-31.25],[-49.03,-31.39],[-49.2,-31.58],[-49.31,-31.63],[-49.34,-31.87],[-49.49,-32.02],[-49.51,-32.13],[-49.46,-32.35],[-49.27,-32.58],[-49.23,-32.7],[-49.23,-32.85],[-49.36,-33.29],[-49.58,-33.52],[-50.41,-34.02],[-50.59,-34.08],[-50.79,-34.02],[-50.9,-34.09],[-51.07,-34.37],[-51.12,-34.39],[-51.24,-34.7],[-51.29,-34.7],[-51.31,-34.75],[-51.41,-34.8],[-51.46,-34.94],[-51.55,-35.04],[-51.65,-35.23],[-51.71,-35.29],[-51.82,-35.3],[-51.95,-35.43],[-52.08,-35.64],[-52.1,-35.74],[-52.45,-36.0],[-52.51,-36.02],[-52.63,-36.14],[-52.8,-36.36],[-52.9,-36.6],[-53.18,-36.89],[-53.32,-36.92],[-53.28,-37.3],[-53.3,-37.36],[-53.57,-37.63],[-53.61,-37.78],[-53.67,-37.86],[-53.95,-37.89],[-53.81,-38.02],[-53.79,-38.13],[-53.95,-38.81],[-54.14,-39.0],[-54.19,-39.14],[-54.46,-39.46],[-54.55,-39.5],[-54.6,-39.67],[-54.77,-39.77],[-54.75,-39.91],[-54.84,-40.06],[-55.01,-40.18],[-55.06,-40.39],[-55.2,-40.46],[-55.27,-40.61],[-55.39,-40.67],[-55.53,-40.84],[-55.8,-41.06],[-55.92,-41.11],[-55.97,-41.23],[-56.02,-41.26],[-56.02,-41.3],[-56.09,-41.37],[-56.08,-41.5],[-56.11,-41.59],[-56.29,-41.55],[-56.47,-41.85],[-56.62,-41.93],[-56.71,-42.05],[-56.83,-42.1],[-56.93,-42.24],[-57.29,-42.5],[-57.48,-42.7],[-57.64,-42.75],[-57.67,-42.83],[-57.67,-42.96],[-57.76,-43.0],[-58.1,-43.04],[-58.13,-43.15],[-58.22,-43.25],[-58.18,-43.27],[-58.17,-43.33],[-58.3,-43.32],[-58.42,-43.46],[-58.35,-43.56],[-58.37,-43.64],[-58.43,-43.65],[-58.61,-43.61],[-58.78,-43.87],[-58.75,-44.02],[-58.82,-44.14],[-58.73,-44.22],[-58.71,-44.35],[-58.73,-44.52],[-58.8,-44.64],[-58.63,-44.64],[-58.58,-44.78],[-58.45,-44.83],[-58.39,-44.95],[-58.41,-45.09],[-58.63,-45.46],[-58.66,-45.62],[-58.78,-45.79],[-58.83,-46.22],[-58.87,-46.34],[-58.82,-46.49],[-58.87,-46.7],[-58.87,-47.11],[-58.82,-47.28],[-58.82,-47.52],[-58.73,-47.64],[-58.7,-47.74],[-58.56,-47.98],[-58.26,-48.11],[-58.04,-48.16],[-57.82,-48.17],[-57.65,-48.1],[-57.5,-48.1],[-57.36,-48.02],[-57.07,-47.98],[-56.78,-48.0],[-56.66,-48.07],[-56.57,-48.07],[-56.52,-48.12],[-56.35,-48.14],[-56.25,-48.22],[-56.06,-48.24],[-55.68,-48.41],[-55.49,-48.41],[-55.27,-48.55],[-55.01,-48.58],[-54.77,-48.65],[-54.67,-48.74],[-54.41,-48.89],[-54.19,-48.89],[-53.93,-49.07],[-53.78,-49.12],[-53.45,-49.31],[-53.35,-49.3],[-53.3,-49.41],[-53.26,-49.44],[-52.96,-49.47],[-52.94,-49.64],[-52.81,-49.78],[-52.78,-50.21],[-52.56,-50.42],[-52.53,-50.52],[-52.57,-50.57],[-52.73,-50.62],[-52.87,-50.8],[-52.86,-50.87],[-52.7,-51.09],[-52.68,-51.18],[-52.7,-51.28],[-52.79,-51.37],[-53.14,-51.58],[-53.26,-51.79],[-53.51,-51.85],[-53.54,-51.94],[-53.59,-51.96],[-53.59,-52.03],[-53.78,-52.22],[-53.95,-52.27],[-53.81,-52.39],[-53.85,-52.47],[-54.1,-52.42],[-54.19,-52.44],[-54.77,-52.73],[-54.91,-52.73],[-55.3,-52.9],[-55.44,-52.9],[-55.7,-53.04],[-56.09,-53.09],[-56.54,-53.21],[-56.74,-53.21],[-56.88,-53.28],[-57.0,-53.26],[-57.24,-53.38],[-57.34,-53.35],[-58.32,-53.47],[-58.39,-53.45],[-58.54,-53.52],[-58.3,-53.52],[-58.2,-53.57],[-57.96,-53.55],[-57.72,-53.62],[-57.5,-53.54],[-57.47,-53.65],[-57.41,-53.67],[-57.19,-53.66],[-57.02,-53.71],[-55.75,-53.81],[-55.7,-53.95],[-55.25,-54.07],[-54.97,-54.03],[-54.65,-53.89],[-54.34,-53.83],[-54.17,-53.72],[-53.67,-53.55],[-53.45,-53.55],[-53.33,-53.47],[-53.18,-53.45],[-53.09,-53.38],[-53.02,-53.38],[-52.6,-53.15],[-51.98,-53.11],[-51.78,-53.15],[-51.34,-53.33],[-51.2,-53.26],[-51.02,-53.3],[-51.05,-53.26],[-51.04,-53.18],[-50.88,-53.06],[-50.68,-53.09],[-49.75,-53.06],[-49.64,-53.1],[-49.63,-53.17],[-49.58,-53.2],[-49.43,-53.24],[-49.4,-53.45],[-49.42,-53.53],[-49.69,-53.73],[-49.97,-53.74],[-50.09,-53.71],[-50.18,-53.64],[-50.36,-53.62],[-50.4,-53.45],[-50.44,-53.44],[-50.52,-53.44],[-50.94,-53.58],[-50.96,-54.05],[-51.01,-54.13],[-51.1,-54.17],[-51.16,-54.16],[-51.25,-54.08],[-51.32,-54.06],[-51.4,-54.09],[-51.48,-54.22],[-51.53,-54.25],[-51.67,-54.24],[-51.74,-54.12],[-51.79,-54.1],[-52.14,-54.24],[-52.61,-54.26],[-52.73,-54.18],[-52.9,-54.17],[-53.06,-54.07],[-53.45,-54.31],[-53.66,-54.26],[-53.81,-54.33],[-54.0,-54.26],[-54.16,-54.25],[-54.34,-54.26],[-54.48,-54.31],[-54.76,-54.29],[-54.89,-54.36],[-54.72,-54.38],[-54.52,-54.34],[-54.48,-54.43],[-54.54,-54.48],[-54.74,-54.53],[-54.82,-54.58],[-55.08,-54.6],[-55.34,-54.77],[-55.51,-54.77],[-55.7,-54.84],[-55.8,-54.94],[-55.92,-54.94],[-56.04,-55.02],[-56.14,-55.03],[-56.23,-54.98],[-56.38,-55.07],[-56.48,-55.08],[-56.64,-55.03],[-56.81,-55.13],[-57.19,-55.15],[-57.36,-55.2],[-57.41,-55.15],[-57.63,-55.11],[-58.47,-55.09],[-58.78,-55.01],[-58.94,-54.91],[-59.08,-55.0],[-59.23,-54.96],[-59.47,-55.1],[-59.81,-55.11],[-60.37,-55.09],[-61.03,-54.91],[-61.62,-54.91],[-61.93,-54.84],[-62.7,-54.87],[-60.59,-61.8],[-60.24,-61.8],[-60.2,-61.66],[-60.15,-61.63],[-59.97,-61.68],[-59.85,-61.64],[-59.56,-61.64],[-59.3,-61.54],[-59.18,-61.54],[-59.02,-61.46],[-58.85,-61.44],[-58.63,-61.32],[-58.13,-61.3],[-57.89,-61.25],[-57.77,-61.3],[-57.56,-61.32],[-57.28,-61.31],[-57.23,-61.29],[-57.2,-61.18],[-57.11,-61.12],[-56.83,-61.13],[-56.5,-61.03],[-56.5,-60.98],[-56.41,-60.93],[-56.46,-60.83],[-56.42,-60.78],[-56.12,-60.79],[-56.04,-60.77],[-55.96,-60.79],[-55.8,-60.72],[-55.11,-60.82],[-54.96,-60.77],[-53.67,-60.68],[-53.28,-60.48],[-53.18,-60.32],[-53.11,-60.3],[-52.46,-60.29],[-52.25,-60.36],[-52.15,-60.26],[-52.0,-60.2],[-51.27,-60.16],[-51.16,-60.12],[-49.93,-60.07],[-49.82,-60.02],[-49.68,-60.02],[-49.22,-60.1],[-48.86,-60.05],[-48.31,-60.07],[-48.3,-60.19],[-48.61,-60.27],[-49.01,-60.25],[-49.18,-60.31],[-50.46,-60.31],[-50.57,-60.26],[-50.9,-60.27],[-51.17,-60.36],[-51.58,-60.43],[-51.82,-60.6],[-52.08,-60.65],[-52.33,-60.84],[-52.65,-60.92],[-52.88,-60.84],[-53.0,-60.84],[-53.37,-61.01],[-53.38,-61.04],[-53.34,-61.06],[-52.92,-61.03],[-52.8,-60.98],[-52.42,-60.96],[-52.25,-60.89],[-51.77,-60.82],[-51.62,-60.86],[-51.48,-60.86],[-51.39,-60.79],[-51.43,-60.69],[-51.36,-60.62],[-51.32,-60.62],[-51.24,-60.7],[-51.1,-60.55],[-50.71,-60.45],[-50.61,-60.47],[-50.58,-60.5],[-50.61,-60.62],[-50.18,-60.46],[-48.02,-60.42],[-47.91,-60.48],[-47.9,-60.53],[-47.93,-60.57],[-48.05,-60.6],[-48.31,-60.58],[-48.48,-60.7],[-48.48,-60.79],[-48.61,-60.99],[-48.74,-61.06],[-49.1,-61.01],[-49.37,-60.7],[-49.58,-60.74],[-50.01,-60.77],[-50.05,-60.81],[-50.09,-61.03],[-50.36,-61.19],[-50.66,-61.27],[-50.81,-61.27],[-50.93,-61.24],[-51.0,-61.39],[-51.38,-61.54],[-51.91,-61.61],[-52.13,-61.76],[-52.37,-61.8],[-52.48,-61.86],[-52.73,-61.87],[-52.87,-61.94],[-52.99,-61.94],[-53.32,-62.11],[-53.21,-62.35],[-53.04,-62.35],[-52.96,-62.4],[-52.95,-62.46],[-53.01,-62.55],[-53.21,-62.54],[-53.22,-62.57],[-53.19,-62.63],[-52.97,-62.74],[-52.39,-62.76],[-52.06,-62.83],[-51.82,-62.95],[-51.7,-62.95],[-51.54,-63.02],[-51.01,-63.08],[-50.87,-63.01],[-50.71,-63.0],[-50.43,-63.05],[-50.16,-63.17],[-49.84,-63.16],[-49.72,-63.23],[-49.62,-63.42],[-49.63,-63.46],[-49.73,-63.49],[-50.09,-63.43],[-50.27,-63.46],[-51.22,-63.41],[-51.34,-63.5],[-51.5,-63.7],[-51.45,-63.9],[-51.47,-63.97],[-51.64,-63.99],[-52.09,-63.93],[-52.16,-63.94],[-52.3,-64.06],[-52.82,-64.1],[-53.24,-64.24],[-53.54,-64.7],[-53.47,-64.87],[-53.3,-65.02],[-53.35,-65.14],[-53.35,-65.33],[-53.26,-65.37],[-53.18,-65.52],[-52.94,-65.54],[-52.93,-65.63],[-53.05,-65.71],[-52.8,-65.71],[-52.72,-65.74],[-52.66,-65.81],[-52.65,-65.93],[-52.72,-65.97],[-52.92,-65.98],[-53.09,-66.07],[-53.38,-66.1],[-53.42,-66.26],[-53.5,-66.32],[-53.66,-66.34],[-53.95,-66.27],[-54.02,-66.29],[-54.04,-66.32],[-53.98,-66.39],[-54.02,-66.47],[-54.26,-66.48],[-54.41,-66.58],[-54.36,-66.87],[-54.39,-66.95],[-54.74,-67.18],[-54.7,-67.34],[-54.91,-67.61],[-54.86,-67.64],[-54.56,-67.56],[-54.5,-67.58],[-54.43,-67.68],[-54.4,-67.8],[-54.42,-67.85],[-54.55,-67.87],[-54.73,-67.82],[-54.76,-67.87],[-54.7,-68.03],[-54.47,-68.05],[-54.47,-68.15],[-54.61,-68.19],[-54.62,-68.26],[-54.53,-68.26],[-54.44,-68.33],[-54.41,-68.42],[-54.48,-68.5],[-54.35,-68.55],[-54.32,-68.6],[-54.35,-68.66],[-54.52,-68.69],[-54.5,-68.74],[-54.39,-68.77],[-54.38,-68.83],[-54.66,-69.03],[-54.68,-69.25],[-54.61,-69.28],[-54.46,-69.25],[-54.41,-69.29],[-54.39,-69.34],[-54.53,-69.58],[-54.65,-69.58],[-54.73,-69.62],[-54.92,-69.77],[-54.92,-69.85],[-54.71,-69.86],[-54.68,-69.91],[-55.1,-70.08],[-55.12,-70.16],[-55.06,-70.27],[-54.73,-70.39],[-54.55,-70.39],[-54.41,-70.63],[-54.45,-70.76],[-54.42,-70.81],[-53.81,-70.94],[-53.57,-70.92],[-53.43,-71.1],[-52.7,-71.11],[-52.56,-71.29],[-52.44,-71.33],[-52.01,-71.28],[-51.6,-71.3],[-51.36,-71.47],[-51.05,-71.45],[-50.81,-71.59],[-50.61,-71.57],[-50.31,-71.42],[-50.18,-71.4],[-50.12,-71.44],[-50.02,-71.64],[-49.82,-71.64],[-49.7,-71.74],[-49.57,-71.76],[-49.22,-71.66],[-48.62,-71.64],[-48.53,-71.59],[-48.32,-71.56],[-48.25,-71.58],[-48.23,-71.63],[-48.25,-71.69],[-48.33,-71.75],[-48.32,-71.77],[-47.84,-71.72],[-47.74,-71.75],[-47.62,-71.88],[-47.39,-71.85],[-47.15,-71.67],[-46.97,-71.66],[-46.82,-71.71],[-46.8,-71.86],[-46.37,-72.02],[-45.76,-72.03],[-45.54,-72.09],[-44.96,-72.11],[-44.81,-72.14],[-44.69,-72.24],[-44.35,-72.26],[-44.14,-72.34],[-43.71,-72.32],[-43.67,-72.35],[-43.69,-72.47],[-43.64,-72.49],[-43.39,-72.48],[-42.95,-72.52],[-42.78,-72.68],[-42.45,-72.74],[-42.17,-72.74],[-42.15,-72.77],[-42.16,-72.89],[-42.13,-72.92],[-41.83,-72.94],[-41.54,-73.06],[-40.97,-73.1],[-40.78,-73.2],[-40.63,-73.2],[-40.46,-73.27],[-39.96,-73.34],[-39.79,-73.42],[-39.05,-73.46],[-38.73,-73.63],[-38.6,-73.62],[-38.54,-73.55],[-38.47,-73.54],[-38.28,-73.61],[-38.28,-73.7],[-38.21,-73.75],[-37.97,-73.75],[-37.85,-73.8],[-37.58,-73.8],[-37.44,-73.85],[-37.18,-73.87],[-37.1,-73.94],[-36.77,-74.09],[-36.44,-74.0],[-35.79,-73.96],[-35.75,-73.99],[-35.81,-74.11],[-35.77,-74.12],[-35.18,-74.11],[-34.75,-74.04],[-33.91,-73.99],[-33.58,-73.9],[-32.09,-73.85],[-31.88,-73.93],[-30.94,-73.98],[-30.64,-74.12],[-30.43,-74.04],[-30.27,-74.03],[-29.86,-74.11],[-29.33,-74.11],[-29.09,-74.16],[-28.85,-74.16],[-28.56,-74.4],[-28.48,-74.43],[-28.39,-74.4],[-28.42,-74.31],[-28.39,-74.27],[-27.83,-74.42],[-27.55,-74.4],[-27.35,-74.49],[-27.09,-74.5],[-26.9,-74.47],[-26.55,-74.3],[-26.2,-74.35],[-25.8,-74.26],[-25.62,-74.06],[-25.27,-74.02],[-25.03,-73.96],[-24.89,-73.88],[-24.94,-73.85],[-24.95,-73.78],[-24.82,-73.68],[-24.7,-73.66],[-24.17,-73.73],[-23.95,-73.56],[-23.49,-73.53],[-23.26,-73.4],[-22.99,-73.44],[-22.87,-73.32],[-22.68,-73.37],[-22.34,-73.39],[-22.2,-73.37],[-22.1,-73.23],[-21.79,-73.21],[-21.62,-73.1],[-21.36,-73.13],[-21.22,-73.08],[-21.07,-73.11],[-20.9,-72.98],[-20.86,-73.03],[-20.8,-73.01],[-20.61,-73.04],[-20.51,-72.97],[-20.33,-72.96],[-19.59,-72.72],[-19.23,-72.56],[-18.79,-72.5],[-18.34,-72.51],[-18.28,-72.35],[-18.21,-72.29],[-17.81,-72.19],[-17.57,-72.19],[-17.4,-72.08],[-17.25,-72.04],[-17.09,-71.9],[-16.88,-71.82],[-16.81,-71.75],[-16.66,-71.73],[-16.26,-71.75],[-16.24,-71.72],[-16.24,-71.58],[-16.1,-71.5],[-15.24,-71.46],[-15.03,-71.35],[-14.9,-71.38],[-14.74,-71.3],[-14.09,-71.21],[-13.9,-71.14],[-13.82,-71.05],[-13.61,-71.06],[-13.51,-71.0],[-13.37,-71.0],[-13.07,-70.86],[-12.79,-70.9],[-12.58,-70.87],[-12.55,-70.75],[-12.31,-70.75],[-12.29,-70.58],[-12.11,-70.47],[-11.88,-70.46],[-11.8,-70.35],[-11.72,-70.33],[-11.16,-70.32],[-11.28,-70.3],[-11.49,-70.18],[-11.52,-70.1],[-11.46,-70.06],[-11.05,-70.11],[-10.94,-70.18],[-10.79,-70.17],[-10.6,-70.31],[-10.47,-70.25],[-10.27,-70.3],[-10.04,-70.25],[-9.96,-70.2],[-10.01,-70.16],[-10.03,-69.89],[-9.74,-69.86],[-9.64,-69.7],[-9.58,-69.67],[-9.42,-69.66],[-9.19,-69.72],[-9.1,-69.81],[-9.12,-69.94],[-8.88,-69.94],[-8.69,-70.06],[-8.54,-70.06],[-8.35,-70.12],[-8.3,-70.1],[-8.29,-70.06],[-8.38,-69.99],[-8.49,-69.99],[-8.47,-69.9],[-8.34,-69.84],[-8.11,-69.85],[-7.94,-69.77],[-7.79,-69.79],[-7.5,-69.95],[-7.42,-69.96],[-7.2,-69.79],[-6.99,-69.74],[-6.95,-69.75],[-6.91,-69.91],[-6.44,-70.01],[-6.17,-69.94],[-5.59,-69.94],[-5.3,-69.86],[-4.97,-69.96],[-4.8,-69.89],[-4.76,-69.75],[-4.7,-69.73],[-4.49,-69.74],[-4.28,-69.87],[-4.05,-69.83],[-2.47,-69.86],[-1.76,-69.7],[-1.24,-69.66],[-0.74,-69.5],[-0.51,-69.37],[-0.37,-69.34],[0.08,-69.37],[0.63,-69.51],[0.84,-69.5],[1.15,-69.6],[1.34,-69.72],[1.78,-69.69],[2.1,-69.77],[2.28,-69.7],[2.64,-69.7],[2.78,-69.62],[3.22,-69.53],[3.26,-69.71],[3.63,-69.78],[3.67,-69.77],[3.7,-69.61],[3.93,-69.57],[4.01,-69.59],[4.29,-69.79],[4.43,-69.82],[4.8,-69.7],[5.28,-69.72],[5.45,-69.62],[6.11,-69.73],[6.23,-69.69],[6.25,-69.67],[6.21,-69.63],[5.85,-69.52],[5.83,-69.41],[5.94,-69.31],[5.95,-69.26],[5.83,-69.22],[5.77,-69.12],[5.86,-69.02],[6.13,-68.97],[6.36,-69.0],[6.42,-69.07],[6.36,-69.2],[6.62,-69.36],[6.77,-69.36],[6.88,-69.41],[6.94,-69.38],[7.01,-69.25],[7.11,-69.2],[7.38,-69.18],[7.59,-69.27],[7.61,-69.31],[7.57,-69.46],[7.73,-69.5],[7.94,-69.48],[8.19,-69.54],[8.35,-69.51],[8.54,-69.34],[9.02,-69.25],[9.1,-69.29],[9.12,-69.37],[9.01,-69.47],[9.02,-69.5],[9.49,-69.51],[9.74,-69.6],[10.03,-69.53],[10.18,-69.36],[10.2,-69.26],[10.34,-69.24],[10.38,-69.15],[10.54,-69.07],[10.55,-68.93],[10.59,-68.87],[10.85,-68.82],[10.89,-68.65],[10.94,-68.59],[11.21,-68.54],[11.13,-68.26],[11.21,-68.08],[10.95,-67.92],[10.91,-67.83],[10.93,-67.74],[11.03,-67.66],[10.92,-67.54],[10.97,-67.39],[10.91,-67.31],[11.0,-67.18],[11.14,-67.12],[11.23,-67.13],[11.31,-67.21],[11.3,-67.44],[11.44,-67.45],[11.69,-67.61],[11.83,-67.61],[11.95,-67.75],[12.09,-67.82],[12.17,-68.11],[12.12,-68.28],[12.18,-68.33],[12.43,-68.42],[12.48,-68.69],[12.46,-68.83],[12.57,-68.87],[12.68,-69.03],[12.75,-69.07],[13.58,-69.1],[13.7,-69.14],[13.9,-69.07],[14.0,-69.09],[15.12,-69.02],[15.31,-69.07],[15.58,-69.02],[15.94,-69.02],[16.08,-69.07],[16.27,-68.98],[16.42,-69.0],[16.58,-68.98],[16.73,-69.05],[17.09,-69.12],[17.42,-69.1],[17.71,-69.26],[17.95,-69.26],[18.1,-69.36],[18.26,-69.41],[18.7,-69.33],[18.75,-69.37],[18.77,-69.53],[18.88,-69.56],[19.72,-69.49],[19.79,-69.45],[19.85,-69.36],[19.99,-69.29],[20.11,-69.31],[20.32,-69.42],[20.4,-69.43],[20.42,-69.34],[20.5,-69.26],[20.83,-69.36],[21.25,-69.25],[21.43,-69.23],[21.91,-69.39],[21.99,-69.56],[22.18,-69.5],[22.36,-69.49],[22.52,-69.53],[22.56,-69.6],[22.47,-69.71],[22.73,-69.86],[24.02,-69.96],[24.69,-69.84],[24.82,-69.84],[24.98,-69.89],[25.09,-69.75],[25.2,-69.71],[25.42,-69.77],[25.97,-69.79],[26.23,-69.54],[26.42,-69.47],[26.78,-69.42],[26.93,-69.34],[27.38,-69.26],[27.54,-69.17],[27.62,-69.18],[27.67,-69.28],[27.76,-69.29],[28.06,-69.17],[28.49,-69.14],[28.68,-69.1],[28.48,-51.59],[20.93,-37.03],[20.62,-37.18],[20.49,-37.17],[20.37,-37.22],[20.17,-37.22],[20.01,-37.15],[19.99,-37.12],[19.99,-36.98],[19.88,-36.82],[19.9,-36.6],[19.78,-36.43],[19.58,-36.25],[19.19,-36.09],[19.07,-35.91],[18.82,-35.66],[18.6,-35.62],[18.36,-35.33],[18.28,-35.15],[18.02,-35.14],[17.88,-34.87],[17.67,-34.81],[17.62,-34.63],[17.35,-34.52],[17.32,-34.44],[17.38,-34.32],[17.19,-33.95],[16.97,-33.77],[16.68,-33.74],[16.56,-33.43],[16.44,-33.29],[16.43,-33.23],[16.48,-33.13],[16.22,-32.74],[15.73,-32.46],[15.65,-32.37],[15.58,-32.14],[15.46,-32.04],[15.38,-31.9],[14.98,-31.74],[14.95,-31.68],[15.02,-31.46],[15.0,-31.42],[15.02,-31.34],[14.98,-31.2],[15.0,-31.05],[14.96,-30.9],[14.84,-30.81],[14.68,-30.82],[14.59,-30.79],[14.18,-30.36],[14.01,-30.28],[13.92,-30.01],[14.02,-29.9],[13.93,-29.78],[13.99,-29.47],[13.78,-29.06],[13.8,-28.92],[13.75,-28.8],[13.76,-28.53],[13.68,-28.3],[13.73,-28.1],[13.65,-27.99]],[[-30.45,-28.62],[-30.46,-28.87],[-30.49,-28.96],[-30.53,-29.01],[-30.6,-29.03],[-30.9,-28.97],[-31.05,-28.89],[-31.44,-28.85],[-31.58,-28.78],[-31.63,-28.72],[-31.61,-28.63],[-31.58,-28.6],[-31.27,-28.62],[-31.07,-28.46],[-31.0,-28.43],[-30.84,-28.43],[-30.45,-28.62]],[[-30.13,-28.91],[-30.18,-28.85],[-30.17,-28.79],[-30.11,-28.72],[-30.01,-28.67],[-29.98,-28.72],[-29.99,-28.82],[-30.06,-28.9],[-30.13,-28.91]],[[3.25,-28.89],[3.31,-28.94],[3.29,-29.09],[3.14,-29.14],[3.14,-28.97],[3.25,-28.89]],[[-29.39,-29.11],[-29.33,-29.2],[-29.35,-29.26],[-29.41,-29.27],[-29.51,-29.23],[-29.52,-29.17],[-29.5,-29.14],[-29.39,-29.11]],[[2.55,-29.27],[2.65,-29.24],[2.7,-29.28],[2.7,-29.41],[2.63,-29.52],[2.55,-29.49],[2.55,-29.27]],[[2.95,-29.5],[3.05,-29.47],[3.12,-29.5],[3.15,-29.56],[3.12,-29.64],[3.02,-29.69],[2.92,-29.66],[2.87,-29.59],[2.95,-29.5]],[[2.2,-29.61],[2.28,-29.69],[2.28,-29.76],[2.25,-29.79],[2.16,-29.81],[2.08,-29.77],[2.06,-29.69],[2.13,-29.61],[2.2,-29.61]],[[2.64,-29.78],[2.75,-29.76],[2.88,-29.86],[3.02,-29.83],[3.07,-29.88],[3.39,-29.9],[3.54,-29.96],[3.53,-30.26],[3.48,-30.29],[3.4,-30.52],[3.45,-30.59],[3.57,-30.62],[3.58,-30.71],[3.54,-30.76],[3.29,-30.77],[3.11,-30.86],[3.05,-31.1],[2.87,-31.32],[2.84,-31.48],[2.49,-31.71],[2.44,-31.8],[2.44,-32.0],[2.3,-32.14],[2.18,-32.34],[2.16,-32.45],[2.19,-32.6],[2.11,-32.66],[2.09,-32.83],[1.91,-32.91],[1.75,-33.07],[1.62,-33.08],[1.47,-33.05],[1.45,-32.96],[1.56,-32.74],[1.58,-32.57],[1.79,-32.46],[2.02,-32.3],[1.87,-31.97],[1.91,-31.56],[2.07,-31.48],[2.26,-31.44],[2.34,-31.28],[2.59,-31.1],[2.62,-31.06],[2.58,-30.95],[2.42,-30.95],[2.32,-30.84],[2.21,-30.6],[2.22,-30.48],[2.35,-30.44],[2.52,-30.6],[2.83,-30.71],[2.95,-30.67],[2.94,-30.6],[2.76,-30.55],[2.69,-30.38],[2.51,-30.3],[2.47,-30.24],[2.49,-30.07],[2.64,-29.78]],[[8.37,-31.76],[8.29,-31.71],[8.25,-31.62],[8.28,-31.54],[8.39,-31.5],[8.48,-31.54],[8.51,-31.64],[8.45,-31.75],[8.37,-31.76]],[[2.54,-32.76],[2.62,-32.74],[2.71,-32.79],[2.68,-32.96],[2.59,-33.02],[2.5,-33.0],[2.45,-32.92],[2.47,-32.83],[2.54,-32.76]],[[2.3,-32.79],[2.36,-32.9],[2.33,-32.98],[2.23,-33.01],[2.13,-32.98],[2.1,-32.92],[2.11,-32.86],[2.2,-32.8],[2.3,-32.79]],[[-0.33,-33.06],[-0.27,-33.12],[-0.26,-33.25],[-0.31,-33.34],[-0.46,-33.41],[-0.52,-33.56],[-0.61,-33.61],[-0.94,-33.64],[-1.07,-33.68],[-1.14,-33.78],[-1.16,-33.98],[-1.22,-34.03],[-1.64,-34.05],[-1.7,-33.89],[-1.82,-33.74],[-1.87,-33.58],[-2.0,-33.35],[-1.97,-33.28],[-1.9,-33.22],[-1.76,-33.21],[-1.7,-33.31],[-1.71,-33.48],[-1.64,-33.6],[-1.48,-33.67],[-1.35,-33.66],[-1.16,-33.56],[-1.13,-33.48],[-0.98,-33.43],[-0.61,-33.11],[-0.39,-33.05],[-0.33,-33.06]],[[2.19,-33.43],[2.1,-33.35],[2.18,-33.19],[2.5,-33.17],[2.52,-33.25],[2.5,-33.36],[2.38,-33.41],[2.19,-33.43]],[[1.93,-33.78],[1.87,-33.72],[1.88,-33.69],[2.0,-33.63],[2.03,-33.66],[2.03,-33.75],[2.01,-33.78],[1.93,-33.78]],[[0.78,-34.01],[0.8,-33.92],[0.89,-33.89],[1.06,-33.97],[1.09,-34.05],[1.03,-34.15],[0.97,-34.16],[0.86,-34.11],[0.78,-34.01]],[[-1.44,-34.12],[-1.39,-34.21],[-1.41,-34.32],[-1.45,-34.36],[-1.56,-34.35],[-1.63,-34.29],[-1.63,-34.16],[-1.49,-34.11],[-1.44,-34.12]],[[0.34,-34.36],[0.4,-34.32],[0.53,-34.34],[0.56,-34.38],[0.55,-34.46],[0.48,-34.52],[0.39,-34.5],[0.33,-34.43],[0.34,-34.36]],[[-0.93,-34.38],[-0.87,-34.44],[-0.88,-34.55],[-0.94,-34.63],[-1.03,-34.64],[-1.08,-34.57],[-1.03,-34.42],[-0.93,-34.38]],[[-3.39,-34.38],[-3.46,-34.58],[-3.62,-34.63],[-3.99,-34.91],[-4.18,-34.92],[-4.47,-35.08],[-4.58,-35.05],[-4.58,-34.9],[-4.65,-34.81],[-4.78,-34.73],[-4.72,-34.93],[-4.79,-34.96],[-4.85,-34.97],[-4.92,-34.92],[-5.09,-34.97],[-5.23,-34.92],[-5.37,-34.94],[-5.42,-34.9],[-5.42,-34.81],[-5.3,-34.74],[-5.17,-34.72],[-4.94,-34.77],[-4.82,-34.73],[-4.84,-34.69],[-5.1,-34.63],[-5.15,-34.58],[-5.18,-34.41],[-5.12,-34.34],[-5.04,-34.3],[-4.9,-34.34],[-4.85,-34.42],[-4.69,-34.54],[-4.63,-34.64],[-4.58,-34.66],[-4.11,-34.65],[-4.08,-34.59],[-4.11,-34.43],[-4.06,-34.37],[-3.97,-34.34],[-3.7,-34.37],[-3.49,-34.22],[-3.43,-34.25],[-3.39,-34.38]],[[0.49,-34.91],[0.58,-34.89],[0.64,-34.92],[0.66,-34.97],[0.63,-35.03],[0.51,-35.06],[0.44,-35.02],[0.43,-34.96],[0.49,-34.91]],[[-6.94,-34.98],[-6.86,-35.03],[-6.83,-35.12],[-6.87,-35.2],[-6.92,-35.21],[-7.07,-35.15],[-7.11,-35.06],[-7.03,-34.98],[-6.94,-34.98]],[[-5.14,-35.16],[-4.97,-35.15],[-4.87,-35.19],[-4.82,-35.26],[-4.84,-35.34],[-4.94,-35.4],[-5.04,-35.38],[-5.15,-35.28],[-5.14,-35.16]],[[-5.29,-35.19],[-5.24,-35.23],[-5.24,-35.32],[-5.32,-35.38],[-5.41,-35.34],[-5.43,-35.26],[-5.35,-35.19],[-5.29,-35.19]],[[-15.26,-35.01],[-15.21,-35.08],[-15.25,-35.14],[-15.34,-35.16],[-15.4,-35.13],[-15.4,-35.05],[-15.26,-35.01]],[[-23.86,-34.74],[-23.81,-34.78],[-23.8,-34.87],[-23.92,-34.89],[-23.97,-34.83],[-23.95,-34.78],[-23.86,-34.74]],[[-15.22,-34.73],[-15.3,-34.73],[-15.36,-34.7],[-15.37,-34.62],[-15.34,-34.56],[-15.23,-34.55],[-15.13,-34.61],[-15.13,-34.66],[-15.22,-34.73]],[[-33.86,-34.36],[-33.78,-34.44],[-33.79,-34.51],[-33.86,-34.54],[-33.99,-34.5],[-34.01,-34.43],[-33.98,-34.39],[-33.86,-34.36]],[[-3.75,-34.22],[-3.84,-34.2],[-3.86,-34.1],[-3.86,-33.94],[-3.76,-33.69],[-3.53,-33.53],[-3.28,-33.5],[-3.22,-33.52],[-3.1,-33.68],[-3.11,-33.84],[-3.24,-33.84],[-3.26,-34.01],[-3.57,-34.04],[-3.75,-34.22]],[[-14.65,-33.9],[-14.62,-33.98],[-14.62,-34.06],[-14.71,-34.09],[-14.78,-34.02],[-14.78,-33.95],[-14.72,-33.89],[-14.65,-33.9]],[[-30.36,-33.91],[-30.4,-33.95],[-30.51,-33.93],[-30.74,-33.74],[-31.48,-33.49],[-31.55,-33.41],[-31.56,-33.31],[-31.5,-33.29],[-31.37,-33.34],[-30.94,-33.31],[-30.88,-33.38],[-30.86,-33.5],[-30.6,-33.58],[-30.39,-33.75],[-30.34,-33.86],[-30.36,-33.91]],[[-32.17,-33.75],[-32.12,-33.8],[-32.14,-33.88],[-32.23,-33.92],[-32.3,-33.9],[-32.33,-33.84],[-32.31,-33.77],[-32.17,-33.75]],[[-5.08,-33.2],[-5.3,-32.95],[-5.31,-32.89],[-5.26,-32.85],[-5.18,-32.83],[-5.04,-32.88],[-4.98,-33.09],[-4.69,-33.21],[-4.66,-33.29],[-4.71,-33.36],[-4.81,-33.36],[-4.9,-33.34],[-5.08,-33.2]],[[-3.06,-33.15],[-3.1,-33.05],[-3.09,-32.97],[-2.86,-32.71],[-2.42,-32.79],[-2.16,-33.01],[-2.09,-33.19],[-2.12,-33.28],[-2.21,-33.36],[-2.39,-33.42],[-2.49,-33.4],[-2.59,-33.34],[-2.89,-33.28],[-3.06,-33.15]],[[-0.74,-32.94],[-0.82,-32.82],[-0.82,-32.71],[-0.76,-32.68],[-0.48,-32.66],[-0.44,-32.63],[-0.43,-32.5],[-0.26,-32.42],[0.08,-32.43],[0.17,-32.48],[0.19,-32.58],[0.07,-32.78],[0.07,-32.9],[0.01,-32.92],[-0.14,-32.86],[-0.31,-32.9],[-0.48,-32.88],[-0.74,-32.94]],[[-14.05,-32.45],[-14.02,-32.47],[-14.01,-32.57],[-14.13,-32.58],[-14.17,-32.52],[-14.12,-32.46],[-14.05,-32.45]],[[-4.06,-33.16],[-3.95,-33.25],[-3.96,-33.34],[-3.99,-33.36],[-4.15,-33.34],[-4.22,-33.28],[-4.2,-33.19],[-4.06,-33.16]],[[-14.36,-33.78],[-14.41,-33.72],[-14.38,-33.66],[-14.3,-33.62],[-14.21,-33.64],[-14.27,-33.76],[-14.36,-33.78]],[[-1.88,-34.19],[-1.98,-34.12],[-1.97,-34.07],[-1.88,-33.99],[-1.73,-34.0],[-1.68,-34.08],[-1.69,-34.15],[-1.74,-34.19],[-1.88,-34.19]],[[-0.24,-32.12],[-0.1,-32.2],[-0.1,-32.3],[-0.13,-32.34],[-0.25,-32.35],[-0.41,-32.26],[-0.38,-32.16],[-0.24,-32.12]],[[-3.46,-32.17],[-3.53,-32.28],[-3.68,-32.28],[-3.77,-32.2],[-3.8,-32.03],[-3.65,-31.94],[-3.53,-31.96],[-3.46,-32.02],[-3.46,-32.17]],[[-32.61,-31.97],[-32.57,-32.06],[-32.59,-32.11],[-32.71,-32.18],[-32.84,-32.14],[-32.93,-32.04],[-32.92,-31.99],[-32.82,-31.91],[-32.71,-31.92],[-32.61,-31.97]],[[-37.3,-31.82],[-37.42,-31.79],[-37.4,-31.69],[-37.32,-31.67],[-37.27,-31.7],[-37.25,-31.76],[-37.3,-31.82]],[[-35.51,-31.67],[-35.64,-31.61],[-36.0,-31.58],[-36.38,-31.37],[-36.5,-31.21],[-36.7,-31.22],[-36.77,-31.06],[-36.94,-31.08],[-36.98,-30.94],[-37.19,-30.75],[-37.19,-30.67],[-37.15,-30.61],[-36.8,-30.52],[-36.77,-30.46],[-36.94,-30.46],[-37.08,-30.31],[-37.24,-30.41],[-37.3,-30.41],[-37.35,-30.34],[-37.37,-30.22],[-37.32,-30.19],[-37.08,-30.17],[-37.04,-30.13],[-37.01,-29.98],[-36.89,-29.93],[-36.81,-29.86],[-36.66,-29.86],[-36.52,-29.65],[-36.46,-29.62],[-36.24,-29.69],[-36.17,-29.81],[-35.99,-29.89],[-35.97,-30.06],[-35.91,-30.1],[-35.71,-29.98],[-35.45,-30.02],[-35.33,-29.98],[-35.07,-29.99],[-35.0,-29.93],[-34.99,-29.76],[-34.81,-29.61],[-34.48,-29.52],[-34.24,-29.67],[-34.2,-29.74],[-34.03,-29.86],[-33.94,-29.95],[-33.94,-30.0],[-33.86,-30.05],[-33.84,-30.12],[-33.7,-30.19],[-33.62,-30.34],[-33.5,-30.43],[-33.37,-30.45],[-33.32,-30.49],[-33.12,-30.77],[-32.95,-30.84],[-32.77,-30.83],[-32.66,-30.94],[-32.55,-30.9],[-32.52,-30.91],[-32.42,-31.28],[-32.44,-31.33],[-32.64,-31.37],[-32.81,-31.48],[-33.03,-31.47],[-33.47,-31.7],[-33.62,-31.63],[-33.77,-31.61],[-34.02,-31.45],[-34.18,-31.22],[-34.51,-31.08],[-34.58,-31.01],[-34.82,-30.96],[-34.85,-30.98],[-34.82,-31.04],[-34.54,-31.18],[-33.94,-31.68],[-33.94,-31.78],[-34.0,-31.81],[-34.22,-31.73],[-34.63,-31.7],[-34.75,-31.63],[-34.87,-31.66],[-35.15,-31.56],[-35.28,-31.57],[-35.42,-31.66],[-35.51,-31.67]],[[-36.88,-29.64],[-36.89,-29.71],[-36.94,-29.75],[-37.0,-29.72],[-37.03,-29.63],[-37.01,-29.57],[-36.94,-29.54],[-36.88,-29.64]],[[-13.51,-29.59],[-13.59,-29.51],[-13.63,-29.41],[-13.58,-29.33],[-13.52,-29.3],[-13.43,-29.35],[-13.38,-29.51],[-13.42,-29.59],[-13.51,-29.59]],[[0.38,-30.05],[0.45,-30.06],[0.58,-30.17],[0.62,-30.26],[0.6,-30.36],[0.5,-30.38],[0.33,-30.25],[0.31,-30.13],[0.38,-30.05]],[[0.96,-30.19],[0.97,-30.14],[1.04,-30.09],[1.18,-30.19],[1.34,-30.25],[1.36,-30.38],[1.32,-30.52],[1.24,-30.57],[1.17,-30.56],[1.06,-30.41],[0.96,-30.19]],[[0.91,-30.36],[0.96,-30.4],[0.9,-30.55],[0.84,-30.62],[0.76,-30.61],[0.68,-30.5],[0.7,-30.38],[0.76,-30.36],[0.91,-30.36]],[[-29.43,-30.43],[-29.57,-30.48],[-29.67,-30.41],[-29.66,-30.17],[-29.54,-30.07],[-29.46,-30.1],[-29.38,-30.22],[-29.39,-30.37],[-29.43,-30.43]],[[-30.94,-30.8],[-30.9,-30.71],[-30.83,-30.69],[-30.79,-30.72],[-30.77,-30.78],[-30.82,-30.83],[-30.94,-30.8]],[[-0.34,-31.09],[-0.27,-31.08],[-0.22,-31.12],[-0.22,-31.22],[-0.24,-31.26],[-0.34,-31.26],[-0.41,-31.2],[-0.4,-31.15],[-0.34,-31.09]],[[-13.59,-31.11],[-13.51,-31.18],[-13.56,-31.25],[-13.65,-31.25],[-13.72,-31.2],[-13.7,-31.13],[-13.59,-31.11]],[[-13.29,-31.48],[-13.31,-31.4],[-13.27,-31.34],[-13.04,-31.32],[-13.07,-31.43],[-13.29,-31.48]],[[0.72,-31.49],[0.85,-31.47],[0.89,-31.56],[0.73,-31.78],[0.63,-31.79],[0.59,-31.75],[0.59,-31.66],[0.72,-31.49]],[[-32.45,-29.12],[-32.55,-29.17],[-32.68,-29.15],[-32.77,-29.07],[-32.8,-28.98],[-32.7,-28.91],[-32.48,-28.94],[-32.42,-29.02],[-32.45,-29.12]],[[-31.51,-29.04],[-31.57,-28.97],[-31.52,-28.91],[-31.4,-28.88],[-31.32,-28.92],[-31.3,-28.98],[-31.32,-29.03],[-31.51,-29.04]],[[-12.14,-28.42],[-12.17,-28.36],[-12.16,-28.29],[-12.1,-28.24],[-12.06,-28.25],[-12.03,-28.38],[-12.09,-28.43],[-12.14,-28.42]],[[3.35,-28.39],[3.33,-28.31],[3.37,-28.24],[3.46,-28.18],[3.57,-28.15],[3.66,-28.19],[3.65,-28.32],[3.7,-28.47],[3.63,-28.54],[3.47,-28.51],[3.35,-28.39]],[[-38.99,-27.21],[-38.98,-27.33],[-39.04,-27.38],[-39.1,-27.36],[-39.11,-27.23],[-38.99,-27.21]],[[-38.3,-26.86],[-38.21,-26.95],[-38.22,-27.03],[-38.26,-27.06],[-38.33,-27.04],[-38.4,-26.95],[-38.38,-26.88],[-38.3,-26.86]],[[-44.82,-26.87],[-44.83,-26.9],[-44.89,-26.92],[-44.95,-26.89],[-44.98,-26.84],[-44.87,-26.76],[-44.82,-26.87]],[[-39.79,-26.33],[-39.84,-26.37],[-39.97,-26.37],[-40.09,-26.3],[-40.12,-26.19],[-40.06,-26.11],[-39.91,-26.14],[-39.79,-26.24],[-39.79,-26.33]],[[-39.3,-26.3],[-39.34,-26.24],[-39.32,-26.18],[-39.24,-26.14],[-39.17,-26.14],[-39.17,-26.28],[-39.3,-26.3]],[[-5.91,-35.63],[-5.86,-35.45],[-5.76,-35.43],[-5.68,-35.49],[-5.67,-35.61],[-5.75,-35.69],[-5.85,-35.7],[-5.91,-35.63]],[[-0.92,-35.7],[-0.82,-35.7],[-0.81,-35.81],[-0.89,-35.83],[-0.97,-35.8],[-0.97,-35.76],[-0.92,-35.7]],[[-6.32,-35.8],[-6.24,-35.86],[-6.28,-35.98],[-6.42,-36.01],[-6.5,-35.98],[-6.53,-35.9],[-6.5,-35.82],[-6.32,-35.8]],[[-7.2,-35.95],[-7.1,-36.07],[-7.07,-36.19],[-7.09,-36.24],[-7.32,-36.29],[-7.66,-36.53],[-7.77,-36.53],[-7.88,-36.47],[-7.85,-36.36],[-7.78,-36.34],[-7.68,-36.24],[-7.56,-36.22],[-7.3,-35.99],[-7.2,-35.95]],[[18.96,-36.5],[18.94,-36.39],[19.04,-36.31],[19.15,-36.31],[19.26,-36.42],[19.25,-36.53],[19.2,-36.57],[19.08,-36.57],[18.96,-36.5]],[[-16.99,-36.25],[-16.89,-36.36],[-16.9,-36.46],[-16.98,-36.44],[-17.1,-36.34],[-17.11,-36.28],[-16.99,-36.25]],[[-17.65,-36.28],[-17.62,-36.38],[-17.69,-36.41],[-17.84,-36.25],[-17.77,-36.17],[-17.65,-36.28]],[[-17.43,-35.97],[-17.5,-36.02],[-17.61,-35.97],[-17.64,-35.73],[-17.6,-35.65],[-17.52,-35.65],[-17.41,-35.76],[-17.4,-35.88],[-17.43,-35.97]],[[18.16,-36.8],[18.09,-36.73],[18.1,-36.68],[18.17,-36.64],[18.24,-36.65],[18.29,-36.69],[18.29,-36.75],[18.23,-36.8],[18.16,-36.8]],[[7.21,-36.87],[7.27,-36.83],[7.36,-36.85],[7.38,-36.93],[7.35,-37.0],[7.27,-37.03],[7.19,-36.98],[7.18,-36.94],[7.21,-36.87]],[[-7.25,-36.88],[-7.21,-36.96],[-7.25,-37.08],[-7.42,-37.08],[-7.51,-37.22],[-7.71,-37.3],[-7.92,-37.44],[-8.05,-37.45],[-8.16,-37.39],[-8.15,-37.3],[-7.87,-37.08],[-7.75,-37.1],[-7.66,-37.03],[-7.53,-37.04],[-7.42,-36.9],[-7.25,-36.88]],[[-3.92,-37.07],[-3.8,-37.05],[-3.68,-37.09],[-3.57,-37.21],[-3.58,-37.3],[-3.63,-37.33],[-3.81,-37.36],[-3.95,-37.33],[-4.01,-37.19],[-3.92,-37.07]],[[-2.81,-37.3],[-2.73,-37.19],[-2.47,-37.13],[-2.35,-37.31],[-2.34,-37.48],[-2.44,-37.52],[-2.59,-37.44],[-2.8,-37.41],[-2.81,-37.3]],[[-8.32,-37.54],[-8.54,-37.56],[-8.54,-37.45],[-8.44,-37.39],[-8.34,-37.41],[-8.29,-37.47],[-8.32,-37.54]],[[-12.62,-37.55],[-12.65,-37.62],[-12.7,-37.63],[-12.75,-37.62],[-12.78,-37.57],[-12.77,-37.51],[-12.68,-37.47],[-12.62,-37.55]],[[-28.0,-37.56],[-27.96,-37.58],[-27.95,-37.68],[-28.07,-37.69],[-28.11,-37.63],[-28.06,-37.57],[-28.0,-37.56]],[[-6.47,-37.66],[-6.38,-37.66],[-6.26,-37.73],[-5.93,-37.66],[-5.9,-37.73],[-6.0,-37.81],[-6.19,-37.87],[-6.26,-37.86],[-6.34,-37.8],[-6.6,-37.84],[-6.64,-37.79],[-6.63,-37.74],[-6.47,-37.66]],[[-6.7,-37.9],[-6.78,-37.93],[-6.99,-37.95],[-7.08,-37.92],[-7.12,-37.88],[-7.09,-37.79],[-6.74,-37.74],[-6.67,-37.78],[-6.66,-37.84],[-6.7,-37.9]],[[-5.71,-37.94],[-5.66,-37.92],[-5.56,-37.95],[-5.5,-38.03],[-5.51,-38.07],[-5.71,-38.04],[-5.74,-37.99],[-5.71,-37.94]],[[-5.34,-38.08],[-5.43,-37.96],[-5.35,-37.89],[-5.26,-37.9],[-5.15,-38.0],[-5.16,-38.09],[-5.19,-38.11],[-5.34,-38.08]],[[-17.05,-37.99],[-17.18,-37.98],[-17.21,-37.91],[-17.21,-37.82],[-16.83,-37.75],[-16.8,-37.82],[-16.81,-37.86],[-17.05,-37.99]],[[-8.96,-37.89],[-9.02,-37.85],[-9.01,-37.76],[-8.9,-37.71],[-8.83,-37.73],[-8.83,-37.87],[-8.96,-37.89]],[[-16.93,-37.51],[-17.19,-37.55],[-17.29,-37.49],[-17.3,-37.42],[-17.27,-37.4],[-17.06,-37.4],[-16.96,-37.32],[-16.74,-37.32],[-16.77,-37.42],[-16.93,-37.51]],[[-12.63,-37.45],[-12.9,-37.38],[-12.93,-37.26],[-12.86,-37.19],[-12.69,-37.14],[-12.58,-37.15],[-12.5,-37.2],[-12.45,-37.16],[-12.4,-37.01],[-12.31,-36.97],[-12.19,-36.96],[-12.13,-36.99],[-12.1,-37.06],[-12.1,-37.16],[-12.16,-37.23],[-12.26,-37.25],[-12.23,-37.4],[-12.27,-37.47],[-12.36,-37.52],[-12.48,-37.54],[-12.63,-37.45]],[[-9.18,-37.52],[-9.24,-37.47],[-9.23,-37.43],[-9.17,-37.38],[-9.08,-37.38],[-9.06,-37.49],[-9.18,-37.52]],[[-4.77,-37.44],[-4.87,-37.4],[-4.87,-37.32],[-4.82,-37.27],[-4.65,-37.26],[-4.62,-37.33],[-4.63,-37.42],[-4.77,-37.44]],[[-4.29,-37.43],[-4.36,-37.37],[-4.36,-37.3],[-4.26,-37.23],[-4.18,-37.24],[-4.13,-37.29],[-4.14,-37.39],[-4.19,-37.43],[-4.29,-37.43]],[[-3.14,-37.43],[-3.12,-37.37],[-3.02,-37.32],[-2.97,-37.32],[-2.94,-37.37],[-2.95,-37.46],[-3.03,-37.51],[-3.1,-37.49],[-3.14,-37.43]],[[14.79,-38.14],[14.88,-38.13],[14.94,-38.18],[14.95,-38.28],[14.92,-38.32],[14.82,-38.32],[14.73,-38.26],[14.73,-38.21],[14.79,-38.14]],[[-17.22,-38.16],[-17.18,-38.2],[-17.18,-38.26],[-17.27,-38.34],[-17.54,-38.34],[-17.64,-38.32],[-17.67,-38.28],[-17.62,-38.18],[-17.22,-38.16]],[[-28.41,-38.65],[-28.48,-38.62],[-28.49,-38.56],[-28.39,-38.49],[-28.33,-38.52],[-28.3,-38.61],[-28.34,-38.65],[-28.41,-38.65]],[[-10.54,-38.56],[-10.48,-38.51],[-10.35,-38.5],[-10.27,-38.53],[-10.22,-38.59],[-10.22,-38.65],[-10.4,-38.91],[-10.6,-38.91],[-10.73,-38.81],[-10.72,-38.75],[-10.56,-38.64],[-10.54,-38.56]],[[-10.11,-38.68],[-10.17,-38.65],[-10.17,-38.58],[-10.13,-38.54],[-10.0,-38.53],[-9.98,-38.57],[-10.0,-38.66],[-10.11,-38.68]],[[13.35,-38.57],[13.41,-38.57],[13.85,-38.81],[13.95,-39.1],[13.93,-39.21],[13.87,-39.28],[13.78,-39.31],[13.71,-39.28],[13.63,-39.12],[13.34,-38.75],[13.3,-38.59],[13.35,-38.57]],[[-6.45,-39.29],[-6.34,-39.34],[-6.26,-39.41],[-5.85,-39.4],[-5.78,-39.43],[-5.73,-39.47],[-5.72,-39.67],[-5.62,-39.8],[-5.64,-39.9],[-5.71,-39.95],[-5.8,-39.96],[-5.98,-39.82],[-6.17,-39.82],[-6.33,-39.73],[-6.83,-39.75],[-6.98,-39.68],[-7.01,-39.62],[-6.99,-39.52],[-6.84,-39.38],[-6.72,-39.33],[-6.45,-39.29]],[[-5.44,-39.85],[-5.49,-39.8],[-5.49,-39.76],[-5.37,-39.7],[-5.34,-39.74],[-5.33,-39.82],[-5.36,-39.85],[-5.44,-39.85]],[[-6.72,-39.85],[-6.65,-39.91],[-6.66,-40.03],[-6.76,-40.09],[-6.87,-40.06],[-6.9,-40.02],[-6.88,-39.92],[-6.72,-39.85]],[[-5.57,-40.07],[-5.51,-39.99],[-5.34,-39.99],[-5.17,-40.09],[-5.16,-40.2],[-5.2,-40.24],[-5.35,-40.25],[-5.49,-40.18],[-5.57,-40.07]],[[14.57,-40.17],[14.7,-40.12],[14.81,-40.13],[14.83,-40.18],[14.95,-40.13],[15.27,-40.25],[15.29,-40.34],[15.23,-40.4],[15.09,-40.44],[14.82,-40.44],[14.79,-40.49],[14.87,-40.64],[14.84,-40.69],[14.64,-40.73],[14.49,-40.89],[14.28,-40.91],[14.24,-40.86],[14.24,-40.74],[14.31,-40.71],[14.41,-40.74],[14.44,-40.69],[14.38,-40.61],[14.35,-40.48],[14.3,-40.45],[14.15,-40.46],[14.14,-40.36],[14.23,-40.25],[14.52,-40.27],[14.57,-40.17]],[[14.07,-40.91],[14.13,-40.98],[14.1,-41.04],[14.02,-41.07],[13.92,-41.06],[13.93,-40.95],[14.07,-40.91]],[[-5.58,-40.91],[-5.72,-40.9],[-5.77,-40.85],[-5.77,-40.75],[-5.69,-40.66],[-5.59,-40.67],[-5.5,-40.75],[-5.49,-40.83],[-5.58,-40.91]],[[-16.92,-40.78],[-17.12,-40.84],[-17.22,-40.79],[-17.23,-40.73],[-17.14,-40.63],[-16.93,-40.59],[-16.87,-40.68],[-16.92,-40.78]],[[-16.67,-40.61],[-16.73,-40.53],[-16.7,-40.47],[-16.55,-40.4],[-16.46,-40.41],[-16.42,-40.44],[-16.41,-40.49],[-16.46,-40.57],[-16.57,-40.62],[-16.67,-40.61]],[[-9.98,-40.49],[-10.13,-40.39],[-10.15,-40.31],[-10.13,-40.23],[-10.03,-40.15],[-9.86,-40.13],[-9.76,-40.22],[-9.73,-40.39],[-9.81,-40.48],[-9.98,-40.49]],[[-13.12,-40.28],[-13.28,-40.29],[-13.34,-40.2],[-13.3,-40.15],[-13.12,-40.14],[-13.08,-40.21],[-13.12,-40.28]],[[-16.57,-40.14],[-16.65,-40.21],[-16.7,-40.2],[-16.76,-40.1],[-16.7,-40.03],[-16.59,-40.01],[-16.57,-40.04],[-16.57,-40.14]],[[-8.69,-40.03],[-8.56,-39.96],[-8.45,-39.98],[-8.4,-40.09],[-8.45,-40.22],[-8.54,-40.25],[-8.67,-40.21],[-8.71,-40.15],[-8.69,-40.03]],[[-12.33,-40.05],[-12.27,-40.1],[-12.27,-40.2],[-12.29,-40.24],[-12.39,-40.24],[-12.46,-40.18],[-12.47,-40.13],[-12.41,-40.06],[-12.33,-40.05]],[[-5.95,-40.44],[-5.57,-40.39],[-5.52,-40.44],[-5.52,-40.56],[-5.58,-40.63],[-5.83,-40.62],[-5.95,-40.54],[-5.95,-40.44]],[[-6.12,-40.47],[-6.05,-40.54],[-6.07,-40.64],[-6.16,-40.72],[-6.24,-40.7],[-6.29,-40.63],[-6.28,-40.54],[-6.21,-40.47],[-6.12,-40.47]],[[-6.47,-40.61],[-6.41,-40.66],[-6.41,-40.71],[-6.45,-40.77],[-6.5,-40.78],[-6.57,-40.74],[-6.58,-40.69],[-6.55,-40.63],[-6.47,-40.61]],[[-16.03,-39.62],[-16.08,-39.72],[-16.2,-39.73],[-16.28,-39.66],[-16.29,-39.55],[-16.22,-39.46],[-16.12,-39.44],[-16.06,-39.5],[-16.03,-39.62]],[[-15.79,-39.43],[-15.82,-39.33],[-15.74,-39.21],[-15.62,-39.17],[-15.54,-39.2],[-15.52,-39.26],[-15.56,-39.35],[-15.66,-39.42],[-15.79,-39.43]],[[-16.0,-39.18],[-16.31,-39.15],[-16.34,-39.12],[-16.27,-39.0],[-16.34,-38.81],[-16.29,-38.65],[-16.23,-38.62],[-16.18,-38.62],[-16.13,-38.81],[-15.96,-39.08],[-15.96,-39.14],[-16.0,-39.18]],[[-17.2,-38.63],[-17.18,-38.75],[-17.23,-38.8],[-17.28,-38.78],[-17.29,-38.68],[-17.2,-38.63]],[[-11.8,-38.82],[-11.89,-38.75],[-11.9,-38.71],[-11.89,-38.67],[-11.8,-38.62],[-11.61,-38.62],[-11.42,-38.66],[-11.38,-38.65],[-11.36,-38.6],[-11.14,-38.56],[-11.05,-38.62],[-11.06,-38.69],[-11.16,-38.76],[-11.38,-38.71],[-11.45,-38.83],[-11.5,-38.85],[-11.8,-38.82]],[[-5.9,-39.0],[-5.97,-38.88],[-5.96,-38.8],[-5.71,-38.74],[-5.66,-38.82],[-5.68,-38.93],[-5.76,-39.01],[-5.9,-39.0]],[[-8.29,-39.17],[-8.29,-39.1],[-8.19,-39.06],[-7.59,-39.37],[-7.58,-39.44],[-7.61,-39.58],[-7.67,-39.6],[-7.8,-39.59],[-7.9,-39.55],[-7.97,-39.48],[-8.11,-39.46],[-8.22,-39.37],[-8.23,-39.24],[-8.29,-39.17]],[[-9.83,-39.34],[-9.69,-39.42],[-9.67,-39.49],[-9.71,-39.56],[-9.86,-39.57],[-9.95,-39.5],[-9.94,-39.39],[-9.83,-39.34]],[[0.92,-41.37],[0.95,-41.29],[1.13,-41.23],[1.29,-41.28],[1.33,-41.37],[1.24,-41.51],[1.15,-41.55],[0.99,-41.51],[0.92,-41.37]],[[2.28,-41.33],[2.48,-41.34],[2.5,-41.47],[2.27,-41.51],[2.06,-41.45],[2.07,-41.36],[2.28,-41.33]],[[-16.31,-41.38],[-16.13,-41.49],[-16.07,-41.6],[-16.08,-41.64],[-16.19,-41.67],[-16.4,-41.57],[-16.45,-41.46],[-16.42,-41.4],[-16.31,-41.38]],[[-0.04,-41.63],[0.17,-41.62],[0.5,-41.76],[0.6,-41.86],[0.79,-41.91],[0.89,-42.0],[0.89,-42.38],[0.62,-42.39],[0.35,-42.46],[0.29,-42.5],[0.01,-42.54],[-0.34,-42.65],[-0.55,-42.6],[-0.79,-42.39],[-0.82,-42.34],[-0.8,-42.27],[-0.62,-42.12],[-0.6,-42.05],[-0.5,-41.96],[-0.04,-41.63]],[[1.97,-41.62],[2.14,-41.65],[2.17,-41.74],[2.15,-41.78],[1.9,-41.93],[1.64,-42.15],[1.45,-42.25],[1.37,-42.25],[1.15,-42.14],[1.05,-42.06],[0.98,-41.95],[1.0,-41.78],[1.13,-41.66],[1.63,-41.69],[1.97,-41.62]],[[11.14,-42.06],[11.23,-42.07],[11.25,-42.15],[11.17,-42.19],[11.09,-42.18],[11.09,-42.1],[11.14,-42.06]],[[2.34,-42.08],[2.44,-42.16],[2.43,-42.28],[2.21,-42.35],[2.11,-42.33],[2.06,-42.23],[2.09,-42.13],[2.2,-42.08],[2.34,-42.08]],[[-1.25,-42.12],[-1.16,-42.18],[-1.08,-42.34],[-1.1,-42.46],[-1.24,-42.64],[-1.44,-42.74],[-1.84,-42.72],[-1.92,-42.67],[-1.92,-42.51],[-1.75,-42.26],[-1.56,-42.17],[-1.25,-42.12]],[[2.62,-42.69],[2.72,-42.71],[2.73,-42.8],[2.66,-42.83],[2.58,-42.8],[2.57,-42.77],[2.62,-42.69]],[[2.54,-42.83],[2.59,-42.86],[2.62,-42.94],[2.55,-43.06],[2.4,-43.1],[2.28,-43.04],[2.26,-42.94],[2.3,-42.86],[2.41,-42.82],[2.54,-42.83]],[[1.4,-42.87],[1.48,-42.91],[1.53,-43.01],[1.48,-43.16],[1.37,-43.2],[1.25,-43.2],[1.1,-43.09],[1.08,-43.0],[1.11,-42.94],[1.4,-42.87]],[[-5.4,-43.13],[-5.48,-43.21],[-5.54,-43.17],[-5.54,-43.09],[-5.44,-43.06],[-5.41,-43.06],[-5.4,-43.13]],[[-15.88,-43.07],[-16.05,-43.15],[-16.09,-43.14],[-16.14,-43.07],[-16.05,-42.95],[-15.87,-42.89],[-15.82,-42.97],[-15.88,-43.07]],[[-16.35,-42.9],[-16.53,-42.88],[-16.57,-42.78],[-16.54,-42.71],[-16.38,-42.64],[-16.21,-42.69],[-16.18,-42.77],[-16.19,-42.81],[-16.35,-42.9]],[[-15.9,-42.67],[-15.93,-42.63],[-15.89,-42.49],[-15.76,-42.45],[-15.67,-42.48],[-15.66,-42.54],[-15.73,-42.64],[-15.85,-42.68],[-15.9,-42.67]],[[-16.15,-42.46],[-16.24,-42.48],[-16.3,-42.43],[-16.33,-42.32],[-16.3,-42.24],[-16.26,-42.22],[-16.18,-42.27],[-16.13,-42.37],[-16.15,-42.46]],[[-7.9,-42.67],[-7.77,-42.59],[-7.72,-42.61],[-7.68,-42.67],[-7.71,-42.74],[-7.8,-42.77],[-7.88,-42.73],[-7.9,-42.67]],[[-2.54,-42.7],[-2.5,-42.65],[-2.38,-42.62],[-2.28,-42.65],[-2.23,-42.73],[-2.26,-42.86],[-2.48,-43.09],[-2.55,-43.11],[-2.64,-43.06],[-2.67,-42.93],[-2.65,-42.84],[-2.54,-42.7]],[[0.46,-42.91],[0.39,-42.86],[0.4,-42.78],[0.51,-42.71],[0.6,-42.72],[0.64,-42.79],[0.61,-42.86],[0.54,-42.91],[0.46,-42.91]],[[-2.86,-42.93],[-2.81,-42.96],[-2.81,-43.06],[-2.9,-43.08],[-2.98,-43.05],[-2.95,-42.96],[-2.86,-42.93]],[[-15.87,-42.16],[-15.93,-42.2],[-16.05,-42.1],[-16.09,-41.99],[-16.06,-41.9],[-16.0,-41.88],[-15.91,-41.93],[-15.86,-42.05],[-15.87,-42.16]],[[-16.29,-41.9],[-16.3,-41.95],[-16.34,-41.98],[-16.44,-41.92],[-16.39,-41.84],[-16.32,-41.86],[-16.29,-41.9]],[[-16.53,-41.84],[-16.51,-41.89],[-16.56,-41.95],[-16.69,-41.94],[-16.68,-41.89],[-16.62,-41.83],[-16.53,-41.84]],[[-16.86,-41.44],[-16.77,-41.55],[-16.78,-41.62],[-16.81,-41.63],[-16.95,-41.59],[-17.01,-41.53],[-16.99,-41.45],[-16.95,-41.42],[-16.86,-41.44]],[[-2.72,-43.23],[-2.59,-43.22],[-2.53,-43.33],[-2.57,-43.43],[-2.68,-43.47],[-2.8,-43.46],[-2.84,-43.38],[-2.81,-43.29],[-2.72,-43.23]],[[-1.48,-43.46],[-1.19,-43.39],[-1.03,-43.42],[-0.97,-43.53],[-0.96,-43.61],[-1.0,-43.79],[-1.08,-43.84],[-1.47,-43.77],[-1.51,-43.8],[-1.44,-43.85],[-1.41,-43.93],[-1.48,-44.06],[-1.66,-44.13],[-1.82,-44.1],[-1.91,-43.94],[-1.92,-43.8],[-1.63,-43.7],[-1.53,-43.51],[-1.48,-43.46]],[[-15.72,-44.11],[-15.65,-44.14],[-15.62,-44.24],[-15.66,-44.35],[-15.74,-44.39],[-15.82,-44.36],[-15.85,-44.23],[-15.82,-44.14],[-15.72,-44.11]],[[4.54,-44.38],[5.05,-44.35],[5.08,-44.39],[5.05,-44.45],[4.92,-44.53],[4.69,-44.59],[4.44,-44.57],[4.43,-44.48],[4.54,-44.38]],[[-58.51,-44.41],[-58.43,-44.55],[-58.46,-44.62],[-58.52,-44.63],[-58.62,-44.58],[-58.68,-44.48],[-58.65,-44.39],[-58.58,-44.38],[-58.51,-44.41]],[[-58.55,-44.08],[-58.68,-44.09],[-58.71,-44.01],[-58.7,-43.92],[-58.44,-43.87],[-58.4,-43.97],[-58.55,-44.08]],[[-5.41,-44.03],[-5.51,-43.92],[-5.45,-43.82],[-5.33,-43.8],[-5.23,-43.84],[-5.21,-43.92],[-5.26,-44.02],[-5.41,-44.03]],[[-4.32,-43.48],[-4.36,-43.59],[-4.51,-43.7],[-4.75,-43.79],[-4.85,-43.78],[-4.86,-43.71],[-4.73,-43.56],[-4.69,-43.4],[-4.63,-43.32],[-4.53,-43.29],[-4.43,-43.3],[-4.36,-43.35],[-4.32,-43.48]],[[-15.59,-44.92],[-15.67,-44.87],[-15.66,-44.83],[-15.6,-44.77],[-15.49,-44.77],[-15.46,-44.83],[-15.46,-44.89],[-15.5,-44.92],[-15.59,-44.92]],[[-15.13,-44.92],[-15.12,-44.86],[-15.05,-44.83],[-14.96,-44.87],[-14.92,-44.94],[-15.02,-44.98],[-15.13,-44.92]],[[3.92,-44.9],[3.99,-44.9],[4.07,-44.95],[4.1,-45.05],[4.04,-45.08],[3.91,-45.04],[3.87,-44.97],[3.92,-44.9]],[[-14.58,-44.93],[-14.42,-45.02],[-14.42,-45.12],[-14.46,-45.14],[-14.58,-45.13],[-14.74,-45.03],[-14.74,-44.95],[-14.58,-44.93]],[[-15.23,-45.13],[-15.21,-45.21],[-15.28,-45.31],[-15.35,-45.33],[-15.4,-45.29],[-15.42,-45.23],[-15.4,-45.18],[-15.31,-45.13],[-15.23,-45.13]],[[-14.74,-45.31],[-14.83,-45.25],[-14.83,-45.17],[-14.56,-45.18],[-14.5,-45.25],[-14.52,-45.31],[-14.56,-45.33],[-14.74,-45.31]],[[0.41,-45.31],[0.52,-45.3],[0.55,-45.42],[0.47,-45.46],[0.38,-45.43],[0.36,-45.36],[0.41,-45.31]],[[4.9,-45.46],[4.95,-45.43],[5.04,-45.44],[5.1,-45.51],[5.08,-45.59],[5.0,-45.63],[4.87,-45.6],[4.84,-45.53],[4.9,-45.46]],[[-14.23,-45.68],[-14.3,-45.74],[-14.4,-45.72],[-14.47,-45.59],[-14.43,-45.49],[-14.31,-45.44],[-14.26,-45.46],[-14.21,-45.56],[-14.23,-45.68]],[[6.26,-45.7],[6.38,-45.69],[6.49,-45.72],[6.54,-45.8],[6.53,-45.86],[6.46,-45.9],[6.34,-45.91],[6.17,-45.84],[6.18,-45.73],[6.26,-45.7]],[[-13.88,-45.86],[-13.82,-45.89],[-13.82,-45.98],[-13.9,-46.01],[-13.99,-45.98],[-13.99,-45.89],[-13.88,-45.86]],[[6.63,-46.0],[6.7,-45.95],[6.78,-45.95],[6.85,-45.98],[6.88,-46.04],[6.83,-46.11],[6.74,-46.11],[6.65,-46.07],[6.63,-46.0]],[[7.12,-46.64],[7.1,-46.51],[6.87,-46.38],[6.83,-46.3],[6.85,-46.24],[7.03,-46.27],[7.03,-46.13],[7.08,-46.1],[7.15,-46.12],[7.28,-46.24],[7.37,-46.37],[7.36,-46.77],[7.28,-46.81],[7.24,-46.8],[7.14,-46.66],[7.13,-46.79],[7.01,-46.85],[6.87,-46.84],[6.8,-46.77],[6.82,-46.7],[6.87,-46.66],[7.12,-46.64]],[[-5.98,-46.43],[-5.93,-46.46],[-5.92,-46.52],[-5.95,-46.66],[-6.14,-46.69],[-6.24,-46.66],[-6.26,-46.54],[-6.22,-46.44],[-5.98,-46.43]],[[-7.1,-46.52],[-7.15,-46.68],[-7.4,-46.77],[-7.56,-46.97],[-7.76,-47.04],[-7.87,-47.02],[-7.89,-46.9],[-7.87,-46.75],[-7.66,-46.54],[-7.51,-46.54],[-7.37,-46.46],[-7.2,-46.45],[-7.14,-46.47],[-7.1,-46.52]],[[7.81,-47.03],[7.68,-46.9],[7.68,-46.82],[7.73,-46.78],[7.87,-46.77],[7.97,-46.85],[8.16,-46.82],[8.2,-46.99],[8.5,-47.23],[8.65,-47.29],[8.68,-47.36],[8.64,-47.41],[8.34,-47.41],[8.22,-47.31],[8.17,-47.31],[7.87,-47.47],[7.66,-47.54],[7.64,-47.58],[7.7,-47.6],[7.71,-47.66],[7.7,-47.72],[7.66,-47.74],[7.56,-47.71],[7.49,-47.64],[7.31,-47.62],[7.25,-47.47],[6.94,-47.33],[6.92,-47.21],[7.0,-47.12],[7.15,-47.14],[7.25,-47.23],[7.44,-47.26],[7.56,-47.21],[7.78,-47.23],[7.82,-47.15],[7.81,-47.03]],[[10.49,-46.78],[10.55,-46.74],[10.64,-46.75],[10.69,-46.79],[10.7,-46.89],[10.61,-46.95],[10.5,-46.92],[10.45,-46.83],[10.49,-46.78]],[[8.27,-46.74],[8.16,-46.75],[8.06,-46.56],[7.95,-46.41],[7.94,-46.35],[7.99,-46.3],[8.08,-46.28],[8.19,-46.31],[8.28,-46.48],[8.39,-46.57],[8.36,-46.69],[8.27,-46.74]],[[9.53,-47.34],[9.48,-47.26],[9.49,-47.21],[9.68,-47.02],[9.84,-46.99],[9.94,-47.04],[9.96,-47.14],[9.92,-47.19],[9.63,-47.34],[9.53,-47.34]],[[10.85,-47.29],[10.82,-47.23],[10.85,-47.18],[10.9,-47.16],[10.96,-47.17],[10.97,-47.28],[10.85,-47.29]],[[11.06,-47.4],[11.19,-47.39],[11.32,-47.47],[11.35,-47.57],[11.3,-47.68],[11.16,-47.7],[11.07,-47.64],[11.01,-47.49],[11.06,-47.4]],[[10.41,-47.53],[10.49,-47.55],[10.54,-47.64],[10.5,-47.76],[10.41,-47.79],[10.26,-47.73],[10.21,-47.64],[10.27,-47.54],[10.41,-47.53]],[[9.97,-47.56],[10.12,-47.65],[10.12,-47.73],[10.09,-47.78],[9.77,-47.83],[9.63,-47.76],[9.61,-47.59],[9.68,-47.5],[9.85,-47.46],[9.97,-47.56]],[[8.94,-47.83],[8.99,-47.88],[8.95,-48.01],[8.89,-48.05],[8.66,-48.08],[8.5,-48.24],[8.33,-48.31],[8.3,-48.48],[8.15,-48.52],[8.1,-48.57],[8.06,-48.77],[8.02,-48.84],[8.23,-48.93],[8.28,-49.05],[8.26,-49.1],[7.98,-49.13],[7.93,-49.17],[7.93,-49.32],[7.89,-49.38],[7.47,-49.48],[7.34,-49.7],[7.33,-49.85],[7.26,-49.9],[7.2,-49.91],[6.86,-49.82],[6.78,-49.83],[6.65,-49.9],[6.72,-50.03],[6.71,-50.09],[6.53,-50.33],[6.41,-50.41],[6.36,-50.4],[6.31,-50.35],[6.32,-50.2],[6.5,-49.94],[6.41,-49.72],[6.41,-49.64],[6.47,-49.53],[6.59,-49.47],[6.74,-49.49],[6.91,-49.44],[7.14,-49.44],[7.2,-49.39],[7.25,-49.27],[7.42,-49.22],[7.42,-49.15],[7.33,-49.1],[7.37,-48.97],[7.6,-48.88],[7.76,-48.93],[7.95,-48.72],[7.96,-48.68],[7.92,-48.64],[7.56,-48.58],[7.51,-48.41],[7.46,-48.33],[7.46,-48.24],[7.85,-48.17],[8.02,-48.22],[8.16,-47.98],[8.38,-47.9],[8.57,-47.9],[8.72,-47.84],[8.94,-47.83]],[[9.38,-48.29],[9.46,-48.26],[9.58,-48.3],[9.66,-48.38],[9.65,-48.46],[9.55,-48.51],[9.43,-48.47],[9.35,-48.38],[9.38,-48.29]],[[7.6,-49.72],[7.51,-49.66],[7.51,-49.61],[7.59,-49.54],[7.7,-49.54],[7.75,-49.61],[7.75,-49.68],[7.72,-49.72],[7.6,-49.72]],[[5.27,-50.31],[5.4,-50.4],[5.57,-50.42],[5.57,-50.54],[5.4,-50.54],[5.18,-50.62],[5.14,-50.59],[5.1,-50.48],[5.11,-50.38],[5.27,-50.31]],[[4.06,-50.65],[4.05,-50.8],[4.0,-50.86],[3.91,-50.89],[3.65,-50.81],[3.38,-50.8],[3.29,-50.71],[3.31,-50.65],[3.5,-50.5],[3.53,-50.35],[3.65,-50.3],[3.75,-50.33],[3.77,-50.48],[3.92,-50.52],[4.06,-50.65]],[[2.67,-50.81],[2.8,-50.9],[2.8,-50.98],[2.7,-51.05],[2.52,-51.07],[2.38,-50.94],[2.38,-50.87],[2.47,-50.81],[2.67,-50.81]],[[12.97,-51.04],[13.03,-50.93],[13.18,-50.88],[13.37,-50.64],[13.48,-50.65],[13.49,-50.76],[13.61,-50.86],[13.59,-50.93],[13.25,-51.22],[12.98,-51.28],[12.52,-51.56],[12.16,-51.65],[12.05,-51.7],[11.93,-51.84],[11.78,-51.86],[11.64,-51.96],[11.16,-52.18],[10.99,-52.17],[10.93,-52.14],[10.93,-52.08],[11.09,-51.91],[11.18,-51.86],[11.3,-51.86],[11.66,-51.7],[12.2,-51.43],[12.36,-51.29],[12.65,-51.19],[12.84,-51.05],[12.97,-51.04]],[[13.37,-51.94],[13.37,-51.86],[13.49,-51.77],[13.59,-51.61],[13.78,-51.55],[13.81,-51.62],[13.8,-51.7],[13.68,-51.87],[13.51,-51.97],[13.43,-51.98],[13.37,-51.94]],[[14.58,-51.62],[14.66,-51.64],[14.66,-51.68],[14.62,-51.77],[14.58,-51.78],[14.58,-51.88],[14.5,-51.91],[14.46,-51.84],[14.47,-51.79],[14.54,-51.77],[14.52,-51.62],[14.58,-51.62]],[[14.85,-51.84],[14.89,-51.74],[15.0,-51.69],[15.08,-51.7],[15.18,-51.79],[15.07,-51.86],[15.07,-51.98],[14.86,-52.18],[14.65,-52.15],[14.6,-52.09],[14.61,-51.98],[14.85,-51.84]],[[16.14,-52.12],[16.11,-52.07],[16.13,-51.98],[16.22,-51.89],[16.37,-51.86],[16.48,-51.93],[16.48,-52.02],[16.36,-52.11],[16.2,-52.14],[16.14,-52.12]],[[18.02,-52.03],[18.09,-52.04],[18.11,-52.08],[18.11,-52.16],[18.08,-52.19],[18.0,-52.19],[17.93,-52.13],[17.94,-52.1],[18.02,-52.03]],[[17.43,-52.1],[17.45,-52.17],[17.41,-52.24],[17.31,-52.23],[17.3,-52.17],[17.34,-52.11],[17.43,-52.1]],[[14.62,-52.25],[14.59,-52.31],[14.5,-52.36],[14.43,-52.35],[14.39,-52.31],[14.42,-52.26],[14.52,-52.21],[14.6,-52.21],[14.62,-52.25]],[[16.01,-52.36],[16.14,-52.33],[16.2,-52.37],[16.2,-52.42],[16.08,-52.45],[16.01,-52.41],[16.01,-52.36]],[[21.28,-52.46],[21.31,-52.39],[21.37,-52.37],[21.47,-52.42],[21.46,-52.49],[21.4,-52.51],[21.28,-52.46]],[[15.49,-52.48],[15.51,-52.56],[15.47,-52.61],[15.28,-52.52],[15.3,-52.46],[15.49,-52.48]],[[26.26,-52.61],[26.34,-52.58],[26.47,-52.59],[26.52,-52.63],[26.52,-52.69],[26.44,-52.74],[26.32,-52.72],[26.25,-52.65],[26.26,-52.61]],[[13.95,-52.63],[13.83,-52.75],[13.72,-52.79],[13.63,-52.78],[13.63,-52.66],[13.78,-52.61],[13.81,-52.56],[13.92,-52.55],[13.95,-52.63]],[[11.47,-52.7],[11.51,-52.77],[11.45,-52.9],[11.37,-52.96],[11.28,-52.94],[11.25,-52.87],[11.26,-52.75],[11.47,-52.7]],[[26.3,-52.87],[26.39,-52.8],[26.44,-52.81],[26.47,-52.88],[26.45,-52.92],[26.38,-52.94],[26.3,-52.91],[26.3,-52.87]],[[23.06,-52.9],[23.12,-52.96],[23.11,-53.02],[23.06,-53.04],[22.96,-53.01],[22.94,-52.96],[22.97,-52.92],[23.06,-52.9]],[[19.83,-52.9],[19.87,-52.94],[19.84,-53.04],[19.67,-53.03],[19.61,-52.96],[19.68,-52.89],[19.83,-52.9]],[[19.47,-52.91],[19.53,-53.0],[19.51,-53.04],[19.4,-53.07],[19.3,-53.03],[19.29,-52.99],[19.34,-52.93],[19.47,-52.91]],[[18.87,-52.96],[18.93,-53.05],[18.91,-53.09],[18.8,-53.12],[18.7,-53.08],[18.69,-53.04],[18.74,-52.98],[18.87,-52.96]],[[10.57,-52.98],[10.63,-53.02],[10.62,-53.1],[10.52,-53.13],[10.44,-53.1],[10.46,-53.02],[10.57,-52.98]],[[0.78,-52.99],[0.82,-53.02],[0.82,-53.11],[0.7,-53.12],[0.67,-53.06],[0.71,-53.0],[0.78,-52.99]],[[-1.58,-53.07],[-1.5,-53.13],[-1.54,-53.27],[-1.61,-53.29],[-1.74,-53.24],[-1.75,-53.14],[-1.58,-53.07]],[[9.94,-53.16],[10.08,-53.18],[10.09,-53.29],[9.99,-53.33],[9.88,-53.29],[9.87,-53.2],[9.94,-53.16]],[[22.03,-53.31],[22.09,-53.23],[22.19,-53.22],[22.33,-53.26],[22.37,-53.33],[22.34,-53.37],[22.23,-53.41],[22.09,-53.38],[22.03,-53.31]],[[24.87,-53.38],[24.9,-53.27],[25.03,-53.23],[25.09,-53.27],[25.11,-53.39],[25.07,-53.45],[24.94,-53.44],[24.87,-53.38]],[[8.41,-53.42],[8.21,-53.48],[8.11,-53.42],[8.11,-53.37],[8.15,-53.3],[8.25,-53.25],[8.42,-53.24],[8.47,-53.28],[8.48,-53.33],[8.41,-53.42]],[[6.72,-53.48],[6.72,-53.61],[6.65,-53.76],[6.02,-54.14],[5.66,-54.22],[5.64,-54.36],[5.37,-54.34],[5.28,-54.24],[5.24,-54.32],[5.15,-54.28],[5.16,-54.22],[5.23,-54.21],[5.26,-54.08],[5.37,-54.08],[5.47,-54.19],[5.57,-54.0],[5.82,-53.99],[6.05,-53.76],[6.36,-53.64],[6.19,-53.58],[6.14,-53.5],[5.99,-53.48],[5.93,-53.4],[5.94,-53.37],[6.1,-53.36],[6.14,-53.38],[6.14,-53.45],[6.37,-53.47],[6.41,-53.52],[6.38,-53.62],[6.43,-53.62],[6.5,-53.61],[6.62,-53.5],[6.72,-53.48]],[[8.24,-53.82],[8.3,-53.86],[8.29,-53.96],[8.16,-54.04],[8.04,-54.04],[8.02,-54.0],[8.05,-53.9],[8.24,-53.82]],[[7.38,-53.85],[7.5,-53.91],[7.49,-54.0],[7.27,-54.02],[7.23,-53.97],[7.25,-53.87],[7.38,-53.85]],[[6.88,-54.36],[6.84,-54.33],[6.81,-54.26],[6.84,-54.22],[6.92,-54.19],[6.97,-54.24],[6.97,-54.32],[6.88,-54.36]],[[4.96,-54.36],[5.0,-54.4],[5.0,-54.46],[4.96,-54.51],[4.87,-54.53],[4.82,-54.67],[4.66,-54.7],[4.68,-54.83],[4.66,-54.86],[4.42,-54.84],[4.27,-54.92],[4.19,-54.9],[4.18,-54.82],[4.1,-54.72],[4.1,-54.62],[4.4,-54.6],[4.59,-54.38],[4.96,-54.36]],[[5.62,-54.86],[5.66,-54.91],[5.62,-54.99],[5.43,-55.04],[5.34,-54.99],[5.38,-54.91],[5.62,-54.86]],[[3.74,-54.95],[3.81,-55.03],[3.77,-55.1],[3.68,-55.12],[3.6,-55.09],[3.59,-55.01],[3.74,-54.95]],[[-1.68,-55.08],[-1.7,-55.15],[-1.78,-55.18],[-1.78,-55.22],[-1.82,-55.22],[-1.85,-55.27],[-1.97,-55.25],[-1.99,-55.18],[-2.14,-55.21],[-2.28,-54.97],[-2.28,-54.89],[-2.24,-54.87],[-2.16,-54.89],[-1.99,-55.01],[-1.81,-54.81],[-1.63,-54.78],[-1.56,-54.84],[-1.54,-54.93],[-1.68,-55.08]],[[-1.21,-55.27],[-1.09,-55.3],[-1.07,-55.37],[-1.09,-55.41],[-1.25,-55.47],[-1.39,-55.44],[-1.41,-55.38],[-1.39,-55.34],[-1.21,-55.27]],[[5.76,-55.46],[6.0,-55.39],[6.17,-55.39],[6.46,-55.29],[6.51,-55.3],[6.55,-55.37],[6.51,-55.45],[5.95,-55.7],[5.86,-55.7],[5.79,-55.66],[5.76,-55.46]],[[-26.47,-56.74],[-26.46,-56.89],[-26.38,-57.0],[-26.44,-57.21],[-26.78,-57.26],[-26.94,-57.23],[-27.05,-57.17],[-27.14,-56.94],[-27.41,-56.76],[-27.38,-56.62],[-27.5,-56.56],[-27.63,-56.55],[-27.81,-56.64],[-27.95,-56.67],[-28.1,-56.8],[-28.3,-56.77],[-28.35,-56.7],[-28.34,-56.62],[-28.08,-56.57],[-27.96,-56.48],[-27.92,-56.37],[-27.92,-56.16],[-28.03,-56.06],[-28.2,-56.11],[-28.34,-56.09],[-28.49,-56.0],[-28.66,-55.85],[-28.76,-55.82],[-28.78,-55.73],[-28.71,-55.65],[-28.76,-55.57],[-28.63,-55.53],[-28.46,-55.63],[-28.11,-55.53],[-27.99,-55.55],[-27.79,-55.64],[-27.67,-55.63],[-27.58,-55.58],[-27.3,-55.7],[-27.11,-55.65],[-26.99,-55.69],[-26.88,-55.76],[-26.83,-55.84],[-26.88,-55.9],[-27.0,-55.9],[-26.99,-55.99],[-26.82,-56.25],[-26.86,-56.38],[-26.93,-56.4],[-26.89,-56.44],[-26.71,-56.5],[-26.66,-56.64],[-26.54,-56.66],[-26.47,-56.74]],[[-5.68,-56.9],[-5.73,-56.87],[-5.73,-56.83],[-5.66,-56.74],[-5.41,-56.69],[-5.35,-56.72],[-5.32,-56.84],[-5.36,-56.88],[-5.68,-56.9]],[[-4.53,-56.77],[-4.6,-56.71],[-4.57,-56.65],[-4.47,-56.63],[-4.39,-56.66],[-4.39,-56.76],[-4.53,-56.77]],[[-6.69,-56.9],[-6.64,-56.95],[-6.7,-57.06],[-7.21,-57.04],[-7.17,-56.93],[-6.69,-56.9]],[[-5.61,-57.26],[-5.5,-57.27],[-5.46,-57.34],[-5.56,-57.4],[-5.76,-57.38],[-5.77,-57.34],[-5.71,-57.29],[-5.61,-57.26]],[[-5.1,-57.4],[-5.15,-57.36],[-5.11,-57.29],[-5.05,-57.26],[-4.98,-57.3],[-4.96,-57.36],[-4.99,-57.4],[-5.1,-57.4]],[[-6.03,-57.43],[-6.07,-57.48],[-6.31,-57.53],[-6.69,-57.66],[-6.81,-57.66],[-6.84,-57.62],[-6.84,-57.56],[-6.79,-57.51],[-6.62,-57.43],[-6.46,-57.43],[-6.14,-57.35],[-6.07,-57.36],[-6.03,-57.43]],[[-7.27,-57.57],[-7.23,-57.62],[-7.26,-57.72],[-7.4,-57.74],[-7.49,-57.69],[-7.45,-57.59],[-7.27,-57.57]],[[-26.14,-57.67],[-26.15,-57.88],[-26.19,-57.96],[-26.26,-58.01],[-26.33,-58.01],[-26.52,-57.94],[-26.71,-58.08],[-26.83,-58.08],[-26.96,-58.13],[-27.1,-58.11],[-27.12,-58.06],[-27.05,-57.96],[-26.84,-57.81],[-26.86,-57.75],[-27.16,-57.76],[-27.22,-57.74],[-27.28,-57.64],[-27.23,-57.57],[-27.11,-57.52],[-26.74,-57.53],[-26.66,-57.36],[-26.49,-57.34],[-26.38,-57.41],[-26.26,-57.42],[-26.21,-57.48],[-26.14,-57.67]],[[1.21,-57.97],[1.3,-57.9],[1.4,-57.88],[1.47,-57.91],[1.5,-58.01],[1.47,-58.06],[1.33,-58.08],[1.22,-58.02],[1.21,-57.97]],[[-46.3,-58.02],[-46.25,-58.06],[-46.24,-58.15],[-46.36,-58.17],[-46.41,-58.11],[-46.39,-58.06],[-46.3,-58.02]],[[-35.23,-58.3],[-35.19,-58.21],[-35.04,-58.17],[-34.93,-58.21],[-34.9,-58.31],[-34.92,-58.37],[-35.03,-58.43],[-35.16,-58.4],[-35.23,-58.3]],[[-26.44,-58.22],[-26.23,-58.19],[-25.7,-58.21],[-25.67,-58.26],[-25.73,-58.39],[-25.63,-58.51],[-25.66,-58.61],[-25.6,-58.64],[-25.48,-58.62],[-25.34,-58.43],[-25.24,-58.39],[-25.03,-58.42],[-25.01,-58.46],[-24.91,-58.51],[-24.9,-58.57],[-24.96,-58.63],[-24.98,-58.78],[-25.26,-59.03],[-25.34,-59.04],[-25.44,-58.97],[-25.56,-58.97],[-25.75,-58.9],[-25.89,-59.1],[-26.3,-59.3],[-26.54,-59.54],[-26.66,-59.57],[-26.81,-59.69],[-27.08,-59.81],[-27.1,-59.88],[-27.06,-59.91],[-26.65,-59.9],[-26.57,-59.92],[-26.51,-59.97],[-26.5,-60.16],[-26.54,-60.29],[-26.7,-60.25],[-26.74,-60.36],[-26.83,-60.38],[-26.9,-60.5],[-27.17,-60.58],[-27.26,-60.5],[-27.41,-60.5],[-27.46,-60.63],[-27.72,-60.64],[-27.86,-60.72],[-28.22,-60.67],[-28.49,-60.82],[-28.73,-60.73],[-28.91,-60.71],[-28.9,-60.58],[-28.83,-60.54],[-28.7,-60.58],[-28.01,-60.46],[-27.82,-60.5],[-27.6,-60.48],[-27.62,-60.45],[-27.84,-60.43],[-27.98,-60.38],[-28.25,-60.41],[-28.37,-60.38],[-28.4,-60.34],[-28.37,-60.22],[-28.42,-60.02],[-28.14,-59.95],[-28.14,-59.9],[-28.48,-59.82],[-28.65,-59.65],[-28.69,-59.54],[-28.68,-59.5],[-28.52,-59.47],[-28.34,-59.54],[-28.13,-59.47],[-27.98,-59.47],[-27.89,-59.42],[-27.7,-59.42],[-27.49,-59.29],[-27.39,-59.17],[-27.25,-59.11],[-27.24,-59.02],[-27.14,-59.02],[-27.14,-58.94],[-27.0,-58.92],[-26.77,-58.76],[-26.74,-58.66],[-26.88,-58.47],[-26.87,-58.39],[-26.44,-58.22]],[[-25.01,-58.32],[-24.91,-58.28],[-24.87,-58.37],[-24.92,-58.42],[-24.99,-58.42],[-25.02,-58.36],[-25.01,-58.32]],[[-15.74,-58.63],[-15.76,-58.53],[-15.63,-58.49],[-15.64,-58.6],[-15.7,-58.64],[-15.74,-58.63]],[[-16.76,-59.02],[-16.83,-58.98],[-16.81,-58.89],[-16.62,-58.88],[-16.55,-58.93],[-16.56,-58.98],[-16.61,-59.01],[-16.76,-59.02]],[[-17.25,-59.52],[-17.06,-59.49],[-17.02,-59.57],[-17.14,-59.64],[-17.24,-59.64],[-17.29,-59.59],[-17.25,-59.52]],[[-17.33,-59.56],[-17.41,-59.64],[-17.51,-59.66],[-17.59,-59.64],[-17.58,-59.52],[-17.35,-59.52],[-17.33,-59.56]],[[-17.78,-59.57],[-17.78,-59.65],[-17.88,-59.71],[-18.03,-59.72],[-18.13,-59.67],[-18.08,-59.57],[-17.78,-59.57]],[[-25.92,-59.64],[-25.89,-59.81],[-25.94,-59.97],[-26.11,-60.02],[-26.26,-59.95],[-26.33,-59.82],[-26.3,-59.75],[-26.03,-59.57],[-25.97,-59.59],[-25.92,-59.64]],[[-29.74,-60.81],[-30.4,-60.84],[-30.71,-60.93],[-30.78,-60.88],[-30.73,-60.74],[-30.97,-60.82],[-31.34,-60.81],[-31.44,-60.77],[-31.61,-60.79],[-31.85,-60.67],[-31.92,-60.68],[-31.96,-60.82],[-32.11,-60.77],[-32.35,-60.77],[-32.41,-60.71],[-32.4,-60.64],[-32.02,-60.53],[-32.03,-60.41],[-32.29,-60.45],[-32.63,-60.6],[-32.73,-60.59],[-32.76,-60.54],[-32.75,-60.48],[-32.62,-60.36],[-32.67,-60.33],[-32.88,-60.34],[-33.15,-60.21],[-33.19,-60.14],[-33.19,-60.02],[-33.14,-59.97],[-33.01,-59.9],[-32.4,-59.75],[-31.88,-59.72],[-31.67,-59.59],[-31.35,-59.57],[-31.16,-59.59],[-31.06,-59.64],[-31.1,-59.78],[-31.18,-59.83],[-31.45,-59.79],[-31.51,-59.81],[-31.41,-59.87],[-31.4,-59.94],[-31.54,-60.12],[-31.68,-60.14],[-31.78,-60.22],[-31.8,-60.25],[-31.78,-60.34],[-31.89,-60.53],[-31.78,-60.55],[-31.66,-60.5],[-31.37,-60.5],[-31.36,-60.46],[-31.44,-60.3],[-31.38,-60.26],[-31.29,-60.07],[-31.22,-60.04],[-31.14,-60.07],[-31.15,-60.19],[-31.06,-60.29],[-31.1,-60.53],[-31.08,-60.55],[-30.91,-60.56],[-30.68,-60.64],[-30.46,-60.53],[-29.94,-60.55],[-29.94,-60.52],[-30.17,-60.48],[-30.2,-60.42],[-30.08,-60.28],[-29.96,-60.24],[-29.9,-60.25],[-29.81,-60.37],[-29.57,-60.38],[-29.52,-60.46],[-29.32,-60.46],[-28.97,-60.65],[-28.99,-60.74],[-29.06,-60.76],[-29.51,-60.7],[-29.64,-60.73],[-29.74,-60.81]],[[-35.54,-60.87],[-35.63,-60.99],[-35.8,-61.07],[-36.02,-61.13],[-36.09,-61.06],[-36.05,-61.0],[-35.86,-60.94],[-35.69,-60.8],[-35.58,-60.79],[-35.54,-60.87]],[[-29.34,-60.97],[-29.22,-60.95],[-29.0,-60.98],[-28.97,-61.05],[-29.05,-61.12],[-29.19,-61.13],[-29.32,-61.08],[-29.35,-61.03],[-29.34,-60.97]],[[-28.86,-61.11],[-28.83,-61.05],[-28.73,-61.02],[-28.61,-61.04],[-28.56,-61.11],[-28.59,-61.15],[-28.7,-61.18],[-28.83,-61.14],[-28.86,-61.11]],[[-28.39,-61.15],[-28.43,-61.12],[-28.37,-61.08],[-28.2,-61.08],[-28.14,-61.14],[-28.18,-61.17],[-28.39,-61.15]],[[-33.46,-61.15],[-33.45,-61.27],[-33.48,-61.29],[-33.58,-61.28],[-33.63,-61.24],[-33.62,-61.15],[-33.46,-61.15]],[[-33.14,-61.29],[-33.14,-61.23],[-33.08,-61.18],[-32.63,-61.19],[-32.59,-61.23],[-32.63,-61.33],[-32.97,-61.37],[-33.08,-61.35],[-33.14,-61.29]],[[-29.44,-61.35],[-29.48,-61.29],[-29.43,-61.24],[-29.28,-61.26],[-29.23,-61.3],[-29.33,-61.34],[-29.44,-61.35]],[[-34.64,-61.3],[-34.57,-61.37],[-34.58,-61.46],[-34.74,-61.5],[-34.83,-61.48],[-34.88,-61.39],[-34.87,-61.33],[-34.75,-61.28],[-34.64,-61.3]],[[-34.92,-61.4],[-34.88,-61.46],[-34.89,-61.52],[-35.24,-61.74],[-35.59,-61.76],[-35.78,-61.74],[-35.89,-61.68],[-35.9,-61.63],[-35.86,-61.57],[-35.77,-61.53],[-35.47,-61.54],[-35.04,-61.39],[-34.92,-61.4]],[[-36.25,-61.59],[-36.21,-61.66],[-36.34,-61.78],[-36.38,-61.94],[-36.53,-62.02],[-36.72,-61.99],[-36.67,-61.8],[-36.83,-61.59],[-36.78,-61.51],[-36.68,-61.47],[-36.51,-61.48],[-36.25,-61.59]],[[15.06,-62.01],[15.15,-61.94],[15.33,-61.9],[15.39,-61.92],[15.42,-62.01],[15.36,-62.1],[15.23,-62.15],[15.11,-62.13],[15.06,-62.01]],[[-38.71,-62.06],[-38.96,-62.16],[-39.12,-62.18],[-39.19,-62.17],[-39.26,-62.08],[-39.22,-62.0],[-39.0,-61.82],[-39.11,-61.73],[-39.1,-61.64],[-38.98,-61.58],[-38.9,-61.47],[-38.76,-61.44],[-38.64,-61.45],[-38.58,-61.52],[-38.69,-61.7],[-38.59,-61.92],[-38.71,-62.06]],[[-42.09,-62.12],[-42.16,-62.18],[-42.24,-62.33],[-42.38,-62.33],[-42.44,-62.37],[-42.6,-62.38],[-42.77,-62.45],[-43.03,-62.47],[-43.2,-62.54],[-43.9,-62.57],[-44.15,-62.46],[-44.77,-62.44],[-45.2,-62.29],[-45.47,-62.28],[-45.68,-62.24],[-45.94,-62.32],[-46.25,-62.28],[-46.42,-62.21],[-47.14,-62.21],[-47.3,-62.14],[-47.31,-62.04],[-47.19,-62.0],[-46.98,-61.98],[-47.49,-61.83],[-47.57,-61.71],[-47.54,-61.61],[-47.45,-61.56],[-47.52,-61.5],[-47.54,-61.43],[-47.5,-61.39],[-47.47,-61.3],[-47.25,-61.14],[-47.26,-61.08],[-47.33,-61.02],[-47.59,-60.91],[-47.78,-60.91],[-47.83,-60.86],[-47.96,-60.84],[-48.0,-60.79],[-48.0,-60.72],[-47.78,-60.62],[-47.83,-60.49],[-47.8,-60.42],[-47.25,-60.31],[-47.29,-60.27],[-47.6,-60.19],[-47.62,-60.11],[-47.59,-60.07],[-47.47,-60.03],[-47.16,-60.02],[-47.12,-60.0],[-46.51,-60.05],[-46.39,-60.14],[-46.36,-60.27],[-45.86,-60.25],[-45.7,-60.29],[-44.96,-60.35],[-44.65,-60.33],[-43.65,-60.5],[-43.4,-60.48],[-42.48,-60.53],[-42.11,-60.65],[-42.08,-60.74],[-42.24,-60.77],[-42.17,-60.84],[-42.14,-60.96],[-41.83,-60.96],[-41.57,-61.06],[-41.02,-61.03],[-40.94,-61.23],[-40.97,-61.3],[-41.04,-61.34],[-40.99,-61.49],[-41.12,-61.68],[-41.28,-61.78],[-41.58,-61.84],[-41.68,-61.94],[-41.76,-62.09],[-42.09,-62.12]],[[-58.22,-60.04],[-58.29,-60.08],[-58.39,-60.07],[-58.49,-59.98],[-58.64,-59.93],[-58.66,-59.86],[-58.55,-59.83],[-58.37,-59.86],[-58.27,-59.9],[-58.22,-60.04]],[[-58.1,-60.05],[-58.05,-60.03],[-57.51,-60.19],[-57.41,-60.24],[-57.41,-60.29],[-57.46,-60.32],[-57.79,-60.26],[-58.06,-60.16],[-58.11,-60.09],[-58.1,-60.05]],[[-57.37,-60.3],[-57.22,-60.3],[-57.14,-60.36],[-56.8,-60.49],[-56.73,-60.55],[-56.72,-60.62],[-56.81,-60.62],[-57.36,-60.38],[-57.37,-60.3]],[[-58.73,-59.86],[-58.77,-59.87],[-58.87,-59.81],[-59.01,-59.79],[-59.02,-59.71],[-58.94,-59.69],[-58.82,-59.72],[-58.73,-59.78],[-58.73,-59.86]],[[-40.63,-59.83],[-40.56,-59.69],[-40.37,-59.5],[-40.1,-59.42],[-39.72,-59.42],[-39.53,-59.47],[-39.5,-59.28],[-39.44,-59.22],[-39.35,-59.21],[-39.29,-59.29],[-39.36,-59.42],[-39.22,-59.4],[-39.12,-59.54],[-38.98,-59.62],[-38.93,-59.76],[-38.75,-59.97],[-38.73,-60.03],[-38.78,-60.1],[-38.88,-60.14],[-38.91,-60.27],[-39.11,-60.43],[-39.28,-60.52],[-40.13,-60.53],[-40.25,-60.57],[-40.7,-60.58],[-40.99,-60.66],[-41.45,-60.67],[-41.46,-60.59],[-41.38,-60.48],[-41.38,-60.31],[-41.12,-60.28],[-41.06,-60.14],[-40.99,-60.1],[-40.97,-60.02],[-40.63,-59.83]],[[-44.99,-59.55],[-45.1,-59.64],[-45.27,-59.65],[-45.34,-59.63],[-45.34,-59.59],[-45.26,-59.5],[-45.47,-59.54],[-45.59,-59.53],[-45.6,-59.42],[-45.55,-59.38],[-45.58,-59.28],[-45.53,-59.18],[-45.56,-59.04],[-45.51,-58.97],[-45.29,-58.87],[-44.74,-58.82],[-44.59,-58.75],[-44.59,-58.73],[-43.86,-58.76],[-43.75,-58.82],[-43.78,-58.89],[-44.06,-59.09],[-44.11,-59.28],[-44.2,-59.31],[-44.25,-59.39],[-44.25,-59.5],[-44.31,-59.52],[-44.76,-59.5],[-44.86,-59.54],[-44.99,-59.55]],[[-46.18,-59.18],[-46.11,-59.25],[-46.12,-59.32],[-46.25,-59.35],[-46.37,-59.33],[-46.39,-59.27],[-46.35,-59.22],[-46.23,-59.17],[-46.18,-59.18]],[[-46.65,-58.75],[-46.57,-58.82],[-46.52,-58.91],[-46.52,-58.96],[-46.57,-59.01],[-46.69,-58.96],[-46.77,-58.84],[-46.77,-58.77],[-46.65,-58.75]],[[-36.32,-59.2],[-36.54,-58.98],[-36.58,-58.85],[-36.69,-58.74],[-36.69,-58.55],[-36.59,-58.46],[-36.46,-58.46],[-36.36,-58.51],[-36.26,-58.46],[-36.01,-58.47],[-35.96,-58.52],[-35.95,-58.69],[-35.76,-58.78],[-35.78,-58.87],[-35.77,-59.02],[-35.83,-59.06],[-35.98,-59.02],[-36.14,-59.09],[-36.22,-59.2],[-36.32,-59.2]],[[-27.34,-58.38],[-27.27,-58.29],[-27.23,-58.31],[-27.19,-58.58],[-27.12,-58.7],[-27.14,-58.87],[-27.19,-58.94],[-27.24,-58.94],[-27.28,-58.9],[-27.34,-58.38]],[[-35.64,-58.79],[-35.59,-58.73],[-35.53,-58.7],[-35.46,-58.72],[-35.42,-58.79],[-35.44,-58.83],[-35.5,-58.85],[-35.61,-58.84],[-35.64,-58.79]],[[-35.77,-59.21],[-35.7,-59.15],[-35.56,-59.13],[-35.16,-59.16],[-35.04,-59.35],[-35.01,-59.6],[-34.79,-59.68],[-34.61,-59.83],[-34.2,-59.81],[-33.82,-59.69],[-33.01,-59.7],[-32.95,-59.77],[-33.01,-59.84],[-33.54,-60.0],[-34.71,-60.23],[-34.97,-60.35],[-35.61,-60.5],[-35.64,-60.7],[-35.69,-60.73],[-36.06,-60.89],[-36.37,-60.92],[-36.48,-60.98],[-36.53,-61.08],[-37.16,-61.34],[-37.49,-61.37],[-37.63,-61.46],[-37.85,-61.44],[-37.9,-61.4],[-37.87,-61.32],[-37.91,-61.23],[-38.2,-61.07],[-38.21,-60.98],[-38.17,-60.92],[-37.92,-60.77],[-37.78,-60.74],[-37.74,-60.7],[-37.75,-60.61],[-37.71,-60.56],[-37.51,-60.5],[-37.44,-60.43],[-37.35,-60.42],[-37.34,-60.39],[-37.46,-60.33],[-37.45,-60.23],[-37.39,-60.19],[-37.27,-60.17],[-37.06,-60.19],[-36.86,-60.04],[-36.58,-60.0],[-36.45,-59.86],[-36.35,-59.84],[-36.23,-59.86],[-36.18,-59.92],[-36.19,-60.0],[-36.29,-60.12],[-36.28,-60.16],[-36.0,-60.12],[-36.01,-60.06],[-36.13,-59.93],[-36.14,-59.86],[-36.0,-59.78],[-35.8,-59.8],[-35.88,-59.69],[-35.78,-59.45],[-35.77,-59.21]],[[-32.4,-59.48],[-32.36,-59.44],[-32.28,-59.43],[-32.21,-59.45],[-32.19,-59.5],[-32.24,-59.57],[-32.31,-59.57],[-32.38,-59.54],[-32.4,-59.48]],[[-34.23,-60.28],[-34.16,-60.17],[-33.95,-60.17],[-33.87,-60.21],[-33.91,-60.29],[-34.01,-60.32],[-34.15,-60.32],[-34.23,-60.28]],[[-34.65,-60.49],[-34.46,-60.46],[-34.41,-60.48],[-34.38,-60.55],[-34.43,-60.65],[-34.62,-60.83],[-34.84,-60.8],[-34.86,-60.75],[-34.85,-60.67],[-34.65,-60.49]],[[-33.55,-60.67],[-33.42,-60.62],[-33.37,-60.69],[-33.41,-60.75],[-33.48,-60.77],[-33.54,-60.74],[-33.55,-60.67]],[[-33.92,-60.68],[-33.86,-60.75],[-33.86,-60.82],[-33.92,-60.84],[-34.0,-60.82],[-34.04,-60.74],[-33.98,-60.68],[-33.92,-60.68]],[[-35.42,-60.61],[-35.42,-60.57],[-35.33,-60.51],[-35.27,-60.51],[-35.24,-60.55],[-35.24,-60.63],[-35.27,-60.66],[-35.36,-60.66],[-35.42,-60.61]],[[-40.28,-60.95],[-40.21,-61.01],[-40.22,-61.08],[-40.3,-61.11],[-40.42,-61.06],[-40.43,-61.0],[-40.39,-60.96],[-40.28,-60.95]],[[-38.1,-61.91],[-38.21,-61.85],[-38.21,-61.78],[-38.01,-61.75],[-37.91,-61.8],[-37.9,-61.85],[-37.96,-61.9],[-38.1,-61.91]],[[-37.57,-61.9],[-37.56,-61.85],[-37.48,-61.81],[-37.43,-61.81],[-37.39,-61.87],[-37.48,-61.95],[-37.56,-61.94],[-37.57,-61.9]],[[-30.91,-60.99],[-30.91,-61.1],[-30.95,-61.12],[-31.08,-61.11],[-31.16,-61.04],[-31.14,-60.98],[-30.91,-60.99]],[[-30.77,-60.5],[-30.85,-60.44],[-30.79,-60.35],[-30.73,-60.35],[-30.67,-60.42],[-30.69,-60.5],[-30.77,-60.5]],[[-36.46,-56.13],[-36.56,-56.22],[-36.67,-56.22],[-36.77,-56.11],[-36.76,-55.96],[-36.68,-55.89],[-36.55,-55.91],[-36.47,-56.0],[-36.46,-56.13]],[[-37.12,-55.77],[-37.2,-55.74],[-37.27,-55.63],[-37.25,-55.56],[-37.19,-55.52],[-37.09,-55.54],[-37.03,-55.63],[-37.04,-55.73],[-37.12,-55.77]],[[-35.9,-55.75],[-36.12,-55.51],[-36.3,-55.5],[-36.79,-55.15],[-36.86,-55.13],[-37.08,-55.18],[-37.33,-55.11],[-37.72,-55.13],[-37.92,-55.03],[-38.16,-55.06],[-38.42,-54.88],[-38.7,-54.86],[-38.9,-54.78],[-39.09,-54.77],[-39.19,-54.67],[-39.47,-54.54],[-39.55,-54.53],[-39.74,-54.6],[-39.88,-54.59],[-40.36,-54.42],[-40.49,-54.5],[-40.59,-54.51],[-40.78,-54.46],[-41.13,-54.31],[-41.09,-54.24],[-40.84,-54.26],[-40.75,-54.17],[-40.54,-54.1],[-40.15,-54.1],[-39.98,-54.2],[-39.86,-54.19],[-39.84,-54.1],[-39.86,-54.07],[-40.0,-54.04],[-40.1,-53.98],[-40.58,-54.0],[-40.75,-53.95],[-41.33,-54.0],[-41.5,-54.07],[-41.8,-54.07],[-41.91,-54.03],[-42.07,-53.86],[-42.5,-53.87],[-42.66,-53.69],[-43.01,-53.66],[-43.37,-53.57],[-43.33,-53.65],[-43.38,-53.73],[-43.51,-53.69],[-43.56,-53.6],[-43.87,-53.57],[-44.12,-53.7],[-44.28,-53.72],[-44.4,-53.66],[-44.42,-53.55],[-44.34,-53.45],[-44.12,-53.35],[-44.34,-53.32],[-44.44,-53.35],[-44.6,-53.5],[-44.92,-53.61],[-44.98,-53.59],[-44.99,-53.55],[-44.89,-53.39],[-45.14,-53.33],[-45.31,-53.33],[-45.43,-53.4],[-45.6,-53.39],[-45.66,-53.58],[-45.84,-53.63],[-45.95,-53.59],[-46.01,-53.5],[-45.99,-53.43],[-45.85,-53.35],[-45.83,-53.32],[-45.88,-53.3],[-46.0,-53.28],[-46.36,-53.32],[-47.42,-53.29],[-47.46,-53.27],[-47.52,-53.12],[-47.47,-53.02],[-47.36,-52.97],[-46.8,-52.97],[-46.56,-52.92],[-46.34,-52.99],[-46.01,-52.97],[-45.58,-53.09],[-45.48,-53.16],[-45.41,-53.14],[-45.05,-53.18],[-44.98,-53.23],[-44.76,-53.11],[-44.04,-53.16],[-43.94,-52.99],[-43.68,-52.92],[-43.23,-53.0],[-42.75,-52.99],[-42.59,-52.94],[-42.2,-52.97],[-42.07,-52.94],[-41.79,-53.03],[-41.74,-53.09],[-41.62,-53.09],[-41.32,-53.24],[-41.11,-53.28],[-41.09,-53.33],[-41.04,-53.33],[-40.94,-53.46],[-40.87,-53.5],[-40.58,-53.52],[-40.37,-53.62],[-40.32,-53.59],[-40.38,-53.52],[-40.37,-53.47],[-40.01,-53.5],[-39.89,-53.62],[-39.56,-53.65],[-39.36,-53.62],[-38.9,-53.49],[-38.78,-53.5],[-38.63,-53.58],[-38.02,-53.4],[-37.73,-53.4],[-37.46,-53.26],[-37.2,-53.3],[-36.85,-53.23],[-36.72,-53.33],[-36.42,-53.3],[-36.06,-53.42],[-36.07,-53.59],[-35.69,-53.57],[-35.54,-53.66],[-35.45,-53.81],[-35.28,-53.88],[-35.16,-54.07],[-34.92,-54.21],[-34.78,-54.36],[-34.63,-54.38],[-34.46,-54.55],[-34.18,-54.58],[-34.01,-54.74],[-33.8,-54.85],[-33.81,-54.95],[-34.01,-55.03],[-34.18,-55.18],[-34.25,-55.2],[-34.41,-55.37],[-34.4,-55.44],[-34.09,-55.59],[-34.1,-55.69],[-34.14,-55.72],[-34.97,-55.7],[-35.09,-55.73],[-35.26,-55.68],[-35.45,-55.7],[-35.59,-55.68],[-35.81,-55.76],[-35.9,-55.75]],[[-50.74,-54.08],[-50.82,-54.1],[-50.9,-54.05],[-50.87,-53.86],[-50.78,-53.71],[-50.65,-53.66],[-50.57,-53.68],[-50.47,-53.78],[-50.45,-53.91],[-50.52,-53.98],[-50.66,-53.95],[-50.74,-54.08]],[[-37.53,-52.92],[-37.51,-52.82],[-37.61,-52.69],[-37.56,-52.64],[-37.45,-52.63],[-37.4,-52.67],[-37.39,-52.75],[-37.44,-52.8],[-37.45,-52.91],[-37.53,-52.92]],[[-37.27,-52.8],[-37.34,-52.75],[-37.35,-52.67],[-37.29,-52.59],[-37.09,-52.49],[-36.95,-52.54],[-36.79,-52.68],[-36.81,-52.76],[-36.85,-52.8],[-37.27,-52.8]],[[-24.1,-52.72],[-24.2,-52.67],[-24.17,-52.58],[-24.29,-52.48],[-24.29,-52.39],[-24.03,-52.35],[-23.93,-52.42],[-23.95,-52.68],[-24.0,-52.72],[-24.1,-52.72]],[[-33.17,-52.39],[-33.28,-52.37],[-33.37,-52.22],[-33.47,-52.11],[-33.68,-52.05],[-33.72,-52.01],[-33.66,-51.58],[-33.73,-51.32],[-33.65,-51.23],[-33.46,-51.24],[-33.36,-51.19],[-33.19,-51.19],[-33.1,-51.34],[-33.15,-51.47],[-33.12,-51.51],[-32.98,-51.62],[-32.76,-51.68],[-32.69,-51.77],[-32.7,-51.92],[-32.92,-52.06],[-33.07,-52.2],[-33.1,-52.33],[-33.17,-52.39]],[[-42.02,-51.22],[-42.05,-51.31],[-42.1,-51.36],[-42.13,-51.54],[-42.42,-51.81],[-42.51,-51.82],[-42.82,-51.7],[-42.89,-51.62],[-43.06,-51.62],[-43.36,-51.42],[-43.56,-51.36],[-43.73,-51.19],[-43.94,-51.14],[-44.11,-51.05],[-44.4,-51.02],[-44.62,-50.95],[-45.19,-50.93],[-45.43,-51.0],[-45.65,-50.93],[-46.16,-50.92],[-46.38,-50.88],[-46.51,-50.8],[-46.54,-50.75],[-46.49,-50.52],[-46.27,-50.35],[-45.45,-50.37],[-45.01,-50.22],[-44.39,-50.1],[-44.23,-50.02],[-43.9,-50.11],[-43.78,-50.06],[-43.49,-50.06],[-43.05,-49.93],[-43.04,-49.84],[-43.15,-49.73],[-43.41,-49.72],[-43.42,-49.65],[-43.37,-49.6],[-43.07,-49.56],[-42.83,-49.61],[-42.61,-49.72],[-42.43,-49.75],[-42.14,-49.73],[-42.13,-49.69],[-42.17,-49.58],[-42.08,-49.52],[-41.73,-49.55],[-41.62,-49.51],[-41.45,-49.58],[-41.33,-49.48],[-41.23,-49.54],[-41.11,-49.51],[-40.9,-49.6],[-40.51,-49.65],[-40.46,-49.73],[-40.47,-49.79],[-40.58,-49.85],[-40.73,-50.33],[-40.85,-50.51],[-41.06,-50.66],[-41.4,-50.64],[-41.76,-50.66],[-42.03,-50.97],[-42.02,-51.22]],[[-46.97,-49.74],[-47.09,-49.74],[-47.14,-49.67],[-47.07,-49.61],[-47.0,-49.6],[-46.93,-49.67],[-46.97,-49.74]],[[-50.4,-49.61],[-50.56,-49.57],[-50.54,-49.49],[-50.45,-49.45],[-50.37,-49.47],[-50.33,-49.55],[-50.4,-49.61]],[[-28.51,-49.42],[-28.49,-49.36],[-28.35,-49.34],[-28.24,-49.36],[-28.2,-49.42],[-28.25,-49.52],[-28.38,-49.57],[-28.5,-49.54],[-28.52,-49.49],[-28.51,-49.42]],[[-52.82,-49.34],[-52.89,-49.33],[-52.93,-49.28],[-52.9,-49.21],[-52.83,-49.17],[-52.77,-49.2],[-52.74,-49.26],[-52.75,-49.32],[-52.82,-49.34]],[[-9.73,-49.19],[-9.78,-49.1],[-9.73,-48.95],[-9.55,-48.98],[-9.43,-48.94],[-9.22,-48.94],[-9.1,-48.89],[-9.1,-48.86],[-9.03,-48.86],[-8.91,-48.88],[-8.86,-48.94],[-8.85,-48.99],[-8.92,-49.05],[-9.73,-49.19]],[[-9.62,-48.86],[-9.69,-48.89],[-9.77,-48.88],[-9.83,-48.83],[-9.82,-48.79],[-9.76,-48.72],[-9.69,-48.72],[-9.62,-48.8],[-9.62,-48.86]],[[-8.61,-48.85],[-8.5,-48.76],[-8.43,-48.84],[-8.45,-48.88],[-8.53,-48.91],[-8.61,-48.88],[-8.61,-48.85]],[[5.44,-48.99],[5.55,-48.99],[5.58,-49.09],[5.48,-49.13],[5.35,-49.13],[5.36,-49.03],[5.44,-48.99]],[[5.17,-49.19],[5.26,-49.21],[5.3,-49.25],[5.3,-49.33],[5.26,-49.36],[5.16,-49.37],[5.09,-49.31],[5.11,-49.22],[5.17,-49.19]],[[-8.26,-49.37],[-8.14,-49.45],[-8.14,-49.54],[-8.2,-49.55],[-8.31,-49.49],[-8.32,-49.42],[-8.26,-49.37]],[[-8.43,-49.38],[-8.54,-49.39],[-8.58,-49.35],[-8.54,-49.3],[-8.42,-49.26],[-8.38,-49.31],[-8.43,-49.38]],[[5.61,-49.57],[5.69,-49.57],[5.76,-49.61],[5.76,-49.73],[5.65,-49.76],[5.52,-49.73],[5.53,-49.6],[5.61,-49.57]],[[-7.73,-49.75],[-7.56,-49.82],[-7.5,-49.9],[-7.51,-49.94],[-7.6,-49.98],[-7.78,-49.89],[-7.82,-49.8],[-7.8,-49.75],[-7.73,-49.75]],[[5.11,-49.96],[5.18,-49.97],[5.23,-50.02],[5.21,-50.11],[4.95,-50.28],[4.8,-50.23],[4.77,-50.15],[4.8,-50.04],[5.11,-49.96]],[[4.16,-50.22],[4.21,-50.3],[4.17,-50.37],[4.03,-50.41],[3.96,-50.38],[3.97,-50.27],[4.16,-50.22]],[[-0.41,-50.33],[-0.19,-50.37],[-0.15,-50.44],[-0.18,-50.52],[-0.31,-50.53],[-0.48,-50.4],[-0.63,-50.4],[-0.69,-50.34],[-0.65,-50.26],[-0.59,-50.23],[-0.41,-50.33]],[[-0.72,-50.54],[-0.72,-50.66],[-0.74,-50.68],[-0.84,-50.67],[-0.89,-50.63],[-0.89,-50.54],[-0.72,-50.54]],[[-0.65,-50.66],[-0.66,-50.63],[-0.62,-50.57],[-0.44,-50.55],[-0.27,-50.59],[-0.22,-50.66],[-0.27,-50.76],[-0.39,-50.81],[-0.53,-50.76],[-0.65,-50.66]],[[-0.15,-50.71],[-0.16,-50.61],[-0.07,-50.57],[0.43,-50.69],[0.46,-50.74],[0.5,-50.74],[0.6,-50.88],[0.86,-50.9],[0.97,-50.85],[1.08,-50.86],[1.12,-50.89],[1.15,-51.02],[1.33,-51.13],[1.37,-51.19],[1.3,-51.34],[1.36,-51.45],[1.34,-51.57],[1.27,-51.65],[1.12,-51.73],[0.9,-51.75],[0.8,-51.71],[0.76,-51.6],[0.81,-51.5],[0.95,-51.4],[1.16,-51.32],[1.09,-51.27],[0.96,-51.27],[0.79,-51.34],[0.65,-51.5],[0.5,-51.46],[0.34,-51.5],[0.28,-51.68],[0.13,-51.7],[0.08,-51.62],[0.12,-51.5],[0.13,-51.27],[0.22,-51.2],[0.46,-51.19],[0.51,-51.12],[0.43,-51.05],[0.38,-50.95],[0.07,-50.88],[-0.15,-50.71]],[[11.62,-51.28],[11.57,-51.24],[11.57,-51.18],[11.66,-51.12],[11.71,-51.15],[11.73,-51.24],[11.68,-51.28],[11.62,-51.28]],[[3.58,-51.72],[3.54,-51.67],[3.58,-51.55],[3.7,-51.5],[3.87,-51.33],[3.97,-51.3],[4.12,-51.32],[4.23,-51.37],[4.27,-51.42],[4.27,-51.57],[4.2,-51.66],[3.86,-51.65],[3.67,-51.73],[3.58,-51.72]],[[3.89,-51.72],[3.94,-51.69],[4.0,-51.71],[4.01,-51.81],[3.89,-51.83],[3.86,-51.77],[3.89,-51.72]],[[-0.04,-51.77],[0.0,-51.87],[-0.04,-51.92],[-0.18,-51.92],[-0.25,-51.85],[-0.25,-51.8],[-0.19,-51.74],[-0.12,-51.73],[-0.04,-51.77]],[[-5.93,-51.84],[-5.95,-51.98],[-6.03,-51.98],[-6.15,-51.84],[-6.15,-51.74],[-6.12,-51.7],[-6.03,-51.7],[-5.93,-51.84]],[[-4.5,-51.97],[-4.44,-51.94],[-4.39,-51.99],[-4.4,-52.08],[-4.47,-52.14],[-4.54,-52.09],[-4.5,-51.97]],[[3.14,-52.08],[3.19,-52.05],[3.25,-52.07],[3.27,-52.17],[3.15,-52.19],[3.11,-52.13],[3.14,-52.08]],[[10.44,-52.17],[10.51,-52.12],[10.73,-52.15],[10.87,-52.13],[10.92,-52.15],[10.93,-52.21],[10.81,-52.33],[10.52,-52.42],[10.39,-52.37],[10.39,-52.31],[10.44,-52.17]],[[12.53,-52.28],[12.43,-52.21],[12.46,-52.13],[12.53,-52.1],[12.64,-52.15],[12.66,-52.21],[12.62,-52.27],[12.53,-52.28]],[[16.96,-52.18],[16.95,-52.1],[17.02,-52.04],[17.12,-52.06],[17.16,-52.12],[17.13,-52.23],[17.04,-52.24],[16.96,-52.18]],[[2.11,-52.42],[2.18,-52.44],[2.18,-52.57],[2.08,-52.68],[1.98,-52.69],[1.92,-52.61],[1.93,-52.5],[1.96,-52.45],[2.11,-52.42]],[[10.82,-52.66],[10.86,-52.59],[11.04,-52.53],[11.11,-52.57],[11.07,-52.67],[10.96,-52.73],[10.85,-52.71],[10.82,-52.66]],[[-1.47,-52.71],[-1.54,-52.8],[-1.7,-52.82],[-1.9,-52.97],[-2.3,-52.97],[-2.6,-53.03],[-2.68,-52.98],[-2.72,-52.85],[-2.71,-52.8],[-2.3,-52.75],[-2.23,-52.78],[-2.06,-52.66],[-1.62,-52.58],[-1.49,-52.61],[-1.47,-52.71]],[[-3.04,-52.93],[-2.89,-52.98],[-2.86,-53.06],[-2.88,-53.11],[-3.14,-53.16],[-3.41,-53.15],[-3.55,-53.07],[-3.59,-52.97],[-3.57,-52.88],[-3.53,-52.86],[-3.39,-52.9],[-3.26,-52.99],[-3.13,-52.93],[-3.04,-52.93]],[[-3.79,-52.93],[-3.74,-52.99],[-3.65,-53.02],[-3.48,-53.21],[-3.31,-53.28],[-3.26,-53.41],[-3.15,-53.47],[-3.17,-53.57],[-3.26,-53.59],[-3.36,-53.52],[-3.64,-53.54],[-3.89,-53.38],[-4.03,-53.21],[-4.19,-53.31],[-4.22,-53.35],[-4.23,-53.46],[-4.3,-53.5],[-4.7,-53.3],[-4.7,-53.09],[-4.61,-53.04],[-4.5,-52.9],[-4.21,-52.92],[-4.1,-52.97],[-4.16,-52.8],[-4.11,-52.74],[-3.92,-52.76],[-3.84,-52.85],[-3.79,-52.75],[-3.67,-52.79],[-3.63,-52.85],[-3.63,-52.91],[-3.79,-52.9],[-3.79,-52.93]],[[-2.38,-53.38],[-2.45,-53.31],[-2.42,-53.26],[-2.36,-53.23],[-2.31,-53.26],[-2.3,-53.33],[-2.33,-53.38],[-2.38,-53.38]],[[0.29,-53.35],[0.25,-53.3],[0.26,-53.21],[0.38,-53.2],[0.39,-53.32],[0.33,-53.36],[0.29,-53.35]],[[6.84,-53.33],[6.87,-53.28],[7.06,-53.23],[7.13,-53.25],[7.15,-53.3],[7.11,-53.4],[6.99,-53.45],[6.87,-53.44],[6.84,-53.33]],[[-2.93,-53.56],[-2.95,-53.42],[-2.86,-53.4],[-2.65,-53.45],[-2.58,-53.53],[-2.63,-53.64],[-2.69,-53.67],[-2.82,-53.65],[-2.93,-53.56]],[[-1.7,-53.66],[-1.75,-53.59],[-1.7,-53.52],[-1.59,-53.49],[-1.52,-53.54],[-1.5,-53.62],[-1.54,-53.69],[-1.62,-53.7],[-1.7,-53.66]],[[4.86,-53.5],[5.06,-53.56],[5.25,-53.65],[5.24,-53.76],[5.18,-53.81],[4.99,-53.83],[4.8,-53.93],[4.72,-54.07],[4.64,-54.13],[4.26,-54.22],[4.14,-54.21],[3.98,-54.31],[3.91,-54.46],[3.5,-54.79],[3.39,-54.84],[3.19,-54.84],[3.07,-54.79],[2.82,-54.81],[2.67,-54.74],[2.63,-54.61],[2.76,-54.34],[2.71,-54.22],[2.54,-54.25],[2.38,-54.33],[2.33,-54.34],[2.28,-54.29],[2.3,-54.18],[2.55,-54.03],[2.74,-54.02],[2.96,-53.91],[3.19,-53.9],[3.48,-53.98],[3.71,-53.92],[4.12,-54.12],[4.13,-54.07],[3.86,-53.9],[3.7,-53.88],[3.67,-53.77],[3.69,-53.7],[3.94,-53.59],[4.08,-53.66],[4.32,-53.68],[4.39,-53.74],[4.54,-53.57],[4.73,-53.56],[4.86,-53.5]],[[5.58,-53.87],[5.54,-53.81],[5.57,-53.76],[5.64,-53.73],[5.71,-53.76],[5.71,-53.86],[5.58,-53.87]],[[0.87,-54.82],[0.79,-54.86],[0.61,-54.87],[0.58,-54.91],[0.58,-55.0],[0.54,-55.03],[0.07,-55.08],[-0.02,-55.03],[-0.17,-55.03],[-0.24,-54.94],[-0.34,-54.89],[-0.45,-54.73],[-0.72,-54.74],[-0.79,-54.58],[-0.92,-54.5],[-0.96,-54.54],[-0.8,-54.72],[-0.81,-54.82],[-1.0,-54.91],[-1.22,-54.85],[-1.25,-54.77],[-1.21,-54.7],[-1.06,-54.6],[-1.19,-54.48],[-1.19,-54.35],[-1.01,-54.24],[-0.89,-54.26],[-0.62,-54.41],[-0.49,-54.36],[-0.1,-54.38],[0.14,-54.43],[0.42,-54.36],[0.51,-54.41],[0.5,-54.53],[0.44,-54.57],[0.6,-54.67],[0.96,-54.57],[1.06,-54.6],[1.05,-54.67],[0.87,-54.82]],[[-0.49,-54.79],[-0.42,-54.83],[-0.39,-54.91],[-0.44,-54.99],[-0.53,-55.0],[-0.62,-54.95],[-0.63,-54.87],[-0.57,-54.8],[-0.49,-54.79]],[[-1.42,-54.94],[-1.49,-54.94],[-1.53,-54.9],[-1.54,-54.83],[-1.49,-54.78],[-1.39,-54.82],[-1.38,-54.88],[-1.42,-54.94]],[[-6.05,-54.8],[-6.08,-54.83],[-6.16,-54.83],[-6.24,-54.74],[-6.19,-54.68],[-6.11,-54.67],[-6.06,-54.72],[-6.05,-54.8]],[[-5.54,-54.74],[-5.69,-54.67],[-5.87,-54.66],[-5.92,-54.58],[-5.9,-54.5],[-5.78,-54.42],[-5.62,-54.55],[-5.44,-54.57],[-5.39,-54.61],[-5.36,-54.67],[-5.4,-54.72],[-5.54,-54.74]],[[-5.04,-54.67],[-5.23,-54.43],[-5.23,-54.39],[-5.19,-54.34],[-4.8,-54.42],[-4.74,-54.46],[-4.73,-54.54],[-4.82,-54.64],[-4.92,-54.68],[-5.04,-54.67]],[[-4.6,-54.51],[-4.73,-54.42],[-4.75,-54.31],[-4.61,-54.05],[-4.45,-54.0],[-4.34,-54.1],[-4.32,-54.23],[-4.39,-54.26],[-4.37,-54.41],[-4.39,-54.46],[-4.48,-54.5],[-4.6,-54.51]],[[-5.77,-54.08],[-5.81,-54.14],[-5.94,-54.17],[-6.08,-54.13],[-6.1,-54.05],[-6.02,-53.98],[-5.95,-53.96],[-5.82,-54.01],[-5.77,-54.08]],[[-22.29,-54.01],[-22.26,-54.08],[-22.3,-54.14],[-22.44,-54.13],[-22.51,-54.08],[-22.52,-54.04],[-22.45,-53.98],[-22.37,-53.97],[-22.29,-54.01]],[[-23.41,-54.0],[-23.48,-54.04],[-23.83,-54.06],[-23.9,-53.98],[-23.78,-53.88],[-23.61,-53.86],[-23.45,-53.88],[-23.41,-54.0]],[[-6.33,-53.94],[-6.33,-53.9],[-6.23,-53.83],[-6.16,-53.84],[-6.12,-53.9],[-6.13,-53.96],[-6.21,-54.0],[-6.33,-53.94]],[[-5.78,-53.94],[-5.87,-53.82],[-5.88,-53.76],[-5.8,-53.68],[-5.43,-53.81],[-5.22,-53.71],[-5.06,-53.71],[-5.02,-53.76],[-5.04,-53.86],[-5.46,-54.07],[-5.63,-54.03],[-5.78,-53.94]],[[-5.17,-53.68],[-5.26,-53.62],[-5.28,-53.53],[-5.18,-53.47],[-5.04,-53.5],[-4.94,-53.35],[-4.75,-53.41],[-4.67,-53.48],[-4.66,-53.52],[-4.71,-53.59],[-4.97,-53.54],[-5.04,-53.66],[-5.17,-53.68]],[[-3.8,-53.68],[-3.52,-53.61],[-3.36,-53.66],[-3.12,-53.63],[-3.04,-53.67],[-3.02,-53.74],[-3.08,-53.8],[-3.43,-53.81],[-3.5,-53.86],[-3.48,-54.0],[-3.52,-54.07],[-3.74,-54.1],[-3.97,-54.24],[-4.08,-54.22],[-4.11,-54.18],[-4.14,-53.99],[-4.07,-53.92],[-3.91,-53.93],[-3.86,-53.89],[-3.84,-53.72],[-3.8,-53.68]],[[-2.03,-53.79],[-2.02,-53.74],[-1.96,-53.71],[-1.78,-53.76],[-1.59,-53.77],[-1.55,-53.83],[-1.67,-53.95],[-1.87,-54.01],[-1.97,-53.95],[-2.03,-53.79]],[[2.14,-53.85],[2.35,-53.8],[2.39,-53.85],[2.32,-53.93],[2.19,-53.97],[2.11,-53.92],[2.14,-53.85]],[[-1.01,-53.86],[-0.91,-53.97],[-0.9,-54.03],[-0.94,-54.06],[-1.04,-54.03],[-1.12,-53.96],[-1.12,-53.89],[-1.01,-53.86]],[[-2.06,-54.02],[-2.18,-54.07],[-2.35,-54.07],[-2.42,-54.02],[-2.42,-53.92],[-2.38,-53.86],[-2.2,-53.85],[-2.06,-53.93],[-2.06,-54.02]],[[-2.83,-53.86],[-2.9,-54.17],[-2.97,-54.16],[-3.22,-54.0],[-3.4,-53.96],[-3.38,-53.88],[-3.32,-53.85],[-3.1,-53.93],[-3.03,-53.86],[-2.89,-53.83],[-2.83,-53.86]],[[1.77,-54.11],[1.83,-54.13],[1.87,-54.19],[1.82,-54.27],[1.58,-54.38],[1.41,-54.52],[1.34,-54.5],[1.3,-54.46],[1.29,-54.41],[1.35,-54.33],[1.62,-54.15],[1.77,-54.11]],[[2.09,-54.5],[2.05,-54.45],[2.06,-54.36],[2.17,-54.32],[2.23,-54.34],[2.26,-54.4],[2.22,-54.46],[2.16,-54.51],[2.09,-54.5]],[[0.92,-54.28],[0.95,-54.31],[0.92,-54.4],[0.86,-54.44],[0.78,-54.42],[0.76,-54.36],[0.79,-54.31],[0.92,-54.28]],[[-1.48,-54.24],[-1.23,-54.48],[-1.21,-54.58],[-1.25,-54.62],[-1.37,-54.6],[-1.47,-54.52],[-1.56,-54.31],[-1.48,-54.24]],[[-1.88,-54.52],[-1.82,-54.55],[-1.82,-54.65],[-1.91,-54.67],[-1.99,-54.64],[-1.97,-54.55],[-1.88,-54.52]],[[-4.2,-54.63],[-4.24,-54.71],[-4.34,-54.75],[-4.44,-54.73],[-4.47,-54.67],[-4.45,-54.61],[-4.33,-54.55],[-4.22,-54.58],[-4.2,-54.63]],[[-2.52,-54.58],[-2.62,-54.52],[-2.66,-54.44],[-2.64,-54.4],[-2.52,-54.34],[-2.45,-54.36],[-2.41,-54.46],[-2.44,-54.57],[-2.52,-54.58]],[[-3.08,-54.37],[-3.03,-54.43],[-3.1,-54.49],[-3.36,-54.49],[-3.42,-54.43],[-3.37,-54.36],[-3.08,-54.37]],[[-2.3,-54.44],[-2.34,-54.41],[-2.36,-54.32],[-2.29,-54.17],[-2.08,-54.16],[-2.0,-54.21],[-2.02,-54.31],[-2.19,-54.42],[-2.3,-54.44]],[[-1.75,-54.32],[-1.79,-54.26],[-1.78,-54.2],[-1.63,-54.14],[-1.6,-54.15],[-1.57,-54.21],[-1.6,-54.28],[-1.67,-54.32],[-1.75,-54.32]],[[-24.64,-52.95],[-24.75,-52.93],[-24.73,-52.83],[-24.65,-52.82],[-24.6,-52.85],[-24.59,-52.89],[-24.64,-52.95]],[[-6.89,-52.94],[-6.95,-52.91],[-6.95,-52.66],[-6.83,-52.6],[-6.71,-52.6],[-6.66,-52.65],[-6.69,-52.76],[-6.79,-52.83],[-6.85,-52.94],[-6.89,-52.94]],[[-5.0,-52.65],[-5.2,-52.5],[-5.24,-52.39],[-5.19,-52.33],[-4.99,-52.37],[-4.92,-52.42],[-4.92,-52.59],[-5.0,-52.65]],[[-2.13,-52.53],[-2.21,-52.45],[-2.16,-52.34],[-2.02,-52.35],[-1.92,-52.42],[-1.95,-52.52],[-2.0,-52.55],[-2.13,-52.53]],[[-1.84,-52.51],[-1.88,-52.46],[-1.86,-52.4],[-1.7,-52.37],[-1.69,-52.47],[-1.76,-52.51],[-1.84,-52.51]],[[-0.79,-52.43],[-0.76,-52.44],[-0.74,-52.51],[-0.8,-52.58],[-1.03,-52.63],[-1.16,-52.62],[-1.21,-52.59],[-1.21,-52.53],[-1.15,-52.46],[-0.79,-52.43]],[[-3.05,-52.66],[-2.78,-52.72],[-2.74,-52.78],[-2.76,-52.85],[-2.89,-52.91],[-3.09,-52.88],[-3.14,-52.83],[-3.14,-52.77],[-3.05,-52.66]],[[-0.82,-52.2],[-0.87,-52.26],[-0.95,-52.29],[-1.05,-52.24],[-1.02,-52.14],[-0.93,-52.11],[-0.84,-52.13],[-0.82,-52.2]],[[-6.56,-52.01],[-6.59,-52.07],[-6.72,-52.07],[-6.78,-52.04],[-6.8,-51.95],[-6.74,-51.89],[-6.67,-51.87],[-6.57,-51.94],[-6.56,-52.01]],[[-25.58,-51.94],[-25.64,-51.98],[-25.7,-51.96],[-25.7,-51.82],[-25.56,-51.82],[-25.54,-51.88],[-25.58,-51.94]],[[-7.89,-51.86],[-7.96,-51.8],[-7.96,-51.76],[-7.89,-51.7],[-7.79,-51.7],[-7.75,-51.77],[-7.76,-51.82],[-7.79,-51.86],[-7.89,-51.86]],[[-7.41,-51.69],[-7.52,-51.61],[-7.54,-51.56],[-7.52,-51.51],[-7.43,-51.43],[-7.29,-51.51],[-7.24,-51.62],[-7.29,-51.69],[-7.41,-51.69]],[[-14.42,-51.44],[-14.48,-51.52],[-14.58,-51.54],[-14.65,-51.49],[-14.67,-51.42],[-14.64,-51.36],[-14.55,-51.32],[-14.46,-51.36],[-14.42,-51.44]],[[-6.5,-51.38],[-6.46,-51.29],[-6.43,-51.0],[-6.38,-50.98],[-6.26,-51.05],[-6.25,-50.94],[-6.05,-50.89],[-5.98,-50.93],[-5.96,-51.03],[-6.02,-51.12],[-6.22,-51.16],[-6.19,-51.34],[-6.29,-51.48],[-6.31,-51.66],[-6.44,-51.69],[-6.5,-51.63],[-6.53,-51.53],[-6.5,-51.38]],[[-25.39,-51.07],[-25.34,-51.13],[-25.39,-51.25],[-25.5,-51.28],[-25.59,-51.23],[-25.58,-51.11],[-25.39,-51.07]],[[-4.12,-50.97],[-4.08,-50.9],[-3.99,-50.93],[-3.93,-51.01],[-3.94,-51.07],[-4.01,-51.1],[-4.09,-51.07],[-4.13,-51.0],[-4.12,-50.97]],[[-0.12,-51.1],[-0.13,-50.97],[-0.01,-50.95],[0.01,-51.07],[-0.06,-51.12],[-0.12,-51.1]],[[-5.56,-51.12],[-5.57,-51.19],[-5.68,-51.2],[-5.76,-51.1],[-5.76,-51.02],[-5.73,-50.99],[-5.65,-51.0],[-5.56,-51.12]],[[-5.86,-51.67],[-6.02,-51.55],[-6.04,-51.4],[-6.02,-51.31],[-5.99,-51.27],[-5.55,-51.24],[-5.4,-51.29],[-5.31,-51.43],[-5.29,-51.55],[-5.4,-51.6],[-5.45,-51.76],[-5.5,-51.79],[-5.58,-51.8],[-5.76,-51.67],[-5.86,-51.67]],[[-4.52,-51.26],[-4.43,-51.3],[-4.41,-51.41],[-4.49,-51.47],[-4.58,-51.49],[-4.66,-51.43],[-4.67,-51.36],[-4.52,-51.26]],[[-5.16,-51.27],[-5.09,-51.38],[-5.12,-51.44],[-5.16,-51.46],[-5.24,-51.42],[-5.26,-51.35],[-5.23,-51.29],[-5.16,-51.27]],[[-5.09,-51.67],[-5.1,-51.54],[-4.97,-51.52],[-4.96,-51.64],[-5.03,-51.69],[-5.09,-51.67]],[[-7.22,-51.86],[-7.21,-51.78],[-7.13,-51.72],[-7.02,-51.72],[-6.96,-51.79],[-6.97,-51.84],[-7.05,-51.9],[-7.15,-51.91],[-7.22,-51.86]],[[-6.43,-51.87],[-6.42,-51.83],[-6.34,-51.77],[-6.27,-51.78],[-6.25,-51.81],[-6.25,-51.9],[-6.28,-51.93],[-6.36,-51.93],[-6.43,-51.87]],[[-34.94,-50.77],[-35.01,-50.8],[-35.12,-50.79],[-35.17,-50.74],[-35.17,-50.68],[-35.08,-50.6],[-35.0,-50.6],[-34.93,-50.66],[-34.94,-50.77]],[[-6.11,-50.73],[-6.22,-50.6],[-6.22,-50.54],[-6.16,-50.48],[-6.04,-50.52],[-5.97,-50.64],[-6.01,-50.73],[-6.11,-50.73]],[[-5.77,-50.73],[-5.9,-50.63],[-5.88,-50.54],[-5.71,-50.59],[-5.63,-50.66],[-5.64,-50.74],[-5.77,-50.73]],[[-1.73,-50.4],[-1.74,-50.44],[-1.84,-50.48],[-1.95,-50.46],[-2.0,-50.4],[-1.94,-50.34],[-1.87,-50.32],[-1.76,-50.34],[-1.73,-50.4]],[[-7.65,-50.46],[-7.76,-50.47],[-7.83,-50.43],[-7.85,-50.35],[-7.81,-50.28],[-7.31,-50.19],[-7.21,-50.25],[-7.21,-50.31],[-7.27,-50.38],[-7.39,-50.4],[-7.49,-50.38],[-7.65,-50.46]],[[-6.86,-50.29],[-6.9,-50.21],[-6.89,-50.16],[-6.73,-50.09],[-6.67,-50.11],[-6.65,-50.16],[-6.69,-50.25],[-6.77,-50.3],[-6.86,-50.29]],[[-6.33,-50.28],[-6.45,-50.21],[-6.46,-50.18],[-6.4,-50.11],[-6.31,-50.11],[-6.21,-50.18],[-6.22,-50.26],[-6.33,-50.28]],[[-32.53,-55.25],[-32.58,-55.18],[-32.53,-55.11],[-32.36,-55.12],[-32.3,-55.18],[-32.33,-55.25],[-32.53,-55.25]],[[-32.08,-55.42],[-32.14,-55.35],[-32.07,-55.29],[-31.8,-55.27],[-31.73,-55.32],[-31.73,-55.43],[-31.76,-55.45],[-32.08,-55.42]],[[-2.23,-55.44],[-2.06,-55.38],[-1.85,-55.36],[-1.78,-55.39],[-1.77,-55.52],[-1.87,-55.58],[-2.1,-55.6],[-2.22,-55.54],[-2.23,-55.44]],[[-3.0,-55.48],[-2.87,-55.54],[-2.88,-55.61],[-3.03,-55.62],[-3.12,-55.59],[-3.13,-55.56],[-3.09,-55.49],[-3.0,-55.48]],[[-4.43,-55.88],[-4.34,-55.83],[-4.11,-55.86],[-3.99,-55.94],[-3.98,-56.06],[-4.1,-56.11],[-4.22,-56.06],[-4.45,-56.05],[-4.48,-55.97],[-4.43,-55.88]],[[-4.84,-56.09],[-4.82,-56.26],[-5.18,-56.31],[-5.3,-56.3],[-5.45,-56.21],[-5.66,-56.27],[-5.74,-56.2],[-5.74,-56.09],[-5.61,-56.06],[-5.52,-56.08],[-5.47,-56.14],[-5.33,-56.06],[-5.06,-56.04],[-4.84,-56.09]],[[-3.89,-56.26],[-3.79,-56.22],[-3.73,-56.31],[-3.79,-56.37],[-3.89,-56.37],[-3.93,-56.31],[-3.89,-56.26]],[[-29.86,-48.66],[-30.09,-48.68],[-30.15,-48.64],[-30.15,-48.6],[-30.04,-48.54],[-29.87,-48.54],[-29.81,-48.6],[-29.86,-48.66]],[[5.52,-48.64],[5.41,-48.57],[5.39,-48.52],[5.45,-48.38],[5.67,-48.45],[5.73,-48.52],[5.71,-48.61],[5.66,-48.64],[5.52,-48.64]],[[6.87,-48.41],[7.01,-48.31],[7.21,-48.28],[7.35,-48.29],[7.44,-48.35],[7.42,-48.45],[7.32,-48.51],[6.89,-48.48],[6.87,-48.41]],[[-10.06,-48.34],[-10.15,-48.36],[-10.29,-48.33],[-10.39,-48.27],[-10.39,-48.22],[-10.32,-48.16],[-10.14,-48.18],[-10.05,-48.24],[-10.06,-48.34]],[[6.73,-48.44],[6.77,-48.53],[6.67,-48.59],[6.34,-48.58],[6.27,-48.53],[6.34,-48.46],[6.73,-48.44]],[[-9.86,-47.91],[-9.94,-47.93],[-10.01,-47.88],[-10.03,-47.54],[-10.23,-47.21],[-10.16,-47.11],[-10.05,-47.1],[-9.98,-47.13],[-9.95,-47.19],[-9.96,-47.33],[-9.94,-47.38],[-9.88,-47.38],[-9.72,-47.32],[-9.66,-47.39],[-9.7,-47.66],[-9.86,-47.91]],[[-10.38,-47.23],[-10.31,-47.26],[-10.24,-47.34],[-10.22,-47.73],[-10.26,-47.88],[-10.32,-47.93],[-10.38,-47.92],[-10.42,-47.78],[-10.54,-47.7],[-10.56,-47.64],[-10.51,-47.45],[-10.55,-47.29],[-10.48,-47.24],[-10.38,-47.23]],[[-12.85,-47.44],[-13.05,-47.44],[-13.09,-47.39],[-13.08,-47.33],[-12.98,-47.26],[-12.6,-47.18],[-12.53,-47.2],[-12.52,-47.25],[-12.56,-47.29],[-12.85,-47.44]],[[-13.93,-47.42],[-14.05,-47.42],[-14.13,-47.34],[-14.13,-47.29],[-14.03,-47.22],[-13.97,-47.26],[-13.61,-47.24],[-13.52,-47.3],[-13.55,-47.36],[-13.8,-47.35],[-13.93,-47.42]],[[-11.87,-47.2],[-11.93,-47.12],[-11.86,-47.06],[-11.79,-47.07],[-11.77,-47.18],[-11.87,-47.2]],[[-8.83,-47.08],[-8.81,-46.99],[-8.71,-46.9],[-8.45,-46.92],[-8.17,-46.73],[-8.03,-46.75],[-7.95,-46.86],[-8.02,-47.11],[-8.3,-47.14],[-8.52,-47.33],[-8.64,-47.32],[-8.75,-47.26],[-8.82,-47.15],[-8.83,-47.08]],[[-12.87,-46.9],[-12.92,-47.0],[-12.97,-47.01],[-13.07,-46.95],[-13.04,-46.86],[-12.94,-46.79],[-12.9,-46.81],[-12.87,-46.9]],[[-8.94,-47.15],[-8.88,-47.22],[-8.9,-47.32],[-9.02,-47.41],[-9.17,-47.42],[-9.21,-47.29],[-9.21,-47.2],[-9.05,-47.14],[-8.94,-47.15]],[[-9.46,-47.17],[-9.32,-47.27],[-9.32,-47.36],[-9.39,-47.43],[-9.55,-47.46],[-9.62,-47.4],[-9.61,-47.24],[-9.58,-47.14],[-9.46,-47.17]],[[-10.8,-47.21],[-10.75,-47.17],[-10.69,-47.2],[-10.7,-47.3],[-10.75,-47.36],[-10.82,-47.32],[-10.8,-47.21]],[[-13.61,-46.57],[-13.76,-46.6],[-13.87,-46.54],[-13.99,-46.38],[-14.01,-46.24],[-13.87,-46.18],[-13.77,-46.19],[-13.68,-46.24],[-13.57,-46.41],[-13.57,-46.5],[-13.61,-46.57]],[[-14.15,-46.2],[-14.09,-46.28],[-14.11,-46.33],[-14.2,-46.39],[-14.3,-46.37],[-14.33,-46.34],[-14.32,-46.25],[-14.15,-46.2]],[[-14.72,-46.2],[-14.81,-46.25],[-14.92,-46.23],[-14.94,-46.12],[-14.84,-46.04],[-14.62,-45.96],[-14.32,-45.94],[-14.26,-45.99],[-14.26,-46.08],[-14.3,-46.12],[-14.44,-46.12],[-14.72,-46.2]],[[-4.85,-46.15],[-4.79,-46.13],[-4.74,-46.17],[-4.73,-46.25],[-4.76,-46.28],[-4.87,-46.26],[-4.89,-46.19],[-4.85,-46.15]],[[-6.94,-46.44],[-6.89,-46.34],[-6.83,-46.32],[-6.77,-46.36],[-6.81,-46.48],[-6.91,-46.49],[-6.94,-46.44]],[[-15.25,-45.69],[-15.31,-45.71],[-15.39,-45.67],[-15.43,-45.6],[-15.41,-45.53],[-14.9,-45.44],[-14.83,-45.48],[-14.82,-45.56],[-14.9,-45.63],[-14.98,-45.65],[-15.12,-45.62],[-15.25,-45.69]],[[-13.63,-45.44],[-13.53,-45.48],[-13.53,-45.58],[-13.96,-45.63],[-14.04,-45.61],[-14.05,-45.58],[-14.02,-45.5],[-13.9,-45.46],[-13.63,-45.44]],[[-45.01,-62.62],[-44.65,-62.58],[-44.6,-62.6],[-44.56,-62.69],[-44.88,-62.81],[-45.63,-62.79],[-45.7,-62.71],[-45.68,-62.66],[-45.54,-62.62],[-45.07,-62.64],[-45.01,-62.62]],[[2.52,-64.46],[2.56,-64.4],[2.69,-64.39],[2.75,-64.41],[2.76,-64.5],[2.73,-64.53],[2.62,-64.54],[2.53,-64.5],[2.52,-64.46]],[[5.83,-64.66],[6.0,-64.6],[6.59,-64.6],[6.71,-64.65],[6.7,-64.69],[6.61,-64.75],[6.33,-64.79],[5.82,-64.79],[5.76,-64.72],[5.83,-64.66]],[[5.53,-64.68],[5.63,-64.71],[5.65,-64.77],[5.58,-64.81],[5.44,-64.83],[5.3,-64.81],[5.24,-64.77],[5.4,-64.68],[5.53,-64.68]],[[2.63,-64.79],[2.69,-64.82],[2.71,-64.92],[2.89,-65.07],[2.89,-65.31],[2.76,-65.37],[2.47,-65.4],[2.39,-65.3],[2.45,-65.14],[2.39,-64.97],[2.4,-64.9],[2.47,-64.83],[2.63,-64.79]],[[16.13,-65.71],[16.24,-65.63],[16.49,-65.6],[16.59,-65.63],[16.63,-65.71],[16.61,-65.77],[16.55,-65.8],[16.11,-65.88],[16.04,-65.82],[16.13,-65.71]],[[11.0,-66.26],[10.92,-66.21],[10.92,-66.12],[11.09,-66.12],[11.09,-66.24],[11.0,-66.26]],[[4.92,-69.13],[4.95,-69.07],[5.19,-69.02],[5.31,-69.06],[5.29,-69.21],[5.21,-69.28],[5.05,-69.26],[4.93,-69.19],[4.92,-69.13]],[[5.3,-69.27],[5.49,-69.18],[5.58,-69.18],[5.61,-69.23],[5.56,-69.39],[5.31,-69.6],[5.25,-69.54],[5.26,-69.36],[5.3,-69.27]],[[-5.05,-69.29],[-5.05,-69.41],[-5.23,-69.48],[-5.21,-69.62],[-5.3,-69.69],[-5.49,-69.67],[-5.83,-69.48],[-5.85,-69.44],[-5.81,-69.31],[-5.72,-69.21],[-5.54,-69.16],[-5.3,-69.18],[-5.05,-69.29]],[[-51.17,-71.26],[-51.07,-71.22],[-50.97,-71.24],[-50.9,-71.31],[-50.9,-71.4],[-50.99,-71.43],[-51.15,-71.38],[-51.19,-71.3],[-51.17,-71.26]],[[-49.56,-71.63],[-49.64,-71.59],[-49.61,-71.5],[-49.48,-71.48],[-49.37,-71.53],[-49.4,-71.63],[-49.56,-71.63]],[[14.32,-67.43],[14.27,-67.37],[14.28,-67.32],[14.36,-67.29],[14.43,-67.3],[14.47,-67.37],[14.45,-67.41],[14.32,-67.43]],[[27.74,-69.08],[27.93,-69.02],[27.99,-69.1],[27.9,-69.18],[27.75,-69.22],[27.7,-69.16],[27.74,-69.08]]],[[[13.65,-27.99],[13.64,-27.92],[13.7,-27.74],[13.59,-27.65],[13.4,-27.25],[13.37,-27.1],[13.21,-26.87],[13.24,-26.58],[13.04,-26.37],[13.0,-26.06],[12.93,-25.85],[13.03,-25.58],[12.98,-25.39],[13.03,-25.18],[12.86,-24.95],[12.82,-24.7],[12.72,-24.55],[12.7,-24.13],[12.55,-23.82],[12.38,-23.59],[12.39,-23.47],[12.34,-23.33],[12.36,-23.28],[12.34,-23.09],[12.38,-22.73],[12.27,-22.51],[12.09,-22.29],[12.02,-22.08],[11.91,-22.03],[11.88,-21.94],[11.83,-21.91],[11.66,-21.65],[11.66,-21.53],[11.57,-21.41],[11.57,-21.34],[11.47,-21.17],[11.45,-20.93],[11.37,-20.88],[11.19,-20.84],[10.85,-20.86],[10.66,-20.74],[10.46,-20.74],[10.18,-20.59],[10.13,-20.52],[10.12,-20.17],[10.0,-19.84],[9.95,-19.83],[9.83,-19.93],[9.74,-19.93],[9.56,-19.79],[9.52,-19.64],[9.57,-19.54],[9.84,-19.55],[9.88,-19.52],[9.95,-19.23],[9.99,-19.19],[10.08,-19.15],[10.3,-19.18],[10.38,-19.02],[10.54,-18.98],[10.56,-18.94],[10.63,-18.91],[10.71,-18.78],[10.87,-18.67],[10.99,-18.48],[10.88,-18.38],[10.87,-18.31],[10.9,-18.28],[11.06,-18.26],[11.14,-18.37],[11.11,-18.05],[11.04,-17.9],[11.09,-17.71],[10.92,-17.33],[11.02,-17.09],[10.99,-16.94],[11.04,-16.78],[11.02,-16.58],[11.3,-16.37],[11.3,-16.03],[11.21,-15.89],[11.2,-15.72],[11.33,-15.43],[11.42,-15.36],[11.47,-15.24],[11.61,-15.16],[11.45,-15.07],[11.47,-14.95],[11.54,-14.86],[11.69,-14.86],[11.96,-14.65],[11.98,-14.5],[12.05,-14.38],[11.99,-13.99],[12.0,-13.85],[12.14,-13.68],[12.14,-13.54],[12.31,-13.34],[12.31,-13.2],[12.36,-13.07],[12.39,-12.81],[12.36,-12.56],[12.2,-12.66],[12.11,-12.66],[12.02,-12.58],[11.98,-12.46],[12.31,-12.19],[12.33,-12.06],[12.26,-12.02],[12.23,-11.94],[12.32,-11.81],[12.36,-11.69],[12.48,-11.64],[12.5,-11.47],[12.29,-11.21],[12.08,-11.2],[12.02,-11.16],[12.01,-11.09],[12.06,-10.92],[12.05,-10.85],[11.9,-10.88],[11.86,-10.86],[11.88,-10.68],[11.81,-10.61],[11.71,-10.22],[11.73,-10.15],[11.84,-10.01],[11.76,-9.86],[11.81,-9.74],[11.76,-9.7],[11.76,-9.61],[11.83,-9.57],[11.93,-9.62],[11.82,-9.36],[11.84,-9.28],[11.98,-9.12],[11.89,-8.98],[11.97,-8.91],[12.07,-8.94],[12.07,-8.82],[12.11,-8.69],[11.86,-8.71],[11.83,-8.52],[11.88,-8.47],[11.86,-8.28],[11.69,-8.09],[11.5,-8.1],[11.5,-7.93],[11.37,-7.69],[11.11,-7.44],[10.98,-7.45],[10.97,-7.25],[10.9,-7.18],[10.7,-6.71],[10.67,-6.51],[10.8,-6.3],[10.72,-6.39],[10.67,-6.42],[10.59,-6.31],[10.59,-6.21],[10.7,-5.93],[10.68,-5.66],[10.59,-5.48],[10.58,-5.4],[10.73,-5.26],[10.66,-5.02],[10.75,-4.84],[10.54,-4.51],[10.01,-4.2],[9.79,-3.94],[9.65,-3.86],[9.55,-3.72],[9.36,-3.67],[9.29,-3.55],[8.83,-3.31],[8.76,-3.12],[8.57,-2.98],[8.52,-2.83],[8.43,-2.76],[8.39,-2.49],[8.4,-2.38],[8.47,-2.21],[8.27,-1.93],[8.26,-1.8],[7.97,-1.32],[7.94,-0.77],[8.16,-0.39],[8.14,-0.06],[8.26,0.1],[8.3,0.34],[8.4,0.43],[8.47,0.58],[8.47,0.79],[8.62,0.96],[8.44,1.06],[8.4,1.13],[8.4,1.27],[8.44,1.45],[8.49,1.49],[8.64,1.51],[8.78,1.81],[8.62,2.06],[8.62,2.59],[8.5,2.67],[8.38,2.69],[8.38,2.52],[8.34,2.42],[8.29,2.4],[8.09,2.42],[7.92,2.69],[7.86,2.91],[7.76,2.83],[7.66,2.88],[7.54,2.88],[7.42,2.93],[7.17,2.78],[7.03,2.74],[6.77,2.76],[6.67,2.74],[6.57,2.8],[6.26,2.71],[6.18,2.73],[6.07,2.95],[5.88,3.0],[5.78,3.1],[5.71,3.12],[5.69,3.19],[5.5,3.24],[5.45,3.31],[5.35,3.34],[5.26,3.48],[5.09,3.53],[4.94,3.67],[4.84,3.68],[4.49,3.86],[4.46,4.02],[4.37,4.08],[4.32,4.18],[4.1,4.34],[4.04,4.51],[4.02,4.77],[3.77,5.06],[3.65,5.09],[3.65,5.18],[3.49,5.28],[3.45,5.44],[3.34,5.52],[3.34,5.68],[3.47,5.86],[3.49,5.9],[3.46,5.92],[3.13,6.0],[2.99,5.97],[2.71,5.83],[2.54,5.88],[1.92,5.93],[1.7,5.86],[1.54,5.74],[1.4,5.72],[1.33,5.67],[1.12,5.43],[0.96,5.34],[0.66,5.31],[0.43,5.38],[0.36,5.3],[0.24,5.28],[0.07,5.11],[-0.07,5.09],[-0.88,4.38],[-1.3,4.19],[-2.02,3.98],[-2.16,4.01],[-2.28,3.92],[-2.5,3.87],[-2.63,3.91],[-2.75,4.23],[-2.9,4.28],[-3.0,4.37],[-3.36,4.42],[-3.41,4.56],[-3.59,4.49],[-3.7,4.58],[-3.79,4.61],[-3.84,4.68],[-3.98,4.68],[-4.25,4.82],[-4.42,4.8],[-4.63,4.82],[-4.71,4.77],[-4.87,4.78],[-5.25,4.63],[-5.87,4.56],[-6.0,4.51],[-6.14,4.51],[-6.38,4.37],[-6.5,4.37],[-6.62,4.3],[-6.77,4.28],[-7.08,4.12],[-7.18,4.1],[-7.22,3.96],[-7.31,3.91],[-7.4,3.92],[-7.49,4.04],[-7.54,4.06],[-7.7,4.03],[-7.87,3.94],[-8.18,3.94],[-8.35,4.18],[-8.47,4.24],[-8.69,4.18],[-8.88,4.2],[-8.99,4.14],[-9.58,4.1],[-9.76,4.37],[-9.82,4.66],[-9.96,4.73],[-9.96,4.85],[-10.11,4.97],[-10.2,5.16],[-10.34,5.28],[-10.58,5.33],[-10.58,5.47],[-10.7,5.52],[-10.75,5.64],[-10.87,5.69],[-10.94,5.81],[-11.11,5.83],[-11.33,6.14],[-11.57,6.36],[-11.66,6.38],[-11.71,6.46],[-11.92,6.49],[-12.2,6.69],[-12.24,6.74],[-12.29,6.91],[-12.39,6.95],[-12.84,6.98],[-12.91,7.03],[-13.03,7.03],[-13.2,7.13],[-13.37,7.1],[-13.53,7.19],[-13.62,7.13],[-13.7,7.14],[-13.87,7.25],[-13.93,7.43],[-14.09,7.49],[-14.21,7.63],[-14.34,7.64],[-14.36,7.69],[-14.33,7.82],[-14.48,8.08],[-14.52,8.29],[-14.67,8.5],[-14.92,8.73],[-15.12,8.76],[-15.19,8.82],[-15.67,9.0],[-15.91,8.98],[-16.06,9.02],[-16.13,8.98],[-16.27,8.98],[-16.38,8.93],[-16.56,8.93],[-16.68,8.98],[-16.82,8.93],[-17.09,9.02],[-17.26,9.17],[-17.47,9.2],[-17.81,9.53],[-17.92,9.75],[-17.88,10.27],[-17.93,10.49],[-17.71,10.74],[-17.66,10.92],[-17.61,10.95],[-17.54,11.16],[-17.59,11.33],[-17.59,11.59],[-17.66,11.78],[-17.62,11.9],[-17.68,12.0],[-17.62,12.22],[-17.85,12.53],[-17.83,12.7],[-51.55,6.19],[-51.43,6.07],[-51.26,6.02],[-51.24,5.98],[-51.17,5.95],[-50.9,5.71],[-50.76,5.69],[-50.64,5.57],[-50.45,5.48],[-50.13,5.15],[-50.09,5.04],[-49.85,4.73],[-49.68,4.75],[-49.19,4.63],[-49.05,4.67],[-48.81,4.69],[-48.58,4.66],[-48.43,4.54],[-48.31,4.54],[-48.26,4.44],[-48.1,4.44],[-47.78,4.1],[-47.71,3.91],[-47.68,3.91],[-47.58,4.03],[-47.5,4.02],[-47.41,3.89],[-47.3,3.62],[-47.21,3.6],[-47.16,3.55],[-47.02,3.14],[-46.97,2.71],[-47.04,2.57],[-47.05,2.46],[-46.92,2.18],[-46.66,2.09],[-46.63,1.92],[-46.49,1.8],[-46.42,1.63],[-46.08,1.34],[-46.02,1.19],[-45.35,0.75],[-45.19,0.78],[-45.14,0.76],[-45.07,0.62],[-44.9,0.5],[-44.81,0.5],[-44.3,0.22],[-44.13,0.21],[-44.06,0.12],[-44.06,-0.06],[-43.7,-0.36],[-43.66,-0.48],[-43.42,-0.77],[-43.37,-0.89],[-43.01,-1.27],[-42.94,-1.42],[-42.73,-1.62],[-42.58,-1.7],[-42.48,-1.8],[-41.9,-1.92],[-41.5,-1.92],[-41.35,-1.99],[-40.9,-1.78],[-40.63,-1.97],[-40.33,-1.94],[-39.58,-2.06],[-39.43,-2.16],[-39.22,-2.23],[-38.95,-2.45],[-38.86,-2.61],[-38.74,-2.64],[-38.69,-2.74],[-38.47,-2.83],[-38.42,-2.9],[-38.26,-2.95],[-37.83,-3.27],[-37.79,-3.25],[-37.76,-3.12],[-37.82,-2.98],[-37.82,-2.91],[-37.78,-2.85],[-37.68,-2.84],[-37.61,-3.0],[-37.42,-3.02],[-37.32,-3.1],[-37.32,-3.24],[-37.2,-3.34],[-37.18,-3.44],[-37.22,-3.55],[-37.34,-3.62],[-37.34,-3.66],[-37.11,-3.83],[-36.87,-4.08],[-36.77,-4.27],[-36.58,-4.37],[-36.41,-4.34],[-35.93,-4.63],[-35.76,-4.56],[-35.57,-4.54],[-35.42,-4.56],[-35.26,-4.51],[-35.14,-4.53],[-34.85,-4.66],[-34.65,-5.0],[-34.61,-5.21],[-34.68,-5.28],[-34.81,-5.52],[-34.8,-5.81],[-34.7,-5.86],[-34.65,-5.94],[-34.56,-5.88],[-34.49,-5.93],[-34.5,-6.03],[-34.54,-6.06],[-34.6,-6.05],[-34.65,-6.15],[-34.49,-6.62],[-34.34,-6.79],[-34.37,-6.93],[-34.32,-7.15],[-34.32,-7.26],[-34.25,-7.39],[-34.25,-7.54],[-34.18,-7.73],[-33.82,-8.14],[-33.85,-8.53],[-33.96,-8.57],[-34.22,-8.5],[-34.28,-8.78],[-34.35,-8.88],[-34.47,-8.9],[-34.59,-8.85],[-34.67,-9.37],[-34.87,-9.45],[-35.04,-9.64],[-35.21,-9.77],[-35.28,-10.01],[-35.51,-10.07],[-35.61,-10.13],[-35.67,-10.22],[-35.66,-10.34],[-35.75,-10.42],[-35.81,-10.61],[-35.93,-10.76],[-36.07,-10.9],[-36.29,-11.02],[-36.31,-11.06],[-36.5,-11.16],[-36.57,-11.31],[-36.72,-11.3],[-36.72,-11.35],[-36.84,-11.42],[-36.93,-11.63],[-37.03,-11.73],[-37.03,-12.0],[-37.24,-12.07],[-37.42,-12.36],[-37.8,-12.67],[-37.82,-12.84],[-38.14,-13.13],[-38.17,-13.22],[-38.13,-13.51],[-38.15,-13.59],[-38.35,-13.73],[-38.47,-13.61],[-38.58,-13.83],[-38.52,-14.06],[-38.5,-14.52],[-38.57,-14.69],[-38.54,-14.93],[-38.45,-15.07],[-38.45,-15.22],[-38.35,-15.34],[-38.38,-15.65],[-38.18,-15.77],[-38.09,-15.7],[-37.93,-15.68],[-37.78,-15.97],[-37.8,-16.15],[-37.69,-16.35],[-37.7,-16.42],[-37.75,-16.45],[-37.98,-16.41],[-38.29,-16.47],[-38.28,-16.7],[-38.41,-16.88],[-38.42,-16.94],[-38.38,-17.01],[-38.18,-17.06],[-38.14,-17.16],[-38.0,-17.21],[-37.9,-17.42],[-37.63,-17.57],[-37.44,-17.51],[-37.37,-17.52],[-37.35,-17.64],[-37.17,-17.76],[-37.11,-17.93],[-37.12,-18.04],[-37.18,-18.14],[-37.53,-18.28],[-37.65,-18.42],[-37.69,-18.52],[-37.73,-19.15],[-37.85,-19.41],[-37.84,-19.47],[-37.73,-19.63],[-37.67,-19.63],[-37.5,-19.55],[-37.41,-19.6],[-37.4,-19.7],[-37.45,-19.92],[-37.34,-20.06],[-37.33,-20.17],[-37.36,-20.29],[-37.31,-20.35],[-36.98,-20.23],[-36.82,-20.26],[-36.74,-20.19],[-36.54,-20.18],[-36.31,-20.22],[-36.26,-20.21],[-36.26,-20.11],[-36.22,-20.04],[-36.12,-20.03],[-36.04,-20.09],[-36.1,-20.23],[-36.08,-20.27],[-35.81,-20.28],[-35.71,-20.33],[-35.57,-20.54],[-35.42,-20.54],[-35.32,-20.58],[-35.22,-20.66],[-35.21,-20.74],[-35.32,-20.84],[-35.54,-20.84],[-35.59,-20.82],[-35.66,-20.69],[-35.92,-20.7],[-36.33,-20.5],[-36.46,-20.49],[-36.68,-20.58],[-36.77,-20.57],[-36.84,-20.42],[-37.05,-20.55],[-37.06,-20.64],[-37.1,-20.69],[-37.33,-20.72],[-37.56,-20.89],[-37.9,-20.96],[-37.97,-20.92],[-38.02,-20.78],[-38.14,-20.76],[-38.21,-20.69],[-38.26,-20.28],[-38.52,-20.3],[-38.66,-20.38],[-38.93,-20.23],[-39.07,-20.28],[-39.22,-20.26],[-39.34,-20.43],[-39.36,-20.69],[-39.5,-20.76],[-39.48,-21.09],[-39.5,-21.17],[-39.46,-21.29],[-39.48,-21.43],[-39.43,-21.6],[-39.47,-21.68],[-39.62,-21.82],[-39.6,-22.1],[-39.65,-22.25],[-39.62,-22.37],[-39.7,-22.49],[-40.06,-22.82],[-40.15,-22.88],[-35.47,-25.31],[-2.93,-25.07],[6.84,-28.65],[13.65,-27.99]],[[-21.26,9.18],[-21.34,9.19],[-21.4,9.25],[-21.41,9.31],[-21.36,9.37],[-21.28,9.36],[-21.22,9.3],[-21.21,9.23],[-21.26,9.18]],[[-20.14,9.01],[-20.25,8.93],[-20.38,8.96],[-20.4,9.04],[-20.37,9.12],[-20.26,9.19],[-20.19,9.18],[-20.15,9.14],[-20.14,9.01]],[[-19.64,9.0],[-19.7,8.93],[-19.81,8.9],[-19.91,8.91],[-19.96,8.97],[-19.94,9.01],[-19.79,9.07],[-19.67,9.06],[-19.64,9.0]],[[-18.37,8.86],[-18.43,8.9],[-18.41,8.98],[-18.34,9.02],[-18.24,8.99],[-18.21,8.93],[-18.24,8.87],[-18.37,8.86]],[[-20.04,8.67],[-20.13,8.64],[-20.2,8.71],[-20.17,8.83],[-20.08,8.88],[-20.03,8.8],[-20.04,8.67]],[[-16.93,8.7],[-16.98,8.76],[-16.94,8.81],[-16.88,8.84],[-16.81,8.82],[-16.8,8.71],[-16.93,8.7]],[[-20.99,9.16],[-20.88,9.1],[-20.86,9.06],[-20.88,9.0],[-21.19,8.97],[-21.28,9.02],[-21.22,9.17],[-20.99,9.16]],[[-21.12,7.89],[-21.26,7.99],[-21.19,8.11],[-21.02,8.04],[-20.96,7.97],[-20.98,7.9],[-21.12,7.89]],[[-20.89,7.59],[-20.97,7.57],[-21.02,7.68],[-21.18,7.66],[-21.18,7.79],[-21.13,7.8],[-21.05,7.78],[-20.95,7.87],[-20.69,7.92],[-20.64,7.84],[-20.66,7.74],[-20.71,7.7],[-20.81,7.7],[-20.89,7.59]],[[-21.74,7.8],[-21.86,7.81],[-21.88,7.89],[-21.77,7.94],[-21.74,7.8]],[[-22.13,7.41],[-22.17,7.27],[-22.27,7.27],[-22.3,7.37],[-22.28,7.42],[-22.19,7.46],[-22.13,7.41]],[[-21.25,7.41],[-21.27,7.29],[-21.34,7.24],[-21.38,7.25],[-21.4,7.4],[-21.25,7.41]],[[-23.01,6.92],[-23.06,6.96],[-23.06,7.02],[-22.93,7.1],[-22.71,6.98],[-22.68,6.93],[-22.74,6.89],[-23.01,6.92]],[[-21.94,7.06],[-21.74,6.98],[-21.47,7.03],[-21.36,6.98],[-21.34,6.91],[-21.39,6.85],[-21.54,6.78],[-22.32,6.81],[-22.44,6.95],[-22.39,7.03],[-21.94,7.06]],[[-23.23,6.77],[-23.29,6.73],[-23.37,6.76],[-23.42,6.82],[-23.41,6.9],[-23.38,6.94],[-23.3,6.94],[-23.24,6.89],[-23.23,6.77]],[[-23.11,6.31],[-23.16,6.39],[-23.11,6.48],[-22.94,6.52],[-22.82,6.47],[-22.8,6.41],[-22.82,6.37],[-23.11,6.31]],[[-22.73,6.33],[-22.68,6.41],[-22.57,6.43],[-22.51,6.37],[-22.49,6.28],[-22.54,6.2],[-22.63,6.2],[-22.7,6.25],[-22.73,6.33]],[[-24.76,6.19],[-24.83,6.12],[-24.89,6.12],[-24.93,6.15],[-24.95,6.23],[-24.89,6.31],[-24.81,6.34],[-24.74,6.29],[-24.76,6.19]],[[-23.17,6.07],[-23.14,6.05],[-23.13,5.95],[-23.25,5.94],[-23.29,6.0],[-23.24,6.06],[-23.17,6.07]],[[-26.87,5.74],[-26.78,5.66],[-26.79,5.61],[-26.86,5.57],[-26.95,5.59],[-26.99,5.67],[-26.96,5.73],[-26.87,5.74]],[[-21.45,5.15],[-21.41,5.11],[-21.4,5.04],[-21.43,4.99],[-21.49,4.99],[-21.55,5.02],[-21.57,5.08],[-21.53,5.14],[-21.45,5.15]],[[-2.49,3.66],[-2.54,3.65],[-2.56,3.68],[-2.52,3.8],[-2.43,3.84],[-2.35,3.79],[-2.35,3.84],[-2.26,3.86],[-2.25,3.82],[-2.3,3.76],[-2.49,3.66]],[[-31.72,3.8],[-31.7,3.74],[-31.73,3.7],[-31.85,3.72],[-31.89,3.77],[-31.8,3.87],[-31.75,3.86],[-31.72,3.8]],[[-31.12,2.97],[-31.06,2.86],[-31.1,2.8],[-31.18,2.83],[-31.2,2.89],[-31.18,2.95],[-31.12,2.97]],[[-30.88,2.37],[-31.0,2.44],[-30.96,2.52],[-30.88,2.55],[-30.81,2.52],[-30.79,2.47],[-30.8,2.42],[-30.88,2.37]],[[-28.64,2.37],[-28.61,2.25],[-28.69,2.23],[-28.74,2.28],[-28.74,2.33],[-28.69,2.38],[-28.64,2.37]],[[-30.7,1.93],[-30.75,1.75],[-30.79,1.72],[-30.84,1.73],[-30.86,1.81],[-30.83,1.95],[-30.75,2.0],[-30.7,1.93]],[[7.22,1.01],[7.12,1.07],[7.01,1.37],[6.99,1.52],[7.03,1.68],[7.23,1.91],[7.6,1.94],[7.71,1.86],[7.84,1.62],[7.75,1.27],[7.62,1.13],[7.48,1.04],[7.22,1.01]],[[-29.6,0.76],[-29.7,0.78],[-29.73,0.86],[-29.55,0.91],[-29.42,1.01],[-29.27,1.04],[-29.23,1.01],[-29.22,0.93],[-29.3,0.79],[-29.6,0.76]],[[-39.81,0.39],[-39.94,0.41],[-39.98,0.48],[-39.92,0.75],[-39.82,0.8],[-39.76,0.78],[-39.73,0.63],[-39.81,0.39]],[[-16.09,0.67],[-16.06,0.72],[-15.8,0.75],[-15.72,0.67],[-15.79,0.59],[-15.93,0.57],[-16.05,0.59],[-16.09,0.67]],[[-16.29,0.66],[-16.2,0.6],[-16.26,0.5],[-16.39,0.48],[-16.5,0.55],[-16.51,0.6],[-16.46,0.64],[-16.29,0.66]],[[6.44,-0.11],[6.38,-0.06],[6.32,0.11],[6.34,0.36],[6.6,0.55],[6.74,0.56],[6.86,0.51],[6.98,0.34],[6.91,0.17],[6.79,0.02],[6.66,-0.08],[6.51,-0.13],[6.44,-0.11]],[[5.77,-0.34],[5.64,-0.35],[5.45,-0.26],[5.3,-0.24],[5.22,-0.14],[5.21,-0.05],[5.25,-0.01],[5.64,-0.03],[6.11,-0.19],[6.12,-0.25],[6.09,-0.28],[6.02,-0.29],[5.93,-0.24],[5.77,-0.34]],[[-24.95,-0.05],[-24.91,-0.18],[-24.97,-0.23],[-25.03,-0.22],[-25.06,-0.16],[-25.05,-0.09],[-24.98,-0.04],[-24.95,-0.05]],[[-41.06,0.18],[-41.11,0.1],[-41.22,0.09],[-41.29,0.16],[-41.3,0.26],[-41.27,0.3],[-41.13,0.37],[-41.07,0.31],[-41.06,0.18]],[[-17.69,0.37],[-17.66,0.43],[-17.48,0.44],[-17.43,0.39],[-17.56,0.31],[-17.67,0.33],[-17.69,0.37]],[[-16.7,0.63],[-16.65,0.57],[-16.69,0.51],[-17.0,0.38],[-17.33,0.36],[-17.4,0.41],[-17.41,0.46],[-17.33,0.53],[-17.02,0.55],[-16.7,0.63]],[[-40.82,0.34],[-40.78,0.31],[-40.79,0.21],[-40.86,0.18],[-40.97,0.22],[-40.96,0.27],[-40.82,0.34]],[[-39.03,1.29],[-39.14,1.25],[-39.23,1.26],[-39.25,1.3],[-39.18,1.37],[-39.06,1.4],[-39.02,1.34],[-39.03,1.29]],[[-26.66,1.32],[-26.7,1.39],[-26.67,1.46],[-26.58,1.52],[-26.54,1.5],[-26.52,1.35],[-26.6,1.3],[-26.66,1.32]],[[-24.97,1.42],[-25.05,1.49],[-25.0,1.56],[-24.82,1.57],[-24.72,1.61],[-24.67,1.58],[-24.66,1.49],[-24.97,1.42]],[[-25.51,1.57],[-25.59,1.54],[-25.7,1.55],[-25.83,1.59],[-25.85,1.65],[-25.75,1.69],[-25.56,1.66],[-25.5,1.62],[-25.51,1.57]],[[-24.36,1.43],[-24.35,1.5],[-24.31,1.55],[-24.21,1.56],[-24.16,1.52],[-24.16,1.43],[-24.22,1.37],[-24.31,1.37],[-24.36,1.43]],[[-42.35,-0.59],[-42.44,-0.59],[-42.51,-0.53],[-42.5,-0.44],[-42.43,-0.38],[-42.39,-0.38],[-42.32,-0.46],[-42.32,-0.55],[-42.35,-0.59]],[[-39.24,-0.55],[-39.24,-0.48],[-39.17,-0.45],[-39.1,-0.49],[-39.04,-0.62],[-39.05,-0.65],[-39.11,-0.66],[-39.24,-0.55]],[[2.12,-0.66],[2.08,-0.6],[2.11,-0.55],[2.18,-0.52],[2.26,-0.55],[2.26,-0.65],[2.12,-0.66]],[[-42.0,-0.7],[-42.02,-0.81],[-42.11,-0.84],[-42.23,-0.77],[-42.26,-0.69],[-42.22,-0.6],[-42.1,-0.56],[-42.05,-0.59],[-42.0,-0.7]],[[-24.9,-0.7],[-24.87,-0.83],[-24.93,-0.88],[-24.98,-0.86],[-25.01,-0.81],[-25.0,-0.74],[-24.94,-0.69],[-24.9,-0.7]],[[1.86,-1.0],[1.92,-1.03],[1.92,-1.13],[1.83,-1.15],[1.75,-1.12],[1.78,-1.03],[1.86,-1.0]],[[-38.06,-1.78],[-38.15,-1.77],[-38.22,-1.68],[-38.25,-1.56],[-38.37,-1.32],[-38.37,-1.26],[-38.26,-1.24],[-38.19,-1.27],[-38.06,-1.44],[-38.0,-1.65],[-38.01,-1.73],[-38.06,-1.78]],[[-37.77,-1.38],[-37.81,-1.32],[-37.78,-1.27],[-37.69,-1.27],[-37.65,-1.35],[-37.66,-1.38],[-37.77,-1.38]],[[5.71,-1.25],[5.81,-1.32],[5.82,-1.46],[5.74,-1.58],[5.6,-1.6],[5.52,-1.53],[5.51,-1.41],[5.56,-1.31],[5.71,-1.25]],[[-15.72,-1.26],[-15.67,-1.3],[-15.67,-1.39],[-15.78,-1.41],[-15.83,-1.35],[-15.82,-1.3],[-15.72,-1.26]],[[-37.21,-1.77],[-37.18,-1.66],[-37.12,-1.62],[-37.03,-1.65],[-37.0,-1.76],[-37.04,-1.87],[-37.08,-1.9],[-37.16,-1.88],[-37.21,-1.77]],[[-37.84,-2.03],[-37.94,-1.94],[-37.92,-1.83],[-37.83,-1.77],[-37.7,-1.8],[-37.64,-1.86],[-37.65,-1.96],[-37.73,-2.02],[-37.84,-2.03]],[[6.29,-2.03],[6.33,-1.97],[6.52,-2.01],[6.54,-2.07],[6.51,-2.18],[6.44,-2.22],[6.35,-2.19],[6.29,-2.12],[6.29,-2.03]],[[4.98,-2.18],[5.02,-2.21],[5.0,-2.43],[4.96,-2.45],[4.82,-2.4],[4.75,-2.32],[4.74,-2.27],[4.79,-2.19],[4.98,-2.18]],[[3.47,-2.35],[3.52,-2.43],[3.51,-2.46],[3.43,-2.49],[3.35,-2.46],[3.38,-2.38],[3.47,-2.35]],[[-12.41,-2.4],[-12.39,-2.44],[-12.44,-2.5],[-12.53,-2.52],[-12.59,-2.48],[-12.58,-2.4],[-12.41,-2.4]],[[-38.28,-2.54],[-38.36,-2.53],[-38.38,-2.38],[-38.47,-2.18],[-38.44,-2.04],[-38.29,-1.97],[-38.2,-1.99],[-38.16,-2.04],[-38.14,-2.45],[-38.28,-2.54]],[[-38.67,-1.28],[-38.58,-1.36],[-38.52,-1.56],[-38.55,-1.71],[-38.62,-1.77],[-38.72,-1.73],[-38.83,-1.49],[-38.8,-1.33],[-38.67,-1.28]],[[0.75,-3.11],[0.63,-3.08],[0.61,-3.03],[0.65,-2.95],[0.87,-2.88],[0.93,-3.0],[0.89,-3.06],[0.75,-3.11]],[[1.82,-3.14],[1.89,-3.11],[1.95,-3.13],[1.98,-3.22],[1.96,-3.26],[1.82,-3.27],[1.79,-3.2],[1.82,-3.14]],[[1.58,-3.19],[1.61,-3.28],[1.6,-3.39],[1.57,-3.44],[1.49,-3.45],[1.45,-3.39],[1.45,-3.25],[1.49,-3.19],[1.58,-3.19]],[[0.06,-3.38],[0.08,-3.46],[0.02,-3.52],[-0.05,-3.54],[-0.06,-3.42],[0.06,-3.38]],[[3.42,-3.54],[3.51,-3.54],[3.56,-3.58],[3.58,-3.65],[3.52,-3.74],[3.41,-3.73],[3.34,-3.65],[3.34,-3.6],[3.42,-3.54]],[[-12.23,-3.74],[-12.16,-3.8],[-12.19,-3.87],[-12.25,-3.88],[-12.31,-3.85],[-12.32,-3.78],[-12.29,-3.74],[-12.23,-3.74]],[[-32.24,-3.77],[-32.25,-3.89],[-32.33,-3.98],[-32.66,-4.0],[-32.73,-3.92],[-32.7,-3.8],[-32.56,-3.77],[-32.42,-3.68],[-32.3,-3.68],[-32.24,-3.77]],[[-33.56,-3.91],[-33.66,-3.99],[-33.79,-4.0],[-33.94,-3.91],[-33.99,-3.79],[-33.96,-3.74],[-33.85,-3.68],[-33.65,-3.68],[-33.54,-3.78],[-33.56,-3.91]],[[-35.41,-4.13],[-35.53,-4.08],[-35.56,-3.99],[-35.47,-3.89],[-35.44,-3.7],[-35.35,-3.64],[-35.24,-3.63],[-35.18,-3.67],[-35.15,-3.78],[-35.18,-4.05],[-35.23,-4.13],[-35.41,-4.13]],[[-35.69,-4.15],[-35.86,-4.26],[-36.07,-4.21],[-36.22,-4.06],[-36.35,-4.01],[-36.34,-3.84],[-36.27,-3.8],[-36.13,-3.86],[-36.06,-3.86],[-35.93,-3.72],[-35.71,-3.7],[-35.66,-3.99],[-35.69,-4.15]],[[-33.14,-4.37],[-33.23,-4.37],[-33.3,-4.32],[-33.34,-4.25],[-33.29,-4.18],[-33.18,-4.15],[-33.11,-4.21],[-33.09,-4.3],[-33.14,-4.37]],[[-2.64,-4.18],[-2.59,-4.2],[-2.6,-4.27],[-2.67,-4.32],[-2.74,-4.32],[-2.75,-4.21],[-2.64,-4.18]],[[4.47,-4.31],[4.46,-4.25],[4.49,-4.19],[4.55,-4.19],[4.6,-4.24],[4.61,-4.3],[4.57,-4.35],[4.47,-4.31]],[[-36.63,-3.64],[-36.69,-3.69],[-36.76,-3.68],[-36.79,-3.63],[-36.78,-3.54],[-36.72,-3.49],[-36.65,-3.5],[-36.61,-3.57],[-36.63,-3.64]],[[-35.06,-3.6],[-35.15,-3.53],[-35.17,-3.42],[-35.11,-3.36],[-34.97,-3.34],[-34.93,-3.37],[-34.89,-3.51],[-34.95,-3.59],[-35.06,-3.6]],[[-36.52,-3.36],[-36.57,-3.4],[-36.66,-3.4],[-36.7,-3.33],[-36.68,-3.22],[-36.6,-3.17],[-36.52,-3.17],[-36.47,-3.26],[-36.52,-3.36]],[[-33.3,-3.85],[-33.34,-3.79],[-33.31,-3.69],[-33.15,-3.63],[-33.07,-3.65],[-33.04,-3.72],[-33.1,-3.8],[-33.2,-3.86],[-33.3,-3.85]],[[-34.66,-3.7],[-34.6,-3.74],[-34.58,-3.85],[-34.66,-3.93],[-34.78,-3.94],[-34.83,-3.86],[-34.82,-3.77],[-34.75,-3.7],[-34.66,-3.7]],[[3.59,-4.66],[3.5,-4.57],[3.53,-4.51],[3.61,-4.48],[3.66,-4.52],[3.68,-4.6],[3.65,-4.66],[3.59,-4.66]],[[-12.17,-4.8],[-12.23,-4.83],[-12.32,-4.76],[-12.34,-4.62],[-12.28,-4.56],[-12.19,-4.65],[-12.17,-4.8]],[[1.31,-4.8],[1.34,-4.82],[1.35,-4.91],[1.24,-4.92],[1.2,-4.86],[1.24,-4.81],[1.31,-4.8]],[[-11.68,-5.19],[-11.75,-5.16],[-11.78,-5.11],[-11.71,-5.03],[-11.63,-5.05],[-11.6,-5.1],[-11.62,-5.16],[-11.68,-5.19]],[[4.66,-5.18],[4.74,-5.17],[4.77,-5.2],[4.77,-5.29],[4.74,-5.31],[4.66,-5.31],[4.61,-5.26],[4.66,-5.18]],[[2.51,-5.4],[2.44,-5.35],[2.43,-5.28],[2.48,-5.21],[2.6,-5.19],[2.67,-5.25],[2.67,-5.34],[2.58,-5.41],[2.51,-5.4]],[[1.68,-5.51],[1.58,-5.42],[1.6,-5.36],[1.68,-5.3],[1.82,-5.28],[1.93,-5.35],[1.91,-5.48],[1.85,-5.52],[1.68,-5.51]],[[1.12,-5.57],[1.06,-5.38],[1.15,-5.34],[1.22,-5.36],[1.29,-5.41],[1.4,-5.57],[1.43,-5.73],[1.39,-5.78],[1.33,-5.8],[1.28,-5.76],[1.12,-5.57]],[[3.23,-5.61],[3.32,-5.64],[3.33,-5.77],[3.22,-5.84],[3.1,-5.84],[3.07,-5.78],[3.1,-5.66],[3.23,-5.61]],[[-11.64,-5.86],[-11.7,-5.84],[-11.74,-5.76],[-11.73,-5.69],[-11.67,-5.63],[-11.59,-5.66],[-11.56,-5.75],[-11.6,-5.84],[-11.64,-5.86]],[[-11.4,-5.69],[-11.42,-5.52],[-11.18,-5.46],[-11.18,-5.54],[-11.26,-5.57],[-11.32,-5.69],[-11.4,-5.69]],[[0.53,-5.63],[0.44,-5.55],[0.45,-5.45],[0.56,-5.38],[0.66,-5.4],[0.73,-5.47],[0.73,-5.57],[0.64,-5.65],[0.53,-5.63]],[[1.07,-6.19],[1.04,-6.13],[1.08,-6.02],[1.42,-5.9],[1.43,-5.97],[1.29,-6.18],[1.19,-6.22],[1.07,-6.19]],[[1.16,-6.68],[1.08,-6.58],[1.13,-6.36],[1.25,-6.22],[1.31,-6.22],[1.36,-6.26],[1.34,-6.48],[1.42,-6.71],[1.34,-6.77],[1.16,-6.68]],[[0.05,-6.81],[0.03,-6.9],[-0.02,-6.96],[-0.14,-6.89],[-0.14,-6.81],[-0.09,-6.75],[0.02,-6.74],[0.05,-6.81]],[[-0.26,-6.78],[-0.32,-6.9],[-0.38,-6.93],[-0.5,-6.89],[-0.55,-6.8],[-0.51,-6.69],[-0.31,-6.59],[-0.26,-6.65],[-0.26,-6.78]],[[0.41,-6.22],[0.46,-6.29],[0.46,-6.34],[0.36,-6.47],[0.05,-6.59],[-0.05,-6.55],[-0.06,-6.51],[-0.02,-6.42],[0.2,-6.22],[0.32,-6.2],[0.41,-6.22]],[[-34.14,-6.29],[-34.09,-6.44],[-34.15,-6.51],[-34.22,-6.48],[-34.24,-6.38],[-34.18,-6.29],[-34.14,-6.29]],[[-11.41,-6.21],[-11.42,-6.26],[-11.51,-6.28],[-11.57,-6.21],[-11.57,-6.14],[-11.49,-6.12],[-11.41,-6.21]],[[-13.25,-7.6],[-13.32,-7.6],[-13.37,-7.56],[-13.36,-7.49],[-13.3,-7.43],[-13.26,-7.43],[-13.22,-7.48],[-13.25,-7.6]],[[0.94,-7.58],[0.99,-7.55],[1.03,-7.63],[1.02,-7.71],[0.98,-7.78],[0.92,-7.71],[0.94,-7.58]],[[-13.55,-8.01],[-13.66,-7.94],[-13.68,-7.85],[-13.66,-7.75],[-13.58,-7.7],[-13.51,-7.75],[-13.46,-7.96],[-13.48,-8.0],[-13.55,-8.01]],[[-14.26,-8.12],[-14.4,-8.15],[-14.54,-8.07],[-14.58,-7.97],[-14.55,-7.84],[-14.5,-7.78],[-14.35,-7.73],[-14.21,-7.81],[-14.16,-7.97],[-14.26,-8.12]],[[0.83,-7.99],[0.85,-7.9],[0.91,-7.85],[1.03,-7.85],[1.08,-7.9],[1.08,-7.98],[1.01,-8.05],[0.89,-8.06],[0.83,-7.99]],[[0.04,-7.76],[-0.03,-7.67],[-0.0,-7.61],[0.06,-7.59],[0.12,-7.7],[0.1,-7.75],[0.04,-7.76]],[[1.49,-8.41],[1.54,-8.31],[1.61,-8.33],[1.64,-8.39],[1.55,-8.47],[1.49,-8.41]],[[0.77,-8.41],[0.81,-8.44],[0.81,-8.52],[0.75,-8.57],[0.67,-8.55],[0.66,-8.47],[0.7,-8.42],[0.77,-8.41]],[[-16.95,-8.57],[-17.07,-8.56],[-17.15,-8.47],[-17.15,-8.42],[-17.08,-8.33],[-16.96,-8.33],[-16.89,-8.38],[-16.87,-8.47],[-16.95,-8.57]],[[-13.22,-9.0],[-13.28,-8.85],[-13.18,-8.83],[-13.1,-8.88],[-13.12,-8.62],[-13.06,-8.57],[-13.02,-8.58],[-12.96,-8.73],[-12.98,-8.9],[-13.06,-8.9],[-13.17,-8.99],[-13.22,-9.0]],[[-9.53,-8.9],[-9.59,-8.86],[-9.59,-8.8],[-9.49,-8.74],[-9.44,-8.79],[-9.44,-8.86],[-9.53,-8.9]],[[-13.75,-9.12],[-13.79,-9.06],[-13.78,-8.99],[-13.7,-8.91],[-13.66,-8.91],[-13.65,-9.06],[-13.71,-9.13],[-13.75,-9.12]],[[-13.07,-9.43],[-13.18,-9.22],[-13.28,-9.14],[-13.25,-9.08],[-13.2,-9.08],[-13.15,-9.14],[-13.06,-9.17],[-12.95,-9.34],[-12.96,-9.43],[-13.07,-9.43]],[[11.62,-9.41],[11.68,-9.36],[11.72,-9.37],[11.75,-9.41],[11.74,-9.54],[11.67,-9.63],[11.62,-9.62],[11.6,-9.59],[11.62,-9.41]],[[-11.99,-9.63],[-11.95,-9.66],[-11.92,-9.74],[-11.96,-9.82],[-12.11,-9.85],[-12.19,-9.8],[-12.19,-9.69],[-12.1,-9.64],[-11.99,-9.63]],[[0.35,-9.75],[0.42,-9.69],[0.55,-9.68],[0.61,-9.73],[0.61,-9.82],[0.5,-9.93],[0.38,-9.94],[0.31,-9.86],[0.35,-9.75]],[[-5.35,-9.79],[-5.29,-9.85],[-5.28,-9.94],[-5.33,-10.01],[-5.41,-10.01],[-5.48,-9.96],[-5.5,-9.89],[-5.45,-9.82],[-5.35,-9.79]],[[-13.31,-10.14],[-13.35,-10.19],[-13.42,-10.18],[-13.42,-10.03],[-13.41,-9.98],[-13.32,-9.98],[-13.32,-9.77],[-13.25,-9.77],[-13.35,-9.55],[-13.32,-9.5],[-13.27,-9.5],[-13.27,-9.38],[-13.2,-9.36],[-13.15,-9.38],[-13.01,-9.61],[-12.67,-9.65],[-12.66,-9.74],[-12.7,-9.84],[-12.74,-9.86],[-12.96,-9.77],[-13.03,-9.79],[-13.08,-9.87],[-13.18,-9.84],[-13.2,-10.01],[-13.27,-10.01],[-13.31,-10.14]],[[-0.41,-9.42],[-0.36,-9.46],[-0.36,-9.54],[-0.44,-9.57],[-0.51,-9.54],[-0.5,-9.46],[-0.41,-9.42]],[[-13.02,-10.11],[-12.98,-10.13],[-12.98,-10.28],[-13.04,-10.31],[-13.11,-10.26],[-13.12,-10.19],[-13.08,-10.13],[-13.02,-10.11]],[[-19.58,-9.14],[-19.65,-9.17],[-19.73,-9.16],[-19.78,-9.1],[-19.78,-9.07],[-19.72,-9.0],[-19.65,-9.0],[-19.58,-9.08],[-19.58,-9.14]],[[-12.91,-10.8],[-12.95,-10.75],[-12.92,-10.69],[-12.84,-10.64],[-12.81,-10.65],[-12.8,-10.77],[-12.86,-10.81],[-12.91,-10.8]],[[11.28,-10.94],[11.22,-10.96],[11.11,-10.89],[11.09,-10.81],[11.11,-10.78],[11.19,-10.75],[11.26,-10.8],[11.29,-10.87],[11.28,-10.94]],[[11.83,-11.17],[11.66,-11.04],[11.66,-10.94],[11.83,-10.94],[11.94,-11.02],[11.93,-11.14],[11.83,-11.17]],[[-0.32,-11.22],[-0.41,-11.27],[-0.5,-11.24],[-0.55,-11.17],[-0.54,-11.08],[-0.44,-11.01],[-0.35,-11.03],[-0.3,-11.12],[-0.32,-11.22]],[[-0.67,-11.02],[-0.59,-11.07],[-0.58,-11.14],[-0.6,-11.2],[-0.69,-11.24],[-0.79,-11.19],[-0.81,-11.09],[-0.74,-11.02],[-0.67,-11.02]],[[-13.15,-10.82],[-13.2,-10.86],[-13.28,-10.82],[-13.31,-10.73],[-13.27,-10.67],[-13.17,-10.71],[-13.15,-10.82]],[[-1.33,-11.54],[-1.37,-11.46],[-1.36,-11.37],[-1.23,-11.34],[-1.18,-11.4],[-1.18,-11.48],[-1.24,-11.54],[-1.33,-11.54]],[[-5.07,-11.55],[-5.09,-11.66],[-5.17,-11.72],[-5.28,-11.72],[-5.35,-11.65],[-5.36,-11.59],[-5.3,-11.49],[-5.15,-11.49],[-5.07,-11.55]],[[-31.96,-12.12],[-31.89,-12.2],[-31.9,-12.3],[-31.94,-12.34],[-32.04,-12.35],[-32.13,-12.26],[-32.13,-12.18],[-32.06,-12.11],[-31.96,-12.12]],[[-5.1,-12.63],[-5.19,-12.59],[-5.23,-12.52],[-5.22,-12.44],[-5.12,-12.39],[-4.98,-12.44],[-4.93,-12.54],[-4.98,-12.62],[-5.1,-12.63]],[[-5.64,-12.74],[-5.68,-12.67],[-5.63,-12.53],[-5.43,-12.49],[-5.33,-12.54],[-5.35,-12.62],[-5.54,-12.73],[-5.64,-12.74]],[[-2.71,-12.71],[-2.59,-12.65],[-2.5,-12.68],[-2.48,-12.78],[-2.51,-12.88],[-2.6,-12.93],[-2.69,-12.89],[-2.74,-12.81],[-2.71,-12.71]],[[-5.33,-12.77],[-5.23,-12.89],[-5.11,-12.94],[-5.09,-13.0],[-5.11,-13.05],[-5.19,-13.06],[-5.43,-12.96],[-5.45,-12.82],[-5.33,-12.77]],[[-6.3,-12.88],[-6.39,-12.84],[-6.36,-12.74],[-5.81,-12.62],[-5.76,-12.64],[-5.74,-12.72],[-5.59,-12.83],[-5.54,-12.94],[-5.59,-13.04],[-5.64,-13.08],[-5.83,-13.02],[-5.95,-13.11],[-6.03,-13.13],[-6.17,-13.09],[-6.3,-12.88]],[[-3.38,-13.07],[-3.32,-13.12],[-3.31,-13.22],[-3.34,-13.26],[-3.44,-13.26],[-3.52,-13.2],[-3.52,-13.15],[-3.45,-13.09],[-3.38,-13.07]],[[-7.05,-13.15],[-7.08,-13.2],[-7.14,-13.21],[-7.2,-13.17],[-7.22,-13.12],[-7.18,-13.06],[-7.1,-13.04],[-7.06,-13.08],[-7.05,-13.15]],[[-34.13,-13.06],[-34.18,-13.09],[-34.27,-13.05],[-34.29,-12.99],[-34.27,-12.94],[-34.23,-12.91],[-34.17,-12.92],[-34.13,-13.06]],[[-14.41,-12.96],[-14.46,-12.89],[-14.42,-12.84],[-14.34,-12.8],[-14.27,-12.82],[-14.24,-12.9],[-14.26,-12.94],[-14.41,-12.96]],[[-7.44,-13.68],[-7.38,-13.73],[-7.37,-13.82],[-7.4,-13.86],[-7.5,-13.86],[-7.58,-13.8],[-7.59,-13.76],[-7.53,-13.68],[-7.44,-13.68]],[[-29.54,-13.69],[-29.49,-13.75],[-29.5,-13.8],[-29.54,-13.83],[-29.61,-13.81],[-29.64,-13.74],[-29.59,-13.69],[-29.54,-13.69]],[[-13.88,-14.41],[-13.93,-14.38],[-13.93,-14.26],[-13.67,-14.22],[-13.64,-14.29],[-13.7,-14.38],[-13.88,-14.41]],[[-32.2,-14.44],[-32.23,-14.52],[-32.31,-14.52],[-32.45,-14.36],[-32.45,-14.3],[-32.42,-14.29],[-32.32,-14.31],[-32.2,-14.44]],[[-4.0,-14.97],[-4.05,-14.93],[-4.05,-14.84],[-4.01,-14.78],[-3.92,-14.77],[-3.87,-14.84],[-3.88,-14.93],[-3.91,-14.96],[-4.0,-14.97]],[[-13.18,-15.0],[-13.22,-15.07],[-13.29,-15.08],[-13.37,-15.01],[-13.38,-14.94],[-13.33,-14.87],[-13.29,-14.86],[-13.22,-14.91],[-13.18,-15.0]],[[-8.22,-15.11],[-8.19,-15.19],[-8.2,-15.26],[-8.27,-15.3],[-8.38,-15.26],[-8.4,-15.19],[-8.35,-15.12],[-8.3,-15.09],[-8.22,-15.11]],[[-6.83,-15.74],[-6.93,-15.81],[-7.04,-15.77],[-7.1,-15.59],[-7.05,-15.5],[-6.93,-15.45],[-6.85,-15.5],[-6.8,-15.61],[-6.83,-15.74]],[[-5.68,-15.74],[-5.51,-15.84],[-5.48,-15.97],[-5.66,-16.18],[-5.8,-16.19],[-5.89,-16.07],[-5.89,-15.94],[-5.78,-15.75],[-5.68,-15.74]],[[-13.25,-15.93],[-13.23,-16.05],[-13.27,-16.1],[-13.42,-16.13],[-13.53,-16.09],[-13.54,-16.05],[-13.48,-15.98],[-13.25,-15.93]],[[-13.68,-16.36],[-13.68,-16.47],[-13.75,-16.49],[-13.83,-16.42],[-13.84,-16.37],[-13.79,-16.31],[-13.75,-16.3],[-13.68,-16.36]],[[-8.94,-16.34],[-8.89,-16.41],[-8.9,-16.49],[-8.93,-16.52],[-9.01,-16.53],[-9.06,-16.49],[-9.07,-16.4],[-9.02,-16.34],[-8.94,-16.34]],[[-14.22,-16.84],[-14.23,-16.78],[-14.17,-16.73],[-14.12,-16.74],[-14.08,-16.79],[-14.07,-16.85],[-14.11,-16.88],[-14.22,-16.84]],[[-36.07,-16.84],[-36.02,-16.9],[-36.07,-16.98],[-36.18,-17.02],[-36.27,-17.0],[-36.23,-16.88],[-36.07,-16.84]],[[-14.6,-17.01],[-14.52,-16.92],[-14.43,-16.92],[-14.36,-17.04],[-14.37,-17.17],[-14.42,-17.2],[-14.52,-17.16],[-14.6,-17.01]],[[-14.08,-17.15],[-14.14,-17.11],[-14.17,-17.05],[-14.1,-16.94],[-14.04,-16.96],[-14.0,-17.07],[-14.02,-17.14],[-14.08,-17.15]],[[-36.77,-17.31],[-36.82,-17.35],[-36.88,-17.35],[-37.32,-17.14],[-37.41,-17.18],[-37.56,-17.34],[-37.64,-17.34],[-37.85,-17.11],[-37.87,-16.95],[-37.69,-16.77],[-37.61,-16.75],[-37.06,-16.99],[-36.94,-16.99],[-36.69,-16.92],[-36.62,-16.97],[-36.62,-17.04],[-36.77,-17.31]],[[-13.1,-17.27],[-13.08,-17.43],[-13.1,-17.46],[-13.43,-17.56],[-13.51,-17.52],[-13.51,-17.45],[-13.39,-17.42],[-13.27,-17.31],[-13.1,-17.27]],[[-14.34,-17.3],[-14.28,-17.35],[-14.27,-17.42],[-14.34,-17.47],[-14.41,-17.42],[-14.43,-17.36],[-14.4,-17.3],[-14.34,-17.3]],[[-35.65,-17.66],[-35.61,-17.7],[-35.6,-17.79],[-35.81,-18.07],[-35.88,-18.11],[-36.07,-18.13],[-36.23,-18.08],[-36.28,-18.03],[-36.29,-17.96],[-36.26,-17.88],[-36.13,-17.71],[-35.65,-17.66]],[[-12.92,-18.56],[-12.98,-18.58],[-13.02,-18.55],[-13.12,-18.27],[-13.08,-18.19],[-12.97,-18.22],[-12.9,-18.33],[-12.88,-18.46],[-12.92,-18.56]],[[-12.64,-18.51],[-12.71,-18.45],[-12.73,-18.35],[-12.7,-18.26],[-12.6,-18.23],[-12.53,-18.31],[-12.51,-18.42],[-12.55,-18.5],[-12.64,-18.51]],[[8.55,-19.91],[8.59,-19.85],[8.67,-19.85],[8.71,-19.98],[8.68,-20.07],[8.64,-20.09],[8.57,-20.06],[8.55,-19.91]],[[9.48,-20.05],[9.54,-20.01],[9.64,-20.05],[9.72,-20.38],[9.69,-20.45],[9.58,-20.45],[9.5,-20.4],[9.37,-20.43],[9.25,-20.35],[9.25,-20.23],[9.43,-20.14],[9.48,-20.05]],[[9.36,-20.49],[9.38,-20.54],[9.37,-20.59],[9.27,-20.67],[9.12,-20.7],[8.99,-20.68],[8.95,-20.64],[8.93,-20.52],[8.87,-20.48],[8.78,-20.47],[8.77,-20.36],[8.8,-20.23],[8.91,-20.21],[8.94,-20.25],[8.93,-20.3],[9.16,-20.34],[9.36,-20.49]],[[8.78,-20.57],[8.97,-20.72],[8.95,-20.83],[8.78,-20.93],[8.52,-20.9],[8.39,-20.71],[8.39,-20.62],[8.78,-20.57]],[[8.05,-20.79],[8.11,-20.86],[8.07,-20.94],[7.97,-20.99],[7.85,-20.95],[7.83,-20.89],[7.9,-20.81],[7.95,-20.78],[8.05,-20.79]],[[-11.66,-21.0],[-11.69,-21.09],[-11.73,-21.14],[-11.79,-21.14],[-11.86,-21.09],[-11.87,-21.04],[-11.82,-20.96],[-11.7,-20.95],[-11.66,-21.0]],[[5.14,-20.99],[5.17,-21.08],[5.12,-21.17],[5.07,-21.2],[4.99,-21.18],[4.96,-21.12],[4.99,-21.05],[5.09,-20.99],[5.14,-20.99]],[[7.8,-20.99],[7.85,-21.07],[7.83,-21.18],[7.8,-21.22],[7.71,-21.24],[7.66,-21.19],[7.64,-21.09],[7.68,-21.02],[7.8,-20.99]],[[-33.89,-21.0],[-34.2,-21.1],[-34.27,-21.08],[-34.3,-21.02],[-34.29,-20.94],[-34.23,-20.87],[-33.93,-20.79],[-33.86,-20.85],[-33.89,-21.0]],[[-34.57,-20.88],[-34.72,-20.9],[-34.94,-20.81],[-35.03,-20.63],[-35.01,-20.51],[-34.96,-20.47],[-34.69,-20.37],[-34.55,-20.47],[-34.47,-20.65],[-34.47,-20.74],[-34.5,-20.82],[-34.57,-20.88]],[[-29.42,-20.58],[-29.44,-20.51],[-29.42,-20.42],[-29.35,-20.37],[-29.27,-20.38],[-29.17,-20.49],[-29.12,-20.67],[-29.16,-20.72],[-29.25,-20.72],[-29.35,-20.68],[-29.42,-20.58]],[[8.24,-20.36],[8.25,-20.28],[8.4,-20.23],[8.45,-20.18],[8.59,-20.21],[8.56,-20.33],[8.46,-20.41],[8.32,-20.42],[8.24,-20.36]],[[6.08,-20.19],[5.99,-20.19],[5.96,-20.09],[6.0,-19.99],[6.11,-19.94],[6.17,-19.99],[6.17,-20.06],[6.13,-20.16],[6.08,-20.19]],[[-11.61,-19.98],[-11.64,-20.04],[-11.71,-20.05],[-11.8,-19.98],[-11.81,-19.91],[-11.7,-19.84],[-11.64,-19.89],[-11.61,-19.98]],[[8.5,-20.09],[8.46,-20.14],[8.35,-20.18],[8.32,-20.03],[8.42,-20.02],[8.5,-20.09]],[[-28.81,-20.57],[-28.9,-20.56],[-28.95,-20.5],[-28.94,-20.42],[-28.87,-20.38],[-28.8,-20.38],[-28.75,-20.43],[-28.74,-20.51],[-28.81,-20.57]],[[-31.9,-20.85],[-32.19,-20.78],[-32.23,-20.72],[-32.21,-20.65],[-32.13,-20.6],[-31.79,-20.59],[-31.66,-20.67],[-31.64,-20.74],[-31.7,-20.84],[-31.9,-20.85]],[[-33.36,-20.87],[-33.38,-20.94],[-33.45,-20.99],[-33.73,-20.96],[-33.77,-20.91],[-33.79,-20.78],[-33.66,-20.72],[-33.4,-20.79],[-33.36,-20.87]],[[-11.61,-21.34],[-11.57,-21.48],[-11.65,-21.51],[-11.72,-21.45],[-11.73,-21.39],[-11.67,-21.33],[-11.61,-21.34]],[[7.97,-21.88],[7.92,-21.84],[7.92,-21.78],[8.01,-21.72],[8.06,-21.75],[8.08,-21.84],[8.04,-21.88],[7.97,-21.88]],[[-11.86,-21.91],[-11.9,-21.94],[-11.97,-21.93],[-12.0,-21.85],[-11.95,-21.8],[-11.91,-21.8],[-11.85,-21.86],[-11.86,-21.91]],[[-37.45,-22.46],[-37.52,-22.48],[-37.67,-22.46],[-37.78,-22.37],[-37.78,-22.31],[-37.68,-22.22],[-37.51,-22.23],[-37.42,-22.34],[-37.45,-22.46]],[[7.45,-22.4],[7.52,-22.32],[7.59,-22.32],[7.63,-22.35],[7.62,-22.41],[7.56,-22.45],[7.48,-22.44],[7.45,-22.4]],[[7.18,-22.74],[7.2,-22.77],[7.17,-22.84],[7.08,-22.85],[6.91,-22.92],[6.84,-22.9],[6.75,-22.74],[6.74,-22.62],[6.79,-22.44],[6.97,-22.41],[7.06,-22.44],[7.09,-22.49],[7.04,-22.63],[7.04,-22.69],[7.08,-22.73],[7.18,-22.74]],[[6.88,-23.1],[6.78,-23.2],[6.71,-23.17],[6.73,-23.08],[6.79,-23.03],[6.86,-23.04],[6.88,-23.1]],[[8.17,-23.32],[8.09,-23.27],[8.06,-23.2],[8.09,-23.11],[8.29,-23.08],[8.4,-23.1],[8.45,-23.14],[8.47,-23.23],[8.43,-23.3],[8.35,-23.34],[8.17,-23.32]],[[6.72,-23.45],[6.69,-23.39],[6.7,-23.33],[6.81,-23.27],[6.82,-23.39],[6.77,-23.46],[6.72,-23.45]],[[5.51,-25.56],[5.66,-25.51],[5.53,-25.36],[5.51,-25.3],[5.64,-25.08],[5.64,-24.94],[5.74,-24.91],[5.66,-24.81],[5.57,-24.96],[5.45,-24.92],[5.45,-24.79],[5.32,-24.58],[5.3,-24.45],[5.35,-24.34],[5.51,-24.35],[5.52,-24.19],[5.62,-24.08],[5.58,-24.03],[5.47,-24.08],[5.4,-24.07],[5.23,-23.71],[5.33,-23.6],[5.5,-23.58],[5.54,-23.74],[5.71,-23.42],[5.95,-23.42],[6.05,-23.48],[6.15,-23.58],[6.2,-23.77],[6.34,-23.71],[6.44,-23.86],[6.46,-24.14],[6.28,-24.34],[6.25,-24.42],[6.26,-24.46],[6.3,-24.45],[6.41,-24.26],[6.7,-24.26],[6.74,-24.34],[6.74,-24.5],[6.67,-24.72],[6.84,-24.77],[6.79,-25.18],[6.74,-25.25],[6.74,-25.37],[6.67,-25.46],[6.68,-25.6],[6.64,-25.64],[6.51,-25.67],[6.43,-25.87],[6.44,-25.91],[6.56,-25.95],[6.59,-26.0],[6.62,-26.16],[6.59,-26.32],[6.56,-26.36],[6.37,-26.34],[6.13,-26.47],[5.93,-26.42],[5.77,-26.46],[5.62,-26.52],[5.46,-26.72],[5.37,-26.73],[5.28,-26.69],[5.14,-26.81],[4.96,-26.82],[4.95,-26.72],[5.06,-26.55],[5.18,-26.45],[5.36,-26.48],[5.48,-26.29],[5.14,-26.37],[4.87,-26.57],[4.75,-26.63],[4.65,-26.6],[4.64,-26.49],[4.67,-26.43],[4.81,-26.36],[4.91,-26.27],[4.99,-26.16],[5.16,-26.16],[5.29,-26.08],[5.3,-26.04],[5.24,-26.01],[5.23,-25.96],[5.35,-25.56],[5.41,-25.53],[5.51,-25.56]],[[6.53,-24.2],[6.5,-24.14],[6.53,-24.1],[6.58,-24.07],[6.64,-24.08],[6.65,-24.19],[6.53,-24.2]]],[[[-33.38,57.27],[-33.77,56.98],[-34.03,56.95],[-34.18,56.82],[-34.32,56.8],[-34.45,56.82],[-34.54,56.98],[-34.9,57.06],[-35.03,57.11],[-35.11,57.24],[-35.06,57.33],[-34.96,57.36],[-34.79,57.3],[-34.42,57.29],[-34.3,57.5],[-34.37,57.67],[-34.53,57.79],[-34.53,57.85],[-34.47,57.93],[-34.33,57.95],[-34.2,57.79],[-34.01,57.75],[-33.75,57.83],[-33.87,57.92],[-33.91,58.01],[-33.9,58.07],[-33.75,58.2],[-33.61,58.23],[-33.29,58.22],[-33.11,58.26],[-33.13,58.31],[-33.64,58.34],[-33.72,58.41],[-33.7,58.46],[-33.65,58.48],[-33.18,58.53],[-33.12,58.59],[-33.05,58.78],[-32.6,58.91],[-32.78,58.98],[-32.81,59.04],[-32.78,59.1],[-32.59,59.16],[-32.38,59.38],[-32.32,59.51],[-32.28,59.54],[-31.94,59.57],[-31.94,59.63],[-32.05,59.72],[-32.04,59.82],[-31.87,59.93],[-31.83,60.02],[-31.49,60.28],[-31.28,60.54],[-31.13,60.6],[-30.94,60.79],[-30.84,60.84],[-30.79,60.96],[-30.7,60.98],[-30.61,61.12],[-30.31,61.4],[-30.01,61.54],[-29.94,61.62],[-29.78,61.7],[-29.66,61.92],[-29.48,62.05],[-29.61,62.01],[-30.13,62.05],[-30.27,62.1],[-30.31,62.16],[-30.3,62.25],[-30.23,62.3],[-30.1,62.33],[-29.89,62.3],[-29.88,62.33],[-30.05,62.42],[-30.06,62.5],[-29.83,62.81],[-29.69,62.86],[-29.66,62.99],[-29.51,63.07],[-29.61,63.12],[-29.62,63.29],[-29.69,63.42],[-29.67,63.48],[-29.47,63.62],[-29.52,63.64],[-29.73,63.58],[-29.82,63.68],[-29.93,63.67],[-29.96,63.71],[-29.88,63.84],[-29.75,63.92],[-29.87,63.93],[-29.88,63.97],[-29.85,64.04],[-29.78,64.05],[-29.71,63.96],[-29.66,64.03],[-29.68,64.1],[-29.8,64.16],[-29.83,64.22],[-29.74,64.34],[-29.66,64.37],[-29.66,64.49],[-29.55,64.63],[-29.55,64.73],[-29.64,64.75],[-29.69,64.86],[-29.6,64.89],[-29.42,64.87],[-29.47,64.93],[-29.83,65.02],[-29.99,64.92],[-30.52,64.92],[-30.74,64.86],[-30.84,64.87],[-31.32,65.02],[-31.99,64.97],[-32.11,64.99],[-32.45,64.75],[-32.76,64.7],[-32.8,64.5],[-32.83,64.48],[-33.05,64.49],[-33.3,64.36],[-33.61,64.33],[-33.86,64.25],[-34.44,64.27],[-34.53,64.16],[-34.68,64.15],[-34.7,64.01],[-34.75,63.97],[-34.99,63.96],[-35.26,63.88],[-35.76,63.89],[-35.89,63.71],[-35.99,63.67],[-35.93,63.56],[-35.97,63.5],[-36.29,63.48],[-36.48,63.37],[-36.76,63.48],[-37.01,63.34],[-36.98,63.17],[-37.13,62.98],[-37.18,62.74],[-37.24,62.75],[-37.55,62.94],[-37.58,63.1],[-37.74,63.02],[-37.94,63.1],[-38.11,63.07],[-38.26,62.98],[-38.38,62.98],[-38.55,62.91],[-38.76,62.9],[-39.02,62.74],[-39.29,62.7],[-39.31,62.63],[-39.19,62.59],[-39.12,62.61],[-39.02,62.59],[-38.86,62.43],[-38.81,62.33],[-38.76,62.09],[-38.83,62.06],[-38.95,62.14],[-39.14,62.11],[-39.36,62.17],[-39.38,62.14],[-39.36,62.07],[-39.19,62.0],[-39.14,61.94],[-39.16,61.86],[-39.23,61.79],[-39.33,61.75],[-39.48,61.75],[-39.67,61.66],[-39.86,61.68],[-40.01,61.63],[-40.13,61.68],[-40.37,61.48],[-40.65,61.46],[-40.66,61.44],[-40.61,61.42],[-40.18,61.33],[-40.14,61.24],[-40.16,61.2],[-40.23,61.13],[-40.42,61.08],[-40.68,61.18],[-40.76,61.06],[-40.78,60.98],[-40.63,60.89],[-40.66,60.77],[-40.74,60.74],[-41.02,60.82],[-41.11,60.76],[-41.21,60.63],[-41.14,60.56],[-40.66,60.48],[-40.56,60.39],[-40.57,60.27],[-40.86,60.09],[-40.99,60.06],[-41.1,60.08],[-41.25,60.22],[-41.32,60.23],[-41.39,60.17],[-41.42,60.07],[-41.33,60.0],[-41.15,60.01],[-41.11,59.95],[-41.12,59.9],[-41.35,59.76],[-41.47,59.76],[-41.52,59.69],[-41.74,59.6],[-41.82,59.59],[-41.88,59.64],[-41.85,59.55],[-41.87,59.5],[-42.06,59.38],[-42.12,59.38],[-42.24,59.45],[-42.34,59.42],[-42.38,59.38],[-42.41,59.18],[-42.45,59.14],[-42.55,59.1],[-42.68,59.19],[-42.74,59.16],[-42.76,59.12],[-42.7,58.97],[-42.86,58.82],[-42.98,58.82],[-43.15,58.72],[-43.34,58.7],[-43.68,58.56],[-43.85,58.56],[-43.95,58.49],[-44.09,58.49],[-44.21,58.42],[-44.4,58.39],[-44.69,58.25],[-44.78,58.25],[-44.96,58.15],[-45.05,58.17],[-45.11,58.26],[-45.0,58.39],[-45.02,58.56],[-44.88,58.63],[-44.81,58.76],[-44.64,58.85],[-44.58,59.07],[-44.54,59.11],[-44.23,59.19],[-44.33,59.21],[-44.46,59.17],[-44.64,59.21],[-44.74,59.16],[-45.03,59.13],[-45.16,59.27],[-45.53,59.35],[-46.01,59.38],[-46.15,59.45],[-46.39,59.47],[-46.5,59.54],[-46.85,59.63],[-46.88,59.71],[-46.84,59.78],[-46.59,59.77],[-46.56,59.81],[-46.6,59.84],[-46.87,59.88],[-46.97,60.03],[-47.04,60.05],[-47.23,60.0],[-47.36,60.01],[-47.84,60.21],[-48.19,60.24],[-48.46,60.34],[-48.65,60.34],[-48.74,60.41],[-48.89,60.43],[-48.98,60.58],[-49.11,60.59],[-49.27,60.72],[-49.58,60.86],[-49.75,61.1],[-49.87,61.13],[-49.97,61.2],[-50.16,61.24],[-50.81,61.51],[-50.95,61.63],[-51.05,61.92],[-51.29,61.94],[-51.43,62.06],[-51.65,62.11],[-51.89,62.38],[-52.15,62.54],[-52.3,62.74],[-52.54,62.86],[-52.8,62.9],[-52.88,63.17],[-52.93,63.25],[-53.02,63.29],[-53.12,63.29],[-53.2,63.24],[-53.2,63.14],[-53.13,62.96],[-53.18,62.88],[-53.38,62.78],[-53.62,62.86],[-53.95,62.74],[-54.12,62.79],[-54.26,62.78],[-54.47,62.89],[-54.61,62.79],[-54.74,62.79],[-54.89,62.86],[-54.94,62.92],[-55.22,62.95],[-55.31,63.12],[-55.44,63.22],[-55.66,63.19],[-55.82,63.22],[-56.23,63.16],[-56.54,63.23],[-56.92,63.18],[-57.1,63.24],[-57.14,63.19],[-57.28,63.18],[-57.74,62.78],[-58.13,62.64],[-58.3,62.52],[-58.51,62.5],[-58.63,62.35],[-58.92,62.3],[-58.97,62.26],[-59.06,62.23],[-59.25,62.05],[-59.4,61.99],[-59.62,61.68],[-59.66,61.68],[-59.94,61.34],[-60.29,61.25],[-60.27,61.2],[-60.12,61.03],[-60.02,60.82],[-59.86,60.73],[-59.63,60.7],[-59.59,60.66],[-59.62,60.58],[-59.69,60.55],[-60.07,60.53],[-60.13,60.5],[-60.17,60.45],[-60.07,60.41],[-60.05,60.32],[-59.86,60.17],[-59.84,60.07],[-59.76,59.98],[-59.78,59.86],[-59.61,59.78],[-59.56,59.73],[-59.57,59.64],[-59.4,59.54],[-59.38,59.42],[-59.46,59.2],[-59.41,58.99],[-59.33,58.87],[-59.01,58.65],[-58.95,58.58],[-58.93,58.48],[-58.97,58.2],[-58.86,58.03],[-58.82,57.86],[-58.63,57.77],[-58.61,57.62],[-58.54,57.58],[-58.49,57.48],[-58.03,57.31],[-57.94,57.17],[-57.79,57.05],[-57.61,56.99],[-57.48,56.81],[-57.34,56.88],[-57.28,56.86],[-57.24,56.64],[-57.1,56.41],[-56.9,56.28],[-56.93,56.14],[-56.88,56.09],[-56.88,55.97],[-56.57,55.85],[-56.54,55.8],[-56.54,55.68],[-56.35,55.61],[-55.97,55.7],[-55.82,55.61],[-55.61,55.58],[-55.49,55.54],[-55.32,55.54],[-55.1,55.46],[-54.96,55.49],[-54.48,55.36],[-53.95,55.31],[-53.81,55.25],[-53.62,55.25],[-53.52,55.15],[-53.45,55.15],[-53.28,55.06],[-52.5,54.95],[-52.36,54.9],[-52.31,54.86],[-52.3,54.78],[-52.39,54.6],[-52.56,54.5],[-52.58,54.43],[-52.23,53.96],[-52.06,53.81],[-51.84,53.69],[-51.73,53.56],[-51.65,53.42],[-51.62,53.28],[-51.31,52.92],[-51.14,52.87],[-50.99,52.7],[-50.54,52.42],[-50.47,52.25],[-50.35,52.15],[-50.33,52.06],[-50.16,51.96],[-50.06,51.82],[-49.94,51.79],[-49.68,51.48],[-49.66,51.41],[-49.49,51.36],[-49.4,51.26],[-49.06,51.1],[-49.03,51.02],[-49.13,50.76],[-49.13,50.48],[-49.03,50.3],[-48.85,50.13],[-48.77,50.02],[-48.79,49.87],[-48.74,49.73],[-48.72,49.39],[-48.79,49.07],[-48.75,48.94],[-48.5,48.77],[-48.31,48.77],[-48.14,48.54],[-48.03,48.52],[-47.93,48.46],[-47.26,48.41],[-47.19,48.43],[-46.97,48.38],[-46.4,48.55],[-46.02,48.75],[-45.91,48.77],[-45.79,48.87],[-45.57,48.97],[-45.28,49.16],[-44.93,49.13],[-44.64,49.02],[-44.31,48.97],[-44.25,48.9],[-44.27,48.72],[-44.04,48.55],[-43.99,48.38],[-43.82,48.26],[-43.75,48.1],[-43.6,47.97],[-43.5,47.83],[-43.39,47.5],[-43.39,47.23],[-43.17,47.03],[-43.16,46.92],[-43.29,46.82],[-43.61,46.8],[-43.94,46.63],[-44.21,46.56],[-44.3,46.51],[-44.61,46.25],[-44.71,46.27],[-44.74,46.37],[-45.0,46.22],[-45.12,46.32],[-45.17,46.27],[-45.26,46.27],[-45.54,46.1],[-45.67,46.1],[-45.84,46.01],[-46.03,46.03],[-46.1,45.82],[-46.28,45.73],[-46.56,45.71],[-47.04,45.77],[-47.09,45.82],[-47.33,45.74],[-47.36,45.54],[-48.1,45.22],[-48.17,45.09],[-48.31,45.02],[-48.29,44.95],[-48.33,44.89],[-48.59,44.84],[-48.54,44.76],[-48.58,44.68],[-48.75,44.7],[-48.71,44.5],[-48.62,44.28],[-48.72,44.09],[-48.72,43.96],[-48.78,43.89],[-48.74,43.66],[-48.76,43.62],[-48.98,43.53],[-48.8,43.5],[-48.72,43.43],[-48.74,43.15],[-48.94,42.96],[-49.03,42.96],[-49.19,42.81],[-49.32,42.74],[-49.56,42.79],[-49.79,42.67],[-50.36,42.56],[-50.52,42.56],[-50.65,42.51],[-51.15,42.63],[-51.2,42.69],[-51.19,42.82],[-51.38,42.74],[-51.65,42.78],[-51.79,42.88],[-51.83,43.05],[-52.01,43.16],[-52.22,43.22],[-52.32,43.42],[-52.41,43.49],[-52.54,43.51],[-52.66,43.46],[-52.78,43.49],[-52.9,43.43],[-52.98,43.46],[-53.04,43.6],[-52.99,43.78],[-53.23,43.88],[-53.3,43.99],[-53.33,44.09],[-53.5,44.06],[-53.54,44.11],[-53.59,44.11],[-53.62,44.16],[-53.76,44.14],[-53.98,44.35],[-54.22,44.47],[-54.31,44.45],[-54.46,44.5],[-54.86,44.48],[-54.95,44.59],[-54.85,44.73],[-54.86,44.78],[-54.9,44.8],[-55.08,44.76],[-55.18,44.82],[-55.23,44.8],[-55.27,44.74],[-55.32,44.74],[-55.32,44.66],[-55.44,44.54],[-55.55,44.52],[-55.87,44.57],[-55.95,44.55],[-56.07,44.5],[-56.13,44.36],[-56.18,44.32],[-56.38,44.35],[-56.47,44.3],[-56.59,44.33],[-56.66,44.26],[-56.81,44.23],[-56.93,44.28],[-56.98,44.18],[-57.03,44.14],[-57.19,44.18],[-57.34,44.11],[-57.46,44.14],[-57.53,44.06],[-57.67,44.09],[-57.71,44.03],[-57.71,43.93],[-57.77,43.9],[-57.87,44.02],[-58.06,43.94],[-58.23,43.96],[-58.26,43.92],[-58.25,43.85],[-58.29,43.76],[-58.54,43.82],[-58.64,43.73],[-58.76,43.76],[-58.78,43.63],[-58.93,43.5],[-59.15,43.42],[-59.54,43.38],[-59.62,43.44],[-59.74,43.34],[-59.78,43.23],[-59.95,43.2],[-60.17,43.08],[-60.26,43.09],[-60.38,43.18],[-60.62,42.98],[-60.79,43.01],[-60.91,42.94],[-60.98,42.96],[-61.2,42.94],[-61.25,42.84],[-61.34,42.76],[-61.81,42.58],[-62.57,42.41],[-62.8,42.45],[-63.56,42.26],[-63.86,42.26],[-64.78,42.08],[-65.3,41.79],[-66.79,40.44],[-67.24,40.23],[-67.39,40.12],[-67.48,40.09],[-67.91,40.12],[-69.51,39.71],[-70.76,39.72],[-71.4,39.6],[-71.52,39.48],[-71.57,39.48],[-71.59,39.43],[-71.69,39.38],[-71.86,39.14],[-72.0,39.14],[-72.19,38.99],[-72.41,38.93],[-72.81,38.65],[-72.98,38.47],[-73.08,38.45],[-73.17,38.35],[-73.2,38.16],[-73.25,38.16],[-73.29,38.08],[-73.34,37.85],[-73.54,37.82],[-73.7,37.63],[-73.72,37.46],[-73.76,37.39],[-73.9,37.3],[-73.99,37.16],[-74.18,37.1],[-74.21,37.01],[-74.28,36.95],[-74.25,36.65],[-74.38,36.41],[-74.33,36.32],[-74.37,36.19],[-74.36,35.99],[-74.43,35.91],[-74.4,35.76],[-74.57,35.59],[-74.7,35.31],[-75.0,35.04],[-75.1,34.89],[-75.29,34.75],[-75.36,34.58],[-75.55,34.42],[-75.63,34.03],[-75.88,33.59],[-76.03,33.21],[-76.13,32.76],[-76.66,32.21],[-76.68,32.09],[-76.78,32.04],[-77.05,31.44],[-77.09,31.25],[-77.04,31.22],[-77.03,31.14],[-77.16,31.03],[-77.16,30.86],[-77.19,30.8],[-77.25,30.77],[-77.26,30.72],[-77.08,30.56],[-76.97,30.31],[-76.85,30.2],[-76.7,30.12],[-76.46,30.14],[-76.39,30.05],[-76.51,29.74],[-76.7,29.61],[-76.76,29.48],[-76.66,28.31],[-76.61,28.15],[-76.6,27.5],[-76.56,27.35],[-76.7,27.13],[-76.82,27.08],[-76.72,27.05],[-76.63,26.96],[-76.59,26.79],[-76.8,26.48],[-76.86,26.27],[-77.04,26.14],[-77.05,26.01],[-77.0,25.86],[-77.03,25.78],[-77.15,25.75],[-77.21,25.8],[-77.28,25.8],[-77.32,25.87],[-77.47,25.9],[-77.59,25.97],[-77.58,25.88],[-77.44,25.67],[-77.42,25.54],[-77.69,25.34],[-77.86,25.27],[-77.78,25.24],[-77.74,25.01],[-77.71,25.01],[-77.62,25.16],[-77.4,25.3],[-77.18,25.3],[-77.1,25.34],[-77.02,25.42],[-76.97,25.61],[-76.85,25.71],[-76.48,25.7],[-76.39,25.51],[-76.25,25.46],[-75.97,25.17],[-76.01,24.74],[-75.71,24.83],[-75.58,24.8],[-75.52,24.74],[-75.45,24.57],[-75.2,24.33],[-75.1,24.07],[-75.02,24.05],[-74.86,23.89],[-74.67,23.97],[-74.51,24.43],[-74.45,24.47],[-74.38,24.46],[-74.31,24.01],[-74.42,23.8],[-74.61,23.81],[-74.6,23.59],[-74.65,23.5],[-74.7,23.5],[-74.87,23.58],[-74.95,23.55],[-74.93,23.33],[-74.69,23.21],[-74.65,23.05],[-74.66,22.93],[-74.71,22.8],[-74.96,22.76],[-75.15,22.56],[-75.04,22.4],[-75.02,22.33],[-75.13,21.95],[-75.22,21.88],[-75.41,21.86],[-75.68,21.64],[-75.82,21.67],[-75.89,21.89],[-76.1,21.84],[-76.25,21.7],[-76.18,21.7],[-76.13,21.65],[-75.79,21.51],[-75.77,21.43],[-75.94,21.43],[-76.03,21.5],[-76.15,21.53],[-76.44,21.67],[-76.68,21.68],[-76.72,21.71],[-76.73,21.84],[-76.9,21.84],[-77.14,21.97],[-77.18,21.96],[-76.92,21.73],[-76.49,21.46],[-76.34,21.46],[-76.3,21.41],[-76.11,21.36],[-76.03,21.31],[-75.69,21.29],[-75.63,21.32],[-75.67,21.4],[-75.63,21.46],[-75.41,21.36],[-75.38,21.31],[-75.07,21.28],[-75.04,21.25],[-75.05,21.1],[-74.76,21.01],[-74.32,20.68],[-74.23,20.57],[-73.8,20.52],[-73.61,20.38],[-73.13,20.38],[-72.96,20.33],[-72.73,20.35],[-72.53,20.23],[-72.36,20.23],[-72.19,20.12],[-72.08,20.1],[-72.0,20.11],[-71.92,20.19],[-71.84,20.22],[-71.41,20.2],[-70.66,20.01],[-70.54,19.94],[-70.27,19.94],[-70.15,19.86],[-69.82,19.78],[-69.5,19.54],[-69.1,19.49],[-69.0,19.39],[-68.83,19.42],[-68.64,19.25],[-68.62,19.15],[-68.38,19.04],[-67.75,18.98],[-67.58,18.86],[-67.54,18.67],[-67.39,18.55],[-67.37,18.57],[-67.39,18.67],[-67.34,18.79],[-67.09,18.84],[-66.74,18.76],[-66.31,18.77],[-66.17,18.81],[-65.43,18.84],[-65.06,18.91],[-64.9,18.98],[-64.54,18.96],[-64.32,18.98],[-64.18,18.91],[-63.99,18.97],[-63.86,18.94],[-63.84,18.82],[-63.96,18.62],[-63.94,18.58],[-63.65,18.7],[-63.48,18.73],[-62.8,18.69],[-62.62,18.55],[-62.38,18.55],[-62.32,18.46],[-62.29,18.28],[-62.32,18.22],[-62.48,18.18],[-62.5,18.14],[-62.38,18.13],[-62.26,18.07],[-61.92,18.05],[-61.7,17.97],[-61.54,17.86],[-61.44,17.74],[-61.48,17.64],[-61.46,17.52],[-61.51,17.41],[-61.48,17.31],[-61.28,17.4],[-61.2,17.36],[-61.15,17.22],[-61.18,17.04],[-61.15,16.87],[-61.2,16.77],[-61.18,16.63],[-61.22,16.46],[-61.08,16.44],[-60.75,16.53],[-60.67,16.51],[-60.62,16.45],[-60.6,16.37],[-60.62,16.25],[-60.51,15.94],[-60.51,15.76],[-60.56,15.7],[-60.67,15.7],[-60.77,15.67],[-60.82,15.55],[-60.67,15.36],[-60.62,15.22],[-60.58,15.19],[-60.55,15.12],[-60.46,15.02],[-60.46,14.88],[-60.41,14.71],[-60.48,14.43],[-60.46,14.37],[-60.28,14.23],[-60.05,14.18],[-59.78,14.23],[-59.65,14.12],[-59.58,13.93],[-59.45,13.9],[-59.37,13.84],[-59.14,13.83],[-59.09,13.81],[-58.99,13.61],[-58.85,13.47],[-58.85,13.39],[-59.0,13.33],[-59.18,13.32],[-59.36,13.4],[-59.39,13.37],[-59.38,13.33],[-59.28,13.25],[-59.16,13.08],[-59.13,13.08],[-59.03,13.23],[-58.97,13.24],[-58.76,13.15],[-58.6,12.95],[-58.43,12.84],[-58.39,12.7],[-58.44,12.53],[-58.14,12.22],[-58.18,11.9],[-58.16,11.77],[-58.27,11.59],[-58.22,11.57],[-58.21,11.5],[-58.37,11.3],[-58.34,11.18],[-58.42,11.06],[-58.42,10.97],[-58.46,10.9],[-58.46,10.75],[-58.6,10.61],[-58.73,10.65],[-58.7,10.58],[-58.73,10.51],[-58.68,10.37],[-58.7,10.26],[-58.68,10.1],[-58.73,9.98],[-58.7,9.8],[-58.82,9.62],[-58.7,9.4],[-58.12,8.86],[-57.9,8.8],[-57.44,8.58],[-56.96,8.27],[-56.65,8.31],[-56.57,8.14],[-56.52,8.11],[-56.46,7.99],[-56.39,7.93],[-56.03,7.9],[-55.92,7.95],[-55.66,7.92],[-55.41,8.03],[-55.1,7.94],[-55.04,7.96],[-54.59,8.74],[-54.46,9.07],[-54.34,9.17],[-54.19,9.17],[-54.05,9.24],[-53.98,9.23],[-53.85,9.12],[-53.71,8.88],[-53.52,8.71],[-53.3,8.64],[-53.11,8.52],[-52.8,8.21],[-52.56,8.11],[-52.47,7.94],[-52.51,7.78],[-52.36,7.52],[-52.25,7.2],[-52.24,6.79],[-51.98,6.46],[-51.73,6.21],[-51.62,6.22],[-51.55,6.19],[-17.83,12.7],[-17.83,13.34],[-17.78,13.51],[-17.81,13.61],[-17.78,13.7],[-17.94,14.16],[-17.95,14.32],[-17.9,14.44],[-17.99,14.49],[-18.02,14.71],[-18.11,14.72],[-18.12,14.79],[-18.02,14.88],[-18.05,15.05],[-17.88,15.34],[-17.9,15.46],[-17.86,15.58],[-17.83,15.82],[-17.58,15.89],[-17.45,15.82],[-17.28,16.03],[-17.33,16.61],[-17.3,16.85],[-17.21,17.18],[-17.23,17.42],[-17.18,17.57],[-17.21,17.71],[-17.11,18.26],[-17.16,18.41],[-17.15,18.59],[-17.25,18.82],[-17.36,19.01],[-17.78,19.52],[-17.78,19.66],[-17.93,19.68],[-18.1,19.86],[-18.12,19.95],[-18.05,20.14],[-18.07,20.19],[-18.46,20.34],[-18.56,20.41],[-18.59,20.49],[-18.56,20.72],[-18.48,20.85],[-18.29,20.88],[-18.17,20.98],[-18.03,21.03],[-18.05,21.08],[-18.19,21.17],[-18.25,21.27],[-18.26,21.37],[-18.17,21.62],[-18.18,21.84],[-18.0,22.06],[-18.06,22.18],[-18.06,22.27],[-17.9,22.39],[-17.69,22.44],[-17.81,22.61],[-17.84,22.72],[-17.74,23.11],[-17.74,23.26],[-17.69,23.38],[-17.69,23.57],[-17.59,23.78],[-17.62,23.95],[-17.56,24.08],[-17.35,24.31],[-17.18,24.41],[-17.07,24.67],[-16.9,24.72],[-16.9,24.91],[-16.82,25.01],[-16.8,25.18],[-16.66,25.27],[-16.61,25.36],[-16.26,25.73],[-16.13,25.94],[-16.01,25.97],[-15.95,26.11],[-15.78,26.24],[-15.65,26.28],[-15.6,26.35],[-14.98,26.72],[-14.68,26.82],[-14.54,26.98],[-14.43,27.04],[-14.35,27.17],[-14.23,27.22],[-14.17,27.37],[-14.18,27.58],[-14.26,27.67],[-14.26,27.77],[-14.52,27.84],[-14.78,27.79],[-14.98,27.86],[-15.1,27.74],[-15.26,27.65],[-15.48,27.62],[-15.7,27.51],[-15.82,27.51],[-15.87,27.56],[-15.91,27.72],[-16.07,27.95],[-16.09,28.04],[-15.91,28.26],[-15.83,28.3],[-15.62,28.34],[-15.48,28.3],[-15.36,28.32],[-15.07,28.18],[-14.93,28.2],[-14.85,28.42],[-14.71,28.44],[-14.45,28.42],[-14.42,28.46],[-14.38,28.66],[-14.2,28.82],[-13.88,29.27],[-13.68,29.47],[-13.59,29.67],[-13.52,29.7],[-13.39,29.69],[-13.32,29.74],[-13.18,29.74],[-13.06,29.9],[-13.09,30.06],[-13.03,30.17],[-12.6,30.43],[-12.41,30.6],[-12.26,30.62],[-12.16,30.85],[-12.05,30.94],[-11.91,30.95],[-11.82,30.92],[-11.74,30.84],[-11.73,30.73],[-11.79,30.6],[-12.05,30.41],[-12.05,30.34],[-12.1,30.31],[-12.16,30.2],[-12.17,30.1],[-11.98,29.93],[-11.71,29.81],[-11.66,29.82],[-11.18,30.12],[-11.16,30.26],[-11.04,30.38],[-11.0,30.5],[-10.92,30.52],[-10.66,30.47],[-10.56,30.5],[-10.54,30.53],[-10.63,30.53],[-10.66,30.57],[-10.61,30.67],[-10.61,30.72],[-10.87,30.82],[-10.99,30.82],[-11.09,31.03],[-11.28,31.12],[-11.38,31.29],[-11.35,31.39],[-11.18,31.46],[-11.09,31.68],[-10.94,31.8],[-10.56,31.68],[-10.52,31.77],[-10.61,32.03],[-10.59,32.09],[-10.44,32.04],[-10.39,32.11],[-10.27,32.11],[-10.09,32.23],[-10.06,32.3],[-10.04,32.54],[-9.91,32.62],[-9.91,32.66],[-9.86,32.69],[-9.81,32.82],[-9.7,32.9],[-9.65,33.07],[-9.57,33.17],[-9.61,33.39],[-9.59,33.47],[-9.52,33.58],[-9.29,33.72],[-9.14,33.86],[-8.98,33.82],[-8.93,33.94],[-8.81,34.01],[-8.61,33.99],[-8.54,34.06],[-8.42,34.1],[-8.35,34.23],[-8.28,34.28],[-7.77,34.55],[-7.59,34.59],[-7.46,34.7],[-7.47,34.78],[-7.7,34.8],[-7.89,34.97],[-7.92,35.08],[-7.84,35.21],[-7.87,35.27],[-8.08,35.29],[-8.24,35.46],[-8.26,35.6],[-8.23,35.74],[-8.16,35.86],[-8.17,35.92],[-8.33,36.1],[-8.55,36.11],[-8.6,36.21],[-8.56,36.33],[-8.52,36.36],[-8.45,36.36],[-8.47,36.53],[-8.5,36.54],[-8.66,36.44],[-8.83,36.46],[-9.03,36.42],[-9.05,36.58],[-9.37,36.59],[-9.48,36.67],[-9.56,36.69],[-9.58,36.79],[-9.53,36.91],[-9.66,36.92],[-9.69,36.97],[-9.66,37.33],[-9.72,37.66],[-9.79,37.68],[-9.83,37.74],[-9.74,37.88],[-9.72,38.06],[-9.6,38.14],[-9.61,38.16],[-9.72,38.14],[-9.78,38.17],[-9.78,38.26],[-9.67,38.35],[-9.86,38.47],[-9.96,38.5],[-10.13,38.69],[-10.39,38.74],[-10.42,38.9],[-10.63,38.98],[-10.71,39.11],[-10.69,39.2],[-10.51,39.26],[-10.41,39.42],[-10.33,39.46],[-9.94,39.46],[-9.74,39.5],[-9.76,39.55],[-9.93,39.61],[-9.92,39.7],[-9.82,39.74],[-9.79,39.79],[-9.99,40.01],[-10.0,40.14],[-9.79,40.54],[-9.67,40.54],[-9.48,40.68],[-9.43,40.75],[-9.58,40.99],[-9.55,41.08],[-9.62,41.2],[-9.48,41.45],[-9.55,41.59],[-9.54,41.78],[-9.66,42.02],[-9.65,42.22],[-9.79,42.4],[-9.79,42.46],[-9.72,42.58],[-9.85,42.61],[-9.87,42.68],[-9.81,42.75],[-9.79,42.82],[-9.84,42.89],[-9.85,42.99],[-9.72,43.12],[-9.7,43.2],[-9.81,43.21],[-9.87,43.25],[-9.92,43.36],[-9.91,43.48],[-9.54,43.78],[-9.38,43.85],[-9.24,43.87],[-9.19,44.02],[-9.14,44.04],[-9.17,44.23],[-9.08,44.33],[-9.0,44.36],[-8.76,44.3],[-8.29,44.32],[-7.99,44.21],[-7.61,44.18],[-7.45,44.25],[-7.19,44.24],[-6.89,44.14],[-6.26,44.03],[-6.15,44.03],[-5.78,44.14],[-5.45,44.11],[-5.26,44.21],[-4.48,44.22],[-4.25,44.14],[-4.32,43.97],[-4.43,43.86],[-4.19,43.73],[-4.07,43.74],[-3.93,43.91],[-3.86,43.94],[-3.72,43.82],[-3.47,43.74],[-3.29,43.78],[-2.93,43.78],[-2.88,43.8],[-3.07,43.87],[-3.11,43.93],[-3.17,44.06],[-3.17,44.38],[-3.24,44.57],[-3.11,44.65],[-2.57,44.59],[-2.53,44.62],[-2.5,44.71],[-2.36,44.8],[-2.46,44.89],[-2.6,44.95],[-2.94,45.03],[-3.05,45.01],[-3.36,45.05],[-3.43,45.18],[-3.41,45.38],[-3.65,45.6],[-3.77,45.65],[-3.92,45.63],[-3.98,45.65],[-3.98,45.82],[-4.19,45.98],[-4.41,46.06],[-4.54,46.15],[-4.7,46.13],[-4.92,46.39],[-5.13,46.43],[-5.28,46.61],[-5.54,46.82],[-5.66,46.85],[-5.76,46.92],[-5.9,46.88],[-5.95,46.94],[-5.88,47.04],[-5.91,47.11],[-6.26,47.11],[-6.5,47.28],[-6.79,47.3],[-6.96,47.38],[-7.32,47.4],[-7.42,47.47],[-7.63,47.5],[-7.73,47.57],[-8.23,47.59],[-8.41,47.51],[-8.47,47.52],[-8.52,47.59],[-8.51,47.67],[-8.44,47.8],[-8.5,47.91],[-8.69,47.87],[-8.83,47.88],[-8.91,48.03],[-9.06,48.07],[-9.3,48.06],[-9.53,47.97],[-9.73,47.99],[-9.86,48.1],[-9.84,48.24],[-9.99,48.24],[-10.03,48.29],[-9.98,48.43],[-10.04,48.43],[-10.14,48.35],[-10.22,48.34],[-10.42,48.43],[-10.46,48.36],[-10.56,48.34],[-10.66,48.43],[-10.73,48.58],[-10.9,48.53],[-11.15,48.62],[-11.32,48.61],[-11.46,48.74],[-11.54,48.89],[-11.59,48.88],[-11.63,48.78],[-11.78,48.79],[-11.77,48.43],[-11.86,48.31],[-12.0,48.31],[-12.05,48.53],[-12.24,48.53],[-12.33,48.63],[-12.38,48.55],[-12.45,48.51],[-12.49,48.51],[-12.52,48.63],[-12.5,48.89],[-12.77,48.93],[-13.01,49.18],[-13.01,49.3],[-13.31,49.42],[-13.54,49.64],[-13.57,49.69],[-13.55,49.74],[-13.39,49.7],[-13.25,49.78],[-12.82,49.7],[-12.67,49.73],[-12.46,49.87],[-12.34,49.87],[-12.07,50.09],[-11.85,50.18],[-11.82,50.24],[-11.84,50.38],[-11.77,50.51],[-11.76,50.59],[-11.78,50.63],[-11.86,50.62],[-11.93,50.66],[-11.95,50.76],[-12.03,50.83],[-12.22,50.88],[-12.71,51.14],[-12.76,51.15],[-13.08,51.02],[-13.2,51.05],[-13.37,51.0],[-13.55,50.79],[-13.68,50.71],[-13.75,50.54],[-13.83,50.48],[-13.93,50.46],[-14.07,50.5],[-14.25,50.45],[-14.35,50.47],[-14.79,50.74],[-14.86,50.93],[-15.05,51.02],[-15.07,51.17],[-15.14,51.29],[-15.19,51.55],[-15.29,51.72],[-15.16,51.96],[-15.21,52.0],[-15.32,51.97],[-15.41,51.98],[-15.46,52.06],[-15.47,52.15],[-15.36,52.39],[-15.4,52.53],[-15.39,52.65],[-15.35,52.72],[-15.24,52.8],[-15.24,52.97],[-15.13,53.07],[-15.1,53.2],[-14.98,53.34],[-14.86,53.42],[-14.81,53.6],[-14.54,53.71],[-14.33,53.94],[-14.01,54.1],[-13.8,54.12],[-13.66,54.1],[-13.54,54.14],[-12.81,54.26],[-12.57,54.21],[-12.1,54.36],[-11.95,54.34],[-11.86,54.41],[-11.74,54.41],[-11.52,54.58],[-11.26,54.72],[-11.04,54.74],[-10.94,54.83],[-10.82,54.84],[-10.76,54.97],[-10.68,55.05],[-10.49,55.13],[-10.46,55.28],[-10.27,55.39],[-10.25,55.44],[-9.95,55.68],[-9.91,55.83],[-9.94,56.02],[-10.15,56.14],[-10.15,56.18],[-10.25,56.28],[-10.58,56.3],[-10.64,56.36],[-10.66,56.47],[-10.59,56.57],[-10.25,56.69],[-10.01,56.67],[-9.94,56.71],[-10.01,56.93],[-9.83,57.09],[-9.83,57.25],[-9.89,57.31],[-10.01,57.36],[-10.01,57.41],[-10.06,57.43],[-10.08,57.52],[-10.22,57.49],[-10.31,57.51],[-10.36,57.58],[-10.39,57.7],[-10.3,57.84],[-10.08,57.91],[-10.03,58.01],[-10.03,58.15],[-9.91,58.21],[-9.93,58.27],[-10.07,58.31],[-10.25,58.3],[-10.27,58.26],[-10.15,58.27],[-10.08,58.23],[-10.08,58.18],[-10.16,58.13],[-10.58,58.15],[-10.6,58.18],[-10.75,58.15],[-10.9,58.2],[-10.91,58.05],[-11.05,57.97],[-11.14,57.83],[-11.38,57.7],[-10.95,57.74],[-10.82,57.67],[-10.8,57.58],[-10.61,57.55],[-10.58,57.46],[-10.62,57.38],[-10.92,57.17],[-11.05,57.16],[-11.42,57.22],[-11.55,57.38],[-11.61,57.4],[-11.66,57.35],[-11.56,57.2],[-11.61,57.14],[-12.26,57.12],[-12.5,57.02],[-12.79,57.05],[-12.89,56.95],[-13.06,56.9],[-13.29,56.65],[-13.55,56.44],[-13.66,56.4],[-14.07,56.03],[-14.14,56.02],[-14.18,55.94],[-14.62,55.66],[-14.93,55.51],[-15.05,55.51],[-15.1,55.44],[-15.48,55.27],[-15.67,55.25],[-15.79,55.18],[-16.1,55.15],[-16.7,54.94],[-17.3,54.5],[-17.66,54.48],[-17.72,54.35],[-17.79,54.3],[-18.12,54.29],[-18.33,54.2],[-18.5,54.19],[-18.82,53.98],[-19.2,53.81],[-19.42,53.8],[-19.82,53.67],[-20.03,53.66],[-20.09,53.69],[-20.23,54.02],[-20.23,54.77],[-20.26,54.91],[-20.11,55.06],[-20.04,55.21],[-20.07,55.23],[-20.36,55.22],[-20.81,55.46],[-20.84,55.52],[-20.78,55.68],[-21.07,55.58],[-21.22,55.58],[-21.36,55.52],[-21.49,55.51],[-21.85,55.41],[-22.1,55.42],[-22.22,55.46],[-22.32,55.42],[-22.49,55.42],[-22.57,55.47],[-22.61,55.58],[-22.66,55.61],[-22.95,55.4],[-23.0,55.44],[-22.97,55.68],[-23.07,55.69],[-23.23,55.78],[-23.37,55.69],[-23.57,55.68],[-23.81,55.58],[-23.88,55.6],[-23.91,55.68],[-23.86,55.74],[-23.66,55.78],[-23.35,55.92],[-23.23,55.92],[-23.14,56.02],[-22.97,56.06],[-22.74,56.3],[-22.55,56.41],[-22.4,56.45],[-22.06,56.47],[-22.01,56.57],[-21.74,56.62],[-21.58,56.78],[-21.46,56.81],[-21.36,56.9],[-21.05,57.1],[-20.86,57.12],[-20.81,57.24],[-20.76,57.26],[-20.76,57.36],[-20.45,57.7],[-20.29,58.0],[-20.16,58.13],[-20.16,58.2],[-20.04,58.37],[-19.87,58.46],[-19.82,58.63],[-19.66,58.68],[-19.57,58.82],[-19.06,59.09],[-18.96,59.09],[-18.79,59.21],[-18.14,59.45],[-17.86,59.45],[-17.38,59.69],[-17.23,59.69],[-17.12,59.77],[-16.28,59.89],[-16.01,59.83],[-15.94,59.96],[-15.84,60.01],[-15.53,59.95],[-15.24,60.02],[-15.24,60.17],[-15.17,60.17],[-15.12,60.22],[-15.01,60.24],[-15.0,60.29],[-15.3,60.4],[-15.35,60.53],[-15.05,60.6],[-14.95,60.91],[-14.81,60.94],[-14.81,61.08],[-14.69,61.13],[-14.62,61.22],[-14.62,61.37],[-14.42,61.47],[-14.43,61.49],[-14.62,61.49],[-14.9,61.61],[-14.88,61.9],[-15.03,62.03],[-15.06,62.09],[-15.02,62.16],[-14.87,62.18],[-14.94,62.24],[-14.98,62.35],[-15.07,62.35],[-15.19,62.45],[-15.28,62.46],[-15.28,62.55],[-15.2,62.61],[-15.36,62.64],[-15.42,62.72],[-15.61,62.58],[-15.9,62.61],[-15.93,62.5],[-15.98,62.47],[-16.54,62.53],[-16.8,62.45],[-16.99,62.57],[-17.05,62.48],[-17.29,62.33],[-17.47,62.28],[-17.83,61.92],[-17.96,61.9],[-18.1,61.82],[-18.53,61.85],[-18.67,61.93],[-18.91,61.99],[-18.84,61.87],[-18.82,61.77],[-18.83,61.71],[-18.9,61.64],[-19.47,61.66],[-19.66,61.73],[-19.75,61.68],[-19.92,61.68],[-20.15,61.6],[-20.29,61.62],[-20.4,61.68],[-20.5,61.59],[-20.61,61.6],[-20.63,61.71],[-20.41,61.89],[-20.45,61.9],[-20.74,61.68],[-20.91,61.69],[-21.12,61.61],[-21.13,61.58],[-21.09,61.5],[-21.12,61.44],[-21.19,61.42],[-21.16,61.24],[-21.21,61.19],[-21.31,61.15],[-21.62,61.15],[-22.01,61.06],[-22.13,61.06],[-22.63,60.89],[-22.78,60.79],[-22.87,60.79],[-23.33,60.58],[-23.51,60.38],[-23.66,60.37],[-23.67,60.58],[-23.74,60.67],[-24.15,60.63],[-24.34,60.65],[-24.48,60.73],[-24.67,60.65],[-24.84,60.72],[-24.91,60.71],[-25.13,60.59],[-25.37,60.6],[-25.49,60.5],[-25.58,60.5],[-25.78,60.41],[-25.91,60.43],[-25.94,60.55],[-25.37,61.02],[-25.44,61.04],[-25.7,60.79],[-25.9,60.74],[-26.06,60.6],[-26.11,60.6],[-26.14,60.55],[-26.39,60.4],[-26.46,59.99],[-26.69,59.78],[-26.81,59.76],[-26.81,59.59],[-26.88,59.52],[-27.0,59.52],[-27.08,59.47],[-27.38,59.09],[-27.45,59.04],[-27.62,59.02],[-27.79,59.11],[-28.03,59.04],[-28.1,59.06],[-28.13,59.11],[-28.03,59.26],[-27.82,59.3],[-27.74,59.45],[-27.5,59.57],[-27.46,59.69],[-27.36,59.78],[-27.39,59.8],[-27.45,59.79],[-27.55,59.71],[-28.29,59.33],[-28.64,59.34],[-28.67,59.29],[-28.59,59.19],[-28.6,59.11],[-28.75,59.11],[-28.85,59.02],[-28.94,59.04],[-29.04,58.92],[-29.18,58.85],[-29.16,58.76],[-29.2,58.71],[-29.42,58.73],[-29.52,58.63],[-29.65,58.56],[-29.78,58.58],[-30.05,58.41],[-30.14,58.51],[-30.25,58.44],[-30.26,58.4],[-30.21,58.37],[-29.92,58.29],[-29.89,58.26],[-29.92,58.21],[-30.17,58.2],[-30.53,58.08],[-30.92,58.09],[-30.83,58.0],[-30.82,57.92],[-30.86,57.88],[-31.39,57.77],[-31.39,57.74],[-31.1,57.71],[-31.04,57.65],[-31.07,57.59],[-31.37,57.58],[-31.93,57.41],[-31.95,57.39],[-31.91,57.29],[-31.94,57.26],[-32.02,57.27],[-32.05,57.35],[-32.22,57.38],[-32.23,57.36],[-32.03,57.21],[-31.81,57.21],[-31.78,57.14],[-31.81,57.09],[-31.95,57.06],[-32.26,57.07],[-32.51,56.96],[-32.81,56.94],[-32.84,56.91],[-32.77,56.8],[-32.85,56.74],[-33.54,56.74],[-33.46,56.69],[-33.29,56.69],[-33.22,56.66],[-33.19,56.6],[-33.21,56.53],[-33.29,56.47],[-33.73,56.45],[-33.74,56.42],[-33.7,56.38],[-33.56,56.29],[-33.56,56.22],[-34.0,55.93],[-33.74,55.92],[-33.64,55.88],[-33.53,55.78],[-33.57,55.67],[-33.83,55.57],[-34.35,55.56],[-34.76,55.35],[-34.68,55.32],[-34.22,55.34],[-34.02,55.28],[-33.98,55.21],[-34.06,55.01],[-34.12,54.99],[-34.83,55.1],[-34.9,55.06],[-34.75,54.95],[-34.56,54.98],[-34.44,54.81],[-34.22,54.84],[-34.25,54.67],[-34.1,54.64],[-34.05,54.58],[-34.08,54.51],[-34.22,54.48],[-34.34,54.49],[-34.52,54.58],[-34.73,54.58],[-34.65,54.53],[-34.56,54.41],[-34.42,54.41],[-34.37,54.36],[-34.39,54.26],[-34.46,54.22],[-34.66,54.34],[-34.8,54.34],[-34.75,54.29],[-34.7,54.05],[-34.66,54.04],[-34.61,54.1],[-34.51,54.12],[-34.44,54.07],[-34.47,53.8],[-34.53,53.75],[-34.73,53.74],[-34.75,53.35],[-34.85,53.28],[-35.18,53.3],[-35.23,53.33],[-35.26,53.42],[-35.16,53.59],[-35.2,53.96],[-35.18,54.07],[-34.99,54.22],[-34.96,54.32],[-34.82,54.38],[-35.02,54.41],[-35.14,54.5],[-35.17,54.56],[-35.18,54.84],[-35.33,54.72],[-35.33,54.61],[-35.41,54.52],[-35.57,54.47],[-35.75,54.46],[-35.64,54.39],[-35.3,54.4],[-35.19,54.3],[-35.2,54.21],[-35.35,54.1],[-35.33,53.98],[-35.4,53.9],[-35.33,53.7],[-35.45,53.54],[-35.47,53.45],[-35.64,53.32],[-35.62,53.28],[-35.36,53.19],[-35.33,53.11],[-35.34,53.02],[-35.38,52.97],[-35.46,52.94],[-35.53,52.96],[-35.62,53.04],[-35.78,53.06],[-35.94,53.18],[-35.97,53.25],[-35.96,53.32],[-35.86,53.4],[-35.83,53.48],[-36.03,53.72],[-36.02,53.81],[-35.93,53.98],[-35.95,54.22],[-35.99,54.27],[-36.05,54.3],[-36.37,54.32],[-36.42,54.35],[-36.43,54.41],[-36.4,54.47],[-36.19,54.46],[-36.05,54.53],[-35.93,54.43],[-35.94,54.61],[-35.78,54.74],[-35.85,54.78],[-36.02,54.77],[-36.22,54.82],[-36.38,54.79],[-36.55,54.82],[-36.65,54.89],[-36.69,55.01],[-36.63,55.06],[-36.36,55.08],[-36.22,55.13],[-36.07,55.1],[-35.86,55.15],[-35.57,55.06],[-35.35,55.08],[-35.18,54.98],[-35.01,55.02],[-34.99,55.06],[-35.14,55.1],[-35.21,55.23],[-35.1,55.33],[-34.94,55.36],[-35.02,55.45],[-35.02,55.51],[-34.8,55.85],[-34.89,55.92],[-34.99,55.94],[-34.93,55.8],[-34.93,55.72],[-35.18,55.54],[-35.3,55.33],[-35.36,55.32],[-35.53,55.38],[-35.59,55.37],[-35.52,55.19],[-35.58,55.14],[-35.68,55.2],[-35.76,55.32],[-35.75,55.68],[-35.99,55.57],[-36.06,55.56],[-36.22,55.62],[-36.26,55.69],[-36.25,55.76],[-36.2,55.8],[-35.89,55.89],[-35.63,55.82],[-35.35,55.94],[-35.35,55.98],[-35.45,56.04],[-35.5,56.15],[-35.41,56.38],[-35.4,56.5],[-35.46,56.63],[-35.41,56.73],[-35.33,56.71],[-35.28,56.64],[-35.23,56.71],[-35.13,56.72],[-34.94,56.59],[-34.79,56.68],[-34.63,56.69],[-34.5,56.77],[-34.46,56.75],[-34.38,56.6],[-34.34,56.59],[-34.19,56.74],[-34.1,56.78],[-33.77,56.76],[-33.86,56.81],[-33.87,56.87],[-33.85,56.92],[-33.58,56.98],[-33.46,57.17],[-33.16,57.34],[-33.25,57.35],[-33.38,57.27]],[[-35.21,57.08],[-34.93,57.01],[-34.91,56.91],[-34.99,56.88],[-35.38,56.89],[-35.57,56.95],[-35.55,57.03],[-35.46,57.09],[-35.21,57.08]],[[-35.15,57.44],[-35.21,57.47],[-35.2,57.61],[-34.7,57.64],[-34.63,57.58],[-34.65,57.51],[-34.73,57.48],[-34.85,57.5],[-35.15,57.44]],[[-34.07,58.21],[-34.06,58.15],[-34.11,58.11],[-34.45,58.09],[-34.5,58.12],[-34.47,58.22],[-34.4,58.24],[-34.16,58.26],[-34.07,58.21]],[[-32.99,59.26],[-32.93,59.23],[-32.92,59.14],[-33.01,59.11],[-33.09,59.14],[-33.1,59.23],[-32.99,59.26]],[[-35.83,56.28],[-35.76,56.28],[-35.7,56.23],[-35.65,56.15],[-35.66,56.09],[-35.83,56.03],[-35.95,56.03],[-36.02,56.06],[-36.02,56.16],[-35.97,56.24],[-35.83,56.28]],[[-36.33,55.26],[-36.37,55.32],[-36.34,55.37],[-36.29,55.39],[-36.23,55.38],[-36.21,55.27],[-36.33,55.26]],[[-36.25,53.58],[-36.35,53.65],[-36.36,53.74],[-36.14,53.71],[-36.14,53.59],[-36.25,53.58]],[[-36.32,52.94],[-36.41,53.03],[-36.38,53.12],[-36.3,53.11],[-36.22,53.01],[-36.26,52.94],[-36.32,52.94]],[[-34.4,52.97],[-34.37,53.06],[-34.14,53.07],[-34.09,53.01],[-34.09,52.85],[-34.1,52.82],[-34.3,52.85],[-34.37,52.9],[-34.4,52.97]],[[-33.82,52.84],[-33.81,52.9],[-33.71,52.94],[-33.65,52.9],[-33.67,52.81],[-33.74,52.76],[-33.8,52.78],[-33.82,52.84]],[[-34.62,53.06],[-34.67,53.0],[-34.79,52.96],[-34.94,52.99],[-34.99,53.06],[-34.94,53.14],[-34.7,53.16],[-34.63,53.14],[-34.62,53.06]],[[-41.03,52.45],[-41.07,52.51],[-41.04,52.56],[-40.99,52.59],[-40.93,52.57],[-40.91,52.47],[-41.03,52.45]],[[-31.45,52.49],[-31.32,52.51],[-31.2,52.48],[-31.13,52.41],[-31.13,52.33],[-30.98,52.39],[-30.93,52.39],[-30.86,52.32],[-30.75,52.35],[-30.72,52.32],[-30.72,52.25],[-30.79,52.2],[-30.9,52.24],[-31.08,52.22],[-31.18,52.3],[-31.3,52.3],[-31.39,52.34],[-31.57,52.32],[-31.59,52.41],[-31.45,52.49]],[[-30.37,52.05],[-30.28,52.04],[-30.26,51.98],[-30.17,51.95],[-30.18,51.85],[-30.24,51.81],[-30.43,51.79],[-30.56,51.86],[-30.57,51.92],[-30.5,51.98],[-30.37,52.05]],[[-29.85,51.82],[-29.81,51.87],[-29.26,51.86],[-29.14,51.79],[-28.96,51.76],[-28.94,51.72],[-28.96,51.68],[-29.13,51.65],[-29.35,51.72],[-29.59,51.67],[-29.79,51.72],[-29.85,51.82]],[[-30.13,51.63],[-30.02,51.55],[-30.01,51.49],[-30.03,51.44],[-30.15,51.38],[-30.37,51.4],[-30.5,51.5],[-30.67,51.53],[-30.67,51.67],[-30.13,51.63]],[[-30.97,52.04],[-30.91,52.0],[-30.91,51.94],[-31.09,51.96],[-31.08,52.03],[-30.97,52.04]],[[-29.57,51.1],[-29.71,51.13],[-29.71,51.22],[-29.68,51.25],[-29.57,51.26],[-29.43,51.18],[-29.41,51.14],[-29.44,51.08],[-29.57,51.1]],[[-46.65,50.27],[-46.75,50.34],[-46.78,50.44],[-46.68,50.69],[-46.71,50.82],[-46.66,50.86],[-46.58,50.85],[-46.37,50.74],[-46.22,50.79],[-46.16,50.77],[-46.05,50.69],[-45.91,50.51],[-45.91,50.38],[-46.03,50.31],[-46.65,50.27]],[[-28.5,50.02],[-28.58,50.1],[-28.57,50.18],[-28.49,50.23],[-28.4,50.24],[-28.4,50.06],[-28.5,50.02]],[[-28.15,50.03],[-28.27,50.09],[-28.25,50.16],[-28.08,50.2],[-27.97,50.15],[-27.96,50.11],[-28.0,50.06],[-28.15,50.03]],[[-28.75,49.5],[-28.92,49.61],[-29.06,49.64],[-29.06,49.73],[-28.81,49.75],[-28.61,49.69],[-28.61,49.61],[-28.67,49.52],[-28.75,49.5]],[[-27.71,49.59],[-27.68,49.65],[-27.52,49.66],[-27.45,49.63],[-27.43,49.56],[-27.46,49.53],[-27.58,49.51],[-27.68,49.54],[-27.71,49.59]],[[-14.29,49.52],[-14.28,49.58],[-14.23,49.61],[-14.05,49.61],[-13.98,49.57],[-14.01,49.52],[-14.11,49.49],[-14.24,49.49],[-14.29,49.52]],[[-13.95,49.49],[-13.94,49.54],[-13.86,49.57],[-13.82,49.57],[-13.78,49.52],[-13.85,49.45],[-13.95,49.49]],[[-28.1,49.47],[-28.11,49.39],[-28.16,49.36],[-28.23,49.38],[-28.28,49.47],[-28.25,49.54],[-28.17,49.57],[-28.1,49.47]],[[-28.08,49.16],[-28.02,49.22],[-27.93,49.22],[-27.87,49.18],[-27.85,49.11],[-27.89,49.07],[-27.97,49.07],[-28.05,49.1],[-28.08,49.16]],[[-28.67,49.06],[-28.59,48.99],[-28.57,48.89],[-28.6,48.84],[-28.7,48.81],[-28.79,48.85],[-28.84,48.96],[-28.8,49.03],[-28.67,49.06]],[[-28.45,48.85],[-28.47,48.91],[-28.44,48.96],[-28.38,48.99],[-28.3,48.97],[-28.12,48.86],[-28.08,48.86],[-28.06,48.7],[-28.1,48.65],[-28.2,48.66],[-28.45,48.85]],[[-27.77,48.66],[-27.73,48.76],[-27.66,48.77],[-27.62,48.74],[-27.61,48.69],[-27.65,48.63],[-27.77,48.66]],[[-44.0,48.8],[-43.96,48.73],[-43.99,48.68],[-44.12,48.68],[-44.19,48.73],[-44.2,48.77],[-44.15,48.85],[-44.07,48.85],[-44.0,48.8]],[[-27.72,48.53],[-27.59,48.61],[-27.43,48.58],[-27.31,48.43],[-27.29,48.29],[-27.6,48.22],[-27.62,48.29],[-27.6,48.36],[-27.71,48.46],[-27.72,48.53]],[[-27.88,48.52],[-27.82,48.44],[-27.84,48.38],[-27.9,48.36],[-28.0,48.4],[-28.01,48.46],[-27.98,48.5],[-27.88,48.52]],[[-28.33,47.95],[-28.39,48.01],[-28.39,48.06],[-28.34,48.12],[-28.25,48.14],[-28.2,48.08],[-28.21,48.0],[-28.33,47.95]],[[-28.14,47.96],[-28.1,48.07],[-28.0,48.12],[-27.88,48.06],[-27.85,47.96],[-27.91,47.86],[-28.06,47.83],[-28.13,47.89],[-28.14,47.96]],[[-27.81,47.84],[-27.84,47.88],[-27.82,47.96],[-27.75,48.03],[-27.66,48.02],[-27.61,47.93],[-27.63,47.86],[-27.73,47.81],[-27.81,47.84]],[[-27.41,47.83],[-27.33,47.89],[-27.17,47.93],[-27.01,47.91],[-26.95,47.86],[-26.94,47.8],[-27.03,47.7],[-27.21,47.68],[-27.39,47.71],[-27.42,47.77],[-27.41,47.83]],[[-26.72,47.69],[-26.84,47.75],[-26.85,47.82],[-26.81,47.86],[-26.65,47.85],[-26.54,47.78],[-26.57,47.7],[-26.72,47.69]],[[-27.81,47.43],[-27.87,47.52],[-27.84,47.59],[-27.8,47.61],[-27.56,47.58],[-27.45,47.51],[-27.44,47.46],[-27.5,47.39],[-27.62,47.45],[-27.81,47.43]],[[-27.24,47.42],[-27.25,47.47],[-27.22,47.52],[-27.1,47.54],[-27.02,47.5],[-26.98,47.38],[-27.0,47.33],[-27.06,47.32],[-27.24,47.42]],[[-27.22,46.8],[-27.14,46.84],[-27.05,46.82],[-27.07,46.73],[-27.0,46.59],[-27.07,46.44],[-27.17,46.39],[-27.25,46.45],[-27.26,46.51],[-27.23,46.62],[-27.14,46.7],[-27.22,46.76],[-27.22,46.8]],[[-26.86,46.58],[-26.93,46.67],[-26.9,46.73],[-26.84,46.76],[-26.79,46.71],[-26.78,46.64],[-26.81,46.58],[-26.86,46.58]],[[-27.6,46.42],[-27.55,46.34],[-27.59,46.28],[-27.84,46.12],[-27.94,46.15],[-27.94,46.23],[-27.84,46.33],[-27.6,46.42]],[[-27.38,46.15],[-27.32,46.15],[-27.23,46.05],[-27.21,45.97],[-27.26,45.9],[-27.36,45.91],[-27.43,46.0],[-27.43,46.1],[-27.38,46.15]],[[-27.53,45.94],[-27.46,45.89],[-27.49,45.8],[-27.59,45.79],[-27.69,45.83],[-27.67,45.91],[-27.53,45.94]],[[-28.12,45.79],[-28.06,45.72],[-27.93,45.71],[-27.91,45.67],[-27.94,45.58],[-28.03,45.55],[-28.01,45.36],[-28.06,45.34],[-28.07,45.27],[-28.18,45.22],[-28.08,45.12],[-28.12,44.95],[-28.25,44.83],[-28.37,44.84],[-28.53,44.94],[-28.72,44.87],[-28.77,44.88],[-28.82,44.94],[-28.8,45.0],[-28.42,45.14],[-28.37,45.38],[-28.25,45.43],[-28.2,45.52],[-28.13,45.58],[-28.24,45.72],[-28.19,45.77],[-28.12,45.79]],[[-27.56,45.72],[-27.46,45.7],[-27.44,45.63],[-27.6,45.41],[-27.6,45.26],[-27.7,45.14],[-27.66,45.09],[-27.48,45.02],[-27.48,44.89],[-27.56,44.84],[-27.67,44.86],[-27.7,44.9],[-27.65,44.76],[-27.66,44.7],[-27.86,44.59],[-27.89,44.41],[-28.0,44.4],[-28.05,44.46],[-28.05,44.57],[-27.89,44.83],[-28.02,44.93],[-28.03,45.05],[-27.79,45.31],[-27.79,45.43],[-27.74,45.48],[-27.74,45.62],[-27.56,45.72]],[[-27.33,45.52],[-27.4,45.57],[-27.39,45.62],[-27.34,45.69],[-27.27,45.7],[-27.22,45.65],[-27.22,45.57],[-27.25,45.54],[-27.33,45.52]],[[-24.34,44.78],[-24.26,44.72],[-24.28,44.65],[-24.38,44.65],[-24.41,44.69],[-24.38,44.76],[-24.34,44.78]],[[-25.17,44.65],[-25.11,44.58],[-25.1,44.52],[-25.19,44.47],[-25.31,44.46],[-25.36,44.49],[-25.37,44.62],[-25.46,44.67],[-25.48,44.71],[-25.44,44.75],[-25.37,44.77],[-25.34,44.75],[-25.34,44.66],[-25.17,44.65]],[[-27.48,44.77],[-27.43,44.71],[-27.43,44.63],[-27.49,44.56],[-27.58,44.62],[-27.6,44.69],[-27.55,44.76],[-27.48,44.77]],[[-40.18,44.5],[-40.15,44.4],[-40.21,44.38],[-40.32,44.41],[-40.36,44.48],[-40.28,44.56],[-40.18,44.5]],[[-33.93,44.53],[-34.14,44.69],[-34.15,44.75],[-34.12,44.81],[-34.02,44.84],[-33.94,44.8],[-33.84,44.62],[-33.86,44.52],[-33.93,44.53]],[[-34.27,44.84],[-34.23,44.75],[-34.24,44.65],[-34.27,44.62],[-34.35,44.62],[-34.44,44.71],[-34.44,44.79],[-34.36,44.87],[-34.27,44.84]],[[-39.89,44.86],[-40.04,44.9],[-40.06,44.96],[-40.03,45.0],[-39.95,45.03],[-39.89,45.0],[-39.85,44.91],[-39.89,44.86]],[[-40.83,45.0],[-40.82,44.93],[-40.94,44.9],[-41.03,44.99],[-41.05,45.05],[-40.97,45.11],[-40.89,45.07],[-40.83,45.0]],[[-28.71,44.57],[-28.74,44.63],[-28.73,44.69],[-28.58,44.81],[-28.45,44.81],[-28.32,44.76],[-28.31,44.62],[-28.39,44.52],[-28.49,44.52],[-28.54,44.59],[-28.71,44.57]],[[-28.51,45.48],[-28.51,45.38],[-28.57,45.37],[-28.63,45.42],[-28.63,45.47],[-28.58,45.53],[-28.54,45.54],[-28.51,45.48]],[[-28.33,45.49],[-28.44,45.57],[-28.46,45.65],[-28.43,45.72],[-28.34,45.76],[-28.26,45.73],[-28.22,45.55],[-28.25,45.5],[-28.33,45.49]],[[-27.86,45.93],[-28.04,45.88],[-28.13,45.94],[-28.13,45.99],[-28.1,46.04],[-28.03,46.08],[-27.83,46.07],[-27.8,46.01],[-27.86,45.93]],[[-28.23,46.05],[-28.34,46.08],[-28.35,46.16],[-28.32,46.2],[-28.19,46.22],[-28.15,46.2],[-28.14,46.12],[-28.23,46.05]],[[-27.86,46.42],[-27.94,46.32],[-28.01,46.33],[-28.06,46.39],[-28.05,46.47],[-27.96,46.5],[-27.89,46.48],[-27.86,46.42]],[[-21.99,44.09],[-21.97,44.18],[-21.88,44.18],[-21.7,44.07],[-21.68,44.0],[-21.7,43.97],[-21.75,43.97],[-21.99,44.09]],[[-28.05,44.07],[-28.02,43.92],[-28.09,43.88],[-28.18,43.95],[-28.18,44.03],[-28.12,44.09],[-28.05,44.07]],[[-28.5,44.06],[-28.5,43.95],[-28.59,43.82],[-28.73,43.78],[-28.78,43.81],[-28.82,43.92],[-28.78,44.04],[-28.57,44.08],[-28.5,44.06]],[[-28.11,43.78],[-27.99,43.71],[-27.94,43.62],[-27.96,43.54],[-28.04,43.52],[-28.17,43.61],[-28.18,43.7],[-28.11,43.78]],[[-22.55,43.52],[-22.74,43.64],[-22.75,43.69],[-22.73,43.73],[-22.65,43.76],[-22.42,43.68],[-22.24,43.71],[-22.15,43.57],[-22.17,43.52],[-22.29,43.5],[-22.55,43.52]],[[-28.25,43.51],[-28.19,43.37],[-28.22,43.3],[-28.34,43.32],[-28.42,43.39],[-28.44,43.47],[-28.39,43.51],[-28.33,43.54],[-28.25,43.51]],[[-28.01,43.32],[-27.93,43.35],[-27.86,43.33],[-27.81,43.27],[-27.82,43.2],[-27.88,43.17],[-28.02,43.2],[-28.04,43.27],[-28.01,43.32]],[[-11.72,43.33],[-11.65,43.34],[-11.59,43.27],[-11.67,43.05],[-11.53,42.89],[-11.42,42.84],[-11.35,42.91],[-11.17,42.91],[-10.93,42.84],[-10.87,42.7],[-10.55,42.55],[-10.51,42.46],[-10.54,42.39],[-10.61,42.34],[-11.03,42.28],[-11.08,42.42],[-11.11,42.43],[-11.21,42.23],[-11.31,42.21],[-11.43,42.23],[-11.69,42.42],[-11.86,42.43],[-11.97,42.4],[-12.04,42.42],[-12.17,42.68],[-12.07,42.82],[-12.19,42.98],[-12.19,43.16],[-12.11,43.24],[-11.97,43.27],[-11.86,43.25],[-11.72,43.33]],[[-28.67,42.4],[-28.57,42.34],[-28.55,42.27],[-28.58,42.21],[-28.74,42.22],[-28.73,42.05],[-28.82,41.9],[-28.81,41.8],[-28.75,41.71],[-28.61,41.66],[-28.58,41.45],[-28.45,41.35],[-28.46,41.25],[-28.6,41.17],[-28.62,41.13],[-28.37,41.01],[-28.32,40.94],[-28.33,40.87],[-28.38,40.79],[-28.46,40.75],[-28.56,40.75],[-28.63,40.8],[-29.18,40.68],[-29.22,40.73],[-29.21,41.04],[-29.26,41.33],[-29.18,41.47],[-29.16,41.69],[-29.09,41.78],[-29.17,42.13],[-29.13,42.19],[-29.02,42.21],[-28.92,42.12],[-28.9,42.26],[-28.8,42.27],[-28.79,42.3],[-28.83,42.35],[-28.96,42.24],[-29.16,42.29],[-29.3,42.39],[-29.3,42.48],[-29.18,42.62],[-29.23,42.72],[-29.24,42.91],[-29.2,43.01],[-29.13,43.08],[-28.94,43.13],[-28.9,43.09],[-28.89,42.93],[-28.78,42.89],[-28.73,42.77],[-28.58,42.72],[-28.58,42.58],[-28.68,42.58],[-28.67,42.4]],[[-27.71,41.56],[-27.79,41.62],[-27.74,41.69],[-27.59,41.66],[-27.63,41.57],[-27.71,41.56]],[[-21.23,41.38],[-21.27,41.44],[-21.27,41.48],[-21.16,41.54],[-21.13,41.53],[-21.16,41.41],[-21.23,41.38]],[[-20.27,41.4],[-20.02,41.48],[-19.97,41.42],[-19.97,41.39],[-20.04,41.31],[-20.22,41.24],[-20.3,41.26],[-20.32,41.3],[-20.27,41.4]],[[-21.07,41.26],[-21.05,41.19],[-21.08,41.11],[-21.19,41.13],[-21.18,41.23],[-21.1,41.27],[-21.07,41.26]],[[-27.83,41.26],[-27.78,41.2],[-27.78,41.14],[-27.86,41.04],[-28.0,40.99],[-28.1,41.04],[-28.12,41.11],[-28.07,41.17],[-27.83,41.26]],[[-28.24,41.24],[-28.17,41.21],[-28.13,41.14],[-28.14,41.07],[-28.23,41.03],[-28.34,41.07],[-28.38,41.15],[-28.31,41.23],[-28.24,41.24]],[[-28.17,40.77],[-28.24,40.81],[-28.24,40.88],[-28.17,40.93],[-28.08,40.91],[-28.04,40.86],[-28.06,40.8],[-28.17,40.77]],[[-27.45,40.89],[-27.35,40.89],[-27.21,40.83],[-27.17,40.78],[-27.18,40.73],[-27.22,40.7],[-27.46,40.72],[-27.51,40.81],[-27.5,40.87],[-27.45,40.89]],[[-31.72,40.01],[-31.69,40.14],[-31.62,40.17],[-31.49,40.03],[-31.42,40.03],[-31.3,39.94],[-31.11,40.0],[-31.03,39.98],[-31.01,39.94],[-30.83,39.95],[-30.67,40.18],[-30.67,40.3],[-30.56,40.37],[-30.52,40.67],[-30.38,40.75],[-30.32,40.72],[-30.26,40.63],[-30.1,40.66],[-29.87,40.58],[-29.68,40.57],[-29.63,40.53],[-29.57,40.38],[-29.69,40.2],[-29.66,40.08],[-29.69,39.9],[-29.59,39.96],[-29.62,40.08],[-29.51,40.31],[-29.47,40.56],[-29.27,40.58],[-28.85,40.7],[-28.74,40.69],[-28.55,40.54],[-28.54,40.44],[-28.58,40.39],[-28.8,40.27],[-28.87,40.28],[-28.94,40.37],[-28.92,40.15],[-28.85,40.03],[-28.73,39.96],[-28.72,39.75],[-28.47,39.59],[-28.42,39.59],[-28.39,39.62],[-28.47,39.89],[-28.42,40.07],[-28.37,40.14],[-28.24,40.15],[-28.11,40.05],[-28.08,40.22],[-27.96,40.22],[-27.86,40.13],[-27.86,39.93],[-27.5,40.06],[-27.53,40.25],[-27.41,40.29],[-27.32,40.29],[-27.07,40.1],[-26.88,40.08],[-26.81,39.96],[-26.76,40.03],[-26.67,40.01],[-26.66,39.94],[-26.7,39.89],[-26.78,39.91],[-26.78,39.86],[-26.69,39.72],[-26.83,39.42],[-26.77,39.21],[-26.64,39.02],[-26.5,39.02],[-26.38,38.96],[-26.29,38.8],[-26.06,38.75],[-25.71,38.79],[-25.63,38.74],[-25.66,38.64],[-25.74,38.56],[-26.0,38.5],[-26.02,38.44],[-25.99,38.38],[-25.68,38.23],[-25.58,38.14],[-25.3,38.14],[-25.17,38.08],[-24.95,38.06],[-24.84,38.01],[-24.7,37.99],[-24.7,37.9],[-24.6,37.8],[-24.36,37.73],[-24.25,37.6],[-24.17,37.4],[-24.19,37.27],[-24.34,37.22],[-24.67,37.01],[-24.79,37.03],[-24.94,36.84],[-25.23,36.84],[-25.42,36.91],[-25.45,37.04],[-25.41,37.1],[-25.14,37.25],[-25.2,37.34],[-25.41,37.4],[-25.52,37.38],[-25.56,37.32],[-25.51,37.11],[-25.56,37.03],[-25.6,37.03],[-25.79,37.11],[-25.92,37.34],[-26.03,37.27],[-26.17,37.38],[-26.17,37.45],[-25.99,37.41],[-25.96,37.44],[-26.06,37.63],[-26.26,37.68],[-26.52,37.68],[-26.44,37.55],[-26.4,37.4],[-26.47,37.34],[-26.56,37.36],[-26.59,37.46],[-26.77,37.48],[-26.83,37.51],[-26.83,37.63],[-26.69,37.61],[-26.64,37.75],[-26.81,37.87],[-26.83,37.99],[-26.9,38.05],[-27.01,38.05],[-27.1,38.02],[-27.22,37.87],[-27.43,37.85],[-27.6,37.68],[-27.84,37.68],[-27.98,37.8],[-28.13,37.8],[-28.27,37.87],[-28.49,37.9],[-28.44,37.71],[-28.46,37.66],[-28.54,37.61],[-28.56,37.44],[-28.75,37.48],[-28.92,37.37],[-29.09,37.34],[-29.33,37.18],[-29.64,37.18],[-29.88,37.13],[-30.09,37.14],[-30.13,37.24],[-30.1,37.28],[-29.6,37.34],[-30.13,37.43],[-30.39,37.41],[-30.56,37.35],[-30.88,37.35],[-31.04,37.3],[-31.3,37.01],[-31.52,36.97],[-31.73,36.8],[-32.04,36.72],[-32.4,36.58],[-32.59,36.36],[-32.78,36.29],[-32.95,36.29],[-33.07,36.19],[-33.14,36.08],[-33.29,36.12],[-33.33,36.09],[-33.53,35.81],[-33.65,35.81],[-33.83,35.7],[-33.81,35.51],[-33.91,35.45],[-34.09,35.52],[-34.15,35.58],[-34.13,35.67],[-34.02,35.7],[-34.15,35.78],[-34.12,35.98],[-33.98,36.05],[-33.91,36.19],[-33.84,36.19],[-33.82,36.24],[-33.7,36.24],[-33.59,36.54],[-33.52,36.62],[-33.6,36.7],[-33.82,36.73],[-33.89,36.82],[-33.91,36.74],[-33.88,36.67],[-33.84,36.63],[-33.69,36.63],[-33.65,36.58],[-33.65,36.5],[-33.68,36.44],[-33.88,36.29],[-34.11,36.34],[-34.04,36.26],[-34.03,36.19],[-34.16,36.0],[-34.23,35.8],[-34.29,35.76],[-34.76,35.71],[-35.01,35.74],[-35.04,35.78],[-35.02,35.85],[-34.9,35.9],[-34.58,36.22],[-34.54,36.38],[-34.33,36.42],[-34.13,36.53],[-34.1,36.72],[-34.28,36.73],[-34.31,36.79],[-34.22,36.96],[-34.22,37.03],[-34.15,37.06],[-34.09,37.12],[-33.93,37.14],[-33.89,37.18],[-33.98,37.36],[-33.98,37.45],[-33.84,37.51],[-33.74,37.61],[-33.62,37.65],[-33.18,37.9],[-33.01,37.93],[-32.87,38.03],[-32.78,38.14],[-32.59,38.2],[-32.38,38.41],[-32.38,38.5],[-32.3,38.57],[-32.3,38.81],[-32.18,38.95],[-32.26,39.22],[-32.21,39.31],[-32.12,39.33],[-32.11,39.36],[-32.29,39.58],[-32.42,39.41],[-32.57,39.43],[-32.65,39.5],[-32.66,39.57],[-32.59,39.67],[-32.48,39.95],[-32.22,40.07],[-32.02,40.07],[-31.99,39.84],[-32.1,39.67],[-31.92,39.58],[-31.9,39.64],[-31.97,39.92],[-31.96,39.99],[-31.87,40.09],[-31.72,40.01]],[[-27.1,40.68],[-26.81,40.56],[-26.74,40.44],[-26.57,40.42],[-26.48,40.28],[-26.45,40.13],[-26.56,40.11],[-26.95,40.26],[-27.02,40.39],[-27.19,40.49],[-27.22,40.54],[-27.21,40.62],[-27.1,40.68]],[[-27.64,40.44],[-27.6,40.39],[-27.61,40.28],[-27.7,40.23],[-27.78,40.23],[-27.84,40.27],[-27.96,40.51],[-27.88,40.54],[-27.85,40.53],[-27.83,40.43],[-27.64,40.44]],[[-28.35,40.25],[-28.4,40.22],[-28.46,40.25],[-28.5,40.31],[-28.48,40.42],[-28.4,40.49],[-28.35,40.48],[-28.32,40.43],[-28.32,40.3],[-28.35,40.25]],[[-28.15,40.27],[-28.26,40.31],[-28.21,40.43],[-28.13,40.47],[-27.96,40.44],[-27.93,40.33],[-27.96,40.29],[-28.15,40.27]],[[-28.13,40.54],[-28.19,40.51],[-28.26,40.52],[-28.3,40.61],[-28.24,40.68],[-28.18,40.67],[-28.12,40.6],[-28.13,40.54]],[[-13.95,37.59],[-13.81,37.59],[-13.78,37.54],[-13.79,37.48],[-13.86,37.44],[-14.07,37.44],[-14.19,37.4],[-14.27,37.43],[-14.27,37.5],[-14.22,37.54],[-14.11,37.54],[-13.95,37.59]],[[-14.42,37.48],[-14.39,37.44],[-14.4,37.32],[-14.49,37.25],[-14.57,37.27],[-14.63,37.37],[-14.62,37.42],[-14.48,37.48],[-14.42,37.48]],[[-14.44,37.14],[-13.82,37.16],[-13.75,37.12],[-13.72,37.03],[-13.76,36.95],[-13.92,36.82],[-14.04,36.82],[-14.1,36.6],[-14.16,36.53],[-14.59,36.59],[-14.69,36.64],[-14.86,36.53],[-14.88,36.36],[-14.96,36.31],[-15.01,36.32],[-15.1,36.49],[-15.07,36.7],[-14.98,36.77],[-14.86,36.79],[-14.69,36.96],[-14.57,36.98],[-14.44,37.14]],[[-11.32,36.82],[-11.08,36.99],[-10.78,37.04],[-10.73,37.01],[-10.79,36.83],[-11.0,36.6],[-11.23,36.55],[-11.3,36.43],[-11.55,36.3],[-11.71,36.28],[-11.83,36.34],[-11.88,36.41],[-11.95,36.42],[-11.93,36.52],[-11.58,36.73],[-11.32,36.82]],[[-14.46,36.41],[-14.43,36.37],[-14.44,36.25],[-14.53,36.18],[-14.59,36.19],[-14.65,36.27],[-14.62,36.38],[-14.46,36.41]],[[-15.02,36.31],[-14.96,36.21],[-14.94,36.09],[-15.0,35.95],[-15.14,35.96],[-15.41,36.05],[-15.43,36.13],[-15.4,36.19],[-15.18,36.28],[-15.02,36.31]],[[-32.46,35.96],[-32.41,35.88],[-32.42,35.84],[-32.51,35.81],[-32.58,35.84],[-32.54,35.93],[-32.46,35.96]],[[-25.59,36.76],[-25.6,36.67],[-25.64,36.62],[-25.7,36.6],[-25.75,36.62],[-25.78,36.69],[-25.73,36.82],[-25.77,36.88],[-25.75,36.92],[-25.63,36.96],[-25.59,36.76]],[[-27.34,36.91],[-27.36,36.86],[-27.41,36.86],[-27.62,36.96],[-27.79,37.16],[-27.77,37.27],[-27.66,37.3],[-27.38,37.13],[-27.26,37.23],[-27.19,37.22],[-27.19,37.13],[-27.1,37.07],[-27.1,36.98],[-27.25,36.95],[-27.26,37.08],[-27.35,37.02],[-27.34,36.91]],[[-28.12,37.14],[-28.18,37.11],[-28.22,37.18],[-28.1,37.22],[-28.15,37.3],[-28.1,37.37],[-27.98,37.37],[-27.86,37.29],[-27.88,37.18],[-28.0,37.15],[-28.08,37.2],[-28.12,37.14]],[[-27.02,37.31],[-26.93,37.29],[-26.95,37.21],[-27.04,37.16],[-27.14,37.18],[-27.13,37.26],[-27.02,37.31]],[[-26.27,37.21],[-26.2,37.28],[-26.03,37.22],[-25.94,37.13],[-25.94,37.03],[-26.04,37.0],[-26.17,37.05],[-26.26,37.16],[-26.27,37.21]],[[-33.7,35.53],[-33.76,35.58],[-33.76,35.62],[-33.7,35.68],[-33.61,35.68],[-33.58,35.56],[-33.61,35.53],[-33.7,35.53]],[[-34.28,35.57],[-34.27,35.52],[-34.3,35.47],[-34.37,35.42],[-34.28,35.22],[-34.32,35.16],[-34.45,35.13],[-34.71,35.17],[-34.85,35.3],[-34.97,35.18],[-35.34,35.2],[-35.47,35.29],[-35.61,35.27],[-35.67,35.47],[-35.57,35.51],[-35.45,35.35],[-35.35,35.42],[-35.09,35.48],[-34.93,35.47],[-34.82,35.42],[-34.7,35.57],[-34.54,35.54],[-34.28,35.57]],[[-34.26,35.14],[-34.15,35.4],[-34.04,35.42],[-34.03,35.36],[-34.1,35.11],[-34.25,35.11],[-34.26,35.14]],[[-15.74,35.12],[-15.81,35.19],[-15.82,35.3],[-15.67,35.42],[-15.26,35.42],[-15.21,35.35],[-15.21,35.22],[-15.27,35.15],[-15.34,35.13],[-15.55,35.17],[-15.74,35.12]],[[-14.76,35.21],[-14.84,35.24],[-14.87,35.31],[-14.79,35.39],[-14.72,35.37],[-14.66,35.26],[-14.69,35.21],[-14.76,35.21]],[[-11.44,35.21],[-11.35,35.17],[-11.34,35.07],[-11.54,35.04],[-11.8,34.86],[-12.12,34.87],[-12.13,34.97],[-11.93,35.13],[-11.44,35.21]],[[-14.43,34.95],[-14.33,34.89],[-14.28,34.78],[-14.37,34.47],[-14.66,34.58],[-14.62,34.94],[-14.53,34.97],[-14.43,34.95]],[[-30.01,34.57],[-29.9,34.48],[-29.9,34.38],[-29.96,34.29],[-30.1,34.25],[-30.02,34.08],[-30.02,33.95],[-30.05,33.83],[-30.13,33.78],[-30.24,33.84],[-30.26,33.94],[-30.42,34.12],[-30.46,34.25],[-30.74,34.48],[-30.61,34.26],[-30.63,34.19],[-30.75,34.15],[-30.84,34.19],[-30.89,34.3],[-30.96,34.34],[-31.3,34.3],[-31.38,34.43],[-31.34,34.54],[-31.21,34.58],[-31.06,34.58],[-30.89,34.51],[-30.91,34.67],[-30.82,34.77],[-30.71,34.81],[-30.65,34.8],[-30.43,34.58],[-30.36,34.37],[-30.22,34.42],[-30.11,34.58],[-30.01,34.57]],[[-28.29,34.14],[-28.24,34.12],[-28.21,34.08],[-28.22,33.84],[-28.07,33.82],[-28.03,33.77],[-28.09,33.68],[-28.2,33.7],[-28.22,33.79],[-28.43,33.76],[-28.51,33.83],[-28.52,34.0],[-28.48,34.1],[-28.43,34.13],[-28.29,34.14]],[[-14.5,33.68],[-14.53,33.73],[-14.53,33.82],[-14.48,33.9],[-14.35,33.99],[-14.25,33.93],[-14.14,33.78],[-14.16,33.69],[-14.22,33.67],[-14.5,33.68]],[[-38.85,33.66],[-38.71,33.6],[-38.5,33.6],[-38.49,33.51],[-38.59,33.36],[-38.76,33.31],[-38.78,33.19],[-38.96,33.16],[-39.07,33.26],[-39.08,33.35],[-38.97,33.64],[-38.85,33.66]],[[-38.39,33.44],[-38.45,33.48],[-38.42,33.53],[-38.22,33.53],[-38.17,33.48],[-38.19,33.42],[-38.3,33.46],[-38.39,33.44]],[[-29.46,33.39],[-29.21,33.29],[-28.99,33.36],[-28.78,33.31],[-28.66,33.31],[-28.62,33.22],[-28.69,33.12],[-28.78,33.07],[-29.2,33.15],[-29.5,33.07],[-29.93,33.17],[-30.19,33.18],[-30.25,33.3],[-30.25,33.34],[-30.19,33.37],[-29.46,33.39]],[[-16.46,32.93],[-16.57,33.05],[-16.63,33.19],[-16.63,33.32],[-16.57,33.37],[-16.42,33.31],[-16.3,33.31],[-16.15,33.19],[-16.13,33.11],[-16.15,32.98],[-16.24,32.9],[-16.38,32.9],[-16.46,32.93],[-16.46,32.78],[-16.38,32.66],[-16.31,32.4],[-16.35,32.34],[-16.42,32.32],[-16.58,32.35],[-16.67,32.52],[-16.73,32.57],[-16.87,32.52],[-16.98,32.52],[-17.11,32.56],[-17.21,32.64],[-17.34,32.58],[-17.42,32.82],[-17.39,32.89],[-17.26,33.0],[-17.17,33.03],[-17.09,33.02],[-17.02,32.98],[-16.7,33.0],[-16.46,32.93]],[[-28.29,33.14],[-28.22,33.1],[-28.25,33.0],[-28.3,32.97],[-28.39,33.0],[-28.43,33.05],[-28.42,33.12],[-28.29,33.14]],[[-39.31,32.97],[-39.26,32.92],[-39.31,32.78],[-39.48,32.78],[-39.68,32.71],[-39.72,32.74],[-39.72,32.82],[-39.57,32.93],[-39.31,32.97]],[[-39.03,32.93],[-38.98,32.9],[-38.97,32.84],[-39.01,32.79],[-39.1,32.77],[-39.12,32.79],[-39.12,32.9],[-39.03,32.93]],[[-27.88,32.77],[-27.84,32.86],[-27.77,32.87],[-27.66,32.81],[-27.63,32.73],[-27.65,32.69],[-27.73,32.66],[-27.83,32.7],[-27.88,32.77]],[[-40.1,32.67],[-40.22,32.65],[-40.29,32.71],[-40.27,32.83],[-40.22,32.86],[-40.27,33.07],[-40.15,33.11],[-40.06,33.1],[-39.99,32.99],[-40.03,32.9],[-40.13,32.86],[-40.08,32.77],[-40.1,32.67]],[[-39.2,32.64],[-39.14,32.62],[-39.14,32.52],[-39.24,32.5],[-39.32,32.54],[-39.32,32.57],[-39.2,32.64]],[[-27.65,32.54],[-27.53,32.56],[-27.36,32.4],[-27.26,32.15],[-27.28,32.06],[-27.46,31.99],[-27.62,31.78],[-28.03,31.78],[-28.21,31.84],[-28.28,31.83],[-28.36,31.74],[-28.39,31.66],[-28.2,31.58],[-28.08,31.46],[-28.06,31.26],[-28.31,31.09],[-28.79,31.09],[-28.85,31.22],[-29.08,31.46],[-29.12,31.57],[-29.11,31.62],[-28.99,31.68],[-28.94,31.66],[-28.77,31.47],[-28.71,31.44],[-28.58,31.46],[-28.45,31.61],[-28.53,31.65],[-28.58,31.79],[-28.55,31.85],[-28.42,31.87],[-28.46,32.04],[-28.46,32.33],[-28.3,32.5],[-28.22,32.53],[-28.09,32.49],[-28.07,32.34],[-27.98,32.32],[-27.9,32.36],[-27.86,32.47],[-27.69,32.49],[-27.65,32.54]],[[-13.07,31.77],[-12.78,31.87],[-12.74,31.83],[-12.75,31.78],[-12.93,31.63],[-13.13,31.63],[-13.14,31.71],[-13.07,31.77]],[[-13.8,31.09],[-13.76,31.28],[-13.6,31.33],[-13.49,31.3],[-13.41,31.14],[-13.42,31.08],[-13.46,31.05],[-13.74,31.01],[-13.8,31.09]],[[-12.94,31.01],[-12.87,31.1],[-12.53,31.18],[-12.45,31.14],[-12.41,31.03],[-12.48,30.91],[-12.62,30.94],[-12.77,30.89],[-12.9,30.91],[-12.94,31.01]],[[-28.54,31.0],[-28.49,30.96],[-28.48,30.85],[-28.49,30.79],[-28.53,30.77],[-28.73,30.8],[-28.82,30.88],[-28.82,30.93],[-28.75,31.0],[-28.54,31.0]],[[-13.24,30.76],[-13.1,30.84],[-12.98,30.82],[-12.95,30.7],[-13.01,30.54],[-13.15,30.53],[-13.18,30.47],[-13.19,30.35],[-13.22,30.33],[-13.39,30.31],[-13.57,30.22],[-13.63,30.24],[-13.67,30.33],[-13.6,30.49],[-13.46,30.6],[-13.3,30.65],[-13.24,30.76]],[[-15.79,30.29],[-15.71,30.22],[-15.81,30.06],[-15.94,29.97],[-16.07,29.97],[-16.14,30.01],[-16.16,30.09],[-16.1,30.19],[-15.92,30.28],[-15.79,30.29]],[[-28.31,30.27],[-28.23,30.19],[-28.17,30.0],[-28.2,29.74],[-28.25,29.69],[-28.22,29.56],[-28.25,29.52],[-28.3,29.52],[-28.46,29.55],[-28.8,29.9],[-28.8,30.19],[-28.76,30.23],[-28.45,30.33],[-28.31,30.27]],[[-28.94,29.76],[-28.87,29.67],[-28.87,29.57],[-28.98,29.54],[-29.07,29.57],[-29.11,29.64],[-29.07,29.71],[-28.94,29.76]],[[-42.44,30.03],[-42.42,29.92],[-42.49,29.87],[-42.53,29.88],[-42.56,29.95],[-42.55,30.02],[-42.44,30.03]],[[-42.07,30.25],[-42.05,30.12],[-42.11,30.08],[-42.19,30.09],[-42.21,30.13],[-42.19,30.19],[-42.12,30.25],[-42.07,30.25]],[[-41.74,30.56],[-41.67,30.5],[-41.67,30.42],[-41.74,30.38],[-41.84,30.41],[-41.88,30.48],[-41.86,30.53],[-41.74,30.56]],[[-41.59,30.74],[-41.48,30.68],[-41.47,30.6],[-41.56,30.57],[-41.72,30.6],[-41.73,30.69],[-41.59,30.74]],[[-40.98,30.96],[-41.02,30.92],[-41.16,30.89],[-41.3,30.93],[-41.34,30.98],[-41.32,31.04],[-41.18,31.01],[-41.04,31.05],[-40.99,31.03],[-40.98,30.96]],[[-40.73,31.42],[-40.71,31.36],[-40.77,31.26],[-40.95,31.18],[-41.04,31.2],[-41.03,31.28],[-40.94,31.42],[-40.73,31.42]],[[-40.63,31.43],[-40.73,31.49],[-40.75,31.54],[-40.73,31.58],[-40.56,31.59],[-40.48,31.56],[-40.47,31.47],[-40.5,31.44],[-40.63,31.43]],[[-65.12,31.87],[-65.28,31.9],[-65.29,32.01],[-65.15,32.2],[-65.14,32.35],[-64.96,32.58],[-64.61,32.64],[-64.47,32.58],[-64.41,32.46],[-64.43,32.32],[-64.56,32.23],[-64.63,32.23],[-64.73,32.16],[-64.85,32.13],[-64.94,32.0],[-65.12,31.87]],[[-39.93,32.55],[-39.86,32.62],[-39.81,32.59],[-39.75,32.39],[-39.76,32.35],[-39.84,32.35],[-39.86,32.4],[-39.93,32.42],[-39.93,32.55]],[[-40.21,32.53],[-40.18,32.49],[-40.19,32.37],[-40.28,32.29],[-40.34,32.3],[-40.38,32.37],[-40.36,32.48],[-40.26,32.53],[-40.21,32.53]],[[-40.08,32.25],[-39.86,32.28],[-39.77,32.24],[-39.76,32.14],[-39.85,31.99],[-39.96,31.94],[-40.36,31.98],[-40.37,32.05],[-40.33,32.12],[-40.08,32.25]],[[-40.63,32.18],[-40.58,32.15],[-40.54,32.06],[-40.57,31.96],[-40.61,31.92],[-40.75,31.9],[-40.86,31.93],[-40.96,32.0],[-40.96,32.05],[-40.89,32.1],[-40.63,32.18]],[[-64.49,32.82],[-64.43,32.75],[-64.44,32.69],[-64.51,32.66],[-64.62,32.71],[-64.62,32.77],[-64.58,32.81],[-64.49,32.82]],[[-13.22,32.68],[-13.32,32.74],[-13.32,32.8],[-13.25,32.87],[-13.17,32.89],[-13.12,32.85],[-13.08,32.75],[-13.11,32.7],[-13.22,32.68]],[[-39.29,33.46],[-39.31,33.31],[-39.38,33.24],[-39.63,33.23],[-39.67,33.26],[-39.67,33.36],[-39.8,33.38],[-39.77,33.47],[-39.69,33.53],[-39.6,33.52],[-39.48,33.44],[-39.29,33.46]],[[-62.29,33.52],[-62.26,33.46],[-62.28,33.43],[-62.4,33.46],[-62.42,33.6],[-62.54,33.67],[-62.54,33.79],[-62.45,33.81],[-62.4,33.77],[-62.4,33.7],[-62.29,33.69],[-62.29,33.52]],[[-37.59,33.8],[-37.63,33.87],[-37.63,33.96],[-37.58,34.03],[-37.52,34.05],[-36.97,33.94],[-36.76,33.98],[-36.72,33.94],[-36.73,33.88],[-36.84,33.83],[-37.59,33.8]],[[-37.77,34.02],[-37.8,33.86],[-37.89,33.86],[-37.97,33.89],[-37.94,34.03],[-37.79,34.06],[-37.77,34.02]],[[-38.06,34.02],[-38.06,33.91],[-38.12,33.86],[-38.16,33.86],[-38.18,34.01],[-38.06,34.02]],[[-38.3,34.02],[-38.37,34.04],[-38.38,34.1],[-38.35,34.15],[-38.26,34.19],[-38.24,34.08],[-38.3,34.02]],[[-37.33,34.11],[-37.49,34.25],[-37.51,34.32],[-37.66,34.32],[-37.69,34.37],[-37.67,34.45],[-37.57,34.48],[-37.47,34.44],[-37.16,34.48],[-37.2,34.15],[-37.27,34.1],[-37.33,34.11]],[[-51.59,34.28],[-51.69,34.27],[-51.78,34.34],[-51.79,34.44],[-51.74,34.49],[-51.67,34.51],[-51.56,34.45],[-51.54,34.37],[-51.59,34.28]],[[-37.84,34.48],[-37.9,34.51],[-37.93,34.57],[-37.9,34.63],[-37.82,34.67],[-37.76,34.62],[-37.75,34.55],[-37.78,34.49],[-37.84,34.48]],[[-49.6,34.65],[-49.7,34.59],[-49.78,34.59],[-50.09,34.78],[-50.26,34.7],[-50.55,34.71],[-50.62,34.75],[-50.65,34.85],[-50.59,34.92],[-50.54,34.94],[-50.2,34.92],[-50.14,34.87],[-50.02,34.9],[-49.85,34.82],[-49.64,34.8],[-49.59,34.75],[-49.6,34.65]],[[-49.0,34.9],[-49.13,34.98],[-49.13,35.11],[-49.0,35.18],[-48.89,35.18],[-48.8,35.05],[-48.79,34.97],[-48.91,34.9],[-49.0,34.9]],[[-48.17,35.09],[-48.19,35.14],[-48.18,35.32],[-48.14,35.38],[-48.08,35.4],[-48.02,35.31],[-48.03,35.16],[-48.11,35.07],[-48.17,35.09]],[[-51.23,35.37],[-51.3,35.33],[-51.36,35.33],[-51.61,35.48],[-51.62,35.57],[-51.26,35.6],[-51.19,35.49],[-51.23,35.37]],[[-51.76,35.58],[-51.79,35.49],[-51.96,35.45],[-52.05,35.5],[-52.07,35.6],[-52.03,35.69],[-51.95,35.71],[-51.81,35.67],[-51.76,35.58]],[[-47.73,35.12],[-47.81,35.17],[-47.83,35.24],[-47.78,35.3],[-47.69,35.31],[-47.63,35.27],[-47.61,35.2],[-47.65,35.13],[-47.73,35.12]],[[-36.29,35.14],[-36.18,35.2],[-36.06,35.22],[-35.74,35.14],[-35.54,35.14],[-35.48,35.1],[-35.47,35.02],[-35.53,34.92],[-35.6,34.89],[-35.82,35.03],[-35.93,35.02],[-35.95,34.96],[-35.8,34.95],[-35.75,34.86],[-35.9,34.73],[-35.88,34.65],[-35.93,34.61],[-35.99,34.63],[-36.0,34.7],[-36.09,34.74],[-36.41,34.73],[-36.43,34.83],[-36.5,34.78],[-36.58,34.61],[-36.82,34.63],[-36.89,34.8],[-37.05,34.85],[-37.02,34.94],[-36.82,35.06],[-36.72,35.04],[-36.6,35.12],[-36.51,35.11],[-36.41,34.99],[-36.29,35.14]],[[-13.18,35.09],[-13.13,35.16],[-12.93,35.19],[-12.79,35.17],[-12.74,35.1],[-12.77,35.0],[-12.9,34.96],[-13.12,35.0],[-13.18,35.09]],[[-16.41,35.0],[-16.37,34.95],[-16.38,34.9],[-16.44,34.81],[-16.52,34.8],[-16.53,34.95],[-16.41,35.0]],[[-27.32,34.97],[-27.35,34.84],[-27.43,34.75],[-27.61,34.65],[-27.72,34.66],[-27.73,34.74],[-27.67,34.87],[-27.53,35.02],[-27.41,35.06],[-27.36,35.04],[-27.32,34.97]],[[-37.28,34.83],[-37.29,34.7],[-37.35,34.64],[-37.4,34.67],[-37.39,34.75],[-37.37,34.8],[-37.28,34.83]],[[-36.93,34.47],[-36.54,34.4],[-36.46,34.35],[-36.45,34.26],[-36.5,34.21],[-36.77,34.16],[-37.02,34.19],[-37.07,34.25],[-37.05,34.36],[-36.98,34.46],[-36.93,34.47]],[[-36.35,34.23],[-36.39,34.29],[-36.36,34.34],[-36.27,34.38],[-36.21,34.36],[-36.18,34.28],[-36.2,34.24],[-36.35,34.23]],[[-30.98,34.1],[-30.89,34.11],[-30.82,34.08],[-30.79,33.98],[-30.86,33.95],[-30.95,33.97],[-31.01,34.03],[-30.98,34.1]],[[-50.68,36.01],[-50.6,35.96],[-50.61,35.85],[-50.71,35.8],[-50.82,35.85],[-50.85,35.94],[-50.78,36.0],[-50.68,36.01]],[[-52.13,36.27],[-52.08,36.2],[-52.13,36.14],[-52.25,36.09],[-52.32,36.12],[-52.34,36.18],[-52.28,36.25],[-52.13,36.27]],[[-51.26,36.5],[-51.23,36.41],[-51.27,36.3],[-51.32,36.28],[-51.41,36.3],[-51.44,36.36],[-51.41,36.43],[-51.31,36.5],[-51.26,36.5]],[[-34.62,37.06],[-34.58,36.98],[-34.64,36.94],[-34.83,36.94],[-34.95,36.99],[-34.85,37.11],[-34.8,37.06],[-34.62,37.06]],[[-59.77,37.6],[-59.71,37.54],[-59.77,37.45],[-59.88,37.45],[-59.96,37.5],[-59.88,37.58],[-59.77,37.6]],[[-62.14,38.15],[-62.09,38.1],[-62.1,38.0],[-62.13,37.97],[-62.22,37.98],[-62.28,38.05],[-62.27,38.09],[-62.21,38.15],[-62.14,38.15]],[[-62.38,38.14],[-62.45,38.13],[-62.54,38.18],[-62.58,38.29],[-62.5,38.34],[-62.42,38.31],[-62.34,38.2],[-62.38,38.14]],[[-63.21,38.62],[-63.1,38.55],[-63.15,38.45],[-63.27,38.47],[-63.32,38.54],[-63.26,38.62],[-63.21,38.62]],[[-33.15,38.65],[-33.15,39.11],[-33.02,39.34],[-33.02,39.48],[-32.85,39.79],[-32.71,39.82],[-32.66,39.78],[-32.78,39.5],[-32.7,39.36],[-32.7,39.19],[-32.81,39.1],[-32.81,39.0],[-32.86,38.98],[-32.95,38.81],[-33.0,38.64],[-33.15,38.65]],[[-63.95,38.82],[-64.03,38.77],[-64.08,38.78],[-64.08,38.9],[-63.95,38.92],[-63.93,38.87],[-63.95,38.82]],[[-61.0,38.91],[-61.15,38.99],[-61.17,39.1],[-61.02,39.15],[-60.89,39.05],[-60.86,38.95],[-61.0,38.91]],[[-60.55,38.92],[-60.47,38.98],[-60.42,38.94],[-60.4,38.85],[-60.43,38.82],[-60.49,38.82],[-60.54,38.86],[-60.55,38.92]],[[-65.33,39.48],[-65.3,39.34],[-65.36,39.27],[-65.42,39.29],[-65.46,39.34],[-65.45,39.42],[-65.37,39.49],[-65.33,39.48]],[[-67.36,40.0],[-67.28,39.93],[-67.3,39.86],[-67.4,39.83],[-67.51,39.88],[-67.51,39.96],[-67.36,40.0]],[[-32.35,40.15],[-32.45,40.06],[-32.52,40.08],[-32.55,40.18],[-32.51,40.38],[-32.37,40.41],[-32.32,40.38],[-32.31,40.31],[-32.35,40.15]],[[-31.2,40.32],[-31.23,40.39],[-31.21,40.47],[-31.08,40.5],[-31.07,40.36],[-31.14,40.3],[-31.2,40.32]],[[-31.01,40.34],[-30.98,40.47],[-30.91,40.54],[-30.81,40.56],[-30.72,40.51],[-30.71,40.44],[-30.78,40.33],[-30.82,40.13],[-30.9,40.11],[-30.96,40.16],[-31.01,40.34]],[[-31.06,40.54],[-31.13,40.54],[-31.13,40.66],[-31.0,40.69],[-30.97,40.65],[-31.06,40.54]],[[-31.22,40.67],[-31.27,40.66],[-31.31,40.69],[-31.32,40.78],[-31.27,40.9],[-31.43,40.98],[-31.45,41.03],[-31.43,41.1],[-31.33,41.15],[-31.08,41.06],[-31.05,40.98],[-31.1,40.8],[-31.22,40.67]],[[-31.47,40.9],[-31.42,40.87],[-31.42,40.79],[-31.49,40.76],[-31.57,40.79],[-31.56,40.87],[-31.47,40.9]],[[-30.87,41.07],[-30.86,41.13],[-30.8,41.19],[-30.72,41.15],[-30.68,41.07],[-30.71,41.0],[-30.77,40.99],[-30.85,41.03],[-30.87,41.07]],[[-30.39,41.05],[-30.24,41.11],[-30.12,41.26],[-29.93,41.28],[-29.85,41.33],[-29.77,41.44],[-29.64,41.45],[-29.67,41.5],[-29.81,41.51],[-29.86,41.57],[-29.86,41.64],[-29.81,41.69],[-29.83,41.83],[-29.64,42.0],[-29.68,42.04],[-29.8,42.05],[-29.83,42.1],[-29.82,42.18],[-29.68,42.2],[-29.66,42.23],[-29.66,42.38],[-29.75,42.56],[-29.76,42.66],[-29.69,42.72],[-29.58,42.69],[-29.61,42.77],[-29.69,42.84],[-29.68,43.12],[-29.4,43.15],[-29.35,43.1],[-29.35,42.98],[-29.42,42.84],[-29.35,42.67],[-29.38,42.6],[-29.45,42.55],[-29.44,42.41],[-29.5,42.36],[-29.42,42.3],[-29.26,42.25],[-29.23,42.17],[-29.33,42.02],[-29.23,41.86],[-29.23,41.73],[-29.42,41.47],[-29.33,41.38],[-29.33,41.23],[-29.25,41.06],[-29.26,40.95],[-29.36,40.67],[-29.46,40.63],[-29.67,40.61],[-29.81,40.63],[-29.86,40.8],[-30.06,40.88],[-30.09,40.92],[-30.09,41.0],[-30.04,41.04],[-29.9,41.04],[-29.94,41.11],[-30.04,41.09],[-30.21,40.93],[-30.38,40.92],[-30.39,41.05]],[[-31.1,41.47],[-31.02,41.28],[-31.04,41.25],[-31.13,41.23],[-31.22,41.28],[-31.23,41.4],[-31.2,41.47],[-31.1,41.47],[-31.14,41.59],[-31.05,41.69],[-30.84,41.75],[-30.74,41.69],[-30.6,41.69],[-30.53,41.57],[-30.54,41.5],[-30.6,41.45],[-30.74,41.5],[-30.86,41.45],[-31.1,41.47]],[[-30.59,42.1],[-30.54,42.05],[-30.53,41.96],[-30.62,41.9],[-30.73,41.93],[-30.75,42.02],[-30.67,42.09],[-30.59,42.1]],[[-29.87,42.49],[-29.83,42.41],[-29.89,42.35],[-30.14,42.28],[-30.24,42.31],[-30.25,42.39],[-30.17,42.5],[-30.07,42.46],[-29.87,42.49]],[[-30.11,42.67],[-30.12,42.53],[-30.24,42.53],[-30.22,42.7],[-30.15,42.72],[-30.11,42.67]],[[-29.88,42.68],[-29.95,42.79],[-30.11,42.74],[-30.16,42.77],[-30.19,42.83],[-30.15,42.93],[-30.0,43.06],[-29.99,43.09],[-29.86,43.13],[-29.8,43.07],[-29.86,42.98],[-29.87,42.87],[-29.76,42.84],[-29.79,42.7],[-29.88,42.68]],[[-28.34,43.15],[-28.28,43.18],[-28.18,43.16],[-28.16,43.05],[-28.25,42.98],[-28.39,42.99],[-28.42,43.08],[-28.34,43.15]],[[-28.66,43.12],[-28.57,42.99],[-28.58,42.91],[-28.62,42.89],[-28.77,42.93],[-28.84,43.0],[-28.8,43.1],[-28.75,43.13],[-28.66,43.12]],[[-29.14,43.21],[-29.38,43.34],[-29.64,43.35],[-29.69,43.46],[-29.64,43.5],[-29.41,43.56],[-29.18,43.55],[-29.1,43.51],[-29.06,43.42],[-29.09,43.27],[-29.14,43.21]],[[-30.01,43.32],[-30.07,43.27],[-30.13,43.28],[-30.17,43.34],[-30.16,43.39],[-30.06,43.45],[-30.01,43.4],[-30.01,43.32]],[[-28.58,43.22],[-28.88,43.36],[-28.9,43.43],[-28.87,43.51],[-28.67,43.58],[-28.54,43.56],[-28.48,43.45],[-28.47,43.29],[-28.51,43.22],[-28.58,43.22]],[[-28.96,43.76],[-29.04,43.66],[-29.15,43.61],[-29.21,43.61],[-29.26,43.66],[-29.25,43.72],[-29.2,43.78],[-28.95,43.89],[-28.91,43.85],[-28.96,43.76]],[[-53.48,43.74],[-53.41,43.63],[-53.45,43.54],[-53.53,43.6],[-53.57,43.71],[-53.54,43.75],[-53.48,43.74]],[[-42.98,29.11],[-43.02,29.16],[-43.0,29.21],[-42.89,29.27],[-42.87,29.15],[-42.94,29.1],[-42.98,29.11]],[[-17.8,28.28],[-18.1,28.57],[-18.13,28.63],[-18.1,28.92],[-17.88,29.02],[-17.8,29.02],[-17.66,28.94],[-17.56,28.7],[-17.58,28.58],[-17.69,28.44],[-17.71,28.3],[-17.8,28.28]],[[-17.09,28.49],[-16.92,28.58],[-16.66,28.66],[-16.49,28.66],[-16.26,28.74],[-16.06,28.76],[-15.98,28.73],[-15.96,28.69],[-15.99,28.52],[-16.08,28.42],[-16.15,28.14],[-16.56,27.86],[-16.74,27.86],[-16.8,27.96],[-17.28,27.91],[-17.52,28.06],[-17.56,28.21],[-17.54,28.39],[-17.36,28.42],[-17.26,28.49],[-17.09,28.49]],[[-17.76,27.89],[-17.76,27.77],[-17.93,27.47],[-18.05,27.5],[-18.26,27.71],[-18.25,27.86],[-18.08,27.94],[-17.84,27.96],[-17.76,27.89]],[[-44.62,26.19],[-44.54,26.18],[-44.54,26.11],[-44.63,26.07],[-44.72,26.08],[-44.69,26.16],[-44.62,26.19]],[[-18.72,26.07],[-18.62,26.15],[-18.58,26.08],[-18.62,26.0],[-18.69,25.97],[-18.73,26.01],[-18.72,26.07]],[[-20.26,26.07],[-20.23,25.98],[-20.27,25.89],[-20.32,25.86],[-20.4,25.88],[-20.43,25.95],[-20.4,26.02],[-20.31,26.07],[-20.26,26.07]],[[-26.12,25.9],[-26.1,25.82],[-26.17,25.73],[-26.29,25.71],[-26.35,25.75],[-26.36,25.81],[-26.34,25.84],[-26.12,25.9]],[[-44.78,25.84],[-44.74,25.74],[-44.82,25.67],[-44.88,25.69],[-44.95,25.77],[-44.95,25.82],[-44.78,25.84]],[[-19.52,25.3],[-19.57,25.42],[-19.55,25.49],[-19.42,25.56],[-19.33,25.53],[-19.26,25.43],[-19.26,25.3],[-19.31,25.25],[-19.38,25.23],[-19.52,25.3]],[[-45.64,25.27],[-45.61,25.22],[-45.65,25.03],[-45.72,25.01],[-45.81,25.03],[-45.85,25.09],[-45.85,25.16],[-45.74,25.26],[-45.64,25.27]],[[-20.74,23.81],[-20.8,23.87],[-20.78,23.97],[-20.69,24.01],[-20.59,23.99],[-20.55,23.94],[-20.57,23.86],[-20.63,23.82],[-20.74,23.81]],[[-74.37,23.52],[-74.35,23.59],[-74.28,23.61],[-74.18,23.49],[-74.17,23.4],[-74.21,23.38],[-74.29,23.38],[-74.37,23.52]],[[-73.92,23.03],[-74.02,23.14],[-73.96,23.23],[-73.54,23.19],[-73.46,23.12],[-73.5,23.02],[-73.66,22.97],[-73.81,22.98],[-73.92,23.03]],[[-74.23,23.02],[-74.03,22.88],[-73.78,22.87],[-73.65,22.78],[-73.39,22.72],[-73.2,22.58],[-72.84,22.56],[-72.74,22.49],[-72.58,22.45],[-72.54,22.34],[-72.6,22.27],[-72.77,22.21],[-73.03,22.24],[-73.08,22.22],[-72.99,22.18],[-72.96,22.13],[-73.09,21.91],[-73.18,21.88],[-73.27,21.94],[-73.27,21.79],[-73.41,21.73],[-73.46,21.67],[-73.7,21.65],[-73.88,21.58],[-74.03,21.6],[-74.18,21.51],[-74.3,21.53],[-74.4,21.7],[-74.37,21.77],[-74.23,21.81],[-74.25,21.99],[-74.43,21.91],[-74.59,21.98],[-74.73,21.99],[-74.74,22.1],[-74.69,22.19],[-74.58,22.29],[-74.45,22.3],[-74.45,22.34],[-74.51,22.4],[-74.62,22.44],[-74.83,22.42],[-74.9,22.57],[-74.87,22.7],[-74.81,22.75],[-74.6,22.69],[-74.47,22.82],[-74.5,22.92],[-74.47,22.98],[-74.23,23.02]],[[-72.19,22.02],[-72.14,22.06],[-71.82,22.11],[-71.71,21.98],[-71.58,21.97],[-71.47,21.89],[-71.3,21.86],[-71.18,21.67],[-71.02,21.7],[-70.93,21.68],[-70.89,21.61],[-70.89,21.5],[-70.82,21.38],[-70.9,21.19],[-71.06,21.15],[-71.03,21.06],[-70.87,21.14],[-70.66,21.15],[-70.61,21.34],[-70.54,21.35],[-70.47,21.31],[-70.37,21.1],[-70.36,20.9],[-70.42,20.44],[-70.49,20.42],[-70.65,20.63],[-70.76,20.71],[-70.88,20.69],[-71.0,20.57],[-71.09,20.54],[-71.28,20.64],[-71.66,20.62],[-71.76,20.78],[-71.98,20.9],[-72.03,21.06],[-72.29,21.26],[-72.29,21.38],[-72.33,21.45],[-72.5,21.54],[-72.6,21.52],[-72.65,21.43],[-72.82,21.38],[-72.82,21.19],[-72.96,21.0],[-72.92,20.93],[-72.76,20.9],[-72.74,20.85],[-72.78,20.71],[-72.91,20.61],[-72.99,20.59],[-73.2,20.69],[-73.39,20.61],[-73.7,20.65],[-73.83,20.71],[-74.09,20.74],[-74.11,20.84],[-74.06,20.98],[-73.85,20.95],[-73.8,21.01],[-73.75,21.26],[-73.47,21.41],[-73.34,21.43],[-73.32,21.6],[-73.12,21.66],[-72.64,21.67],[-72.57,21.72],[-72.53,21.91],[-72.36,22.01],[-72.19,22.02]],[[-70.12,20.44],[-70.05,20.61],[-70.08,20.97],[-69.99,21.03],[-69.9,21.03],[-69.75,20.96],[-69.57,20.8],[-69.32,20.74],[-69.29,20.69],[-69.3,20.51],[-69.48,20.4],[-69.36,20.3],[-69.41,20.19],[-69.55,20.16],[-69.64,19.99],[-69.72,19.9],[-69.84,19.92],[-69.91,19.98],[-69.89,20.08],[-69.79,20.17],[-69.81,20.21],[-70.01,20.24],[-70.12,20.44]],[[-69.4,19.98],[-69.43,20.01],[-69.42,20.08],[-69.34,20.18],[-69.34,20.3],[-69.23,20.49],[-69.15,20.53],[-69.02,20.51],[-68.98,20.45],[-69.0,20.38],[-69.12,20.28],[-69.28,20.0],[-69.4,19.98]],[[-68.96,20.25],[-68.81,20.37],[-68.72,20.4],[-68.68,20.38],[-68.66,20.33],[-68.69,20.2],[-68.58,19.92],[-68.59,19.82],[-68.73,19.75],[-69.07,19.78],[-69.09,19.84],[-68.96,20.25]],[[-74.19,21.48],[-74.16,21.44],[-74.16,21.4],[-74.18,21.36],[-74.26,21.34],[-74.27,21.18],[-74.35,21.16],[-74.46,21.2],[-74.49,21.26],[-74.46,21.33],[-74.3,21.41],[-74.29,21.45],[-74.19,21.48]],[[-74.65,21.46],[-74.75,21.39],[-74.87,21.38],[-74.91,21.42],[-74.91,21.54],[-74.87,21.58],[-74.66,21.63],[-74.6,21.56],[-74.65,21.46]],[[-67.61,19.03],[-67.73,19.1],[-67.73,19.18],[-67.66,19.2],[-67.51,19.19],[-67.49,19.06],[-67.61,19.03]],[[-46.75,17.4],[-46.75,17.45],[-46.66,17.52],[-46.6,17.51],[-46.56,17.45],[-46.56,17.38],[-46.63,17.33],[-46.75,17.4]],[[-25.63,17.33],[-25.44,17.41],[-25.34,17.35],[-25.0,17.34],[-24.92,17.29],[-24.81,17.13],[-24.57,16.99],[-24.46,16.82],[-24.29,16.82],[-23.97,16.73],[-23.9,16.67],[-23.89,16.55],[-23.97,16.47],[-24.17,16.44],[-24.24,16.3],[-24.41,16.27],[-24.5,16.48],[-24.72,16.54],[-24.84,16.61],[-25.15,16.61],[-25.3,16.8],[-25.47,16.87],[-25.51,16.97],[-25.5,17.08],[-25.67,17.12],[-25.7,17.16],[-25.71,17.25],[-25.63,17.33]],[[-21.98,17.08],[-22.06,17.13],[-22.08,17.22],[-22.01,17.33],[-21.93,17.35],[-21.82,17.28],[-21.8,17.19],[-21.84,17.11],[-21.98,17.08]],[[-23.06,16.99],[-22.89,17.06],[-22.75,17.06],[-22.73,16.87],[-22.66,16.67],[-22.66,16.49],[-22.52,16.33],[-22.29,16.24],[-22.26,16.19],[-22.24,16.05],[-22.27,15.86],[-22.42,15.7],[-22.73,15.73],[-22.82,15.67],[-22.82,15.62],[-22.88,15.6],[-22.9,15.53],[-22.86,15.22],[-22.92,15.12],[-23.04,15.05],[-23.07,14.85],[-23.12,14.83],[-23.23,14.86],[-23.3,14.95],[-23.44,14.82],[-23.63,14.82],[-23.95,14.96],[-23.98,15.03],[-23.98,15.09],[-23.81,15.46],[-23.74,15.48],[-23.64,15.46],[-23.39,15.62],[-23.38,15.82],[-23.23,16.03],[-23.2,16.31],[-23.06,16.49],[-23.19,16.58],[-23.22,16.66],[-23.06,16.99]],[[-22.24,15.7],[-22.26,15.76],[-22.22,15.84],[-22.18,15.87],[-22.1,15.86],[-22.06,15.78],[-22.07,15.7],[-22.14,15.66],[-22.24,15.7]],[[-21.86,15.25],[-21.93,15.28],[-21.96,15.34],[-21.94,15.41],[-21.85,15.44],[-21.78,15.4],[-21.75,15.33],[-21.79,15.26],[-21.86,15.25]],[[-24.32,15.19],[-24.19,15.12],[-24.14,15.05],[-24.14,14.84],[-24.19,14.74],[-24.29,14.69],[-24.55,14.77],[-24.77,14.71],[-24.87,14.77],[-24.87,14.9],[-24.73,15.08],[-24.6,15.12],[-24.53,15.1],[-24.38,15.19],[-24.32,15.19]],[[-48.07,14.98],[-47.97,14.88],[-47.98,14.78],[-48.18,14.81],[-48.27,14.86],[-48.28,14.94],[-48.07,14.98]],[[-48.67,14.96],[-48.62,14.93],[-48.62,14.84],[-48.73,14.82],[-48.78,14.88],[-48.77,14.93],[-48.67,14.96]],[[-49.71,14.89],[-49.8,14.88],[-49.89,14.93],[-49.91,15.02],[-49.87,15.07],[-49.78,15.11],[-49.72,15.08],[-49.68,14.94],[-49.71,14.89]],[[-50.17,15.1],[-50.26,15.07],[-50.3,15.14],[-50.27,15.25],[-50.2,15.31],[-50.14,15.26],[-50.17,15.1]],[[-49.2,14.91],[-49.25,14.97],[-49.21,15.04],[-49.1,15.06],[-49.03,15.02],[-49.04,14.92],[-49.2,14.91]],[[-51.03,15.48],[-50.96,15.41],[-50.98,15.34],[-51.05,15.31],[-51.13,15.34],[-51.17,15.4],[-51.16,15.44],[-51.1,15.49],[-51.03,15.48]],[[-36.1,15.98],[-36.04,15.93],[-36.02,15.83],[-36.09,15.75],[-36.19,15.74],[-36.26,15.81],[-36.26,15.9],[-36.19,15.98],[-36.1,15.98]],[[-44.73,13.56],[-44.79,13.62],[-44.67,13.71],[-44.63,13.57],[-44.67,13.55],[-44.73,13.56]],[[-44.45,10.69],[-44.59,10.71],[-44.63,10.77],[-44.27,10.75],[-44.18,10.71],[-44.14,10.67],[-44.19,10.64],[-44.45,10.69]],[[-34.24,53.65],[-34.24,53.51],[-34.3,53.45],[-34.35,53.49],[-34.35,53.55],[-34.32,53.62],[-34.24,53.65]],[[-25.27,54.67],[-25.54,54.38],[-25.63,54.36],[-25.67,54.41],[-25.64,54.52],[-25.44,54.77],[-25.39,54.96],[-25.32,55.01],[-25.2,55.02],[-25.15,54.99],[-25.13,54.92],[-25.27,54.67]],[[-22.26,54.91],[-22.19,54.9],[-22.12,54.84],[-22.13,54.77],[-22.27,54.74],[-22.42,54.77],[-22.42,54.89],[-22.26,54.91]],[[-33.78,55.39],[-34.15,55.34],[-34.2,55.37],[-34.23,55.42],[-34.17,55.5],[-33.89,55.5],[-33.78,55.46],[-33.78,55.39]],[[-24.21,55.49],[-24.26,55.55],[-24.23,55.62],[-24.03,55.69],[-23.99,55.67],[-23.96,55.61],[-24.01,55.54],[-24.11,55.49],[-24.21,55.49]],[[-33.46,55.92],[-33.61,55.97],[-33.64,56.02],[-33.62,56.11],[-33.51,56.17],[-33.5,56.23],[-33.46,56.26],[-33.45,56.32],[-33.41,56.35],[-33.3,56.37],[-33.17,56.3],[-33.15,56.09],[-33.46,55.92]],[[-32.14,56.35],[-32.07,56.38],[-32.01,56.37],[-31.97,56.29],[-31.99,56.26],[-32.13,56.24],[-32.17,56.3],[-32.14,56.35]],[[-31.18,56.54],[-31.12,56.48],[-31.13,56.42],[-31.18,56.4],[-31.28,56.43],[-31.3,56.48],[-31.27,56.52],[-31.18,56.54]],[[-32.09,56.74],[-32.57,56.74],[-32.69,56.77],[-32.72,56.83],[-32.67,56.87],[-32.24,56.92],[-31.56,56.92],[-31.48,56.86],[-31.51,56.77],[-31.96,56.78],[-32.09,56.74]],[[-31.08,57.53],[-31.01,57.46],[-31.02,57.39],[-31.06,57.34],[-31.2,57.34],[-31.29,57.4],[-31.27,57.45],[-31.2,57.5],[-31.08,57.53]],[[-30.64,57.75],[-30.58,57.72],[-30.57,57.63],[-30.7,57.58],[-30.79,57.61],[-30.8,57.69],[-30.64,57.75]],[[-30.21,57.9],[-30.31,57.88],[-30.41,57.91],[-30.46,57.96],[-30.46,58.03],[-30.14,58.09],[-30.11,57.98],[-30.21,57.9]],[[-20.64,58.06],[-20.64,58.14],[-20.51,58.19],[-20.48,58.17],[-20.52,58.04],[-20.6,58.02],[-20.64,58.06]],[[-29.73,58.05],[-29.71,57.93],[-29.79,57.91],[-29.86,57.94],[-29.83,58.03],[-29.73,58.05]],[[-27.54,58.4],[-27.51,58.32],[-27.63,58.25],[-27.92,58.23],[-27.99,58.25],[-28.04,58.31],[-28.01,58.39],[-27.54,58.4]],[[-28.5,58.94],[-28.49,58.85],[-28.61,58.73],[-28.92,58.7],[-28.94,58.74],[-28.85,58.85],[-28.68,58.92],[-28.5,58.94]],[[-26.66,58.95],[-26.72,59.01],[-26.7,59.08],[-26.57,59.1],[-26.5,59.06],[-26.5,58.97],[-26.66,58.95]],[[-15.55,60.41],[-15.48,60.34],[-15.51,60.27],[-15.64,60.21],[-15.72,60.23],[-15.75,60.28],[-15.72,60.37],[-15.55,60.41]],[[-14.69,61.48],[-14.63,61.43],[-14.65,61.37],[-14.77,61.31],[-14.81,61.21],[-14.93,61.22],[-14.94,61.29],[-14.88,61.32],[-14.76,61.46],[-14.69,61.48]]],[[[-179.62,-17.78],[-179.85,-17.41],[-180.0,-17.38],[-180.0,-17.9],[-179.82,-17.91],[-179.75,-17.99],[-179.84,-18.11],[-180.0,-18.22],[-180.0,-18.41],[-179.93,-18.43],[-179.88,-18.5],[-179.61,-18.49],[-179.48,-18.43],[-179.42,-18.36],[-179.5,-18.24],[-179.66,-18.23],[-179.7,-18.19],[-179.71,-18.12],[-179.57,-17.95],[-179.7,-17.94],[-179.7,-17.87],[-179.6,-17.8],[-179.62,-17.78]]],[[[-179.98,-28.71],[-179.83,-28.54],[-179.88,-28.39],[-179.81,-28.25],[-179.86,-28.22],[-179.9,-28.01],[-179.86,-27.94],[-179.71,-27.89],[-179.74,-27.84],[-180.0,-27.86],[-179.98,-28.71]]],[[[-179.52,-72.0],[-179.41,-71.94],[-179.4,-71.9],[-179.55,-71.74],[-179.71,-71.7],[-180.0,-71.71],[-180.0,-72.17],[-179.89,-72.17],[-179.66,-72.27],[-179.63,-72.24],[-179.66,-72.05],[-179.52,-72.0]]],[[[-179.82,60.32],[-180.0,60.29],[-180.0,54.38],[-179.89,54.34],[-179.64,54.1],[-179.49,54.01],[-179.36,53.77],[-179.32,53.53],[-179.19,53.29],[-179.23,53.14],[-179.16,53.09],[-179.13,52.99],[-179.13,52.89],[-179.23,52.56],[-179.3,52.51],[-179.52,52.03],[-179.63,51.96],[-179.6,51.9],[-179.4,52.01],[-179.28,51.96],[-178.99,52.03],[-178.61,51.98],[-178.44,51.89],[-178.32,52.0],[-178.18,52.06],[-177.6,52.03],[-177.46,52.08],[-177.33,52.06],[-176.92,52.08],[-176.83,52.13],[-176.4,52.15],[-176.22,52.25],[-175.35,52.33],[-175.2,52.39],[-175.01,52.39],[-174.63,52.54],[-174.07,52.61],[-173.9,52.75],[-173.74,52.73],[-173.69,52.79],[-173.54,52.82],[-173.4,52.91],[-173.13,52.89],[-173.22,53.02],[-173.15,53.09],[-172.99,53.08],[-172.87,52.97],[-172.74,53.04],[-172.49,53.02],[-172.42,53.06],[-172.43,53.16],[-172.36,53.26],[-172.06,53.35],[-171.87,53.46],[-171.76,53.43],[-171.73,53.36],[-171.74,53.23],[-171.89,53.09],[-171.86,53.08],[-171.67,53.16],[-171.56,53.17],[-171.46,53.23],[-171.34,53.21],[-171.26,53.3],[-171.11,53.36],[-170.97,53.34],[-170.86,53.19],[-170.77,53.19],[-170.71,53.24],[-170.69,53.39],[-170.61,53.45],[-170.52,53.47],[-170.22,53.41],[-170.2,53.42],[-170.25,53.57],[-170.23,53.64],[-169.77,53.73],[-169.61,53.71],[-169.44,53.47],[-169.41,53.69],[-169.81,53.85],[-170.77,53.7],[-170.94,53.63],[-171.02,53.64],[-171.1,53.71],[-171.11,53.81],[-170.98,53.98],[-171.09,54.12],[-171.07,54.19],[-171.0,54.2],[-170.88,54.14],[-170.88,54.22],[-170.78,54.38],[-170.71,54.41],[-170.54,54.6],[-170.52,54.79],[-170.42,54.88],[-170.3,54.94],[-170.09,54.92],[-169.93,54.82],[-169.7,54.59],[-169.67,54.4],[-169.56,54.27],[-169.32,54.22],[-169.18,54.07],[-168.98,54.05],[-168.88,53.95],[-168.7,53.91],[-168.76,54.05],[-168.74,54.1],[-168.69,54.11],[-168.55,54.1],[-168.41,53.98],[-168.36,54.06],[-168.0,54.14],[-168.26,54.17],[-168.34,54.22],[-168.5,54.22],[-168.62,54.29],[-169.03,54.31],[-169.2,54.43],[-169.32,54.46],[-169.33,54.8],[-169.29,54.83],[-168.73,54.81],[-168.5,54.74],[-168.38,54.84],[-168.29,54.86],[-168.42,54.94],[-168.45,55.0],[-168.63,54.97],[-168.74,55.01],[-168.76,55.07],[-168.71,55.16],[-168.76,55.25],[-168.74,55.39],[-168.96,55.39],[-169.2,55.51],[-169.44,55.54],[-169.42,55.64],[-169.17,55.67],[-169.2,55.78],[-169.39,55.75],[-169.42,55.79],[-169.36,55.85],[-169.49,55.87],[-169.7,55.8],[-170.06,55.87],[-170.26,55.73],[-170.42,55.75],[-170.57,55.73],[-170.62,55.82],[-170.54,55.9],[-170.51,56.01],[-170.59,56.03],[-170.74,55.89],[-170.93,55.84],[-170.97,55.93],[-170.88,56.03],[-171.04,56.06],[-171.19,56.18],[-171.43,56.12],[-171.5,56.14],[-171.6,56.35],[-171.86,56.3],[-171.95,56.33],[-172.0,56.4],[-172.06,56.4],[-172.15,56.26],[-172.32,56.23],[-172.38,56.27],[-172.44,56.4],[-172.63,56.26],[-172.77,56.26],[-173.01,56.35],[-173.06,56.49],[-173.11,56.53],[-173.64,56.76],[-173.66,56.76],[-173.72,56.65],[-173.9,56.67],[-174.0,56.76],[-174.02,56.9],[-174.23,57.02],[-174.24,57.19],[-174.32,57.4],[-174.31,57.43],[-174.12,57.46],[-174.38,57.62],[-174.48,57.82],[-174.67,57.79],[-174.77,57.84],[-174.79,57.92],[-174.73,58.03],[-174.63,58.06],[-174.43,58.03],[-174.38,58.08],[-174.4,58.11],[-174.67,58.08],[-174.69,58.19],[-174.57,58.23],[-174.6,58.28],[-174.64,58.29],[-174.78,58.17],[-174.86,58.18],[-174.97,58.06],[-175.04,58.06],[-175.18,58.15],[-175.27,57.98],[-175.35,57.93],[-175.47,57.91],[-175.62,57.96],[-175.8,58.11],[-175.85,58.2],[-175.77,58.36],[-175.81,58.39],[-175.92,58.37],[-176.04,58.44],[-176.21,58.42],[-176.3,58.46],[-176.4,58.41],[-176.66,58.44],[-176.83,58.37],[-177.01,58.44],[-177.24,58.44],[-177.35,58.56],[-177.41,58.58],[-177.67,58.45],[-177.95,58.42],[-178.23,58.62],[-178.54,58.94],[-178.66,58.99],[-178.78,59.17],[-178.8,59.24],[-178.7,59.4],[-178.74,59.53],[-178.87,59.57],[-178.94,59.69],[-179.09,59.74],[-179.42,59.98],[-179.59,59.96],[-179.83,60.16],[-179.82,60.32]],[[-175.75,57.72],[-175.59,57.74],[-175.54,57.67],[-175.53,57.59],[-175.58,57.54],[-175.66,57.53],[-175.82,57.57],[-175.86,57.61],[-175.84,57.66],[-175.75,57.72]],[[-169.17,55.2],[-169.14,55.25],[-168.96,55.26],[-168.89,55.21],[-168.93,55.13],[-169.09,55.08],[-169.18,55.13],[-169.17,55.2]]],[[[-175.09,75.74],[-174.83,75.73],[-174.53,75.8],[-174.25,75.82],[-174.14,75.89],[-173.95,75.91],[-173.74,75.82],[-173.49,75.85],[-173.47,75.86],[-173.59,75.91],[-173.6,75.97],[-173.57,76.02],[-173.45,76.04],[-173.26,76.03],[-173.14,75.96],[-173.02,75.94],[-172.72,76.06],[-172.46,76.03],[-172.2,76.06],[-172.1,76.13],[-171.55,76.1],[-171.34,76.03],[-170.09,76.15],[-169.82,76.22],[-169.34,76.22],[-169.13,76.34],[-168.86,76.36],[-168.85,76.42],[-169.1,76.42],[-169.22,76.47],[-169.26,76.52],[-169.25,76.58],[-169.06,76.63],[-168.94,76.62],[-168.86,76.59],[-168.79,76.5],[-168.72,76.48],[-168.43,76.56],[-168.4,76.6],[-168.52,76.64],[-168.93,76.66],[-169.18,76.73],[-169.64,76.53],[-169.66,76.51],[-169.49,76.44],[-169.48,76.37],[-169.54,76.34],[-170.21,76.44],[-170.33,76.54],[-170.56,76.54],[-170.57,76.5],[-170.34,76.4],[-170.29,76.33],[-170.3,76.25],[-170.43,76.21],[-170.57,76.22],[-170.78,76.32],[-170.98,76.32],[-171.06,76.39],[-171.17,76.41],[-171.89,76.34],[-172.2,76.44],[-172.64,76.33],[-172.71,76.34],[-172.76,76.43],[-172.7,76.52],[-172.48,76.64],[-171.95,76.69],[-172.06,76.73],[-172.42,76.73],[-172.44,76.8],[-172.4,76.85],[-172.05,76.84],[-171.69,76.9],[-171.46,76.87],[-171.17,76.94],[-171.2,77.01],[-171.42,77.07],[-171.43,77.16],[-171.0,77.28],[-170.85,77.28],[-170.56,77.36],[-170.23,77.32],[-170.11,77.28],[-169.99,77.29],[-169.97,77.33],[-170.08,77.36],[-170.14,77.42],[-170.31,77.48],[-170.34,77.55],[-170.3,77.61],[-170.33,77.64],[-170.59,77.66],[-170.64,77.71],[-170.64,77.76],[-170.59,77.81],[-170.33,77.83],[-170.29,77.94],[-170.21,77.98],[-170.06,78.12],[-169.9,78.17],[-169.8,78.27],[-168.92,78.48],[-168.74,78.55],[-168.19,78.65],[-167.95,78.65],[-167.64,78.74],[-167.5,78.74],[-167.4,78.79],[-166.34,78.94],[-166.06,78.91],[-166.03,79.08],[-165.77,79.15],[-165.18,79.15],[-165.04,79.07],[-164.95,79.06],[-164.95,79.01],[-164.99,78.96],[-165.29,78.93],[-165.05,78.89],[-164.78,78.96],[-164.69,79.13],[-164.21,79.25],[-163.63,79.25],[-163.37,79.3],[-162.84,79.22],[-162.74,79.18],[-159.39,79.04],[-159.33,78.94],[-159.37,78.86],[-159.61,78.7],[-159.74,78.57],[-159.74,78.53],[-159.65,78.48],[-159.64,78.43],[-159.68,78.37],[-160.24,78.29],[-160.2,78.22],[-160.25,78.07],[-160.23,77.79],[-160.17,77.73],[-159.68,77.88],[-159.05,77.9],[-158.76,78.05],[-158.21,78.1],[-158.06,78.19],[-157.85,78.22],[-157.74,78.36],[-157.4,78.44],[-155.55,78.45],[-154.63,78.7],[-154.42,78.62],[-153.91,78.64],[-153.72,78.55],[-153.36,78.5],[-153.32,78.44],[-153.33,78.39],[-153.5,78.22],[-153.35,78.2],[-153.31,78.12],[-153.36,78.06],[-153.65,78.02],[-153.58,77.92],[-153.64,77.84],[-154.08,77.78],[-154.22,77.71],[-154.14,77.69],[-153.86,77.76],[-153.65,77.76],[-153.45,77.84],[-153.27,77.88],[-153.22,77.86],[-153.22,77.71],[-153.14,77.62],[-153.16,77.54],[-153.22,77.52],[-153.69,77.5],[-153.73,77.46],[-153.78,77.3],[-153.96,77.25],[-153.86,77.06],[-153.89,77.02],[-154.01,76.97],[-154.03,76.78],[-154.25,76.73],[-154.4,76.62],[-154.66,76.53],[-155.39,76.08],[-155.81,76.01],[-155.86,75.87],[-155.97,75.83],[-156.36,75.78],[-156.38,75.77],[-156.24,75.77],[-156.17,75.6],[-156.07,75.58],[-156.1,75.42],[-156.32,75.34],[-156.48,75.22],[-156.65,75.19],[-156.77,75.07],[-157.04,74.97],[-157.43,74.69],[-157.66,74.64],[-157.79,74.49],[-158.52,74.2],[-159.23,74.07],[-159.46,73.94],[-160.39,73.94],[-160.56,73.87],[-160.65,73.92],[-160.7,73.88],[-160.7,73.8],[-160.48,73.78],[-160.26,73.8],[-160.21,73.67],[-160.12,73.63],[-159.91,73.61],[-159.67,73.52],[-159.17,73.49],[-158.72,73.38],[-158.62,73.27],[-158.35,73.3],[-158.23,73.15],[-157.9,73.15],[-157.85,73.06],[-157.76,72.99],[-157.37,73.01],[-157.15,73.06],[-156.98,72.96],[-157.01,72.88],[-157.12,72.83],[-156.85,72.82],[-156.65,72.86],[-156.53,72.79],[-156.47,72.7],[-156.31,72.67],[-156.1,72.7],[-155.89,72.63],[-155.45,72.65],[-155.35,72.55],[-155.26,72.51],[-155.23,72.36],[-154.97,72.46],[-154.7,72.34],[-154.45,72.44],[-154.41,72.42],[-154.37,72.26],[-154.15,72.22],[-153.74,72.29],[-153.65,72.28],[-153.51,72.2],[-153.02,72.26],[-152.98,72.12],[-152.8,72.14],[-152.76,72.05],[-152.4,72.12],[-152.35,72.1],[-152.3,72.02],[-152.24,72.03],[-152.09,71.95],[-151.8,71.95],[-151.63,71.86],[-151.37,71.78],[-151.22,71.78],[-151.13,71.71],[-151.08,71.76],[-151.01,71.77],[-150.5,71.64],[-150.36,71.66],[-150.22,71.62],[-150.01,71.66],[-149.87,71.54],[-149.71,71.58],[-149.54,71.52],[-149.38,71.57],[-149.28,71.47],[-148.75,71.49],[-148.45,71.41],[-148.2,71.42],[-148.13,71.38],[-148.01,71.38],[-147.82,71.28],[-147.63,71.34],[-147.27,71.28],[-147.01,71.28],[-146.7,71.21],[-146.3,71.26],[-145.53,71.25],[-145.33,71.19],[-144.98,71.18],[-144.91,71.14],[-144.43,71.21],[-144.17,71.11],[-143.86,71.21],[-143.02,71.09],[-142.98,71.11],[-142.32,71.05],[-142.08,70.94],[-141.77,70.99],[-141.39,70.94],[-141.23,70.97],[-140.81,70.93],[-140.59,70.87],[-140.34,71.02],[-140.2,71.04],[-139.3,71.02],[-139.08,71.11],[-138.91,71.26],[-138.74,71.28],[-138.6,71.38],[-138.41,71.44],[-138.15,71.43],[-137.98,71.58],[-137.88,71.61],[-137.75,71.61],[-137.68,71.51],[-137.6,71.48],[-136.9,71.6],[-136.82,71.66],[-136.83,71.7],[-136.9,71.76],[-137.04,71.8],[-137.04,71.88],[-136.98,71.91],[-136.58,71.9],[-136.32,71.84],[-136.25,71.86],[-136.2,71.93],[-136.29,72.11],[-136.25,72.2],[-136.06,72.17],[-135.93,72.24],[-135.86,72.24],[-135.77,72.17],[-135.67,71.91],[-135.59,71.87],[-135.52,71.98],[-135.43,72.02],[-135.12,72.04],[-135.05,72.17],[-134.93,72.23],[-134.75,72.23],[-134.66,72.19],[-134.62,72.12],[-134.51,72.11],[-134.44,72.14],[-134.5,72.19],[-134.48,72.28],[-134.4,72.32],[-133.85,72.26],[-133.42,72.36],[-133.25,72.48],[-133.08,72.5],[-132.91,72.62],[-132.58,72.65],[-132.48,72.72],[-132.36,72.75],[-132.04,72.73],[-131.98,72.79],[-132.05,72.79],[-132.03,72.9],[-131.83,72.94],[-131.78,72.89],[-131.7,72.87],[-131.57,72.99],[-131.45,73.03],[-131.42,73.15],[-131.38,73.19],[-131.26,73.2],[-131.22,73.09],[-131.09,73.09],[-130.85,73.27],[-130.84,73.43],[-130.71,73.48],[-130.87,73.61],[-130.91,73.66],[-130.89,73.7],[-130.67,73.79],[-130.58,73.88],[-130.68,74.06],[-130.58,74.17],[-130.58,74.23],[-130.78,74.33],[-130.78,74.42],[-130.85,74.47],[-130.88,74.61],[-130.85,74.69],[-130.67,74.73],[-130.63,74.76],[-130.75,74.88],[-130.92,74.95],[-130.87,75.14],[-130.94,75.22],[-130.97,75.29],[-130.87,75.55],[-130.78,75.62],[-130.75,75.82],[-130.54,75.84],[-130.34,75.98],[-130.18,75.98],[-129.96,76.13],[-129.72,76.18],[-129.53,76.3],[-129.34,76.32],[-129.26,76.48],[-129.0,76.56],[-128.87,76.73],[-128.64,76.78],[-128.59,76.82],[-128.5,76.82],[-127.56,77.35],[-127.42,77.38],[-127.37,77.42],[-127.27,77.42],[-127.1,77.6],[-127.08,77.77],[-126.86,77.81],[-126.85,77.95],[-126.77,78.0],[-126.14,78.07],[-125.88,78.19],[-125.26,78.15],[-125.16,78.18],[-125.1,78.3],[-125.0,78.34],[-123.96,78.43],[-123.97,78.48],[-124.18,78.46],[-124.3,78.5],[-124.32,78.61],[-124.29,78.65],[-124.19,78.7],[-122.83,78.76],[-122.59,78.93],[-122.47,78.96],[-122.25,78.86],[-121.88,78.88],[-121.86,78.91],[-122.43,79.03],[-122.81,79.04],[-122.89,79.09],[-122.9,79.13],[-122.85,79.2],[-122.09,79.25],[-121.82,79.15],[-121.34,79.15],[-121.09,79.1],[-121.05,79.15],[-121.07,79.2],[-121.25,79.22],[-121.3,79.28],[-121.28,79.33],[-121.18,79.37],[-120.59,79.33],[-120.56,79.48],[-120.22,79.49],[-119.59,79.61],[-118.99,79.58],[-118.63,79.82],[-118.19,79.92],[-118.05,79.92],[-118.02,79.95],[-118.08,79.95],[-118.17,80.04],[-118.16,80.14],[-118.09,80.22],[-117.9,80.31],[-114.16,80.81],[-113.88,80.95],[-113.4,80.98],[-112.75,81.12],[-111.91,81.1],[-111.6,81.19],[-110.98,81.22],[-110.74,81.29],[-109.8,81.38],[-109.63,81.46],[-109.06,81.55],[-108.55,81.58],[-107.81,81.72],[-107.23,81.72],[-107.02,81.77],[-106.61,81.77],[-106.39,81.82],[-104.9,81.89],[-104.74,82.01],[-104.57,82.01],[-104.51,82.11],[-103.78,82.31],[-103.5,82.49],[-103.15,82.6],[-101.76,82.65],[-101.29,82.81],[-95.68,83.2],[-95.21,83.32],[-95.47,83.45],[-98.59,83.38],[-98.88,83.45],[-99.03,83.52],[-99.07,83.62],[-98.98,83.67],[-97.76,83.67],[-97.61,83.69],[-97.39,83.86],[-97.21,83.9],[-95.22,83.94],[-95.16,83.96],[-95.11,84.07],[-94.95,84.13],[-91.08,84.32],[-91.36,84.37],[-96.36,84.31],[-96.6,84.24],[-97.03,84.23],[-96.78,84.19],[-96.69,84.11],[-96.76,84.02],[-97.23,84.08],[-97.35,84.07],[-97.6,83.95],[-97.84,83.88],[-99.58,83.85],[-99.62,83.83],[-99.61,83.68],[-99.65,83.65],[-102.36,83.52],[-102.55,83.45],[-104.78,83.45],[-104.88,83.5],[-105.05,83.5],[-105.1,83.61],[-105.14,83.64],[-105.53,83.64],[-105.89,83.74],[-105.94,83.81],[-106.06,83.87],[-106.5,83.88],[-106.59,83.92],[-117.98,84.34],[-117.98,84.41],[-117.92,84.46],[-117.3,84.62],[-116.21,84.72],[-116.29,84.75],[-118.8,84.77],[-119.02,84.86],[-125.04,84.91],[-125.23,84.96],[-125.45,84.91],[-127.22,84.91],[-127.25,84.98],[-127.24,85.02],[-127.02,85.12],[-126.55,85.16],[-126.5,85.2],[-127.12,85.24],[-127.39,85.3],[-127.53,85.24],[-129.23,85.15],[-129.59,85.07],[-130.1,85.05],[-130.22,85.01],[-131.39,84.95],[-131.6,84.89],[-135.96,84.83],[-136.03,84.86],[-136.11,84.98],[-136.27,85.0],[-136.73,84.94],[-136.78,84.74],[-136.92,84.65],[-136.95,84.51],[-137.01,84.48],[-137.16,84.61],[-137.35,84.7],[-140.1,84.73],[-140.1,84.82],[-140.05,84.84],[-139.44,84.93],[-139.38,84.97],[-139.1,85.02],[-139.0,85.07],[-139.58,85.11],[-139.61,85.15],[-139.6,85.21],[-139.3,85.32],[-138.86,85.34],[-138.64,85.46],[-139.39,85.5],[-139.73,85.6],[-139.84,85.68],[-139.85,85.73],[-139.75,85.8],[-137.9,86.02],[-137.72,86.12],[-137.61,86.07],[-137.54,85.92],[-137.47,86.0],[-134.73,86.07],[-134.62,86.1],[-124.97,86.09],[-124.8,85.99],[-124.68,85.99],[-124.5,85.92],[-117.12,85.82],[-116.87,85.76],[-110.3,85.78],[-126.22,86.35],[-126.31,86.39],[-126.26,86.47],[-124.06,86.56],[-123.82,86.69],[-107.09,86.41],[-106.92,86.48],[-105.55,86.47],[-105.41,86.4],[-86.8,85.81],[-86.8,85.71],[-87.0,85.68],[-87.19,85.58],[-87.94,85.56],[-88.18,85.49],[-89.6,85.36],[-89.64,85.32],[-89.26,85.27],[-89.09,85.2],[-88.65,85.18],[-88.54,85.14],[-88.52,85.07],[-88.75,84.93],[-88.78,84.89],[-87.7,84.82],[-87.5,84.74],[-81.16,85.17],[-82.42,85.24],[-83.81,85.27],[-83.93,85.33],[-83.92,85.39],[-83.87,85.42],[-82.17,85.42],[-81.95,85.48],[-80.15,85.56],[-79.99,85.6],[-79.75,85.54],[-77.98,85.49],[-77.74,85.61],[-76.17,85.62],[-76.1,85.64],[-76.13,85.76],[-76.08,85.8],[-74.04,85.8],[-74.02,85.85],[-74.5,85.87],[-74.54,85.91],[-74.54,85.97],[-74.33,86.04],[-73.85,86.09],[-73.73,86.14],[-71.11,86.21],[-71.14,86.2],[-70.92,86.23],[-71.66,86.26],[-71.73,86.31],[-71.73,86.39],[-71.82,86.43],[-74.42,86.39],[-74.45,86.47],[-74.35,86.51],[-70.0,86.68],[-69.94,86.64],[-69.93,86.58],[-70.07,86.51],[-69.95,86.45],[-69.7,86.49],[-67.0,86.37],[-66.7,86.47],[-65.68,86.53],[-65.46,86.6],[-65.12,86.58],[-65.08,86.61],[-65.18,86.71],[-65.16,86.78],[-64.59,86.84],[-65.7,86.99],[-65.81,87.02],[-66.82,87.12],[-67.12,87.27],[-72.91,87.58],[-73.14,87.63],[-74.77,87.72],[-74.88,87.77],[-74.86,87.84],[-74.28,87.89],[-74.14,87.87],[-74.07,87.91],[-74.8,87.92],[-74.96,88.0],[-88.55,88.47],[-88.63,88.51],[-88.78,88.49],[-180.0,88.7],[-180.0,84.41],[-179.58,84.41],[-179.52,84.36],[-179.53,84.32],[-179.62,84.28],[-180.0,84.29],[-180.0,82.25],[-178.57,82.35],[-178.48,82.39],[-177.97,82.41],[-177.81,82.36],[-177.77,82.3],[-177.77,82.25],[-177.84,82.19],[-178.68,82.06],[-179.5,82.06],[-179.66,82.01],[-180.0,82.01],[-180.0,81.14],[-179.57,81.14],[-179.45,81.05],[-179.45,81.0],[-179.33,80.95],[-179.06,80.88],[-178.8,80.87],[-178.78,80.81],[-178.81,80.77],[-178.99,80.76],[-179.26,80.7],[-179.05,80.59],[-177.67,80.49],[-177.64,80.44],[-177.73,80.34],[-177.72,80.3],[-177.38,80.31],[-177.28,80.17],[-177.14,80.12],[-176.39,80.12],[-176.3,80.09],[-176.21,79.99],[-176.06,80.01],[-176.04,79.97],[-176.08,79.91],[-176.23,79.87],[-176.12,79.81],[-175.85,79.76],[-175.82,79.7],[-175.92,79.58],[-175.86,79.52],[-175.49,79.58],[-175.32,79.53],[-174.94,79.49],[-174.79,79.4],[-174.63,79.4],[-174.64,79.3],[-174.77,79.25],[-174.94,79.25],[-175.02,79.34],[-175.1,79.36],[-175.15,79.2],[-175.27,79.15],[-175.03,79.07],[-174.2,78.99],[-173.51,78.99],[-173.21,79.07],[-173.98,79.19],[-174.02,79.25],[-174.02,79.31],[-173.93,79.38],[-172.57,79.31],[-172.15,79.2],[-172.04,79.09],[-172.09,79.0],[-172.21,79.0],[-172.46,79.08],[-172.56,78.99],[-172.94,78.91],[-172.65,78.9],[-172.04,78.99],[-171.92,78.95],[-171.91,78.89],[-171.97,78.81],[-172.3,78.82],[-172.25,78.65],[-172.39,78.62],[-172.94,78.62],[-173.64,78.74],[-174.22,78.72],[-174.29,78.48],[-174.26,78.47],[-173.86,78.46],[-173.8,78.52],[-173.82,78.66],[-173.65,78.73],[-173.57,78.7],[-173.47,78.55],[-173.06,78.51],[-173.01,78.45],[-173.04,78.31],[-173.01,78.25],[-172.9,78.19],[-172.89,78.07],[-172.8,77.95],[-172.82,77.88],[-172.89,77.84],[-173.06,77.83],[-173.18,77.94],[-173.31,77.96],[-173.76,77.86],[-174.99,77.87],[-174.65,77.86],[-174.45,77.82],[-173.32,77.78],[-173.25,77.72],[-173.29,77.61],[-173.21,77.58],[-172.59,77.63],[-172.57,77.55],[-172.8,77.36],[-173.19,77.35],[-173.48,77.28],[-173.64,77.28],[-173.7,77.25],[-173.74,77.16],[-173.91,77.13],[-173.98,77.16],[-174.0,77.23],[-173.91,77.29],[-173.88,77.42],[-173.8,77.44],[-173.83,77.47],[-174.34,77.45],[-174.54,77.36],[-174.84,77.35],[-174.87,77.32],[-174.89,77.21],[-175.01,77.15],[-175.86,77.11],[-175.84,77.07],[-175.53,77.01],[-175.38,77.02],[-175.2,76.99],[-175.14,76.95],[-175.12,76.86],[-174.96,76.84],[-174.85,76.86],[-174.91,76.97],[-174.85,77.04],[-174.5,77.14],[-174.56,77.14],[-174.59,77.2],[-174.55,77.27],[-174.34,77.27],[-174.26,77.22],[-174.26,77.16],[-174.38,77.11],[-174.26,77.1],[-174.2,77.04],[-174.22,76.88],[-174.36,76.73],[-174.65,76.63],[-174.66,76.59],[-174.61,76.55],[-174.6,76.48],[-174.64,76.41],[-175.29,76.45],[-175.52,76.49],[-175.65,76.48],[-175.68,76.44],[-175.42,76.41],[-175.39,76.32],[-175.46,76.27],[-175.71,76.29],[-175.96,76.41],[-176.44,76.31],[-175.92,76.26],[-175.9,76.19],[-176.05,76.1],[-176.06,76.06],[-175.74,75.97],[-175.72,75.89],[-175.79,75.83],[-175.76,75.79],[-175.21,75.75],[-175.31,75.82],[-175.26,75.92],[-175.0,75.95],[-174.93,75.93],[-174.89,75.86],[-174.91,75.8],[-175.09,75.74]],[[-173.21,76.1],[-173.45,76.08],[-173.44,76.2],[-173.36,76.24],[-173.24,76.24],[-173.19,76.19],[-173.21,76.1]],[[-173.53,76.31],[-173.69,76.34],[-173.69,76.42],[-173.54,76.45],[-173.38,76.42],[-173.38,76.34],[-173.53,76.31]],[[-172.81,76.73],[-172.76,76.67],[-172.8,76.62],[-173.13,76.51],[-173.25,76.5],[-173.32,76.58],[-173.31,76.65],[-173.21,76.7],[-172.81,76.73]],[[-173.49,76.72],[-173.6,76.68],[-173.88,76.68],[-173.86,76.8],[-173.96,76.85],[-173.97,76.89],[-173.91,76.94],[-173.75,76.95],[-173.52,76.92],[-173.49,76.72]],[[-173.27,76.96],[-173.3,76.99],[-173.49,77.0],[-173.49,77.09],[-173.28,77.12],[-173.18,77.11],[-173.09,77.06],[-172.96,77.17],[-172.54,77.18],[-172.24,77.23],[-172.17,77.19],[-172.21,77.11],[-172.4,77.03],[-173.01,77.0],[-172.61,76.94],[-172.45,76.81],[-172.49,76.74],[-173.21,76.85],[-173.27,76.96]],[[-170.91,78.39],[-170.86,78.35],[-170.86,78.31],[-170.91,78.25],[-171.38,78.23],[-171.74,78.12],[-172.33,78.13],[-172.39,78.19],[-172.37,78.28],[-172.12,78.36],[-170.91,78.39]],[[-169.66,78.58],[-169.74,78.5],[-169.82,78.51],[-169.84,78.54],[-169.82,78.6],[-169.74,78.63],[-169.7,78.63],[-169.66,78.58]],[[-169.49,78.61],[-169.52,78.68],[-169.47,78.76],[-169.26,78.79],[-169.1,78.78],[-169.0,78.74],[-169.0,78.7],[-169.09,78.63],[-169.49,78.61]],[[-157.79,78.77],[-157.79,78.67],[-157.93,78.64],[-157.99,78.68],[-157.99,78.72],[-157.93,78.76],[-157.79,78.77]],[[-158.02,78.76],[-158.0,78.7],[-158.09,78.62],[-158.36,78.59],[-158.44,78.62],[-158.44,78.66],[-158.39,78.7],[-158.02,78.76]],[[-174.22,79.6],[-174.22,79.49],[-174.43,79.49],[-174.49,79.53],[-174.47,79.59],[-174.35,79.64],[-174.29,79.64],[-174.22,79.6]],[[-119.35,79.82],[-120.04,79.93],[-120.1,80.02],[-120.06,80.06],[-118.61,80.1],[-118.51,80.06],[-118.5,80.01],[-118.54,79.97],[-119.09,79.94],[-119.35,79.82]],[[-173.74,79.92],[-173.77,79.82],[-174.24,79.83],[-174.52,79.88],[-174.56,79.96],[-174.51,80.03],[-174.3,80.08],[-174.06,80.1],[-173.95,80.08],[-173.74,79.92]],[[-122.12,79.95],[-122.16,79.97],[-122.16,80.04],[-122.01,80.07],[-121.87,80.06],[-121.84,80.0],[-121.95,79.94],[-122.12,79.95]],[[-175.39,80.61],[-175.32,80.54],[-175.34,80.48],[-175.54,80.44],[-175.68,80.45],[-175.9,80.52],[-176.25,80.53],[-176.34,80.56],[-176.36,80.6],[-176.31,80.68],[-176.12,80.7],[-175.94,80.68],[-175.8,80.62],[-175.39,80.61]],[[-177.13,81.09],[-177.1,81.03],[-177.14,80.99],[-178.18,81.05],[-178.33,81.11],[-178.44,81.22],[-178.42,81.26],[-178.34,81.31],[-176.91,81.32],[-176.9,81.26],[-176.93,81.22],[-177.26,81.17],[-177.13,81.09]],[[-179.72,81.42],[-179.8,81.45],[-179.75,81.56],[-179.27,81.63],[-179.18,81.7],[-178.55,81.73],[-178.44,81.67],[-178.44,81.63],[-178.49,81.58],[-178.87,81.51],[-179.72,81.42]],[[-175.97,81.58],[-175.86,81.61],[-175.8,81.56],[-175.84,81.49],[-175.93,81.47],[-175.98,81.52],[-175.97,81.58]],[[-177.9,82.0],[-177.96,81.93],[-178.11,81.92],[-178.25,81.94],[-178.04,82.05],[-177.97,82.06],[-177.9,82.0]],[[-107.63,82.63],[-107.52,82.59],[-107.26,82.57],[-107.22,82.47],[-107.31,82.4],[-107.48,82.38],[-108.1,82.42],[-108.34,82.53],[-108.31,82.63],[-107.63,82.63]],[[-125.0,83.14],[-124.94,83.09],[-124.95,83.04],[-125.01,83.01],[-125.87,82.87],[-125.97,82.89],[-126.07,82.96],[-125.95,83.04],[-125.59,83.11],[-125.0,83.14]],[[-177.41,83.1],[-177.34,83.06],[-177.34,82.94],[-177.37,82.93],[-177.76,82.94],[-177.67,83.06],[-177.57,83.09],[-177.41,83.1]],[[-173.92,83.21],[-174.04,83.25],[-174.03,83.33],[-173.57,83.4],[-170.74,83.5],[-170.55,83.44],[-170.54,83.4],[-170.57,83.34],[-170.63,83.31],[-173.92,83.21]],[[-152.02,83.46],[-151.9,83.5],[-151.14,83.54],[-151.06,83.5],[-151.04,83.44],[-151.12,83.37],[-152.12,83.25],[-152.29,83.27],[-152.37,83.33],[-152.37,83.39],[-152.32,83.43],[-152.02,83.46]],[[-174.76,83.77],[-175.66,83.78],[-175.8,83.81],[-175.83,83.84],[-175.76,83.93],[-175.66,83.94],[-175.27,83.88],[-174.79,83.88],[-174.74,83.83],[-174.76,83.77]],[[-169.85,83.92],[-169.79,83.99],[-169.24,84.06],[-169.21,84.19],[-169.18,84.22],[-168.34,84.19],[-168.22,84.12],[-168.07,84.17],[-167.42,84.18],[-167.18,84.12],[-166.92,84.22],[-164.66,84.22],[-164.45,84.26],[-163.7,84.31],[-163.2,84.46],[-162.38,84.5],[-162.36,84.53],[-158.23,84.37],[-158.18,84.28],[-158.21,84.24],[-158.59,84.12],[-161.42,84.05],[-162.22,84.17],[-162.48,84.14],[-162.72,84.19],[-163.75,84.17],[-164.01,84.08],[-165.17,84.03],[-165.43,83.98],[-169.76,83.82],[-169.83,83.85],[-169.85,83.92]],[[-173.81,84.06],[-173.86,84.02],[-174.73,84.02],[-174.77,84.07],[-174.76,84.11],[-174.71,84.15],[-173.83,84.14],[-173.81,84.06]],[[-172.75,84.08],[-173.07,84.18],[-173.23,84.32],[-173.35,84.35],[-174.96,84.32],[-175.1,84.38],[-179.38,84.32],[-179.41,84.4],[-179.16,84.46],[-178.28,84.49],[-178.0,84.54],[-177.97,84.56],[-178.02,84.61],[-178.02,84.65],[-177.94,84.7],[-176.04,84.74],[-175.77,84.66],[-173.75,84.62],[-173.66,84.67],[-173.62,84.75],[-173.69,84.78],[-178.76,84.93],[-179.0,84.9],[-179.08,84.92],[-179.09,84.99],[-178.97,85.05],[-173.47,85.32],[-173.45,85.46],[-173.26,85.61],[-173.16,85.63],[-170.41,85.67],[-170.31,85.64],[-170.28,85.58],[-170.35,85.51],[-170.66,85.49],[-171.03,85.41],[-160.8,85.32],[-160.65,85.29],[-160.58,85.22],[-160.59,85.17],[-160.64,85.14],[-162.9,85.07],[-163.08,85.0],[-164.34,84.9],[-164.35,84.83],[-164.22,84.75],[-164.23,84.67],[-164.59,84.65],[-164.66,84.6],[-164.67,84.53],[-164.76,84.5],[-165.36,84.54],[-165.72,84.63],[-167.12,84.6],[-167.41,84.54],[-168.18,84.56],[-168.55,84.65],[-168.66,84.61],[-168.91,84.43],[-169.68,84.4],[-169.8,84.38],[-170.08,84.23],[-172.75,84.08]],[[-158.68,85.04],[-155.11,85.35],[-155.09,85.37],[-155.11,85.42],[-155.09,85.51],[-154.32,85.54],[-154.29,85.49],[-154.34,85.39],[-154.03,85.36],[-153.95,85.31],[-153.97,85.24],[-154.08,85.18],[-154.1,85.07],[-154.15,85.02],[-154.66,84.91],[-155.33,84.91],[-155.54,84.86],[-156.91,84.77],[-157.12,84.83],[-158.66,84.9],[-158.71,84.96],[-158.68,85.04]],[[-145.12,85.0],[-145.02,85.07],[-144.83,85.1],[-144.78,85.08],[-144.75,85.0],[-144.77,84.95],[-144.83,84.92],[-144.96,84.94],[-145.18,84.85],[-145.25,84.86],[-145.23,84.98],[-145.12,85.0]],[[-146.99,84.91],[-146.82,84.8],[-146.81,84.7],[-146.75,84.63],[-146.78,84.56],[-147.38,84.41],[-148.28,84.33],[-148.38,84.29],[-148.42,84.19],[-149.74,84.11],[-149.94,84.16],[-150.05,84.27],[-150.03,84.35],[-149.83,84.41],[-149.69,84.55],[-149.45,84.55],[-148.99,84.67],[-148.44,84.72],[-148.33,84.84],[-148.26,84.87],[-147.23,84.95],[-146.99,84.91]],[[-142.86,84.39],[-142.9,84.46],[-142.85,84.5],[-141.98,84.63],[-141.48,84.62],[-141.26,84.45],[-141.31,84.39],[-142.86,84.39]],[[-157.46,84.48],[-157.72,84.5],[-157.78,84.53],[-157.78,84.58],[-157.73,84.63],[-157.46,84.62],[-157.3,84.68],[-157.25,84.67],[-157.22,84.6],[-157.24,84.56],[-157.46,84.48]],[[-159.43,84.67],[-161.33,84.67],[-161.38,84.69],[-161.4,84.76],[-161.33,84.82],[-161.11,84.84],[-159.31,84.91],[-159.31,84.81],[-159.43,84.67]],[[-161.9,84.81],[-161.87,84.74],[-161.91,84.7],[-162.14,84.7],[-162.18,84.73],[-162.17,84.82],[-161.9,84.81]],[[-156.68,84.7],[-156.53,84.64],[-156.49,84.57],[-156.5,84.53],[-156.63,84.5],[-157.08,84.55],[-157.12,84.63],[-157.04,84.68],[-156.68,84.7]],[[-172.52,83.9],[-172.49,83.82],[-172.56,83.78],[-174.65,83.78],[-174.7,83.83],[-174.68,83.89],[-174.63,83.91],[-172.52,83.9]],[[-128.02,86.33],[-136.17,86.21],[-136.24,86.25],[-136.25,86.31],[-136.23,86.34],[-128.5,86.52],[-127.47,86.58],[-127.39,86.52],[-127.4,86.48],[-127.46,86.44],[-127.7,86.45],[-128.02,86.33]],[[-124.21,86.69],[-124.21,86.61],[-124.25,86.59],[-125.14,86.6],[-125.2,86.67],[-125.06,86.73],[-124.23,86.71],[-124.21,86.69]],[[-137.78,86.72],[-137.87,86.64],[-137.95,86.65],[-137.97,86.68],[-137.95,86.74],[-137.87,86.77],[-137.81,86.76],[-137.78,86.72]],[[-109.84,86.73],[-110.06,86.78],[-110.06,86.88],[-104.93,86.77],[-104.88,86.74],[-104.88,86.69],[-104.96,86.63],[-105.09,86.6],[-109.92,86.48],[-110.44,86.56],[-110.5,86.62],[-110.48,86.69],[-110.42,86.71],[-109.87,86.7],[-109.84,86.73]],[[-135.43,86.85],[-135.47,86.81],[-137.21,86.81],[-137.4,86.88],[-137.66,86.91],[-137.69,86.93],[-137.69,87.0],[-137.59,87.03],[-135.49,86.93],[-135.44,86.9],[-135.43,86.85]],[[-138.56,87.01],[-138.47,86.97],[-138.46,86.93],[-138.53,86.86],[-140.99,86.87],[-141.02,86.93],[-140.98,87.0],[-140.59,87.0],[-140.57,87.02],[-138.56,87.01]],[[-98.09,86.88],[-98.06,86.9],[-95.95,86.87],[-95.83,86.83],[-95.81,86.78],[-95.82,86.73],[-95.92,86.68],[-99.07,86.73],[-99.12,86.78],[-99.11,86.82],[-99.01,86.86],[-98.09,86.88]],[[-69.65,86.68],[-69.14,86.67],[-69.1,86.64],[-69.1,86.56],[-69.72,86.55],[-69.74,86.63],[-69.65,86.68]],[[-75.88,85.92],[-76.35,86.06],[-76.39,86.09],[-76.39,86.15],[-76.35,86.19],[-75.44,86.18],[-75.1,86.12],[-75.05,86.06],[-75.07,86.0],[-75.41,85.9],[-75.88,85.92]],[[-112.13,87.06],[-119.72,87.19],[-119.77,87.21],[-119.79,87.28],[-119.75,87.31],[-119.54,87.31],[-119.28,87.36],[-117.19,87.36],[-117.17,87.38],[-112.15,87.25],[-112.06,87.22],[-112.03,87.17],[-112.06,87.1],[-112.13,87.06]],[[-74.21,87.08],[-74.26,87.14],[-74.2,87.21],[-73.7,87.31],[-71.64,87.26],[-71.54,87.19],[-71.58,87.12],[-74.21,87.08]],[[-82.39,87.87],[-82.17,87.83],[-82.15,87.77],[-81.98,87.73],[-79.3,87.62],[-79.26,87.6],[-79.25,87.54],[-79.29,87.5],[-93.3,87.63],[-93.35,87.67],[-93.38,87.74],[-93.47,87.8],[-93.62,87.82],[-94.23,87.79],[-94.27,87.87],[-94.24,87.91],[-93.15,88.0],[-93.91,88.09],[-93.96,88.1],[-93.94,88.2],[-84.61,87.96],[-84.48,87.93],[-82.39,87.87]]],[[[-87.49,5.31],[-87.55,5.39],[-87.71,5.37],[-87.96,5.51],[-87.98,5.59],[-87.88,5.6],[-87.68,5.54],[-87.55,5.57],[-87.36,5.54],[-87.19,5.63],[-86.9,5.88],[-86.81,5.92],[-86.69,5.92],[-86.65,5.8],[-86.56,5.85],[-86.4,5.83],[-86.21,5.93],[-86.06,6.1],[-86.42,6.07],[-86.64,6.27],[-86.66,6.34],[-86.65,6.37],[-86.59,6.4],[-86.42,6.38],[-86.26,6.47],[-86.04,6.5],[-85.96,6.65],[-85.65,6.73],[-85.53,6.72],[-85.36,6.58],[-85.34,6.66],[-85.45,6.74],[-85.45,6.85],[-85.3,6.89],[-85.2,7.08],[-85.09,7.19],[-85.07,7.24],[-85.13,7.31],[-85.25,7.24],[-85.32,7.25],[-85.39,7.5],[-85.47,7.4],[-85.54,7.39],[-85.59,7.44],[-85.57,7.55],[-85.46,7.61],[-85.37,7.73],[-85.3,7.75],[-85.13,7.9],[-84.98,7.93],[-84.77,8.09],[-84.66,8.24],[-84.29,8.44],[-84.04,8.41],[-84.43,8.71],[-84.46,8.83],[-84.5,8.88],[-84.7,8.93],[-84.82,9.07],[-84.89,9.07],[-84.91,9.12],[-85.06,9.18],[-85.3,9.19],[-85.34,9.24],[-85.44,9.26],[-85.56,9.38],[-85.55,9.49],[-85.58,9.53],[-85.85,9.6],[-86.38,10.25],[-86.45,10.39],[-86.66,10.54],[-86.71,10.66],[-86.93,10.85],[-87.12,11.09],[-87.19,11.11],[-87.24,11.18],[-87.3,11.19],[-87.52,11.41],[-87.63,11.48],[-87.77,11.67],[-87.93,11.77],[-88.01,11.88],[-88.3,12.0],[-88.42,12.2],[-88.61,12.19],[-88.9,12.26],[-89.14,12.41],[-89.3,12.41],[-89.69,12.67],[-89.83,12.67],[-90.04,12.78],[-90.26,12.79],[-90.46,12.86],[-90.53,12.98],[-90.65,13.06],[-90.98,13.06],[-91.13,13.18],[-91.28,13.18],[-92.26,13.73],[-92.42,13.75],[-92.95,13.99],[-93.07,14.14],[-93.24,14.16],[-93.48,14.4],[-93.76,14.49],[-93.94,14.64],[-94.1,14.69],[-94.24,14.83],[-94.64,15.01],[-94.8,15.12],[-94.99,15.1],[-95.09,15.19],[-95.13,15.35],[-95.18,15.38],[-95.47,15.34],[-95.54,15.41],[-95.67,15.38],[-95.81,15.48],[-95.99,15.51],[-96.07,15.55],[-96.31,15.5],[-96.94,15.5],[-97.08,15.58],[-97.27,15.58],[-97.39,15.67],[-97.61,15.67],[-97.73,15.74],[-97.87,15.72],[-98.33,15.86],[-98.5,15.86],[-98.7,15.93],[-98.81,16.02],[-98.95,16.03],[-99.12,16.14],[-99.14,16.19],[-99.12,16.27],[-99.38,16.25],[-99.55,16.34],[-99.79,16.39],[-99.87,16.48],[-100.03,16.47],[-100.15,16.63],[-100.34,16.61],[-100.49,16.67],[-100.73,16.68],[-100.82,16.87],[-101.02,17.01],[-101.26,16.97],[-101.64,17.08],[-101.86,17.23],[-101.89,17.37],[-101.93,17.39],[-102.19,17.42],[-102.36,17.53],[-102.6,17.59],[-102.62,17.64],[-102.79,17.69],[-102.89,17.78],[-103.06,17.81],[-103.56,18.11],[-103.7,18.1],[-103.73,18.17],[-103.81,18.16],[-103.94,18.26],[-104.12,18.29],[-104.18,18.36],[-104.4,18.48],[-104.46,18.56],[-104.52,18.51],[-104.58,18.51],[-104.98,18.91],[-105.15,18.98],[-105.17,19.03],[-105.26,19.09],[-105.46,19.15],[-105.65,19.44],[-105.67,19.54],[-105.85,19.72],[-105.89,19.97],[-106.07,19.91],[-106.13,19.94],[-106.12,20.04],[-106.01,20.11],[-105.9,20.25],[-105.94,20.52],[-106.03,20.62],[-106.08,20.78],[-106.2,20.88],[-106.2,21.02],[-106.39,21.32],[-106.63,21.42],[-106.88,21.79],[-106.89,21.88],[-106.97,22.01],[-106.87,22.13],[-107.04,22.2],[-107.02,22.37],[-107.06,22.39],[-107.13,22.74],[-107.19,22.59],[-107.19,22.51],[-107.27,22.48],[-107.34,22.5],[-107.48,22.61],[-107.57,22.63],[-107.79,22.83],[-107.8,22.94],[-107.66,23.06],[-107.66,23.18],[-107.63,23.27],[-107.74,23.34],[-107.83,23.45],[-108.02,23.42],[-108.31,23.62],[-108.31,23.66],[-108.36,23.66],[-108.86,24.12],[-108.9,24.25],[-109.13,24.46],[-109.09,24.53],[-108.97,24.57],[-108.98,24.66],[-109.02,24.71],[-109.13,24.7],[-109.22,24.84],[-109.4,24.9],[-109.5,24.91],[-109.57,24.87],[-109.5,24.8],[-109.49,24.7],[-109.29,24.44],[-109.25,24.34],[-109.05,24.15],[-109.01,24.07],[-109.06,23.93],[-109.27,23.9],[-109.3,23.86],[-109.37,23.83],[-109.34,23.76],[-109.22,23.69],[-109.15,23.54],[-109.22,23.06],[-109.14,22.92],[-109.22,22.78],[-109.39,22.75],[-109.66,22.66],[-109.97,22.7],[-110.14,22.68],[-110.69,22.78],[-110.86,22.94],[-110.98,22.94],[-111.07,23.04],[-111.26,23.04],[-111.46,23.11],[-111.58,23.23],[-111.68,23.26],[-112.44,24.05],[-112.67,24.17],[-112.99,24.62],[-113.04,24.77],[-113.21,24.94],[-113.3,25.15],[-113.35,25.18],[-113.38,25.25],[-113.64,25.54],[-113.86,25.99],[-114.0,26.06],[-114.23,26.39],[-114.24,26.49],[-114.2,26.52],[-114.12,26.52],[-114.1,26.47],[-114.07,26.49],[-114.27,26.82],[-114.63,26.92],[-114.86,27.17],[-114.98,27.19],[-115.2,27.38],[-115.22,27.5],[-115.39,27.58],[-115.77,27.95],[-115.78,28.13],[-115.84,28.21],[-115.85,28.54],[-116.21,28.73],[-116.3,28.92],[-116.46,29.04],[-116.49,29.26],[-116.52,29.3],[-116.76,29.42],[-116.78,29.47],[-116.95,29.52],[-116.95,29.67],[-117.0,29.83],[-117.14,30.0],[-117.14,30.1],[-117.19,30.14],[-117.19,30.22],[-117.16,30.28],[-117.07,30.29],[-117.02,30.14],[-116.98,30.14],[-116.86,29.98],[-116.69,29.93],[-116.61,29.8],[-116.45,29.74],[-116.23,29.49],[-116.09,29.5],[-115.97,29.42],[-116.04,29.6],[-116.31,30.05],[-116.5,30.1],[-116.57,30.07],[-116.63,30.24],[-116.74,30.37],[-117.24,30.5],[-117.43,30.68],[-117.47,30.67],[-117.48,30.52],[-117.55,30.5],[-117.77,30.6],[-118.03,30.65],[-118.15,30.84],[-118.39,30.86],[-118.66,30.97],[-118.68,31.05],[-118.64,31.11],[-118.46,31.15],[-118.82,31.13],[-118.9,31.25],[-119.09,31.29],[-119.34,31.53],[-119.4,31.68],[-119.51,31.76],[-119.52,31.92],[-119.66,31.94],[-119.78,32.09],[-119.95,32.21],[-120.0,32.33],[-120.18,32.42],[-120.23,32.67],[-120.43,32.87],[-120.9,33.69],[-120.91,33.81],[-120.86,33.84],[-120.74,33.84],[-120.72,33.87],[-120.95,33.97],[-121.11,33.95],[-121.16,33.97],[-121.17,34.08],[-121.1,34.18],[-121.15,34.2],[-121.18,34.27],[-121.42,34.5],[-121.59,34.52],[-121.89,34.88],[-121.89,34.94],[-121.82,35.02],[-121.8,35.08],[-121.92,35.23],[-121.94,35.35],[-122.06,35.42],[-122.16,35.62],[-122.21,35.64],[-122.28,35.81],[-122.26,35.95],[-122.3,35.98],[-122.3,36.05],[-122.45,36.14],[-122.53,36.27],[-122.45,36.58],[-122.38,36.63],[-122.44,36.66],[-122.46,36.78],[-122.64,36.82],[-122.71,36.89],[-122.9,36.91],[-123.12,37.03],[-123.19,37.13],[-123.31,37.18],[-123.36,37.3],[-123.47,37.33],[-123.51,37.52],[-123.48,37.55],[-123.38,37.55],[-123.38,37.66],[-123.57,37.83],[-123.7,38.14],[-123.89,38.4],[-123.91,38.57],[-124.28,39.04],[-124.33,39.18],[-124.42,39.24],[-124.49,39.36],[-124.5,39.46],[-124.6,39.52],[-124.61,39.67],[-124.9,39.67],[-124.99,39.72],[-125.06,39.89],[-125.38,40.06],[-125.42,40.25],[-125.59,40.29],[-125.67,40.35],[-125.69,40.39],[-125.64,40.45],[-124.88,40.42],[-124.79,40.48],[-124.86,40.63],[-124.86,40.92],[-125.04,41.23],[-125.04,41.38],[-125.11,41.52],[-125.18,41.82],[-125.18,42.14],[-125.06,42.43],[-125.13,42.51],[-125.14,42.82],[-125.23,43.13],[-125.23,43.27],[-125.33,43.49],[-125.3,43.58],[-125.33,43.85],[-125.28,44.02],[-125.26,44.66],[-125.33,44.8],[-125.33,44.98],[-125.41,45.15],[-125.39,45.42],[-125.51,45.85],[-125.62,45.98],[-125.52,46.13],[-125.55,46.19],[-125.5,46.25],[-125.52,46.39],[-125.3,46.49],[-125.66,46.58],[-125.86,46.77],[-125.93,46.92],[-125.93,47.11],[-126.17,47.42],[-126.22,47.59],[-126.34,47.71],[-126.44,47.89],[-126.47,48.06],[-126.43,48.26],[-126.7,48.38],[-126.82,48.53],[-126.96,48.62],[-127.1,48.62],[-127.15,48.74],[-127.32,48.76],[-127.34,48.86],[-127.21,48.88],[-127.22,48.98],[-127.46,49.08],[-127.57,49.06],[-127.64,49.09],[-127.68,49.3],[-127.82,49.48],[-128.04,49.61],[-128.04,49.75],[-128.51,49.98],[-128.55,49.97],[-128.36,49.8],[-128.38,49.73],[-128.49,49.73],[-128.64,49.82],[-128.74,49.85],[-128.78,49.99],[-128.91,50.01],[-128.98,50.08],[-128.96,50.18],[-128.81,50.26],[-128.93,50.4],[-129.16,50.49],[-129.22,50.49],[-129.28,50.45],[-129.17,50.28],[-129.02,50.21],[-129.03,50.13],[-129.13,50.05],[-129.12,49.99],[-128.99,50.02],[-128.93,49.96],[-128.94,49.76],[-129.18,49.73],[-129.28,49.84],[-129.55,49.97],[-129.65,50.11],[-130.2,50.43],[-130.22,50.47],[-130.2,50.54],[-130.15,50.55],[-129.84,50.41],[-129.61,50.26],[-129.3,50.13],[-129.47,50.26],[-129.7,50.49],[-129.67,50.55],[-129.58,50.62],[-129.82,50.62],[-129.79,50.81],[-129.96,50.98],[-130.1,51.0],[-130.2,51.07],[-130.32,51.07],[-130.49,51.24],[-130.56,51.23],[-130.63,51.08],[-130.71,51.08],[-130.75,51.15],[-130.68,51.38],[-130.92,51.5],[-130.92,51.65],[-131.06,51.79],[-131.15,51.8],[-131.29,51.6],[-131.45,51.58],[-131.54,51.7],[-131.63,51.7],[-131.69,51.82],[-131.64,51.89],[-131.45,51.91],[-131.54,51.98],[-131.71,51.98],[-131.78,52.01],[-131.86,52.15],[-131.81,52.27],[-131.9,52.37],[-132.05,52.34],[-132.17,52.39],[-132.19,52.46],[-132.36,52.46],[-132.6,52.68],[-132.74,52.7],[-132.79,52.78],[-133.06,52.94],[-133.27,53.18],[-133.4,53.22],[-133.48,53.28],[-133.56,53.45],[-133.47,53.54],[-133.47,53.58],[-133.56,53.62],[-133.63,53.71],[-133.8,53.74],[-133.82,53.78],[-134.17,54.01],[-134.2,54.1],[-134.11,54.19],[-134.35,54.26],[-134.49,54.45],[-134.5,54.5],[-134.33,54.62],[-134.3,54.67],[-134.74,54.91],[-134.81,54.84],[-134.86,54.83],[-135.05,54.93],[-135.09,55.0],[-135.06,55.04],[-134.79,55.0],[-134.95,55.1],[-135.19,55.32],[-135.29,55.42],[-135.34,55.56],[-135.77,55.94],[-135.91,55.97],[-135.98,56.11],[-135.96,56.26],[-136.15,56.45],[-136.25,56.45],[-136.3,56.5],[-136.44,56.54],[-136.44,56.66],[-136.49,56.71],[-136.51,56.81],[-136.63,56.9],[-136.61,57.0],[-136.66,57.03],[-136.73,57.19],[-136.94,57.31],[-137.07,57.32],[-137.09,57.39],[-137.04,57.5],[-137.14,57.5],[-137.18,57.55],[-137.35,57.58],[-137.45,57.72],[-137.83,57.84],[-138.1,57.86],[-138.24,57.94],[-138.35,57.93],[-139.54,58.27],[-139.62,58.34],[-139.75,58.34],[-139.96,58.44],[-140.7,58.59],[-141.06,58.73],[-141.23,58.84],[-141.6,58.87],[-142.03,59.08],[-142.09,59.09],[-142.13,59.04],[-142.21,59.03],[-142.42,59.16],[-142.58,59.33],[-142.7,59.3],[-142.83,59.35],[-143.27,59.35],[-143.45,59.4],[-143.81,59.4],[-143.95,59.45],[-144.1,59.42],[-144.46,59.45],[-144.67,59.35],[-144.86,59.35],[-145.04,59.28],[-145.22,59.35],[-145.46,59.23],[-145.68,59.28],[-145.87,59.21],[-146.02,59.23],[-146.09,59.14],[-146.17,59.09],[-146.26,59.09],[-146.48,59.16],[-146.78,59.11],[-146.89,59.04],[-147.09,59.05],[-147.19,58.92],[-147.31,58.87],[-147.39,58.78],[-147.44,58.78],[-147.56,58.84],[-147.65,58.82],[-147.72,58.76],[-147.57,58.68],[-147.52,58.56],[-147.58,58.51],[-147.73,58.56],[-147.76,58.54],[-147.72,58.43],[-147.74,58.36],[-147.91,58.22],[-147.81,58.09],[-147.82,58.03],[-147.91,58.01],[-147.99,58.03],[-148.01,57.98],[-148.13,57.92],[-148.45,57.86],[-148.9,57.72],[-149.16,57.72],[-149.26,57.53],[-149.54,57.36],[-149.69,57.34],[-149.74,57.22],[-149.82,57.14],[-150.02,57.12],[-150.05,57.07],[-150.24,56.97],[-150.52,56.95],[-150.67,56.98],[-150.67,56.88],[-150.75,56.78],[-151.15,56.64],[-151.32,56.64],[-151.49,56.54],[-151.7,56.52],[-151.87,56.42],[-152.47,56.23],[-152.57,56.26],[-152.65,56.2],[-152.93,56.21],[-152.99,56.02],[-153.5,55.7],[-153.79,55.7],[-153.96,55.61],[-154.06,55.61],[-154.13,55.51],[-154.5,55.33],[-154.73,55.34],[-154.92,55.25],[-155.11,55.27],[-155.11,55.18],[-155.18,55.1],[-155.41,55.24],[-155.47,55.24],[-155.57,55.13],[-155.54,55.03],[-155.61,54.95],[-155.79,54.96],[-156.06,55.03],[-156.22,54.89],[-156.4,54.85],[-156.58,54.74],[-156.72,54.77],[-156.86,54.66],[-157.02,54.6],[-157.18,54.57],[-157.51,54.58],[-157.54,54.46],[-157.59,54.39],[-157.86,54.43],[-158.04,54.5],[-158.14,54.46],[-158.43,54.43],[-158.45,54.39],[-158.42,54.27],[-158.47,54.24],[-158.81,54.26],[-158.95,54.24],[-159.22,54.29],[-159.84,54.17],[-159.96,54.19],[-160.08,54.12],[-160.28,54.07],[-160.78,54.05],[-160.94,54.1],[-161.14,54.07],[-161.38,53.9],[-162.05,53.87],[-162.42,53.91],[-162.5,53.83],[-162.37,53.82],[-162.36,53.76],[-162.39,53.7],[-162.72,53.64],[-162.74,53.73],[-162.6,53.82],[-162.96,53.78],[-163.27,53.69],[-163.66,53.64],[-163.78,53.59],[-164.04,53.59],[-164.16,53.54],[-164.28,53.57],[-164.4,53.52],[-164.83,53.47],[-165.0,53.38],[-165.55,53.42],[-165.7,53.28],[-165.89,53.16],[-166.2,53.11],[-166.3,53.07],[-166.46,53.11],[-166.6,53.04],[-166.82,53.02],[-166.91,52.97],[-167.04,52.97],[-167.21,52.87],[-167.35,52.87],[-167.57,52.8],[-167.71,52.85],[-168.12,52.78],[-168.5,52.63],[-168.62,52.66],[-168.79,52.51],[-169.01,52.54],[-169.1,52.44],[-169.54,52.25],[-170.02,52.27],[-170.55,52.11],[-171.07,52.13],[-171.82,51.79],[-172.03,51.84],[-172.2,51.82],[-173.52,51.82],[-173.65,51.74],[-173.76,51.77],[-173.9,51.72],[-174.31,51.74],[-174.46,51.7],[-175.18,51.65],[-175.3,51.6],[-175.56,51.58],[-175.7,51.51],[-175.94,51.55],[-176.18,51.42],[-176.51,51.39],[-176.76,51.29],[-176.91,51.28],[-177.07,51.29],[-177.14,51.43],[-177.33,51.35],[-177.51,51.4],[-177.82,51.24],[-177.96,51.26],[-178.15,51.22],[-178.46,51.24],[-178.64,51.14],[-179.03,51.05],[-179.16,51.07],[-179.31,51.03],[-179.36,51.08],[-179.31,51.18],[-179.33,51.22],[-179.37,51.22],[-179.49,51.12],[-179.52,51.19],[-179.64,51.17],[-179.76,51.31],[-180.0,51.26],[-180.0,44.45],[-159.64,36.3],[-141.05,12.7],[-81.0,-7.46],[-81.0,-7.15],[-81.14,-7.1],[-81.17,-7.0],[-81.13,-6.8],[-81.22,-6.79],[-81.26,-6.74],[-81.36,-6.48],[-81.34,-6.29],[-81.46,-6.13],[-81.54,-5.35],[-81.63,-5.07],[-81.58,-4.9],[-81.62,-4.78],[-81.53,-4.63],[-81.65,-4.44],[-81.62,-4.25],[-81.55,-4.13],[-81.58,-4.06],[-81.55,-3.98],[-81.55,-3.5],[-81.5,-3.5],[-81.48,-3.41],[-81.42,-3.35],[-81.43,-3.02],[-81.32,-2.55],[-81.34,-2.2],[-81.41,-1.99],[-81.36,-1.75],[-81.31,-1.7],[-81.36,-1.54],[-81.34,-1.3],[-81.26,-1.18],[-81.26,-1.06],[-81.22,-0.98],[-81.24,-0.84],[-81.17,-0.74],[-81.03,-0.14],[-80.86,0.07],[-80.74,0.31],[-80.71,0.43],[-80.59,0.5],[-80.47,0.84],[-80.38,0.96],[-80.3,1.13],[-80.16,1.26],[-80.17,1.31],[-80.27,1.35],[-80.27,1.42],[-80.12,1.52],[-80.02,1.67],[-79.8,1.8],[-79.61,2.23],[-79.48,2.24],[-79.32,2.5],[-78.91,2.97],[-78.79,3.19],[-78.59,3.36],[-78.57,3.43],[-78.58,3.55],[-78.53,3.6],[-78.5,3.7],[-78.29,3.86],[-78.19,4.03],[-78.07,4.06],[-78.02,4.11],[-78.0,4.54],[-77.88,4.85],[-77.88,5.02],[-77.74,5.21],[-77.74,5.3],[-77.66,5.45],[-77.66,5.66],[-77.54,5.93],[-77.62,6.17],[-77.88,6.72],[-77.88,6.91],[-77.9,6.98],[-78.09,7.2],[-78.2,7.28],[-78.48,7.3],[-78.58,7.46],[-78.72,7.51],[-79.3,7.44],[-79.51,7.3],[-79.58,7.15],[-79.85,7.17],[-80.16,7.04],[-80.38,7.03],[-80.62,6.91],[-80.76,7.01],[-80.83,6.96],[-80.98,6.96],[-81.33,6.81],[-81.36,6.77],[-81.24,6.67],[-81.22,6.61],[-81.26,6.36],[-81.24,6.24],[-81.26,5.71],[-81.36,5.69],[-81.5,5.57],[-81.62,5.52],[-81.68,5.4],[-81.86,5.41],[-82.04,5.47],[-82.18,5.78],[-82.17,5.83],[-82.08,5.93],[-82.01,5.95],[-82.01,6.05],[-81.97,6.12],[-82.02,6.45],[-81.96,6.72],[-82.03,6.79],[-82.03,6.84],[-81.91,6.99],[-81.91,7.12],[-82.03,7.22],[-82.27,7.27],[-82.51,7.51],[-82.54,7.66],[-82.59,7.65],[-82.72,7.54],[-82.89,7.56],[-82.9,7.34],[-82.97,7.18],[-82.94,7.1],[-82.96,7.05],[-83.01,7.03],[-83.18,7.06],[-83.52,6.89],[-83.51,6.84],[-83.39,6.86],[-83.33,6.82],[-83.28,6.72],[-83.32,6.64],[-83.51,6.61],[-83.59,6.7],[-83.7,6.54],[-83.78,6.53],[-83.93,6.43],[-84.05,6.41],[-84.05,6.24],[-84.13,6.1],[-84.55,6.0],[-84.91,5.98],[-85.06,5.88],[-85.13,5.9],[-85.25,5.64],[-85.25,5.5],[-85.36,5.43],[-85.34,5.28],[-85.42,5.14],[-85.42,4.82],[-85.45,4.79],[-85.58,4.8],[-85.61,4.75],[-85.68,4.72],[-85.87,4.78],[-85.85,4.61],[-85.78,4.58],[-85.75,4.53],[-85.8,4.48],[-85.87,4.54],[-85.92,4.39],[-85.99,4.35],[-85.91,4.33],[-85.85,4.44],[-85.78,4.44],[-85.76,4.4],[-85.85,4.34],[-85.89,4.17],[-85.97,4.14],[-86.06,4.2],[-86.11,4.13],[-86.31,3.99],[-86.35,3.94],[-86.35,3.67],[-86.47,3.67],[-86.54,3.58],[-86.64,3.54],[-86.88,3.55],[-87.12,3.46],[-87.24,3.5],[-87.7,3.55],[-87.69,3.51],[-87.35,3.33],[-87.31,3.14],[-87.35,3.09],[-87.53,3.1],[-87.55,3.05],[-87.6,3.05],[-87.6,3.0],[-87.68,2.91],[-87.91,2.86],[-87.96,2.77],[-87.94,2.59],[-88.04,2.5],[-88.13,2.47],[-88.19,2.49],[-88.32,2.62],[-88.42,2.64],[-88.62,2.79],[-88.72,2.81],[-88.97,2.69],[-89.08,2.68],[-89.07,2.62],[-88.96,2.56],[-88.92,2.5],[-88.86,2.49],[-88.85,2.45],[-88.86,2.42],[-88.95,2.44],[-88.97,2.39],[-89.11,2.35],[-89.14,2.3],[-89.21,2.29],[-89.45,2.35],[-90.07,2.27],[-90.24,2.42],[-90.24,2.57],[-90.39,2.63],[-90.46,2.69],[-90.48,2.83],[-90.42,2.85],[-90.29,2.76],[-90.05,2.71],[-89.96,2.79],[-89.86,2.83],[-89.71,2.99],[-89.45,3.01],[-89.42,3.04],[-89.4,3.29],[-89.46,3.41],[-89.41,3.46],[-89.24,3.48],[-88.58,3.41],[-88.59,3.57],[-88.44,3.65],[-88.75,3.82],[-88.75,3.95],[-88.68,4.1],[-88.75,4.15],[-88.76,4.24],[-88.72,4.27],[-88.58,4.25],[-88.38,4.31],[-88.41,4.46],[-88.35,4.54],[-88.26,4.51],[-88.13,4.38],[-88.03,4.34],[-88.03,4.44],[-87.96,4.49],[-87.79,4.46],[-87.7,4.58],[-87.61,4.63],[-87.24,4.7],[-87.18,4.8],[-87.17,5.18],[-87.28,5.19],[-87.49,5.31]],[[-87.96,5.38],[-87.92,5.29],[-87.94,5.18],[-87.97,5.14],[-88.05,5.11],[-88.1,5.16],[-88.12,5.29],[-88.08,5.35],[-87.96,5.38]],[[-87.87,5.11],[-87.7,5.22],[-87.55,5.22],[-87.29,5.08],[-87.23,4.98],[-87.24,4.92],[-87.4,4.88],[-87.79,4.95],[-87.86,4.99],[-87.87,5.11]],[[-88.49,5.37],[-88.58,5.38],[-88.64,5.47],[-88.63,5.57],[-88.53,5.62],[-88.43,5.61],[-88.4,5.55],[-88.43,5.42],[-88.49,5.37]],[[-104.41,5.87],[-104.45,5.81],[-104.52,5.79],[-104.62,5.81],[-104.68,5.91],[-104.68,6.02],[-104.66,6.05],[-104.53,6.08],[-104.46,6.06],[-104.42,6.0],[-104.41,5.87]],[[-86.65,5.96],[-86.7,5.98],[-86.76,6.14],[-86.69,6.22],[-86.64,6.2],[-86.58,6.09],[-86.58,5.99],[-86.65,5.96]],[[-110.24,6.37],[-110.3,6.31],[-110.37,6.33],[-110.41,6.41],[-110.38,6.5],[-110.33,6.53],[-110.26,6.5],[-110.24,6.37]],[[-86.0,6.84],[-86.03,6.77],[-86.11,6.75],[-86.19,6.78],[-86.21,6.83],[-86.19,6.87],[-86.08,6.92],[-86.03,6.9],[-86.0,6.84]],[[-111.03,6.87],[-111.11,6.82],[-111.18,6.86],[-111.18,6.97],[-111.12,7.03],[-111.02,7.02],[-111.03,6.87]],[[-86.02,6.92],[-86.05,7.01],[-85.99,7.07],[-85.89,7.06],[-85.81,7.0],[-85.81,6.9],[-85.85,6.87],[-86.02,6.92]],[[-85.67,7.15],[-85.73,7.08],[-85.83,7.12],[-85.77,7.38],[-85.68,7.41],[-85.58,7.34],[-85.43,7.31],[-85.42,7.25],[-85.47,7.16],[-85.6,7.18],[-85.67,7.15]],[[-85.8,7.85],[-85.73,7.77],[-85.77,7.66],[-85.94,7.57],[-86.04,7.61],[-86.03,7.79],[-85.8,7.85]],[[-86.12,7.76],[-86.07,7.69],[-86.1,7.62],[-86.17,7.57],[-86.25,7.58],[-86.3,7.65],[-86.28,7.71],[-86.12,7.76]],[[-85.54,8.08],[-85.48,8.02],[-85.49,7.97],[-85.54,7.94],[-85.65,7.96],[-85.66,8.02],[-85.63,8.06],[-85.54,8.08]],[[-85.7,8.09],[-85.73,8.01],[-85.8,7.99],[-85.87,8.05],[-85.88,8.1],[-85.85,8.16],[-85.76,8.19],[-85.7,8.09]],[[-85.24,8.11],[-85.32,8.15],[-85.34,8.23],[-85.28,8.29],[-85.07,8.41],[-84.95,8.57],[-84.69,8.71],[-84.59,8.72],[-84.53,8.69],[-84.53,8.59],[-84.69,8.44],[-84.91,8.36],[-84.98,8.18],[-85.24,8.11]],[[-85.58,8.53],[-85.54,8.5],[-85.54,8.42],[-85.69,8.41],[-85.76,8.46],[-85.71,8.52],[-85.58,8.53]],[[-110.84,9.39],[-110.8,9.36],[-110.79,9.29],[-110.84,9.25],[-110.9,9.26],[-110.95,9.33],[-110.9,9.38],[-110.84,9.39]],[[-111.1,9.37],[-111.22,9.34],[-111.25,9.4],[-111.15,9.49],[-111.1,9.46],[-111.1,9.37]],[[-114.19,9.73],[-114.18,9.61],[-114.24,9.56],[-114.29,9.58],[-114.32,9.63],[-114.31,9.68],[-114.19,9.73]],[[-108.78,10.09],[-108.7,10.03],[-108.67,9.95],[-108.7,9.9],[-108.75,9.88],[-108.88,9.9],[-108.93,9.99],[-108.86,10.07],[-108.78,10.09]],[[-111.41,10.07],[-111.61,10.1],[-111.64,10.14],[-111.62,10.2],[-111.46,10.26],[-111.34,10.25],[-111.3,10.21],[-111.3,10.13],[-111.41,10.07]],[[-110.09,10.2],[-110.14,10.27],[-110.15,10.35],[-110.07,10.42],[-109.8,10.37],[-109.58,10.38],[-109.54,10.3],[-109.56,10.24],[-109.6,10.21],[-110.09,10.2]],[[-110.18,10.42],[-110.25,10.35],[-110.54,10.36],[-110.75,10.45],[-110.78,10.53],[-110.7,10.61],[-110.24,10.48],[-110.18,10.42]],[[-109.57,10.44],[-109.62,10.53],[-109.6,10.62],[-109.54,10.64],[-109.43,10.61],[-109.38,10.49],[-109.42,10.38],[-109.5,10.38],[-109.57,10.44]],[[-108.92,10.5],[-108.89,10.58],[-108.76,10.56],[-108.66,10.47],[-108.66,10.39],[-108.7,10.35],[-108.8,10.35],[-108.92,10.5]],[[-108.25,10.35],[-108.22,10.41],[-108.15,10.44],[-107.9,10.43],[-107.65,10.36],[-107.61,10.31],[-107.62,10.25],[-107.68,10.2],[-107.78,10.2],[-107.98,10.3],[-108.19,10.29],[-108.25,10.35]],[[-109.13,10.24],[-109.22,10.2],[-109.32,10.25],[-109.38,10.36],[-109.34,10.46],[-109.2,10.49],[-109.13,10.46],[-109.09,10.33],[-109.13,10.24]],[[-119.47,12.17],[-119.48,12.11],[-119.55,12.07],[-119.66,12.14],[-119.66,12.18],[-119.57,12.24],[-119.51,12.23],[-119.47,12.17]],[[-110.3,13.3],[-110.37,13.24],[-110.45,13.28],[-110.47,13.36],[-110.44,13.43],[-110.37,13.46],[-110.33,13.45],[-110.3,13.3]],[[-119.71,13.45],[-119.77,13.39],[-119.86,13.38],[-119.94,13.42],[-119.96,13.52],[-119.88,13.59],[-119.76,13.59],[-119.7,13.52],[-119.71,13.45]],[[-102.48,13.47],[-102.38,13.44],[-102.38,13.34],[-102.47,13.32],[-102.55,13.35],[-102.56,13.39],[-102.48,13.47]],[[-120.49,14.08],[-120.43,14.03],[-120.42,13.91],[-120.48,13.86],[-120.57,13.87],[-120.63,13.94],[-120.62,14.01],[-120.56,14.07],[-120.49,14.08]],[[-120.72,14.2],[-120.78,14.14],[-120.86,14.18],[-120.88,14.25],[-120.78,14.34],[-120.74,14.34],[-120.72,14.2]],[[-107.12,14.25],[-107.2,14.31],[-107.24,14.4],[-107.21,14.5],[-107.16,14.52],[-107.08,14.49],[-107.02,14.33],[-107.04,14.26],[-107.12,14.25]],[[-110.82,15.31],[-110.89,15.24],[-111.04,15.28],[-111.06,15.34],[-111.0,15.43],[-110.9,15.46],[-110.83,15.4],[-110.82,15.31]],[[-105.79,15.57],[-105.99,15.62],[-106.01,15.67],[-105.98,15.72],[-105.81,15.74],[-105.69,15.69],[-105.68,15.62],[-105.79,15.57]],[[-111.51,15.99],[-111.59,16.01],[-111.66,16.09],[-111.69,16.18],[-111.64,16.26],[-111.56,16.23],[-111.49,16.14],[-111.47,16.04],[-111.51,15.99]],[[-109.35,16.11],[-109.4,16.14],[-109.42,16.24],[-109.39,16.3],[-109.31,16.32],[-109.25,16.25],[-109.25,16.16],[-109.28,16.12],[-109.35,16.11]],[[-109.13,16.21],[-109.19,16.28],[-109.12,16.43],[-109.06,16.49],[-108.91,16.51],[-108.87,16.46],[-108.89,16.33],[-109.0,16.23],[-109.13,16.21]],[[-132.43,16.52],[-132.53,16.57],[-132.5,16.66],[-132.46,16.68],[-132.4,16.67],[-132.36,16.61],[-132.37,16.56],[-132.43,16.52]],[[-108.77,16.25],[-108.72,16.28],[-108.62,16.25],[-108.55,16.09],[-108.58,16.01],[-108.7,16.03],[-108.78,16.11],[-108.8,16.2],[-108.77,16.25]],[[-103.93,16.88],[-103.9,16.82],[-103.92,16.78],[-104.01,16.74],[-104.1,16.75],[-104.06,16.82],[-103.93,16.88]],[[-117.31,16.85],[-117.34,16.8],[-117.52,16.81],[-117.58,16.84],[-117.59,16.9],[-117.56,16.95],[-117.42,16.95],[-117.34,16.92],[-117.31,16.85]],[[-123.98,17.77],[-123.94,17.71],[-123.95,17.64],[-124.04,17.59],[-124.1,17.65],[-124.1,17.71],[-124.06,17.76],[-123.98,17.77]],[[-111.74,18.32],[-111.7,18.28],[-111.73,18.2],[-111.81,18.16],[-111.88,18.19],[-111.88,18.27],[-111.74,18.32]],[[-113.8,18.31],[-113.75,18.27],[-113.75,18.21],[-113.9,18.2],[-113.88,18.29],[-113.8,18.31]],[[-114.55,18.29],[-114.6,18.24],[-114.79,18.23],[-114.87,18.31],[-114.88,18.41],[-114.81,18.48],[-114.66,18.53],[-114.57,18.52],[-114.53,18.45],[-114.55,18.29]],[[-117.04,18.46],[-116.98,18.39],[-117.0,18.31],[-117.07,18.26],[-117.19,18.28],[-117.23,18.35],[-117.21,18.41],[-117.11,18.47],[-117.04,18.46]],[[-119.39,18.46],[-119.42,18.38],[-119.48,18.35],[-119.59,18.41],[-119.62,18.48],[-119.49,18.57],[-119.42,18.53],[-119.39,18.46]],[[-110.8,18.65],[-110.95,18.61],[-111.07,18.65],[-111.1,18.7],[-111.19,18.75],[-111.18,18.87],[-111.1,18.96],[-110.99,19.01],[-110.87,18.96],[-110.76,18.82],[-110.8,18.65]],[[-111.94,19.0],[-112.0,18.89],[-112.06,18.86],[-112.13,18.86],[-112.18,18.91],[-112.17,19.02],[-112.1,19.11],[-112.02,19.13],[-111.96,19.11],[-111.94,19.0]],[[-110.74,19.1],[-110.95,19.2],[-110.96,19.24],[-110.88,19.51],[-110.9,19.64],[-110.81,19.71],[-110.69,19.59],[-110.66,19.51],[-110.69,19.3],[-110.66,19.15],[-110.69,19.1],[-110.74,19.1]],[[-124.96,19.4],[-124.89,19.33],[-124.92,19.27],[-124.98,19.26],[-125.04,19.29],[-125.05,19.35],[-125.02,19.39],[-124.96,19.4]],[[-108.43,19.11],[-108.38,19.18],[-108.32,19.16],[-108.21,19.09],[-108.19,18.98],[-108.27,18.95],[-108.37,18.99],[-108.43,19.07],[-108.43,19.11]],[[-107.57,18.96],[-107.63,19.0],[-107.64,19.07],[-107.61,19.11],[-107.53,19.13],[-107.5,19.1],[-107.47,18.96],[-107.57,18.96]],[[-107.18,18.85],[-107.07,18.91],[-107.04,18.89],[-107.04,18.72],[-107.24,18.67],[-107.43,18.72],[-107.44,18.78],[-107.41,18.82],[-107.21,18.79],[-107.18,18.85]],[[-121.99,21.15],[-121.96,21.01],[-122.03,20.96],[-122.09,20.98],[-122.13,21.03],[-122.12,21.08],[-122.03,21.16],[-121.99,21.15]],[[-125.74,22.27],[-125.75,22.19],[-125.8,22.16],[-125.89,22.18],[-125.95,22.28],[-125.81,22.37],[-125.77,22.35],[-125.74,22.27]],[[-125.49,22.29],[-125.57,22.34],[-125.56,22.44],[-125.38,22.52],[-125.29,22.5],[-125.26,22.44],[-125.28,22.34],[-125.37,22.29],[-125.49,22.29]],[[-124.05,22.39],[-124.14,22.43],[-124.16,22.5],[-124.1,22.56],[-124.03,22.58],[-123.95,22.52],[-123.94,22.45],[-123.97,22.41],[-124.05,22.39]],[[-108.67,23.64],[-108.7,23.59],[-108.8,23.57],[-108.89,23.59],[-108.92,23.63],[-108.87,23.7],[-108.76,23.72],[-108.7,23.7],[-108.67,23.64]],[[-117.0,24.65],[-116.95,24.62],[-116.93,24.56],[-116.95,24.52],[-117.07,24.49],[-117.17,24.53],[-117.17,24.57],[-117.12,24.62],[-117.0,24.65]],[[-115.69,25.08],[-115.61,24.98],[-115.63,24.91],[-115.93,24.7],[-116.0,24.68],[-116.06,24.71],[-116.11,24.83],[-116.09,24.94],[-115.86,25.05],[-115.69,25.08]],[[-119.48,25.44],[-119.42,25.37],[-119.44,25.29],[-119.55,25.25],[-119.62,25.27],[-119.64,25.32],[-119.62,25.39],[-119.48,25.44]],[[-121.66,26.07],[-121.7,25.96],[-121.76,25.91],[-121.82,25.92],[-121.82,26.09],[-121.73,26.13],[-121.66,26.07]],[[-122.19,26.11],[-122.31,26.13],[-122.35,26.19],[-122.34,26.22],[-122.27,26.27],[-122.18,26.25],[-122.15,26.17],[-122.19,26.11]],[[-115.12,26.15],[-115.02,26.3],[-114.92,26.33],[-114.86,26.3],[-114.84,26.24],[-114.93,26.13],[-115.06,26.09],[-115.11,26.1],[-115.12,26.15]],[[-119.21,27.87],[-119.17,27.8],[-119.21,27.72],[-119.33,27.63],[-119.4,27.65],[-119.41,27.7],[-119.37,27.78],[-119.21,27.87]],[[-118.21,29.33],[-118.15,29.24],[-118.13,28.82],[-118.27,28.7],[-118.4,28.81],[-118.52,29.17],[-118.48,29.24],[-118.21,29.33]],[[-117.19,29.66],[-117.15,29.56],[-117.17,29.45],[-117.24,29.4],[-117.33,29.42],[-117.37,29.52],[-117.32,29.66],[-117.29,29.69],[-117.19,29.66]],[[-117.31,30.19],[-117.23,30.14],[-117.24,30.05],[-117.31,30.02],[-117.38,29.94],[-117.45,29.93],[-117.71,30.19],[-117.73,30.33],[-117.67,30.4],[-117.6,30.4],[-117.53,30.34],[-117.43,30.14],[-117.38,30.13],[-117.36,30.18],[-117.31,30.19]],[[-119.93,30.3],[-119.99,30.16],[-120.08,30.13],[-120.12,30.17],[-120.13,30.22],[-120.09,30.28],[-119.96,30.32],[-119.93,30.3]],[[-122.67,30.4],[-122.79,30.4],[-122.82,30.43],[-122.82,30.47],[-122.74,30.54],[-122.64,30.55],[-122.6,30.46],[-122.67,30.4]],[[-139.21,30.82],[-139.18,30.79],[-139.17,30.7],[-139.29,30.69],[-139.33,30.75],[-139.28,30.8],[-139.21,30.82]],[[-126.88,32.19],[-126.84,32.16],[-126.83,32.07],[-126.95,32.05],[-126.99,32.11],[-126.94,32.17],[-126.88,32.19]],[[-127.71,32.57],[-127.61,32.49],[-127.64,32.37],[-127.73,32.34],[-127.84,32.36],[-127.9,32.45],[-127.87,32.52],[-127.81,32.56],[-127.71,32.57]],[[-130.78,32.84],[-130.7,32.76],[-130.7,32.69],[-130.77,32.66],[-130.9,32.7],[-130.92,32.77],[-130.9,32.81],[-130.78,32.84]],[[-132.43,32.81],[-132.6,32.82],[-132.64,32.9],[-132.57,32.97],[-132.44,32.97],[-132.38,32.9],[-132.43,32.81]],[[-121.03,32.98],[-121.06,33.05],[-121.03,33.15],[-120.92,33.21],[-120.88,33.19],[-120.89,33.03],[-120.97,32.96],[-121.03,32.98]],[[-135.48,34.5],[-135.39,34.43],[-135.43,34.35],[-135.54,34.37],[-135.58,34.42],[-135.53,34.49],[-135.48,34.5]],[[-122.67,35.83],[-122.64,35.8],[-122.65,35.73],[-122.72,35.69],[-122.77,35.69],[-122.76,35.78],[-122.67,35.83]],[[-146.06,38.5],[-146.02,38.36],[-146.09,38.3],[-146.16,38.33],[-146.2,38.38],[-146.19,38.43],[-146.1,38.51],[-146.06,38.5]],[[-146.25,39.33],[-146.2,39.2],[-146.23,39.15],[-146.31,39.14],[-146.38,39.19],[-146.38,39.27],[-146.32,39.33],[-146.25,39.33]],[[-135.65,39.88],[-135.7,39.86],[-135.75,39.87],[-135.79,39.96],[-135.73,40.01],[-135.68,40.0],[-135.65,39.88]],[[-134.3,39.91],[-134.34,39.96],[-134.33,40.01],[-134.2,40.07],[-134.11,40.03],[-134.1,40.0],[-134.13,39.93],[-134.22,39.9],[-134.3,39.91]],[[-127.53,40.34],[-128.02,40.34],[-128.06,40.42],[-128.02,40.46],[-127.45,40.46],[-127.44,40.39],[-127.53,40.34]],[[-126.51,40.47],[-126.33,40.5],[-126.22,40.44],[-126.28,40.39],[-126.44,40.38],[-126.53,40.41],[-126.51,40.47]],[[-127.0,40.45],[-126.96,40.39],[-127.17,40.36],[-127.23,40.41],[-127.22,40.44],[-127.0,40.45]],[[-130.23,40.86],[-130.24,40.79],[-130.29,40.73],[-130.36,40.7],[-130.42,40.73],[-130.45,40.84],[-130.4,40.91],[-130.3,40.93],[-130.23,40.86]],[[-128.89,40.87],[-128.97,40.91],[-128.95,40.99],[-128.81,41.0],[-128.78,40.91],[-128.81,40.88],[-128.89,40.87]],[[-130.03,41.16],[-130.15,41.13],[-130.19,41.22],[-130.09,41.3],[-129.99,41.31],[-129.97,41.23],[-130.03,41.16]],[[-127.66,41.18],[-127.71,41.22],[-127.7,41.3],[-127.63,41.36],[-127.56,41.35],[-127.52,41.31],[-127.54,41.23],[-127.59,41.18],[-127.66,41.18]],[[-127.27,41.33],[-127.31,41.38],[-127.29,41.46],[-127.25,41.52],[-127.15,41.53],[-127.14,41.38],[-127.22,41.31],[-127.27,41.33]],[[-127.4,41.95],[-127.29,41.85],[-127.27,41.76],[-127.3,41.74],[-127.37,41.74],[-127.51,41.87],[-127.49,41.93],[-127.4,41.95]],[[-132.75,42.16],[-132.7,42.12],[-132.71,42.04],[-132.81,42.01],[-132.89,42.04],[-132.86,42.12],[-132.75,42.16]],[[-129.87,44.31],[-129.83,44.21],[-129.86,44.17],[-129.92,44.18],[-129.98,44.21],[-129.98,44.27],[-129.93,44.32],[-129.87,44.31]],[[-129.87,46.05],[-129.76,45.91],[-130.0,45.72],[-130.09,45.75],[-130.14,45.85],[-130.2,45.89],[-130.46,45.84],[-130.54,45.91],[-130.58,46.15],[-130.71,46.38],[-130.61,46.46],[-130.38,46.45],[-130.27,46.37],[-130.3,46.12],[-130.27,46.08],[-130.19,46.07],[-130.06,46.13],[-129.97,46.22],[-129.9,46.24],[-129.85,46.18],[-129.87,46.05]],[[-130.83,46.46],[-130.95,46.44],[-131.06,46.49],[-131.02,46.63],[-130.92,46.66],[-130.94,46.67],[-131.11,46.61],[-131.21,46.63],[-131.33,46.57],[-131.42,46.58],[-131.48,46.66],[-131.47,46.8],[-131.33,46.85],[-131.25,46.83],[-131.17,46.76],[-131.09,46.75],[-130.89,46.92],[-130.78,46.94],[-130.66,46.91],[-130.6,46.83],[-130.61,46.75],[-130.68,46.63],[-130.8,46.63],[-130.83,46.46]],[[-131.42,47.24],[-131.35,47.2],[-131.34,47.14],[-131.37,47.1],[-131.46,47.08],[-131.51,47.11],[-131.52,47.18],[-131.51,47.22],[-131.42,47.24]],[[-130.28,47.68],[-130.22,47.61],[-130.22,47.54],[-130.28,47.52],[-130.35,47.54],[-130.4,47.62],[-130.34,47.68],[-130.28,47.68]],[[-131.84,47.92],[-131.87,47.89],[-131.97,47.89],[-132.04,47.94],[-132.04,47.98],[-131.97,48.04],[-131.89,48.05],[-131.84,48.0],[-131.84,47.92]],[[-132.51,48.02],[-132.55,47.97],[-132.85,47.98],[-132.94,48.02],[-132.96,48.17],[-132.84,48.22],[-132.57,48.1],[-132.51,48.02]],[[-133.01,48.22],[-133.04,48.18],[-133.16,48.17],[-133.26,48.24],[-133.29,48.34],[-133.21,48.4],[-133.12,48.39],[-133.01,48.31],[-133.01,48.22]],[[-129.87,48.26],[-129.98,48.36],[-129.98,48.43],[-129.95,48.46],[-129.86,48.45],[-129.74,48.34],[-129.74,48.26],[-129.87,48.26]],[[-133.03,48.46],[-133.12,48.43],[-133.23,48.46],[-133.29,48.55],[-133.27,48.62],[-133.23,48.65],[-133.03,48.62],[-132.98,48.54],[-133.03,48.46]],[[-129.68,48.5],[-129.77,48.54],[-129.79,48.6],[-129.65,48.63],[-129.54,48.58],[-129.54,48.52],[-129.68,48.5]],[[-129.5,48.5],[-129.45,48.54],[-129.31,48.48],[-129.18,48.31],[-129.22,48.29],[-129.41,48.36],[-129.51,48.44],[-129.5,48.5]],[[-130.3,48.08],[-130.3,48.17],[-130.19,48.18],[-130.04,48.09],[-130.0,48.0],[-130.04,47.96],[-130.15,47.97],[-130.3,48.08]],[[-133.46,48.86],[-133.46,48.79],[-133.51,48.76],[-133.59,48.79],[-133.62,48.86],[-133.55,48.92],[-133.46,48.86]],[[-133.64,48.91],[-133.7,48.84],[-133.83,48.85],[-133.98,48.91],[-134.04,49.0],[-133.97,49.08],[-133.84,49.07],[-133.71,49.0],[-133.64,48.91]],[[-139.08,49.2],[-139.0,49.22],[-138.96,49.2],[-138.96,49.06],[-139.02,49.05],[-139.12,49.11],[-139.12,49.17],[-139.08,49.2]],[[-131.12,49.15],[-131.13,49.29],[-131.06,49.34],[-130.94,49.27],[-130.81,49.3],[-130.74,49.19],[-130.78,49.02],[-130.9,48.94],[-131.03,48.99],[-131.12,49.15]],[[-130.38,49.32],[-130.29,49.29],[-130.26,49.23],[-130.27,49.18],[-130.33,49.16],[-130.43,49.2],[-130.44,49.26],[-130.38,49.32]],[[-130.26,49.58],[-130.27,49.45],[-130.34,49.4],[-130.39,49.42],[-130.42,49.47],[-130.39,49.58],[-130.26,49.58]],[[-132.56,49.56],[-132.58,49.51],[-132.66,49.47],[-132.78,49.47],[-132.86,49.53],[-132.81,49.65],[-132.76,49.66],[-132.63,49.65],[-132.56,49.56]],[[-130.24,49.68],[-130.31,49.67],[-130.35,49.7],[-130.32,49.82],[-130.28,49.85],[-129.94,49.88],[-129.7,49.84],[-129.63,49.76],[-129.68,49.71],[-129.83,49.71],[-130.01,49.72],[-130.1,49.78],[-130.24,49.68]],[[-133.37,49.84],[-133.4,49.76],[-133.44,49.74],[-133.52,49.79],[-133.5,49.85],[-133.43,49.91],[-133.39,49.91],[-133.37,49.84]],[[-130.06,50.21],[-129.96,50.11],[-129.96,50.04],[-129.99,50.02],[-130.14,50.04],[-130.21,50.11],[-130.18,50.21],[-130.06,50.21]],[[-142.49,50.22],[-142.6,50.22],[-142.66,50.26],[-142.68,50.36],[-142.63,50.42],[-142.56,50.46],[-142.45,50.42],[-142.42,50.31],[-142.49,50.22]],[[-142.72,50.46],[-142.83,50.5],[-142.85,50.57],[-142.8,50.64],[-142.71,50.66],[-142.66,50.64],[-142.64,50.56],[-142.67,50.48],[-142.72,50.46]],[[-130.79,50.56],[-130.85,50.64],[-130.99,50.68],[-131.02,50.76],[-130.99,50.81],[-130.82,50.86],[-130.78,50.71],[-130.63,50.7],[-130.56,50.62],[-130.43,50.54],[-130.32,50.33],[-130.43,50.3],[-130.58,50.33],[-130.69,50.48],[-130.79,50.56]],[[-131.23,50.82],[-131.18,50.78],[-131.18,50.69],[-131.29,50.67],[-131.34,50.73],[-131.33,50.78],[-131.23,50.82]],[[-144.35,50.77],[-144.41,50.74],[-144.56,50.76],[-144.61,50.8],[-144.61,50.86],[-144.51,50.95],[-144.41,50.97],[-144.34,50.9],[-144.31,50.82],[-144.35,50.77]],[[-143.36,50.81],[-143.44,50.91],[-143.42,51.01],[-143.24,51.04],[-143.15,51.01],[-143.13,50.9],[-143.16,50.85],[-143.22,50.81],[-143.36,50.81]],[[-130.69,50.89],[-130.61,50.98],[-130.48,50.99],[-130.46,50.87],[-130.5,50.82],[-130.59,50.8],[-130.69,50.89]],[[-130.41,50.86],[-130.32,50.91],[-130.21,50.86],[-130.11,50.73],[-130.12,50.62],[-130.2,50.57],[-130.42,50.57],[-130.45,50.68],[-130.41,50.86]],[[-141.84,50.28],[-141.87,50.24],[-141.96,50.24],[-142.03,50.31],[-142.03,50.35],[-141.96,50.41],[-141.9,50.42],[-141.85,50.38],[-141.84,50.28]],[[-141.36,50.32],[-141.54,50.42],[-141.56,50.47],[-141.51,50.54],[-141.26,50.49],[-141.18,50.43],[-141.19,50.33],[-141.36,50.32]],[[-133.92,52.33],[-133.92,52.25],[-134.0,52.22],[-134.09,52.25],[-134.14,52.31],[-134.09,52.39],[-134.01,52.41],[-133.94,52.39],[-133.92,52.33]],[[-151.27,52.69],[-151.21,52.64],[-151.21,52.55],[-151.3,52.5],[-151.41,52.53],[-151.44,52.61],[-151.37,52.67],[-151.27,52.69]],[[-150.01,52.92],[-149.98,52.9],[-149.97,52.8],[-150.09,52.79],[-150.13,52.85],[-150.08,52.91],[-150.01,52.92]],[[-134.5,53.38],[-134.42,53.35],[-134.41,53.31],[-134.43,53.22],[-134.48,53.17],[-134.61,53.21],[-134.65,53.27],[-134.59,53.35],[-134.5,53.38]],[[-135.37,53.33],[-135.54,53.23],[-135.75,53.19],[-135.84,53.2],[-135.91,53.28],[-135.9,53.32],[-135.82,53.38],[-135.44,53.5],[-135.34,53.47],[-135.33,53.39],[-135.37,53.33]],[[-135.83,53.49],[-135.84,53.4],[-136.0,53.38],[-136.21,53.45],[-136.26,53.49],[-136.27,53.57],[-136.24,53.61],[-136.1,53.66],[-135.91,53.58],[-135.83,53.49]],[[-144.15,53.55],[-144.24,53.48],[-144.36,53.49],[-144.45,53.56],[-144.45,53.64],[-144.28,53.71],[-144.22,53.71],[-144.15,53.63],[-144.15,53.55]],[[-136.52,53.57],[-136.71,53.63],[-136.75,53.69],[-136.75,53.75],[-136.61,53.8],[-136.46,53.77],[-136.42,53.71],[-136.42,53.65],[-136.45,53.58],[-136.52,53.57]],[[-148.39,53.96],[-148.56,53.91],[-148.63,53.98],[-148.6,54.06],[-148.44,54.1],[-148.39,54.07],[-148.37,54.01],[-148.39,53.96]],[[-149.3,54.08],[-149.44,54.07],[-149.49,54.13],[-149.48,54.18],[-149.26,54.27],[-149.22,54.2],[-149.3,54.08]],[[-148.48,54.14],[-148.56,54.18],[-148.58,54.25],[-148.48,54.32],[-148.4,54.28],[-148.35,54.17],[-148.4,54.13],[-148.48,54.14]],[[-137.54,54.14],[-137.47,54.22],[-137.35,54.23],[-137.22,54.18],[-137.17,54.08],[-137.2,54.01],[-137.44,53.97],[-137.52,54.02],[-137.54,54.14]],[[-150.15,54.41],[-150.25,54.34],[-150.38,54.34],[-150.41,54.43],[-150.68,54.52],[-150.67,54.67],[-150.62,54.67],[-150.52,54.77],[-150.26,54.79],[-150.21,54.71],[-150.24,54.58],[-150.12,54.5],[-150.15,54.41]],[[-149.25,54.69],[-149.13,54.69],[-149.09,54.6],[-149.11,54.56],[-149.23,54.54],[-149.34,54.59],[-149.35,54.63],[-149.25,54.69]],[[-137.14,54.6],[-136.8,54.66],[-136.73,54.62],[-136.75,54.55],[-136.82,54.49],[-137.0,54.43],[-137.16,54.49],[-137.14,54.6]],[[-147.16,54.58],[-147.1,54.51],[-147.12,54.43],[-147.18,54.41],[-147.29,54.44],[-147.3,54.51],[-147.26,54.55],[-147.16,54.58]],[[-140.2,55.04],[-140.28,54.99],[-140.42,55.02],[-140.48,55.13],[-140.44,55.23],[-140.34,55.28],[-140.21,55.26],[-140.16,55.17],[-140.2,55.04]],[[-141.65,55.94],[-141.61,55.84],[-141.66,55.77],[-141.77,55.71],[-141.96,55.7],[-142.09,55.83],[-142.06,55.94],[-141.93,55.98],[-141.75,55.99],[-141.65,55.94]],[[-144.21,55.98],[-144.45,55.94],[-144.55,55.99],[-144.56,56.07],[-144.42,56.18],[-144.2,56.19],[-144.1,56.11],[-144.1,56.06],[-144.21,55.98]],[[-142.68,56.13],[-142.82,56.2],[-142.85,56.26],[-142.82,56.35],[-142.5,56.4],[-142.39,56.35],[-142.37,56.23],[-142.42,56.17],[-142.49,56.14],[-142.68,56.13]],[[-145.05,56.35],[-145.06,56.26],[-145.15,56.21],[-145.36,56.23],[-145.42,56.31],[-145.38,56.38],[-145.2,56.44],[-145.08,56.42],[-145.05,56.35]],[[-146.18,56.42],[-146.28,56.38],[-146.42,56.37],[-146.53,56.42],[-146.55,56.47],[-146.49,56.58],[-146.3,56.59],[-146.17,56.53],[-146.18,56.42]],[[-147.04,58.64],[-147.0,58.54],[-147.02,58.49],[-147.08,58.48],[-147.14,58.58],[-147.1,58.63],[-147.04,58.64]],[[-89.32,3.8],[-89.4,3.87],[-89.36,3.93],[-89.19,3.98],[-89.1,3.93],[-89.12,3.82],[-89.32,3.8]],[[-90.67,3.44],[-90.63,3.52],[-90.56,3.54],[-90.51,3.51],[-90.51,3.45],[-90.54,3.39],[-90.65,3.41],[-90.67,3.26],[-90.72,3.23],[-90.86,3.24],[-90.87,3.0],[-91.01,3.05],[-91.01,3.1],[-91.2,3.12],[-91.19,3.24],[-90.98,3.38],[-90.91,3.36],[-90.79,3.47],[-90.67,3.44]],[[-89.98,3.01],[-89.95,3.12],[-89.92,3.15],[-89.86,3.13],[-89.83,3.06],[-89.85,2.99],[-89.91,2.97],[-89.98,3.01]],[[-88.21,-0.21],[-88.22,-0.36],[-88.3,-0.41],[-88.26,-0.47],[-88.13,-0.38],[-87.98,-0.43],[-87.84,-0.29],[-87.74,-0.31],[-87.59,-0.29],[-87.56,-0.32],[-87.55,-0.46],[-87.36,-0.47],[-87.34,-0.6],[-87.1,-0.79],[-86.97,-0.74],[-86.92,-0.76],[-86.96,-0.98],[-86.67,-0.8],[-86.5,-0.74],[-86.39,-0.78],[-86.3,-0.86],[-86.28,-1.01],[-86.22,-1.1],[-86.29,-1.16],[-86.57,-1.15],[-86.71,-1.31],[-86.81,-1.3],[-86.86,-1.25],[-87.0,-1.3],[-87.07,-1.21],[-87.26,-1.2],[-87.48,-1.39],[-87.6,-1.39],[-87.74,-1.46],[-87.97,-1.44],[-88.24,-1.49],[-88.32,-1.54],[-88.76,-1.6],[-88.99,-1.56],[-89.21,-1.63],[-89.38,-1.58],[-89.56,-1.61],[-89.71,-1.58],[-89.9,-1.73],[-90.0,-1.73],[-90.16,-1.78],[-90.2,-1.76],[-90.34,-1.55],[-90.56,-1.55],[-90.64,-1.39],[-90.82,-1.32],[-90.87,-1.21],[-91.06,-1.22],[-91.18,-1.2],[-91.25,-1.13],[-91.44,-1.09],[-91.53,-1.02],[-91.61,-0.89],[-91.55,-0.68],[-91.7,-0.54],[-91.78,-0.22],[-91.68,-0.17],[-91.59,-0.2],[-91.58,-0.15],[-91.68,-0.04],[-91.65,0.1],[-91.6,0.15],[-91.7,0.31],[-91.7,0.36],[-91.65,0.39],[-91.55,0.36],[-91.53,0.27],[-91.49,0.24],[-91.35,0.32],[-91.26,0.3],[-91.19,0.13],[-91.1,0.05],[-91.09,-0.09],[-91.0,-0.19],[-90.95,-0.16],[-90.92,0.01],[-90.87,0.05],[-90.68,0.04],[-90.53,-0.01],[-90.65,0.1],[-90.74,0.26],[-90.84,0.36],[-90.85,0.46],[-90.94,0.58],[-90.91,0.7],[-90.96,0.87],[-90.94,1.08],[-90.96,1.1],[-91.0,1.06],[-91.04,1.06],[-91.06,1.1],[-91.19,1.16],[-91.25,1.27],[-91.22,1.34],[-91.17,1.36],[-91.01,1.3],[-90.99,1.47],[-90.89,1.49],[-90.74,1.44],[-90.76,1.22],[-90.7,1.21],[-90.71,1.45],[-90.81,1.71],[-90.82,1.82],[-90.67,2.02],[-90.71,2.14],[-90.69,2.22],[-90.6,2.23],[-90.55,2.32],[-90.49,2.34],[-90.44,2.31],[-90.45,2.16],[-90.42,2.11],[-90.32,2.16],[-90.21,2.16],[-90.25,2.25],[-90.22,2.28],[-90.12,2.27],[-90.04,2.18],[-89.93,2.16],[-89.88,2.17],[-89.83,2.26],[-89.73,2.29],[-89.7,2.21],[-89.75,2.01],[-89.73,1.98],[-89.58,1.95],[-89.56,1.91],[-89.57,1.84],[-89.62,1.8],[-89.6,1.64],[-89.63,1.57],[-89.74,1.54],[-89.81,1.44],[-89.97,1.44],[-90.0,1.42],[-89.95,1.27],[-90.03,1.12],[-90.09,1.1],[-90.46,1.16],[-90.48,1.12],[-90.42,1.04],[-90.09,1.02],[-90.0,0.96],[-89.88,0.98],[-89.74,0.94],[-89.54,0.94],[-89.33,0.89],[-88.73,0.89],[-88.61,0.84],[-88.4,0.83],[-88.32,0.77],[-88.36,0.72],[-88.57,0.69],[-88.98,0.75],[-89.23,0.7],[-89.5,0.77],[-89.64,0.74],[-90.05,0.79],[-90.12,0.73],[-90.08,0.67],[-90.08,0.61],[-90.12,0.56],[-90.1,0.52],[-89.99,0.48],[-89.83,0.53],[-89.74,0.5],[-89.54,0.57],[-89.51,0.52],[-89.54,0.45],[-89.78,0.27],[-89.77,0.2],[-89.71,0.17],[-89.38,0.12],[-89.24,0.2],[-89.11,0.17],[-88.91,0.19],[-88.9,0.09],[-89.07,-0.05],[-88.85,-0.29],[-88.85,-0.17],[-88.67,-0.08],[-88.57,0.04],[-88.51,0.06],[-88.42,0.04],[-88.39,-0.1],[-88.42,-0.14],[-88.54,-0.17],[-88.63,-0.34],[-88.56,-0.33],[-88.3,-0.18],[-88.21,-0.21]],[[-83.25,-0.28],[-83.07,-0.18],[-82.94,-0.2],[-82.87,-0.27],[-82.78,-0.14],[-82.63,0.0],[-82.48,0.0],[-82.3,0.07],[-82.27,0.12],[-82.01,0.17],[-81.84,0.31],[-81.25,0.29],[-81.23,0.26],[-81.2,0.05],[-81.22,-0.26],[-81.29,-0.43],[-81.38,-0.55],[-81.51,-0.89],[-81.5,-1.08],[-81.6,-1.3],[-81.6,-1.4],[-81.7,-1.46],[-81.67,-1.61],[-81.81,-1.82],[-81.94,-1.87],[-81.99,-1.69],[-82.08,-1.66],[-82.2,-1.8],[-82.29,-1.84],[-82.35,-1.79],[-82.31,-1.64],[-82.51,-1.75],[-82.69,-1.68],[-82.79,-1.68],[-82.97,-1.8],[-83.02,-1.94],[-83.14,-1.99],[-83.21,-2.09],[-83.3,-2.11],[-83.42,-2.22],[-83.49,-2.24],[-83.62,-2.21],[-83.74,-2.33],[-83.86,-2.28],[-83.97,-2.3],[-84.0,-2.26],[-83.99,-2.2],[-83.77,-2.05],[-83.72,-2.05],[-83.64,-2.11],[-83.56,-2.07],[-83.58,-2.0],[-83.54,-1.94],[-83.36,-1.89],[-83.35,-1.87],[-83.44,-1.8],[-83.45,-1.7],[-83.52,-1.69],[-84.06,-1.79],[-84.14,-1.74],[-84.23,-1.58],[-84.24,-1.74],[-84.36,-1.81],[-84.46,-1.77],[-84.56,-1.67],[-84.77,-1.62],[-84.8,-1.6],[-84.8,-1.47],[-84.86,-1.37],[-84.84,-1.25],[-84.94,-1.2],[-84.9,-0.86],[-84.56,-0.78],[-84.48,-0.84],[-84.46,-0.91],[-84.19,-0.72],[-84.05,-0.74],[-83.93,-0.72],[-83.74,-0.77],[-83.62,-0.62],[-83.3,-0.49],[-83.25,-0.28]],[[-82.68,-2.21],[-82.66,-2.16],[-82.57,-2.13],[-82.56,-2.21],[-82.6,-2.31],[-82.68,-2.3],[-82.68,-2.21]],[[-84.43,-2.31],[-84.53,-2.33],[-84.58,-2.25],[-84.55,-2.18],[-84.46,-2.13],[-84.39,-2.16],[-84.43,-2.31]],[[-91.94,1.51],[-91.78,1.53],[-91.7,1.5],[-91.58,1.32],[-91.58,1.22],[-91.27,0.96],[-91.15,0.9],[-91.12,0.76],[-91.16,0.68],[-91.3,0.67],[-91.41,0.74],[-91.66,1.03],[-91.7,1.22],[-91.92,1.34],[-91.94,1.51],[-92.05,1.52],[-92.18,1.73],[-92.2,1.88],[-92.14,1.96],[-92.08,1.95],[-92.04,1.85],[-91.88,1.76],[-91.87,1.67],[-91.94,1.51]],[[-91.78,1.92],[-91.94,2.06],[-92.16,1.99],[-92.41,2.11],[-92.67,2.17],[-92.69,2.26],[-92.46,2.27],[-92.21,2.23],[-92.16,2.18],[-91.8,2.2],[-91.7,2.14],[-91.54,2.14],[-91.37,2.04],[-91.14,2.01],[-91.13,1.95],[-91.2,1.8],[-91.14,1.58],[-91.24,1.54],[-91.33,1.57],[-91.32,1.68],[-91.41,1.91],[-91.61,1.99],[-91.78,1.92]],[[-90.93,1.55],[-91.02,1.65],[-91.03,1.82],[-91.08,1.93],[-91.02,2.02],[-90.84,1.78],[-90.85,1.59],[-90.9,1.54],[-90.93,1.55]],[[-81.96,2.17],[-82.05,2.21],[-82.1,2.27],[-82.1,2.31],[-82.04,2.38],[-81.96,2.36],[-81.88,2.25],[-81.89,2.18],[-81.96,2.17]],[[-80.62,2.17],[-80.54,2.22],[-80.51,2.16],[-80.55,2.03],[-80.61,2.0],[-80.64,2.08],[-80.62,2.17]],[[-85.45,1.11],[-85.42,1.2],[-85.33,1.23],[-85.32,1.15],[-85.36,1.05],[-85.44,1.06],[-85.45,1.11]],[[-81.85,2.76],[-81.85,2.63],[-81.91,2.5],[-82.21,2.51],[-82.26,2.55],[-82.22,2.64],[-82.06,2.74],[-81.89,2.79],[-81.85,2.76]],[[-82.35,2.77],[-82.5,2.75],[-82.57,2.8],[-82.61,2.9],[-82.61,3.0],[-82.56,3.23],[-82.56,3.45],[-82.53,3.48],[-82.42,3.43],[-82.26,3.59],[-82.08,3.58],[-81.96,3.65],[-81.77,3.68],[-81.72,3.73],[-81.68,3.81],[-81.7,3.86],[-81.73,3.86],[-81.81,3.74],[-81.88,3.71],[-81.95,3.73],[-81.94,3.84],[-82.01,3.9],[-81.9,4.23],[-81.85,4.29],[-81.79,4.32],[-81.72,4.25],[-81.72,4.15],[-81.78,4.03],[-81.77,4.01],[-81.65,4.15],[-81.65,4.22],[-81.44,4.43],[-81.43,4.49],[-81.21,4.58],[-81.16,4.49],[-81.12,4.58],[-80.98,4.57],[-80.9,4.78],[-80.76,4.79],[-80.62,4.87],[-80.35,4.87],[-80.18,4.75],[-79.9,4.7],[-79.64,4.75],[-79.58,4.84],[-79.59,4.97],[-79.77,5.36],[-79.75,5.48],[-79.7,5.49],[-79.63,5.26],[-79.51,5.09],[-79.32,4.95],[-79.27,4.87],[-79.35,4.58],[-79.43,4.55],[-79.68,4.61],[-79.87,4.54],[-80.26,4.5],[-80.27,4.48],[-80.04,4.47],[-80.01,4.45],[-80.1,4.26],[-80.18,4.22],[-80.1,4.12],[-80.11,4.08],[-80.47,4.06],[-80.61,3.92],[-80.69,3.94],[-80.71,4.01],[-80.73,4.0],[-80.76,3.89],[-80.89,3.81],[-80.95,3.67],[-81.07,3.6],[-81.07,3.48],[-81.29,3.34],[-81.64,3.35],[-81.82,3.46],[-82.01,3.39],[-82.1,3.31],[-82.18,3.15],[-82.34,3.17],[-82.21,3.06],[-82.19,2.96],[-82.22,2.88],[-82.35,2.77]],[[-84.68,4.57],[-84.86,4.56],[-84.94,4.6],[-84.95,4.65],[-84.85,4.71],[-84.65,4.74],[-84.61,4.7],[-84.61,4.63],[-84.68,4.57]],[[-81.66,4.77],[-81.75,4.75],[-81.89,4.85],[-82.18,4.92],[-82.25,4.98],[-82.26,5.09],[-82.17,5.14],[-81.96,5.02],[-81.77,5.04],[-81.66,5.01],[-81.5,5.14],[-81.42,5.16],[-81.29,5.13],[-81.25,5.04],[-81.3,4.96],[-81.5,4.94],[-81.66,4.77]],[[-84.96,5.1],[-84.91,5.04],[-84.96,4.95],[-85.09,4.82],[-85.18,4.82],[-85.21,4.93],[-85.16,5.07],[-84.96,5.1]],[[-80.75,5.13],[-80.88,5.19],[-80.89,5.24],[-80.83,5.3],[-80.61,5.32],[-80.52,5.26],[-80.53,5.19],[-80.58,5.15],[-80.75,5.13]],[[-80.21,3.34],[-80.16,3.43],[-80.18,3.6],[-80.08,3.67],[-80.03,3.66],[-79.92,3.45],[-79.94,3.36],[-80.04,3.21],[-80.13,3.17],[-80.2,3.21],[-80.21,3.34]],[[-80.0,2.95],[-79.88,3.01],[-79.84,2.99],[-79.83,2.95],[-79.89,2.83],[-79.99,2.77],[-80.04,2.78],[-80.06,2.84],[-80.0,2.95]],[[-82.06,2.9],[-82.03,2.82],[-82.06,2.78],[-82.18,2.8],[-82.15,2.88],[-82.06,2.9]],[[-79.65,6.15],[-79.68,5.78],[-79.74,5.74],[-79.78,5.78],[-79.75,6.11],[-79.69,6.17],[-79.65,6.15]],[[-78.87,7.28],[-78.89,7.2],[-79.06,7.1],[-79.2,7.11],[-79.28,7.17],[-79.26,7.26],[-78.98,7.3],[-78.87,7.28]],[[-79.36,7.26],[-79.33,7.23],[-79.33,7.15],[-79.39,7.11],[-79.47,7.14],[-79.48,7.21],[-79.36,7.26]],[[-83.0,6.6],[-82.98,6.43],[-83.04,6.35],[-83.09,6.36],[-83.12,6.44],[-83.1,6.56],[-83.03,6.61],[-83.0,6.6]]],[[[-169.57,-28.1],[-180.0,-36.05],[-180.0,-42.46],[-179.8,-42.5],[-179.56,-42.43],[-179.27,-42.46],[-178.92,-42.43],[-178.73,-42.36],[-177.9,-42.36],[-177.77,-42.41],[-177.5,-42.34],[-177.38,-42.35],[-177.17,-42.46],[-176.95,-42.46],[-176.86,-42.5],[-176.69,-42.5],[-176.5,-42.6],[-175.94,-42.62],[-175.75,-42.55],[-175.58,-42.58],[-175.43,-42.55],[-175.39,-42.65],[-175.32,-42.69],[-174.88,-42.6],[-174.03,-42.63],[-173.9,-42.67],[-173.74,-42.62],[-173.56,-42.67],[-173.54,-42.5],[-173.17,-42.15],[-173.06,-42.14],[-172.97,-42.21],[-172.97,-42.36],[-172.94,-42.38],[-172.63,-42.29],[-172.37,-42.16],[-172.35,-42.19],[-172.35,-42.31],[-172.22,-42.29],[-172.08,-42.31],[-171.84,-42.26],[-171.8,-42.31],[-171.78,-42.44],[-171.74,-42.48],[-171.53,-42.32],[-171.31,-42.31],[-171.23,-42.35],[-171.19,-42.48],[-171.06,-42.41],[-171.0,-42.41],[-170.95,-42.57],[-170.9,-42.6],[-170.88,-42.59],[-170.9,-42.5],[-170.87,-42.45],[-170.59,-42.55],[-170.57,-42.6],[-170.59,-42.69],[-170.71,-42.72],[-170.87,-42.82],[-170.59,-42.82],[-170.5,-42.91],[-170.51,-42.97],[-170.56,-43.02],[-170.84,-43.05],[-171.05,-43.01],[-171.1,-42.84],[-171.15,-42.84],[-171.28,-42.94],[-171.33,-42.92],[-171.39,-42.81],[-171.45,-42.87],[-171.41,-43.08],[-171.51,-43.13],[-171.72,-43.03],[-171.78,-42.88],[-171.9,-42.95],[-171.99,-42.93],[-172.08,-43.1],[-172.22,-43.13],[-172.27,-43.2],[-172.37,-43.22],[-172.46,-43.32],[-172.61,-43.39],[-172.8,-43.42],[-172.78,-43.56],[-172.83,-43.61],[-172.93,-43.63],[-173.03,-43.51],[-173.09,-43.54],[-173.04,-43.61],[-173.06,-43.73],[-173.21,-43.89],[-173.2,-43.93],[-173.07,-43.95],[-173.11,-44.03],[-173.23,-43.95],[-173.28,-44.03],[-173.5,-44.02],[-173.52,-44.09],[-173.56,-44.11],[-173.71,-44.11],[-174.0,-44.23],[-174.14,-44.23],[-174.29,-44.35],[-174.48,-44.42],[-174.53,-44.5],[-174.79,-44.66],[-175.03,-44.71],[-175.22,-44.81],[-176.02,-44.84],[-176.18,-44.9],[-176.4,-44.9],[-176.66,-45.16],[-176.74,-45.16],[-176.98,-45.05],[-177.13,-45.13],[-177.22,-45.15],[-177.39,-45.08],[-177.79,-45.08],[-177.98,-45.02],[-178.13,-45.08],[-178.43,-45.02],[-178.72,-45.05],[-178.78,-45.02],[-179.57,-45.1],[-180.0,-45.0],[-180.0,-47.06],[-179.54,-47.09],[-179.38,-47.18],[-179.35,-47.26],[-179.16,-47.26],[-179.08,-47.3],[-178.72,-47.37],[-178.65,-47.44],[-178.62,-47.57],[-178.65,-47.73],[-178.78,-47.81],[-178.92,-48.11],[-178.85,-48.34],[-178.97,-48.55],[-178.94,-48.75],[-178.97,-48.82],[-179.38,-49.06],[-179.52,-49.18],[-179.88,-49.34],[-179.94,-49.42],[-180.0,-49.42],[-180.0,-67.25],[-179.9,-67.22],[-179.73,-67.23],[-179.63,-67.3],[-179.62,-67.35],[-179.85,-67.61],[-180.0,-67.63],[-180.0,-67.73],[-179.91,-67.74],[-179.75,-67.64],[-179.55,-67.62],[-179.34,-67.67],[-179.26,-67.8],[-179.28,-67.87],[-179.34,-67.92],[-179.79,-68.14],[-179.9,-68.17],[-180.0,-68.16],[-180.0,-68.23],[-179.86,-68.24],[-179.82,-68.32],[-179.86,-68.39],[-180.0,-68.4],[-180.0,-70.78],[-179.94,-70.76],[-179.76,-70.78],[-179.69,-70.68],[-179.56,-70.63],[-179.11,-70.63],[-178.97,-70.44],[-178.51,-70.44],[-178.37,-70.54],[-178.22,-70.54],[-178.08,-70.66],[-177.94,-70.63],[-177.64,-70.72],[-177.58,-70.75],[-177.5,-70.92],[-177.38,-71.06],[-177.22,-71.09],[-177.07,-71.21],[-176.78,-71.26],[-176.38,-71.4],[-176.23,-71.5],[-176.11,-71.5],[-176.02,-71.54],[-175.42,-71.64],[-175.39,-71.66],[-175.39,-71.73],[-175.5,-71.87],[-175.22,-71.98],[-174.96,-72.0],[-174.95,-72.05],[-175.05,-72.15],[-175.04,-72.2],[-174.63,-72.45],[-174.6,-72.53],[-174.62,-72.61],[-174.79,-72.67],[-174.88,-72.82],[-175.08,-72.87],[-175.18,-72.94],[-175.34,-72.94],[-175.54,-73.08],[-175.75,-73.08],[-175.99,-73.15],[-176.26,-73.15],[-176.57,-73.25],[-176.42,-73.34],[-176.27,-73.53],[-176.27,-73.6],[-176.4,-73.66],[-176.18,-73.82],[-175.94,-73.87],[-175.87,-73.99],[-175.73,-74.02],[-175.63,-74.14],[-175.54,-74.19],[-175.54,-74.27],[-175.6,-74.39],[-175.68,-74.47],[-175.84,-74.57],[-175.87,-74.69],[-175.92,-74.73],[-175.92,-74.77],[-175.8,-74.84],[-175.54,-74.9],[-175.34,-74.88],[-174.26,-74.9],[-173.64,-74.81],[-173.23,-74.81],[-172.75,-74.98],[-172.57,-74.98],[-172.33,-74.91],[-171.89,-75.07],[-171.32,-75.08],[-171.24,-75.11],[-171.12,-75.31],[-171.0,-75.24],[-170.91,-75.22],[-170.39,-75.24],[-169.98,-75.19],[-169.92,-75.2],[-169.78,-75.34],[-169.42,-75.31],[-169.25,-75.43],[-169.1,-75.43],[-168.96,-75.62],[-168.67,-75.7],[-168.14,-75.67],[-167.95,-75.7],[-167.56,-75.64],[-166.92,-75.7],[-166.44,-75.65],[-166.18,-75.72],[-165.26,-75.7],[-165.12,-75.74],[-164.02,-75.77],[-163.66,-75.89],[-163.39,-75.89],[-162.91,-76.01],[-162.72,-76.01],[-162.41,-76.1],[-161.88,-76.13],[-161.81,-76.18],[-158.16,-76.22],[-157.97,-76.2],[-157.8,-76.27],[-156.95,-76.33],[-156.77,-76.37],[-156.34,-76.35],[-156.03,-76.4],[-155.36,-76.35],[-154.52,-76.19],[-152.71,-76.05],[-152.65,-75.99],[-152.64,-75.86],[-152.6,-75.82],[-152.42,-75.86],[-151.73,-75.77],[-151.58,-75.7],[-151.27,-75.62],[-150.67,-75.58],[-150.48,-75.6],[-150.3,-75.55],[-150.19,-75.58],[-149.41,-75.4],[-148.66,-75.3],[-147.88,-75.32],[-147.37,-75.24],[-146.28,-75.0],[-145.82,-74.99],[-145.61,-74.93],[-145.42,-74.83],[-144.57,-74.69],[-144.55,-74.66],[-144.72,-74.66],[-144.78,-74.62],[-144.75,-74.52],[-144.64,-74.49],[-144.46,-74.5],[-144.29,-74.57],[-144.05,-74.47],[-143.83,-74.47],[-143.7,-74.43],[-142.81,-74.38],[-142.32,-74.42],[-142.08,-74.33],[-141.67,-74.23],[-140.82,-74.17],[-140.55,-74.11],[-138.19,-73.94],[-138.1,-73.85],[-137.98,-73.81],[-138.08,-73.79],[-138.19,-73.73],[-138.21,-73.68],[-138.18,-73.64],[-138.04,-73.58],[-137.76,-73.53],[-137.45,-73.54],[-137.31,-73.6],[-137.01,-73.66],[-136.99,-73.73],[-137.29,-73.89],[-137.12,-73.92],[-137.0,-73.82],[-136.83,-73.77],[-136.82,-73.66],[-136.71,-73.6],[-136.37,-73.66],[-136.04,-73.66],[-135.62,-73.61],[-135.43,-73.71],[-134.46,-73.6],[-133.58,-73.54],[-133.36,-73.43],[-133.34,-73.29],[-133.27,-73.26],[-132.79,-73.37],[-132.58,-73.3],[-132.22,-73.3],[-131.62,-73.1],[-131.61,-72.96],[-131.56,-72.93],[-131.38,-72.94],[-131.38,-73.06],[-130.99,-73.03],[-130.75,-72.91],[-130.57,-72.96],[-128.95,-72.87],[-128.92,-72.86],[-128.95,-72.79],[-128.93,-72.72],[-128.77,-72.68],[-128.65,-72.7],[-128.54,-72.79],[-128.43,-72.84],[-128.34,-72.84],[-127.65,-72.68],[-127.67,-72.48],[-127.25,-72.36],[-126.73,-72.36],[-126.6,-72.41],[-126.45,-72.4],[-126.45,-72.38],[-126.5,-72.34],[-126.69,-72.28],[-126.75,-72.24],[-126.72,-72.11],[-126.63,-72.08],[-126.0,-72.04],[-125.92,-72.08],[-125.83,-72.19],[-125.38,-72.17],[-125.2,-72.25],[-124.89,-72.25],[-124.61,-72.36],[-124.22,-72.34],[-124.1,-72.41],[-124.06,-72.38],[-124.03,-72.24],[-123.96,-72.19],[-123.76,-72.17],[-123.31,-72.19],[-123.32,-72.27],[-123.57,-72.37],[-123.58,-72.4],[-123.46,-72.43],[-123.17,-72.29],[-122.78,-72.19],[-122.47,-72.17],[-122.3,-72.07],[-121.78,-72.07],[-121.71,-72.22],[-121.43,-72.25],[-121.5,-72.18],[-121.51,-72.1],[-121.11,-72.04],[-121.3,-71.96],[-121.24,-71.75],[-121.18,-71.71],[-121.03,-71.71],[-120.77,-71.64],[-119.62,-71.64],[-119.47,-71.57],[-119.35,-71.57],[-119.14,-71.42],[-118.73,-71.45],[-118.44,-71.42],[-118.18,-71.35],[-117.94,-71.38],[-116.58,-71.2],[-116.47,-71.16],[-115.7,-71.16],[-115.56,-71.21],[-115.34,-71.21],[-115.1,-71.26],[-114.94,-71.21],[-113.95,-71.23],[-113.76,-71.14],[-113.51,-71.12],[-113.07,-71.22],[-112.68,-71.18],[-112.37,-71.21],[-112.2,-71.16],[-111.55,-71.17],[-111.5,-71.15],[-111.48,-70.99],[-111.37,-70.96],[-111.28,-70.98],[-111.22,-71.02],[-111.22,-71.1],[-111.28,-71.14],[-111.21,-71.16],[-110.88,-71.09],[-109.92,-71.06],[-109.7,-70.99],[-109.56,-70.98],[-109.27,-71.04],[-108.43,-70.99],[-108.34,-71.04],[-108.19,-71.0],[-107.45,-70.96],[-107.27,-70.91],[-104.51,-70.87],[-104.28,-70.8],[-103.3,-70.8],[-103.06,-70.85],[-102.34,-70.82],[-102.21,-70.87],[-102.02,-70.87],[-101.89,-71.04],[-101.69,-71.0],[-101.19,-70.97],[-100.96,-70.99],[-100.67,-70.9],[-99.54,-70.82],[-99.33,-70.74],[-99.14,-70.73],[-98.93,-70.66],[-98.27,-70.65],[-98.1,-70.6],[-97.34,-70.56],[-97.01,-70.49],[-96.31,-70.46],[-96.13,-70.4],[-95.54,-70.36],[-95.28,-70.2],[-94.61,-70.22],[-94.46,-70.18],[-94.25,-70.18],[-93.94,-70.27],[-93.6,-70.26],[-93.37,-70.37],[-93.14,-70.44],[-92.02,-70.49],[-91.83,-70.54],[-91.51,-70.51],[-91.37,-70.54],[-90.95,-70.49],[-90.66,-70.51],[-90.53,-70.46],[-90.19,-70.46],[-90.02,-70.39],[-89.64,-70.32],[-89.33,-70.34],[-88.92,-70.22],[-88.51,-70.18],[-88.34,-70.1],[-88.13,-70.08],[-87.7,-69.86],[-87.38,-69.84],[-87.19,-69.73],[-86.9,-69.77],[-86.71,-69.72],[-84.91,-69.6],[-84.74,-69.65],[-84.26,-69.62],[-84.04,-69.7],[-83.74,-69.68],[-82.42,-69.36],[-81.98,-69.34],[-81.84,-69.29],[-80.5,-69.1],[-80.3,-69.1],[-79.75,-69.0],[-79.22,-69.0],[-78.74,-68.9],[-77.47,-68.83],[-77.33,-68.76],[-74.35,-67.78],[-74.24,-67.69],[-74.14,-67.52],[-73.64,-67.2],[-73.13,-66.96],[-72.67,-66.82],[-72.55,-66.82],[-72.05,-66.62],[-71.22,-66.19],[-70.95,-65.98],[-70.35,-65.67],[-69.78,-65.52],[-68.46,-64.72],[-67.78,-64.37],[-66.99,-64.2],[-66.65,-64.06],[-66.43,-63.92],[-65.91,-63.69],[-65.83,-63.62],[-65.49,-63.6],[-65.23,-63.5],[-65.02,-63.47],[-64.98,-63.33],[-64.92,-63.28],[-64.68,-63.26],[-64.52,-63.14],[-63.65,-62.86],[-63.45,-62.75],[-63.17,-62.66],[-63.17,-62.62],[-63.12,-62.62],[-62.87,-62.43],[-62.7,-62.37],[-62.57,-62.38],[-62.57,-62.31],[-62.65,-62.2],[-62.58,-62.15],[-62.38,-62.28],[-62.18,-62.16],[-62.06,-62.16],[-61.96,-62.11],[-61.78,-62.16],[-61.64,-62.07],[-61.48,-62.03],[-61.36,-61.93],[-61.08,-61.92],[-60.59,-61.8],[-62.7,-54.87],[-62.97,-54.95],[-63.1,-55.03],[-63.22,-55.03],[-63.48,-55.18],[-63.89,-55.2],[-64.1,-55.13],[-64.25,-55.26],[-64.61,-55.34],[-64.82,-55.3],[-64.99,-55.39],[-65.26,-55.42],[-65.44,-55.52],[-65.48,-55.5],[-65.54,-55.37],[-65.75,-55.55],[-65.92,-55.55],[-65.93,-55.59],[-65.85,-55.8],[-65.88,-55.86],[-65.99,-55.9],[-66.0,-55.94],[-65.96,-55.99],[-65.82,-56.01],[-65.79,-56.11],[-65.88,-56.11],[-65.88,-56.16],[-66.24,-56.37],[-66.46,-56.35],[-66.53,-56.52],[-66.65,-56.59],[-66.7,-56.71],[-66.87,-56.85],[-67.04,-56.91],[-67.18,-56.88],[-67.37,-56.97],[-67.36,-57.0],[-66.84,-57.14],[-66.74,-57.22],[-66.58,-57.25],[-66.54,-57.36],[-66.56,-57.42],[-66.74,-57.43],[-66.83,-57.49],[-66.93,-57.47],[-67.06,-57.34],[-67.44,-57.24],[-67.44,-57.19],[-67.57,-57.06],[-67.92,-57.05],[-68.3,-56.9],[-68.47,-56.88],[-68.57,-56.81],[-69.24,-56.64],[-69.38,-56.54],[-69.46,-56.59],[-69.6,-56.59],[-69.79,-56.47],[-69.94,-56.47],[-69.96,-56.38],[-69.98,-56.45],[-70.08,-56.47],[-70.64,-56.34],[-70.92,-56.18],[-70.87,-56.02],[-70.94,-55.97],[-71.05,-55.74],[-71.17,-55.64],[-71.35,-55.61],[-71.42,-55.54],[-71.54,-55.51],[-71.57,-55.72],[-71.65,-55.78],[-72.3,-55.64],[-72.34,-55.49],[-72.53,-55.46],[-72.65,-55.3],[-72.77,-55.36],[-72.94,-55.34],[-72.96,-55.23],[-72.82,-55.18],[-72.96,-54.96],[-73.13,-54.94],[-73.23,-54.87],[-73.41,-54.97],[-73.61,-54.88],[-73.8,-54.85],[-73.99,-54.72],[-74.17,-54.73],[-74.37,-54.52],[-74.41,-54.41],[-74.4,-54.36],[-74.34,-54.32],[-74.13,-54.34],[-74.1,-54.32],[-74.22,-53.99],[-74.41,-53.94],[-74.63,-53.58],[-74.74,-53.54],[-74.78,-53.47],[-74.93,-53.5],[-75.0,-53.44],[-75.17,-53.41],[-75.48,-53.55],[-75.35,-53.66],[-75.37,-53.72],[-75.48,-53.72],[-75.62,-53.68],[-75.66,-53.59],[-75.58,-53.52],[-75.58,-53.48],[-75.71,-53.41],[-75.78,-53.32],[-75.82,-53.18],[-75.89,-53.16],[-75.94,-53.09],[-75.84,-52.92],[-75.93,-52.72],[-75.91,-52.54],[-75.99,-52.51],[-76.06,-52.18],[-76.15,-52.1],[-76.2,-51.92],[-76.18,-51.79],[-76.1,-51.7],[-76.25,-51.6],[-76.27,-51.48],[-76.34,-51.46],[-76.37,-51.4],[-76.33,-51.32],[-76.15,-51.2],[-76.27,-51.02],[-76.5,-50.84],[-76.52,-50.79],[-76.49,-50.64],[-76.54,-50.52],[-76.68,-50.36],[-76.67,-50.29],[-76.5,-50.1],[-76.38,-50.05],[-76.21,-50.06],[-76.18,-50.02],[-76.31,-50.03],[-76.37,-49.96],[-76.46,-50.01],[-76.58,-49.99],[-76.61,-50.09],[-76.67,-50.14],[-76.73,-50.12],[-76.85,-49.97],[-76.88,-49.77],[-76.85,-49.69],[-76.74,-49.66],[-76.65,-49.8],[-76.59,-49.82],[-76.56,-49.73],[-76.47,-49.66],[-76.4,-49.49],[-76.36,-49.46],[-76.22,-49.51],[-76.0,-49.4],[-76.03,-49.32],[-76.33,-49.39],[-76.7,-49.23],[-76.73,-49.1],[-76.62,-49.02],[-76.7,-48.89],[-76.66,-48.77],[-76.67,-48.45],[-76.63,-48.38],[-76.38,-48.16],[-76.43,-48.08],[-76.4,-48.03],[-76.27,-47.95],[-76.27,-47.69],[-76.15,-47.69],[-76.05,-47.43],[-76.0,-47.4],[-75.92,-47.43],[-75.86,-47.61],[-75.8,-47.52],[-75.81,-47.41],[-75.94,-47.35],[-75.99,-47.24],[-75.84,-46.98],[-75.81,-46.86],[-75.83,-46.69],[-75.93,-46.58],[-75.93,-46.5],[-75.88,-46.43],[-75.77,-46.39],[-75.74,-46.32],[-75.8,-46.04],[-75.77,-45.77],[-75.82,-45.6],[-75.79,-45.46],[-75.82,-44.98],[-75.74,-44.86],[-75.74,-44.71],[-75.7,-44.62],[-75.72,-44.47],[-75.63,-44.26],[-75.67,-44.04],[-75.58,-43.87],[-75.39,-43.4],[-75.41,-43.18],[-75.27,-43.02],[-75.34,-42.9],[-75.29,-42.74],[-75.33,-42.64],[-75.17,-42.21],[-75.17,-42.0],[-75.07,-41.81],[-75.1,-41.69],[-75.07,-41.45],[-75.0,-41.3],[-75.07,-41.11],[-75.05,-41.06],[-74.95,-41.04],[-74.98,-40.92],[-74.86,-40.82],[-74.88,-40.68],[-74.81,-40.49],[-74.66,-40.37],[-74.66,-40.13],[-136.17,-37.75],[-169.57,-28.1]],[[-172.22,-31.55],[-172.42,-31.36],[-172.44,-31.25],[-172.42,-31.23],[-172.25,-31.21],[-172.12,-31.25],[-172.1,-31.39],[-172.04,-31.52],[-172.1,-31.57],[-172.22,-31.55]],[[-171.84,-32.58],[-171.88,-32.52],[-171.85,-32.46],[-171.73,-32.46],[-171.72,-32.55],[-171.84,-32.58]],[[-171.48,-33.77],[-171.51,-33.71],[-171.5,-33.65],[-171.43,-33.59],[-171.39,-33.6],[-171.36,-33.73],[-171.42,-33.79],[-171.48,-33.77]],[[-170.69,-34.8],[-170.72,-34.71],[-170.68,-34.66],[-170.61,-34.65],[-170.58,-34.71],[-170.58,-34.76],[-170.64,-34.81],[-170.69,-34.8]],[[-170.48,-35.44],[-170.55,-35.3],[-170.48,-35.24],[-170.32,-35.28],[-170.25,-35.37],[-170.25,-35.42],[-170.32,-35.49],[-170.48,-35.44]],[[-170.24,-35.67],[-170.31,-35.64],[-170.33,-35.58],[-170.27,-35.52],[-170.2,-35.52],[-170.15,-35.55],[-170.13,-35.61],[-170.16,-35.66],[-170.24,-35.67]],[[-169.58,-36.17],[-169.61,-36.09],[-169.58,-35.95],[-169.44,-35.91],[-169.39,-35.92],[-169.36,-36.0],[-169.38,-36.09],[-169.5,-36.18],[-169.58,-36.17]],[[-171.14,-36.87],[-171.22,-36.79],[-171.17,-36.72],[-171.1,-36.71],[-171.01,-36.77],[-171.0,-36.83],[-171.05,-36.88],[-171.14,-36.87]],[[-169.88,-36.84],[-169.76,-36.77],[-169.63,-36.79],[-169.6,-36.83],[-169.64,-37.04],[-169.75,-37.06],[-169.86,-37.0],[-169.91,-36.9],[-169.88,-36.84]],[[-166.84,-37.19],[-166.68,-37.12],[-166.63,-37.18],[-166.68,-37.28],[-166.78,-37.32],[-166.85,-37.28],[-166.84,-37.19]],[[-169.46,-37.48],[-169.46,-37.41],[-169.42,-37.37],[-169.29,-37.35],[-169.1,-37.5],[-168.9,-37.57],[-168.88,-37.64],[-168.91,-37.77],[-168.96,-37.8],[-169.06,-37.77],[-169.27,-37.58],[-169.46,-37.48]],[[-168.34,-38.08],[-168.39,-38.0],[-168.39,-37.91],[-168.28,-37.83],[-168.16,-37.86],[-168.1,-37.97],[-168.13,-38.08],[-168.25,-38.12],[-168.34,-38.08]],[[-168.53,-38.13],[-168.55,-38.21],[-168.62,-38.24],[-168.7,-38.21],[-168.74,-38.16],[-168.68,-38.08],[-168.58,-38.09],[-168.53,-38.13]],[[-168.21,-38.24],[-168.12,-38.16],[-168.02,-38.14],[-167.72,-38.2],[-167.6,-38.31],[-167.56,-38.46],[-167.57,-38.53],[-167.6,-38.58],[-167.77,-38.61],[-167.88,-38.71],[-168.2,-38.65],[-168.24,-38.57],[-168.21,-38.24]],[[-159.62,-38.34],[-159.53,-38.34],[-159.46,-38.39],[-159.47,-38.49],[-159.51,-38.52],[-159.61,-38.54],[-159.7,-38.48],[-159.67,-38.35],[-159.62,-38.34]],[[-156.13,-38.95],[-156.19,-38.92],[-156.24,-38.83],[-156.17,-38.75],[-156.07,-38.73],[-156.0,-38.8],[-156.0,-38.88],[-156.05,-38.95],[-156.13,-38.95]],[[-167.65,-39.25],[-167.69,-39.22],[-167.68,-39.13],[-167.63,-39.06],[-167.5,-38.98],[-167.32,-38.98],[-167.2,-39.09],[-167.18,-39.27],[-167.2,-39.3],[-167.45,-39.31],[-167.65,-39.25]],[[-167.26,-39.57],[-167.33,-39.52],[-167.35,-39.45],[-167.28,-39.38],[-167.18,-39.38],[-167.14,-39.44],[-167.14,-39.52],[-167.18,-39.58],[-167.26,-39.57]],[[-111.6,-39.53],[-111.54,-39.45],[-111.47,-39.44],[-111.44,-39.47],[-111.44,-39.56],[-111.46,-39.59],[-111.54,-39.59],[-111.6,-39.53]],[[-166.59,-39.54],[-166.54,-39.6],[-166.56,-39.67],[-166.62,-39.69],[-166.68,-39.66],[-166.72,-39.61],[-166.7,-39.55],[-166.59,-39.54]],[[-166.12,-39.93],[-166.18,-39.87],[-166.18,-39.84],[-166.13,-39.78],[-166.06,-39.77],[-166.01,-39.81],[-166.01,-39.89],[-166.04,-39.92],[-166.12,-39.93]],[[-165.91,-39.92],[-165.77,-39.91],[-165.73,-39.98],[-165.78,-40.03],[-165.86,-40.02],[-165.93,-39.97],[-165.91,-39.92]],[[-166.1,-39.99],[-166.06,-40.07],[-166.08,-40.1],[-166.17,-40.13],[-166.25,-40.09],[-166.26,-40.06],[-166.2,-39.99],[-166.1,-39.99]],[[-165.68,-40.34],[-165.59,-40.38],[-165.6,-40.51],[-165.77,-40.54],[-165.81,-40.59],[-165.86,-40.58],[-165.88,-40.55],[-165.82,-40.51],[-165.78,-40.38],[-165.68,-40.34]],[[-111.07,-40.53],[-111.04,-40.48],[-110.96,-40.47],[-110.88,-40.54],[-110.89,-40.58],[-110.96,-40.62],[-111.04,-40.59],[-111.07,-40.53]],[[-165.36,-40.56],[-165.08,-40.69],[-164.95,-40.8],[-164.83,-40.96],[-164.83,-41.02],[-165.1,-41.04],[-165.26,-40.82],[-165.34,-40.82],[-165.43,-40.87],[-165.48,-40.85],[-165.53,-40.61],[-165.36,-40.56]],[[-179.72,-41.04],[-179.67,-41.1],[-179.7,-41.18],[-179.77,-41.22],[-179.85,-41.21],[-179.9,-41.14],[-179.88,-41.08],[-179.72,-41.04]],[[-164.52,-41.16],[-164.47,-41.13],[-164.38,-41.2],[-164.23,-41.2],[-164.13,-41.28],[-164.08,-41.41],[-164.13,-41.58],[-164.3,-41.59],[-164.42,-41.52],[-164.47,-41.33],[-164.54,-41.23],[-164.52,-41.16]],[[-112.62,-41.32],[-112.68,-41.28],[-112.63,-41.23],[-112.46,-41.2],[-112.38,-41.22],[-112.41,-41.31],[-112.62,-41.32]],[[-97.98,-41.23],[-97.9,-41.28],[-97.92,-41.36],[-98.01,-41.39],[-98.1,-41.36],[-98.1,-41.27],[-97.98,-41.23]],[[-98.39,-41.24],[-98.25,-41.29],[-98.23,-41.35],[-98.25,-41.39],[-98.46,-41.45],[-98.71,-41.42],[-98.72,-41.33],[-98.67,-41.27],[-98.39,-41.24]],[[-113.4,-41.55],[-113.34,-41.51],[-113.3,-41.52],[-113.27,-41.58],[-113.29,-41.63],[-113.34,-41.66],[-113.39,-41.65],[-113.42,-41.59],[-113.4,-41.55]],[[-113.49,-41.56],[-113.45,-41.6],[-113.48,-41.66],[-113.6,-41.7],[-113.66,-41.69],[-113.64,-41.59],[-113.49,-41.56]],[[-179.53,-41.61],[-179.34,-41.72],[-179.33,-41.84],[-179.39,-41.91],[-179.5,-41.93],[-179.62,-41.9],[-179.77,-41.68],[-179.7,-41.6],[-179.53,-41.61]],[[-163.81,-41.93],[-163.8,-41.84],[-163.73,-41.77],[-163.62,-41.75],[-163.56,-41.78],[-163.55,-41.86],[-163.62,-41.99],[-163.7,-42.02],[-163.78,-41.98],[-163.81,-41.93]],[[-102.9,-41.8],[-102.82,-41.77],[-102.73,-41.79],[-102.69,-41.88],[-102.71,-41.93],[-102.76,-41.95],[-102.9,-41.94],[-102.94,-41.9],[-102.95,-41.86],[-102.9,-41.8]],[[-111.98,-41.86],[-111.98,-41.97],[-112.02,-41.99],[-112.15,-41.98],[-112.23,-41.91],[-112.22,-41.86],[-111.98,-41.86]],[[-113.23,-42.03],[-113.2,-42.07],[-113.24,-42.14],[-113.56,-42.13],[-113.62,-42.07],[-113.6,-41.98],[-113.53,-41.96],[-113.23,-42.03]],[[-162.8,-42.12],[-162.71,-42.2],[-162.72,-42.31],[-162.8,-42.38],[-162.91,-42.39],[-162.99,-42.31],[-163.0,-42.23],[-162.91,-42.13],[-162.8,-42.12]],[[-168.89,-42.3],[-168.87,-42.34],[-168.91,-42.43],[-169.07,-42.54],[-169.24,-42.58],[-169.34,-42.53],[-169.34,-42.46],[-169.22,-42.38],[-169.08,-42.32],[-168.89,-42.3]],[[-113.66,-41.98],[-113.64,-42.02],[-113.7,-42.08],[-113.8,-42.1],[-113.87,-42.05],[-113.86,-42.0],[-113.81,-41.98],[-113.72,-41.96],[-113.66,-41.98]],[[-174.05,-41.35],[-173.94,-41.46],[-173.95,-41.54],[-173.98,-41.57],[-174.14,-41.54],[-174.21,-41.47],[-174.19,-41.38],[-174.15,-41.35],[-174.05,-41.35]],[[-179.46,-40.35],[-179.4,-40.4],[-179.37,-40.47],[-179.4,-40.55],[-179.44,-40.56],[-179.54,-40.53],[-179.6,-40.46],[-179.57,-40.37],[-179.46,-40.35]],[[-162.0,-42.72],[-161.95,-42.69],[-161.87,-42.71],[-161.83,-42.82],[-161.9,-42.86],[-162.0,-42.85],[-162.04,-42.78],[-162.0,-42.72]],[[-123.79,-42.84],[-123.78,-42.76],[-123.72,-42.73],[-123.63,-42.74],[-123.6,-42.78],[-123.62,-42.86],[-123.68,-42.89],[-123.75,-42.89],[-123.79,-42.84]],[[-112.09,-42.89],[-111.98,-42.81],[-111.91,-42.85],[-111.93,-42.95],[-112.02,-43.0],[-112.09,-42.97],[-112.09,-42.89]],[[-97.61,-43.03],[-97.52,-43.02],[-97.49,-43.06],[-97.47,-43.14],[-97.69,-43.3],[-97.51,-43.39],[-97.36,-43.64],[-97.02,-43.85],[-97.0,-43.92],[-97.11,-43.94],[-97.44,-43.87],[-97.78,-43.44],[-97.94,-43.51],[-98.16,-43.44],[-98.17,-43.27],[-98.11,-43.13],[-97.92,-43.15],[-97.94,-43.32],[-97.61,-43.03]],[[-119.25,-43.89],[-119.21,-43.92],[-119.2,-44.01],[-119.32,-44.03],[-119.36,-43.97],[-119.31,-43.91],[-119.25,-43.89]],[[-108.65,-44.02],[-108.57,-43.99],[-108.44,-44.02],[-108.29,-44.15],[-108.29,-44.26],[-108.36,-44.28],[-108.67,-44.15],[-108.7,-44.09],[-108.65,-44.02]],[[-105.24,-44.26],[-105.19,-44.21],[-105.07,-44.18],[-105.04,-44.22],[-105.04,-44.32],[-105.11,-44.4],[-105.17,-44.4],[-105.23,-44.35],[-105.24,-44.26]],[[-160.54,-44.04],[-160.61,-44.09],[-160.75,-44.05],[-160.79,-43.97],[-160.76,-43.89],[-160.67,-43.85],[-160.59,-43.86],[-160.55,-43.93],[-160.54,-44.04]],[[-172.3,-43.85],[-172.42,-43.94],[-172.61,-43.96],[-172.85,-43.93],[-172.89,-43.87],[-172.81,-43.79],[-172.51,-43.66],[-172.44,-43.53],[-172.37,-43.51],[-172.29,-43.52],[-172.25,-43.56],[-172.27,-43.66],[-172.34,-43.7],[-172.3,-43.85]],[[-171.11,-43.51],[-171.2,-43.45],[-171.24,-43.32],[-171.09,-43.24],[-171.02,-43.25],[-170.95,-43.33],[-170.96,-43.45],[-171.0,-43.49],[-171.11,-43.51]],[[-161.6,-43.5],[-161.57,-43.44],[-161.46,-43.39],[-161.27,-43.4],[-161.2,-43.48],[-161.21,-43.55],[-161.28,-43.65],[-161.43,-43.69],[-161.57,-43.68],[-161.6,-43.5]],[[-109.91,-43.62],[-109.95,-43.56],[-109.92,-43.51],[-109.85,-43.48],[-109.78,-43.51],[-109.77,-43.61],[-109.91,-43.62]],[[-98.41,-43.63],[-98.29,-43.53],[-98.21,-43.56],[-98.21,-43.67],[-98.24,-43.7],[-98.36,-43.69],[-98.41,-43.63]],[[-161.01,-43.65],[-160.96,-43.7],[-161.0,-43.78],[-161.07,-43.78],[-161.13,-43.75],[-161.13,-43.69],[-161.09,-43.66],[-161.01,-43.65]],[[-171.89,-43.7],[-171.95,-43.73],[-172.04,-43.7],[-172.08,-43.63],[-172.07,-43.6],[-172.01,-43.55],[-171.91,-43.58],[-171.87,-43.63],[-171.89,-43.7]],[[-155.31,-44.56],[-155.24,-44.53],[-155.18,-44.54],[-155.15,-44.62],[-155.17,-44.67],[-155.26,-44.71],[-155.34,-44.69],[-155.31,-44.56]],[[-174.12,-44.58],[-174.02,-44.68],[-174.02,-44.76],[-174.05,-44.78],[-174.21,-44.76],[-174.28,-44.7],[-174.26,-44.62],[-174.12,-44.58]],[[-155.35,-45.16],[-155.35,-45.08],[-155.28,-45.02],[-155.23,-45.02],[-155.17,-45.08],[-155.17,-45.17],[-155.2,-45.2],[-155.29,-45.21],[-155.35,-45.16]],[[-120.6,-45.2],[-120.63,-45.1],[-120.58,-45.05],[-120.45,-45.03],[-120.37,-45.08],[-120.38,-45.19],[-120.43,-45.23],[-120.49,-45.24],[-120.6,-45.2]],[[-104.84,-45.2],[-104.94,-45.13],[-104.95,-45.07],[-104.92,-45.04],[-104.84,-45.04],[-104.73,-45.12],[-104.74,-45.19],[-104.84,-45.2]],[[-96.88,-45.18],[-96.8,-45.1],[-96.69,-45.11],[-96.55,-45.23],[-96.55,-45.34],[-96.59,-45.38],[-96.72,-45.38],[-96.84,-45.3],[-96.88,-45.18]],[[-93.89,-45.36],[-93.82,-45.31],[-93.71,-45.31],[-93.6,-45.37],[-93.55,-45.46],[-93.65,-45.55],[-93.78,-45.57],[-93.91,-45.46],[-93.89,-45.36]],[[-78.36,-45.55],[-78.23,-45.54],[-78.19,-45.6],[-78.2,-45.66],[-78.28,-45.7],[-78.37,-45.67],[-78.4,-45.59],[-78.36,-45.55]],[[-156.61,-45.65],[-156.74,-45.61],[-156.75,-45.58],[-156.7,-45.51],[-156.63,-45.5],[-156.58,-45.53],[-156.56,-45.59],[-156.61,-45.65]],[[-157.68,-45.64],[-157.77,-45.64],[-157.87,-45.56],[-157.9,-45.46],[-157.87,-45.39],[-157.63,-45.22],[-157.46,-45.19],[-157.37,-45.22],[-157.32,-45.31],[-157.33,-45.37],[-157.49,-45.46],[-157.68,-45.64]],[[-95.45,-45.46],[-95.3,-45.42],[-95.24,-45.52],[-95.31,-45.58],[-95.42,-45.57],[-95.48,-45.51],[-95.45,-45.46]],[[-118.38,-45.5],[-118.34,-45.53],[-118.34,-45.62],[-118.46,-45.63],[-118.49,-45.57],[-118.45,-45.52],[-118.38,-45.5]],[[-113.24,-45.94],[-113.28,-45.91],[-113.29,-45.84],[-113.2,-45.78],[-113.16,-45.82],[-113.15,-45.88],[-113.18,-45.94],[-113.24,-45.94]],[[-83.92,-45.94],[-83.68,-45.99],[-83.64,-46.03],[-83.64,-46.13],[-83.7,-46.18],[-83.84,-46.2],[-84.04,-46.16],[-84.07,-46.09],[-84.06,-46.02],[-84.01,-45.96],[-83.92,-45.94]],[[-154.25,-46.0],[-154.18,-46.06],[-154.17,-46.17],[-154.25,-46.21],[-154.35,-46.2],[-154.39,-46.17],[-154.42,-46.08],[-154.34,-46.01],[-154.25,-46.0]],[[-155.83,-46.09],[-155.79,-46.12],[-155.76,-46.2],[-155.81,-46.28],[-155.95,-46.29],[-156.03,-46.24],[-156.02,-46.12],[-155.83,-46.09]],[[-88.72,-46.46],[-88.72,-46.38],[-88.64,-46.33],[-88.57,-46.34],[-88.49,-46.42],[-88.55,-46.52],[-88.64,-46.51],[-88.72,-46.46]],[[-97.93,-46.49],[-97.89,-46.52],[-97.87,-46.6],[-97.9,-46.69],[-98.01,-46.72],[-98.12,-46.68],[-98.15,-46.61],[-98.12,-46.54],[-97.93,-46.49]],[[-81.57,-46.7],[-81.61,-46.63],[-81.58,-46.58],[-81.51,-46.55],[-81.44,-46.58],[-81.43,-46.68],[-81.57,-46.7]],[[-113.9,-47.11],[-113.95,-47.04],[-113.93,-46.98],[-113.69,-46.94],[-113.64,-46.9],[-113.36,-46.89],[-113.27,-46.93],[-113.28,-47.01],[-113.35,-47.07],[-113.9,-47.11]],[[-114.22,-47.55],[-114.25,-47.49],[-114.24,-47.44],[-114.12,-47.38],[-114.04,-47.38],[-114.01,-47.45],[-114.05,-47.52],[-114.13,-47.56],[-114.22,-47.55]],[[-112.45,-47.89],[-112.5,-47.85],[-112.51,-47.79],[-112.42,-47.73],[-112.37,-47.77],[-112.36,-47.86],[-112.39,-47.89],[-112.45,-47.89]],[[-90.1,-47.89],[-90.02,-47.92],[-89.97,-47.99],[-89.98,-48.07],[-90.01,-48.09],[-90.15,-48.08],[-90.22,-48.02],[-90.19,-47.93],[-90.1,-47.89]],[[-147.7,-48.0],[-147.64,-48.03],[-147.62,-48.1],[-147.66,-48.13],[-147.73,-48.14],[-147.79,-48.11],[-147.81,-48.04],[-147.78,-48.0],[-147.7,-48.0]],[[-148.73,-48.1],[-148.65,-48.16],[-148.66,-48.24],[-148.73,-48.27],[-148.86,-48.23],[-148.87,-48.16],[-148.79,-48.1],[-148.73,-48.1]],[[-114.86,-48.61],[-114.8,-48.55],[-114.71,-48.56],[-114.66,-48.63],[-114.67,-48.71],[-114.73,-48.76],[-114.81,-48.74],[-114.86,-48.69],[-114.86,-48.61]],[[-121.28,-48.65],[-121.21,-48.71],[-121.21,-48.8],[-121.24,-48.83],[-121.33,-48.84],[-121.39,-48.78],[-121.4,-48.73],[-121.37,-48.67],[-121.28,-48.65]],[[-120.89,-48.82],[-120.83,-48.79],[-120.78,-48.83],[-120.77,-48.94],[-120.82,-48.95],[-120.9,-48.9],[-120.89,-48.82]],[[-146.85,-48.69],[-146.81,-48.72],[-146.81,-48.8],[-146.9,-48.83],[-146.98,-48.81],[-146.96,-48.71],[-146.85,-48.69]],[[-176.34,-49.4],[-176.25,-49.42],[-176.18,-49.58],[-176.06,-49.78],[-176.08,-49.98],[-176.16,-50.09],[-176.18,-50.27],[-176.4,-50.4],[-176.86,-50.46],[-177.0,-50.44],[-177.31,-50.26],[-177.36,-50.07],[-177.26,-49.63],[-177.09,-49.47],[-176.93,-49.46],[-176.83,-49.42],[-176.45,-49.44],[-176.34,-49.4]],[[-111.87,-49.9],[-111.86,-49.82],[-111.8,-49.79],[-111.73,-49.8],[-111.67,-49.89],[-111.73,-49.95],[-111.87,-49.9]],[[-121.83,-49.91],[-121.78,-49.94],[-121.77,-50.03],[-121.89,-50.05],[-121.93,-49.99],[-121.92,-49.94],[-121.83,-49.91]],[[-114.12,-50.06],[-114.02,-50.09],[-114.02,-50.18],[-114.11,-50.21],[-114.19,-50.17],[-114.2,-50.14],[-114.12,-50.06]],[[-114.52,-50.1],[-114.45,-50.13],[-114.41,-50.18],[-114.43,-50.26],[-114.52,-50.29],[-114.63,-50.26],[-114.67,-50.19],[-114.6,-50.11],[-114.52,-50.1]],[[-115.47,-50.14],[-115.37,-50.18],[-115.29,-50.28],[-115.18,-50.33],[-115.17,-50.4],[-115.2,-50.47],[-115.33,-50.46],[-115.39,-50.33],[-115.58,-50.26],[-115.59,-50.2],[-115.56,-50.16],[-115.47,-50.14]],[[-115.63,-50.39],[-115.54,-50.45],[-115.56,-50.55],[-115.68,-50.57],[-115.77,-50.52],[-115.75,-50.42],[-115.63,-50.39]],[[-115.93,-50.39],[-115.93,-50.48],[-116.02,-50.54],[-116.15,-50.54],[-116.22,-50.48],[-116.19,-50.39],[-116.13,-50.36],[-116.02,-50.34],[-115.93,-50.39]],[[-139.12,-50.35],[-139.07,-50.41],[-139.08,-50.5],[-139.18,-50.5],[-139.24,-50.46],[-139.24,-50.41],[-139.12,-50.35]],[[-115.78,-50.17],[-115.8,-50.21],[-115.89,-50.24],[-115.99,-50.2],[-116.01,-50.16],[-115.98,-50.1],[-115.87,-50.08],[-115.82,-50.09],[-115.78,-50.17]],[[-120.31,-52.35],[-120.34,-52.29],[-120.31,-52.25],[-120.26,-52.22],[-120.2,-52.24],[-120.19,-52.34],[-120.31,-52.35]],[[-142.38,-52.67],[-142.52,-52.61],[-142.62,-52.52],[-142.61,-52.39],[-142.46,-52.45],[-142.3,-52.56],[-142.3,-52.66],[-142.38,-52.67]],[[-119.18,-52.62],[-119.21,-52.56],[-119.18,-52.51],[-119.13,-52.49],[-119.07,-52.5],[-119.06,-52.61],[-119.18,-52.62]],[[-139.61,-54.24],[-139.7,-54.2],[-139.82,-54.1],[-139.97,-54.07],[-140.38,-53.83],[-140.74,-53.71],[-140.97,-53.49],[-141.24,-53.33],[-141.31,-53.23],[-141.31,-53.19],[-141.2,-53.14],[-140.95,-53.33],[-140.74,-53.35],[-140.54,-53.47],[-140.45,-53.47],[-140.35,-53.59],[-139.9,-53.78],[-139.87,-53.83],[-139.52,-54.04],[-139.47,-54.11],[-139.45,-54.16],[-139.47,-54.22],[-139.61,-54.24]],[[-138.23,-53.65],[-138.27,-53.56],[-138.14,-53.5],[-138.11,-53.52],[-138.11,-53.59],[-138.16,-53.65],[-138.23,-53.65]],[[-97.15,-53.8],[-97.04,-53.8],[-96.98,-53.83],[-96.96,-53.9],[-97.01,-53.99],[-97.15,-54.0],[-97.23,-53.95],[-97.24,-53.84],[-97.15,-53.8]],[[-75.15,-53.99],[-75.19,-53.91],[-75.13,-53.85],[-75.06,-53.86],[-75.01,-53.94],[-75.02,-54.0],[-75.08,-54.02],[-75.15,-53.99]],[[-135.36,-54.05],[-135.56,-54.06],[-135.61,-54.0],[-135.61,-53.95],[-135.55,-53.9],[-135.41,-53.91],[-135.34,-53.95],[-135.36,-54.05]],[[-133.81,-54.06],[-133.77,-54.03],[-133.69,-54.03],[-133.59,-54.07],[-133.57,-54.11],[-133.62,-54.14],[-133.73,-54.14],[-133.81,-54.06]],[[-138.89,-54.49],[-139.0,-54.45],[-139.07,-54.37],[-139.04,-54.28],[-138.91,-54.26],[-138.81,-54.46],[-138.89,-54.49]],[[-138.43,-54.82],[-138.65,-54.6],[-138.65,-54.56],[-138.6,-54.51],[-138.47,-54.52],[-138.0,-54.77],[-137.86,-54.8],[-137.85,-54.83],[-137.88,-54.9],[-137.99,-54.92],[-138.24,-54.82],[-138.43,-54.82]],[[-126.5,-54.61],[-126.35,-54.55],[-126.08,-54.57],[-126.06,-54.62],[-126.13,-54.72],[-126.22,-54.7],[-126.44,-54.78],[-126.5,-54.72],[-126.5,-54.61]],[[-125.88,-54.72],[-125.8,-54.69],[-125.73,-54.73],[-125.7,-54.8],[-125.71,-54.86],[-125.78,-54.88],[-125.89,-54.83],[-125.91,-54.76],[-125.88,-54.72]],[[-98.69,-54.84],[-98.65,-54.78],[-98.47,-54.74],[-98.41,-54.76],[-98.36,-54.83],[-98.4,-54.92],[-98.52,-54.96],[-98.66,-54.93],[-98.69,-54.84]],[[-99.0,-54.86],[-98.93,-54.91],[-98.93,-55.02],[-99.01,-55.08],[-99.18,-55.07],[-99.22,-54.99],[-99.2,-54.91],[-99.0,-54.86]],[[-128.93,-54.94],[-128.69,-54.96],[-128.17,-55.12],[-128.13,-55.17],[-128.14,-55.23],[-128.21,-55.24],[-128.53,-55.14],[-128.73,-55.12],[-129.08,-55.0],[-129.67,-54.89],[-129.75,-54.84],[-130.37,-54.73],[-130.45,-54.66],[-130.42,-54.63],[-130.34,-54.62],[-129.07,-54.86],[-128.93,-54.94]],[[-126.64,-55.22],[-126.68,-55.18],[-126.67,-55.12],[-126.56,-55.09],[-124.43,-55.51],[-124.37,-55.58],[-124.39,-55.6],[-124.85,-55.58],[-125.07,-55.48],[-125.24,-55.5],[-126.0,-55.3],[-126.29,-55.27],[-126.46,-55.18],[-126.64,-55.22]],[[-99.47,-55.47],[-99.3,-55.45],[-99.24,-55.5],[-99.33,-55.57],[-99.47,-55.6],[-99.51,-55.56],[-99.47,-55.47]],[[-122.03,-55.48],[-121.9,-55.55],[-121.86,-55.62],[-121.87,-55.66],[-122.29,-55.62],[-122.36,-55.59],[-122.38,-55.55],[-122.31,-55.48],[-122.03,-55.48]],[[-138.49,-54.99],[-138.36,-55.08],[-138.36,-55.15],[-138.4,-55.19],[-138.52,-55.21],[-138.67,-55.11],[-138.67,-55.06],[-138.6,-54.99],[-138.49,-54.99]],[[-143.34,-56.03],[-143.58,-56.0],[-143.74,-55.93],[-144.18,-55.82],[-144.22,-55.76],[-144.15,-55.73],[-143.85,-55.76],[-143.12,-56.02],[-142.88,-56.05],[-142.82,-56.12],[-142.86,-56.17],[-142.97,-56.18],[-143.34,-56.03]],[[-71.45,-55.9],[-71.35,-55.78],[-71.23,-55.77],[-71.11,-55.82],[-71.06,-55.92],[-71.14,-56.0],[-71.28,-56.06],[-71.52,-56.06],[-71.62,-56.01],[-71.65,-55.97],[-71.63,-55.91],[-71.45,-55.9]],[[-142.78,-56.17],[-142.74,-56.11],[-142.6,-56.11],[-142.21,-56.27],[-142.2,-56.3],[-142.25,-56.35],[-142.43,-56.33],[-142.77,-56.22],[-142.78,-56.17]],[[-143.6,-56.19],[-143.7,-56.21],[-143.87,-56.16],[-143.94,-56.1],[-143.95,-56.05],[-143.9,-56.03],[-143.63,-56.1],[-143.6,-56.14],[-143.6,-56.19]],[[-142.94,-56.47],[-143.06,-56.42],[-143.07,-56.38],[-143.03,-56.36],[-142.93,-56.4],[-142.9,-56.45],[-142.94,-56.47]],[[-101.49,-57.47],[-101.53,-57.41],[-101.5,-57.36],[-101.43,-57.33],[-101.35,-57.36],[-101.35,-57.46],[-101.49,-57.47]],[[-95.04,-58.19],[-94.96,-58.13],[-94.75,-58.11],[-94.66,-58.15],[-94.63,-58.19],[-94.71,-58.28],[-94.86,-58.3],[-95.01,-58.26],[-95.04,-58.19]],[[-94.89,-58.59],[-94.96,-58.54],[-94.96,-58.48],[-94.85,-58.41],[-94.81,-58.41],[-94.78,-58.44],[-94.77,-58.52],[-94.83,-58.59],[-94.89,-58.59]],[[-95.15,-58.64],[-94.99,-58.7],[-94.97,-58.8],[-95.0,-58.84],[-95.14,-58.83],[-95.26,-58.76],[-95.28,-58.71],[-95.26,-58.66],[-95.15,-58.64]],[[-65.88,-58.99],[-65.77,-58.91],[-65.72,-58.92],[-65.69,-59.0],[-65.74,-59.09],[-65.79,-59.11],[-65.87,-59.06],[-65.88,-58.99]],[[-152.33,-59.61],[-152.43,-59.53],[-152.4,-59.45],[-152.33,-59.41],[-152.27,-59.44],[-152.23,-59.53],[-152.25,-59.6],[-152.33,-59.61]],[[-68.69,-59.59],[-68.59,-59.62],[-68.58,-59.68],[-68.62,-59.73],[-68.79,-59.81],[-69.0,-59.8],[-69.07,-59.76],[-69.1,-59.69],[-69.05,-59.62],[-68.69,-59.59]],[[-143.59,-59.68],[-143.59,-59.76],[-143.68,-59.79],[-143.86,-59.74],[-143.91,-59.66],[-143.88,-59.62],[-143.79,-59.59],[-143.68,-59.62],[-143.59,-59.68]],[[-73.54,-59.96],[-73.48,-59.91],[-73.24,-59.87],[-73.12,-59.93],[-73.09,-60.01],[-73.13,-60.07],[-73.23,-60.11],[-73.43,-60.11],[-73.53,-60.05],[-73.54,-59.96]],[[-65.86,-60.42],[-65.82,-60.4],[-65.78,-60.46],[-65.82,-60.57],[-65.98,-60.68],[-66.07,-60.65],[-66.07,-60.53],[-65.86,-60.42]],[[-129.85,-60.63],[-129.8,-60.47],[-129.65,-60.42],[-129.55,-60.46],[-129.55,-60.54],[-129.68,-60.67],[-129.78,-60.71],[-129.83,-60.68],[-129.85,-60.63]],[[-151.45,-62.32],[-151.47,-62.26],[-151.44,-62.21],[-151.34,-62.2],[-151.1,-62.27],[-151.01,-62.37],[-151.03,-62.42],[-151.14,-62.44],[-151.31,-62.4],[-151.45,-62.32]],[[-152.93,-62.35],[-152.86,-62.4],[-152.84,-62.45],[-152.9,-62.55],[-153.06,-62.58],[-153.16,-62.55],[-153.2,-62.49],[-153.22,-62.35],[-152.93,-62.35]],[[-150.56,-62.57],[-150.52,-62.5],[-150.4,-62.51],[-150.21,-62.6],[-150.19,-62.69],[-150.34,-62.69],[-150.48,-62.64],[-150.56,-62.57]],[[-164.9,-62.69],[-164.77,-62.76],[-164.74,-62.85],[-164.8,-62.87],[-165.1,-62.86],[-165.07,-62.71],[-164.9,-62.69]],[[-164.67,-62.84],[-164.53,-62.79],[-164.36,-62.82],[-164.26,-62.88],[-164.25,-62.94],[-164.32,-63.02],[-164.4,-63.04],[-164.47,-63.05],[-164.65,-62.99],[-164.64,-63.1],[-164.8,-63.14],[-164.84,-63.11],[-164.85,-63.03],[-164.78,-62.96],[-164.66,-62.98],[-164.7,-62.89],[-164.67,-62.84]],[[-163.86,-63.03],[-163.91,-62.96],[-163.9,-62.93],[-163.83,-62.91],[-163.66,-62.94],[-163.59,-62.99],[-163.58,-63.02],[-163.64,-63.08],[-163.86,-63.03]],[[-163.71,-63.14],[-163.65,-63.18],[-163.66,-63.31],[-163.76,-63.34],[-164.02,-63.31],[-164.23,-63.22],[-164.41,-63.25],[-164.45,-63.19],[-164.42,-63.13],[-164.24,-63.07],[-163.71,-63.14]],[[-162.74,-63.32],[-162.72,-63.26],[-162.65,-63.23],[-162.61,-63.27],[-162.6,-63.33],[-162.62,-63.38],[-162.68,-63.39],[-162.74,-63.32]],[[-166.69,-63.34],[-166.68,-63.41],[-166.71,-63.46],[-166.85,-63.55],[-166.96,-63.56],[-166.98,-63.52],[-166.92,-63.41],[-166.74,-63.33],[-166.69,-63.34]],[[-166.66,-62.73],[-166.85,-62.74],[-166.89,-62.64],[-166.62,-62.58],[-166.59,-62.61],[-166.59,-62.68],[-166.66,-62.73]],[[-163.97,-62.62],[-164.18,-62.56],[-164.26,-62.5],[-164.26,-62.45],[-164.18,-62.42],[-163.98,-62.45],[-163.85,-62.5],[-163.84,-62.6],[-163.97,-62.62]],[[-162.55,-63.77],[-162.51,-63.69],[-162.24,-63.7],[-162.08,-63.8],[-161.85,-63.86],[-161.83,-63.94],[-161.91,-63.99],[-162.31,-63.91],[-162.52,-63.81],[-162.55,-63.77]],[[-75.2,-63.99],[-75.13,-63.99],[-75.07,-64.04],[-75.09,-64.14],[-75.29,-64.15],[-75.29,-64.04],[-75.2,-63.99]],[[-168.13,-63.79],[-168.1,-63.82],[-168.09,-63.91],[-168.21,-63.92],[-168.25,-63.86],[-168.2,-63.8],[-168.13,-63.79]],[[-161.31,-64.42],[-161.3,-64.37],[-161.14,-64.37],[-161.14,-64.49],[-161.23,-64.5],[-161.31,-64.42]],[[-171.17,-64.43],[-171.09,-64.48],[-171.07,-64.54],[-171.08,-64.6],[-171.16,-64.64],[-171.26,-64.6],[-171.29,-64.51],[-171.23,-64.44],[-171.17,-64.43]],[[-93.26,-64.99],[-93.14,-64.92],[-92.84,-64.93],[-92.68,-65.01],[-92.66,-65.08],[-92.69,-65.16],[-92.79,-65.23],[-93.0,-65.26],[-93.19,-65.18],[-93.26,-65.1],[-93.26,-64.99]],[[-90.74,-65.26],[-90.45,-65.18],[-90.26,-65.21],[-90.15,-65.27],[-90.12,-65.34],[-90.14,-65.4],[-90.22,-65.45],[-90.2,-65.59],[-90.22,-65.64],[-90.53,-65.78],[-90.7,-65.79],[-90.82,-65.76],[-90.89,-65.65],[-90.78,-65.51],[-90.8,-65.33],[-90.74,-65.26]],[[-175.99,-65.4],[-175.88,-65.37],[-175.73,-65.42],[-175.58,-65.62],[-175.34,-65.69],[-175.08,-65.87],[-175.1,-65.96],[-175.36,-65.97],[-175.46,-65.9],[-175.63,-65.89],[-175.7,-65.71],[-176.0,-65.5],[-175.99,-65.4]],[[-176.16,-65.9],[-176.19,-65.98],[-176.3,-66.04],[-176.43,-66.05],[-176.5,-65.98],[-176.49,-65.92],[-176.35,-65.85],[-176.23,-65.85],[-176.16,-65.9]],[[-176.29,-65.55],[-176.23,-65.59],[-176.23,-65.69],[-176.33,-65.72],[-176.42,-65.68],[-176.4,-65.59],[-176.29,-65.55]],[[-174.21,-66.43],[-174.38,-66.3],[-174.37,-66.22],[-173.94,-66.35],[-173.87,-66.43],[-173.88,-66.48],[-173.93,-66.5],[-174.21,-66.43]],[[-176.99,-66.63],[-176.93,-66.67],[-176.82,-66.67],[-176.02,-66.86],[-175.9,-66.94],[-175.16,-67.14],[-174.99,-67.24],[-174.98,-67.28],[-175.03,-67.35],[-175.46,-67.27],[-175.87,-67.1],[-177.26,-66.79],[-177.67,-66.65],[-177.72,-66.57],[-177.7,-66.53],[-177.57,-66.49],[-176.99,-66.63]],[[-173.08,-66.84],[-173.52,-66.7],[-173.52,-66.58],[-173.41,-66.56],[-173.18,-66.67],[-172.86,-66.76],[-172.87,-66.84],[-172.91,-66.86],[-173.08,-66.84]],[[-172.01,-67.17],[-172.08,-67.11],[-172.04,-67.05],[-171.91,-67.02],[-171.82,-67.06],[-171.79,-67.12],[-171.81,-67.16],[-172.01,-67.17]],[[-95.81,-67.07],[-95.64,-67.05],[-95.59,-67.08],[-95.58,-67.14],[-95.66,-67.2],[-95.79,-67.2],[-95.86,-67.13],[-95.81,-67.07]],[[-165.82,-67.6],[-165.76,-67.54],[-165.62,-67.53],[-165.54,-67.58],[-165.53,-67.66],[-165.56,-67.69],[-165.66,-67.71],[-165.77,-67.67],[-165.82,-67.6]],[[-122.26,-67.92],[-122.11,-67.84],[-121.88,-67.86],[-121.75,-67.93],[-121.7,-68.04],[-121.75,-68.12],[-121.97,-68.15],[-122.21,-68.06],[-122.27,-67.99],[-122.26,-67.92]],[[-179.1,-67.97],[-179.05,-68.02],[-179.05,-68.12],[-179.17,-68.2],[-179.42,-68.23],[-179.52,-68.16],[-179.51,-68.1],[-179.46,-68.03],[-179.1,-67.97]],[[-90.58,-68.55],[-90.5,-68.52],[-90.34,-68.64],[-90.12,-68.69],[-90.07,-68.76],[-90.1,-68.91],[-90.23,-69.0],[-90.57,-69.06],[-90.75,-69.03],[-91.02,-68.89],[-91.06,-68.82],[-91.05,-68.75],[-90.98,-68.66],[-90.58,-68.55]],[[-117.73,-68.77],[-117.61,-68.91],[-117.63,-69.04],[-117.73,-69.07],[-117.98,-69.05],[-118.01,-68.92],[-117.97,-68.75],[-117.89,-68.71],[-117.73,-68.77]],[[-119.26,-68.9],[-119.19,-68.97],[-119.26,-69.07],[-119.21,-69.17],[-119.23,-69.26],[-119.14,-69.44],[-119.16,-69.5],[-119.36,-69.57],[-119.55,-69.56],[-119.71,-69.49],[-119.74,-69.43],[-119.75,-69.11],[-119.57,-69.05],[-119.43,-68.91],[-119.26,-68.9]],[[-117.49,-69.48],[-117.27,-69.41],[-117.13,-69.47],[-117.06,-69.58],[-117.07,-69.62],[-117.16,-69.67],[-117.39,-69.67],[-117.5,-69.6],[-117.49,-69.48]],[[-120.06,-69.61],[-120.39,-69.74],[-120.74,-69.74],[-121.01,-69.52],[-121.54,-69.48],[-121.79,-69.37],[-121.82,-69.1],[-121.39,-69.04],[-120.91,-69.23],[-120.72,-69.28],[-120.48,-69.43],[-120.06,-69.44],[-120.0,-69.5],[-120.01,-69.56],[-120.06,-69.61]],[[-124.3,-69.59],[-124.22,-69.65],[-124.23,-69.72],[-124.37,-69.77],[-124.91,-69.69],[-125.14,-69.69],[-125.21,-69.66],[-125.24,-69.58],[-125.13,-69.51],[-124.3,-69.59]],[[-126.72,-69.62],[-126.62,-69.67],[-125.99,-69.69],[-125.93,-69.72],[-125.91,-69.79],[-125.95,-69.84],[-126.07,-69.89],[-126.27,-69.89],[-126.53,-69.84],[-126.72,-69.77],[-127.1,-69.73],[-127.16,-69.67],[-127.13,-69.62],[-127.06,-69.6],[-126.72,-69.62]],[[-117.02,-69.86],[-116.95,-69.89],[-116.95,-69.97],[-117.01,-70.01],[-117.09,-70.0],[-117.12,-69.91],[-117.02,-69.86]],[[-128.66,-69.91],[-128.74,-69.98],[-129.63,-70.04],[-129.82,-69.99],[-129.9,-69.91],[-129.91,-69.84],[-129.88,-69.77],[-129.71,-69.73],[-129.58,-69.77],[-128.77,-69.8],[-128.69,-69.84],[-128.66,-69.91]],[[-178.68,-69.53],[-178.94,-69.55],[-179.03,-69.52],[-179.06,-69.46],[-178.97,-69.32],[-178.78,-69.26],[-178.53,-69.28],[-178.46,-69.36],[-178.49,-69.43],[-178.68,-69.53]],[[-131.04,-69.25],[-130.33,-69.29],[-130.27,-69.34],[-130.27,-69.38],[-130.31,-69.43],[-131.03,-69.37],[-131.09,-69.31],[-131.04,-69.25]],[[-123.1,-69.07],[-122.87,-69.09],[-122.82,-69.13],[-122.9,-69.21],[-123.19,-69.17],[-123.57,-69.2],[-123.78,-69.15],[-123.8,-69.08],[-123.75,-69.02],[-123.52,-68.99],[-123.1,-69.07]],[[-178.67,-68.99],[-178.78,-68.97],[-179.03,-68.76],[-179.05,-68.7],[-179.04,-68.61],[-178.91,-68.57],[-178.63,-68.57],[-178.49,-68.71],[-178.28,-68.78],[-178.28,-68.86],[-178.36,-68.93],[-178.5,-68.98],[-178.67,-68.99]],[[-127.84,-70.49],[-127.75,-70.53],[-127.74,-70.65],[-128.02,-70.75],[-128.36,-70.7],[-128.5,-70.63],[-128.49,-70.55],[-128.35,-70.49],[-128.11,-70.54],[-127.84,-70.49]],[[-110.35,-70.75],[-110.23,-70.72],[-110.1,-70.74],[-110.0,-70.78],[-109.99,-70.82],[-110.04,-70.88],[-110.33,-70.88],[-110.41,-70.83],[-110.35,-70.75]],[[-175.08,-71.73],[-175.13,-71.71],[-175.14,-71.65],[-174.97,-71.59],[-174.52,-71.6],[-174.46,-71.66],[-174.48,-71.72],[-174.55,-71.74],[-175.08,-71.73]],[[-129.38,-72.78],[-129.38,-72.7],[-129.31,-72.65],[-129.24,-72.67],[-129.22,-72.71],[-129.26,-72.78],[-129.38,-72.78]],[[-132.16,-73.06],[-132.11,-73.14],[-132.15,-73.2],[-132.46,-73.27],[-132.56,-73.22],[-132.5,-73.12],[-132.16,-73.06]],[[-139.91,-73.98],[-140.04,-73.92],[-140.02,-73.85],[-139.91,-73.81],[-139.75,-73.85],[-139.73,-73.92],[-139.75,-73.95],[-139.91,-73.98]],[[-173.98,-74.81],[-174.05,-74.76],[-174.05,-74.69],[-174.0,-74.66],[-173.91,-74.67],[-173.86,-74.71],[-173.87,-74.78],[-173.98,-74.81]],[[-171.0,-75.11],[-171.07,-75.07],[-171.06,-74.98],[-170.86,-74.98],[-170.86,-75.1],[-171.0,-75.11]]],[[[179.55,-44.74],[179.45,-44.76],[179.35,-44.74],[179.06,-44.83],[178.7,-44.86],[178.56,-44.83],[178.42,-44.9],[178.18,-44.93],[177.98,-44.9],[177.7,-45.01],[177.22,-45.04],[177.1,-45.07],[177.08,-45.11],[177.23,-45.16],[177.25,-45.22],[177.23,-45.28],[177.1,-45.36],[176.95,-45.55],[176.64,-45.74],[176.49,-45.89],[176.3,-45.93],[176.26,-45.91],[176.23,-45.84],[176.19,-45.85],[176.18,-46.04],[175.97,-46.04],[175.87,-46.15],[175.69,-46.21],[175.68,-46.42],[175.45,-46.48],[175.44,-46.53],[175.78,-46.63],[175.8,-46.75],[175.85,-46.78],[176.12,-46.78],[176.24,-47.0],[176.3,-47.03],[176.74,-47.04],[176.86,-46.99],[178.27,-47.04],[178.44,-46.97],[178.61,-46.99],[178.81,-46.92],[179.1,-46.97],[179.5,-46.94],[179.84,-47.05],[180.0,-47.06],[180.0,-45.0],[179.7,-44.8],[179.59,-44.78],[179.55,-44.74]],[[175.88,-46.37],[175.8,-46.32],[175.84,-46.23],[176.01,-46.19],[176.1,-46.24],[176.11,-46.29],[176.07,-46.34],[175.88,-46.37]],[[175.96,-46.7],[175.9,-46.63],[175.92,-46.55],[176.15,-46.52],[176.2,-46.55],[176.2,-46.63],[176.17,-46.67],[176.07,-46.71],[175.96,-46.7]],[[176.37,-46.99],[176.33,-46.94],[176.31,-46.87],[176.47,-46.8],[176.51,-46.82],[176.46,-46.96],[176.37,-46.99]]],[[[170.52,53.11],[170.4,53.14],[170.08,53.12],[170.04,53.19],[170.06,53.26],[170.2,53.27],[170.18,53.3],[169.99,53.3],[169.63,53.52],[169.44,53.56],[169.41,53.62],[169.51,53.76],[169.22,53.88],[168.89,53.9],[168.78,54.03],[168.64,54.09],[168.43,54.09],[168.22,54.05],[168.15,54.06],[168.12,54.17],[168.27,54.3],[167.64,54.28],[167.5,54.3],[167.39,54.37],[167.3,54.25],[167.21,54.24],[166.95,54.37],[166.64,54.42],[166.37,54.6],[166.2,54.82],[166.02,54.94],[164.79,55.58],[164.76,55.68],[164.84,55.73],[165.02,55.7],[165.14,55.75],[165.3,55.76],[167.16,55.27],[167.26,55.2],[167.95,54.89],[168.6,54.53],[168.73,54.52],[168.86,54.35],[169.13,54.29],[170.05,53.83],[170.16,53.69],[170.11,53.54],[170.27,53.46],[170.4,53.45],[170.55,53.54],[170.66,53.54],[171.15,53.28],[171.7,53.25],[172.26,53.14],[172.7,53.26],[172.8,53.26],[173.33,53.15],[173.67,53.01],[175.04,52.68],[175.26,52.56],[175.87,52.58],[176.09,52.49],[176.54,52.46],[176.66,52.42],[176.93,52.39],[177.19,52.25],[177.3,52.31],[177.48,52.3],[177.53,52.41],[177.67,52.46],[178.22,52.52],[178.33,52.56],[178.56,52.49],[178.79,52.51],[178.97,52.49],[179.09,52.63],[179.23,52.68],[179.21,52.85],[179.48,53.0],[179.81,52.99],[179.85,53.14],[179.78,53.33],[179.78,53.45],[179.68,53.55],[179.59,53.74],[179.13,54.11],[178.94,54.19],[178.73,54.38],[177.99,54.68],[177.91,54.74],[177.72,54.75],[177.62,54.71],[177.6,54.67],[177.73,54.62],[177.7,54.52],[176.84,54.6],[176.55,54.51],[176.33,54.49],[175.99,54.6],[175.94,54.65],[175.93,54.72],[175.98,54.84],[176.22,55.0],[176.7,55.14],[177.05,55.15],[177.24,55.22],[177.38,55.22],[177.62,55.28],[179.09,55.02],[179.3,54.95],[179.84,54.58],[180.0,54.38],[180.0,60.29],[179.94,60.29],[179.83,60.12],[179.76,60.19],[179.56,60.26],[179.54,60.31],[179.57,60.41],[179.54,60.43],[179.27,60.35],[179.04,60.6],[178.92,60.63],[178.8,60.79],[178.58,60.94],[178.32,60.98],[178.13,61.2],[177.79,61.31],[177.53,61.34],[177.34,61.46],[177.11,61.36],[177.0,61.18],[176.73,61.09],[176.59,60.98],[176.5,60.98],[176.42,60.94],[175.54,60.83],[175.14,60.87],[174.85,60.75],[174.6,60.74],[174.4,60.57],[174.1,60.5],[173.86,60.34],[173.11,60.29],[172.93,60.12],[172.86,60.14],[172.76,60.29],[172.41,60.38],[172.37,60.37],[172.34,60.26],[172.18,60.31],[172.13,60.3],[172.06,60.17],[171.9,60.07],[171.85,60.09],[171.8,60.21],[171.69,60.28],[171.43,60.33],[171.28,60.29],[171.24,60.22],[171.33,60.11],[171.32,60.02],[171.13,59.99],[170.91,59.77],[171.0,59.72],[171.1,59.54],[171.29,59.5],[171.49,59.28],[171.62,58.92],[171.62,58.78],[171.74,58.68],[171.82,58.54],[171.72,58.32],[171.71,58.17],[171.65,58.06],[171.87,57.84],[171.89,57.69],[171.83,57.55],[171.73,57.43],[171.75,57.24],[171.68,57.14],[171.48,57.04],[171.1,57.02],[170.78,56.83],[170.78,56.71],[170.69,56.61],[170.66,56.4],[170.53,56.23],[170.56,55.97],[170.45,55.7],[170.38,55.72],[170.35,55.77],[170.28,56.23],[170.3,56.42],[170.11,56.5],[170.08,56.56],[170.11,56.65],[170.35,56.71],[170.38,56.76],[170.38,56.93],[170.46,57.02],[170.35,56.96],[170.29,56.75],[170.01,56.64],[169.87,56.63],[169.72,56.66],[169.66,56.74],[169.67,56.88],[169.7,56.9],[169.92,56.88],[169.9,57.14],[169.85,57.18],[169.69,57.2],[169.51,57.48],[169.52,57.59],[169.61,57.66],[169.8,57.73],[169.98,57.75],[170.02,57.81],[169.95,57.93],[169.82,57.98],[169.5,58.23],[169.41,58.37],[169.45,58.42],[169.67,58.39],[169.83,58.72],[169.78,58.85],[169.8,58.94],[169.75,59.06],[169.78,59.23],[169.65,59.37],[169.68,59.48],[169.86,59.62],[169.87,59.69],[169.82,59.75],[169.39,59.87],[168.71,59.9],[168.33,59.83],[167.98,59.82],[167.64,59.73],[167.5,59.74],[167.28,59.59],[166.96,59.51],[166.94,59.5],[167.12,59.41],[167.21,59.4],[167.19,59.3],[166.92,59.28],[166.68,59.11],[166.51,59.11],[166.34,59.03],[165.75,58.98],[165.38,59.02],[165.12,58.97],[164.51,58.57],[164.2,58.46],[164.16,58.4],[164.18,58.27],[164.11,58.18],[164.16,58.01],[164.04,57.96],[163.97,57.74],[163.85,57.55],[163.63,57.43],[163.7,57.31],[163.54,57.07],[163.52,56.93],[163.68,56.76],[163.73,56.54],[163.99,56.38],[164.01,56.28],[163.85,56.23],[163.82,56.14],[163.75,56.07],[163.44,56.04],[163.39,55.94],[163.39,55.7],[163.36,55.67],[162.81,55.77],[162.32,55.34],[162.34,55.24],[162.58,54.98],[162.52,54.6],[162.46,54.42],[162.41,54.35],[162.52,54.16],[162.52,54.07],[162.46,54.03],[162.34,54.03],[162.23,54.09],[162.02,54.29],[161.75,54.28],[161.4,54.1],[161.21,53.93],[160.82,53.79],[160.81,53.73],[160.94,53.58],[160.92,53.48],[160.48,53.46],[160.45,53.42],[160.49,53.11],[160.96,52.83],[160.99,52.76],[160.97,52.68],[160.92,52.64],[160.66,52.63],[160.46,52.51],[160.03,52.58],[159.65,52.44],[159.19,52.51],[159.02,52.61],[158.98,52.54],[159.02,52.2],[158.95,52.06],[159.04,51.88],[159.05,51.8],[158.95,51.53],[158.76,51.45],[158.71,51.41],[158.81,51.21],[158.78,51.11],[158.42,50.76],[158.11,50.54],[158.01,50.33],[156.63,49.47],[156.52,49.38],[156.22,49.25],[155.98,48.98],[155.88,48.94],[155.78,48.77],[155.57,48.62],[155.51,48.42],[155.16,48.14],[154.99,48.1],[154.82,47.78],[154.46,47.5],[154.15,47.15],[154.05,47.16],[154.01,47.23],[153.96,47.38],[154.01,47.59],[153.81,47.78],[153.84,47.83],[154.18,48.0],[154.01,48.09],[153.86,48.12],[153.8,48.18],[153.75,48.14],[153.67,47.98],[153.53,47.9],[153.43,47.76],[153.15,47.53],[153.15,47.28],[152.86,46.99],[152.86,46.92],[152.81,46.9],[152.77,46.74],[152.47,46.75],[152.35,46.69],[152.16,46.68],[152.01,46.5],[151.89,46.46],[151.76,46.5],[151.7,46.61],[151.54,46.79],[151.58,46.94],[151.87,47.08],[152.03,47.24],[152.01,47.34],[151.85,47.43],[151.89,47.54],[152.09,47.54],[152.16,47.69],[152.27,47.71],[152.33,47.66],[152.35,47.53],[152.43,47.51],[152.51,47.54],[152.64,47.69],[152.76,47.74],[152.81,47.93],[153.02,48.07],[153.02,48.19],[153.07,48.29],[153.04,48.39],[153.07,48.45],[153.19,48.53],[153.36,48.48],[153.48,48.55],[153.45,48.64],[153.49,48.77],[153.26,48.85],[153.31,49.07],[153.43,49.15],[153.43,49.33],[153.49,49.37],[153.6,49.33],[153.62,49.26],[153.6,49.18],[153.66,49.13],[153.75,49.13],[153.91,49.27],[154.06,49.32],[154.08,49.46],[154.15,49.56],[153.91,49.75],[153.72,49.63],[153.63,49.62],[153.48,49.51],[153.29,49.46],[153.1,49.33],[152.99,49.32],[152.87,49.39],[152.71,49.37],[152.5,49.15],[152.46,49.03],[152.41,49.0],[151.94,49.0],[151.36,48.87],[151.31,48.9],[151.3,49.03],[151.25,49.06],[150.48,48.7],[150.29,48.52],[150.22,48.5],[150.1,48.53],[149.93,48.48],[149.83,48.38],[149.76,48.38],[149.69,48.27],[149.45,48.24],[149.28,48.12],[148.97,48.1],[148.7,48.19],[148.39,48.0],[148.31,48.01],[148.1,48.12],[147.62,48.05],[147.41,48.05],[147.24,48.0],[146.95,48.05],[146.81,48.0],[146.4,48.0],[146.26,47.93],[146.04,47.93],[145.9,47.86],[145.68,47.81],[145.6,47.68],[145.58,47.33],[145.49,47.23],[145.42,47.24],[145.22,47.38],[144.98,47.4],[144.79,47.47],[144.74,47.45],[144.67,47.3],[144.58,47.3],[144.51,47.19],[144.26,47.2],[144.18,47.16],[144.14,47.1],[144.15,46.7],[144.03,46.52],[144.19,46.37],[144.19,46.25],[144.26,46.18],[144.28,46.09],[144.27,45.94],[144.55,45.77],[144.91,45.71],[144.98,45.65],[145.01,45.51],[144.9,45.33],[144.96,45.29],[145.01,45.17],[145.13,45.02],[145.27,45.02],[145.34,44.97],[145.39,44.83],[145.37,44.62],[145.6,44.7],[145.68,44.65],[145.68,44.54],[145.6,44.37],[145.61,44.3],[145.9,44.57],[145.92,44.69],[146.15,44.9],[146.26,44.93],[146.31,44.99],[146.54,45.02],[146.59,45.12],[146.74,45.19],[147.07,45.19],[147.23,45.14],[147.29,45.14],[147.36,45.36],[147.41,45.39],[147.65,45.41],[148.07,45.66],[148.16,45.87],[148.26,45.94],[148.51,45.98],[148.68,46.08],[148.75,46.09],[148.86,46.04],[148.9,45.89],[149.02,45.91],[149.1,45.88],[149.26,46.02],[149.6,46.12],[149.76,46.26],[150.02,46.27],[150.14,46.45],[150.25,46.47],[150.47,46.43],[150.61,46.48],[150.71,46.55],[150.72,46.59],[150.62,46.68],[150.55,46.82],[150.4,46.9],[150.41,46.97],[150.48,47.03],[150.57,47.01],[150.7,46.92],[150.85,46.89],[151.01,46.68],[151.18,46.56],[151.42,46.66],[151.56,46.64],[151.62,46.58],[151.61,46.49],[151.54,46.42],[151.18,46.34],[151.01,46.18],[150.79,46.07],[151.2,46.01],[151.64,46.13],[151.82,46.13],[152.17,46.02],[152.27,45.92],[152.21,45.85],[151.97,45.77],[151.82,45.66],[151.66,45.65],[151.46,45.52],[151.27,45.5],[151.13,45.42],[150.89,45.35],[150.63,45.16],[150.16,45.03],[149.3,44.64],[148.99,44.42],[148.89,44.38],[147.79,43.67],[147.52,43.59],[147.34,43.48],[147.26,43.3],[147.21,43.29],[147.1,43.37],[146.9,43.3],[146.74,43.18],[146.64,43.18],[146.42,43.03],[146.14,42.98],[145.58,42.67],[145.42,42.65],[145.19,42.47],[144.91,42.46],[144.8,42.23],[144.8,42.05],[144.76,41.97],[144.25,41.68],[144.19,41.51],[144.15,41.48],[143.71,41.45],[143.57,41.38],[143.21,41.3],[143.16,41.26],[143.19,41.19],[143.47,41.11],[143.63,40.97],[143.63,40.86],[143.5,40.75],[143.52,40.61],[143.44,40.47],[143.46,40.42],[143.59,40.3],[143.64,40.11],[143.62,39.98],[143.56,39.88],[143.49,39.83],[143.3,39.79],[143.21,39.59],[143.28,39.34],[143.14,39.17],[143.18,39.1],[143.26,38.76],[143.11,38.54],[143.12,38.45],[143.21,38.26],[143.11,38.06],[143.09,37.82],[143.03,37.76],[142.77,37.63],[142.77,37.4],[142.61,37.2],[142.28,37.06],[142.22,36.98],[141.96,36.84],[141.73,36.54],[141.72,36.5],[141.82,36.43],[141.87,36.19],[141.82,36.13],[141.62,36.1],[141.48,35.76],[141.55,35.67],[141.74,35.66],[141.82,35.62],[141.82,35.5],[141.75,35.38],[141.65,35.32],[141.53,35.35],[141.46,35.26],[141.35,35.19],[141.12,35.18],[141.02,34.99],[140.76,34.78],[140.69,34.66],[140.3,34.78],[140.23,34.9],[140.17,34.88],[140.06,34.78],[139.86,34.74],[139.8,34.68],[139.92,34.61],[139.99,34.63],[140.07,34.62],[140.13,34.42],[140.33,34.31],[140.4,34.18],[140.45,34.18],[140.47,34.13],[140.52,34.13],[140.54,34.08],[140.67,34.01],[140.69,33.96],[140.66,33.89],[140.71,33.84],[140.71,33.74],[140.83,33.67],[140.9,33.46],[140.93,33.26],[141.0,33.14],[140.97,33.05],[140.78,32.86],[140.74,32.69],[140.52,32.5],[140.52,32.18],[140.47,32.06],[140.31,31.84],[140.54,31.74],[140.57,31.67],[140.59,31.39],[140.42,31.22],[140.47,31.08],[140.42,30.94],[140.66,30.72],[140.71,30.58],[140.85,30.42],[140.86,30.29],[140.79,30.24],[140.49,30.25],[140.28,30.1],[140.26,29.97],[140.21,29.95],[140.15,29.98],[140.06,30.15],[140.06,30.38],[139.81,30.09],[139.75,30.07],[139.69,30.08],[139.68,30.17],[139.55,30.2],[139.39,30.36],[139.32,30.22],[139.25,30.22],[139.17,30.12],[139.04,30.09],[139.06,29.86],[138.82,29.68],[138.74,29.69],[138.73,29.74],[138.79,29.9],[138.87,29.98],[138.86,30.05],[138.69,30.03],[138.67,29.98],[138.58,29.9],[138.47,29.93],[138.5,30.05],[138.57,30.08],[138.65,30.06],[138.67,30.1],[138.66,30.15],[138.53,30.18],[138.57,30.29],[138.74,30.24],[139.02,30.39],[138.96,30.55],[138.81,30.5],[138.7,30.53],[138.69,30.6],[138.8,30.71],[138.79,30.77],[138.52,30.75],[138.39,30.76],[138.34,30.79],[138.33,30.87],[139.01,31.17],[139.05,31.22],[139.06,31.27],[139.02,31.3],[138.82,31.3],[138.72,31.34],[138.64,31.32],[138.62,31.37],[138.65,31.42],[138.89,31.49],[138.96,31.66],[139.19,31.84],[138.97,31.77],[138.86,31.68],[138.65,31.7],[138.53,31.77],[138.53,31.82],[138.57,31.87],[138.86,31.92],[138.97,32.1],[138.93,32.15],[138.64,32.06],[138.58,32.13],[138.66,32.23],[138.65,32.38],[138.72,32.52],[138.7,32.66],[138.79,32.78],[138.75,32.88],[138.74,33.07],[138.6,33.12],[138.57,33.29],[138.6,33.34],[138.7,33.36],[138.89,33.5],[138.94,33.7],[138.43,33.66],[138.35,33.71],[138.34,33.78],[138.53,33.9],[138.68,34.19],[138.58,34.33],[138.61,34.52],[138.59,34.55],[138.52,34.47],[138.5,34.32],[138.35,34.12],[138.28,34.09],[138.17,34.13],[138.08,33.98],[137.91,33.95],[137.8,33.88],[137.31,33.65],[137.16,33.41],[136.7,33.36],[136.7,33.27],[136.62,33.22],[136.44,33.26],[136.24,33.18],[135.79,33.19],[135.62,33.07],[135.48,33.07],[135.4,33.01],[135.14,33.0],[135.04,32.87],[134.73,32.75],[134.57,32.74],[134.44,32.58],[134.37,32.57],[134.23,32.66],[134.12,32.34],[133.99,32.3],[133.87,32.21],[133.47,32.04],[133.32,31.94],[133.21,31.92],[133.08,31.97],[132.8,31.81],[132.6,31.82],[132.43,31.7],[132.41,31.54],[132.25,31.49],[132.29,31.3],[132.36,31.25],[132.39,31.16],[132.35,31.12],[132.19,31.08],[132.17,31.03],[132.05,30.96],[132.07,30.79],[131.9,30.62],[131.98,30.58],[131.95,30.46],[131.86,30.45],[131.76,30.5],[131.74,30.43],[131.69,30.4],[131.46,30.39],[131.37,30.36],[131.36,30.3],[131.48,30.3],[131.52,30.26],[131.41,30.03],[131.29,29.95],[131.21,29.93],[131.14,29.83],[131.02,29.76],[130.9,29.57],[130.78,29.47],[130.75,29.4],[130.45,29.1],[130.39,29.08],[130.34,29.14],[130.27,29.1],[130.25,29.04],[130.27,29.02],[130.51,28.99],[130.58,28.86],[130.56,28.7],[130.34,28.6],[130.32,28.56],[130.58,28.52],[130.62,28.4],[130.58,28.3],[130.51,28.27],[130.34,28.13],[130.34,27.96],[130.29,27.87],[130.15,27.79],[129.98,27.82],[129.82,27.65],[129.82,27.6],[129.96,27.63],[130.03,27.61],[130.08,27.56],[130.06,27.49],[129.93,27.43],[129.77,27.5],[129.5,27.38],[129.44,27.25],[129.31,27.11],[129.22,27.07],[129.1,27.07],[129.0,26.9],[128.78,26.76],[128.7,26.65],[128.71,26.4],[128.59,26.35],[128.5,26.26],[128.46,26.08],[128.3,26.02],[128.21,25.92],[128.06,25.85],[127.94,25.85],[127.76,25.74],[127.49,25.7],[127.27,25.44],[127.23,25.33],[127.18,25.27],[126.98,25.32],[126.9,25.27],[127.02,25.22],[127.03,25.18],[127.26,25.12],[127.27,25.05],[127.2,24.89],[127.08,24.82],[127.01,24.7],[126.86,24.62],[126.84,24.5],[126.77,24.43],[126.51,24.41],[126.44,24.37],[126.52,24.27],[126.52,24.17],[126.41,24.09],[126.26,24.05],[126.12,23.87],[125.74,23.83],[125.45,24.0],[125.42,23.93],[125.33,23.9],[125.24,23.94],[125.14,24.05],[125.16,24.17],[125.1,24.2],[124.64,24.09],[124.51,24.1],[124.32,24.0],[124.1,24.0],[123.91,23.93],[123.62,23.93],[123.46,23.86],[123.31,23.9],[122.98,23.93],[122.81,24.07],[122.41,24.12],[122.23,24.22],[122.12,24.39],[122.04,24.41],[121.97,24.37],[121.92,24.28],[121.94,24.12],[121.81,23.98],[121.77,23.88],[121.75,23.43],[121.8,23.28],[121.75,23.16],[121.59,22.95],[121.65,22.77],[121.64,22.66],[121.51,22.47],[121.38,22.45],[121.37,22.43],[121.56,22.42],[121.63,22.36],[121.66,22.21],[121.74,22.1],[121.8,21.91],[121.78,21.82],[121.84,21.69],[121.84,21.54],[121.75,21.36],[121.75,21.22],[121.63,21.03],[121.52,21.0],[121.46,21.07],[121.39,21.1],[121.36,21.19],[121.42,21.29],[121.39,21.4],[121.46,21.55],[121.36,21.82],[121.44,21.91],[121.39,22.02],[121.36,22.02],[121.3,21.82],[121.3,21.53],[121.09,21.25],[121.06,21.14],[121.07,21.02],[121.15,20.78],[121.08,20.64],[121.14,20.5],[121.11,20.43],[120.96,20.41],[120.94,20.54],[120.84,20.59],[120.85,20.65],[120.94,20.71],[120.85,20.73],[120.64,20.68],[120.59,20.7],[120.6,20.86],[120.46,21.0],[120.43,21.07],[120.5,21.26],[120.48,21.38],[120.36,21.5],[120.31,21.65],[120.1,21.77],[119.95,21.77],[119.81,21.91],[119.65,21.97],[119.62,22.18],[119.55,22.18],[119.4,22.01],[119.28,21.99],[119.23,21.92],[119.04,21.96],[118.82,21.79],[118.61,21.83],[118.58,21.8],[118.61,21.7],[118.53,21.58],[118.37,21.5],[118.18,21.5],[118.16,21.39],[118.22,21.34],[118.27,21.23],[118.15,20.9],[118.18,20.74],[118.13,20.62],[118.14,20.45],[118.0,20.4],[117.83,20.47],[117.75,20.46],[117.7,20.35],[117.65,20.33],[117.58,20.11],[117.41,20.04],[117.24,20.02],[117.19,19.92],[117.0,19.85],[116.93,19.73],[116.81,19.66],[116.26,19.63],[116.25,19.55],[116.34,19.36],[116.33,19.3],[116.28,19.29],[116.14,19.39],[116.04,19.42],[115.97,19.56],[115.68,19.58],[115.58,19.66],[115.4,19.61],[115.29,19.62],[115.27,19.57],[115.34,19.26],[115.27,19.13],[115.1,19.06],[114.82,19.01],[114.65,18.89],[114.4,18.91],[114.25,18.68],[113.98,18.53],[113.87,18.41],[113.75,18.38],[113.36,18.41],[113.23,18.46],[113.11,18.38],[112.92,18.36],[112.78,18.29],[112.66,18.29],[112.52,18.24],[112.24,18.24],[112.15,18.29],[112.04,18.29],[111.96,18.25],[111.89,18.09],[111.84,18.05],[111.67,18.05],[111.62,18.0],[111.54,17.99],[111.53,17.98],[111.62,17.93],[111.77,17.95],[111.94,17.86],[112.13,17.86],[112.39,17.69],[112.49,17.69],[112.57,17.73],[112.65,17.86],[112.76,17.89],[112.92,17.88],[113.13,17.79],[113.16,17.83],[113.06,17.92],[113.05,18.01],[113.18,18.07],[113.27,18.19],[113.36,18.18],[113.47,18.13],[113.5,18.08],[113.47,18.0],[113.59,18.01],[113.66,17.95],[113.72,17.75],[113.71,17.66],[113.68,17.62],[113.52,17.59],[113.5,17.52],[113.44,17.47],[113.3,17.51],[113.26,17.47],[113.23,17.28],[113.18,17.23],[113.28,17.09],[113.1,16.89],[113.15,16.85],[113.28,16.92],[113.42,16.92],[113.48,16.98],[113.55,16.96],[113.59,16.87],[113.5,16.7],[113.59,16.54],[113.56,16.48],[113.4,16.44],[113.35,16.37],[113.26,16.34],[113.18,16.23],[112.98,16.14],[112.97,16.1],[113.17,16.07],[113.19,16.01],[113.16,15.94],[113.11,15.9],[112.94,15.91],[112.9,15.77],[112.73,15.67],[112.83,15.59],[112.82,15.52],[112.67,15.52],[112.63,15.48],[112.66,15.49],[112.7,15.46],[112.72,15.36],[112.58,15.34],[112.55,15.26],[112.38,15.22],[112.44,15.09],[112.4,14.98],[112.29,14.89],[112.1,14.83],[112.1,14.78],[112.04,14.72],[112.1,14.68],[112.24,14.82],[112.47,14.86],[112.51,14.83],[112.24,14.42],[112.18,14.39],[112.03,14.41],[111.94,14.34],[112.06,14.38],[112.16,14.35],[112.2,14.28],[112.14,14.16],[111.98,14.11],[111.83,14.13],[111.79,14.17],[111.83,14.28],[111.68,14.44],[111.57,14.3],[111.48,14.28],[111.34,14.35],[111.29,14.3],[111.07,14.23],[111.0,14.14],[110.78,14.02],[110.69,14.02],[110.57,13.9],[110.47,13.9],[110.33,13.8],[110.15,13.76],[110.11,13.72],[110.08,13.56],[110.11,13.32],[110.26,13.1],[110.49,13.02],[110.61,12.89],[110.59,12.81],[110.42,12.6],[110.28,12.55],[110.28,12.38],[110.23,12.29],[110.25,12.03],[110.27,11.98],[110.35,11.98],[110.41,11.93],[110.38,11.74],[110.5,11.68],[110.52,11.61],[110.43,11.49],[110.43,11.43],[110.49,11.38],[110.66,11.33],[110.67,11.27],[110.62,11.16],[110.68,11.17],[110.76,11.29],[110.86,11.26],[110.86,11.19],[110.76,11.02],[110.81,10.97],[110.81,10.84],[110.67,10.76],[110.64,10.68],[110.66,10.64],[110.78,10.63],[110.85,10.54],[110.81,10.34],[110.81,10.15],[110.76,10.13],[110.59,10.15],[110.38,10.03],[110.31,9.87],[110.18,9.86],[110.13,9.82],[110.02,9.84],[110.11,9.7],[110.02,9.55],[109.94,9.34],[109.96,9.14],[110.16,8.95],[110.33,8.95],[110.36,8.85],[110.39,8.83],[110.52,8.95],[110.64,8.98],[110.93,9.14],[111.02,9.12],[111.38,9.5],[111.43,9.51],[111.5,9.46],[111.55,9.53],[111.65,9.58],[111.72,9.77],[111.84,9.7],[111.98,9.76],[112.04,9.68],[112.01,9.58],[112.08,9.55],[112.57,9.87],[112.58,9.91],[112.51,9.92],[112.44,9.98],[112.46,10.08],[112.63,10.1],[112.82,10.22],[113.04,10.2],[113.15,10.36],[113.21,10.37],[113.25,10.34],[113.29,10.27],[113.19,9.98],[113.11,9.84],[113.21,9.78],[113.17,9.62],[113.05,9.52],[112.9,9.44],[112.66,9.49],[112.61,9.46],[112.66,9.36],[112.97,9.29],[113.01,8.94],[113.15,8.9],[113.18,8.84],[113.15,8.78],[112.93,8.72],[112.92,8.68],[112.99,8.58],[113.12,8.55],[113.28,8.64],[113.41,8.57],[113.39,8.83],[113.35,8.88],[113.2,8.95],[113.2,9.12],[113.59,9.55],[113.68,9.54],[113.74,9.38],[113.89,9.39],[113.88,9.53],[114.02,9.62],[114.0,9.77],[114.06,9.86],[113.94,9.85],[113.83,9.9],[113.76,10.01],[113.76,10.12],[113.73,10.15],[113.71,10.11],[113.64,10.1],[113.52,10.2],[113.45,10.1],[113.34,10.1],[113.32,10.19],[113.39,10.4],[113.49,10.56],[113.59,10.61],[113.74,10.51],[113.99,10.53],[113.98,10.68],[114.17,10.77],[113.99,10.79],[113.95,10.83],[113.94,10.92],[113.98,11.05],[114.45,11.29],[114.4,11.33],[114.24,11.28],[114.17,11.33],[114.21,11.46],[114.34,11.58],[114.43,11.62],[114.75,11.65],[114.86,11.61],[114.99,11.62],[115.02,11.61],[115.03,11.47],[115.23,11.48],[115.24,11.4],[115.12,11.34],[115.01,11.23],[115.09,11.24],[115.15,11.21],[115.21,11.07],[115.19,10.96],[115.03,10.74],[115.18,10.7],[115.37,10.7],[115.42,10.49],[115.45,10.49],[115.58,10.56],[115.7,10.7],[115.73,10.85],[115.78,10.9],[115.87,10.92],[115.97,10.86],[116.02,10.89],[116.04,11.04],[115.9,11.18],[115.89,11.27],[116.04,11.54],[116.0,11.68],[116.05,11.74],[116.18,11.74],[116.23,11.86],[116.28,11.88],[116.34,12.0],[116.44,11.97],[116.43,11.79],[116.46,11.77],[116.63,11.97],[116.8,12.08],[116.93,12.11],[117.22,12.1],[117.36,12.02],[117.48,11.83],[117.55,11.81],[117.67,11.48],[117.77,11.49],[117.79,11.51],[117.8,11.71],[117.82,11.75],[117.9,11.79],[118.18,11.66],[118.22,11.51],[118.26,11.55],[118.22,11.64],[118.24,11.8],[118.46,12.0],[118.66,12.1],[118.59,12.25],[118.59,12.43],[118.68,12.67],[118.8,12.74],[118.85,12.85],[118.94,12.85],[119.1,12.7],[119.18,12.41],[119.28,12.22],[119.3,12.05],[119.54,12.45],[119.55,12.52],[119.54,12.55],[119.39,12.51],[119.33,12.53],[119.3,12.8],[119.36,12.9],[119.49,12.94],[119.64,12.86],[119.81,12.98],[120.21,12.94],[120.34,12.99],[120.42,12.97],[120.23,13.39],[120.2,13.6],[120.02,13.73],[119.83,13.75],[119.79,13.84],[119.83,14.04],[120.0,14.06],[120.02,14.38],[119.97,14.49],[120.0,14.59],[119.83,14.88],[119.81,15.12],[119.72,15.29],[119.7,15.4],[119.74,15.5],[119.64,15.91],[119.61,15.93],[119.57,15.9],[119.49,15.61],[119.4,15.63],[119.33,16.07],[119.4,16.31],[119.4,16.44],[119.47,16.58],[119.38,16.89],[119.43,16.93],[119.5,16.92],[119.69,16.76],[119.74,16.92],[119.88,17.11],[119.86,17.45],[119.98,17.54],[120.0,17.74],[120.07,17.76],[120.12,17.82],[120.07,18.08],[120.12,18.2],[120.34,18.46],[120.37,18.62],[120.52,18.77],[120.74,18.82],[120.82,18.94],[120.96,18.84],[120.96,18.93],[121.02,19.04],[120.98,19.13],[121.0,19.35],[121.04,19.4],[121.15,19.42],[121.23,19.49],[121.34,19.63],[121.32,19.82],[121.51,19.97],[121.51,20.04],[121.56,20.09],[121.58,20.3],[121.48,20.44],[121.46,20.5],[121.51,20.55],[121.61,20.57],[121.61,20.76],[121.73,20.92],[121.74,21.09],[121.83,21.3],[121.96,21.32],[122.04,21.29],[122.09,21.22],[122.19,20.54],[122.13,20.31],[121.98,20.11],[122.03,20.07],[122.15,20.17],[122.23,20.16],[122.3,19.92],[122.24,19.79],[122.27,19.67],[122.18,19.56],[122.18,19.42],[122.14,19.32],[122.35,19.13],[122.33,18.99],[122.49,19.15],[122.54,19.17],[122.58,19.12],[122.57,18.93],[122.62,18.86],[122.66,18.98],[122.72,18.99],[122.75,18.95],[122.66,18.65],[122.66,18.49],[122.4,17.93],[122.42,17.64],[122.57,17.45],[122.59,17.3],[122.71,17.12],[122.71,16.98],[122.68,16.83],[122.54,16.68],[122.42,16.46],[122.39,16.24],[121.93,15.79],[122.11,15.8],[122.19,15.76],[122.23,15.69],[122.21,15.58],[122.29,15.5],[122.28,15.43],[122.17,15.4],[121.84,15.54],[121.79,15.52],[121.78,15.45],[121.86,15.35],[121.97,15.29],[122.38,15.26],[122.54,15.19],[122.66,15.23],[122.88,15.12],[123.0,15.14],[123.28,15.35],[123.51,15.4],[123.67,15.38],[123.72,15.35],[123.83,15.15],[124.11,14.92],[124.26,14.86],[124.34,14.79],[124.37,14.7],[124.3,14.54],[124.32,14.47],[124.36,14.46],[124.43,14.53],[124.51,14.57],[124.61,14.54],[124.58,14.28],[124.83,13.75],[124.85,13.6],[124.98,13.57],[125.0,13.5],[124.92,13.42],[124.92,13.24],[124.87,13.17],[124.76,13.13],[124.64,13.15],[124.49,13.13],[124.87,12.91],[125.02,12.91],[125.11,12.84],[125.28,12.82],[125.4,12.58],[125.74,12.14],[125.79,11.93],[125.78,11.6],[126.13,10.67],[126.14,10.37],[126.38,9.79],[126.38,9.5],[126.55,9.0],[126.55,8.81],[126.68,8.61],[126.82,7.97],[126.79,7.73],[126.84,7.68],[126.85,7.6],[126.8,7.43],[126.79,7.18],[126.6,6.94],[126.55,6.79],[126.46,6.69],[126.6,6.62],[126.65,6.51],[126.64,6.43],[126.53,6.31],[126.53,6.26],[126.62,5.92],[126.7,5.81],[126.75,5.32],[126.73,5.22],[126.64,5.18],[126.6,5.21],[126.43,5.7],[126.35,5.69],[126.28,5.46],[126.23,5.45],[126.18,5.48],[126.16,5.59],[126.22,5.71],[126.17,5.83],[126.16,6.09],[126.0,6.32],[125.96,6.24],[125.87,6.27],[125.86,6.1],[125.7,5.75],[125.76,5.65],[125.74,5.5],[125.88,5.3],[125.88,5.21],[126.0,5.05],[125.98,4.82],[126.05,4.7],[126.09,4.52],[126.12,3.89],[126.1,3.77],[126.02,3.65],[126.02,3.29],[125.95,3.17],[125.95,2.98],[125.88,2.86],[125.81,2.38],[125.48,1.97],[125.48,1.9],[125.58,1.86],[125.6,1.74],[125.52,1.43],[125.52,1.32],[125.42,1.15],[125.42,1.03],[125.23,0.75],[124.91,0.53],[124.68,0.28],[124.61,0.26],[124.46,0.29],[124.35,0.25],[124.18,0.26],[124.06,0.22],[123.94,0.24],[123.82,0.17],[123.13,0.16],[123.02,0.12],[122.89,0.15],[122.87,0.12],[123.22,-0.15],[123.4,-0.17],[123.53,-0.24],[123.6,-0.46],[123.97,-0.85],[124.24,-0.81],[124.4,-0.84],[124.47,-0.97],[124.39,-1.18],[124.61,-1.35],[124.72,-1.4],[124.9,-1.44],[125.0,-1.39],[125.09,-1.41],[125.52,-1.58],[125.74,-1.56],[126.77,-1.68],[126.95,-1.48],[127.11,-1.48],[127.11,-1.35],[127.27,-1.15],[127.18,-0.91],[127.03,-0.91],[126.94,-0.79],[126.75,-0.05],[126.77,0.26],[126.74,0.55],[126.96,0.65],[126.98,0.82],[127.05,0.9],[127.03,1.13],[127.22,1.34],[127.39,1.99],[127.54,2.18],[127.67,2.44],[128.09,2.65],[128.21,2.67],[128.29,2.84],[128.34,2.88],[128.51,2.95],[128.67,2.97],[128.76,2.94],[128.83,2.84],[128.84,2.65],[128.88,2.57],[128.9,2.4],[128.83,2.21],[128.81,2.09],[128.91,2.06],[129.11,2.19],[129.19,2.14],[129.17,2.02],[128.93,1.78],[128.92,1.73],[128.92,1.57],[128.99,1.18],[129.02,1.14],[129.11,1.14],[129.29,1.32],[129.43,1.3],[129.6,1.18],[129.64,1.03],[129.74,0.86],[129.86,0.91],[130.06,0.91],[130.27,0.82],[130.46,0.64],[130.53,0.61],[130.7,0.72],[130.9,0.67],[131.06,0.84],[131.15,0.85],[131.11,0.98],[131.14,1.11],[131.29,1.33],[131.41,1.32],[131.45,1.2],[131.38,0.86],[131.45,0.6],[131.57,0.48],[131.74,0.54],[131.79,0.45],[131.75,0.34],[131.62,0.31],[131.57,0.26],[131.47,0.24],[131.4,0.15],[131.27,0.15],[131.21,0.17],[131.18,0.22],[131.14,0.19],[131.15,0.13],[131.47,-0.1],[131.66,-0.17],[131.65,-0.29],[131.47,-0.51],[131.47,-0.58],[131.54,-0.57],[131.8,-0.44],[131.83,-0.38],[131.81,-0.29],[131.87,-0.22],[132.62,-0.17],[133.08,-0.29],[133.39,-0.31],[133.41,-0.47],[133.44,-0.52],[133.47,-0.42],[133.54,-0.41],[133.58,-0.45],[133.54,-0.55],[133.66,-0.57],[133.99,-0.53],[134.11,-0.55],[134.14,-0.6],[134.29,-0.68],[134.45,-0.7],[134.49,-0.68],[134.51,-0.49],[134.56,-0.43],[134.52,-0.24],[134.61,-0.13],[134.75,-0.11],[134.67,-0.01],[134.67,0.09],[134.78,0.19],[134.89,0.21],[135.06,0.07],[135.17,-0.1],[135.39,-0.11],[135.6,-0.31],[135.76,-0.32],[135.83,-0.4],[136.17,-0.62],[136.2,-0.62],[136.21,-0.48],[136.26,-0.45],[136.44,-0.55],[136.75,-0.62],[136.79,-0.75],[136.85,-0.8],[137.06,-0.79],[137.26,-0.91],[137.51,-0.82],[137.59,-0.84],[137.64,-0.92],[137.63,-1.06],[137.88,-0.96],[138.05,-1.2],[138.24,-1.15],[138.38,-1.2],[138.48,-1.18],[138.61,-1.2],[139.14,-1.66],[139.51,-1.87],[139.58,-1.82],[139.68,-1.82],[139.85,-1.96],[140.23,-2.06],[140.49,-2.26],[140.73,-2.3],[140.77,-2.12],[140.92,-2.11],[141.02,-2.18],[141.09,-2.32],[141.14,-2.33],[141.17,-2.38],[141.36,-2.45],[141.43,-2.52],[141.84,-2.64],[141.96,-2.74],[142.29,-2.74],[142.82,-2.98],[142.94,-2.95],[143.31,-3.03],[143.54,-3.02],[143.83,-3.29],[143.9,-3.29],[143.91,-3.23],[143.85,-3.16],[143.65,-3.06],[143.59,-2.93],[143.64,-2.85],[143.72,-2.83],[143.87,-2.86],[143.94,-2.92],[144.0,-3.05],[144.22,-3.05],[144.41,-3.22],[144.6,-3.26],[144.67,-3.31],[144.82,-3.3],[144.88,-3.23],[144.94,-3.21],[145.02,-3.23],[145.14,-3.3],[145.15,-3.46],[145.25,-3.6],[145.22,-3.67],[145.32,-3.77],[145.39,-3.9],[145.37,-4.06],[145.64,-4.13],[145.79,-4.05],[145.74,-3.93],[145.76,-3.85],[145.88,-3.85],[145.9,-4.0],[145.95,-4.04],[146.04,-3.89],[146.11,-3.86],[146.13,-3.75],[146.19,-3.71],[146.26,-3.73],[146.3,-3.79],[146.16,-3.9],[146.19,-3.95],[146.28,-3.94],[146.52,-3.82],[146.7,-3.84],[146.78,-3.59],[146.69,-3.58],[146.69,-3.46],[146.73,-3.44],[146.81,-3.48],[146.83,-3.57],[146.87,-3.49],[146.86,-3.45],[146.76,-3.38],[146.75,-3.28],[146.67,-3.27],[146.54,-3.41],[146.42,-3.34],[146.23,-3.3],[146.05,-3.18],[145.93,-2.9],[145.85,-2.86],[145.74,-2.87],[145.66,-3.01],[145.57,-3.03],[145.49,-2.93],[145.43,-2.91],[145.38,-2.96],[145.31,-2.94],[145.25,-2.83],[145.23,-2.93],[145.39,-3.1],[145.33,-3.22],[145.26,-3.21],[145.08,-3.1],[144.99,-3.11],[144.89,-3.02],[144.82,-3.07],[144.66,-3.07],[144.37,-2.91],[144.36,-2.81],[144.45,-2.7],[144.43,-2.57],[144.26,-2.59],[144.0,-2.57],[143.88,-2.64],[143.74,-2.59],[143.64,-2.64],[143.57,-2.61],[143.46,-2.64],[143.42,-2.59],[143.43,-2.5],[143.63,-2.32],[143.67,-2.24],[143.46,-1.9],[143.45,-1.81],[143.52,-1.72],[143.42,-1.61],[143.49,-1.54],[143.59,-1.49],[143.67,-1.49],[143.66,-1.46],[143.58,-1.46],[143.49,-1.38],[143.29,-1.37],[143.27,-1.3],[143.3,-1.25],[143.76,-1.13],[143.9,-1.13],[144.0,-1.06],[144.14,-1.03],[144.33,-0.9],[144.62,-0.82],[144.79,-0.91],[144.78,-0.97],[144.65,-1.01],[144.7,-1.11],[144.8,-1.17],[144.98,-1.22],[145.3,-1.12],[145.43,-1.17],[145.49,-1.27],[145.44,-1.44],[145.61,-1.54],[145.63,-1.61],[145.59,-1.64],[145.7,-1.66],[145.76,-1.63],[145.87,-1.49],[145.94,-1.49],[146.11,-1.33],[146.11,-1.13],[146.17,-1.04],[146.22,-1.0],[146.36,-1.03],[146.56,-0.89],[146.58,-0.66],[146.73,-0.63],[146.79,-0.69],[146.74,-0.95],[146.88,-1.08],[147.03,-1.07],[147.1,-1.1],[147.11,-1.14],[147.03,-1.25],[147.22,-1.08],[147.36,-1.1],[147.62,-1.01],[147.63,-0.82],[147.79,-0.74],[147.96,-0.82],[148.1,-0.82],[148.31,-1.06],[148.49,-1.07],[148.59,-1.17],[148.65,-1.15],[148.69,-1.05],[148.81,-0.92],[148.9,-0.92],[149.02,-1.06],[149.17,-1.13],[149.25,-1.08],[149.15,-0.95],[149.16,-0.89],[149.43,-0.88],[149.49,-0.9],[149.6,-1.06],[149.98,-1.22],[150.1,-1.32],[150.31,-1.34],[150.36,-1.51],[150.5,-1.49],[150.58,-1.54],[150.74,-1.51],[151.13,-1.77],[151.33,-1.73],[155.98,2.91],[163.41,-1.72],[180.0,-3.47],[180.0,51.26],[179.9,51.26],[179.71,51.14],[179.5,51.14],[179.26,51.07],[179.09,51.08],[178.7,51.22],[178.42,51.22],[178.27,51.29],[178.2,51.26],[178.1,51.34],[177.91,51.31],[177.74,51.48],[177.5,51.5],[177.33,51.56],[177.05,51.55],[176.95,51.58],[176.9,51.68],[176.94,51.86],[176.64,51.77],[176.22,51.78],[175.96,51.58],[175.64,51.48],[175.42,51.59],[175.27,51.62],[175.1,51.79],[174.84,51.77],[174.76,51.8],[174.56,51.95],[174.56,52.05],[174.61,52.16],[174.58,52.18],[174.31,52.08],[174.07,52.1],[173.83,52.01],[173.66,52.1],[173.5,52.08],[173.28,52.18],[173.02,52.15],[172.9,52.21],[172.68,52.44],[172.32,52.46],[172.29,52.54],[172.38,52.65],[172.18,52.63],[172.09,52.72],[171.94,52.76],[171.48,52.68],[171.41,52.69],[171.39,52.79],[171.59,52.88],[171.54,52.91],[171.31,52.94],[171.06,52.81],[170.97,52.8],[170.4,52.87],[170.35,52.92],[170.35,53.02],[170.52,53.11]],[[171.55,60.07],[171.48,60.05],[171.4,60.12],[171.41,60.21],[171.48,60.27],[171.56,60.28],[171.6,60.24],[171.6,60.13],[171.55,60.07]],[[171.35,59.8],[171.41,59.72],[171.39,59.68],[171.29,59.66],[171.21,59.7],[171.26,59.78],[171.35,59.8]],[[169.44,59.09],[169.51,59.02],[169.46,58.93],[169.35,58.9],[169.24,58.93],[169.23,58.98],[169.25,59.05],[169.44,59.09]],[[160.17,52.17],[160.08,52.25],[160.09,52.34],[160.39,52.41],[160.44,52.39],[160.46,52.33],[160.39,52.22],[160.17,52.17]],[[167.59,51.44],[167.51,51.5],[167.52,51.58],[167.64,51.59],[167.7,51.57],[167.74,51.5],[167.72,51.45],[167.69,51.43],[167.59,51.44]],[[168.2,48.76],[168.13,48.8],[168.13,48.86],[168.21,48.9],[168.31,48.87],[168.33,48.82],[168.31,48.77],[168.2,48.76]],[[172.72,48.6],[172.64,48.63],[172.63,48.68],[172.78,48.71],[172.92,48.67],[172.89,48.61],[172.72,48.6]],[[168.51,48.09],[168.41,48.14],[168.43,48.24],[168.51,48.24],[168.61,48.16],[168.6,48.1],[168.51,48.09]],[[168.91,47.42],[168.88,47.56],[168.93,47.72],[169.03,47.77],[169.14,47.75],[169.2,47.65],[169.16,47.53],[169.05,47.45],[168.91,47.42]],[[169.35,47.44],[169.38,47.51],[169.51,47.53],[169.57,47.51],[169.6,47.44],[169.58,47.4],[169.48,47.37],[169.38,47.41],[169.35,47.44]],[[169.6,47.14],[169.7,47.19],[169.77,47.18],[169.82,47.11],[169.81,47.07],[169.74,47.03],[169.64,47.03],[169.58,47.09],[169.6,47.14]],[[153.23,48.7],[153.26,48.67],[153.27,48.59],[153.2,48.55],[153.13,48.56],[153.1,48.66],[153.23,48.7]],[[147.54,45.64],[147.59,45.58],[147.58,45.49],[147.51,45.43],[147.46,45.43],[147.41,45.49],[147.42,45.6],[147.54,45.64]],[[169.42,46.42],[169.5,46.43],[169.61,46.37],[169.75,46.19],[169.82,46.07],[169.82,45.98],[169.72,45.92],[169.3,45.9],[169.25,45.86],[169.2,45.77],[169.08,45.75],[169.04,45.84],[169.16,46.03],[169.2,46.18],[169.33,46.25],[169.38,46.39],[169.42,46.42]],[[169.89,45.78],[170.03,45.87],[170.11,45.83],[170.18,45.58],[170.16,45.43],[170.25,45.28],[170.26,45.17],[170.22,45.1],[170.16,45.12],[170.06,45.31],[169.91,45.46],[169.85,45.68],[169.89,45.78]],[[170.42,44.06],[170.28,44.16],[170.25,44.29],[170.16,44.33],[170.09,44.45],[169.96,44.52],[169.9,44.64],[169.75,44.74],[169.76,44.81],[169.93,44.95],[170.08,44.99],[170.42,44.82],[170.52,44.71],[170.5,44.58],[170.54,44.36],[170.51,44.24],[170.52,44.07],[170.42,44.06]],[[169.9,43.3],[169.86,43.4],[169.94,43.54],[170.2,43.71],[170.32,43.74],[170.37,43.72],[170.4,43.66],[170.37,43.56],[170.24,43.49],[170.01,43.29],[169.9,43.3]],[[170.63,43.28],[170.68,43.24],[170.66,43.15],[170.41,42.78],[170.3,42.77],[170.24,42.9],[170.29,43.1],[170.4,43.21],[170.63,43.28]],[[170.13,42.65],[170.19,42.72],[170.25,42.72],[170.57,42.53],[170.79,42.56],[170.82,42.47],[170.58,42.16],[170.46,42.07],[170.36,42.08],[170.25,42.19],[170.15,42.4],[170.13,42.65]],[[170.54,41.88],[170.61,41.95],[170.7,41.94],[170.79,41.84],[170.78,41.76],[170.71,41.73],[170.61,41.76],[170.54,41.84],[170.54,41.88]],[[170.28,41.84],[170.33,41.81],[170.32,41.72],[170.22,41.69],[170.15,41.71],[170.18,41.81],[170.28,41.84]],[[170.21,40.1],[170.39,40.59],[170.38,40.81],[170.42,40.94],[170.29,41.41],[170.3,41.5],[170.62,41.59],[170.76,41.53],[170.83,41.45],[171.04,41.42],[171.05,41.32],[170.88,41.18],[170.76,40.82],[170.31,40.11],[170.24,40.09],[170.21,40.1]],[[171.07,38.5],[171.02,38.6],[171.03,38.82],[171.14,38.9],[171.29,38.9],[171.31,38.86],[171.3,38.59],[171.07,38.5]],[[170.8,38.36],[170.86,38.42],[171.0,38.42],[171.06,38.08],[171.2,37.86],[171.37,37.71],[171.34,37.61],[171.24,37.58],[171.16,37.61],[171.0,37.8],[170.72,37.94],[170.64,37.92],[170.61,37.79],[170.57,37.76],[170.43,37.77],[170.31,37.73],[170.23,37.77],[170.22,37.82],[170.28,37.9],[170.18,38.23],[170.18,38.28],[170.22,38.31],[170.42,38.19],[170.64,38.16],[170.72,38.22],[170.8,38.36]],[[171.35,36.95],[171.47,36.94],[171.65,36.76],[171.74,36.6],[171.7,36.5],[171.64,36.49],[171.46,36.67],[171.25,36.76],[171.25,36.88],[171.35,36.95]],[[144.92,36.94],[144.97,36.89],[144.9,36.84],[144.8,36.83],[144.74,36.87],[144.81,36.93],[144.92,36.94]],[[171.68,36.32],[171.65,36.35],[171.67,36.41],[171.79,36.46],[171.79,36.34],[171.68,36.32]],[[171.42,35.86],[171.58,35.95],[171.63,35.94],[171.83,35.71],[172.06,35.59],[172.08,35.4],[172.25,35.42],[172.3,35.34],[172.3,35.13],[172.2,34.87],[171.89,34.42],[171.86,34.21],[171.79,34.13],[171.74,34.13],[171.69,34.17],[171.66,34.39],[171.54,34.75],[171.25,35.02],[171.19,35.23],[170.97,35.43],[170.91,35.6],[170.9,35.76],[170.93,35.81],[171.05,35.85],[171.42,35.86]],[[174.52,34.14],[174.53,34.27],[174.6,34.29],[174.67,34.16],[174.67,34.03],[174.6,34.02],[174.52,34.14]],[[179.25,34.05],[179.31,34.12],[179.56,34.08],[179.69,34.01],[179.68,33.87],[179.64,33.82],[179.48,33.86],[179.33,33.95],[179.25,34.05]],[[178.93,33.82],[178.98,33.77],[178.98,33.69],[178.91,33.65],[178.82,33.67],[178.79,33.75],[178.82,33.79],[178.93,33.82]],[[179.62,33.65],[179.64,33.7],[179.74,33.74],[179.8,33.71],[179.82,33.64],[179.77,33.54],[179.68,33.5],[179.61,33.57],[179.62,33.65]],[[178.24,33.64],[178.22,33.6],[178.15,33.57],[178.05,33.59],[177.99,33.65],[178.03,33.72],[178.09,33.73],[178.21,33.7],[178.24,33.64]],[[171.77,33.62],[171.7,33.59],[171.6,33.61],[171.54,33.67],[171.54,33.75],[171.64,33.82],[171.75,33.81],[171.8,33.74],[171.77,33.62]],[[171.48,33.81],[171.51,33.74],[171.45,33.7],[171.32,33.71],[171.26,33.76],[171.29,33.84],[171.34,33.87],[171.48,33.81]],[[171.88,33.83],[171.94,33.86],[172.02,33.85],[172.06,33.74],[172.02,33.67],[171.95,33.65],[171.87,33.69],[171.83,33.76],[171.88,33.83]],[[144.32,34.12],[144.21,34.21],[144.26,34.29],[144.35,34.29],[144.4,34.24],[144.37,34.14],[144.32,34.12]],[[143.98,34.27],[143.91,34.24],[143.83,34.27],[143.79,34.32],[143.79,34.36],[143.86,34.4],[143.93,34.4],[143.99,34.34],[143.98,34.27]],[[171.36,34.3],[171.44,34.4],[171.52,34.36],[171.52,34.29],[171.47,34.23],[171.39,34.24],[171.36,34.3]],[[179.42,33.43],[179.5,33.46],[179.62,33.45],[179.66,33.39],[179.66,33.29],[179.57,33.23],[179.45,33.25],[179.37,33.33],[179.42,33.43]],[[175.82,33.37],[176.0,33.21],[176.03,33.14],[176.01,33.09],[175.84,33.08],[175.82,33.19],[175.75,33.32],[175.82,33.37]],[[171.76,33.33],[171.81,33.21],[171.79,33.14],[171.69,33.13],[171.55,33.24],[171.55,33.35],[171.62,33.42],[171.69,33.41],[171.76,33.33]],[[172.17,32.87],[172.45,32.78],[172.44,32.58],[172.39,32.47],[172.31,32.49],[172.15,32.65],[172.11,32.78],[172.17,32.87]],[[172.91,32.48],[172.99,32.46],[173.03,32.34],[173.14,32.3],[173.16,32.18],[173.32,32.17],[173.35,32.14],[173.31,31.95],[173.2,31.78],[173.12,31.8],[172.83,32.14],[172.63,32.21],[172.67,32.33],[172.91,32.48]],[[148.36,31.95],[148.29,31.9],[148.23,31.9],[148.19,31.97],[148.23,32.05],[148.33,32.08],[148.38,32.03],[148.36,31.95]],[[149.24,31.99],[149.22,32.02],[149.26,32.08],[149.36,32.07],[149.33,31.99],[149.24,31.99]],[[172.28,32.0],[172.21,32.07],[172.25,32.17],[172.35,32.22],[172.45,32.19],[172.46,32.11],[172.42,32.06],[172.28,32.0]],[[148.41,32.86],[148.47,32.81],[148.45,32.76],[148.37,32.74],[148.26,32.77],[148.29,32.83],[148.41,32.86]],[[148.95,31.55],[148.9,31.6],[148.89,31.67],[148.97,31.73],[149.05,31.71],[149.1,31.65],[149.08,31.59],[148.95,31.55]],[[151.13,31.54],[151.12,31.61],[151.18,31.64],[151.24,31.63],[151.28,31.56],[151.27,31.51],[151.23,31.49],[151.13,31.54]],[[175.88,31.0],[175.83,31.04],[175.84,31.11],[175.92,31.13],[176.0,31.09],[175.98,31.01],[175.88,31.0]],[[177.58,30.32],[177.54,30.42],[177.61,30.47],[177.67,30.42],[177.68,30.36],[177.64,30.31],[177.58,30.32]],[[178.68,30.33],[178.73,30.37],[178.78,30.36],[178.83,30.29],[178.82,30.23],[178.76,30.2],[178.7,30.22],[178.67,30.27],[178.68,30.33]],[[173.82,30.27],[173.89,30.17],[173.82,30.11],[173.73,30.16],[173.71,30.22],[173.76,30.27],[173.82,30.27]],[[140.61,30.19],[140.67,30.07],[140.61,30.01],[140.53,30.05],[140.51,30.1],[140.54,30.17],[140.61,30.19]],[[139.63,30.02],[139.61,29.98],[139.53,29.98],[139.46,30.08],[139.51,30.14],[139.57,30.14],[139.62,30.1],[139.63,30.02]],[[140.31,29.68],[140.05,29.73],[140.03,29.81],[140.34,29.93],[140.49,29.91],[140.52,29.78],[140.44,29.7],[140.52,29.55],[140.48,29.47],[140.39,29.4],[140.29,29.42],[140.24,29.49],[140.24,29.56],[140.31,29.68]],[[179.09,29.74],[179.04,29.78],[179.03,29.85],[179.09,29.9],[179.17,29.88],[179.21,29.82],[179.2,29.78],[179.09,29.74]],[[179.3,29.75],[179.41,29.74],[179.43,29.69],[179.41,29.64],[179.35,29.62],[179.29,29.64],[179.26,29.69],[179.3,29.75]],[[153.59,29.61],[153.64,29.51],[153.6,29.42],[153.45,29.42],[153.38,29.48],[153.38,29.54],[153.47,29.62],[153.59,29.61]],[[174.68,29.42],[174.76,29.47],[174.84,29.45],[174.88,29.41],[174.87,29.35],[174.84,29.32],[174.75,29.33],[174.68,29.39],[174.68,29.42]],[[140.15,29.4],[140.11,29.33],[139.85,29.26],[139.78,29.48],[139.82,29.53],[140.14,29.53],[140.17,29.5],[140.15,29.4]],[[175.58,29.26],[175.66,29.27],[175.7,29.2],[175.65,29.16],[175.57,29.17],[175.56,29.21],[175.58,29.26]],[[133.9,29.18],[133.82,29.14],[133.75,29.17],[133.71,29.24],[133.73,29.3],[133.76,29.33],[133.84,29.31],[133.9,29.18]],[[138.69,29.2],[138.55,29.26],[138.53,29.3],[138.59,29.38],[138.69,29.39],[138.82,29.29],[138.82,29.21],[138.69,29.2]],[[138.96,29.3],[138.87,29.39],[138.92,29.47],[138.97,29.45],[139.02,29.36],[139.01,29.3],[138.96,29.3]],[[133.45,29.9],[133.44,29.83],[133.38,29.81],[133.31,29.83],[133.26,29.89],[133.32,29.99],[133.38,29.98],[133.45,29.9]],[[136.81,30.27],[136.83,30.18],[136.79,30.11],[136.72,30.1],[136.64,30.18],[136.63,30.28],[136.67,30.32],[136.75,30.32],[136.81,30.27]],[[138.55,31.27],[138.56,31.2],[138.52,31.17],[138.4,31.28],[138.41,31.37],[138.46,31.4],[138.5,31.39],[138.55,31.27]],[[138.3,33.63],[138.34,33.56],[138.28,33.51],[138.19,33.5],[138.14,33.53],[138.15,33.59],[138.3,33.63]],[[138.77,29.11],[138.88,29.12],[138.96,29.09],[138.99,29.02],[138.98,28.97],[138.7,28.87],[138.67,28.94],[138.77,29.06],[138.77,29.11]],[[141.82,28.87],[141.92,28.93],[141.98,28.9],[142.02,28.83],[142.03,28.75],[141.96,28.34],[141.98,28.25],[142.08,28.24],[142.15,28.3],[142.19,28.38],[142.19,28.56],[142.26,28.61],[142.35,28.55],[142.43,28.43],[142.58,28.09],[142.61,27.96],[142.58,27.84],[142.68,27.67],[142.58,27.41],[142.7,27.03],[142.66,26.96],[142.56,26.96],[142.54,26.9],[142.69,26.53],[142.68,26.45],[142.61,26.38],[142.69,26.21],[142.59,26.12],[142.36,26.11],[142.18,26.16],[142.01,26.4],[142.01,26.52],[141.94,26.74],[141.91,27.14],[142.0,27.34],[142.01,27.58],[141.99,27.63],[141.88,27.68],[141.84,27.73],[141.82,28.61],[141.86,28.73],[141.82,28.87]],[[153.33,28.06],[153.42,28.09],[153.58,28.02],[153.67,27.94],[153.67,27.84],[153.63,27.81],[153.58,27.82],[153.48,27.94],[153.33,27.98],[153.33,28.06]],[[168.66,27.83],[168.71,27.92],[168.82,27.93],[168.9,27.85],[168.91,27.76],[168.84,27.68],[168.74,27.68],[168.67,27.73],[168.66,27.83]],[[145.97,27.79],[145.9,27.7],[145.67,27.71],[145.62,27.76],[145.62,27.87],[145.67,27.97],[145.83,28.04],[145.86,28.02],[145.84,27.94],[145.96,27.86],[145.97,27.79]],[[166.11,27.43],[166.07,27.53],[166.15,27.6],[166.28,27.57],[166.34,27.51],[166.34,27.46],[166.28,27.42],[166.11,27.43]],[[152.04,27.38],[151.83,27.19],[151.72,27.17],[151.67,27.21],[151.68,27.28],[151.79,27.36],[151.98,27.41],[152.05,27.42],[152.04,27.38]],[[145.33,27.41],[145.37,27.36],[145.34,27.21],[145.27,27.08],[145.23,27.07],[145.15,27.19],[145.15,27.34],[145.22,27.42],[145.33,27.41]],[[148.57,27.09],[148.65,27.14],[148.72,27.13],[148.78,27.1],[148.79,27.04],[148.74,26.97],[148.65,26.97],[148.58,27.02],[148.57,27.09]],[[142.85,26.46],[142.97,26.57],[143.05,26.56],[143.23,26.3],[143.23,26.17],[143.2,26.11],[143.06,26.11],[142.86,26.38],[142.85,26.46]],[[144.99,26.29],[145.26,26.37],[145.32,26.35],[145.45,26.18],[145.69,26.12],[145.81,25.86],[145.72,25.83],[145.49,25.9],[145.29,25.89],[145.23,26.1],[144.96,26.17],[144.94,26.23],[144.99,26.29]],[[146.9,25.91],[146.97,26.01],[147.04,26.04],[147.21,25.8],[147.21,25.74],[147.06,25.69],[146.82,25.75],[146.78,25.82],[146.9,25.91]],[[147.53,25.75],[147.55,25.81],[147.72,25.85],[147.89,25.96],[147.98,25.87],[148.17,25.83],[148.21,25.78],[148.14,25.71],[147.74,25.61],[147.64,25.64],[147.53,25.75]],[[142.82,25.67],[142.82,25.56],[142.73,25.46],[142.73,25.37],[142.68,25.34],[142.68,25.3],[142.61,25.27],[142.66,25.16],[142.65,25.09],[142.61,25.04],[142.56,25.04],[142.49,25.13],[142.54,25.22],[142.5,25.39],[142.61,25.56],[142.64,25.69],[142.75,25.72],[142.82,25.67]],[[143.62,25.27],[143.59,25.37],[143.5,25.48],[143.51,25.53],[143.59,25.58],[143.87,25.5],[143.98,25.32],[144.03,25.29],[143.97,25.21],[143.77,25.2],[143.66,25.23],[143.62,25.27]],[[148.52,25.04],[148.52,25.12],[148.6,25.17],[148.66,25.17],[148.71,25.13],[148.71,25.06],[148.64,24.98],[148.55,24.99],[148.52,25.04]],[[142.13,21.93],[142.21,21.9],[142.25,21.81],[142.23,21.64],[142.18,21.59],[142.02,21.67],[141.98,21.93],[141.91,21.98],[141.9,22.1],[141.85,22.09],[141.74,21.94],[141.63,21.95],[141.57,21.99],[141.55,22.13],[141.71,22.32],[141.67,22.92],[141.64,22.99],[141.6,23.04],[141.44,22.97],[141.26,23.14],[141.24,23.21],[141.06,23.24],[141.02,23.31],[141.07,23.35],[141.08,23.51],[141.29,23.63],[141.19,23.64],[141.17,23.76],[141.03,23.74],[141.0,23.76],[141.0,23.82],[141.1,23.95],[141.13,24.25],[141.07,24.38],[140.81,24.59],[140.78,24.7],[140.81,24.8],[140.89,24.9],[140.9,25.14],[140.95,25.27],[140.88,25.63],[141.14,25.76],[141.33,25.64],[141.45,25.51],[141.45,25.43],[141.39,25.31],[141.39,25.1],[141.43,25.03],[141.58,24.89],[141.61,24.83],[141.6,24.58],[141.7,24.43],[141.67,24.26],[141.76,24.13],[141.76,24.06],[141.71,24.01],[141.56,24.02],[141.53,24.0],[141.54,23.94],[141.59,23.9],[141.74,23.93],[142.0,23.76],[142.14,23.51],[142.1,23.37],[141.98,23.33],[141.91,23.35],[141.9,23.33],[141.91,23.11],[141.82,22.92],[141.94,22.61],[142.01,22.56],[142.06,22.42],[142.2,22.3],[142.19,22.19],[142.06,22.03],[142.13,21.93]],[[152.65,24.84],[152.6,24.92],[152.66,24.96],[152.72,24.89],[152.69,24.85],[152.65,24.84]],[[154.49,24.36],[154.43,24.39],[154.44,24.45],[154.53,24.48],[154.6,24.47],[154.59,24.4],[154.49,24.36]],[[153.95,24.21],[153.86,24.28],[153.88,24.35],[154.0,24.39],[154.12,24.34],[154.14,24.27],[154.1,24.22],[153.95,24.21]],[[164.22,24.2],[164.32,24.2],[164.33,24.14],[164.28,24.1],[164.21,24.11],[164.19,24.16],[164.22,24.2]],[[150.16,24.02],[150.09,24.0],[149.98,24.06],[149.92,24.14],[149.94,24.25],[150.16,24.32],[150.31,24.29],[150.34,24.22],[150.21,24.14],[150.16,24.02]],[[150.59,23.81],[150.54,23.88],[150.58,23.96],[150.7,24.02],[150.77,24.01],[150.81,23.96],[150.77,23.85],[150.59,23.81]],[[159.2,23.85],[159.24,24.0],[159.29,24.02],[159.35,24.0],[159.4,23.87],[159.54,23.78],[159.55,23.69],[159.52,23.61],[159.43,23.56],[159.33,23.59],[159.26,23.67],[159.2,23.85]],[[160.82,23.77],[160.72,23.86],[160.73,23.94],[160.79,23.98],[160.86,23.96],[160.92,23.86],[160.9,23.79],[160.82,23.77]],[[162.14,23.78],[162.16,23.83],[162.24,23.88],[162.3,23.87],[162.34,23.82],[162.29,23.49],[162.27,23.46],[162.2,23.45],[162.15,23.52],[162.14,23.78]],[[152.88,23.22],[152.84,23.31],[152.85,23.42],[152.95,23.54],[153.01,23.57],[153.11,23.55],[153.36,23.29],[153.62,23.33],[153.62,23.23],[153.55,23.16],[153.63,22.93],[153.61,22.85],[153.55,22.79],[153.42,22.74],[153.3,22.75],[153.22,22.83],[153.27,23.01],[153.24,23.12],[153.07,23.22],[152.88,23.22]],[[158.01,23.39],[158.09,23.44],[158.14,23.41],[158.16,23.34],[158.08,23.13],[157.99,23.08],[157.95,23.1],[157.94,23.17],[158.01,23.39]],[[162.25,23.15],[162.21,23.22],[162.24,23.3],[162.31,23.35],[162.39,23.32],[162.43,23.26],[162.4,23.19],[162.33,23.15],[162.25,23.15]],[[175.64,23.09],[175.73,23.12],[175.77,23.1],[175.8,22.91],[175.73,22.81],[175.59,22.77],[175.5,22.82],[175.49,22.94],[175.55,23.04],[175.64,23.09]],[[160.93,22.8],[161.0,22.76],[161.03,22.65],[161.01,22.55],[160.95,22.52],[160.86,22.55],[160.8,22.69],[160.83,22.78],[160.93,22.8]],[[176.43,22.55],[176.4,22.62],[176.46,22.68],[176.59,22.73],[176.65,22.7],[176.65,22.65],[176.57,22.59],[176.43,22.55]],[[143.4,22.09],[143.33,22.13],[143.3,22.22],[143.13,22.37],[142.95,22.37],[142.92,22.39],[142.81,22.6],[142.63,22.75],[142.54,23.02],[142.48,23.03],[142.32,22.97],[142.27,22.99],[142.24,23.13],[142.32,23.26],[142.46,23.23],[142.53,23.08],[142.63,23.06],[142.66,23.02],[142.76,22.98],[142.87,22.87],[142.89,22.74],[142.94,22.69],[143.25,22.58],[143.33,22.52],[143.47,22.18],[143.47,22.12],[143.4,22.09]],[[161.42,22.27],[161.38,22.32],[161.38,22.44],[161.49,22.51],[161.54,22.5],[161.61,22.39],[161.62,22.17],[161.53,22.12],[161.42,22.27]],[[175.24,22.15],[175.33,22.23],[175.39,22.24],[175.49,22.13],[175.68,22.1],[175.73,22.02],[175.72,21.92],[175.64,21.84],[175.51,21.81],[175.23,21.89],[175.19,22.01],[175.24,22.15]],[[178.04,22.12],[178.2,22.17],[178.28,22.12],[178.2,22.02],[178.07,21.97],[178.0,22.02],[178.0,22.08],[178.04,22.12]],[[176.83,21.88],[176.95,21.93],[177.0,21.93],[177.06,21.85],[177.05,21.75],[176.95,21.7],[176.87,21.71],[176.8,21.8],[176.83,21.88]],[[176.49,21.84],[176.55,21.79],[176.58,21.7],[176.51,21.6],[176.31,21.57],[176.21,21.62],[176.19,21.7],[176.24,21.77],[176.42,21.84],[176.49,21.84]],[[162.07,21.56],[162.02,21.52],[161.9,21.6],[161.85,21.68],[161.88,21.77],[161.92,21.79],[162.0,21.76],[162.06,21.66],[162.07,21.56]],[[159.7,21.53],[160.14,21.38],[160.18,21.29],[160.14,21.24],[160.0,21.19],[159.83,21.22],[159.71,21.27],[159.51,21.44],[159.3,21.48],[159.26,21.53],[159.26,21.6],[159.31,21.67],[159.45,21.68],[159.58,21.64],[159.7,21.53]],[[174.19,21.36],[174.35,21.42],[174.47,21.37],[174.53,21.24],[174.49,21.11],[174.37,21.06],[174.27,21.1],[174.18,21.25],[174.19,21.36]],[[176.06,21.09],[176.13,21.18],[176.47,21.37],[176.69,21.34],[176.85,21.21],[176.81,21.15],[176.39,20.94],[176.08,21.03],[176.06,21.09]],[[178.28,21.22],[178.43,21.28],[178.53,21.26],[178.54,21.16],[178.5,21.01],[178.37,21.0],[178.27,21.07],[178.25,21.17],[178.28,21.22]],[[178.58,21.02],[178.67,21.06],[178.74,21.03],[178.79,20.96],[178.78,20.88],[178.71,20.85],[178.57,20.9],[178.55,20.98],[178.58,21.02]],[[177.61,20.98],[177.58,20.89],[177.44,20.76],[177.29,20.74],[177.13,21.02],[177.12,21.15],[177.21,21.19],[177.34,21.18],[177.52,21.1],[177.59,21.05],[177.61,20.98]],[[148.27,20.73],[148.31,20.68],[148.37,20.45],[148.34,20.4],[147.84,20.52],[147.82,20.62],[147.87,20.69],[148.05,20.73],[148.27,20.73]],[[160.93,20.66],[161.06,20.69],[161.1,20.63],[160.99,20.45],[160.97,20.23],[160.83,20.14],[160.7,20.16],[160.59,20.28],[160.58,20.4],[160.61,20.47],[160.93,20.66]],[[163.69,20.46],[163.68,20.52],[163.76,20.61],[163.92,20.61],[163.99,20.54],[163.99,20.46],[163.91,20.38],[163.77,20.38],[163.69,20.46]],[[174.15,20.38],[174.27,20.44],[174.3,20.41],[174.31,20.32],[174.28,20.29],[174.2,20.29],[174.15,20.35],[174.15,20.38]],[[179.03,20.36],[179.06,20.37],[179.12,20.3],[179.18,20.12],[179.2,20.02],[179.16,19.98],[179.11,20.01],[179.01,20.19],[178.99,20.29],[179.03,20.36]],[[177.26,20.04],[177.32,19.98],[177.31,19.93],[177.27,19.88],[177.21,19.89],[177.17,19.98],[177.2,20.02],[177.26,20.04]],[[173.31,19.89],[173.2,19.78],[173.12,19.79],[173.1,19.83],[173.13,19.94],[173.2,19.97],[173.28,19.97],[173.31,19.89]],[[175.97,19.78],[176.2,19.83],[176.26,19.8],[176.28,19.63],[176.26,19.56],[176.17,19.52],[176.04,19.63],[175.96,19.65],[175.94,19.72],[175.97,19.78]],[[179.44,19.55],[179.49,19.59],[179.56,19.58],[179.62,19.51],[179.61,19.44],[179.54,19.41],[179.47,19.44],[179.43,19.49],[179.44,19.55]],[[176.72,19.47],[176.8,19.35],[176.78,19.27],[176.73,19.24],[176.64,19.28],[176.61,19.39],[176.66,19.48],[176.72,19.47]],[[177.5,19.24],[177.46,19.34],[177.5,19.38],[177.56,19.39],[177.59,19.36],[177.6,19.29],[177.56,19.23],[177.5,19.24]],[[173.5,19.23],[173.51,19.17],[173.45,19.12],[173.28,19.09],[173.14,19.15],[173.11,19.24],[173.13,19.3],[173.2,19.32],[173.5,19.23]],[[171.17,19.27],[171.34,19.1],[171.31,18.93],[171.33,18.88],[171.44,18.86],[171.52,18.78],[171.73,18.52],[171.75,18.42],[171.72,18.31],[171.5,18.07],[171.23,18.14],[171.31,18.0],[171.31,17.9],[171.15,17.84],[171.08,17.87],[171.07,18.02],[171.0,18.12],[170.75,18.19],[170.69,18.35],[170.72,18.46],[170.79,18.52],[170.94,18.57],[171.1,18.55],[171.19,18.7],[171.31,18.76],[171.16,18.78],[171.11,18.84],[171.17,18.98],[171.07,19.21],[171.12,19.27],[171.17,19.27]],[[171.49,18.88],[171.38,18.97],[171.38,19.03],[171.43,19.08],[171.53,19.06],[171.61,18.98],[171.59,18.88],[171.49,18.88]],[[172.19,18.61],[172.12,18.64],[172.1,18.73],[172.13,18.82],[172.23,18.85],[172.31,18.81],[172.36,18.67],[172.33,18.61],[172.19,18.61]],[[177.09,18.4],[177.06,18.45],[177.08,18.51],[177.12,18.55],[177.3,18.54],[177.37,18.49],[177.38,18.43],[177.29,18.37],[177.09,18.4]],[[178.01,18.42],[177.93,18.49],[177.96,18.53],[178.05,18.55],[178.09,18.51],[178.1,18.46],[178.01,18.42]],[[174.15,18.39],[174.21,18.34],[174.21,18.25],[174.13,18.19],[174.02,18.21],[173.99,18.3],[174.02,18.36],[174.15,18.39]],[[173.74,18.2],[173.78,18.13],[173.73,18.04],[173.61,17.99],[173.49,18.03],[173.49,18.11],[173.57,18.19],[173.63,18.22],[173.74,18.2]],[[178.09,18.04],[178.13,18.12],[178.19,18.14],[178.32,18.13],[178.4,18.09],[178.57,18.13],[178.7,18.05],[178.75,17.95],[178.72,17.87],[178.65,17.81],[178.52,17.81],[178.46,17.9],[178.34,17.78],[178.2,17.74],[178.1,17.8],[178.09,18.04]],[[172.78,17.97],[172.83,17.9],[172.8,17.66],[172.71,17.64],[172.59,17.68],[172.52,17.78],[172.51,17.93],[172.78,17.97]],[[151.59,17.71],[151.74,17.64],[151.74,17.55],[151.71,17.5],[151.59,17.49],[151.5,17.55],[151.51,17.68],[151.59,17.71]],[[152.56,17.51],[152.63,17.59],[152.82,17.58],[152.86,17.52],[152.87,17.37],[152.77,17.3],[152.61,17.29],[152.53,17.38],[152.56,17.51]],[[153.17,17.31],[153.11,17.36],[153.1,17.44],[153.16,17.51],[153.24,17.53],[153.29,17.48],[153.29,17.38],[153.23,17.32],[153.17,17.31]],[[173.87,17.38],[173.9,17.49],[173.98,17.5],[174.05,17.47],[174.07,17.4],[174.0,17.21],[173.92,17.22],[173.87,17.38]],[[167.41,17.26],[167.47,17.17],[167.45,17.09],[167.37,17.03],[167.24,17.06],[167.2,17.15],[167.22,17.23],[167.32,17.27],[167.41,17.26]],[[162.89,17.14],[162.84,17.0],[162.77,16.91],[162.63,16.9],[162.55,16.97],[162.58,17.08],[162.71,17.23],[162.84,17.25],[162.88,17.22],[162.89,17.14]],[[154.45,17.22],[154.49,17.15],[154.47,16.78],[154.42,16.74],[154.3,16.84],[154.13,16.86],[154.08,17.05],[154.15,17.14],[154.45,17.22]],[[152.25,17.22],[152.35,17.03],[152.32,16.85],[152.03,16.68],[151.9,16.71],[151.85,16.78],[151.82,17.11],[151.85,17.19],[151.94,17.23],[152.21,17.24],[152.25,17.22]],[[165.3,16.69],[165.39,16.72],[165.45,16.7],[165.47,16.6],[165.42,16.5],[165.33,16.49],[165.24,16.54],[165.24,16.63],[165.3,16.69]],[[167.07,16.54],[167.07,16.59],[167.13,16.64],[167.25,16.63],[167.32,16.55],[167.35,16.39],[167.3,16.36],[167.23,16.37],[167.13,16.45],[167.07,16.54]],[[146.26,16.03],[146.18,15.84],[146.16,15.53],[146.09,15.43],[146.09,15.24],[145.97,15.12],[145.92,14.95],[145.82,14.86],[145.75,14.63],[145.53,14.31],[145.49,14.21],[145.49,14.09],[145.36,13.9],[145.39,13.75],[145.32,13.63],[145.32,13.46],[144.79,13.01],[144.62,13.01],[144.6,12.81],[144.56,12.71],[144.42,12.51],[144.32,12.52],[144.28,12.57],[144.25,12.72],[144.38,13.34],[144.54,13.48],[144.62,13.65],[144.58,13.8],[144.67,13.95],[144.66,14.08],[144.82,14.18],[144.73,14.33],[144.74,14.4],[144.86,14.5],[145.05,14.49],[145.01,14.65],[145.1,14.66],[145.13,14.81],[145.1,15.02],[145.22,15.17],[145.37,15.19],[145.37,15.41],[145.51,15.43],[145.58,15.5],[145.52,15.57],[145.51,15.64],[145.63,15.82],[145.52,15.95],[145.54,16.03],[145.8,16.13],[145.78,16.24],[145.59,16.25],[145.54,16.32],[145.57,16.44],[145.7,16.61],[145.66,16.68],[145.54,16.76],[145.56,16.82],[145.63,16.85],[145.65,17.05],[145.68,17.09],[145.97,17.04],[146.02,16.99],[146.07,17.08],[146.14,17.11],[146.23,17.07],[146.33,16.78],[146.28,16.66],[146.26,16.03]],[[162.91,16.01],[162.92,16.13],[163.06,16.26],[163.22,16.33],[163.31,16.3],[163.31,16.2],[163.17,16.01],[163.2,15.7],[163.11,15.37],[163.14,15.15],[163.08,15.1],[162.89,15.12],[162.82,15.19],[162.84,15.25],[163.03,15.48],[163.09,15.62],[163.05,15.82],[162.91,16.01]],[[151.96,16.25],[152.03,16.19],[152.04,16.1],[151.99,16.03],[151.9,16.03],[151.83,16.07],[151.8,16.15],[151.85,16.22],[151.96,16.25]],[[172.59,15.98],[172.53,16.01],[172.51,16.08],[172.52,16.15],[172.56,16.18],[172.63,16.15],[172.68,16.06],[172.65,15.99],[172.59,15.98]],[[160.52,15.11],[160.6,15.05],[160.72,14.82],[160.72,14.76],[160.63,14.69],[160.48,14.7],[160.42,14.73],[160.27,14.92],[160.28,14.99],[160.37,15.09],[160.52,15.11]],[[168.79,14.76],[168.84,14.84],[168.93,14.86],[169.1,14.84],[169.17,14.76],[169.15,14.62],[169.09,14.51],[168.87,14.38],[168.8,14.39],[168.73,14.45],[168.79,14.63],[168.79,14.76]],[[167.41,14.38],[167.49,14.34],[167.73,13.92],[167.7,13.79],[167.57,13.68],[167.48,13.69],[167.4,13.73],[167.33,13.8],[167.24,14.01],[167.29,14.3],[167.34,14.36],[167.41,14.38]],[[175.59,14.1],[175.56,14.16],[175.63,14.26],[175.87,14.3],[175.92,14.27],[175.9,14.21],[175.77,14.12],[175.59,14.1]],[[175.31,13.69],[175.31,13.78],[175.37,13.82],[175.46,13.86],[175.53,13.83],[175.57,13.72],[175.54,13.58],[175.4,13.61],[175.31,13.69]],[[164.51,13.67],[164.64,13.58],[164.63,13.53],[164.36,13.47],[164.3,13.51],[164.27,13.59],[164.29,13.65],[164.37,13.68],[164.51,13.67]],[[175.53,13.47],[175.6,13.52],[175.72,13.44],[175.72,13.32],[175.63,13.21],[175.58,13.21],[175.53,13.25],[175.51,13.38],[175.53,13.47]],[[179.02,13.23],[178.98,13.3],[179.01,13.41],[179.11,13.47],[179.19,13.46],[179.22,13.4],[179.2,13.33],[179.09,13.24],[179.02,13.23]],[[169.52,13.22],[169.58,13.17],[169.57,13.07],[169.53,13.02],[169.45,13.0],[169.38,13.07],[169.38,13.15],[169.44,13.21],[169.52,13.22]],[[162.86,13.04],[162.79,12.98],[162.72,13.04],[162.71,13.18],[162.74,13.26],[162.79,13.29],[162.85,13.29],[162.9,13.22],[162.86,13.04]],[[156.9,13.08],[157.09,12.94],[157.09,12.85],[157.04,12.78],[156.89,12.69],[156.72,12.79],[156.57,12.64],[156.51,12.63],[156.49,12.72],[156.53,12.87],[156.9,13.08]],[[164.62,12.97],[164.68,12.96],[164.73,12.9],[164.71,12.82],[164.58,12.87],[164.62,12.97]],[[157.9,12.94],[157.98,12.9],[158.0,12.82],[157.94,12.75],[157.83,12.73],[157.77,12.78],[157.76,12.86],[157.83,12.93],[157.9,12.94]],[[147.83,13.01],[147.86,12.95],[147.83,12.91],[147.73,12.86],[147.64,12.88],[147.68,12.97],[147.83,13.01]],[[164.52,13.07],[164.48,13.1],[164.48,13.17],[164.57,13.21],[164.61,13.13],[164.58,13.08],[164.52,13.07]],[[161.26,13.46],[161.22,13.41],[161.13,13.42],[161.1,13.48],[161.13,13.58],[161.19,13.61],[161.24,13.58],[161.26,13.46]],[[163.91,13.73],[163.82,13.71],[163.74,13.77],[163.7,13.88],[163.73,13.96],[163.94,14.08],[164.1,14.11],[164.15,14.09],[164.18,14.04],[164.17,13.95],[164.11,13.9],[164.04,13.9],[163.91,13.73]],[[157.74,13.92],[157.69,13.81],[157.61,13.76],[157.5,13.8],[157.45,13.9],[157.49,14.05],[157.65,14.1],[157.72,14.07],[157.74,13.92]],[[156.43,14.1],[156.32,13.99],[156.09,14.0],[156.04,14.04],[155.99,14.17],[155.81,14.34],[155.81,14.42],[155.86,14.47],[155.91,14.47],[156.15,14.25],[156.39,14.2],[156.43,14.1]],[[147.94,14.26],[147.99,14.21],[147.96,14.14],[147.88,14.13],[147.82,14.17],[147.83,14.22],[147.86,14.26],[147.94,14.26]],[[160.91,14.45],[160.94,14.51],[161.01,14.52],[161.17,14.48],[161.21,14.4],[161.15,14.31],[161.02,14.28],[160.94,14.34],[160.91,14.45]],[[165.78,14.29],[165.74,14.42],[165.78,14.55],[165.87,14.59],[165.98,14.59],[166.05,14.47],[166.06,14.33],[165.91,14.26],[165.78,14.29]],[[156.93,14.27],[156.8,14.17],[156.57,14.15],[156.51,14.19],[156.55,14.3],[156.71,14.42],[156.91,14.43],[156.95,14.37],[156.93,14.27]],[[163.2,14.15],[163.28,14.13],[163.24,14.0],[163.11,13.94],[163.02,13.97],[163.03,14.05],[163.2,14.15]],[[159.41,15.11],[159.41,15.03],[159.35,15.0],[159.24,15.04],[159.21,15.11],[159.24,15.16],[159.31,15.17],[159.41,15.11]],[[155.07,15.42],[155.11,15.37],[155.09,15.29],[155.03,15.25],[154.96,15.26],[154.94,15.33],[154.96,15.39],[155.07,15.42]],[[152.04,15.41],[151.91,15.33],[151.86,15.38],[151.94,15.53],[151.97,15.77],[152.06,15.83],[152.16,15.83],[152.25,15.75],[152.25,15.51],[152.19,15.45],[152.04,15.41]],[[148.38,15.52],[148.54,15.45],[148.55,15.39],[148.47,15.35],[148.34,15.37],[148.31,15.41],[148.32,15.49],[148.38,15.52]],[[148.96,15.82],[148.81,15.77],[148.71,15.78],[148.69,15.86],[148.72,15.93],[148.91,15.94],[148.97,15.89],[148.96,15.82]],[[155.22,15.91],[155.42,15.96],[155.51,15.91],[155.39,15.59],[155.31,15.54],[155.1,15.5],[155.0,15.53],[154.93,15.62],[154.95,15.76],[155.03,15.83],[155.22,15.91]],[[160.03,15.58],[159.96,15.65],[159.99,15.75],[160.08,15.79],[160.18,15.75],[160.19,15.71],[160.16,15.63],[160.09,15.58],[160.03,15.58]],[[161.72,15.59],[161.78,15.66],[161.89,15.66],[161.94,15.59],[161.92,15.5],[161.87,15.46],[161.78,15.46],[161.73,15.51],[161.72,15.59]],[[147.81,12.51],[147.89,12.6],[147.97,12.6],[148.01,12.48],[147.98,12.44],[148.0,12.33],[147.92,12.29],[147.82,12.34],[147.81,12.51]],[[158.54,12.35],[158.55,12.42],[158.64,12.48],[158.74,12.45],[158.78,12.36],[158.75,12.27],[158.66,12.25],[158.58,12.27],[158.54,12.35]],[[159.38,12.31],[159.33,12.35],[159.32,12.42],[159.42,12.47],[159.47,12.43],[159.47,12.36],[159.38,12.31]],[[169.99,12.36],[170.04,12.42],[170.12,12.43],[170.23,12.4],[170.28,12.35],[170.29,11.99],[170.26,11.93],[170.18,11.9],[170.12,11.93],[169.98,12.23],[169.99,12.36]],[[167.12,11.98],[167.23,11.88],[167.3,11.63],[167.35,11.57],[167.64,11.55],[167.71,11.5],[167.66,11.16],[167.52,11.12],[167.38,11.14],[167.33,11.17],[167.29,11.28],[167.23,11.3],[167.12,11.25],[167.04,11.06],[166.79,10.92],[166.61,10.99],[166.3,11.01],[166.21,11.05],[166.16,11.16],[166.23,11.34],[166.44,11.35],[166.5,11.42],[166.51,11.52],[166.58,11.6],[166.99,11.69],[166.98,11.73],[166.8,11.85],[166.78,11.91],[166.81,11.98],[166.97,12.03],[167.12,11.98]],[[169.7,11.43],[169.79,11.47],[169.88,11.45],[169.97,11.37],[170.01,11.26],[169.99,11.15],[169.83,11.08],[169.81,10.92],[169.74,10.89],[169.6,10.94],[169.35,11.29],[169.39,11.37],[169.58,11.35],[169.7,11.43]],[[170.13,10.95],[170.04,11.01],[170.04,11.06],[170.12,11.13],[170.23,11.13],[170.28,11.06],[170.28,10.99],[170.24,10.95],[170.13,10.95]],[[161.59,10.88],[161.52,10.79],[161.42,10.83],[161.37,10.91],[161.4,11.05],[161.47,11.08],[161.57,11.04],[161.6,10.97],[161.59,10.88]],[[160.45,10.86],[160.62,10.76],[160.68,10.66],[160.66,10.49],[160.53,10.38],[160.46,10.41],[160.42,10.46],[160.36,10.73],[160.37,10.84],[160.45,10.86]],[[169.91,10.71],[169.99,10.72],[170.06,10.68],[170.14,10.47],[170.13,10.2],[170.06,10.11],[169.87,10.14],[169.73,10.25],[169.73,10.31],[169.83,10.47],[169.91,10.71]],[[170.74,10.61],[170.87,10.63],[170.92,10.6],[170.92,10.54],[170.87,10.5],[170.77,10.51],[170.72,10.55],[170.74,10.61]],[[170.48,10.6],[170.51,10.57],[170.51,10.48],[170.45,10.45],[170.37,10.48],[170.36,10.55],[170.48,10.6]],[[170.83,10.2],[170.77,10.28],[170.81,10.37],[170.91,10.41],[171.01,10.37],[171.03,10.3],[171.0,10.24],[170.9,10.19],[170.83,10.2]],[[169.62,10.21],[169.66,10.17],[169.65,10.07],[169.59,10.01],[169.54,10.0],[169.5,10.05],[169.49,10.14],[169.55,10.21],[169.62,10.21]],[[169.07,10.19],[169.24,10.11],[169.39,9.99],[169.63,9.67],[169.82,9.72],[170.18,9.73],[170.32,9.64],[170.39,9.55],[170.41,9.44],[170.37,9.34],[170.21,9.26],[170.26,9.08],[170.24,8.98],[170.08,8.9],[169.97,8.91],[169.84,9.07],[169.54,9.34],[169.44,9.5],[169.4,9.71],[169.12,9.71],[168.94,9.84],[168.88,10.03],[168.88,10.11],[168.99,10.19],[169.07,10.19]],[[177.39,9.04],[177.36,9.09],[177.38,9.15],[177.48,9.15],[177.5,9.05],[177.45,9.02],[177.39,9.04]],[[171.09,9.02],[171.28,8.93],[171.36,8.81],[171.27,8.09],[171.24,8.06],[171.13,8.07],[170.96,8.19],[170.98,8.52],[170.93,8.61],[170.81,8.72],[170.75,8.91],[170.76,8.98],[170.82,9.02],[171.09,9.02]],[[171.0,8.1],[171.06,8.03],[171.08,7.94],[171.05,7.87],[171.01,7.86],[170.89,7.92],[170.85,8.01],[170.9,8.09],[171.0,8.1]],[[169.01,7.9],[169.06,7.85],[169.1,7.58],[168.96,7.2],[168.88,7.17],[168.53,7.18],[168.46,7.21],[168.41,7.31],[168.44,7.46],[168.38,7.63],[168.4,7.7],[168.63,7.63],[168.78,7.63],[168.89,7.71],[168.89,7.86],[169.01,7.9]],[[169.61,7.5],[169.68,7.58],[169.82,7.61],[169.88,7.58],[169.91,7.52],[169.87,7.43],[169.58,7.25],[169.49,7.26],[169.42,7.36],[169.42,7.44],[169.49,7.49],[169.61,7.5]],[[172.32,7.42],[172.39,7.43],[172.44,7.41],[172.46,7.35],[172.44,7.29],[172.37,7.27],[172.29,7.31],[172.28,7.37],[172.32,7.42]],[[171.75,7.39],[171.82,7.22],[172.02,7.24],[172.08,7.2],[172.11,7.12],[172.02,6.99],[171.82,6.89],[171.68,6.88],[171.36,6.96],[171.14,6.97],[171.01,7.03],[170.95,7.15],[170.96,7.27],[171.02,7.33],[171.15,7.33],[171.25,7.26],[171.44,7.21],[171.5,7.23],[171.61,7.38],[171.75,7.39]],[[172.75,7.04],[172.72,7.1],[172.75,7.15],[172.81,7.18],[172.86,7.16],[172.88,7.06],[172.75,7.04]],[[158.43,7.12],[158.5,7.05],[158.5,6.79],[158.43,6.68],[158.26,6.6],[158.14,6.65],[157.92,6.62],[157.85,6.67],[157.81,6.8],[157.9,6.91],[157.69,7.03],[157.64,7.13],[157.7,7.2],[157.87,7.2],[157.96,7.14],[158.01,7.04],[158.19,7.17],[158.43,7.12]],[[172.03,6.82],[172.1,6.85],[172.16,6.83],[172.19,6.76],[172.18,6.72],[172.04,6.7],[172.0,6.77],[172.03,6.82]],[[159.84,6.79],[159.89,6.76],[159.91,6.62],[159.88,6.58],[159.78,6.57],[159.69,6.63],[159.68,6.72],[159.72,6.77],[159.84,6.79]],[[149.52,6.58],[149.56,6.48],[149.64,6.46],[149.74,6.31],[149.91,6.3],[149.95,6.26],[149.96,6.19],[149.86,6.07],[149.95,5.85],[149.94,5.75],[149.9,5.71],[149.8,5.72],[149.47,5.95],[149.42,6.07],[149.35,6.14],[149.38,6.38],[149.32,6.54],[149.0,6.84],[148.95,6.95],[148.76,7.18],[148.8,7.26],[149.22,7.2],[149.21,7.25],[148.8,7.46],[148.7,7.58],[148.63,7.56],[148.51,7.42],[148.39,7.37],[148.49,7.31],[148.49,7.25],[148.37,7.22],[148.31,7.31],[148.24,7.19],[148.17,7.24],[148.21,7.35],[148.06,7.37],[147.83,7.52],[147.56,7.55],[147.52,7.49],[147.55,7.41],[147.82,7.36],[147.87,7.33],[147.89,7.26],[147.86,7.2],[147.61,7.12],[147.54,7.14],[147.5,7.3],[147.34,7.46],[147.23,7.52],[147.06,7.56],[147.21,7.46],[147.21,7.35],[147.06,7.15],[146.93,7.08],[146.85,7.09],[146.82,7.17],[146.78,7.2],[146.66,7.15],[146.54,7.3],[146.45,7.28],[146.17,7.12],[146.06,7.13],[146.02,7.18],[146.02,7.42],[145.94,7.51],[145.9,7.29],[145.85,7.25],[145.68,7.24],[145.54,7.29],[145.53,7.32],[145.64,7.59],[145.75,7.63],[145.7,7.73],[145.71,7.78],[145.85,7.9],[145.93,7.91],[146.04,7.87],[146.16,7.66],[146.36,7.64],[146.62,7.66],[146.78,7.73],[146.93,7.73],[147.0,7.87],[147.39,7.86],[147.55,8.02],[147.48,8.05],[147.12,8.04],[147.02,8.0],[146.22,7.97],[146.14,8.04],[146.14,8.11],[146.2,8.17],[146.26,8.19],[146.42,8.14],[146.52,8.14],[146.98,8.3],[147.14,8.3],[147.25,8.46],[147.29,8.48],[147.53,8.42],[147.58,8.38],[147.73,8.53],[147.86,8.54],[148.0,8.68],[148.18,8.78],[148.46,8.78],[148.69,8.9],[148.84,8.85],[149.02,8.86],[149.08,8.8],[149.14,8.46],[149.13,7.63],[149.19,7.61],[149.26,7.64],[149.3,7.85],[149.36,7.89],[149.74,7.87],[149.83,7.78],[149.81,7.61],[149.66,7.6],[149.62,7.55],[149.55,7.07],[149.48,7.02],[149.37,7.05],[149.52,6.77],[149.52,6.58]],[[157.1,6.48],[157.33,6.52],[157.37,6.5],[157.4,6.43],[157.3,6.34],[157.17,6.34],[157.09,6.4],[157.1,6.48]],[[169.38,6.38],[169.46,6.42],[169.62,6.4],[169.68,6.24],[169.88,6.08],[169.87,5.99],[169.68,5.72],[169.57,5.72],[169.41,5.83],[169.27,5.85],[169.22,5.89],[169.32,6.09],[169.32,6.28],[169.38,6.38]],[[171.58,5.9],[171.55,6.0],[171.64,6.14],[171.58,6.28],[171.6,6.33],[171.7,6.37],[172.14,6.34],[172.21,6.29],[172.27,6.1],[172.29,5.84],[172.52,5.71],[172.54,5.64],[172.53,5.53],[172.43,5.44],[172.33,5.45],[172.17,5.75],[172.05,5.88],[171.95,5.94],[171.84,5.95],[171.58,5.9]],[[173.5,5.83],[173.44,5.87],[173.43,5.94],[173.47,6.0],[173.55,6.01],[173.58,5.97],[173.58,5.91],[173.55,5.85],[173.5,5.83]],[[163.1,5.47],[163.18,5.35],[163.16,5.22],[163.1,5.16],[162.99,5.12],[162.84,5.16],[162.78,5.26],[162.82,5.41],[162.96,5.5],[163.1,5.47]],[[170.54,5.15],[170.52,5.2],[170.54,5.24],[170.65,5.29],[170.71,5.26],[170.73,5.21],[170.7,5.14],[170.62,5.11],[170.54,5.15]],[[169.84,5.13],[169.87,5.01],[169.82,4.98],[169.77,4.99],[169.73,5.08],[169.79,5.14],[169.84,5.13]],[[154.98,5.0],[155.04,4.9],[155.03,4.83],[154.97,4.8],[154.9,4.83],[154.88,4.92],[154.92,4.99],[154.98,5.0]],[[158.02,4.81],[157.98,4.87],[158.02,4.92],[158.07,4.95],[158.15,4.94],[158.17,4.87],[158.15,4.83],[158.02,4.81]],[[172.42,4.85],[172.49,4.86],[172.59,4.81],[172.67,4.74],[172.68,4.66],[172.6,4.63],[172.48,4.68],[172.4,4.76],[172.42,4.85]],[[172.83,4.64],[172.79,4.74],[172.83,4.81],[172.87,4.81],[172.97,4.72],[172.97,4.64],[172.92,4.6],[172.83,4.64]],[[168.91,4.6],[168.85,4.48],[168.69,4.46],[168.6,4.54],[168.59,4.7],[168.67,4.8],[168.76,4.82],[168.83,4.8],[168.88,4.75],[168.91,4.6]],[[172.47,4.48],[172.47,4.57],[172.64,4.6],[172.71,4.56],[172.74,4.5],[172.9,4.51],[173.02,4.39],[173.14,4.39],[173.08,4.06],[173.01,4.03],[172.94,4.06],[172.92,4.15],[172.75,4.27],[172.73,4.44],[172.55,4.41],[172.47,4.48]],[[132.44,4.3],[132.38,4.18],[132.37,3.98],[132.28,3.94],[132.25,3.99],[132.24,4.45],[132.31,4.56],[132.39,4.58],[132.43,4.54],[132.46,4.46],[132.44,4.3]],[[131.42,4.03],[131.44,3.98],[131.39,3.92],[131.28,3.95],[131.33,4.05],[131.42,4.03]],[[128.2,3.98],[128.36,3.86],[128.41,3.76],[128.34,3.44],[128.3,3.41],[128.14,3.43],[127.99,3.5],[127.85,3.5],[127.61,3.68],[127.54,4.04],[127.56,4.13],[127.63,4.22],[127.6,4.27],[127.51,4.27],[127.46,4.33],[127.49,4.51],[127.55,4.65],[127.65,4.68],[127.77,4.62],[127.81,4.55],[127.82,4.35],[127.87,4.3],[128.05,4.32],[128.09,4.3],[128.15,4.21],[128.2,3.98]],[[154.84,3.92],[154.94,3.85],[154.96,3.72],[154.89,3.61],[154.82,3.6],[154.72,3.68],[154.69,3.76],[154.72,3.85],[154.84,3.92]],[[172.91,3.61],[173.05,3.6],[173.14,3.53],[173.16,3.41],[173.13,3.15],[173.04,3.02],[172.77,2.87],[172.72,2.89],[172.65,3.02],[172.59,3.34],[172.64,3.42],[172.83,3.44],[172.87,3.58],[172.91,3.61]],[[131.99,3.1],[131.99,2.96],[131.92,2.77],[131.82,2.66],[131.73,2.66],[131.66,2.74],[131.64,2.88],[131.79,3.2],[131.85,3.24],[131.92,3.21],[131.99,3.1]],[[129.64,2.7],[129.72,2.62],[129.7,2.49],[129.72,2.35],[129.62,2.33],[129.51,2.23],[129.43,2.23],[129.39,2.33],[129.42,2.4],[129.49,2.44],[129.6,2.38],[129.59,2.46],[129.52,2.57],[129.51,2.65],[129.57,2.7],[129.64,2.7]],[[131.2,3.11],[131.34,2.96],[131.32,2.87],[131.23,2.86],[131.09,2.98],[131.07,3.06],[131.09,3.1],[131.2,3.11]],[[127.04,2.97],[127.0,2.86],[126.8,2.52],[126.67,2.38],[126.7,2.18],[126.61,2.01],[126.7,1.95],[126.72,1.9],[126.7,1.78],[126.62,1.73],[126.62,1.44],[126.5,1.25],[126.38,1.2],[126.43,0.97],[126.31,0.82],[126.29,0.55],[126.08,0.46],[126.02,0.14],[126.09,-0.05],[126.09,-0.17],[126.01,-0.3],[125.93,-0.29],[125.9,-0.05],[125.81,0.02],[125.79,0.08],[125.9,0.24],[125.88,0.46],[125.96,0.61],[126.02,0.91],[125.95,0.91],[125.83,0.82],[125.76,0.61],[125.83,0.51],[125.83,0.41],[125.71,0.31],[125.59,0.36],[125.57,0.43],[125.5,0.43],[125.47,0.53],[125.36,0.67],[125.35,0.76],[125.45,1.01],[125.47,1.18],[125.59,1.3],[125.61,1.42],[125.72,1.55],[125.72,1.73],[125.81,1.82],[125.78,1.97],[125.86,2.06],[125.98,2.8],[126.04,2.97],[126.22,3.1],[126.26,3.24],[126.41,3.29],[126.5,3.46],[126.56,3.47],[126.63,3.44],[126.71,3.32],[126.72,3.25],[126.76,3.32],[126.73,3.54],[126.6,3.72],[126.59,3.84],[126.5,3.98],[126.48,4.18],[126.67,4.68],[126.65,5.06],[126.72,5.14],[126.89,5.2],[127.06,5.18],[127.31,4.87],[127.37,4.5],[127.34,4.18],[127.25,4.06],[127.22,3.91],[127.06,3.77],[127.04,3.7],[127.08,3.41],[127.08,3.34],[127.0,3.23],[127.04,2.97]],[[127.1,1.91],[127.07,1.93],[127.07,2.1],[127.14,2.14],[127.21,2.1],[127.26,1.98],[127.25,1.94],[127.1,1.91]],[[127.03,1.7],[127.0,1.75],[127.03,1.8],[127.14,1.81],[127.15,1.72],[127.03,1.7]],[[126.58,0.53],[126.52,0.58],[126.6,0.86],[126.58,1.22],[126.7,1.42],[126.84,1.55],[126.91,1.58],[127.06,1.58],[127.1,1.54],[127.1,1.47],[126.96,1.39],[126.96,1.24],[126.89,1.03],[126.79,0.94],[126.77,0.74],[126.72,0.72],[126.72,0.67],[126.65,0.62],[126.61,0.53],[126.58,0.53]],[[153.7,5.09],[153.43,5.26],[153.34,5.36],[153.26,5.53],[153.28,5.65],[153.54,5.75],[153.73,5.78],[153.84,5.74],[153.96,5.62],[154.03,5.52],[154.02,5.4],[153.89,5.3],[153.77,5.12],[153.7,5.09]],[[132.37,5.37],[132.35,5.29],[132.28,5.23],[132.2,5.23],[132.15,5.29],[132.16,5.39],[132.25,5.49],[132.34,5.46],[132.37,5.37]],[[148.96,5.43],[148.9,5.49],[148.9,5.57],[148.96,5.64],[149.08,5.69],[149.26,5.67],[149.41,5.56],[149.42,5.51],[149.37,5.41],[148.96,5.43]],[[132.84,5.6],[132.76,5.62],[132.75,5.72],[132.79,5.76],[132.91,5.77],[132.91,5.66],[132.84,5.6]],[[132.51,5.74],[132.46,5.68],[132.38,5.7],[132.36,5.8],[132.41,5.89],[132.51,5.86],[132.51,5.74]],[[145.27,5.89],[145.26,6.01],[145.34,6.1],[145.53,6.12],[145.62,6.04],[145.62,5.93],[145.49,5.71],[145.39,5.74],[145.35,5.66],[145.22,5.68],[145.19,5.74],[145.2,5.79],[145.27,5.81],[145.34,5.78],[145.27,5.89]],[[141.07,5.92],[141.0,5.91],[140.93,5.96],[140.93,6.02],[141.01,6.09],[141.09,6.09],[141.12,6.05],[141.07,5.92]],[[144.89,5.93],[144.68,6.09],[144.67,6.24],[144.73,6.29],[144.94,6.29],[144.94,6.33],[145.01,6.36],[145.19,6.16],[145.2,6.1],[145.15,6.05],[145.06,6.06],[145.01,6.1],[144.96,6.22],[144.93,6.21],[144.91,6.1],[144.96,6.07],[144.98,5.97],[144.95,5.93],[144.89,5.93]],[[144.71,6.36],[144.38,6.15],[144.2,6.24],[144.0,6.26],[143.98,6.31],[144.04,6.37],[144.22,6.36],[144.62,6.45],[144.69,6.42],[144.71,6.36]],[[141.61,6.22],[141.52,6.21],[141.47,6.25],[141.48,6.31],[141.54,6.39],[141.75,6.47],[141.88,6.48],[141.96,6.45],[141.99,6.37],[141.96,6.34],[141.79,6.31],[141.61,6.22]],[[133.94,6.43],[133.79,6.42],[133.77,6.52],[134.09,7.06],[134.11,7.37],[134.09,7.54],[134.12,7.58],[134.25,7.57],[134.37,7.8],[134.35,7.94],[134.48,8.12],[134.48,8.47],[134.59,8.64],[134.54,8.81],[134.63,8.83],[134.68,8.79],[134.66,8.69],[134.74,8.55],[134.86,8.18],[134.78,7.76],[134.75,7.34],[134.23,6.82],[133.94,6.43]],[[133.89,7.57],[133.89,7.49],[133.8,7.46],[133.72,7.54],[133.71,7.6],[133.81,7.66],[133.89,7.57]],[[137.4,8.78],[137.64,8.9],[137.73,9.01],[137.85,9.26],[137.88,9.46],[138.14,9.82],[138.2,10.09],[138.26,10.15],[138.34,10.16],[138.39,10.04],[138.31,9.79],[138.31,9.47],[138.27,9.4],[138.09,9.29],[137.99,9.16],[137.95,8.88],[137.71,8.62],[137.63,8.28],[137.52,8.16],[137.46,8.0],[137.27,7.8],[137.13,7.7],[137.03,7.69],[136.98,7.79],[137.04,8.02],[137.35,8.21],[137.26,8.33],[137.23,8.48],[137.24,8.55],[137.33,8.64],[137.4,8.78]],[[134.6,9.32],[134.64,9.29],[134.64,9.19],[134.58,9.15],[134.49,9.17],[134.45,9.28],[134.52,9.32],[134.6,9.32]],[[134.85,9.63],[134.89,9.55],[134.88,9.5],[134.81,9.41],[134.73,9.41],[134.72,9.57],[134.85,9.63]],[[139.48,9.48],[139.4,9.51],[139.37,9.61],[139.52,10.31],[139.68,10.5],[139.82,10.52],[139.85,10.48],[139.85,10.39],[139.99,10.22],[139.99,10.13],[140.11,9.97],[140.1,9.75],[140.04,9.67],[139.87,9.64],[139.75,9.53],[139.48,9.48]],[[140.31,9.68],[140.18,9.86],[140.04,10.49],[140.07,10.6],[140.15,10.67],[140.25,10.64],[140.33,10.39],[140.54,10.32],[140.6,10.14],[140.7,9.97],[140.85,9.83],[140.89,9.5],[141.01,9.28],[141.0,9.24],[140.93,9.22],[140.53,9.25],[140.3,9.58],[140.31,9.68]],[[144.89,10.22],[144.83,10.32],[144.86,10.44],[144.95,10.51],[145.08,10.48],[145.13,10.39],[145.11,10.31],[145.01,10.22],[144.89,10.22]],[[156.71,10.31],[156.66,10.34],[156.65,10.39],[156.67,10.43],[156.74,10.44],[156.78,10.42],[156.78,10.36],[156.75,10.31],[156.71,10.31]],[[162.64,10.46],[162.6,10.55],[162.62,10.6],[162.73,10.67],[162.86,10.54],[162.89,10.44],[163.06,10.24],[163.07,10.09],[162.98,9.93],[162.93,9.89],[162.86,9.89],[162.77,9.98],[162.59,10.06],[162.59,10.17],[162.74,10.34],[162.64,10.46]],[[166.28,10.4],[166.23,10.46],[166.2,10.59],[166.22,10.66],[166.28,10.69],[166.35,10.64],[166.38,10.52],[166.36,10.41],[166.28,10.4]],[[166.44,10.47],[166.42,10.58],[166.47,10.65],[166.57,10.68],[166.64,10.65],[166.66,10.59],[166.59,10.5],[166.44,10.47]],[[163.43,10.21],[163.38,10.26],[163.41,10.34],[163.48,10.36],[163.54,10.33],[163.56,10.29],[163.55,10.24],[163.43,10.21]],[[165.84,10.23],[165.93,10.32],[166.01,10.33],[166.08,10.29],[166.13,10.22],[166.17,10.07],[166.13,9.94],[166.04,9.92],[165.9,9.99],[165.84,10.1],[165.84,10.23]],[[162.17,10.36],[162.31,10.22],[162.47,9.92],[162.42,9.86],[162.03,9.79],[161.96,9.86],[162.09,10.07],[162.06,10.14],[161.93,10.15],[161.92,10.25],[161.98,10.32],[162.17,10.36]],[[160.84,10.01],[161.01,9.96],[161.27,9.78],[161.3,9.68],[161.24,9.55],[161.11,9.54],[160.67,9.82],[160.63,9.89],[160.64,9.97],[160.84,10.01]],[[147.89,9.55],[147.98,9.43],[147.96,9.34],[147.91,9.31],[147.81,9.35],[147.76,9.46],[147.79,9.53],[147.89,9.55]],[[167.46,9.5],[167.56,9.49],[167.8,9.25],[168.01,9.2],[167.88,8.74],[167.79,8.61],[167.71,8.61],[167.63,8.66],[167.39,8.98],[167.09,9.07],[166.76,9.25],[166.7,9.34],[166.72,9.42],[166.84,9.47],[167.27,9.46],[167.46,9.5]],[[169.83,8.93],[169.93,8.92],[169.95,8.83],[169.84,8.75],[169.73,8.76],[169.74,8.89],[169.83,8.93]],[[152.52,8.67],[152.48,8.56],[152.44,8.52],[152.09,8.45],[151.79,8.32],[151.68,8.33],[151.52,8.45],[151.27,8.45],[151.2,8.54],[151.25,8.66],[151.36,8.72],[151.9,8.75],[152.02,8.78],[152.14,8.88],[152.27,8.91],[152.45,8.88],[152.5,8.8],[152.52,8.67]],[[161.72,8.48],[161.8,8.5],[161.87,8.43],[161.88,8.32],[161.84,8.27],[161.73,8.26],[161.65,8.33],[161.64,8.4],[161.72,8.48]],[[167.36,8.27],[167.33,8.34],[167.35,8.4],[167.4,8.43],[167.48,8.42],[167.52,8.34],[167.52,8.26],[167.46,8.22],[167.36,8.27]],[[167.87,8.25],[167.93,8.29],[168.14,8.3],[168.29,8.26],[168.31,8.09],[168.44,7.87],[168.42,7.75],[168.29,7.68],[168.15,7.71],[168.07,7.92],[167.87,8.17],[167.87,8.25]],[[155.44,7.75],[155.58,7.62],[155.6,7.46],[155.48,7.33],[155.33,7.28],[155.24,7.3],[155.08,7.49],[155.07,7.64],[155.21,7.75],[155.44,7.75]],[[152.01,7.73],[152.07,7.67],[152.18,7.44],[152.16,7.2],[152.19,7.05],[152.12,6.96],[151.99,6.91],[151.89,6.93],[151.76,7.03],[151.59,7.05],[151.49,7.2],[151.38,7.29],[151.36,7.36],[151.4,7.48],[151.58,7.64],[151.54,7.78],[151.58,7.82],[151.74,7.84],[152.01,7.73]],[[152.46,6.94],[152.52,7.11],[152.64,7.15],[152.71,7.08],[152.88,7.0],[152.9,6.86],[152.82,6.68],[152.74,6.65],[152.5,6.82],[152.46,6.94]],[[156.89,6.97],[156.86,7.03],[156.89,7.08],[156.94,7.11],[157.0,7.09],[157.01,6.99],[156.89,6.97]],[[154.47,8.16],[154.47,8.06],[154.39,7.99],[154.27,7.98],[154.18,8.05],[154.18,8.21],[154.21,8.24],[154.39,8.28],[154.47,8.16]],[[160.62,8.21],[160.58,8.26],[160.6,8.42],[160.7,8.48],[160.8,8.45],[160.84,8.36],[160.83,8.31],[160.73,8.23],[160.62,8.21]],[[149.52,8.3],[149.38,8.34],[149.41,8.5],[149.52,8.59],[149.79,8.96],[150.08,9.12],[150.19,9.14],[150.26,9.1],[150.61,8.57],[150.55,8.48],[150.41,8.49],[150.21,8.42],[149.86,8.45],[149.52,8.3]],[[142.01,8.94],[142.3,8.64],[142.33,8.52],[142.3,8.45],[142.25,8.45],[142.15,8.57],[142.01,8.66],[141.94,8.81],[141.63,8.83],[141.34,8.81],[141.21,8.97],[141.17,9.1],[141.31,9.21],[141.33,9.35],[141.42,9.39],[141.46,9.34],[141.43,9.22],[141.52,9.19],[141.67,9.22],[141.86,9.18],[142.01,9.07],[142.01,8.94]],[[144.39,8.57],[144.43,8.72],[144.53,8.81],[144.6,8.8],[144.68,8.66],[144.65,8.52],[144.49,8.47],[144.42,8.5],[144.39,8.57]],[[146.64,8.69],[146.71,8.73],[146.77,8.68],[146.81,8.54],[146.78,8.47],[146.71,8.45],[146.65,8.5],[146.62,8.6],[146.64,8.69]],[[145.67,8.69],[145.81,8.57],[145.98,8.49],[145.98,8.42],[145.9,8.33],[145.98,8.2],[145.97,8.09],[145.88,8.04],[145.58,8.06],[145.57,8.0],[145.7,7.91],[145.7,7.86],[145.67,7.83],[145.35,7.9],[145.33,7.94],[145.35,8.11],[145.32,8.13],[145.23,8.02],[145.0,7.92],[144.96,7.85],[144.98,7.71],[144.89,7.66],[144.87,7.61],[144.86,7.41],[144.56,7.14],[144.44,7.08],[144.36,6.91],[144.26,6.9],[144.1,7.01],[144.0,7.03],[143.78,7.2],[143.59,7.2],[143.45,7.36],[143.44,7.4],[143.48,7.44],[143.64,7.44],[143.78,7.54],[143.97,7.53],[144.15,7.41],[144.17,7.35],[144.14,7.22],[144.23,7.17],[144.31,7.18],[144.32,7.39],[144.72,7.66],[144.81,7.75],[144.83,7.92],[144.76,8.11],[144.82,8.27],[145.09,8.54],[145.42,8.59],[145.67,8.69]],[[145.25,7.85],[145.36,7.78],[145.39,7.7],[145.36,7.62],[145.17,7.53],[145.07,7.51],[145.01,7.54],[145.0,7.62],[145.08,7.75],[145.25,7.85]],[[144.7,6.94],[144.67,7.01],[144.69,7.07],[144.77,7.13],[144.89,7.16],[145.06,6.89],[145.0,6.82],[144.93,6.82],[144.76,6.88],[144.7,6.94]],[[145.97,6.82],[145.92,6.88],[145.94,6.94],[146.0,6.98],[146.06,6.97],[146.11,6.89],[146.09,6.85],[145.97,6.82]],[[146.55,6.85],[146.61,6.9],[146.68,6.91],[146.73,6.87],[146.73,6.78],[146.7,6.75],[146.61,6.75],[146.55,6.81],[146.55,6.85]],[[148.78,6.78],[148.82,6.86],[148.9,6.86],[149.0,6.72],[148.99,6.6],[148.87,6.64],[148.78,6.78]],[[143.29,6.71],[143.34,6.63],[143.3,6.55],[142.93,6.58],[142.87,6.54],[142.82,6.43],[142.78,6.41],[142.63,6.48],[142.63,6.53],[142.39,6.62],[142.37,6.67],[142.46,6.75],[142.56,6.77],[142.77,6.73],[142.9,6.81],[143.09,6.85],[143.29,6.71]],[[143.6,6.41],[143.71,6.44],[143.83,6.42],[143.87,6.38],[143.87,6.29],[143.79,6.24],[143.63,6.25],[143.57,6.31],[143.6,6.41]],[[142.51,6.39],[142.52,6.32],[142.49,6.26],[142.42,6.26],[142.34,6.33],[142.35,6.4],[142.43,6.45],[142.51,6.39]],[[141.99,6.87],[141.91,6.9],[141.82,7.04],[141.82,7.09],[141.9,7.15],[142.18,6.99],[142.12,6.91],[141.99,6.87]],[[141.84,7.39],[141.75,7.37],[141.6,7.44],[141.36,7.46],[141.31,7.51],[141.31,7.58],[141.41,7.65],[141.66,7.64],[141.85,7.53],[141.86,7.44],[141.84,7.39]],[[136.25,7.64],[136.27,7.55],[136.22,7.51],[136.07,7.54],[136.01,7.6],[136.06,7.68],[136.15,7.71],[136.22,7.69],[136.25,7.64]],[[140.91,7.7],[140.58,7.88],[140.52,7.94],[140.25,8.06],[139.94,8.13],[139.53,8.36],[139.49,8.46],[139.6,8.51],[139.78,8.45],[139.96,8.31],[140.11,8.26],[140.43,8.28],[140.53,8.2],[140.78,7.91],[141.2,7.82],[141.29,7.78],[141.31,7.73],[141.25,7.68],[140.91,7.7]],[[138.74,8.28],[138.78,8.21],[138.77,8.16],[138.69,8.09],[138.61,8.09],[138.61,8.23],[138.74,8.28]],[[139.45,8.51],[139.46,8.37],[139.42,8.34],[139.34,8.36],[139.29,8.44],[139.31,8.5],[139.39,8.54],[139.45,8.51]],[[139.15,8.51],[139.09,8.39],[138.96,8.38],[138.74,8.54],[138.69,8.67],[138.77,8.76],[138.87,8.78],[139.1,8.64],[139.15,8.51]],[[141.91,8.57],[142.03,8.56],[142.07,8.51],[142.06,8.45],[141.99,8.42],[141.91,8.44],[141.87,8.5],[141.91,8.57]],[[142.56,8.42],[142.58,8.52],[142.99,8.54],[143.12,8.33],[143.17,8.18],[143.16,8.09],[143.07,8.09],[142.87,8.2],[142.83,8.31],[142.78,8.2],[142.66,8.18],[142.62,8.24],[142.63,8.35],[142.56,8.42]],[[143.4,8.09],[143.42,8.16],[143.5,8.17],[143.59,8.04],[143.58,7.95],[143.53,7.92],[143.48,7.93],[143.4,8.09]],[[144.6,7.94],[144.66,7.99],[144.7,7.99],[144.75,7.92],[144.76,7.84],[144.7,7.8],[144.64,7.81],[144.59,7.88],[144.6,7.94]],[[142.97,7.9],[142.82,7.76],[142.7,7.74],[142.35,8.13],[142.06,8.23],[142.04,8.32],[142.09,8.35],[142.27,8.33],[142.31,8.37],[142.53,8.4],[142.59,8.33],[142.54,8.18],[142.57,8.1],[142.7,8.02],[142.85,8.06],[142.98,8.05],[143.01,7.98],[142.97,7.9]],[[142.73,7.68],[142.81,7.69],[142.97,7.62],[143.01,7.55],[142.99,7.51],[142.74,7.55],[142.69,7.62],[142.73,7.68]],[[143.31,7.53],[143.26,7.61],[143.31,7.67],[143.5,7.65],[143.63,7.56],[143.62,7.51],[143.52,7.47],[143.31,7.53]],[[141.98,9.29],[141.82,9.36],[141.77,9.43],[141.5,9.4],[141.3,9.5],[141.03,9.41],[140.98,9.43],[140.96,9.48],[141.01,9.56],[141.17,9.63],[141.47,9.66],[141.58,9.64],[141.65,9.55],[141.74,9.55],[141.79,9.5],[141.96,9.51],[142.03,9.48],[142.1,9.41],[142.1,9.33],[142.04,9.28],[141.98,9.29]],[[148.22,9.6],[148.16,9.72],[148.17,9.91],[148.23,9.95],[148.34,9.95],[148.52,9.87],[148.56,9.77],[148.53,9.71],[148.22,9.6]],[[160.52,9.61],[160.37,9.67],[160.28,9.79],[160.31,9.86],[160.44,9.96],[160.45,10.14],[160.58,10.18],[160.63,10.15],[160.65,10.08],[160.57,9.94],[160.56,9.87],[160.69,9.69],[160.65,9.62],[160.52,9.61]],[[145.12,10.0],[145.05,9.99],[144.99,10.04],[144.99,10.1],[145.03,10.15],[145.07,10.17],[145.13,10.14],[145.15,10.06],[145.12,10.0]],[[145.68,10.04],[145.58,10.13],[145.61,10.23],[145.67,10.23],[145.74,10.12],[145.73,10.06],[145.68,10.04]],[[148.19,10.08],[148.19,10.18],[148.24,10.27],[148.33,10.29],[148.38,10.27],[148.42,10.19],[148.36,10.07],[148.29,10.02],[148.19,10.08]],[[160.71,10.19],[160.67,10.25],[160.7,10.3],[160.75,10.32],[160.81,10.31],[160.83,10.2],[160.71,10.19]],[[145.99,9.41],[146.09,9.45],[146.16,9.39],[146.12,9.33],[146.03,9.31],[145.98,9.35],[145.99,9.41]],[[148.0,9.32],[148.25,9.39],[148.32,9.37],[148.37,9.28],[148.4,9.15],[148.38,9.02],[148.3,8.97],[148.08,8.94],[147.93,9.0],[147.87,9.06],[147.86,9.15],[147.91,9.26],[148.0,9.32]],[[166.04,9.37],[166.03,9.42],[166.09,9.48],[166.16,9.49],[166.2,9.46],[166.21,9.41],[166.16,9.35],[166.04,9.37]],[[165.56,9.36],[165.67,9.31],[165.8,9.19],[165.93,8.96],[165.93,8.87],[165.89,8.83],[165.82,8.82],[165.71,8.86],[165.5,9.0],[165.42,9.2],[165.41,9.28],[165.46,9.34],[165.56,9.36]],[[166.2,8.83],[166.08,8.94],[166.09,9.03],[166.16,9.09],[166.26,9.11],[166.46,8.97],[166.47,8.9],[166.43,8.84],[166.32,8.81],[166.2,8.83]],[[163.34,8.82],[163.31,8.72],[163.22,8.69],[163.13,8.73],[163.07,8.84],[163.12,8.92],[163.21,8.94],[163.3,8.9],[163.34,8.82]],[[162.31,8.89],[162.14,8.87],[162.06,8.91],[162.06,8.95],[162.11,9.01],[162.26,9.03],[162.31,9.0],[162.31,8.89]],[[142.38,9.08],[142.38,8.98],[142.3,8.94],[142.18,9.01],[142.15,9.1],[142.2,9.19],[142.25,9.21],[142.33,9.17],[142.38,9.08]],[[145.38,9.12],[145.3,9.17],[145.28,9.27],[145.3,9.32],[145.41,9.36],[145.48,9.3],[145.5,9.22],[145.45,9.13],[145.38,9.12]],[[160.87,10.61],[160.94,10.54],[160.93,10.44],[160.84,10.39],[160.73,10.39],[160.7,10.45],[160.73,10.55],[160.81,10.61],[160.87,10.61]],[[139.82,9.33],[139.66,9.3],[139.62,9.37],[139.67,9.45],[139.76,9.47],[139.82,9.43],[139.84,9.37],[139.82,9.33]],[[140.01,9.36],[139.92,9.4],[139.92,9.48],[140.0,9.51],[140.1,9.5],[140.14,9.4],[140.12,9.37],[140.01,9.36]],[[136.77,8.28],[136.82,8.21],[136.73,8.08],[136.66,8.07],[136.55,8.13],[136.54,8.2],[136.57,8.24],[136.77,8.28]],[[135.75,8.37],[135.65,8.42],[135.64,8.52],[135.67,8.57],[136.06,8.58],[136.16,8.52],[136.15,8.46],[136.08,8.41],[136.0,8.43],[135.75,8.37]],[[137.17,8.76],[137.25,8.68],[137.21,8.6],[137.12,8.63],[137.07,8.71],[137.1,8.76],[137.17,8.76]],[[134.06,5.78],[134.0,5.62],[133.93,5.61],[133.84,5.65],[133.83,5.75],[133.9,5.83],[134.02,5.87],[134.06,5.78]],[[153.29,5.77],[153.23,5.72],[153.14,5.71],[153.05,5.76],[153.0,5.91],[153.05,6.01],[153.18,6.07],[153.25,6.05],[153.32,5.92],[153.29,5.77]],[[152.21,5.9],[152.25,5.86],[152.25,5.78],[152.19,5.74],[152.11,5.77],[152.1,5.84],[152.21,5.9]],[[157.32,6.03],[157.38,6.2],[157.48,6.23],[157.55,6.21],[157.57,6.12],[157.49,5.93],[157.5,5.74],[157.45,5.69],[157.35,5.66],[157.22,5.66],[157.11,5.7],[157.08,5.81],[157.1,6.0],[157.2,5.98],[157.32,6.03]],[[160.67,6.12],[160.6,6.19],[160.61,6.32],[160.69,6.37],[160.8,6.35],[160.84,6.29],[160.83,6.16],[160.76,6.11],[160.67,6.12]],[[167.92,5.69],[167.91,5.82],[167.95,5.86],[168.03,5.86],[168.21,5.77],[168.28,5.67],[168.29,5.62],[168.23,5.51],[168.08,5.49],[167.99,5.55],[167.92,5.69]],[[169.11,5.57],[169.07,5.61],[169.06,5.7],[169.1,5.76],[169.19,5.77],[169.24,5.7],[169.23,5.61],[169.2,5.58],[169.11,5.57]],[[158.07,5.19],[157.98,5.28],[157.97,5.36],[158.05,5.42],[158.12,5.42],[158.26,5.36],[158.28,5.25],[158.26,5.2],[158.2,5.18],[158.07,5.19]],[[131.95,4.82],[132.0,5.0],[132.1,5.02],[132.16,4.98],[132.17,4.91],[132.09,4.78],[132.12,4.72],[132.12,4.63],[132.07,4.57],[131.97,4.56],[131.9,4.62],[131.88,4.78],[131.95,4.82]],[[132.5,4.59],[132.49,4.71],[132.57,4.75],[132.6,4.7],[132.6,4.63],[132.55,4.58],[132.5,4.59]],[[130.83,4.81],[130.87,4.77],[130.87,4.71],[130.82,4.64],[130.78,4.64],[130.74,4.66],[130.74,4.75],[130.83,4.81]],[[127.12,3.17],[127.1,3.27],[127.12,3.4],[127.16,3.49],[127.22,3.5],[127.25,3.43],[127.34,3.34],[127.33,3.18],[127.15,3.14],[127.12,3.17]],[[141.4,3.38],[141.34,3.43],[141.34,3.49],[141.41,3.54],[141.47,3.53],[141.51,3.5],[141.52,3.44],[141.47,3.38],[141.4,3.38]],[[131.35,3.51],[131.35,3.46],[131.31,3.42],[131.2,3.41],[131.12,3.52],[131.11,3.65],[131.16,3.68],[131.22,3.68],[131.35,3.51]],[[133.66,3.53],[133.58,3.61],[133.58,3.67],[133.61,3.69],[133.7,3.65],[133.74,3.6],[133.72,3.54],[133.66,3.53]],[[141.74,3.38],[141.79,3.42],[142.05,3.43],[142.07,3.15],[141.98,3.15],[141.91,3.27],[141.83,3.19],[141.77,3.21],[141.73,3.28],[141.74,3.38]],[[133.1,3.9],[133.13,3.81],[133.06,3.76],[133.02,3.85],[133.04,3.89],[133.1,3.9]],[[147.84,4.34],[147.81,4.4],[147.82,4.45],[147.94,4.5],[147.95,4.39],[147.89,4.34],[147.84,4.34]],[[134.82,10.83],[134.78,10.78],[134.66,10.82],[134.63,10.9],[134.66,10.99],[134.7,11.01],[134.77,10.99],[134.82,10.92],[134.82,10.83]],[[138.55,10.97],[138.52,10.99],[138.53,11.11],[138.44,11.24],[138.44,11.31],[138.51,11.41],[138.65,11.44],[138.72,11.34],[138.69,11.03],[138.64,10.96],[138.55,10.97]],[[139.38,11.24],[139.27,11.29],[139.24,11.37],[139.27,11.42],[139.36,11.47],[139.45,11.44],[139.52,11.32],[139.48,11.24],[139.38,11.24]],[[156.52,11.44],[156.5,11.67],[156.54,11.79],[156.6,11.82],[156.72,11.67],[156.79,11.4],[156.73,11.35],[156.65,11.33],[156.57,11.36],[156.52,11.44]],[[147.08,11.63],[147.14,11.57],[147.11,11.51],[147.03,11.48],[146.94,11.53],[146.98,11.62],[147.08,11.63]],[[161.49,11.66],[161.31,11.94],[161.32,12.01],[161.4,12.07],[161.48,12.05],[161.57,11.85],[161.64,11.8],[161.92,11.79],[162.11,11.87],[162.31,11.79],[162.43,11.71],[162.51,11.58],[162.45,11.11],[162.37,11.08],[162.1,11.2],[161.94,11.53],[161.86,11.62],[161.69,11.57],[161.49,11.66]],[[141.65,12.07],[141.7,11.98],[141.7,11.9],[141.55,11.88],[141.41,11.93],[141.39,11.98],[141.41,12.03],[141.58,12.07],[141.52,12.15],[141.55,12.22],[141.63,12.23],[141.7,12.2],[141.71,12.15],[141.65,12.07]],[[142.08,12.22],[141.99,12.29],[142.04,12.38],[142.1,12.37],[142.18,12.3],[142.18,12.24],[142.08,12.22]],[[141.33,12.37],[141.21,12.37],[141.2,12.47],[141.28,12.59],[141.42,12.63],[141.46,12.59],[141.47,12.5],[141.33,12.37]],[[141.5,12.59],[141.48,12.61],[141.48,12.72],[141.67,12.84],[141.88,12.84],[141.97,12.96],[142.14,12.94],[142.23,12.85],[142.17,12.73],[141.96,12.79],[141.86,12.67],[141.74,12.67],[141.5,12.59]],[[142.19,12.96],[142.11,13.02],[142.13,13.1],[142.2,13.13],[142.25,13.23],[142.4,13.27],[142.4,13.19],[142.31,12.97],[142.19,12.96]],[[156.31,12.23],[156.33,12.29],[156.4,12.33],[156.47,12.27],[156.46,12.19],[156.41,12.14],[156.35,12.16],[156.31,12.23]],[[162.19,12.15],[162.24,12.26],[162.29,12.28],[162.36,12.25],[162.38,12.16],[162.34,12.08],[162.25,12.08],[162.19,12.15]],[[166.16,12.24],[166.2,12.31],[166.3,12.35],[166.37,12.31],[166.39,12.22],[166.31,12.1],[166.22,12.08],[166.15,12.12],[166.16,12.24]],[[168.74,12.08],[168.72,12.22],[168.79,12.31],[168.95,12.35],[169.06,12.26],[169.07,12.16],[169.01,12.05],[168.82,12.0],[168.74,12.08]],[[165.15,11.92],[165.26,11.85],[165.47,11.84],[165.65,11.76],[165.71,11.61],[165.72,11.45],[165.59,11.38],[165.27,11.41],[165.18,11.46],[165.03,11.69],[164.8,11.72],[164.64,11.98],[164.72,12.21],[164.8,12.23],[164.89,12.14],[165.02,12.09],[165.15,11.92]],[[161.12,11.26],[161.17,11.21],[161.18,11.11],[161.1,11.06],[161.0,11.1],[160.97,11.18],[161.04,11.25],[161.12,11.26]],[[156.82,11.18],[156.93,11.05],[156.88,10.97],[156.75,11.01],[156.66,11.13],[156.67,11.18],[156.72,11.23],[156.79,11.22],[156.82,11.18]],[[145.0,11.12],[145.02,11.0],[144.96,10.95],[144.91,10.97],[144.9,11.08],[145.0,11.12]],[[140.15,11.23],[140.09,11.25],[140.05,11.31],[140.08,11.42],[140.14,11.42],[140.21,11.35],[140.21,11.28],[140.15,11.23]],[[159.11,11.25],[159.18,11.32],[159.25,11.28],[159.24,11.22],[159.18,11.19],[159.13,11.2],[159.11,11.25]],[[161.18,11.57],[161.24,11.51],[161.25,11.43],[161.12,11.34],[161.06,11.39],[161.05,11.48],[161.09,11.56],[161.18,11.57]],[[142.52,13.47],[142.55,13.43],[142.54,13.39],[142.47,13.31],[142.4,13.29],[142.42,13.44],[142.52,13.47]],[[144.46,13.74],[144.53,13.63],[144.51,13.59],[144.45,13.58],[144.39,13.6],[144.37,13.66],[144.41,13.73],[144.46,13.74]],[[142.67,13.74],[142.62,13.75],[142.61,13.79],[142.69,13.86],[142.7,14.02],[142.75,14.09],[142.78,14.48],[142.9,14.52],[143.08,14.49],[143.11,14.43],[143.01,14.31],[142.77,13.8],[142.67,13.74]],[[143.18,15.17],[143.23,14.93],[143.18,14.88],[143.13,14.88],[142.98,14.96],[142.94,15.13],[142.98,15.17],[143.14,15.2],[143.18,15.17]],[[143.23,15.6],[143.26,15.47],[143.22,15.33],[143.2,15.29],[143.12,15.27],[143.05,15.35],[143.04,15.54],[143.14,15.62],[143.23,15.6]],[[124.41,15.79],[124.34,15.73],[124.24,15.71],[124.18,15.78],[124.18,15.84],[124.21,15.89],[124.35,15.94],[124.4,15.89],[124.41,15.79]],[[143.44,16.21],[143.47,16.06],[143.41,16.02],[143.3,16.01],[143.28,16.15],[143.44,16.21]],[[143.04,16.41],[142.93,16.36],[142.87,16.39],[142.85,16.45],[143.03,16.52],[143.06,16.48],[143.04,16.41]],[[143.16,16.45],[143.11,16.56],[143.21,16.7],[143.36,16.63],[143.4,16.54],[143.35,16.46],[143.16,16.45]],[[143.43,17.07],[143.4,16.93],[143.34,16.84],[143.26,16.8],[143.13,16.83],[143.1,16.94],[143.16,17.09],[143.08,17.25],[143.06,17.42],[143.18,17.42],[143.21,17.33],[143.31,17.29],[143.39,17.21],[143.43,17.07]],[[145.76,17.22],[145.7,17.26],[145.69,17.35],[145.82,17.45],[145.73,17.57],[145.73,17.72],[145.8,17.83],[145.89,17.84],[145.96,17.79],[145.99,17.69],[145.94,17.47],[146.06,17.45],[146.14,17.35],[146.24,17.32],[146.25,17.2],[146.2,17.14],[146.13,17.13],[145.94,17.23],[145.76,17.22]],[[142.85,17.61],[142.8,17.59],[142.74,17.61],[142.74,17.75],[142.9,17.81],[142.94,17.79],[142.93,17.71],[142.85,17.61]],[[143.21,17.64],[143.18,17.7],[143.16,17.93],[143.12,17.96],[142.97,17.95],[142.9,18.1],[142.9,18.2],[143.05,18.35],[143.09,18.55],[143.17,18.63],[143.37,18.52],[143.4,18.43],[143.38,18.38],[143.27,18.34],[143.24,18.23],[143.35,17.93],[143.35,17.69],[143.28,17.62],[143.21,17.64]],[[165.0,18.38],[164.93,18.42],[164.96,18.52],[165.11,18.61],[165.19,18.6],[165.22,18.54],[165.22,18.41],[165.16,18.38],[165.0,18.38]],[[166.65,18.48],[166.65,18.54],[166.69,18.58],[166.78,18.58],[166.82,18.55],[166.79,18.47],[166.71,18.45],[166.65,18.48]],[[166.04,18.47],[166.09,18.39],[166.03,18.26],[165.74,18.29],[165.74,18.36],[165.78,18.41],[166.04,18.47]],[[147.18,18.27],[147.25,18.24],[147.27,18.16],[147.21,18.08],[147.12,18.05],[147.06,18.12],[147.07,18.24],[147.18,18.27]],[[150.93,18.06],[150.92,18.14],[150.96,18.17],[151.11,18.17],[151.26,18.01],[151.3,17.92],[151.28,17.86],[150.96,17.62],[150.65,17.57],[150.48,17.33],[150.38,17.32],[150.31,17.35],[150.29,17.46],[150.48,17.66],[150.43,17.92],[150.48,17.96],[150.67,17.9],[150.77,17.9],[150.9,17.99],[150.93,18.06]],[[167.23,18.14],[167.38,18.17],[167.63,18.11],[167.69,18.05],[167.68,17.96],[167.58,17.92],[167.28,17.99],[167.21,18.04],[167.23,18.14]],[[167.0,18.0],[167.05,17.94],[167.03,17.88],[166.97,17.84],[166.9,17.84],[166.87,17.9],[166.88,17.95],[167.0,18.0]],[[152.08,17.99],[151.98,17.94],[151.96,18.03],[152.05,18.09],[152.09,18.06],[152.08,17.99]],[[145.59,17.95],[145.52,17.92],[145.47,17.94],[145.53,18.06],[145.6,18.03],[145.59,17.95]],[[145.69,17.97],[145.63,18.01],[145.66,18.26],[145.81,18.32],[145.92,18.27],[145.98,18.18],[145.94,18.05],[145.83,17.98],[145.69,17.97]],[[165.9,17.26],[165.93,17.32],[166.03,17.36],[166.09,17.36],[166.13,17.29],[166.1,17.18],[166.01,17.14],[165.93,17.16],[165.9,17.26]],[[149.98,17.21],[150.03,17.25],[150.09,17.22],[150.14,16.95],[150.08,16.85],[149.95,16.81],[149.84,16.87],[149.81,16.94],[149.84,17.03],[149.98,17.21]],[[150.46,16.92],[150.39,16.95],[150.36,17.02],[150.37,17.12],[150.44,17.16],[150.53,17.16],[150.85,17.06],[150.95,16.98],[150.95,16.93],[150.87,16.89],[150.46,16.92]],[[172.24,17.94],[172.18,17.88],[172.03,17.89],[171.88,17.97],[171.82,18.07],[171.9,18.14],[172.0,18.13],[172.19,18.02],[172.24,17.94]],[[145.84,18.75],[145.78,18.65],[145.62,18.66],[145.52,18.77],[145.54,18.89],[145.69,18.96],[145.83,18.96],[145.87,18.89],[145.84,18.75]],[[143.33,18.96],[143.35,18.9],[143.28,18.78],[143.18,18.72],[143.06,18.74],[142.97,18.98],[142.76,18.86],[142.68,18.86],[142.66,18.89],[142.75,19.03],[142.9,19.13],[142.94,19.28],[142.86,19.44],[142.92,19.51],[142.99,19.53],[143.04,19.51],[143.09,19.39],[143.25,19.26],[143.26,19.2],[143.21,19.1],[143.33,18.96]],[[145.42,19.3],[145.37,19.36],[145.38,19.5],[145.54,19.55],[145.59,19.53],[145.62,19.48],[145.59,19.35],[145.49,19.28],[145.42,19.3]],[[142.68,19.55],[142.61,19.56],[142.58,19.63],[142.63,19.75],[142.75,19.82],[142.78,19.87],[142.75,20.11],[142.61,20.23],[142.44,20.2],[142.39,20.26],[142.43,20.54],[142.52,20.69],[142.51,20.76],[142.46,20.81],[142.46,21.01],[142.5,21.05],[142.62,21.0],[142.63,20.93],[142.78,20.76],[142.8,20.59],[142.94,20.45],[142.97,20.09],[143.05,19.82],[143.0,19.78],[142.88,19.76],[142.68,19.55]],[[136.17,20.52],[136.23,20.44],[136.21,20.36],[136.09,20.29],[135.98,20.31],[135.97,20.46],[136.08,20.51],[136.17,20.52]],[[144.65,20.56],[144.48,20.68],[144.4,20.76],[144.41,20.9],[144.48,20.95],[144.48,21.12],[144.61,21.14],[144.67,21.07],[144.64,20.98],[144.55,20.92],[144.57,20.89],[144.73,20.9],[144.8,20.83],[144.72,20.69],[144.71,20.57],[144.65,20.56]],[[144.02,21.09],[143.9,21.06],[143.86,21.12],[143.88,21.17],[143.99,21.19],[144.04,21.12],[144.02,21.09]],[[144.75,21.18],[144.44,21.31],[144.35,21.43],[144.37,21.51],[144.56,21.56],[144.6,21.53],[144.7,21.31],[144.98,21.34],[145.03,21.3],[145.04,21.21],[145.17,21.17],[145.22,21.13],[145.26,21.06],[145.31,20.77],[145.18,20.72],[144.95,20.72],[145.19,20.5],[145.2,20.42],[145.16,20.39],[145.04,20.38],[144.94,20.45],[144.81,20.46],[144.77,20.5],[144.76,20.62],[144.91,20.71],[144.86,20.81],[144.91,20.93],[144.75,21.18]],[[144.22,21.5],[144.27,21.46],[144.31,21.32],[144.29,21.26],[144.22,21.24],[144.09,21.28],[144.06,21.37],[144.09,21.46],[144.22,21.5]],[[128.58,21.48],[128.55,21.42],[128.51,21.41],[128.43,21.47],[128.48,21.53],[128.55,21.52],[128.58,21.48]],[[143.76,21.55],[143.7,21.53],[143.58,21.59],[143.57,21.66],[143.59,21.7],[143.67,21.73],[143.74,21.69],[143.78,21.62],[143.76,21.55]],[[160.49,21.69],[160.57,21.76],[160.74,21.81],[160.8,21.77],[160.73,21.63],[160.63,21.55],[160.53,21.58],[160.49,21.69]],[[143.9,21.83],[143.8,21.93],[143.79,21.98],[143.87,22.05],[143.94,22.01],[144.01,21.86],[144.0,21.81],[143.9,21.83]],[[143.61,22.02],[143.54,21.85],[143.42,21.84],[143.37,21.89],[143.38,22.0],[143.43,22.06],[143.54,22.09],[143.61,22.02]],[[159.49,21.98],[159.39,21.97],[159.27,22.02],[159.23,22.1],[159.25,22.16],[159.31,22.18],[159.4,22.14],[159.5,22.05],[159.49,21.98]],[[171.69,22.0],[171.63,22.04],[171.65,22.12],[171.7,22.11],[171.76,22.05],[171.74,22.01],[171.69,22.0]],[[174.83,21.81],[174.9,21.91],[175.07,21.93],[175.21,21.85],[175.24,21.78],[175.22,21.7],[175.13,21.63],[174.96,21.59],[174.87,21.64],[174.83,21.81]],[[153.12,21.36],[153.16,21.41],[153.25,21.43],[153.31,21.41],[153.34,21.34],[153.27,21.27],[153.17,21.24],[153.11,21.29],[153.12,21.36]],[[154.61,21.24],[154.82,21.33],[155.03,21.18],[155.09,21.05],[155.07,20.87],[154.99,20.83],[154.93,20.84],[154.88,21.0],[154.59,21.15],[154.61,21.24]],[[158.23,21.07],[158.21,21.15],[158.24,21.23],[158.35,21.28],[158.6,21.19],[158.63,21.13],[158.6,21.05],[158.53,21.01],[158.23,21.07]],[[162.8,21.15],[162.74,21.19],[162.72,21.25],[162.8,21.32],[162.86,21.3],[162.89,21.22],[162.86,21.17],[162.8,21.15]],[[163.14,21.18],[163.21,21.3],[163.37,21.32],[163.44,21.26],[163.49,21.09],[163.37,21.01],[163.26,21.01],[163.17,21.07],[163.14,21.18]],[[173.7,21.25],[173.75,21.3],[173.92,21.29],[173.99,21.25],[174.0,21.19],[173.94,21.12],[173.81,21.1],[173.71,21.15],[173.7,21.25]],[[166.52,21.23],[166.62,21.15],[166.63,21.06],[166.58,21.02],[166.5,21.05],[166.45,21.14],[166.46,21.22],[166.52,21.23]],[[157.32,21.07],[157.42,21.0],[157.43,20.93],[157.39,20.89],[157.23,20.88],[157.09,20.94],[157.08,20.99],[157.13,21.05],[157.32,21.07]],[[173.3,20.9],[173.38,20.94],[173.46,20.91],[173.51,20.86],[173.52,20.78],[173.45,20.74],[173.35,20.75],[173.28,20.82],[173.3,20.9]],[[156.34,20.86],[156.21,20.84],[156.18,20.9],[156.29,20.98],[156.34,20.95],[156.34,20.86]],[[146.4,20.5],[146.51,20.52],[146.57,20.46],[146.64,20.17],[146.62,20.14],[146.5,20.14],[146.46,20.17],[146.45,20.33],[146.38,20.45],[146.4,20.5]],[[149.49,20.27],[149.6,20.41],[149.73,20.45],[149.84,20.28],[149.86,20.21],[149.82,20.14],[149.68,20.09],[149.53,20.14],[149.49,20.2],[149.49,20.27]],[[151.18,20.44],[151.15,20.47],[151.17,20.52],[151.23,20.55],[151.28,20.54],[151.27,20.46],[151.18,20.44]],[[155.92,20.44],[155.96,20.5],[156.04,20.52],[156.09,20.5],[156.11,20.44],[156.09,20.36],[156.04,20.32],[155.97,20.34],[155.92,20.44]],[[156.37,20.33],[156.41,20.5],[156.52,20.52],[156.63,20.47],[156.7,20.14],[156.66,19.97],[156.6,19.89],[156.53,19.91],[156.52,20.1],[156.37,20.33]],[[163.32,20.11],[163.17,20.2],[162.95,20.25],[162.95,20.39],[163.01,20.42],[163.44,20.42],[163.51,20.14],[163.32,20.11]],[[171.98,20.11],[172.06,20.3],[172.2,20.38],[172.22,20.28],[172.14,20.09],[172.05,20.03],[172.01,20.04],[171.98,20.11]],[[176.14,20.15],[176.02,20.25],[176.02,20.32],[176.05,20.34],[176.16,20.35],[176.21,20.31],[176.21,20.17],[176.14,20.15]],[[176.52,20.17],[176.58,20.15],[176.61,20.08],[176.57,20.01],[176.5,19.99],[176.44,20.03],[176.44,20.08],[176.52,20.17]],[[176.8,20.08],[176.86,20.04],[176.83,19.93],[176.76,19.89],[176.65,19.92],[176.63,20.0],[176.66,20.06],[176.8,20.08]],[[173.63,19.99],[173.49,20.02],[173.48,20.06],[173.57,20.15],[173.65,20.13],[173.69,20.05],[173.63,19.99]],[[173.0,19.98],[173.02,19.92],[172.98,19.86],[172.92,19.85],[172.86,19.88],[172.9,19.98],[173.0,19.98]],[[172.02,19.96],[172.09,19.85],[172.12,19.71],[172.07,19.57],[171.98,19.54],[171.89,19.57],[171.84,19.67],[171.89,19.93],[172.02,19.96]],[[173.92,19.56],[173.9,19.62],[173.96,19.68],[174.03,19.67],[174.09,19.59],[174.05,19.52],[173.92,19.56]],[[167.08,19.53],[167.01,19.51],[166.91,19.57],[166.84,19.69],[166.86,19.77],[166.95,19.79],[167.02,19.74],[167.09,19.6],[167.08,19.53]],[[167.5,19.51],[167.59,19.49],[167.63,19.36],[167.55,19.23],[167.43,19.21],[167.32,19.29],[167.28,19.44],[167.5,19.51]],[[166.68,19.44],[166.74,19.4],[166.8,19.28],[166.78,19.2],[166.72,19.17],[166.56,19.22],[166.5,19.31],[166.56,19.42],[166.68,19.44]],[[165.14,19.25],[165.14,19.16],[165.09,19.03],[165.05,18.98],[164.95,18.98],[164.82,19.06],[164.75,19.17],[164.73,19.43],[164.76,19.46],[165.01,19.5],[165.05,19.47],[165.14,19.25]],[[162.21,19.26],[162.26,19.23],[162.28,19.16],[162.23,19.07],[162.17,19.04],[162.09,19.09],[162.06,19.18],[162.13,19.24],[162.21,19.26]],[[152.84,19.22],[152.8,19.14],[152.69,19.14],[152.59,19.2],[152.57,19.3],[152.65,19.36],[152.74,19.37],[152.79,19.34],[152.84,19.22]],[[145.83,19.37],[145.75,19.39],[145.73,19.49],[145.74,19.52],[145.86,19.56],[145.91,19.53],[145.93,19.46],[145.83,19.37]],[[149.21,19.46],[149.04,19.61],[148.9,19.63],[148.72,19.73],[148.56,19.75],[148.47,19.81],[148.46,19.86],[148.54,19.9],[148.73,19.88],[148.85,19.99],[149.03,20.01],[149.21,19.85],[149.26,19.68],[149.33,19.61],[149.32,19.48],[149.21,19.46]],[[145.51,19.83],[145.54,19.78],[145.53,19.64],[145.43,19.56],[145.34,19.58],[145.29,19.67],[145.32,19.78],[145.45,19.85],[145.51,19.83]],[[145.29,19.9],[145.16,19.92],[144.99,20.13],[144.97,20.2],[145.0,20.26],[145.1,20.29],[145.2,20.27],[145.27,20.21],[145.32,20.27],[145.29,20.44],[145.39,20.49],[145.45,20.44],[145.66,20.04],[145.64,20.0],[145.57,19.97],[145.43,20.03],[145.37,19.94],[145.29,19.9]],[[148.97,20.08],[148.91,20.13],[148.91,20.18],[148.97,20.25],[149.03,20.26],[149.08,20.21],[149.08,20.13],[149.05,20.1],[148.97,20.08]],[[150.02,20.1],[150.09,20.18],[150.29,20.16],[150.38,20.04],[150.36,19.87],[150.27,19.84],[150.12,19.87],[150.04,19.99],[150.02,20.1]],[[151.65,19.97],[151.59,20.03],[151.59,20.08],[151.63,20.14],[151.71,20.14],[151.74,20.09],[151.74,20.01],[151.65,19.97]],[[151.64,19.85],[151.75,19.88],[151.81,19.78],[151.72,19.59],[151.61,19.53],[151.55,19.56],[151.53,19.62],[151.54,19.7],[151.64,19.85]],[[157.37,19.85],[157.46,19.85],[157.49,19.75],[157.44,19.73],[157.35,19.76],[157.37,19.85]],[[160.0,19.74],[160.25,19.85],[160.34,19.85],[160.53,19.5],[160.43,19.5],[160.28,19.56],[160.04,19.57],[159.98,19.63],[160.0,19.74]],[[162.0,19.51],[161.98,19.6],[162.04,19.73],[162.11,19.79],[162.21,19.81],[162.31,19.79],[162.38,19.73],[162.47,19.52],[162.44,19.43],[162.29,19.38],[162.24,19.39],[162.24,19.51],[162.09,19.48],[162.0,19.51]],[[164.59,19.59],[164.59,19.69],[164.67,19.72],[164.7,19.68],[164.69,19.62],[164.64,19.58],[164.59,19.59]],[[162.06,19.42],[162.09,19.37],[162.08,19.32],[161.96,19.31],[161.95,19.36],[161.98,19.39],[162.06,19.42]],[[159.61,19.42],[159.61,19.35],[159.57,19.32],[159.5,19.38],[159.5,19.42],[159.54,19.46],[159.61,19.42]],[[158.0,19.47],[157.83,19.48],[157.77,19.51],[157.75,19.56],[157.86,19.68],[158.0,19.65],[158.09,19.59],[158.11,19.53],[158.0,19.47]],[[153.67,19.61],[153.56,19.49],[153.44,19.51],[153.4,19.57],[153.42,19.67],[153.53,19.7],[153.62,19.81],[153.71,19.83],[153.74,19.78],[153.67,19.61]],[[150.8,19.8],[150.93,19.75],[150.93,19.65],[150.78,19.6],[150.66,19.62],[150.62,19.69],[150.64,19.76],[150.8,19.8]],[[157.5,19.95],[157.43,19.96],[157.41,20.01],[157.49,20.09],[157.54,20.03],[157.5,19.95]],[[148.6,23.08],[148.66,22.97],[148.64,22.92],[148.57,22.89],[148.51,22.94],[148.5,23.01],[148.53,23.08],[148.6,23.08]],[[155.12,22.8],[155.02,22.79],[155.01,22.89],[155.11,22.87],[155.12,22.8]],[[156.99,23.07],[157.02,22.99],[156.98,22.93],[156.91,22.92],[156.83,22.97],[156.82,23.03],[156.85,23.08],[156.92,23.1],[156.99,23.07]],[[151.95,23.57],[151.77,23.59],[151.74,23.67],[151.78,23.75],[151.92,23.78],[152.01,23.73],[152.04,23.62],[151.95,23.57]],[[148.82,23.78],[148.75,23.77],[148.72,23.84],[148.76,23.9],[148.85,23.92],[148.88,23.86],[148.82,23.78]],[[157.44,23.54],[157.3,23.47],[157.24,23.48],[157.18,23.73],[157.28,23.77],[157.45,23.7],[157.49,23.63],[157.44,23.54]],[[136.68,21.87],[136.72,21.82],[136.69,21.76],[136.58,21.77],[136.58,21.85],[136.68,21.87]],[[122.99,21.95],[122.93,21.95],[122.91,22.01],[122.95,22.18],[122.99,21.95]],[[134.88,22.96],[134.86,22.91],[134.67,22.9],[134.41,22.96],[134.37,23.02],[134.4,23.09],[134.51,23.11],[134.78,23.04],[134.88,22.96]],[[133.06,23.95],[133.13,23.89],[133.13,23.78],[132.83,23.81],[132.74,23.87],[132.78,23.95],[133.06,23.95]],[[131.56,24.21],[131.51,24.16],[131.45,24.17],[131.4,24.27],[131.42,24.34],[131.55,24.33],[131.56,24.21]],[[132.1,24.22],[131.91,24.27],[131.86,24.31],[131.9,24.5],[132.0,24.53],[132.07,24.49],[132.15,24.24],[132.1,24.22]],[[131.57,24.47],[131.54,24.43],[131.41,24.4],[131.11,24.43],[131.06,24.47],[131.09,24.58],[130.98,24.62],[130.99,24.69],[131.04,24.7],[131.12,24.64],[131.3,24.62],[131.47,24.67],[131.54,24.6],[131.57,24.47]],[[134.29,24.53],[134.29,24.57],[134.43,24.65],[134.49,24.56],[134.43,24.5],[134.29,24.53]],[[131.05,25.01],[131.16,24.9],[131.16,24.82],[130.97,24.78],[130.92,24.83],[130.91,24.96],[130.95,25.01],[131.05,25.01]],[[136.05,25.24],[136.17,25.16],[136.18,25.08],[136.04,25.04],[135.98,25.06],[135.93,25.21],[135.96,25.24],[136.05,25.24]],[[133.32,25.31],[133.28,25.26],[133.22,25.25],[132.88,25.32],[132.55,25.51],[132.41,25.51],[132.24,25.56],[132.1,25.54],[131.91,25.59],[131.71,25.58],[131.69,25.7],[131.52,25.68],[131.52,25.75],[131.6,25.92],[131.56,25.96],[131.31,25.76],[131.19,25.74],[131.13,25.84],[131.16,25.98],[131.0,26.03],[131.01,26.13],[131.1,26.16],[131.4,26.06],[131.48,26.16],[131.63,26.15],[131.71,26.09],[131.86,25.85],[131.98,25.85],[132.07,25.8],[132.25,25.82],[132.36,25.75],[132.53,25.82],[132.72,25.61],[132.89,25.61],[133.06,25.51],[133.3,25.5],[133.34,25.42],[133.48,25.44],[133.53,25.41],[133.51,25.31],[133.32,25.31]],[[130.97,26.14],[130.91,26.11],[130.84,26.12],[130.8,26.19],[130.85,26.25],[130.91,26.26],[130.98,26.2],[130.97,26.14]],[[135.7,26.26],[135.74,26.32],[135.83,26.3],[135.96,26.11],[135.95,26.03],[135.87,26.0],[135.74,26.06],[135.7,26.26]],[[140.76,26.02],[140.71,26.23],[140.73,26.32],[140.79,26.4],[140.93,26.47],[141.07,26.42],[141.1,26.33],[141.26,26.21],[141.26,26.12],[141.22,26.05],[140.96,25.88],[140.76,25.87],[140.76,26.02]],[[144.05,25.87],[143.98,25.93],[143.93,26.06],[143.95,26.16],[144.02,26.23],[144.21,26.28],[144.38,26.21],[144.42,26.13],[144.4,26.0],[144.22,25.88],[144.05,25.87]],[[135.52,25.86],[135.6,25.82],[135.6,25.75],[135.77,25.64],[135.75,25.54],[135.54,25.48],[135.44,25.51],[135.46,25.59],[135.58,25.68],[135.5,25.8],[135.34,25.86],[135.34,25.92],[135.49,25.95],[135.52,25.86]],[[145.92,25.82],[145.87,25.86],[145.89,25.9],[145.97,25.91],[146.03,25.88],[146.01,25.83],[145.92,25.82]],[[133.86,25.59],[133.89,25.54],[133.85,25.45],[133.74,25.38],[133.64,25.38],[133.6,25.45],[133.63,25.52],[133.86,25.59]],[[132.89,25.73],[132.77,25.72],[132.74,25.78],[132.78,25.84],[132.85,25.85],[132.89,25.82],[132.89,25.73]],[[135.03,25.77],[134.99,25.84],[135.02,25.92],[135.19,25.95],[135.26,25.92],[135.28,25.87],[135.24,25.8],[135.13,25.76],[135.03,25.77]],[[141.08,26.9],[141.19,26.81],[141.21,26.69],[140.99,26.51],[140.89,26.5],[140.81,26.59],[140.67,26.6],[140.66,26.71],[140.74,26.71],[140.98,26.87],[141.08,26.9]],[[135.67,26.71],[135.61,26.68],[135.35,26.69],[135.23,26.71],[135.21,26.76],[135.33,26.9],[135.41,26.93],[135.48,26.83],[135.67,26.86],[135.7,26.78],[135.67,26.71]],[[139.7,27.09],[139.6,27.08],[139.54,27.15],[139.56,27.22],[139.69,27.28],[139.74,27.26],[139.76,27.18],[139.7,27.09]],[[140.82,27.11],[140.64,27.22],[140.62,27.27],[140.65,27.35],[141.02,27.38],[141.05,27.25],[141.01,27.13],[140.96,27.1],[140.82,27.11]],[[140.88,27.78],[140.89,27.65],[140.82,27.61],[140.76,27.62],[140.75,27.75],[140.88,27.78]],[[134.82,28.01],[134.84,27.93],[134.78,27.84],[134.57,27.84],[134.55,27.9],[134.58,27.94],[134.82,28.01]],[[131.87,28.01],[131.49,28.04],[131.46,28.1],[131.47,28.15],[131.87,28.2],[131.93,28.1],[131.87,28.01]],[[132.15,28.04],[132.11,28.13],[132.19,28.2],[132.37,28.22],[132.43,28.18],[132.41,28.09],[132.15,28.04]],[[134.66,28.04],[134.61,28.08],[134.64,28.15],[134.7,28.18],[134.75,28.16],[134.79,28.11],[134.78,28.06],[134.73,28.03],[134.66,28.04]],[[140.65,28.42],[140.77,28.35],[140.76,28.27],[140.73,28.25],[140.54,28.26],[140.46,28.32],[140.52,28.42],[140.65,28.42]],[[134.33,28.4],[134.25,28.37],[134.2,28.46],[134.32,28.54],[134.36,28.53],[134.33,28.4]],[[140.21,28.46],[140.16,28.56],[140.21,28.66],[140.33,28.69],[140.42,28.66],[140.4,28.56],[140.34,28.49],[140.21,28.46]],[[140.75,28.68],[140.81,28.66],[140.81,28.59],[140.73,28.53],[140.64,28.54],[140.65,28.65],[140.75,28.68]],[[120.9,20.4],[121.02,20.35],[121.12,20.26],[121.18,20.08],[121.19,19.94],[121.17,19.8],[120.97,19.55],[120.8,19.43],[120.74,19.48],[120.7,19.64],[120.73,19.75],[120.86,19.85],[120.79,20.02],[120.84,20.18],[120.78,20.32],[120.82,20.4],[120.9,20.4]],[[116.49,19.58],[116.55,19.52],[116.54,19.46],[116.49,19.44],[116.39,19.47],[116.37,19.52],[116.4,19.56],[116.49,19.58]],[[120.12,18.89],[120.3,18.99],[120.36,18.97],[120.39,18.9],[120.3,18.78],[120.17,18.72],[120.12,18.77],[120.12,18.89]],[[119.96,18.47],[119.91,18.52],[119.9,18.59],[120.0,18.66],[120.05,18.61],[120.06,18.51],[120.02,18.46],[119.96,18.47]],[[113.63,18.03],[113.55,18.08],[113.55,18.12],[113.63,18.18],[113.75,18.17],[113.77,18.08],[113.74,18.04],[113.63,18.03]],[[115.07,17.31],[115.02,17.37],[115.06,17.42],[115.12,17.45],[115.19,17.43],[115.2,17.33],[115.07,17.31]],[[118.75,17.33],[118.88,17.33],[118.92,17.31],[118.92,17.24],[118.8,17.11],[118.62,17.08],[118.57,17.15],[118.6,17.22],[118.75,17.33]],[[115.15,17.19],[115.22,17.17],[115.25,17.11],[115.19,17.02],[115.06,17.01],[114.96,17.07],[114.96,17.11],[115.01,17.16],[115.15,17.19]],[[114.9,17.18],[114.91,17.12],[114.88,17.06],[114.81,17.04],[114.76,17.06],[114.76,17.16],[114.84,17.2],[114.9,17.18]],[[114.89,16.75],[114.8,16.81],[114.79,16.89],[114.89,16.96],[114.96,16.96],[115.01,16.92],[115.06,16.8],[115.04,16.75],[114.98,16.73],[114.89,16.75]],[[116.61,16.73],[116.69,16.76],[116.83,16.72],[116.88,16.66],[116.87,16.58],[116.78,16.53],[116.67,16.56],[116.58,16.66],[116.61,16.73]],[[114.45,16.45],[114.72,16.48],[114.98,16.34],[115.15,16.3],[114.8,15.65],[114.65,15.57],[114.48,15.53],[114.35,15.35],[114.28,15.31],[113.98,15.36],[113.54,15.54],[113.52,15.62],[113.56,15.71],[113.61,15.75],[113.76,15.79],[113.74,15.96],[113.88,16.25],[114.03,16.26],[114.1,16.42],[114.14,16.42],[114.24,16.34],[114.45,16.45]],[[116.72,16.32],[116.68,16.36],[116.69,16.43],[116.75,16.47],[116.79,16.46],[116.82,16.36],[116.76,16.31],[116.72,16.32]],[[116.21,15.5],[116.12,15.59],[116.19,15.66],[116.27,15.64],[116.31,15.56],[116.29,15.5],[116.21,15.5]],[[118.51,15.5],[118.62,15.61],[118.76,15.61],[118.77,15.53],[118.67,15.43],[118.54,15.42],[118.51,15.5]],[[118.3,15.41],[118.36,15.36],[118.36,15.28],[118.34,15.25],[118.25,15.25],[118.17,15.34],[118.23,15.41],[118.3,15.41]],[[117.86,15.32],[117.98,15.19],[117.97,15.08],[117.88,15.03],[117.71,15.04],[117.6,15.18],[117.61,15.26],[117.71,15.34],[117.86,15.32]],[[116.72,15.11],[116.69,15.05],[116.52,15.0],[116.47,14.9],[116.43,14.89],[116.38,14.92],[116.39,14.98],[116.45,15.02],[116.49,15.14],[116.65,15.19],[116.7,15.17],[116.72,15.11]],[[112.74,14.88],[112.79,14.79],[112.78,14.74],[112.68,14.73],[112.62,14.76],[112.61,14.82],[112.63,14.86],[112.74,14.88]],[[117.16,15.12],[117.08,15.19],[117.11,15.26],[117.19,15.25],[117.26,15.19],[117.25,15.13],[117.16,15.12]],[[119.44,14.57],[119.5,14.57],[119.51,14.51],[119.46,14.42],[119.4,14.41],[119.37,14.43],[119.38,14.54],[119.44,14.57]],[[115.44,14.46],[115.5,14.38],[115.49,14.33],[115.43,14.31],[115.33,14.35],[115.32,14.41],[115.34,14.45],[115.44,14.46]],[[112.76,14.43],[112.82,14.39],[112.84,14.32],[112.82,14.28],[112.75,14.26],[112.78,14.11],[112.7,13.97],[112.82,13.65],[112.73,13.56],[112.64,13.22],[112.54,13.22],[112.52,13.28],[112.51,13.37],[112.56,13.49],[112.54,13.6],[112.57,13.87],[112.5,13.79],[112.49,13.66],[112.44,13.6],[112.41,13.44],[112.28,13.23],[112.21,13.23],[112.18,13.27],[112.15,13.39],[111.92,13.39],[111.91,13.45],[111.96,13.51],[112.25,13.7],[112.28,13.84],[112.42,13.92],[112.44,13.97],[112.49,13.97],[112.51,14.04],[112.6,14.1],[112.61,14.23],[112.68,14.26],[112.65,14.41],[112.69,14.44],[112.76,14.43]],[[115.44,14.12],[115.53,14.1],[115.58,14.03],[115.58,13.93],[115.51,13.86],[115.41,13.86],[115.31,13.98],[115.33,14.07],[115.44,14.12]],[[113.29,13.94],[113.2,13.88],[113.13,13.92],[113.12,13.98],[113.16,14.04],[113.29,14.07],[113.32,14.04],[113.29,13.94]],[[114.89,13.96],[114.82,14.0],[114.82,14.06],[114.96,14.11],[114.99,14.06],[114.99,13.98],[114.89,13.96]],[[114.9,13.34],[114.85,13.37],[114.84,13.43],[114.93,13.49],[114.98,13.46],[115.0,13.37],[114.96,13.33],[114.9,13.34]],[[111.41,13.67],[111.45,13.64],[111.45,13.56],[111.39,13.51],[111.31,13.53],[111.3,13.61],[111.34,13.66],[111.41,13.67]],[[112.04,13.85],[111.93,13.87],[111.91,13.96],[111.94,14.02],[112.13,14.06],[112.25,14.01],[112.3,14.02],[112.32,14.18],[112.48,14.38],[112.56,14.38],[112.57,14.25],[112.53,14.11],[112.45,14.01],[112.34,13.99],[112.29,13.89],[112.18,13.92],[112.04,13.85]],[[111.33,12.7],[111.28,12.77],[111.34,12.82],[111.43,12.85],[111.5,12.82],[111.53,12.75],[111.5,12.71],[111.33,12.7]],[[116.5,12.04],[116.47,12.1],[116.5,12.14],[116.54,12.17],[116.61,12.16],[116.62,12.05],[116.5,12.04]],[[111.13,10.79],[111.1,10.86],[111.12,10.92],[111.22,10.98],[111.26,10.93],[111.26,10.84],[111.19,10.78],[111.13,10.79]],[[110.82,10.68],[110.85,10.73],[110.9,10.74],[110.95,10.7],[110.95,10.63],[110.88,10.6],[110.82,10.68]],[[111.15,10.16],[111.29,10.24],[111.35,10.17],[111.29,10.03],[111.18,9.96],[111.12,10.01],[111.15,10.16]],[[113.6,9.84],[113.55,9.89],[113.54,9.96],[113.57,10.03],[113.64,10.08],[113.7,10.04],[113.71,9.94],[113.68,9.86],[113.6,9.84]],[[113.81,9.59],[113.78,9.77],[113.84,9.83],[113.91,9.8],[113.92,9.62],[113.9,9.58],[113.81,9.59]],[[113.06,9.1],[113.02,9.17],[113.05,9.31],[113.11,9.41],[113.2,9.43],[113.25,9.37],[113.2,9.2],[113.13,9.1],[113.06,9.1]],[[125.87,-0.4],[126.0,-0.36],[126.13,-0.63],[126.14,-0.72],[126.1,-0.94],[126.21,-1.1],[126.2,-1.24],[126.12,-1.27],[126.0,-1.13],[125.89,-1.22],[125.78,-1.17],[125.66,-1.26],[125.49,-1.26],[125.45,-1.22],[125.44,-1.15],[125.59,-1.01],[125.52,-0.94],[125.54,-0.7],[125.64,-0.67],[125.86,-0.46],[125.87,-0.4]],[[124.59,-0.42],[124.63,-0.5],[124.58,-0.66],[124.45,-0.76],[124.32,-0.73],[124.27,-0.62],[124.3,-0.54],[124.42,-0.44],[124.59,-0.42]],[[149.05,2.0],[149.01,2.1],[149.04,2.16],[149.1,2.18],[149.15,2.12],[149.15,2.04],[149.11,1.99],[149.05,2.0]],[[131.4,1.54],[131.33,1.62],[131.36,1.73],[131.42,1.78],[131.53,1.79],[131.56,1.75],[131.54,1.63],[131.5,1.56],[131.4,1.54]],[[149.1,1.57],[149.04,1.62],[149.02,1.69],[149.11,1.74],[149.16,1.72],[149.19,1.64],[149.16,1.58],[149.1,1.57]],[[134.21,0.89],[134.22,1.01],[134.29,1.07],[134.46,1.08],[134.55,1.04],[134.54,0.94],[134.47,0.86],[134.42,0.68],[134.37,0.63],[134.27,0.67],[134.21,0.89]],[[134.08,0.83],[134.16,0.75],[134.12,0.68],[134.05,0.7],[134.01,0.76],[134.02,0.81],[134.08,0.83]],[[134.3,-0.14],[134.42,-0.13],[134.46,-0.21],[134.44,-0.27],[134.4,-0.29],[134.4,-0.34],[134.28,-0.39],[134.24,-0.37],[134.19,-0.28],[134.24,-0.18],[134.3,-0.14]],[[145.7,-0.57],[145.94,-0.52],[146.02,-0.57],[145.92,-0.76],[145.73,-0.77],[145.69,-0.95],[145.58,-1.09],[145.41,-1.04],[145.29,-0.9],[145.02,-0.93],[144.95,-0.87],[144.92,-0.8],[144.95,-0.72],[145.04,-0.76],[145.1,-0.65],[145.48,-0.6],[145.53,-0.61],[145.58,-0.73],[145.65,-0.74],[145.61,-0.62],[145.7,-0.57]],[[146.94,-0.59],[147.04,-0.63],[147.01,-0.71],[146.92,-0.71],[146.88,-0.67],[146.88,-0.6],[146.94,-0.59]],[[148.34,-0.71],[148.43,-0.7],[148.52,-0.74],[148.58,-0.84],[148.56,-0.91],[148.41,-1.0],[148.32,-0.99],[148.28,-0.94],[148.27,-0.81],[148.34,-0.71]],[[145.94,-0.77],[146.01,-0.75],[146.1,-0.78],[146.12,-0.85],[146.08,-0.92],[146.0,-0.93],[145.92,-0.88],[145.9,-0.81],[145.94,-0.77]],[[146.18,-0.92],[146.26,-0.83],[146.31,-0.83],[146.35,-0.87],[146.32,-0.97],[146.23,-0.98],[146.18,-0.92]],[[143.39,-0.94],[143.54,-0.86],[143.59,-0.89],[143.62,-0.95],[143.59,-0.99],[143.48,-1.02],[143.38,-0.98],[143.39,-0.94]],[[142.98,-1.54],[142.93,-1.45],[142.98,-1.37],[143.12,-1.32],[143.26,-1.34],[143.28,-1.4],[143.23,-1.5],[143.1,-1.55],[142.98,-1.54]],[[142.89,-1.6],[143.0,-1.62],[143.02,-1.76],[142.99,-1.81],[142.85,-1.83],[142.72,-1.8],[142.7,-1.72],[142.73,-1.63],[142.89,-1.6]],[[142.6,-1.7],[142.64,-1.77],[142.6,-1.87],[142.47,-1.98],[142.39,-1.97],[142.38,-1.91],[142.44,-1.8],[142.49,-1.74],[142.6,-1.7]],[[141.88,-1.87],[141.99,-1.93],[142.01,-1.97],[141.99,-2.01],[141.86,-2.05],[141.7,-2.0],[141.7,-1.94],[141.75,-1.89],[141.88,-1.87]],[[141.45,-1.91],[141.57,-1.96],[141.54,-2.05],[141.32,-2.05],[141.23,-1.98],[141.28,-1.91],[141.45,-1.91]],[[143.06,-2.65],[143.19,-2.56],[143.33,-2.54],[143.4,-2.59],[143.41,-2.75],[143.36,-2.81],[143.16,-2.76],[142.99,-2.86],[142.8,-2.9],[142.74,-2.88],[142.73,-2.77],[142.78,-2.7],[142.87,-2.66],[143.06,-2.65]],[[145.31,-3.46],[145.25,-3.44],[145.23,-3.33],[145.37,-3.29],[145.46,-3.2],[145.66,-3.22],[145.88,-3.18],[145.94,-3.26],[145.9,-3.38],[145.85,-3.41],[145.7,-3.38],[145.31,-3.46]],[[147.0,-1.04],[146.92,-1.0],[146.89,-0.93],[146.89,-0.85],[146.94,-0.79],[147.03,-0.78],[147.14,-0.89],[147.36,-0.84],[147.41,-0.86],[147.43,-0.93],[147.34,-1.02],[147.17,-1.05],[147.0,-1.04]],[[159.57,2.81],[159.67,2.77],[159.71,2.67],[159.68,2.57],[159.55,2.54],[159.47,2.58],[159.43,2.66],[159.46,2.78],[159.57,2.81]],[[174.16,2.39],[174.26,2.39],[174.31,2.26],[174.44,2.22],[174.48,2.12],[174.46,2.07],[174.37,2.08],[174.29,2.18],[174.17,2.24],[174.11,2.33],[174.16,2.39]],[[173.36,2.2],[173.42,2.13],[173.43,2.01],[173.39,1.91],[173.29,1.89],[173.19,1.96],[173.17,2.06],[173.24,2.18],[173.36,2.2]],[[172.93,2.11],[173.05,2.05],[173.13,1.95],[173.16,1.82],[173.12,1.63],[173.31,1.39],[173.3,1.31],[173.15,1.26],[173.2,0.89],[173.16,0.79],[173.06,0.74],[172.85,0.79],[172.8,0.9],[172.82,1.02],[172.91,1.21],[172.79,1.4],[172.78,1.73],[172.7,1.95],[172.82,2.09],[172.93,2.11]],[[175.83,1.39],[175.79,1.44],[175.79,1.51],[175.84,1.56],[175.9,1.57],[175.94,1.52],[175.94,1.43],[175.83,1.39]],[[173.58,2.38],[173.67,2.33],[173.61,2.25],[173.48,2.27],[173.43,2.32],[173.46,2.37],[173.58,2.38]],[[173.71,0.46],[173.77,0.59],[173.92,0.6],[174.05,0.48],[174.07,0.3],[173.97,0.22],[173.82,0.24],[173.73,0.32],[173.71,0.46]],[[173.69,0.33],[173.74,0.29],[173.75,0.2],[173.71,0.08],[173.64,0.02],[173.32,0.11],[173.23,0.22],[173.21,0.32],[173.27,0.41],[173.38,0.43],[173.52,0.34],[173.69,0.33]],[[166.9,-0.7],[166.84,-0.63],[166.82,-0.49],[166.91,-0.41],[167.01,-0.4],[167.1,-0.49],[167.11,-0.59],[166.96,-0.71],[166.9,-0.7]],[[174.06,-0.71],[174.08,-0.53],[174.14,-0.43],[174.2,-0.4],[174.51,-0.51],[174.62,-0.87],[174.92,-1.17],[174.98,-1.27],[175.17,-1.39],[175.2,-1.54],[175.16,-1.63],[175.0,-1.67],[174.81,-1.61],[174.68,-1.44],[174.48,-0.97],[174.32,-0.9],[174.06,-0.71]],[[178.01,-0.75],[177.97,-0.69],[178.0,-0.63],[178.08,-0.6],[178.15,-0.62],[178.12,-0.73],[178.01,-0.75]],[[176.0,-1.45],[175.91,-1.42],[175.82,-1.31],[175.84,-1.19],[175.92,-1.13],[176.1,-1.21],[176.19,-1.34],[176.16,-1.42],[176.0,-1.45]],[[176.35,-1.44],[176.3,-1.35],[176.32,-1.25],[176.44,-1.2],[176.53,-1.23],[176.58,-1.31],[176.59,-1.49],[176.52,-1.52],[176.35,-1.44]],[[169.6,-0.76],[169.65,-0.82],[169.66,-0.89],[169.62,-0.94],[169.51,-0.93],[169.47,-0.88],[169.46,-0.81],[169.51,-0.77],[169.6,-0.76]],[[175.56,-2.08],[175.5,-2.01],[175.42,-1.81],[175.43,-1.73],[175.51,-1.68],[175.62,-1.72],[175.71,-1.88],[175.71,-1.95],[175.64,-2.07],[175.56,-2.08]],[[175.99,-2.57],[175.94,-2.52],[175.93,-2.44],[175.97,-2.39],[176.01,-2.38],[176.08,-2.43],[176.08,-2.51],[176.05,-2.56],[175.99,-2.57]],[[176.65,-2.5],[176.72,-2.45],[176.9,-2.5],[176.99,-2.6],[176.99,-2.68],[176.91,-2.77],[176.83,-2.76],[176.72,-2.67],[176.65,-2.5]],[[178.88,53.9],[178.83,53.97],[178.84,54.01],[178.94,54.06],[178.99,54.05],[179.0,53.91],[178.96,53.88],[178.88,53.9]]],[[[158.46,1.37],[155.98,2.91],[151.33,-1.73],[151.49,-1.8],[151.54,-1.87],[151.63,-1.9],[151.75,-2.03],[151.78,-2.04],[151.86,-1.97],[151.94,-1.99],[152.09,-2.09],[152.21,-2.28],[152.38,-2.34],[152.4,-2.44],[152.28,-2.55],[152.23,-2.7],[152.25,-2.79],[152.29,-2.84],[152.46,-2.79],[152.55,-2.72],[152.6,-2.62],[152.62,-2.48],[152.78,-2.26],[152.86,-2.27],[152.9,-2.38],[153.02,-2.5],[153.17,-2.51],[153.19,-2.54],[153.2,-2.61],[153.12,-2.78],[153.17,-2.98],[153.12,-3.0],[153.0,-2.9],[152.96,-2.91],[152.76,-3.41],[152.78,-3.46],[152.93,-3.61],[153.0,-3.82],[153.15,-3.96],[153.29,-4.2],[153.31,-4.34],[153.19,-4.58],[153.23,-4.86],[153.31,-5.05],[153.21,-5.31],[153.15,-5.33],[153.0,-5.26],[152.69,-5.18],[152.62,-4.73],[152.54,-4.44],[152.52,-4.48],[152.55,-4.73],[152.5,-4.87],[152.26,-5.1],[152.34,-5.28],[152.33,-5.35],[152.26,-5.49],[152.02,-5.66],[151.71,-5.71],[151.25,-6.05],[151.04,-6.14],[150.91,-6.29],[150.74,-6.29],[150.51,-6.41],[150.07,-6.46],[149.9,-6.43],[149.66,-6.48],[149.64,-6.41],[149.42,-6.42],[149.28,-6.29],[149.14,-6.32],[148.25,-6.32],[148.13,-6.23],[148.05,-6.32],[148.05,-6.53],[148.13,-6.63],[148.39,-6.75],[148.41,-6.81],[148.25,-6.84],[148.22,-6.89],[147.89,-7.13],[147.62,-7.07],[147.38,-6.89],[147.34,-6.89],[147.32,-6.93],[147.38,-7.0],[147.62,-7.1],[147.7,-7.27],[147.94,-7.58],[148.2,-7.68],[148.33,-7.62],[148.44,-7.63],[148.44,-7.7],[148.56,-7.8],[148.56,-7.87],[148.79,-8.1],[148.93,-8.13],[149.28,-8.06],[149.5,-8.09],[149.62,-8.02],[149.69,-8.02],[149.81,-8.14],[149.96,-8.17],[150.05,-8.12],[150.29,-8.09],[150.53,-7.97],[150.74,-8.02],[150.86,-7.98],[151.04,-7.98],[151.46,-8.23],[151.49,-8.28],[151.63,-8.38],[151.87,-8.4],[152.12,-8.62],[152.58,-8.69],[152.66,-8.74],[152.81,-8.74],[153.12,-9.0],[153.22,-9.0],[153.29,-9.05],[153.62,-8.86],[153.79,-8.81],[154.01,-8.66],[154.27,-8.64],[154.27,-8.61],[154.18,-8.55],[154.19,-8.5],[154.39,-8.4],[154.51,-8.21],[154.68,-8.11],[154.71,-7.96],[154.98,-7.8],[155.04,-7.8],[155.07,-7.85],[154.99,-8.04],[155.02,-8.18],[154.98,-8.28],[154.92,-8.32],[154.86,-8.31],[154.82,-8.22],[154.84,-8.12],[154.78,-8.12],[154.68,-8.3],[154.61,-8.56],[154.64,-8.59],[154.9,-8.58],[154.94,-8.62],[154.95,-8.7],[154.9,-8.73],[154.75,-8.74],[154.53,-8.84],[154.26,-8.82],[154.32,-8.97],[154.2,-9.12],[154.2,-9.26],[154.14,-9.31],[153.89,-9.36],[153.88,-9.4],[153.98,-9.46],[153.94,-9.63],[154.09,-9.59],[154.16,-9.6],[154.22,-9.68],[154.18,-9.75],[154.03,-9.77],[153.89,-9.67],[153.51,-9.7],[153.38,-9.74],[153.24,-9.7],[152.88,-9.67],[152.74,-9.74],[152.44,-9.78],[152.29,-9.76],[152.21,-9.72],[152.2,-9.66],[152.32,-9.57],[152.31,-9.53],[152.06,-9.62],[151.88,-9.63],[151.73,-9.55],[151.64,-9.45],[151.58,-9.43],[151.49,-9.48],[151.32,-9.5],[151.3,-9.54],[151.34,-9.66],[151.44,-9.74],[151.63,-9.69],[151.7,-9.76],[151.69,-9.83],[151.6,-9.93],[151.54,-9.96],[151.42,-9.96],[151.43,-10.01],[151.7,-9.97],[151.78,-10.14],[151.94,-10.13],[152.19,-10.21],[152.32,-10.15],[152.66,-10.22],[152.78,-10.39],[152.95,-10.42],[152.99,-10.6],[153.3,-10.83],[153.44,-10.88],[153.77,-11.09],[154.01,-11.14],[154.18,-11.06],[154.61,-11.4],[154.7,-11.4],[154.76,-11.54],[154.72,-11.67],[154.27,-11.93],[154.15,-11.93],[154.05,-12.02],[153.97,-12.03],[153.59,-11.99],[153.53,-11.94],[153.4,-11.94],[153.19,-11.88],[152.97,-11.73],[152.76,-11.68],[152.64,-11.57],[152.47,-11.57],[152.31,-11.42],[151.68,-11.38],[151.54,-11.33],[151.39,-11.35],[151.1,-11.33],[150.96,-11.38],[150.77,-11.27],[150.58,-11.35],[150.22,-11.33],[150.05,-11.28],[149.88,-11.3],[149.72,-11.1],[149.55,-10.98],[149.38,-10.99],[149.27,-10.86],[149.09,-10.8],[148.9,-10.81],[148.74,-10.67],[148.72,-10.62],[148.75,-10.56],[148.7,-10.54],[148.48,-10.59],[147.58,-10.29],[147.26,-9.96],[147.1,-9.86],[147.05,-9.72],[146.93,-9.6],[146.69,-9.55],[146.57,-9.65],[146.36,-9.7],[146.14,-9.6],[145.94,-9.86],[146.1,-10.05],[146.14,-10.2],[146.35,-10.08],[146.43,-10.12],[146.49,-10.26],[146.55,-10.27],[146.67,-10.09],[146.76,-10.08],[146.87,-10.12],[146.99,-10.23],[146.99,-10.31],[146.83,-10.37],[147.01,-10.49],[147.02,-10.56],[146.98,-10.63],[147.01,-10.66],[147.1,-10.66],[147.12,-10.78],[147.02,-10.85],[147.0,-11.02],[146.88,-11.09],[146.76,-11.28],[146.68,-11.35],[146.28,-11.54],[146.11,-11.54],[145.95,-11.66],[145.66,-11.62],[145.39,-11.66],[145.22,-11.74],[145.08,-11.69],[144.89,-11.69],[144.74,-11.52],[144.73,-11.34],[144.7,-11.33],[144.69,-11.48],[144.46,-11.68],[144.48,-11.8],[144.46,-11.88],[144.34,-11.95],[144.28,-12.08],[144.17,-12.15],[144.15,-12.2],[144.05,-12.78],[144.23,-13.29],[144.56,-13.77],[144.77,-13.8],[145.0,-14.04],[145.55,-14.18],[145.85,-14.58],[145.9,-14.78],[145.99,-14.93],[145.92,-15.1],[146.04,-15.55],[146.21,-15.67],[146.38,-15.67],[146.43,-15.77],[146.51,-15.84],[146.57,-15.82],[146.47,-15.54],[146.47,-15.45],[146.54,-15.38],[146.66,-15.45],[146.69,-15.22],[146.68,-15.03],[146.61,-14.91],[146.54,-14.9],[146.46,-15.11],[146.34,-15.19],[146.26,-15.17],[146.22,-15.1],[146.21,-14.78],[146.14,-14.64],[146.19,-14.32],[146.23,-14.26],[146.33,-14.28],[146.45,-14.26],[146.72,-14.4],[146.75,-14.37],[146.72,-14.28],[146.41,-13.92],[146.44,-13.66],[146.34,-13.54],[146.42,-13.46],[146.51,-13.48],[146.8,-13.69],[146.84,-13.69],[146.81,-13.57],[146.87,-13.52],[147.05,-13.66],[147.24,-13.63],[147.43,-13.85],[147.46,-13.97],[147.53,-13.92],[147.62,-13.91],[147.69,-14.07],[147.82,-14.06],[147.91,-14.16],[148.1,-14.16],[148.22,-14.26],[148.38,-14.27],[148.46,-14.4],[148.59,-14.48],[148.74,-14.48],[148.92,-14.57],[149.09,-14.57],[149.3,-14.76],[149.54,-14.74],[149.69,-14.86],[149.93,-14.86],[150.1,-14.93],[150.24,-14.9],[150.46,-15.05],[150.6,-15.06],[150.77,-15.19],[150.94,-15.19],[151.01,-15.24],[151.08,-15.24],[151.1,-15.29],[151.27,-15.29],[151.37,-15.38],[151.49,-15.38],[151.61,-15.48],[151.94,-15.53],[152.09,-15.6],[152.3,-15.55],[152.38,-15.84],[152.57,-16.13],[152.62,-16.37],[152.76,-16.61],[152.95,-16.63],[153.24,-16.86],[153.27,-16.91],[153.26,-17.02],[153.31,-17.09],[153.31,-17.21],[153.47,-17.38],[153.48,-17.45],[153.4,-17.49],[153.26,-17.5],[153.26,-17.57],[153.19,-17.71],[152.9,-17.83],[153.0,-17.88],[153.01,-17.91],[152.99,-18.02],[152.91,-18.11],[152.86,-18.12],[152.76,-18.05],[152.7,-18.04],[152.63,-18.18],[152.58,-18.2],[152.52,-18.12],[152.54,-18.0],[152.5,-18.01],[152.31,-18.14],[152.26,-18.26],[152.21,-18.29],[152.21,-18.35],[152.35,-18.41],[152.4,-18.53],[152.54,-18.58],[152.64,-18.67],[152.78,-18.7],[152.98,-18.87],[153.04,-18.87],[153.19,-18.7],[153.24,-18.7],[153.31,-18.75],[153.42,-19.28],[153.51,-19.33],[153.55,-19.62],[153.61,-19.73],[153.65,-19.92],[153.74,-20.04],[153.67,-20.23],[153.81,-20.27],[153.85,-20.32],[153.86,-20.47],[153.76,-20.56],[153.76,-20.74],[153.96,-20.78],[154.01,-20.9],[154.02,-20.68],[154.22,-20.55],[154.31,-20.55],[154.44,-20.64],[154.51,-20.59],[154.63,-20.58],[154.71,-20.69],[154.69,-20.79],[154.56,-20.88],[154.54,-21.07],[154.42,-21.13],[154.32,-21.24],[154.25,-21.24],[154.16,-21.31],[154.42,-21.38],[154.49,-21.46],[154.51,-22.1],[154.8,-22.73],[154.8,-22.87],[154.89,-23.03],[154.88,-23.14],[154.8,-23.28],[154.82,-23.47],[154.8,-23.6],[154.72,-23.71],[154.53,-23.78],[154.3,-23.96],[154.06,-23.95],[153.94,-24.08],[153.89,-24.1],[153.77,-24.0],[153.7,-24.01],[153.6,-24.1],[153.57,-24.22],[153.7,-24.55],[153.72,-24.74],[153.79,-24.82],[153.89,-25.08],[154.09,-25.22],[154.12,-25.31],[154.05,-25.75],[154.06,-25.94],[154.13,-26.16],[154.02,-26.37],[153.99,-26.5],[154.01,-26.66],[153.94,-26.78],[154.0,-26.88],[153.98,-27.0],[154.1,-27.17],[154.06,-27.34],[154.24,-27.48],[154.4,-27.65],[154.44,-27.74],[154.43,-27.85],[154.37,-27.94],[154.33,-28.19],[154.22,-28.38],[154.1,-28.42],[154.13,-28.58],[154.01,-28.75],[154.06,-29.02],[154.03,-29.18],[154.18,-29.32],[154.22,-29.42],[154.21,-29.52],[154.13,-29.66],[154.01,-29.7],[153.89,-29.87],[153.91,-30.07],[153.72,-30.12],[153.72,-30.31],[153.49,-30.65],[153.49,-30.91],[153.52,-31.07],[153.51,-31.18],[153.42,-31.41],[153.43,-31.8],[153.34,-31.94],[153.34,-32.09],[153.19,-32.3],[153.17,-32.45],[153.12,-32.5],[153.12,-32.59],[153.02,-32.69],[152.98,-32.86],[152.78,-33.05],[152.81,-33.19],[152.47,-33.34],[152.38,-33.55],[152.21,-33.72],[152.14,-33.84],[152.09,-33.98],[151.9,-34.13],[151.68,-34.37],[151.66,-34.56],[151.49,-34.63],[151.48,-34.91],[151.34,-35.04],[151.3,-35.18],[151.15,-35.33],[151.03,-35.52],[150.86,-35.62],[150.75,-35.84],[150.74,-36.0],[150.55,-36.17],[150.52,-36.23],[150.46,-36.91],[150.53,-37.22],[150.46,-37.44],[150.5,-37.63],[150.31,-37.9],[150.31,-38.06],[150.24,-38.24],[150.19,-38.29],[150.07,-38.28],[149.97,-38.53],[149.78,-38.52],[149.78,-38.64],[149.75,-38.72],[149.69,-38.74],[149.55,-38.69],[149.3,-38.5],[148.99,-38.46],[148.83,-38.48],[148.73,-38.54],[148.74,-38.81],[148.9,-38.86],[149.04,-39.02],[149.14,-39.01],[149.21,-39.05],[149.22,-39.27],[149.18,-39.41],[149.04,-39.53],[149.01,-39.73],[149.03,-39.76],[149.19,-39.75],[149.33,-39.96],[149.32,-40.01],[149.22,-40.08],[149.09,-40.3],[149.05,-40.84],[148.97,-41.06],[149.11,-41.33],[149.06,-41.47],[149.11,-41.9],[149.07,-42.08],[149.08,-42.3],[148.96,-42.47],[148.88,-42.49],[148.83,-42.43],[148.85,-42.23],[148.8,-42.23],[148.8,-42.31],[148.63,-42.62],[148.56,-43.03],[148.39,-43.22],[148.33,-43.54],[148.21,-43.77],[148.01,-44.02],[148.01,-44.06],[147.7,-44.22],[147.6,-44.3],[147.45,-44.32],[147.26,-44.41],[147.04,-44.45],[146.95,-44.41],[146.83,-44.28],[146.77,-44.29],[146.59,-44.4],[146.35,-44.33],[146.21,-44.35],[146.04,-44.21],[145.73,-44.1],[145.49,-43.78],[145.33,-43.67],[145.14,-43.43],[145.14,-43.26],[145.01,-43.18],[144.91,-43.03],[144.76,-42.96],[144.7,-42.74],[144.48,-42.43],[144.51,-42.33],[144.48,-42.31],[144.48,-42.14],[144.32,-41.93],[144.12,-41.56],[143.88,-41.4],[143.76,-41.23],[143.66,-41.18],[143.62,-41.09],[143.31,-40.93],[143.23,-40.78],[143.18,-40.75],[143.18,-40.7],[143.14,-40.68],[142.84,-40.02],[142.74,-39.87],[142.45,-39.78],[142.31,-39.61],[142.32,-39.41],[142.23,-39.39],[142.07,-39.44],[141.99,-39.43],[141.95,-39.35],[142.04,-39.2],[142.02,-39.16],[141.5,-39.1],[141.46,-38.98],[141.36,-38.9],[141.17,-38.96],[141.14,-38.95],[141.1,-38.81],[140.85,-38.82],[140.74,-38.73],[140.59,-38.69],[140.33,-38.42],[140.11,-38.38],[139.7,-38.06],[139.54,-38.04],[139.34,-37.9],[139.13,-37.87],[138.96,-37.78],[138.74,-37.7],[138.58,-37.73],[138.45,-37.6],[138.43,-37.54],[138.19,-37.39],[138.02,-37.36],[137.94,-37.26],[137.81,-37.19],[137.5,-37.15],[137.21,-37.02],[137.04,-36.8],[136.73,-36.77],[136.58,-36.7],[136.13,-36.58],[135.84,-36.26],[135.6,-36.22],[135.55,-36.05],[135.47,-35.91],[135.19,-35.71],[134.88,-35.66],[134.66,-35.52],[134.54,-35.54],[134.42,-35.47],[134.26,-35.54],[134.11,-35.53],[133.69,-35.59],[133.42,-35.57],[133.25,-35.5],[133.08,-35.57],[132.89,-35.45],[132.84,-35.52],[132.73,-35.55],[132.43,-35.42],[132.29,-35.45],[132.14,-35.4],[131.98,-35.47],[131.86,-35.46],[131.63,-35.38],[131.54,-35.27],[131.33,-35.22],[131.18,-35.11],[131.14,-34.99],[131.04,-34.99],[130.99,-34.94],[130.78,-34.88],[130.63,-34.78],[130.5,-34.77],[130.28,-34.62],[130.2,-34.36],[129.79,-34.13],[129.67,-34.13],[129.55,-33.98],[129.48,-33.94],[129.33,-33.92],[129.12,-33.84],[128.79,-33.54],[128.72,-33.53],[128.57,-33.67],[133.92,-64.46],[134.35,-64.46],[134.66,-64.62],[135.07,-64.61],[135.22,-64.7],[135.48,-64.7],[135.72,-64.82],[135.8,-64.82],[136.01,-64.73],[136.2,-64.78],[136.4,-64.76],[136.58,-64.91],[136.7,-64.97],[137.49,-65.01],[137.47,-65.16],[137.64,-65.14],[137.86,-65.23],[138.07,-65.14],[138.29,-65.23],[138.36,-65.09],[138.54,-65.05],[138.83,-65.16],[138.86,-65.26],[138.91,-65.29],[139.1,-65.28],[139.22,-65.33],[139.39,-65.21],[139.52,-65.21],[139.63,-65.4],[139.68,-65.43],[139.92,-65.38],[140.18,-65.44],[140.27,-65.25],[140.36,-65.23],[140.6,-65.31],[140.99,-65.34],[141.19,-65.42],[141.36,-65.38],[142.26,-65.43],[142.45,-65.51],[142.68,-65.52],[142.91,-65.67],[143.02,-65.7],[143.56,-65.68],[143.69,-65.62],[143.84,-65.61],[144.0,-65.69],[144.18,-65.67],[144.5,-65.8],[149.04,-65.81],[149.23,-65.76],[149.47,-65.78],[150.0,-65.69],[151.1,-65.77],[151.13,-65.75],[151.14,-65.62],[151.22,-65.59],[151.29,-65.62],[151.32,-65.78],[151.65,-65.75],[151.85,-65.66],[151.95,-65.58],[152.05,-65.57],[152.15,-65.62],[152.2,-65.74],[152.11,-65.9],[152.11,-65.98],[152.02,-66.1],[152.03,-66.16],[152.18,-66.22],[152.26,-66.31],[152.5,-66.34],[152.64,-66.43],[154.9,-66.43],[155.02,-66.5],[155.35,-66.53],[155.5,-66.6],[156.48,-66.79],[156.58,-66.86],[156.79,-66.89],[156.96,-66.96],[157.1,-67.15],[157.22,-67.2],[157.39,-67.37],[157.58,-67.39],[157.7,-67.54],[157.94,-67.54],[158.04,-67.63],[158.26,-67.71],[158.31,-67.77],[158.28,-67.9],[158.38,-67.92],[158.59,-68.06],[158.64,-68.06],[158.77,-67.98],[158.86,-67.96],[159.03,-67.98],[159.19,-68.1],[159.29,-68.26],[159.29,-68.09],[159.36,-68.02],[159.59,-68.05],[159.72,-68.11],[160.1,-68.18],[160.28,-68.14],[160.34,-68.18],[160.35,-68.27],[160.2,-68.46],[160.21,-68.49],[160.39,-68.4],[160.56,-68.4],[160.68,-68.45],[160.77,-68.39],[160.82,-68.4],[161.11,-68.62],[161.28,-68.62],[161.47,-68.74],[161.64,-68.74],[161.81,-68.78],[162.07,-68.78],[162.19,-68.88],[162.29,-68.83],[162.43,-68.82],[162.67,-69.0],[162.87,-69.02],[162.98,-69.12],[163.08,-69.16],[163.2,-69.16],[163.34,-69.07],[163.46,-69.07],[163.97,-69.19],[164.18,-69.14],[164.69,-69.24],[164.86,-69.24],[165.0,-69.31],[165.24,-69.29],[165.65,-69.46],[165.81,-69.43],[166.08,-69.48],[166.18,-69.6],[166.72,-69.64],[166.77,-69.67],[166.8,-69.72],[166.78,-69.79],[166.66,-69.86],[166.87,-69.96],[167.23,-69.98],[167.45,-70.06],[167.76,-70.06],[167.86,-70.1],[168.0,-70.1],[168.12,-70.22],[168.46,-70.3],[168.8,-70.46],[169.06,-70.46],[168.84,-70.39],[168.82,-70.32],[168.86,-70.28],[169.66,-70.27],[169.73,-70.34],[169.77,-70.44],[169.74,-70.53],[169.64,-70.53],[169.67,-70.57],[169.85,-70.58],[169.97,-70.56],[170.06,-70.61],[170.57,-70.7],[170.64,-70.78],[170.78,-70.8],[170.9,-70.97],[171.31,-70.98],[171.6,-71.14],[171.86,-71.11],[172.04,-71.16],[172.22,-71.16],[172.46,-71.38],[172.56,-71.38],[172.58,-71.47],[172.73,-71.45],[172.91,-71.53],[173.02,-71.39],[173.19,-71.35],[173.26,-71.37],[173.39,-71.53],[173.47,-71.57],[173.75,-71.49],[173.95,-71.49],[174.0,-71.57],[173.98,-71.64],[173.89,-71.72],[173.75,-71.74],[173.77,-71.79],[174.29,-71.76],[174.44,-71.86],[174.53,-71.88],[174.81,-71.8],[175.48,-71.83],[175.85,-71.76],[175.93,-71.56],[176.0,-71.53],[176.1,-71.54],[176.26,-71.66],[176.45,-71.66],[176.4,-71.62],[176.39,-71.54],[176.57,-71.52],[176.59,-71.45],[176.66,-71.39],[176.65,-71.34],[176.47,-71.26],[176.42,-71.16],[176.45,-70.97],[176.59,-70.91],[176.7,-70.95],[176.95,-71.14],[177.22,-71.4],[177.53,-71.42],[177.92,-71.59],[177.93,-71.56],[177.84,-71.52],[177.78,-71.42],[177.79,-71.37],[177.86,-71.33],[177.96,-71.33],[178.08,-71.45],[178.25,-71.49],[178.42,-71.5],[178.6,-71.42],[178.75,-71.42],[178.9,-71.64],[178.87,-71.74],[177.98,-71.98],[177.82,-71.98],[177.79,-72.01],[177.82,-72.08],[177.79,-72.14],[177.47,-72.24],[177.43,-72.29],[177.49,-72.33],[177.99,-72.37],[178.32,-72.34],[178.54,-72.56],[178.73,-72.43],[178.79,-72.3],[179.01,-72.27],[179.14,-72.31],[179.17,-72.35],[179.14,-72.43],[179.0,-72.46],[179.42,-72.48],[179.53,-72.34],[179.81,-72.29],[179.92,-72.18],[180.0,-72.17],[180.0,-71.71],[179.9,-71.64],[179.81,-71.42],[179.59,-71.18],[179.02,-71.14],[178.97,-71.0],[178.82,-70.88],[178.8,-70.82],[178.84,-70.73],[179.01,-70.62],[179.45,-70.67],[179.66,-70.75],[179.9,-70.7],[180.0,-70.78],[180.0,-68.4],[179.88,-68.39],[179.86,-68.33],[179.9,-68.26],[180.0,-68.23],[180.0,-68.16],[179.77,-68.07],[179.73,-67.97],[179.77,-67.89],[179.92,-67.74],[180.0,-67.73],[180.0,-67.63],[179.94,-67.59],[179.88,-67.44],[179.91,-67.31],[180.0,-67.25],[180.0,-49.42],[179.91,-49.42],[179.33,-49.78],[178.75,-49.85],[178.58,-49.92],[178.44,-49.93],[178.27,-50.01],[177.89,-50.07],[177.65,-50.19],[177.43,-50.21],[177.24,-50.16],[176.95,-50.27],[176.8,-50.29],[176.67,-50.27],[176.57,-50.16],[176.42,-50.16],[176.33,-50.11],[176.28,-50.12],[176.14,-50.26],[176.04,-50.54],[175.78,-50.66],[175.65,-50.68],[175.54,-50.75],[175.59,-50.79],[175.81,-50.77],[175.87,-50.81],[175.9,-50.9],[175.81,-51.27],[175.3,-51.73],[175.18,-51.77],[175.03,-51.91],[174.7,-52.08],[174.5,-52.22],[174.48,-52.39],[174.24,-52.51],[174.13,-52.61],[174.07,-52.73],[174.21,-52.79],[174.27,-52.95],[174.26,-53.04],[174.23,-53.09],[174.07,-53.11],[174.05,-53.26],[173.88,-53.42],[173.4,-53.64],[173.11,-53.66],[172.75,-53.83],[172.54,-53.88],[172.42,-53.98],[172.08,-54.02],[171.94,-54.12],[171.79,-54.14],[171.6,-54.25],[170.99,-54.32],[170.94,-54.37],[170.96,-54.5],[170.59,-54.7],[170.47,-54.7],[170.35,-54.77],[170.09,-54.82],[169.94,-54.93],[169.78,-54.94],[169.61,-55.06],[168.96,-55.09],[168.87,-55.11],[168.74,-55.2],[168.57,-55.2],[168.57,-55.35],[168.5,-55.39],[167.66,-55.42],[167.52,-55.48],[167.09,-55.42],[166.9,-55.49],[166.68,-55.38],[166.64,-55.43],[166.78,-55.57],[166.75,-55.65],[166.69,-55.68],[166.49,-55.63],[166.32,-55.63],[166.15,-55.54],[166.03,-55.54],[165.92,-55.47],[165.53,-55.63],[165.38,-55.59],[165.32,-55.5],[165.32,-55.45],[165.48,-55.3],[165.62,-55.25],[166.01,-55.03],[166.18,-55.03],[166.4,-54.76],[166.48,-54.62],[166.3,-54.69],[166.12,-54.91],[165.97,-54.97],[165.9,-54.95],[165.77,-54.86],[165.58,-54.86],[165.46,-54.79],[164.98,-54.77],[164.83,-54.67],[164.64,-54.72],[164.51,-54.68],[164.49,-54.81],[164.45,-54.86],[164.31,-54.92],[164.22,-54.89],[164.18,-54.78],[164.21,-54.67],[164.39,-54.6],[164.39,-54.24],[164.43,-54.12],[164.5,-54.05],[164.71,-53.95],[164.71,-53.78],[164.74,-53.76],[164.71,-53.64],[164.9,-53.5],[165.1,-53.5],[165.22,-53.3],[165.23,-52.95],[165.29,-52.79],[165.31,-52.49],[165.41,-52.32],[165.34,-52.11],[165.43,-51.98],[165.43,-51.86],[165.48,-51.79],[165.38,-51.54],[165.25,-51.37],[165.24,-51.3],[165.43,-51.1],[165.58,-51.0],[165.62,-50.8],[165.6,-50.62],[165.66,-50.5],[165.66,-50.39],[165.68,-50.36],[165.79,-50.35],[165.88,-49.86],[165.82,-49.7],[165.71,-49.57],[165.7,-49.49],[166.15,-49.12],[166.13,-49.08],[166.0,-48.99],[165.96,-48.85],[166.0,-48.72],[166.15,-48.65],[166.01,-48.67],[165.96,-48.56],[166.09,-48.39],[166.15,-48.2],[166.14,-48.14],[166.07,-48.11],[166.06,-48.0],[166.13,-47.87],[166.3,-47.74],[166.34,-47.54],[166.46,-47.4],[166.4,-47.24],[166.25,-47.09],[165.94,-47.14],[165.92,-47.16],[165.98,-47.24],[165.97,-47.31],[165.74,-47.5],[165.7,-47.51],[165.66,-47.47],[165.75,-47.3],[165.74,-47.26],[165.55,-47.3],[165.43,-47.21],[165.37,-47.23],[165.24,-47.44],[165.17,-47.45],[165.11,-47.28],[165.19,-47.06],[165.13,-47.0],[165.14,-46.92],[165.31,-46.75],[165.34,-46.61],[165.58,-46.46],[165.95,-45.85],[166.07,-45.73],[166.2,-45.7],[166.52,-45.45],[166.71,-45.24],[166.8,-44.96],[167.42,-44.6],[167.54,-44.47],[167.59,-44.33],[167.73,-44.28],[168.05,-43.98],[167.95,-43.95],[167.6,-44.0],[167.57,-43.93],[167.59,-43.82],[167.78,-43.65],[167.72,-43.59],[167.66,-43.46],[167.45,-43.3],[167.37,-43.06],[167.38,-42.94],[167.45,-42.84],[167.45,-42.67],[167.55,-42.52],[167.78,-42.39],[168.02,-42.46],[168.07,-42.46],[168.08,-42.42],[167.86,-42.36],[167.42,-42.34],[167.4,-42.24],[167.62,-42.19],[167.78,-42.07],[167.54,-41.93],[167.38,-41.98],[167.33,-41.91],[167.34,-41.72],[166.97,-41.52],[166.87,-41.38],[166.73,-41.28],[166.73,-41.23],[166.82,-41.02],[166.72,-40.83],[166.7,-40.69],[166.75,-40.54],[166.75,-40.39],[166.82,-40.22],[166.78,-40.06],[166.75,-39.77],[166.85,-39.58],[166.82,-39.43],[166.92,-39.24],[166.63,-38.56],[166.61,-38.44],[166.67,-38.31],[166.87,-38.24],[166.66,-38.09],[166.54,-37.82],[166.34,-37.75],[166.22,-37.85],[166.08,-37.85],[166.06,-37.94],[166.14,-38.2],[166.1,-38.26],[165.82,-38.21],[165.72,-38.23],[165.6,-38.21],[165.55,-38.35],[165.46,-38.4],[165.41,-38.5],[165.52,-38.71],[165.52,-38.78],[165.47,-38.87],[165.55,-39.0],[165.54,-39.09],[165.47,-39.16],[165.39,-39.17],[165.19,-39.1],[165.04,-39.1],[164.92,-39.02],[164.81,-38.88],[164.81,-38.79],[164.86,-38.7],[164.85,-38.63],[164.51,-38.37],[164.57,-38.3],[164.68,-38.3],[164.68,-38.27],[164.5,-38.26],[164.38,-38.16],[164.18,-38.14],[163.87,-37.99],[163.58,-37.74],[163.54,-37.66],[163.58,-37.46],[163.52,-37.32],[163.53,-37.19],[163.61,-37.1],[163.73,-37.08],[163.91,-36.9],[163.87,-36.82],[163.87,-36.65],[163.99,-36.43],[163.94,-36.32],[163.73,-36.17],[163.54,-36.17],[163.46,-36.14],[163.39,-36.02],[163.42,-35.95],[163.3,-35.94],[163.18,-35.83],[163.03,-35.81],[162.94,-35.71],[162.79,-35.45],[162.74,-35.5],[162.66,-35.5],[162.17,-35.31],[162.05,-35.09],[162.07,-34.94],[161.92,-34.7],[161.94,-34.63],[162.1,-34.56],[162.08,-34.5],[161.95,-34.42],[161.92,-34.33],[161.82,-34.27],[161.8,-34.32],[161.93,-34.46],[161.94,-34.52],[161.87,-34.62],[161.69,-34.61],[161.61,-34.5],[161.44,-34.48],[161.37,-34.39],[161.39,-34.32],[161.59,-34.2],[161.59,-33.96],[161.56,-33.96],[161.4,-34.16],[161.29,-34.17],[161.18,-33.98],[161.09,-33.96],[161.04,-33.89],[160.9,-33.79],[160.87,-33.65],[160.73,-33.58],[160.65,-33.49],[160.62,-33.69],[160.47,-33.83],[160.49,-33.93],[160.37,-33.97],[160.27,-33.93],[160.18,-33.7],[159.99,-33.48],[159.98,-33.26],[159.83,-33.16],[159.79,-33.1],[159.86,-32.81],[159.91,-32.78],[160.0,-32.63],[160.0,-32.55],[159.62,-31.97],[159.54,-31.78],[159.43,-31.92],[159.26,-31.97],[159.11,-31.87],[158.99,-31.74],[158.88,-31.56],[158.91,-31.42],[159.03,-31.3],[159.15,-31.27],[159.34,-31.32],[159.3,-31.26],[159.14,-31.2],[159.13,-31.13],[159.15,-31.08],[159.25,-31.05],[159.38,-31.13],[159.48,-30.84],[159.6,-30.79],[159.44,-30.52],[159.5,-30.26],[159.6,-30.14],[159.74,-30.12],[159.86,-29.93],[159.98,-29.88],[159.98,-29.74],[160.11,-29.63],[160.1,-29.42],[160.2,-29.3],[160.33,-28.95],[160.44,-28.9],[160.49,-28.93],[160.53,-29.06],[160.57,-29.03],[160.77,-28.54],[160.75,-28.37],[160.86,-28.21],[160.85,-28.18],[160.8,-28.17],[160.7,-28.32],[160.64,-28.35],[160.73,-28.46],[160.72,-28.56],[160.68,-28.6],[160.58,-28.59],[160.39,-28.34],[160.39,-28.26],[160.44,-28.2],[160.42,-28.13],[160.34,-28.04],[160.36,-27.96],[160.41,-27.95],[160.51,-27.98],[160.64,-27.84],[160.69,-27.85],[160.78,-27.96],[160.82,-27.86],[160.89,-27.85],[160.9,-27.79],[160.84,-27.71],[160.67,-27.72],[160.61,-27.65],[160.68,-27.34],[160.37,-27.02],[160.46,-26.83],[160.26,-26.48],[160.25,-26.36],[160.3,-26.28],[160.02,-26.15],[160.01,-26.02],[159.91,-25.93],[159.89,-25.68],[159.62,-25.73],[159.55,-25.8],[159.43,-25.82],[159.34,-25.76],[159.25,-25.63],[159.19,-25.39],[159.2,-25.29],[159.32,-25.18],[159.37,-25.03],[159.38,-24.91],[159.31,-24.71],[159.35,-24.59],[159.62,-24.48],[159.65,-24.38],[159.7,-24.34],[159.75,-24.35],[159.78,-24.48],[159.85,-24.47],[159.86,-24.34],[160.03,-24.27],[160.13,-24.14],[160.27,-24.19],[160.39,-24.17],[160.47,-24.25],[160.46,-24.13],[160.4,-24.07],[160.28,-24.06],[160.25,-23.93],[160.28,-23.87],[160.35,-23.85],[160.42,-23.88],[160.45,-24.02],[160.5,-23.99],[160.54,-23.86],[160.48,-23.7],[160.51,-23.52],[160.43,-23.58],[160.37,-23.59],[160.25,-23.52],[160.2,-23.44],[160.12,-23.42],[159.92,-23.52],[159.82,-23.52],[159.72,-23.47],[159.56,-23.58],[159.47,-23.54],[159.46,-23.35],[159.36,-23.27],[159.32,-23.18],[159.37,-22.98],[159.25,-22.93],[159.12,-22.68],[159.02,-22.57],[159.01,-22.41],[158.97,-22.29],[159.0,-22.08],[159.27,-21.99],[159.29,-21.9],[159.1,-21.67],[158.88,-21.57],[158.81,-21.58],[158.42,-21.79],[158.33,-21.79],[158.26,-21.84],[157.98,-21.89],[157.45,-22.14],[157.44,-22.19],[157.51,-22.28],[157.5,-22.36],[157.27,-22.44],[157.13,-22.44],[156.89,-22.63],[156.9,-22.81],[156.6,-22.96],[156.48,-22.98],[156.44,-22.95],[156.42,-22.87],[156.67,-22.66],[156.36,-22.78],[156.26,-22.66],[155.98,-22.62],[155.8,-22.44],[155.79,-22.34],[155.89,-22.02],[155.92,-22.0],[156.0,-21.98],[156.07,-22.0],[156.27,-22.29],[156.31,-22.28],[156.32,-22.18],[156.28,-22.07],[156.08,-21.97],[155.96,-21.69],[155.93,-21.53],[155.83,-21.44],[155.67,-21.44],[155.58,-21.37],[155.56,-20.83],[155.64,-20.71],[155.83,-20.64],[155.97,-20.45],[156.04,-20.43],[156.08,-20.47],[156.05,-20.78],[155.93,-20.93],[156.0,-21.17],[155.97,-21.29],[156.0,-21.36],[156.29,-21.26],[156.53,-21.34],[156.75,-21.26],[157.14,-21.33],[157.27,-21.23],[157.16,-21.24],[157.13,-21.1],[156.91,-21.14],[156.79,-21.12],[156.65,-21.19],[156.46,-21.17],[156.37,-21.11],[156.36,-21.01],[156.41,-20.95],[156.65,-20.93],[156.82,-20.78],[156.97,-20.81],[157.01,-20.78],[156.92,-20.67],[156.73,-20.61],[156.68,-20.52],[156.72,-20.45],[156.97,-20.31],[157.22,-20.28],[157.44,-20.18],[158.0,-20.19],[158.04,-20.26],[158.0,-20.37],[157.58,-20.5],[157.58,-20.54],[157.51,-20.64],[157.65,-20.62],[157.68,-20.71],[157.37,-21.0],[157.34,-21.17],[157.63,-20.85],[158.02,-20.67],[158.26,-20.62],[158.45,-20.33],[158.15,-19.95],[158.09,-19.48],[158.34,-18.93],[158.36,-18.75],[158.47,-18.62],[158.48,-18.5],[158.78,-18.1],[158.82,-17.8],[158.88,-17.77],[158.93,-17.81],[159.0,-18.28],[158.95,-18.48],[158.88,-18.52],[158.81,-18.62],[158.96,-18.73],[159.29,-19.2],[159.28,-19.95],[159.19,-20.18],[159.24,-20.27],[159.53,-20.52],[159.6,-20.77],[159.87,-20.77],[159.92,-20.8],[159.94,-20.86],[159.92,-20.92],[159.77,-20.97],[159.74,-21.01],[159.82,-21.17],[159.79,-21.36],[159.84,-21.48],[159.81,-21.73],[159.77,-21.79],[159.77,-21.91],[159.55,-22.06],[159.62,-22.44],[159.5,-22.68],[159.51,-22.9],[159.77,-23.02],[159.84,-23.16],[159.91,-23.22],[160.2,-23.21],[160.48,-23.46],[160.51,-23.42],[160.53,-23.31],[160.44,-23.19],[160.44,-23.14],[160.51,-23.06],[160.61,-23.02],[160.57,-22.85],[160.66,-22.56],[160.63,-22.51],[160.49,-22.51],[160.37,-22.47],[160.32,-22.37],[160.34,-22.33],[160.58,-22.27],[160.61,-22.24],[160.61,-22.18],[160.48,-22.19],[160.42,-22.15],[160.56,-22.01],[160.46,-21.82],[160.46,-21.53],[160.34,-21.43],[160.25,-21.25],[160.3,-21.07],[160.28,-21.01],[160.1,-20.77],[159.85,-20.61],[159.82,-20.54],[159.86,-20.47],[159.86,-20.35],[159.98,-20.28],[159.86,-20.14],[159.84,-19.92],[159.89,-19.84],[160.02,-19.74],[160.2,-19.73],[160.37,-19.87],[160.64,-19.93],[160.8,-20.0],[160.92,-19.9],[160.96,-19.75],[161.04,-19.73],[161.1,-19.75],[161.33,-19.9],[161.35,-19.94],[161.42,-19.97],[161.42,-20.02],[161.82,-20.43],[161.9,-20.47],[161.95,-20.57],[162.12,-20.69],[162.22,-20.84],[162.38,-20.86],[162.45,-20.89],[162.52,-20.98],[162.51,-21.13],[163.0,-21.53],[163.08,-21.67],[163.27,-21.74],[163.32,-21.89],[163.39,-21.94],[163.44,-22.03],[163.61,-22.15],[163.69,-22.32],[163.68,-22.37],[163.62,-22.41],[163.27,-22.34],[163.41,-22.58],[163.4,-22.67],[163.29,-22.67],[163.06,-22.56],[162.91,-22.37],[162.8,-22.31],[162.72,-22.4],[162.63,-22.39],[162.55,-22.45],[162.46,-22.42],[162.4,-22.55],[162.31,-22.58],[162.45,-22.86],[162.41,-23.09],[162.47,-23.2],[162.53,-23.49],[162.75,-23.68],[162.8,-23.76],[162.82,-23.88],[162.94,-24.02],[163.18,-24.19],[163.34,-24.43],[163.32,-24.64],[163.44,-24.95],[163.46,-25.08],[163.51,-25.1],[163.72,-25.5],[163.81,-25.59],[163.94,-25.85],[163.94,-26.35],[164.06,-26.62],[164.06,-26.71],[164.14,-26.81],[164.01,-27.27],[163.87,-27.45],[163.85,-27.65],[163.76,-27.86],[163.78,-28.03],[163.94,-28.18],[163.97,-28.34],[164.02,-28.39],[164.02,-28.46],[163.99,-28.53],[163.92,-28.56],[163.78,-28.46],[163.73,-28.48],[163.81,-28.59],[163.99,-28.58],[164.02,-28.64],[163.96,-28.72],[163.75,-28.84],[163.84,-28.88],[163.96,-28.88],[164.01,-28.98],[163.96,-29.06],[163.75,-29.16],[163.84,-29.24],[163.85,-29.47],[163.92,-29.59],[163.92,-29.69],[163.99,-29.83],[163.99,-29.98],[164.04,-30.14],[164.02,-30.31],[164.06,-30.36],[164.13,-30.6],[164.13,-30.68],[164.04,-30.91],[164.11,-31.08],[164.32,-31.11],[164.33,-31.16],[164.29,-31.26],[164.2,-31.34],[164.12,-31.34],[164.06,-31.27],[163.93,-31.25],[163.89,-31.27],[163.9,-31.37],[163.82,-31.44],[163.78,-31.7],[163.71,-31.81],[163.73,-31.92],[163.7,-32.04],[163.79,-32.11],[163.83,-32.19],[163.82,-32.33],[163.78,-32.45],[163.87,-32.76],[163.82,-32.93],[164.06,-33.1],[164.21,-33.34],[164.19,-33.49],[164.33,-33.67],[164.57,-33.84],[164.64,-33.94],[164.74,-33.94],[164.86,-34.1],[164.98,-34.15],[165.31,-34.54],[165.55,-34.63],[165.62,-34.78],[165.79,-34.75],[165.89,-34.87],[166.03,-34.97],[166.1,-35.09],[166.27,-35.18],[166.43,-35.37],[166.51,-35.57],[166.82,-35.83],[166.92,-36.02],[167.11,-36.07],[167.26,-36.21],[167.47,-36.22],[167.9,-36.36],[168.46,-36.67],[168.79,-36.69],[168.98,-36.81],[169.21,-36.82],[169.32,-36.89],[169.46,-36.91],[169.7,-37.01],[169.78,-37.18],[169.94,-37.26],[170.12,-37.3],[170.23,-37.37],[170.33,-37.2],[170.47,-37.13],[170.47,-37.1],[170.4,-37.13],[170.32,-37.09],[170.32,-36.97],[170.5,-36.96],[170.66,-36.8],[170.75,-36.8],[171.0,-36.94],[171.23,-36.81],[171.23,-36.74],[171.12,-36.72],[171.07,-36.64],[171.1,-36.54],[171.22,-36.43],[171.07,-36.29],[171.02,-36.17],[171.0,-36.02],[171.05,-35.86],[170.98,-35.74],[170.93,-35.71],[170.81,-35.74],[170.81,-35.86],[170.75,-35.91],[170.5,-35.83],[170.3,-35.93],[170.05,-35.91],[169.66,-35.69],[169.49,-35.66],[169.33,-35.48],[169.15,-35.42],[168.72,-35.14],[168.46,-35.09],[168.31,-34.97],[168.14,-34.92],[167.93,-34.72],[167.81,-34.68],[167.65,-34.53],[167.58,-34.52],[167.56,-34.57],[167.67,-34.63],[167.68,-34.73],[167.42,-34.75],[167.4,-34.61],[167.33,-34.56],[167.28,-34.46],[167.15,-34.34],[166.87,-33.83],[166.85,-33.72],[166.69,-33.51],[166.63,-33.31],[166.51,-33.07],[166.54,-32.9],[166.46,-32.74],[166.13,-32.47],[166.15,-32.38],[166.08,-32.26],[166.15,-32.09],[166.12,-31.92],[166.14,-31.77],[166.22,-31.72],[166.34,-31.8],[166.39,-31.73],[166.41,-31.64],[166.51,-31.49],[166.53,-31.15],[166.93,-31.12],[167.18,-31.24],[167.28,-31.46],[167.45,-31.58],[167.47,-31.68],[167.53,-31.72],[167.63,-31.68],[167.72,-31.51],[167.7,-31.18],[167.5,-30.89],[167.37,-30.81],[167.33,-30.74],[167.32,-30.66],[167.5,-30.54],[167.5,-30.46],[167.44,-30.43],[167.38,-30.48],[167.28,-30.49],[167.22,-30.47],[167.2,-30.42],[167.3,-30.05],[167.38,-29.98],[167.64,-29.86],[167.69,-29.72],[167.64,-29.64],[167.62,-29.5],[167.66,-29.19],[167.5,-29.06],[167.4,-28.92],[167.25,-28.88],[167.2,-28.83],[167.22,-28.64],[167.15,-28.54],[167.13,-28.4],[167.24,-28.02],[167.21,-27.96],[167.1,-27.95],[167.07,-27.9],[167.09,-27.79],[167.23,-27.77],[167.21,-27.48],[167.11,-27.43],[167.05,-27.33],[167.05,-27.12],[167.11,-26.98],[167.21,-26.9],[167.28,-26.68],[167.23,-26.63],[167.05,-26.63],[166.95,-26.54],[166.91,-26.33],[166.97,-26.26],[167.17,-26.18],[167.18,-26.11],[166.96,-26.1],[166.89,-26.03],[166.85,-25.92],[166.98,-25.6],[167.21,-25.48],[167.18,-25.27],[167.11,-25.13],[167.13,-24.77],[167.04,-24.39],[166.9,-24.34],[166.82,-24.24],[166.86,-24.14],[167.04,-24.07],[167.04,-23.9],[166.82,-23.74],[166.82,-23.57],[166.79,-23.49],[166.75,-23.47],[166.75,-23.57],[166.7,-23.6],[166.63,-23.59],[166.55,-23.52],[166.53,-23.47],[166.58,-23.33],[166.37,-23.19],[166.27,-23.04],[166.28,-22.95],[166.39,-22.89],[166.41,-22.84],[166.29,-22.58],[166.16,-22.47],[166.08,-22.34],[165.91,-22.25],[165.84,-22.14],[164.72,-21.38],[164.59,-21.21],[164.42,-21.14],[164.33,-21.01],[164.15,-20.86],[164.09,-20.69],[163.94,-20.59],[163.68,-20.21],[163.32,-19.84],[163.16,-19.59],[162.86,-18.91],[162.84,-18.79],[162.86,-18.7],[162.7,-18.58],[162.63,-18.42],[162.63,-18.24],[162.69,-18.14],[162.81,-17.75],[162.95,-17.7],[163.07,-17.81],[163.2,-17.83],[163.35,-17.97],[163.47,-18.13],[163.53,-18.29],[163.53,-18.39],[163.49,-18.49],[163.5,-18.54],[163.68,-18.69],[163.75,-18.92],[164.05,-19.35],[164.33,-19.62],[164.5,-19.9],[165.14,-20.38],[165.31,-20.4],[165.38,-20.5],[165.53,-20.52],[165.8,-20.87],[165.96,-20.98],[166.06,-21.12],[167.42,-22.06],[167.54,-22.08],[167.81,-22.37],[167.98,-22.44],[168.03,-22.55],[168.16,-22.65],[168.35,-22.66],[168.45,-22.61],[168.44,-22.56],[168.36,-22.49],[168.29,-22.28],[168.15,-22.19],[168.07,-22.08],[167.86,-22.01],[167.74,-21.86],[167.56,-21.78],[167.51,-21.71],[167.5,-21.58],[167.45,-21.55],[167.35,-21.36],[167.21,-21.34],[166.94,-21.12],[166.8,-21.14],[166.61,-21.05],[166.46,-20.86],[166.32,-20.91],[166.26,-20.9],[166.23,-20.74],[166.07,-20.59],[165.93,-20.39],[165.92,-20.21],[165.77,-19.98],[165.69,-19.96],[165.54,-19.99],[165.47,-19.94],[165.42,-19.75],[165.32,-19.59],[165.32,-19.3],[165.46,-19.2],[165.58,-19.22],[165.65,-19.18],[165.76,-19.19],[165.78,-19.29],[165.65,-19.44],[165.66,-19.55],[165.79,-19.56],[165.96,-19.68],[166.13,-19.68],[166.39,-19.81],[166.44,-19.9],[166.39,-20.04],[166.53,-20.04],[166.73,-20.24],[166.82,-20.29],[167.21,-20.38],[167.21,-20.52],[167.28,-20.54],[167.45,-20.71],[167.54,-20.71],[167.78,-20.81],[167.9,-20.98],[168.1,-21.07],[168.19,-21.22],[168.74,-21.43],[168.77,-21.6],[168.92,-21.74],[168.96,-21.91],[169.18,-21.98],[169.24,-22.04],[169.29,-22.16],[169.33,-22.46],[169.25,-22.71],[169.26,-22.9],[169.3,-22.9],[169.34,-22.79],[169.39,-22.73],[169.49,-22.71],[169.57,-22.76],[169.63,-22.9],[169.56,-23.06],[169.67,-23.24],[169.7,-23.4],[169.68,-23.52],[169.7,-23.61],[169.79,-23.64],[169.97,-23.63],[170.06,-23.66],[170.08,-23.71],[170.02,-23.82],[170.11,-23.93],[170.1,-23.98],[169.97,-24.13],[170.11,-24.26],[170.11,-24.35],[170.07,-24.4],[169.96,-24.4],[169.87,-24.34],[169.86,-24.28],[169.9,-24.17],[169.44,-24.22],[169.3,-24.17],[169.21,-24.19],[169.19,-24.28],[169.3,-24.53],[169.28,-24.6],[169.23,-24.63],[169.13,-24.62],[168.98,-24.68],[168.93,-24.65],[168.87,-24.49],[168.86,-24.12],[168.65,-24.07],[168.55,-24.22],[168.65,-24.38],[168.65,-24.46],[168.36,-24.61],[168.46,-24.67],[168.68,-24.54],[168.77,-24.55],[168.82,-24.92],[169.02,-25.1],[169.06,-25.27],[169.13,-25.39],[169.11,-25.68],[168.86,-25.68],[168.86,-25.71],[169.03,-26.03],[169.02,-26.13],[168.94,-26.16],[168.88,-26.13],[168.79,-25.94],[168.57,-25.71],[168.52,-25.57],[168.58,-25.47],[168.53,-25.39],[168.47,-25.42],[168.31,-25.81],[168.18,-25.84],[168.06,-25.8],[168.06,-25.72],[168.21,-25.47],[168.21,-25.29],[168.33,-25.04],[168.31,-24.96],[168.25,-24.93],[168.19,-24.93],[168.11,-24.97],[168.19,-25.06],[168.2,-25.11],[168.02,-25.51],[168.05,-25.63],[167.93,-25.78],[168.0,-25.97],[167.93,-26.11],[168.0,-26.26],[168.02,-26.5],[167.98,-26.74],[168.03,-26.92],[168.01,-26.98],[167.95,-27.0],[167.9,-27.07],[167.9,-27.37],[167.86,-27.58],[168.0,-27.84],[168.03,-27.94],[168.0,-28.04],[168.02,-28.06],[168.06,-28.34],[168.28,-28.68],[168.26,-28.87],[168.43,-29.06],[168.41,-29.14],[168.43,-29.2],[168.62,-29.26],[168.71,-29.32],[168.74,-29.38],[168.74,-29.57],[168.83,-29.6],[168.98,-29.61],[169.03,-29.65],[169.0,-29.76],[168.64,-29.75],[168.38,-29.88],[168.26,-30.0],[168.22,-30.19],[168.15,-30.36],[168.12,-30.72],[168.07,-30.84],[168.11,-31.43],[168.19,-31.59],[168.31,-31.72],[168.52,-32.06],[168.48,-32.25],[168.55,-32.35],[168.74,-32.45],[168.96,-32.9],[168.86,-33.12],[168.67,-33.17],[168.66,-33.24],[168.77,-33.27],[168.98,-33.24],[169.18,-33.43],[169.27,-33.41],[169.37,-33.43],[169.36,-33.49],[169.23,-33.58],[169.14,-33.6],[169.0,-33.56],[168.95,-33.62],[168.96,-33.7],[169.03,-33.75],[169.05,-33.82],[169.04,-33.93],[169.17,-34.09],[169.19,-34.21],[169.16,-34.35],[169.19,-34.4],[169.25,-34.43],[169.8,-34.5],[169.94,-34.61],[170.26,-34.76],[170.31,-34.73],[170.19,-34.55],[170.21,-34.43],[170.18,-34.39],[170.09,-34.39],[170.02,-34.34],[169.85,-34.44],[169.73,-34.4],[169.67,-34.33],[169.66,-34.28],[169.72,-34.15],[169.73,-34.06],[169.66,-33.84],[169.7,-33.79],[169.85,-33.77],[169.51,-33.34],[169.46,-33.07],[169.22,-32.93],[169.17,-32.76],[169.25,-32.66],[169.56,-32.81],[169.68,-32.93],[169.9,-32.95],[170.26,-33.12],[170.47,-33.34],[170.59,-33.25],[170.71,-33.22],[170.83,-33.11],[170.91,-33.09],[171.03,-33.13],[171.16,-33.3],[171.3,-33.23],[171.47,-33.23],[171.53,-33.26],[171.61,-33.41],[171.6,-33.55],[171.47,-33.6],[171.34,-33.48],[171.29,-33.48],[171.27,-33.51],[171.37,-33.63],[171.53,-33.66],[171.58,-33.7],[171.7,-33.61],[171.79,-33.58],[171.79,-33.43],[171.84,-33.34],[172.18,-33.05],[172.44,-32.98],[172.71,-33.09],[172.88,-33.21],[172.92,-33.34],[172.83,-33.46],[172.83,-33.51],[172.89,-33.62],[172.99,-33.72],[173.05,-33.85],[173.26,-33.96],[173.38,-33.96],[173.54,-34.03],[173.67,-33.96],[173.74,-33.96],[173.78,-34.0],[173.79,-34.07],[173.95,-33.93],[173.8,-33.74],[173.78,-33.62],[174.22,-33.62],[174.4,-33.56],[174.48,-33.62],[174.47,-33.71],[174.38,-33.78],[174.22,-33.79],[174.1,-33.91],[174.22,-33.91],[174.31,-33.96],[174.56,-33.75],[174.68,-33.73],[174.74,-33.78],[174.76,-33.87],[174.59,-34.05],[174.58,-34.13],[174.77,-34.22],[174.9,-34.24],[174.96,-34.2],[174.95,-34.15],[174.79,-34.09],[174.77,-34.05],[174.82,-33.93],[174.94,-33.89],[175.02,-33.9],[175.2,-34.04],[175.27,-34.13],[175.27,-34.22],[175.42,-34.2],[175.56,-34.25],[175.78,-34.23],[175.81,-34.31],[175.75,-34.44],[175.9,-34.42],[175.96,-34.52],[175.94,-34.62],[175.81,-34.74],[176.25,-34.99],[176.3,-35.06],[176.35,-35.26],[176.45,-35.26],[176.47,-35.29],[176.45,-35.38],[176.39,-35.41],[176.36,-35.4],[176.31,-35.3],[176.21,-35.31],[176.16,-35.36],[176.17,-35.46],[176.4,-35.5],[176.58,-35.66],[176.71,-35.9],[176.71,-36.02],[176.83,-36.05],[176.9,-36.1],[176.83,-36.31],[177.09,-36.3],[177.14,-36.38],[177.12,-36.48],[177.05,-36.51],[177.11,-36.6],[177.08,-36.67],[177.01,-36.74],[177.02,-36.77],[177.26,-36.65],[177.5,-36.65],[177.56,-36.71],[177.64,-36.92],[177.76,-36.91],[178.03,-36.98],[178.12,-37.07],[178.37,-37.14],[178.51,-37.27],[178.61,-37.18],[178.66,-37.01],[178.8,-37.01],[178.85,-36.91],[178.94,-36.87],[179.05,-36.89],[179.18,-36.96],[179.25,-37.12],[179.31,-37.16],[179.45,-37.15],[179.47,-37.01],[179.57,-36.99],[179.69,-37.03],[179.79,-37.22],[179.77,-37.27],[179.65,-37.36],[179.69,-37.5],[179.62,-37.57],[179.6,-37.7],[179.5,-37.78],[179.46,-37.86],[179.35,-37.9],[179.33,-37.94],[179.23,-37.99],[179.23,-38.18],[179.06,-38.38],[178.92,-38.72],[178.9,-39.05],[178.54,-39.19],[178.58,-39.36],[178.54,-39.94],[178.2,-40.2],[177.94,-40.24],[177.86,-40.44],[177.82,-40.46],[177.72,-40.63],[177.62,-40.63],[177.52,-40.74],[177.51,-40.9],[177.47,-40.96],[177.38,-40.93],[177.33,-40.78],[177.25,-40.89],[177.15,-40.95],[177.28,-40.96],[177.35,-41.01],[177.36,-41.11],[177.31,-41.2],[176.96,-41.34],[176.47,-41.68],[176.27,-41.59],[175.99,-41.71],[175.85,-41.71],[175.38,-41.89],[175.15,-41.9],[174.95,-42.04],[174.71,-42.14],[174.7,-42.17],[174.76,-42.25],[174.76,-42.32],[174.48,-42.46],[174.38,-42.46],[174.18,-42.54],[174.15,-42.58],[174.2,-42.61],[174.29,-42.55],[174.62,-42.53],[174.77,-42.48],[174.91,-42.5],[175.04,-42.46],[175.4,-42.46],[175.66,-42.38],[175.92,-42.41],[176.09,-42.36],[176.5,-42.38],[176.64,-42.46],[176.81,-42.41],[177.24,-42.46],[177.36,-42.52],[177.46,-42.53],[178.03,-42.45],[178.22,-42.53],[178.61,-42.56],[178.81,-42.51],[179.13,-42.5],[179.26,-42.46],[179.38,-42.5],[179.69,-42.52],[180.0,-42.46],[180.0,-34.06],[179.94,-34.1],[179.85,-34.36],[179.86,-34.46],[179.77,-34.57],[179.7,-34.74],[179.5,-34.87],[179.42,-35.09],[179.38,-35.11],[179.35,-35.18],[179.18,-35.26],[179.15,-35.46],[179.02,-35.54],[178.89,-35.72],[178.8,-35.7],[178.78,-35.59],[178.8,-35.51],[178.91,-35.4],[178.85,-35.18],[178.87,-35.11],[178.97,-35.06],[178.94,-34.9],[178.96,-34.84],[179.06,-34.8],[179.16,-34.82],[179.15,-34.95],[179.04,-35.11],[179.09,-35.11],[179.33,-34.78],[179.34,-34.65],[179.47,-34.44],[179.54,-34.39],[179.54,-34.25],[179.76,-34.08],[179.81,-33.94],[179.86,-33.91],[179.75,-33.74],[179.75,-33.66],[179.86,-33.61],[180.0,-33.72],[180.0,-30.74],[179.96,-30.81],[179.95,-30.94],[179.83,-30.96],[179.74,-31.06],[179.7,-31.16],[179.67,-31.43],[179.4,-31.57],[179.3,-31.59],[179.26,-31.56],[179.26,-31.42],[179.3,-31.27],[179.28,-31.1],[179.45,-30.98],[179.42,-30.79],[179.54,-30.6],[179.54,-30.43],[179.69,-30.29],[179.64,-30.22],[179.64,-30.1],[179.48,-29.98],[179.49,-29.86],[179.54,-29.74],[179.64,-29.76],[179.67,-29.61],[179.83,-29.52],[179.83,-29.23],[179.76,-29.21],[179.73,-29.15],[179.76,-29.11],[179.85,-29.14],[179.89,-29.11],[179.93,-29.0],[179.92,-28.75],[180.0,-28.7],[180.0,-27.86],[179.93,-27.85],[179.9,-27.71],[179.95,-27.59],[180.0,-27.58],[180.0,-18.79],[179.81,-18.76],[179.72,-18.68],[179.7,-18.56],[179.76,-18.45],[180.0,-18.41],[180.0,-18.22],[179.86,-18.29],[179.8,-18.25],[179.77,-18.17],[179.8,-18.09],[180.0,-17.9],[180.0,-17.38],[179.94,-17.33],[179.91,-17.18],[179.86,-17.11],[179.78,-17.06],[179.67,-17.1],[179.64,-17.33],[179.57,-17.46],[179.49,-17.51],[179.34,-17.51],[179.56,-17.62],[179.61,-17.69],[179.59,-17.98],[179.52,-18.05],[179.5,-18.17],[179.43,-18.26],[179.32,-18.32],[179.22,-18.25],[179.15,-18.23],[178.84,-18.53],[178.75,-18.49],[178.61,-18.5],[178.91,-18.62],[178.91,-18.76],[178.87,-18.9],[178.7,-19.05],[178.47,-19.2],[178.18,-19.32],[178.1,-19.56],[177.72,-19.66],[177.67,-19.52],[177.82,-19.32],[177.85,-19.15],[177.84,-18.96],[177.94,-18.94],[178.25,-18.73],[178.37,-18.7],[178.44,-18.53],[178.57,-18.46],[178.48,-18.41],[178.34,-18.43],[178.08,-18.62],[177.97,-18.78],[177.89,-18.82],[177.77,-18.77],[177.69,-18.85],[177.65,-18.86],[177.43,-18.73],[177.26,-18.46],[177.33,-18.28],[177.2,-18.21],[177.06,-17.98],[176.87,-17.92],[176.88,-17.82],[176.84,-17.75],[176.76,-17.17],[176.78,-17.08],[176.94,-16.93],[176.83,-16.85],[176.85,-16.76],[176.94,-16.72],[177.03,-16.83],[177.1,-16.8],[177.11,-16.76],[177.02,-16.63],[177.03,-16.55],[177.07,-16.51],[177.22,-16.51],[177.34,-16.61],[177.42,-16.55],[177.56,-16.37],[177.74,-16.44],[177.89,-16.42],[178.14,-16.23],[178.26,-16.19],[178.27,-16.03],[178.37,-15.92],[178.42,-15.92],[178.46,-15.97],[178.4,-16.12],[178.43,-16.15],[178.58,-16.08],[178.68,-15.98],[178.97,-15.83],[179.4,-15.79],[179.4,-15.77],[179.3,-15.77],[179.23,-15.72],[179.21,-15.77],[179.15,-15.78],[179.06,-15.75],[179.02,-15.65],[179.09,-15.6],[179.28,-15.65],[179.33,-15.6],[179.41,-15.6],[179.49,-15.71],[179.59,-15.73],[179.86,-15.6],[180.0,-15.6],[180.0,-13.8],[179.93,-13.81],[179.82,-13.9],[179.76,-13.9],[179.5,-13.8],[179.49,-13.76],[179.49,-13.69],[179.57,-13.58],[179.64,-13.58],[179.78,-13.63],[179.81,-13.45],[180.0,-13.27],[180.0,-12.07],[179.96,-12.04],[179.92,-11.68],[179.8,-11.44],[179.85,-11.32],[179.9,-11.32],[180.0,-11.37],[180.0,-10.87],[179.98,-10.8],[180.0,-10.73],[180.0,-3.47],[163.41,-1.72],[158.46,1.37]],[[154.7,0.84],[154.6,0.93],[154.6,1.04],[154.73,1.11],[154.84,1.09],[154.92,1.0],[154.92,0.9],[154.83,0.82],[154.7,0.84]],[[156.25,0.37],[156.3,0.34],[156.26,0.19],[156.31,0.0],[156.52,-0.21],[156.48,-0.39],[156.44,-0.43],[156.29,-0.41],[156.34,-0.62],[156.29,-0.7],[156.22,-0.7],[156.08,-0.79],[155.98,-0.69],[155.87,-0.84],[155.73,-0.83],[155.66,-0.7],[155.57,-0.62],[155.59,-0.52],[155.45,-0.22],[155.31,-0.09],[155.3,0.05],[155.55,0.16],[155.81,0.14],[155.84,0.17],[155.81,0.23],[155.83,0.29],[156.25,0.37]],[[156.54,-0.18],[156.49,0.05],[156.6,0.1],[156.7,0.1],[156.8,-0.03],[156.82,-0.11],[156.74,-0.14],[156.67,-0.12],[156.54,-0.18]],[[156.68,-0.43],[156.77,-0.41],[156.9,-0.28],[156.95,-0.31],[156.96,-0.45],[157.0,-0.48],[157.21,-0.39],[157.3,-0.38],[157.3,-0.53],[157.46,-0.58],[157.51,-0.67],[157.74,-0.8],[157.93,-1.06],[157.99,-1.08],[158.14,-0.94],[158.32,-0.94],[158.36,-1.0],[158.33,-1.07],[158.26,-1.11],[158.11,-1.13],[158.21,-1.18],[158.23,-1.26],[158.27,-1.27],[158.33,-1.13],[158.42,-1.11],[158.48,-1.17],[158.51,-1.31],[158.55,-1.22],[158.62,-1.2],[158.83,-1.43],[158.83,-1.51],[158.75,-1.56],[158.66,-1.56],[158.62,-1.49],[158.57,-1.56],[158.48,-1.57],[158.6,-1.8],[158.62,-1.91],[158.61,-2.02],[158.54,-2.14],[158.62,-2.26],[158.75,-2.34],[158.72,-2.43],[158.55,-2.47],[158.53,-2.61],[158.56,-2.64],[158.74,-2.66],[158.79,-2.73],[158.96,-2.79],[159.0,-2.9],[158.9,-2.91],[158.98,-3.14],[159.09,-3.1],[159.17,-3.11],[159.17,-3.21],[159.2,-3.24],[159.29,-3.24],[159.31,-3.34],[159.46,-3.29],[159.6,-3.34],[159.75,-3.28],[159.81,-3.31],[159.89,-3.74],[159.82,-3.94],[159.7,-4.01],[159.7,-4.07],[159.78,-4.12],[159.8,-4.19],[159.74,-4.4],[159.64,-4.52],[159.7,-4.58],[159.79,-4.61],[159.83,-4.38],[159.89,-4.27],[160.13,-4.3],[160.27,-4.39],[160.54,-4.42],[160.7,-4.38],[160.78,-4.49],[160.94,-4.37],[161.04,-4.41],[161.14,-4.51],[161.88,-4.51],[161.92,-4.53],[161.93,-4.63],[162.04,-4.85],[162.14,-4.97],[162.12,-5.06],[162.19,-5.17],[162.19,-5.28],[162.15,-5.33],[161.83,-5.45],[161.71,-5.44],[161.59,-5.35],[161.49,-5.33],[161.26,-5.37],[161.18,-5.42],[161.18,-5.54],[161.11,-5.62],[161.14,-5.9],[161.22,-6.07],[161.23,-6.14],[161.09,-6.31],[161.17,-6.5],[161.14,-6.55],[160.95,-6.58],[160.95,-6.63],[161.0,-6.64],[161.18,-6.58],[161.25,-6.59],[161.24,-6.64],[161.28,-6.67],[161.45,-6.65],[161.52,-6.79],[162.08,-7.04],[162.19,-7.18],[162.51,-7.4],[162.59,-7.48],[162.65,-7.63],[162.79,-7.75],[162.81,-7.84],[162.77,-8.07],[162.7,-8.1],[162.57,-8.09],[162.57,-8.2],[162.72,-8.21],[163.05,-8.31],[163.08,-8.4],[163.02,-8.52],[162.89,-8.54],[162.61,-8.47],[162.53,-8.33],[162.45,-8.3],[162.38,-8.21],[162.34,-8.3],[162.24,-8.26],[162.1,-8.09],[161.88,-8.09],[161.64,-7.97],[161.52,-7.77],[161.35,-7.73],[161.3,-7.61],[160.87,-7.27],[160.85,-7.15],[160.42,-6.91],[160.27,-6.6],[160.06,-6.62],[160.02,-6.51],[159.9,-6.34],[159.72,-6.21],[159.56,-6.32],[159.37,-6.4],[159.3,-6.38],[159.24,-6.29],[159.2,-5.98],[159.12,-5.84],[159.02,-5.88],[158.93,-5.78],[158.81,-5.78],[158.66,-5.64],[158.52,-5.62],[158.35,-5.45],[158.23,-5.42],[158.09,-5.47],[157.94,-5.35],[157.8,-5.38],[157.75,-5.33],[157.54,-5.42],[157.44,-5.38],[157.34,-5.5],[157.06,-5.47],[157.0,-5.44],[156.89,-5.52],[156.77,-5.45],[156.65,-5.54],[156.6,-5.69],[156.46,-5.72],[156.03,-5.48],[155.96,-5.4],[155.69,-4.89],[155.62,-4.87],[155.41,-4.96],[155.29,-4.94],[155.23,-4.89],[155.18,-4.76],[155.18,-4.62],[155.32,-4.46],[155.36,-4.3],[155.47,-4.22],[155.45,-3.89],[155.64,-3.79],[155.66,-3.67],[155.59,-3.6],[155.57,-3.46],[155.39,-3.42],[155.36,-3.37],[155.4,-3.14],[155.35,-3.02],[155.38,-2.83],[155.52,-2.86],[155.57,-2.84],[155.61,-2.75],[155.53,-2.26],[155.35,-2.02],[155.35,-1.79],[155.39,-1.74],[155.54,-1.76],[155.56,-1.62],[155.66,-1.58],[156.04,-1.29],[156.15,-1.08],[156.39,-0.89],[156.46,-0.77],[156.58,-0.7],[156.6,-0.55],[156.68,-0.43]],[[159.07,-2.58],[158.98,-2.5],[158.8,-2.47],[158.77,-2.38],[158.8,-2.31],[158.94,-2.24],[159.05,-2.26],[159.17,-2.49],[159.14,-2.57],[159.07,-2.58]],[[159.85,-2.88],[159.93,-2.82],[160.03,-2.85],[160.12,-2.99],[160.1,-3.07],[160.02,-3.08],[159.91,-3.02],[159.84,-2.93],[159.85,-2.88]],[[163.22,-3.23],[163.27,-3.14],[163.37,-3.13],[163.43,-3.19],[163.44,-3.33],[163.37,-3.38],[163.33,-3.37],[163.25,-3.32],[163.22,-3.23]],[[163.94,-4.12],[163.94,-3.99],[164.0,-3.88],[164.09,-3.84],[164.16,-3.84],[164.23,-3.97],[164.21,-4.09],[164.07,-4.16],[163.99,-4.16],[163.94,-4.12]],[[175.63,-3.9],[175.7,-3.85],[175.81,-3.88],[175.9,-3.95],[175.91,-4.06],[175.84,-4.1],[175.73,-4.07],[175.64,-3.98],[175.63,-3.9]],[[163.81,-4.14],[163.85,-4.2],[163.88,-4.4],[164.14,-4.61],[164.3,-4.63],[164.37,-4.82],[164.53,-4.9],[164.66,-4.92],[164.88,-4.79],[164.95,-4.88],[164.9,-4.99],[164.9,-5.06],[165.14,-5.18],[165.47,-5.17],[165.59,-5.27],[165.59,-5.37],[165.51,-5.42],[165.05,-5.45],[164.95,-5.4],[164.81,-5.4],[164.66,-5.3],[164.26,-5.26],[164.16,-5.11],[163.88,-5.03],[163.73,-4.91],[163.61,-4.87],[163.54,-4.72],[163.54,-4.65],[163.7,-4.42],[163.66,-4.27],[163.68,-4.21],[163.75,-4.15],[163.81,-4.14]],[[164.36,-4.59],[164.28,-4.38],[164.39,-4.3],[164.47,-4.35],[164.5,-4.54],[164.45,-4.63],[164.36,-4.59]],[[176.54,-4.63],[176.6,-4.61],[176.65,-4.64],[176.67,-4.69],[176.64,-4.75],[176.55,-4.72],[176.54,-4.63]],[[176.47,-5.34],[176.44,-5.29],[176.46,-5.24],[176.55,-5.22],[176.55,-5.32],[176.47,-5.34]],[[179.47,-5.49],[179.54,-5.45],[179.64,-5.49],[179.69,-5.58],[179.65,-5.66],[179.61,-5.67],[179.51,-5.63],[179.46,-5.53],[179.47,-5.49]],[[176.1,-5.52],[176.27,-5.62],[176.3,-5.74],[176.26,-5.81],[176.05,-5.76],[175.99,-5.69],[175.97,-5.55],[176.1,-5.52]],[[176.31,-6.4],[176.26,-6.32],[176.25,-5.99],[176.28,-5.91],[176.32,-5.88],[176.43,-5.98],[176.46,-6.06],[176.44,-6.32],[176.39,-6.4],[176.31,-6.4]],[[179.71,-5.95],[179.79,-5.94],[179.84,-5.99],[179.83,-6.11],[179.72,-6.12],[179.68,-6.09],[179.67,-6.05],[179.71,-5.95]],[[177.41,-5.98],[177.53,-6.26],[177.48,-6.33],[177.41,-6.31],[177.24,-6.11],[177.27,-6.0],[177.35,-5.96],[177.41,-5.98]],[[176.74,-6.57],[176.72,-6.52],[176.74,-6.47],[176.8,-6.45],[176.85,-6.47],[176.86,-6.53],[176.83,-6.58],[176.74,-6.57]],[[162.24,-7.15],[162.19,-7.09],[162.22,-6.96],[162.36,-6.91],[162.41,-6.93],[162.44,-7.01],[162.41,-7.09],[162.33,-7.14],[162.24,-7.15]],[[177.07,-7.13],[177.14,-7.09],[177.21,-7.09],[177.25,-7.17],[177.25,-7.37],[177.18,-7.39],[177.13,-7.35],[177.05,-7.22],[177.07,-7.13]],[[178.53,-7.36],[178.59,-7.27],[178.71,-7.3],[178.8,-7.42],[178.81,-7.56],[178.76,-7.59],[178.54,-7.62],[178.52,-7.56],[178.53,-7.36]],[[179.21,-7.55],[178.98,-7.5],[178.96,-7.43],[179.06,-7.37],[179.24,-7.39],[179.3,-7.46],[179.26,-7.54],[179.21,-7.55]],[[177.31,-7.47],[177.37,-7.57],[177.31,-7.64],[177.23,-7.6],[177.21,-7.52],[177.25,-7.46],[177.31,-7.47]],[[178.21,-8.08],[178.2,-7.93],[178.3,-7.84],[178.42,-7.81],[178.5,-7.83],[178.54,-7.89],[178.54,-8.05],[178.43,-8.17],[178.28,-8.15],[178.21,-8.08]],[[165.14,-8.16],[165.18,-8.23],[165.07,-8.37],[164.95,-8.41],[164.86,-8.35],[164.85,-8.29],[164.89,-8.24],[165.14,-8.16]],[[179.02,-8.36],[179.1,-8.31],[179.22,-8.31],[179.33,-8.43],[179.31,-8.59],[179.26,-8.67],[179.15,-8.73],[179.04,-8.74],[178.98,-8.65],[178.95,-8.53],[179.02,-8.36]],[[163.66,-8.72],[163.7,-8.78],[163.69,-8.81],[163.62,-8.86],[163.54,-8.85],[163.54,-8.76],[163.66,-8.72]],[[163.42,-8.75],[163.46,-8.8],[163.45,-8.88],[163.39,-8.91],[163.32,-8.88],[163.29,-8.82],[163.32,-8.78],[163.42,-8.75]],[[161.45,-8.77],[161.64,-8.86],[161.78,-9.0],[161.81,-9.07],[161.88,-9.1],[162.01,-9.24],[162.05,-9.43],[162.12,-9.57],[162.14,-9.82],[162.11,-10.16],[162.17,-10.32],[162.31,-10.3],[162.36,-10.32],[162.37,-10.37],[162.31,-10.47],[162.32,-10.51],[162.64,-10.72],[162.82,-10.7],[162.86,-10.73],[162.85,-10.82],[162.55,-11.08],[162.34,-11.13],[161.99,-11.08],[161.56,-10.85],[161.26,-10.53],[161.1,-10.31],[161.09,-10.1],[161.04,-10.13],[161.02,-10.37],[160.85,-10.35],[160.65,-10.22],[160.5,-10.22],[160.42,-10.03],[160.31,-9.94],[160.13,-9.96],[159.74,-9.89],[159.65,-9.84],[159.55,-9.7],[159.37,-9.67],[159.36,-9.55],[159.25,-9.58],[159.18,-9.57],[159.1,-9.43],[158.95,-9.43],[158.59,-9.24],[158.28,-9.29],[157.85,-9.04],[157.68,-9.04],[157.41,-8.84],[157.26,-8.8],[157.18,-8.73],[156.98,-8.41],[156.84,-8.27],[156.73,-8.26],[156.67,-8.3],[156.65,-8.38],[156.6,-8.42],[156.64,-8.5],[156.62,-8.57],[156.57,-8.61],[156.5,-8.62],[156.47,-8.57],[156.53,-8.45],[156.45,-8.3],[156.46,-8.11],[156.25,-7.75],[156.12,-7.69],[155.9,-7.7],[155.74,-7.54],[155.54,-7.53],[155.42,-7.47],[155.37,-7.4],[155.38,-7.27],[155.32,-7.14],[155.23,-7.01],[155.04,-6.94],[154.78,-6.67],[154.65,-6.48],[154.61,-6.35],[154.41,-6.12],[154.15,-6.0],[154.06,-5.86],[153.86,-5.76],[153.82,-5.55],[153.74,-5.36],[153.79,-5.24],[153.86,-5.2],[153.95,-5.21],[154.34,-5.43],[154.41,-5.37],[154.4,-5.22],[154.23,-4.78],[154.08,-4.66],[153.88,-4.2],[153.83,-4.18],[153.67,-4.22],[153.57,-4.2],[153.5,-4.13],[153.46,-3.95],[153.55,-3.68],[153.6,-3.65],[153.68,-3.65],[153.89,-3.77],[153.91,-3.82],[153.96,-3.82],[154.01,-3.98],[154.06,-4.06],[154.37,-4.27],[154.43,-4.37],[154.35,-4.2],[154.36,-4.11],[154.41,-4.09],[154.61,-4.15],[154.62,-4.32],[154.78,-4.58],[154.84,-4.61],[154.84,-4.66],[154.77,-4.7],[154.7,-4.68],[154.66,-4.61],[154.65,-4.65],[154.88,-5.12],[155.06,-5.21],[155.11,-5.33],[155.54,-5.81],[155.74,-5.86],[155.93,-5.98],[156.07,-6.12],[156.19,-6.14],[156.34,-6.26],[156.5,-6.29],[156.74,-6.43],[156.77,-6.48],[156.82,-6.48],[157.07,-6.72],[157.44,-6.89],[157.84,-6.82],[157.91,-6.85],[157.96,-7.0],[158.02,-7.03],[158.03,-7.02],[157.95,-6.93],[157.97,-6.86],[158.11,-6.86],[158.18,-6.91],[158.4,-6.96],[158.5,-7.03],[158.54,-7.01],[158.57,-6.89],[158.68,-6.89],[158.8,-6.98],[158.9,-7.13],[158.98,-7.18],[158.97,-7.21],[158.93,-7.22],[159.02,-7.34],[159.05,-7.49],[159.1,-7.54],[159.29,-7.61],[159.33,-7.66],[159.28,-7.56],[159.1,-7.41],[159.06,-7.35],[159.13,-7.28],[159.29,-7.37],[159.32,-7.18],[159.37,-7.13],[159.54,-7.15],[159.56,-7.18],[159.5,-7.37],[159.36,-7.37],[159.37,-7.39],[159.55,-7.42],[159.58,-7.46],[159.96,-7.66],[160.13,-7.66],[160.3,-7.78],[160.4,-7.79],[160.54,-7.75],[160.56,-7.73],[160.51,-7.7],[160.52,-7.63],[160.59,-7.58],[160.65,-7.59],[160.73,-7.68],[160.9,-7.78],[160.97,-8.02],[161.11,-8.17],[161.09,-8.35],[161.11,-8.42],[161.18,-8.45],[161.25,-8.57],[161.23,-8.71],[161.38,-8.71],[161.45,-8.77]],[[179.76,-9.4],[179.76,-9.3],[179.83,-9.24],[179.92,-9.25],[179.98,-9.34],[179.98,-9.41],[179.92,-9.47],[179.82,-9.47],[179.76,-9.4]],[[166.83,-9.41],[167.16,-9.55],[167.21,-9.69],[167.45,-9.95],[167.61,-10.08],[168.03,-10.57],[168.05,-10.65],[168.0,-10.78],[167.9,-10.81],[167.72,-10.74],[167.7,-10.51],[167.42,-10.44],[167.32,-10.39],[167.31,-10.21],[167.25,-10.06],[167.04,-9.89],[166.78,-9.82],[166.76,-9.66],[166.87,-9.63],[166.83,-9.56],[166.75,-9.51],[166.74,-9.47],[166.77,-9.41],[166.83,-9.41]],[[167.56,-9.75],[167.48,-9.71],[167.45,-9.63],[167.5,-9.55],[167.6,-9.53],[167.66,-9.58],[167.67,-9.68],[167.64,-9.74],[167.56,-9.75]],[[168.19,-9.99],[168.12,-9.9],[168.17,-9.84],[168.23,-9.83],[168.27,-9.94],[168.24,-9.98],[168.19,-9.99]],[[179.31,-10.79],[179.4,-10.64],[179.31,-10.48],[179.34,-10.39],[179.61,-10.29],[179.73,-10.29],[179.85,-10.39],[179.98,-11.0],[179.86,-11.04],[179.73,-10.95],[179.62,-10.92],[179.34,-10.92],[179.29,-10.86],[179.31,-10.79]],[[169.98,-10.92],[170.06,-10.97],[170.09,-11.08],[170.02,-11.38],[170.08,-11.4],[170.3,-11.31],[170.37,-11.37],[170.39,-11.49],[170.26,-11.59],[170.09,-11.59],[169.97,-11.71],[169.87,-11.74],[169.69,-11.64],[169.58,-11.42],[169.63,-11.33],[169.76,-11.29],[169.82,-11.23],[169.84,-11.01],[169.9,-10.94],[169.98,-10.92]],[[172.51,-11.06],[172.7,-11.05],[172.87,-11.1],[172.98,-11.18],[172.99,-11.23],[172.96,-11.29],[172.9,-11.32],[172.74,-11.31],[172.52,-11.18],[172.48,-11.12],[172.51,-11.06]],[[178.06,-11.09],[178.1,-11.06],[178.17,-11.08],[178.18,-11.18],[178.06,-11.19],[178.03,-11.13],[178.06,-11.09]],[[179.51,-11.07],[179.58,-11.07],[179.64,-11.11],[179.66,-11.35],[179.63,-11.43],[179.45,-11.54],[179.5,-11.62],[179.5,-11.77],[179.46,-11.86],[179.38,-11.9],[179.3,-11.85],[179.28,-11.6],[179.34,-11.45],[179.35,-11.21],[179.4,-11.18],[179.44,-11.11],[179.51,-11.07]],[[179.54,-11.9],[179.61,-11.83],[179.7,-11.86],[179.86,-11.83],[179.9,-11.86],[179.92,-11.95],[179.87,-12.06],[179.83,-12.08],[179.56,-11.97],[179.54,-11.9]],[[178.85,-12.02],[178.71,-12.21],[178.6,-12.23],[178.38,-12.02],[178.13,-11.98],[178.01,-11.78],[177.81,-11.68],[177.77,-11.52],[177.86,-11.45],[177.94,-11.33],[178.08,-11.29],[178.27,-11.13],[178.48,-11.12],[178.54,-11.2],[178.54,-11.52],[178.58,-11.58],[178.78,-11.66],[178.85,-12.02]],[[172.16,-12.3],[171.92,-12.29],[171.74,-12.41],[171.53,-12.44],[171.31,-12.54],[171.24,-12.53],[171.22,-12.48],[171.26,-12.37],[171.82,-11.81],[172.15,-11.7],[172.33,-11.7],[172.4,-11.75],[172.45,-11.82],[172.45,-12.01],[172.52,-12.17],[172.47,-12.22],[172.29,-12.2],[172.16,-12.3]],[[172.64,-12.31],[172.77,-12.25],[172.9,-12.29],[172.94,-12.43],[172.9,-12.6],[172.73,-12.64],[172.6,-12.6],[172.56,-12.56],[172.56,-12.41],[172.64,-12.31]],[[176.87,-12.39],[177.11,-12.35],[177.26,-12.36],[177.31,-12.44],[177.3,-12.55],[177.23,-12.62],[176.76,-12.7],[176.52,-12.77],[176.38,-12.91],[176.23,-12.86],[176.0,-12.94],[175.91,-12.91],[175.89,-12.83],[175.92,-12.8],[176.57,-12.59],[176.87,-12.39]],[[178.73,-12.68],[178.8,-12.64],[179.04,-12.65],[179.11,-12.7],[179.12,-12.78],[179.05,-12.86],[178.92,-12.79],[178.76,-12.8],[178.73,-12.68]],[[177.63,-12.8],[177.62,-12.91],[177.56,-12.97],[177.32,-12.91],[177.28,-12.84],[177.31,-12.74],[177.44,-12.69],[177.57,-12.7],[177.63,-12.8]],[[177.19,-12.85],[177.24,-12.93],[177.19,-13.02],[177.07,-13.06],[176.95,-13.03],[176.94,-12.99],[176.99,-12.91],[177.09,-12.86],[177.19,-12.85]],[[175.31,-13.01],[175.38,-13.04],[175.41,-13.1],[175.37,-13.17],[175.39,-13.32],[175.01,-13.25],[175.01,-13.19],[175.15,-13.03],[175.31,-13.01]],[[174.15,-13.17],[174.28,-13.24],[174.29,-13.34],[174.19,-13.34],[174.17,-13.39],[173.98,-13.42],[173.96,-13.2],[173.98,-13.17],[174.15,-13.17]],[[178.19,-13.34],[178.28,-13.37],[178.31,-13.43],[178.3,-13.49],[178.24,-13.5],[178.15,-13.45],[178.13,-13.4],[178.19,-13.34]],[[175.93,-13.45],[176.13,-13.52],[176.16,-13.56],[176.14,-13.65],[175.9,-13.65],[175.75,-13.58],[175.74,-13.51],[175.78,-13.46],[175.93,-13.45]],[[178.44,-13.58],[178.67,-13.59],[178.74,-13.63],[178.75,-13.73],[178.9,-13.73],[179.11,-13.85],[179.13,-14.02],[179.25,-14.09],[179.28,-14.14],[179.27,-14.2],[179.14,-14.33],[179.21,-14.34],[179.45,-14.28],[179.52,-14.31],[179.52,-14.4],[179.45,-14.45],[179.5,-14.64],[179.4,-14.67],[179.28,-14.59],[179.12,-14.65],[179.05,-14.63],[179.01,-14.5],[179.06,-14.4],[178.92,-14.39],[178.88,-14.33],[178.87,-14.12],[178.72,-14.12],[178.67,-14.07],[178.65,-13.97],[178.7,-13.8],[178.66,-13.78],[178.32,-13.76],[178.26,-13.79],[178.25,-13.9],[178.18,-13.97],[178.19,-14.19],[178.12,-14.23],[178.1,-14.09],[177.97,-13.99],[177.97,-13.87],[178.08,-13.76],[178.2,-13.75],[178.22,-13.66],[178.44,-13.58]],[[179.29,-14.65],[179.31,-14.79],[179.24,-14.85],[179.18,-14.83],[179.17,-14.7],[179.25,-14.64],[179.29,-14.65]],[[168.2,-14.78],[168.31,-15.14],[168.31,-15.32],[168.41,-15.53],[168.39,-15.72],[168.52,-16.29],[168.79,-16.58],[168.82,-16.73],[168.97,-16.92],[169.25,-17.14],[169.3,-17.23],[169.54,-17.46],[169.58,-17.54],[169.75,-17.66],[169.83,-17.82],[169.92,-17.9],[169.95,-18.09],[170.14,-18.26],[170.13,-18.37],[170.02,-18.41],[170.09,-18.51],[169.99,-18.62],[170.0,-18.68],[170.26,-18.96],[170.29,-19.13],[170.47,-19.56],[170.53,-19.54],[170.52,-19.33],[170.54,-19.27],[170.62,-19.27],[170.68,-19.38],[170.67,-19.55],[170.73,-19.6],[170.71,-19.77],[170.77,-19.91],[170.78,-20.06],[170.75,-20.09],[170.64,-20.09],[170.6,-20.0],[170.52,-20.14],[170.29,-20.32],[170.15,-20.33],[169.99,-20.51],[170.02,-20.57],[170.05,-20.46],[170.15,-20.42],[170.18,-20.45],[170.18,-20.54],[170.33,-20.5],[170.45,-20.57],[170.59,-20.53],[170.63,-20.56],[170.64,-20.75],[170.61,-21.02],[170.51,-21.07],[170.41,-21.2],[169.98,-21.19],[169.7,-20.98],[169.56,-20.78],[169.5,-20.76],[169.16,-20.5],[169.03,-20.36],[169.06,-20.23],[168.96,-20.02],[168.98,-19.85],[168.77,-19.7],[168.7,-19.56],[168.37,-19.27],[168.34,-19.01],[168.22,-18.84],[168.19,-18.58],[168.24,-18.43],[168.21,-18.24],[168.16,-18.15],[167.9,-17.92],[167.87,-17.76],[167.96,-17.64],[167.98,-17.35],[168.03,-17.21],[168.01,-17.14],[167.69,-16.79],[167.43,-16.79],[167.37,-16.75],[167.26,-16.42],[166.97,-16.06],[166.87,-16.04],[166.67,-16.12],[166.61,-16.09],[166.57,-16.03],[166.54,-15.88],[166.67,-15.8],[166.69,-15.72],[166.56,-15.5],[166.42,-15.36],[166.48,-15.05],[166.4,-14.64],[166.42,-14.57],[166.58,-14.42],[166.79,-14.48],[166.72,-14.18],[166.74,-14.1],[166.87,-13.99],[166.88,-13.94],[166.73,-13.63],[166.5,-13.44],[166.43,-13.32],[166.41,-12.97],[166.51,-12.65],[166.42,-12.29],[166.44,-12.17],[166.27,-11.95],[166.26,-11.75],[166.08,-11.5],[166.13,-11.32],[165.99,-11.1],[165.91,-11.06],[165.65,-11.06],[165.46,-10.92],[165.28,-10.96],[165.23,-10.93],[165.21,-10.83],[165.23,-10.72],[165.54,-10.5],[165.54,-10.47],[165.22,-10.38],[165.12,-10.51],[165.03,-10.48],[164.99,-10.43],[165.01,-10.3],[165.14,-10.32],[165.17,-10.18],[165.49,-10.21],[165.7,-10.3],[165.71,-10.25],[165.58,-10.2],[165.36,-10.0],[165.35,-9.95],[165.41,-9.84],[165.46,-9.84],[165.57,-9.75],[165.74,-9.8],[165.84,-9.72],[165.76,-9.56],[165.8,-9.48],[165.88,-9.48],[166.08,-9.55],[166.15,-9.62],[166.3,-9.62],[166.44,-9.69],[166.63,-9.72],[166.68,-9.77],[166.68,-9.83],[166.57,-9.87],[166.57,-9.91],[166.87,-10.03],[166.94,-10.1],[167.09,-10.13],[167.14,-10.17],[167.15,-10.26],[167.06,-10.49],[166.57,-10.48],[166.42,-10.55],[166.56,-10.85],[166.78,-10.75],[166.83,-10.79],[166.78,-10.94],[166.94,-10.89],[166.99,-10.92],[167.02,-11.06],[166.92,-11.16],[167.18,-11.33],[167.18,-11.5],[167.28,-11.66],[167.3,-11.9],[167.37,-11.94],[167.46,-11.88],[167.54,-11.89],[167.69,-11.98],[167.85,-12.13],[167.83,-12.23],[167.72,-12.29],[167.59,-12.27],[167.51,-12.14],[167.44,-12.21],[167.43,-12.25],[167.52,-12.34],[167.52,-12.46],[167.65,-12.59],[167.65,-12.68],[167.5,-12.79],[167.37,-12.82],[167.29,-12.77],[167.26,-12.8],[167.45,-13.08],[167.43,-13.28],[167.49,-13.41],[167.53,-13.39],[167.57,-13.15],[167.62,-13.1],[167.56,-13.01],[167.62,-12.98],[167.66,-13.06],[167.78,-13.13],[167.88,-13.32],[168.0,-13.32],[168.05,-13.37],[168.08,-13.31],[167.98,-13.13],[167.98,-13.0],[168.02,-12.89],[168.07,-12.86],[168.14,-12.94],[168.2,-13.22],[168.18,-13.56],[168.41,-13.63],[168.53,-13.75],[168.64,-13.76],[168.69,-13.8],[168.68,-13.87],[168.62,-13.91],[168.41,-13.9],[168.22,-13.98],[168.17,-13.94],[168.17,-13.87],[168.1,-13.99],[168.22,-14.11],[168.22,-14.23],[168.29,-14.36],[168.27,-14.45],[168.07,-14.59],[168.2,-14.78]],[[175.58,-16.27],[175.55,-16.21],[175.57,-15.91],[175.61,-15.83],[175.82,-15.53],[175.89,-15.5],[176.04,-15.52],[176.08,-15.55],[176.06,-15.63],[175.8,-15.94],[175.72,-16.21],[175.64,-16.28],[175.58,-16.27]],[[176.69,-15.96],[176.65,-15.89],[176.71,-15.8],[176.98,-15.62],[177.24,-15.6],[177.45,-15.52],[177.53,-15.54],[177.55,-15.58],[177.55,-15.65],[177.5,-15.7],[177.38,-15.69],[176.75,-15.96],[176.69,-15.96]],[[178.23,-15.66],[178.35,-15.7],[178.37,-15.77],[178.33,-15.82],[177.81,-15.97],[177.72,-15.94],[177.75,-15.81],[177.82,-15.72],[178.23,-15.66]],[[178.58,-15.87],[178.48,-15.82],[178.48,-15.77],[178.54,-15.72],[178.67,-15.69],[178.76,-15.73],[178.76,-15.82],[178.71,-15.86],[178.58,-15.87]],[[177.91,-15.99],[178.06,-15.99],[178.12,-16.02],[178.13,-16.06],[178.05,-16.13],[177.85,-16.11],[177.83,-16.05],[177.91,-15.99]],[[177.05,-16.0],[177.09,-16.04],[177.05,-16.13],[176.99,-16.17],[176.93,-16.15],[176.92,-16.1],[176.95,-16.03],[177.05,-16.0]],[[177.16,-16.16],[177.24,-16.17],[177.3,-16.22],[177.29,-16.32],[177.37,-16.36],[177.35,-16.43],[177.13,-16.31],[177.12,-16.23],[177.16,-16.16]],[[176.78,-16.24],[176.83,-16.3],[176.82,-16.39],[176.76,-16.46],[176.71,-16.46],[176.66,-16.38],[176.66,-16.27],[176.69,-16.24],[176.78,-16.24]],[[176.57,-16.35],[176.62,-16.37],[176.63,-16.46],[176.53,-16.54],[176.28,-16.55],[176.18,-16.47],[176.2,-16.39],[176.27,-16.35],[176.57,-16.35]],[[176.04,-16.4],[176.09,-16.49],[176.06,-16.61],[175.66,-16.68],[175.4,-16.87],[175.3,-16.86],[175.24,-16.82],[175.24,-16.76],[175.28,-16.7],[175.46,-16.66],[175.63,-16.54],[175.66,-16.36],[175.7,-16.32],[175.78,-16.33],[175.78,-16.49],[175.96,-16.4],[176.04,-16.4]],[[176.33,-16.74],[176.27,-16.67],[176.3,-16.61],[176.41,-16.58],[176.48,-16.62],[176.44,-16.71],[176.33,-16.74]],[[175.16,-16.85],[175.22,-16.92],[175.39,-16.94],[175.55,-17.13],[175.55,-17.22],[175.5,-17.24],[175.3,-17.12],[175.32,-17.26],[175.39,-17.38],[175.38,-17.52],[175.32,-17.71],[175.46,-17.69],[175.49,-17.73],[175.46,-17.83],[175.49,-17.98],[175.43,-18.05],[175.35,-18.08],[175.28,-18.05],[175.2,-17.78],[175.18,-17.52],[175.1,-17.33],[175.11,-17.13],[174.99,-16.96],[175.03,-16.87],[175.16,-16.85]],[[175.63,-18.05],[175.6,-17.88],[175.66,-17.81],[175.58,-17.65],[175.68,-17.58],[175.82,-17.64],[175.85,-17.69],[175.75,-17.86],[175.75,-18.02],[175.63,-18.05]],[[172.12,-17.32],[172.18,-17.35],[172.2,-17.42],[172.18,-17.46],[172.06,-17.48],[171.96,-17.44],[171.96,-17.4],[172.01,-17.35],[172.12,-17.32]],[[173.98,-16.87],[174.03,-16.96],[174.0,-17.01],[173.88,-16.99],[173.83,-16.92],[173.88,-16.83],[173.98,-16.87]],[[174.11,-16.53],[174.15,-16.6],[174.14,-16.64],[174.07,-16.7],[173.99,-16.7],[173.99,-16.58],[174.11,-16.53]],[[175.84,-18.36],[175.95,-18.28],[175.99,-18.29],[176.02,-18.4],[176.1,-18.46],[176.1,-18.53],[175.99,-18.58],[175.94,-18.5],[175.83,-18.52],[175.8,-18.46],[175.84,-18.36]],[[176.73,-18.35],[176.81,-18.36],[176.85,-18.43],[176.81,-18.51],[176.73,-18.54],[176.67,-18.5],[176.66,-18.43],[176.73,-18.35]],[[176.52,-18.37],[176.53,-18.48],[176.4,-18.81],[176.37,-18.84],[176.3,-18.83],[176.27,-18.77],[176.35,-18.58],[176.36,-18.44],[176.42,-18.38],[176.52,-18.37]],[[177.12,-18.8],[177.15,-18.69],[177.23,-18.64],[177.33,-18.67],[177.38,-18.74],[177.34,-18.84],[177.23,-18.93],[177.14,-18.91],[177.12,-18.8]],[[176.98,-18.94],[177.06,-19.05],[176.99,-19.1],[176.88,-19.06],[176.86,-19.0],[176.91,-18.94],[176.98,-18.94]],[[170.94,-18.84],[170.88,-18.89],[170.82,-18.87],[170.78,-18.8],[170.8,-18.75],[170.91,-18.71],[170.94,-18.77],[170.94,-18.84]],[[175.76,-18.61],[175.66,-18.68],[175.54,-18.67],[175.48,-18.58],[175.47,-18.42],[175.58,-18.39],[175.7,-18.43],[175.78,-18.53],[175.76,-18.61]],[[177.9,-19.67],[177.97,-19.71],[177.96,-19.81],[177.86,-19.87],[177.79,-19.87],[177.74,-19.82],[177.75,-19.74],[177.9,-19.67]],[[177.64,-19.73],[177.68,-19.78],[177.65,-19.89],[177.5,-20.16],[177.37,-20.21],[177.19,-20.22],[177.04,-20.21],[176.95,-20.16],[176.94,-20.1],[176.99,-20.02],[177.1,-19.99],[177.19,-20.02],[177.31,-19.85],[177.64,-19.73]],[[176.83,-20.33],[176.89,-20.28],[177.02,-20.26],[177.06,-20.27],[177.07,-20.33],[177.02,-20.42],[176.81,-20.54],[176.68,-20.55],[176.64,-20.52],[176.62,-20.48],[176.65,-20.42],[176.83,-20.33]],[[177.19,-20.54],[177.32,-20.48],[177.5,-20.46],[177.55,-20.54],[177.31,-20.75],[177.19,-20.77],[177.11,-20.75],[177.07,-20.71],[177.1,-20.64],[177.19,-20.54]],[[176.35,-20.65],[176.36,-20.78],[176.29,-20.82],[176.23,-20.81],[176.22,-20.68],[176.35,-20.65]],[[176.11,-21.17],[176.41,-21.0],[176.53,-21.0],[176.61,-21.05],[176.59,-21.12],[176.52,-21.14],[176.45,-21.26],[176.35,-21.24],[176.26,-21.3],[176.15,-21.52],[176.04,-21.53],[175.9,-21.46],[175.85,-21.34],[176.11,-21.17]],[[175.67,-21.31],[175.79,-21.39],[175.83,-21.48],[175.8,-21.57],[175.69,-21.61],[175.63,-21.6],[175.57,-21.46],[175.61,-21.31],[175.67,-21.31]],[[175.42,-21.46],[175.75,-21.82],[175.73,-21.94],[175.8,-22.03],[175.78,-22.08],[175.69,-22.07],[175.64,-21.92],[175.54,-21.86],[175.31,-21.91],[175.22,-21.86],[175.1,-21.86],[174.97,-21.78],[174.92,-21.8],[174.79,-21.99],[174.62,-21.94],[174.48,-22.03],[174.32,-22.04],[174.0,-22.19],[173.83,-22.22],[173.66,-22.34],[173.33,-22.39],[173.26,-22.34],[173.23,-22.25],[173.16,-22.23],[172.92,-22.27],[172.8,-22.43],[172.49,-22.51],[171.79,-22.54],[171.62,-22.61],[171.5,-22.51],[171.41,-22.64],[171.32,-22.58],[171.24,-22.37],[171.12,-22.33],[171.08,-22.27],[171.1,-22.22],[171.19,-22.25],[171.29,-22.16],[171.36,-22.14],[171.48,-22.2],[171.82,-22.2],[171.98,-22.32],[172.36,-22.29],[172.49,-22.22],[172.73,-22.18],[172.97,-21.98],[173.1,-21.97],[173.42,-21.71],[173.55,-21.7],[173.64,-21.76],[173.62,-21.85],[173.56,-21.91],[173.35,-21.98],[173.39,-22.05],[173.5,-22.05],[173.57,-22.03],[173.74,-21.89],[173.83,-21.91],[173.9,-21.86],[174.05,-21.9],[174.41,-21.69],[174.65,-21.6],[174.74,-21.6],[174.88,-21.55],[175.03,-21.58],[175.25,-21.46],[175.42,-21.46]],[[175.02,-22.05],[175.06,-22.1],[175.04,-22.15],[174.89,-22.27],[174.63,-22.32],[174.58,-22.29],[174.62,-22.18],[174.86,-22.08],[175.02,-22.05]],[[173.11,-22.29],[173.21,-22.36],[173.18,-22.46],[173.04,-22.45],[172.97,-22.4],[172.99,-22.32],[173.11,-22.29]],[[171.0,-22.15],[170.86,-22.18],[170.84,-22.12],[170.88,-22.03],[170.98,-22.05],[171.0,-22.15]],[[170.74,-22.06],[170.69,-22.11],[170.62,-22.09],[170.7,-22.0],[170.7,-21.96],[170.53,-21.9],[170.5,-21.82],[170.38,-21.71],[170.38,-21.61],[170.48,-21.61],[170.51,-21.58],[170.54,-21.44],[170.64,-21.46],[170.74,-21.53],[170.75,-21.61],[170.71,-21.78],[170.87,-21.78],[170.94,-21.84],[170.9,-21.99],[170.74,-22.06]],[[169.67,-21.47],[169.63,-21.52],[169.57,-21.5],[169.49,-21.42],[169.49,-21.36],[169.58,-21.34],[169.65,-21.4],[169.67,-21.47]],[[165.2,-19.02],[165.24,-19.07],[165.19,-19.34],[164.84,-19.33],[164.8,-19.16],[164.82,-19.09],[164.96,-19.04],[165.2,-19.02]],[[164.13,-19.04],[164.06,-19.12],[164.01,-19.1],[163.99,-19.05],[164.02,-18.98],[164.07,-18.95],[164.12,-18.98],[164.13,-19.04]],[[164.73,-18.98],[164.62,-18.89],[164.6,-18.78],[164.56,-18.73],[164.26,-18.69],[164.15,-18.63],[164.1,-18.57],[164.09,-18.49],[164.13,-18.42],[164.19,-18.37],[164.36,-18.33],[164.52,-18.37],[164.57,-18.43],[164.59,-18.55],[164.74,-18.65],[164.85,-18.83],[164.82,-18.97],[164.73,-18.98]],[[165.18,-18.89],[165.13,-18.84],[165.13,-18.73],[165.17,-18.67],[165.26,-18.66],[165.29,-18.73],[165.28,-18.83],[165.25,-18.87],[165.18,-18.89]],[[164.07,-17.51],[164.12,-17.56],[164.13,-17.66],[164.09,-17.76],[164.02,-17.83],[163.94,-17.75],[163.94,-17.61],[163.97,-17.54],[164.07,-17.51]],[[159.0,-17.61],[158.98,-17.71],[158.92,-17.73],[158.81,-17.73],[158.69,-17.69],[158.53,-17.71],[158.48,-17.65],[158.5,-17.6],[158.64,-17.5],[158.8,-17.45],[158.9,-17.47],[159.0,-17.61]],[[156.09,-17.72],[155.98,-17.83],[155.5,-17.86],[155.5,-17.77],[155.64,-17.69],[155.72,-17.51],[155.72,-17.35],[155.63,-17.06],[155.58,-17.36],[155.47,-17.5],[155.28,-17.42],[155.08,-17.39],[155.03,-17.3],[155.16,-17.21],[155.3,-17.04],[155.33,-16.92],[155.43,-16.83],[155.56,-16.8],[155.62,-16.82],[155.63,-17.04],[155.65,-16.97],[155.74,-16.9],[155.89,-16.9],[156.01,-17.01],[156.0,-17.06],[155.88,-17.16],[155.92,-17.19],[156.07,-17.17],[156.12,-17.21],[156.09,-17.72]],[[153.69,-17.69],[153.68,-17.8],[153.65,-17.83],[153.51,-17.81],[153.43,-17.66],[153.46,-17.54],[153.61,-17.55],[153.69,-17.69]],[[154.37,-17.63],[154.3,-17.56],[154.3,-17.52],[154.37,-17.46],[154.48,-17.47],[154.51,-17.59],[154.48,-17.63],[154.37,-17.63]],[[153.79,-16.92],[153.89,-17.02],[153.88,-17.09],[153.84,-17.13],[153.7,-17.12],[153.6,-17.04],[153.59,-16.99],[153.62,-16.94],[153.71,-16.91],[153.79,-16.92]],[[163.62,-17.43],[163.64,-17.37],[163.79,-17.33],[163.91,-17.39],[163.96,-17.5],[163.89,-17.56],[163.7,-17.56],[163.63,-17.52],[163.62,-17.43]],[[155.88,-16.66],[155.81,-16.68],[155.73,-16.65],[155.69,-16.59],[155.7,-16.55],[155.77,-16.5],[155.83,-16.51],[155.9,-16.58],[155.88,-16.66]],[[158.84,-16.65],[158.79,-16.6],[158.8,-16.56],[158.84,-16.51],[158.91,-16.5],[158.94,-16.53],[158.95,-16.61],[158.84,-16.65]],[[166.13,-15.8],[166.23,-15.87],[166.25,-15.94],[166.22,-16.0],[166.12,-16.05],[166.01,-16.0],[165.97,-15.9],[166.04,-15.81],[166.13,-15.8]],[[159.86,-14.86],[159.89,-14.89],[159.88,-14.96],[159.84,-15.04],[159.79,-15.06],[159.74,-15.02],[159.74,-14.95],[159.79,-14.88],[159.86,-14.86]],[[159.65,-14.93],[159.62,-15.05],[159.49,-15.05],[159.41,-15.02],[159.37,-14.88],[159.44,-14.41],[159.52,-14.28],[159.61,-14.24],[159.69,-14.27],[159.71,-14.34],[159.65,-14.47],[159.65,-14.62],[159.6,-14.69],[159.65,-14.93]],[[157.02,-14.74],[156.92,-14.78],[156.76,-14.79],[156.68,-14.75],[156.66,-14.68],[156.72,-14.6],[156.94,-14.58],[157.02,-14.62],[157.02,-14.74]],[[158.52,-14.72],[158.45,-14.68],[158.42,-14.62],[158.47,-14.54],[158.58,-14.53],[158.62,-14.58],[158.61,-14.67],[158.59,-14.71],[158.52,-14.72]],[[155.61,-14.33],[155.54,-14.33],[155.5,-14.28],[155.54,-14.16],[155.68,-14.09],[155.83,-14.12],[155.84,-14.19],[155.8,-14.24],[155.61,-14.33]],[[159.69,-14.09],[159.68,-13.96],[159.73,-13.92],[159.8,-13.92],[159.82,-14.03],[159.76,-14.09],[159.69,-14.09]],[[156.16,-13.97],[156.05,-13.94],[155.97,-13.87],[155.93,-13.8],[155.97,-13.71],[156.4,-13.8],[156.4,-13.88],[156.16,-13.97]],[[156.5,-13.76],[156.47,-13.74],[156.43,-13.58],[156.13,-13.57],[155.95,-13.43],[155.91,-13.34],[155.95,-13.29],[156.41,-13.3],[156.54,-13.22],[156.54,-13.15],[156.27,-13.14],[156.17,-13.1],[155.9,-13.28],[155.75,-13.3],[155.66,-13.27],[155.58,-13.08],[155.41,-12.89],[155.47,-12.62],[155.47,-12.46],[155.52,-12.41],[155.53,-12.32],[155.79,-12.17],[155.88,-12.18],[155.98,-12.36],[156.15,-12.4],[156.29,-12.36],[156.36,-12.22],[156.51,-12.14],[156.59,-12.0],[156.74,-12.07],[156.91,-11.99],[156.99,-12.1],[156.95,-12.26],[156.85,-12.31],[156.75,-12.29],[156.74,-12.24],[156.71,-12.25],[156.67,-12.31],[156.55,-12.31],[156.43,-12.38],[156.58,-12.48],[156.6,-12.73],[156.66,-12.72],[156.77,-12.53],[156.94,-12.53],[157.1,-12.43],[157.2,-12.46],[157.35,-12.39],[157.43,-12.47],[157.48,-12.9],[157.41,-12.95],[157.25,-12.89],[157.23,-12.69],[157.1,-12.86],[156.98,-12.89],[156.76,-13.0],[156.73,-13.09],[156.88,-13.23],[156.89,-13.32],[156.85,-13.37],[156.75,-13.38],[156.56,-13.47],[156.56,-13.5],[156.66,-13.58],[156.68,-13.65],[156.64,-13.74],[156.5,-13.76]],[[159.77,-12.19],[159.74,-12.16],[159.75,-12.05],[159.69,-11.85],[159.77,-11.74],[159.6,-11.57],[159.43,-11.5],[159.37,-11.38],[159.38,-11.11],[159.44,-11.09],[159.74,-11.16],[159.86,-11.16],[160.06,-11.3],[160.2,-11.28],[160.3,-11.38],[160.34,-11.52],[160.65,-11.65],[160.87,-11.85],[160.92,-11.93],[160.87,-12.05],[160.82,-12.05],[160.75,-12.17],[160.58,-12.19],[160.49,-12.3],[160.65,-12.65],[160.84,-12.88],[160.85,-13.01],[160.81,-13.09],[160.73,-13.13],[160.58,-13.12],[160.24,-12.76],[160.0,-12.68],[159.98,-12.62],[160.05,-12.51],[160.05,-12.43],[159.91,-12.31],[159.89,-12.19],[159.77,-12.19]],[[157.78,-11.78],[157.84,-11.88],[157.79,-11.95],[157.72,-11.96],[157.62,-11.91],[157.61,-11.84],[157.64,-11.8],[157.78,-11.78]],[[157.38,-11.78],[157.31,-11.81],[157.23,-11.75],[157.23,-11.65],[157.29,-11.59],[157.38,-11.66],[157.38,-11.78]],[[156.93,-11.33],[156.77,-11.24],[156.7,-11.06],[156.79,-10.94],[156.89,-10.9],[156.92,-10.77],[157.03,-10.68],[157.07,-10.53],[157.12,-10.47],[157.54,-10.25],[157.72,-10.18],[157.96,-10.19],[157.98,-10.31],[158.16,-10.45],[158.2,-10.52],[158.2,-10.6],[158.14,-10.78],[157.85,-10.83],[157.78,-10.94],[157.68,-10.94],[157.54,-11.06],[157.44,-11.06],[157.22,-11.26],[157.13,-11.26],[156.93,-11.33]],[[155.45,-11.1],[155.28,-11.21],[155.02,-11.23],[154.82,-11.31],[154.66,-11.29],[154.52,-11.24],[154.4,-11.15],[154.34,-11.01],[154.34,-10.92],[154.45,-10.67],[154.48,-10.65],[154.71,-10.67],[154.74,-10.7],[154.72,-10.78],[154.81,-10.8],[154.9,-10.79],[155.02,-10.68],[155.26,-10.73],[155.44,-10.68],[155.59,-10.7],[155.59,-10.61],[155.69,-10.56],[155.78,-10.63],[155.99,-10.62],[156.07,-10.7],[156.2,-10.64],[156.29,-10.66],[156.27,-10.76],[156.15,-10.88],[156.07,-10.91],[156.0,-10.88],[155.74,-11.01],[155.62,-11.02],[155.54,-11.09],[155.45,-11.1]],[[158.91,-10.44],[158.83,-10.39],[158.82,-10.35],[158.85,-10.26],[158.93,-10.22],[159.06,-10.29],[159.11,-10.38],[159.07,-10.44],[158.91,-10.44]],[[159.49,-10.44],[159.57,-10.38],[159.68,-10.39],[159.78,-10.48],[159.79,-10.58],[159.7,-10.62],[159.59,-10.59],[159.51,-10.53],[159.49,-10.44]],[[159.96,-10.91],[159.91,-10.8],[159.98,-10.73],[160.02,-10.77],[160.04,-11.01],[160.02,-11.04],[159.93,-11.01],[159.96,-10.91]],[[157.91,-12.26],[157.94,-12.37],[157.87,-12.49],[157.8,-12.52],[157.71,-12.49],[157.68,-12.41],[157.72,-12.31],[157.85,-12.25],[157.91,-12.26]],[[165.03,-13.2],[165.41,-13.22],[165.49,-13.4],[165.62,-13.52],[165.74,-13.58],[165.98,-14.14],[165.96,-14.32],[165.9,-14.37],[165.73,-14.36],[165.6,-14.3],[165.22,-13.99],[165.01,-13.98],[164.9,-13.9],[164.82,-13.92],[164.69,-14.06],[164.5,-13.99],[164.4,-13.92],[164.41,-13.72],[164.16,-13.49],[164.17,-13.35],[164.24,-13.23],[164.33,-13.21],[164.43,-13.27],[164.62,-13.29],[165.03,-13.2]],[[165.08,-14.23],[165.15,-14.27],[165.18,-14.35],[165.16,-14.43],[165.1,-14.45],[165.0,-14.42],[164.96,-14.34],[164.99,-14.23],[165.08,-14.23]],[[165.23,-14.45],[165.31,-14.45],[165.35,-14.48],[165.36,-14.57],[165.33,-14.64],[165.29,-14.65],[165.23,-14.59],[165.21,-14.51],[165.23,-14.45]],[[161.09,-14.49],[161.0,-14.48],[160.98,-14.34],[161.06,-14.26],[161.17,-14.24],[161.22,-14.28],[161.22,-14.36],[161.09,-14.49]],[[160.59,-14.27],[160.63,-14.3],[160.62,-14.39],[160.54,-14.43],[160.46,-14.4],[160.47,-14.29],[160.59,-14.27]],[[156.08,-14.24],[156.07,-14.3],[156.02,-14.33],[155.91,-14.27],[155.93,-14.21],[155.99,-14.18],[156.08,-14.24]],[[161.29,-14.21],[161.27,-14.16],[161.34,-14.07],[161.45,-14.02],[161.5,-14.04],[161.43,-14.17],[161.34,-14.23],[161.29,-14.21]],[[160.36,-14.04],[160.27,-14.09],[160.19,-14.07],[160.26,-13.86],[160.36,-13.82],[160.4,-13.84],[160.43,-13.9],[160.36,-14.04]],[[163.89,-13.83],[163.76,-13.64],[163.76,-13.58],[163.85,-13.54],[163.9,-13.56],[164.07,-13.51],[164.31,-13.87],[164.25,-13.92],[164.04,-13.82],[163.89,-13.83]],[[162.47,-13.54],[162.44,-13.62],[162.31,-13.72],[162.2,-13.72],[162.22,-13.6],[162.42,-13.5],[162.47,-13.54]],[[163.15,-10.77],[163.19,-10.83],[163.16,-10.89],[163.08,-10.9],[163.02,-10.87],[163.03,-10.8],[163.15,-10.77]],[[164.1,-10.54],[164.09,-10.63],[163.97,-10.67],[163.57,-10.52],[163.53,-10.46],[163.61,-10.4],[163.9,-10.37],[164.1,-10.54]],[[162.99,-10.44],[163.03,-10.51],[163.01,-10.57],[162.96,-10.6],[162.88,-10.58],[162.86,-10.52],[162.89,-10.46],[162.99,-10.44]],[[165.09,-10.2],[165.01,-10.19],[164.96,-10.13],[165.0,-10.04],[165.06,-10.03],[165.13,-10.08],[165.14,-10.13],[165.09,-10.2]],[[165.33,-9.79],[165.26,-9.79],[165.23,-9.74],[165.21,-9.57],[165.24,-9.5],[165.63,-9.45],[165.71,-9.49],[165.72,-9.6],[165.68,-9.66],[165.33,-9.79]],[[166.93,-10.72],[166.91,-10.62],[167.02,-10.53],[167.3,-10.52],[167.41,-10.57],[167.42,-10.61],[167.4,-10.67],[167.33,-10.7],[166.93,-10.72]],[[168.07,-11.23],[168.0,-11.21],[167.99,-11.11],[168.04,-11.04],[168.15,-11.0],[168.19,-11.05],[168.17,-11.2],[168.07,-11.23]],[[167.95,-11.56],[167.89,-11.53],[167.88,-11.49],[168.0,-11.45],[168.03,-11.33],[168.17,-11.29],[168.22,-11.3],[168.23,-11.4],[168.18,-11.54],[168.12,-11.54],[168.02,-11.47],[168.0,-11.54],[167.95,-11.56]],[[170.25,-11.77],[170.36,-11.79],[170.45,-11.95],[170.58,-11.95],[170.64,-12.0],[170.76,-12.24],[170.78,-12.34],[170.75,-12.37],[170.69,-12.37],[170.64,-12.34],[170.49,-12.12],[170.46,-12.13],[170.38,-12.26],[170.29,-12.25],[170.26,-12.17],[170.28,-12.07],[170.1,-11.89],[170.14,-11.81],[170.25,-11.77]],[[171.36,-11.92],[171.46,-11.84],[171.51,-11.87],[171.53,-11.95],[171.47,-12.03],[171.39,-12.05],[171.35,-12.01],[171.36,-11.92]],[[168.7,-12.22],[168.78,-12.15],[168.88,-12.14],[168.96,-12.24],[168.94,-12.39],[168.79,-12.43],[168.69,-12.4],[168.67,-12.34],[168.7,-12.22]],[[168.54,-12.14],[168.58,-12.17],[168.58,-12.26],[168.46,-12.27],[168.43,-12.21],[168.47,-12.16],[168.54,-12.14]],[[168.29,-12.16],[168.23,-12.4],[168.13,-12.4],[168.06,-12.24],[167.98,-12.38],[167.89,-12.38],[167.87,-12.29],[167.91,-11.94],[167.94,-11.9],[168.07,-11.89],[168.11,-11.79],[168.26,-11.79],[168.27,-12.04],[168.06,-12.09],[168.07,-12.22],[168.19,-12.09],[168.27,-12.09],[168.29,-12.16]],[[168.19,-12.45],[168.25,-12.47],[168.28,-12.54],[168.26,-12.61],[168.22,-12.62],[168.16,-12.61],[168.12,-12.55],[168.13,-12.5],[168.19,-12.45]],[[171.66,-12.62],[171.76,-12.51],[171.95,-12.45],[172.01,-12.54],[171.95,-12.68],[171.75,-12.79],[171.65,-12.74],[171.66,-12.62]],[[172.13,-12.78],[172.08,-12.68],[172.11,-12.44],[172.19,-12.39],[172.32,-12.41],[172.42,-12.56],[172.44,-12.72],[172.3,-12.8],[172.13,-12.78]],[[173.98,-12.67],[174.08,-12.63],[174.18,-12.65],[174.22,-12.77],[174.17,-12.86],[174.04,-12.92],[173.97,-12.89],[173.93,-12.79],[173.98,-12.67]],[[173.6,-12.87],[173.83,-13.06],[173.82,-13.18],[173.66,-13.37],[173.82,-13.46],[173.82,-13.58],[173.7,-13.63],[173.54,-13.56],[173.48,-13.63],[173.25,-13.62],[173.18,-13.57],[173.06,-13.55],[173.04,-13.5],[173.14,-13.41],[173.24,-13.36],[173.43,-13.35],[173.5,-13.28],[173.52,-13.16],[173.49,-12.93],[173.55,-12.87],[173.6,-12.87]],[[168.37,-13.39],[168.41,-13.42],[168.41,-13.51],[168.29,-13.52],[168.26,-13.46],[168.3,-13.4],[168.37,-13.39]],[[171.61,-13.22],[171.56,-13.27],[171.47,-13.23],[171.46,-13.05],[171.56,-12.93],[171.73,-12.9],[171.77,-12.94],[171.74,-13.03],[171.65,-13.08],[171.61,-13.22]],[[172.54,-12.94],[172.49,-12.83],[172.57,-12.73],[172.69,-12.69],[172.8,-12.74],[172.82,-12.86],[172.78,-12.94],[172.54,-12.94]],[[172.6,-13.17],[172.55,-13.11],[172.56,-13.06],[172.64,-13.02],[172.71,-13.04],[172.75,-13.11],[172.73,-13.15],[172.6,-13.17]],[[167.88,-12.48],[167.88,-12.59],[167.85,-12.62],[167.79,-12.62],[167.71,-12.56],[167.71,-12.48],[167.88,-12.48]],[[177.73,-13.91],[177.78,-13.86],[177.89,-13.83],[177.89,-13.91],[177.83,-13.99],[177.78,-13.99],[177.73,-13.91]],[[178.56,-14.24],[178.52,-14.19],[178.54,-14.14],[178.59,-14.1],[178.67,-14.12],[178.68,-14.22],[178.56,-14.24]],[[178.47,-14.1],[178.37,-14.12],[178.34,-13.98],[178.4,-13.88],[178.55,-13.82],[178.57,-13.9],[178.48,-14.03],[178.47,-14.1]],[[174.3,-12.42],[174.27,-12.54],[174.18,-12.54],[174.16,-12.48],[174.19,-12.43],[174.24,-12.39],[174.3,-12.42]],[[173.9,-12.07],[173.71,-11.98],[173.47,-11.95],[173.45,-11.71],[173.48,-11.66],[173.61,-11.61],[174.17,-11.66],[174.3,-11.76],[174.35,-11.86],[174.32,-11.96],[174.23,-12.01],[173.9,-12.07]],[[175.15,-11.69],[174.94,-11.57],[174.91,-11.49],[174.94,-11.45],[175.03,-11.42],[175.15,-11.3],[175.34,-11.28],[175.46,-11.23],[175.66,-11.24],[175.71,-11.14],[175.77,-11.11],[175.85,-11.15],[175.98,-11.29],[176.08,-11.47],[176.23,-11.54],[176.4,-11.69],[176.48,-11.7],[176.76,-11.61],[176.84,-11.64],[176.9,-11.76],[176.86,-11.84],[176.74,-11.88],[176.57,-12.0],[176.47,-12.13],[176.42,-12.14],[176.34,-12.11],[176.31,-12.0],[176.25,-11.96],[176.05,-11.92],[175.92,-11.84],[175.85,-11.89],[175.69,-11.94],[175.52,-11.93],[175.38,-11.82],[175.3,-11.69],[175.15,-11.69]],[[170.62,-11.33],[170.53,-11.33],[170.45,-11.28],[170.42,-11.2],[170.47,-11.11],[170.57,-11.09],[170.64,-11.16],[170.66,-11.26],[170.62,-11.33]],[[174.4,-11.24],[174.29,-11.23],[174.28,-11.16],[174.31,-11.11],[174.37,-11.1],[174.42,-11.13],[174.4,-11.24]],[[177.61,-11.86],[177.71,-11.87],[177.74,-11.97],[177.6,-12.05],[177.51,-12.04],[177.5,-11.93],[177.61,-11.86]],[[177.16,-11.89],[177.26,-11.96],[177.25,-12.06],[177.21,-12.09],[177.11,-12.08],[177.03,-12.0],[177.07,-11.9],[177.16,-11.89]],[[178.68,-11.25],[178.61,-11.19],[178.62,-11.15],[178.68,-11.1],[178.77,-11.1],[178.79,-11.22],[178.76,-11.25],[178.68,-11.25]],[[159.06,-10.02],[159.09,-10.07],[159.08,-10.12],[159.04,-10.16],[158.98,-10.15],[158.95,-10.1],[158.96,-10.05],[159.0,-10.02],[159.06,-10.02]],[[157.07,-8.66],[157.22,-8.8],[157.22,-8.88],[157.13,-8.88],[157.1,-8.81],[156.96,-8.77],[156.98,-8.69],[157.07,-8.66]],[[153.27,-3.67],[153.17,-3.66],[153.07,-3.58],[153.07,-3.45],[153.17,-3.31],[153.1,-3.11],[153.17,-3.05],[153.31,-3.12],[153.32,-2.98],[153.42,-2.94],[153.46,-2.99],[153.43,-3.1],[153.53,-3.17],[153.55,-3.24],[153.36,-3.61],[153.27,-3.67]],[[154.32,-3.02],[154.57,-2.99],[154.9,-3.14],[154.99,-3.27],[155.02,-3.37],[154.95,-3.55],[154.7,-3.72],[154.46,-3.72],[154.37,-3.43],[154.37,-3.26],[154.11,-3.16],[154.17,-3.04],[154.32,-3.02]],[[158.9,-6.84],[158.96,-6.83],[159.08,-6.91],[159.22,-6.94],[159.27,-7.01],[159.26,-7.08],[159.17,-7.11],[159.02,-7.08],[159.0,-6.98],[158.88,-6.92],[158.9,-6.84]],[[168.53,-8.58],[168.47,-8.54],[168.45,-8.47],[168.48,-8.4],[168.56,-8.37],[168.61,-8.42],[168.63,-8.51],[168.6,-8.57],[168.53,-8.58]],[[164.83,-8.43],[164.8,-8.48],[164.62,-8.5],[164.57,-8.47],[164.55,-8.4],[164.6,-8.3],[164.7,-8.26],[164.81,-8.34],[164.83,-8.43]],[[153.8,-1.76],[153.79,-1.95],[153.74,-2.08],[153.67,-2.13],[153.31,-2.25],[153.25,-2.22],[153.22,-2.03],[153.06,-1.88],[153.0,-1.77],[153.04,-1.65],[153.19,-1.54],[153.56,-1.5],[153.65,-1.52],[153.75,-1.59],[153.8,-1.76]],[[156.05,-17.91],[156.15,-17.91],[156.19,-18.0],[156.31,-18.05],[156.29,-18.16],[156.23,-18.23],[156.13,-18.23],[156.07,-18.17],[156.0,-17.93],[156.05,-17.91]],[[155.79,-18.11],[155.86,-18.14],[155.88,-18.26],[155.86,-18.38],[155.78,-18.41],[155.66,-18.35],[155.63,-18.2],[155.66,-18.11],[155.79,-18.11]],[[155.9,-18.41],[156.0,-18.43],[156.18,-18.57],[156.21,-18.67],[156.18,-18.71],[156.08,-18.75],[156.0,-18.7],[155.88,-18.5],[155.9,-18.41]],[[156.33,-18.62],[156.24,-18.53],[156.31,-18.45],[156.39,-18.46],[156.44,-18.54],[156.41,-18.61],[156.33,-18.62]],[[156.59,-18.62],[156.67,-18.62],[156.75,-18.7],[156.91,-18.77],[157.1,-18.81],[157.25,-19.01],[157.26,-19.19],[157.18,-19.22],[157.05,-19.2],[156.6,-18.81],[156.55,-18.72],[156.55,-18.65],[156.59,-18.62]],[[155.98,-18.75],[156.09,-18.98],[156.07,-19.03],[156.02,-19.06],[155.94,-19.06],[155.78,-18.96],[155.68,-18.8],[155.68,-18.72],[155.77,-18.63],[155.89,-18.65],[155.98,-18.75]],[[155.4,-18.62],[155.16,-18.77],[155.06,-18.75],[155.06,-18.58],[154.96,-18.3],[155.0,-18.25],[155.16,-18.26],[155.29,-18.04],[155.35,-18.02],[155.47,-18.07],[155.62,-18.34],[155.63,-18.42],[155.61,-18.58],[155.52,-18.62],[155.4,-18.62]],[[154.68,-18.42],[154.65,-18.54],[154.55,-18.54],[154.53,-18.48],[154.56,-18.43],[154.62,-18.39],[154.68,-18.42]],[[154.71,-18.26],[154.6,-18.38],[154.51,-18.39],[154.39,-18.34],[154.35,-18.26],[154.38,-18.18],[154.58,-18.12],[154.84,-17.95],[155.03,-17.91],[155.1,-17.93],[155.11,-18.03],[155.02,-18.16],[154.9,-18.24],[154.77,-18.24],[154.71,-18.26]],[[156.02,-19.5],[156.07,-19.39],[156.18,-19.37],[156.3,-19.43],[156.39,-19.53],[156.47,-19.67],[156.47,-19.76],[156.44,-19.8],[156.22,-19.85],[156.17,-20.02],[156.05,-20.0],[155.98,-19.92],[156.07,-19.68],[156.02,-19.5]],[[154.72,-19.6],[154.82,-19.65],[154.84,-19.73],[154.8,-19.8],[154.73,-19.83],[154.62,-19.79],[154.58,-19.69],[154.61,-19.63],[154.72,-19.6]],[[155.25,-22.33],[155.09,-22.25],[155.05,-22.15],[155.07,-22.07],[155.23,-22.04],[155.58,-22.04],[155.69,-22.08],[155.69,-22.18],[155.58,-22.27],[155.44,-22.32],[155.25,-22.33]],[[155.63,-23.68],[155.58,-23.66],[155.49,-23.53],[155.36,-23.48],[155.32,-23.4],[155.29,-23.14],[155.34,-22.93],[155.39,-22.85],[155.54,-22.76],[155.74,-22.8],[155.83,-22.94],[155.95,-22.87],[156.19,-22.9],[156.2,-22.95],[156.16,-23.0],[155.9,-23.16],[155.92,-23.19],[156.0,-23.23],[156.14,-23.23],[156.17,-23.26],[156.15,-23.56],[156.24,-23.39],[156.29,-23.36],[156.48,-23.37],[156.56,-23.43],[156.59,-23.56],[156.58,-23.74],[156.46,-23.78],[156.43,-23.95],[156.53,-24.05],[156.56,-24.17],[156.51,-24.2],[156.33,-24.11],[156.29,-24.02],[156.17,-24.02],[156.1,-23.95],[155.88,-23.91],[155.85,-23.8],[155.98,-23.69],[155.87,-23.67],[155.63,-23.68]],[[156.98,-23.02],[157.03,-22.87],[157.13,-22.75],[157.43,-22.74],[157.5,-22.82],[157.49,-22.9],[157.11,-23.0],[157.15,-23.09],[157.2,-23.11],[157.2,-23.16],[157.36,-23.3],[157.34,-23.41],[157.13,-23.59],[157.01,-23.56],[156.86,-23.59],[156.72,-23.48],[156.72,-23.41],[156.79,-23.35],[156.82,-23.23],[156.85,-23.21],[156.91,-23.28],[157.0,-23.18],[156.98,-23.02]],[[156.68,-23.26],[156.63,-23.29],[156.36,-23.32],[156.29,-23.28],[156.28,-23.22],[156.32,-23.14],[156.43,-23.06],[156.67,-23.03],[156.77,-23.06],[156.82,-23.14],[156.79,-23.2],[156.68,-23.26]],[[159.21,-24.12],[159.17,-24.02],[159.21,-23.94],[159.29,-23.86],[159.44,-23.79],[159.82,-23.91],[159.87,-23.98],[159.72,-24.26],[159.34,-24.26],[159.21,-24.12]],[[156.37,-24.2],[156.47,-24.32],[156.47,-24.38],[156.42,-24.42],[156.29,-24.37],[156.24,-24.3],[156.31,-24.2],[156.37,-24.2]],[[155.36,-24.33],[155.42,-24.39],[155.41,-24.46],[155.36,-24.52],[155.29,-24.53],[155.23,-24.45],[155.23,-24.38],[155.28,-24.34],[155.36,-24.33]],[[157.75,-24.79],[157.83,-24.76],[157.89,-24.79],[157.92,-24.91],[157.89,-24.95],[157.74,-24.92],[157.71,-24.84],[157.75,-24.79]],[[158.02,-24.93],[158.06,-24.86],[158.14,-24.84],[158.24,-24.87],[158.27,-24.93],[158.21,-25.1],[158.08,-25.21],[158.04,-25.2],[157.99,-25.13],[158.02,-24.93]],[[155.07,-25.03],[155.12,-25.07],[155.12,-25.15],[155.01,-25.29],[154.9,-25.3],[154.8,-25.27],[154.81,-25.18],[154.86,-25.12],[155.07,-25.03]],[[155.13,-24.98],[155.01,-24.99],[154.94,-24.94],[154.93,-24.88],[155.0,-24.83],[155.08,-24.84],[155.15,-24.91],[155.13,-24.98]],[[160.01,-26.49],[160.08,-26.43],[160.2,-26.47],[160.18,-26.57],[160.22,-26.7],[160.21,-26.74],[160.13,-26.76],[160.03,-26.7],[160.0,-26.6],[160.01,-26.49]],[[159.46,-26.5],[159.67,-26.65],[159.69,-26.74],[159.58,-26.88],[159.49,-26.91],[159.45,-27.08],[159.35,-27.11],[159.28,-27.08],[159.24,-27.0],[159.28,-26.8],[159.22,-26.71],[159.22,-26.63],[159.3,-26.53],[159.46,-26.5]],[[155.23,-27.77],[155.07,-27.67],[155.03,-27.54],[154.96,-27.45],[154.99,-27.38],[155.07,-27.37],[155.21,-27.41],[155.35,-27.51],[155.39,-27.65],[155.38,-27.73],[155.32,-27.78],[155.23,-27.77]],[[155.55,-28.77],[155.46,-28.71],[155.42,-28.64],[155.51,-28.41],[155.56,-28.07],[155.44,-27.98],[155.42,-27.85],[155.52,-27.8],[155.73,-27.86],[155.77,-27.91],[155.83,-28.3],[155.71,-28.47],[155.66,-28.73],[155.55,-28.77]],[[155.8,-29.14],[155.74,-29.11],[155.74,-29.05],[155.83,-28.99],[155.87,-29.02],[155.89,-29.11],[155.86,-29.15],[155.8,-29.14]],[[158.89,-29.14],[159.04,-29.07],[159.19,-29.09],[159.32,-29.46],[159.29,-29.55],[159.12,-29.61],[158.98,-29.57],[158.95,-29.35],[158.88,-29.2],[158.89,-29.14]],[[158.42,-29.18],[158.45,-29.57],[158.49,-29.67],[158.5,-29.76],[158.41,-29.88],[158.28,-29.95],[158.19,-29.89],[158.21,-29.69],[158.08,-29.47],[158.1,-29.42],[158.23,-29.45],[158.3,-29.33],[158.31,-29.2],[158.42,-29.18]],[[158.9,-29.94],[158.94,-29.83],[159.1,-29.75],[159.23,-29.78],[159.29,-29.86],[159.27,-30.0],[159.14,-30.1],[159.02,-30.08],[158.9,-29.94]],[[158.05,-29.96],[158.05,-30.06],[157.99,-30.16],[157.76,-30.15],[157.66,-30.26],[157.58,-30.27],[157.53,-30.23],[157.51,-30.12],[157.61,-30.1],[157.67,-29.87],[157.75,-29.76],[157.86,-29.72],[157.92,-29.74],[157.94,-29.83],[158.05,-29.96]],[[156.44,-29.74],[156.45,-29.79],[156.41,-29.85],[156.32,-29.86],[156.26,-29.81],[156.26,-29.74],[156.3,-29.69],[156.38,-29.69],[156.44,-29.74]],[[156.36,-31.04],[156.13,-30.94],[156.05,-30.84],[156.06,-30.6],[156.1,-30.53],[156.16,-30.48],[156.26,-30.48],[156.31,-30.51],[156.57,-30.9],[156.55,-30.98],[156.5,-31.03],[156.36,-31.04]],[[157.59,-32.2],[157.54,-32.16],[157.51,-32.06],[157.42,-31.95],[157.41,-31.9],[157.43,-31.86],[157.53,-31.85],[157.63,-31.92],[157.68,-32.16],[157.59,-32.2]],[[156.3,-32.74],[156.18,-32.68],[156.11,-32.58],[156.17,-32.47],[156.25,-32.43],[156.38,-32.46],[156.45,-32.57],[156.45,-32.69],[156.41,-32.74],[156.3,-32.74]],[[156.13,-33.43],[156.0,-33.36],[155.97,-33.23],[156.0,-33.15],[156.12,-33.0],[156.14,-32.89],[156.25,-32.86],[156.31,-32.88],[156.35,-32.95],[156.4,-33.24],[156.31,-33.38],[156.13,-33.43]],[[159.62,-33.43],[159.65,-33.36],[159.71,-33.33],[159.79,-33.43],[159.77,-33.48],[159.71,-33.5],[159.65,-33.48],[159.62,-33.43]],[[160.4,-34.34],[160.29,-34.28],[160.25,-34.2],[160.25,-34.15],[160.32,-34.09],[160.42,-34.11],[160.5,-34.23],[160.49,-34.32],[160.4,-34.34]],[[160.55,-34.32],[160.54,-34.22],[160.66,-34.15],[160.88,-34.28],[160.92,-34.37],[160.87,-34.45],[160.78,-34.46],[160.55,-34.32]],[[159.79,-34.68],[159.71,-34.64],[159.69,-34.58],[159.79,-34.5],[159.86,-34.53],[159.9,-34.62],[159.86,-34.68],[159.79,-34.68]],[[156.16,-36.81],[156.05,-36.77],[155.98,-36.71],[155.98,-36.62],[156.02,-36.58],[156.27,-36.54],[156.4,-36.59],[156.43,-36.7],[156.39,-36.77],[156.3,-36.81],[156.16,-36.81]],[[165.24,-39.42],[165.25,-39.32],[165.36,-39.27],[165.48,-39.28],[165.55,-39.36],[165.51,-39.47],[165.39,-39.52],[165.28,-39.48],[165.24,-39.42]],[[164.84,-39.48],[164.89,-39.56],[164.9,-39.67],[164.86,-39.74],[164.81,-39.76],[164.73,-39.72],[164.69,-39.58],[164.74,-39.5],[164.84,-39.48]],[[157.07,-40.19],[157.04,-40.15],[157.07,-40.09],[157.14,-40.06],[157.2,-40.08],[157.19,-40.15],[157.07,-40.19]],[[153.34,-40.61],[153.29,-40.55],[153.34,-40.41],[153.42,-40.34],[153.53,-40.31],[153.56,-40.4],[153.5,-40.52],[153.39,-40.61],[153.34,-40.61]],[[152.82,-41.3],[152.76,-41.24],[152.82,-41.16],[152.93,-41.13],[153.0,-41.17],[153.01,-41.23],[152.96,-41.28],[152.82,-41.3]],[[150.42,-44.1],[150.29,-44.02],[150.34,-43.83],[150.41,-43.75],[150.6,-43.73],[150.7,-44.04],[150.62,-44.09],[150.42,-44.1]],[[146.0,-45.07],[146.07,-45.07],[146.1,-45.15],[146.04,-45.21],[145.96,-45.21],[145.93,-45.15],[146.0,-45.07]],[[145.27,-45.08],[145.45,-45.15],[145.45,-45.25],[145.25,-45.26],[145.21,-45.23],[145.18,-45.12],[145.27,-45.08]],[[145.18,-45.6],[145.06,-45.53],[145.06,-45.49],[145.12,-45.43],[145.2,-45.43],[145.3,-45.5],[145.3,-45.58],[145.18,-45.6]],[[146.3,-45.55],[146.37,-45.54],[146.41,-45.56],[146.58,-45.87],[146.64,-45.94],[146.71,-46.15],[146.71,-46.25],[146.77,-46.33],[147.0,-46.37],[147.03,-46.23],[147.09,-46.2],[147.38,-46.34],[147.82,-46.42],[147.98,-46.49],[148.15,-46.49],[148.2,-46.54],[148.3,-46.54],[148.46,-46.63],[148.73,-46.61],[148.76,-46.74],[148.87,-46.9],[149.07,-47.01],[149.26,-47.16],[149.5,-47.19],[149.54,-47.27],[149.47,-47.41],[149.57,-47.69],[149.81,-47.83],[150.04,-47.85],[150.07,-47.92],[149.98,-48.07],[150.43,-48.26],[150.48,-48.34],[150.64,-48.4],[150.69,-48.47],[150.79,-48.77],[150.77,-48.94],[150.82,-49.1],[150.79,-49.22],[150.86,-49.46],[150.84,-49.51],[150.38,-49.52],[150.15,-49.36],[150.05,-49.39],[149.98,-49.46],[149.88,-49.47],[149.74,-49.42],[149.71,-49.37],[149.73,-49.32],[149.88,-49.23],[149.68,-48.98],[149.59,-48.91],[149.21,-48.9],[149.14,-48.84],[149.13,-48.68],[149.23,-48.5],[149.11,-48.36],[149.02,-48.17],[148.95,-48.18],[148.95,-48.28],[148.89,-48.38],[148.73,-48.46],[148.66,-48.43],[148.49,-48.29],[148.34,-48.36],[148.18,-48.36],[148.13,-48.22],[147.96,-48.1],[147.89,-48.1],[147.68,-48.18],[147.55,-48.12],[147.41,-48.12],[147.34,-48.07],[147.22,-48.1],[147.07,-48.0],[146.9,-47.69],[146.71,-47.5],[146.69,-47.39],[146.64,-47.3],[146.52,-47.23],[146.5,-47.08],[146.37,-46.97],[146.35,-46.9],[146.38,-46.75],[146.35,-46.68],[146.38,-46.61],[146.35,-46.58],[146.23,-46.56],[146.18,-46.25],[145.96,-46.13],[145.99,-46.04],[146.23,-46.07],[146.27,-46.04],[146.29,-45.94],[146.17,-45.9],[146.17,-45.87],[146.21,-45.67],[146.26,-45.65],[146.27,-45.58],[146.3,-45.55]],[[149.56,-46.89],[149.49,-46.85],[149.48,-46.79],[149.55,-46.74],[149.64,-46.76],[149.68,-46.81],[149.66,-46.87],[149.56,-46.89]],[[150.63,-47.39],[150.59,-47.33],[150.62,-47.28],[150.69,-47.25],[150.77,-47.28],[150.77,-47.38],[150.63,-47.39]],[[165.54,-47.57],[165.6,-47.59],[165.6,-47.65],[165.46,-47.88],[165.29,-48.26],[165.29,-48.41],[165.19,-48.53],[165.14,-48.7],[164.86,-48.98],[164.58,-49.14],[164.52,-49.46],[164.21,-49.83],[164.14,-50.14],[163.92,-50.23],[163.86,-50.29],[163.8,-50.42],[163.66,-50.47],[163.58,-50.57],[163.69,-50.58],[164.06,-50.45],[164.14,-50.46],[164.18,-50.52],[164.15,-50.62],[164.04,-50.72],[163.8,-50.83],[163.61,-50.82],[163.44,-50.89],[163.07,-50.87],[163.05,-50.8],[163.13,-50.65],[163.1,-50.58],[162.94,-50.54],[162.93,-50.45],[162.97,-50.35],[163.27,-50.11],[163.37,-49.94],[163.84,-49.73],[164.06,-49.39],[164.09,-49.25],[164.38,-48.96],[164.5,-48.96],[164.62,-48.74],[164.91,-48.48],[164.92,-48.31],[165.06,-48.31],[165.06,-48.22],[164.83,-48.12],[164.8,-48.06],[164.95,-47.83],[165.0,-47.66],[165.09,-47.59],[165.16,-47.6],[165.24,-47.87],[165.34,-47.81],[165.34,-47.76],[165.46,-47.6],[165.54,-47.57]],[[164.32,-50.3],[164.26,-50.23],[164.28,-50.18],[164.37,-50.15],[164.43,-50.19],[164.43,-50.27],[164.32,-50.3]],[[164.47,-50.73],[164.53,-50.66],[164.68,-50.6],[164.75,-50.6],[164.8,-50.64],[164.74,-50.88],[164.81,-51.09],[164.76,-51.16],[164.65,-51.22],[164.53,-51.24],[164.44,-51.19],[164.43,-50.97],[164.47,-50.73]],[[162.22,-50.96],[162.19,-51.1],[162.02,-51.17],[161.86,-51.34],[161.81,-51.46],[161.64,-51.51],[161.3,-51.82],[161.22,-51.99],[160.89,-52.22],[160.77,-52.47],[160.35,-52.75],[160.21,-52.98],[159.91,-53.19],[159.83,-53.2],[159.77,-53.16],[159.76,-53.09],[159.83,-52.95],[159.96,-52.85],[160.01,-52.7],[160.15,-52.63],[160.2,-52.49],[161.01,-51.95],[160.98,-51.81],[161.03,-51.69],[161.33,-51.5],[161.47,-51.26],[161.64,-51.12],[161.86,-51.05],[162.0,-50.88],[162.18,-50.83],[162.22,-50.96]],[[165.24,-51.99],[165.22,-51.94],[165.24,-51.84],[165.35,-51.8],[165.38,-51.87],[165.37,-51.96],[165.31,-52.01],[165.24,-51.99]],[[165.2,-52.32],[165.14,-52.27],[165.11,-52.2],[165.21,-52.11],[165.27,-52.15],[165.3,-52.26],[165.26,-52.32],[165.2,-52.32]],[[165.03,-52.76],[164.97,-52.7],[164.96,-52.61],[165.0,-52.54],[165.05,-52.52],[165.11,-52.55],[165.13,-52.68],[165.1,-52.75],[165.03,-52.76]],[[164.84,-53.16],[164.79,-53.07],[164.83,-52.89],[164.93,-52.82],[165.06,-52.83],[165.1,-52.92],[165.06,-53.08],[164.94,-53.18],[164.84,-53.16]],[[151.07,-53.1],[151.19,-53.24],[151.2,-53.38],[151.11,-53.37],[150.99,-53.25],[150.96,-53.15],[150.98,-53.11],[151.07,-53.1]],[[143.74,-53.27],[143.56,-53.28],[143.52,-53.21],[143.59,-53.15],[143.71,-53.14],[143.76,-53.23],[143.74,-53.27]],[[145.22,-53.24],[145.13,-53.2],[145.13,-53.11],[145.31,-53.12],[145.3,-53.23],[145.22,-53.24]],[[138.91,-52.92],[138.82,-52.95],[138.69,-52.92],[138.61,-52.84],[138.61,-52.8],[138.68,-52.74],[138.84,-52.76],[138.93,-52.82],[138.91,-52.92]],[[139.97,-52.89],[139.89,-52.82],[139.87,-52.73],[139.89,-52.69],[140.0,-52.63],[140.05,-52.68],[140.06,-52.85],[140.04,-52.9],[139.97,-52.89]],[[138.56,-52.64],[138.39,-52.61],[138.22,-52.53],[138.17,-52.49],[138.17,-52.42],[138.3,-52.4],[138.56,-52.48],[138.63,-52.59],[138.62,-52.63],[138.56,-52.64]],[[138.85,-52.4],[138.77,-52.31],[138.83,-52.24],[138.92,-52.27],[138.95,-52.33],[138.91,-52.39],[138.85,-52.4]],[[139.39,-52.22],[139.34,-51.96],[139.36,-51.77],[139.41,-51.64],[139.52,-51.59],[139.57,-51.8],[139.56,-52.14],[139.48,-52.24],[139.39,-52.22]],[[138.74,-51.62],[138.84,-51.73],[138.86,-51.79],[138.91,-51.82],[139.0,-51.99],[138.99,-52.1],[138.88,-52.21],[138.74,-52.2],[138.7,-52.17],[138.66,-52.05],[138.67,-51.65],[138.74,-51.62]],[[139.96,-52.13],[139.9,-52.07],[139.87,-51.97],[139.92,-51.89],[139.97,-51.87],[140.04,-51.91],[140.07,-52.05],[140.04,-52.13],[139.96,-52.13]],[[152.69,-52.22],[152.78,-52.23],[152.84,-52.3],[152.82,-52.38],[152.78,-52.42],[152.71,-52.42],[152.61,-52.36],[152.61,-52.29],[152.69,-52.22]],[[138.43,-51.14],[138.51,-51.26],[138.45,-51.31],[138.35,-51.28],[138.32,-51.21],[138.36,-51.14],[138.43,-51.14]],[[139.59,-50.89],[139.55,-50.98],[139.39,-51.0],[139.34,-50.93],[139.34,-50.76],[139.46,-50.69],[139.55,-50.68],[139.59,-50.74],[139.59,-50.89]],[[162.3,-50.74],[162.31,-50.64],[162.52,-50.58],[162.53,-50.64],[162.5,-50.68],[162.39,-50.74],[162.3,-50.74]],[[162.53,-48.31],[162.43,-48.3],[162.38,-48.23],[162.41,-48.17],[162.52,-48.12],[162.58,-48.15],[162.61,-48.25],[162.6,-48.29],[162.53,-48.31]],[[145.82,-45.56],[145.86,-45.61],[145.83,-45.68],[145.72,-45.73],[145.66,-45.7],[145.67,-45.61],[145.82,-45.56]],[[159.29,-53.48],[159.35,-53.51],[159.35,-53.61],[159.3,-53.73],[159.18,-53.83],[159.24,-53.91],[159.25,-54.01],[159.09,-54.67],[158.96,-54.87],[158.9,-55.11],[158.81,-55.2],[158.79,-55.38],[158.68,-55.53],[158.51,-55.5],[158.36,-55.76],[158.32,-55.99],[158.23,-56.08],[158.11,-56.13],[158.09,-56.11],[158.11,-55.8],[158.26,-55.61],[158.28,-55.32],[158.37,-55.2],[158.57,-54.59],[158.83,-54.17],[158.83,-53.86],[158.95,-53.74],[159.07,-53.55],[159.29,-53.48]],[[168.71,-55.89],[168.54,-55.79],[168.52,-55.72],[168.55,-55.68],[168.71,-55.66],[168.89,-55.76],[168.9,-55.8],[168.87,-55.85],[168.71,-55.89]],[[168.97,-55.89],[169.08,-55.88],[169.12,-55.91],[169.11,-55.95],[169.07,-55.99],[168.99,-55.98],[168.95,-55.94],[168.97,-55.89]],[[158.84,-55.97],[158.89,-56.04],[158.86,-56.16],[158.74,-56.23],[158.71,-56.35],[158.62,-56.38],[158.76,-56.54],[158.77,-56.67],[158.73,-56.85],[158.68,-56.9],[158.54,-56.93],[158.3,-57.04],[158.19,-57.04],[158.16,-56.9],[158.21,-56.81],[158.23,-56.63],[158.28,-56.52],[158.41,-56.38],[158.42,-56.2],[158.5,-56.14],[158.64,-56.14],[158.74,-56.04],[158.74,-55.99],[158.84,-55.97]],[[147.51,-56.45],[147.62,-56.51],[147.66,-56.72],[147.79,-56.92],[147.79,-57.0],[147.75,-57.04],[147.65,-57.05],[147.6,-57.02],[147.42,-56.72],[147.4,-56.51],[147.45,-56.46],[147.51,-56.45]],[[147.11,-56.47],[147.13,-56.54],[147.1,-56.59],[146.98,-56.58],[146.93,-56.52],[146.98,-56.43],[147.05,-56.43],[147.11,-56.47]],[[146.96,-56.23],[146.9,-56.3],[146.77,-56.29],[146.66,-56.19],[146.64,-56.05],[146.73,-55.97],[146.82,-55.98],[146.96,-56.23]],[[147.02,-55.97],[146.92,-55.92],[146.86,-55.84],[146.9,-55.75],[146.96,-55.72],[147.06,-55.75],[147.12,-55.84],[147.1,-55.97],[147.02,-55.97]],[[145.91,-55.38],[145.9,-55.42],[145.82,-55.44],[145.75,-55.41],[145.74,-55.37],[145.78,-55.32],[145.86,-55.3],[145.91,-55.38]],[[146.41,-55.33],[146.35,-55.23],[146.41,-55.11],[146.55,-55.07],[146.63,-55.11],[146.66,-55.2],[146.6,-55.32],[146.54,-55.34],[146.41,-55.33]],[[146.04,-55.07],[145.98,-55.12],[145.88,-55.09],[145.81,-55.02],[145.81,-54.93],[145.9,-54.86],[145.95,-54.87],[146.02,-54.93],[146.04,-55.07]],[[145.65,-54.9],[145.72,-54.96],[145.74,-55.04],[145.73,-55.08],[145.66,-55.11],[145.56,-55.08],[145.51,-55.0],[145.54,-54.91],[145.57,-54.89],[145.65,-54.9]],[[145.05,-54.62],[145.1,-54.65],[145.11,-54.74],[145.02,-54.77],[144.94,-54.73],[144.96,-54.65],[145.05,-54.62]],[[144.48,-54.48],[144.43,-54.51],[144.36,-54.5],[144.32,-54.45],[144.33,-54.39],[144.44,-54.34],[144.48,-54.39],[144.48,-54.48]],[[145.35,-54.45],[145.29,-54.38],[145.36,-54.24],[145.51,-54.2],[145.59,-54.26],[145.61,-54.35],[145.54,-54.43],[145.35,-54.45]],[[144.59,-54.0],[144.64,-54.05],[144.63,-54.13],[144.54,-54.17],[144.44,-54.15],[144.43,-54.08],[144.51,-54.01],[144.59,-54.0]],[[145.35,-53.69],[145.38,-53.76],[145.34,-53.85],[145.24,-53.9],[145.17,-53.88],[145.15,-53.81],[145.2,-53.74],[145.35,-53.69]],[[143.35,-53.71],[143.26,-53.71],[143.23,-53.65],[143.26,-53.56],[143.34,-53.52],[143.39,-53.57],[143.35,-53.71]],[[143.76,-53.69],[143.7,-53.63],[143.71,-53.57],[143.81,-53.52],[143.88,-53.52],[143.93,-53.6],[143.91,-53.65],[143.76,-53.69]],[[158.33,-57.64],[158.22,-57.55],[158.19,-57.49],[158.26,-57.34],[158.39,-57.37],[158.5,-57.48],[158.5,-57.58],[158.45,-57.63],[158.33,-57.64]],[[158.61,-57.86],[158.53,-57.8],[158.52,-57.76],[158.57,-57.7],[158.66,-57.69],[158.73,-57.74],[158.73,-57.82],[158.7,-57.85],[158.61,-57.86]],[[160.44,-58.1],[160.36,-58.02],[160.37,-57.95],[160.48,-57.88],[160.59,-57.91],[160.65,-58.0],[160.65,-58.04],[160.54,-58.1],[160.44,-58.1]],[[160.68,-58.08],[160.75,-58.05],[160.86,-58.07],[160.91,-58.12],[160.9,-58.21],[160.8,-58.26],[160.68,-58.23],[160.64,-58.14],[160.68,-58.08]],[[161.47,-58.78],[161.36,-58.7],[161.36,-58.64],[161.41,-58.57],[161.56,-58.53],[161.7,-58.59],[161.72,-58.69],[161.68,-58.74],[161.47,-58.78]],[[158.83,-58.92],[158.91,-58.91],[158.98,-58.97],[159.02,-59.07],[159.0,-59.14],[158.9,-59.11],[158.82,-59.04],[158.81,-58.96],[158.83,-58.92]],[[159.05,-59.18],[159.12,-59.16],[159.37,-59.28],[159.37,-59.37],[159.26,-59.4],[159.11,-59.34],[159.03,-59.23],[159.05,-59.18]],[[158.04,-59.23],[158.11,-59.28],[158.11,-59.37],[158.05,-59.43],[157.92,-59.43],[157.89,-59.36],[157.9,-59.27],[158.04,-59.23]],[[158.93,-60.31],[158.47,-60.17],[158.42,-60.1],[158.44,-59.98],[158.52,-59.91],[158.61,-59.89],[158.75,-59.91],[158.86,-59.98],[159.02,-59.95],[159.07,-59.98],[159.14,-60.11],[159.14,-60.19],[159.05,-60.27],[158.93,-60.31]],[[158.19,-60.56],[158.15,-60.51],[158.18,-60.41],[158.28,-60.37],[158.38,-60.41],[158.4,-60.46],[158.37,-60.53],[158.28,-60.57],[158.19,-60.56]],[[157.98,-60.97],[157.91,-60.94],[157.92,-60.86],[158.11,-60.84],[157.99,-60.73],[158.0,-60.64],[158.15,-60.59],[158.28,-60.62],[158.33,-60.73],[158.31,-60.78],[158.14,-60.86],[158.11,-60.98],[157.98,-60.97]],[[165.31,-60.76],[165.39,-60.7],[165.53,-60.65],[165.74,-60.66],[165.66,-60.83],[165.49,-60.93],[165.36,-60.93],[165.31,-60.9],[165.29,-60.84],[165.31,-60.76]],[[160.54,-60.93],[160.62,-60.99],[160.61,-61.06],[160.55,-61.09],[160.47,-61.06],[160.44,-61.0],[160.49,-60.94],[160.54,-60.93]],[[163.65,-61.07],[163.84,-61.05],[163.91,-61.11],[163.91,-61.18],[163.84,-61.23],[163.67,-61.2],[163.6,-61.13],[163.65,-61.07]],[[166.32,-61.13],[166.41,-61.12],[166.63,-61.22],[166.8,-61.26],[166.87,-61.32],[166.89,-61.41],[166.75,-61.48],[166.57,-61.46],[166.46,-61.37],[166.25,-61.29],[166.23,-61.2],[166.32,-61.13]],[[165.12,-61.37],[165.46,-61.39],[165.53,-61.44],[166.27,-61.49],[166.34,-61.54],[166.38,-61.64],[166.32,-61.67],[165.89,-61.6],[165.41,-61.61],[165.07,-61.51],[164.83,-61.51],[164.62,-61.39],[164.4,-61.34],[164.3,-61.29],[164.26,-61.21],[164.33,-61.14],[164.43,-61.14],[164.57,-61.18],[164.71,-61.3],[164.9,-61.3],[165.12,-61.37]],[[163.18,-61.68],[163.33,-61.76],[163.36,-61.83],[163.34,-61.87],[163.29,-61.89],[162.98,-61.82],[162.81,-61.55],[162.84,-61.51],[162.92,-61.49],[163.18,-61.68]],[[164.76,-61.86],[164.71,-61.8],[164.74,-61.73],[164.98,-61.73],[165.25,-61.95],[165.55,-62.09],[165.74,-62.11],[165.84,-62.3],[166.06,-62.42],[166.28,-62.45],[166.32,-62.54],[166.26,-62.6],[166.16,-62.64],[165.94,-62.63],[165.39,-62.21],[165.19,-62.16],[165.14,-62.09],[164.76,-61.86]],[[167.05,-61.83],[167.14,-61.82],[167.23,-61.86],[167.27,-61.93],[167.26,-61.97],[167.18,-62.0],[167.03,-61.96],[166.99,-61.89],[167.05,-61.83]],[[168.11,-61.93],[168.17,-61.89],[168.53,-61.85],[168.59,-61.88],[168.64,-61.99],[169.19,-62.12],[169.22,-62.17],[169.15,-62.38],[168.93,-62.5],[168.91,-62.55],[168.96,-62.62],[168.98,-62.74],[169.22,-62.98],[169.43,-63.02],[169.42,-63.13],[169.34,-63.17],[169.13,-63.16],[168.96,-63.0],[168.71,-62.92],[168.22,-62.55],[168.2,-62.49],[168.21,-62.41],[168.32,-62.26],[168.55,-62.3],[168.67,-62.42],[168.78,-62.46],[168.83,-62.43],[168.84,-62.37],[168.74,-62.25],[168.5,-62.21],[168.31,-62.06],[168.12,-62.04],[168.1,-61.99],[168.11,-61.93]],[[170.06,-62.13],[170.19,-62.13],[170.22,-62.17],[170.09,-62.21],[170.05,-62.18],[170.06,-62.13]],[[169.72,-62.23],[169.85,-62.23],[169.87,-62.38],[169.8,-62.39],[169.66,-62.35],[169.63,-62.29],[169.72,-62.23]],[[169.49,-62.28],[169.55,-62.39],[169.51,-62.45],[169.37,-62.43],[169.3,-62.36],[169.29,-62.32],[169.36,-62.25],[169.49,-62.28]],[[170.2,-62.65],[170.1,-62.6],[170.08,-62.56],[170.1,-62.5],[170.25,-62.49],[170.31,-62.52],[170.33,-62.6],[170.31,-62.64],[170.2,-62.65]],[[170.57,-62.69],[170.74,-62.65],[170.88,-62.67],[170.98,-62.72],[171.0,-62.79],[170.98,-62.88],[171.06,-63.03],[171.05,-63.07],[170.92,-63.11],[170.79,-63.09],[170.74,-62.95],[170.54,-62.79],[170.53,-62.73],[170.57,-62.69]],[[172.66,-62.69],[172.81,-62.7],[172.86,-62.77],[172.82,-62.79],[172.66,-62.76],[172.63,-62.72],[172.66,-62.69]],[[173.72,-63.02],[173.71,-62.96],[173.75,-62.92],[174.02,-62.9],[174.17,-63.02],[174.68,-63.22],[174.71,-63.26],[174.71,-63.33],[174.64,-63.38],[174.48,-63.36],[174.29,-63.26],[174.01,-63.18],[173.72,-63.02]],[[174.84,-63.36],[174.95,-63.32],[175.66,-63.46],[175.8,-63.53],[176.16,-63.59],[176.23,-63.66],[176.21,-63.72],[176.14,-63.75],[175.9,-63.65],[175.51,-63.64],[175.24,-63.52],[174.9,-63.47],[174.84,-63.43],[174.84,-63.36]],[[173.37,-63.66],[173.45,-63.7],[173.46,-63.78],[173.38,-63.83],[173.24,-63.82],[173.2,-63.78],[173.22,-63.71],[173.37,-63.66]],[[174.55,-63.79],[174.68,-63.78],[174.7,-63.88],[174.59,-63.9],[174.54,-63.84],[174.55,-63.79]],[[176.03,-63.85],[176.14,-63.79],[176.22,-63.83],[176.25,-63.89],[176.22,-63.94],[176.12,-63.97],[176.04,-63.93],[176.03,-63.85]],[[175.81,-63.94],[175.86,-64.03],[175.85,-64.08],[175.76,-64.12],[175.59,-64.05],[175.54,-63.96],[175.56,-63.91],[175.65,-63.88],[175.81,-63.94]],[[177.54,-64.05],[177.69,-64.1],[177.72,-64.18],[177.69,-64.22],[177.58,-64.25],[177.43,-64.22],[177.44,-64.09],[177.54,-64.05]],[[177.28,-64.14],[177.38,-64.2],[177.43,-64.32],[177.65,-64.32],[177.86,-64.49],[178.03,-64.51],[178.22,-64.7],[178.44,-64.78],[178.5,-64.86],[178.51,-64.96],[178.45,-65.01],[178.34,-64.99],[178.15,-64.8],[177.52,-64.51],[177.4,-64.37],[177.19,-64.31],[177.08,-64.22],[177.08,-64.19],[177.12,-64.13],[177.28,-64.14]],[[179.51,-64.98],[179.6,-64.92],[179.66,-64.93],[179.76,-65.04],[179.7,-65.1],[179.58,-65.11],[179.5,-65.06],[179.51,-64.98]],[[172.34,-65.04],[172.31,-65.11],[172.14,-65.15],[171.96,-65.11],[171.91,-65.07],[171.92,-65.01],[172.1,-64.92],[172.27,-64.94],[172.34,-65.04]],[[171.66,-64.95],[171.6,-65.02],[171.44,-65.05],[171.31,-65.0],[171.29,-64.92],[171.34,-64.84],[171.56,-64.79],[171.67,-64.84],[171.66,-64.95]],[[172.51,-64.76],[172.44,-64.67],[172.46,-64.63],[172.53,-64.59],[172.97,-64.59],[173.21,-64.66],[173.2,-64.72],[173.02,-64.79],[172.74,-64.79],[172.51,-64.76]],[[173.94,-64.68],[173.86,-64.63],[173.62,-64.58],[173.61,-64.53],[173.67,-64.48],[173.94,-64.49],[174.18,-64.56],[174.19,-64.61],[174.15,-64.67],[173.94,-64.68]],[[174.7,-64.61],[174.64,-64.58],[174.62,-64.52],[174.68,-64.47],[174.74,-64.46],[174.8,-64.55],[174.77,-64.6],[174.7,-64.61]],[[176.32,-64.54],[176.22,-64.48],[176.22,-64.44],[176.26,-64.39],[176.4,-64.36],[176.48,-64.41],[176.48,-64.5],[176.44,-64.53],[176.32,-64.54]],[[174.84,-64.25],[174.85,-64.3],[174.79,-64.35],[174.69,-64.33],[174.64,-64.27],[174.65,-64.22],[174.71,-64.2],[174.8,-64.21],[174.84,-64.25]],[[175.11,-64.23],[174.82,-64.04],[174.79,-64.0],[174.8,-63.93],[174.84,-63.91],[174.96,-63.95],[175.24,-64.12],[175.23,-64.22],[175.11,-64.23]],[[170.98,-64.09],[170.9,-64.12],[170.84,-64.0],[171.0,-63.95],[171.03,-63.97],[170.98,-64.09]],[[170.02,-63.96],[169.99,-64.0],[169.86,-64.04],[169.71,-64.01],[169.63,-63.93],[169.66,-63.89],[169.78,-63.87],[169.97,-63.89],[170.02,-63.96]],[[171.18,-63.93],[171.14,-63.84],[171.21,-63.8],[171.34,-63.86],[171.38,-63.93],[171.29,-63.98],[171.18,-63.93]],[[169.28,-63.85],[168.75,-63.79],[168.67,-63.73],[168.68,-63.69],[168.78,-63.62],[168.93,-63.63],[169.06,-63.7],[169.26,-63.75],[169.31,-63.8],[169.28,-63.85]],[[170.11,-63.58],[170.04,-63.48],[169.8,-63.54],[169.61,-63.5],[169.56,-63.42],[169.58,-63.36],[169.68,-63.31],[169.78,-63.34],[169.78,-63.22],[169.87,-63.16],[170.46,-63.1],[170.51,-63.16],[170.5,-63.28],[170.6,-63.48],[170.67,-63.54],[170.88,-63.53],[170.9,-63.51],[170.87,-63.44],[170.92,-63.37],[171.07,-63.38],[171.07,-63.46],[170.99,-63.56],[171.11,-63.7],[171.12,-63.76],[171.09,-63.82],[171.03,-63.85],[170.76,-63.82],[170.57,-63.67],[170.4,-63.67],[170.11,-63.58]],[[168.78,-63.43],[168.84,-63.37],[168.94,-63.36],[169.21,-63.49],[169.22,-63.55],[169.16,-63.6],[169.01,-63.58],[168.78,-63.43]],[[168.17,-63.38],[168.22,-63.47],[168.23,-63.51],[168.2,-63.53],[167.84,-63.39],[167.78,-63.34],[167.77,-63.29],[167.82,-63.24],[167.92,-63.24],[168.17,-63.38]],[[167.52,-63.24],[167.31,-63.17],[167.25,-63.07],[167.28,-63.02],[167.36,-63.0],[167.59,-63.11],[167.62,-63.17],[167.58,-63.22],[167.52,-63.24]],[[164.98,-63.04],[165.01,-63.11],[164.89,-63.12],[164.73,-63.04],[164.5,-63.0],[164.41,-62.94],[164.4,-62.89],[164.46,-62.83],[164.54,-62.83],[164.98,-63.04]],[[156.48,-62.89],[156.25,-62.93],[156.22,-62.9],[156.2,-62.82],[156.25,-62.76],[156.36,-62.69],[156.55,-62.66],[156.61,-62.71],[156.62,-62.77],[156.48,-62.89]],[[154.67,-62.67],[154.72,-62.81],[154.66,-62.85],[154.59,-62.84],[154.38,-62.74],[154.33,-62.64],[154.38,-62.58],[154.49,-62.57],[154.67,-62.67]],[[156.8,-62.58],[156.69,-62.5],[156.77,-62.38],[156.76,-62.26],[156.85,-62.22],[157.08,-62.26],[157.11,-62.31],[157.1,-62.39],[157.02,-62.55],[156.98,-62.58],[156.8,-62.58]],[[158.42,-62.22],[158.5,-62.26],[158.52,-62.35],[158.69,-62.55],[158.69,-62.62],[158.64,-62.66],[158.5,-62.65],[158.24,-62.4],[158.26,-62.28],[158.42,-62.22]],[[158.55,-62.25],[158.52,-62.22],[158.52,-62.11],[158.73,-62.08],[158.81,-62.11],[158.81,-62.14],[158.75,-62.21],[158.64,-62.25],[158.55,-62.25]],[[156.68,-62.14],[156.62,-62.21],[156.51,-62.21],[156.45,-62.14],[156.44,-62.05],[156.5,-61.97],[156.62,-61.98],[156.69,-62.05],[156.68,-62.14]],[[161.43,-62.04],[161.16,-61.88],[161.02,-61.76],[160.96,-61.67],[160.95,-61.6],[161.1,-61.57],[161.34,-61.7],[161.51,-61.88],[161.89,-62.02],[161.92,-62.14],[161.87,-62.19],[161.78,-62.19],[161.43,-62.04]],[[162.94,-62.13],[162.87,-62.06],[162.88,-62.02],[162.95,-61.94],[163.06,-61.95],[163.33,-62.15],[163.45,-62.33],[163.37,-62.36],[163.25,-62.33],[163.15,-62.23],[162.94,-62.13]],[[164.65,-62.22],[164.67,-62.17],[164.84,-62.09],[164.94,-62.11],[164.98,-62.16],[164.94,-62.27],[164.88,-62.31],[164.73,-62.3],[164.65,-62.22]],[[162.1,-62.21],[162.18,-62.28],[162.17,-62.35],[162.11,-62.38],[161.99,-62.34],[161.97,-62.28],[162.0,-62.23],[162.1,-62.21]],[[160.98,-62.21],[160.99,-62.23],[161.15,-62.25],[161.18,-62.3],[161.16,-62.35],[161.03,-62.37],[160.99,-62.35],[160.99,-62.28],[160.73,-62.27],[160.68,-62.23],[160.66,-62.17],[160.69,-62.12],[160.83,-62.06],[160.97,-62.11],[160.98,-62.21]],[[163.72,-62.55],[163.7,-62.49],[163.76,-62.43],[163.81,-62.44],[163.88,-62.51],[163.85,-62.59],[163.72,-62.55]],[[161.06,-62.59],[161.22,-62.67],[161.21,-62.76],[160.92,-62.79],[160.85,-62.76],[160.82,-62.69],[160.86,-62.63],[161.06,-62.59]],[[166.65,-62.64],[166.83,-62.57],[166.9,-62.6],[166.94,-62.66],[166.89,-62.72],[166.73,-62.75],[166.64,-62.72],[166.65,-62.64]],[[167.11,-62.74],[167.06,-62.71],[167.04,-62.63],[167.17,-62.52],[167.33,-62.51],[167.47,-62.54],[167.49,-62.61],[167.42,-62.7],[167.26,-62.75],[167.11,-62.74]],[[167.88,-62.75],[168.04,-62.77],[168.47,-63.12],[168.7,-63.22],[168.74,-63.33],[168.59,-63.35],[168.38,-63.24],[168.19,-63.22],[168.17,-63.17],[167.78,-62.9],[167.76,-62.81],[167.88,-62.75]],[[164.31,-62.76],[164.3,-62.83],[164.23,-62.85],[164.07,-62.8],[164.04,-62.73],[164.06,-62.69],[164.15,-62.66],[164.25,-62.7],[164.31,-62.76]],[[156.91,-62.79],[156.72,-62.74],[156.73,-62.64],[156.91,-62.64],[157.0,-62.67],[156.98,-62.76],[156.91,-62.79]],[[157.11,-62.66],[157.13,-62.57],[157.32,-62.42],[157.73,-62.39],[157.81,-62.44],[157.79,-62.52],[157.73,-62.57],[157.54,-62.56],[157.11,-62.66]],[[157.88,-62.42],[157.83,-62.35],[157.87,-62.28],[158.03,-62.23],[158.11,-62.26],[158.13,-62.3],[158.09,-62.37],[157.99,-62.41],[157.88,-62.42]],[[171.62,-63.09],[171.7,-63.03],[171.92,-63.02],[172.08,-63.07],[172.26,-63.18],[172.29,-63.23],[172.25,-63.32],[172.13,-63.3],[172.1,-63.34],[172.21,-63.43],[172.2,-63.5],[172.13,-63.53],[172.23,-63.66],[172.22,-63.72],[171.91,-63.86],[171.62,-63.74],[171.62,-63.68],[171.69,-63.53],[171.55,-63.46],[171.49,-63.31],[171.53,-63.28],[171.75,-63.34],[171.78,-63.32],[171.64,-63.2],[171.62,-63.09]],[[172.39,-63.51],[172.52,-63.45],[172.6,-63.48],[172.61,-63.58],[172.66,-63.6],[173.05,-63.52],[173.16,-63.55],[173.17,-63.6],[172.93,-63.86],[172.78,-63.88],[172.62,-63.86],[172.5,-63.8],[172.47,-63.76],[172.49,-63.65],[172.4,-63.57],[172.39,-63.51]],[[173.68,-63.9],[173.71,-63.84],[173.82,-63.81],[173.92,-63.87],[173.97,-64.02],[173.92,-64.06],[173.76,-64.02],[173.68,-63.94],[173.68,-63.9]],[[173.14,-63.9],[173.23,-63.97],[173.19,-64.05],[173.04,-64.04],[172.95,-63.99],[172.98,-63.92],[173.14,-63.9]],[[170.83,-63.31],[170.64,-63.34],[170.57,-63.32],[170.55,-63.26],[170.58,-63.2],[170.78,-63.16],[170.87,-63.24],[170.83,-63.31]],[[171.19,-63.18],[171.3,-63.12],[171.37,-63.12],[171.41,-63.19],[171.39,-63.28],[171.34,-63.31],[171.2,-63.3],[171.19,-63.18]],[[176.43,-64.23],[176.37,-64.2],[176.35,-64.14],[176.44,-64.08],[176.5,-64.11],[176.53,-64.2],[176.5,-64.24],[176.43,-64.23]],[[169.89,-62.83],[169.91,-62.88],[169.88,-62.96],[169.73,-62.99],[169.66,-62.95],[169.68,-62.83],[169.78,-62.81],[169.89,-62.83]],[[167.94,-62.28],[167.93,-62.37],[167.83,-62.47],[167.69,-62.47],[167.6,-62.39],[167.63,-62.29],[167.87,-62.25],[167.94,-62.28]],[[158.62,-61.13],[158.39,-61.19],[158.32,-61.17],[158.28,-61.08],[158.37,-60.98],[158.61,-60.94],[158.66,-60.96],[158.69,-61.02],[158.62,-61.13]],[[160.7,-65.29],[160.86,-65.24],[161.36,-65.41],[161.44,-65.52],[161.46,-65.62],[161.3,-65.66],[160.92,-65.63],[160.73,-65.49],[160.7,-65.29]],[[168.38,-65.54],[168.32,-65.46],[168.35,-65.39],[168.53,-65.37],[168.62,-65.41],[168.61,-65.5],[168.56,-65.53],[168.38,-65.54]],[[159.14,-65.55],[159.19,-65.61],[159.18,-65.65],[159.11,-65.69],[159.03,-65.68],[159.02,-65.59],[159.14,-65.55]],[[150.95,-65.55],[150.97,-65.61],[150.93,-65.68],[150.85,-65.69],[150.78,-65.65],[150.77,-65.58],[150.82,-65.54],[150.87,-65.52],[150.95,-65.55]],[[163.62,-65.9],[163.58,-65.83],[163.61,-65.78],[163.68,-65.75],[163.75,-65.78],[163.75,-65.88],[163.62,-65.9]],[[163.93,-65.98],[164.01,-65.96],[164.11,-65.98],[164.18,-66.05],[164.38,-66.12],[164.54,-66.24],[164.88,-66.36],[164.98,-66.43],[165.19,-66.46],[165.65,-66.77],[165.98,-66.79],[166.07,-66.97],[166.06,-67.15],[165.98,-67.18],[165.76,-67.16],[165.55,-67.08],[165.5,-66.91],[165.29,-66.91],[165.0,-66.79],[164.85,-66.68],[164.76,-66.5],[164.35,-66.38],[163.94,-66.17],[163.86,-66.05],[163.88,-65.99],[163.93,-65.98]],[[170.8,-66.84],[170.96,-66.85],[171.24,-66.94],[171.36,-67.06],[171.63,-67.12],[171.79,-67.24],[171.82,-67.34],[171.7,-67.38],[171.38,-67.27],[170.99,-67.23],[170.75,-67.15],[170.69,-67.1],[170.67,-66.97],[170.72,-66.89],[170.8,-66.84]],[[167.86,-67.34],[167.8,-67.44],[167.55,-67.51],[167.74,-67.61],[167.76,-67.73],[167.97,-67.85],[167.99,-67.96],[167.9,-68.01],[167.3,-68.02],[167.16,-67.97],[166.8,-67.94],[166.75,-67.9],[166.56,-67.87],[166.51,-67.82],[166.39,-67.8],[166.07,-67.8],[166.01,-67.74],[166.06,-67.65],[166.3,-67.54],[166.4,-67.54],[166.64,-67.47],[166.84,-67.47],[166.99,-67.54],[167.09,-67.53],[167.16,-67.42],[167.12,-67.24],[167.24,-67.14],[167.62,-67.15],[167.66,-67.2],[167.83,-67.24],[167.86,-67.34]],[[168.41,-67.9],[168.09,-67.85],[168.06,-67.72],[168.17,-67.57],[168.25,-67.5],[168.48,-67.47],[168.62,-67.53],[168.62,-67.63],[168.58,-67.73],[168.67,-67.81],[169.2,-67.8],[169.65,-67.93],[169.72,-67.97],[169.74,-68.05],[169.69,-68.14],[169.58,-68.18],[169.3,-68.18],[169.2,-68.14],[168.57,-68.13],[168.48,-68.09],[168.41,-68.02],[168.41,-67.9]],[[174.17,-67.49],[174.31,-67.48],[174.34,-67.57],[174.27,-67.61],[174.18,-67.6],[174.14,-67.53],[174.17,-67.49]],[[172.04,-67.53],[172.1,-67.56],[172.12,-67.63],[172.02,-67.73],[171.75,-67.79],[171.62,-67.73],[171.65,-67.63],[171.76,-67.56],[172.04,-67.53]],[[172.35,-67.78],[172.24,-67.73],[172.28,-67.63],[172.36,-67.62],[172.45,-67.71],[172.44,-67.78],[172.35,-67.78]],[[173.14,-68.15],[173.2,-68.12],[173.57,-68.06],[173.69,-68.16],[173.71,-68.27],[173.68,-68.31],[173.59,-68.36],[173.4,-68.35],[173.16,-68.27],[173.14,-68.15]],[[177.47,-68.28],[177.63,-68.23],[177.72,-68.26],[177.74,-68.32],[177.7,-68.37],[177.61,-68.39],[177.46,-68.34],[177.47,-68.28]],[[174.02,-68.31],[174.07,-68.4],[174.03,-68.46],[173.85,-68.49],[173.69,-68.45],[173.68,-68.4],[173.74,-68.33],[174.02,-68.31]],[[168.2,-67.99],[168.26,-68.08],[168.24,-68.14],[168.18,-68.15],[168.08,-68.11],[168.07,-68.05],[168.1,-68.02],[168.2,-67.99]],[[165.19,-67.75],[164.96,-67.8],[164.59,-67.73],[164.47,-67.68],[164.28,-67.46],[164.02,-67.58],[163.71,-67.54],[163.62,-67.48],[163.62,-67.37],[163.72,-67.31],[164.04,-67.3],[163.95,-67.16],[163.78,-67.1],[163.66,-67.23],[163.56,-67.27],[163.22,-67.22],[163.1,-67.0],[162.65,-66.74],[162.5,-66.74],[162.38,-66.64],[162.14,-66.55],[161.99,-66.3],[161.86,-66.22],[161.84,-66.02],[162.0,-65.98],[162.24,-66.0],[162.53,-66.12],[162.81,-66.31],[162.89,-66.31],[163.03,-66.22],[163.25,-66.26],[163.33,-66.33],[163.33,-66.36],[163.18,-66.43],[163.37,-66.58],[163.63,-66.7],[163.9,-66.67],[163.99,-66.7],[164.02,-66.78],[163.85,-66.93],[163.83,-66.99],[163.95,-66.96],[164.39,-67.13],[164.49,-67.11],[164.56,-67.01],[164.61,-67.0],[164.77,-67.05],[164.88,-67.13],[165.05,-67.1],[165.25,-67.25],[165.56,-67.34],[165.88,-67.52],[165.91,-67.56],[165.9,-67.66],[165.82,-67.7],[165.5,-67.72],[165.31,-67.68],[165.19,-67.75]],[[166.42,-67.34],[166.31,-67.21],[166.29,-67.12],[166.32,-67.06],[166.52,-67.04],[166.73,-67.15],[166.74,-67.21],[166.69,-67.28],[166.53,-67.34],[166.42,-67.34]],[[168.04,-66.96],[168.12,-66.86],[168.2,-66.85],[168.31,-66.9],[168.33,-66.98],[168.27,-67.08],[168.21,-67.09],[168.1,-67.05],[168.04,-66.96]],[[168.38,-67.13],[168.44,-67.14],[168.47,-67.2],[168.43,-67.27],[168.27,-67.31],[168.19,-67.27],[168.17,-67.21],[168.19,-67.18],[168.38,-67.13]],[[168.14,-68.71],[168.29,-68.68],[168.33,-68.75],[168.27,-68.8],[168.15,-68.82],[168.11,-68.78],[168.14,-68.71]],[[169.95,-68.8],[169.99,-68.8],[170.05,-68.85],[170.04,-68.96],[169.92,-68.97],[169.86,-68.92],[169.87,-68.86],[169.95,-68.8]],[[172.17,-69.43],[172.21,-69.33],[172.46,-69.34],[172.72,-69.55],[172.75,-69.64],[172.73,-69.7],[172.68,-69.74],[172.49,-69.76],[172.39,-69.62],[172.21,-69.56],[172.17,-69.43]],[[172.76,-69.76],[172.89,-69.81],[173.18,-70.1],[173.26,-70.13],[173.28,-70.25],[173.42,-70.37],[173.67,-70.7],[173.7,-70.82],[173.66,-70.91],[173.52,-70.95],[173.44,-70.91],[173.33,-70.51],[172.97,-70.19],[172.85,-70.13],[172.7,-69.94],[172.68,-69.83],[172.76,-69.76]],[[176.13,-70.0],[176.07,-69.94],[176.09,-69.89],[176.17,-69.86],[176.24,-69.87],[176.27,-69.94],[176.26,-69.98],[176.13,-70.0]],[[172.01,-69.91],[172.08,-69.94],[172.13,-70.06],[172.66,-70.49],[172.67,-70.66],[172.65,-70.74],[172.55,-70.86],[172.4,-70.89],[172.32,-70.87],[172.16,-70.58],[171.98,-70.51],[171.51,-70.07],[171.4,-69.64],[171.48,-69.58],[171.64,-69.57],[172.01,-69.91]],[[167.14,-69.74],[167.14,-69.89],[166.9,-69.87],[166.84,-69.81],[166.85,-69.77],[167.14,-69.74]],[[179.73,-49.77],[179.77,-49.82],[179.75,-49.91],[179.67,-49.96],[179.59,-49.95],[179.57,-49.85],[179.73,-49.77]],[[165.63,-38.54],[165.58,-38.53],[165.55,-38.48],[165.58,-38.4],[165.8,-38.32],[165.85,-38.34],[165.87,-38.4],[165.84,-38.45],[165.63,-38.54]],[[166.29,-38.53],[166.19,-38.47],[166.19,-38.39],[166.29,-38.33],[166.39,-38.33],[166.4,-38.48],[166.37,-38.52],[166.29,-38.53]],[[162.22,-18.99],[162.15,-18.94],[162.12,-18.86],[162.21,-18.78],[162.27,-18.81],[162.32,-18.92],[162.29,-18.98],[162.22,-18.99]],[[159.77,-22.42],[159.72,-22.32],[159.77,-22.17],[159.9,-22.14],[159.95,-22.17],[159.98,-22.22],[159.96,-22.36],[159.85,-22.44],[159.77,-22.42]],[[159.68,-22.82],[159.6,-22.75],[159.58,-22.64],[159.71,-22.58],[159.79,-22.58],[159.85,-22.66],[159.86,-22.78],[159.79,-22.83],[159.68,-22.82]],[[162.42,-20.68],[162.39,-20.59],[162.47,-20.55],[162.5,-20.65],[162.42,-20.68]],[[164.64,-31.34],[164.73,-31.3],[164.77,-31.32],[164.89,-31.6],[164.87,-31.65],[164.69,-31.75],[164.69,-31.9],[164.64,-31.92],[164.54,-31.86],[164.5,-31.74],[164.53,-31.66],[164.64,-31.63],[164.59,-31.51],[164.64,-31.34]],[[165.47,-20.24],[165.42,-20.2],[165.41,-20.15],[165.5,-20.08],[165.55,-20.12],[165.56,-20.21],[165.53,-20.24],[165.47,-20.24]],[[170.23,-23.93],[170.2,-23.87],[170.24,-23.74],[170.3,-23.68],[170.39,-23.66],[170.42,-23.68],[170.4,-23.79],[170.32,-23.9],[170.23,-23.93]],[[179.4,-24.25],[179.35,-24.16],[179.41,-24.1],[179.49,-24.11],[179.56,-24.2],[179.54,-24.26],[179.48,-24.28],[179.4,-24.25]],[[170.85,-24.26],[170.9,-24.29],[170.92,-24.34],[170.87,-24.42],[170.77,-24.46],[170.67,-24.44],[170.63,-24.38],[170.66,-24.32],[170.85,-24.26]],[[170.24,-24.45],[170.33,-24.53],[170.33,-24.58],[170.22,-24.85],[170.0,-24.97],[169.88,-24.95],[169.84,-24.85],[169.98,-24.71],[169.94,-24.58],[169.97,-24.5],[170.12,-24.44],[170.24,-24.45]],[[179.35,-24.92],[179.38,-24.84],[179.3,-24.66],[179.41,-24.6],[179.48,-24.64],[179.49,-24.79],[179.69,-24.89],[179.75,-24.96],[179.78,-25.08],[179.63,-25.28],[179.48,-25.28],[179.38,-25.15],[179.35,-24.92]],[[170.26,-24.94],[170.31,-24.98],[170.37,-25.11],[170.54,-25.23],[170.59,-25.33],[170.59,-25.43],[170.51,-25.61],[170.46,-25.8],[170.4,-25.77],[170.3,-25.66],[170.3,-25.57],[170.38,-25.39],[170.36,-25.34],[170.28,-25.26],[170.1,-25.17],[170.08,-25.13],[170.12,-24.98],[170.26,-24.94]],[[179.57,-25.73],[179.52,-25.54],[179.53,-25.46],[179.56,-25.44],[179.7,-25.5],[179.76,-25.62],[179.69,-25.7],[179.57,-25.73]],[[169.46,-25.01],[169.63,-25.25],[169.64,-25.29],[169.58,-25.37],[169.62,-25.53],[169.59,-25.57],[169.39,-25.54],[169.32,-25.49],[169.27,-25.25],[169.08,-25.16],[169.08,-25.1],[169.19,-25.03],[169.07,-25.01],[169.05,-24.93],[169.14,-24.75],[169.26,-24.71],[169.36,-24.75],[169.42,-24.82],[169.46,-25.01]],[[168.54,-25.77],[168.55,-25.94],[168.7,-26.07],[168.73,-26.14],[168.72,-26.18],[168.66,-26.23],[168.52,-26.14],[168.48,-26.15],[168.44,-26.34],[168.36,-26.43],[168.27,-26.45],[168.22,-26.41],[168.22,-26.34],[168.36,-26.02],[168.37,-25.86],[168.4,-25.82],[168.54,-25.77]],[[168.97,-26.22],[169.01,-26.21],[169.06,-26.28],[169.09,-26.46],[169.07,-26.51],[168.97,-26.48],[168.89,-26.36],[168.89,-26.29],[168.97,-26.22]],[[168.26,-25.94],[168.29,-26.0],[168.26,-26.11],[168.18,-26.14],[168.07,-26.08],[168.08,-26.01],[168.12,-25.97],[168.26,-25.94]],[[173.52,-27.02],[173.5,-26.97],[173.55,-26.9],[173.66,-26.86],[173.72,-26.89],[173.73,-26.94],[173.69,-26.99],[173.52,-27.02]],[[170.03,-27.02],[170.1,-27.09],[170.12,-27.19],[170.09,-27.26],[170.05,-27.28],[169.91,-27.22],[169.87,-27.14],[169.92,-27.05],[170.03,-27.02]],[[172.75,-29.02],[172.83,-28.78],[172.75,-28.58],[172.77,-28.51],[172.97,-28.39],[172.94,-28.27],[173.02,-28.0],[173.1,-27.96],[173.22,-27.98],[173.27,-28.03],[173.18,-28.15],[173.24,-28.28],[173.23,-28.34],[173.18,-28.37],[173.23,-28.49],[173.16,-28.64],[173.26,-28.82],[173.23,-28.99],[173.26,-29.14],[173.18,-29.28],[173.17,-29.42],[173.34,-29.73],[173.34,-29.82],[173.28,-29.98],[173.52,-30.05],[173.51,-30.12],[173.41,-30.24],[173.37,-30.34],[173.38,-30.42],[173.42,-30.46],[173.42,-30.58],[173.57,-30.7],[173.59,-30.77],[173.43,-31.05],[173.31,-30.99],[173.3,-30.94],[173.18,-30.84],[173.21,-30.97],[173.1,-31.02],[173.18,-31.1],[173.2,-31.27],[173.26,-31.34],[173.27,-31.51],[173.33,-31.56],[173.36,-31.72],[173.49,-31.77],[173.52,-31.84],[173.51,-31.89],[173.42,-31.96],[173.22,-31.98],[173.16,-31.97],[173.0,-31.77],[172.92,-31.99],[173.06,-32.06],[173.05,-32.16],[173.0,-32.22],[172.73,-32.35],[172.99,-32.52],[173.12,-32.49],[173.17,-32.53],[173.24,-32.68],[173.19,-32.73],[173.06,-32.71],[173.09,-32.77],[173.21,-32.78],[173.28,-32.86],[173.42,-32.8],[173.5,-32.81],[173.66,-32.92],[173.69,-33.03],[173.67,-33.11],[173.35,-33.34],[173.27,-33.31],[173.18,-33.19],[173.02,-33.1],[172.99,-33.05],[172.87,-33.0],[172.79,-32.89],[172.53,-32.96],[172.39,-32.89],[172.23,-32.88],[172.2,-32.8],[172.24,-32.54],[172.27,-32.5],[172.37,-32.5],[172.3,-32.4],[172.3,-32.3],[172.22,-32.11],[172.03,-31.92],[171.98,-31.75],[171.94,-31.73],[171.92,-31.66],[171.98,-31.44],[172.28,-31.22],[172.3,-31.17],[172.22,-31.08],[172.22,-30.98],[172.1,-30.9],[172.09,-30.83],[172.12,-30.8],[172.22,-30.82],[172.23,-30.53],[172.35,-30.37],[172.49,-30.34],[172.72,-29.81],[172.81,-29.74],[172.75,-29.63],[172.78,-29.47],[172.75,-29.02]],[[175.25,-28.3],[175.2,-28.25],[175.26,-28.17],[175.44,-28.06],[175.61,-28.05],[175.64,-28.14],[175.59,-28.21],[175.32,-28.3],[175.25,-28.3]],[[173.88,-30.81],[173.81,-30.77],[173.78,-30.69],[173.83,-30.62],[173.93,-30.6],[173.98,-30.64],[173.99,-30.7],[173.95,-30.79],[173.88,-30.81]],[[173.6,-31.01],[173.65,-30.96],[173.72,-30.95],[173.75,-30.98],[173.75,-31.06],[173.65,-31.1],[173.6,-31.05],[173.6,-31.01]],[[174.01,-31.5],[173.97,-31.44],[174.0,-31.39],[174.05,-31.37],[174.11,-31.38],[174.13,-31.49],[174.01,-31.5]],[[179.3,-31.7],[179.45,-31.67],[179.48,-31.71],[179.43,-31.79],[179.34,-31.81],[179.29,-31.74],[179.3,-31.7]],[[173.83,-31.71],[173.9,-31.8],[173.84,-31.9],[173.7,-31.92],[173.58,-31.85],[173.57,-31.78],[173.66,-31.7],[173.83,-31.71]],[[179.17,-31.9],[179.23,-31.91],[179.25,-31.98],[179.23,-32.21],[179.16,-32.3],[179.14,-32.45],[178.82,-32.78],[178.9,-32.99],[178.9,-33.07],[178.86,-33.11],[178.7,-33.17],[178.56,-33.28],[178.54,-33.37],[178.56,-33.48],[178.48,-33.54],[178.42,-33.54],[178.36,-33.48],[178.33,-33.4],[178.35,-33.17],[178.51,-32.86],[178.53,-32.64],[178.61,-32.45],[178.87,-32.23],[178.87,-32.11],[178.92,-32.08],[178.99,-32.11],[179.07,-31.95],[179.17,-31.9]],[[175.57,-33.47],[175.58,-33.52],[175.54,-33.66],[175.44,-33.72],[175.39,-33.65],[175.41,-33.56],[175.52,-33.46],[175.57,-33.47]],[[178.17,-33.71],[178.29,-33.67],[178.35,-33.71],[178.32,-33.86],[178.37,-34.1],[178.25,-34.22],[178.16,-34.19],[178.06,-34.06],[178.06,-33.94],[178.17,-33.71]],[[179.57,-34.12],[179.48,-34.03],[179.52,-33.96],[179.57,-33.95],[179.66,-33.98],[179.69,-34.03],[179.66,-34.12],[179.57,-34.12]],[[176.52,-34.2],[176.54,-34.3],[176.47,-34.45],[176.34,-34.47],[176.21,-34.42],[176.22,-34.34],[176.52,-34.2]],[[177.65,-34.46],[177.73,-34.35],[177.83,-34.28],[177.92,-34.26],[177.97,-34.29],[177.96,-34.54],[177.84,-34.68],[177.78,-34.85],[177.8,-35.0],[177.74,-35.04],[177.64,-35.05],[177.54,-35.31],[177.45,-35.38],[177.43,-35.54],[177.19,-35.64],[177.05,-35.83],[176.93,-35.83],[176.81,-35.9],[176.76,-35.88],[176.74,-35.77],[176.77,-35.61],[177.02,-35.5],[177.03,-35.24],[177.26,-35.11],[177.39,-34.97],[177.41,-34.93],[177.36,-34.8],[177.4,-34.7],[177.58,-34.7],[177.67,-34.66],[177.65,-34.46]],[[178.59,-34.64],[178.75,-34.65],[178.76,-34.76],[178.68,-34.82],[178.52,-34.81],[178.49,-34.7],[178.59,-34.64]],[[178.35,-35.67],[178.42,-35.58],[178.57,-35.59],[178.65,-35.64],[178.67,-35.76],[178.6,-35.87],[178.49,-35.9],[178.38,-35.82],[178.35,-35.67]],[[177.85,-35.69],[177.89,-35.77],[177.89,-35.85],[177.83,-35.89],[177.75,-35.88],[177.7,-35.82],[177.69,-35.75],[177.77,-35.68],[177.85,-35.69]],[[176.85,-34.73],[176.87,-34.78],[176.86,-34.93],[176.78,-35.01],[176.71,-34.99],[176.68,-34.89],[176.72,-34.74],[176.8,-34.7],[176.85,-34.73]],[[176.12,-34.2],[176.05,-34.27],[175.94,-34.3],[175.85,-34.25],[175.82,-34.18],[175.92,-34.13],[175.96,-34.16],[176.06,-34.13],[176.1,-34.14],[176.12,-34.2]],[[175.63,-34.14],[175.55,-34.17],[175.49,-34.15],[175.5,-34.05],[175.59,-34.0],[175.66,-34.01],[175.67,-34.08],[175.63,-34.14]],[[173.68,-33.55],[173.61,-33.58],[173.5,-33.51],[173.45,-33.4],[173.47,-33.35],[173.71,-33.29],[173.73,-33.35],[173.68,-33.55]],[[178.3,-32.68],[178.4,-32.74],[178.4,-32.86],[178.31,-32.91],[178.2,-32.9],[178.13,-32.83],[178.14,-32.73],[178.3,-32.68]],[[174.36,-31.9],[174.45,-31.99],[174.38,-32.07],[174.3,-32.04],[174.26,-31.97],[174.29,-31.91],[174.36,-31.9]],[[170.74,-32.98],[170.76,-33.08],[170.74,-33.12],[170.66,-33.14],[170.56,-33.05],[170.55,-32.99],[170.61,-32.91],[170.66,-32.91],[170.74,-32.98]],[[168.84,-32.38],[168.67,-32.34],[168.65,-32.29],[168.69,-32.21],[168.78,-32.2],[168.86,-32.26],[168.89,-32.32],[168.84,-32.38]],[[169.03,-32.38],[168.93,-32.31],[168.91,-32.21],[168.95,-32.17],[169.08,-32.21],[169.15,-32.28],[169.14,-32.35],[169.03,-32.38]],[[171.54,-31.8],[171.59,-31.84],[171.6,-31.94],[171.52,-31.99],[171.41,-31.96],[171.39,-31.87],[171.46,-31.81],[171.54,-31.8]],[[168.56,-31.62],[168.53,-31.68],[168.43,-31.71],[168.33,-31.66],[168.31,-31.6],[168.36,-31.52],[168.48,-31.49],[168.54,-31.52],[168.56,-31.62]],[[171.48,-31.61],[171.37,-31.54],[171.35,-31.5],[171.38,-31.44],[171.49,-31.4],[171.61,-31.43],[171.65,-31.49],[171.65,-31.56],[171.61,-31.6],[171.48,-31.61]],[[171.55,-31.13],[171.58,-31.17],[171.58,-31.28],[171.5,-31.35],[171.43,-31.34],[171.39,-31.29],[171.39,-31.2],[171.5,-31.12],[171.55,-31.13]],[[171.55,-30.81],[171.56,-30.93],[171.49,-30.98],[171.43,-30.96],[171.42,-30.83],[171.55,-30.81]],[[171.74,-30.37],[171.74,-30.53],[171.66,-30.59],[171.6,-30.58],[171.58,-30.4],[171.71,-30.34],[171.74,-30.37]],[[170.05,-30.4],[170.1,-30.48],[170.06,-30.56],[169.98,-30.58],[169.86,-30.5],[169.85,-30.42],[169.88,-30.37],[169.96,-30.35],[170.05,-30.4]],[[170.75,-30.36],[170.68,-30.29],[170.73,-30.23],[170.87,-30.2],[170.95,-30.24],[170.97,-30.3],[170.94,-30.34],[170.75,-30.36]],[[171.12,-30.25],[171.09,-30.23],[171.09,-29.95],[171.12,-29.89],[171.24,-29.86],[171.42,-29.98],[171.49,-30.11],[171.5,-30.17],[171.38,-30.26],[171.12,-30.25]],[[169.32,-29.88],[169.23,-29.91],[169.1,-29.88],[169.08,-29.79],[169.1,-29.69],[169.19,-29.66],[169.28,-29.71],[169.33,-29.79],[169.32,-29.88]],[[170.02,-29.82],[169.95,-29.79],[169.9,-29.72],[169.91,-29.67],[169.96,-29.63],[170.09,-29.62],[170.26,-29.7],[170.26,-29.78],[170.21,-29.82],[170.02,-29.82]],[[171.56,-29.83],[171.51,-29.71],[171.54,-29.65],[171.67,-29.61],[171.76,-29.63],[171.77,-29.78],[171.73,-29.86],[171.68,-29.89],[171.56,-29.83]],[[172.06,-29.83],[172.13,-29.76],[172.02,-29.65],[172.02,-29.59],[172.09,-29.52],[172.16,-29.51],[172.22,-29.55],[172.36,-29.73],[172.36,-29.77],[172.28,-29.99],[172.19,-30.03],[172.07,-30.0],[172.06,-29.83]],[[169.8,-29.52],[169.73,-29.55],[169.59,-29.53],[169.53,-29.46],[169.54,-29.35],[169.74,-29.26],[169.89,-29.26],[169.8,-29.52]],[[171.86,-29.94],[171.91,-30.0],[171.89,-30.05],[171.73,-30.23],[171.65,-30.24],[171.63,-30.13],[171.72,-29.99],[171.86,-29.94]],[[169.37,-34.21],[169.32,-34.15],[169.27,-34.01],[169.27,-33.89],[169.34,-33.85],[169.41,-33.88],[169.45,-34.03],[169.46,-34.18],[169.37,-34.21]],[[177.93,-36.11],[177.94,-35.98],[178.06,-35.93],[178.13,-36.02],[178.29,-36.06],[178.32,-36.11],[178.3,-36.18],[178.26,-36.22],[178.17,-36.18],[177.97,-36.15],[177.93,-36.11]],[[177.86,-36.13],[177.9,-36.26],[177.86,-36.3],[177.8,-36.3],[177.74,-36.25],[177.74,-36.18],[177.8,-36.12],[177.86,-36.13]],[[177.99,-36.29],[178.05,-36.23],[178.12,-36.25],[178.15,-36.31],[178.15,-36.38],[178.1,-36.42],[178.04,-36.4],[177.99,-36.29]],[[179.52,-36.62],[179.57,-36.55],[179.63,-36.52],[179.81,-36.55],[179.86,-36.86],[179.82,-36.94],[179.74,-36.99],[179.65,-36.97],[179.64,-36.82],[179.52,-36.62]],[[179.82,-19.0],[179.9,-19.04],[179.95,-19.12],[179.93,-19.27],[179.81,-19.3],[179.67,-19.27],[179.61,-19.18],[179.64,-19.07],[179.71,-19.01],[179.82,-19.0]],[[179.2,-19.0],[179.13,-19.0],[179.1,-18.89],[179.16,-18.82],[179.25,-18.79],[179.3,-18.82],[179.3,-18.88],[179.2,-19.0]],[[179.17,-18.64],[179.12,-18.66],[179.06,-18.65],[179.04,-18.6],[179.1,-18.42],[179.17,-18.39],[179.23,-18.46],[179.17,-18.64]],[[179.37,-18.62],[179.35,-18.58],[179.37,-18.46],[179.44,-18.41],[179.5,-18.41],[179.54,-18.48],[179.52,-18.54],[179.45,-18.62],[179.37,-18.62]]],[[[140.47,80.04],[140.61,80.04],[140.61,80.07],[140.3,80.18],[140.13,80.34],[140.04,80.35],[139.94,80.42],[139.58,80.43],[139.5,80.48],[139.52,80.61],[139.87,80.7],[139.92,80.76],[139.69,80.82],[138.46,80.93],[138.34,81.05],[138.17,81.14],[138.11,81.22],[138.12,81.27],[138.18,81.29],[138.67,81.24],[138.99,81.31],[138.81,81.42],[138.79,81.47],[138.8,81.54],[138.89,81.55],[138.93,81.66],[138.96,81.68],[139.46,81.79],[139.88,81.78],[139.96,81.81],[140.04,81.93],[140.2,82.01],[140.97,82.11],[140.9,82.18],[140.56,82.26],[140.54,82.32],[140.57,82.38],[140.82,82.4],[140.52,82.43],[140.5,82.54],[140.53,82.57],[141.18,82.66],[141.22,82.72],[140.71,82.94],[140.21,83.08],[140.18,83.18],[140.23,83.24],[140.64,83.35],[140.81,83.5],[141.25,83.53],[141.48,83.71],[141.48,83.81],[141.43,83.81],[141.42,83.84],[141.46,83.93],[141.49,83.94],[143.02,83.95],[143.18,84.0],[144.0,84.05],[144.55,84.14],[144.7,84.3],[144.92,84.42],[146.08,84.53],[146.73,84.46],[147.98,84.62],[147.34,84.65],[147.12,84.75],[146.76,84.81],[145.81,84.84],[145.66,84.87],[145.57,84.94],[145.58,85.06],[145.98,85.14],[146.1,85.22],[145.02,85.22],[144.93,85.24],[144.87,85.31],[144.87,85.34],[144.98,85.37],[145.06,85.51],[145.48,85.58],[145.37,85.64],[140.04,86.49],[139.96,86.57],[140.0,86.83],[140.1,86.89],[142.18,87.05],[142.27,87.12],[142.41,87.16],[142.4,87.18],[141.73,87.16],[141.51,87.29],[140.16,87.34],[139.92,87.41],[135.77,87.58],[135.55,87.62],[133.08,87.74],[132.87,87.8],[132.87,87.9],[133.3,87.97],[133.07,88.01],[132.91,88.08],[130.24,88.21],[130.18,88.26],[130.19,88.32],[132.32,88.49],[131.6,88.57],[131.59,88.6],[131.62,88.67],[139.92,88.9],[140.09,88.94],[161.8,89.06],[161.8,88.99],[161.75,88.95],[141.26,88.54],[141.22,88.42],[141.1,88.37],[149.79,88.38],[149.84,88.33],[149.78,88.26],[148.49,88.22],[148.27,88.15],[147.96,88.15],[147.67,88.06],[147.32,88.06],[147.26,88.03],[147.47,88.02],[147.67,87.91],[150.22,87.81],[150.23,87.72],[150.17,87.69],[149.58,87.63],[150.1,87.63],[150.16,87.57],[150.19,87.44],[150.26,87.38],[150.82,87.36],[151.08,87.26],[154.99,87.12],[155.21,87.05],[155.5,87.02],[155.81,86.88],[156.96,86.88],[157.01,86.87],[157.03,86.81],[156.96,86.75],[155.54,86.7],[155.95,86.66],[156.12,86.62],[157.2,86.52],[157.39,86.43],[160.21,85.99],[160.33,85.91],[160.34,85.85],[160.31,85.79],[160.15,85.72],[158.65,85.6],[158.61,85.57],[158.6,85.46],[158.54,85.41],[158.12,85.42],[157.93,85.5],[156.36,85.69],[156.12,85.66],[155.82,85.73],[154.98,85.67],[154.89,85.59],[154.89,85.39],[154.86,85.28],[154.75,85.22],[154.46,84.91],[154.18,84.84],[155.65,84.71],[155.74,84.64],[155.72,84.56],[155.1,84.46],[154.8,84.31],[154.61,84.29],[154.54,84.24],[154.42,84.24],[154.24,84.12],[153.89,83.97],[153.05,83.82],[152.99,83.77],[152.99,83.65],[152.95,83.6],[152.5,83.62],[152.43,83.73],[152.38,83.76],[152.0,83.77],[151.93,83.82],[151.94,83.93],[151.87,84.03],[151.75,84.08],[151.49,84.1],[150.07,83.93],[149.74,83.95],[149.48,83.93],[149.26,83.87],[147.62,83.74],[147.6,83.6],[147.5,83.59],[147.4,83.48],[147.07,83.42],[147.16,83.29],[147.01,83.16],[146.16,83.02],[145.71,82.78],[144.78,82.65],[144.72,82.6],[144.73,82.54],[144.7,82.46],[144.56,82.4],[144.58,82.37],[145.05,82.3],[145.14,82.26],[145.14,82.18],[145.1,82.15],[144.93,82.1],[145.15,82.06],[145.27,82.01],[145.28,81.94],[145.15,81.84],[145.17,81.8],[145.83,81.74],[145.84,81.63],[145.7,81.62],[145.52,81.55],[145.37,81.43],[145.47,81.37],[145.51,81.26],[145.86,81.16],[145.89,81.05],[145.81,80.94],[145.87,80.87],[147.86,80.74],[148.22,80.64],[148.56,80.71],[150.89,80.71],[151.36,80.64],[152.09,80.71],[152.47,80.69],[152.74,80.59],[153.22,80.59],[153.96,80.48],[157.99,80.26],[158.33,80.17],[158.69,80.16],[158.93,80.04],[161.11,79.9],[161.26,79.86],[167.64,79.05],[167.78,79.06],[168.2,78.99],[168.78,79.0],[168.89,78.96],[169.08,78.79],[169.56,78.79],[169.82,78.7],[170.4,78.72],[170.83,78.65],[171.65,78.7],[171.96,78.65],[173.28,78.72],[173.76,78.62],[173.98,78.72],[174.1,78.74],[174.49,78.64],[174.96,78.67],[175.1,78.65],[175.22,78.77],[175.54,78.82],[175.58,78.89],[175.78,78.96],[176.06,78.98],[176.23,79.08],[176.45,79.13],[176.27,79.28],[176.28,79.37],[177.03,79.42],[176.88,79.48],[176.26,79.5],[176.13,79.57],[176.12,79.68],[176.15,79.73],[176.48,79.79],[176.54,79.85],[176.52,80.04],[176.29,80.18],[176.26,80.27],[176.31,80.3],[176.6,80.33],[176.69,80.52],[176.78,80.54],[176.8,80.59],[176.48,80.68],[176.23,80.71],[176.19,80.75],[176.21,80.83],[176.43,80.86],[176.78,80.83],[177.31,80.88],[177.72,81.02],[178.17,81.05],[178.11,81.09],[177.75,81.18],[177.72,81.26],[177.8,81.32],[178.23,81.25],[180.0,81.14],[180.0,82.01],[179.01,81.93],[178.86,81.96],[178.81,82.03],[178.92,82.11],[180.0,82.25],[180.0,84.29],[179.95,84.26],[179.93,84.11],[179.87,84.09],[179.64,84.17],[178.07,84.26],[177.99,84.29],[177.96,84.34],[178.03,84.41],[178.19,84.43],[180.0,84.41],[180.0,88.7],[150.6,88.41],[150.56,88.44],[150.55,88.5],[150.63,88.56],[180.0,88.97],[180.0,90.0],[-180.0,90.0],[-180.0,88.97],[-176.74,89.01],[-176.5,89.1],[-95.82,89.23],[-95.48,89.29],[-93.53,89.27],[-93.06,89.2],[-70.3,88.99],[-70.2,88.94],[-70.09,88.99],[-69.86,88.9],[-69.77,88.97],[-69.68,88.99],[-58.86,88.72],[-58.85,88.62],[-58.96,88.59],[-62.49,88.58],[-62.41,88.55],[-59.02,88.45],[-58.77,88.33],[-58.64,88.31],[-55.46,88.14],[-55.39,88.1],[-55.41,88.02],[-55.77,87.99],[-55.67,87.97],[-54.98,87.98],[-54.86,87.94],[-54.83,87.88],[-53.84,87.86],[-53.71,87.83],[-53.55,87.66],[-53.39,87.6],[-50.69,87.46],[-50.4,87.29],[-48.36,87.28],[-48.29,87.25],[-48.31,87.1],[-48.26,87.06],[-47.93,87.05],[-47.74,86.95],[-46.99,86.95],[-46.66,86.86],[-46.58,86.79],[-46.58,86.75],[-46.63,86.71],[-48.29,86.69],[-48.43,86.79],[-48.54,86.81],[-50.89,86.76],[-50.93,86.74],[-50.9,86.69],[-50.57,86.71],[-50.45,86.66],[-50.42,86.6],[-50.44,86.47],[-50.37,86.44],[-49.08,86.43],[-49.04,86.4],[-49.04,86.32],[-49.11,86.29],[-50.56,86.26],[-49.86,86.25],[-49.73,86.21],[-49.74,86.14],[-49.79,86.11],[-51.57,86.06],[-51.56,86.04],[-50.95,85.98],[-50.94,85.88],[-51.12,85.79],[-51.18,85.71],[-51.15,85.67],[-51.08,85.65],[-50.57,85.66],[-50.38,85.61],[-49.51,85.56],[-49.44,85.51],[-49.48,85.41],[-49.75,85.39],[-49.9,85.34],[-50.06,85.34],[-50.26,85.22],[-50.52,85.22],[-50.74,85.18],[-52.46,85.06],[-52.58,85.01],[-56.63,84.78],[-56.74,84.75],[-60.2,84.64],[-60.16,84.61],[-59.57,84.62],[-59.38,84.58],[-59.26,84.6],[-56.95,84.55],[-56.71,84.5],[-56.42,84.5],[-56.18,84.55],[-36.72,84.7],[-36.65,84.74],[-36.24,84.82],[-36.07,85.03],[-35.78,85.15],[-35.4,85.18],[-35.16,85.25],[-34.65,85.28],[-34.75,85.3],[-34.83,85.36],[-34.87,85.46],[-34.83,85.49],[-28.71,85.62],[-28.44,85.56],[-19.82,85.42],[-19.64,85.48],[-13.05,85.63],[-12.9,85.57],[-11.98,85.51],[-11.89,85.46],[-11.91,85.38],[-13.03,85.32],[-13.42,85.25],[-13.63,85.11],[-16.59,84.99],[-16.61,84.98],[-16.56,84.91],[-16.57,84.83],[-16.78,84.79],[-16.78,84.7],[-16.87,84.65],[-19.99,84.45],[-20.06,84.41],[-20.21,84.4],[-19.97,84.37],[-19.92,84.24],[-19.8,84.14],[-19.81,84.01],[-19.67,83.94],[-19.68,83.88],[-19.71,83.87],[-20.28,83.86],[-20.47,83.96],[-20.81,83.98],[-21.12,84.14],[-21.46,84.19],[-21.6,84.29],[-21.69,84.32],[-23.72,84.01],[-23.82,83.96],[-20.58,83.9],[-20.42,83.84],[-20.38,83.74],[-20.9,83.5],[-20.88,83.43],[-20.71,83.35],[-20.35,83.33],[-20.14,83.28],[-16.04,83.25],[-15.74,83.18],[-15.5,83.09],[-15.05,83.06],[-15.0,83.02],[-14.81,83.02],[-14.69,82.94],[-14.21,82.82],[-14.15,82.67],[-14.04,82.62],[-13.55,82.63],[-10.18,82.19],[-10.13,82.12],[-10.15,81.98],[-8.85,81.78],[-8.69,81.7],[-7.41,81.57],[-7.3,81.53],[-7.28,81.45],[-7.31,81.31],[-7.28,81.28],[-6.98,81.22],[-6.17,81.22],[-5.49,81.07],[-5.38,80.95],[-5.38,80.88],[-5.44,80.82],[-5.43,80.79],[-4.08,80.5],[-4.01,80.42],[-3.89,80.14],[-3.6,79.99],[-3.62,79.86],[-3.5,79.8],[-3.48,79.75],[-3.55,79.68],[-3.55,79.63],[-4.01,79.66],[-4.17,79.61],[-3.84,79.62],[-3.77,79.54],[-3.85,79.45],[-4.29,79.31],[-4.42,79.2],[-4.36,79.15],[-4.08,79.1],[-4.06,79.01],[-3.91,78.88],[-3.78,78.82],[-3.5,78.78],[-3.46,78.72],[-3.46,78.66],[-3.65,78.57],[-3.88,78.54],[-3.65,78.44],[-3.67,78.31],[-4.03,78.22],[-4.06,78.07],[-4.22,78.0],[-4.11,77.95],[-4.1,77.88],[-4.32,77.86],[-4.39,77.81],[-4.52,77.79],[-4.55,77.68],[-4.71,77.56],[-4.47,77.48],[-4.15,77.45],[-4.04,77.33],[-3.74,77.33],[-3.58,77.24],[-3.54,77.15],[-3.44,77.14],[-3.36,77.07],[-3.3,76.97],[-3.35,76.91],[-4.54,76.68],[-5.51,76.65],[-5.7,76.59],[-6.11,76.55],[-6.86,76.15],[-7.13,76.15],[-7.34,76.02],[-7.9,75.83],[-8.1,75.81],[-8.21,75.75],[-8.83,75.72],[-9.02,75.67],[-9.72,75.62],[-9.82,75.55],[-10.49,75.48],[-10.8,75.41],[-10.92,75.29],[-11.47,75.05],[-11.69,75.0],[-12.3,74.74],[-13.18,74.6],[-13.43,74.5],[-13.91,74.07],[-14.09,74.04],[-14.5,73.85],[-14.52,73.81],[-14.47,73.75],[-14.48,73.63],[-14.66,73.61],[-14.74,73.51],[-15.02,73.44],[-15.06,73.4],[-15.02,73.37],[-15.04,73.24],[-15.41,73.13],[-15.53,73.12],[-15.69,73.04],[-15.75,72.82],[-15.71,72.76],[-15.59,72.75],[-15.41,72.82],[-15.24,72.82],[-15.09,72.72],[-15.01,72.6],[-15.01,72.51],[-15.08,72.42],[-15.63,72.31],[-15.34,72.34],[-15.0,72.31],[-14.96,72.35],[-14.9,72.53],[-14.7,72.64],[-14.57,72.6],[-11.98,72.62],[-11.71,72.55],[-11.4,72.58],[-11.26,72.53],[-11.09,72.54],[-11.02,72.51],[-10.9,72.29],[-10.91,72.24],[-10.98,72.21],[-11.15,72.22],[-11.29,72.28],[-11.71,72.3],[-11.98,72.4],[-13.69,72.38],[-13.94,72.34],[-14.02,72.36],[-14.41,72.32],[-14.3,72.29],[-14.14,72.29],[-13.96,72.2],[-13.92,72.11],[-13.87,72.09],[-13.66,72.1],[-12.35,71.92],[-12.15,71.86],[-12.1,71.81],[-12.1,71.76],[-12.14,71.72],[-12.64,71.75],[-12.71,71.73],[-12.46,71.54],[-12.31,71.5],[-12.03,71.59],[-11.85,71.61],[-10.9,71.54],[-10.82,71.75],[-10.71,71.82],[-10.6,71.84],[-10.41,71.82],[-10.34,71.78],[-10.32,71.7],[-10.4,71.59],[-10.29,71.53],[-9.96,71.5],[-9.82,71.52],[-9.66,71.48],[-8.47,71.31],[-8.37,71.34],[-8.35,71.38],[-8.58,71.44],[-9.22,71.48],[-9.29,71.55],[-9.28,71.65],[-9.23,71.68],[-9.07,71.72],[-8.74,71.74],[-8.64,71.71],[-8.48,71.77],[-8.37,71.74],[-8.3,71.6],[-8.18,71.59],[-8.11,71.54],[-8.02,71.57],[-7.46,71.54],[-6.96,71.69],[-6.56,71.68],[-6.43,71.64],[-6.19,71.64],[-6.12,71.5],[-5.89,71.53],[-5.76,71.7],[-5.95,71.76],[-5.98,71.82],[-5.97,71.86],[-5.88,71.9],[-5.87,72.02],[-5.75,72.06],[-5.57,72.05],[-5.42,71.93],[-5.11,71.91],[-4.97,71.76],[-4.73,71.88],[-4.72,71.91],[-4.76,71.91],[-4.8,72.0],[-4.78,72.04],[-4.72,72.06],[-4.32,72.0],[-4.02,72.05],[-3.93,72.03],[-3.92,71.92],[-4.05,71.86],[-3.34,71.88],[-3.22,71.93],[-3.1,71.9],[-2.93,72.0],[-2.71,72.05],[-2.23,72.02],[-2.11,72.07],[-2.24,72.08],[-2.26,72.14],[-2.24,72.19],[-2.01,72.22],[-1.65,72.19],[-1.45,72.07],[-1.44,72.0],[-1.51,71.95],[-1.94,71.95],[-2.22,71.88],[-2.29,71.74],[-2.35,71.71],[-2.42,71.71],[-2.52,71.81],[-2.73,71.79],[-3.24,71.65],[-3.78,71.62],[-4.1,71.64],[-4.39,71.51],[-4.58,71.5],[-4.97,71.59],[-5.14,71.52],[-5.41,71.48],[-5.31,71.41],[-4.4,71.32],[-4.18,71.25],[-4.06,71.31],[-3.88,71.5],[-3.71,71.52],[-3.65,71.46],[-3.7,71.26],[-3.94,71.18],[-3.93,71.13],[-3.89,71.1],[-3.62,71.05],[-3.59,71.01],[-3.6,70.94],[-3.64,70.89],[-3.82,70.92],[-4.51,70.7],[-4.76,70.74],[-4.88,70.88],[-5.1,70.96],[-5.42,70.85],[-5.71,70.85],[-5.75,70.82],[-5.67,70.81],[-5.66,70.74],[-5.74,70.68],[-6.39,70.65],[-7.03,70.51],[-7.05,70.49],[-7.01,70.44],[-6.98,70.3],[-6.89,70.19],[-6.88,70.11],[-7.06,69.89],[-7.44,69.73],[-7.48,69.62],[-7.39,69.32],[-7.41,69.19],[-7.66,68.83],[-7.87,68.77],[-7.95,68.72],[-7.84,68.69],[-7.2,68.71],[-7.03,68.62],[-6.96,68.47],[-6.92,68.26],[-6.93,68.17],[-6.97,68.07],[-7.06,68.02],[-7.14,67.84],[-7.21,67.79],[-7.47,67.79],[-7.51,67.74],[-7.5,67.7],[-7.37,67.61],[-7.39,67.46],[-7.36,67.29],[-7.54,66.96],[-7.34,66.78],[-7.16,66.73],[-7.13,66.67],[-7.13,66.59],[-7.25,66.34],[-7.22,66.19],[-7.42,66.12],[-7.21,66.05],[-7.13,65.9],[-7.08,65.9],[-6.94,65.71],[-6.93,65.62],[-6.97,65.49],[-7.02,65.44],[-7.14,65.41],[-7.16,65.34],[-7.09,65.29],[-6.84,65.26],[-6.74,65.14],[-6.53,65.16],[-6.47,65.09],[-6.46,64.99],[-6.55,64.92],[-6.85,64.86],[-7.12,64.85],[-7.55,64.95],[-8.13,64.97],[-8.26,65.02],[-8.3,64.97],[-8.57,64.92],[-8.93,64.94],[-9.31,64.89],[-9.54,64.78],[-9.41,64.75],[-9.03,64.78],[-8.81,64.77],[-8.75,64.7],[-8.76,64.58],[-8.45,64.58],[-8.18,64.54],[-8.14,64.35],[-8.04,64.3],[-7.58,64.3],[-7.44,64.25],[-7.24,64.25],[-7.21,64.2],[-7.27,64.1],[-7.28,64.04],[-7.13,63.91],[-6.62,63.79],[-6.48,63.79],[-6.14,63.73],[-5.99,63.65],[-5.58,63.6],[-5.47,63.55],[-5.45,63.47],[-5.51,63.38],[-5.83,63.24],[-5.26,63.05],[-4.7,63.02],[-4.58,63.05],[-3.81,63.03],[-3.48,63.11],[-2.16,63.1],[-2.02,63.17],[-1.68,63.26],[-1.56,63.36],[-1.42,63.33],[-1.27,63.4],[-1.16,63.42],[-0.74,63.43],[-0.57,63.41],[-0.28,63.52],[0.89,63.67],[0.94,63.72],[1.13,63.74],[1.35,63.9],[1.55,63.97],[2.04,64.25],[2.45,64.18],[2.59,64.32],[2.83,64.27],[2.9,64.31],[2.98,64.41],[3.29,64.37],[3.41,64.44],[3.57,64.46],[3.55,64.5],[3.38,64.56],[3.3,64.74],[3.22,64.8],[2.78,64.85],[2.76,64.93],[2.86,65.14],[2.87,65.25],[2.83,65.47],[2.76,65.57],[2.54,65.69],[2.47,65.83],[2.23,65.97],[2.22,66.05],[2.32,66.12],[2.31,66.19],[1.87,66.37],[1.72,66.65],[1.55,66.78],[1.46,67.17],[1.49,67.34],[1.37,67.59],[1.37,67.63],[1.56,67.85],[1.99,67.92],[2.23,68.06],[2.52,68.14],[2.55,68.19],[3.02,68.35],[3.19,68.35],[3.34,68.4],[3.44,68.38],[4.2,68.43],[4.4,68.33],[4.51,68.31],[5.07,68.44],[5.28,68.45],[5.49,68.43],[5.71,68.29],[6.0,68.23],[6.07,68.28],[6.19,68.29],[6.55,68.28],[6.74,68.33],[7.15,68.33],[7.44,68.26],[7.58,68.18],[7.7,68.09],[7.87,67.83],[7.94,67.78],[8.26,67.8],[8.36,67.77],[8.59,67.9],[8.93,67.92],[9.0,67.99],[9.31,68.16],[9.43,68.18],[9.53,68.26],[9.67,68.28],[9.77,68.35],[11.36,68.79],[11.61,68.79],[11.96,68.87],[12.02,68.93],[12.24,68.93],[12.41,69.03],[12.67,69.05],[12.81,69.09],[13.0,69.04],[13.19,69.06],[13.66,69.29],[13.92,69.29],[14.02,69.37],[14.21,69.38],[14.26,69.43],[14.89,69.62],[15.24,69.63],[15.61,69.57],[15.65,69.61],[15.58,69.65],[15.55,69.73],[15.57,69.78],[15.98,69.82],[16.05,69.86],[16.01,69.94],[16.06,70.05],[15.94,70.3],[15.98,70.46],[15.74,70.58],[15.74,70.73],[15.63,70.86],[15.09,71.04],[14.86,71.02],[14.52,71.16],[14.14,71.14],[13.31,71.39],[12.74,71.71],[12.26,71.77],[11.66,72.18],[11.42,72.22],[11.29,72.31],[10.99,72.57],[10.86,72.63],[10.84,72.69],[10.88,72.74],[10.87,72.79],[10.8,72.82],[10.75,72.87],[10.85,73.12],[11.2,73.49],[11.35,73.54],[11.93,73.87],[12.1,73.9],[12.53,74.11],[12.91,74.14],[13.18,74.26],[13.42,74.26],[13.51,74.33],[13.98,74.42],[14.02,74.45],[14.03,74.56],[14.08,74.61],[14.26,74.62],[14.27,74.51],[14.34,74.48],[14.46,74.53],[14.43,74.58],[14.21,74.64],[14.09,74.71],[13.9,74.71],[13.61,74.93],[13.23,74.96],[13.08,75.03],[12.89,75.08],[12.7,75.19],[12.58,75.19],[12.5,75.31],[12.24,75.38],[12.15,75.49],[12.0,75.48],[11.9,75.55],[11.83,75.52],[11.75,75.55],[11.69,75.64],[11.76,76.06],[11.69,76.15],[11.71,76.3],[11.59,76.32],[11.53,76.39],[11.53,76.48],[11.57,76.52],[11.23,76.61],[11.13,76.68],[10.49,76.82],[10.37,76.9],[10.03,76.92],[9.86,77.03],[9.55,77.04],[9.51,77.07],[9.48,77.18],[9.19,77.17],[9.18,77.3],[9.38,77.33],[9.22,77.5],[8.91,77.52],[8.26,77.64],[8.26,78.21],[8.5,78.33],[8.52,78.38],[8.18,78.41],[8.11,78.46],[7.26,78.51],[6.95,78.62],[6.74,78.62],[6.59,78.73],[6.43,78.74],[6.43,78.84],[6.4,78.88],[6.12,78.96],[4.56,79.08],[4.44,79.15],[4.31,79.16],[4.3,79.22],[4.35,79.29],[4.66,79.32],[4.8,79.3],[5.64,79.44],[5.8,79.51],[5.83,79.55],[4.37,79.87],[4.32,79.92],[3.98,79.94],[3.75,80.08],[3.12,80.11],[3.07,80.15],[3.04,80.27],[2.86,80.33],[2.81,80.38],[2.71,80.38],[2.59,80.45],[2.4,80.45],[2.14,80.59],[1.61,80.62],[1.31,80.72],[1.25,80.78],[1.27,80.85],[1.49,80.88],[1.51,80.93],[0.62,81.11],[0.6,81.19],[0.65,81.28],[1.02,81.37],[1.01,81.48],[0.94,81.51],[0.73,81.55],[-1.2,81.65],[-1.42,81.84],[-1.66,81.96],[-1.66,82.03],[-1.62,82.04],[2.1,81.74],[2.59,81.8],[2.64,81.84],[2.71,82.18],[3.12,82.24],[5.25,82.13],[5.69,82.17],[6.07,82.33],[6.26,82.37],[7.31,82.42],[7.52,82.48],[9.64,82.69],[9.7,82.7],[9.73,82.76],[13.94,82.8],[14.11,82.89],[14.98,82.99],[15.0,82.9],[14.95,82.85],[15.0,82.86],[15.05,82.98],[15.09,83.0],[15.82,83.02],[16.1,83.06],[16.36,83.06],[17.06,82.85],[17.64,82.78],[17.78,82.66],[18.15,82.59],[18.15,82.5],[18.02,82.49],[17.93,82.42],[17.54,82.37],[17.3,82.25],[15.07,82.32],[14.9,82.27],[14.71,82.27],[14.64,82.15],[14.47,82.13],[14.43,82.0],[14.32,81.89],[14.23,81.85],[12.05,81.53],[12.46,81.52],[12.5,81.49],[12.53,81.41],[12.5,81.36],[12.31,81.26],[11.15,81.21],[10.95,81.16],[10.92,81.12],[13.06,81.05],[13.34,81.1],[15.29,81.12],[15.61,80.99],[15.77,80.98],[16.25,81.17],[16.37,81.34],[16.5,81.42],[17.74,81.69],[18.31,81.69],[18.56,81.62],[18.93,81.68],[19.43,81.7],[19.7,81.65],[20.36,81.71],[20.59,81.68],[21.05,81.53],[21.28,81.59],[22.91,81.74],[24.48,81.65],[24.93,81.71],[28.06,81.63],[28.22,81.69],[28.75,81.72],[29.29,81.65],[32.36,81.92],[32.52,81.89],[32.62,81.82],[32.71,81.89],[33.02,81.96],[35.14,82.3],[35.88,82.3],[36.3,82.41],[36.46,82.39],[36.5,82.34],[36.55,82.41],[36.6,82.43],[36.89,82.41],[37.39,82.49],[42.91,82.53],[43.24,82.49],[46.0,82.69],[46.36,82.79],[61.88,82.99],[61.98,82.94],[63.44,82.91],[63.74,82.83],[73.6,83.02],[74.07,82.87],[75.57,82.91],[75.84,82.82],[75.96,82.9],[76.73,82.94],[77.04,82.8],[77.57,82.8],[77.83,82.7],[78.31,82.73],[78.35,82.71],[78.36,82.63],[78.79,82.63],[79.1,82.58],[79.2,82.66],[79.35,82.62],[79.39,82.72],[79.44,82.75],[79.48,82.74],[79.51,82.66],[79.58,82.63],[92.98,82.15],[93.62,82.22],[94.63,82.15],[95.45,82.15],[95.76,82.08],[96.22,82.06],[96.34,82.01],[98.14,81.82],[98.54,81.86],[100.44,81.65],[100.61,81.54],[100.81,81.51],[102.12,81.57],[102.22,81.54],[102.29,81.47],[102.36,81.36],[102.37,81.29],[103.35,81.29],[104.7,81.11],[104.83,81.03],[104.87,80.92],[104.78,80.83],[104.52,80.74],[104.89,80.63],[106.05,80.43],[106.31,80.32],[108.21,80.08],[108.53,79.96],[108.95,79.89],[109.11,79.82],[109.78,79.73],[110.04,79.73],[110.47,79.61],[110.52,79.46],[110.73,79.38],[112.2,79.15],[112.51,79.06],[114.96,78.89],[115.13,78.98],[115.31,79.01],[115.82,78.91],[116.33,78.91],[116.66,78.96],[117.12,78.82],[117.46,78.82],[117.72,78.7],[117.84,78.69],[118.01,78.58],[118.8,78.53],[119.14,78.38],[119.45,78.38],[119.64,78.25],[121.56,78.07],[121.67,78.18],[121.78,78.2],[122.43,78.09],[122.5,78.12],[122.46,78.13],[122.42,78.19],[122.42,78.26],[122.53,78.3],[123.36,78.1],[123.47,78.11],[123.6,78.19],[123.57,78.32],[123.65,78.39],[124.01,78.38],[124.82,78.22],[125.04,78.22],[125.18,78.14],[125.78,78.02],[126.82,78.02],[127.46,78.14],[127.75,78.14],[127.99,78.19],[128.78,78.19],[130.32,78.41],[130.63,78.5],[136.37,79.01],[136.73,79.21],[136.82,79.22],[137.33,79.15],[137.54,79.22],[137.83,79.25],[137.99,79.33],[138.15,79.36],[138.29,79.46],[138.39,79.5],[139.46,79.5],[139.69,79.63],[140.1,79.79],[139.75,79.78],[139.7,79.83],[139.73,79.9],[140.21,79.94],[140.47,80.04]],[[-51.91,88.13],[-51.86,88.08],[-51.89,88.01],[-53.26,88.01],[-53.37,88.04],[-53.41,88.09],[-53.35,88.15],[-51.91,88.13]],[[126.2,87.69],[126.24,87.62],[126.21,87.58],[124.73,87.58],[124.68,87.6],[124.66,87.65],[124.82,87.72],[126.2,87.69]],[[59.3,86.57],[59.3,86.61],[59.37,86.66],[59.66,86.71],[59.83,86.83],[60.16,86.9],[62.57,86.85],[62.62,86.78],[62.6,86.74],[62.52,86.69],[61.82,86.69],[61.59,86.64],[59.35,86.53],[59.3,86.57]],[[-46.11,86.52],[-48.3,86.45],[-48.36,86.5],[-48.36,86.53],[-48.29,86.57],[-46.24,86.68],[-46.09,86.62],[-46.11,86.52]],[[30.47,86.39],[30.66,86.32],[30.67,86.25],[30.64,86.21],[30.59,86.18],[29.67,86.12],[29.53,86.17],[29.48,86.26],[29.51,86.36],[29.63,86.41],[30.47,86.39]],[[20.71,85.68],[20.7,85.6],[20.65,85.58],[20.22,85.61],[20.14,85.66],[20.18,85.73],[20.6,85.73],[20.71,85.68]],[[21.58,85.49],[21.57,85.43],[21.5,85.41],[21.12,85.54],[20.81,85.55],[20.74,85.6],[20.78,85.67],[20.84,85.68],[21.43,85.64],[21.53,85.58],[21.58,85.49]],[[145.04,84.53],[144.85,84.5],[144.59,84.54],[144.53,84.58],[144.52,84.62],[144.54,84.67],[144.62,84.69],[144.94,84.7],[145.06,84.64],[145.08,84.58],[145.04,84.53]],[[-1.62,84.09],[-1.58,84.01],[-1.61,83.97],[-1.9,83.9],[-3.04,83.9],[-3.22,83.93],[-3.29,84.0],[-3.27,84.06],[-3.21,84.09],[-1.62,84.09]],[[-0.28,83.63],[-0.32,83.67],[-0.29,83.74],[-0.03,83.77],[0.25,83.77],[0.31,83.68],[0.29,83.62],[-0.2,83.61],[-0.28,83.63]],[[-12.84,83.6],[-12.97,83.57],[-13.04,83.6],[-13.06,83.65],[-12.99,83.71],[-12.84,83.73],[-12.79,83.65],[-12.84,83.6]],[[112.89,83.49],[112.94,83.4],[112.85,83.35],[112.61,83.36],[112.52,83.41],[112.54,83.47],[112.89,83.49]],[[-14.35,83.12],[-13.97,83.11],[-13.9,83.08],[-13.9,83.04],[-13.96,82.99],[-14.73,83.03],[-15.03,83.12],[-15.09,83.2],[-15.07,83.23],[-15.01,83.24],[-14.74,83.16],[-14.57,83.16],[-14.35,83.12]],[[-2.66,82.44],[-2.78,82.49],[-2.78,82.56],[-2.67,82.59],[-2.53,82.53],[-2.54,82.46],[-2.66,82.44]],[[2.61,80.12],[2.47,80.16],[1.85,80.19],[1.8,80.22],[1.78,80.3],[1.86,80.35],[2.33,80.38],[2.75,80.3],[2.8,80.26],[2.81,80.21],[2.77,80.15],[2.61,80.12]],[[1.87,79.79],[2.14,79.78],[2.2,79.7],[2.18,79.63],[2.09,79.59],[1.83,79.6],[1.74,79.69],[1.75,79.78],[1.87,79.79]],[[3.02,79.31],[2.9,79.35],[2.88,79.41],[3.01,79.45],[3.23,79.4],[3.21,79.33],[3.02,79.31]],[[1.49,78.22],[0.02,78.62],[0.02,78.7],[0.12,78.73],[0.97,78.6],[1.04,78.56],[1.74,78.48],[1.94,78.37],[1.94,78.28],[1.86,78.21],[1.49,78.22]],[[5.33,78.58],[5.49,78.61],[5.78,78.62],[6.13,78.51],[6.47,78.49],[6.58,78.41],[6.6,78.31],[6.73,78.26],[6.74,78.17],[6.65,78.09],[6.38,78.07],[6.1,78.14],[5.74,78.17],[5.52,78.24],[5.3,78.22],[5.21,78.24],[5.14,78.33],[5.05,78.34],[5.05,78.4],[5.14,78.41],[5.33,78.58]],[[4.85,78.2],[4.9,78.14],[4.87,78.08],[4.57,78.07],[4.33,78.13],[3.63,78.12],[3.57,78.15],[3.54,78.29],[3.55,78.34],[3.6,78.35],[3.77,78.29],[4.13,78.29],[4.3,78.24],[4.46,78.26],[4.59,78.22],[4.85,78.2]],[[6.46,77.9],[6.52,77.95],[6.96,77.98],[7.01,77.87],[7.17,77.67],[7.18,77.57],[7.14,77.54],[6.59,77.42],[6.47,77.44],[6.33,77.54],[6.28,77.68],[6.31,77.78],[6.46,77.9]],[[8.11,77.44],[8.17,77.5],[8.57,77.55],[8.72,77.53],[8.81,77.47],[8.74,77.37],[8.5,77.26],[8.26,77.28],[8.23,77.33],[8.13,77.36],[8.11,77.44]],[[8.85,77.3],[8.84,77.43],[8.98,77.47],[9.02,77.4],[9.0,77.36],[8.93,77.3],[8.85,77.3]],[[6.29,77.29],[6.53,77.23],[6.55,77.13],[6.47,77.08],[6.28,77.06],[6.08,77.09],[6.06,77.17],[6.11,77.24],[6.29,77.29]],[[6.86,77.08],[6.94,77.02],[6.95,76.95],[6.91,76.88],[6.58,76.82],[6.46,76.78],[6.1,76.75],[5.84,76.86],[5.64,76.86],[5.58,76.94],[5.61,77.01],[5.76,77.07],[5.95,77.05],[6.1,76.97],[6.26,77.02],[6.86,77.08]],[[7.85,76.78],[8.23,76.78],[8.46,76.62],[8.46,76.5],[8.39,76.45],[7.92,76.45],[7.86,76.51],[7.81,76.65],[7.8,76.73],[7.85,76.78]],[[8.5,76.44],[8.55,76.49],[8.73,76.52],[8.84,76.46],[8.86,76.36],[8.8,76.27],[8.61,76.24],[8.47,76.31],[8.46,76.39],[8.5,76.44]],[[7.85,75.82],[7.85,75.89],[7.96,75.92],[8.23,75.87],[8.32,75.78],[8.27,75.7],[8.16,75.69],[8.02,75.73],[7.85,75.82]],[[0.62,75.74],[0.89,75.58],[1.03,75.58],[1.27,75.46],[1.54,75.38],[1.77,75.22],[1.77,75.16],[1.61,75.15],[1.39,75.24],[1.3,75.24],[1.25,75.29],[1.15,75.29],[0.36,75.64],[0.27,75.69],[0.23,75.75],[0.25,75.8],[0.35,75.81],[0.62,75.74]],[[8.9,75.6],[9.0,75.63],[9.06,75.55],[9.0,75.49],[8.9,75.48],[8.86,75.54],[8.9,75.6]],[[2.87,75.15],[2.86,75.24],[2.91,75.27],[3.05,75.27],[3.14,75.22],[3.14,75.16],[3.05,75.11],[2.87,75.15]],[[7.02,75.14],[7.08,75.12],[7.1,75.05],[7.01,74.97],[6.84,74.98],[6.72,75.06],[6.74,75.14],[6.79,75.12],[7.02,75.14]],[[7.01,74.74],[7.2,74.76],[7.3,74.66],[7.3,74.62],[7.41,74.56],[7.41,74.4],[7.46,74.34],[7.54,74.33],[7.84,74.4],[7.94,74.39],[8.12,74.32],[8.16,74.24],[8.1,74.18],[7.97,74.14],[7.82,74.18],[7.49,74.18],[7.23,74.13],[7.11,74.14],[7.08,74.26],[7.15,74.33],[7.09,74.38],[7.08,74.5],[6.97,74.63],[7.01,74.74]],[[6.7,74.58],[6.75,74.51],[6.69,74.39],[6.39,74.37],[6.35,74.39],[6.31,74.54],[6.08,74.6],[6.12,74.69],[6.21,74.71],[6.35,74.66],[6.38,74.58],[6.7,74.58]],[[7.46,74.08],[8.18,74.08],[8.29,74.01],[8.3,73.94],[8.28,73.88],[8.14,73.8],[7.61,73.75],[7.42,73.7],[7.51,73.62],[7.45,73.54],[7.3,73.57],[7.18,73.68],[7.15,73.67],[7.19,73.58],[7.16,73.55],[6.89,73.54],[6.88,73.6],[6.94,73.68],[6.94,73.82],[7.03,73.87],[7.38,73.92],[7.42,73.94],[7.37,74.0],[7.37,74.06],[7.46,74.08]],[[-8.88,73.66],[-8.81,73.61],[-8.81,73.54],[-8.95,73.45],[-9.29,73.4],[-9.38,73.42],[-9.44,73.48],[-9.44,73.6],[-9.39,73.65],[-8.88,73.66]],[[7.08,74.06],[7.17,74.02],[7.12,73.95],[6.86,73.94],[6.8,73.99],[6.82,74.06],[7.08,74.06]],[[3.43,72.96],[3.6,72.96],[3.98,73.03],[4.04,72.94],[3.88,72.79],[3.74,72.74],[3.46,72.79],[3.26,72.67],[2.74,72.65],[2.4,72.55],[2.33,72.5],[1.54,72.48],[1.27,72.41],[1.19,72.42],[1.27,72.62],[1.63,72.65],[1.74,72.8],[1.88,72.81],[1.94,72.67],[2.0,72.64],[2.26,72.77],[2.4,72.77],[2.45,72.84],[2.55,72.75],[3.24,72.86],[3.43,72.96]],[[5.42,72.86],[5.5,72.89],[5.71,72.91],[5.86,72.98],[6.03,72.99],[6.07,72.94],[6.06,72.87],[6.0,72.81],[5.67,72.71],[5.47,72.73],[5.42,72.77],[5.42,72.86]],[[5.23,72.74],[5.32,72.68],[5.31,72.62],[5.25,72.57],[4.73,72.47],[4.69,72.5],[4.73,72.66],[4.78,72.7],[4.87,72.7],[4.89,72.79],[5.05,72.82],[5.06,72.72],[5.23,72.74]],[[4.49,72.7],[4.51,72.63],[4.45,72.58],[4.37,72.56],[4.3,72.58],[4.31,72.7],[4.49,72.7]],[[-1.2,72.26],[-1.01,72.29],[-0.8,72.37],[0.24,72.38],[0.29,72.34],[0.53,72.56],[0.81,72.64],[1.11,72.61],[1.16,72.54],[1.13,72.49],[0.98,72.38],[0.94,72.27],[0.9,72.25],[0.42,72.23],[0.32,72.27],[0.11,72.17],[-0.13,72.19],[-0.19,72.17],[-0.26,72.22],[-0.38,72.19],[-0.74,72.22],[-0.77,72.22],[-0.7,72.17],[-0.67,72.1],[-0.94,72.0],[-1.14,72.0],[-1.29,72.06],[-1.32,72.15],[-1.2,72.26],[-1.26,72.24],[-1.4,72.27],[-1.49,72.35],[-1.49,72.39],[-1.37,72.46],[-1.16,72.44],[-1.13,72.35],[-1.2,72.26]],[[-0.3,72.59],[-0.24,72.55],[-0.27,72.46],[-0.5,72.46],[-0.57,72.51],[-0.5,72.59],[-0.3,72.59]],[[-5.44,72.48],[-5.35,72.43],[-5.35,72.39],[-5.47,72.32],[-5.76,72.31],[-5.89,72.34],[-5.93,72.38],[-5.9,72.48],[-5.44,72.48]],[[-10.15,72.48],[-10.15,72.37],[-10.18,72.34],[-10.29,72.36],[-10.34,72.41],[-10.32,72.48],[-10.15,72.48]],[[-10.37,72.48],[-10.65,72.47],[-10.75,72.52],[-10.75,72.58],[-10.68,72.64],[-10.26,72.64],[-10.25,72.55],[-10.37,72.48]],[[1.32,72.2],[1.37,72.19],[1.39,72.15],[1.28,72.01],[1.15,71.95],[1.09,71.95],[1.01,72.0],[0.98,72.1],[1.08,72.1],[1.15,72.15],[1.32,72.2]],[[0.31,71.97],[0.35,71.9],[0.26,71.84],[0.09,71.84],[0.03,71.89],[0.07,71.95],[0.31,71.97]],[[-0.96,71.82],[-0.91,71.78],[-0.92,71.72],[-1.1,71.64],[-1.34,71.64],[-1.32,71.62],[-0.86,71.55],[-0.84,71.5],[-0.89,71.42],[-0.98,71.38],[-1.22,71.39],[-1.34,71.42],[-1.54,71.4],[-1.68,71.52],[-1.97,71.45],[-2.11,71.38],[-2.54,71.32],[-2.59,71.33],[-2.59,71.38],[-2.69,71.46],[-2.66,71.56],[-2.42,71.69],[-2.0,71.63],[-1.87,71.67],[-1.72,71.81],[-0.96,71.82]],[[-3.24,71.47],[-3.09,71.4],[-3.1,71.3],[-3.34,71.28],[-3.53,71.35],[-3.53,71.45],[-3.24,71.47]],[[-2.53,72.24],[-2.48,72.17],[-2.5,72.12],[-2.73,72.1],[-2.86,72.13],[-2.83,72.24],[-2.65,72.26],[-2.53,72.24]],[[-2.97,72.21],[-2.92,72.19],[-2.91,72.13],[-2.99,72.07],[-3.41,72.04],[-3.51,72.09],[-3.48,72.19],[-2.97,72.21]],[[-6.96,72.14],[-6.97,72.08],[-7.25,71.98],[-7.49,72.0],[-7.57,72.05],[-7.58,72.09],[-7.54,72.17],[-7.47,72.19],[-7.14,72.2],[-7.01,72.23],[-6.96,72.14]],[[-9.59,72.21],[-9.65,72.1],[-9.72,72.05],[-10.21,71.92],[-10.35,71.92],[-10.41,71.95],[-10.42,72.1],[-10.5,72.15],[-10.91,71.96],[-11.53,71.94],[-11.6,71.98],[-11.63,72.15],[-11.61,72.22],[-11.56,72.24],[-11.06,72.17],[-10.54,72.29],[-9.7,72.26],[-9.59,72.21]],[[-6.71,71.95],[-6.61,71.9],[-6.67,71.78],[-6.99,71.74],[-7.1,71.76],[-7.1,71.91],[-6.71,71.95]],[[-3.22,70.73],[-3.05,70.76],[-3.0,70.73],[-2.98,70.67],[-3.06,70.61],[-3.18,70.61],[-3.25,70.68],[-3.22,70.73]],[[-4.87,70.66],[-4.14,70.56],[-4.1,70.51],[-4.12,70.45],[-4.24,70.41],[-4.63,70.49],[-5.16,70.49],[-5.38,70.67],[-5.35,70.73],[-5.25,70.76],[-4.87,70.66]],[[-3.6,69.32],[-3.68,69.38],[-3.65,69.45],[-3.48,69.46],[-3.38,69.41],[-3.42,69.32],[-3.6,69.32]],[[-0.93,68.76],[-0.9,68.82],[-0.74,68.86],[-0.55,68.85],[-0.48,68.78],[-0.48,68.71],[-0.56,68.6],[-0.65,68.54],[-0.74,68.62],[-0.91,68.69],[-0.93,68.76]],[[-7.73,64.58],[-7.51,64.64],[-7.1,64.69],[-7.01,64.68],[-6.88,64.61],[-6.84,64.54],[-6.88,64.46],[-7.1,64.34],[-7.2,64.37],[-7.53,64.32],[-7.73,64.35],[-7.81,64.41],[-7.82,64.49],[-7.73,64.58]],[[15.4,81.63],[15.36,81.67],[15.39,81.75],[15.65,81.84],[16.22,81.9],[16.32,81.84],[16.31,81.78],[16.18,81.73],[15.4,81.63]],[[155.61,85.6],[155.68,85.57],[155.63,85.49],[155.45,85.48],[155.36,85.54],[155.38,85.61],[155.61,85.6]],[[157.09,84.9],[157.07,84.93],[157.1,85.0],[157.57,85.11],[158.05,85.12],[158.27,85.09],[158.35,85.01],[158.34,84.96],[158.26,84.91],[157.09,84.9]],[[156.16,84.81],[156.63,84.82],[156.7,84.79],[156.71,84.75],[156.7,84.71],[156.61,84.68],[155.99,84.67],[155.93,84.7],[155.91,84.74],[155.95,84.78],[156.16,84.81]],[[159.79,83.11],[158.23,83.09],[158.03,83.15],[157.72,83.17],[157.55,83.15],[157.42,83.1],[157.32,83.02],[157.08,82.94],[156.65,82.94],[156.05,83.04],[155.88,83.18],[155.85,83.29],[155.86,83.34],[155.98,83.38],[156.26,83.42],[156.53,83.58],[156.74,83.59],[156.73,83.63],[156.67,83.65],[156.35,83.68],[156.25,83.75],[156.29,83.81],[156.48,83.9],[156.44,84.05],[156.48,84.12],[157.18,84.17],[157.31,84.13],[157.44,84.0],[157.63,83.95],[157.82,83.74],[158.1,83.67],[158.1,83.56],[157.78,83.46],[158.06,83.38],[158.32,83.46],[159.33,83.42],[159.52,83.34],[159.9,83.32],[159.99,83.29],[160.01,83.24],[159.99,83.2],[159.79,83.11]],[[175.44,83.1],[175.52,83.15],[176.14,83.16],[176.79,83.22],[177.01,83.18],[177.05,83.14],[177.03,83.08],[176.88,83.02],[175.49,83.01],[175.45,83.04],[175.44,83.1]],[[148.72,83.19],[148.74,83.11],[148.7,83.08],[148.41,83.03],[148.11,83.04],[148.01,83.08],[148.0,83.14],[148.09,83.2],[148.72,83.19]],[[179.21,81.52],[179.3,81.48],[179.32,81.43],[179.21,81.37],[178.2,81.36],[178.15,81.41],[178.18,81.47],[178.27,81.49],[179.21,81.52]],[[172.18,80.25],[172.11,80.27],[172.07,80.33],[172.09,80.38],[172.18,80.42],[172.5,80.41],[172.53,80.34],[172.44,80.26],[172.18,80.25]]],[[[-179.64,-18.74],[-179.74,-18.65],[-179.88,-18.75],[-180.0,-18.79],[-180.0,-27.58],[-179.84,-27.58],[-179.74,-27.53],[-179.69,-27.34],[-179.58,-27.28],[-179.62,-27.05],[-179.42,-26.83],[-179.47,-26.76],[-179.45,-26.64],[-179.52,-26.5],[-179.5,-26.42],[-179.42,-26.32],[-179.65,-26.31],[-179.71,-26.2],[-179.38,-25.79],[-179.54,-25.8],[-179.64,-25.71],[-179.62,-25.61],[-179.45,-25.39],[-179.46,-25.19],[-179.37,-25.11],[-179.54,-24.94],[-179.67,-24.92],[-179.71,-24.88],[-179.7,-24.75],[-179.56,-24.65],[-179.53,-24.53],[-179.56,-24.43],[-179.83,-24.04],[-179.78,-23.87],[-179.57,-23.89],[-179.47,-23.81],[-179.55,-23.62],[-179.68,-23.61],[-179.71,-23.59],[-179.72,-23.49],[-179.62,-23.28],[-179.45,-23.24],[-179.35,-23.09],[-179.42,-22.97],[-179.4,-22.82],[-179.51,-22.77],[-179.53,-22.65],[-179.63,-22.63],[-179.67,-22.57],[-179.64,-22.5],[-179.58,-22.48],[-179.47,-22.58],[-179.35,-22.42],[-179.5,-22.39],[-179.58,-22.34],[-179.52,-22.15],[-179.65,-22.12],[-179.66,-22.08],[-179.65,-22.01],[-179.52,-21.94],[-179.44,-21.8],[-179.18,-21.65],[-179.43,-21.48],[-179.49,-21.47],[-179.53,-21.49],[-179.59,-21.72],[-179.7,-21.77],[-179.81,-21.72],[-179.83,-21.61],[-179.71,-21.46],[-179.78,-21.05],[-179.66,-20.86],[-179.68,-20.63],[-179.6,-20.55],[-179.57,-20.45],[-179.41,-20.35],[-179.51,-20.26],[-179.52,-20.12],[-179.48,-20.09],[-179.36,-20.06],[-179.32,-20.12],[-179.17,-20.22],[-179.23,-20.09],[-179.45,-19.87],[-179.42,-19.73],[-179.45,-19.54],[-179.21,-19.42],[-179.09,-19.39],[-179.29,-19.31],[-179.34,-19.25],[-179.35,-19.18],[-179.28,-19.03],[-179.4,-18.74],[-179.57,-18.77],[-179.64,-18.74]],[[-179.89,-19.11],[-179.95,-19.08],[-179.98,-19.01],[-179.96,-18.84],[-179.87,-18.76],[-179.74,-18.76],[-179.65,-18.83],[-179.62,-18.89],[-179.64,-19.03],[-179.75,-19.11],[-179.89,-19.11]],[[-179.72,-26.58],[-179.63,-26.58],[-179.61,-26.69],[-179.69,-26.71],[-179.76,-26.67],[-179.72,-26.58]]]]}}]}