{"type":"FeatureCollection","features":[{"type":"Feature","properties":{"depth":200},"geometry":{"type":"MultiPolygon","coordinates":[[[[-114.35,27.0],[-114.57,27.2],[-114.64,27.18],[-114.8,27.31],[-114.88,27.5],[-115.0,27.63],[-115.32,27.74],[-115.63,27.99],[-115.6,28.13],[-115.67,28.23],[-115.67,28.34],[-115.6,28.36],[-115.51,28.28],[-115.5,28.21],[-115.43,28.22],[-115.31,28.37],[-115.31,28.54],[-115.2,28.71],[-115.21,28.85],[-115.84,29.69],[-115.99,30.05],[-116.13,30.27],[-116.15,30.41],[-116.41,30.77],[-116.49,30.89],[-116.51,31.01],[-116.62,31.14],[-116.63,31.28],[-116.78,31.45],[-116.78,31.54],[-116.85,31.6],[-116.78,31.71],[-116.91,31.95],[-116.97,32.17],[-117.14,32.16],[-117.39,32.53],[-117.4,32.62],[-117.35,32.69],[-117.4,32.81],[-117.34,32.95],[-117.38,33.1],[-117.84,33.52],[-118.05,33.58],[-118.22,33.56],[-118.36,33.68],[-118.46,33.71],[-118.46,33.76],[-118.51,33.76],[-118.55,33.82],[-118.63,33.85],[-118.67,33.98],[-118.81,33.96],[-119.32,34.06],[-119.33,33.98],[-119.38,33.96],[-119.68,33.92],[-119.86,33.93],[-119.89,33.88],[-119.85,33.81],[-119.86,33.72],[-119.9,33.65],[-119.96,33.63],[-120.07,33.7],[-120.13,33.87],[-120.38,33.92],[-120.56,34.05],[-120.62,34.15],[-120.5,34.21],[-120.18,34.14],[-119.53,34.11],[-119.51,34.16],[-119.68,34.21],[-119.75,34.31],[-119.83,34.35],[-120.24,34.41],[-120.45,34.37],[-120.6,34.42],[-120.73,34.5],[-120.86,34.67],[-120.89,34.8],[-120.88,35.0],[-121.1,35.45],[-121.36,35.62],[-121.46,35.74],[-121.54,35.94],[-121.71,36.13],[-122.04,36.29],[-122.06,36.34],[-122.01,36.49],[-122.03,36.65],[-121.97,36.74],[-121.99,36.77],[-122.15,36.82],[-122.39,36.99],[-122.54,36.99],[-122.6,37.02],[-122.86,37.31],[-123.07,37.66],[-123.26,37.78],[-123.35,37.81],[-123.52,38.05],[-123.41,38.17],[-123.42,38.25],[-123.93,38.89],[-123.92,38.99],[-123.97,39.13],[-123.96,39.62],[-124.16,39.92],[-124.22,40.06],[-124.29,40.09],[-124.34,40.16],[-124.51,40.23],[-124.51,40.37],[-124.6,40.44],[-124.65,40.53],[-124.64,40.61],[-124.53,40.64],[-124.51,40.76],[-124.46,40.81],[-124.36,41.17],[-124.49,41.45],[-124.49,41.81],[-124.6,42.1],[-124.6,42.27],[-124.77,42.49],[-124.7,42.58],[-124.72,42.75],[-124.87,43.01],[-124.84,43.07],[-124.77,43.06],[-124.72,43.13],[-124.68,43.36],[-124.58,43.52],[-124.58,43.85],[-124.64,43.93],[-124.88,43.93],[-124.96,43.97],[-124.94,44.09],[-124.97,44.19],[-124.79,44.38],[-124.77,44.48],[-124.63,44.57],[-124.58,44.77],[-124.33,45.09],[-124.31,45.24],[-124.43,45.61],[-124.66,45.88],[-124.68,45.95],[-124.67,46.13],[-124.6,46.24],[-124.61,46.36],[-124.53,46.52],[-124.82,46.74],[-124.87,46.93],[-124.98,47.03],[-124.96,47.15],[-124.8,47.34],[-124.81,47.43],[-125.06,47.62],[-125.09,47.81],[-125.23,47.91],[-125.33,48.04],[-125.4,48.05],[-125.49,47.96],[-125.55,47.96],[-125.65,48.11],[-125.68,48.25],[-125.83,48.27],[-125.9,48.37],[-126.09,48.44],[-126.28,48.77],[-126.47,48.82],[-126.57,48.99],[-126.8,49.05],[-126.93,49.21],[-127.12,49.33],[-127.21,49.49],[-127.45,49.71],[-127.65,49.78],[-127.82,50.02],[-128.01,50.06],[-128.18,50.29],[-128.23,50.29],[-128.32,50.38],[-128.51,50.45],[-128.68,50.62],[-128.88,50.69],[-129.33,50.74],[-129.52,50.89],[-129.26,51.15],[-129.04,51.25],[-128.94,51.24],[-128.75,51.31],[-128.57,51.4],[-128.54,51.46],[-129.59,51.32],[-129.76,51.39],[-129.86,51.48],[-129.87,51.56],[-129.81,51.63],[-129.37,51.87],[-129.33,51.94],[-129.47,52.09],[-129.45,52.15],[-129.55,52.3],[-129.74,52.42],[-129.81,52.51],[-129.87,52.65],[-129.83,52.76],[-129.91,52.83],[-129.95,52.95],[-130.37,53.16],[-130.34,52.61],[-130.41,52.51],[-130.48,52.23],[-130.53,52.18],[-130.65,52.16],[-130.86,52.22],[-130.91,52.21],[-130.92,52.14],[-130.82,51.89],[-130.87,51.82],[-130.93,51.8],[-131.22,52.02],[-131.32,52.06],[-131.73,52.47],[-131.92,52.56],[-132.43,52.93],[-132.55,53.05],[-132.62,53.07],[-132.76,53.26],[-132.88,53.32],[-133.17,53.62],[-133.24,53.74],[-133.5,53.96],[-133.53,54.03],[-133.51,54.06],[-133.31,54.17],[-133.22,54.27],[-133.11,54.31],[-132.83,54.25],[-132.51,54.3],[-131.9,54.27],[-131.8,54.34],[-131.66,54.39],[-131.51,54.36],[-131.36,54.41],[-131.36,54.45],[-131.49,54.49],[-131.62,54.64],[-131.61,54.8],[-131.63,54.92],[-131.84,55.18],[-131.92,55.37],[-131.91,55.46],[-131.78,55.62],[-131.78,55.67],[-131.8,55.69],[-131.95,55.47],[-132.09,55.48],[-132.01,55.3],[-131.97,55.29],[-131.94,55.22],[-131.96,55.06],[-131.93,55.04],[-131.95,54.89],[-131.92,54.76],[-131.97,54.68],[-132.14,54.56],[-132.42,54.61],[-132.65,54.58],[-133.0,54.68],[-133.79,54.73],[-133.94,54.8],[-134.08,54.82],[-134.2,54.95],[-134.27,55.09],[-134.16,55.19],[-134.16,55.24],[-134.25,55.3],[-134.37,55.28],[-134.49,55.33],[-134.54,55.3],[-134.68,55.4],[-134.54,55.54],[-134.27,55.61],[-134.29,55.66],[-134.5,55.72],[-134.73,55.71],[-134.81,55.78],[-134.95,55.69],[-135.16,55.81],[-135.21,55.87],[-135.35,55.9],[-135.34,55.97],[-135.3,55.98],[-135.21,55.93],[-135.14,55.95],[-135.05,55.86],[-134.9,55.96],[-134.41,56.05],[-134.36,56.14],[-134.36,56.43],[-134.47,56.86],[-134.43,56.91],[-134.13,57.01],[-133.98,57.18],[-134.0,57.2],[-134.24,57.15],[-134.3,57.08],[-134.55,56.94],[-134.6,56.95],[-134.64,57.0],[-134.68,57.25],[-134.61,57.39],[-134.63,57.51],[-134.78,57.75],[-134.75,57.89],[-134.83,58.03],[-134.82,58.09],[-134.94,58.19],[-135.0,58.33],[-135.05,58.27],[-134.99,58.21],[-134.96,58.07],[-134.9,58.05],[-134.87,57.98],[-134.92,57.88],[-134.89,57.85],[-134.91,57.79],[-134.78,57.5],[-134.77,57.14],[-134.59,56.74],[-134.58,56.6],[-134.61,56.52],[-134.6,56.26],[-134.64,56.15],[-134.71,56.13],[-135.45,56.26],[-135.74,56.65],[-135.81,56.79],[-135.86,56.79],[-135.88,56.84],[-136.0,56.84],[-136.03,56.91],[-136.1,56.96],[-136.34,57.41],[-136.48,57.49],[-136.51,57.61],[-136.82,57.8],[-136.83,57.9],[-136.7,58.04],[-136.71,58.08],[-136.91,58.13],[-137.13,58.08],[-137.29,57.88],[-137.66,57.92],[-137.73,57.97],[-138.64,58.09],[-138.76,58.17],[-139.15,58.27],[-139.48,58.5],[-139.44,58.57],[-138.86,58.82],[-138.83,58.88],[-138.87,58.91],[-138.99,58.84],[-139.46,58.73],[-139.82,58.54],[-139.94,58.66],[-140.25,58.71],[-140.3,58.69],[-140.44,58.76],[-140.62,58.7],[-140.7,58.78],[-140.83,58.78],[-141.05,58.99],[-141.12,59.12],[-141.13,59.25],[-141.01,59.4],[-140.71,59.48],[-140.23,59.41],[-140.12,59.45],[-140.71,59.62],[-140.84,59.61],[-141.5,59.41],[-141.63,59.25],[-141.76,59.24],[-141.88,59.33],[-141.98,59.36],[-142.05,59.43],[-142.26,59.49],[-142.28,59.69],[-142.53,59.65],[-142.54,59.73],[-142.7,59.81],[-142.84,59.72],[-142.94,59.74],[-142.99,59.69],[-143.08,59.67],[-143.41,59.94],[-143.62,59.99],[-143.7,59.94],[-143.73,59.84],[-143.51,59.61],[-143.56,59.55],[-143.74,59.61],[-143.83,59.6],[-144.25,59.66],[-144.37,59.64],[-144.54,59.54],[-144.96,59.56],[-145.17,59.48],[-145.3,59.47],[-145.8,59.54],[-146.12,59.36],[-146.61,59.31],[-146.78,59.26],[-147.02,59.29],[-147.21,59.24],[-147.88,59.21],[-147.91,59.18],[-147.8,59.13],[-147.79,59.08],[-148.15,58.97],[-148.55,59.12],[-148.75,59.02],[-148.87,59.05],[-149.02,58.98],[-149.66,59.14],[-149.85,59.09],[-150.02,59.1],[-150.09,59.05],[-150.13,58.93],[-149.95,58.85],[-149.87,58.78],[-149.74,58.76],[-149.41,58.85],[-149.3,58.85],[-148.97,58.73],[-148.72,58.71],[-148.63,58.64],[-148.52,58.62],[-148.5,58.57],[-148.57,58.37],[-148.66,58.3],[-148.79,58.25],[-148.83,58.11],[-148.96,58.01],[-149.2,57.97],[-149.37,58.06],[-149.47,57.94],[-149.61,57.87],[-149.75,57.94],[-149.81,58.12],[-149.92,58.11],[-150.0,58.16],[-150.31,58.13],[-150.34,58.09],[-150.26,58.04],[-150.26,57.89],[-149.97,57.8],[-149.93,57.78],[-149.93,57.73],[-150.16,57.68],[-150.55,57.41],[-150.67,57.39],[-150.76,57.29],[-150.91,57.22],[-151.07,57.22],[-151.22,57.14],[-151.41,57.1],[-151.55,56.93],[-151.73,56.83],[-151.94,56.6],[-152.18,56.48],[-152.32,56.55],[-152.45,56.56],[-152.54,56.52],[-152.74,56.34],[-152.85,56.29],[-153.2,56.31],[-153.5,56.17],[-153.84,56.17],[-153.86,56.14],[-153.79,56.09],[-153.61,56.09],[-153.55,56.06],[-153.56,55.99],[-153.69,55.93],[-153.8,55.93],[-154.04,56.02],[-154.08,56.02],[-154.12,55.95],[-154.18,55.92],[-154.45,56.05],[-154.78,56.03],[-155.06,55.78],[-155.23,55.73],[-155.27,55.69],[-155.54,55.64],[-155.71,55.52],[-155.85,55.59],[-156.09,55.37],[-156.26,55.28],[-156.45,55.23],[-156.66,55.25],[-156.8,55.17],[-157.17,55.09],[-157.27,54.98],[-158.06,54.73],[-158.24,54.78],[-158.32,54.85],[-158.36,54.72],[-158.43,54.66],[-159.23,54.46],[-159.43,54.46],[-159.59,54.39],[-160.0,54.41],[-160.55,54.27],[-161.27,54.3],[-161.39,54.27],[-161.69,54.09],[-161.8,54.05],[-161.99,54.08],[-162.19,54.05],[-162.42,54.17],[-162.79,54.03],[-162.93,54.05],[-163.05,53.99],[-163.22,53.98],[-163.34,53.91],[-163.58,53.89],[-163.78,53.8],[-163.91,53.81],[-164.11,53.76],[-164.77,53.7],[-165.13,53.76],[-165.31,53.69],[-165.43,53.69],[-165.64,53.55],[-166.22,53.43],[-166.39,53.33],[-166.53,53.33],[-166.77,53.26],[-166.94,53.17],[-167.47,53.0],[-167.59,52.97],[-167.75,53.0],[-167.87,52.93],[-168.07,52.95],[-168.33,52.85],[-168.5,52.85],[-169.05,52.64],[-169.17,52.61],[-169.46,52.64],[-169.55,52.54],[-169.71,52.51],[-169.96,52.76],[-170.17,52.67],[-170.29,52.7],[-170.32,52.82],[-170.27,52.9],[-170.33,53.0],[-170.32,53.05],[-169.96,53.14],[-169.53,53.09],[-169.51,52.9],[-169.54,52.78],[-169.47,52.76],[-169.34,52.93],[-169.15,53.02],[-169.1,53.09],[-168.81,53.24],[-168.57,53.47],[-168.35,53.53],[-168.19,53.61],[-167.87,53.62],[-167.83,53.57],[-167.7,53.57],[-167.56,53.67],[-167.37,53.74],[-167.34,53.82],[-167.09,53.97],[-166.58,54.13],[-166.46,54.1],[-166.31,54.2],[-165.98,54.29],[-165.69,54.44],[-165.57,54.61],[-165.45,54.68],[-165.44,54.75],[-165.48,54.78],[-166.43,54.81],[-167.08,54.94],[-167.66,55.21],[-167.88,55.41],[-168.21,55.5],[-168.24,55.54],[-168.23,55.66],[-168.4,55.6],[-168.5,55.59],[-168.62,55.69],[-168.76,55.69],[-168.79,55.83],[-168.87,55.89],[-168.85,55.94],[-168.62,56.0],[-168.43,56.01],[-168.39,56.05],[-168.38,56.12],[-168.41,56.16],[-168.59,56.24],[-168.76,56.21],[-168.88,56.26],[-168.98,56.19],[-169.17,56.21],[-169.43,56.31],[-169.68,56.28],[-169.72,56.19],[-169.57,56.12],[-169.55,56.07],[-170.15,56.0],[-170.44,56.13],[-170.83,56.17],[-171.02,56.26],[-171.28,56.26],[-171.46,56.46],[-171.54,56.49],[-171.81,56.48],[-172.15,56.55],[-172.43,56.67],[-172.49,56.65],[-172.56,56.54],[-172.65,56.52],[-173.31,56.73],[-173.37,56.79],[-173.37,56.98],[-173.42,57.08],[-173.32,57.17],[-173.27,57.32],[-173.18,57.37],[-173.18,57.41],[-173.06,57.47],[-173.07,57.54],[-173.27,57.59],[-173.55,57.54],[-173.59,57.48],[-173.51,57.39],[-173.51,57.29],[-173.47,57.22],[-173.6,57.15],[-173.67,57.16],[-173.92,57.46],[-173.9,57.58],[-174.19,57.64],[-174.24,57.73],[-174.23,57.77],[-174.19,57.79],[-173.75,57.71],[-173.71,57.73],[-173.7,57.79],[-174.13,58.11],[-174.31,58.3],[-174.33,58.42],[-174.45,58.42],[-174.53,58.46],[-174.52,58.61],[-174.59,58.66],[-175.34,58.68],[-175.38,58.66],[-175.38,58.63],[-175.28,58.48],[-175.29,58.4],[-175.6,58.42],[-175.83,58.55],[-176.03,58.59],[-177.19,58.61],[-177.43,58.69],[-177.51,58.75],[-177.74,58.83],[-177.88,59.0],[-178.1,58.95],[-178.29,59.05],[-178.41,59.2],[-178.38,59.27],[-178.09,59.28],[-177.91,59.2],[-177.69,59.17],[-177.57,59.28],[-177.52,59.45],[-177.62,59.57],[-177.58,59.64],[-177.59,59.69],[-177.77,59.7],[-178.17,59.53],[-178.84,59.89],[-178.91,60.03],[-179.04,60.1],[-178.97,60.13],[-178.6,60.1],[-178.54,60.14],[-178.47,60.26],[-178.46,60.32],[-178.51,60.46],[-178.55,60.46],[-178.58,60.58],[-178.68,60.63],[-178.79,60.86],[-178.79,60.9],[-178.71,60.9],[-178.67,60.94],[-178.69,61.08],[-178.74,61.08],[-178.84,60.92],[-178.96,60.9],[-179.05,60.97],[-179.05,61.05],[-179.01,61.11],[-178.75,61.23],[-178.72,61.28],[-178.75,61.32],[-179.01,61.39],[-179.09,61.27],[-179.24,61.24],[-179.27,61.13],[-179.39,61.13],[-179.46,60.98],[-179.61,60.85],[-179.63,60.85],[-179.64,60.92],[-179.76,60.95],[-180.0,60.93],[-180.0,52.45],[-179.91,52.38],[-179.87,52.38],[-179.75,52.57],[-179.54,52.61],[-179.37,52.75],[-179.32,52.75],[-179.43,52.57],[-179.73,52.4],[-179.82,52.12],[-180.0,52.02],[-180.0,11.0],[-171.08,11.39],[-132.06,22.93],[-114.35,27.0]],[[-175.71,28.02],[-175.68,27.91],[-175.74,27.76],[-175.85,27.73],[-176.03,27.77],[-176.04,27.82],[-176.01,27.88],[-175.82,28.01],[-175.71,28.02]],[[-177.36,28.15],[-177.42,28.15],[-177.48,28.19],[-177.51,28.3],[-177.47,28.37],[-177.29,28.25],[-177.3,28.17],[-177.36,28.15]],[[-178.21,28.37],[-178.24,28.32],[-178.31,28.3],[-178.41,28.33],[-178.45,28.4],[-178.41,28.47],[-178.33,28.49],[-178.23,28.43],[-178.21,28.37]],[[-176.7,28.47],[-176.76,28.55],[-176.74,28.6],[-176.7,28.63],[-176.61,28.52],[-176.65,28.47],[-176.7,28.47]],[[-118.29,28.85],[-118.34,28.87],[-118.36,29.0],[-118.43,29.1],[-118.43,29.17],[-118.35,29.22],[-118.28,29.21],[-118.18,28.99],[-118.2,28.91],[-118.29,28.85]],[[-119.11,32.74],[-119.05,32.66],[-119.17,32.6],[-118.99,32.45],[-118.98,32.42],[-119.01,32.39],[-119.22,32.44],[-119.37,32.55],[-119.36,32.61],[-119.28,32.66],[-119.24,32.73],[-119.11,32.74]],[[-118.43,32.75],[-118.49,32.78],[-118.63,32.95],[-118.65,33.03],[-118.64,33.07],[-118.54,33.05],[-118.49,32.97],[-118.31,32.84],[-118.37,32.76],[-118.43,32.75]],[[-119.28,33.26],[-119.29,33.2],[-119.46,33.17],[-119.63,33.25],[-119.84,33.24],[-119.85,33.51],[-119.74,33.53],[-119.28,33.26]],[[-119.08,33.41],[-119.15,33.63],[-119.11,33.66],[-119.03,33.61],[-118.99,33.5],[-119.01,33.43],[-119.08,33.41]],[[-118.62,33.43],[-118.63,33.48],[-118.6,33.51],[-118.48,33.49],[-118.33,33.41],[-118.26,33.28],[-118.31,33.26],[-118.45,33.28],[-118.62,33.43]],[[-178.99,51.21],[-179.15,51.12],[-179.21,51.17],[-179.17,51.29],[-179.1,51.36],[-178.95,51.42],[-178.87,51.35],[-178.99,51.21]],[[-178.29,51.42],[-178.59,51.51],[-178.79,51.49],[-178.91,51.56],[-179.06,51.51],[-179.16,51.59],[-179.14,51.61],[-178.45,51.67],[-178.41,51.65],[-178.22,51.44],[-178.29,51.42]],[[-178.22,51.58],[-178.29,51.64],[-178.31,51.71],[-178.24,51.77],[-178.25,51.91],[-178.16,51.95],[-177.94,51.95],[-177.76,51.89],[-177.48,51.94],[-177.33,51.87],[-177.18,51.96],[-176.95,51.94],[-176.63,52.04],[-176.39,52.04],[-176.2,52.13],[-176.03,52.13],[-175.94,52.18],[-175.65,52.16],[-175.48,52.21],[-175.29,52.16],[-175.15,52.23],[-174.98,52.21],[-174.44,52.44],[-174.16,52.45],[-174.04,52.42],[-173.87,52.45],[-173.79,52.43],[-173.63,52.3],[-172.85,52.28],[-172.75,52.3],[-172.67,52.41],[-172.46,52.49],[-172.39,52.57],[-172.29,52.52],[-172.25,52.44],[-172.25,52.33],[-172.36,52.22],[-172.34,52.16],[-172.17,52.13],[-171.97,52.05],[-171.86,52.15],[-171.81,52.05],[-171.83,51.99],[-171.98,51.96],[-172.48,52.01],[-172.82,51.92],[-173.83,51.89],[-173.93,51.85],[-175.5,51.82],[-176.97,51.51],[-177.02,51.54],[-177.09,51.66],[-177.22,51.61],[-177.38,51.65],[-177.64,51.58],[-178.22,51.58]],[[-178.73,51.84],[-178.71,51.78],[-178.75,51.72],[-178.82,51.72],[-178.93,51.79],[-178.82,51.87],[-178.73,51.84]],[[-171.31,52.37],[-171.38,52.44],[-171.36,52.54],[-171.3,52.58],[-171.1,52.6],[-171.1,52.56],[-171.18,52.4],[-171.31,52.37]],[[-170.82,52.49],[-170.88,52.52],[-170.91,52.59],[-170.85,52.7],[-170.68,52.76],[-170.55,52.77],[-170.49,52.74],[-170.47,52.67],[-170.54,52.58],[-170.68,52.5],[-170.82,52.49]],[[-171.24,52.77],[-171.48,52.68],[-171.54,52.7],[-171.57,52.75],[-171.56,52.8],[-171.51,52.83],[-171.22,52.89],[-171.18,52.84],[-171.24,52.77]],[[-129.84,52.36],[-129.74,52.29],[-129.78,52.19],[-129.65,52.05],[-129.65,51.97],[-129.73,51.9],[-129.95,51.8],[-130.19,51.84],[-130.22,51.88],[-130.22,51.95],[-130.12,52.11],[-130.06,52.31],[-129.97,52.36],[-129.84,52.36]],[[-132.98,54.39],[-133.1,54.43],[-133.17,54.51],[-133.17,54.56],[-133.11,54.58],[-133.03,54.54],[-132.97,54.44],[-132.98,54.39]],[[-168.0,53.94],[-168.02,53.9],[-168.08,53.94],[-168.02,53.97],[-168.0,53.94]],[[-176.43,26.85],[-176.52,26.93],[-176.54,26.99],[-176.52,27.02],[-176.43,27.01],[-176.37,26.96],[-176.37,26.88],[-176.43,26.85]],[[-174.55,26.23],[-174.63,26.31],[-174.57,26.38],[-174.52,26.39],[-174.48,26.35],[-174.48,26.29],[-174.5,26.24],[-174.55,26.23]],[[-174.07,26.23],[-173.98,26.23],[-173.78,26.09],[-173.76,25.99],[-173.82,25.89],[-173.96,25.86],[-174.16,26.0],[-174.18,26.14],[-174.07,26.23]],[[-173.51,25.9],[-173.55,25.97],[-173.5,26.06],[-173.4,26.09],[-173.3,26.07],[-173.3,25.97],[-173.51,25.9]],[[-171.89,25.91],[-171.78,25.92],[-171.66,25.89],[-171.58,25.84],[-171.57,25.76],[-171.64,25.7],[-171.83,25.71],[-171.93,25.82],[-171.93,25.87],[-171.89,25.91]],[[-169.41,25.69],[-169.36,25.64],[-169.38,25.55],[-169.51,25.43],[-169.67,25.37],[-169.7,25.43],[-169.55,25.64],[-169.41,25.69]],[[-170.67,25.67],[-170.49,25.57],[-170.36,25.4],[-170.34,25.29],[-170.39,25.21],[-170.45,25.2],[-170.61,25.28],[-170.8,25.31],[-170.99,25.44],[-170.98,25.51],[-170.88,25.63],[-170.67,25.67]],[[-168.16,25.21],[-167.98,25.19],[-167.91,25.13],[-167.87,25.05],[-167.88,24.48],[-167.95,24.41],[-168.0,24.43],[-168.14,24.64],[-168.18,24.91],[-168.32,25.03],[-168.31,25.14],[-168.16,25.21]],[[-167.23,24.41],[-167.09,24.47],[-166.94,24.27],[-166.8,24.25],[-166.77,24.15],[-166.79,24.08],[-166.84,24.05],[-167.06,24.22],[-167.22,24.26],[-167.25,24.35],[-167.23,24.41]],[[-172.02,25.43],[-171.99,25.38],[-172.04,25.31],[-172.1,25.31],[-172.15,25.34],[-172.15,25.4],[-172.02,25.43]],[[-172.37,25.42],[-172.44,25.38],[-172.47,25.43],[-172.49,25.57],[-172.46,25.62],[-172.38,25.62],[-172.32,25.55],[-172.37,25.42]],[[-166.22,23.62],[-166.36,23.69],[-166.41,23.78],[-166.39,23.87],[-166.29,23.91],[-166.29,23.93],[-166.12,23.89],[-166.0,23.78],[-166.02,23.7],[-166.08,23.64],[-166.15,23.6],[-166.22,23.62]],[[-164.86,23.61],[-164.63,23.7],[-164.55,23.67],[-164.47,23.53],[-164.28,23.44],[-164.25,23.36],[-164.27,23.24],[-164.3,23.21],[-164.38,23.22],[-164.52,23.29],[-164.63,23.31],[-164.65,23.45],[-164.85,23.52],[-164.87,23.56],[-164.86,23.61]],[[-162.02,23.11],[-161.95,23.17],[-161.82,23.2],[-161.75,23.18],[-161.73,23.12],[-161.8,23.04],[-161.93,23.01],[-162.03,23.04],[-162.02,23.11]],[[-162.23,23.08],[-162.13,23.0],[-162.15,22.92],[-162.26,22.93],[-162.37,22.99],[-162.32,23.07],[-162.23,23.08]],[[-161.07,22.64],[-161.12,22.67],[-161.14,22.72],[-161.09,22.77],[-161.04,22.78],[-160.99,22.75],[-160.98,22.68],[-161.02,22.64],[-161.07,22.64]],[[-159.84,22.06],[-159.83,22.13],[-159.76,22.2],[-159.59,22.28],[-159.37,22.27],[-159.26,22.15],[-159.31,21.95],[-159.46,21.84],[-159.7,21.91],[-159.77,21.96],[-159.84,22.06]],[[-160.06,22.04],[-160.02,22.0],[-160.07,21.86],[-160.15,21.78],[-160.25,21.77],[-160.28,21.83],[-160.22,21.96],[-160.14,22.04],[-160.06,22.04]],[[-158.07,21.73],[-157.96,21.76],[-157.9,21.74],[-157.81,21.58],[-157.7,21.49],[-157.58,21.27],[-157.82,21.22],[-157.91,21.27],[-158.06,21.24],[-158.13,21.26],[-158.35,21.59],[-158.32,21.64],[-158.17,21.65],[-158.07,21.73]],[[-157.32,21.25],[-156.96,21.24],[-156.88,21.2],[-156.72,21.22],[-156.68,21.17],[-156.67,21.09],[-156.56,21.08],[-156.5,21.03],[-156.26,21.02],[-156.17,20.92],[-155.97,20.81],[-155.95,20.7],[-156.06,20.62],[-156.74,20.48],[-156.79,20.53],[-156.66,20.68],[-156.79,20.72],[-156.96,20.71],[-157.01,20.74],[-157.09,20.86],[-157.05,21.01],[-157.09,21.04],[-157.41,20.99],[-157.7,20.87],[-157.77,20.89],[-157.75,21.0],[-157.6,21.14],[-157.37,21.2],[-157.32,21.25]],[[-155.86,19.0],[-155.95,19.09],[-155.92,19.37],[-156.11,19.8],[-156.06,19.89],[-155.91,20.0],[-155.89,20.08],[-155.97,20.23],[-155.86,20.31],[-155.72,20.27],[-155.58,20.17],[-155.44,20.14],[-155.19,20.03],[-155.07,19.9],[-155.0,19.77],[-154.95,19.74],[-154.94,19.67],[-154.77,19.54],[-154.81,19.45],[-154.99,19.31],[-155.13,19.25],[-155.26,19.25],[-155.38,19.18],[-155.64,18.91],[-155.68,18.9],[-155.82,19.0],[-155.86,19.0]],[[-169.59,16.66],[-169.6,16.72],[-169.53,16.83],[-169.38,16.81],[-169.34,16.76],[-169.45,16.66],[-169.54,16.64],[-169.59,16.66]]],[[[180.0,19.4],[121.53,23.39],[121.54,23.33],[121.49,23.26],[121.42,22.95],[121.28,22.85],[121.16,22.66],[121.05,22.63],[120.97,22.45],[120.94,22.06],[120.85,21.75],[120.7,21.83],[120.63,21.89],[120.65,22.09],[120.61,22.2],[120.35,22.27],[120.28,22.34],[120.2,22.54],[120.13,22.61],[119.79,22.76],[119.72,22.73],[119.48,22.47],[119.36,22.42],[119.26,22.33],[119.07,22.25],[118.95,22.28],[118.88,22.22],[118.67,22.2],[118.41,22.25],[118.23,22.19],[117.97,21.99],[117.75,21.99],[117.56,21.89],[117.5,21.92],[117.14,21.77],[116.79,21.76],[116.39,21.61],[116.33,21.56],[116.24,21.56],[116.19,21.51],[116.05,21.46],[115.99,21.29],[115.84,21.22],[115.83,21.13],[115.75,21.02],[115.45,20.91],[115.33,20.8],[115.32,20.6],[115.16,20.6],[115.09,20.55],[115.09,20.51],[115.19,20.42],[115.18,20.38],[115.09,20.29],[114.97,20.33],[114.97,20.18],[114.95,20.14],[114.77,20.14],[114.63,20.05],[114.34,20.02],[114.2,20.13],[114.13,20.14],[114.08,20.02],[113.96,20.05],[113.85,19.99],[113.82,19.94],[113.84,19.89],[113.78,19.83],[113.64,19.99],[113.53,20.0],[113.5,19.96],[113.63,19.85],[113.62,19.78],[113.32,19.81],[113.38,19.76],[113.36,19.67],[113.25,19.63],[113.07,19.5],[112.93,19.52],[112.9,19.44],[112.59,19.3],[112.57,19.25],[112.43,19.2],[112.3,19.09],[112.13,19.01],[111.91,18.85],[111.77,18.92],[111.65,18.92],[111.63,18.88],[111.7,18.77],[111.61,18.58],[111.49,18.63],[111.47,18.53],[111.16,18.36],[110.79,18.02],[110.62,17.98],[110.37,17.64],[110.19,17.48],[110.09,17.45],[109.88,17.23],[109.71,16.97],[109.64,16.81],[109.47,16.66],[109.43,16.4],[109.49,16.16],[109.47,16.06],[109.49,15.94],[109.45,15.89],[109.4,15.65],[109.45,15.61],[109.45,15.37],[109.52,15.15],[109.52,14.81],[109.57,14.48],[109.54,14.21],[109.61,13.85],[109.59,13.75],[109.67,13.24],[109.72,13.1],[109.79,11.94],[109.74,11.74],[109.76,11.41],[109.61,11.21],[109.64,11.09],[109.57,11.02],[109.59,10.85],[109.45,10.67],[109.49,10.49],[109.25,10.25],[109.33,10.07],[109.16,9.85],[109.15,9.66],[108.99,9.44],[108.87,9.55],[108.8,9.56],[108.66,9.46],[108.63,9.39],[108.73,9.34],[108.66,9.24],[108.67,9.18],[108.73,9.2],[108.75,9.25],[108.83,9.21],[108.87,9.22],[108.93,9.35],[109.17,9.36],[109.21,9.33],[109.13,9.17],[109.16,9.08],[109.06,8.67],[109.09,8.57],[109.06,8.48],[109.11,8.36],[109.05,8.05],[109.11,8.01],[109.25,8.17],[109.31,8.18],[109.33,8.15],[109.1,7.84],[109.09,7.54],[109.13,7.11],[109.11,6.97],[109.18,6.92],[109.28,6.68],[109.46,6.46],[109.8,6.13],[110.02,6.01],[110.05,5.84],[110.32,5.59],[110.37,5.57],[110.48,5.62],[110.55,5.53],[110.69,5.5],[110.72,5.45],[110.83,5.4],[111.2,5.43],[111.49,5.41],[112.09,5.62],[112.28,5.79],[112.4,5.79],[112.49,5.96],[112.57,6.01],[112.6,5.89],[112.54,5.65],[112.6,5.55],[112.63,5.42],[112.69,5.41],[112.65,5.35],[113.14,5.05],[113.29,5.05],[113.45,4.98],[113.58,4.98],[113.7,5.01],[114.11,5.25],[114.29,5.43],[114.34,5.65],[114.53,5.79],[114.7,5.84],[114.8,5.93],[114.94,6.01],[115.18,6.29],[115.3,6.37],[115.64,6.75],[116.22,7.22],[116.41,7.44],[116.68,7.63],[116.72,7.71],[116.69,7.83],[116.74,7.89],[116.82,8.49],[116.91,8.57],[117.15,8.96],[117.53,9.39],[117.68,9.46],[117.8,9.57],[118.01,9.92],[118.03,10.08],[118.18,10.16],[118.23,10.28],[118.21,10.33],[118.42,10.54],[118.46,10.67],[118.69,10.73],[118.71,11.02],[118.83,11.14],[118.85,11.29],[118.9,11.31],[118.97,11.5],[119.15,11.61],[119.19,11.67],[119.24,11.81],[119.17,11.91],[119.29,11.91],[119.38,12.03],[119.43,12.03],[119.52,12.15],[119.58,12.32],[119.88,12.67],[119.99,12.7],[120.05,12.56],[120.19,12.5],[120.22,12.51],[120.22,12.58],[120.07,12.7],[120.1,12.74],[120.22,12.7],[120.37,12.42],[120.42,12.4],[120.51,12.44],[120.53,12.13],[120.63,12.01],[120.74,11.96],[120.75,11.91],[120.75,11.87],[120.65,11.79],[120.61,11.63],[120.63,11.61],[120.75,11.73],[120.82,11.74],[120.88,11.7],[120.89,11.52],[120.97,11.45],[121.23,11.45],[121.37,11.41],[121.7,11.4],[121.77,11.37],[121.77,11.3],[121.73,11.28],[121.55,11.24],[121.69,11.11],[121.64,10.91],[121.49,10.83],[121.47,10.73],[121.3,10.54],[121.17,10.53],[121.01,10.45],[120.85,10.52],[120.56,10.42],[120.5,10.44],[120.44,10.55],[120.39,10.57],[120.2,10.4],[119.98,10.33],[119.72,10.06],[119.53,10.01],[119.5,9.87],[119.36,9.92],[119.29,10.0],[119.24,10.01],[119.21,9.97],[119.26,9.95],[119.26,9.92],[119.14,9.82],[119.1,9.71],[119.03,9.68],[118.86,9.7],[118.77,9.64],[118.73,9.54],[118.74,9.24],[118.7,9.15],[118.45,9.01],[118.24,8.8],[118.2,8.59],[118.25,8.41],[118.2,8.46],[118.18,8.43],[118.13,8.45],[117.99,8.41],[118.0,8.48],[117.94,8.55],[117.86,8.49],[117.85,8.43],[117.89,8.33],[117.82,8.23],[117.83,8.19],[118.02,7.77],[118.11,7.74],[118.24,7.84],[118.29,7.86],[118.35,7.83],[118.42,7.88],[118.59,7.83],[118.58,7.76],[118.45,7.61],[118.44,7.47],[118.36,7.46],[118.35,7.42],[118.38,7.39],[118.49,7.45],[118.54,7.35],[118.52,7.33],[118.54,7.07],[118.64,6.8],[118.64,6.65],[118.73,6.51],[118.73,6.38],[118.77,6.32],[119.02,6.08],[119.0,5.96],[119.03,5.88],[119.42,5.76],[119.49,5.77],[119.6,5.88],[119.69,5.9],[119.78,5.9],[119.81,5.85],[119.74,5.77],[119.6,5.75],[119.32,5.62],[119.23,5.73],[119.18,5.7],[119.19,5.64],[119.37,5.43],[119.39,5.33],[119.36,5.26],[119.38,5.19],[119.52,5.18],[119.55,5.12],[119.55,4.93],[119.6,4.73],[119.52,4.57],[119.43,4.48],[119.22,4.38],[119.15,4.38],[119.07,4.42],[118.93,4.4],[118.95,4.2],[118.91,4.13],[118.78,4.16],[118.71,4.11],[118.66,4.11],[118.54,4.21],[118.43,4.21],[118.29,4.12],[118.23,4.01],[118.28,3.82],[118.16,3.61],[118.25,3.51],[118.22,3.44],[118.23,3.32],[118.01,3.03],[118.01,2.69],[118.25,2.41],[118.59,2.36],[118.65,2.32],[118.78,2.12],[118.92,1.99],[119.06,1.76],[119.05,1.71],[118.96,1.71],[118.73,1.95],[118.61,2.02],[118.61,2.12],[118.54,2.11],[118.64,1.64],[118.83,1.57],[119.0,1.61],[119.05,1.59],[119.0,1.42],[119.05,1.33],[118.97,1.23],[119.04,0.98],[118.93,0.78],[118.75,0.76],[118.46,0.61],[118.23,0.73],[118.07,0.64],[117.87,0.61],[117.75,0.46],[117.77,0.27],[117.7,0.22],[117.8,0.08],[117.8,-0.0],[119.55,-0.0],[119.58,0.06],[119.67,0.1],[119.78,0.04],[119.8,0.09],[119.74,0.21],[119.85,0.4],[119.81,0.55],[119.83,0.59],[119.92,0.61],[120.01,0.76],[120.14,0.81],[120.15,0.99],[120.41,1.11],[120.45,1.07],[120.42,0.93],[120.46,0.88],[120.5,0.88],[120.54,0.95],[120.56,1.16],[120.88,1.42],[120.94,1.42],[121.21,1.33],[121.52,1.33],[121.6,1.13],[121.81,1.18],[121.95,1.16],[122.06,1.18],[122.29,1.13],[122.38,1.18],[122.55,1.06],[123.26,1.06],[123.37,1.09],[123.51,0.99],[123.76,1.02],[123.82,0.97],[123.94,0.96],[124.2,1.1],[124.4,1.25],[124.52,1.42],[124.73,1.49],[124.69,1.71],[124.76,1.83],[124.81,1.84],[124.94,1.78],[125.04,1.88],[125.15,1.89],[125.21,1.84],[125.21,1.66],[125.27,1.57],[125.33,1.56],[125.29,1.38],[125.12,1.25],[125.09,0.97],[124.85,0.85],[124.65,0.66],[124.58,0.43],[124.47,0.37],[124.3,0.32],[124.1,0.34],[123.63,0.24],[123.53,0.27],[123.28,0.25],[123.03,0.45],[122.88,0.46],[122.53,0.37],[121.78,0.34],[121.58,0.38],[121.37,0.34],[121.21,0.25],[120.74,0.3],[120.68,0.25],[120.53,0.32],[120.27,0.17],[120.23,-0.0],[127.13,-0.0],[127.09,0.13],[126.94,0.11],[126.89,0.2],[126.92,0.22],[127.06,0.2],[127.16,0.29],[127.2,0.43],[127.26,0.46],[127.33,0.44],[127.35,0.47],[127.3,0.73],[127.25,0.82],[127.37,1.05],[127.4,1.13],[127.37,1.25],[127.49,1.48],[127.47,1.66],[127.7,2.03],[127.72,2.29],[127.79,2.32],[127.96,2.25],[128.03,2.26],[128.11,2.4],[128.34,2.53],[128.43,2.69],[128.5,2.73],[128.56,2.7],[128.73,2.51],[128.76,2.37],[128.67,2.29],[128.67,2.14],[128.51,2.0],[128.28,1.96],[128.17,1.87],[128.13,1.77],[128.12,1.55],[128.19,1.48],[128.57,1.63],[128.79,1.61],[128.77,1.47],[128.82,1.32],[128.75,1.01],[128.6,0.89],[128.57,0.84],[128.66,0.68],[128.73,0.63],[128.84,0.61],[128.91,0.51],[128.86,0.39],[129.01,0.2],[129.03,0.12],[128.94,0.11],[128.84,0.2],[128.33,0.36],[128.13,0.38],[127.99,0.31],[128.05,0.15],[127.98,-0.0],[129.29,-0.0],[129.27,0.07],[129.38,0.11],[129.66,0.05],[129.7,-0.0],[129.87,-0.0],[129.82,0.03],[129.82,0.17],[129.71,0.34],[129.69,0.42],[129.74,0.46],[129.91,0.44],[129.98,0.48],[130.02,0.31],[130.19,0.34],[130.35,0.17],[130.72,0.11],[130.95,0.1],[131.11,-0.0],[180.0,0.0],[180.0,19.4]],[[121.53,22.69],[121.49,22.6],[121.43,22.66],[121.46,22.71],[121.53,22.69]],[[121.55,22.13],[121.65,22.01],[121.63,21.91],[121.47,22.04],[121.47,22.1],[121.55,22.13]],[[121.63,21.76],[121.66,21.51],[121.56,21.55],[121.59,21.68],[121.57,21.72],[121.63,21.76]],[[121.8,20.66],[121.76,20.69],[121.76,20.74],[121.82,20.85],[121.88,20.89],[121.88,21.01],[121.92,21.04],[121.9,21.08],[121.95,21.15],[121.98,21.11],[121.94,21.03],[121.97,20.73],[121.92,20.68],[121.8,20.66]],[[116.94,20.56],[116.82,20.55],[116.7,20.59],[116.62,20.71],[116.64,20.79],[116.78,20.83],[117.04,20.83],[117.01,20.64],[116.94,20.56]],[[144.89,20.51],[144.89,20.57],[144.93,20.58],[144.96,20.51],[144.89,20.51]],[[121.91,20.26],[121.86,20.24],[121.8,20.27],[121.78,20.38],[121.85,20.38],[121.96,20.5],[122.04,20.51],[122.06,20.45],[121.91,20.26]],[[136.05,20.33],[136.0,20.4],[136.07,20.46],[136.15,20.44],[136.17,20.37],[136.1,20.32],[136.05,20.33]],[[160.79,20.43],[160.86,20.35],[160.83,20.24],[160.8,20.23],[160.71,20.26],[160.67,20.34],[160.71,20.41],[160.79,20.43]],[[145.28,20.06],[145.29,20.01],[145.26,19.97],[145.21,19.99],[145.2,20.07],[145.25,20.09],[145.28,20.06]],[[145.44,19.71],[145.45,19.64],[145.37,19.64],[145.37,19.71],[145.44,19.71]],[[122.0,19.61],[122.05,19.57],[122.03,19.49],[121.96,19.46],[121.88,19.51],[121.88,19.58],[122.0,19.61]],[[121.51,19.47],[121.56,19.39],[121.58,19.2],[121.39,19.27],[121.32,19.36],[121.38,19.43],[121.51,19.47]],[[166.6,19.27],[166.56,19.31],[166.58,19.36],[166.63,19.38],[166.69,19.35],[166.68,19.3],[166.64,19.31],[166.6,19.27]],[[121.22,19.21],[121.28,19.16],[121.34,18.95],[121.52,18.95],[121.54,18.92],[121.52,18.88],[121.31,18.78],[121.18,18.8],[121.16,19.11],[121.19,19.19],[121.22,19.21]],[[121.83,18.95],[121.79,19.07],[121.84,19.11],[121.95,19.04],[122.13,19.01],[122.1,18.95],[121.87,18.79],[121.8,18.83],[121.83,18.95]],[[145.62,18.79],[145.65,18.84],[145.7,18.83],[145.73,18.73],[145.65,18.7],[145.62,18.79]],[[121.26,18.7],[122.0,18.49],[122.13,18.62],[122.22,18.6],[122.43,18.29],[122.24,18.05],[122.22,17.86],[122.24,17.72],[122.31,17.55],[122.45,17.41],[122.47,17.3],[122.62,17.02],[122.53,16.78],[122.41,16.69],[122.38,16.57],[122.31,16.49],[122.26,16.23],[122.09,16.06],[121.93,15.97],[121.9,15.92],[121.78,15.94],[121.76,15.77],[121.69,15.7],[121.54,15.41],[121.54,15.3],[121.61,15.09],[121.77,14.91],[121.8,14.92],[121.78,15.05],[121.7,15.14],[121.74,15.18],[121.85,15.1],[121.98,15.1],[122.09,14.96],[122.61,14.92],[122.98,14.77],[123.14,14.77],[123.45,14.65],[123.66,14.67],[123.74,14.65],[123.95,14.7],[124.01,14.64],[124.06,14.41],[124.14,14.31],[124.23,14.24],[124.39,14.21],[124.5,14.07],[124.59,13.74],[124.54,13.55],[124.47,13.48],[124.25,13.44],[124.11,13.45],[124.0,13.66],[123.89,13.71],[123.81,13.66],[123.63,13.65],[123.61,13.62],[123.81,13.44],[123.95,13.39],[124.03,13.33],[124.23,13.28],[124.25,12.98],[124.3,12.87],[124.39,12.85],[124.61,12.89],[124.76,12.7],[125.03,12.71],[125.19,12.64],[125.52,12.27],[125.61,12.12],[125.61,11.98],[125.5,11.83],[125.56,11.51],[125.67,11.38],[125.65,11.29],[126.0,10.78],[126.0,10.68],[125.93,10.52],[126.06,10.34],[126.06,10.17],[126.19,9.86],[126.26,9.58],[126.22,9.44],[126.32,9.29],[126.34,9.03],[126.41,8.86],[126.41,8.67],[126.49,8.5],[126.51,8.19],[126.58,8.0],[126.53,7.85],[126.61,7.72],[126.64,7.47],[126.61,7.32],[126.65,7.28],[126.47,6.96],[126.37,6.95],[126.38,6.79],[126.28,6.65],[126.27,6.51],[126.32,6.46],[126.21,6.25],[126.14,6.26],[126.15,6.34],[126.05,6.51],[126.0,6.85],[125.95,6.93],[125.94,7.02],[125.87,7.11],[125.82,7.09],[125.82,6.93],[125.79,6.87],[125.68,6.91],[125.65,7.01],[125.53,6.94],[125.47,6.84],[125.45,6.7],[125.62,6.53],[125.73,6.22],[125.74,6.01],[125.69,5.89],[125.59,5.8],[125.41,5.54],[125.36,5.52],[125.28,5.56],[125.27,5.66],[125.17,5.74],[125.12,5.84],[124.94,5.82],[124.23,6.13],[124.0,6.42],[123.99,6.64],[123.94,6.82],[123.95,6.97],[124.01,7.14],[124.15,7.23],[124.16,7.32],[123.97,7.32],[123.94,7.4],[124.01,7.53],[124.0,7.61],[123.91,7.66],[123.77,7.69],[123.7,7.73],[123.67,7.79],[123.63,7.78],[123.46,7.54],[123.49,7.3],[123.43,7.28],[123.37,7.31],[123.24,7.42],[123.15,7.25],[123.08,7.23],[122.74,7.2],[122.67,7.04],[122.51,6.97],[122.45,6.72],[122.36,6.59],[122.3,6.55],[122.21,6.43],[122.12,6.39],[122.03,6.26],[121.93,6.2],[121.98,6.06],[121.96,6.01],[121.88,5.97],[121.78,5.98],[121.64,5.91],[121.54,5.91],[121.49,5.86],[121.21,5.77],[121.01,5.57],[120.99,5.48],[120.85,5.47],[120.72,5.4],[120.7,5.34],[120.74,5.2],[120.72,5.16],[120.53,5.14],[120.32,5.02],[120.04,4.93],[119.96,4.88],[119.96,4.83],[119.83,4.75],[119.78,4.78],[119.72,5.02],[119.74,5.15],[119.8,5.21],[120.07,5.37],[120.2,5.54],[120.18,5.6],[120.1,5.67],[120.2,5.76],[120.2,5.79],[119.94,5.85],[119.91,5.91],[120.05,6.01],[120.28,6.09],[120.37,6.2],[120.48,6.22],[120.46,6.27],[120.51,6.39],[121.0,6.66],[121.04,6.7],[121.04,6.75],[121.42,6.8],[121.57,6.89],[121.72,7.07],[121.87,7.09],[121.91,7.23],[122.01,7.32],[122.02,7.45],[122.09,7.59],[122.07,7.75],[122.24,8.08],[122.38,8.09],[122.49,8.17],[122.63,8.14],[122.67,8.19],[122.72,8.15],[122.93,8.19],[122.91,8.33],[123.05,8.57],[123.27,8.58],[123.22,8.72],[123.31,8.76],[123.42,8.76],[123.77,8.63],[123.89,8.67],[123.9,8.63],[123.85,8.51],[123.95,8.23],[123.98,8.21],[124.21,8.24],[124.24,8.28],[124.28,8.52],[124.39,8.64],[124.48,8.65],[124.61,8.55],[124.68,8.53],[124.72,8.56],[124.71,8.69],[124.76,8.81],[124.75,8.97],[124.78,9.02],[124.65,9.1],[124.61,9.17],[124.63,9.24],[124.69,9.29],[124.83,9.19],[124.85,9.14],[124.83,9.08],[125.13,8.91],[125.16,9.08],[125.2,9.12],[125.41,9.03],[125.48,9.04],[125.51,9.08],[125.51,9.2],[125.37,9.7],[125.44,10.04],[125.27,10.23],[125.2,10.21],[125.32,10.0],[125.33,9.93],[125.3,9.89],[125.25,9.9],[125.17,10.02],[125.11,9.89],[125.06,9.88],[124.92,10.06],[124.83,10.11],[124.75,10.06],[124.61,9.71],[124.49,9.7],[124.33,9.58],[124.04,9.57],[123.94,9.51],[123.84,9.5],[123.68,9.52],[123.66,9.56],[123.68,9.61],[123.8,9.67],[123.75,9.75],[123.77,9.89],[123.82,9.94],[123.82,10.01],[123.94,10.14],[123.9,10.19],[123.84,10.18],[123.68,10.05],[123.66,9.9],[123.51,9.55],[123.35,9.35],[123.36,9.3],[123.29,9.1],[123.07,9.01],[122.92,9.07],[122.88,9.11],[122.86,9.27],[122.62,9.37],[122.36,9.68],[122.33,9.84],[122.33,9.99],[122.52,10.06],[122.58,10.17],[122.55,10.28],[122.48,10.35],[122.43,10.61],[122.32,10.63],[122.2,10.58],[121.97,10.37],[121.89,10.41],[121.95,10.61],[121.91,10.8],[122.02,11.07],[122.02,11.19],[121.97,11.27],[122.0,11.4],[121.97,11.55],[122.04,11.68],[121.82,11.77],[121.88,12.05],[121.94,12.14],[121.93,12.25],[121.89,12.3],[121.9,12.41],[121.97,12.5],[121.97,12.65],[122.01,12.74],[122.0,12.92],[122.07,13.0],[122.14,12.81],[122.23,12.68],[122.29,12.68],[122.35,12.54],[122.28,12.45],[122.24,12.48],[122.22,12.56],[122.18,12.52],[122.09,11.93],[122.13,11.91],[122.29,11.89],[122.36,11.76],[122.42,11.73],[122.65,11.74],[122.73,11.82],[122.84,12.05],[122.86,12.2],[123.06,12.35],[123.19,12.6],[123.25,12.62],[123.53,12.51],[123.56,12.53],[123.55,12.65],[123.6,12.77],[123.58,12.84],[123.44,12.97],[123.34,12.97],[123.32,12.82],[123.41,12.69],[123.36,12.67],[122.92,13.05],[122.56,13.16],[122.44,13.27],[122.41,13.44],[122.32,13.52],[122.06,13.21],[121.98,13.18],[121.84,13.25],[121.79,13.34],[121.79,13.52],[121.88,13.64],[121.87,13.69],[121.8,13.75],[121.57,13.83],[121.47,13.64],[121.38,13.64],[121.29,13.57],[121.16,13.6],[121.12,13.57],[121.39,13.38],[121.52,13.25],[121.59,13.11],[121.54,12.94],[121.58,12.56],[121.57,12.49],[121.5,12.43],[121.49,12.31],[121.54,12.19],[121.71,12.01],[121.65,11.9],[121.52,11.81],[121.3,11.83],[121.27,11.87],[121.37,11.9],[121.37,11.95],[121.27,12.04],[121.22,12.04],[121.2,12.14],[121.07,12.14],[120.98,12.19],[120.99,12.37],[120.89,12.5],[120.89,12.62],[120.77,12.72],[120.63,13.09],[120.49,13.21],[120.44,13.32],[120.32,13.36],[120.28,13.44],[120.3,13.51],[120.38,13.56],[120.75,13.5],[121.0,13.55],[121.03,13.6],[121.0,13.64],[121.02,13.68],[120.99,13.68],[120.94,13.62],[120.85,13.62],[120.81,13.68],[120.89,13.78],[120.89,13.86],[120.77,13.85],[120.65,13.75],[120.58,13.8],[120.5,13.97],[120.42,14.03],[120.39,14.02],[120.45,13.63],[120.42,13.6],[120.25,13.65],[120.09,13.76],[120.0,13.89],[120.02,13.92],[120.14,13.92],[120.22,14.12],[120.41,14.16],[120.44,14.22],[120.13,14.62],[120.03,14.69],[120.01,14.81],[119.93,14.89],[119.96,15.17],[119.86,15.37],[119.88,15.55],[119.75,15.76],[119.72,15.99],[119.74,16.3],[119.96,16.57],[120.18,16.63],[120.29,16.7],[120.29,16.83],[120.39,16.96],[120.37,17.21],[120.41,17.39],[120.3,17.56],[120.41,18.2],[120.51,18.34],[120.55,18.6],[120.71,18.62],[120.82,18.7],[120.96,18.63],[121.17,18.75],[121.26,18.7]],[[145.71,18.03],[145.69,18.08],[145.76,18.19],[145.85,18.19],[145.86,18.11],[145.77,18.03],[145.71,18.03]],[[145.8,17.56],[145.8,17.63],[145.87,17.62],[145.88,17.56],[145.8,17.56]],[[152.62,17.35],[152.61,17.39],[152.63,17.44],[152.72,17.49],[152.78,17.48],[152.73,17.36],[152.62,17.35]],[[145.88,17.34],[145.89,17.27],[145.81,17.27],[145.81,17.34],[145.88,17.34]],[[145.75,16.67],[145.75,16.73],[145.83,16.73],[145.84,16.66],[145.75,16.67]],[[145.65,16.31],[145.6,16.35],[145.62,16.4],[145.74,16.38],[145.73,16.33],[145.65,16.31]],[[145.93,16.02],[145.94,16.05],[146.1,16.11],[146.15,16.07],[146.09,15.94],[146.01,15.87],[145.93,16.02]],[[145.63,15.19],[145.79,15.3],[145.85,15.27],[145.78,15.08],[145.72,15.07],[145.68,14.91],[145.57,14.85],[145.55,15.02],[145.63,15.19]],[[168.98,14.74],[169.07,14.71],[169.08,14.63],[169.02,14.55],[168.86,14.47],[168.89,14.65],[168.85,14.7],[168.89,14.74],[168.98,14.74]],[[145.12,14.09],[145.09,14.13],[145.11,14.17],[145.25,14.23],[145.32,14.22],[145.31,14.15],[145.24,14.09],[145.12,14.09]],[[144.7,13.21],[144.65,13.23],[144.6,13.33],[144.6,13.45],[144.77,13.54],[144.84,13.67],[144.95,13.66],[144.98,13.6],[144.97,13.55],[144.82,13.4],[144.81,13.29],[144.7,13.21]],[[144.41,12.91],[144.46,12.91],[144.46,12.81],[144.38,12.7],[144.34,12.76],[144.41,12.91]],[[170.03,12.26],[170.05,12.32],[170.11,12.35],[170.19,12.3],[170.2,12.25],[170.16,12.17],[170.1,12.15],[170.03,12.26]],[[168.91,12.23],[168.96,12.2],[168.95,12.13],[168.9,12.1],[168.81,12.12],[168.8,12.15],[168.82,12.2],[168.91,12.23]],[[165.34,11.76],[165.46,11.74],[165.57,11.67],[165.6,11.5],[165.36,11.46],[165.25,11.48],[165.16,11.58],[165.16,11.63],[165.24,11.74],[165.34,11.76]],[[166.84,11.53],[167.08,11.51],[167.12,11.45],[166.95,11.26],[166.93,11.12],[166.83,11.11],[166.66,11.17],[166.52,11.08],[166.25,11.12],[166.25,11.19],[166.3,11.23],[166.54,11.21],[166.59,11.28],[166.67,11.51],[166.84,11.53]],[[167.41,11.24],[167.32,11.38],[167.35,11.45],[167.41,11.47],[167.55,11.43],[167.57,11.37],[167.54,11.29],[167.47,11.24],[167.41,11.24]],[[169.77,11.38],[169.82,11.38],[169.91,11.23],[169.87,11.18],[169.77,11.17],[169.73,11.14],[169.69,11.01],[169.66,11.0],[169.56,11.1],[169.52,11.25],[169.55,11.27],[169.64,11.24],[169.77,11.38]],[[162.43,11.46],[162.39,11.33],[162.2,11.32],[162.08,11.41],[162.01,11.57],[162.12,11.7],[162.23,11.74],[162.37,11.63],[162.43,11.46]],[[169.85,10.26],[169.92,10.48],[170.01,10.48],[170.04,10.38],[170.02,10.19],[169.92,10.18],[169.85,10.26]],[[166.07,10.17],[166.09,10.02],[166.04,9.98],[165.92,10.06],[165.89,10.2],[165.93,10.24],[166.04,10.22],[166.07,10.17]],[[168.96,10.03],[169.0,10.09],[169.2,10.01],[169.32,9.91],[169.35,9.8],[169.19,9.77],[169.1,9.8],[168.98,9.89],[168.96,10.03]],[[160.84,9.95],[160.99,9.87],[161.13,9.72],[161.14,9.67],[161.06,9.67],[160.97,9.7],[160.95,9.75],[160.79,9.8],[160.74,9.9],[160.77,9.94],[160.84,9.95]],[[170.12,9.68],[170.18,9.68],[170.29,9.57],[170.29,9.44],[170.26,9.38],[170.1,9.37],[170.05,9.32],[170.15,9.1],[170.13,9.01],[170.06,8.98],[169.96,9.04],[169.86,9.2],[169.9,9.3],[169.79,9.48],[169.77,9.58],[169.83,9.66],[170.0,9.64],[170.12,9.68]],[[167.75,9.14],[167.79,9.07],[167.82,8.88],[167.79,8.73],[167.74,8.69],[167.58,8.79],[167.53,9.02],[167.4,9.08],[167.22,9.08],[167.05,9.25],[166.9,9.25],[166.8,9.3],[166.77,9.35],[166.82,9.38],[167.04,9.37],[167.09,9.39],[167.31,9.34],[167.49,9.46],[167.58,9.28],[167.75,9.14]],[[170.82,8.85],[170.8,8.94],[170.93,8.95],[171.09,8.91],[171.22,8.83],[171.29,8.7],[171.24,8.47],[171.17,8.45],[171.05,8.5],[170.96,8.66],[170.85,8.74],[170.82,8.85]],[[151.92,8.5],[151.8,8.43],[151.71,8.42],[151.65,8.54],[151.76,8.64],[151.88,8.63],[151.97,8.58],[151.92,8.5]],[[171.02,8.42],[171.17,8.38],[171.22,8.33],[171.2,8.24],[171.23,8.14],[171.2,8.1],[171.16,8.1],[170.98,8.22],[171.02,8.42]],[[168.11,8.23],[168.22,8.17],[168.22,8.05],[168.33,7.86],[168.33,7.77],[168.27,7.72],[168.2,7.74],[168.09,8.03],[167.94,8.19],[167.98,8.23],[168.11,8.23]],[[151.88,7.71],[152.0,7.6],[152.03,7.39],[152.06,7.33],[152.03,7.29],[152.03,7.0],[151.98,6.96],[151.86,7.05],[151.78,7.21],[151.64,7.21],[151.47,7.28],[151.43,7.35],[151.45,7.42],[151.61,7.54],[151.69,7.68],[151.78,7.72],[151.88,7.71]],[[155.19,7.65],[155.27,7.67],[155.46,7.64],[155.48,7.54],[155.45,7.43],[155.36,7.37],[155.26,7.38],[155.13,7.52],[155.13,7.62],[155.16,7.64],[155.19,7.61],[155.19,7.65]],[[168.9,7.61],[168.95,7.65],[169.01,7.59],[168.88,7.26],[168.74,7.25],[168.57,7.35],[168.53,7.43],[168.54,7.48],[168.6,7.52],[168.75,7.52],[168.9,7.61]],[[171.61,7.29],[171.67,7.32],[171.74,7.13],[171.79,7.12],[171.96,7.18],[171.99,7.11],[171.87,7.04],[171.75,6.92],[171.6,6.96],[171.52,7.08],[171.61,7.29]],[[158.39,6.95],[158.37,6.82],[158.26,6.7],[158.12,6.75],[157.95,6.69],[157.89,6.72],[157.89,6.82],[158.05,6.87],[158.12,7.02],[158.31,7.04],[158.36,7.0],[158.39,6.95]],[[149.37,6.77],[149.33,6.68],[149.24,6.72],[149.03,7.07],[149.03,7.1],[149.11,7.12],[149.16,7.08],[149.37,6.77]],[[143.08,6.76],[143.14,6.71],[143.1,6.65],[143.0,6.69],[143.02,6.75],[143.08,6.76]],[[134.2,6.95],[134.19,6.88],[134.13,6.85],[134.12,6.95],[134.15,6.97],[134.2,6.95]],[[134.23,6.96],[134.2,6.98],[134.16,7.3],[134.52,7.69],[134.52,7.79],[134.45,7.9],[134.48,7.98],[134.54,8.02],[134.65,8.03],[134.68,8.13],[134.76,8.13],[134.72,7.68],[134.67,7.54],[134.69,7.39],[134.59,7.23],[134.54,7.22],[134.5,7.26],[134.5,7.16],[134.35,7.01],[134.23,6.96]],[[134.68,8.14],[134.63,8.11],[134.58,8.14],[134.54,8.38],[134.62,8.49],[134.68,8.47],[134.71,8.4],[134.72,8.28],[134.68,8.14]],[[137.48,8.24],[137.45,8.26],[137.44,8.33],[137.3,8.4],[137.31,8.51],[137.4,8.54],[137.51,8.63],[137.59,8.65],[137.63,8.6],[137.58,8.33],[137.48,8.24]],[[144.52,8.65],[144.6,8.6],[144.56,8.53],[144.48,8.59],[144.52,8.65]],[[148.4,8.55],[148.57,8.6],[148.67,8.67],[148.88,8.71],[148.95,8.69],[148.99,8.65],[148.98,8.4],[149.02,8.24],[148.99,7.83],[148.79,7.66],[148.73,7.65],[148.57,7.76],[148.51,7.84],[148.28,7.91],[148.28,7.96],[148.32,7.99],[148.5,7.98],[148.57,8.02],[148.53,8.32],[148.44,8.37],[148.16,8.38],[148.4,8.55]],[[149.65,8.55],[149.64,8.63],[149.71,8.71],[149.99,8.86],[150.05,8.95],[150.16,9.02],[150.22,8.98],[150.29,8.84],[150.37,8.79],[150.4,8.62],[150.45,8.58],[150.43,8.56],[150.21,8.53],[149.65,8.55]],[[165.75,8.89],[165.54,9.06],[165.49,9.18],[165.51,9.25],[165.69,9.17],[165.8,8.98],[165.81,8.91],[165.75,8.89]],[[148.25,9.26],[148.29,9.14],[148.25,9.07],[148.09,9.05],[147.97,9.08],[148.01,9.22],[148.21,9.27],[148.25,9.26]],[[145.43,9.26],[145.41,9.2],[145.36,9.2],[145.32,9.24],[145.38,9.29],[145.43,9.26]],[[166.19,8.9],[166.19,8.99],[166.24,9.0],[166.29,8.97],[166.3,8.9],[166.23,8.88],[166.19,8.9]],[[152.03,8.64],[152.23,8.81],[152.35,8.79],[152.41,8.74],[152.28,8.57],[152.04,8.53],[152.0,8.58],[152.03,8.64]],[[151.38,8.64],[151.4,8.56],[151.34,8.51],[151.3,8.59],[151.38,8.64]],[[154.27,8.04],[154.21,8.14],[154.27,8.22],[154.35,8.19],[154.38,8.12],[154.34,8.06],[154.27,8.04]],[[149.37,7.66],[149.4,7.7],[149.48,7.71],[149.55,7.78],[149.66,7.78],[149.69,7.74],[149.67,7.69],[149.57,7.71],[149.53,7.7],[149.43,7.52],[149.38,7.55],[149.37,7.66]],[[147.97,7.64],[148.08,7.57],[148.12,7.49],[147.93,7.58],[147.93,7.63],[147.97,7.64]],[[146.37,7.58],[146.44,7.52],[146.4,7.46],[146.26,7.49],[146.18,7.37],[146.12,7.41],[146.11,7.46],[146.15,7.54],[146.23,7.49],[146.29,7.52],[146.29,7.57],[146.37,7.58]],[[149.15,7.38],[149.23,7.42],[149.35,7.38],[149.46,7.29],[149.47,7.23],[149.43,7.19],[149.37,7.19],[149.15,7.38]],[[144.63,7.35],[144.47,7.22],[144.4,7.25],[144.51,7.37],[144.5,7.44],[144.67,7.56],[144.72,7.56],[144.76,7.44],[144.63,7.35]],[[143.88,7.3],[143.84,7.28],[143.8,7.3],[143.8,7.4],[143.94,7.42],[143.94,7.33],[143.88,7.3]],[[145.88,7.64],[145.83,7.63],[145.8,7.68],[145.82,7.72],[145.9,7.75],[145.93,7.69],[145.88,7.64]],[[148.01,8.0],[147.64,8.04],[147.6,8.06],[147.59,8.11],[147.62,8.15],[147.75,8.19],[148.06,8.21],[148.09,8.19],[148.07,8.11],[148.01,8.0]],[[144.99,8.02],[144.94,8.02],[144.9,8.07],[144.92,8.19],[145.09,8.31],[145.14,8.44],[145.28,8.48],[145.35,8.46],[145.37,8.4],[145.23,8.31],[145.18,8.17],[144.99,8.02]],[[140.38,8.22],[140.47,8.16],[140.44,8.1],[140.4,8.1],[140.27,8.16],[140.3,8.21],[140.38,8.22]],[[145.66,8.39],[145.6,8.43],[145.64,8.48],[145.75,8.5],[145.8,8.47],[145.77,8.39],[145.66,8.39]],[[146.72,8.04],[146.69,8.08],[146.71,8.12],[146.77,8.14],[146.81,8.11],[146.8,8.06],[146.72,8.04]],[[152.7,6.77],[152.63,6.81],[152.57,6.89],[152.56,6.96],[152.59,7.0],[152.7,6.97],[152.77,6.88],[152.78,6.8],[152.7,6.77]],[[171.19,7.03],[171.02,7.11],[171.0,7.18],[171.04,7.26],[171.09,7.27],[171.18,7.2],[171.33,7.18],[171.43,7.13],[171.42,7.08],[171.36,7.04],[171.19,7.03]],[[138.09,9.39],[137.96,9.39],[137.96,9.43],[138.11,9.61],[138.22,9.63],[138.24,9.52],[138.09,9.39]],[[140.55,9.74],[140.5,9.73],[140.49,9.79],[140.56,9.79],[140.55,9.74]],[[140.01,9.8],[139.98,9.74],[139.91,9.74],[139.92,9.86],[139.89,9.9],[139.83,9.88],[139.74,9.76],[139.64,9.74],[139.53,9.88],[139.54,10.1],[139.7,10.17],[139.76,10.15],[139.89,10.0],[140.0,9.96],[140.01,9.8]],[[149.45,6.26],[149.43,6.31],[149.5,6.36],[149.55,6.35],[149.58,6.28],[149.56,6.21],[149.45,6.26]],[[169.4,6.25],[169.41,6.32],[169.51,6.32],[169.59,6.17],[169.78,6.04],[169.69,5.84],[169.63,5.77],[169.53,5.8],[169.43,5.92],[169.4,6.02],[169.42,6.1],[169.4,6.25]],[[171.79,6.25],[171.94,6.28],[172.13,6.22],[172.21,5.89],[172.15,5.89],[171.99,6.01],[171.8,6.01],[171.69,6.06],[171.74,6.23],[171.79,6.25]],[[157.32,5.87],[157.37,5.81],[157.35,5.75],[157.27,5.73],[157.13,5.77],[157.19,5.85],[157.32,5.87]],[[145.47,5.87],[145.37,5.9],[145.33,5.98],[145.44,6.03],[145.52,6.01],[145.52,5.89],[145.47,5.87]],[[168.04,5.62],[168.04,5.67],[168.09,5.69],[168.15,5.68],[168.18,5.62],[168.1,5.55],[168.04,5.62]],[[153.83,5.58],[153.86,5.53],[153.82,5.51],[153.73,5.26],[153.62,5.27],[153.44,5.41],[153.46,5.54],[153.52,5.6],[153.83,5.58]],[[162.9,5.26],[162.88,5.31],[162.93,5.37],[163.01,5.41],[163.07,5.38],[163.09,5.3],[163.06,5.25],[162.9,5.26]],[[132.25,5.33],[132.23,5.27],[132.19,5.29],[132.21,5.34],[132.25,5.33]],[[125.51,5.33],[125.34,5.35],[125.29,5.41],[125.39,5.49],[125.55,5.51],[125.59,5.41],[125.51,5.33]],[[126.57,5.52],[126.57,5.59],[126.63,5.6],[126.63,5.52],[126.57,5.52]],[[149.08,5.5],[149.05,5.55],[149.13,5.6],[149.28,5.53],[149.19,5.49],[149.08,5.5]],[[127.03,4.82],[127.09,4.84],[127.16,4.78],[127.2,4.68],[127.18,4.59],[127.13,4.59],[127.06,4.64],[127.02,4.73],[127.03,4.82]],[[168.66,4.58],[168.66,4.64],[168.7,4.69],[168.76,4.71],[168.81,4.68],[168.82,4.6],[168.79,4.56],[168.68,4.54],[168.66,4.58]],[[126.8,4.58],[126.9,4.51],[126.95,4.29],[126.87,4.16],[126.82,3.99],[126.9,3.78],[126.85,3.71],[126.77,3.73],[126.69,3.81],[126.6,4.04],[126.68,4.16],[126.68,4.5],[126.72,4.57],[126.8,4.58]],[[154.76,3.74],[154.76,3.81],[154.83,3.8],[154.81,3.75],[154.76,3.74]],[[154.86,3.74],[154.86,3.79],[154.9,3.81],[154.92,3.74],[154.86,3.74]],[[125.77,3.88],[125.82,3.85],[125.84,3.8],[125.65,3.65],[125.77,3.43],[125.74,3.35],[125.64,3.31],[125.69,3.2],[125.67,2.98],[125.6,2.93],[125.5,2.93],[125.45,3.11],[125.45,3.24],[125.6,3.25],[125.6,3.28],[125.48,3.44],[125.48,3.53],[125.39,3.66],[125.39,3.71],[125.61,3.86],[125.77,3.88]],[[173.01,3.4],[173.05,3.39],[173.0,3.11],[172.92,3.08],[172.89,3.03],[172.74,2.99],[172.72,3.04],[172.78,3.07],[172.73,3.08],[172.69,3.14],[172.69,3.26],[172.74,3.29],[172.9,3.28],[172.96,3.39],[173.01,3.4]],[[131.86,3.03],[131.88,2.98],[131.86,2.88],[131.81,2.82],[131.75,2.83],[131.72,2.89],[131.75,2.98],[131.86,3.03]],[[125.43,2.84],[125.49,2.81],[125.51,2.73],[125.49,2.64],[125.43,2.59],[125.36,2.62],[125.33,2.74],[125.36,2.82],[125.43,2.84]],[[131.22,3.03],[131.14,2.99],[131.11,3.05],[131.18,3.09],[131.22,3.03]],[[125.77,4.49],[125.75,4.43],[125.67,4.43],[125.61,4.58],[125.41,4.64],[125.4,4.74],[125.58,4.81],[125.66,4.74],[125.78,4.72],[125.8,4.68],[125.74,4.59],[125.77,4.49]],[[120.02,8.92],[119.99,8.83],[119.92,8.82],[119.92,8.9],[119.97,8.94],[120.02,8.92]],[[123.7,9.29],[123.75,9.15],[123.72,9.1],[123.64,9.07],[123.54,9.08],[123.42,9.15],[123.44,9.25],[123.63,9.32],[123.7,9.29]],[[121.44,9.99],[121.54,9.92],[121.4,9.77],[121.33,9.58],[121.2,9.55],[121.18,9.58],[121.23,9.68],[121.2,9.77],[121.27,9.81],[121.37,9.82],[121.37,9.99],[121.44,9.99]],[[121.71,12.98],[121.76,12.92],[121.72,12.87],[121.65,12.92],[121.66,12.96],[121.71,12.98]],[[122.39,12.47],[122.49,12.54],[122.69,12.53],[122.73,12.5],[122.74,12.34],[122.86,12.31],[122.78,12.21],[122.68,12.15],[122.51,12.33],[122.41,12.39],[122.39,12.47]],[[120.89,12.01],[120.75,11.98],[120.71,12.12],[120.64,12.18],[120.68,12.22],[120.87,12.15],[120.89,12.01]],[[120.66,12.69],[120.68,12.53],[120.41,12.65],[120.44,12.75],[120.66,12.69]],[[117.78,15.25],[117.84,15.17],[117.8,15.12],[117.74,15.12],[117.69,15.19],[117.73,15.24],[117.78,15.25]],[[114.8,16.28],[114.88,16.25],[114.92,16.19],[114.94,16.04],[114.89,15.94],[114.8,15.88],[114.78,15.76],[114.72,15.7],[114.34,15.58],[114.24,15.47],[114.15,15.45],[113.89,15.48],[113.71,15.57],[113.68,15.64],[113.87,15.66],[113.91,15.85],[114.15,16.11],[114.31,16.19],[114.39,16.18],[114.43,16.14],[114.49,16.14],[114.8,16.28]],[[111.25,15.84],[111.23,15.74],[111.15,15.73],[111.16,15.82],[111.25,15.84]],[[112.67,16.13],[112.68,16.07],[112.62,16.02],[112.48,15.98],[112.42,16.01],[112.47,16.09],[112.67,16.13]],[[111.85,16.1],[111.81,16.01],[111.75,16.01],[111.71,16.06],[111.73,16.11],[111.54,16.13],[111.51,16.23],[111.68,16.31],[111.81,16.31],[111.87,16.25],[111.85,16.1]],[[112.02,16.28],[111.93,16.32],[111.94,16.37],[111.99,16.4],[112.08,16.4],[112.12,16.32],[112.02,16.28]],[[111.58,16.38],[111.46,16.4],[111.46,16.47],[111.67,16.66],[111.72,16.65],[111.82,16.56],[111.82,16.46],[111.58,16.38]],[[112.64,16.64],[112.67,16.68],[112.76,16.71],[112.79,16.62],[112.78,16.47],[112.5,16.28],[112.33,16.28],[112.32,16.32],[112.47,16.52],[112.64,16.64]],[[112.34,16.71],[112.25,16.71],[112.17,16.75],[112.21,16.85],[112.15,16.98],[112.17,17.01],[112.33,17.03],[112.41,16.94],[112.43,16.78],[112.34,16.71]],[[111.56,17.03],[111.45,17.04],[111.41,17.09],[111.51,17.14],[111.58,17.14],[111.61,17.08],[111.56,17.03]],[[114.52,16.27],[114.46,16.32],[114.52,16.38],[114.62,16.39],[114.68,16.34],[114.64,16.28],[114.52,16.27]],[[112.99,19.26],[112.9,19.22],[112.86,19.27],[112.91,19.39],[112.99,19.42],[113.04,19.37],[112.99,19.26]],[[116.7,11.77],[116.8,11.94],[116.98,12.0],[117.15,12.01],[117.18,11.95],[117.13,11.86],[117.09,11.85],[116.95,11.88],[116.94,11.82],[117.03,11.79],[117.15,11.83],[117.2,11.89],[117.27,11.88],[117.32,11.85],[117.44,11.6],[117.27,11.55],[117.22,11.48],[117.07,11.4],[117.01,11.21],[117.04,11.06],[117.02,11.0],[116.96,10.92],[116.89,10.9],[116.83,10.82],[116.72,10.79],[116.65,10.8],[116.63,10.85],[116.82,11.16],[116.82,11.22],[116.79,11.26],[116.59,11.18],[116.46,11.0],[116.4,11.02],[116.38,11.1],[116.41,11.35],[116.55,11.53],[116.55,11.69],[116.7,11.77]],[[117.49,11.18],[117.41,11.29],[117.41,11.36],[117.45,11.4],[117.52,11.3],[117.53,11.19],[117.49,11.18]],[[117.35,10.8],[117.34,10.91],[117.43,10.94],[117.38,10.68],[117.24,10.61],[117.11,10.63],[117.11,10.69],[117.16,10.78],[117.27,10.76],[117.35,10.8]],[[117.74,10.7],[117.71,10.76],[117.76,10.84],[117.8,10.88],[117.88,10.87],[117.87,10.78],[117.81,10.78],[117.74,10.7]],[[116.82,10.64],[116.87,10.61],[116.89,10.54],[116.79,10.49],[116.75,10.38],[116.63,10.34],[116.55,10.36],[116.54,10.42],[116.6,10.53],[116.67,10.59],[116.82,10.64]],[[114.59,10.43],[114.75,10.37],[114.7,10.25],[114.34,10.13],[114.28,10.12],[114.2,10.16],[114.31,10.38],[114.41,10.42],[114.59,10.43]],[[113.88,10.14],[113.91,10.07],[113.89,9.97],[113.86,9.95],[113.84,10.02],[113.85,10.12],[113.88,10.14]],[[114.01,9.98],[114.01,10.04],[114.07,10.06],[114.07,10.01],[114.01,9.98]],[[114.35,9.97],[114.35,10.03],[114.41,10.05],[114.5,9.99],[114.66,10.03],[114.7,9.96],[114.66,9.89],[114.42,9.67],[114.29,9.65],[114.23,9.68],[114.22,9.76],[114.35,9.97]],[[115.52,9.88],[115.48,9.94],[115.54,9.99],[115.59,9.97],[115.6,9.91],[115.57,9.88],[115.52,9.88]],[[113.08,9.7],[113.11,9.66],[113.05,9.58],[112.88,9.54],[112.91,9.67],[113.08,9.7]],[[116.25,10.63],[116.2,10.62],[116.15,10.65],[116.15,10.81],[116.25,10.96],[116.36,10.97],[116.4,10.94],[116.41,10.88],[116.29,10.76],[116.25,10.63]],[[114.52,10.67],[114.37,10.65],[114.32,10.75],[114.58,10.93],[114.68,11.1],[114.81,11.15],[114.8,11.07],[114.62,10.92],[114.61,10.74],[114.52,10.67]],[[114.21,10.97],[114.08,10.85],[114.02,10.89],[114.04,10.97],[114.15,11.07],[114.43,11.12],[114.44,11.07],[114.35,10.98],[114.21,10.97]],[[114.98,11.07],[114.99,11.14],[115.04,11.15],[115.04,11.07],[114.98,11.07]],[[114.93,10.94],[114.97,10.94],[114.98,10.9],[114.94,10.86],[114.87,10.83],[114.86,10.87],[114.93,10.94]],[[115.8,10.84],[115.85,10.87],[115.89,10.85],[115.87,10.73],[115.81,10.68],[115.78,10.69],[115.8,10.84]],[[116.33,11.72],[116.29,11.48],[116.24,11.43],[116.2,11.27],[116.13,11.18],[116.06,11.17],[116.03,11.26],[116.07,11.43],[116.25,11.69],[116.33,11.72]],[[114.73,11.55],[114.74,11.5],[114.7,11.39],[114.64,11.33],[114.58,11.33],[114.57,11.4],[114.63,11.51],[114.73,11.55]],[[113.62,8.96],[113.67,9.04],[113.77,9.06],[113.76,8.97],[113.71,8.91],[113.65,8.9],[113.62,8.96]],[[114.03,8.93],[114.08,8.92],[114.17,8.85],[114.31,8.83],[114.32,8.77],[114.28,8.71],[114.2,8.67],[114.1,8.77],[113.99,8.74],[113.92,8.79],[113.88,8.89],[114.03,8.93]],[[111.7,8.69],[111.72,8.65],[111.67,8.58],[111.61,8.6],[111.46,8.5],[111.48,8.58],[111.62,8.67],[111.7,8.69]],[[112.27,8.82],[112.16,8.82],[112.23,8.93],[112.42,8.95],[112.39,8.89],[112.27,8.82]],[[112.54,8.83],[112.51,8.86],[112.53,8.89],[112.69,8.86],[112.67,8.82],[112.54,8.83]],[[115.26,8.33],[115.15,8.37],[115.14,8.44],[115.33,8.4],[115.42,8.43],[115.47,8.4],[115.47,8.36],[115.42,8.32],[115.31,8.29],[115.26,8.33]],[[113.35,8.33],[113.41,8.26],[113.38,8.19],[113.29,8.08],[113.18,8.03],[113.17,8.08],[113.3,8.23],[113.32,8.32],[113.35,8.33]],[[114.52,8.06],[114.49,8.12],[114.6,8.2],[114.79,8.24],[114.86,8.18],[114.86,8.12],[114.8,8.06],[114.65,8.03],[114.52,8.06]],[[113.93,8.05],[114.02,7.97],[114.03,7.91],[114.0,7.87],[113.86,7.98],[113.87,8.04],[113.93,8.05]],[[114.2,7.9],[114.45,7.98],[114.49,7.97],[114.51,7.91],[114.43,7.78],[114.17,7.57],[113.87,7.57],[113.77,7.61],[113.85,7.69],[114.04,7.74],[114.16,7.82],[114.2,7.9]],[[111.61,7.57],[111.53,7.57],[111.51,7.73],[111.56,7.78],[111.61,7.94],[111.72,7.98],[111.8,7.88],[111.79,7.73],[111.74,7.65],[111.68,7.64],[111.61,7.57]],[[109.85,7.61],[109.96,7.57],[109.96,7.49],[109.73,7.47],[109.43,7.31],[109.37,7.33],[109.59,7.61],[109.85,7.61]],[[113.82,7.42],[113.87,7.42],[113.87,7.38],[113.76,7.37],[113.76,7.41],[113.82,7.42]],[[110.26,7.88],[110.26,7.8],[110.21,7.73],[109.94,7.75],[109.87,7.87],[109.92,8.0],[110.06,8.06],[110.11,8.03],[110.16,7.9],[110.26,7.88]],[[110.57,7.93],[110.55,8.0],[110.44,8.12],[110.58,8.2],[110.65,8.15],[110.67,8.04],[110.65,7.96],[110.57,7.93]],[[111.95,8.09],[111.88,8.12],[111.87,8.2],[112.03,8.23],[112.06,8.14],[111.95,8.09]],[[113.58,6.9],[113.56,6.93],[113.58,7.01],[113.65,7.1],[113.67,7.06],[113.61,6.91],[113.58,6.9]],[[125.38,2.3],[125.28,2.35],[125.29,2.42],[125.38,2.44],[125.48,2.39],[125.47,2.31],[125.38,2.3]],[[125.4,2.16],[125.44,2.13],[125.43,2.09],[125.35,2.04],[125.32,2.06],[125.33,2.14],[125.4,2.16]],[[126.36,1.27],[126.32,1.34],[126.38,1.38],[126.43,1.32],[126.4,1.26],[126.36,1.27]],[[173.22,1.98],[173.25,2.09],[173.31,2.12],[173.36,2.08],[173.36,1.98],[173.31,1.94],[173.22,1.98]],[[172.94,1.97],[173.07,1.82],[173.08,1.76],[173.04,1.69],[172.98,1.68],[172.79,1.86],[172.84,1.96],[172.94,1.97]],[[172.92,1.64],[172.98,1.65],[173.09,1.55],[173.2,1.39],[173.19,1.34],[173.01,1.31],[172.89,1.35],[172.85,1.53],[172.92,1.64]],[[131.22,0.99],[131.23,1.07],[131.28,1.1],[131.3,1.05],[131.22,0.99]],[[173.05,1.06],[173.11,1.04],[173.12,0.96],[172.98,0.8],[172.87,0.89],[172.85,0.98],[172.98,1.05],[173.05,1.06]],[[134.34,0.8],[134.37,0.74],[134.3,0.7],[134.28,0.76],[134.34,0.8]],[[129.99,0.75],[130.01,0.59],[129.95,0.51],[129.91,0.55],[129.91,0.67],[129.93,0.74],[129.99,0.75]],[[131.05,0.51],[131.06,0.63],[131.17,0.68],[131.22,0.65],[131.27,0.5],[131.22,0.4],[131.01,0.32],[130.88,0.39],[130.91,0.44],[131.05,0.51]],[[173.79,0.37],[173.77,0.46],[173.86,0.52],[173.96,0.44],[173.99,0.35],[173.92,0.29],[173.79,0.37]],[[173.35,0.35],[173.46,0.23],[173.51,0.25],[173.65,0.24],[173.67,0.19],[173.64,0.12],[173.49,0.13],[173.31,0.21],[173.28,0.3],[173.35,0.35]],[[129.2,0.75],[129.26,0.6],[129.21,0.53],[128.89,0.61],[128.85,0.66],[128.86,0.78],[128.95,0.87],[129.2,0.75]],[[154.8,1.0],[154.85,0.93],[154.83,0.89],[154.69,0.96],[154.71,1.0],[154.8,1.0]]],[[[151.18,-8.44],[151.16,-8.68],[151.23,-8.85],[151.18,-9.02],[151.21,-9.19],[151.11,-9.35],[151.11,-9.64],[150.97,-9.72],[150.98,-9.79],[151.11,-9.91],[151.29,-9.88],[151.33,-9.91],[151.25,-10.26],[151.28,-10.37],[151.44,-10.31],[151.56,-10.42],[151.71,-10.43],[151.84,-10.5],[151.92,-10.6],[151.73,-10.59],[151.69,-10.59],[151.69,-10.63],[151.98,-10.73],[152.05,-10.79],[151.98,-10.86],[151.81,-10.87],[151.72,-10.85],[151.56,-10.72],[151.49,-10.72],[151.35,-10.79],[151.23,-10.76],[151.21,-10.82],[151.27,-10.95],[151.51,-10.99],[151.66,-11.11],[152.03,-11.14],[152.14,-11.18],[152.34,-11.02],[152.53,-10.97],[152.48,-10.89],[152.19,-10.86],[152.16,-10.83],[152.18,-10.78],[152.34,-10.65],[152.4,-10.64],[152.61,-10.83],[153.19,-11.08],[153.55,-11.32],[153.73,-11.22],[154.27,-11.25],[154.46,-11.44],[154.45,-11.49],[154.35,-11.52],[154.4,-11.63],[154.39,-11.67],[154.24,-11.73],[154.06,-11.68],[153.88,-11.78],[153.64,-11.75],[153.44,-11.78],[153.29,-11.73],[153.13,-11.73],[152.53,-11.35],[152.43,-11.32],[152.0,-11.31],[151.88,-11.25],[151.36,-11.24],[151.23,-11.21],[150.84,-11.0],[149.61,-10.63],[149.43,-10.51],[149.26,-10.48],[149.15,-10.37],[149.06,-10.37],[148.92,-10.43],[148.76,-10.39],[148.61,-10.39],[148.41,-10.31],[148.24,-10.31],[147.99,-10.24],[147.74,-10.12],[147.54,-10.09],[147.44,-10.0],[147.37,-9.76],[147.31,-9.69],[147.2,-9.62],[147.13,-9.61],[147.02,-9.5],[146.89,-9.48],[146.88,-9.44],[146.79,-9.38],[146.8,-9.2],[146.67,-9.23],[146.62,-9.21],[146.58,-9.07],[146.34,-8.86],[146.29,-8.75],[146.2,-8.67],[146.14,-8.47],[146.06,-8.42],[145.91,-8.39],[145.74,-8.42],[145.58,-8.49],[145.47,-8.64],[145.23,-8.82],[145.18,-9.14],[145.02,-9.23],[144.9,-9.36],[144.91,-9.45],[144.97,-9.55],[144.87,-9.64],[144.88,-9.78],[144.82,-9.81],[144.71,-9.74],[144.38,-9.83],[144.17,-9.98],[144.03,-10.23],[144.01,-10.42],[144.08,-10.56],[144.05,-10.67],[144.15,-11.18],[144.08,-11.36],[144.13,-11.49],[144.08,-11.61],[144.15,-11.75],[144.02,-12.05],[144.01,-12.23],[143.89,-12.43],[143.91,-12.67],[143.87,-12.87],[143.9,-13.01],[144.01,-13.07],[144.01,-13.25],[144.05,-13.36],[144.21,-13.62],[144.45,-13.91],[144.55,-13.92],[144.65,-13.89],[144.8,-13.98],[144.91,-14.17],[145.21,-14.25],[145.52,-14.43],[145.74,-14.69],[145.77,-14.78],[145.78,-15.21],[145.85,-15.45],[145.87,-15.9],[145.92,-16.09],[146.18,-16.49],[146.38,-16.75],[146.48,-16.82],[146.59,-17.07],[146.72,-17.23],[146.74,-17.47],[146.82,-17.6],[146.83,-17.74],[147.14,-18.13],[147.36,-18.19],[147.49,-18.33],[147.68,-18.35],[147.87,-18.47],[147.97,-18.62],[148.08,-18.66],[148.24,-18.78],[148.78,-18.93],[149.06,-19.09],[149.43,-19.19],[149.58,-19.36],[149.74,-19.39],[149.81,-19.24],[149.87,-19.21],[150.08,-19.29],[150.07,-19.34],[149.96,-19.39],[149.97,-19.46],[150.6,-19.81],[150.65,-19.91],[150.7,-19.94],[150.7,-19.99],[150.89,-20.13],[151.06,-20.35],[151.24,-20.37],[151.33,-20.51],[151.59,-20.61],[151.61,-20.59],[151.61,-20.54],[151.45,-20.3],[151.45,-20.24],[151.49,-20.21],[151.64,-20.25],[151.7,-20.37],[151.73,-20.52],[151.93,-20.31],[152.0,-20.3],[152.15,-20.54],[152.2,-20.56],[152.29,-20.55],[152.31,-20.63],[152.41,-20.73],[152.42,-20.84],[152.79,-21.01],[152.93,-20.97],[153.01,-20.89],[153.05,-20.9],[153.1,-21.0],[153.09,-21.11],[153.05,-21.17],[152.97,-21.12],[152.87,-21.17],[152.77,-21.59],[152.84,-21.64],[152.92,-21.55],[152.97,-21.56],[153.0,-21.66],[152.89,-21.81],[152.96,-21.98],[153.06,-22.08],[153.19,-21.98],[153.26,-21.98],[153.27,-22.01],[153.25,-22.07],[153.39,-22.24],[153.29,-22.57],[153.22,-22.65],[153.25,-22.77],[153.08,-22.91],[153.09,-23.14],[153.01,-23.17],[152.93,-23.12],[152.84,-22.84],[152.79,-22.82],[152.47,-23.04],[152.21,-23.32],[152.49,-23.76],[152.58,-23.85],[152.64,-23.87],[153.01,-24.16],[153.03,-24.21],[153.08,-24.21],[153.36,-24.42],[153.41,-24.54],[153.51,-24.62],[153.53,-24.74],[153.68,-25.05],[153.9,-26.1],[153.87,-26.42],[153.75,-26.54],[153.66,-26.74],[153.73,-27.21],[153.8,-27.33],[153.89,-28.1],[153.87,-28.24],[153.92,-28.41],[153.83,-29.29],[153.16,-31.59],[153.16,-31.71],[153.21,-31.85],[153.1,-31.97],[153.08,-32.13],[152.65,-32.87],[151.54,-34.0],[151.54,-34.07],[151.46,-34.15],[151.38,-34.36],[151.26,-34.47],[151.23,-34.58],[151.18,-34.63],[151.21,-34.72],[151.12,-34.86],[151.09,-35.06],[150.44,-36.06],[150.33,-36.37],[150.34,-36.82],[150.32,-36.88],[150.36,-37.32],[150.34,-37.4],[150.27,-37.48],[150.22,-37.82],[150.08,-37.89],[149.86,-38.13],[149.6,-38.15],[149.43,-38.11],[149.17,-38.25],[149.02,-38.23],[148.79,-38.32],[148.64,-38.3],[148.47,-38.39],[148.45,-38.62],[148.35,-38.83],[148.5,-38.87],[148.8,-39.5],[148.78,-39.85],[148.88,-40.06],[148.9,-40.26],[148.88,-40.49],[148.8,-40.63],[148.81,-40.75],[148.76,-40.79],[148.81,-40.94],[148.66,-41.18],[148.61,-42.23],[148.54,-42.47],[148.4,-42.71],[148.34,-42.95],[148.23,-43.12],[148.18,-43.39],[147.98,-43.52],[147.87,-43.75],[147.7,-43.92],[147.57,-43.96],[147.47,-44.03],[147.33,-44.04],[152.67,-68.34],[153.27,-68.27],[153.49,-68.32],[153.81,-68.23],[154.16,-68.3],[154.35,-68.2],[154.61,-68.3],[154.68,-68.45],[155.55,-68.89],[156.11,-68.94],[156.27,-68.9],[156.29,-68.8],[156.37,-68.73],[156.36,-68.67],[155.75,-68.46],[155.7,-68.42],[155.72,-68.36],[155.89,-68.3],[156.2,-68.32],[156.63,-68.27],[156.85,-68.35],[157.61,-68.35],[157.87,-68.29],[157.94,-68.33],[158.0,-68.47],[158.13,-68.56],[158.11,-68.66],[157.69,-68.77],[157.05,-68.8],[156.99,-68.84],[156.97,-68.9],[156.99,-68.94],[157.18,-69.07],[157.36,-69.07],[157.47,-69.11],[157.64,-69.09],[158.02,-69.13],[158.69,-69.27],[159.04,-69.28],[159.33,-69.35],[159.92,-69.35],[160.09,-69.43],[160.34,-69.42],[160.4,-69.47],[160.33,-69.52],[160.31,-69.56],[160.35,-69.61],[160.59,-69.64],[160.85,-69.63],[160.88,-69.7],[160.71,-69.76],[160.69,-69.89],[161.02,-70.15],[161.13,-70.19],[161.57,-70.14],[161.78,-70.24],[161.86,-70.19],[161.95,-70.24],[162.03,-70.21],[162.12,-70.14],[162.15,-70.05],[161.97,-69.91],[161.96,-69.83],[162.09,-69.79],[162.2,-69.7],[162.53,-69.74],[162.51,-69.85],[162.56,-69.89],[163.28,-69.79],[163.41,-69.81],[163.66,-69.95],[163.9,-69.87],[163.98,-69.88],[164.0,-69.92],[163.96,-69.96],[163.47,-70.07],[163.23,-70.03],[162.94,-70.15],[162.97,-70.25],[163.19,-70.49],[163.45,-70.55],[163.54,-70.55],[163.68,-70.48],[164.0,-70.45],[163.95,-70.31],[163.88,-70.3],[163.86,-70.23],[163.86,-70.19],[163.91,-70.15],[164.89,-70.07],[165.1,-70.15],[165.48,-70.12],[166.01,-70.24],[166.19,-70.22],[166.44,-70.3],[166.44,-70.33],[166.36,-70.44],[166.41,-70.5],[166.78,-70.46],[166.95,-70.58],[167.07,-70.58],[167.24,-70.67],[167.67,-70.67],[167.93,-70.84],[168.04,-71.01],[168.27,-71.12],[168.69,-71.11],[169.01,-71.3],[169.18,-71.3],[169.61,-71.47],[169.83,-71.47],[170.13,-71.6],[170.17,-71.57],[170.1,-71.46],[170.11,-71.27],[170.24,-71.2],[170.36,-71.31],[170.77,-71.47],[170.79,-71.52],[170.72,-71.54],[170.74,-71.6],[171.05,-71.85],[171.2,-71.83],[171.28,-71.87],[171.27,-71.97],[171.16,-72.03],[171.07,-72.04],[171.0,-71.95],[170.93,-71.95],[170.72,-72.03],[170.3,-72.04],[170.21,-72.07],[170.07,-72.19],[170.04,-72.27],[170.41,-72.31],[170.41,-72.47],[170.32,-72.63],[170.2,-72.72],[169.92,-72.85],[169.68,-73.1],[169.37,-73.17],[169.24,-73.39],[169.13,-73.47],[168.88,-73.52],[168.73,-73.51],[168.4,-73.6],[168.01,-73.55],[167.47,-73.74],[167.08,-73.71],[166.9,-73.76],[166.73,-73.76],[166.26,-73.82],[166.21,-73.87],[166.22,-73.94],[166.39,-73.98],[166.42,-74.03],[166.4,-74.08],[166.3,-74.12],[165.9,-74.12],[165.65,-74.06],[165.3,-74.11],[165.23,-74.16],[165.23,-74.22],[165.65,-74.49],[165.65,-74.54],[165.58,-74.61],[165.41,-74.68],[164.91,-74.64],[164.72,-74.66],[164.55,-74.75],[164.29,-74.75],[163.83,-74.97],[163.7,-75.11],[163.51,-75.2],[163.88,-75.28],[165.27,-75.33],[165.53,-75.47],[165.62,-75.42],[165.71,-75.45],[165.77,-75.54],[165.67,-75.62],[165.32,-75.64],[165.1,-75.59],[163.64,-75.55],[163.49,-75.5],[163.25,-75.49],[163.06,-75.52],[163.04,-75.59],[162.97,-75.64],[163.03,-75.79],[162.97,-75.85],[163.07,-75.97],[162.86,-76.01],[162.85,-76.08],[163.04,-76.1],[163.09,-76.24],[163.53,-76.27],[163.61,-76.31],[163.64,-76.36],[163.54,-76.6],[163.18,-76.63],[162.97,-76.87],[162.8,-76.89],[162.77,-76.94],[163.33,-76.99],[163.47,-77.18],[163.66,-77.3],[163.71,-77.37],[163.89,-77.39],[163.95,-77.44],[163.96,-77.53],[163.82,-77.58],[163.79,-77.62],[163.81,-77.66],[163.87,-77.66],[164.12,-77.51],[164.21,-77.54],[164.31,-77.42],[164.43,-77.42],[164.5,-77.37],[164.56,-77.37],[164.69,-77.42],[164.57,-77.73],[164.7,-77.89],[164.93,-77.85],[165.29,-77.89],[165.84,-77.82],[166.48,-77.89],[166.66,-77.75],[166.5,-77.75],[166.44,-77.74],[166.43,-77.7],[166.32,-77.7],[166.14,-77.58],[166.12,-77.52],[166.14,-77.48],[166.33,-77.47],[166.42,-77.41],[166.44,-77.34],[166.35,-77.32],[166.28,-77.24],[166.57,-77.13],[166.95,-77.12],[167.09,-77.17],[167.37,-77.35],[168.18,-77.33],[169.2,-77.39],[169.34,-77.46],[169.93,-77.49],[170.01,-77.48],[170.17,-77.3],[170.24,-77.27],[170.41,-77.11],[171.05,-77.1],[171.25,-77.07],[171.29,-77.1],[171.41,-77.33],[171.6,-77.5],[176.05,-77.64],[176.23,-77.7],[180.0,-77.87],[180.0,-18.71],[179.86,-18.7],[179.79,-18.59],[179.83,-18.51],[180.0,-18.48],[180.0,-16.99],[179.9,-17.02],[179.86,-16.96],[179.91,-16.87],[179.71,-16.82],[179.61,-16.85],[179.15,-16.9],[179.12,-16.98],[179.17,-17.11],[179.14,-17.18],[179.0,-17.08],[178.87,-17.12],[178.81,-17.19],[178.81,-17.26],[179.0,-17.42],[179.13,-17.61],[179.12,-17.71],[179.06,-17.73],[178.95,-17.66],[178.73,-18.15],[178.57,-18.23],[178.4,-18.19],[178.35,-18.21],[178.2,-18.29],[178.19,-18.38],[178.23,-18.37],[178.23,-18.42],[178.0,-18.54],[177.94,-18.5],[177.93,-18.42],[177.96,-18.36],[177.92,-18.32],[177.46,-18.22],[177.27,-18.14],[177.17,-17.9],[177.03,-17.75],[176.94,-17.61],[176.89,-17.47],[176.91,-17.31],[176.83,-17.15],[176.85,-17.11],[177.01,-17.04],[177.02,-16.98],[177.22,-16.91],[177.23,-16.79],[177.34,-16.72],[177.41,-16.63],[177.56,-16.6],[177.63,-16.55],[177.73,-16.6],[177.8,-16.53],[178.21,-16.46],[178.45,-16.27],[178.93,-16.27],[179.09,-16.13],[179.16,-16.18],[179.31,-16.21],[179.55,-16.1],[179.88,-16.12],[180.0,-16.09],[180.0,-15.79],[179.96,-15.73],[180.0,-15.69],[180.0,-11.8],[179.98,-11.76],[180.0,-11.5],[180.0,-0.0],[131.11,-0.0],[131.41,-0.2],[131.45,-0.28],[131.26,-0.43],[131.0,-0.45],[130.79,-0.58],[130.83,-0.66],[131.0,-0.71],[131.12,-0.79],[131.23,-0.79],[131.79,-0.64],[131.92,-0.57],[132.06,-0.49],[132.22,-0.3],[132.78,-0.33],[132.86,-0.4],[133.25,-0.52],[133.4,-0.68],[133.49,-0.7],[134.0,-0.69],[134.2,-0.85],[134.12,-1.01],[134.14,-1.11],[134.4,-1.33],[134.38,-1.39],[134.31,-1.41],[134.27,-1.53],[134.19,-1.64],[134.23,-1.69],[134.38,-1.7],[134.45,-1.76],[134.45,-1.85],[134.37,-1.86],[134.49,-2.03],[134.49,-2.14],[134.62,-2.11],[134.7,-1.8],[134.76,-1.77],[134.82,-1.8],[135.04,-2.12],[135.26,-2.05],[135.37,-2.13],[135.37,-2.23],[135.24,-2.27],[135.17,-2.33],[135.13,-2.5],[135.01,-2.66],[135.06,-2.96],[135.15,-3.07],[135.19,-3.29],[135.33,-3.25],[135.39,-3.29],[135.51,-3.21],[135.54,-3.13],[135.51,-3.04],[135.6,-2.95],[135.57,-2.83],[135.62,-2.77],[135.69,-2.74],[135.9,-2.76],[135.97,-2.71],[135.99,-2.63],[135.87,-2.54],[135.9,-2.39],[136.01,-2.2],[136.18,-2.23],[136.27,-2.18],[136.3,-2.12],[136.28,-2.03],[136.23,-1.98],[136.0,-1.93],[135.98,-2.08],[135.92,-2.01],[135.74,-1.95],[135.6,-1.79],[135.44,-1.7],[135.33,-1.56],[135.15,-1.58],[135.03,-1.51],[134.89,-1.53],[134.69,-1.41],[134.48,-1.42],[134.45,-1.38],[134.47,-1.34],[134.57,-1.3],[134.98,-1.36],[135.06,-1.34],[135.14,-1.38],[135.56,-1.43],[135.72,-1.5],[135.87,-1.48],[135.89,-1.53],[135.97,-1.53],[136.04,-1.6],[136.17,-1.58],[136.41,-1.65],[136.52,-1.63],[136.61,-1.68],[136.74,-1.63],[136.76,-1.55],[136.85,-1.45],[136.77,-1.4],[136.7,-1.48],[136.59,-1.39],[136.49,-1.43],[136.19,-1.36],[136.1,-1.25],[136.04,-1.21],[135.9,-1.25],[135.85,-1.23],[135.69,-0.97],[135.6,-0.97],[135.51,-1.01],[135.43,-0.98],[135.36,-0.85],[135.2,-0.75],[135.15,-0.68],[135.17,-0.59],[135.14,-0.47],[135.25,-0.34],[135.33,-0.3],[135.39,-0.35],[135.34,-0.48],[135.38,-0.54],[135.69,-0.66],[135.97,-0.68],[136.21,-0.93],[136.4,-1.04],[136.41,-1.12],[136.63,-1.11],[136.75,-1.16],[136.96,-1.33],[137.17,-1.29],[137.38,-1.34],[137.57,-1.27],[137.69,-1.29],[137.77,-1.26],[138.03,-1.41],[138.22,-1.41],[138.58,-1.55],[138.74,-1.5],[138.87,-1.66],[138.82,-1.8],[138.86,-1.86],[139.19,-1.89],[139.34,-2.03],[139.49,-2.06],[139.59,-2.2],[139.8,-2.32],[140.16,-2.29],[140.33,-2.37],[140.81,-2.47],[140.92,-2.55],[141.2,-2.59],[141.66,-2.8],[141.77,-2.8],[141.88,-2.89],[142.18,-2.9],[142.31,-3.07],[142.45,-3.07],[142.53,-3.16],[142.66,-3.16],[142.82,-3.26],[143.03,-3.33],[143.19,-3.28],[143.17,-3.23],[143.22,-3.17],[143.33,-3.17],[143.38,-3.24],[143.27,-3.29],[143.28,-3.36],[143.39,-3.38],[143.47,-3.28],[143.55,-3.28],[143.65,-3.34],[143.65,-3.44],[143.7,-3.51],[144.0,-3.71],[144.06,-3.7],[144.17,-3.59],[144.25,-3.64],[144.49,-3.7],[144.54,-3.74],[144.62,-3.92],[144.83,-4.0],[145.06,-4.3],[145.2,-4.34],[145.31,-4.32],[145.41,-4.38],[145.41,-4.42],[145.54,-4.52],[145.84,-4.85],[145.87,-5.18],[145.81,-5.37],[145.83,-5.43],[146.09,-5.47],[146.24,-5.54],[146.35,-5.52],[146.46,-5.55],[146.57,-5.61],[146.64,-5.7],[146.75,-5.72],[146.82,-5.81],[146.91,-5.78],[147.05,-5.87],[147.11,-5.87],[147.14,-5.92],[147.38,-5.88],[147.64,-6.07],[147.75,-6.25],[147.87,-6.3],[147.92,-6.41],[147.88,-6.53],[147.91,-6.72],[147.89,-6.75],[147.41,-6.79],[147.09,-6.74],[147.04,-6.79],[147.05,-6.88],[147.15,-6.98],[147.17,-7.15],[147.25,-7.31],[147.37,-7.37],[147.51,-7.51],[147.84,-7.74],[147.89,-7.87],[148.1,-7.9],[148.25,-8.06],[148.42,-8.01],[148.49,-8.05],[148.64,-8.23],[148.96,-8.37],[149.16,-8.23],[149.22,-8.22],[149.67,-8.32],[149.79,-8.3],[149.97,-8.36],[150.05,-8.32],[150.1,-8.25],[150.22,-8.3],[150.34,-8.25],[150.83,-8.28],[150.92,-8.31],[151.0,-8.4],[151.11,-8.37],[151.18,-8.44]],[[151.69,-8.98],[151.66,-8.95],[151.71,-8.9],[151.67,-8.73],[151.75,-8.67],[151.85,-8.75],[152.0,-8.78],[152.06,-9.01],[152.04,-9.06],[151.98,-9.07],[151.88,-8.9],[151.79,-8.87],[151.75,-8.9],[151.74,-8.99],[151.69,-8.98]],[[157.28,-8.73],[157.28,-8.69],[157.17,-8.57],[157.25,-8.43],[157.24,-8.4],[157.08,-8.34],[156.92,-8.18],[156.8,-8.16],[156.73,-8.08],[156.65,-8.14],[156.62,-8.22],[156.55,-8.21],[156.46,-7.96],[156.46,-7.82],[156.41,-7.71],[156.47,-7.65],[156.49,-7.56],[156.62,-7.52],[156.7,-7.61],[156.76,-7.61],[156.84,-7.73],[156.78,-7.86],[156.78,-7.92],[156.87,-8.03],[156.9,-8.03],[156.9,-7.93],[156.94,-7.85],[157.09,-7.8],[157.15,-7.81],[157.23,-7.9],[157.23,-8.13],[157.45,-7.94],[157.51,-7.93],[157.62,-7.98],[157.69,-8.13],[157.83,-8.22],[157.94,-8.39],[158.19,-8.49],[158.21,-8.61],[158.31,-8.79],[158.2,-8.87],[158.03,-8.79],[157.98,-8.82],[157.92,-8.79],[157.83,-8.88],[157.74,-8.85],[157.72,-8.81],[157.78,-8.78],[157.77,-8.64],[157.69,-8.54],[157.58,-8.49],[157.51,-8.36],[157.45,-8.32],[157.42,-8.36],[157.45,-8.51],[157.4,-8.61],[157.43,-8.64],[157.54,-8.65],[157.63,-8.69],[157.68,-8.75],[157.68,-8.83],[157.62,-8.85],[157.48,-8.81],[157.41,-8.76],[157.37,-8.78],[157.28,-8.73]],[[157.66,-7.58],[157.51,-7.49],[157.42,-7.49],[157.41,-7.45],[156.96,-7.33],[156.87,-7.22],[156.82,-7.22],[156.72,-7.12],[156.53,-7.07],[156.51,-7.0],[156.46,-7.0],[156.46,-6.95],[156.38,-6.89],[156.23,-6.99],[155.78,-7.17],[155.69,-7.14],[155.55,-7.0],[155.34,-6.94],[155.31,-6.79],[155.26,-6.78],[155.14,-6.88],[155.08,-6.87],[155.06,-6.8],[154.81,-6.55],[154.76,-6.28],[154.6,-6.18],[154.52,-6.04],[154.66,-5.86],[154.57,-5.73],[154.59,-5.59],[154.48,-5.2],[154.54,-5.05],[154.61,-4.99],[154.68,-5.0],[154.8,-5.42],[154.9,-5.49],[155.09,-5.53],[155.22,-5.78],[155.43,-5.92],[155.6,-6.09],[155.72,-6.11],[155.79,-6.21],[155.88,-6.25],[156.03,-6.4],[156.11,-6.55],[156.2,-6.59],[156.25,-6.73],[156.32,-6.71],[156.42,-6.58],[156.49,-6.55],[156.68,-6.59],[156.85,-6.76],[157.09,-6.86],[157.26,-7.0],[157.33,-7.15],[157.76,-7.24],[158.14,-7.27],[158.33,-7.34],[158.47,-7.45],[158.64,-7.43],[158.76,-7.48],[159.0,-7.73],[159.5,-7.94],[159.7,-7.91],[159.77,-7.96],[159.89,-7.96],[160.06,-8.13],[160.39,-8.25],[160.4,-8.28],[160.35,-8.32],[160.02,-8.31],[159.95,-8.34],[160.04,-8.51],[160.08,-8.72],[160.2,-8.92],[160.41,-9.03],[160.51,-9.19],[160.5,-9.26],[160.4,-9.29],[160.42,-9.38],[160.52,-9.46],[160.66,-9.5],[160.7,-9.65],[160.97,-9.79],[161.0,-9.86],[160.61,-9.97],[160.47,-9.95],[160.31,-9.84],[159.98,-9.85],[159.82,-9.82],[159.7,-9.73],[159.57,-9.53],[159.51,-9.39],[159.54,-9.28],[159.61,-9.22],[159.71,-9.22],[159.96,-9.4],[160.18,-9.34],[160.21,-9.27],[159.97,-9.02],[159.94,-8.95],[159.75,-8.8],[159.7,-8.71],[159.51,-8.54],[159.46,-8.39],[159.37,-8.37],[159.17,-8.25],[159.03,-8.11],[158.83,-8.0],[158.81,-7.95],[158.72,-7.91],[158.67,-7.84],[158.47,-7.71],[158.36,-7.67],[158.02,-7.65],[157.85,-7.58],[157.66,-7.58]],[[156.85,-7.39],[156.92,-7.43],[156.91,-7.47],[156.78,-7.45],[156.76,-7.41],[156.7,-7.43],[156.69,-7.4],[156.71,-7.38],[156.66,-7.36],[156.6,-7.29],[156.55,-7.32],[156.55,-7.27],[156.62,-7.22],[156.68,-7.29],[156.72,-7.3],[156.77,-7.39],[156.85,-7.39]],[[155.65,-7.37],[155.57,-7.42],[155.48,-7.38],[155.54,-7.29],[155.6,-7.3],[155.65,-7.37]],[[147.96,-6.7],[147.98,-6.79],[147.92,-6.84],[147.9,-6.8],[147.96,-6.7]],[[150.34,-6.33],[149.63,-6.34],[149.46,-6.15],[149.39,-6.11],[149.06,-6.19],[148.59,-6.2],[148.47,-6.11],[148.32,-6.09],[148.06,-5.92],[147.89,-5.92],[147.82,-5.78],[147.66,-5.7],[147.65,-5.59],[147.75,-5.41],[148.05,-5.51],[148.13,-5.59],[148.18,-5.61],[148.3,-5.56],[148.36,-5.41],[148.4,-5.39],[148.61,-5.39],[148.86,-5.48],[149.05,-5.39],[149.22,-5.47],[149.44,-5.41],[149.57,-5.32],[149.78,-5.37],[149.84,-5.32],[149.86,-5.25],[149.98,-5.18],[149.98,-5.08],[150.07,-4.96],[150.24,-5.03],[150.37,-5.13],[150.37,-5.18],[150.51,-5.18],[150.61,-5.39],[150.88,-5.33],[151.0,-5.22],[151.11,-5.01],[151.08,-4.96],[150.92,-4.94],[150.96,-4.84],[151.06,-4.82],[151.16,-4.87],[151.4,-4.77],[151.49,-4.81],[151.58,-4.73],[151.59,-4.58],[151.49,-4.43],[151.42,-4.21],[151.42,-4.12],[151.47,-4.08],[151.55,-4.05],[151.78,-4.13],[151.98,-4.1],[152.08,-4.06],[152.24,-4.15],[152.27,-4.23],[152.26,-4.29],[152.32,-4.31],[152.37,-4.27],[152.4,-4.11],[152.49,-4.1],[152.53,-4.18],[152.44,-4.33],[152.39,-4.5],[152.44,-4.64],[152.41,-4.81],[152.26,-5.0],[152.13,-5.03],[152.03,-5.11],[152.02,-5.15],[152.1,-5.22],[152.18,-5.34],[152.12,-5.48],[151.84,-5.62],[151.71,-5.59],[151.16,-6.02],[151.07,-6.06],[150.86,-6.08],[150.8,-6.15],[150.65,-6.18],[150.47,-6.3],[150.34,-6.33]],[[147.19,-5.49],[147.09,-5.47],[146.98,-5.32],[147.0,-5.22],[147.11,-5.16],[147.26,-5.26],[147.28,-5.34],[147.25,-5.43],[147.19,-5.49]],[[147.55,-5.36],[147.54,-5.25],[147.62,-5.24],[147.69,-5.3],[147.61,-5.39],[147.55,-5.36]],[[148.05,-5.39],[148.1,-5.35],[148.14,-5.37],[148.17,-5.47],[148.12,-5.49],[148.08,-5.48],[148.05,-5.39]],[[149.17,-4.83],[149.21,-4.89],[149.15,-4.95],[149.11,-4.93],[149.09,-4.87],[149.17,-4.83]],[[146.29,-4.84],[146.25,-4.88],[146.2,-4.87],[146.17,-4.75],[146.23,-4.73],[146.3,-4.75],[146.33,-4.81],[146.29,-4.84]],[[146.06,-4.73],[145.93,-4.79],[145.85,-4.72],[145.87,-4.6],[145.96,-4.5],[146.03,-4.5],[146.09,-4.56],[146.11,-4.66],[146.06,-4.73]],[[148.76,-4.59],[148.75,-4.51],[148.83,-4.49],[148.85,-4.57],[148.76,-4.59]],[[149.02,-4.59],[149.07,-4.53],[149.17,-4.52],[149.53,-4.62],[149.58,-4.65],[149.6,-4.71],[149.57,-4.75],[149.47,-4.74],[149.31,-4.7],[149.19,-4.6],[149.02,-4.59]],[[145.14,-4.06],[145.1,-4.15],[145.03,-4.15],[145.0,-4.11],[145.01,-4.03],[145.09,-4.02],[145.14,-4.06]],[[152.58,-4.04],[152.37,-3.78],[152.26,-3.59],[151.93,-3.47],[151.79,-3.38],[151.6,-3.19],[151.46,-3.14],[151.08,-2.86],[150.93,-2.8],[150.73,-2.8],[150.48,-2.68],[150.37,-2.71],[150.17,-2.71],[149.93,-2.49],[149.93,-2.42],[150.09,-2.38],[150.18,-2.27],[150.26,-2.24],[150.52,-2.4],[150.65,-2.54],[150.85,-2.51],[150.9,-2.58],[151.07,-2.66],[151.32,-2.85],[151.45,-2.88],[151.71,-3.04],[151.81,-3.14],[151.91,-3.14],[152.07,-3.22],[152.33,-3.46],[152.41,-3.57],[152.57,-3.64],[152.65,-3.78],[152.74,-3.83],[152.84,-3.85],[152.94,-3.96],[153.0,-3.98],[153.16,-4.26],[153.17,-4.38],[153.08,-4.48],[153.1,-4.62],[152.9,-4.88],[152.74,-4.72],[152.66,-4.56],[152.64,-4.45],[152.66,-4.19],[152.58,-4.04]],[[144.63,-3.54],[144.57,-3.54],[144.57,-3.48],[144.64,-3.48],[144.63,-3.54]],[[147.81,-3.45],[147.77,-3.46],[147.74,-3.42],[147.77,-3.35],[147.85,-3.4],[147.81,-3.45]],[[144.41,-3.35],[144.41,-3.4],[144.38,-3.42],[144.23,-3.4],[144.15,-3.29],[144.0,-3.28],[143.96,-3.23],[144.02,-3.17],[144.15,-3.16],[144.26,-3.35],[144.33,-3.37],[144.41,-3.35]],[[147.98,-3.35],[148.0,-3.3],[147.97,-3.24],[148.01,-3.22],[148.05,-3.27],[148.06,-3.34],[148.02,-3.38],[147.98,-3.35]],[[150.75,-3.05],[150.69,-3.03],[150.7,-2.97],[150.88,-2.87],[150.98,-2.9],[151.05,-2.96],[151.01,-3.03],[150.88,-3.01],[150.75,-3.05]],[[147.1,-2.92],[147.07,-2.95],[147.03,-2.92],[147.04,-2.84],[147.14,-2.85],[147.13,-2.89],[147.08,-2.89],[147.1,-2.92]],[[149.66,-2.64],[149.63,-2.69],[149.6,-2.63],[149.68,-2.56],[149.75,-2.55],[149.79,-2.6],[149.77,-2.64],[149.72,-2.61],[149.66,-2.64]],[[147.35,-2.55],[147.23,-2.6],[147.17,-2.51],[147.02,-2.47],[147.0,-2.41],[147.06,-2.35],[147.18,-2.48],[147.22,-2.49],[147.27,-2.46],[147.34,-2.32],[147.46,-2.35],[147.6,-2.31],[147.57,-2.39],[147.35,-2.55]],[[146.87,-2.41],[146.82,-2.4],[146.78,-2.26],[146.73,-2.23],[146.66,-2.29],[146.53,-2.29],[146.48,-2.42],[146.36,-2.35],[146.25,-2.37],[146.14,-2.2],[146.17,-2.12],[146.29,-2.03],[146.38,-2.06],[146.55,-1.87],[146.61,-1.84],[146.77,-1.89],[146.88,-1.85],[147.23,-1.9],[147.24,-1.94],[147.35,-1.96],[147.4,-1.93],[147.47,-1.97],[147.45,-2.08],[147.3,-2.12],[147.28,-2.29],[147.23,-2.31],[147.15,-2.25],[147.05,-2.3],[146.98,-2.27],[146.92,-2.38],[146.87,-2.41]],[[144.22,-1.86],[144.16,-1.88],[144.1,-1.87],[144.01,-1.67],[144.04,-1.59],[144.07,-1.59],[144.15,-1.69],[144.27,-1.74],[144.22,-1.86]],[[142.88,-1.67],[142.9,-1.68],[142.89,-1.72],[142.8,-1.76],[142.8,-1.7],[142.88,-1.67]],[[145.03,-1.64],[144.97,-1.6],[144.96,-1.5],[145.06,-1.4],[145.12,-1.4],[145.19,-1.45],[145.19,-1.55],[145.12,-1.62],[145.03,-1.64]],[[144.14,-1.46],[144.06,-1.44],[144.1,-1.34],[144.15,-1.25],[144.34,-1.11],[144.36,-1.05],[144.42,-1.04],[144.49,-1.08],[144.53,-1.04],[144.57,-1.07],[144.57,-1.14],[144.48,-1.18],[144.39,-1.35],[144.14,-1.46]],[[174.64,-1.18],[174.65,-1.1],[174.75,-1.11],[174.89,-1.34],[175.08,-1.42],[175.12,-1.5],[175.11,-1.55],[175.04,-1.58],[174.86,-1.55],[174.64,-1.18]],[[175.97,-1.4],[175.96,-1.34],[175.91,-1.3],[175.95,-1.25],[176.0,-1.27],[176.05,-1.35],[176.03,-1.41],[175.97,-1.4]],[[176.37,-1.31],[176.41,-1.29],[176.45,-1.33],[176.48,-1.46],[176.43,-1.45],[176.37,-1.31]],[[149.85,-1.59],[149.89,-1.63],[150.0,-1.59],[150.06,-1.71],[150.01,-1.73],[149.86,-1.72],[149.8,-1.65],[149.71,-1.64],[149.73,-1.68],[149.71,-1.7],[149.58,-1.71],[149.57,-1.66],[149.65,-1.64],[149.58,-1.6],[149.52,-1.49],[149.5,-1.41],[149.53,-1.33],[149.6,-1.31],[149.73,-1.36],[149.85,-1.59]],[[153.33,-1.63],[153.52,-1.59],[153.64,-1.68],[153.74,-1.88],[153.72,-1.98],[153.67,-2.05],[153.6,-2.08],[153.34,-2.11],[153.32,-1.96],[153.11,-1.82],[153.1,-1.75],[153.33,-1.63]],[[175.58,-1.99],[175.52,-1.91],[175.47,-1.8],[175.49,-1.78],[175.57,-1.79],[175.62,-1.86],[175.64,-1.96],[175.58,-1.99]],[[147.79,-2.01],[147.94,-2.29],[147.92,-2.35],[147.72,-2.42],[147.7,-2.39],[147.72,-2.29],[147.61,-2.17],[147.55,-2.05],[147.58,-2.01],[147.69,-2.03],[147.79,-2.01]],[[175.95,-2.49],[176.0,-2.48],[176.02,-2.52],[175.98,-2.53],[175.95,-2.49]],[[151.9,-2.57],[151.98,-2.56],[152.06,-2.62],[152.05,-2.78],[152.12,-2.95],[152.09,-3.02],[151.99,-3.0],[151.91,-2.89],[151.86,-2.68],[151.9,-2.57]],[[176.83,-2.69],[176.75,-2.63],[176.76,-2.58],[176.86,-2.62],[176.88,-2.66],[176.83,-2.69]],[[152.54,-3.03],[152.65,-2.97],[152.75,-2.98],[152.71,-3.03],[152.66,-3.25],[152.54,-3.17],[152.51,-3.09],[152.54,-3.03]],[[154.48,-3.11],[154.53,-3.11],[154.75,-3.25],[154.78,-3.4],[154.83,-3.41],[154.86,-3.49],[154.84,-3.55],[154.79,-3.54],[154.77,-3.43],[154.72,-3.44],[154.67,-3.41],[154.61,-3.31],[154.45,-3.19],[154.44,-3.15],[154.48,-3.11]],[[153.3,-3.46],[153.25,-3.58],[153.19,-3.59],[153.15,-3.51],[153.16,-3.46],[153.26,-3.36],[153.33,-3.34],[153.38,-3.4],[153.3,-3.46]],[[153.72,-3.95],[153.79,-3.94],[153.79,-4.03],[153.67,-4.15],[153.58,-4.15],[153.55,-4.07],[153.56,-4.01],[153.64,-3.96],[153.72,-3.95]],[[154.14,-4.34],[154.28,-4.49],[154.28,-4.57],[154.24,-4.61],[154.17,-4.61],[154.09,-4.44],[154.08,-4.35],[154.14,-4.34]],[[159.45,-4.44],[159.55,-4.46],[159.57,-4.56],[159.54,-4.63],[159.48,-4.63],[159.41,-4.7],[159.3,-4.61],[159.27,-4.56],[159.34,-4.47],[159.45,-4.44]],[[157.11,-4.7],[157.15,-4.79],[157.06,-4.87],[156.95,-4.82],[156.9,-4.7],[156.95,-4.66],[157.11,-4.7]],[[155.5,-4.68],[155.53,-4.81],[155.47,-4.88],[155.36,-4.86],[155.26,-4.78],[155.25,-4.68],[155.31,-4.59],[155.45,-4.62],[155.47,-4.69],[155.5,-4.68]],[[159.15,-5.39],[159.24,-5.05],[159.35,-4.98],[159.41,-4.97],[159.47,-5.01],[159.45,-5.12],[159.52,-5.15],[159.52,-5.27],[159.59,-5.32],[159.72,-5.37],[159.77,-5.44],[159.76,-5.52],[159.73,-5.57],[159.61,-5.6],[159.57,-5.55],[159.44,-5.49],[159.25,-5.49],[159.15,-5.39]],[[176.05,-5.7],[176.02,-5.65],[176.06,-5.6],[176.16,-5.63],[176.19,-5.68],[176.15,-5.74],[176.05,-5.7]],[[159.39,-6.13],[159.44,-6.17],[159.47,-6.25],[159.33,-6.3],[159.29,-6.19],[159.34,-6.14],[159.39,-6.13]],[[176.31,-6.26],[176.35,-6.26],[176.34,-6.33],[176.3,-6.32],[176.31,-6.26]],[[177.17,-7.32],[177.14,-7.3],[177.14,-7.21],[177.09,-7.17],[177.11,-7.14],[177.17,-7.14],[177.2,-7.17],[177.2,-7.29],[177.17,-7.32]],[[178.64,-7.41],[178.71,-7.4],[178.74,-7.52],[178.64,-7.5],[178.64,-7.41]],[[160.58,-7.9],[160.61,-7.85],[160.64,-7.85],[160.67,-7.94],[160.63,-7.96],[160.58,-7.9]],[[178.29,-7.93],[178.37,-7.88],[178.46,-7.92],[178.47,-7.99],[178.43,-8.08],[178.35,-8.1],[178.26,-8.07],[178.29,-7.93]],[[160.76,-8.27],[160.79,-8.25],[160.86,-8.28],[160.93,-8.47],[161.05,-8.63],[161.04,-8.72],[161.38,-9.13],[161.43,-9.3],[161.57,-9.47],[161.6,-9.71],[161.57,-9.82],[161.53,-9.82],[161.48,-9.74],[161.43,-9.76],[161.37,-9.65],[161.26,-9.59],[161.21,-9.47],[160.87,-9.2],[160.73,-8.96],[160.69,-8.93],[160.66,-8.98],[160.59,-8.92],[160.62,-8.85],[160.69,-8.86],[160.62,-8.6],[160.68,-8.55],[160.54,-8.37],[160.59,-8.3],[160.76,-8.27]],[[162.73,-8.44],[162.63,-8.4],[162.62,-8.32],[162.69,-8.31],[162.69,-8.36],[162.78,-8.35],[162.78,-8.4],[162.73,-8.44]],[[179.1,-8.4],[179.15,-8.38],[179.21,-8.4],[179.27,-8.53],[179.16,-8.68],[179.1,-8.71],[179.05,-8.66],[179.02,-8.51],[179.1,-8.4]],[[179.88,-9.42],[179.84,-9.36],[179.87,-9.31],[179.94,-9.4],[179.91,-9.45],[179.88,-9.42]],[[161.96,-9.66],[162.03,-9.69],[162.05,-9.83],[162.03,-9.93],[161.99,-9.92],[161.91,-9.8],[161.91,-9.69],[161.96,-9.66]],[[167.18,-9.92],[167.06,-9.81],[167.07,-9.74],[167.27,-9.87],[167.29,-9.91],[167.25,-9.94],[167.18,-9.92]],[[152.08,-9.53],[151.99,-9.55],[151.84,-9.48],[151.8,-9.39],[151.84,-9.28],[151.94,-9.25],[152.04,-9.29],[152.13,-9.42],[152.12,-9.51],[152.08,-9.53]],[[152.62,-9.52],[152.58,-9.5],[152.41,-9.25],[152.37,-9.13],[152.38,-8.95],[152.48,-8.89],[152.81,-8.92],[152.86,-8.95],[152.87,-9.0],[153.01,-9.05],[153.13,-9.14],[153.37,-9.19],[153.63,-9.16],[153.7,-9.23],[153.68,-9.3],[153.57,-9.34],[153.11,-9.28],[152.91,-9.38],[152.72,-9.36],[152.66,-9.42],[152.72,-9.51],[152.62,-9.52]],[[159.05,-9.01],[159.11,-8.94],[159.2,-8.94],[159.34,-9.06],[159.34,-9.14],[158.99,-9.21],[158.97,-9.16],[159.05,-9.01]],[[159.82,-9.2],[159.77,-9.13],[159.83,-9.07],[159.87,-9.15],[159.82,-9.2]],[[161.93,-10.1],[162.03,-10.0],[162.0,-10.16],[162.03,-10.26],[161.98,-10.26],[161.93,-10.21],[161.93,-10.1]],[[167.51,-10.13],[167.68,-10.36],[167.66,-10.42],[167.54,-10.32],[167.53,-10.26],[167.46,-10.17],[167.51,-10.13]],[[179.63,-10.39],[179.69,-10.35],[179.74,-10.4],[179.74,-10.52],[179.66,-10.53],[179.64,-10.6],[179.69,-10.7],[179.79,-10.75],[179.79,-10.79],[179.72,-10.87],[179.66,-10.86],[179.61,-10.8],[179.48,-10.78],[179.57,-10.66],[179.49,-10.54],[179.43,-10.57],[179.39,-10.52],[179.41,-10.46],[179.63,-10.39]],[[166.14,-10.79],[166.09,-10.88],[165.95,-10.86],[165.92,-10.9],[165.78,-10.91],[165.71,-10.88],[165.67,-10.8],[165.74,-10.62],[165.89,-10.63],[166.03,-10.6],[166.12,-10.61],[166.2,-10.66],[166.2,-10.73],[166.14,-10.79]],[[162.4,-10.76],[162.51,-10.8],[162.49,-10.9],[162.37,-10.92],[162.27,-10.89],[162.11,-10.96],[162.06,-10.95],[162.01,-10.87],[161.84,-10.82],[161.72,-10.75],[161.6,-10.75],[161.5,-10.65],[161.48,-10.58],[161.41,-10.55],[161.35,-10.4],[161.26,-10.33],[161.28,-10.19],[161.41,-10.18],[161.69,-10.31],[161.71,-10.27],[161.64,-10.16],[161.67,-10.12],[161.72,-10.12],[161.8,-10.25],[161.79,-10.36],[161.88,-10.41],[162.13,-10.43],[162.26,-10.63],[162.33,-10.66],[162.34,-10.73],[162.4,-10.76]],[[155.91,-10.76],[155.87,-10.85],[155.78,-10.91],[155.59,-10.94],[155.56,-10.92],[155.56,-10.89],[155.64,-10.87],[155.64,-10.82],[155.77,-10.74],[155.89,-10.7],[155.91,-10.76]],[[152.88,-10.71],[152.72,-10.74],[152.57,-10.69],[152.51,-10.62],[152.55,-10.59],[152.67,-10.62],[152.84,-10.6],[152.91,-10.67],[152.88,-10.71]],[[152.16,-10.36],[152.13,-10.43],[152.06,-10.42],[152.06,-10.37],[152.16,-10.36]],[[151.93,-10.38],[151.81,-10.33],[151.81,-10.25],[151.89,-10.23],[151.94,-10.32],[151.93,-10.38]],[[166.14,-10.33],[166.04,-10.26],[166.05,-10.19],[166.22,-10.13],[166.4,-10.23],[166.39,-10.3],[166.33,-10.34],[166.14,-10.33]],[[165.69,-10.4],[165.75,-10.36],[165.78,-10.42],[165.73,-10.45],[165.69,-10.4]],[[166.49,-11.2],[166.59,-11.18],[166.63,-11.28],[166.63,-11.36],[166.56,-11.42],[166.43,-11.35],[166.43,-11.26],[166.49,-11.2]],[[175.62,-11.35],[175.77,-11.37],[175.9,-11.45],[175.94,-11.71],[175.9,-11.71],[175.81,-11.59],[175.67,-11.58],[175.55,-11.54],[175.37,-11.63],[175.26,-11.62],[175.27,-11.57],[175.41,-11.42],[175.51,-11.42],[175.62,-11.35]],[[167.05,-11.64],[167.01,-11.7],[166.87,-11.75],[166.74,-11.7],[166.69,-11.6],[166.72,-11.53],[166.82,-11.51],[166.88,-11.53],[166.89,-11.56],[167.02,-11.57],[167.05,-11.64]],[[160.53,-11.69],[160.66,-11.8],[160.65,-11.89],[160.49,-11.88],[160.0,-11.62],[159.93,-11.51],[159.98,-11.44],[160.05,-11.43],[160.25,-11.53],[160.3,-11.59],[160.53,-11.69]],[[174.14,-11.92],[173.9,-11.98],[173.77,-11.85],[173.68,-11.85],[173.65,-11.81],[173.71,-11.76],[173.91,-11.83],[174.16,-11.76],[174.21,-11.79],[174.22,-11.85],[174.14,-11.92]],[[172.3,-11.86],[172.31,-11.92],[172.25,-11.98],[172.08,-11.97],[172.0,-11.9],[172.04,-11.85],[172.14,-11.82],[172.3,-11.86]],[[159.83,-11.26],[159.88,-11.3],[159.85,-11.37],[159.73,-11.31],[159.77,-11.26],[159.83,-11.26]],[[144.51,-10.47],[144.42,-10.5],[144.32,-10.41],[144.43,-10.06],[144.68,-9.94],[144.75,-10.0],[144.76,-10.09],[144.58,-10.29],[144.51,-10.47]],[[145.63,-10.22],[145.41,-10.12],[145.36,-10.03],[145.4,-9.98],[145.56,-9.95],[145.75,-10.02],[145.78,-10.07],[145.77,-10.16],[145.71,-10.21],[145.63,-10.22]],[[160.0,-12.32],[159.99,-12.24],[160.09,-12.22],[160.17,-12.27],[160.48,-12.55],[160.53,-12.61],[160.55,-12.77],[160.68,-12.94],[160.67,-13.03],[160.62,-13.06],[160.57,-13.04],[160.48,-12.87],[160.3,-12.74],[160.24,-12.65],[160.2,-12.48],[160.11,-12.38],[160.0,-12.32]],[[168.78,-12.3],[168.79,-12.25],[168.85,-12.26],[168.84,-12.31],[168.78,-12.3]],[[172.67,-12.49],[172.7,-12.39],[172.77,-12.38],[172.79,-12.44],[172.76,-12.53],[172.69,-12.54],[172.67,-12.49]],[[176.97,-12.53],[176.95,-12.48],[177.04,-12.44],[177.14,-12.43],[177.18,-12.48],[177.17,-12.53],[177.13,-12.56],[176.97,-12.53]],[[172.29,-12.56],[172.31,-12.68],[172.23,-12.69],[172.17,-12.63],[172.17,-12.54],[172.23,-12.5],[172.29,-12.56]],[[166.49,-13.04],[166.58,-13.03],[166.62,-13.12],[166.66,-13.15],[166.75,-13.41],[166.7,-13.49],[166.64,-13.48],[166.55,-13.36],[166.52,-13.22],[166.48,-13.19],[166.49,-13.04]],[[167.26,-13.5],[167.33,-13.43],[167.41,-13.49],[167.39,-13.56],[167.31,-13.59],[167.25,-13.55],[167.26,-13.5]],[[167.48,-13.58],[167.54,-13.52],[167.59,-13.59],[167.55,-13.66],[167.62,-13.65],[167.7,-13.59],[167.75,-13.66],[167.69,-13.75],[167.62,-13.77],[167.61,-13.88],[167.47,-13.97],[167.4,-13.91],[167.36,-13.82],[167.39,-13.72],[167.49,-13.68],[167.48,-13.58]],[[146.66,-13.81],[146.76,-13.97],[146.73,-14.04],[146.67,-14.03],[146.49,-13.9],[146.5,-13.87],[146.55,-13.88],[146.53,-13.82],[146.6,-13.77],[146.66,-13.81]],[[146.77,-14.11],[146.8,-14.07],[146.83,-14.1],[146.87,-14.08],[146.89,-14.11],[146.88,-14.15],[146.83,-14.16],[146.77,-14.11]],[[167.48,-14.13],[167.5,-14.1],[167.59,-14.12],[167.68,-14.23],[167.65,-14.33],[167.52,-14.4],[167.42,-14.38],[167.37,-14.3],[167.38,-14.18],[167.48,-14.13]],[[166.56,-15.03],[166.49,-14.84],[166.5,-14.73],[166.53,-14.63],[166.59,-14.6],[166.81,-14.85],[166.81,-14.99],[166.89,-15.13],[166.94,-15.09],[166.93,-14.95],[166.96,-14.91],[167.01,-14.89],[167.19,-14.93],[167.18,-15.15],[167.21,-15.28],[167.29,-15.4],[167.29,-15.52],[167.33,-15.59],[167.34,-15.85],[167.45,-16.04],[167.6,-16.12],[167.67,-16.21],[167.81,-16.3],[167.91,-16.51],[167.9,-16.68],[167.75,-16.59],[167.58,-16.59],[167.5,-16.63],[167.44,-16.61],[167.39,-16.52],[167.35,-16.26],[167.26,-16.19],[167.17,-16.17],[167.1,-16.05],[167.13,-15.88],[167.17,-15.84],[167.14,-15.78],[167.0,-15.64],[166.78,-15.69],[166.61,-15.45],[166.59,-15.38],[166.62,-15.22],[166.56,-15.03]],[[168.1,-14.89],[168.16,-14.93],[168.22,-15.21],[168.22,-15.36],[168.18,-15.42],[168.1,-15.4],[168.1,-15.18],[168.04,-14.97],[168.1,-14.89]],[[167.97,-15.42],[167.84,-15.51],[167.72,-15.51],[167.64,-15.45],[167.8,-15.29],[168.01,-15.25],[168.03,-15.3],[167.97,-15.42]],[[168.13,-15.46],[168.19,-15.44],[168.23,-15.53],[168.31,-15.93],[168.27,-16.02],[168.16,-16.0],[168.09,-15.7],[168.13,-15.46]],[[168.12,-16.07],[168.19,-16.06],[168.25,-16.12],[168.26,-16.22],[168.35,-16.27],[168.32,-16.38],[168.41,-16.54],[168.32,-16.62],[168.33,-16.67],[168.38,-16.72],[168.49,-16.75],[168.52,-16.82],[168.65,-16.86],[168.68,-16.96],[168.64,-17.03],[168.57,-17.02],[168.48,-16.88],[168.2,-16.85],[168.12,-16.78],[168.1,-16.64],[168.12,-16.56],[168.19,-16.52],[168.19,-16.45],[168.13,-16.39],[167.91,-16.29],[167.88,-16.23],[167.91,-16.19],[168.05,-16.16],[168.12,-16.07]],[[168.44,-17.02],[168.5,-17.08],[168.46,-17.15],[168.35,-17.14],[168.27,-17.09],[168.31,-17.03],[168.44,-17.02]],[[152.22,-17.09],[152.25,-17.13],[152.24,-17.22],[152.12,-17.4],[151.93,-17.42],[151.69,-17.63],[151.54,-17.62],[151.36,-17.78],[151.3,-17.75],[151.32,-17.58],[151.44,-17.38],[151.69,-17.25],[151.85,-17.11],[152.22,-17.09]],[[168.29,-17.44],[168.35,-17.39],[168.56,-17.48],[168.56,-17.56],[168.65,-17.75],[168.56,-17.87],[168.24,-17.82],[168.2,-17.76],[168.13,-17.73],[168.18,-17.54],[168.29,-17.44]],[[162.96,-17.89],[163.02,-18.03],[163.01,-18.19],[163.07,-18.25],[163.21,-18.21],[163.33,-18.22],[163.19,-18.03],[163.21,-17.98],[163.43,-18.27],[163.45,-18.37],[163.26,-18.65],[162.94,-18.5],[162.91,-18.55],[162.81,-18.58],[162.74,-18.47],[162.78,-18.4],[162.81,-18.46],[162.91,-18.32],[162.91,-18.26],[162.83,-18.22],[162.8,-18.15],[162.79,-18.08],[162.82,-18.0],[162.86,-18.0],[162.91,-17.93],[162.88,-17.82],[162.92,-17.82],[162.96,-17.89]],[[164.3,-18.44],[164.34,-18.41],[164.37,-18.46],[164.37,-18.58],[164.33,-18.61],[164.24,-18.57],[164.2,-18.5],[164.2,-18.46],[164.24,-18.44],[164.31,-18.55],[164.3,-18.44]],[[177.59,-18.56],[177.57,-18.5],[177.63,-18.43],[177.71,-18.47],[177.75,-18.58],[177.72,-18.62],[177.66,-18.64],[177.61,-18.62],[177.59,-18.56]],[[178.54,-18.58],[178.6,-18.61],[178.64,-18.83],[178.53,-19.04],[178.14,-19.21],[178.01,-19.22],[177.92,-19.17],[177.91,-19.11],[178.15,-18.95],[178.32,-18.87],[178.38,-18.9],[178.5,-18.66],[178.5,-18.59],[178.54,-18.58]],[[179.71,-19.19],[179.71,-19.1],[179.77,-19.08],[179.82,-19.1],[179.82,-19.21],[179.74,-19.22],[179.71,-19.19]],[[169.65,-19.22],[169.63,-19.31],[169.57,-19.31],[169.55,-19.28],[169.59,-19.25],[169.6,-19.18],[169.63,-19.18],[169.65,-19.22]],[[169.37,-19.31],[169.53,-19.52],[169.52,-19.65],[169.44,-19.69],[169.25,-19.61],[169.19,-19.52],[169.22,-19.32],[169.33,-19.29],[169.37,-19.31]],[[170.21,-19.5],[170.25,-19.46],[170.29,-19.52],[170.26,-19.59],[170.2,-19.61],[170.18,-19.57],[170.23,-19.53],[170.21,-19.5]],[[164.1,-19.78],[164.38,-20.0],[164.47,-20.11],[164.48,-20.18],[164.54,-20.19],[164.77,-20.39],[164.89,-20.55],[165.27,-20.6],[165.32,-20.76],[165.56,-20.9],[165.75,-21.13],[165.87,-21.16],[165.97,-21.26],[166.59,-21.69],[166.66,-21.79],[166.9,-21.88],[166.98,-21.95],[167.24,-22.42],[167.48,-22.46],[167.65,-22.58],[167.74,-22.89],[167.73,-22.93],[167.68,-22.93],[167.57,-22.82],[167.39,-22.81],[167.16,-22.66],[167.11,-22.73],[167.14,-23.0],[167.08,-23.06],[166.94,-23.03],[166.5,-22.59],[166.44,-22.57],[166.43,-22.53],[166.11,-22.27],[166.1,-22.21],[165.87,-22.0],[165.77,-21.98],[165.7,-21.88],[165.5,-21.78],[165.38,-21.67],[165.17,-21.59],[164.79,-21.34],[164.58,-21.03],[164.46,-21.03],[164.24,-20.8],[164.22,-20.71],[164.02,-20.57],[163.85,-20.32],[163.84,-20.24],[163.56,-19.9],[163.47,-19.85],[163.25,-19.56],[163.11,-19.26],[163.09,-19.04],[163.14,-19.06],[163.33,-19.03],[163.33,-18.87],[163.59,-18.77],[163.6,-18.82],[163.57,-18.85],[163.6,-18.92],[163.68,-19.03],[163.75,-19.06],[163.85,-19.24],[163.87,-19.35],[163.96,-19.4],[163.97,-19.47],[163.93,-19.52],[163.97,-19.61],[164.1,-19.78]],[[165.55,-19.89],[165.53,-19.86],[165.57,-19.78],[165.66,-19.71],[165.68,-19.86],[165.58,-19.91],[165.55,-19.89]],[[169.71,-20.19],[169.73,-20.13],[169.83,-20.09],[169.93,-20.12],[169.96,-20.21],[169.91,-20.31],[169.8,-20.35],[169.72,-20.3],[169.71,-20.19]],[[166.62,-20.36],[166.71,-20.41],[166.73,-20.46],[166.64,-20.56],[166.66,-20.61],[166.57,-20.72],[166.41,-20.77],[166.33,-20.67],[166.15,-20.55],[166.17,-20.51],[166.21,-20.53],[166.21,-20.47],[166.53,-20.41],[166.56,-20.37],[166.62,-20.36]],[[167.01,-20.75],[167.08,-20.67],[167.22,-20.64],[167.32,-20.69],[167.36,-20.85],[167.34,-20.88],[167.5,-21.04],[167.44,-21.18],[167.34,-21.2],[167.25,-21.12],[167.14,-21.1],[167.07,-21.05],[166.99,-20.92],[167.01,-20.87],[167.07,-20.86],[167.01,-20.75]],[[166.2,-20.42],[166.15,-20.43],[166.11,-20.39],[166.11,-20.3],[166.15,-20.3],[166.16,-20.25],[166.27,-20.29],[166.29,-20.34],[166.2,-20.42]],[[167.92,-21.34],[168.0,-21.3],[168.03,-21.33],[168.03,-21.37],[168.1,-21.42],[168.16,-21.42],[168.19,-21.57],[168.14,-21.66],[167.99,-21.68],[167.93,-21.63],[167.84,-21.62],[167.84,-21.56],[167.77,-21.35],[167.92,-21.34]],[[174.56,-21.69],[174.62,-21.65],[174.68,-21.72],[174.6,-21.74],[174.56,-21.69]],[[168.91,-22.42],[168.91,-22.39],[169.01,-22.34],[169.02,-22.3],[169.11,-22.27],[169.12,-22.33],[169.09,-22.38],[168.97,-22.44],[168.91,-22.42]],[[153.71,-22.4],[153.63,-22.53],[153.55,-22.52],[153.56,-22.28],[153.7,-22.27],[153.71,-22.4]],[[155.26,-22.26],[155.16,-22.23],[155.15,-22.19],[155.2,-22.15],[155.39,-22.1],[155.47,-22.11],[155.52,-22.15],[155.52,-22.2],[155.48,-22.24],[155.26,-22.26]],[[153.58,-22.1],[153.54,-22.12],[153.47,-22.06],[153.41,-21.92],[153.42,-21.84],[153.49,-21.76],[153.79,-21.59],[153.85,-21.69],[153.83,-21.76],[153.75,-21.88],[153.68,-21.91],[153.68,-21.97],[153.63,-21.98],[153.58,-22.1]],[[153.42,-21.62],[153.41,-21.68],[153.35,-21.69],[153.32,-21.61],[153.25,-21.51],[153.27,-21.45],[153.36,-21.49],[153.42,-21.62]],[[159.28,-21.57],[159.23,-21.51],[158.95,-21.48],[158.69,-21.38],[158.69,-21.19],[158.48,-20.97],[158.51,-20.9],[158.45,-20.78],[158.6,-20.53],[158.77,-20.47],[158.86,-20.47],[158.91,-20.51],[159.05,-20.56],[159.1,-20.65],[159.23,-20.79],[159.27,-20.89],[159.23,-21.2],[159.36,-21.4],[159.52,-21.42],[159.56,-21.46],[159.61,-21.69],[159.6,-21.87],[159.49,-21.93],[159.4,-21.91],[159.34,-21.8],[159.28,-21.57]],[[155.79,-21.09],[155.84,-21.16],[155.83,-21.26],[155.79,-21.31],[155.7,-21.32],[155.65,-21.27],[155.65,-21.17],[155.7,-21.1],[155.79,-21.09]],[[160.96,-20.77],[160.9,-20.75],[160.76,-20.41],[160.56,-20.29],[160.46,-20.13],[160.28,-20.05],[160.26,-20.02],[160.29,-19.98],[160.66,-20.06],[160.85,-20.2],[161.02,-20.18],[161.09,-20.32],[161.19,-20.35],[161.36,-20.51],[161.33,-20.66],[161.27,-20.75],[161.07,-20.71],[160.96,-20.77]],[[159.02,-19.98],[158.78,-20.17],[158.73,-20.33],[158.69,-20.35],[158.65,-20.33],[158.65,-20.18],[158.62,-20.11],[158.27,-19.9],[158.16,-19.63],[158.22,-19.57],[158.26,-19.34],[158.41,-18.99],[158.53,-19.07],[158.62,-19.03],[158.77,-19.03],[158.89,-18.95],[158.96,-18.94],[159.1,-19.1],[159.02,-19.45],[158.87,-19.53],[158.66,-19.48],[158.53,-19.57],[158.45,-19.67],[158.48,-19.75],[158.57,-19.79],[158.59,-19.95],[158.66,-20.04],[158.72,-20.02],[158.79,-19.89],[158.88,-19.85],[159.03,-19.86],[159.02,-19.98]],[[152.5,-19.95],[152.57,-20.06],[152.59,-20.19],[152.56,-20.23],[152.43,-20.18],[152.45,-19.96],[152.5,-19.95]],[[151.54,-19.98],[151.49,-19.98],[151.38,-19.91],[151.23,-19.89],[151.21,-19.83],[151.39,-19.77],[151.52,-19.89],[151.7,-19.62],[151.85,-19.55],[152.09,-19.54],[152.09,-19.59],[151.89,-19.87],[151.83,-19.89],[151.64,-19.89],[151.54,-19.98]],[[152.21,-19.43],[152.17,-19.46],[152.04,-19.44],[151.98,-19.4],[151.95,-19.33],[152.02,-19.27],[152.17,-19.27],[152.18,-19.22],[152.12,-19.08],[152.13,-19.03],[152.21,-18.95],[152.32,-18.93],[152.41,-18.96],[152.56,-19.12],[152.63,-19.35],[152.58,-19.37],[152.46,-19.3],[152.38,-19.29],[152.26,-19.36],[152.21,-19.43]],[[151.75,-19.27],[151.73,-19.36],[151.65,-19.29],[151.59,-19.15],[151.69,-19.16],[151.75,-19.27]],[[161.61,-20.77],[161.69,-20.77],[161.81,-20.93],[161.84,-21.02],[161.81,-21.08],[161.72,-21.07],[161.67,-21.02],[161.67,-20.97],[161.53,-20.9],[161.54,-20.84],[161.61,-20.77]],[[162.22,-21.08],[162.21,-21.03],[162.27,-20.98],[162.34,-20.97],[162.39,-21.02],[162.38,-21.08],[162.31,-21.13],[162.22,-21.08]],[[162.05,-21.1],[162.28,-21.23],[162.31,-21.28],[162.29,-21.33],[162.1,-21.28],[161.97,-21.21],[161.96,-21.15],[162.05,-21.1]],[[160.81,-21.12],[160.88,-21.16],[160.88,-21.2],[160.81,-21.28],[160.79,-21.41],[160.73,-21.42],[160.67,-21.36],[160.68,-21.21],[160.73,-21.09],[160.81,-21.12]],[[159.09,-22.26],[159.11,-22.19],[159.17,-22.17],[159.27,-22.21],[159.3,-22.28],[159.28,-22.33],[159.21,-22.35],[159.14,-22.32],[159.09,-22.26]],[[169.18,-19.02],[169.04,-18.96],[168.96,-18.88],[168.96,-18.69],[169.03,-18.6],[169.13,-18.59],[169.35,-18.69],[169.39,-18.98],[169.28,-19.03],[169.18,-19.02]],[[150.64,-17.82],[150.53,-17.9],[150.26,-17.92],[150.14,-17.67],[149.93,-17.54],[149.94,-17.33],[149.81,-17.27],[149.79,-17.2],[149.67,-17.06],[149.68,-17.02],[149.86,-16.96],[150.16,-16.76],[150.2,-16.6],[150.34,-16.45],[150.41,-16.48],[150.4,-16.75],[150.37,-16.91],[150.25,-17.0],[150.23,-17.12],[150.08,-17.19],[150.07,-17.25],[150.14,-17.31],[150.15,-17.42],[150.21,-17.41],[150.27,-17.35],[150.42,-17.34],[150.53,-17.3],[150.63,-17.37],[150.78,-17.39],[150.89,-17.35],[151.06,-17.33],[151.13,-17.24],[151.15,-17.27],[151.16,-17.43],[151.13,-17.53],[150.86,-17.66],[150.76,-17.77],[150.64,-17.82]],[[148.46,-17.33],[148.64,-17.6],[148.59,-17.73],[148.59,-17.87],[148.54,-17.91],[148.45,-17.89],[148.38,-17.81],[148.18,-17.41],[148.21,-17.37],[148.31,-17.39],[148.46,-17.33]],[[148.0,-16.53],[147.97,-16.58],[147.82,-16.58],[147.84,-16.43],[147.81,-16.39],[147.85,-16.35],[148.08,-16.41],[148.1,-16.47],[148.0,-16.53]],[[149.75,-16.35],[149.82,-16.21],[149.91,-16.19],[150.03,-16.07],[150.09,-16.08],[150.09,-16.21],[149.9,-16.44],[149.86,-16.52],[149.75,-16.49],[149.75,-16.35]],[[149.69,-16.21],[149.65,-16.28],[149.56,-16.28],[149.51,-16.17],[149.5,-16.06],[149.63,-15.84],[149.64,-15.75],[149.7,-15.73],[149.75,-15.79],[149.69,-16.21]],[[155.44,-23.17],[155.51,-23.13],[155.62,-23.14],[155.67,-23.19],[155.66,-23.28],[155.6,-23.31],[155.49,-23.29],[155.44,-23.24],[155.44,-23.17]],[[159.39,-24.19],[159.33,-24.14],[159.27,-24.02],[159.46,-23.96],[159.58,-23.99],[159.61,-24.07],[159.57,-24.15],[159.48,-24.19],[159.39,-24.19]],[[159.65,-25.6],[159.55,-25.54],[159.51,-25.47],[159.56,-25.3],[159.47,-25.17],[159.52,-24.97],[159.43,-24.7],[159.52,-24.66],[159.62,-24.67],[159.68,-24.83],[159.87,-25.02],[159.85,-25.12],[159.93,-25.24],[159.89,-25.29],[159.82,-25.31],[159.71,-25.56],[159.65,-25.6]],[[167.09,-26.49],[167.02,-26.43],[167.07,-26.37],[167.23,-26.37],[167.31,-26.42],[167.24,-26.49],[167.09,-26.49]],[[167.26,-28.49],[167.22,-28.46],[167.23,-28.41],[167.32,-28.35],[167.37,-28.36],[167.39,-28.4],[167.37,-28.46],[167.26,-28.49]],[[167.81,-29.35],[167.79,-28.99],[167.72,-28.82],[167.78,-28.75],[168.01,-28.71],[168.06,-28.76],[168.18,-29.07],[168.27,-29.17],[168.24,-29.28],[168.13,-29.42],[168.25,-29.63],[168.2,-29.66],[167.96,-29.61],[167.92,-29.48],[167.81,-29.35]],[[159.15,-29.38],[159.19,-29.41],[159.19,-29.49],[159.15,-29.53],[159.09,-29.52],[159.04,-29.49],[159.04,-29.43],[159.15,-29.38]],[[159.07,-30.01],[159.01,-29.99],[159.01,-29.93],[159.07,-29.88],[159.14,-29.88],[159.17,-29.98],[159.07,-30.01]],[[156.21,-30.69],[156.14,-30.62],[156.22,-30.57],[156.28,-30.65],[156.26,-30.68],[156.21,-30.69]],[[159.06,-31.47],[159.08,-31.43],[159.15,-31.47],[159.22,-31.55],[159.22,-31.61],[159.17,-31.63],[159.04,-31.61],[159.01,-31.51],[159.06,-31.47]],[[167.84,-31.63],[167.9,-31.6],[167.93,-31.66],[167.92,-31.75],[167.86,-31.82],[167.8,-31.77],[167.84,-31.63]],[[159.27,-31.69],[159.34,-31.82],[159.29,-31.89],[159.24,-31.87],[159.2,-31.79],[159.21,-31.71],[159.27,-31.69]],[[168.11,-32.22],[168.07,-32.2],[168.05,-32.12],[168.1,-32.05],[168.16,-32.1],[168.17,-32.17],[168.15,-32.21],[168.11,-32.22]],[[167.47,-32.47],[167.54,-32.41],[167.72,-32.53],[167.67,-32.65],[167.56,-32.75],[167.51,-32.74],[167.48,-32.69],[167.47,-32.47]],[[166.99,-32.72],[167.06,-32.86],[167.04,-32.94],[166.98,-32.92],[166.93,-32.84],[166.95,-32.73],[166.99,-32.72]],[[156.29,-32.54],[156.37,-32.58],[156.34,-32.65],[156.26,-32.65],[156.21,-32.61],[156.23,-32.55],[156.29,-32.54]],[[156.22,-33.28],[156.16,-33.24],[156.13,-33.16],[156.17,-33.05],[156.23,-33.0],[156.29,-33.25],[156.22,-33.28]],[[172.19,-33.91],[172.24,-33.87],[172.29,-33.88],[172.38,-33.98],[172.38,-34.04],[172.28,-34.03],[172.19,-33.91]],[[172.42,-34.05],[172.66,-34.0],[172.74,-34.03],[173.31,-34.48],[173.44,-34.63],[173.68,-34.74],[173.84,-34.75],[174.25,-35.01],[174.4,-35.03],[174.94,-35.42],[174.97,-35.56],[175.05,-35.64],[175.26,-35.65],[175.53,-35.76],[175.73,-35.97],[175.96,-36.06],[176.02,-36.17],[176.01,-36.4],[176.24,-36.83],[176.24,-36.95],[176.17,-37.15],[176.2,-37.19],[176.36,-37.24],[176.42,-37.33],[176.52,-37.38],[176.55,-37.5],[176.64,-37.58],[176.87,-37.65],[176.94,-37.6],[176.96,-37.46],[176.99,-37.45],[177.08,-37.53],[177.2,-37.42],[177.24,-37.46],[177.23,-37.5],[177.12,-37.61],[177.14,-37.67],[177.19,-37.7],[177.44,-37.53],[177.68,-37.58],[177.8,-37.51],[178.13,-37.43],[178.4,-37.52],[178.71,-37.53],[178.9,-37.43],[178.96,-37.46],[178.95,-37.54],[179.02,-37.62],[179.02,-37.67],[178.9,-37.7],[178.76,-37.84],[178.76,-37.99],[178.69,-38.06],[178.78,-38.2],[178.78,-38.26],[178.7,-38.39],[178.64,-38.59],[178.49,-38.66],[178.39,-38.81],[178.23,-38.93],[178.15,-39.1],[178.04,-39.19],[178.06,-39.24],[178.19,-39.27],[178.16,-39.45],[177.73,-39.67],[177.46,-39.71],[177.2,-39.91],[177.12,-40.0],[177.05,-40.23],[176.86,-40.36],[176.84,-40.58],[176.55,-40.77],[176.5,-40.96],[176.33,-41.09],[176.29,-41.2],[176.16,-41.26],[175.99,-41.4],[175.89,-41.41],[175.48,-41.62],[175.31,-41.65],[175.08,-41.62],[174.98,-41.46],[174.75,-41.56],[174.57,-41.48],[174.55,-41.53],[174.58,-41.58],[174.86,-41.71],[174.87,-41.75],[174.82,-41.83],[174.77,-41.88],[174.62,-41.89],[174.52,-41.94],[174.49,-41.99],[174.44,-41.99],[174.32,-42.16],[174.17,-42.19],[174.1,-42.28],[173.99,-42.3],[173.62,-42.56],[173.6,-42.63],[173.7,-42.7],[173.65,-42.81],[173.67,-43.16],[173.57,-43.34],[173.63,-43.33],[173.72,-43.24],[173.76,-43.26],[173.84,-43.41],[173.98,-43.53],[174.0,-43.82],[173.41,-44.23],[173.38,-44.27],[173.24,-44.32],[173.19,-44.37],[173.11,-44.37],[172.99,-44.47],[172.8,-44.52],[172.68,-44.61],[172.54,-44.64],[171.81,-45.02],[171.68,-45.16],[171.53,-45.16],[171.51,-45.31],[171.1,-45.62],[171.08,-45.86],[170.98,-45.95],[170.96,-46.1],[170.56,-46.33],[170.53,-46.39],[170.43,-46.39],[170.14,-46.67],[169.97,-46.75],[169.88,-46.84],[169.71,-46.91],[169.61,-47.01],[169.57,-47.01],[169.47,-47.15],[169.16,-47.38],[168.83,-47.41],[168.82,-47.45],[168.94,-47.48],[168.96,-47.54],[168.73,-47.87],[168.53,-47.9],[168.33,-47.83],[168.22,-47.83],[168.1,-47.88],[168.03,-47.97],[167.89,-47.99],[167.89,-48.05],[167.96,-48.09],[168.09,-48.06],[168.31,-48.13],[168.34,-48.19],[168.3,-48.24],[167.96,-48.43],[167.89,-48.43],[167.62,-48.59],[167.53,-48.74],[167.21,-48.86],[167.09,-48.96],[167.0,-48.96],[166.88,-48.83],[166.74,-48.95],[166.69,-48.91],[166.66,-48.79],[166.51,-48.8],[166.39,-48.7],[166.33,-48.6],[166.34,-48.52],[166.39,-48.47],[166.64,-48.55],[166.73,-48.5],[166.85,-48.38],[166.82,-48.32],[166.46,-48.15],[166.47,-48.04],[166.6,-47.93],[166.58,-47.89],[166.44,-47.88],[166.43,-47.85],[166.51,-47.61],[166.57,-47.61],[166.63,-47.75],[166.7,-47.75],[166.82,-47.68],[166.88,-47.54],[167.05,-47.42],[167.08,-47.23],[167.27,-47.0],[167.29,-46.87],[167.2,-46.68],[167.1,-46.54],[167.06,-46.53],[166.89,-46.63],[166.83,-46.58],[166.83,-46.51],[166.69,-46.46],[166.64,-46.34],[166.35,-46.02],[166.35,-45.81],[166.54,-45.59],[166.61,-45.57],[166.64,-45.5],[166.75,-45.39],[166.88,-45.19],[167.03,-45.09],[167.38,-44.76],[167.5,-44.71],[167.85,-44.43],[168.02,-44.21],[168.35,-43.94],[168.62,-43.92],[168.66,-43.75],[168.7,-43.71],[168.92,-43.76],[169.04,-43.7],[169.04,-43.65],[169.21,-43.67],[169.24,-43.49],[169.48,-43.37],[169.69,-43.33],[169.79,-43.14],[169.92,-43.13],[169.98,-43.02],[170.07,-42.93],[170.09,-42.75],[170.19,-42.65],[170.42,-42.59],[170.65,-42.64],[170.76,-42.58],[170.79,-42.51],[170.79,-42.38],[170.92,-42.19],[170.89,-42.14],[170.72,-42.07],[170.82,-41.94],[170.78,-41.79],[170.86,-41.66],[171.03,-41.55],[170.98,-41.37],[171.07,-41.22],[171.28,-41.01],[171.36,-40.99],[171.56,-40.83],[171.88,-40.48],[172.37,-40.15],[172.41,-39.99],[172.54,-39.91],[172.58,-39.64],[172.35,-39.45],[172.37,-39.21],[172.52,-39.07],[172.52,-38.9],[172.61,-38.83],[172.66,-38.71],[172.75,-38.6],[172.92,-38.47],[173.26,-38.44],[173.45,-38.3],[173.62,-38.3],[173.74,-38.15],[173.84,-38.15],[174.05,-37.96],[174.18,-37.44],[174.08,-37.1],[173.98,-36.98],[173.93,-36.69],[173.57,-36.04],[173.48,-35.92],[173.31,-35.9],[173.29,-35.85],[173.34,-35.76],[173.32,-35.7],[173.13,-35.62],[172.93,-35.37],[172.6,-35.16],[172.49,-35.05],[172.45,-34.94],[172.23,-34.68],[172.23,-34.5],[172.11,-34.34],[171.92,-34.2],[171.95,-34.15],[172.09,-34.1],[172.21,-34.11],[172.26,-34.17],[172.31,-34.16],[172.42,-34.05]],[[175.45,-43.05],[175.52,-43.03],[175.66,-43.12],[175.66,-43.41],[175.4,-43.6],[175.28,-43.54],[175.1,-43.55],[174.96,-43.37],[174.96,-43.25],[175.11,-43.05],[175.27,-43.07],[175.45,-43.05]],[[177.08,-43.36],[177.05,-43.32],[177.1,-43.24],[177.16,-43.18],[177.23,-43.16],[177.25,-43.27],[177.39,-43.34],[177.36,-43.41],[177.08,-43.36]],[[175.93,-44.36],[175.88,-44.23],[175.93,-44.12],[176.05,-44.09],[176.17,-44.15],[176.19,-44.24],[176.14,-44.32],[176.1,-44.32],[176.03,-44.39],[175.93,-44.36]],[[179.41,-47.34],[179.52,-47.39],[179.5,-47.49],[179.62,-47.65],[179.77,-47.63],[179.82,-47.67],[179.77,-48.17],[179.72,-48.21],[179.37,-48.25],[179.13,-48.15],[179.08,-48.1],[179.13,-48.05],[179.35,-48.14],[179.5,-48.12],[179.61,-48.07],[179.62,-48.02],[179.58,-47.99],[178.93,-47.99],[178.81,-47.94],[178.83,-47.83],[178.91,-47.68],[178.94,-47.4],[179.01,-47.34],[179.19,-47.42],[179.41,-47.34]],[[166.19,-46.63],[166.16,-46.72],[165.99,-46.79],[165.95,-46.78],[165.94,-46.7],[165.85,-46.58],[165.88,-46.52],[165.99,-46.41],[165.92,-46.26],[165.99,-46.19],[166.04,-46.05],[166.24,-46.07],[166.31,-46.15],[166.26,-46.23],[166.28,-46.4],[166.11,-46.46],[166.12,-46.53],[166.19,-46.63]],[[172.24,-39.48],[172.33,-39.54],[172.35,-39.62],[172.3,-39.62],[172.21,-39.56],[172.18,-39.5],[172.24,-39.48]],[[171.84,-34.05],[171.82,-34.1],[171.76,-34.09],[171.68,-34.04],[171.66,-34.0],[171.73,-33.93],[171.79,-33.93],[171.83,-33.97],[171.84,-34.05]],[[171.6,-49.43],[171.56,-49.39],[171.58,-49.22],[171.71,-49.1],[171.81,-49.06],[171.92,-49.07],[172.11,-49.17],[172.06,-49.29],[172.09,-49.39],[171.88,-49.53],[171.82,-49.52],[171.75,-49.43],[171.6,-49.43]],[[164.29,-49.44],[164.25,-49.57],[164.19,-49.61],[164.14,-49.6],[164.12,-49.55],[164.16,-49.49],[164.24,-49.43],[164.29,-49.44]],[[166.09,-49.61],[166.26,-49.54],[166.49,-49.67],[166.52,-49.75],[166.66,-49.79],[166.87,-49.67],[167.19,-49.81],[167.41,-49.79],[167.63,-49.98],[167.8,-49.93],[167.85,-50.02],[167.84,-50.19],[167.77,-50.27],[167.57,-50.27],[167.55,-50.32],[167.57,-50.42],[167.39,-50.47],[167.26,-50.63],[167.14,-50.63],[166.97,-50.71],[166.85,-50.66],[166.83,-50.7],[166.88,-50.78],[166.7,-50.96],[166.53,-50.95],[166.37,-51.05],[166.07,-50.97],[165.96,-50.99],[165.79,-50.87],[165.79,-50.73],[165.72,-50.65],[165.87,-50.44],[166.18,-50.27],[166.2,-50.1],[166.08,-49.69],[166.09,-49.61]],[[178.66,-49.65],[178.8,-49.59],[178.9,-49.65],[178.84,-49.75],[178.72,-49.76],[178.65,-49.72],[178.66,-49.65]],[[165.52,-51.51],[165.45,-51.46],[165.39,-51.36],[165.46,-51.23],[165.58,-51.18],[165.73,-51.24],[165.84,-51.25],[165.84,-51.36],[165.75,-51.45],[165.62,-51.51],[165.52,-51.51]],[[169.88,-51.97],[170.01,-51.94],[170.2,-51.96],[170.24,-51.99],[170.1,-52.31],[169.98,-52.43],[170.07,-52.57],[170.08,-52.81],[170.19,-53.02],[170.03,-53.08],[169.99,-53.18],[169.91,-53.2],[169.83,-53.15],[169.68,-53.14],[169.6,-53.05],[169.47,-53.07],[169.43,-52.97],[169.3,-52.89],[169.11,-52.89],[168.75,-52.7],[168.66,-52.49],[168.7,-52.36],[168.85,-52.29],[168.87,-52.05],[169.05,-52.05],[169.22,-51.97],[169.4,-52.09],[169.52,-52.07],[169.59,-52.1],[169.88,-51.97]],[[170.98,-52.36],[170.96,-52.31],[171.09,-52.26],[171.14,-52.17],[171.24,-52.16],[171.24,-52.22],[170.98,-52.36]],[[171.44,-53.0],[171.47,-52.95],[171.46,-52.85],[171.58,-52.72],[171.58,-52.63],[171.63,-52.58],[171.89,-52.52],[171.99,-52.57],[172.01,-52.68],[171.85,-52.67],[171.84,-52.71],[171.92,-52.76],[171.93,-52.8],[171.83,-52.83],[171.77,-52.95],[171.58,-52.95],[171.56,-53.01],[171.58,-53.08],[171.53,-53.12],[171.35,-53.11],[171.34,-53.07],[171.44,-53.0]],[[172.02,-53.16],[172.16,-53.16],[172.23,-53.27],[172.34,-53.29],[172.34,-53.38],[172.28,-53.4],[172.19,-53.36],[172.11,-53.25],[172.0,-53.21],[172.02,-53.16]],[[171.74,-53.26],[171.87,-53.35],[172.03,-53.36],[172.04,-53.42],[171.99,-53.44],[171.67,-53.36],[171.65,-53.27],[171.74,-53.26]],[[158.8,-54.84],[158.77,-54.79],[158.84,-54.58],[158.81,-54.5],[158.92,-54.34],[158.96,-54.16],[159.02,-54.15],[159.07,-54.25],[158.98,-54.56],[158.9,-54.76],[158.8,-54.84]],[[158.5,-56.57],[158.55,-56.59],[158.56,-56.68],[158.5,-56.75],[158.45,-56.75],[158.44,-56.62],[158.5,-56.57]],[[161.05,-65.56],[160.96,-65.51],[161.0,-65.45],[161.11,-65.45],[161.17,-65.5],[161.15,-65.56],[161.05,-65.56]],[[162.32,-66.43],[162.27,-66.42],[162.27,-66.38],[162.16,-66.31],[162.14,-66.26],[162.15,-66.21],[162.22,-66.21],[162.26,-66.27],[162.32,-66.22],[162.58,-66.42],[162.81,-66.47],[162.85,-66.51],[162.82,-66.59],[162.9,-66.65],[163.22,-66.65],[163.41,-66.77],[163.43,-66.82],[163.32,-66.86],[163.31,-66.91],[163.23,-66.9],[163.13,-66.82],[162.92,-66.76],[162.89,-66.71],[162.85,-66.71],[162.58,-66.56],[162.46,-66.54],[162.32,-66.43]],[[164.61,-67.58],[164.41,-67.36],[164.42,-67.3],[164.51,-67.25],[164.81,-67.24],[165.08,-67.4],[165.05,-67.5],[164.84,-67.65],[164.77,-67.6],[164.61,-67.58]],[[154.13,-67.65],[154.18,-67.7],[154.15,-67.77],[154.02,-67.77],[153.96,-67.72],[154.01,-67.66],[154.13,-67.65]],[[154.48,-67.97],[154.57,-67.94],[154.72,-67.95],[154.79,-68.0],[154.8,-68.05],[154.72,-68.11],[154.5,-68.08],[154.45,-68.03],[154.48,-67.97]],[[154.99,-68.04],[155.12,-68.03],[155.29,-68.11],[155.47,-68.08],[155.58,-68.15],[155.62,-68.27],[155.53,-68.35],[155.38,-68.37],[155.09,-68.23],[154.86,-68.18],[154.86,-68.1],[154.99,-68.04]],[[154.04,-68.2],[154.02,-68.1],[154.09,-68.01],[154.28,-67.98],[154.39,-68.04],[154.4,-68.08],[154.04,-68.2]],[[160.56,-69.42],[160.57,-69.39],[160.76,-69.35],[160.89,-69.35],[160.93,-69.39],[160.84,-69.45],[160.71,-69.47],[160.6,-69.45],[160.56,-69.42]],[[163.3,-70.27],[163.26,-70.21],[163.3,-70.14],[163.58,-70.14],[163.64,-70.18],[163.63,-70.23],[163.58,-70.26],[163.3,-70.27]],[[163.34,-70.42],[163.29,-70.41],[163.28,-70.37],[163.39,-70.32],[163.52,-70.32],[163.59,-70.36],[163.58,-70.39],[163.52,-70.41],[163.34,-70.42]],[[167.34,-70.44],[167.08,-70.39],[167.04,-70.32],[167.12,-70.27],[167.28,-70.27],[167.48,-70.31],[167.62,-70.39],[167.61,-70.42],[167.53,-70.45],[167.34,-70.44]],[[168.02,-70.55],[168.07,-70.56],[168.07,-70.61],[167.83,-70.69],[167.85,-70.62],[168.02,-70.55]],[[168.16,-70.69],[168.16,-70.65],[168.2,-70.64],[168.27,-70.79],[168.42,-70.79],[168.44,-70.83],[168.35,-70.88],[168.22,-70.87],[168.16,-70.69]],[[169.43,-70.87],[169.72,-70.93],[169.77,-71.08],[169.97,-70.99],[170.01,-71.06],[169.76,-71.23],[169.43,-71.18],[169.15,-71.19],[169.11,-71.08],[169.04,-71.01],[169.06,-70.97],[169.12,-70.93],[169.43,-70.87]],[[169.62,-73.42],[169.61,-73.38],[169.65,-73.32],[169.8,-73.3],[169.99,-73.52],[169.86,-73.64],[169.66,-73.66],[169.62,-73.61],[169.44,-73.58],[169.44,-73.53],[169.62,-73.42]],[[178.19,-74.11],[178.12,-74.08],[178.15,-74.02],[178.26,-73.99],[178.32,-74.02],[178.31,-74.1],[178.19,-74.11]],[[178.54,-74.24],[178.39,-74.21],[178.37,-74.17],[178.56,-74.13],[178.93,-74.13],[179.0,-74.18],[178.95,-74.22],[178.54,-74.24]],[[168.18,-75.98],[168.27,-75.93],[168.4,-75.95],[168.42,-76.15],[168.3,-76.15],[168.14,-76.22],[168.08,-76.21],[168.06,-76.12],[168.18,-75.98]],[[166.41,-76.15],[166.48,-76.19],[166.46,-76.25],[166.39,-76.27],[166.33,-76.24],[166.32,-76.17],[166.41,-76.15]],[[166.85,-76.9],[166.97,-76.91],[167.01,-76.96],[166.98,-76.99],[166.85,-77.0],[166.82,-76.93],[166.85,-76.9]],[[163.99,-76.92],[164.1,-77.03],[164.15,-77.12],[164.13,-77.16],[163.61,-77.15],[163.63,-77.09],[163.78,-76.96],[163.99,-76.92]],[[179.43,-17.72],[179.48,-17.78],[179.48,-17.89],[179.4,-18.0],[179.4,-18.13],[179.33,-18.21],[179.15,-18.02],[179.19,-17.92],[179.27,-17.84],[179.28,-17.77],[179.43,-17.72]],[[179.47,-17.2],[179.51,-17.25],[179.49,-17.38],[179.41,-17.45],[179.36,-17.45],[179.32,-17.26],[179.42,-17.19],[179.47,-17.2]],[[145.49,-0.92],[145.44,-0.93],[145.43,-0.85],[145.5,-0.8],[145.56,-0.81],[145.55,-0.91],[145.51,-0.91],[145.51,-0.87],[145.49,-0.92]],[[174.29,-0.82],[174.28,-0.77],[174.15,-0.73],[174.13,-0.68],[174.15,-0.54],[174.24,-0.5],[174.46,-0.58],[174.52,-0.71],[174.53,-0.81],[174.49,-0.85],[174.29,-0.82]],[[166.99,-0.51],[166.94,-0.58],[166.88,-0.54],[166.89,-0.48],[166.93,-0.46],[166.99,-0.51]],[[169.58,-0.85],[169.56,-0.91],[169.48,-0.88],[169.52,-0.83],[169.58,-0.85]],[[134.91,-0.0],[135.03,-0.13],[135.02,-0.22],[134.96,-0.2],[134.86,-0.1],[134.85,-0.03],[134.91,-0.0]],[[134.88,-1.24],[134.77,-1.16],[134.74,-1.03],[134.81,-0.93],[134.93,-0.9],[134.98,-0.92],[135.08,-1.09],[134.99,-1.21],[134.88,-1.24]]],[[[111.29,-8.41],[110.91,-8.34],[110.69,-8.44],[110.52,-8.26],[110.25,-8.19],[110.07,-8.08],[109.93,-8.11],[109.71,-8.01],[109.61,-8.06],[109.49,-8.03],[109.45,-8.08],[109.35,-8.08],[109.18,-8.18],[109.11,-8.15],[109.04,-8.18],[108.92,-8.08],[108.72,-8.18],[108.65,-8.13],[108.46,-8.08],[108.39,-8.01],[108.26,-8.01],[108.1,-7.91],[107.96,-7.91],[107.77,-7.7],[107.67,-7.7],[107.62,-7.63],[107.53,-7.57],[107.03,-7.48],[106.84,-7.58],[106.77,-7.55],[106.47,-7.55],[106.49,-7.41],[106.39,-7.4],[106.35,-7.32],[106.35,-7.24],[106.41,-7.11],[106.36,-7.05],[106.21,-7.05],[106.11,-6.98],[105.98,-6.94],[105.8,-7.03],[105.68,-7.03],[105.62,-7.07],[105.49,-7.05],[105.37,-7.07],[105.08,-6.58],[105.25,-6.4],[105.25,-5.92],[105.01,-5.78],[104.86,-5.87],[104.77,-5.82],[104.75,-5.94],[104.79,-6.31],[104.72,-6.38],[104.54,-6.42],[104.52,-6.38],[104.57,-6.33],[104.58,-6.22],[104.22,-5.64],[104.17,-5.63],[104.17,-5.59],[103.66,-5.11],[103.49,-4.99],[103.3,-4.91],[103.18,-4.72],[102.87,-4.63],[102.73,-4.65],[102.41,-4.55],[102.1,-4.18],[102.05,-4.07],[102.08,-3.95],[102.03,-3.86],[101.86,-3.83],[101.84,-3.79],[101.77,-3.76],[101.24,-3.07],[101.24,-2.92],[100.61,-2.06],[100.35,-1.48],[100.35,-1.36],[100.25,-1.24],[100.25,-1.19],[100.18,-1.13],[100.16,-0.94],[99.97,-0.91],[99.87,-0.74],[99.64,-0.55],[99.15,-0.36],[98.72,-0.45],[98.91,-0.84],[99.03,-1.0],[99.1,-1.24],[99.5,-1.84],[99.7,-2.01],[99.76,-2.16],[99.92,-2.35],[99.94,-2.42],[100.09,-2.47],[100.28,-2.71],[100.32,-2.82],[100.42,-2.9],[100.93,-3.69],[100.95,-3.83],[101.12,-3.93],[101.17,-4.05],[101.24,-4.1],[101.46,-4.5],[101.47,-4.58],[101.44,-4.62],[101.17,-4.43],[101.11,-4.3],[100.89,-4.03],[100.88,-3.86],[100.71,-3.79],[100.61,-3.62],[100.13,-3.12],[100.11,-2.97],[99.94,-2.86],[99.89,-2.71],[99.85,-2.66],[99.85,-2.56],[99.55,-2.33],[99.46,-2.15],[99.22,-1.9],[98.98,-1.9],[98.74,-1.7],[98.69,-1.58],[98.45,-1.21],[98.5,-1.03],[98.6,-0.93],[98.65,-0.69],[98.24,-0.67],[98.19,-0.6],[98.26,-0.45],[98.24,-0.24],[97.8,-0.17],[97.76,-0.13],[97.78,-0.04],[97.95,0.01],[98.06,-0.06],[98.11,-0.06],[98.32,0.21],[98.25,0.44],[98.26,1.18],[97.86,1.87],[97.71,1.93],[97.56,1.89],[97.51,1.8],[97.57,1.41],[97.71,1.23],[97.96,1.15],[98.04,1.06],[98.08,0.95],[98.06,0.72],[97.97,0.58],[97.97,0.49],[97.93,0.41],[97.96,0.19],[97.9,0.15],[97.81,0.14],[97.78,0.18],[97.78,0.29],[97.63,0.45],[97.57,0.75],[97.44,0.75],[97.3,0.79],[97.21,0.92],[97.16,1.1],[97.05,1.24],[97.04,1.43],[97.23,1.52],[97.4,1.66],[97.37,1.7],[97.42,1.73],[97.42,1.85],[97.27,1.86],[97.04,1.78],[96.99,1.95],[96.9,2.07],[96.63,2.02],[96.58,2.07],[96.58,2.22],[96.52,2.27],[96.15,2.31],[95.98,2.48],[95.7,2.56],[95.59,2.67],[95.57,2.79],[95.35,2.95],[95.33,3.02],[95.38,3.05],[95.55,2.92],[95.62,2.91],[95.67,2.98],[95.64,3.15],[95.72,3.2],[95.74,3.03],[95.78,3.01],[95.93,3.02],[95.98,2.89],[96.11,2.83],[96.22,2.69],[96.37,2.72],[96.44,2.55],[96.63,2.43],[96.73,2.26],[96.77,2.26],[96.85,2.33],[96.97,2.31],[97.13,2.4],[97.31,2.39],[97.37,2.44],[97.33,2.78],[97.19,2.88],[97.1,3.01],[97.04,3.17],[97.06,3.3],[96.9,3.42],[96.77,3.43],[96.63,3.51],[96.46,3.51],[96.12,3.65],[95.67,3.99],[95.62,4.16],[95.53,4.23],[95.5,4.3],[95.29,4.54],[95.26,4.66],[95.14,4.93],[95.09,5.19],[95.02,5.33],[94.97,5.65],[94.88,5.72],[94.84,5.82],[94.86,5.9],[94.93,5.92],[95.27,5.65],[95.31,5.71],[95.24,5.79],[95.19,5.92],[95.34,5.93],[95.41,5.86],[95.39,5.78],[95.43,5.72],[95.97,5.53],[96.17,5.36],[96.4,5.34],[96.61,5.26],[96.95,5.33],[97.16,5.31],[97.42,5.53],[97.49,5.74],[97.57,5.81],[97.66,6.14],[97.83,6.25],[97.9,6.37],[98.02,6.44],[98.09,6.65],[98.26,6.77],[98.19,6.94],[98.21,7.04],[98.19,7.15],[97.93,7.51],[97.9,7.78],[97.85,7.83],[97.85,7.93],[97.71,8.12],[97.6,8.1],[97.57,8.12],[97.56,8.38],[97.45,8.57],[97.47,8.87],[97.43,9.09],[97.3,9.15],[97.24,9.24],[97.25,9.44],[97.33,9.61],[97.3,9.89],[97.35,10.11],[97.33,10.28],[97.35,10.35],[97.32,10.43],[97.4,10.52],[97.42,10.62],[97.33,10.85],[97.37,10.97],[97.18,11.21],[97.24,11.33],[97.24,11.42],[97.18,11.5],[97.05,11.46],[97.01,11.5],[97.11,11.72],[97.01,11.86],[97.09,12.05],[96.99,12.22],[97.02,12.28],[96.99,12.51],[96.82,12.77],[96.68,12.87],[96.56,13.01],[96.49,13.37],[96.32,13.66],[96.17,13.76],[96.01,13.81],[96.01,13.85],[96.09,13.89],[96.13,13.95],[96.08,14.09],[95.87,13.9],[95.73,13.87],[95.57,13.9],[95.53,14.07],[95.48,14.07],[95.36,13.97],[95.2,14.08],[95.08,14.12],[94.47,14.09],[94.21,14.24],[94.13,14.41],[93.8,14.48],[93.58,14.6],[93.56,14.65],[93.4,14.72],[93.39,14.78],[93.44,14.86],[93.59,15.03],[93.63,15.12],[93.63,15.34],[93.68,15.43],[93.65,15.56],[93.73,15.73],[93.65,16.0],[93.69,16.21],[93.73,16.24],[93.8,16.18],[93.89,16.23],[93.92,16.45],[94.01,16.59],[93.93,16.69],[93.92,16.75],[94.03,16.85],[94.09,17.0],[94.23,17.17],[94.25,17.24],[94.16,17.38],[94.18,17.56],[94.16,17.62],[93.87,17.96],[93.82,18.1],[93.74,18.16],[93.65,18.29],[93.51,18.39],[93.49,18.56],[93.38,18.76],[93.1,18.99],[92.96,19.24],[92.7,19.55],[92.53,19.57],[92.27,19.68],[92.14,19.9],[92.08,19.94],[91.22,20.09],[91.15,20.07],[90.77,20.12],[90.49,20.09],[90.35,20.14],[90.2,20.14],[90.1,20.19],[89.48,20.25],[89.25,20.51],[89.24,20.62],[89.19,20.68],[89.3,20.94],[89.29,21.05],[89.17,20.98],[89.02,20.79],[89.02,20.72],[89.06,20.68],[89.03,20.59],[88.73,20.38],[88.57,20.36],[88.13,20.19],[87.94,20.24],[87.82,20.21],[87.8,20.26],[87.74,20.28],[87.62,20.2],[87.42,20.19],[87.1,20.05],[86.93,20.05],[86.6,19.78],[86.05,19.54],[85.82,19.51],[85.61,19.35],[85.52,19.21],[85.4,19.16],[85.35,18.97],[85.23,18.97],[85.16,18.85],[85.04,18.77],[84.96,18.6],[84.87,18.53],[84.75,18.53],[84.73,18.39],[84.58,18.32],[84.22,17.96],[84.13,17.93],[83.86,17.67],[83.79,17.55],[83.74,17.55],[83.26,17.12],[83.12,17.09],[82.95,16.95],[82.86,16.94],[82.76,16.83],[82.57,16.76],[82.45,16.59],[82.42,16.49],[82.35,16.47],[82.18,16.28],[81.97,16.16],[81.8,16.16],[81.56,16.09],[81.39,15.87],[81.01,15.61],[80.86,15.58],[80.59,15.31],[80.5,15.17],[80.36,14.67],[80.41,14.53],[80.33,14.31],[80.43,14.14],[80.5,13.83],[80.5,13.66],[80.6,13.4],[80.57,13.3],[80.62,13.25],[80.6,13.16],[80.65,13.04],[80.62,12.94],[80.72,12.63],[80.48,12.29],[80.22,12.12],[80.16,12.04],[80.12,11.91],[79.97,11.79],[80.02,11.36],[80.23,10.99],[80.24,10.75],[80.32,10.66],[80.41,10.47],[80.55,10.47],[80.6,10.35],[80.69,10.25],[80.89,9.8],[80.91,9.51],[81.01,9.34],[81.1,9.05],[81.22,8.9],[81.32,8.62],[81.51,8.53],[81.51,8.45],[81.56,8.43],[81.78,7.9],[81.91,7.75],[81.99,7.37],[82.01,6.7],[81.98,6.63],[81.77,6.4],[81.73,6.2],[81.32,5.89],[80.52,5.86],[80.2,5.81],[80.11,5.83],[79.91,5.96],[79.82,6.28],[79.72,6.44],[79.71,6.65],[79.63,6.77],[79.61,6.85],[79.64,8.04],[79.61,8.17],[79.69,8.45],[79.44,8.9],[79.3,8.97],[79.2,8.99],[78.82,8.9],[78.57,8.74],[78.46,8.59],[78.39,8.41],[78.32,8.05],[78.05,7.64],[77.94,7.53],[77.93,7.37],[77.77,7.35],[77.6,7.25],[77.5,7.28],[77.24,7.18],[77.09,7.28],[76.94,7.29],[76.81,7.47],[76.69,7.85],[76.71,8.05],[76.57,8.31],[76.0,8.86],[75.94,8.96],[75.89,9.25],[75.82,9.34],[75.8,9.49],[75.65,9.65],[75.65,9.8],[75.59,9.88],[75.66,10.25],[75.64,10.33],[75.44,10.47],[75.38,10.61],[74.93,11.26],[74.62,11.57],[74.57,11.72],[74.49,11.76],[74.48,11.91],[74.21,12.56],[74.17,12.58],[74.12,12.77],[74.0,12.89],[73.97,12.97],[73.82,13.06],[73.72,13.19],[73.52,13.39],[73.4,13.8],[73.42,14.01],[73.36,14.1],[73.31,14.32],[72.93,15.23],[72.89,15.44],[72.8,15.58],[72.79,15.72],[72.73,15.8],[72.7,15.94],[72.5,16.04],[72.44,16.13],[72.37,16.47],[72.25,16.54],[72.13,16.78],[71.79,17.29],[71.6,17.33],[71.5,17.45],[71.31,17.5],[70.85,17.83],[70.35,18.64],[70.38,18.78],[70.35,18.82],[70.21,18.82],[70.04,19.01],[69.89,19.01],[69.89,19.11],[69.73,19.28],[69.65,19.47],[69.51,19.71],[69.51,19.95],[69.44,20.12],[69.41,20.36],[69.32,20.53],[69.32,20.65],[69.22,20.81],[69.22,20.96],[68.77,21.2],[68.58,21.23],[68.5,21.27],[68.31,21.27],[68.21,21.39],[68.12,21.41],[68.05,21.5],[68.02,21.85],[67.76,22.14],[67.18,22.62],[67.13,22.69],[67.04,22.73],[66.97,23.07],[67.09,23.07],[67.25,23.24],[67.34,23.41],[67.35,23.51],[67.32,23.52],[67.17,23.25],[66.89,23.1],[66.76,23.12],[66.61,23.29],[66.58,23.36],[66.53,23.36],[66.2,23.86],[66.13,23.91],[66.05,24.08],[65.93,24.13],[65.96,24.22],[65.82,24.32],[65.82,24.36],[65.91,24.53],[66.02,24.58],[66.08,24.65],[66.08,24.76],[66.03,24.86],[65.84,24.94],[65.65,24.92],[65.45,24.99],[65.31,25.11],[65.21,25.11],[65.14,25.16],[64.88,25.04],[64.68,25.03],[64.52,24.97],[64.4,24.99],[64.3,24.94],[64.13,24.99],[63.8,24.82],[63.63,24.94],[63.4,24.96],[63.27,24.92],[63.15,24.94],[63.0,24.92],[62.39,25.02],[62.14,24.87],[62.02,24.92],[61.87,24.85],[61.57,24.77],[61.18,24.91],[60.97,25.09],[60.77,25.09],[60.71,25.23],[60.64,25.22],[60.61,25.13],[60.54,25.09],[60.4,25.07],[60.24,25.1],[60.05,25.21],[59.96,25.21],[59.91,25.25],[59.77,25.23],[59.6,25.25],[59.41,25.18],[59.27,25.18],[58.85,25.31],[58.47,25.25],[58.33,25.33],[58.11,25.22],[58.06,25.24],[58.04,25.31],[58.16,25.33],[58.18,25.39],[57.89,25.58],[57.77,25.58],[57.6,25.46],[57.51,25.45],[57.41,25.59],[57.37,25.59],[57.34,25.64],[57.26,25.66],[57.2,25.64],[56.68,25.12],[56.65,24.96],[56.88,24.59],[56.98,24.56],[57.39,24.29],[57.34,24.21],[57.42,24.11],[57.56,24.2],[57.63,24.03],[57.86,23.95],[58.35,23.91],[58.52,23.83],[58.64,23.72],[58.66,23.65],[58.81,23.6],[58.83,23.53],[58.97,23.38],[59.03,23.2],[59.26,22.96],[59.32,22.82],[59.41,22.73],[59.5,22.66],[59.85,22.56],[59.9,22.49],[59.87,22.38],[59.91,22.3],[59.77,22.09],[59.79,21.92],[59.77,21.81],[59.5,21.2],[59.5,21.03],[59.43,20.91],[59.38,20.74],[59.21,20.57],[58.99,20.25],[58.83,20.24],[58.66,20.05],[58.54,19.73],[58.29,19.53],[58.16,19.13],[58.02,18.99],[57.97,18.85],[57.86,18.8],[57.44,18.25],[57.32,17.91],[57.14,17.64],[57.08,17.6],[56.91,17.67],[56.79,17.62],[56.5,17.65],[56.28,17.73],[56.25,17.69],[56.27,17.66],[56.48,17.5],[56.05,17.45],[55.96,17.47],[55.92,17.52],[55.88,17.47],[55.8,17.49],[55.64,17.45],[55.41,17.53],[55.33,17.43],[55.33,17.36],[55.25,17.14],[55.04,16.99],[54.81,16.92],[54.68,16.94],[54.61,17.0],[54.34,16.97],[54.15,16.78],[54.01,16.81],[53.98,16.75],[53.81,16.71],[53.49,16.72],[53.31,16.61],[52.94,16.57],[52.75,16.49],[52.69,16.4],[52.54,16.4],[52.34,16.16],[52.33,16.05],[52.44,15.89],[52.44,15.8],[52.3,15.75],[52.24,15.58],[52.03,15.48],[52.01,15.44],[52.09,15.37],[52.36,15.51],[52.37,15.48],[52.28,15.29],[51.97,15.15],[51.82,15.15],[51.59,15.05],[51.5,15.06],[51.49,15.13],[51.4,15.18],[51.08,15.08],[50.9,15.08],[50.74,14.91],[50.66,15.03],[50.59,15.02],[50.63,14.88],[50.61,14.83],[50.46,14.93],[50.22,14.81],[50.04,14.79],[49.95,14.81],[49.61,14.71],[49.36,14.61],[49.09,14.43],[49.02,14.28],[48.76,14.01],[48.58,13.89],[48.51,13.88],[48.31,13.97],[47.99,13.81],[47.9,13.81],[47.77,13.85],[47.39,13.62],[47.36,13.49],[47.29,13.45],[47.24,13.45],[47.16,13.53],[47.07,13.54],[46.85,13.47],[46.69,13.3],[46.62,13.32],[46.49,13.25],[46.32,13.35],[46.21,13.25],[46.11,13.35],[46.0,13.37],[45.84,13.35],[45.64,13.08],[45.15,12.63],[44.69,12.41],[44.55,12.41],[44.45,12.37],[44.33,12.39],[44.19,12.34],[44.0,12.41],[43.78,12.41],[43.47,12.54],[43.44,12.51],[43.49,12.46],[43.56,12.2],[43.53,12.08],[43.37,11.96],[43.23,11.93],[43.07,11.78],[42.8,11.68],[42.84,11.64],[42.94,11.63],[43.04,11.65],[43.06,11.69],[43.18,11.75],[43.28,11.77],[43.69,11.62],[43.66,11.55],[43.71,11.48],[43.88,11.36],[43.82,11.29],[43.81,11.21],[44.07,10.78],[44.36,10.59],[44.53,10.61],[44.67,10.54],[44.84,10.54],[44.96,10.49],[45.13,10.56],[45.39,10.76],[45.67,10.9],[45.84,10.95],[45.97,10.93],[46.09,10.83],[46.62,10.79],[47.07,11.05],[47.25,11.3],[47.45,11.26],[47.52,11.22],[47.65,11.24],[47.77,11.17],[48.11,11.2],[48.59,11.4],[49.0,11.33],[49.61,11.52],[49.83,11.53],[50.08,11.64],[50.24,11.62],[50.45,11.79],[50.53,11.97],[50.65,12.03],[50.94,12.05],[51.19,11.93],[51.51,11.9],[51.63,11.83],[51.75,11.67],[51.65,11.48],[51.46,11.33],[51.32,11.08],[51.44,10.81],[51.62,10.69],[51.7,10.54],[51.63,10.45],[51.61,10.3],[51.46,10.11],[51.46,10.01],[51.41,9.97],[51.39,9.8],[51.23,9.79],[50.47,8.63],[50.37,8.3],[50.24,8.07],[50.21,7.93],[50.12,7.83],[49.61,6.97],[49.2,6.13],[49.16,5.91],[49.06,5.84],[49.01,5.72],[48.82,5.55],[48.53,4.9],[48.39,4.81],[48.37,4.71],[48.29,4.66],[48.25,4.54],[48.2,4.52],[48.2,4.35],[48.13,4.28],[48.1,4.16],[47.77,3.87],[47.69,3.85],[47.6,3.68],[47.24,3.37],[46.97,3.2],[46.6,2.82],[46.32,2.61],[46.07,2.34],[45.46,1.97],[45.39,1.97],[45.37,1.93],[45.1,1.85],[44.84,1.67],[112.51,-24.31],[112.61,-24.22],[112.68,-24.05],[113.2,-23.41],[113.45,-22.87],[113.43,-22.59],[113.57,-22.3],[113.7,-22.3],[113.76,-22.18],[113.75,-22.13],[113.69,-22.17],[113.62,-22.12],[113.7,-22.03],[113.75,-22.08],[113.78,-22.05],[113.74,-21.94],[113.76,-21.88],[113.87,-21.73],[114.04,-21.6],[114.2,-21.4],[114.55,-21.2],[114.66,-21.1],[114.73,-20.98],[114.75,-20.75],[114.82,-20.64],[114.83,-20.46],[115.06,-20.09],[115.49,-19.63],[115.59,-19.6],[111.29,-8.41]],[[61.89,21.41],[61.9,21.36],[61.86,21.31],[61.76,21.27],[61.71,21.29],[61.74,21.36],[61.89,21.41]],[[72.06,16.66],[72.16,16.6],[72.24,16.47],[72.17,16.34],[72.11,16.3],[72.01,16.44],[71.96,16.58],[71.99,16.66],[72.06,16.66]],[[72.27,13.91],[72.34,13.87],[72.34,13.8],[72.29,13.73],[72.2,13.69],[72.19,13.55],[72.12,13.55],[72.08,13.63],[72.14,13.81],[72.2,13.9],[72.27,13.91]],[[72.39,12.73],[72.41,12.91],[72.3,13.21],[72.34,13.35],[72.42,13.45],[72.48,13.48],[72.46,13.38],[72.51,13.25],[72.49,13.04],[72.75,12.76],[72.77,12.59],[72.73,12.54],[72.67,12.54],[72.48,12.65],[72.39,12.73]],[[53.05,11.57],[52.99,11.55],[52.64,11.64],[52.47,11.88],[52.5,12.0],[52.46,12.03],[52.25,12.06],[51.88,12.24],[51.85,12.27],[51.85,12.32],[51.9,12.34],[52.01,12.29],[52.06,12.44],[52.13,12.46],[52.21,12.41],[52.13,12.34],[52.17,12.28],[52.3,12.25],[52.59,12.27],[52.62,12.12],[53.05,12.22],[53.26,12.17],[53.39,12.24],[53.45,12.33],[53.43,12.41],[53.28,12.54],[53.39,12.69],[53.51,12.75],[53.74,12.75],[53.95,12.83],[54.09,12.73],[54.55,12.59],[54.7,12.47],[54.68,12.43],[54.53,12.39],[54.32,12.28],[54.25,12.27],[54.3,12.36],[54.29,12.42],[54.16,12.33],[54.02,12.31],[54.0,12.27],[54.03,12.23],[54.22,12.25],[54.22,12.22],[54.0,12.09],[53.84,11.92],[53.67,11.93],[53.53,11.84],[53.32,11.82],[53.28,11.74],[53.14,11.67],[53.05,11.57]],[[71.86,12.27],[71.85,12.4],[71.94,12.45],[71.98,12.37],[71.96,12.29],[71.91,12.25],[71.86,12.27]],[[71.71,11.92],[71.77,12.01],[71.83,11.99],[71.88,11.87],[71.87,11.79],[71.82,11.76],[71.77,11.78],[71.71,11.92]],[[72.67,11.66],[72.67,11.7],[72.74,11.73],[72.73,11.65],[72.67,11.66]],[[72.2,11.52],[72.16,11.47],[72.1,11.51],[72.15,11.63],[72.21,11.59],[72.2,11.52]],[[73.05,11.51],[73.05,11.45],[72.97,11.46],[72.99,11.53],[73.05,11.51]],[[51.02,12.32],[51.11,12.22],[51.07,12.15],[50.97,12.18],[50.94,12.24],[50.96,12.3],[51.02,12.32]],[[71.98,13.23],[72.09,13.15],[72.09,13.05],[71.98,13.06],[71.9,13.12],[71.9,13.19],[71.98,13.23]],[[72.61,10.78],[72.53,10.75],[72.46,10.91],[72.73,11.17],[72.73,11.24],[72.8,11.3],[72.83,11.26],[72.79,11.13],[72.7,11.05],[72.68,10.85],[72.61,10.78]],[[73.66,10.8],[73.64,10.86],[73.72,10.85],[73.71,10.8],[73.66,10.8]],[[72.33,11.0],[72.36,10.96],[72.36,10.92],[72.23,10.87],[72.2,10.79],[72.16,10.78],[72.13,10.85],[72.17,10.92],[72.22,10.93],[72.25,11.0],[72.33,11.0]],[[72.1,11.26],[72.13,11.17],[72.08,11.11],[71.98,11.12],[71.96,11.19],[72.1,11.26]],[[72.68,10.59],[72.65,10.53],[72.6,10.54],[72.63,10.59],[72.68,10.59]],[[73.62,10.04],[73.64,10.15],[73.68,10.17],[73.66,10.06],[73.62,10.04]],[[72.33,10.03],[72.23,9.99],[72.2,10.05],[72.31,10.17],[72.36,10.13],[72.33,10.03]],[[73.11,8.32],[73.05,8.22],[72.98,8.27],[73.07,8.36],[73.11,8.32]],[[72.94,4.98],[72.85,4.99],[72.76,5.11],[72.82,5.32],[72.81,5.42],[72.74,5.53],[72.82,5.68],[72.79,5.74],[72.87,5.89],[72.89,5.99],[73.01,6.01],[72.94,6.13],[72.92,6.29],[72.81,6.46],[72.85,6.73],[72.91,6.82],[72.91,6.88],[72.76,7.07],[72.78,7.12],[72.88,7.13],[73.11,6.99],[73.2,7.02],[73.33,6.99],[73.33,6.88],[73.16,6.65],[73.11,6.51],[73.29,6.29],[73.33,6.05],[73.49,5.96],[73.52,5.89],[73.49,5.75],[73.35,5.6],[73.25,5.63],[73.15,5.74],[73.09,5.86],[73.06,5.84],[73.11,5.64],[73.11,5.42],[73.22,5.24],[73.22,5.19],[73.16,5.12],[73.16,5.07],[72.94,4.98]],[[73.46,5.6],[73.68,5.42],[73.68,5.29],[73.63,5.23],[73.48,5.21],[73.48,5.27],[73.28,5.35],[73.32,5.47],[73.46,5.6]],[[73.49,4.99],[73.46,4.94],[73.41,4.96],[73.43,5.01],[73.49,4.99]],[[72.71,6.47],[72.75,6.44],[72.64,6.16],[72.6,6.15],[72.53,6.21],[72.53,6.3],[72.62,6.43],[72.71,6.47]],[[73.07,4.81],[72.92,4.78],[72.84,4.85],[72.92,4.92],[73.01,4.93],[73.08,4.89],[73.07,4.81]],[[73.31,3.38],[73.22,3.54],[73.33,3.76],[73.31,3.99],[73.37,4.15],[73.31,4.27],[73.3,4.35],[73.33,4.76],[73.4,4.8],[73.48,4.81],[73.76,4.45],[73.54,4.18],[73.57,4.05],[73.53,3.68],[73.6,3.52],[73.77,3.53],[73.81,3.45],[73.77,3.38],[73.55,3.26],[73.57,3.2],[73.7,3.16],[73.71,3.11],[73.64,2.89],[73.4,2.73],[73.35,2.74],[73.31,2.79],[73.34,2.86],[73.32,2.96],[73.28,3.03],[73.31,3.38]],[[73.12,2.14],[72.95,2.15],[72.87,2.29],[72.86,2.46],[72.92,2.57],[72.77,2.8],[72.82,2.97],[72.78,3.28],[72.82,3.38],[72.65,3.55],[72.66,4.11],[72.7,4.28],[72.82,4.45],[72.89,4.48],[73.01,4.44],[73.07,4.29],[73.02,4.1],[73.03,3.66],[72.99,3.53],[72.92,3.44],[73.11,3.22],[73.06,3.06],[73.07,2.74],[72.99,2.67],[73.08,2.6],[73.33,2.57],[73.41,2.41],[73.37,2.31],[73.12,2.14]],[[73.43,1.78],[73.37,1.75],[73.28,1.76],[73.23,1.8],[73.2,1.91],[73.33,2.07],[73.56,2.17],[73.62,2.11],[73.59,1.87],[73.53,1.8],[73.43,1.78]],[[73.47,0.73],[73.61,0.47],[73.59,0.36],[73.5,0.24],[73.21,0.15],[73.1,0.18],[72.95,0.27],[72.91,0.42],[72.91,0.55],[73.04,0.68],[73.18,0.73],[73.09,0.83],[73.11,0.88],[73.22,0.95],[73.42,0.93],[73.46,0.88],[73.47,0.73]],[[73.45,-0.26],[73.48,-0.3],[73.44,-0.34],[73.4,-0.28],[73.45,-0.26]],[[73.25,-0.7],[73.21,-0.74],[73.14,-0.72],[73.06,-0.63],[73.06,-0.55],[73.27,-0.54],[73.25,-0.7]],[[72.18,-5.15],[72.14,-5.1],[72.22,-5.0],[72.31,-4.75],[72.41,-4.7],[72.45,-4.71],[72.52,-4.89],[72.65,-4.82],[72.64,-4.94],[72.51,-4.91],[72.33,-5.12],[72.18,-5.15]],[[72.45,-5.13],[72.53,-5.15],[72.52,-5.24],[72.26,-5.39],[72.18,-5.39],[72.17,-5.31],[72.45,-5.13]],[[102.31,-5.65],[102.22,-5.6],[102.06,-5.42],[102.03,-5.32],[102.06,-5.24],[102.18,-5.21],[102.28,-5.24],[102.42,-5.34],[102.52,-5.46],[102.53,-5.54],[102.31,-5.65]],[[72.15,-6.83],[72.12,-6.76],[71.92,-6.68],[71.53,-6.67],[71.33,-6.71],[71.29,-6.67],[71.31,-6.55],[71.22,-6.46],[71.25,-6.23],[71.33,-6.12],[71.42,-6.14],[71.46,-6.12],[71.58,-5.8],[71.84,-5.8],[72.04,-5.63],[72.23,-5.66],[72.53,-5.63],[72.53,-5.61],[72.59,-5.63],[72.69,-5.69],[72.77,-5.81],[72.77,-6.07],[72.56,-6.31],[72.56,-6.4],[72.41,-6.55],[72.34,-6.91],[72.21,-6.96],[72.07,-6.93],[72.04,-6.89],[72.06,-6.85],[72.15,-6.83]],[[71.53,-7.6],[71.5,-7.65],[71.39,-7.63],[71.38,-7.58],[71.45,-7.51],[71.35,-7.32],[71.21,-7.24],[71.17,-7.17],[71.13,-7.18],[71.1,-7.24],[70.99,-7.18],[70.98,-7.12],[71.04,-7.04],[71.07,-6.86],[71.19,-6.82],[71.27,-6.84],[71.55,-7.05],[71.55,-7.46],[71.48,-7.51],[71.53,-7.6]],[[72.42,-7.21],[72.47,-7.21],[72.52,-7.3],[72.51,-7.4],[72.43,-7.46],[72.33,-7.28],[72.34,-7.23],[72.42,-7.21]],[[71.95,-5.44],[71.81,-5.49],[71.75,-5.46],[71.67,-5.37],[71.56,-5.46],[71.48,-5.43],[71.54,-5.36],[71.65,-5.35],[71.64,-5.21],[71.72,-5.13],[71.86,-5.2],[71.95,-5.16],[72.0,-5.2],[72.03,-5.37],[71.95,-5.44]],[[105.63,-10.61],[105.53,-10.54],[105.53,-10.44],[105.74,-10.41],[105.72,-10.58],[105.63,-10.61]],[[96.86,-12.24],[96.8,-12.19],[96.8,-12.11],[96.86,-12.07],[96.93,-12.08],[96.95,-12.17],[96.91,-12.23],[96.86,-12.24]],[[96.14,-13.22],[96.12,-13.18],[96.17,-13.12],[96.37,-13.17],[96.39,-13.21],[96.33,-13.28],[96.25,-13.22],[96.14,-13.22]],[[93.64,7.65],[93.89,7.28],[93.94,7.09],[94.01,6.95],[93.9,6.67],[93.89,6.48],[93.83,6.44],[93.77,6.47],[93.63,6.73],[93.61,6.84],[93.51,6.98],[93.51,7.26],[93.46,7.51],[93.64,7.65]],[[93.5,7.63],[93.42,7.64],[93.32,7.78],[93.2,7.85],[93.19,7.93],[93.27,8.06],[93.09,8.18],[93.04,8.26],[93.04,8.36],[92.96,8.51],[92.98,8.57],[93.03,8.58],[93.17,8.34],[93.28,8.27],[93.36,8.09],[93.4,8.41],[93.53,8.5],[93.56,8.62],[93.64,8.61],[93.7,8.33],[93.71,8.08],[93.68,7.98],[93.51,7.86],[93.54,7.69],[93.5,7.63]],[[92.79,9.39],[92.87,9.31],[92.91,9.18],[92.89,8.98],[92.96,8.79],[92.91,8.74],[92.84,8.76],[92.81,8.91],[92.68,9.05],[92.64,9.16],[92.68,9.35],[92.79,9.39]],[[96.67,10.2],[96.73,10.14],[96.71,10.08],[96.63,10.04],[96.51,10.07],[96.5,10.1],[96.54,10.16],[96.67,10.2]],[[92.72,10.85],[92.75,10.55],[92.68,10.42],[92.51,10.37],[92.38,10.42],[92.2,10.38],[92.14,10.42],[92.1,10.54],[92.22,10.79],[92.1,11.02],[92.18,11.07],[92.28,10.96],[92.35,10.96],[92.45,11.16],[92.38,11.33],[92.3,11.41],[92.16,11.48],[92.14,11.58],[92.15,11.63],[92.29,11.71],[92.32,11.78],[92.3,11.89],[92.18,12.05],[92.19,12.1],[92.24,12.04],[92.3,12.04],[92.36,12.12],[92.26,12.13],[92.29,12.23],[92.26,12.36],[92.31,12.44],[92.31,12.53],[92.4,12.86],[92.38,13.25],[92.45,13.37],[92.62,13.52],[92.65,13.73],[92.93,13.82],[92.98,13.97],[93.12,14.1],[93.17,14.21],[93.32,14.31],[93.34,14.42],[93.46,14.44],[93.53,14.38],[93.55,14.29],[93.44,14.02],[93.39,13.81],[93.25,13.64],[93.2,13.35],[93.1,13.13],[93.05,12.75],[93.26,12.28],[93.26,12.15],[93.13,11.75],[93.09,11.71],[92.89,11.72],[92.8,11.63],[92.76,11.0],[92.72,10.85]],[[94.26,13.39],[94.21,13.42],[94.21,13.47],[94.28,13.47],[94.35,13.44],[94.34,13.39],[94.26,13.39]],[[93.82,12.26],[93.84,12.31],[93.91,12.3],[93.89,12.24],[93.82,12.26]],[[93.43,11.37],[93.4,11.47],[93.54,11.5],[93.58,11.48],[93.58,11.19],[93.51,10.9],[93.45,10.97],[93.37,11.25],[93.3,11.31],[93.3,11.36],[93.4,11.33],[93.43,11.37]]],[[[96.98,13.01],[97.0,13.24],[96.96,13.33],[96.92,13.3],[96.92,12.97],[96.98,13.01]]],[[[-132.06,22.93],[-171.08,11.39],[-180.0,11.0],[-180.0,-11.73],[-179.92,-11.63],[-179.77,-11.63],[-179.4,-12.07],[-179.32,-12.12],[-179.24,-12.12],[-179.22,-12.19],[-179.35,-12.23],[-179.39,-12.38],[-179.59,-12.31],[-179.63,-12.21],[-179.77,-12.12],[-179.71,-12.0],[-179.73,-11.94],[-179.91,-11.8],[-180.0,-11.8],[-180.0,-15.69],[-179.72,-15.76],[-179.63,-15.83],[-179.7,-15.88],[-180.0,-15.79],[-180.0,-16.09],[-179.86,-16.04],[-179.83,-16.08],[-179.73,-16.07],[-179.59,-16.0],[-179.51,-16.03],[-179.35,-15.91],[-179.27,-15.89],[-179.23,-15.91],[-179.13,-16.1],[-179.24,-16.18],[-179.23,-16.31],[-179.42,-16.43],[-179.35,-16.58],[-179.44,-16.76],[-179.47,-16.74],[-179.56,-16.41],[-179.5,-16.25],[-179.44,-16.27],[-179.39,-16.22],[-179.4,-16.06],[-179.46,-16.06],[-179.63,-16.21],[-179.78,-16.17],[-180.0,-16.21],[-180.0,-16.41],[-179.92,-16.34],[-179.87,-16.34],[-179.78,-16.46],[-179.71,-16.43],[-179.64,-16.48],[-179.65,-16.53],[-179.76,-16.6],[-179.78,-16.65],[-179.72,-16.69],[-179.64,-16.66],[-179.58,-16.72],[-179.62,-16.8],[-179.75,-16.84],[-180.0,-16.99],[-180.0,-18.48],[-179.96,-18.5],[-179.95,-18.56],[-180.0,-18.71],[-180.0,-77.87],[-176.86,-78.12],[-176.92,-78.2],[-176.87,-78.21],[-176.96,-78.26],[-176.91,-78.27],[-165.11,-78.61],[-164.71,-78.57],[-164.45,-78.58],[-162.44,-78.48],[-158.87,-77.92],[-158.57,-77.65],[-158.61,-77.58],[-158.68,-77.56],[-158.81,-77.58],[-158.82,-77.53],[-158.68,-77.44],[-158.48,-77.49],[-158.39,-77.43],[-158.46,-77.35],[-158.46,-77.29],[-158.4,-77.22],[-158.48,-77.06],[-158.67,-77.02],[-158.68,-76.99],[-158.39,-76.84],[-158.18,-76.84],[-158.16,-76.7],[-158.11,-76.7],[-158.09,-76.79],[-157.93,-76.84],[-157.9,-76.91],[-157.94,-76.97],[-157.88,-77.04],[-157.7,-76.94],[-157.64,-76.99],[-157.48,-77.02],[-157.34,-76.97],[-157.18,-76.97],[-157.14,-77.0],[-157.16,-77.01],[-157.1,-77.0],[-157.19,-77.03],[-157.08,-77.05],[-155.85,-77.03],[-155.67,-76.95],[-155.43,-77.02],[-154.27,-77.01],[-154.04,-77.08],[-153.45,-77.12],[-153.05,-77.2],[-152.92,-77.17],[-152.42,-77.21],[-152.54,-77.23],[-152.48,-77.24],[-152.54,-77.26],[-152.5,-77.26],[-152.32,-77.18],[-151.93,-77.1],[-151.79,-76.95],[-151.72,-76.92],[-151.29,-76.94],[-151.29,-76.91],[-151.37,-76.85],[-151.99,-76.79],[-152.03,-76.73],[-152.05,-76.52],[-152.13,-76.46],[-153.28,-76.43],[-153.6,-76.36],[-154.01,-76.41],[-154.09,-76.38],[-154.1,-76.34],[-153.83,-76.27],[-152.76,-76.24],[-152.65,-76.29],[-152.49,-76.29],[-152.34,-76.37],[-152.17,-76.23],[-151.6,-76.12],[-151.19,-76.19],[-151.05,-76.37],[-150.93,-76.41],[-150.19,-76.41],[-149.97,-76.31],[-149.59,-76.25],[-149.5,-76.21],[-149.52,-76.14],[-149.84,-76.06],[-149.92,-76.0],[-149.87,-75.88],[-149.91,-75.75],[-149.89,-75.71],[-149.78,-75.65],[-149.15,-75.62],[-148.53,-75.47],[-147.88,-75.52],[-147.59,-75.42],[-146.99,-75.33],[-146.86,-75.24],[-145.92,-75.18],[-145.37,-75.06],[-145.22,-75.11],[-145.17,-75.18],[-145.5,-75.31],[-145.24,-75.38],[-144.95,-75.39],[-144.75,-75.33],[-144.26,-75.33],[-144.19,-75.38],[-143.71,-75.38],[-143.56,-75.33],[-143.42,-75.33],[-142.9,-75.16],[-142.91,-75.11],[-143.04,-75.04],[-143.37,-74.95],[-143.6,-74.93],[-143.67,-74.9],[-143.65,-74.82],[-143.52,-74.79],[-143.37,-74.8],[-142.79,-75.11],[-142.78,-75.19],[-142.82,-75.23],[-142.98,-75.32],[-143.0,-75.37],[-142.35,-75.4],[-142.31,-75.36],[-142.39,-75.23],[-142.59,-75.16],[-142.65,-75.09],[-141.86,-75.03],[-141.77,-75.06],[-141.71,-75.16],[-141.45,-75.28],[-141.42,-75.36],[-141.27,-75.44],[-141.14,-75.46],[-140.95,-75.44],[-140.47,-75.24],[-140.23,-75.3],[-140.1,-75.13],[-140.05,-75.11],[-139.8,-75.13],[-139.41,-75.1],[-139.21,-75.02],[-137.24,-74.92],[-136.91,-74.73],[-136.73,-74.71],[-136.53,-74.62],[-136.41,-74.6],[-135.8,-74.6],[-135.48,-74.52],[-134.68,-74.56],[-134.56,-74.51],[-134.32,-74.53],[-133.91,-74.51],[-133.79,-74.47],[-133.03,-74.43],[-132.65,-74.35],[-132.14,-74.37],[-131.95,-74.3],[-131.56,-74.3],[-131.52,-74.35],[-131.24,-74.38],[-130.95,-74.36],[-130.43,-74.41],[-129.98,-74.42],[-128.7,-74.34],[-128.55,-74.3],[-128.44,-74.3],[-128.3,-74.23],[-128.11,-74.2],[-127.56,-73.93],[-127.45,-73.84],[-127.39,-73.75],[-127.38,-73.65],[-127.58,-73.55],[-127.58,-73.39],[-127.65,-73.31],[-127.44,-73.32],[-127.31,-73.27],[-127.09,-73.25],[-126.97,-73.17],[-126.8,-73.16],[-126.49,-73.18],[-126.26,-73.26],[-126.04,-73.27],[-125.89,-73.35],[-125.54,-73.41],[-125.32,-73.57],[-125.03,-73.48],[-124.93,-73.49],[-124.58,-73.69],[-124.11,-73.8],[-124.0,-73.86],[-123.47,-73.84],[-123.21,-73.65],[-121.68,-73.66],[-120.41,-73.75],[-118.91,-73.77],[-118.84,-73.83],[-118.79,-73.92],[-118.66,-73.95],[-117.38,-74.05],[-116.51,-73.84],[-116.37,-73.83],[-116.14,-73.87],[-115.91,-73.99],[-115.55,-74.01],[-115.42,-74.08],[-115.21,-74.1],[-114.92,-73.93],[-114.23,-73.82],[-113.51,-73.99],[-113.3,-74.17],[-112.03,-74.22],[-111.76,-74.15],[-111.64,-74.07],[-111.52,-74.04],[-110.99,-74.03],[-110.78,-74.15],[-110.68,-74.11],[-110.51,-74.11],[-110.39,-74.18],[-110.23,-74.18],[-110.13,-74.27],[-110.15,-74.35],[-110.12,-74.43],[-109.83,-74.61],[-109.6,-74.66],[-109.43,-74.78],[-109.17,-74.8],[-108.95,-75.02],[-108.64,-75.02],[-108.57,-75.06],[-108.46,-75.06],[-108.46,-75.14],[-108.39,-75.12],[-108.38,-75.04],[-108.28,-75.0],[-108.26,-74.96],[-108.52,-74.85],[-108.47,-74.77],[-108.64,-74.71],[-108.66,-74.49],[-108.61,-74.45],[-108.38,-74.42],[-108.31,-74.37],[-108.16,-74.37],[-107.99,-74.3],[-107.75,-74.3],[-132.06,22.93]],[[-165.21,9.75],[-165.18,9.78],[-165.07,9.73],[-165.05,9.65],[-165.14,9.61],[-165.21,9.75]],[[-162.49,6.34],[-162.51,6.4],[-162.44,6.46],[-162.39,6.47],[-162.3,6.42],[-162.3,6.35],[-162.34,6.31],[-162.49,6.34]],[[-162.15,5.81],[-162.2,5.84],[-162.18,5.91],[-162.09,5.93],[-162.03,5.89],[-162.03,5.82],[-162.15,5.81]],[[-160.45,4.68],[-160.44,4.76],[-160.36,4.76],[-160.33,4.72],[-160.35,4.68],[-160.45,4.68]],[[-159.34,3.76],[-159.44,3.86],[-159.43,3.92],[-159.38,3.97],[-159.26,3.91],[-159.23,3.85],[-159.24,3.78],[-159.34,3.76]],[[-157.46,2.07],[-157.39,2.06],[-157.28,1.99],[-157.27,1.88],[-157.15,1.76],[-157.16,1.7],[-157.23,1.68],[-157.35,1.72],[-157.61,1.87],[-157.53,2.04],[-157.46,2.07]],[[-176.64,0.84],[-176.6,0.81],[-176.63,0.77],[-176.67,0.8],[-176.64,0.84]],[[-176.49,0.23],[-176.46,0.26],[-176.43,0.23],[-176.45,0.16],[-176.5,0.16],[-176.49,0.23]],[[-160.06,-0.41],[-160.06,-0.33],[-159.97,-0.33],[-159.95,-0.37],[-159.96,-0.41],[-160.06,-0.41]],[[-174.75,-0.8],[-174.68,-0.75],[-174.63,-0.79],[-174.63,-0.89],[-174.68,-0.95],[-174.72,-0.91],[-174.75,-0.8]],[[-175.03,-1.55],[-174.98,-1.51],[-174.92,-1.54],[-174.87,-1.63],[-174.88,-1.7],[-174.93,-1.71],[-175.0,-1.66],[-175.03,-1.55]],[[-174.62,-1.76],[-174.45,-1.77],[-174.46,-1.9],[-174.52,-1.91],[-174.59,-1.82],[-174.64,-1.81],[-174.62,-1.76]],[[-171.81,-2.8],[-171.82,-2.73],[-171.79,-2.68],[-171.74,-2.68],[-171.64,-2.74],[-171.51,-2.87],[-171.5,-2.92],[-171.6,-2.95],[-171.68,-2.9],[-171.79,-2.91],[-171.83,-2.88],[-171.81,-2.8]],[[-171.09,-3.23],[-171.2,-3.12],[-171.22,-3.06],[-171.17,-3.03],[-171.06,-3.04],[-170.94,-3.14],[-170.97,-3.21],[-171.05,-3.2],[-171.09,-3.23]],[[-171.48,-3.49],[-171.42,-3.52],[-171.42,-3.59],[-171.46,-3.67],[-171.53,-3.69],[-171.55,-3.64],[-171.5,-3.62],[-171.48,-3.55],[-171.57,-3.6],[-171.6,-3.56],[-171.56,-3.51],[-171.48,-3.49]],[[-170.81,-3.64],[-170.7,-3.63],[-170.63,-3.72],[-170.64,-3.78],[-170.73,-3.8],[-170.73,-3.76],[-170.69,-3.74],[-170.74,-3.68],[-170.81,-3.71],[-170.81,-3.64]],[[-173.24,-3.76],[-173.2,-3.82],[-173.24,-3.89],[-173.28,-3.8],[-173.24,-3.76]],[[-170.89,-3.87],[-170.86,-3.85],[-170.82,-3.88],[-170.85,-3.94],[-170.91,-3.96],[-170.96,-3.94],[-170.96,-3.9],[-170.89,-3.9],[-170.89,-3.87]],[[-174.09,-3.69],[-174.13,-3.7],[-174.18,-3.66],[-174.17,-3.63],[-174.11,-3.63],[-174.13,-3.59],[-174.16,-3.61],[-174.2,-3.59],[-174.15,-3.53],[-174.1,-3.53],[-174.05,-3.6],[-174.05,-3.65],[-174.09,-3.69]],[[-154.97,-4.12],[-155.05,-4.04],[-154.93,-4.01],[-154.92,-4.1],[-154.97,-4.12]],[[-171.31,-4.39],[-171.23,-4.34],[-171.14,-4.38],[-171.12,-4.45],[-171.18,-4.54],[-171.26,-4.54],[-171.35,-4.49],[-171.37,-4.44],[-171.31,-4.39]],[[-172.09,-4.4],[-172.03,-4.47],[-172.06,-4.55],[-172.14,-4.55],[-172.1,-4.57],[-172.12,-4.61],[-172.23,-4.61],[-172.35,-4.5],[-172.31,-4.43],[-172.18,-4.39],[-172.09,-4.4]],[[-174.52,-4.72],[-174.56,-4.68],[-174.56,-4.63],[-174.48,-4.67],[-174.48,-4.71],[-174.52,-4.72]],[[-155.92,-5.66],[-155.96,-5.62],[-155.95,-5.58],[-155.84,-5.6],[-155.84,-5.65],[-155.92,-5.66]],[[-140.38,-7.83],[-140.3,-7.77],[-140.19,-7.8],[-140.13,-7.86],[-140.22,-7.9],[-140.32,-7.88],[-140.38,-7.83]],[[-140.56,-7.84],[-140.53,-7.89],[-140.56,-7.94],[-140.69,-8.06],[-140.73,-8.07],[-140.75,-7.97],[-140.56,-7.84]],[[-172.55,-8.52],[-172.46,-8.52],[-172.46,-8.62],[-172.55,-8.62],[-172.55,-8.52]],[[-140.05,-8.74],[-139.99,-8.77],[-139.99,-8.92],[-140.07,-8.97],[-140.25,-8.97],[-140.29,-8.83],[-140.27,-8.77],[-140.05,-8.74]],[[-139.65,-8.93],[-139.65,-8.88],[-139.6,-8.83],[-139.5,-8.86],[-139.43,-8.92],[-139.48,-8.97],[-139.62,-8.98],[-139.65,-8.93]],[[-157.88,-8.99],[-157.86,-9.1],[-157.92,-9.17],[-158.06,-9.08],[-158.09,-9.02],[-158.01,-8.92],[-157.91,-8.93],[-157.88,-8.99]],[[-171.82,-9.13],[-171.81,-9.23],[-171.86,-9.28],[-171.98,-9.21],[-171.96,-9.1],[-171.84,-9.06],[-171.82,-9.13]],[[-171.25,-9.49],[-171.33,-9.42],[-171.33,-9.35],[-171.26,-9.3],[-171.18,-9.3],[-171.16,-9.36],[-171.19,-9.46],[-171.25,-9.49]],[[-140.14,-9.48],[-140.18,-9.35],[-140.11,-9.3],[-140.01,-9.32],[-140.03,-9.52],[-140.08,-9.53],[-140.14,-9.48]],[[-139.18,-9.83],[-139.19,-9.74],[-139.06,-9.67],[-138.78,-9.73],[-138.84,-9.81],[-138.96,-9.86],[-139.09,-10.05],[-139.17,-10.02],[-139.15,-9.89],[-139.18,-9.83]],[[-161.04,-10.05],[-161.11,-10.09],[-161.13,-9.99],[-161.04,-9.98],[-161.04,-10.05]],[[-150.29,-10.04],[-150.31,-9.97],[-150.27,-9.87],[-150.22,-9.84],[-150.19,-9.87],[-150.18,-9.98],[-150.22,-10.04],[-150.29,-10.04]],[[-161.07,-10.41],[-161.08,-10.34],[-161.0,-10.31],[-160.93,-10.35],[-160.91,-10.44],[-161.01,-10.49],[-161.05,-10.44],[-161.01,-10.39],[-161.07,-10.41]],[[-138.71,-10.47],[-138.72,-10.4],[-138.62,-10.42],[-138.59,-10.47],[-138.61,-10.56],[-138.7,-10.57],[-138.71,-10.47]],[[-179.15,-10.57],[-179.12,-10.6],[-179.14,-10.69],[-179.18,-10.77],[-179.23,-10.78],[-179.27,-10.71],[-179.27,-10.66],[-179.21,-10.58],[-179.15,-10.57]],[[-165.88,-10.85],[-165.84,-10.82],[-165.8,-10.84],[-165.79,-10.98],[-165.95,-10.94],[-165.96,-10.89],[-165.89,-10.88],[-165.88,-10.85]],[[-176.76,-11.0],[-176.76,-11.12],[-176.88,-11.16],[-176.95,-11.13],[-176.94,-11.05],[-176.91,-11.06],[-176.9,-11.1],[-176.8,-11.06],[-176.84,-11.0],[-176.94,-11.0],[-176.92,-10.93],[-176.79,-10.95],[-176.76,-11.0]],[[-171.1,-11.09],[-171.12,-11.05],[-171.07,-11.02],[-171.04,-11.06],[-171.1,-11.09]],[[-151.84,-11.38],[-151.79,-11.36],[-151.76,-11.48],[-151.82,-11.48],[-151.84,-11.38]],[[-165.37,-11.5],[-165.39,-11.59],[-165.47,-11.59],[-165.46,-11.5],[-165.37,-11.5]],[[-177.61,-11.6],[-177.56,-11.65],[-177.63,-11.71],[-177.68,-11.64],[-177.61,-11.6]],[[-178.35,-11.84],[-178.34,-11.76],[-178.25,-11.72],[-178.13,-11.79],[-178.1,-11.84],[-178.14,-11.88],[-178.32,-11.9],[-178.35,-11.84]],[[-148.52,-12.11],[-148.55,-12.02],[-148.48,-11.98],[-148.44,-12.02],[-148.43,-12.1],[-148.47,-12.13],[-148.52,-12.11]],[[-177.44,-12.18],[-177.38,-12.22],[-177.43,-12.33],[-177.4,-12.42],[-177.5,-12.44],[-177.61,-12.55],[-177.65,-12.51],[-177.6,-12.42],[-177.62,-12.26],[-177.44,-12.18]],[[-176.86,-12.54],[-176.85,-12.48],[-176.77,-12.44],[-176.7,-12.46],[-176.66,-12.52],[-176.68,-12.57],[-176.74,-12.6],[-176.86,-12.54]],[[-179.22,-12.89],[-179.31,-12.81],[-179.27,-12.71],[-179.19,-12.73],[-179.13,-12.78],[-179.15,-12.86],[-179.22,-12.89]],[[-176.29,-13.23],[-176.21,-13.15],[-176.14,-13.14],[-176.04,-13.27],[-176.1,-13.4],[-176.2,-13.42],[-176.27,-13.39],[-176.31,-13.32],[-176.29,-13.23]],[[-163.15,-13.36],[-163.22,-13.27],[-163.12,-13.16],[-163.01,-13.23],[-162.99,-13.3],[-163.15,-13.36]],[[-172.43,-13.41],[-172.38,-13.38],[-172.33,-13.4],[-172.17,-13.61],[-172.05,-13.7],[-171.69,-13.72],[-171.55,-13.84],[-171.39,-13.92],[-171.39,-14.03],[-171.47,-14.08],[-171.76,-14.08],[-171.84,-14.03],[-172.17,-14.04],[-172.34,-13.82],[-172.54,-13.83],[-172.77,-13.6],[-172.82,-13.48],[-172.43,-13.41]],[[-141.28,-14.12],[-141.19,-14.13],[-141.14,-14.17],[-141.15,-14.21],[-141.21,-14.24],[-141.28,-14.22],[-141.31,-14.17],[-141.28,-14.12]],[[-169.41,-14.24],[-169.43,-14.28],[-169.51,-14.3],[-169.57,-14.23],[-169.53,-14.2],[-169.46,-14.19],[-169.41,-14.24]],[[-145.91,-14.29],[-145.84,-14.3],[-145.8,-14.34],[-145.83,-14.43],[-145.91,-14.51],[-146.07,-14.52],[-146.13,-14.47],[-146.34,-14.59],[-146.44,-14.58],[-146.45,-14.48],[-146.39,-14.4],[-146.23,-14.38],[-146.18,-14.44],[-145.91,-14.29]],[[-145.12,-14.51],[-145.08,-14.42],[-144.97,-14.36],[-144.87,-14.34],[-144.81,-14.36],[-144.82,-14.43],[-144.92,-14.52],[-145.1,-14.59],[-145.2,-14.74],[-145.31,-14.73],[-145.3,-14.61],[-145.12,-14.51]],[[-138.87,-14.75],[-138.77,-14.77],[-138.76,-14.85],[-138.82,-14.87],[-138.86,-14.85],[-138.88,-14.81],[-138.87,-14.75]],[[-147.81,-14.86],[-147.61,-14.92],[-147.33,-15.17],[-147.23,-15.19],[-147.18,-15.29],[-147.31,-15.36],[-147.46,-15.36],[-147.58,-15.29],[-147.87,-15.24],[-147.94,-15.18],[-147.98,-15.06],[-147.87,-14.88],[-147.81,-14.86]],[[-144.57,-15.0],[-144.61,-14.98],[-144.61,-14.93],[-144.56,-14.89],[-144.51,-14.9],[-144.49,-14.97],[-144.57,-15.0]],[[-146.84,-15.17],[-146.77,-15.15],[-146.57,-15.22],[-146.54,-15.28],[-146.56,-15.38],[-146.69,-15.46],[-146.82,-15.45],[-146.92,-15.32],[-146.91,-15.26],[-146.84,-15.17]],[[-146.48,-15.46],[-146.48,-15.35],[-146.4,-15.26],[-146.2,-15.28],[-146.13,-15.34],[-146.19,-15.57],[-146.28,-15.63],[-146.38,-15.65],[-146.44,-15.63],[-146.47,-15.57],[-146.48,-15.46]],[[-145.6,-15.64],[-145.62,-15.51],[-145.58,-15.42],[-145.38,-15.46],[-145.38,-15.51],[-145.44,-15.56],[-145.47,-15.67],[-145.6,-15.64]],[[-144.68,-15.67],[-144.59,-15.68],[-144.6,-15.78],[-144.66,-15.79],[-144.7,-15.76],[-144.72,-15.7],[-144.68,-15.67]],[[-142.26,-15.78],[-142.16,-15.7],[-142.1,-15.72],[-142.2,-15.86],[-142.29,-15.9],[-142.32,-15.83],[-142.26,-15.78]],[[-140.9,-15.88],[-140.94,-15.83],[-140.93,-15.78],[-140.85,-15.74],[-140.8,-15.75],[-140.8,-15.85],[-140.9,-15.88]],[[-142.33,-15.88],[-142.28,-15.93],[-142.38,-16.19],[-142.46,-16.26],[-142.53,-16.27],[-142.58,-16.14],[-142.53,-16.02],[-142.42,-15.9],[-142.33,-15.88]],[[-140.19,-16.08],[-140.25,-16.02],[-140.23,-15.93],[-140.15,-15.9],[-140.03,-15.93],[-140.06,-15.99],[-140.19,-16.08]],[[-143.18,-16.24],[-142.99,-16.35],[-142.97,-16.41],[-143.09,-16.46],[-143.2,-16.42],[-143.25,-16.37],[-143.28,-16.28],[-143.24,-16.24],[-143.18,-16.24]],[[-143.86,-16.41],[-143.75,-16.51],[-143.57,-16.58],[-143.4,-16.58],[-143.35,-16.62],[-143.35,-16.69],[-143.5,-16.79],[-143.9,-16.65],[-144.03,-16.78],[-144.09,-16.8],[-144.28,-16.7],[-144.32,-16.58],[-144.44,-16.5],[-144.48,-16.42],[-144.44,-16.36],[-144.46,-16.3],[-144.37,-16.31],[-144.23,-16.41],[-144.14,-16.62],[-144.09,-16.65],[-144.0,-16.43],[-143.86,-16.41]],[[-142.9,-16.79],[-142.92,-16.64],[-142.87,-16.59],[-142.8,-16.6],[-142.75,-16.74],[-142.86,-16.81],[-142.9,-16.79]],[[-141.99,-16.81],[-141.92,-16.79],[-141.88,-16.87],[-141.96,-16.88],[-141.99,-16.81]],[[-143.09,-16.93],[-143.03,-16.99],[-143.01,-17.17],[-143.03,-17.22],[-143.09,-17.23],[-143.25,-17.13],[-143.39,-16.94],[-143.36,-16.9],[-143.23,-16.87],[-143.09,-16.93]],[[-178.67,-17.24],[-178.69,-17.3],[-178.85,-17.43],[-179.09,-17.36],[-179.12,-17.39],[-179.08,-17.43],[-179.09,-17.48],[-179.17,-17.52],[-179.23,-17.45],[-179.34,-17.44],[-179.34,-17.38],[-179.21,-17.39],[-179.18,-17.35],[-179.32,-17.11],[-179.33,-16.98],[-179.28,-16.95],[-179.2,-17.01],[-179.01,-16.91],[-178.94,-16.96],[-178.8,-16.87],[-178.7,-16.87],[-178.71,-17.01],[-178.6,-17.16],[-178.67,-17.24]],[[-138.39,-17.25],[-138.31,-17.28],[-138.33,-17.35],[-138.42,-17.4],[-138.5,-17.38],[-138.5,-17.31],[-138.39,-17.25]],[[-141.52,-17.31],[-141.42,-17.32],[-141.39,-17.4],[-141.57,-17.42],[-141.59,-17.34],[-141.52,-17.31]],[[-143.37,-17.43],[-143.37,-17.48],[-143.42,-17.51],[-143.51,-17.48],[-143.49,-17.39],[-143.37,-17.43]],[[-142.71,-17.51],[-142.66,-17.48],[-142.58,-17.49],[-142.51,-17.57],[-142.51,-17.62],[-142.58,-17.66],[-142.66,-17.66],[-142.72,-17.6],[-142.71,-17.51]],[[-140.69,-17.65],[-140.58,-17.65],[-140.57,-17.74],[-140.75,-17.89],[-140.88,-17.91],[-140.89,-17.83],[-140.81,-17.72],[-140.69,-17.65]],[[-178.21,-17.93],[-178.24,-17.98],[-178.31,-18.01],[-178.34,-18.07],[-178.22,-18.22],[-178.2,-18.34],[-178.33,-18.42],[-178.34,-18.47],[-178.39,-18.47],[-178.42,-18.51],[-178.34,-18.58],[-178.25,-18.56],[-178.25,-18.62],[-178.39,-18.77],[-178.56,-18.73],[-178.6,-18.75],[-178.53,-18.85],[-178.34,-18.84],[-178.28,-18.86],[-178.26,-18.94],[-178.32,-19.07],[-178.25,-19.11],[-178.32,-19.13],[-178.32,-19.23],[-178.36,-19.27],[-178.57,-19.23],[-178.68,-19.15],[-178.65,-19.03],[-178.72,-18.88],[-178.66,-18.76],[-178.78,-18.63],[-178.59,-18.61],[-178.51,-18.57],[-178.58,-18.4],[-178.58,-18.24],[-178.63,-18.2],[-178.68,-18.35],[-178.71,-18.35],[-178.74,-18.31],[-178.86,-18.26],[-178.88,-18.18],[-178.82,-18.13],[-178.64,-18.12],[-178.5,-17.96],[-178.35,-17.86],[-178.27,-17.86],[-178.21,-17.93]],[[-142.22,-17.94],[-142.18,-17.97],[-142.16,-18.13],[-142.08,-18.25],[-142.12,-18.32],[-142.18,-18.34],[-142.45,-18.04],[-142.41,-17.98],[-142.22,-17.94]],[[-140.97,-18.02],[-140.89,-18.06],[-140.79,-18.17],[-140.78,-18.26],[-140.64,-18.38],[-140.65,-18.44],[-140.77,-18.45],[-140.85,-18.42],[-141.09,-18.16],[-141.1,-18.06],[-140.97,-18.02]],[[-136.98,-18.41],[-137.09,-18.33],[-137.11,-18.25],[-137.08,-18.22],[-136.92,-18.31],[-136.92,-18.38],[-136.98,-18.41]],[[-136.53,-18.45],[-136.46,-18.41],[-136.38,-18.44],[-136.25,-18.53],[-136.25,-18.59],[-136.31,-18.62],[-136.41,-18.59],[-136.51,-18.51],[-136.53,-18.45]],[[-173.95,-18.54],[-173.89,-18.58],[-173.89,-18.63],[-174.02,-19.0],[-174.0,-19.16],[-174.1,-19.35],[-174.23,-19.38],[-174.26,-19.29],[-174.35,-19.24],[-174.23,-19.1],[-174.28,-18.98],[-174.19,-18.71],[-174.03,-18.55],[-173.95,-18.54]],[[-141.88,-18.78],[-141.91,-18.74],[-141.89,-18.68],[-141.79,-18.67],[-141.74,-18.72],[-141.74,-18.81],[-141.78,-18.85],[-141.84,-18.85],[-141.88,-18.78]],[[-138.86,-18.82],[-138.91,-18.79],[-138.9,-18.73],[-138.84,-18.71],[-138.76,-18.74],[-138.77,-18.8],[-138.86,-18.82]],[[-159.78,-18.79],[-159.7,-18.9],[-159.74,-18.99],[-159.89,-18.92],[-159.83,-18.81],[-159.78,-18.79]],[[-169.78,-18.99],[-169.75,-19.07],[-169.82,-19.14],[-169.9,-19.17],[-169.96,-19.15],[-169.98,-19.06],[-169.92,-18.94],[-169.82,-18.94],[-169.78,-18.99]],[[-140.77,-19.12],[-140.72,-19.08],[-140.67,-19.09],[-140.64,-19.18],[-140.72,-19.2],[-140.77,-19.12]],[[-141.21,-19.17],[-141.2,-19.24],[-141.27,-19.26],[-141.31,-19.18],[-141.26,-19.14],[-141.21,-19.17]],[[-138.82,-19.27],[-138.76,-19.26],[-138.76,-19.31],[-138.82,-19.31],[-138.82,-19.27]],[[-139.19,-19.29],[-139.16,-19.33],[-139.18,-19.38],[-139.25,-19.39],[-139.29,-19.36],[-139.27,-19.3],[-139.19,-19.29]],[[-158.93,-19.3],[-158.98,-19.3],[-158.99,-19.26],[-158.98,-19.2],[-158.92,-19.18],[-158.86,-19.24],[-158.93,-19.3]],[[-174.61,-18.77],[-174.59,-18.82],[-174.66,-18.84],[-174.67,-18.77],[-174.61,-18.77]],[[-168.34,-18.18],[-168.29,-18.22],[-168.32,-18.29],[-168.39,-18.33],[-168.46,-18.31],[-168.48,-18.22],[-168.34,-18.18]],[[-174.18,-18.19],[-174.25,-18.19],[-174.26,-18.15],[-174.2,-18.11],[-174.14,-18.12],[-174.13,-18.16],[-174.18,-18.19]],[[-163.21,-18.13],[-163.23,-18.05],[-163.17,-17.96],[-163.13,-17.97],[-163.11,-18.07],[-163.15,-18.13],[-163.21,-18.13]],[[-179.82,-19.04],[-179.9,-19.05],[-179.94,-19.0],[-179.93,-18.94],[-179.85,-18.87],[-179.76,-18.89],[-179.73,-18.94],[-179.75,-19.01],[-179.82,-19.04]],[[-178.99,-18.88],[-178.94,-18.83],[-178.84,-18.83],[-178.91,-19.03],[-178.99,-19.02],[-179.04,-18.96],[-179.04,-18.92],[-178.99,-18.88]],[[-179.2,-18.36],[-179.21,-18.4],[-179.26,-18.43],[-179.32,-18.37],[-179.27,-18.31],[-179.2,-18.36]],[[-179.03,-17.9],[-178.96,-17.98],[-179.0,-18.02],[-179.06,-18.01],[-179.1,-17.96],[-179.1,-17.91],[-179.03,-17.9]],[[-149.56,-17.83],[-149.68,-17.65],[-149.68,-17.5],[-149.42,-17.45],[-149.31,-17.5],[-149.25,-17.67],[-149.17,-17.71],[-149.1,-17.83],[-149.14,-17.9],[-149.22,-17.91],[-149.56,-17.83]],[[-178.56,-17.73],[-178.67,-17.83],[-178.83,-17.79],[-178.87,-17.71],[-178.87,-17.56],[-178.74,-17.55],[-178.72,-17.49],[-178.69,-17.48],[-178.7,-17.54],[-178.77,-17.6],[-178.76,-17.66],[-178.68,-17.7],[-178.6,-17.6],[-178.55,-17.59],[-178.5,-17.62],[-178.56,-17.73]],[[-179.31,-17.68],[-179.23,-17.74],[-179.23,-17.79],[-179.29,-17.83],[-179.37,-17.79],[-179.38,-17.76],[-179.31,-17.68]],[[-149.93,-17.56],[-149.97,-17.5],[-149.95,-17.45],[-149.8,-17.43],[-149.76,-17.46],[-149.82,-17.62],[-149.92,-17.6],[-149.93,-17.56]],[[-145.59,-17.42],[-145.64,-17.35],[-145.61,-17.28],[-145.56,-17.27],[-145.46,-17.3],[-145.34,-17.42],[-145.32,-17.5],[-145.39,-17.53],[-145.59,-17.42]],[[-142.63,-17.3],[-142.62,-17.27],[-142.57,-17.26],[-142.52,-17.32],[-142.58,-17.37],[-142.63,-17.3]],[[-150.6,-17.61],[-150.6,-17.7],[-150.69,-17.7],[-150.72,-17.65],[-150.7,-17.6],[-150.66,-17.58],[-150.6,-17.61]],[[-143.09,-17.81],[-143.06,-17.79],[-143.02,-17.82],[-143.06,-17.9],[-143.14,-17.85],[-143.09,-17.81]],[[-179.48,-17.46],[-179.56,-17.47],[-179.57,-17.39],[-179.48,-17.38],[-179.48,-17.46]],[[-179.46,-17.21],[-179.43,-17.25],[-179.46,-17.3],[-179.58,-17.34],[-179.65,-17.33],[-179.66,-17.26],[-179.46,-17.21]],[[-153.97,-16.88],[-154.02,-16.82],[-153.99,-16.75],[-153.95,-16.73],[-153.87,-16.8],[-153.89,-16.87],[-153.97,-16.88]],[[-151.55,-16.85],[-151.55,-16.75],[-151.61,-16.66],[-151.61,-16.58],[-151.57,-16.53],[-151.48,-16.51],[-151.38,-16.59],[-151.39,-16.65],[-151.31,-16.88],[-151.4,-16.95],[-151.49,-16.96],[-151.53,-16.93],[-151.55,-16.85]],[[-154.63,-16.61],[-154.72,-16.61],[-154.78,-16.52],[-154.72,-16.43],[-154.61,-16.47],[-154.59,-16.54],[-154.63,-16.61]],[[-152.34,-16.43],[-152.3,-16.37],[-152.21,-16.38],[-152.18,-16.43],[-152.25,-16.52],[-152.32,-16.48],[-152.34,-16.43]],[[-145.83,-16.23],[-145.86,-16.16],[-145.84,-16.08],[-145.68,-16.0],[-145.62,-16.0],[-145.52,-16.12],[-145.48,-16.24],[-145.32,-16.42],[-145.33,-16.47],[-145.46,-16.56],[-145.53,-16.56],[-145.65,-16.46],[-145.83,-16.23]],[[-145.85,-16.0],[-145.9,-16.05],[-146.02,-16.05],[-146.21,-15.93],[-146.25,-15.87],[-146.25,-15.81],[-146.15,-15.74],[-145.98,-15.77],[-145.88,-15.84],[-145.83,-15.94],[-145.85,-16.0]],[[-173.69,-15.94],[-173.71,-15.99],[-173.81,-16.0],[-173.86,-15.96],[-173.87,-15.89],[-173.8,-15.82],[-173.71,-15.82],[-173.69,-15.94]],[[-154.6,-15.81],[-154.57,-15.74],[-154.51,-15.73],[-154.48,-15.76],[-154.52,-15.85],[-154.57,-15.85],[-154.6,-15.81]],[[-146.91,-15.74],[-146.9,-15.61],[-146.76,-15.59],[-146.52,-15.7],[-146.43,-15.84],[-146.47,-15.89],[-146.66,-15.88],[-146.85,-15.81],[-146.91,-15.74]],[[-175.59,-15.61],[-175.63,-15.65],[-175.68,-15.65],[-175.71,-15.58],[-175.62,-15.53],[-175.59,-15.56],[-175.59,-15.61]],[[-145.23,-15.74],[-145.14,-15.72],[-145.08,-15.75],[-145.01,-15.89],[-145.06,-15.99],[-145.18,-16.0],[-145.3,-15.91],[-145.31,-15.82],[-145.23,-15.74]],[[-148.22,-15.9],[-148.29,-15.89],[-148.33,-15.85],[-148.31,-15.75],[-148.21,-15.77],[-148.18,-15.85],[-148.22,-15.9]],[[-144.9,-16.32],[-145.06,-16.19],[-145.06,-16.09],[-144.98,-16.04],[-144.81,-16.07],[-144.74,-16.14],[-144.76,-16.28],[-144.9,-16.32]],[[-151.7,-16.41],[-151.67,-16.54],[-151.78,-16.61],[-151.84,-16.54],[-151.82,-16.42],[-151.78,-16.4],[-151.7,-16.41]],[[-151.77,-16.26],[-151.81,-16.33],[-151.85,-16.33],[-151.91,-16.26],[-151.89,-16.18],[-151.81,-16.18],[-151.75,-16.22],[-151.77,-16.26]],[[-146.36,-16.25],[-146.46,-16.17],[-146.41,-16.09],[-146.36,-16.07],[-146.31,-16.1],[-146.29,-16.2],[-146.3,-16.25],[-146.36,-16.25]],[[-151.1,-16.72],[-151.07,-16.65],[-151.0,-16.65],[-150.92,-16.75],[-150.94,-16.83],[-151.03,-16.87],[-151.1,-16.79],[-151.1,-16.72]],[[-145.3,-16.82],[-145.4,-16.74],[-145.37,-16.67],[-145.24,-16.66],[-145.07,-16.72],[-145.12,-16.83],[-145.3,-16.82]],[[-144.86,-16.75],[-144.74,-16.74],[-144.55,-16.85],[-144.54,-16.99],[-144.68,-17.03],[-144.98,-16.9],[-145.02,-16.79],[-144.86,-16.75]],[[-144.3,-16.85],[-144.35,-16.81],[-144.29,-16.75],[-144.22,-16.82],[-144.3,-16.85]],[[-144.43,-17.03],[-144.34,-17.01],[-144.25,-17.05],[-144.3,-17.19],[-144.38,-17.21],[-144.43,-17.17],[-144.46,-17.09],[-144.43,-17.03]],[[-149.51,-17.04],[-149.56,-17.06],[-149.6,-17.02],[-149.65,-17.02],[-149.62,-16.92],[-149.57,-16.9],[-149.5,-16.92],[-149.51,-17.04]],[[-148.17,-15.14],[-148.22,-15.17],[-148.27,-15.15],[-148.33,-14.99],[-148.2,-14.86],[-148.1,-14.84],[-148.01,-14.9],[-147.99,-15.0],[-148.09,-15.11],[-148.17,-15.14]],[[-148.57,-14.85],[-148.58,-14.92],[-148.62,-14.95],[-148.76,-14.91],[-148.71,-14.8],[-148.57,-14.85]],[[-168.13,-14.5],[-168.12,-14.55],[-168.18,-14.56],[-168.2,-14.5],[-168.13,-14.5]],[[-175.95,-14.5],[-176.0,-14.53],[-176.05,-14.5],[-176.11,-14.41],[-176.11,-14.37],[-176.05,-14.33],[-175.97,-14.34],[-175.94,-14.42],[-175.95,-14.5]],[[-177.94,-14.33],[-177.94,-14.39],[-178.02,-14.4],[-178.23,-14.31],[-178.26,-14.26],[-178.17,-14.2],[-177.94,-14.33]],[[-170.58,-14.19],[-170.53,-14.22],[-170.52,-14.29],[-170.66,-14.32],[-170.74,-14.4],[-170.92,-14.37],[-170.92,-14.32],[-170.87,-14.27],[-170.58,-14.19]],[[-169.68,-14.21],[-169.69,-14.14],[-169.63,-14.14],[-169.61,-14.19],[-169.68,-14.21]],[[-174.32,-19.59],[-174.3,-19.56],[-174.26,-19.58],[-174.21,-19.64],[-174.22,-19.71],[-174.3,-19.84],[-174.39,-19.9],[-174.37,-19.94],[-174.44,-19.98],[-174.43,-20.06],[-174.47,-20.18],[-174.55,-20.2],[-174.47,-20.33],[-174.56,-20.61],[-174.7,-20.71],[-174.85,-20.69],[-174.94,-20.54],[-174.99,-20.54],[-175.02,-20.59],[-174.94,-20.91],[-174.96,-21.04],[-175.05,-21.2],[-175.03,-21.26],[-174.95,-21.28],[-174.91,-21.25],[-174.89,-21.28],[-174.88,-21.44],[-174.93,-21.48],[-175.01,-21.41],[-175.03,-21.35],[-175.17,-21.3],[-175.24,-21.23],[-175.34,-21.2],[-175.39,-21.11],[-175.16,-20.87],[-175.15,-20.73],[-175.1,-20.66],[-175.1,-20.5],[-174.98,-20.35],[-174.96,-20.23],[-174.74,-20.18],[-174.85,-20.02],[-174.83,-19.91],[-174.69,-19.87],[-174.62,-19.72],[-174.51,-19.74],[-174.46,-19.68],[-174.32,-19.62],[-174.32,-19.59]],[[-140.48,-19.61],[-140.45,-19.57],[-140.37,-19.58],[-140.34,-19.61],[-140.35,-19.67],[-140.43,-19.69],[-140.48,-19.61]],[[-157.77,-19.79],[-157.72,-19.74],[-157.68,-19.75],[-157.7,-19.88],[-157.75,-19.87],[-157.77,-19.79]],[[-145.05,-19.88],[-145.03,-19.83],[-144.96,-19.81],[-144.92,-19.84],[-144.91,-19.93],[-144.97,-19.97],[-145.05,-19.88]],[[-158.09,-19.95],[-158.05,-19.97],[-158.05,-20.03],[-158.13,-20.04],[-158.16,-19.97],[-158.09,-19.95]],[[-167.77,-19.96],[-167.78,-20.03],[-167.87,-20.06],[-167.92,-20.02],[-167.86,-19.93],[-167.81,-19.92],[-167.77,-19.96]],[[-158.27,-19.8],[-158.24,-19.85],[-158.33,-19.83],[-158.3,-19.79],[-158.27,-19.8]],[[-157.36,-20.2],[-157.37,-20.12],[-157.3,-20.12],[-157.3,-20.19],[-157.36,-20.2]],[[-143.58,-20.46],[-143.61,-20.4],[-143.54,-20.35],[-143.49,-20.44],[-143.58,-20.46]],[[-161.08,-20.63],[-161.03,-20.57],[-160.97,-20.62],[-161.03,-20.68],[-161.08,-20.66],[-161.08,-20.63]],[[-139.17,-20.85],[-139.21,-20.79],[-139.15,-20.73],[-139.09,-20.8],[-139.17,-20.85]],[[-138.61,-20.85],[-138.62,-20.77],[-138.54,-20.74],[-138.48,-20.79],[-138.46,-20.9],[-138.48,-20.93],[-138.54,-20.93],[-138.61,-20.85]],[[-159.78,-21.16],[-159.71,-21.22],[-159.72,-21.29],[-159.77,-21.31],[-159.88,-21.24],[-159.84,-21.17],[-159.78,-21.16]],[[-136.65,-21.26],[-136.38,-21.33],[-136.32,-21.44],[-136.34,-21.51],[-136.42,-21.53],[-136.46,-21.49],[-136.72,-21.37],[-136.79,-21.31],[-136.76,-21.27],[-136.65,-21.26]],[[-135.69,-21.49],[-135.63,-21.43],[-135.5,-21.44],[-135.44,-21.48],[-135.41,-21.53],[-135.6,-21.61],[-135.66,-21.57],[-135.69,-21.49]],[[-140.64,-21.59],[-140.54,-21.69],[-140.56,-21.75],[-140.61,-21.78],[-140.7,-21.76],[-140.73,-21.72],[-140.71,-21.63],[-140.64,-21.59]],[[-138.91,-21.76],[-138.76,-21.8],[-138.76,-21.87],[-138.88,-21.92],[-139.06,-21.91],[-139.06,-21.84],[-138.98,-21.87],[-138.96,-21.79],[-138.91,-21.76]],[[-157.86,-21.93],[-157.95,-21.97],[-158.0,-21.91],[-157.92,-21.85],[-157.86,-21.93]],[[-136.21,-21.96],[-136.11,-21.98],[-136.14,-22.06],[-136.21,-22.08],[-136.25,-22.05],[-136.25,-22.0],[-136.21,-21.96]],[[-154.66,-21.84],[-154.75,-21.82],[-154.75,-21.77],[-154.65,-21.74],[-154.63,-21.8],[-154.66,-21.84]],[[-178.65,-20.58],[-178.61,-20.64],[-178.64,-20.72],[-178.89,-20.78],[-178.88,-20.71],[-178.83,-20.65],[-178.73,-20.59],[-178.65,-20.58]],[[-178.23,-19.97],[-178.26,-20.05],[-178.3,-20.05],[-178.34,-19.88],[-178.2,-19.79],[-178.23,-19.97]],[[-175.07,-19.83],[-175.14,-19.81],[-175.14,-19.73],[-175.02,-19.63],[-174.99,-19.65],[-175.0,-19.75],[-175.07,-19.83]],[[-138.82,-22.26],[-138.83,-22.22],[-138.79,-22.17],[-138.69,-22.18],[-138.66,-22.22],[-138.74,-22.34],[-138.79,-22.32],[-138.82,-22.26]],[[-176.2,-22.29],[-176.17,-22.33],[-176.21,-22.37],[-176.25,-22.32],[-176.2,-22.29]],[[-151.38,-22.54],[-151.43,-22.46],[-151.39,-22.38],[-151.33,-22.4],[-151.3,-22.47],[-151.33,-22.54],[-151.38,-22.54]],[[-152.89,-22.7],[-152.93,-22.66],[-152.92,-22.59],[-152.89,-22.56],[-152.82,-22.56],[-152.79,-22.61],[-152.81,-22.67],[-152.89,-22.7]],[[-151.28,-22.78],[-151.2,-22.78],[-151.19,-22.86],[-151.28,-22.86],[-151.28,-22.78]],[[-175.8,-22.84],[-175.68,-22.91],[-175.68,-23.0],[-175.77,-23.0],[-175.84,-22.95],[-175.85,-22.89],[-175.8,-22.84]],[[-134.99,-22.99],[-134.95,-22.96],[-134.91,-22.99],[-134.8,-23.13],[-134.83,-23.23],[-134.97,-23.32],[-135.14,-23.18],[-135.11,-23.1],[-134.99,-22.99]],[[-134.55,-23.32],[-134.48,-23.29],[-134.44,-23.34],[-134.45,-23.38],[-134.51,-23.41],[-134.55,-23.32]],[[-149.41,-23.33],[-149.37,-23.38],[-149.4,-23.45],[-149.48,-23.45],[-149.57,-23.41],[-149.56,-23.35],[-149.51,-23.32],[-149.41,-23.33]],[[-137.12,-23.11],[-137.06,-23.17],[-137.13,-23.23],[-137.19,-23.16],[-137.12,-23.11]],[[-178.96,-24.16],[-178.99,-24.02],[-179.18,-23.98],[-179.21,-23.94],[-179.08,-23.8],[-179.0,-23.64],[-178.9,-23.59],[-178.85,-23.62],[-178.82,-23.73],[-179.0,-23.78],[-179.04,-23.84],[-179.01,-23.89],[-178.87,-23.95],[-178.94,-24.06],[-178.89,-24.14],[-178.96,-24.16]],[[-147.68,-23.81],[-147.61,-23.79],[-147.56,-23.85],[-147.57,-23.92],[-147.62,-23.97],[-147.71,-23.96],[-147.77,-23.89],[-147.74,-23.82],[-147.68,-23.81]],[[-130.75,-23.96],[-130.78,-23.91],[-130.75,-23.89],[-130.72,-23.91],[-130.75,-23.96]],[[-128.31,-24.44],[-128.38,-24.34],[-128.34,-24.29],[-128.28,-24.31],[-128.26,-24.37],[-128.27,-24.41],[-128.31,-24.44]],[[-145.96,-24.74],[-146.05,-24.66],[-146.01,-24.57],[-145.91,-24.58],[-145.83,-24.65],[-145.85,-24.73],[-145.96,-24.74]],[[-124.83,-24.71],[-124.84,-24.65],[-124.74,-24.66],[-124.75,-24.71],[-124.83,-24.71]],[[-130.14,-25.09],[-130.14,-25.04],[-130.1,-25.03],[-130.04,-25.08],[-130.05,-25.11],[-130.14,-25.09]],[[-179.58,-27.6],[-179.63,-27.48],[-179.56,-27.38],[-179.53,-27.41],[-179.52,-27.54],[-179.54,-27.59],[-179.58,-27.6]],[[-144.42,-27.59],[-144.31,-27.52],[-144.26,-27.56],[-144.24,-27.65],[-144.26,-27.68],[-144.32,-27.68],[-144.4,-27.64],[-144.42,-27.59]],[[-143.47,-27.93],[-143.44,-27.88],[-143.39,-27.9],[-143.41,-27.95],[-143.47,-27.93]],[[-177.86,-28.73],[-177.81,-28.67],[-177.76,-28.69],[-177.78,-28.82],[-177.84,-28.87],[-177.9,-28.83],[-177.86,-28.73]],[[-179.83,-28.79],[-179.8,-28.83],[-179.82,-28.87],[-179.88,-28.92],[-179.94,-28.92],[-179.97,-28.82],[-179.83,-28.79]],[[-178.0,-29.38],[-178.05,-29.33],[-178.03,-29.23],[-177.94,-29.19],[-177.85,-29.22],[-177.83,-29.3],[-178.0,-29.38]],[[-125.23,-36.22],[-125.33,-36.11],[-125.31,-36.03],[-125.23,-36.03],[-125.16,-36.13],[-125.16,-36.2],[-125.23,-36.22]],[[-177.69,-43.72],[-177.47,-43.79],[-177.26,-43.65],[-177.07,-43.63],[-177.04,-43.6],[-177.06,-43.57],[-177.28,-43.57],[-177.21,-43.43],[-177.14,-43.4],[-176.83,-43.41],[-176.74,-43.32],[-176.7,-43.39],[-176.7,-43.53],[-176.52,-43.43],[-176.45,-43.45],[-176.44,-43.55],[-176.4,-43.58],[-176.17,-43.6],[-175.85,-43.53],[-175.85,-43.59],[-176.05,-43.74],[-176.06,-43.79],[-176.03,-43.86],[-175.78,-43.86],[-175.59,-43.79],[-175.37,-43.77],[-175.29,-43.93],[-175.31,-43.96],[-175.43,-43.97],[-175.5,-44.03],[-175.72,-44.08],[-175.72,-44.13],[-175.68,-44.17],[-175.45,-44.18],[-175.44,-44.26],[-175.6,-44.27],[-176.16,-44.56],[-176.23,-44.57],[-176.61,-44.42],[-176.68,-44.35],[-176.85,-44.29],[-176.87,-44.27],[-176.85,-44.13],[-177.34,-43.88],[-177.55,-43.89],[-177.67,-43.96],[-177.74,-43.93],[-177.82,-43.85],[-177.84,-43.76],[-177.78,-43.72],[-177.69,-43.72]],[[-177.39,-43.41],[-177.42,-43.46],[-177.49,-43.49],[-177.63,-43.44],[-177.58,-43.37],[-177.4,-43.36],[-177.39,-43.41]],[[-175.53,-43.5],[-175.51,-43.56],[-175.56,-43.6],[-175.75,-43.6],[-175.73,-43.55],[-175.53,-43.5]],[[-179.17,-44.0],[-179.24,-44.04],[-179.37,-43.94],[-179.52,-43.96],[-179.63,-43.89],[-179.83,-43.84],[-179.73,-43.76],[-179.16,-43.77],[-179.1,-43.84],[-179.17,-44.0]],[[-121.98,-68.08],[-122.09,-68.01],[-122.07,-67.95],[-121.98,-67.96],[-121.91,-68.02],[-121.91,-68.08],[-121.98,-68.08]],[[-121.44,-69.22],[-121.27,-69.23],[-120.93,-69.35],[-120.9,-69.39],[-121.08,-69.43],[-121.36,-69.43],[-121.47,-69.31],[-121.48,-69.23],[-121.44,-69.22]],[[-111.01,-71.39],[-110.83,-71.34],[-110.75,-71.38],[-110.8,-71.43],[-110.94,-71.46],[-111.02,-71.44],[-111.01,-71.39]],[[-114.83,-71.66],[-114.95,-71.62],[-114.98,-71.56],[-114.9,-71.51],[-114.68,-71.53],[-114.57,-71.59],[-114.62,-71.65],[-114.83,-71.66]],[[-110.98,-72.04],[-110.96,-71.97],[-110.83,-71.94],[-110.7,-72.04],[-110.36,-72.02],[-110.32,-72.05],[-110.49,-72.14],[-110.97,-72.14],[-111.24,-72.18],[-111.33,-72.14],[-111.33,-72.09],[-111.28,-72.04],[-111.04,-72.06],[-110.98,-72.04]],[[-112.32,-72.47],[-112.35,-72.42],[-112.31,-72.39],[-111.74,-72.38],[-111.68,-72.41],[-111.73,-72.46],[-111.95,-72.5],[-112.27,-72.5],[-112.32,-72.47]],[[-125.3,-72.54],[-124.98,-72.53],[-124.94,-72.58],[-125.0,-72.63],[-125.41,-72.65],[-125.51,-72.63],[-125.56,-72.57],[-125.55,-72.52],[-125.47,-72.5],[-125.47,-72.47],[-125.3,-72.54]],[[-126.4,-72.65],[-126.36,-72.69],[-126.4,-72.73],[-126.38,-72.78],[-126.26,-72.84],[-126.28,-72.9],[-126.86,-72.92],[-126.93,-72.89],[-126.75,-72.75],[-126.4,-72.65]],[[-125.54,-72.91],[-125.64,-72.87],[-125.66,-72.83],[-125.47,-72.8],[-125.39,-72.83],[-125.41,-72.9],[-125.54,-72.91]],[[-111.11,-73.14],[-110.98,-73.18],[-110.97,-73.25],[-111.23,-73.28],[-111.41,-73.36],[-111.46,-73.33],[-111.47,-73.26],[-111.41,-73.16],[-111.11,-73.14]],[[-109.93,-73.35],[-109.61,-73.34],[-109.48,-73.38],[-109.45,-73.43],[-109.48,-73.48],[-109.55,-73.5],[-109.79,-73.46],[-109.93,-73.42],[-109.93,-73.35]],[[-117.59,-73.2],[-117.55,-73.25],[-117.63,-73.31],[-117.78,-73.32],[-117.84,-73.28],[-117.81,-73.22],[-117.59,-73.2]],[[-134.45,-73.83],[-134.44,-73.79],[-134.32,-73.75],[-134.12,-73.77],[-134.03,-73.82],[-133.91,-73.82],[-133.79,-73.89],[-133.58,-73.91],[-133.43,-74.01],[-133.49,-74.06],[-133.75,-74.01],[-134.09,-74.07],[-134.15,-74.03],[-134.12,-73.92],[-134.14,-73.88],[-134.45,-73.83]],[[-132.0,-74.04],[-132.09,-74.0],[-132.09,-73.96],[-131.94,-73.92],[-131.83,-73.96],[-131.85,-74.03],[-132.0,-74.04]],[[-135.08,-73.84],[-135.04,-73.87],[-135.04,-73.91],[-135.33,-73.96],[-135.37,-74.09],[-135.43,-74.13],[-135.77,-74.19],[-135.84,-74.14],[-135.83,-74.1],[-135.75,-74.04],[-135.72,-73.94],[-135.55,-73.87],[-135.08,-73.84]],[[-132.28,-74.19],[-132.33,-74.14],[-132.31,-74.11],[-132.18,-74.1],[-132.09,-74.14],[-132.14,-74.2],[-132.28,-74.19]],[[-137.99,-74.49],[-138.12,-74.48],[-138.16,-74.42],[-137.99,-74.37],[-137.83,-74.44],[-137.86,-74.49],[-137.99,-74.49]],[[-141.81,-74.78],[-141.78,-74.73],[-141.46,-74.7],[-141.34,-74.7],[-141.3,-74.75],[-141.4,-74.79],[-141.76,-74.82],[-141.81,-74.78]],[[-144.69,-75.06],[-144.73,-75.03],[-144.73,-74.99],[-144.5,-74.97],[-144.46,-74.94],[-144.47,-74.9],[-144.39,-74.87],[-143.93,-74.85],[-143.87,-74.89],[-143.92,-74.93],[-144.52,-75.06],[-144.69,-75.06]],[[-151.33,-76.03],[-151.22,-75.97],[-150.43,-75.93],[-150.35,-75.99],[-150.39,-76.03],[-150.86,-76.2],[-151.0,-76.19],[-151.32,-76.06],[-151.33,-76.03]],[[-165.73,-76.05],[-165.69,-76.09],[-165.81,-76.17],[-166.31,-76.19],[-166.46,-76.15],[-166.42,-76.08],[-165.73,-76.05]],[[-165.34,-76.13],[-165.0,-76.17],[-164.95,-76.19],[-164.95,-76.22],[-165.01,-76.26],[-165.23,-76.27],[-165.44,-76.22],[-165.45,-76.15],[-165.34,-76.13]],[[-158.84,-76.63],[-158.92,-76.6],[-158.92,-76.58],[-158.8,-76.54],[-158.68,-76.58],[-158.71,-76.62],[-158.84,-76.63]],[[-109.96,-73.6],[-109.81,-73.64],[-109.77,-73.7],[-109.85,-73.74],[-110.05,-73.68],[-110.05,-73.62],[-109.96,-73.63],[-109.96,-73.6]],[[-109.91,-74.04],[-109.85,-74.07],[-109.85,-74.11],[-110.09,-74.17],[-110.08,-74.11],[-109.91,-74.04]]],[[[-67.55,-56.7],[-67.79,-56.83],[-67.86,-56.94],[-67.97,-56.89],[-68.11,-56.75],[-68.34,-56.76],[-68.67,-56.65],[-68.95,-56.64],[-69.42,-56.44],[-69.59,-56.39],[-69.67,-56.25],[-69.74,-56.2],[-69.76,-56.11],[-69.91,-56.11],[-70.01,-55.99],[-70.41,-55.89],[-70.58,-55.75],[-70.6,-55.67],[-70.72,-55.63],[-70.82,-55.53],[-70.91,-55.53],[-70.99,-55.48],[-71.14,-55.44],[-71.16,-55.35],[-71.11,-55.17],[-71.23,-55.1],[-71.42,-55.1],[-71.58,-55.0],[-71.63,-55.01],[-71.69,-55.1],[-71.83,-55.15],[-72.04,-55.15],[-72.21,-55.02],[-72.38,-55.07],[-72.79,-54.93],[-72.86,-54.83],[-72.93,-54.83],[-73.22,-54.67],[-73.34,-54.64],[-73.36,-54.61],[-73.27,-54.48],[-73.29,-54.39],[-73.23,-54.3],[-73.23,-54.26],[-73.41,-54.19],[-73.65,-54.0],[-73.75,-54.02],[-73.91,-54.14],[-73.95,-54.13],[-73.99,-53.95],[-74.29,-53.79],[-74.42,-53.54],[-74.62,-53.43],[-74.71,-53.35],[-74.71,-53.3],[-74.8,-53.25],[-74.85,-53.11],[-75.27,-52.78],[-75.35,-52.48],[-75.68,-52.2],[-75.83,-51.95],[-75.83,-51.86],[-75.88,-51.81],[-75.74,-51.81],[-75.79,-51.57],[-75.71,-51.44],[-75.71,-51.38],[-75.74,-51.32],[-75.86,-51.23],[-75.91,-51.02],[-76.04,-50.93],[-76.11,-50.8],[-76.07,-50.56],[-76.03,-50.54],[-75.98,-50.56],[-75.89,-50.46],[-75.81,-50.09],[-75.92,-49.7],[-75.91,-49.41],[-75.98,-49.26],[-75.95,-49.17],[-76.0,-49.04],[-75.98,-48.88],[-75.86,-48.74],[-75.95,-48.62],[-75.89,-48.06],[-75.71,-47.97],[-75.53,-47.36],[-75.57,-47.15],[-75.52,-46.99],[-75.66,-46.9],[-75.73,-46.8],[-75.74,-46.65],[-75.66,-46.55],[-75.59,-46.54],[-75.59,-46.39],[-75.47,-46.41],[-75.38,-46.34],[-75.47,-46.17],[-75.45,-46.0],[-75.55,-45.81],[-75.33,-45.3],[-75.24,-45.27],[-74.93,-45.35],[-74.9,-45.3],[-74.92,-45.11],[-75.16,-45.06],[-75.42,-44.92],[-75.48,-44.87],[-75.5,-44.8],[-75.47,-44.76],[-75.3,-44.69],[-75.28,-44.66],[-75.3,-44.34],[-75.26,-44.27],[-74.99,-44.27],[-74.9,-44.24],[-74.83,-44.16],[-74.85,-44.07],[-75.08,-44.06],[-75.16,-44.02],[-75.19,-43.96],[-75.14,-43.87],[-74.82,-43.82],[-74.8,-43.77],[-74.95,-43.77],[-75.04,-43.68],[-75.16,-43.63],[-75.19,-43.55],[-75.15,-43.48],[-74.97,-43.54],[-74.92,-43.5],[-75.0,-43.39],[-74.87,-43.33],[-74.93,-43.24],[-74.92,-43.05],[-74.99,-42.94],[-74.98,-42.89],[-74.68,-42.6],[-74.39,-42.57],[-74.4,-42.53],[-74.59,-42.45],[-74.66,-42.21],[-74.73,-42.22],[-74.78,-42.33],[-74.86,-42.33],[-74.8,-42.19],[-74.68,-42.06],[-74.79,-41.98],[-74.75,-41.78],[-74.67,-41.65],[-74.36,-41.54],[-74.32,-41.58],[-74.42,-41.7],[-74.43,-41.79],[-74.4,-41.82],[-74.3,-41.78],[-74.18,-41.54],[-74.25,-41.3],[-74.17,-41.09],[-74.24,-40.69],[-74.15,-40.53],[-74.15,-40.39],[-74.08,-40.36],[-74.01,-40.24],[-73.94,-40.19],[-74.01,-40.03],[-73.92,-39.96],[-73.79,-39.95],[-73.81,-39.88],[-73.91,-39.91],[-73.97,-39.88],[-74.02,-39.78],[-73.87,-39.4],[-73.89,-39.14],[-73.75,-38.97],[-73.89,-38.78],[-73.91,-38.56],[-74.11,-38.36],[-74.14,-38.27],[-74.09,-38.22],[-73.85,-38.27],[-73.76,-38.24],[-73.75,-38.15],[-73.9,-38.04],[-73.94,-37.99],[-73.77,-37.74],[-73.8,-37.44],[-73.76,-37.3],[-73.76,-37.06],[-73.67,-36.98],[-73.61,-36.86],[-73.53,-36.93],[-73.43,-36.87],[-73.56,-36.67],[-73.53,-36.16],[-73.37,-36.03],[-73.26,-36.14],[-73.15,-36.19],[-73.06,-36.17],[-72.97,-36.09],[-72.93,-35.99],[-73.05,-35.78],[-73.06,-35.7],[-73.02,-35.49],[-72.88,-35.32],[-72.74,-35.35],[-72.73,-35.29],[-72.57,-35.22],[-72.64,-35.08],[-72.57,-34.89],[-72.35,-34.87],[-72.17,-34.69],[-72.21,-34.53],[-72.16,-34.24],[-72.21,-34.07],[-72.07,-33.8],[-71.81,-33.55],[-71.8,-33.51],[-71.85,-33.47],[-71.86,-33.39],[-71.85,-33.07],[-71.63,-32.8],[-71.66,-32.63],[-71.57,-32.44],[-71.58,-32.0],[-71.68,-31.67],[-71.63,-31.46],[-71.71,-31.23],[-71.7,-30.94],[-71.75,-30.52],[-71.68,-30.24],[-71.49,-30.14],[-71.39,-29.83],[-71.42,-29.44],[-71.61,-29.39],[-71.56,-29.12],[-71.55,-28.8],[-71.53,-28.77],[-71.39,-28.73],[-71.34,-28.67],[-71.35,-28.57],[-71.27,-28.36],[-71.27,-28.27],[-71.23,-28.22],[-71.23,-28.05],[-71.13,-27.87],[-71.13,-27.74],[-71.03,-27.59],[-71.06,-27.51],[-71.03,-27.19],[-70.89,-26.95],[-70.89,-26.78],[-70.77,-26.56],[-70.81,-26.29],[-70.7,-26.01],[-70.76,-25.89],[-70.77,-25.75],[-70.67,-25.48],[-70.58,-25.43],[-70.52,-25.3],[-70.58,-25.12],[-70.53,-24.98],[-70.63,-24.86],[-70.6,-24.76],[-70.65,-24.67],[-70.6,-24.5],[-70.63,-24.33],[-70.55,-24.19],[-70.6,-24.07],[-70.53,-23.78],[-70.65,-23.51],[-70.63,-23.07],[-70.46,-22.94],[-70.46,-22.79],[-70.34,-22.7],[-70.34,-22.39],[-70.29,-22.24],[-70.27,-21.31],[-70.39,-21.09],[-70.36,-20.9],[-70.46,-20.83],[-70.51,-20.74],[-70.48,-20.69],[-70.36,-20.63],[-70.24,-20.23],[-70.22,-19.96],[-70.27,-19.81],[-70.27,-19.65],[-70.41,-19.43],[-70.37,-19.29],[-70.43,-18.79],[-70.41,-18.55],[-70.53,-18.5],[-70.59,-18.39],[-70.72,-18.35],[-71.27,-17.85],[-71.41,-17.79],[-71.56,-17.39],[-71.66,-17.36],[-71.85,-17.44],[-71.99,-17.3],[-72.09,-17.08],[-72.35,-16.89],[-72.45,-16.85],[-72.67,-16.89],[-72.75,-16.87],[-72.93,-16.67],[-73.12,-16.6],[-73.17,-16.48],[-73.34,-16.48],[-73.45,-16.4],[-73.89,-16.27],[-73.96,-16.15],[-74.13,-16.12],[-74.15,-16.05],[-74.32,-15.88],[-74.44,-15.86],[-74.47,-15.81],[-74.61,-15.81],[-74.68,-15.71],[-74.83,-15.69],[-74.86,-15.64],[-75.33,-15.37],[-75.67,-15.07],[-75.83,-14.99],[-76.28,-14.58],[-76.32,-14.51],[-76.34,-14.3],[-76.77,-13.43],[-76.84,-12.95],[-77.03,-12.64],[-77.51,-12.27],[-77.61,-12.16],[-77.66,-12.04],[-77.8,-11.92],[-77.83,-11.78],[-77.95,-11.54],[-77.95,-11.27],[-78.04,-10.94],[-78.41,-10.34],[-78.5,-10.29],[-78.68,-10.43],[-78.82,-10.44],[-78.95,-10.31],[-79.17,-9.83],[-79.38,-9.73],[-79.55,-9.59],[-79.58,-9.5],[-79.48,-9.31],[-79.85,-9.01],[-79.89,-8.95],[-79.88,-8.44],[-80.01,-8.25],[-80.14,-8.27],[-80.23,-8.16],[-80.24,-8.05],[-80.15,-7.96],[-80.3,-7.63],[-80.66,-7.42],[-80.77,-7.3],[-80.8,-7.23],[-80.78,-7.1],[-80.83,-7.03],[-80.87,-6.79],[-80.77,-6.7],[-80.78,-6.64],[-80.97,-6.54],[-81.09,-6.23],[-81.23,-6.06],[-81.31,-5.68],[-81.28,-5.51],[-81.37,-5.34],[-81.39,-5.0],[-81.45,-4.69],[-81.4,-4.55],[-81.4,-4.41],[-81.31,-4.19],[-81.16,-4.07],[-81.1,-3.91],[-80.97,-3.71],[-80.95,-3.28],[-80.99,-3.11],[-80.99,-3.0],[-80.92,-2.75],[-80.95,-2.66],[-81.09,-2.54],[-81.19,-2.25],[-81.11,-2.03],[-81.16,-1.81],[-81.14,-1.63],[-81.18,-1.5],[-81.17,-1.29],[-80.99,-1.05],[-80.97,-0.74],[-80.85,-0.58],[-80.87,-0.28],[-80.63,-0.05],[-80.54,0.22],[-80.38,0.3],[-80.34,0.39],[-80.34,0.58],[-80.2,0.75],[-80.18,0.94],[-79.95,1.32],[-79.9,1.33],[-79.87,1.21],[-79.75,1.13],[-79.51,1.15],[-79.39,1.21],[-79.12,1.47],[-79.08,1.62],[-78.95,1.82],[-78.88,2.05],[-78.79,2.17],[-78.79,2.24],[-78.69,2.42],[-78.76,2.57],[-78.93,2.63],[-78.95,2.68],[-78.76,2.81],[-78.67,2.75],[-78.57,2.79],[-78.49,2.75],[-78.45,2.77],[-78.23,2.98],[-78.17,3.12],[-78.09,3.17],[-77.9,3.22],[-77.75,3.44],[-77.73,3.68],[-77.67,3.75],[-77.63,3.91],[-77.63,4.19],[-77.59,4.3],[-77.63,4.42],[-77.57,4.48],[-77.43,4.76],[-77.47,5.0],[-77.59,5.17],[-77.51,5.36],[-77.59,5.51],[-77.54,5.62],[-77.34,5.68],[-77.31,5.76],[-77.53,6.21],[-77.53,6.36],[-77.44,6.49],[-77.44,6.53],[-77.56,6.55],[-77.78,6.75],[-77.8,7.06],[-78.04,7.32],[-78.52,7.57],[-78.98,7.61],[-79.35,7.75],[-79.77,7.49],[-79.91,7.34],[-80.01,7.3],[-80.13,7.3],[-80.15,7.25],[-80.35,7.16],[-80.63,7.2],[-80.96,7.18],[-81.21,7.25],[-81.38,7.18],[-81.48,7.21],[-81.83,7.18],[-81.95,7.4],[-81.91,7.57],[-82.0,7.7],[-82.05,7.71],[-82.15,7.67],[-82.21,7.44],[-82.27,7.42],[-82.3,7.46],[-82.33,7.66],[-82.46,7.78],[-82.79,8.21],[-82.84,8.21],[-82.86,8.18],[-82.82,8.02],[-82.92,7.97],[-82.99,8.02],[-82.99,8.19],[-83.16,8.33],[-83.49,8.41],[-83.71,8.41],[-83.97,8.55],[-84.07,8.65],[-84.07,8.77],[-84.21,8.84],[-84.19,9.1],[-84.28,9.24],[-84.44,9.3],[-84.52,9.25],[-84.67,9.23],[-84.81,9.56],[-84.89,9.58],[-85.12,9.49],[-85.2,9.49],[-85.3,9.55],[-85.43,9.7],[-85.7,9.75],[-85.76,9.89],[-86.16,10.41],[-86.18,10.52],[-86.16,10.7],[-86.35,10.85],[-86.46,10.78],[-86.51,10.78],[-86.67,10.94],[-86.73,11.07],[-86.92,11.24],[-87.02,11.38],[-87.21,11.53],[-87.21,11.62],[-87.33,11.67],[-87.43,11.77],[-87.43,11.89],[-87.59,11.86],[-87.64,11.93],[-87.88,12.05],[-87.98,12.21],[-88.11,12.3],[-88.22,12.51],[-88.31,12.59],[-88.47,12.65],[-88.59,12.63],[-88.68,12.58],[-88.78,12.46],[-88.9,12.45],[-88.94,12.56],[-89.08,12.56],[-89.37,12.73],[-89.56,12.93],[-89.78,12.94],[-89.85,13.11],[-90.11,13.09],[-90.43,13.25],[-90.48,13.33],[-90.5,13.49],[-90.59,13.64],[-90.61,13.73],[-90.66,13.75],[-90.74,13.76],[-90.81,13.71],[-90.83,13.45],[-90.91,13.34],[-91.03,13.29],[-91.18,13.32],[-92.11,13.83],[-92.13,14.0],[-92.38,14.02],[-92.75,14.38],[-92.89,14.45],[-93.09,14.34],[-93.16,14.36],[-93.26,14.5],[-93.21,14.67],[-93.42,14.92],[-93.55,14.98],[-93.59,14.85],[-93.64,14.82],[-93.93,15.01],[-93.95,15.08],[-94.03,15.13],[-94.08,15.29],[-94.06,15.34],[-93.94,15.38],[-93.94,15.44],[-94.19,15.56],[-94.43,15.75],[-94.75,15.75],[-94.78,15.88],[-94.91,15.94],[-94.97,15.9],[-94.96,15.77],[-94.92,15.71],[-94.96,15.68],[-95.07,15.74],[-95.15,15.83],[-95.2,15.85],[-95.49,15.8],[-95.7,15.8],[-96.35,15.64],[-96.52,15.63],[-96.96,15.7],[-97.27,15.87],[-97.48,15.85],[-97.65,15.92],[-97.79,15.92],[-98.03,15.99],[-98.2,16.15],[-98.27,16.16],[-98.51,16.11],[-98.77,16.18],[-98.83,16.22],[-98.84,16.41],[-98.99,16.45],[-99.11,16.54],[-99.33,16.59],[-99.7,16.55],[-99.98,16.81],[-100.34,16.93],[-100.48,17.02],[-100.63,17.05],[-100.73,17.11],[-100.96,17.16],[-101.68,17.55],[-101.72,17.66],[-101.94,17.9],[-102.57,17.81],[-102.6,17.84],[-102.59,17.93],[-102.86,17.99],[-103.0,18.09],[-103.55,18.32],[-103.69,18.5],[-103.96,18.68],[-104.03,18.8],[-104.27,18.92],[-104.3,18.97],[-104.47,18.99],[-104.56,19.09],[-104.87,19.19],[-105.28,19.52],[-105.54,19.84],[-105.62,19.97],[-105.64,20.09],[-105.76,20.25],[-105.76,20.38],[-105.6,20.5],[-105.33,20.57],[-105.31,20.62],[-105.33,20.65],[-105.47,20.62],[-105.62,20.67],[-105.76,20.64],[-105.95,20.72],[-105.94,20.77],[-105.86,20.79],[-105.79,20.89],[-105.64,20.93],[-105.52,21.17],[-105.67,21.39],[-105.81,21.39],[-106.15,21.65],[-106.3,21.66],[-106.35,21.7],[-106.31,21.82],[-106.39,21.97],[-106.31,22.21],[-106.34,22.52],[-106.45,22.68],[-106.46,22.83],[-106.75,23.14],[-106.82,23.29],[-107.08,23.41],[-107.35,23.65],[-107.44,23.81],[-107.49,23.81],[-107.51,23.86],[-107.71,23.91],[-107.8,24.01],[-107.99,24.05],[-108.11,24.14],[-108.14,24.18],[-108.14,24.27],[-108.19,24.34],[-108.14,24.55],[-108.18,24.65],[-108.4,24.75],[-108.57,24.92],[-108.8,24.9],[-109.05,25.11],[-109.1,25.28],[-109.29,25.33],[-109.4,25.44],[-109.39,25.58],[-109.53,25.66],[-109.63,25.81],[-109.65,25.93],[-109.75,26.0],[-109.79,26.12],[-109.87,26.17],[-109.9,26.24],[-109.91,26.31],[-109.87,26.33],[-109.82,26.29],[-109.77,26.16],[-109.69,26.15],[-109.64,26.22],[-109.67,26.38],[-109.85,26.58],[-110.22,26.85],[-110.6,27.24],[-110.8,27.71],[-111.31,27.99],[-111.35,27.99],[-111.28,27.89],[-111.23,27.89],[-111.23,27.8],[-111.37,27.93],[-111.41,28.08],[-111.69,28.11],[-112.0,28.25],[-112.22,28.47],[-112.39,28.57],[-112.39,28.71],[-112.42,28.76],[-112.51,28.78],[-112.52,28.69],[-112.56,28.65],[-112.65,28.67],[-112.66,28.74],[-112.58,28.83],[-112.6,28.95],[-112.54,29.07],[-112.57,29.15],[-112.82,29.29],[-112.84,29.41],[-112.93,29.59],[-113.0,29.66],[-113.23,29.77],[-113.5,29.8],[-113.75,30.21],[-113.78,30.39],[-113.92,30.48],[-114.24,30.25],[-114.31,30.17],[-114.19,29.89],[-113.99,29.66],[-113.71,29.4],[-113.44,29.04],[-113.16,28.84],[-113.06,28.66],[-113.01,28.52],[-112.82,28.52],[-112.8,28.43],[-112.69,28.39],[-112.67,28.18],[-112.63,28.06],[-112.68,27.88],[-112.64,27.79],[-112.53,27.69],[-112.34,27.59],[-112.27,27.5],[-112.22,27.34],[-112.03,27.25],[-111.95,27.13],[-111.86,27.08],[-111.74,26.9],[-111.53,26.75],[-111.42,26.58],[-111.4,26.41],[-111.27,26.28],[-111.31,26.21],[-111.26,26.14],[-111.06,26.13],[-111.04,25.96],[-111.16,25.85],[-111.16,25.73],[-111.09,25.76],[-111.06,25.83],[-111.02,25.82],[-110.97,25.42],[-110.87,25.18],[-110.83,25.17],[-110.71,25.21],[-110.55,25.05],[-110.49,24.92],[-110.51,24.85],[-110.47,24.77],[-110.5,24.71],[-110.6,24.64],[-110.61,24.56],[-110.52,24.46],[-110.44,24.61],[-110.32,24.63],[-110.26,24.59],[-110.23,24.41],[-110.18,24.35],[-110.09,24.31],[-110.01,24.32],[-109.96,24.44],[-109.86,24.37],[-109.75,24.15],[-109.79,23.96],[-109.69,23.85],[-109.66,23.71],[-109.46,23.65],[-109.39,23.51],[-109.4,23.25],[-109.36,23.09],[-109.41,23.02],[-109.63,23.01],[-109.89,22.85],[-110.03,22.86],[-110.11,22.94],[-110.33,23.45],[-110.42,23.5],[-110.6,23.34],[-110.63,23.34],[-110.83,23.53],[-110.85,23.65],[-111.19,24.01],[-111.4,24.08],[-111.59,24.2],[-111.63,24.19],[-111.71,24.05],[-111.92,24.04],[-112.04,24.2],[-112.07,24.32],[-112.49,24.69],[-112.65,24.92],[-112.65,24.99],[-112.53,24.97],[-112.5,25.02],[-112.55,25.18],[-112.67,25.3],[-112.75,25.49],[-112.79,25.49],[-113.03,25.72],[-113.01,25.55],[-112.79,25.23],[-112.75,25.13],[-112.77,25.09],[-113.06,25.35],[-113.13,25.47],[-113.18,25.66],[-113.36,25.85],[-113.32,26.05],[-113.54,26.09],[-113.71,26.25],[-113.85,26.41],[-113.87,26.62],[-114.06,26.66],[-114.35,27.0],[-132.06,22.93],[-107.75,-74.3],[-106.9,-74.29],[-106.77,-74.39],[-106.79,-74.5],[-106.75,-74.57],[-106.5,-74.63],[-106.5,-74.79],[-106.28,-74.78],[-106.16,-74.84],[-106.04,-74.81],[-105.3,-74.77],[-105.25,-74.78],[-105.3,-74.81],[-105.15,-74.87],[-105.2,-74.89],[-105.16,-74.92],[-104.76,-75.04],[-102.09,-75.08],[-101.89,-75.03],[-101.57,-74.82],[-101.58,-74.75],[-101.82,-74.67],[-102.16,-74.66],[-102.26,-74.56],[-102.44,-74.54],[-102.44,-74.48],[-102.19,-74.37],[-102.15,-74.3],[-102.45,-74.2],[-102.59,-74.11],[-102.73,-74.11],[-102.76,-74.23],[-102.97,-74.32],[-103.07,-74.31],[-103.29,-74.2],[-103.63,-74.23],[-103.72,-74.2],[-103.88,-74.25],[-103.86,-74.18],[-103.63,-74.11],[-102.98,-74.06],[-102.96,-74.01],[-103.1,-73.87],[-103.07,-73.79],[-103.1,-73.74],[-103.36,-73.7],[-103.34,-73.62],[-103.28,-73.59],[-102.7,-73.55],[-101.74,-73.64],[-101.65,-73.6],[-101.75,-73.5],[-101.79,-73.38],[-101.85,-73.34],[-102.38,-73.37],[-102.5,-73.41],[-102.64,-73.37],[-102.96,-73.35],[-103.16,-73.25],[-103.48,-73.17],[-103.51,-73.14],[-103.43,-73.03],[-103.55,-72.81],[-103.77,-72.7],[-103.77,-72.64],[-103.39,-72.66],[-103.29,-72.71],[-102.89,-72.64],[-102.86,-72.57],[-103.03,-72.52],[-103.15,-72.42],[-103.54,-72.29],[-103.58,-72.23],[-103.41,-72.2],[-102.74,-72.27],[-102.45,-71.98],[-101.75,-71.89],[-101.51,-71.76],[-100.98,-71.73],[-100.83,-71.84],[-100.6,-71.85],[-100.51,-71.83],[-100.41,-71.69],[-100.24,-71.67],[-99.95,-71.78],[-99.83,-71.75],[-99.56,-71.8],[-99.19,-71.78],[-98.99,-71.64],[-98.47,-71.56],[-98.32,-71.63],[-98.15,-71.63],[-98.15,-71.78],[-97.99,-71.73],[-97.86,-71.8],[-97.65,-71.73],[-97.38,-71.75],[-97.24,-71.8],[-96.28,-71.8],[-95.9,-71.73],[-95.69,-72.0],[-95.07,-72.07],[-95.0,-72.11],[-94.99,-72.16],[-95.2,-72.28],[-94.77,-72.41],[-94.48,-72.42],[-94.37,-72.48],[-94.18,-72.52],[-93.71,-72.49],[-93.62,-72.54],[-93.37,-72.55],[-93.16,-72.5],[-92.9,-72.5],[-92.8,-72.54],[-92.66,-72.55],[-92.43,-72.63],[-92.02,-72.6],[-91.89,-72.4],[-91.48,-72.33],[-91.46,-72.28],[-91.5,-72.21],[-91.45,-72.18],[-91.29,-72.27],[-91.02,-72.32],[-89.88,-72.33],[-89.75,-72.3],[-89.09,-72.4],[-87.97,-72.43],[-87.69,-72.4],[-87.61,-72.49],[-87.55,-72.51],[-87.22,-72.49],[-86.97,-72.61],[-86.56,-72.62],[-86.37,-72.78],[-86.08,-72.81],[-85.97,-72.97],[-85.91,-72.99],[-85.48,-73.0],[-85.24,-73.29],[-85.07,-73.34],[-85.03,-73.39],[-83.39,-73.5],[-83.25,-73.58],[-82.24,-73.77],[-81.81,-73.75],[-81.35,-73.63],[-81.33,-73.59],[-81.43,-73.5],[-81.45,-73.43],[-81.43,-73.27],[-81.2,-73.19],[-80.68,-73.22],[-80.67,-73.18],[-80.77,-73.07],[-80.78,-73.03],[-80.7,-72.95],[-80.54,-72.91],[-80.37,-72.89],[-79.66,-72.98],[-78.58,-73.34],[-78.46,-73.33],[-78.33,-73.17],[-78.19,-73.12],[-77.75,-73.1],[-77.61,-73.19],[-77.54,-73.15],[-77.54,-73.07],[-77.59,-73.02],[-78.31,-73.03],[-78.49,-73.12],[-78.93,-73.17],[-79.3,-73.04],[-79.4,-72.96],[-79.39,-72.88],[-79.08,-72.79],[-79.03,-72.71],[-79.24,-72.62],[-79.71,-72.57],[-79.79,-72.52],[-79.76,-72.46],[-79.63,-72.42],[-79.62,-72.36],[-79.69,-72.28],[-79.57,-72.21],[-79.29,-72.25],[-78.65,-72.25],[-77.88,-72.4],[-77.47,-72.38],[-77.05,-72.6],[-76.5,-72.53],[-76.43,-72.57],[-76.43,-72.67],[-76.06,-72.74],[-76.06,-72.77],[-74.36,-72.85],[-74.2,-72.94],[-74.16,-73.1],[-73.65,-73.07],[-73.4,-73.11],[-73.24,-73.08],[-73.19,-73.04],[-72.97,-73.14],[-72.94,-73.12],[-72.65,-73.15],[-72.34,-73.12],[-72.25,-73.07],[-72.23,-73.0],[-72.45,-72.95],[-72.5,-72.89],[-72.51,-72.74],[-72.55,-72.69],[-72.83,-72.66],[-73.24,-72.49],[-73.26,-72.42],[-73.13,-72.34],[-73.1,-72.28],[-73.22,-72.14],[-73.66,-72.15],[-74.08,-72.24],[-74.2,-72.23],[-74.48,-72.13],[-74.9,-72.14],[-75.09,-72.04],[-75.21,-72.04],[-75.28,-71.99],[-75.48,-71.96],[-75.52,-71.91],[-75.55,-71.78],[-75.64,-71.67],[-75.6,-71.62],[-75.4,-71.59],[-75.31,-71.54],[-74.83,-71.47],[-74.59,-71.35],[-74.39,-71.32],[-74.2,-71.23],[-74.01,-71.18],[-73.72,-71.17],[-73.67,-71.09],[-73.73,-71.05],[-73.79,-71.03],[-73.87,-71.09],[-74.03,-71.11],[-74.15,-71.1],[-74.3,-71.03],[-74.47,-71.06],[-74.63,-71.15],[-74.78,-71.11],[-75.24,-71.1],[-75.51,-71.17],[-76.48,-71.18],[-76.54,-71.16],[-76.6,-71.08],[-76.63,-70.99],[-76.59,-70.91],[-76.53,-70.87],[-76.07,-70.81],[-75.81,-70.7],[-75.5,-70.7],[-75.26,-70.58],[-74.9,-70.55],[-74.66,-70.6],[-74.54,-70.54],[-74.26,-70.55],[-74.18,-70.49],[-74.21,-70.44],[-74.47,-70.39],[-74.66,-70.24],[-74.9,-70.26],[-76.08,-70.15],[-76.14,-70.06],[-76.1,-69.83],[-76.19,-69.73],[-76.17,-69.69],[-74.67,-69.58],[-74.61,-69.59],[-74.61,-69.67],[-74.56,-69.72],[-74.35,-69.76],[-74.31,-69.84],[-74.32,-69.98],[-74.26,-70.02],[-73.99,-69.98],[-73.2,-70.07],[-73.18,-70.05],[-72.91,-70.03],[-72.61,-69.8],[-72.9,-69.71],[-72.98,-69.59],[-73.16,-69.63],[-73.24,-69.52],[-73.37,-69.47],[-73.34,-69.42],[-73.05,-69.38],[-73.04,-69.33],[-73.12,-69.28],[-73.14,-69.18],[-73.2,-69.16],[-73.68,-69.19],[-73.79,-69.11],[-73.79,-69.02],[-73.51,-69.11],[-73.42,-69.09],[-73.35,-69.0],[-73.27,-68.99],[-73.07,-69.15],[-72.85,-69.19],[-72.68,-69.08],[-72.49,-69.04],[-72.4,-69.11],[-72.28,-69.09],[-72.28,-69.0],[-72.43,-68.9],[-72.72,-68.81],[-72.69,-68.73],[-72.63,-68.69],[-72.42,-68.7],[-72.21,-68.83],[-72.05,-68.86],[-71.97,-68.84],[-71.9,-68.73],[-71.85,-68.71],[-71.58,-68.83],[-71.35,-68.78],[-71.03,-68.8],[-70.87,-68.71],[-70.69,-68.78],[-70.48,-68.71],[-70.34,-68.78],[-70.16,-68.77],[-70.11,-68.81],[-70.0,-68.95],[-70.0,-69.04],[-69.95,-69.11],[-69.98,-69.2],[-69.96,-69.26],[-69.76,-69.26],[-69.64,-69.3],[-69.38,-69.57],[-69.26,-69.64],[-69.21,-69.9],[-69.01,-70.03],[-68.85,-70.04],[-68.81,-70.0],[-68.67,-69.97],[-68.6,-69.8],[-68.61,-69.74],[-68.9,-69.47],[-68.93,-69.41],[-68.92,-69.38],[-68.83,-69.38],[-68.7,-69.32],[-68.71,-69.26],[-68.63,-69.21],[-68.72,-69.19],[-68.7,-69.15],[-68.72,-69.09],[-68.67,-69.07],[-68.59,-69.16],[-68.51,-69.11],[-68.41,-69.1],[-68.1,-69.26],[-67.89,-69.28],[-67.72,-69.21],[-67.62,-69.26],[-67.56,-69.25],[-67.47,-69.17],[-67.43,-69.08],[-67.6,-68.83],[-67.58,-68.67],[-67.48,-68.62],[-67.46,-68.68],[-67.3,-68.74],[-67.23,-68.75],[-67.18,-68.72],[-67.18,-68.66],[-67.32,-68.63],[-67.38,-68.54],[-67.29,-68.35],[-67.48,-68.42],[-67.65,-68.39],[-67.79,-68.35],[-67.81,-68.28],[-67.9,-68.22],[-67.86,-68.14],[-67.83,-68.2],[-67.77,-68.23],[-67.63,-68.18],[-67.57,-68.25],[-67.55,-68.2],[-67.6,-68.18],[-67.67,-68.06],[-67.86,-68.05],[-67.97,-67.97],[-67.96,-67.87],[-67.79,-67.88],[-67.77,-67.84],[-67.82,-67.58],[-67.77,-67.39],[-67.87,-67.3],[-67.92,-67.48],[-68.11,-67.63],[-68.27,-67.67],[-68.36,-67.84],[-68.47,-67.88],[-68.56,-67.84],[-68.57,-67.92],[-68.73,-68.01],[-68.73,-68.13],[-68.9,-68.23],[-68.92,-68.29],[-68.88,-68.31],[-68.87,-68.37],[-68.9,-68.42],[-68.95,-68.44],[-69.0,-68.42],[-69.02,-68.37],[-69.02,-68.3],[-68.96,-68.23],[-68.98,-68.16],[-69.16,-68.13],[-69.31,-67.91],[-69.49,-67.87],[-69.49,-67.81],[-69.37,-67.73],[-69.38,-67.7],[-69.7,-67.69],[-69.82,-67.59],[-70.0,-67.55],[-70.02,-67.46],[-69.79,-67.41],[-69.52,-67.56],[-69.4,-67.55],[-69.28,-67.46],[-69.21,-67.34],[-68.93,-67.27],[-68.87,-67.12],[-68.68,-67.04],[-68.59,-66.83],[-68.37,-66.64],[-68.29,-66.61],[-68.11,-66.64],[-67.88,-66.41],[-67.79,-66.38],[-67.79,-66.53],[-67.64,-66.51],[-67.57,-66.55],[-67.56,-66.73],[-67.43,-66.69],[-67.16,-66.73],[-67.14,-66.79],[-67.2,-66.86],[-67.17,-66.9],[-66.93,-66.88],[-66.88,-66.94],[-66.83,-67.17],[-66.65,-67.15],[-66.71,-67.03],[-66.69,-66.93],[-66.88,-66.88],[-66.69,-66.69],[-66.71,-66.62],[-66.66,-66.5],[-66.71,-66.4],[-66.41,-66.23],[-66.3,-66.32],[-66.19,-66.33],[-66.2,-66.24],[-66.31,-66.16],[-66.24,-66.14],[-66.07,-66.18],[-66.05,-66.07],[-66.21,-66.09],[-66.21,-66.04],[-66.28,-65.99],[-66.28,-65.95],[-66.41,-65.89],[-66.5,-66.14],[-66.59,-66.24],[-66.7,-66.3],[-66.76,-66.38],[-66.93,-66.42],[-66.92,-66.53],[-66.97,-66.58],[-67.07,-66.53],[-67.39,-66.5],[-67.46,-66.35],[-67.42,-66.3],[-67.31,-66.24],[-67.24,-66.11],[-67.03,-66.14],[-66.95,-66.08],[-66.79,-66.04],[-66.75,-65.99],[-66.91,-65.97],[-66.91,-65.92],[-66.83,-65.86],[-66.72,-65.85],[-66.56,-65.88],[-66.44,-65.82],[-66.44,-65.75],[-66.7,-65.7],[-66.72,-65.66],[-66.7,-65.62],[-66.6,-65.58],[-66.43,-65.61],[-66.38,-65.56],[-66.28,-65.56],[-66.18,-65.48],[-66.05,-65.44],[-65.87,-65.47],[-65.63,-65.31],[-65.3,-65.23],[-65.25,-65.25],[-65.31,-65.16],[-65.11,-65.08],[-65.01,-64.99],[-64.71,-64.96],[-64.65,-65.0],[-64.66,-65.06],[-64.75,-65.03],[-64.85,-65.09],[-64.84,-65.17],[-64.76,-65.29],[-65.03,-65.73],[-65.03,-65.79],[-64.96,-65.8],[-64.82,-65.71],[-64.67,-65.72],[-64.64,-65.69],[-64.67,-65.54],[-64.63,-65.39],[-64.65,-65.32],[-64.6,-65.25],[-64.65,-65.13],[-64.6,-65.15],[-64.46,-65.03],[-64.26,-65.03],[-64.13,-64.95],[-64.1,-64.89],[-64.16,-64.82],[-64.41,-64.89],[-64.52,-64.88],[-64.62,-64.84],[-64.67,-64.78],[-64.65,-64.7],[-64.6,-64.68],[-64.58,-64.63],[-64.63,-64.46],[-64.5,-64.42],[-67.55,-56.7]],[[-112.74,28.64],[-112.7,28.55],[-112.73,28.52],[-113.02,28.75],[-113.19,29.01],[-113.54,29.29],[-113.63,29.43],[-113.65,29.63],[-113.48,29.62],[-113.29,29.5],[-113.17,29.31],[-112.9,28.74],[-112.74,28.64]],[[-110.77,25.8],[-110.72,25.61],[-110.74,25.52],[-110.8,25.49],[-110.85,25.52],[-110.85,25.74],[-110.77,25.8]],[[-106.33,21.54],[-106.3,21.47],[-106.37,21.4],[-106.53,21.43],[-106.53,21.49],[-106.65,21.57],[-106.71,21.7],[-106.71,21.82],[-106.65,21.85],[-106.62,21.74],[-106.51,21.72],[-106.46,21.58],[-106.41,21.54],[-106.33,21.54]],[[-106.2,21.37],[-106.17,21.34],[-106.17,21.25],[-106.24,21.23],[-106.3,21.33],[-106.26,21.37],[-106.2,21.37]],[[-106.0,21.04],[-105.94,20.96],[-105.95,20.9],[-106.06,20.92],[-106.11,20.98],[-106.07,21.03],[-106.0,21.04]],[[-110.81,19.38],[-110.76,19.31],[-110.84,19.24],[-110.86,19.3],[-110.81,19.38]],[[-110.99,18.9],[-110.93,18.87],[-110.88,18.76],[-110.9,18.7],[-110.96,18.68],[-111.1,18.76],[-111.06,18.85],[-110.99,18.9]],[[-114.78,18.29],[-114.83,18.32],[-114.82,18.36],[-114.7,18.37],[-114.71,18.31],[-114.78,18.29]],[[-94.63,15.62],[-94.62,15.59],[-94.68,15.52],[-94.68,15.37],[-94.72,15.32],[-94.78,15.32],[-94.84,15.58],[-94.63,15.62]],[[-109.22,10.35],[-109.16,10.32],[-109.19,10.26],[-109.28,10.31],[-109.27,10.34],[-109.22,10.35]],[[-87.01,5.6],[-86.96,5.55],[-86.98,5.49],[-87.08,5.47],[-87.14,5.5],[-87.11,5.57],[-87.01,5.6]],[[-81.55,4.01],[-81.54,3.97],[-81.64,3.93],[-81.63,4.0],[-81.55,4.01]],[[-79.11,2.18],[-79.1,2.16],[-79.2,1.97],[-79.27,1.87],[-79.32,1.86],[-79.33,1.89],[-79.26,2.09],[-79.2,2.15],[-79.11,2.18]],[[-91.99,1.69],[-91.97,1.65],[-92.01,1.62],[-92.03,1.68],[-91.99,1.69]],[[-91.8,1.35],[-91.85,1.36],[-91.82,1.42],[-91.78,1.39],[-91.8,1.35]],[[-90.79,0.68],[-90.73,0.65],[-90.71,0.59],[-90.75,0.52],[-90.83,0.56],[-90.83,0.65],[-90.79,0.68]],[[-90.48,0.42],[-90.38,0.31],[-90.48,0.23],[-90.55,0.27],[-90.57,0.31],[-90.55,0.39],[-90.48,0.42]],[[-90.26,-1.17],[-90.4,-1.03],[-90.56,-1.02],[-90.73,-0.88],[-90.77,-0.89],[-90.78,-0.98],[-90.82,-1.04],[-90.92,-1.1],[-91.15,-1.1],[-91.23,-1.05],[-91.44,-1.03],[-91.53,-0.89],[-91.49,-0.79],[-91.41,-0.71],[-91.34,-0.5],[-91.37,-0.48],[-91.52,-0.52],[-91.63,-0.48],[-91.67,-0.41],[-91.69,-0.27],[-91.45,-0.23],[-91.43,-0.16],[-91.49,-0.05],[-91.56,-0.08],[-91.61,-0.06],[-91.62,0.02],[-91.54,0.07],[-91.51,0.13],[-91.33,0.18],[-91.18,0.0],[-91.07,-0.25],[-91.0,-0.31],[-90.93,-0.27],[-90.87,-0.09],[-90.79,-0.05],[-90.57,-0.09],[-90.35,-0.21],[-89.95,-0.71],[-89.87,-0.85],[-89.87,-0.88],[-89.96,-0.93],[-90.15,-0.87],[-90.21,-0.88],[-90.11,-1.14],[-90.18,-1.2],[-90.26,-1.17]],[[-89.28,-0.65],[-89.23,-0.65],[-89.22,-0.72],[-89.39,-0.97],[-89.51,-0.98],[-89.56,-1.03],[-89.7,-0.98],[-89.7,-0.89],[-89.56,-0.76],[-89.28,-0.65]],[[-90.41,-1.38],[-90.55,-1.34],[-90.55,-1.22],[-90.47,-1.19],[-90.35,-1.21],[-90.26,-1.36],[-90.31,-1.34],[-90.41,-1.38]],[[-89.62,-1.32],[-89.57,-1.37],[-89.6,-1.45],[-89.72,-1.45],[-89.8,-1.4],[-89.75,-1.31],[-89.62,-1.32]],[[-81.15,-3.44],[-81.09,-3.5],[-81.1,-3.57],[-81.18,-3.62],[-81.28,-3.64],[-81.23,-3.47],[-81.15,-3.44]],[[-81.26,-22.08],[-81.21,-22.13],[-81.24,-22.2],[-81.4,-22.19],[-81.37,-22.11],[-81.26,-22.08]],[[-87.28,-25.55],[-87.37,-25.47],[-87.31,-25.41],[-87.24,-25.42],[-87.18,-25.49],[-87.21,-25.54],[-87.28,-25.55]],[[-89.08,-25.62],[-89.19,-25.6],[-89.24,-25.57],[-89.25,-25.53],[-89.18,-25.46],[-89.1,-25.48],[-89.04,-25.55],[-89.08,-25.62]],[[-85.49,-25.61],[-85.37,-25.61],[-85.37,-25.71],[-85.44,-25.73],[-85.51,-25.7],[-85.53,-25.66],[-85.49,-25.61]],[[-86.55,-25.76],[-86.65,-25.78],[-86.72,-25.74],[-86.73,-25.68],[-86.66,-25.63],[-86.59,-25.62],[-86.54,-25.67],[-86.55,-25.76]],[[-79.93,-26.24],[-79.87,-26.3],[-79.87,-26.4],[-80.04,-26.38],[-80.15,-26.33],[-80.11,-26.24],[-80.06,-26.27],[-79.93,-26.24]],[[-105.44,-26.43],[-105.44,-26.49],[-105.51,-26.45],[-105.44,-26.43]],[[-109.23,-27.06],[-109.19,-27.11],[-109.23,-27.15],[-109.42,-27.23],[-109.48,-27.21],[-109.41,-27.04],[-109.23,-27.06]],[[-79.03,-33.77],[-79.07,-33.73],[-79.07,-33.68],[-78.9,-33.55],[-78.77,-33.59],[-78.71,-33.67],[-78.74,-33.71],[-79.03,-33.77]],[[-80.68,-33.78],[-80.78,-33.79],[-80.81,-33.74],[-80.78,-33.68],[-80.74,-33.66],[-80.69,-33.68],[-80.68,-33.78]],[[-66.14,-64.99],[-66.13,-64.92],[-66.0,-64.9],[-65.72,-64.93],[-65.68,-64.98],[-65.75,-65.07],[-65.72,-65.17],[-65.77,-65.2],[-66.04,-65.13],[-66.14,-64.99]],[[-92.89,-65.01],[-92.8,-65.09],[-92.89,-65.19],[-93.03,-65.2],[-93.16,-65.12],[-93.15,-65.07],[-93.08,-65.02],[-92.89,-65.01]],[[-67.05,-65.75],[-67.53,-65.71],[-67.58,-65.66],[-67.71,-65.64],[-67.68,-65.47],[-67.47,-65.34],[-67.35,-65.31],[-67.33,-65.36],[-67.35,-65.47],[-67.22,-65.49],[-66.95,-65.67],[-66.95,-65.73],[-67.05,-65.75]],[[-90.73,-65.65],[-90.67,-65.58],[-90.62,-65.61],[-90.43,-65.59],[-90.41,-65.61],[-90.44,-65.67],[-90.54,-65.7],[-90.68,-65.7],[-90.73,-65.65]],[[-71.79,-68.45],[-71.9,-68.36],[-71.89,-68.28],[-71.78,-68.24],[-71.63,-68.3],[-71.65,-68.41],[-71.79,-68.45]],[[-69.09,-68.51],[-68.95,-68.51],[-68.92,-68.56],[-68.97,-68.63],[-69.15,-68.75],[-69.09,-68.83],[-69.17,-68.93],[-69.12,-69.03],[-69.13,-69.07],[-69.27,-69.11],[-69.3,-69.07],[-69.25,-68.94],[-69.3,-68.86],[-69.38,-68.81],[-69.37,-68.78],[-69.34,-68.74],[-69.19,-68.73],[-69.24,-68.64],[-69.23,-68.59],[-69.09,-68.54],[-69.09,-68.51]],[[-70.92,-68.59],[-70.93,-68.67],[-71.02,-68.67],[-71.13,-68.62],[-71.21,-68.55],[-71.07,-68.53],[-70.92,-68.59]],[[-90.83,-68.88],[-90.86,-68.79],[-90.76,-68.71],[-90.49,-68.69],[-90.35,-68.73],[-90.37,-68.79],[-90.43,-68.82],[-90.83,-68.88]],[[-73.65,-68.87],[-73.67,-68.84],[-73.65,-68.8],[-73.51,-68.77],[-73.41,-68.81],[-73.36,-68.88],[-73.41,-68.98],[-73.46,-69.0],[-73.6,-68.87],[-73.65,-68.87]],[[-73.56,-69.42],[-73.48,-69.42],[-73.46,-69.48],[-73.82,-69.59],[-73.89,-69.57],[-73.85,-69.52],[-73.56,-69.42]],[[-74.33,-69.52],[-74.3,-69.56],[-74.37,-69.62],[-74.44,-69.63],[-74.49,-69.59],[-74.47,-69.54],[-74.33,-69.52]],[[-77.86,-70.08],[-77.87,-70.03],[-77.76,-69.98],[-77.37,-70.03],[-77.38,-70.06],[-77.46,-70.09],[-77.64,-70.11],[-77.86,-70.08]],[[-94.35,-70.66],[-94.11,-70.58],[-93.95,-70.65],[-94.06,-70.74],[-94.2,-70.77],[-94.32,-70.73],[-94.36,-70.7],[-94.35,-70.66]],[[-77.55,-70.66],[-77.52,-70.59],[-77.37,-70.64],[-77.33,-70.69],[-77.4,-70.73],[-77.55,-70.66]],[[-78.69,-70.67],[-78.63,-70.72],[-78.67,-70.77],[-78.83,-70.76],[-78.88,-70.71],[-78.84,-70.68],[-78.69,-70.67]],[[-97.62,-70.78],[-97.72,-70.79],[-97.78,-70.84],[-97.93,-70.85],[-98.01,-70.83],[-98.04,-70.78],[-97.73,-70.72],[-97.65,-70.67],[-97.62,-70.78]],[[-98.42,-70.77],[-98.37,-70.81],[-98.44,-70.84],[-98.8,-70.82],[-98.8,-70.79],[-98.42,-70.77]],[[-92.94,-71.54],[-92.99,-71.5],[-92.98,-71.43],[-92.75,-71.36],[-92.7,-71.4],[-92.7,-71.52],[-92.47,-71.59],[-92.44,-71.62],[-92.48,-71.66],[-92.59,-71.68],[-92.78,-71.56],[-92.94,-71.54]],[[-91.55,-71.61],[-91.44,-71.61],[-91.38,-71.65],[-91.5,-71.72],[-91.68,-71.74],[-91.83,-71.73],[-91.88,-71.68],[-91.86,-71.65],[-91.55,-71.61]],[[-102.71,-71.92],[-102.74,-71.89],[-102.67,-71.84],[-102.45,-71.8],[-102.4,-71.84],[-102.48,-71.9],[-102.71,-71.92]],[[-104.95,-73.22],[-105.14,-73.08],[-105.18,-72.98],[-105.02,-72.91],[-104.95,-72.91],[-104.54,-73.12],[-104.5,-73.17],[-104.63,-73.24],[-104.95,-73.22]],[[-105.15,-74.1],[-105.21,-74.08],[-105.19,-74.02],[-104.95,-73.99],[-104.71,-74.03],[-104.72,-74.07],[-104.81,-74.1],[-105.15,-74.1]],[[-92.75,-72.06],[-92.71,-72.02],[-92.54,-71.97],[-92.29,-71.95],[-92.04,-71.97],[-92.0,-72.0],[-91.98,-72.06],[-92.01,-72.08],[-92.18,-72.09],[-92.21,-72.29],[-92.47,-72.38],[-92.66,-72.37],[-92.72,-72.33],[-92.7,-72.26],[-92.61,-72.18],[-92.75,-72.06]],[[-93.95,-72.2],[-93.9,-72.26],[-93.92,-72.3],[-94.06,-72.32],[-94.14,-72.28],[-94.11,-72.22],[-93.95,-72.2]],[[-93.36,-72.19],[-93.4,-72.16],[-93.38,-72.12],[-93.12,-72.08],[-93.13,-72.14],[-93.18,-72.18],[-93.36,-72.19]]],[[[-60.54,-68.66],[-60.67,-68.71],[-60.62,-68.77],[-60.66,-68.82],[-60.84,-68.85],[-60.71,-68.93],[-60.78,-69.03],[-60.92,-69.06],[-60.89,-69.21],[-60.95,-69.32],[-61.08,-69.36],[-61.28,-69.3],[-61.43,-69.4],[-61.43,-69.46],[-61.2,-69.62],[-60.99,-69.65],[-60.87,-69.71],[-60.84,-69.78],[-60.94,-69.81],[-60.94,-69.85],[-60.86,-69.94],[-60.64,-70.03],[-60.4,-70.03],[-60.38,-70.15],[-60.14,-70.15],[-60.02,-70.22],[-59.78,-70.24],[-59.63,-70.36],[-59.29,-70.46],[-59.26,-70.55],[-59.29,-70.6],[-59.56,-70.72],[-59.61,-70.77],[-59.53,-70.81],[-59.23,-70.83],[-59.19,-70.85],[-59.19,-70.92],[-59.32,-70.94],[-59.59,-70.89],[-59.88,-70.95],[-60.04,-71.01],[-60.14,-71.08],[-60.11,-71.27],[-60.19,-71.37],[-60.15,-71.58],[-60.18,-71.64],[-60.29,-71.71],[-60.25,-71.74],[-60.31,-71.79],[-60.24,-71.86],[-60.32,-71.9],[-60.25,-71.94],[-60.3,-71.93],[-60.25,-71.99],[-60.32,-72.05],[-59.98,-72.1],[-59.78,-72.21],[-59.47,-72.22],[-59.42,-72.26],[-59.37,-72.45],[-59.27,-72.46],[-59.09,-72.4],[-59.03,-72.46],[-59.13,-72.52],[-59.19,-72.64],[-59.37,-72.69],[-59.63,-72.83],[-59.83,-72.89],[-59.8,-72.95],[-59.55,-72.97],[-59.49,-73.03],[-59.6,-73.16],[-60.14,-73.36],[-60.21,-73.65],[-60.47,-73.69],[-60.59,-73.79],[-60.59,-73.87],[-60.67,-74.04],[-60.65,-74.07],[-60.47,-74.09],[-60.43,-74.13],[-60.43,-74.19],[-60.51,-74.29],[-60.89,-74.53],[-61.48,-74.72],[-61.64,-74.84],[-61.61,-74.86],[-61.37,-74.88],[-60.66,-75.05],[-60.27,-75.19],[-54.32,-76.31],[-54.35,-76.33],[-52.77,-76.84],[-52.58,-76.87],[-52.11,-76.88],[-52.0,-76.85],[-51.74,-76.94],[-51.59,-77.03],[-51.34,-77.07],[-50.85,-76.94],[-50.6,-76.96],[-50.37,-76.91],[-50.15,-76.92],[-49.99,-76.96],[-49.87,-77.1],[-49.36,-77.08],[-49.15,-77.23],[-48.64,-77.27],[-48.56,-77.32],[-43.8,-78.1],[-43.65,-78.17],[-43.34,-78.18],[-42.67,-78.1],[-42.05,-78.09],[-41.88,-78.04],[-41.52,-78.02],[-41.47,-78.07],[-41.4,-78.03],[-41.24,-78.05],[-41.0,-78.0],[-40.7,-78.01],[-40.28,-78.1],[-39.22,-78.17],[-39.34,-78.14],[-38.13,-78.21],[-36.25,-78.24],[-35.96,-78.07],[-35.64,-77.98],[-35.4,-77.84],[-34.99,-77.72],[-34.91,-77.63],[-34.43,-77.44],[-34.17,-77.42],[-33.81,-77.27],[-33.53,-77.25],[-33.43,-77.2],[-33.34,-77.07],[-33.05,-76.99],[-32.75,-77.01],[-32.61,-77.06],[-32.44,-76.99],[-32.15,-76.96],[-32.11,-76.81],[-30.75,-76.73],[-30.2,-76.59],[-29.83,-76.54],[-29.2,-76.36],[-26.67,-76.02],[-26.61,-75.97],[-26.62,-75.92],[-26.8,-75.81],[-27.08,-75.72],[-27.47,-75.68],[-27.64,-75.6],[-27.52,-75.54],[-27.09,-75.48],[-26.28,-75.43],[-25.98,-75.3],[-25.36,-75.2],[-25.22,-75.12],[-25.18,-75.07],[-25.2,-75.0],[-25.14,-74.98],[-25.28,-74.9],[-25.38,-74.79],[-25.52,-74.79],[-25.53,-74.74],[-25.49,-74.71],[-25.67,-74.68],[-25.38,-74.62],[-25.29,-74.54],[-25.37,-74.45],[-25.67,-74.33],[-25.69,-74.25],[-25.77,-74.23],[-25.68,-74.15],[-25.66,-74.09],[-24.3,-73.92],[-24.12,-73.86],[-24.04,-73.89],[-23.85,-73.86],[-23.78,-73.9],[-23.53,-73.91],[-23.41,-73.98],[-22.99,-73.96],[-22.76,-74.07],[-22.43,-74.11],[-22.45,-73.98],[-22.41,-73.96],[-22.17,-74.11],[-21.9,-74.01],[-21.27,-73.96],[-21.12,-73.91],[-20.9,-73.6],[-20.73,-73.58],[-20.39,-73.28],[-20.01,-73.1],[-19.88,-73.02],[-19.86,-72.98],[-19.75,-72.94],[-19.32,-72.67],[-18.32,-72.58],[-17.84,-72.64],[-17.52,-72.5],[-16.53,-72.47],[-16.36,-72.38],[-15.53,-72.27],[-15.35,-72.19],[-15.38,-72.17],[-15.35,-72.16],[-15.2,-72.17],[-15.07,-72.13],[-14.07,-72.06],[-13.43,-71.97],[-13.12,-71.99],[-12.93,-71.88],[-12.74,-71.85],[-12.51,-71.77],[-12.28,-71.74],[-12.25,-71.65],[-12.35,-71.56],[-12.45,-71.4],[-12.42,-71.33],[-12.33,-71.27],[-12.09,-71.27],[-11.71,-71.11],[-11.49,-71.11],[-11.11,-70.96],[-9.73,-70.77],[-8.75,-70.53],[-8.57,-70.55],[-8.18,-70.49],[-7.96,-70.55],[-7.79,-70.67],[-7.67,-70.57],[-7.56,-70.58],[-7.29,-70.48],[-7.24,-70.44],[-7.06,-70.42],[-6.65,-70.46],[-6.62,-70.41],[-6.28,-70.42],[-6.02,-70.36],[-5.86,-70.43],[-5.73,-70.43],[-5.64,-70.36],[-5.57,-70.35],[-5.55,-70.36],[-5.6,-70.38],[-5.51,-70.39],[-5.37,-70.29],[-5.21,-70.25],[-4.34,-70.22],[-4.22,-70.25],[-3.99,-70.4],[-3.5,-70.42],[-3.24,-70.3],[-3.15,-70.17],[-3.03,-70.26],[-2.81,-70.26],[-2.3,-70.15],[-2.13,-70.17],[-2.08,-70.12],[-1.99,-70.12],[-1.84,-70.0],[-1.7,-69.98],[-1.51,-69.89],[-1.45,-69.84],[-1.51,-69.81],[-1.29,-69.71],[-1.06,-69.72],[-1.11,-69.71],[-1.09,-69.67],[-0.96,-69.64],[-0.58,-69.65],[0.03,-69.58],[0.15,-69.61],[0.27,-69.75],[0.61,-69.83],[0.97,-69.81],[1.01,-69.92],[1.21,-69.99],[1.39,-70.0],[1.76,-69.92],[2.0,-69.93],[2.24,-70.03],[2.37,-70.0],[3.14,-70.01],[3.45,-70.07],[3.75,-70.08],[4.06,-70.04],[4.16,-70.0],[4.83,-70.01],[5.08,-70.04],[5.6,-69.95],[6.36,-70.01],[7.06,-69.83],[7.52,-69.86],[7.71,-69.76],[7.9,-69.83],[8.15,-69.81],[8.35,-69.74],[8.53,-69.75],[8.68,-69.8],[10.97,-69.71],[11.26,-69.81],[11.37,-69.72],[11.19,-69.57],[11.36,-69.5],[11.51,-69.49],[11.87,-69.56],[12.18,-69.5],[12.5,-69.49],[12.66,-69.54],[12.91,-69.54],[13.02,-69.59],[13.45,-69.65],[13.75,-69.54],[14.77,-69.47],[15.28,-69.36],[15.44,-69.22],[15.59,-69.2],[15.69,-69.22],[15.71,-69.26],[15.62,-69.35],[15.65,-69.4],[16.09,-69.45],[16.28,-69.58],[16.66,-69.57],[16.9,-69.67],[16.97,-69.65],[17.04,-69.53],[17.12,-69.5],[17.32,-69.56],[17.38,-69.54],[17.39,-69.5],[17.26,-69.38],[17.38,-69.35],[17.48,-69.39],[17.57,-69.5],[17.69,-69.5],[17.77,-69.54],[17.96,-69.54],[18.08,-69.71],[18.17,-69.71],[18.22,-69.76],[18.41,-69.76],[18.56,-69.83],[18.68,-69.83],[18.76,-69.88],[18.99,-69.9],[19.39,-69.89],[19.65,-69.82],[19.61,-69.8],[19.64,-69.78],[19.72,-69.79],[19.71,-69.76],[19.91,-69.72],[20.66,-69.8],[21.28,-69.83],[21.61,-70.0],[21.82,-70.0],[21.87,-70.05],[22.09,-70.14],[22.69,-70.08],[22.95,-70.1],[23.06,-70.08],[23.16,-70.14],[23.36,-70.16],[23.67,-70.15],[23.84,-70.27],[23.96,-70.22],[24.15,-70.27],[24.32,-70.24],[24.46,-70.27],[24.53,-70.22],[24.65,-70.22],[24.82,-70.09],[24.8,-70.08],[25.1,-70.05],[25.15,-70.01],[25.84,-70.05],[25.86,-70.1],[25.75,-70.15],[25.76,-70.17],[25.88,-70.18],[26.39,-70.02],[26.44,-69.97],[26.4,-69.96],[26.53,-69.9],[26.89,-69.9],[27.03,-69.95],[27.27,-69.9],[27.79,-69.94],[27.82,-69.93],[27.82,-69.88],[27.68,-69.75],[27.66,-69.68],[28.06,-69.49],[28.44,-69.38],[28.84,-69.39],[28.93,-69.43],[28.95,-69.5],[28.73,-69.59],[28.69,-69.65],[28.77,-69.69],[29.02,-69.69],[29.24,-69.57],[29.22,-69.44],[29.27,-69.4],[29.39,-69.4],[29.99,-69.21],[30.33,-69.26],[30.61,-69.04],[30.92,-68.97],[30.92,-68.91],[30.85,-68.78],[30.87,-68.73],[31.18,-68.69],[26.24,-34.36],[26.07,-34.43],[25.93,-34.39],[25.81,-34.43],[25.69,-34.41],[25.28,-34.55],[25.08,-34.58],[25.03,-34.62],[25.04,-34.73],[25.01,-34.78],[24.79,-34.66],[24.51,-34.79],[24.22,-34.77],[24.12,-34.81],[23.69,-34.84],[23.5,-34.94],[23.36,-34.89],[23.23,-35.0],[22.9,-35.01],[22.73,-35.13],[22.64,-35.13],[22.42,-35.39],[22.4,-35.59],[22.35,-35.66],[22.11,-35.69],[21.99,-35.76],[22.0,-35.81],[22.2,-35.87],[22.19,-35.97],[22.07,-36.01],[21.98,-35.9],[21.92,-35.9],[21.88,-35.94],[21.82,-36.11],[21.71,-36.11],[21.72,-36.18],[21.89,-36.29],[21.91,-36.34],[21.73,-36.43],[21.63,-36.38],[21.56,-36.43],[21.46,-36.4],[21.39,-36.47],[21.22,-36.43],[21.18,-36.51],[21.2,-36.55],[21.25,-36.55],[21.25,-36.68],[21.18,-36.64],[21.19,-36.56],[21.13,-36.53],[21.06,-36.52],[21.07,-36.58],[20.97,-36.66],[20.79,-36.62],[20.65,-36.52],[20.48,-36.53],[20.42,-36.46],[20.44,-36.36],[20.38,-36.33],[20.36,-36.34],[20.38,-36.4],[20.35,-36.45],[20.25,-36.44],[20.02,-36.26],[20.05,-36.11],[20.02,-36.07],[19.96,-36.03],[19.77,-36.0],[19.66,-35.83],[19.71,-35.82],[19.82,-35.9],[19.82,-35.81],[19.73,-35.78],[19.65,-35.69],[19.52,-35.66],[19.49,-35.54],[19.28,-35.42],[19.18,-35.43],[19.07,-35.51],[19.01,-35.49],[19.12,-35.37],[19.04,-35.27],[19.04,-35.18],[18.73,-34.94],[18.7,-34.89],[18.61,-34.87],[18.39,-34.46],[18.2,-34.29],[18.13,-34.15],[18.01,-34.1],[17.72,-33.54],[17.62,-32.85],[17.67,-32.59],[17.52,-32.49],[17.24,-32.09],[17.19,-31.97],[17.17,-31.72],[17.31,-31.54],[17.33,-31.46],[17.24,-31.27],[17.07,-31.14],[16.78,-30.55],[16.57,-30.28],[16.23,-30.23],[16.16,-30.16],[16.01,-30.16],[15.93,-30.08],[15.84,-30.1],[15.73,-30.0],[15.49,-29.99],[15.55,-29.9],[15.53,-29.83],[15.46,-29.79],[15.27,-29.75],[15.2,-29.47],[14.95,-29.4],[14.84,-29.25],[14.84,-29.18],[14.75,-29.05],[14.85,-28.96],[14.85,-28.85],[14.79,-28.84],[14.69,-28.99],[14.64,-29.01],[14.48,-28.78],[14.59,-28.47],[14.53,-28.29],[14.57,-28.14],[14.77,-28.07],[14.79,-27.97],[15.03,-27.81],[14.98,-27.67],[15.03,-27.52],[15.01,-27.42],[14.81,-27.02],[14.79,-26.78],[14.67,-26.55],[14.65,-26.39],[14.67,-26.23],[14.57,-26.16],[14.48,-26.01],[14.39,-25.98],[14.36,-25.77],[14.24,-25.62],[14.31,-25.39],[14.21,-25.24],[14.02,-25.34],[13.97,-25.15],[13.91,-25.02],[13.95,-24.38],[14.02,-24.21],[14.01,-23.94],[13.96,-23.88],[13.83,-23.84],[13.76,-23.78],[13.57,-23.43],[13.51,-22.71],[13.4,-22.31],[13.25,-22.15],[13.25,-22.07],[13.13,-21.88],[13.09,-21.5],[12.99,-21.23],[12.99,-21.09],[12.92,-20.95],[12.89,-20.75],[12.81,-20.67],[12.75,-20.51],[12.63,-20.42],[12.63,-20.37],[12.58,-20.35],[12.32,-19.94],[12.27,-19.51],[12.16,-19.23],[11.77,-18.62],[11.57,-18.47],[11.54,-17.88],[11.45,-17.68],[11.44,-17.27],[11.33,-16.97],[11.36,-16.79],[11.33,-16.65],[11.48,-16.41],[11.48,-16.27],[11.63,-16.02],[11.69,-15.79],[11.74,-15.71],[11.74,-15.57],[11.83,-15.47],[11.96,-15.19],[12.05,-15.11],[12.22,-14.78],[12.25,-14.54],[12.17,-14.32],[12.22,-14.18],[12.25,-13.94],[12.46,-13.82],[12.41,-13.67],[12.5,-13.57],[12.48,-13.42],[12.82,-12.99],[12.93,-12.74],[13.38,-12.31],[13.41,-12.12],[13.52,-11.92],[13.37,-11.54],[13.51,-11.33],[13.57,-11.16],[13.57,-11.03],[13.07,-10.4],[12.87,-9.97],[12.87,-9.76],[12.75,-9.57],[12.75,-9.5],[12.69,-9.39],[12.73,-9.16],[12.8,-9.06],[12.95,-8.98],[12.99,-8.92],[13.01,-8.75],[12.98,-8.58],[12.41,-7.43],[12.2,-7.34],[12.19,-7.27],[12.03,-7.18],[11.89,-6.99],[11.77,-6.65],[11.59,-6.34],[11.52,-6.13],[11.52,-6.06],[11.55,-6.03],[11.79,-6.06],[11.84,-6.02],[11.82,-5.99],[11.61,-5.91],[11.54,-5.84],[11.53,-5.79],[11.59,-5.63],[11.6,-5.42],[11.45,-5.03],[11.33,-4.94],[11.31,-4.87],[11.08,-4.58],[11.12,-4.43],[11.1,-4.39],[10.79,-4.14],[10.73,-4.16],[10.68,-4.26],[10.62,-4.26],[10.42,-4.04],[10.4,-3.98],[10.53,-4.0],[10.55,-3.98],[10.5,-3.78],[10.42,-3.74],[10.4,-3.69],[10.18,-3.69],[9.96,-3.53],[9.81,-3.35],[9.82,-3.24],[9.93,-3.36],[9.84,-3.17],[9.75,-3.13],[9.61,-3.14],[9.37,-2.99],[9.01,-2.61],[8.84,-2.35],[8.84,-2.18],[8.79,-2.06],[8.81,-1.89],[8.65,-1.69],[8.55,-1.46],[8.41,-1.29],[8.38,-1.1],[8.41,-0.99],[8.49,-0.84],[8.62,-0.74],[8.67,-0.57],[8.82,-0.34],[8.81,-0.21],[8.88,-0.04],[8.86,0.39],[8.91,0.46],[8.91,0.61],[8.98,0.75],[8.96,0.87],[9.08,1.06],[9.13,1.33],[9.34,1.52],[9.42,1.77],[9.56,1.97],[9.52,2.16],[9.51,2.47],[9.58,2.67],[9.58,2.85],[9.47,3.13],[9.21,3.52],[9.11,3.58],[9.0,3.57],[8.93,3.5],[8.79,3.22],[8.61,3.16],[8.49,3.19],[8.39,3.34],[8.4,3.44],[8.48,3.52],[8.47,3.64],[8.33,3.75],[8.26,3.7],[8.15,3.81],[7.96,3.83],[7.73,3.77],[7.47,3.8],[7.33,3.75],[7.07,3.85],[6.97,3.79],[6.85,3.77],[6.68,3.65],[6.46,3.75],[6.29,3.77],[6.13,3.73],[5.67,3.8],[5.57,3.85],[5.43,3.94],[5.36,4.09],[5.29,4.09],[5.23,4.13],[5.24,4.33],[5.05,4.5],[4.99,4.63],[4.97,4.78],[4.88,4.86],[4.85,5.14],[4.71,5.31],[4.64,5.53],[4.59,5.57],[4.59,5.71],[4.35,5.96],[4.09,6.05],[3.94,6.17],[3.7,6.1],[3.61,6.13],[3.42,6.08],[3.17,6.16],[2.79,6.09],[2.08,6.08],[1.46,5.98],[1.27,5.9],[0.85,5.55],[0.3,5.57],[-0.02,5.27],[-0.16,5.26],[-0.54,4.85],[-0.98,4.52],[-1.44,4.31],[-1.59,4.27],[-1.85,4.31],[-2.33,4.54],[-2.53,4.6],[-2.9,4.62],[-3.77,4.96],[-4.03,5.09],[-4.1,5.05],[-4.21,5.03],[-4.51,5.02],[-4.65,4.97],[-4.89,4.95],[-5.03,5.0],[-5.14,4.93],[-5.45,4.87],[-5.74,4.72],[-6.0,4.7],[-6.23,4.59],[-6.38,4.61],[-7.24,4.21],[-7.39,4.21],[-7.64,4.14],[-9.09,4.54],[-9.26,4.61],[-9.46,4.81],[-34.49,-7.07],[-34.44,-7.21],[-34.44,-7.83],[-34.49,-8.0],[-34.75,-8.61],[-34.76,-8.85],[-35.06,-9.47],[-35.45,-9.89],[-35.54,-9.95],[-35.66,-9.98],[-35.73,-10.07],[-35.85,-10.15],[-35.89,-10.27],[-36.16,-10.65],[-36.31,-10.7],[-36.42,-10.84],[-36.66,-11.01],[-36.76,-10.99],[-36.83,-11.18],[-37.04,-11.33],[-37.24,-11.61],[-37.29,-11.83],[-37.41,-11.97],[-37.48,-12.16],[-37.6,-12.35],[-37.87,-12.59],[-37.91,-12.76],[-38.54,-13.19],[-38.61,-13.29],[-38.73,-13.36],[-38.71,-13.46],[-38.73,-13.87],[-38.8,-13.99],[-38.8,-14.13],[-38.87,-14.27],[-38.9,-14.66],[-38.8,-15.11],[-38.73,-15.19],[-38.67,-15.34],[-38.63,-15.5],[-38.63,-15.79],[-38.44,-15.91],[-38.07,-15.91],[-37.97,-15.95],[-37.94,-16.0],[-37.93,-16.24],[-37.96,-16.29],[-38.37,-16.39],[-38.64,-16.65],[-38.66,-16.91],[-38.63,-17.13],[-38.39,-17.42],[-38.11,-17.51],[-38.01,-17.61],[-37.84,-17.62],[-37.72,-17.71],[-37.51,-17.71],[-37.3,-17.86],[-37.27,-17.95],[-37.3,-18.07],[-37.77,-18.31],[-37.79,-18.5],[-37.86,-18.6],[-37.89,-18.88],[-37.84,-19.05],[-37.95,-19.28],[-38.04,-19.35],[-38.56,-19.54],[-39.13,-19.57],[-39.24,-19.61],[-39.61,-19.85],[-39.75,-20.06],[-39.81,-20.22],[-39.83,-20.44],[-39.91,-20.54],[-39.91,-20.71],[-40.19,-21.03],[-40.27,-21.21],[-40.24,-21.44],[-40.16,-21.58],[-40.12,-21.81],[-40.03,-21.95],[-40.05,-22.05],[-40.0,-22.15],[-40.1,-22.26],[-40.41,-22.45],[-40.53,-22.56],[-41.22,-23.54],[-41.37,-23.66],[-41.51,-23.69],[-41.61,-23.8],[-41.75,-23.71],[-41.92,-23.66],[-42.01,-23.52],[-42.05,-23.51],[-42.15,-23.59],[-43.0,-23.9],[-43.15,-23.92],[-43.23,-24.01],[-43.63,-24.2],[-43.96,-24.28],[-44.06,-24.26],[-44.4,-24.43],[-44.48,-24.51],[-45.34,-25.84],[-45.5,-25.79],[-45.62,-25.87],[-45.79,-25.75],[-45.88,-25.75],[-45.86,-25.78],[-45.88,-25.82],[-46.19,-25.99],[-46.31,-26.15],[-46.46,-26.18],[-46.63,-26.35],[-46.75,-26.73],[-46.74,-26.77],[-46.7,-26.75],[-46.67,-26.78],[-46.68,-26.83],[-47.03,-27.11],[-47.35,-27.5],[-47.35,-27.76],[-47.59,-27.9],[-47.65,-27.98],[-47.63,-28.03],[-47.39,-28.0],[-47.32,-28.1],[-47.39,-28.55],[-47.71,-28.7],[-47.85,-28.86],[-47.95,-29.06],[-48.14,-29.25],[-48.15,-29.45],[-48.23,-29.59],[-48.23,-29.73],[-48.38,-29.92],[-48.33,-30.09],[-48.45,-30.09],[-48.57,-30.16],[-48.66,-30.1],[-48.7,-30.13],[-48.69,-30.31],[-48.59,-30.42],[-48.62,-30.5],[-48.94,-30.73],[-49.05,-30.76],[-49.1,-30.83],[-49.27,-30.91],[-49.56,-31.24],[-49.69,-31.33],[-49.86,-31.55],[-49.95,-31.77],[-50.08,-31.96],[-50.11,-32.13],[-50.19,-32.24],[-50.2,-32.32],[-50.25,-32.35],[-50.46,-32.82],[-50.45,-33.06],[-50.59,-33.21],[-50.69,-33.39],[-50.85,-33.42],[-50.93,-33.57],[-51.11,-33.64],[-51.26,-33.64],[-51.33,-33.71],[-51.45,-33.74],[-51.5,-33.93],[-51.57,-33.95],[-51.59,-34.03],[-51.74,-34.1],[-51.69,-34.31],[-51.8,-34.32],[-51.95,-34.43],[-51.95,-34.58],[-52.06,-34.67],[-52.15,-34.87],[-52.24,-34.94],[-52.27,-35.01],[-52.34,-35.03],[-52.39,-35.18],[-52.51,-35.25],[-52.53,-35.42],[-52.82,-35.63],[-52.86,-35.61],[-52.84,-35.54],[-52.89,-35.48],[-53.04,-35.55],[-53.08,-35.64],[-52.99,-35.85],[-53.06,-35.9],[-53.08,-36.02],[-53.25,-36.19],[-53.44,-36.26],[-53.61,-36.4],[-53.71,-36.43],[-53.8,-36.57],[-53.87,-36.62],[-53.9,-36.71],[-54.04,-36.81],[-54.08,-36.92],[-54.13,-36.95],[-54.24,-36.93],[-54.26,-37.03],[-54.8,-37.49],[-55.21,-37.96],[-55.23,-38.15],[-55.34,-38.33],[-55.46,-38.78],[-55.55,-38.9],[-55.6,-39.02],[-55.65,-39.04],[-55.67,-39.21],[-55.77,-39.32],[-55.9,-39.62],[-56.31,-40.24],[-56.48,-40.42],[-56.61,-40.51],[-56.63,-40.58],[-56.78,-40.75],[-56.97,-40.84],[-57.05,-41.03],[-57.14,-41.13],[-57.31,-41.15],[-57.31,-41.21],[-57.25,-41.33],[-57.27,-41.41],[-57.45,-41.44],[-57.57,-41.61],[-58.12,-42.11],[-58.21,-42.12],[-58.29,-42.23],[-58.48,-42.35],[-58.53,-42.5],[-58.74,-42.65],[-58.92,-42.89],[-59.11,-43.0],[-59.2,-43.0],[-59.23,-43.15],[-59.27,-43.19],[-59.3,-43.29],[-59.4,-43.34],[-59.51,-43.49],[-59.6,-43.5],[-59.64,-43.41],[-59.72,-43.39],[-60.0,-43.72],[-60.06,-43.75],[-60.16,-43.72],[-60.38,-43.82],[-60.31,-43.91],[-60.11,-43.96],[-59.9,-43.91],[-59.8,-43.82],[-59.73,-43.82],[-59.8,-44.01],[-59.8,-44.2],[-59.91,-44.31],[-59.9,-44.47],[-59.99,-44.61],[-59.97,-44.71],[-59.99,-45.06],[-60.07,-45.43],[-60.14,-45.57],[-60.11,-45.69],[-60.16,-45.86],[-60.14,-46.07],[-60.21,-46.15],[-60.26,-46.29],[-60.4,-46.41],[-60.45,-46.6],[-60.69,-46.79],[-60.76,-46.94],[-60.86,-46.96],[-61.01,-47.15],[-61.17,-47.13],[-61.19,-47.15],[-61.05,-47.42],[-61.12,-47.51],[-61.08,-47.68],[-61.15,-47.87],[-61.05,-48.14],[-61.07,-48.24],[-61.03,-48.28],[-61.01,-48.36],[-61.07,-48.45],[-61.19,-48.45],[-61.3,-48.62],[-61.4,-48.65],[-61.4,-48.73],[-61.27,-48.83],[-61.31,-48.97],[-61.17,-49.08],[-61.1,-49.1],[-61.0,-49.07],[-60.91,-49.17],[-60.88,-49.17],[-60.85,-49.04],[-60.77,-49.04],[-60.69,-49.15],[-60.72,-49.29],[-60.7,-49.35],[-60.45,-49.5],[-60.33,-49.46],[-60.13,-49.47],[-59.9,-49.63],[-59.79,-49.65],[-59.77,-49.69],[-59.82,-49.79],[-59.82,-49.85],[-59.73,-49.91],[-59.6,-49.92],[-59.61,-49.96],[-59.69,-49.99],[-60.09,-49.93],[-60.17,-49.95],[-60.37,-50.18],[-60.38,-50.25],[-60.32,-50.3],[-60.24,-50.3],[-60.18,-50.27],[-60.2,-50.13],[-60.11,-50.05],[-60.05,-50.06],[-59.95,-50.25],[-59.66,-50.26],[-59.44,-50.18],[-59.32,-50.08],[-59.18,-50.15],[-58.93,-49.88],[-58.82,-49.82],[-58.75,-49.88],[-58.77,-50.06],[-59.05,-50.22],[-59.1,-50.32],[-59.1,-50.4],[-58.91,-50.44],[-58.75,-50.3],[-58.54,-50.29],[-58.41,-50.25],[-58.41,-50.3],[-58.36,-50.3],[-58.31,-50.35],[-57.95,-50.35],[-57.62,-50.56],[-57.52,-50.54],[-57.33,-50.68],[-57.16,-50.71],[-57.11,-50.8],[-56.92,-50.88],[-56.87,-50.95],[-56.9,-51.14],[-57.09,-51.28],[-57.21,-51.51],[-57.5,-51.88],[-57.52,-52.0],[-57.76,-52.22],[-58.1,-52.39],[-58.29,-52.53],[-58.46,-52.55],[-58.6,-52.7],[-58.73,-52.76],[-58.93,-53.0],[-59.13,-53.06],[-59.45,-53.05],[-60.02,-52.9],[-60.14,-52.75],[-60.23,-52.67],[-60.4,-52.7],[-60.48,-52.59],[-60.59,-52.52],[-60.74,-52.48],[-60.79,-52.43],[-60.95,-52.46],[-61.05,-52.39],[-61.22,-52.36],[-61.24,-52.31],[-61.53,-52.15],[-61.67,-52.1],[-61.78,-51.95],[-61.87,-51.91],[-61.91,-51.83],[-62.08,-51.83],[-62.17,-51.75],[-62.16,-51.7],[-61.99,-51.59],[-61.99,-51.38],[-61.94,-51.31],[-61.96,-51.22],[-62.42,-51.24],[-62.45,-51.3],[-62.33,-51.4],[-62.43,-51.52],[-62.53,-51.57],[-62.66,-51.52],[-62.78,-51.62],[-62.95,-51.57],[-62.97,-51.71],[-63.14,-51.78],[-63.19,-51.91],[-63.33,-51.93],[-63.4,-52.07],[-63.51,-52.08],[-63.58,-52.2],[-63.81,-52.16],[-63.91,-52.1],[-63.98,-52.17],[-64.1,-52.19],[-64.1,-52.31],[-64.27,-52.27],[-64.36,-52.4],[-64.41,-52.6],[-64.56,-52.73],[-64.58,-52.94],[-64.4,-52.91],[-64.36,-52.94],[-64.48,-53.13],[-64.47,-53.19],[-64.32,-53.29],[-64.22,-53.42],[-64.05,-53.49],[-63.97,-53.66],[-63.95,-53.83],[-63.88,-53.9],[-63.86,-53.97],[-63.65,-54.06],[-63.59,-54.16],[-63.39,-54.25],[-63.4,-54.4],[-63.47,-54.5],[-63.45,-54.56],[-63.35,-54.62],[-63.36,-54.65],[-63.55,-54.76],[-63.71,-54.77],[-64.0,-54.91],[-64.12,-54.86],[-64.22,-54.92],[-64.34,-54.95],[-64.87,-54.93],[-65.01,-54.98],[-65.3,-54.95],[-65.38,-55.05],[-65.47,-55.02],[-65.56,-55.07],[-66.03,-55.1],[-66.08,-55.15],[-66.02,-55.29],[-66.14,-55.46],[-66.14,-55.55],[-66.23,-55.65],[-66.28,-55.79],[-66.57,-56.08],[-66.62,-56.08],[-66.74,-56.23],[-66.93,-56.3],[-67.05,-56.47],[-67.24,-56.51],[-67.39,-56.66],[-67.55,-56.7],[-64.5,-64.42],[-64.31,-64.34],[-64.12,-64.48],[-63.86,-64.36],[-63.79,-64.24],[-63.59,-64.12],[-63.45,-64.15],[-63.32,-64.22],[-63.16,-64.22],[-63.07,-64.44],[-63.02,-64.48],[-62.97,-64.48],[-62.96,-64.45],[-63.01,-64.27],[-62.95,-64.24],[-62.88,-64.26],[-62.83,-64.32],[-62.82,-64.4],[-62.9,-64.49],[-62.8,-64.57],[-62.94,-64.63],[-62.86,-64.65],[-62.75,-64.58],[-62.71,-64.63],[-62.64,-64.63],[-62.55,-64.58],[-62.51,-64.51],[-62.6,-64.55],[-62.81,-64.5],[-62.81,-64.46],[-62.73,-64.44],[-62.74,-64.38],[-62.68,-64.27],[-62.8,-64.19],[-62.82,-64.14],[-62.78,-64.05],[-62.88,-63.97],[-62.87,-63.93],[-62.63,-63.88],[-62.44,-63.98],[-62.27,-63.95],[-62.1,-64.02],[-61.93,-63.92],[-61.91,-63.76],[-61.86,-63.71],[-61.74,-63.67],[-61.64,-63.68],[-61.6,-63.72],[-61.59,-63.77],[-61.78,-63.94],[-61.76,-63.99],[-61.99,-64.12],[-61.98,-64.16],[-62.04,-64.19],[-62.04,-64.25],[-62.16,-64.32],[-62.15,-64.38],[-62.47,-64.54],[-62.45,-64.58],[-62.36,-64.57],[-62.26,-64.63],[-62.2,-64.62],[-62.17,-64.56],[-62.08,-64.51],[-61.68,-64.47],[-61.65,-64.35],[-61.62,-64.33],[-61.25,-64.32],[-61.05,-63.95],[-61.09,-63.93],[-61.24,-64.02],[-61.24,-63.96],[-61.12,-63.83],[-61.15,-63.78],[-61.25,-63.74],[-61.24,-63.69],[-61.19,-63.65],[-61.0,-63.66],[-60.93,-63.59],[-60.85,-63.57],[-60.51,-63.67],[-60.55,-63.91],[-60.53,-63.94],[-60.28,-63.88],[-60.11,-63.91],[-59.8,-63.75],[-59.65,-63.83],[-59.56,-63.84],[-59.51,-63.82],[-59.48,-63.74],[-59.59,-63.69],[-59.59,-63.64],[-59.09,-63.65],[-59.03,-63.62],[-59.06,-63.55],[-59.29,-63.35],[-59.28,-63.29],[-59.21,-63.28],[-59.03,-63.38],[-58.78,-63.42],[-58.8,-63.34],[-59.03,-63.28],[-59.08,-63.18],[-58.95,-63.09],[-58.77,-63.04],[-58.47,-63.07],[-58.15,-63.3],[-58.08,-63.32],[-58.04,-63.28],[-58.2,-63.16],[-58.24,-63.03],[-58.13,-63.0],[-58.0,-63.02],[-57.71,-63.18],[-57.7,-63.13],[-57.8,-62.96],[-57.78,-62.9],[-57.51,-62.96],[-57.31,-63.06],[-57.21,-63.2],[-57.13,-63.19],[-57.14,-63.09],[-57.46,-62.85],[-57.48,-62.81],[-57.46,-62.77],[-57.23,-62.78],[-56.93,-62.88],[-57.01,-62.77],[-56.97,-62.71],[-56.71,-62.71],[-56.51,-62.66],[-56.42,-62.83],[-56.12,-62.96],[-56.01,-62.92],[-56.02,-62.68],[-55.98,-62.64],[-55.77,-62.71],[-55.36,-62.76],[-55.26,-62.81],[-55.25,-62.87],[-55.32,-62.93],[-55.14,-63.02],[-55.2,-63.07],[-55.36,-63.07],[-55.39,-62.92],[-55.49,-62.88],[-55.6,-62.9],[-55.7,-63.0],[-55.92,-63.02],[-55.99,-63.06],[-56.01,-63.12],[-55.58,-63.1],[-55.46,-63.13],[-55.44,-63.18],[-55.38,-63.16],[-55.08,-63.19],[-55.02,-63.24],[-55.04,-63.33],[-55.17,-63.39],[-55.59,-63.37],[-55.75,-63.33],[-55.79,-63.35],[-55.89,-63.34],[-55.9,-63.38],[-55.74,-63.4],[-55.69,-63.51],[-55.59,-63.57],[-55.59,-63.68],[-55.65,-63.72],[-55.88,-63.74],[-56.01,-63.69],[-56.18,-63.69],[-56.39,-63.47],[-56.49,-63.47],[-56.55,-63.44],[-56.61,-63.35],[-56.6,-63.32],[-56.68,-63.3],[-56.82,-63.32],[-56.93,-63.24],[-56.97,-63.3],[-56.87,-63.35],[-56.83,-63.45],[-56.46,-63.54],[-56.44,-63.57],[-56.47,-63.63],[-56.92,-63.69],[-57.33,-63.67],[-57.42,-63.7],[-57.4,-63.76],[-57.23,-63.76],[-57.07,-63.82],[-57.08,-63.87],[-57.26,-63.95],[-57.26,-64.0],[-56.99,-63.94],[-56.86,-63.95],[-56.81,-63.99],[-56.83,-64.05],[-57.04,-64.15],[-57.06,-64.21],[-57.13,-64.24],[-57.1,-64.3],[-56.95,-64.27],[-56.9,-64.19],[-56.79,-64.15],[-56.65,-64.14],[-56.35,-64.22],[-56.32,-64.27],[-56.43,-64.31],[-56.38,-64.4],[-56.42,-64.47],[-56.57,-64.39],[-56.61,-64.55],[-56.65,-64.59],[-56.9,-64.57],[-57.35,-64.7],[-57.4,-64.68],[-57.47,-64.55],[-57.57,-64.58],[-57.65,-64.56],[-57.67,-64.42],[-57.75,-64.42],[-57.75,-64.34],[-57.8,-64.34],[-57.78,-64.4],[-57.87,-64.45],[-57.99,-64.42],[-57.98,-64.35],[-58.04,-64.35],[-58.1,-64.42],[-58.24,-64.41],[-58.34,-64.32],[-58.29,-64.27],[-58.17,-64.25],[-58.21,-64.22],[-58.17,-64.12],[-58.36,-64.17],[-58.49,-64.14],[-58.48,-64.05],[-58.28,-63.88],[-58.31,-63.87],[-58.37,-63.88],[-58.43,-63.95],[-58.58,-63.98],[-58.65,-64.12],[-58.73,-64.21],[-58.75,-64.24],[-58.7,-64.3],[-58.72,-64.39],[-58.7,-64.54],[-58.75,-64.59],[-58.88,-64.6],[-59.2,-64.54],[-59.68,-64.66],[-59.83,-64.63],[-59.89,-64.49],[-59.92,-64.48],[-60.57,-64.75],[-60.64,-64.84],[-60.3,-64.96],[-60.09,-64.97],[-60.01,-65.03],[-60.02,-65.05],[-59.93,-65.08],[-59.79,-65.05],[-59.69,-65.08],[-59.49,-65.06],[-59.41,-65.23],[-59.42,-65.3],[-59.9,-65.3],[-60.2,-65.14],[-60.37,-65.12],[-60.67,-65.18],[-61.12,-65.15],[-61.32,-65.26],[-61.75,-65.36],[-61.75,-65.42],[-61.52,-65.53],[-61.3,-65.51],[-61.11,-65.57],[-61.1,-65.78],[-60.79,-65.8],[-60.76,-65.74],[-60.83,-65.66],[-60.74,-65.63],[-60.68,-65.66],[-60.56,-65.83],[-60.06,-66.03],[-59.85,-66.04],[-59.63,-66.16],[-59.59,-66.21],[-59.67,-66.29],[-59.8,-66.33],[-60.3,-66.33],[-60.33,-66.39],[-60.21,-66.45],[-60.21,-66.52],[-60.12,-66.57],[-59.68,-66.54],[-59.66,-66.74],[-59.37,-66.66],[-59.32,-66.71],[-59.51,-66.83],[-59.54,-66.88],[-59.47,-67.1],[-59.36,-67.18],[-59.38,-67.23],[-59.56,-67.22],[-59.61,-67.15],[-59.69,-67.12],[-60.0,-67.26],[-60.0,-67.39],[-59.83,-67.53],[-59.88,-67.59],[-60.02,-67.63],[-60.26,-67.6],[-60.44,-67.65],[-60.79,-67.6],[-60.83,-67.63],[-60.83,-67.73],[-60.73,-67.82],[-60.52,-67.88],[-60.55,-67.97],[-60.5,-68.04],[-60.64,-68.15],[-60.72,-68.41],[-60.66,-68.47],[-60.52,-68.49],[-60.46,-68.53],[-60.46,-68.59],[-60.54,-68.66]],[[-57.02,-68.92],[-56.84,-68.94],[-56.8,-69.0],[-56.83,-69.04],[-56.94,-69.07],[-57.11,-69.04],[-57.12,-69.01],[-57.02,-68.92]],[[-56.7,-69.92],[-56.67,-69.88],[-56.6,-69.87],[-56.54,-69.91],[-56.52,-69.97],[-56.56,-70.02],[-56.62,-70.02],[-56.69,-69.97],[-56.7,-69.92]],[[-56.96,-69.93],[-56.83,-70.0],[-56.95,-70.11],[-56.92,-70.17],[-56.81,-70.27],[-56.8,-70.31],[-56.83,-70.34],[-57.06,-70.3],[-57.24,-70.18],[-57.21,-70.08],[-57.29,-70.02],[-57.27,-69.96],[-56.96,-69.93]],[[-58.95,-70.53],[-59.01,-70.51],[-59.01,-70.46],[-58.79,-70.42],[-58.73,-70.44],[-58.76,-70.51],[-58.95,-70.53]],[[-59.65,-71.05],[-59.41,-71.03],[-59.36,-71.1],[-59.41,-71.13],[-59.53,-71.14],[-59.64,-71.1],[-59.65,-71.05]],[[-58.88,-71.14],[-58.8,-71.14],[-58.77,-71.2],[-59.23,-71.37],[-59.36,-71.46],[-59.61,-71.47],[-59.68,-71.43],[-59.67,-71.36],[-59.57,-71.26],[-59.21,-71.26],[-58.88,-71.14]],[[-12.94,-71.35],[-12.8,-71.38],[-12.7,-71.46],[-12.69,-71.51],[-12.81,-71.56],[-12.98,-71.53],[-13.02,-71.44],[-12.94,-71.35]],[[-59.2,-71.54],[-58.95,-71.64],[-58.93,-71.71],[-58.97,-71.78],[-59.1,-71.83],[-59.32,-71.83],[-59.58,-71.69],[-59.52,-71.62],[-59.2,-71.54]],[[-48.64,-72.48],[-48.55,-72.51],[-48.58,-72.59],[-48.75,-72.64],[-48.85,-72.59],[-48.85,-72.5],[-48.64,-72.48]],[[-49.3,-72.9],[-49.33,-72.85],[-49.27,-72.81],[-49.16,-72.82],[-49.1,-72.86],[-49.17,-72.9],[-49.3,-72.9]],[[-48.93,-73.02],[-48.92,-72.99],[-48.78,-72.97],[-48.7,-72.98],[-48.67,-73.03],[-48.68,-73.08],[-48.76,-73.1],[-48.9,-73.08],[-48.93,-73.02]],[[-21.55,-73.63],[-21.64,-73.6],[-21.64,-73.58],[-21.47,-73.54],[-21.38,-73.58],[-21.42,-73.63],[-21.55,-73.63]],[[16.86,-69.45],[16.82,-69.39],[16.9,-69.35],[17.09,-69.33],[17.17,-69.38],[17.15,-69.42],[16.86,-69.45]],[[27.33,-69.66],[27.41,-69.66],[27.43,-69.73],[27.34,-69.78],[27.21,-69.76],[27.22,-69.71],[27.33,-69.66]],[[-56.9,-68.21],[-56.85,-68.25],[-56.89,-68.3],[-57.04,-68.27],[-57.1,-68.23],[-57.09,-68.2],[-56.9,-68.21]],[[-56.25,-67.71],[-56.21,-67.74],[-56.21,-67.86],[-56.12,-67.96],[-56.16,-68.03],[-56.25,-68.07],[-56.47,-68.06],[-56.83,-67.96],[-56.91,-67.83],[-56.9,-67.78],[-56.84,-67.77],[-56.68,-67.91],[-56.56,-67.97],[-56.43,-67.98],[-56.34,-67.96],[-56.3,-67.9],[-56.31,-67.85],[-56.39,-67.78],[-56.25,-67.71]],[[-57.48,-67.79],[-57.42,-67.82],[-57.4,-67.87],[-57.47,-67.92],[-57.54,-67.91],[-57.59,-67.82],[-57.48,-67.79]],[[-57.31,-67.34],[-57.03,-67.51],[-56.99,-67.6],[-57.09,-67.62],[-57.34,-67.5],[-57.42,-67.39],[-57.31,-67.34]],[[-59.67,-67.35],[-59.76,-67.39],[-59.87,-67.35],[-59.84,-67.31],[-59.7,-67.25],[-59.66,-67.28],[-59.67,-67.35]],[[-55.77,-65.97],[-55.78,-66.03],[-55.86,-66.05],[-55.96,-66.02],[-56.0,-65.98],[-55.93,-65.94],[-55.77,-65.97]],[[-55.45,-65.96],[-55.51,-65.92],[-55.5,-65.83],[-55.44,-65.77],[-55.31,-65.74],[-55.21,-65.9],[-55.45,-65.96]],[[-55.16,-65.9],[-55.18,-65.85],[-55.07,-65.8],[-55.05,-65.73],[-54.89,-65.69],[-54.84,-65.71],[-54.84,-65.76],[-54.9,-65.8],[-55.16,-65.9]],[[-60.82,-65.4],[-60.76,-65.5],[-60.79,-65.61],[-60.81,-65.56],[-60.86,-65.56],[-60.92,-65.42],[-60.88,-65.35],[-60.82,-65.4]],[[-58.73,-65.03],[-58.63,-65.06],[-58.61,-65.11],[-58.69,-65.15],[-58.82,-65.11],[-58.77,-65.03],[-58.73,-65.03]],[[-54.58,-64.57],[-54.54,-64.63],[-54.7,-64.84],[-54.73,-64.86],[-54.8,-64.85],[-54.83,-64.75],[-54.8,-64.66],[-54.58,-64.57]],[[-54.3,-63.72],[-54.36,-63.8],[-54.81,-63.88],[-54.89,-63.98],[-55.0,-64.0],[-55.02,-63.97],[-54.94,-63.75],[-54.88,-63.7],[-54.74,-63.66],[-54.38,-63.65],[-54.32,-63.67],[-54.3,-63.72]],[[-55.55,-63.82],[-55.41,-63.87],[-55.39,-63.93],[-55.55,-63.93],[-55.67,-63.88],[-55.65,-63.83],[-55.55,-63.82]],[[-53.81,-63.69],[-53.91,-63.66],[-53.95,-63.59],[-53.78,-63.59],[-53.66,-63.63],[-53.69,-63.68],[-53.81,-63.69]],[[-54.69,-63.56],[-54.86,-63.54],[-54.94,-63.47],[-54.95,-63.42],[-54.73,-63.32],[-54.6,-63.21],[-54.5,-63.19],[-54.27,-63.22],[-54.11,-63.34],[-54.26,-63.45],[-54.5,-63.42],[-54.69,-63.56]],[[-53.7,-62.77],[-53.64,-62.82],[-53.63,-62.92],[-53.66,-62.95],[-53.73,-62.96],[-53.83,-62.91],[-53.84,-62.85],[-53.77,-62.78],[-53.7,-62.77]],[[-54.31,-62.77],[-54.23,-62.9],[-54.28,-62.96],[-54.4,-62.95],[-54.55,-62.85],[-54.65,-62.86],[-54.74,-62.92],[-54.89,-62.65],[-54.86,-62.62],[-54.52,-62.64],[-54.49,-62.61],[-54.52,-62.53],[-54.49,-62.49],[-54.41,-62.59],[-54.31,-62.66],[-54.31,-62.77]],[[-60.28,-62.82],[-60.4,-62.82],[-60.56,-62.71],[-60.64,-62.71],[-60.71,-62.77],[-60.71,-62.86],[-60.5,-62.9],[-60.47,-62.97],[-60.52,-63.04],[-60.67,-63.06],[-60.82,-63.04],[-60.86,-62.95],[-60.99,-62.91],[-61.07,-62.85],[-61.41,-62.97],[-61.48,-62.94],[-61.53,-62.97],[-61.62,-62.92],[-61.81,-62.95],[-61.91,-62.83],[-61.87,-62.63],[-62.08,-62.65],[-62.11,-62.59],[-62.06,-62.54],[-61.97,-62.51],[-61.77,-62.52],[-61.67,-62.56],[-61.57,-62.44],[-61.47,-62.41],[-61.13,-62.52],[-61.1,-62.49],[-61.18,-62.44],[-61.19,-62.39],[-61.1,-62.29],[-61.01,-62.25],[-60.91,-62.25],[-60.86,-62.3],[-60.71,-62.32],[-60.57,-62.42],[-60.54,-62.39],[-60.64,-62.21],[-60.5,-62.13],[-60.14,-62.13],[-59.88,-62.0],[-59.62,-61.99],[-59.12,-61.86],[-58.88,-61.98],[-58.8,-61.94],[-58.77,-61.84],[-58.63,-61.81],[-58.24,-61.82],[-58.17,-61.77],[-57.91,-61.82],[-57.71,-61.79],[-57.5,-61.89],[-57.29,-61.88],[-57.21,-61.94],[-57.23,-61.99],[-57.32,-62.04],[-57.69,-62.13],[-57.95,-62.13],[-58.15,-62.23],[-58.33,-62.23],[-58.43,-62.3],[-58.78,-62.27],[-58.81,-62.35],[-58.89,-62.4],[-59.19,-62.37],[-59.31,-62.47],[-59.47,-62.49],[-59.6,-62.57],[-59.74,-62.6],[-60.28,-62.82]],[[-62.42,-63.01],[-62.61,-63.1],[-62.69,-63.12],[-62.74,-63.09],[-62.53,-62.88],[-62.29,-62.85],[-62.28,-62.89],[-62.42,-63.01]],[[-62.46,-63.12],[-62.38,-63.09],[-62.19,-63.2],[-61.93,-63.25],[-61.82,-63.45],[-61.92,-63.5],[-62.23,-63.55],[-62.47,-63.52],[-62.64,-63.58],[-62.79,-63.54],[-62.81,-63.5],[-62.79,-63.45],[-62.59,-63.37],[-62.64,-63.33],[-62.7,-63.32],[-62.7,-63.25],[-62.46,-63.12]],[[-60.17,-63.4],[-60.0,-63.37],[-59.74,-63.26],[-59.63,-63.26],[-59.59,-63.35],[-59.6,-63.44],[-59.66,-63.5],[-59.87,-63.45],[-60.22,-63.57],[-60.26,-63.62],[-60.27,-63.73],[-60.35,-63.65],[-60.37,-63.56],[-60.17,-63.4]],[[-59.87,-63.62],[-59.9,-63.55],[-59.85,-63.51],[-59.78,-63.53],[-59.76,-63.62],[-59.87,-63.62]],[[-63.64,-63.58],[-63.83,-63.65],[-63.87,-63.62],[-63.82,-63.56],[-63.44,-63.43],[-63.33,-63.4],[-63.28,-63.42],[-63.32,-63.49],[-63.45,-63.57],[-63.64,-63.58]],[[-55.79,-62.63],[-55.85,-62.59],[-55.87,-62.54],[-55.85,-62.49],[-55.8,-62.45],[-55.36,-62.42],[-55.14,-62.45],[-55.18,-62.55],[-55.28,-62.64],[-55.48,-62.59],[-55.79,-62.63]],[[-55.83,-61.54],[-55.95,-61.53],[-55.99,-61.46],[-55.71,-61.41],[-55.67,-61.39],[-55.69,-61.34],[-56.04,-61.27],[-56.09,-61.2],[-56.05,-61.11],[-55.96,-61.07],[-55.86,-60.95],[-55.49,-60.88],[-55.26,-61.0],[-55.04,-61.0],[-54.91,-61.07],[-54.65,-61.08],[-54.61,-61.1],[-54.65,-61.18],[-54.8,-61.23],[-54.86,-61.29],[-55.02,-61.27],[-55.22,-61.36],[-55.45,-61.33],[-55.48,-61.39],[-55.42,-61.49],[-55.48,-61.54],[-55.57,-61.51],[-55.68,-61.53],[-55.75,-61.5],[-55.83,-61.54]],[[-46.15,-60.92],[-46.17,-60.83],[-46.46,-60.86],[-46.55,-60.81],[-46.7,-60.81],[-46.82,-60.66],[-47.04,-60.54],[-47.06,-60.47],[-46.91,-60.41],[-46.73,-60.41],[-46.63,-60.45],[-46.55,-60.56],[-46.47,-60.6],[-46.44,-60.56],[-46.58,-60.45],[-46.56,-60.39],[-46.44,-60.35],[-46.19,-60.33],[-46.13,-60.38],[-45.9,-60.38],[-45.82,-60.42],[-45.66,-60.4],[-45.6,-60.45],[-45.19,-60.52],[-45.19,-60.57],[-45.11,-60.55],[-45.06,-60.57],[-44.58,-60.57],[-44.51,-60.55],[-44.39,-60.62],[-44.18,-60.64],[-44.11,-60.76],[-43.93,-60.74],[-43.89,-60.78],[-43.93,-60.84],[-44.18,-60.88],[-44.37,-60.81],[-44.52,-60.88],[-44.74,-60.86],[-44.98,-60.9],[-45.15,-60.86],[-45.3,-60.86],[-45.45,-60.78],[-45.69,-60.83],[-45.83,-60.71],[-45.85,-60.74],[-45.76,-60.88],[-45.94,-60.95],[-46.15,-60.92]],[[-54.04,-61.09],[-53.99,-61.11],[-53.98,-61.15],[-54.04,-61.31],[-54.23,-61.35],[-54.31,-61.32],[-54.31,-61.28],[-54.26,-61.22],[-54.04,-61.09]],[[-46.24,-61.22],[-46.15,-61.22],[-46.13,-61.28],[-46.23,-61.38],[-46.33,-61.41],[-46.34,-61.31],[-46.24,-61.22]],[[-27.81,-60.2],[-27.78,-60.25],[-27.88,-60.3],[-27.97,-60.27],[-28.03,-60.22],[-27.81,-60.2]],[[-27.32,-59.5],[-27.41,-59.47],[-27.43,-59.41],[-27.32,-59.4],[-27.28,-59.45],[-27.24,-59.41],[-27.11,-59.43],[-27.15,-59.5],[-27.27,-59.48],[-27.32,-59.5]],[[-26.5,-58.93],[-26.43,-58.98],[-26.44,-59.07],[-26.55,-59.12],[-26.67,-59.1],[-26.69,-59.04],[-26.66,-58.98],[-26.5,-58.93]],[[-26.21,-58.46],[-26.25,-58.53],[-26.44,-58.48],[-26.49,-58.42],[-26.44,-58.36],[-26.27,-58.36],[-26.22,-58.39],[-26.21,-58.46]],[[-26.53,-57.87],[-26.58,-57.87],[-26.59,-57.82],[-26.49,-57.72],[-26.43,-57.72],[-26.33,-57.77],[-26.37,-57.83],[-26.53,-57.87]],[[-26.66,-57.02],[-26.62,-57.07],[-26.65,-57.13],[-26.72,-57.14],[-26.8,-57.09],[-26.8,-57.04],[-26.66,-57.02]],[[-26.98,-56.68],[-26.97,-56.7],[-27.01,-56.73],[-27.15,-56.77],[-27.21,-56.75],[-27.24,-56.7],[-27.15,-56.65],[-26.98,-56.68]],[[-28.15,-56.74],[-28.21,-56.76],[-28.24,-56.72],[-28.23,-56.69],[-28.17,-56.67],[-28.14,-56.71],[-28.15,-56.74]],[[-27.55,-56.25],[-27.5,-56.27],[-27.51,-56.32],[-27.57,-56.35],[-27.63,-56.31],[-27.61,-56.26],[-27.55,-56.25]],[[-35.02,-55.32],[-35.02,-55.39],[-35.09,-55.43],[-35.67,-55.29],[-35.89,-55.31],[-35.99,-55.19],[-36.15,-55.22],[-36.25,-55.16],[-36.29,-55.07],[-36.23,-55.0],[-36.29,-54.95],[-36.45,-54.93],[-36.55,-54.88],[-36.72,-54.96],[-36.79,-54.96],[-36.86,-54.89],[-36.84,-54.74],[-36.88,-54.69],[-37.0,-54.71],[-37.16,-54.69],[-37.27,-54.76],[-37.33,-54.74],[-37.55,-54.84],[-37.59,-54.76],[-37.58,-54.5],[-37.42,-54.4],[-37.43,-54.35],[-37.6,-54.35],[-37.67,-54.43],[-37.9,-54.49],[-38.07,-54.38],[-38.11,-54.33],[-38.1,-54.21],[-38.15,-54.18],[-38.27,-54.16],[-38.42,-54.21],[-38.47,-54.06],[-38.61,-54.11],[-38.73,-54.02],[-38.83,-54.04],[-38.89,-53.99],[-39.16,-54.23],[-39.2,-54.19],[-39.19,-54.12],[-39.09,-54.04],[-39.17,-53.9],[-38.92,-53.87],[-38.61,-53.78],[-38.37,-53.83],[-38.25,-53.78],[-38.05,-53.83],[-38.0,-53.77],[-38.12,-53.7],[-38.13,-53.65],[-37.98,-53.6],[-37.6,-53.65],[-37.6,-53.78],[-37.46,-53.78],[-37.43,-53.85],[-37.25,-53.94],[-37.24,-53.89],[-37.35,-53.62],[-37.0,-53.61],[-36.97,-53.65],[-37.0,-53.76],[-36.91,-53.85],[-36.93,-53.96],[-36.86,-54.02],[-36.76,-53.97],[-36.73,-53.9],[-36.81,-53.68],[-36.69,-53.66],[-36.58,-53.67],[-36.54,-53.71],[-36.55,-53.74],[-36.67,-53.8],[-36.62,-54.02],[-36.58,-54.01],[-36.51,-53.92],[-36.45,-53.91],[-36.4,-53.97],[-36.29,-53.99],[-36.27,-54.02],[-36.33,-54.11],[-36.34,-54.18],[-36.02,-54.21],[-35.9,-54.33],[-35.83,-54.35],[-35.75,-54.5],[-35.66,-54.59],[-35.33,-54.51],[-35.25,-54.55],[-35.27,-54.71],[-35.39,-54.83],[-35.49,-54.86],[-35.55,-54.93],[-35.42,-54.93],[-35.22,-54.86],[-35.0,-54.84],[-34.87,-54.9],[-34.53,-54.87],[-34.41,-54.96],[-34.38,-55.03],[-34.42,-55.13],[-34.74,-55.24],[-34.79,-55.24],[-35.02,-55.13],[-35.09,-55.14],[-35.13,-55.19],[-35.02,-55.32]],[[-37.1,-54.98],[-37.15,-55.03],[-37.24,-55.04],[-37.36,-55.01],[-37.42,-54.95],[-37.36,-54.89],[-37.27,-54.95],[-37.11,-54.92],[-37.1,-54.98]],[[-57.7,-54.9],[-57.79,-54.86],[-57.83,-54.79],[-58.0,-54.75],[-58.09,-54.58],[-58.53,-54.63],[-58.78,-54.76],[-58.88,-54.72],[-59.07,-54.71],[-59.25,-54.79],[-59.42,-54.69],[-59.66,-54.78],[-60.42,-54.76],[-60.55,-54.81],[-60.79,-54.79],[-60.98,-54.69],[-61.17,-54.79],[-61.24,-54.76],[-61.17,-54.7],[-61.18,-54.66],[-61.43,-54.61],[-61.49,-54.56],[-61.49,-54.44],[-61.71,-54.43],[-61.77,-54.35],[-61.62,-54.29],[-61.7,-54.21],[-61.72,-54.07],[-61.57,-53.92],[-61.51,-53.9],[-61.46,-53.92],[-61.27,-53.77],[-59.47,-53.92],[-59.35,-53.88],[-58.67,-53.87],[-58.41,-53.95],[-58.24,-54.04],[-57.95,-54.06],[-57.83,-54.11],[-57.69,-54.09],[-57.59,-54.14],[-57.09,-54.21],[-56.9,-54.28],[-56.3,-54.36],[-56.23,-54.43],[-56.23,-54.51],[-56.28,-54.58],[-56.68,-54.88],[-56.92,-54.86],[-57.16,-54.71],[-57.35,-54.83],[-57.7,-54.9]],[[-41.76,-53.8],[-41.94,-53.73],[-42.11,-53.73],[-42.18,-53.68],[-42.26,-53.58],[-42.14,-53.37],[-42.0,-53.34],[-41.9,-53.41],[-41.67,-53.44],[-41.55,-53.53],[-41.08,-53.56],[-40.81,-53.68],[-40.91,-53.71],[-40.94,-53.85],[-41.17,-53.91],[-41.37,-53.92],[-41.57,-53.79],[-41.76,-53.8]],[[-52.52,-54.08],[-52.37,-54.06],[-52.25,-54.08],[-52.21,-54.12],[-52.25,-54.15],[-52.38,-54.17],[-52.54,-54.14],[-52.55,-54.12],[-52.52,-54.08]],[[-39.15,-54.57],[-39.2,-54.51],[-39.15,-54.45],[-39.02,-54.55],[-38.89,-54.56],[-38.87,-54.6],[-38.9,-54.64],[-38.97,-54.64],[-39.04,-54.57],[-39.15,-54.57]],[[-38.4,-54.55],[-38.28,-54.47],[-37.93,-54.56],[-37.87,-54.63],[-37.86,-54.76],[-38.18,-54.73],[-38.34,-54.65],[-38.4,-54.55]],[[-36.24,-53.91],[-36.23,-53.87],[-36.08,-53.85],[-35.97,-53.85],[-35.89,-53.88],[-35.97,-53.96],[-36.12,-54.0],[-36.21,-53.98],[-36.24,-53.91]],[[-35.75,-53.99],[-35.69,-53.95],[-35.54,-53.94],[-35.39,-54.28],[-35.49,-54.32],[-35.61,-54.3],[-35.68,-54.11],[-35.78,-54.06],[-35.75,-53.99]],[[3.29,-54.5],[3.22,-54.44],[3.27,-54.38],[3.44,-54.33],[3.52,-54.35],[3.52,-54.43],[3.48,-54.48],[3.39,-54.51],[3.29,-54.5]],[[-8.47,-47.06],[-8.56,-47.19],[-8.65,-47.22],[-8.7,-47.2],[-8.7,-47.12],[-8.61,-47.03],[-8.51,-47.01],[-8.47,-47.06]],[[-8.26,-47.05],[-8.28,-46.98],[-8.23,-46.89],[-8.14,-46.85],[-8.07,-46.87],[-8.07,-46.92],[-8.26,-47.05]],[[-7.75,-46.91],[-7.77,-46.85],[-7.71,-46.73],[-7.63,-46.65],[-7.52,-46.64],[-7.55,-46.76],[-7.65,-46.87],[-7.75,-46.91]],[[-4.5,-43.38],[-4.44,-43.44],[-4.43,-43.51],[-4.5,-43.59],[-4.6,-43.63],[-4.65,-43.57],[-4.64,-43.47],[-4.57,-43.39],[-4.5,-43.38]],[[1.35,-42.97],[1.43,-43.03],[1.42,-43.11],[1.33,-43.14],[1.23,-43.09],[1.21,-43.05],[1.23,-43.0],[1.35,-42.97]],[[-2.51,-43.0],[-2.57,-42.96],[-2.54,-42.86],[-2.48,-42.79],[-2.38,-42.77],[-2.4,-42.85],[-2.51,-43.0]],[[-1.38,-42.48],[-1.47,-42.57],[-1.58,-42.62],[-1.65,-42.59],[-1.7,-42.52],[-1.66,-42.43],[-1.55,-42.34],[-1.46,-42.31],[-1.38,-42.31],[-1.35,-42.35],[-1.38,-42.48]],[[-0.37,-42.46],[-0.45,-42.4],[-0.38,-42.31],[-0.29,-42.26],[-0.13,-42.29],[-0.12,-42.36],[-0.15,-42.41],[-0.26,-42.45],[-0.37,-42.46]],[[0.22,-41.82],[0.37,-41.96],[0.39,-42.04],[0.35,-42.11],[0.26,-42.17],[0.11,-42.19],[-0.06,-42.13],[-0.09,-42.04],[-0.06,-41.96],[0.07,-41.87],[0.22,-41.82]],[[-9.92,-40.23],[-9.87,-40.28],[-9.84,-40.35],[-9.86,-40.4],[-9.94,-40.43],[-10.07,-40.33],[-10.04,-40.28],[-9.92,-40.23]],[[-5.98,-39.52],[-5.85,-39.57],[-5.84,-39.6],[-5.9,-39.69],[-5.99,-39.73],[-6.17,-39.71],[-6.33,-39.6],[-6.31,-39.56],[-6.23,-39.57],[-6.13,-39.52],[-5.98,-39.52]],[[-6.44,-39.58],[-6.64,-39.67],[-6.8,-39.68],[-6.91,-39.63],[-6.86,-39.54],[-6.77,-39.48],[-6.55,-39.4],[-6.43,-39.52],[-6.44,-39.58]],[[-7.78,-39.4],[-7.71,-39.49],[-7.74,-39.55],[-7.81,-39.54],[-7.85,-39.49],[-7.84,-39.43],[-7.78,-39.4]],[[-12.59,-37.29],[-12.62,-37.34],[-12.72,-37.36],[-12.8,-37.34],[-12.82,-37.3],[-12.74,-37.24],[-12.65,-37.25],[-12.59,-37.29]],[[-3.84,-37.28],[-3.91,-37.22],[-3.86,-37.16],[-3.8,-37.16],[-3.7,-37.22],[-3.74,-37.28],[-3.84,-37.28]],[[-12.21,-37.16],[-12.32,-37.17],[-12.36,-37.13],[-12.35,-37.07],[-12.29,-37.03],[-12.21,-37.04],[-12.16,-37.09],[-12.21,-37.16]],[[15.94,-30.66],[16.0,-30.69],[15.96,-30.77],[16.05,-30.92],[16.02,-31.01],[15.93,-31.0],[15.78,-30.92],[15.69,-30.81],[15.7,-30.75],[15.77,-30.69],[15.94,-30.66]],[[-37.74,-20.84],[-37.83,-20.84],[-37.98,-20.71],[-38.1,-20.68],[-38.14,-20.6],[-38.13,-20.52],[-38.08,-20.49],[-37.94,-20.61],[-37.74,-20.64],[-37.48,-20.56],[-37.37,-20.49],[-37.28,-20.51],[-37.26,-20.57],[-37.31,-20.63],[-37.57,-20.72],[-37.65,-20.81],[-37.74,-20.84]],[[-36.25,-20.44],[-36.28,-20.4],[-36.22,-20.35],[-36.16,-20.39],[-35.92,-20.4],[-35.87,-20.48],[-35.94,-20.51],[-36.25,-20.44]],[[-36.52,-20.37],[-36.63,-20.43],[-36.73,-20.38],[-36.69,-20.32],[-36.62,-20.29],[-36.55,-20.31],[-36.52,-20.37]],[[-34.84,-20.5],[-34.69,-20.47],[-34.57,-20.7],[-34.6,-20.78],[-34.76,-20.83],[-34.87,-20.76],[-34.94,-20.63],[-34.91,-20.55],[-34.84,-20.5]],[[-29.33,-20.53],[-29.29,-20.59],[-29.33,-20.61],[-29.37,-20.55],[-29.33,-20.53]],[[-35.42,-20.66],[-35.36,-20.72],[-35.41,-20.8],[-35.51,-20.73],[-35.49,-20.68],[-35.42,-20.66]],[[-38.04,-19.91],[-38.08,-20.08],[-38.37,-20.11],[-38.33,-19.89],[-38.46,-19.75],[-38.45,-19.7],[-38.3,-19.63],[-38.2,-19.53],[-38.06,-19.53],[-37.98,-19.5],[-37.94,-19.65],[-37.82,-19.73],[-37.75,-19.77],[-37.58,-19.75],[-37.53,-19.79],[-37.54,-19.84],[-37.59,-19.85],[-37.89,-19.82],[-38.04,-19.91]],[[-35.94,-17.79],[-35.91,-17.86],[-35.99,-17.98],[-36.09,-18.03],[-36.15,-18.0],[-36.17,-17.94],[-36.11,-17.86],[-36.01,-17.79],[-35.94,-17.79]],[[-36.78,-17.04],[-36.79,-17.14],[-36.87,-17.22],[-36.97,-17.21],[-37.02,-17.17],[-37.02,-17.12],[-36.78,-17.04]],[[-37.4,-17.05],[-37.55,-17.07],[-37.63,-17.03],[-37.55,-16.96],[-37.45,-16.95],[-37.38,-16.98],[-37.4,-17.05]],[[-5.64,-15.89],[-5.59,-15.93],[-5.6,-15.98],[-5.71,-16.08],[-5.8,-16.07],[-5.82,-15.97],[-5.79,-15.92],[-5.73,-15.88],[-5.64,-15.89]],[[-6.95,-15.56],[-6.88,-15.65],[-6.95,-15.74],[-7.02,-15.65],[-7.0,-15.58],[-6.95,-15.56]],[[-5.96,-12.75],[-5.94,-12.81],[-5.99,-13.0],[-6.08,-13.02],[-6.17,-12.98],[-6.2,-12.86],[-6.06,-12.77],[-5.96,-12.75]],[[-14.37,-7.85],[-14.27,-7.95],[-14.34,-8.01],[-14.41,-8.03],[-14.45,-8.0],[-14.46,-7.94],[-14.37,-7.85]],[[1.25,-6.4],[1.29,-6.45],[1.27,-6.54],[1.22,-6.61],[1.17,-6.61],[1.14,-6.57],[1.15,-6.46],[1.19,-6.41],[1.25,-6.4]],[[5.64,-1.39],[5.68,-1.44],[5.62,-1.51],[5.58,-1.46],[5.64,-1.39]],[[6.68,0.44],[6.76,0.41],[6.8,0.37],[6.78,0.2],[6.64,0.02],[6.55,-0.04],[6.43,0.11],[6.42,0.23],[6.51,0.37],[6.63,0.44],[6.68,0.44]],[[7.48,1.76],[7.57,1.66],[7.53,1.53],[7.39,1.36],[7.29,1.31],[7.2,1.43],[7.12,1.48],[7.12,1.57],[7.23,1.69],[7.48,1.76]],[[-61.67,-64.05],[-61.55,-64.0],[-61.5,-63.88],[-61.35,-63.84],[-61.33,-63.94],[-61.37,-64.04],[-61.53,-64.1],[-61.58,-64.17],[-61.65,-64.2],[-61.76,-64.18],[-61.79,-64.15],[-61.77,-64.09],[-61.67,-64.05]]],[[[-0.0,90.0],[-90.0,90.0],[-90.0,82.03],[-89.88,82.03],[-89.71,82.08],[-89.98,82.22],[-89.99,82.25],[-89.96,82.29],[-89.3,82.33],[-89.12,82.41],[-89.07,82.39],[-89.06,82.28],[-88.94,82.23],[-88.91,82.16],[-88.87,82.13],[-87.99,82.18],[-87.04,82.08],[-86.98,82.13],[-86.97,82.21],[-86.92,82.26],[-86.66,82.28],[-86.51,82.32],[-86.76,82.59],[-86.78,82.65],[-86.76,82.67],[-84.97,82.73],[-84.01,82.61],[-83.78,82.54],[-83.61,82.41],[-83.42,82.35],[-83.05,82.3],[-82.89,82.32],[-82.71,82.48],[-82.44,82.54],[-82.44,82.65],[-82.4,82.69],[-81.82,82.8],[-81.67,82.87],[-81.3,82.89],[-81.28,82.94],[-81.42,82.96],[-81.47,83.01],[-81.47,83.06],[-81.23,83.14],[-81.23,83.28],[-81.17,83.32],[-80.68,83.31],[-80.49,83.23],[-80.31,83.22],[-80.29,83.17],[-80.32,83.1],[-80.3,83.07],[-79.72,83.07],[-79.59,83.12],[-78.6,83.0],[-78.45,83.02],[-77.78,82.96],[-77.68,82.98],[-77.52,83.1],[-77.29,83.12],[-77.25,83.17],[-77.56,83.2],[-77.85,83.14],[-77.99,83.19],[-78.19,83.19],[-78.55,83.33],[-79.16,83.37],[-79.21,83.4],[-79.22,83.45],[-79.08,83.5],[-78.8,83.51],[-78.42,83.41],[-78.28,83.33],[-77.92,83.33],[-77.61,83.43],[-75.33,83.62],[-73.48,83.45],[-73.24,83.55],[-73.24,83.69],[-73.18,83.73],[-72.12,83.84],[-71.99,83.89],[-71.85,83.84],[-71.27,83.89],[-71.17,83.86],[-70.85,83.91],[-70.43,83.84],[-70.18,83.91],[-68.62,83.86],[-67.43,83.78],[-67.45,83.72],[-72.04,83.49],[-72.18,83.45],[-72.23,83.41],[-72.2,83.39],[-70.38,83.43],[-70.33,83.4],[-70.39,83.33],[-70.39,83.27],[-70.17,83.19],[-69.45,83.19],[-69.32,83.09],[-69.16,83.05],[-69.04,83.08],[-66.28,83.0],[-65.8,82.9],[-64.75,83.0],[-64.77,83.05],[-65.79,83.1],[-65.87,83.14],[-65.84,83.18],[-65.63,83.24],[-65.56,83.33],[-65.45,83.39],[-60.89,83.39],[-60.71,83.34],[-60.07,83.33],[-59.96,83.29],[-56.63,83.14],[-56.44,83.05],[-56.23,83.07],[-56.13,83.0],[-55.94,82.98],[-55.89,82.93],[-55.97,82.87],[-56.52,82.76],[-56.77,82.74],[-57.02,82.76],[-57.12,82.71],[-57.33,82.71],[-57.45,82.66],[-57.57,82.71],[-57.81,82.68],[-57.98,82.59],[-58.22,82.61],[-58.39,82.57],[-59.48,82.56],[-59.61,82.52],[-59.71,82.57],[-59.8,82.52],[-59.92,82.54],[-60.09,82.44],[-60.64,82.43],[-60.73,82.41],[-60.96,82.27],[-61.3,82.17],[-61.72,82.13],[-62.26,81.99],[-64.53,81.68],[-64.64,81.7],[-65.29,81.64],[-65.35,81.61],[-65.32,81.57],[-64.47,81.57],[-64.37,81.53],[-64.36,81.49],[-64.44,81.42],[-66.0,81.18],[-66.83,80.96],[-67.39,80.91],[-68.87,80.57],[-69.28,80.38],[-69.55,80.34],[-69.74,80.21],[-70.03,80.16],[-70.19,80.07],[-70.19,80.02],[-70.11,79.94],[-70.15,79.88],[-70.36,79.9],[-70.49,79.83],[-70.72,79.85],[-70.83,79.72],[-70.96,79.66],[-71.01,79.72],[-71.14,79.65],[-71.47,79.64],[-71.59,79.66],[-71.73,79.61],[-71.87,79.64],[-72.17,79.56],[-72.69,79.57],[-73.03,79.49],[-73.46,79.47],[-73.63,79.37],[-73.9,79.39],[-73.91,79.34],[-73.87,79.32],[-73.48,79.3],[-73.36,79.23],[-73.2,79.22],[-73.15,79.16],[-73.16,79.08],[-73.19,79.04],[-73.36,79.09],[-73.46,79.04],[-74.11,78.97],[-74.21,78.77],[-74.04,78.81],[-74.0,78.8],[-74.0,78.73],[-74.49,78.53],[-75.06,78.51],[-75.08,78.45],[-74.85,78.41],[-74.8,78.37],[-75.23,78.2],[-75.43,78.2],[-75.57,78.03],[-75.93,77.93],[-75.99,77.95],[-76.15,77.93],[-76.31,77.86],[-77.13,77.86],[-77.38,77.81],[-77.38,77.75],[-77.19,77.73],[-77.18,77.67],[-77.44,77.65],[-77.46,77.62],[-77.45,77.58],[-77.18,77.55],[-77.13,77.5],[-77.06,77.49],[-77.06,77.45],[-77.16,77.41],[-77.54,77.38],[-77.59,77.35],[-77.6,77.29],[-77.35,77.26],[-77.13,77.09],[-76.89,77.09],[-76.73,76.98],[-76.46,77.0],[-76.31,76.95],[-76.21,77.03],[-76.17,77.02],[-76.15,77.0],[-76.19,76.95],[-76.19,76.88],[-76.08,76.76],[-75.93,76.74],[-75.83,76.85],[-75.76,76.83],[-75.83,76.69],[-75.59,76.47],[-75.66,76.4],[-75.93,76.4],[-75.94,76.35],[-75.86,76.33],[-75.82,76.26],[-75.84,76.21],[-75.9,76.17],[-75.98,76.16],[-76.19,76.21],[-76.39,76.18],[-76.55,76.23],[-76.64,76.13],[-76.79,76.12],[-76.84,76.19],[-76.78,76.29],[-76.94,76.41],[-77.06,76.61],[-77.0,76.68],[-76.85,76.71],[-76.86,76.77],[-77.04,76.81],[-77.27,76.78],[-77.39,76.61],[-77.62,76.59],[-77.81,76.52],[-77.67,76.51],[-77.61,76.47],[-77.71,76.38],[-78.03,76.32],[-78.09,76.27],[-78.08,76.22],[-77.88,76.22],[-77.83,76.11],[-77.68,76.09],[-77.59,76.01],[-77.45,76.02],[-77.38,75.97],[-77.31,75.89],[-77.32,75.84],[-77.4,75.82],[-77.97,75.8],[-78.19,75.73],[-78.33,75.75],[-78.47,75.7],[-78.69,75.73],[-79.22,75.68],[-79.48,75.79],[-79.89,75.86],[-79.95,75.96],[-79.97,76.12],[-80.13,76.1],[-80.41,76.14],[-81.07,76.1],[-81.45,76.11],[-81.7,76.17],[-81.72,76.21],[-81.65,76.28],[-81.64,76.33],[-81.76,76.35],[-81.79,76.4],[-81.95,76.45],[-82.0,76.4],[-82.24,76.35],[-82.82,76.35],[-82.96,76.4],[-83.54,76.39],[-84.04,76.16],[-84.15,76.18],[-86.13,76.17],[-86.5,76.26],[-86.97,76.28],[-87.11,76.23],[-87.68,76.25],[-87.98,76.29],[-88.1,76.17],[-88.14,76.06],[-87.88,75.99],[-87.5,75.94],[-87.31,75.87],[-86.08,75.81],[-85.91,75.7],[-85.68,75.77],[-85.36,75.73],[-84.88,75.82],[-83.03,75.87],[-82.98,75.83],[-82.8,75.82],[-82.48,75.89],[-81.14,75.82],[-80.99,75.77],[-80.56,75.75],[-80.46,75.71],[-79.99,75.69],[-79.94,75.66],[-79.89,75.51],[-79.58,75.52],[-79.43,75.46],[-79.38,75.41],[-79.39,75.32],[-79.33,75.26],[-79.5,75.18],[-79.49,75.14],[-79.22,74.94],[-79.17,74.84],[-79.34,74.79],[-79.87,74.77],[-80.03,74.64],[-80.27,74.55],[-81.31,74.53],[-81.78,74.43],[-82.48,74.51],[-82.61,74.48],[-83.05,74.52],[-83.11,74.57],[-83.17,74.78],[-83.27,74.81],[-83.3,74.74],[-83.26,74.48],[-83.57,74.53],[-84.85,74.47],[-84.93,74.49],[-84.96,74.53],[-85.1,74.45],[-85.49,74.5],[-85.6,74.47],[-86.13,74.45],[-86.15,74.49],[-86.38,74.46],[-86.57,74.48],[-86.6,74.44],[-86.94,74.44],[-86.99,74.46],[-87.64,74.43],[-88.55,74.48],[-88.75,74.43],[-88.91,74.5],[-89.41,74.53],[-89.92,74.5],[-90.0,74.52],[-90.0,74.14],[-89.77,74.12],[-89.73,74.05],[-89.87,74.01],[-89.97,73.93],[-90.0,73.81],[-90.0,73.22],[-89.95,73.29],[-89.15,73.48],[-89.01,73.54],[-88.89,73.54],[-88.7,73.64],[-88.12,73.73],[-87.83,73.82],[-87.47,73.81],[-87.09,73.88],[-85.0,73.88],[-84.55,73.82],[-84.52,73.77],[-84.62,73.71],[-85.73,73.41],[-86.01,73.28],[-86.28,73.03],[-86.53,72.9],[-86.61,72.82],[-86.59,72.7],[-86.32,72.56],[-86.18,72.53],[-86.01,72.37],[-85.63,72.34],[-85.55,72.37],[-85.56,72.4],[-85.72,72.53],[-85.86,72.72],[-85.91,72.74],[-86.08,72.72],[-86.1,72.8],[-85.89,72.85],[-85.77,72.97],[-85.65,72.97],[-85.57,73.12],[-85.52,73.17],[-85.39,73.21],[-85.26,73.15],[-85.21,73.17],[-85.22,73.25],[-85.13,73.35],[-83.56,73.7],[-83.2,73.72],[-82.97,73.78],[-81.26,73.79],[-81.22,73.76],[-81.26,73.64],[-81.14,73.49],[-81.09,73.28],[-80.6,73.18],[-80.52,73.19],[-80.49,73.23],[-80.78,73.25],[-80.89,73.3],[-81.02,73.68],[-81.11,73.73],[-81.11,73.78],[-78.09,73.71],[-77.39,73.58],[-76.58,73.37],[-76.41,73.28],[-76.17,73.25],[-76.03,73.11],[-75.66,73.01],[-75.64,72.97],[-75.65,72.93],[-75.88,72.89],[-76.07,72.82],[-76.31,72.79],[-76.77,72.81],[-76.83,72.8],[-76.83,72.77],[-76.67,72.72],[-75.11,72.58],[-74.87,72.49],[-74.85,72.34],[-74.51,72.27],[-74.36,72.33],[-74.3,72.41],[-74.34,72.46],[-74.59,72.59],[-74.61,72.65],[-74.31,72.64],[-74.01,72.51],[-73.89,72.53],[-73.79,72.44],[-73.72,72.44],[-73.53,72.34],[-73.25,72.12],[-73.02,72.09],[-73.0,72.05],[-73.39,71.91],[-73.6,71.98],[-74.01,71.96],[-74.12,71.87],[-74.14,71.8],[-73.83,71.83],[-73.6,71.81],[-73.43,71.74],[-73.26,71.76],[-73.0,71.69],[-72.86,71.75],[-71.81,71.91],[-71.75,71.88],[-71.71,71.77],[-71.35,71.72],[-71.23,71.6],[-70.97,71.58],[-70.57,71.6],[-70.51,71.55],[-70.54,71.51],[-71.11,71.24],[-71.09,71.13],[-71.05,71.1],[-70.79,71.14],[-70.42,71.02],[-70.42,70.95],[-70.53,70.87],[-70.7,70.81],[-70.73,70.72],[-69.88,70.91],[-69.17,70.89],[-69.06,70.94],[-69.15,71.02],[-69.21,71.0],[-70.15,71.02],[-70.42,71.17],[-70.43,71.24],[-70.38,71.29],[-70.1,71.39],[-69.86,71.39],[-69.69,71.43],[-69.18,71.4],[-69.1,71.37],[-69.08,71.24],[-69.05,71.21],[-68.83,71.24],[-68.73,71.3],[-68.68,71.31],[-68.64,71.26],[-68.73,71.17],[-68.75,71.02],[-68.88,70.92],[-68.8,70.87],[-68.51,70.95],[-68.11,70.97],[-67.87,71.05],[-67.84,70.9],[-67.58,70.83],[-67.41,70.85],[-67.29,70.79],[-67.31,70.74],[-67.47,70.71],[-67.43,70.65],[-67.07,70.64],[-66.21,70.33],[-66.14,70.25],[-65.91,70.21],[-65.91,70.13],[-66.08,70.14],[-66.08,70.09],[-66.02,70.04],[-65.78,70.01],[-65.7,69.87],[-65.57,69.75],[-65.5,69.78],[-65.45,69.7],[-65.49,69.61],[-65.56,69.58],[-65.59,69.53],[-65.51,69.5],[-65.42,69.29],[-65.59,69.22],[-65.62,69.11],[-65.78,69.08],[-65.85,69.01],[-65.98,68.96],[-66.57,69.07],[-66.76,69.08],[-66.93,69.03],[-67.07,69.05],[-67.28,68.94],[-67.29,68.9],[-67.22,68.86],[-67.24,68.77],[-67.21,68.71],[-66.95,68.69],[-66.79,68.6],[-66.67,68.62],[-66.61,68.6],[-66.62,68.56],[-66.59,68.55],[-66.4,68.62],[-66.23,68.36],[-65.92,68.24],[-65.75,68.43],[-65.6,68.42],[-65.59,68.47],[-65.68,68.48],[-65.71,68.57],[-65.66,68.62],[-65.44,68.66],[-65.3,68.74],[-65.08,68.74],[-64.86,68.89],[-64.61,68.91],[-64.54,68.86],[-64.54,68.79],[-64.68,68.73],[-64.7,68.65],[-64.83,68.69],[-64.91,68.59],[-64.75,68.5],[-64.51,68.48],[-64.45,68.42],[-64.45,68.3],[-64.4,68.23],[-64.15,68.17],[-63.55,67.92],[-63.57,67.78],[-63.74,67.59],[-63.73,67.51],[-63.64,67.42],[-63.49,67.39],[-63.4,67.42],[-63.36,67.64],[-63.07,67.88],[-62.85,67.71],[-62.63,67.68],[-62.51,67.59],[-62.32,67.59],[-62.18,67.53],[-61.83,67.52],[-61.54,67.42],[-61.23,66.98],[-61.07,66.49],[-61.1,66.1],[-61.16,66.01],[-61.43,65.81],[-61.55,65.79],[-61.63,65.69],[-61.7,65.69],[-61.97,65.54],[-61.99,65.5],[-61.96,65.43],[-62.0,65.29],[-62.35,65.17],[-62.38,65.06],[-62.59,64.93],[-62.86,64.9],[-63.04,64.93],[-63.31,64.78],[-64.27,64.88],[-64.48,65.05],[-64.63,65.05],[-64.89,65.21],[-65.11,65.24],[-65.13,65.36],[-65.25,65.48],[-65.47,65.48],[-65.75,65.63],[-65.85,65.65],[-65.97,65.81],[-66.36,66.1],[-66.46,66.09],[-66.37,65.99],[-66.38,65.93],[-66.66,65.92],[-66.71,65.89],[-66.7,65.83],[-66.52,65.8],[-66.5,65.77],[-66.55,65.6],[-66.52,65.53],[-66.22,65.34],[-66.22,65.29],[-66.35,65.22],[-66.34,65.14],[-66.28,65.07],[-66.11,65.0],[-65.32,64.83],[-65.03,64.66],[-64.89,64.66],[-64.67,64.47],[-64.44,64.47],[-64.22,64.4],[-63.99,64.43],[-63.95,64.41],[-63.95,64.18],[-63.91,64.06],[-63.85,64.04],[-63.71,64.06],[-63.66,64.03],[-63.76,63.94],[-63.7,63.76],[-63.66,63.75],[-63.47,63.81],[-63.32,63.79],[-63.02,63.51],[-62.99,63.34],[-62.85,63.22],[-62.78,63.01],[-62.83,62.89],[-62.81,62.77],[-62.85,62.73],[-63.13,62.66],[-63.23,62.59],[-63.38,62.57],[-63.67,62.36],[-63.79,62.33],[-63.95,62.19],[-64.24,62.12],[-64.45,62.12],[-64.77,62.17],[-64.96,62.26],[-65.11,62.21],[-65.97,62.62],[-66.02,62.67],[-66.4,62.77],[-66.59,62.86],[-66.91,62.93],[-67.07,62.93],[-67.56,63.24],[-67.7,63.22],[-67.69,63.17],[-67.64,63.13],[-66.23,62.45],[-66.16,62.38],[-65.9,62.33],[-65.66,62.09],[-65.59,62.09],[-65.47,62.02],[-64.89,61.97],[-64.67,61.85],[-64.65,61.81],[-64.53,61.81],[-64.4,61.75],[-64.34,61.67],[-64.35,61.6],[-64.53,61.52],[-64.65,61.33],[-65.08,61.25],[-65.37,61.42],[-65.44,61.25],[-65.52,61.18],[-65.59,61.18],[-66.81,61.44],[-66.95,61.61],[-67.1,61.54],[-67.21,61.65],[-67.2,61.71],[-67.12,61.69],[-66.95,61.76],[-66.66,61.78],[-66.64,61.83],[-66.67,61.87],[-66.88,61.88],[-67.12,61.83],[-67.25,61.9],[-67.41,61.93],[-67.48,62.0],[-67.67,61.98],[-67.91,62.02],[-68.08,61.93],[-68.23,61.97],[-68.3,61.93],[-68.38,61.92],[-68.42,61.98],[-68.35,62.0],[-68.3,62.06],[-68.61,62.07],[-68.75,62.2],[-68.87,62.14],[-69.21,62.17],[-69.21,62.12],[-69.33,62.07],[-69.47,62.09],[-69.59,62.06],[-69.62,62.04],[-69.58,61.92],[-69.69,61.76],[-69.86,61.64],[-69.88,61.56],[-69.64,61.35],[-69.57,61.21],[-69.35,61.18],[-69.28,61.21],[-69.07,61.01],[-68.95,60.98],[-68.63,60.97],[-68.32,60.8],[-68.19,60.78],[-67.82,60.82],[-67.69,60.78],[-66.75,60.78],[-66.55,60.85],[-66.28,60.77],[-66.14,60.8],[-65.76,60.77],[-65.61,60.73],[-65.35,60.61],[-65.13,60.44],[-64.87,60.51],[-64.95,60.65],[-64.94,60.68],[-64.55,60.8],[-64.46,60.8],[-64.34,60.76],[-64.29,60.68],[-64.31,60.66],[-64.46,60.65],[-64.52,60.58],[-64.52,60.51],[-64.34,60.46],[-64.22,60.51],[-64.08,60.41],[-63.85,60.34],[-63.65,60.2],[-63.55,60.21],[-63.57,60.34],[-63.51,60.37],[-63.04,60.32],[-62.87,60.34],[-62.71,60.27],[-62.59,60.32],[-62.39,60.29],[-62.25,60.2],[-62.17,60.22],[-61.94,60.15],[-61.79,59.98],[-61.19,59.73],[-61.15,59.67],[-61.07,59.65],[-61.1,59.54],[-60.99,59.42],[-61.04,59.28],[-60.74,59.02],[-60.57,58.97],[-60.5,58.85],[-60.22,58.6],[-60.16,58.33],[-60.33,58.33],[-60.64,58.23],[-61.03,58.19],[-61.75,58.36],[-61.8,58.35],[-61.81,58.31],[-61.75,58.21],[-61.65,58.18],[-61.6,58.11],[-61.41,58.09],[-61.36,58.01],[-61.28,58.0],[-61.1,57.73],[-60.89,57.65],[-60.81,57.57],[-60.72,57.59],[-60.63,57.69],[-60.55,57.73],[-60.26,57.7],[-59.92,57.73],[-59.8,57.68],[-59.7,57.69],[-59.68,57.68],[-59.73,57.58],[-59.6,57.47],[-59.51,57.34],[-59.44,57.34],[-59.35,57.22],[-59.32,57.08],[-59.23,57.04],[-59.2,56.91],[-58.99,56.69],[-58.82,56.57],[-58.67,56.62],[-58.55,56.6],[-58.67,56.38],[-58.75,56.38],[-58.79,56.33],[-59.02,56.25],[-59.23,56.21],[-59.63,56.45],[-59.8,56.48],[-59.92,56.6],[-60.11,56.67],[-60.35,56.88],[-60.35,57.05],[-60.41,57.13],[-60.52,57.15],[-60.61,57.13],[-60.65,57.05],[-60.56,56.93],[-60.56,56.73],[-60.4,56.65],[-60.14,56.41],[-60.09,56.26],[-60.04,56.26],[-60.02,56.21],[-59.85,56.12],[-59.61,55.9],[-59.47,55.85],[-59.37,55.71],[-59.2,55.66],[-58.87,55.35],[-58.65,55.35],[-58.1,55.24],[-58.07,55.28],[-58.12,55.36],[-58.38,55.57],[-58.39,55.64],[-58.35,55.69],[-58.1,55.76],[-57.44,55.82],[-57.35,55.77],[-57.42,55.65],[-57.33,55.53],[-57.0,55.54],[-56.83,55.49],[-56.56,55.35],[-56.31,55.31],[-56.23,55.21],[-56.27,55.06],[-56.27,54.89],[-56.32,54.81],[-56.44,54.75],[-56.52,54.78],[-56.56,54.87],[-56.68,54.99],[-57.01,55.0],[-57.08,55.05],[-57.07,55.13],[-56.83,55.3],[-56.95,55.42],[-57.07,55.41],[-57.38,55.23],[-57.57,55.25],[-57.84,55.23],[-57.88,55.18],[-57.85,55.15],[-57.64,55.11],[-57.43,55.01],[-57.18,55.01],[-57.02,54.87],[-56.9,54.89],[-56.73,54.8],[-56.71,54.7],[-56.49,54.61],[-56.35,54.44],[-56.22,54.38],[-56.13,54.22],[-56.15,54.13],[-55.82,54.03],[-55.63,53.92],[-55.54,53.96],[-55.46,54.34],[-55.48,54.46],[-55.39,54.63],[-55.39,54.73],[-55.27,54.75],[-55.22,54.81],[-55.03,54.85],[-54.91,54.85],[-54.83,54.68],[-54.64,54.46],[-54.43,54.44],[-54.31,54.31],[-54.33,54.25],[-54.14,54.22],[-54.07,54.08],[-53.9,53.98],[-53.85,53.86],[-53.78,53.84],[-53.74,53.76],[-53.63,53.72],[-53.59,53.62],[-53.4,53.6],[-53.4,53.53],[-53.46,53.46],[-53.79,53.3],[-54.26,53.33],[-54.86,53.57],[-55.21,53.8],[-55.43,53.79],[-55.31,53.53],[-55.21,53.52],[-55.19,53.45],[-55.15,53.43],[-55.15,53.26],[-54.98,53.19],[-54.82,52.93],[-54.79,52.79],[-54.67,52.85],[-54.52,52.86],[-54.46,52.81],[-54.52,52.73],[-54.53,52.63],[-54.46,52.6],[-54.26,52.59],[-54.15,52.51],[-54.15,52.49],[-54.2,52.46],[-54.64,52.42],[-54.76,52.48],[-54.86,52.47],[-54.99,52.57],[-55.06,52.52],[-55.03,52.43],[-54.86,52.33],[-54.47,52.3],[-54.4,52.13],[-54.28,52.11],[-54.21,52.04],[-54.21,52.01],[-54.79,51.98],[-54.83,52.04],[-54.81,52.13],[-54.89,52.16],[-54.99,52.08],[-55.11,51.9],[-55.09,51.88],[-54.97,51.91],[-54.89,51.88],[-54.76,51.7],[-54.5,51.55],[-54.53,51.49],[-54.69,51.46],[-54.69,51.41],[-54.81,51.34],[-54.79,51.29],[-54.64,51.33],[-54.65,51.11],[-54.57,50.86],[-54.76,50.74],[-54.82,50.62],[-54.96,50.47],[-55.19,50.33],[-55.25,50.34],[-55.26,50.49],[-55.43,50.55],[-55.6,50.53],[-55.82,50.57],[-55.93,50.46],[-56.2,50.43],[-56.25,50.38],[-56.35,50.36],[-56.35,50.31],[-56.39,50.31],[-56.42,50.24],[-56.54,50.14],[-56.67,49.95],[-56.63,49.91],[-56.49,49.95],[-56.15,50.21],[-55.82,50.31],[-55.64,50.21],[-55.63,50.17],[-55.73,50.13],[-55.66,50.1],[-55.48,50.13],[-55.29,50.21],[-55.1,50.14],[-55.0,50.19],[-54.88,50.17],[-54.69,50.23],[-54.65,50.21],[-54.68,50.12],[-55.03,49.98],[-55.22,50.0],[-55.68,49.79],[-55.7,49.73],[-55.39,49.57],[-55.22,49.61],[-55.03,49.59],[-54.81,49.78],[-54.59,49.83],[-54.47,49.81],[-54.23,49.88],[-54.16,49.95],[-54.04,49.97],[-53.83,50.11],[-53.65,50.11],[-53.49,50.07],[-53.37,49.93],[-53.3,49.93],[-53.25,49.88],[-53.12,49.84],[-53.03,49.75],[-53.01,49.64],[-53.06,49.62],[-53.21,49.65],[-53.23,49.61],[-53.09,49.33],[-53.1,49.18],[-53.2,49.09],[-53.32,49.06],[-53.46,48.89],[-53.54,48.73],[-53.49,48.7],[-53.36,48.71],[-52.91,48.99],[-52.71,48.84],[-52.69,48.73],[-52.79,48.54],[-52.98,48.44],[-53.2,48.25],[-53.37,48.2],[-53.47,48.1],[-53.47,47.96],[-53.59,47.88],[-53.65,47.78],[-53.64,47.72],[-53.57,47.74],[-53.3,48.1],[-53.13,48.12],[-52.58,48.41],[-52.54,48.36],[-52.55,48.18],[-52.48,48.15],[-52.36,48.49],[-52.12,48.44],[-51.98,48.49],[-51.89,48.45],[-51.49,48.69],[-51.25,48.65],[-51.02,48.68],[-50.87,48.61],[-50.79,48.63],[-50.17,48.59],[-50.04,48.49],[-49.99,48.29],[-49.89,48.25],[-49.82,48.15],[-49.03,47.89],[-48.91,47.81],[-48.74,47.79],[-48.62,47.69],[-48.45,47.69],[-48.35,47.62],[-48.19,47.6],[-48.04,47.43],[-47.73,47.26],[-47.54,47.23],[-47.53,47.18],[-47.63,47.13],[-47.63,47.09],[-47.51,47.0],[-47.5,46.9],[-47.42,46.78],[-47.44,46.71],[-47.42,46.61],[-47.52,46.45],[-47.57,46.3],[-47.65,46.21],[-9.52,43.01],[-9.52,43.1],[-9.4,43.3],[-9.04,43.52],[-8.9,43.57],[-8.77,43.7],[-8.56,43.75],[-8.18,44.01],[-8.11,44.02],[-8.03,43.95],[-7.89,44.0],[-7.82,44.09],[-7.58,44.02],[-7.43,44.13],[-7.24,44.09],[-7.28,43.95],[-7.21,43.91],[-7.19,43.97],[-7.04,44.04],[-6.76,43.95],[-6.59,43.95],[-6.33,43.78],[-6.15,43.73],[-6.09,43.77],[-6.14,43.85],[-6.06,43.89],[-5.9,43.83],[-5.83,43.88],[-5.74,43.86],[-5.36,43.89],[-5.2,43.81],[-5.03,43.78],[-4.89,43.66],[-4.7,43.76],[-4.65,43.71],[-4.55,43.69],[-4.46,43.54],[-4.01,43.57],[-3.81,43.65],[-3.67,43.67],[-3.46,43.59],[-3.11,43.61],[-2.58,43.57],[-2.41,43.52],[-2.01,43.55],[-1.87,43.61],[-2.13,43.93],[-1.99,44.24],[-2.08,44.47],[-2.01,44.67],[-2.04,44.76],[-2.25,44.89],[-2.49,45.1],[-2.61,45.08],[-2.71,45.13],[-3.0,45.17],[-3.23,45.53],[-3.36,45.57],[-3.45,45.7],[-3.56,45.72],[-3.72,45.83],[-3.73,45.88],[-3.65,45.95],[-3.55,45.96],[-3.46,45.89],[-3.4,45.92],[-3.39,45.96],[-3.6,46.1],[-3.77,46.1],[-3.81,46.3],[-3.94,46.1],[-4.1,46.1],[-4.27,46.31],[-4.48,46.33],[-4.58,46.42],[-4.65,46.45],[-4.79,46.71],[-5.0,46.72],[-5.1,46.91],[-5.11,47.0],[-5.27,46.97],[-5.39,47.05],[-5.59,47.05],[-5.57,47.15],[-5.75,47.29],[-5.98,47.24],[-6.62,47.57],[-6.87,47.55],[-7.05,47.6],[-7.2,47.55],[-7.41,47.67],[-7.46,47.89],[-7.6,47.93],[-7.65,48.04],[-7.71,48.05],[-7.89,48.01],[-7.96,48.03],[-8.06,48.11],[-8.13,48.23],[-8.24,48.28],[-8.57,48.18],[-8.68,48.23],[-8.78,48.22],[-8.84,48.38],[-8.89,48.4],[-9.16,48.29],[-9.35,48.32],[-9.51,48.22],[-9.55,48.26],[-9.46,48.43],[-9.46,48.54],[-9.53,48.58],[-9.66,48.54],[-9.74,48.56],[-9.69,48.66],[-9.74,48.74],[-9.83,48.77],[-9.95,48.73],[-10.1,48.82],[-10.29,48.73],[-10.46,48.92],[-10.7,48.89],[-10.8,48.92],[-10.83,48.97],[-10.8,49.1],[-11.03,49.06],[-11.1,49.1],[-11.23,49.3],[-10.93,49.7],[-10.89,49.97],[-10.99,50.09],[-10.96,50.15],[-10.84,50.24],[-10.87,50.36],[-10.79,50.41],[-10.77,50.51],[-10.82,50.61],[-11.06,50.81],[-11.08,50.93],[-11.27,51.04],[-11.17,51.19],[-11.15,51.39],[-11.2,51.46],[-11.18,51.58],[-11.27,51.68],[-11.26,51.82],[-11.37,51.97],[-11.42,52.13],[-11.54,52.18],[-11.56,52.28],[-11.83,52.49],[-11.92,52.71],[-11.92,52.88],[-11.97,53.0],[-11.83,53.12],[-11.78,53.35],[-11.23,53.76],[-11.06,54.04],[-10.84,54.15],[-10.79,54.27],[-10.67,54.32],[-10.65,54.46],[-10.55,54.49],[-10.54,54.66],[-10.24,54.94],[-10.17,54.97],[-10.12,55.06],[-9.98,55.13],[-9.88,55.28],[-9.67,55.45],[-9.42,55.54],[-9.36,55.59],[-9.33,55.78],[-9.17,56.05],[-9.18,56.25],[-9.04,56.45],[-8.98,56.71],[-9.38,57.41],[-9.35,57.56],[-9.43,57.68],[-9.21,57.92],[-9.11,58.11],[-9.01,58.13],[-8.69,58.31],[-8.64,58.37],[-7.62,58.77],[-7.46,59.0],[-6.83,59.24],[-6.59,59.26],[-6.36,59.5],[-6.03,59.71],[-5.64,59.66],[-5.41,59.68],[-5.18,59.86],[-5.03,59.84],[-4.82,59.99],[-4.39,59.99],[-4.34,60.03],[-4.35,60.15],[-4.32,60.19],[-4.1,60.2],[-3.9,60.31],[-3.69,60.32],[-3.35,60.43],[-3.14,60.41],[-2.86,60.66],[-2.59,60.82],[-2.27,60.87],[-1.5,61.2],[-1.27,61.21],[-1.19,61.37],[-0.92,61.54],[-0.46,61.57],[-0.31,61.61],[-0.16,61.59],[-0.0,61.62],[-0.0,90.0]],[[-70.17,79.21],[-69.56,79.25],[-69.51,79.29],[-69.51,79.34],[-69.59,79.52],[-69.09,79.57],[-69.08,79.64],[-69.16,79.73],[-69.38,79.64],[-69.43,79.81],[-69.39,79.85],[-69.31,79.85],[-69.14,79.73],[-68.94,79.77],[-68.88,79.83],[-68.88,79.89],[-69.0,79.84],[-69.07,79.9],[-69.05,79.96],[-68.98,80.05],[-68.87,79.95],[-68.63,80.07],[-68.51,80.02],[-67.86,80.0],[-67.84,80.04],[-67.75,80.11],[-67.89,80.23],[-67.84,80.31],[-67.62,80.39],[-67.36,80.41],[-67.29,80.55],[-66.92,80.53],[-66.9,80.56],[-66.93,80.59],[-67.07,80.64],[-67.03,80.7],[-66.71,80.72],[-66.48,80.65],[-66.38,80.69],[-65.8,80.81],[-65.63,80.81],[-65.39,80.91],[-65.11,80.96],[-64.89,81.05],[-64.43,81.1],[-64.31,81.15],[-63.86,81.2],[-63.57,81.27],[-63.2,81.23],[-62.2,81.23],[-62.03,81.2],[-61.98,81.26],[-62.01,81.37],[-61.85,81.46],[-61.85,81.55],[-61.88,81.58],[-62.07,81.46],[-62.12,81.54],[-61.92,81.81],[-61.42,81.87],[-61.32,81.92],[-60.4,81.95],[-60.31,81.99],[-60.31,82.04],[-60.17,82.04],[-60.1,82.09],[-54.38,82.42],[-53.9,82.37],[-53.75,82.45],[-53.61,82.35],[-53.47,82.37],[-53.37,82.3],[-53.05,82.36],[-52.54,82.3],[-52.53,82.26],[-52.46,82.23],[-52.37,82.25],[-52.28,82.32],[-52.05,82.33],[-51.97,82.45],[-51.11,82.54],[-49.01,82.53],[-48.9,82.59],[-48.95,82.64],[-51.08,82.7],[-51.2,82.75],[-51.21,82.81],[-51.07,82.78],[-50.9,82.84],[-33.69,84.15],[-29.66,83.95],[-29.06,83.8],[-25.11,83.49],[-24.99,83.45],[-23.12,83.29],[-22.41,83.07],[-15.74,82.88],[-15.64,82.84],[-15.59,82.78],[-15.6,82.71],[-15.71,82.59],[-15.59,82.49],[-12.02,82.18],[-11.8,82.11],[-11.66,82.11],[-11.61,82.06],[-11.53,82.06],[-11.42,81.97],[-10.79,81.83],[-10.55,81.71],[-9.96,81.66],[-9.75,81.54],[-9.57,81.53],[-9.52,81.49],[-9.33,81.44],[-9.14,81.46],[-8.93,81.44],[-8.77,81.36],[-8.76,81.24],[-8.73,81.21],[-8.24,81.01],[-7.33,80.89],[-7.0,80.68],[-7.04,80.64],[-7.45,80.53],[-8.3,80.5],[-8.41,80.48],[-8.73,80.29],[-8.71,80.23],[-8.62,80.18],[-8.16,80.06],[-8.19,80.03],[-9.26,80.03],[-9.38,80.01],[-9.62,79.87],[-9.82,79.83],[-10.0,79.85],[-10.0,80.02],[-10.03,80.03],[-10.25,80.0],[-13.99,79.96],[-14.39,79.88],[-14.56,79.71],[-14.46,79.62],[-14.48,79.58],[-14.58,79.53],[-14.59,79.49],[-14.39,79.45],[-14.2,79.47],[-14.14,79.4],[-14.13,79.32],[-14.73,79.24],[-14.96,79.07],[-15.44,79.01],[-15.53,79.04],[-15.59,79.18],[-15.65,79.19],[-16.27,79.15],[-16.49,79.18],[-16.67,79.28],[-17.15,79.22],[-17.15,79.18],[-17.12,79.16],[-16.95,79.18],[-16.58,79.14],[-16.35,78.99],[-16.13,78.99],[-15.99,78.94],[-15.59,78.97],[-15.5,78.93],[-15.37,78.8],[-15.25,78.77],[-15.08,78.81],[-14.97,78.94],[-14.77,78.82],[-14.18,78.85],[-14.01,78.8],[-13.98,78.83],[-13.95,78.97],[-13.52,79.04],[-13.31,78.94],[-13.16,78.93],[-13.15,78.87],[-13.19,78.83],[-13.32,78.89],[-13.43,78.89],[-13.63,78.8],[-13.74,78.9],[-13.8,78.9],[-13.88,78.81],[-13.84,78.78],[-13.72,78.77],[-13.74,78.74],[-14.21,78.58],[-14.22,78.54],[-14.14,78.5],[-13.62,78.53],[-13.58,78.49],[-13.8,78.45],[-13.82,78.39],[-13.47,78.37],[-13.33,78.43],[-13.41,78.47],[-13.44,78.52],[-13.39,78.6],[-13.41,78.67],[-13.39,78.7],[-12.82,78.67],[-12.71,78.63],[-12.47,78.65],[-12.4,78.63],[-12.47,78.49],[-12.44,78.44],[-12.02,78.41],[-11.83,78.32],[-11.75,78.25],[-11.81,78.19],[-12.07,78.18],[-12.19,78.2],[-12.21,78.3],[-12.26,78.33],[-12.46,78.32],[-12.65,78.37],[-12.73,78.34],[-12.89,78.42],[-12.97,78.39],[-13.16,78.41],[-13.19,78.38],[-13.17,78.29],[-13.24,78.22],[-13.16,78.08],[-13.18,78.04],[-13.27,78.03],[-13.35,78.2],[-13.45,78.23],[-13.64,78.15],[-13.79,78.16],[-13.84,78.08],[-13.77,77.99],[-13.8,77.93],[-13.94,77.96],[-14.11,77.89],[-14.18,77.93],[-14.2,78.03],[-14.41,78.01],[-14.45,78.04],[-14.47,78.09],[-14.37,78.13],[-14.23,78.08],[-13.98,78.2],[-13.92,78.29],[-13.95,78.35],[-14.2,78.36],[-14.36,78.3],[-14.61,78.3],[-14.81,78.21],[-14.92,78.25],[-15.11,78.25],[-15.14,78.28],[-15.11,78.37],[-15.16,78.39],[-15.17,78.45],[-14.95,78.47],[-14.98,78.53],[-15.28,78.53],[-15.36,78.47],[-15.38,78.37],[-15.78,78.39],[-15.91,78.53],[-16.31,78.56],[-16.53,78.5],[-16.61,78.52],[-16.65,78.63],[-16.71,78.65],[-16.94,78.56],[-17.28,78.53],[-17.43,78.46],[-17.64,78.44],[-17.81,78.34],[-17.75,78.22],[-17.78,78.08],[-17.23,77.97],[-17.2,77.92],[-17.27,77.79],[-17.27,77.76],[-17.19,77.74],[-17.11,77.77],[-17.06,77.65],[-16.81,77.59],[-16.37,77.34],[-16.48,77.29],[-16.53,77.2],[-16.58,77.17],[-17.09,77.2],[-17.39,77.15],[-17.46,77.11],[-17.48,77.02],[-17.51,77.0],[-17.71,77.0],[-17.66,77.14],[-17.68,77.17],[-17.79,77.14],[-17.91,77.23],[-18.03,77.21],[-18.03,77.13],[-17.92,77.02],[-17.98,76.92],[-17.92,76.89],[-18.0,76.86],[-18.0,76.67],[-17.94,76.61],[-17.8,76.61],[-17.6,76.48],[-17.61,76.4],[-17.66,76.35],[-17.63,76.21],[-17.73,76.17],[-17.69,76.05],[-17.73,76.01],[-17.83,76.0],[-17.81,75.95],[-17.62,75.94],[-17.57,75.99],[-17.56,76.09],[-17.34,76.11],[-17.17,76.18],[-17.03,76.16],[-16.93,76.21],[-16.72,76.2],[-16.57,76.1],[-16.07,76.09],[-16.0,76.06],[-15.96,75.97],[-15.93,75.97],[-15.27,76.1],[-15.26,76.12],[-15.32,76.25],[-15.2,76.34],[-14.86,76.33],[-14.74,76.28],[-14.55,76.28],[-14.22,76.22],[-14.19,76.25],[-14.29,76.36],[-14.29,76.47],[-13.84,76.52],[-13.63,76.5],[-13.59,76.62],[-13.27,76.73],[-13.24,76.78],[-13.28,76.85],[-13.56,76.87],[-13.6,76.93],[-13.37,76.99],[-13.14,77.1],[-13.12,77.15],[-13.25,77.24],[-13.27,77.29],[-13.03,77.38],[-12.58,77.37],[-12.23,77.5],[-10.98,77.6],[-10.87,77.64],[-10.1,77.68],[-9.72,77.82],[-9.33,77.79],[-9.14,77.67],[-9.21,77.62],[-9.64,77.55],[-10.75,77.48],[-10.96,77.36],[-11.21,77.33],[-11.23,77.28],[-11.2,77.17],[-11.74,77.15],[-11.73,77.1],[-11.38,77.08],[-11.34,77.02],[-11.47,76.93],[-11.68,76.9],[-11.71,76.78],[-11.75,76.75],[-12.16,76.69],[-12.56,76.72],[-12.54,76.66],[-12.34,76.59],[-12.35,76.52],[-12.8,76.38],[-12.85,76.33],[-12.86,76.23],[-13.08,76.23],[-13.35,76.18],[-13.34,76.12],[-13.22,76.09],[-13.27,76.01],[-13.68,75.94],[-15.13,76.14],[-15.2,76.12],[-15.19,76.08],[-14.97,76.01],[-14.91,75.88],[-14.33,75.84],[-14.22,75.81],[-14.16,75.75],[-14.18,75.7],[-14.44,75.66],[-14.63,75.56],[-14.91,75.59],[-14.95,75.54],[-14.92,75.49],[-14.34,75.48],[-14.06,75.54],[-13.76,75.5],[-13.72,75.53],[-13.74,75.57],[-14.02,75.61],[-14.03,75.64],[-13.98,75.68],[-13.59,75.69],[-13.58,75.53],[-13.76,75.39],[-14.11,75.38],[-14.32,75.32],[-14.82,75.3],[-14.84,75.27],[-14.83,75.23],[-14.77,75.2],[-14.2,75.13],[-14.2,75.08],[-14.31,75.06],[-14.32,75.01],[-14.42,74.98],[-14.0,74.9],[-13.96,74.86],[-14.01,74.82],[-14.39,74.81],[-14.49,74.96],[-15.21,74.93],[-15.54,74.84],[-15.61,74.87],[-15.61,74.94],[-15.43,74.98],[-15.4,75.02],[-15.42,75.05],[-15.6,75.05],[-15.74,74.96],[-15.94,75.02],[-15.98,75.09],[-15.84,75.2],[-15.67,75.24],[-15.56,75.33],[-15.55,75.38],[-15.87,75.45],[-15.98,75.51],[-16.06,75.45],[-16.08,75.51],[-15.95,75.56],[-15.93,75.61],[-15.96,75.68],[-16.1,75.73],[-16.03,75.83],[-16.04,75.88],[-16.19,75.97],[-16.61,76.02],[-16.67,76.09],[-16.83,76.06],[-17.06,76.11],[-17.12,76.07],[-17.28,76.06],[-17.54,75.97],[-17.56,75.94],[-17.53,75.91],[-17.43,75.88],[-16.82,75.92],[-16.58,75.85],[-16.59,75.81],[-16.64,75.8],[-17.04,75.84],[-17.16,75.72],[-17.25,75.7],[-17.29,75.63],[-17.42,75.62],[-17.78,75.68],[-17.73,75.75],[-17.78,75.79],[-19.27,75.86],[-19.28,75.8],[-19.12,75.75],[-18.98,75.61],[-18.26,75.58],[-18.11,75.53],[-17.97,75.56],[-17.85,75.51],[-17.67,75.5],[-17.63,75.45],[-17.59,75.31],[-17.48,75.29],[-17.23,75.1],[-17.06,75.06],[-16.91,75.1],[-16.89,75.06],[-16.95,75.02],[-17.2,75.0],[-17.54,74.92],[-17.73,74.84],[-17.86,74.93],[-17.98,74.95],[-18.95,74.98],[-19.03,74.87],[-18.98,74.8],[-18.83,74.75],[-18.19,74.74],[-18.09,74.65],[-17.97,74.65],[-17.95,74.57],[-17.89,74.55],[-17.93,74.41],[-17.87,74.33],[-17.77,74.39],[-17.6,74.29],[-17.42,74.34],[-17.42,74.4],[-17.5,74.49],[-17.43,74.56],[-17.18,74.65],[-17.17,74.69],[-17.21,74.79],[-17.08,74.82],[-16.99,74.72],[-16.75,74.7],[-16.72,74.62],[-16.77,74.58],[-17.17,74.51],[-17.22,74.48],[-17.22,74.41],[-17.11,74.41],[-17.01,74.31],[-16.66,74.25],[-16.63,74.19],[-16.75,74.16],[-17.13,74.17],[-17.26,74.21],[-17.78,74.14],[-17.77,74.09],[-17.64,74.08],[-17.63,74.02],[-17.69,74.01],[-17.97,74.11],[-18.09,74.12],[-18.57,74.04],[-18.68,74.06],[-18.64,74.14],[-18.68,74.18],[-18.88,74.19],[-19.01,74.15],[-19.05,74.11],[-19.01,74.06],[-18.81,74.05],[-18.88,73.93],[-18.85,73.85],[-18.54,73.85],[-18.46,73.8],[-18.48,73.75],[-18.54,73.7],[-18.64,73.7],[-18.9,73.59],[-19.05,73.59],[-19.49,73.51],[-19.55,73.53],[-19.6,73.62],[-19.66,73.64],[-19.82,73.54],[-19.84,73.49],[-19.95,73.48],[-20.02,73.43],[-20.55,73.4],[-20.46,73.18],[-20.29,73.19],[-20.18,73.11],[-19.92,73.12],[-19.91,73.07],[-19.94,73.05],[-20.23,73.04],[-20.28,72.94],[-20.24,72.9],[-20.13,72.89],[-19.99,72.94],[-19.79,72.92],[-19.48,73.06],[-19.31,73.01],[-19.01,73.03],[-19.0,72.97],[-19.15,72.92],[-19.19,72.82],[-19.3,72.88],[-19.38,72.84],[-19.36,72.81],[-19.26,72.79],[-19.3,72.71],[-19.39,72.7],[-19.68,72.85],[-20.31,72.8],[-20.41,72.88],[-20.51,72.91],[-20.53,73.01],[-20.57,73.01],[-20.66,72.94],[-20.65,72.85],[-20.68,72.8],[-20.86,72.76],[-20.95,72.68],[-20.96,72.46],[-21.13,72.53],[-21.28,72.38],[-21.61,72.28],[-21.71,72.13],[-21.84,72.12],[-21.93,72.01],[-22.01,72.01],[-22.23,72.09],[-22.41,72.08],[-22.61,72.13],[-22.75,72.13],[-23.08,72.28],[-24.01,72.43],[-24.2,72.41],[-24.07,72.32],[-23.92,72.37],[-23.5,72.24],[-23.38,72.15],[-23.18,72.12],[-22.86,72.01],[-22.47,71.97],[-22.43,71.96],[-22.43,71.89],[-22.31,71.82],[-22.08,71.89],[-22.03,71.81],[-21.86,71.79],[-21.81,71.67],[-21.7,71.67],[-21.59,71.61],[-21.51,71.5],[-21.57,71.43],[-21.56,71.38],[-21.43,71.2],[-21.49,71.06],[-21.26,70.89],[-21.3,70.73],[-21.23,70.66],[-21.44,70.47],[-21.62,70.36],[-21.75,70.35],[-21.98,70.25],[-22.1,70.24],[-22.24,70.29],[-22.26,70.42],[-23.1,70.4],[-23.46,70.44],[-23.49,70.42],[-23.74,70.51],[-23.9,70.49],[-24.17,70.68],[-24.38,70.68],[-24.39,70.93],[-24.48,71.06],[-24.59,71.13],[-24.92,71.24],[-25.14,71.22],[-25.17,71.19],[-25.17,71.05],[-25.27,70.97],[-25.17,70.75],[-25.23,70.63],[-25.58,70.49],[-25.72,70.58],[-25.82,70.57],[-25.94,70.52],[-25.99,70.45],[-26.31,70.44],[-26.34,70.42],[-26.29,70.38],[-26.33,70.34],[-26.58,70.28],[-26.56,70.26],[-26.18,70.27],[-25.58,70.39],[-25.46,70.45],[-25.19,70.47],[-24.89,70.44],[-24.68,70.38],[-24.58,70.3],[-24.45,70.25],[-24.05,70.28],[-23.84,70.17],[-22.1,70.18],[-22.05,70.13],[-22.05,70.07],[-22.09,70.04],[-22.22,70.0],[-22.41,69.88],[-22.66,69.91],[-22.71,69.9],[-22.72,69.86],[-22.7,69.82],[-22.63,69.8],[-22.57,69.68],[-22.43,69.68],[-22.36,69.63],[-22.0,69.64],[-21.94,69.62],[-21.92,69.57],[-22.29,69.53],[-22.69,69.59],[-22.87,69.49],[-23.03,69.52],[-23.08,69.47],[-23.01,69.37],[-23.42,69.15],[-23.94,69.06],[-23.99,69.14],[-23.85,69.25],[-23.71,69.28],[-23.43,69.26],[-23.32,69.32],[-23.22,69.47],[-23.26,69.53],[-23.39,69.56],[-23.64,69.48],[-23.82,69.47],[-23.96,69.32],[-24.23,69.25],[-24.4,69.27],[-24.52,69.18],[-24.61,69.16],[-24.87,69.18],[-24.91,69.12],[-24.86,68.97],[-24.9,68.93],[-25.17,68.91],[-25.31,68.93],[-25.43,68.81],[-25.95,68.72],[-26.23,68.76],[-26.23,68.71],[-26.35,68.64],[-26.31,68.5],[-26.35,68.46],[-26.47,68.41],[-26.63,68.43],[-26.97,68.26],[-27.16,68.26],[-27.45,68.17],[-28.0,68.17],[-28.28,68.02],[-28.35,68.05],[-28.43,68.19],[-28.67,68.21],[-28.83,68.09],[-28.83,67.86],[-28.87,67.82],[-28.9,67.94],[-29.08,68.04],[-29.22,68.08],[-29.54,68.11],[-29.8,68.09],[-29.9,68.05],[-30.12,68.09],[-30.38,68.08],[-30.45,68.03],[-30.86,68.05],[-31.01,68.01],[-31.35,68.08],[-31.35,68.01],[-31.15,67.9],[-31.17,67.83],[-31.49,67.91],[-31.67,67.86],[-31.89,67.71],[-32.22,67.73],[-32.35,67.85],[-32.48,67.84],[-32.51,67.8],[-32.8,67.69],[-32.85,67.59],[-32.9,67.57],[-32.86,67.42],[-32.83,67.37],[-32.51,67.37],[-32.47,67.32],[-32.74,67.09],[-32.9,67.11],[-33.04,66.97],[-33.13,66.98],[-33.26,67.04],[-33.11,66.84],[-33.33,66.49],[-33.47,66.49],[-33.59,66.37],[-33.71,66.37],[-33.79,66.32],[-34.03,66.34],[-34.26,66.26],[-34.53,66.25],[-34.83,66.06],[-34.93,66.03],[-35.05,66.07],[-35.03,66.18],[-35.06,66.22],[-35.33,66.22],[-35.38,66.19],[-35.45,66.05],[-35.79,65.95],[-35.85,65.81],[-36.01,65.82],[-36.07,65.79],[-36.11,65.72],[-36.1,65.69],[-35.88,65.68],[-35.93,65.61],[-36.13,65.6],[-36.3,65.69],[-36.44,65.72],[-36.52,65.7],[-36.54,65.62],[-36.47,65.53],[-36.48,65.49],[-36.7,65.42],[-36.72,65.29],[-37.01,65.11],[-37.29,65.11],[-37.4,65.26],[-37.54,65.16],[-37.79,65.18],[-37.79,65.24],[-37.39,65.46],[-37.39,65.5],[-37.44,65.53],[-38.0,65.53],[-38.01,65.5],[-37.92,65.47],[-37.92,65.4],[-38.06,65.36],[-38.08,65.31],[-38.14,65.29],[-38.35,65.4],[-38.31,65.47],[-38.12,65.45],[-38.11,65.52],[-38.17,65.57],[-38.42,65.53],[-38.51,65.48],[-38.64,65.48],[-38.83,65.41],[-38.99,65.43],[-39.14,65.4],[-39.26,65.31],[-39.14,65.24],[-39.14,65.18],[-39.26,65.16],[-39.49,65.01],[-39.49,64.97],[-39.17,64.95],[-39.07,64.88],[-38.88,64.9],[-38.85,64.87],[-38.86,64.82],[-39.04,64.84],[-39.29,64.66],[-39.41,64.61],[-39.59,64.78],[-39.73,64.79],[-39.88,64.9],[-40.18,64.91],[-40.29,64.87],[-40.34,64.78],[-40.3,64.7],[-40.12,64.71],[-39.97,64.57],[-39.79,64.55],[-39.75,64.48],[-39.82,64.35],[-39.91,64.28],[-40.07,64.33],[-40.54,64.25],[-40.51,64.13],[-40.52,64.01],[-40.29,63.71],[-40.31,63.65],[-40.65,63.37],[-40.79,63.29],[-40.79,63.15],[-40.91,63.08],[-40.91,63.03],[-41.12,62.96],[-41.17,62.97],[-41.22,63.08],[-41.45,62.92],[-41.45,62.85],[-41.35,62.82],[-41.33,62.78],[-41.47,62.72],[-41.54,62.58],[-41.81,62.68],[-41.94,62.66],[-42.03,62.59],[-42.03,62.48],[-41.9,62.31],[-42.16,62.21],[-42.13,62.16],[-41.98,62.11],[-42.06,61.98],[-41.82,61.9],[-41.75,61.83],[-41.62,61.85],[-41.61,61.8],[-41.82,61.69],[-41.87,61.61],[-42.0,61.59],[-42.01,61.52],[-41.92,61.38],[-41.97,61.35],[-42.1,61.42],[-42.16,61.41],[-42.17,61.37],[-42.12,61.23],[-42.14,61.21],[-42.33,61.35],[-42.39,61.34],[-42.39,61.26],[-42.27,61.09],[-42.21,61.09],[-42.21,61.05],[-42.28,61.03],[-42.24,60.95],[-42.26,60.92],[-42.24,60.86],[-42.31,60.85],[-42.33,60.94],[-42.39,61.01],[-42.43,61.0],[-42.45,60.96],[-42.4,60.91],[-42.43,60.85],[-42.38,60.82],[-42.54,60.76],[-42.5,60.68],[-42.43,60.65],[-42.43,60.61],[-42.59,60.51],[-42.59,60.44],[-42.77,60.41],[-42.83,60.32],[-42.8,60.23],[-42.69,60.15],[-42.64,60.15],[-42.47,60.27],[-42.2,60.26],[-42.16,60.19],[-42.26,59.98],[-42.35,60.01],[-42.5,59.89],[-42.64,59.86],[-42.69,59.74],[-42.82,59.7],[-42.93,59.62],[-43.02,59.65],[-43.39,59.55],[-43.55,59.57],[-43.71,59.53],[-43.87,59.6],[-44.03,59.5],[-44.08,59.55],[-44.17,59.52],[-44.25,59.59],[-44.41,59.6],[-44.83,59.45],[-45.04,59.53],[-45.09,59.65],[-45.13,59.67],[-45.24,59.64],[-45.14,59.57],[-45.14,59.52],[-45.4,59.53],[-45.67,59.48],[-45.79,59.55],[-45.83,59.72],[-46.06,59.74],[-46.2,59.82],[-46.34,59.84],[-46.41,59.96],[-46.53,59.98],[-46.59,60.15],[-46.79,60.17],[-46.77,60.25],[-46.6,60.4],[-46.71,60.48],[-46.77,60.47],[-46.81,60.34],[-46.86,60.32],[-46.93,60.36],[-47.0,60.52],[-47.12,60.58],[-47.23,60.57],[-47.24,60.52],[-47.08,60.41],[-47.0,60.27],[-47.01,60.2],[-47.09,60.18],[-47.47,60.27],[-47.69,60.22],[-47.74,60.24],[-47.83,60.41],[-48.04,60.34],[-48.18,60.4],[-48.43,60.45],[-48.61,60.68],[-48.67,60.67],[-48.73,60.58],[-48.77,60.56],[-49.5,60.91],[-49.54,61.06],[-49.77,61.23],[-49.83,61.42],[-49.93,61.43],[-50.01,61.33],[-50.27,61.37],[-50.38,61.51],[-50.56,61.59],[-50.62,61.77],[-50.61,61.83],[-50.56,61.85],[-50.57,61.99],[-50.49,62.02],[-50.32,61.99],[-50.27,62.02],[-50.39,62.21],[-50.6,62.12],[-50.74,62.11],[-50.8,62.21],[-50.95,62.26],[-50.95,62.38],[-51.03,62.49],[-50.99,62.59],[-51.05,62.61],[-51.21,62.6],[-51.13,62.48],[-51.16,62.44],[-51.36,62.43],[-51.46,62.45],[-51.51,62.51],[-51.46,62.68],[-51.69,62.73],[-51.76,62.79],[-51.75,62.83],[-51.65,62.9],[-51.67,62.94],[-51.83,63.01],[-52.0,62.93],[-52.17,63.0],[-52.25,63.07],[-52.37,63.31],[-52.67,63.34],[-52.7,63.5],[-52.99,63.7],[-53.03,63.77],[-53.14,63.85],[-53.17,64.08],[-52.8,64.31],[-52.67,64.36],[-52.62,64.47],[-52.65,64.54],[-52.79,64.66],[-52.78,64.82],[-52.87,64.88],[-52.92,65.01],[-53.06,65.09],[-53.11,65.21],[-53.15,65.21],[-53.17,65.16],[-53.19,64.92],[-53.15,64.78],[-53.2,64.67],[-53.11,64.53],[-53.14,64.46],[-53.49,64.26],[-53.78,64.21],[-53.87,64.25],[-54.04,64.25],[-54.17,64.39],[-54.36,64.48],[-54.36,64.6],[-54.47,64.78],[-54.44,64.9],[-54.46,64.95],[-54.59,64.97],[-54.7,65.1],[-54.88,65.17],[-55.0,65.29],[-55.02,65.38],[-55.13,65.5],[-55.27,65.57],[-55.36,65.72],[-55.64,65.85],[-55.89,65.89],[-56.27,66.15],[-56.37,66.39],[-56.3,66.53],[-56.32,66.63],[-56.27,66.7],[-56.32,66.82],[-56.26,66.92],[-56.37,67.01],[-56.37,67.09],[-56.65,67.34],[-56.88,67.36],[-56.86,67.55],[-56.97,67.71],[-57.11,67.8],[-57.1,67.88],[-56.11,68.24],[-56.01,68.21],[-55.29,68.24],[-55.12,68.31],[-54.87,68.26],[-54.67,68.31],[-54.52,68.29],[-54.35,68.37],[-54.26,68.33],[-54.27,68.17],[-54.21,68.14],[-54.15,68.27],[-53.9,68.24],[-53.92,68.41],[-53.84,68.43],[-53.8,68.55],[-53.61,68.67],[-53.55,68.69],[-53.36,68.64],[-53.3,68.66],[-53.27,68.81],[-53.01,69.03],[-52.77,68.96],[-52.83,68.85],[-52.72,68.81],[-52.67,68.82],[-52.49,68.96],[-51.62,69.01],[-51.5,68.93],[-51.31,68.96],[-51.23,69.17],[-51.25,69.3],[-51.13,69.32],[-51.11,69.45],[-51.26,69.51],[-51.38,69.51],[-51.48,69.55],[-51.48,69.58],[-51.39,69.63],[-51.45,69.84],[-51.49,69.88],[-51.67,69.87],[-51.71,69.99],[-52.08,69.97],[-52.48,70.06],[-52.5,70.11],[-52.69,70.2],[-53.24,70.32],[-53.95,70.37],[-53.96,70.32],[-53.03,70.18],[-52.7,69.95],[-52.56,69.97],[-52.31,69.87],[-51.95,69.84],[-51.76,69.75],[-51.69,69.67],[-51.69,69.62],[-51.75,69.57],[-51.93,69.51],[-51.95,69.44],[-52.1,69.46],[-52.53,69.37],[-53.48,69.23],[-53.59,69.13],[-53.39,69.15],[-53.21,69.07],[-53.18,69.04],[-53.19,69.0],[-53.42,68.92],[-53.49,69.0],[-53.55,69.0],[-53.76,68.89],[-53.9,68.91],[-54.08,68.83],[-54.22,68.72],[-54.56,68.74],[-54.71,68.81],[-54.74,68.89],[-54.81,68.91],[-54.82,69.06],[-54.87,69.09],[-55.04,69.0],[-55.24,68.97],[-55.55,68.73],[-55.78,68.72],[-55.99,68.78],[-56.15,68.98],[-56.37,69.05],[-56.37,69.09],[-56.26,69.1],[-56.21,69.14],[-56.25,69.29],[-56.05,69.3],[-55.94,69.39],[-55.87,69.29],[-55.48,69.27],[-55.22,69.34],[-54.83,69.33],[-54.8,69.39],[-54.86,69.44],[-55.13,69.53],[-55.51,69.56],[-55.6,69.61],[-55.93,69.58],[-56.1,69.61],[-56.21,69.59],[-56.31,69.51],[-56.38,69.51],[-56.52,69.65],[-56.51,69.92],[-56.57,69.99],[-56.63,69.98],[-56.74,69.81],[-57.23,69.71],[-57.37,69.72],[-57.4,69.79],[-57.07,70.01],[-57.02,70.13],[-56.88,70.02],[-56.76,70.02],[-56.73,70.05],[-56.74,70.15],[-56.71,70.21],[-56.45,70.23],[-56.3,70.35],[-56.27,70.47],[-56.16,70.49],[-56.15,70.54],[-56.09,70.52],[-55.81,70.64],[-55.57,70.63],[-55.36,70.57],[-55.16,70.66],[-54.95,70.64],[-54.81,70.81],[-54.61,70.76],[-54.22,70.86],[-53.98,70.86],[-53.59,70.81],[-52.67,70.81],[-52.46,70.78],[-52.26,70.66],[-52.19,70.67],[-52.22,70.75],[-52.17,70.79],[-51.89,70.78],[-51.83,70.82],[-52.15,70.84],[-52.34,70.95],[-52.44,71.12],[-52.57,71.14],[-52.61,71.11],[-52.58,71.06],[-52.63,71.05],[-52.76,71.13],[-52.96,71.12],[-53.12,71.17],[-53.37,71.09],[-53.51,71.01],[-53.67,71.0],[-53.9,71.05],[-54.11,71.15],[-54.1,71.21],[-53.96,71.28],[-54.02,71.34],[-54.51,71.21],[-54.65,71.26],[-55.07,71.27],[-55.43,71.21],[-55.75,71.25],[-55.86,71.29],[-56.09,71.28],[-56.22,71.44],[-56.12,71.56],[-55.99,71.57],[-56.04,71.64],[-56.34,71.62],[-56.58,71.67],[-56.61,71.64],[-56.57,71.54],[-56.6,71.49],[-56.76,71.48],[-56.85,71.42],[-56.9,71.43],[-56.96,71.7],[-57.07,71.77],[-57.16,71.96],[-57.27,72.05],[-57.27,72.09],[-56.95,72.01],[-56.49,72.01],[-56.35,71.93],[-56.1,71.95],[-56.04,71.98],[-56.04,72.03],[-56.18,72.06],[-56.27,72.15],[-56.4,72.15],[-56.42,72.23],[-56.22,72.36],[-55.95,72.37],[-55.9,72.38],[-55.88,72.42],[-55.94,72.46],[-56.08,72.46],[-56.19,72.54],[-56.25,72.53],[-56.27,72.49],[-56.6,72.59],[-56.76,72.59],[-56.85,72.53],[-57.04,72.53],[-57.11,72.39],[-57.15,72.37],[-57.33,72.39],[-57.4,72.53],[-57.35,72.68],[-57.51,72.73],[-57.55,72.7],[-57.57,72.59],[-57.76,72.7],[-57.86,72.56],[-58.02,72.68],[-58.07,72.77],[-58.05,72.58],[-58.25,72.54],[-58.79,72.65],[-58.94,72.56],[-59.28,72.62],[-59.28,72.68],[-59.1,72.77],[-59.01,72.76],[-58.89,72.68],[-58.7,72.8],[-58.4,72.85],[-58.25,72.96],[-58.15,73.09],[-57.98,73.01],[-57.86,72.99],[-57.76,73.04],[-57.47,72.93],[-57.31,72.83],[-57.12,72.77],[-57.19,72.65],[-56.95,72.65],[-56.92,72.78],[-56.85,72.82],[-56.86,72.88],[-56.93,72.9],[-56.95,72.96],[-56.85,73.1],[-56.88,73.15],[-57.02,73.17],[-57.25,73.3],[-57.4,73.15],[-57.45,73.14],[-57.56,73.34],[-57.52,73.41],[-57.27,73.36],[-57.28,73.41],[-57.23,73.47],[-57.24,73.52],[-57.28,73.55],[-57.43,73.59],[-57.45,73.64],[-57.09,73.86],[-57.13,73.93],[-57.29,73.95],[-57.64,74.05],[-57.64,74.08],[-57.55,74.12],[-57.48,74.21],[-57.25,74.28],[-57.25,74.37],[-57.64,74.43],[-57.81,74.56],[-57.96,74.55],[-57.98,74.63],[-57.9,74.75],[-57.94,74.79],[-58.23,74.67],[-58.39,74.67],[-58.41,74.73],[-58.37,74.83],[-58.27,74.88],[-58.3,74.94],[-58.55,74.96],[-58.62,74.93],[-58.65,74.97],[-58.64,75.09],[-58.7,75.13],[-58.8,75.03],[-58.89,75.01],[-58.99,75.1],[-58.99,75.15],[-59.14,75.18],[-59.15,75.24],[-59.11,75.29],[-58.9,75.23],[-58.84,75.27],[-58.85,75.34],[-58.91,75.41],[-58.99,75.43],[-59.1,75.4],[-59.15,75.44],[-59.03,75.55],[-59.06,75.61],[-59.26,75.63],[-59.34,75.68],[-60.29,75.68],[-60.7,75.59],[-60.74,75.62],[-60.63,75.82],[-60.66,75.87],[-60.98,75.85],[-61.23,75.94],[-62.53,76.03],[-62.55,76.07],[-62.49,76.11],[-62.27,76.17],[-62.24,76.22],[-62.25,76.26],[-62.37,76.22],[-62.55,76.23],[-62.69,76.18],[-62.8,76.17],[-62.88,76.22],[-62.87,76.28],[-63.14,76.32],[-63.21,76.28],[-63.35,76.34],[-63.46,76.35],[-63.64,76.17],[-63.51,76.15],[-63.49,76.1],[-63.52,76.01],[-63.22,76.05],[-63.17,75.91],[-63.02,75.87],[-63.02,75.85],[-63.09,75.85],[-63.09,75.8],[-63.28,75.82],[-63.44,75.92],[-64.05,76.02],[-64.14,76.01],[-64.31,75.91],[-64.46,75.92],[-64.63,75.99],[-64.87,75.89],[-65.01,75.94],[-65.44,75.97],[-65.61,75.89],[-65.8,75.91],[-66.01,75.82],[-66.1,75.84],[-67.4,75.85],[-67.55,75.9],[-67.76,75.9],[-67.95,75.96],[-69.11,76.01],[-69.43,76.13],[-69.67,76.13],[-69.74,76.31],[-69.82,76.35],[-69.92,76.34],[-69.97,76.23],[-70.12,76.22],[-70.25,76.23],[-70.47,76.35],[-70.63,76.33],[-70.89,76.45],[-70.92,76.54],[-70.8,76.65],[-70.81,76.71],[-70.99,76.73],[-71.03,76.81],[-71.11,76.83],[-71.2,76.93],[-71.37,76.95],[-71.48,77.09],[-71.48,77.12],[-71.21,77.21],[-71.21,77.26],[-71.27,77.3],[-71.54,77.31],[-72.31,77.24],[-72.39,77.28],[-72.54,77.29],[-72.75,77.36],[-73.02,77.38],[-73.16,77.36],[-73.39,77.45],[-73.63,77.43],[-73.74,77.52],[-73.72,77.6],[-73.39,77.67],[-73.39,77.86],[-73.29,77.96],[-73.42,78.04],[-73.42,78.08],[-73.12,78.22],[-73.08,78.36],[-72.98,78.46],[-72.83,78.44],[-72.65,78.56],[-72.5,78.56],[-72.39,78.6],[-71.93,78.61],[-71.85,78.65],[-71.25,78.75],[-71.13,78.82],[-71.01,78.8],[-70.9,78.82],[-70.71,78.89],[-70.54,79.04],[-70.36,79.01],[-70.28,79.17],[-70.17,79.21]],[[-67.79,83.51],[-67.68,83.47],[-67.6,83.37],[-67.59,83.25],[-67.67,83.16],[-67.74,83.16],[-68.73,83.53],[-68.64,83.58],[-67.79,83.51]],[[-6.71,80.27],[-6.74,80.29],[-6.73,80.33],[-6.54,80.37],[-6.5,80.33],[-6.55,80.27],[-6.71,80.27]],[[-7.48,80.04],[-7.56,80.06],[-7.58,80.11],[-7.39,80.16],[-7.13,80.16],[-7.09,80.12],[-7.21,80.05],[-7.48,80.04]],[[-12.76,79.66],[-12.52,79.64],[-12.47,79.58],[-12.71,79.49],[-13.23,79.5],[-13.25,79.48],[-13.23,79.25],[-13.26,79.22],[-13.65,79.25],[-13.77,79.3],[-13.6,79.46],[-13.41,79.47],[-13.22,79.61],[-12.76,79.64],[-12.76,79.66]],[[-9.06,79.51],[-8.3,79.56],[-8.17,79.61],[-7.95,79.61],[-7.75,79.52],[-7.52,79.54],[-7.39,79.49],[-7.42,79.45],[-9.04,79.36],[-9.21,79.4],[-9.19,79.46],[-9.06,79.51]],[[-10.13,78.83],[-10.07,78.91],[-9.87,78.92],[-9.78,78.88],[-9.86,78.83],[-9.97,78.81],[-10.13,78.83]],[[-11.37,78.65],[-10.57,78.7],[-10.39,78.64],[-10.09,78.62],[-9.71,78.69],[-9.53,78.67],[-9.5,78.64],[-9.54,78.58],[-10.74,78.49],[-10.79,78.45],[-10.8,78.36],[-11.46,78.35],[-11.49,78.38],[-11.47,78.41],[-11.35,78.49],[-11.34,78.57],[-11.41,78.62],[-11.37,78.65]],[[-5.51,78.42],[-5.5,78.45],[-5.34,78.47],[-5.27,78.46],[-5.25,78.42],[-5.33,78.39],[-5.51,78.42]],[[-8.87,78.36],[-8.85,78.29],[-8.94,78.26],[-9.63,78.28],[-9.71,78.32],[-9.68,78.36],[-9.45,78.37],[-9.38,78.42],[-8.87,78.36]],[[-12.51,78.23],[-12.42,78.21],[-12.52,78.1],[-12.48,77.99],[-12.5,77.94],[-12.59,77.96],[-12.57,78.05],[-12.66,78.12],[-12.92,78.13],[-13.0,78.03],[-13.04,78.05],[-12.98,78.22],[-12.83,78.25],[-12.64,78.2],[-12.51,78.23]],[[-11.3,78.03],[-11.36,78.05],[-11.37,78.1],[-11.09,78.14],[-11.0,78.09],[-11.09,78.03],[-11.3,78.03]],[[-16.05,77.34],[-16.11,77.39],[-16.04,77.46],[-15.87,77.49],[-15.79,77.47],[-15.76,77.43],[-15.82,77.37],[-16.05,77.34]],[[-16.04,76.22],[-15.94,76.24],[-15.76,76.14],[-16.05,76.18],[-16.04,76.22]],[[-7.02,77.35],[-7.06,77.39],[-6.56,77.5],[-6.49,77.43],[-6.53,77.38],[-6.64,77.35],[-7.02,77.35]],[[-7.0,76.96],[-7.06,77.0],[-7.01,77.07],[-6.69,77.08],[-6.65,77.05],[-6.66,77.0],[-6.77,76.96],[-7.0,76.96]],[[-7.79,76.75],[-7.82,76.77],[-7.77,76.8],[-7.4,76.86],[-7.33,76.82],[-7.36,76.77],[-7.79,76.75]],[[-8.82,76.49],[-8.91,76.53],[-8.91,76.59],[-8.66,76.62],[-8.54,76.57],[-8.55,76.53],[-8.62,76.5],[-8.82,76.49]],[[-9.62,76.29],[-9.63,76.34],[-9.56,76.36],[-9.32,76.33],[-9.1,76.35],[-9.03,76.3],[-9.05,76.27],[-9.16,76.24],[-9.62,76.29]],[[-12.09,76.27],[-12.04,76.23],[-12.08,76.16],[-12.16,76.16],[-12.22,76.2],[-12.19,76.25],[-12.09,76.27]],[[-9.49,76.16],[-9.37,76.19],[-9.35,76.12],[-10.04,75.95],[-10.33,75.99],[-10.48,76.06],[-10.44,76.12],[-10.36,76.14],[-10.07,76.09],[-9.59,76.11],[-9.49,76.16]],[[-12.27,76.13],[-12.34,76.08],[-12.52,76.04],[-12.57,75.92],[-12.77,75.93],[-12.81,75.95],[-12.8,75.99],[-12.69,76.04],[-12.59,76.13],[-12.32,76.18],[-12.26,76.17],[-12.27,76.13]],[[-13.24,75.53],[-13.08,75.59],[-12.81,75.49],[-12.81,75.46],[-12.9,75.38],[-13.03,75.37],[-13.18,75.44],[-13.24,75.53]],[[-12.59,75.37],[-12.66,75.44],[-12.57,75.5],[-12.3,75.41],[-12.43,75.34],[-12.37,75.25],[-12.5,75.21],[-12.65,75.23],[-12.66,75.29],[-12.61,75.29],[-12.59,75.37]],[[-15.01,74.6],[-15.05,74.64],[-15.03,74.68],[-14.89,74.73],[-14.83,74.73],[-14.76,74.67],[-14.62,74.63],[-14.6,74.59],[-14.7,74.52],[-14.55,74.46],[-14.53,74.42],[-14.57,74.39],[-14.9,74.37],[-14.96,74.33],[-14.97,74.24],[-15.21,74.21],[-15.33,74.24],[-15.62,74.1],[-15.81,74.12],[-15.9,74.18],[-15.89,74.25],[-15.81,74.28],[-15.49,74.29],[-15.38,74.33],[-15.04,74.33],[-15.01,74.37],[-15.04,74.46],[-14.97,74.53],[-14.87,74.55],[-14.89,74.6],[-15.01,74.6]],[[-16.36,74.13],[-16.09,74.07],[-15.95,74.07],[-15.88,73.97],[-15.88,73.9],[-16.11,73.83],[-16.22,73.84],[-16.26,74.01],[-16.46,74.05],[-16.43,74.12],[-16.36,74.13]],[[-17.14,73.97],[-17.03,73.92],[-17.01,73.88],[-17.28,73.87],[-17.38,73.89],[-17.42,73.93],[-17.36,73.98],[-17.14,73.97]],[[-16.57,74.51],[-16.53,74.48],[-16.54,74.44],[-16.66,74.38],[-16.76,74.39],[-16.82,74.46],[-16.71,74.51],[-16.57,74.51]],[[-16.81,73.55],[-16.65,73.55],[-16.6,73.5],[-16.68,73.45],[-16.85,73.41],[-16.97,73.41],[-17.05,73.45],[-17.04,73.52],[-16.81,73.55]],[[-19.27,73.4],[-19.11,73.4],[-19.07,73.34],[-19.18,73.3],[-19.38,73.34],[-19.37,73.4],[-19.27,73.4]],[[-18.79,72.82],[-18.66,72.86],[-18.59,72.8],[-18.67,72.75],[-18.76,72.75],[-18.81,72.77],[-18.79,72.82]],[[-17.92,72.75],[-17.78,72.75],[-17.75,72.69],[-17.85,72.65],[-17.95,72.66],[-17.98,72.71],[-17.92,72.75]],[[-18.65,72.46],[-18.63,72.49],[-18.4,72.54],[-18.34,72.54],[-18.3,72.5],[-18.39,72.43],[-18.52,72.41],[-18.62,72.42],[-18.65,72.46]],[[-21.16,72.21],[-21.19,72.23],[-21.17,72.29],[-21.02,72.39],[-20.87,72.29],[-20.7,72.29],[-20.71,72.25],[-20.76,72.22],[-21.16,72.21]],[[-19.27,72.3],[-19.1,72.27],[-18.98,72.17],[-18.56,72.15],[-18.48,72.06],[-18.47,71.96],[-18.54,71.92],[-18.74,72.0],[-19.22,71.98],[-19.33,71.94],[-19.75,71.93],[-19.95,71.85],[-20.15,72.03],[-20.41,72.07],[-20.23,72.15],[-20.06,72.05],[-19.65,72.08],[-19.41,72.01],[-19.35,72.06],[-19.45,72.15],[-19.45,72.22],[-19.27,72.3]],[[-21.25,72.12],[-21.19,72.07],[-21.23,72.02],[-21.5,72.08],[-21.49,72.11],[-21.43,72.13],[-21.25,72.12]],[[-20.6,71.01],[-20.74,71.05],[-20.82,71.21],[-20.96,71.31],[-20.97,71.37],[-20.93,71.43],[-20.74,71.5],[-20.6,71.46],[-20.49,71.46],[-20.51,71.43],[-20.59,71.43],[-20.49,71.33],[-20.21,71.31],[-20.17,71.27],[-20.17,71.23],[-20.27,71.17],[-20.22,71.04],[-20.25,71.0],[-20.3,70.98],[-20.6,71.01]],[[-8.46,71.1],[-8.34,71.18],[-8.15,71.2],[-7.98,71.21],[-7.91,71.16],[-7.93,70.99],[-8.13,70.92],[-8.3,70.81],[-8.32,70.61],[-8.57,70.5],[-8.73,70.5],[-8.85,70.56],[-9.15,70.6],[-9.22,70.65],[-9.22,70.69],[-9.11,70.76],[-9.15,70.87],[-9.13,70.9],[-8.46,71.1]],[[-7.39,70.86],[-7.47,70.92],[-7.4,70.99],[-7.29,70.95],[-7.06,70.95],[-7.02,70.91],[-7.1,70.86],[-7.39,70.86]],[[-19.75,70.66],[-19.65,70.61],[-19.58,70.52],[-19.62,70.46],[-19.77,70.42],[-19.98,70.43],[-20.06,70.49],[-20.46,70.55],[-20.5,70.59],[-20.17,70.86],[-20.08,70.82],[-19.92,70.66],[-19.75,70.66]],[[-20.49,70.45],[-20.44,70.4],[-20.48,70.34],[-20.59,70.32],[-20.69,70.35],[-20.65,70.43],[-20.49,70.45]],[[-20.81,70.45],[-20.85,70.39],[-20.95,70.35],[-21.03,70.36],[-21.11,70.42],[-21.1,70.48],[-20.88,70.5],[-20.81,70.45]],[[-23.62,68.93],[-23.56,68.91],[-23.54,68.84],[-23.78,68.67],[-23.86,68.65],[-24.12,68.69],[-24.26,68.64],[-24.35,68.55],[-24.74,68.5],[-24.73,68.57],[-24.57,68.67],[-24.59,68.71],[-25.0,68.71],[-25.05,68.76],[-25.04,68.79],[-24.91,68.81],[-24.76,68.91],[-24.4,68.91],[-24.03,68.82],[-23.62,68.93]],[[-24.19,64.9],[-24.02,64.96],[-24.03,65.01],[-24.07,65.03],[-24.25,64.95],[-24.94,64.76],[-25.0,64.69],[-25.2,64.66],[-25.24,64.57],[-25.37,64.57],[-25.42,64.6],[-25.29,64.74],[-25.32,64.8],[-25.49,64.74],[-25.71,64.76],[-25.75,64.73],[-25.72,64.63],[-25.87,64.62],[-25.88,64.65],[-25.83,64.75],[-25.97,64.87],[-25.91,64.9],[-25.7,64.91],[-25.67,64.95],[-25.71,65.02],[-25.79,65.05],[-25.96,64.98],[-25.99,64.85],[-26.35,64.77],[-26.45,64.79],[-26.49,64.93],[-26.56,64.98],[-26.54,65.02],[-26.75,65.17],[-26.73,65.26],[-26.57,65.42],[-26.6,65.48],[-26.7,65.53],[-26.7,65.59],[-26.65,65.65],[-26.59,65.67],[-26.47,65.56],[-26.38,65.57],[-26.32,65.67],[-26.44,65.74],[-26.42,65.78],[-26.32,65.81],[-25.93,65.77],[-25.82,65.79],[-25.56,65.73],[-25.53,65.77],[-25.54,65.82],[-25.72,65.84],[-25.83,65.95],[-26.01,65.99],[-26.05,66.04],[-26.03,66.1],[-25.98,66.15],[-25.87,66.17],[-25.37,66.44],[-25.22,66.44],[-24.86,66.62],[-24.69,66.8],[-24.45,66.92],[-24.21,66.87],[-23.86,66.98],[-23.54,66.94],[-23.43,66.87],[-23.25,66.85],[-23.13,66.89],[-22.77,66.93],[-22.53,67.04],[-22.24,66.99],[-22.1,67.01],[-21.67,66.98],[-21.5,66.99],[-21.26,67.09],[-20.8,67.11],[-20.79,67.05],[-20.99,66.82],[-21.02,66.7],[-21.3,66.62],[-21.33,66.55],[-21.28,66.46],[-21.16,66.41],[-20.9,66.55],[-20.82,66.55],[-20.79,66.48],[-20.87,66.33],[-20.8,66.22],[-20.82,66.14],[-20.79,66.11],[-20.71,66.14],[-20.68,66.27],[-20.55,66.33],[-20.25,66.66],[-20.16,66.72],[-19.9,66.75],[-19.7,66.73],[-19.65,66.7],[-19.91,66.37],[-19.8,66.28],[-19.58,66.25],[-19.42,66.38],[-19.23,66.4],[-19.1,66.38],[-19.03,66.32],[-18.76,66.32],[-18.59,66.21],[-18.52,66.2],[-18.46,66.21],[-18.43,66.27],[-18.47,66.37],[-18.54,66.42],[-18.54,66.51],[-18.39,66.7],[-17.92,66.67],[-17.87,66.65],[-17.68,66.35],[-17.71,66.17],[-17.64,66.11],[-17.41,66.31],[-17.41,66.41],[-17.47,66.51],[-17.33,66.57],[-17.28,66.68],[-17.21,66.65],[-17.03,66.46],[-16.91,66.41],[-16.87,66.28],[-16.76,66.3],[-16.75,66.37],[-16.86,66.67],[-17.06,66.8],[-17.05,66.84],[-16.8,66.96],[-16.02,66.75],[-15.69,66.77],[-15.59,66.63],[-15.33,66.63],[-15.23,66.73],[-15.22,66.81],[-15.38,66.84],[-15.52,66.94],[-15.75,66.99],[-15.82,67.04],[-15.79,67.1],[-15.69,67.18],[-15.37,67.26],[-15.33,67.21],[-15.42,67.08],[-15.36,67.03],[-15.31,67.04],[-15.24,67.15],[-15.18,67.16],[-14.99,67.13],[-14.84,66.99],[-14.52,66.98],[-14.5,66.89],[-14.56,66.76],[-14.51,66.7],[-14.37,66.68],[-13.8,66.82],[-13.59,66.8],[-13.35,66.66],[-13.35,66.6],[-13.43,66.54],[-13.39,66.47],[-13.1,66.43],[-12.77,66.48],[-12.72,66.44],[-12.65,66.31],[-12.49,66.26],[-12.44,66.19],[-12.46,66.11],[-12.57,66.05],[-13.84,65.93],[-14.0,65.82],[-13.99,65.75],[-13.77,65.84],[-13.54,65.74],[-13.38,65.78],[-13.25,65.67],[-13.12,65.67],[-12.97,65.63],[-11.87,65.51],[-11.93,65.46],[-12.21,65.43],[-12.31,65.38],[-12.46,65.43],[-12.85,65.42],[-12.97,65.36],[-12.95,65.32],[-12.88,65.3],[-12.64,65.33],[-12.02,65.3],[-11.99,65.24],[-12.09,65.17],[-12.46,65.21],[-12.51,65.19],[-12.52,65.15],[-12.41,65.08],[-12.19,65.1],[-11.87,64.98],[-11.89,64.95],[-12.04,64.9],[-12.04,64.69],[-12.19,64.54],[-12.37,64.61],[-12.45,64.59],[-12.48,64.55],[-12.42,64.47],[-12.44,64.41],[-12.67,64.33],[-13.05,64.09],[-13.15,64.06],[-13.37,64.07],[-13.51,64.01],[-13.55,63.92],[-13.71,63.94],[-13.86,63.89],[-13.98,63.93],[-14.2,64.09],[-14.31,64.11],[-14.31,64.05],[-14.11,63.89],[-14.14,63.8],[-14.52,63.71],[-14.59,63.65],[-14.97,63.92],[-14.99,63.86],[-14.83,63.69],[-14.84,63.62],[-14.9,63.59],[-15.33,63.56],[-15.49,63.5],[-15.56,63.52],[-15.56,63.63],[-15.6,63.69],[-15.73,63.72],[-15.92,63.83],[-15.92,63.78],[-15.79,63.73],[-15.64,63.49],[-15.83,63.48],[-16.0,63.41],[-16.65,63.39],[-16.8,63.56],[-16.94,63.46],[-16.96,63.29],[-17.21,63.3],[-17.4,63.24],[-18.81,63.24],[-18.97,63.29],[-19.96,63.37],[-20.0,63.35],[-20.04,63.24],[-20.19,63.23],[-20.37,63.15],[-20.54,63.17],[-20.97,63.15],[-21.31,63.27],[-21.47,63.25],[-21.79,63.29],[-22.07,63.19],[-22.1,63.2],[-22.05,63.34],[-22.1,63.45],[-22.15,63.51],[-22.23,63.53],[-22.38,63.63],[-22.48,63.58],[-22.77,63.53],[-22.84,63.32],[-22.93,63.29],[-23.02,63.27],[-23.09,63.3],[-23.08,63.39],[-23.01,63.46],[-23.05,63.54],[-23.19,63.53],[-23.37,63.6],[-23.41,63.58],[-23.41,63.47],[-23.44,63.45],[-23.8,63.41],[-23.99,63.32],[-24.07,63.32],[-24.17,63.21],[-24.23,63.2],[-24.35,63.27],[-24.43,63.43],[-24.52,63.41],[-24.57,63.44],[-24.58,63.51],[-24.46,63.6],[-24.4,63.76],[-23.9,64.16],[-23.9,64.21],[-23.78,64.29],[-23.79,64.37],[-23.89,64.42],[-24.0,64.43],[-24.56,64.29],[-24.72,64.39],[-24.86,64.37],[-24.9,64.39],[-24.75,64.5],[-24.57,64.51],[-24.39,64.57],[-24.33,64.74],[-24.19,64.9]],[[-36.06,65.05],[-35.95,64.99],[-35.95,64.92],[-36.05,64.9],[-36.17,64.97],[-36.14,65.04],[-36.06,65.05]],[[-38.49,65.05],[-38.61,64.97],[-38.97,65.05],[-38.83,65.21],[-38.6,65.28],[-38.41,65.29],[-38.35,65.21],[-38.49,65.05]],[[-35.54,65.36],[-35.56,65.31],[-35.66,65.33],[-35.67,65.36],[-35.54,65.45],[-35.54,65.53],[-35.39,65.58],[-35.35,65.57],[-35.34,65.53],[-35.3,65.53],[-35.3,65.48],[-35.11,65.45],[-35.12,65.4],[-35.18,65.38],[-35.45,65.4],[-35.54,65.36]],[[-33.62,66.08],[-33.56,66.04],[-33.58,65.99],[-33.76,65.9],[-33.91,65.87],[-34.41,65.96],[-34.32,66.03],[-33.62,66.08]],[[-33.27,66.41],[-33.22,66.38],[-33.22,66.33],[-33.4,66.32],[-33.46,66.36],[-33.45,66.39],[-33.27,66.41]],[[-18.76,67.03],[-18.79,67.04],[-18.72,67.2],[-18.66,67.24],[-18.62,67.24],[-18.59,67.09],[-18.76,67.03]],[[-18.58,67.03],[-18.57,67.06],[-18.41,67.11],[-18.36,67.09],[-18.34,67.05],[-18.37,67.0],[-18.45,66.96],[-18.58,67.03]],[[-12.37,65.88],[-12.16,65.85],[-12.14,65.81],[-12.19,65.75],[-12.32,65.71],[-12.46,65.73],[-12.71,65.81],[-12.65,65.87],[-12.37,65.88]],[[-25.99,63.84],[-26.13,63.83],[-26.18,63.88],[-26.13,63.93],[-26.04,63.96],[-25.99,63.92],[-25.99,63.84]],[[-25.71,63.85],[-25.76,63.9],[-25.7,63.97],[-25.46,64.02],[-25.4,64.0],[-25.38,63.94],[-25.41,63.91],[-25.71,63.85]],[[-24.79,64.26],[-24.77,64.19],[-24.83,64.14],[-24.97,64.09],[-25.06,64.1],[-24.99,64.21],[-24.79,64.26]],[[-36.07,64.25],[-36.27,64.26],[-36.37,64.32],[-36.32,64.38],[-36.21,64.4],[-36.06,64.4],[-35.9,64.35],[-35.94,64.28],[-36.07,64.25]],[[-26.2,64.38],[-26.25,64.42],[-26.24,64.49],[-26.11,64.54],[-26.0,64.49],[-26.0,64.45],[-26.07,64.39],[-26.2,64.38]],[[-40.89,62.59],[-40.91,62.73],[-40.75,62.79],[-40.71,62.75],[-40.74,62.62],[-40.67,62.53],[-40.63,62.55],[-40.58,62.53],[-40.63,62.49],[-40.72,62.49],[-40.89,62.59]],[[-6.77,62.74],[-6.64,62.75],[-6.5,62.69],[-6.35,62.74],[-6.24,62.67],[-6.07,62.67],[-5.91,62.6],[-5.83,62.62],[-5.69,62.55],[-5.19,62.49],[-5.06,62.29],[-4.91,62.26],[-4.73,62.1],[-4.69,61.97],[-4.77,61.9],[-4.93,61.91],[-5.15,62.04],[-5.23,62.04],[-5.27,61.97],[-5.19,61.85],[-5.18,61.75],[-5.23,61.69],[-5.33,61.67],[-5.69,61.75],[-5.71,61.78],[-5.68,61.83],[-5.45,61.97],[-5.43,62.03],[-5.83,62.02],[-5.9,61.88],[-6.35,61.57],[-6.42,61.46],[-6.42,61.29],[-6.32,61.12],[-6.31,61.01],[-6.16,60.92],[-6.12,60.73],[-6.37,60.7],[-6.55,60.8],[-6.89,60.77],[-6.95,61.08],[-7.18,61.25],[-7.55,61.42],[-7.51,61.57],[-7.75,61.79],[-7.79,61.81],[-7.87,61.78],[-7.99,61.66],[-8.3,61.69],[-8.49,61.81],[-8.51,61.85],[-8.47,61.94],[-8.63,62.11],[-8.62,62.2],[-8.56,62.29],[-8.09,62.55],[-7.96,62.53],[-7.71,62.65],[-7.61,62.65],[-7.54,62.69],[-7.24,62.69],[-7.08,62.74],[-6.83,62.72],[-6.77,62.74]],[[-6.22,61.37],[-6.16,61.61],[-6.02,61.66],[-5.9,61.64],[-5.8,61.57],[-5.55,61.52],[-5.48,61.42],[-5.5,61.33],[-5.56,61.3],[-5.61,61.32],[-5.71,61.47],[-5.84,61.5],[-6.22,61.37]],[[-5.45,61.3],[-5.39,61.35],[-5.39,61.4],[-5.27,61.4],[-5.27,61.34],[-5.34,61.28],[-5.42,61.26],[-5.45,61.3]],[[-8.61,60.75],[-8.96,60.49],[-9.4,60.68],[-9.52,60.82],[-9.47,60.95],[-9.41,61.0],[-9.35,61.02],[-9.2,60.99],[-8.94,61.16],[-8.49,61.27],[-8.09,61.19],[-7.98,61.11],[-7.96,61.05],[-7.99,60.99],[-8.11,60.89],[-8.61,60.75]],[[-10.36,60.44],[-10.43,60.45],[-10.5,60.49],[-10.65,60.67],[-10.65,60.75],[-10.46,60.73],[-10.27,60.8],[-10.1,60.69],[-10.0,60.57],[-10.0,60.51],[-10.2,60.51],[-10.36,60.44]],[[-12.49,60.43],[-12.38,60.39],[-12.35,60.34],[-12.52,60.31],[-12.76,60.33],[-12.83,60.37],[-12.81,60.41],[-12.75,60.44],[-12.49,60.43]],[[-42.04,60.44],[-42.15,60.41],[-42.4,60.47],[-42.3,60.55],[-42.04,60.6],[-41.98,60.56],[-42.04,60.44]],[[-41.82,60.75],[-41.87,60.73],[-42.06,60.87],[-42.08,60.92],[-41.99,60.97],[-41.73,60.99],[-41.71,60.96],[-41.8,60.87],[-41.82,60.75]],[[-41.59,61.22],[-41.69,61.27],[-41.71,61.37],[-41.59,61.37],[-41.56,61.42],[-41.51,61.42],[-41.49,61.49],[-41.3,61.57],[-41.31,61.51],[-41.53,61.31],[-41.59,61.22]],[[-40.87,62.11],[-40.87,62.06],[-41.0,61.95],[-41.15,61.97],[-41.11,62.04],[-40.87,62.11]],[[-62.08,64.17],[-61.95,64.08],[-61.98,63.94],[-61.91,63.74],[-62.3,63.7],[-62.47,63.77],[-62.61,63.73],[-62.63,63.87],[-62.9,63.91],[-63.17,64.23],[-63.11,64.3],[-63.02,64.32],[-62.45,64.25],[-62.33,64.28],[-62.3,64.16],[-62.08,64.17]],[[-57.79,68.16],[-57.63,68.07],[-57.52,67.85],[-57.83,67.67],[-57.92,67.64],[-58.02,67.65],[-58.11,67.77],[-58.1,67.95],[-57.98,68.13],[-57.79,68.16]],[[-58.68,68.36],[-58.8,68.34],[-59.0,68.35],[-59.26,68.44],[-59.3,68.48],[-59.37,68.67],[-59.34,68.75],[-59.23,68.85],[-59.12,68.89],[-58.86,68.92],[-58.59,68.69],[-58.59,68.47],[-58.68,68.36]],[[-61.66,73.08],[-61.68,73.04],[-61.93,72.97],[-62.21,73.07],[-62.46,73.09],[-62.9,73.23],[-62.96,73.26],[-62.97,73.32],[-62.86,73.45],[-62.71,73.53],[-62.54,73.54],[-62.35,73.61],[-61.77,73.63],[-61.68,73.59],[-61.64,73.52],[-61.76,73.23],[-61.66,73.08]],[[-58.96,73.47],[-59.11,73.49],[-59.2,73.6],[-59.35,73.64],[-59.37,73.7],[-59.34,73.78],[-59.22,73.88],[-59.15,73.85],[-59.06,73.9],[-58.89,73.88],[-58.87,73.93],[-58.94,74.05],[-58.99,74.07],[-58.94,74.21],[-58.7,74.24],[-58.56,74.17],[-58.47,74.26],[-58.34,74.28],[-58.28,74.26],[-58.27,74.2],[-58.31,74.1],[-58.36,74.07],[-58.31,73.93],[-58.42,73.87],[-58.47,73.81],[-58.44,73.65],[-58.49,73.64],[-58.58,73.73],[-58.68,73.72],[-58.71,73.69],[-58.7,73.49],[-58.96,73.47]],[[-58.47,73.47],[-58.46,73.53],[-58.39,73.57],[-58.31,73.55],[-58.28,73.51],[-58.34,73.45],[-58.47,73.47]],[[-62.96,74.75],[-63.03,74.7],[-63.09,74.71],[-63.11,74.77],[-63.1,74.88],[-63.29,75.05],[-63.36,75.03],[-63.45,74.89],[-63.69,74.89],[-63.85,74.97],[-64.1,75.01],[-64.27,75.15],[-64.54,75.16],[-64.55,75.22],[-64.48,75.27],[-64.5,75.33],[-64.67,75.27],[-64.82,75.37],[-65.28,75.31],[-65.33,75.34],[-65.43,75.48],[-65.53,75.42],[-65.72,75.42],[-65.87,75.45],[-65.9,75.52],[-65.86,75.55],[-65.68,75.53],[-65.49,75.61],[-65.24,75.63],[-65.03,75.61],[-64.51,75.63],[-64.44,75.6],[-64.32,75.47],[-64.14,75.5],[-64.12,75.34],[-63.83,75.29],[-63.71,75.32],[-63.64,75.23],[-63.5,75.32],[-63.35,75.29],[-63.25,75.34],[-63.16,75.33],[-63.04,75.26],[-62.82,75.21],[-62.85,75.06],[-62.92,75.01],[-62.99,74.91],[-62.92,74.81],[-62.96,74.75]],[[-67.18,75.25],[-67.15,75.21],[-67.19,75.16],[-67.51,75.15],[-67.89,75.22],[-67.99,75.27],[-68.05,75.34],[-68.01,75.38],[-67.93,75.4],[-67.18,75.25]],[[-67.05,75.63],[-67.18,75.59],[-67.31,75.65],[-67.27,75.7],[-67.15,75.73],[-67.06,75.7],[-67.05,75.63]],[[-72.98,75.73],[-73.0,75.68],[-73.15,75.64],[-73.4,75.63],[-73.55,75.69],[-73.47,75.78],[-73.18,75.79],[-73.03,75.77],[-72.98,75.73]],[[-61.55,75.63],[-61.37,75.59],[-61.34,75.54],[-61.37,75.51],[-61.56,75.55],[-61.6,75.61],[-61.55,75.61],[-61.55,75.63]],[[-60.24,75.54],[-60.22,75.57],[-60.1,75.56],[-60.09,75.51],[-59.96,75.52],[-59.92,75.47],[-59.95,75.44],[-60.09,75.46],[-60.14,75.37],[-60.23,75.43],[-60.24,75.54]],[[-59.78,75.52],[-59.75,75.52],[-59.68,75.36],[-59.71,75.29],[-59.77,75.26],[-59.81,75.28],[-59.85,75.46],[-59.78,75.52]],[[-60.55,75.35],[-60.38,75.25],[-60.34,75.16],[-60.47,75.15],[-61.12,75.37],[-61.22,75.43],[-61.24,75.51],[-61.09,75.54],[-60.83,75.51],[-60.74,75.44],[-60.58,75.45],[-60.54,75.43],[-60.55,75.35]],[[-63.31,75.48],[-63.27,75.41],[-63.31,75.37],[-63.51,75.45],[-63.88,75.46],[-63.9,75.49],[-63.88,75.53],[-63.45,75.56],[-63.31,75.48]],[[-59.42,74.86],[-59.59,74.91],[-59.62,74.97],[-59.6,75.02],[-59.26,75.02],[-59.19,74.98],[-59.15,74.91],[-59.17,74.86],[-59.3,74.89],[-59.42,74.86]],[[-59.07,74.87],[-59.06,74.91],[-58.89,74.93],[-58.85,74.86],[-58.88,74.8],[-58.97,74.77],[-59.13,74.84],[-59.07,74.87]],[[-72.81,76.96],[-72.42,76.76],[-72.37,76.72],[-72.38,76.66],[-72.91,76.62],[-73.09,76.69],[-73.48,76.75],[-73.59,76.85],[-73.58,76.89],[-73.51,76.92],[-73.36,76.9],[-73.22,76.95],[-72.81,76.96]],[[-83.48,82.84],[-83.85,82.93],[-83.88,82.97],[-83.78,83.0],[-83.44,82.92],[-83.37,82.88],[-83.4,82.84],[-83.48,82.84]],[[-13.77,59.03],[-13.64,58.98],[-13.66,58.89],[-13.79,58.9],[-13.87,58.95],[-13.86,59.01],[-13.77,59.03]],[[-14.44,59.02],[-14.36,58.95],[-14.4,58.84],[-14.51,58.81],[-14.62,58.85],[-14.64,58.91],[-14.61,58.95],[-14.51,59.02],[-14.44,59.02]],[[-15.26,58.29],[-15.2,58.2],[-15.22,58.12],[-15.33,58.11],[-15.47,58.17],[-15.47,58.23],[-15.44,58.27],[-15.26,58.29]],[[-13.87,58.11],[-13.79,58.13],[-13.75,58.01],[-13.63,57.97],[-13.58,57.83],[-13.52,57.8],[-13.49,57.81],[-13.47,57.89],[-13.36,57.94],[-13.38,58.08],[-13.31,58.08],[-13.24,58.04],[-13.18,57.96],[-13.15,57.81],[-13.32,57.52],[-13.06,57.46],[-13.03,57.41],[-13.05,57.35],[-13.17,57.25],[-13.54,57.3],[-13.76,57.24],[-13.7,57.1],[-13.53,57.11],[-13.48,57.08],[-13.76,56.92],[-13.87,56.94],[-13.89,57.1],[-13.97,57.17],[-14.06,57.15],[-14.11,57.08],[-14.19,57.11],[-14.37,56.99],[-14.4,56.92],[-14.36,56.87],[-14.17,56.86],[-14.17,56.78],[-14.35,56.7],[-14.49,56.57],[-14.63,56.62],[-14.79,56.52],[-15.01,56.52],[-15.01,56.59],[-14.95,56.72],[-14.99,56.98],[-14.64,57.03],[-14.42,57.29],[-14.21,57.3],[-14.23,57.38],[-14.39,57.4],[-14.34,57.49],[-14.33,57.61],[-14.2,57.7],[-14.15,57.82],[-14.04,57.85],[-13.95,57.92],[-13.89,58.01],[-13.9,58.08],[-13.87,58.11]],[[-60.03,58.1],[-60.01,58.06],[-60.06,58.02],[-60.33,57.94],[-60.74,57.94],[-60.81,57.99],[-60.77,58.05],[-60.58,58.1],[-60.03,58.1]],[[-14.96,56.39],[-14.68,56.38],[-14.64,56.35],[-14.64,56.3],[-14.89,56.28],[-14.97,56.33],[-14.99,56.38],[-14.96,56.39]],[[-11.71,54.0],[-11.78,54.03],[-11.76,54.09],[-11.59,54.16],[-11.54,54.14],[-11.53,54.09],[-11.56,54.04],[-11.71,54.0]],[[-13.42,53.63],[-13.34,53.77],[-13.17,53.74],[-13.18,53.7],[-13.36,53.6],[-13.33,53.54],[-13.16,53.49],[-13.15,53.45],[-13.22,53.43],[-13.53,53.15],[-13.5,53.11],[-13.3,53.09],[-13.32,53.02],[-13.53,53.03],[-13.71,52.91],[-13.96,52.88],[-14.04,52.92],[-13.96,53.04],[-13.98,53.08],[-14.21,53.1],[-14.29,53.14],[-14.28,53.23],[-14.24,53.3],[-13.94,53.45],[-13.82,53.45],[-13.72,53.57],[-13.63,53.55],[-13.42,53.63]],[[-52.97,52.88],[-53.1,52.66],[-53.16,52.63],[-53.23,52.66],[-53.23,52.71],[-53.19,52.76],[-52.97,52.88]],[[-53.42,52.45],[-53.51,52.48],[-53.53,52.54],[-53.21,52.62],[-53.2,52.58],[-53.25,52.51],[-53.34,52.45],[-53.42,52.45]],[[-53.93,51.03],[-53.87,51.17],[-53.77,51.22],[-53.72,51.21],[-53.75,51.13],[-53.93,51.03]],[[-44.99,47.71],[-44.92,47.74],[-44.87,47.72],[-44.82,47.53],[-44.87,47.53],[-44.94,47.57],[-45.0,47.64],[-44.99,47.71]],[[-44.69,47.47],[-44.6,47.42],[-44.59,47.29],[-44.39,47.28],[-44.42,47.21],[-44.35,47.03],[-44.38,46.92],[-44.44,46.83],[-44.54,46.79],[-44.74,46.63],[-44.99,46.64],[-45.18,46.59],[-45.23,46.66],[-45.19,46.79],[-45.35,47.09],[-45.33,47.17],[-45.24,47.29],[-45.04,47.36],[-44.97,47.45],[-44.69,47.47]]],[[[152.67,-68.34],[147.33,-44.04],[147.24,-44.05],[147.18,-44.1],[147.01,-44.11],[146.84,-44.01],[146.67,-44.08],[146.45,-44.0],[146.24,-43.99],[146.03,-43.84],[145.81,-43.51],[145.67,-43.46],[145.64,-43.39],[145.45,-43.29],[145.01,-42.93],[144.99,-42.83],[144.94,-42.79],[144.94,-42.59],[144.9,-42.49],[144.89,-42.38],[144.85,-42.31],[144.83,-42.15],[144.61,-41.97],[144.39,-41.44],[144.05,-41.08],[143.91,-41.03],[143.57,-40.7],[143.55,-40.6],[143.42,-40.39],[143.47,-40.15],[143.3,-40.09],[143.21,-39.9],[143.2,-39.79],[143.25,-39.64],[143.14,-39.67],[143.05,-39.64],[143.08,-39.58],[142.89,-39.44],[142.69,-39.21],[142.62,-39.19],[142.57,-39.04],[142.4,-39.02],[142.26,-38.9],[142.12,-38.89],[142.01,-38.83],[141.62,-38.8],[141.41,-38.75],[141.39,-38.71],[141.27,-38.66],[141.17,-38.54],[140.42,-38.22],[140.02,-37.94],[139.95,-37.94],[139.78,-37.72],[139.46,-37.51],[139.25,-37.55],[139.14,-37.31],[139.2,-37.11],[139.13,-37.05],[139.08,-37.06],[139.03,-37.16],[138.89,-37.19],[138.72,-37.14],[138.51,-37.15],[138.39,-37.1],[137.82,-37.08],[137.72,-36.98],[137.57,-36.95],[137.61,-36.73],[137.58,-36.7],[137.54,-36.69],[137.39,-36.79],[137.06,-36.66],[136.97,-36.57],[136.97,-36.43],[136.74,-36.23],[136.56,-36.21],[136.26,-36.32],[136.26,-36.37],[136.36,-36.48],[136.3,-36.53],[136.21,-36.51],[136.16,-36.47],[136.11,-36.35],[135.99,-36.31],[135.89,-36.11],[135.89,-36.02],[135.75,-35.97],[135.7,-35.83],[135.52,-35.78],[135.39,-35.66],[134.89,-35.49],[134.79,-35.38],[134.81,-35.33],[135.17,-35.34],[135.19,-35.31],[135.12,-35.22],[134.7,-34.99],[134.29,-34.94],[133.98,-34.99],[133.64,-34.89],[133.68,-34.71],[133.57,-34.62],[133.46,-34.66],[133.38,-34.82],[133.1,-34.53],[132.85,-34.4],[132.87,-34.32],[133.03,-34.23],[133.02,-34.16],[132.89,-34.19],[132.79,-34.15],[132.61,-34.15],[132.1,-33.71],[131.96,-33.67],[131.88,-33.54],[131.56,-33.45],[131.33,-33.47],[131.09,-33.33],[130.95,-33.35],[130.8,-33.31],[130.76,-33.28],[130.76,-33.16],[130.48,-33.08],[130.38,-33.1],[130.18,-33.29],[129.99,-33.28],[129.85,-33.23],[129.74,-33.35],[129.69,-33.36],[129.53,-33.35],[129.34,-33.28],[129.21,-33.35],[129.02,-33.28],[128.56,-33.31],[128.54,-33.18],[128.5,-33.16],[128.19,-33.23],[127.84,-33.22],[127.59,-33.28],[127.42,-33.26],[127.18,-33.28],[126.97,-33.19],[126.63,-33.28],[126.51,-33.21],[126.4,-33.26],[126.07,-33.25],[125.9,-33.37],[125.78,-33.6],[125.37,-33.89],[124.94,-34.12],[124.84,-34.12],[124.14,-34.37],[123.81,-34.6],[123.64,-34.63],[123.51,-34.7],[123.37,-34.65],[122.79,-34.63],[122.48,-34.7],[122.33,-34.63],[121.95,-34.58],[121.81,-34.6],[121.69,-34.55],[120.25,-34.55],[119.72,-34.67],[119.53,-34.77],[119.33,-34.82],[118.37,-35.37],[118.13,-35.39],[117.99,-35.47],[117.83,-35.44],[117.73,-35.47],[117.44,-35.39],[117.08,-35.39],[116.87,-35.45],[116.26,-35.35],[116.02,-35.27],[115.8,-35.14],[115.47,-35.06],[115.21,-35.05],[115.09,-34.96],[114.89,-34.91],[114.68,-34.7],[114.5,-34.24],[114.48,-34.14],[114.5,-33.56],[114.58,-33.4],[114.56,-33.27],[114.73,-32.87],[115.2,-32.13],[115.23,-31.99],[115.04,-31.77],[115.06,-31.67],[114.98,-31.49],[114.97,-31.27],[114.87,-31.1],[114.77,-30.81],[114.7,-30.76],[114.65,-30.45],[114.44,-29.87],[114.27,-29.61],[114.15,-29.51],[114.1,-29.39],[113.74,-28.91],[113.57,-28.75],[113.54,-28.54],[113.22,-28.03],[113.26,-27.91],[113.25,-27.86],[113.12,-27.74],[113.06,-27.52],[112.85,-27.28],[112.84,-27.02],[112.52,-26.37],[112.4,-26.2],[112.37,-26.01],[112.3,-25.89],[112.3,-25.82],[112.16,-25.76],[112.17,-25.69],[112.25,-25.64],[112.28,-25.59],[112.18,-25.23],[112.28,-25.06],[112.37,-24.56],[112.47,-24.42],[112.51,-24.31],[44.84,1.67],[44.67,1.59],[44.53,1.4],[44.45,1.37],[43.35,0.34],[43.25,0.29],[43.21,0.21],[42.05,-1.11],[42.01,-1.19],[41.86,-1.34],[41.74,-1.58],[41.47,-1.9],[41.45,-1.96],[41.36,-2.03],[41.07,-2.66],[41.02,-2.68],[40.95,-2.9],[40.74,-3.03],[40.71,-2.87],[40.65,-2.86],[40.6,-2.78],[40.52,-2.8],[40.42,-2.97],[40.37,-2.99],[40.24,-3.24],[40.21,-3.5],[40.04,-3.45],[39.99,-3.57],[39.94,-3.59],[39.87,-3.85],[39.49,-4.67],[39.43,-4.7],[39.19,-5.3],[39.13,-5.56],[39.16,-5.6],[39.24,-5.59],[39.34,-5.62],[39.46,-5.83],[39.46,-5.97],[39.59,-6.13],[39.63,-6.29],[39.63,-6.43],[39.4,-6.6],[39.38,-6.72],[39.61,-6.98],[39.63,-7.22],[39.68,-7.24],[39.7,-7.31],[39.97,-7.6],[39.91,-7.91],[39.71,-8.19],[39.63,-8.37],[39.61,-8.99],[39.7,-9.23],[39.7,-9.4],[39.77,-9.55],[39.77,-9.65],[39.88,-9.95],[40.12,-10.14],[40.37,-10.19],[40.45,-10.29],[40.64,-10.58],[40.8,-11.07],[40.69,-11.54],[40.71,-11.73],[40.66,-11.87],[40.64,-12.11],[40.71,-12.45],[40.65,-12.53],[40.68,-12.77],[40.59,-12.91],[40.65,-12.99],[40.62,-13.23],[40.68,-14.06],[40.7,-14.12],[40.83,-14.23],[40.81,-14.35],[40.9,-14.49],[40.88,-14.83],[40.83,-14.92],[40.83,-15.09],[40.78,-15.19],[40.78,-15.35],[40.66,-15.62],[40.25,-16.22],[40.13,-16.31],[40.02,-16.53],[39.13,-17.23],[38.86,-17.35],[38.67,-17.39],[38.6,-17.49],[38.45,-17.54],[37.75,-17.91],[37.5,-18.15],[37.4,-18.43],[37.3,-18.55],[37.11,-19.07],[36.97,-19.17],[36.97,-19.27],[36.87,-19.36],[36.85,-19.46],[36.73,-19.53],[36.67,-19.66],[36.51,-19.79],[36.41,-19.99],[36.17,-20.13],[36.05,-20.39],[36.01,-20.42],[35.69,-21.04],[35.57,-21.4],[35.62,-22.17],[35.69,-22.33],[35.66,-22.43],[35.74,-23.47],[35.67,-23.89],[35.68,-24.08],[35.57,-24.26],[35.53,-24.5],[35.24,-25.1],[35.17,-25.17],[35.14,-25.31],[34.9,-25.46],[34.73,-25.29],[34.54,-25.19],[34.47,-25.22],[34.16,-25.19],[33.75,-25.31],[33.58,-25.46],[33.44,-25.39],[33.27,-25.49],[33.21,-25.6],[33.11,-25.99],[32.99,-26.94],[32.83,-27.24],[32.74,-27.56],[32.69,-27.62],[32.65,-28.12],[32.19,-29.11],[31.73,-29.61],[31.54,-29.66],[31.21,-29.9],[31.06,-30.04],[30.85,-30.47],[30.73,-30.59],[30.7,-30.69],[29.86,-31.55],[29.77,-31.58],[29.53,-31.75],[29.48,-31.89],[29.38,-32.01],[29.21,-32.11],[29.17,-32.19],[28.55,-32.84],[28.35,-32.97],[28.23,-33.11],[28.11,-33.16],[27.94,-33.31],[27.8,-33.35],[27.58,-33.57],[27.27,-33.71],[27.17,-33.88],[26.43,-34.31],[26.24,-34.36],[31.18,-68.69],[31.39,-68.68],[31.62,-68.59],[32.0,-68.52],[32.24,-68.51],[32.33,-68.61],[32.41,-68.61],[32.47,-68.57],[32.5,-68.59],[32.48,-68.72],[32.53,-68.76],[32.77,-68.68],[32.84,-68.47],[33.17,-68.42],[33.41,-68.55],[33.94,-68.49],[34.08,-68.5],[34.42,-68.61],[34.47,-68.6],[34.6,-68.46],[34.81,-68.44],[34.93,-68.5],[34.79,-68.65],[34.79,-68.69],[34.97,-68.83],[35.08,-69.03],[35.22,-69.07],[35.52,-69.07],[35.67,-69.12],[35.75,-69.08],[35.84,-68.91],[35.95,-68.91],[36.03,-68.95],[36.05,-69.02],[36.12,-69.06],[36.41,-69.06],[36.49,-69.11],[36.66,-69.13],[37.02,-69.26],[37.1,-69.32],[37.11,-69.35],[37.06,-69.39],[36.8,-69.45],[36.81,-69.5],[36.84,-69.52],[37.22,-69.5],[37.57,-69.3],[37.85,-69.26],[38.04,-69.28],[38.03,-69.36],[37.77,-69.47],[37.74,-69.51],[37.75,-69.56],[38.64,-69.75],[38.86,-69.64],[39.13,-69.67],[39.37,-69.62],[39.51,-69.45],[39.64,-69.42],[39.67,-69.35],[39.62,-69.28],[39.63,-69.05],[39.6,-69.01],[39.51,-68.99],[39.45,-69.15],[39.17,-69.09],[38.98,-68.99],[38.86,-69.09],[38.79,-69.09],[38.86,-68.95],[38.71,-68.89],[38.74,-68.8],[38.86,-68.83],[39.01,-68.78],[39.13,-68.83],[39.15,-68.78],[39.23,-68.74],[39.44,-68.73],[39.73,-68.75],[39.89,-68.68],[40.28,-68.71],[40.65,-68.54],[40.81,-68.54],[40.97,-68.44],[41.74,-68.32],[41.96,-68.2],[42.2,-68.23],[42.42,-68.15],[42.46,-68.07],[42.35,-67.98],[42.43,-67.94],[42.61,-67.94],[42.73,-67.98],[43.7,-68.02],[43.95,-67.94],[44.38,-67.92],[44.57,-67.75],[44.75,-67.71],[45.44,-67.65],[45.64,-67.67],[45.77,-67.6],[45.92,-67.63],[46.15,-67.59],[46.18,-67.51],[46.04,-67.48],[46.02,-67.43],[46.15,-67.39],[46.21,-67.31],[46.46,-67.23],[47.33,-67.24],[47.45,-67.36],[47.62,-67.42],[47.78,-67.54],[47.91,-67.53],[48.08,-67.6],[48.38,-67.58],[48.44,-67.55],[48.45,-67.51],[48.31,-67.37],[48.37,-67.33],[48.59,-67.38],[48.61,-67.33],[48.16,-67.09],[48.15,-67.05],[48.2,-66.98],[49.28,-66.78],[49.45,-66.9],[49.57,-66.93],[49.66,-67.0],[49.88,-67.0],[50.05,-67.1],[50.09,-67.07],[50.29,-67.1],[50.36,-66.88],[50.22,-66.81],[50.08,-66.57],[50.07,-66.5],[50.13,-66.4],[50.17,-66.26],[50.33,-66.21],[50.43,-66.11],[50.53,-66.11],[50.6,-66.07],[50.72,-66.09],[50.84,-65.97],[51.59,-65.7],[51.7,-65.71],[51.8,-65.75],[51.89,-65.73],[51.99,-65.75],[52.26,-65.7],[52.46,-65.73],[52.61,-65.78],[52.67,-65.89],[52.77,-65.91],[53.03,-65.86],[53.48,-65.85],[53.7,-65.8],[53.98,-65.83],[54.21,-65.8],[54.78,-65.86],[54.87,-65.83],[54.84,-65.76],[54.7,-65.73],[54.56,-65.64],[54.29,-65.71],[54.24,-65.69],[54.25,-65.62],[54.22,-65.59],[54.13,-65.61],[54.05,-65.58],[54.04,-65.52],[54.09,-65.46],[54.21,-65.42],[54.56,-65.53],[55.2,-65.57],[55.37,-65.63],[55.4,-65.73],[55.21,-65.83],[55.32,-65.87],[55.45,-65.85],[55.57,-65.71],[56.36,-65.78],[56.5,-65.82],[56.54,-65.85],[56.54,-65.91],[56.4,-65.99],[56.0,-65.99],[55.95,-66.04],[55.94,-66.08],[55.99,-66.16],[56.25,-66.27],[56.35,-66.26],[56.53,-66.16],[56.86,-66.1],[56.94,-66.05],[56.95,-66.0],[56.79,-65.9],[56.79,-65.85],[57.13,-65.87],[57.17,-65.92],[57.69,-66.13],[58.18,-66.45],[58.41,-66.41],[58.44,-66.47],[58.28,-66.5],[57.92,-66.66],[56.9,-66.78],[56.85,-66.82],[56.83,-66.9],[57.38,-66.97],[57.84,-66.87],[58.01,-66.87],[58.08,-66.9],[58.11,-67.02],[58.59,-67.05],[58.78,-67.0],[59.12,-67.22],[59.17,-67.31],[59.33,-67.35],[59.55,-67.33],[59.57,-67.29],[59.57,-67.23],[59.45,-67.19],[59.41,-67.15],[59.54,-67.04],[59.52,-66.94],[59.38,-66.83],[59.0,-66.81],[58.87,-66.72],[58.86,-66.68],[59.09,-66.64],[60.03,-66.78],[60.2,-66.74],[60.48,-66.73],[60.65,-66.8],[61.28,-66.86],[61.37,-66.93],[61.34,-66.99],[61.06,-67.0],[60.89,-67.07],[60.65,-67.11],[60.6,-67.15],[60.61,-67.19],[60.63,-67.23],[60.73,-67.25],[60.99,-67.24],[61.23,-67.43],[61.47,-67.46],[61.81,-67.39],[62.0,-67.51],[62.75,-67.58],[62.86,-67.36],[63.02,-67.46],[63.13,-67.37],[63.32,-67.34],[63.45,-67.26],[63.41,-67.23],[63.08,-67.26],[63.03,-67.24],[63.03,-67.18],[63.2,-66.95],[63.44,-66.93],[63.63,-67.0],[64.37,-66.98],[64.64,-67.05],[65.1,-67.04],[65.16,-67.0],[65.16,-66.95],[64.98,-66.92],[64.97,-66.86],[65.19,-66.82],[65.35,-66.84],[65.43,-66.88],[66.14,-66.89],[66.19,-66.92],[66.25,-67.02],[66.46,-67.01],[66.8,-67.12],[66.77,-67.16],[66.37,-67.25],[66.08,-67.12],[66.03,-67.02],[65.95,-66.98],[65.53,-66.95],[65.38,-67.0],[65.25,-66.97],[65.23,-67.03],[65.36,-67.12],[65.5,-67.15],[65.6,-67.22],[65.83,-67.24],[65.86,-67.29],[65.78,-67.35],[65.24,-67.36],[64.83,-67.43],[64.28,-67.43],[64.11,-67.4],[64.06,-67.46],[64.54,-67.58],[65.12,-67.55],[65.26,-67.6],[65.62,-67.51],[65.79,-67.51],[65.96,-67.42],[66.07,-67.4],[67.24,-67.38],[67.38,-67.41],[67.42,-67.48],[67.37,-67.52],[66.7,-67.55],[66.45,-67.45],[66.39,-67.5],[66.75,-67.66],[67.87,-67.75],[68.03,-67.7],[68.38,-67.7],[68.45,-67.55],[68.75,-67.48],[69.87,-67.46],[69.92,-67.49],[69.85,-67.58],[69.86,-67.66],[69.94,-67.66],[70.21,-67.53],[70.35,-67.65],[70.32,-67.72],[70.08,-67.75],[70.04,-67.82],[70.25,-67.9],[70.28,-67.97],[70.06,-68.08],[69.9,-68.06],[69.84,-68.16],[69.89,-68.21],[69.96,-68.22],[70.16,-68.11],[70.36,-68.18],[70.4,-68.23],[70.4,-68.3],[70.22,-68.38],[70.15,-68.5],[70.24,-68.51],[70.29,-68.62],[70.37,-68.71],[70.68,-68.71],[70.84,-68.6],[71.08,-68.7],[71.24,-68.7],[71.27,-68.65],[71.41,-68.6],[71.61,-68.65],[71.89,-68.59],[72.7,-68.63],[72.77,-68.67],[72.78,-68.72],[73.15,-68.75],[73.49,-68.88],[73.81,-69.12],[73.9,-69.14],[74.25,-69.33],[74.27,-69.35],[74.19,-69.35],[74.28,-69.42],[74.2,-69.58],[74.22,-69.62],[74.48,-69.57],[74.77,-69.61],[74.83,-69.57],[74.81,-69.4],[74.91,-69.35],[75.11,-69.31],[75.24,-69.32],[75.32,-69.37],[75.36,-69.53],[75.43,-69.55],[75.68,-69.45],[75.81,-69.45],[75.87,-69.4],[76.47,-69.33],[76.64,-69.23],[76.83,-69.16],[77.06,-69.12],[77.19,-69.04],[77.45,-69.04],[77.57,-69.01],[77.68,-68.95],[77.79,-68.83],[77.76,-68.73],[77.64,-68.59],[77.77,-68.51],[77.81,-68.37],[77.94,-68.31],[78.04,-68.31],[78.04,-68.37],[77.83,-68.47],[77.89,-68.51],[78.1,-68.51],[78.31,-68.45],[78.46,-68.34],[78.44,-68.31],[78.19,-68.27],[78.08,-68.12],[78.13,-68.07],[78.29,-68.15],[78.44,-68.0],[78.53,-67.99],[78.58,-68.08],[78.53,-68.15],[78.58,-68.18],[79.73,-67.99],[79.95,-67.91],[80.09,-67.91],[80.24,-67.87],[81.17,-67.78],[81.25,-67.7],[81.3,-67.53],[81.44,-67.44],[81.27,-67.4],[81.26,-67.34],[81.37,-67.29],[81.47,-67.28],[81.5,-67.38],[81.56,-67.41],[81.63,-67.33],[81.61,-67.28],[81.46,-67.24],[81.44,-67.19],[81.37,-67.17],[81.32,-67.07],[81.23,-67.01],[81.29,-66.51],[81.57,-66.4],[81.95,-66.33],[82.37,-66.42],[82.61,-66.64],[82.69,-66.78],[82.7,-66.94],[82.69,-67.07],[82.59,-67.22],[82.58,-67.25],[82.62,-67.25],[83.32,-67.15],[83.48,-67.17],[83.53,-67.11],[83.58,-67.12],[83.56,-67.08],[83.8,-67.02],[84.5,-66.97],[84.47,-66.94],[84.5,-66.92],[84.12,-66.9],[84.14,-66.85],[84.08,-66.81],[83.96,-66.8],[84.0,-66.76],[83.96,-66.71],[84.08,-66.67],[84.38,-66.64],[84.55,-66.57],[84.76,-66.57],[84.95,-66.62],[85.04,-66.67],[85.08,-66.63],[85.02,-66.6],[85.09,-66.51],[86.03,-66.3],[86.44,-66.31],[86.71,-66.4],[87.34,-66.43],[87.87,-66.54],[88.21,-66.55],[88.59,-66.63],[88.74,-66.71],[89.63,-66.74],[89.65,-66.73],[89.63,-66.6],[89.7,-66.55],[89.88,-66.55],[90.1,-66.7],[90.21,-66.71],[90.37,-66.64],[90.51,-66.64],[90.68,-66.52],[90.8,-66.57],[90.85,-66.53],[90.78,-66.44],[90.77,-66.35],[91.03,-66.3],[91.11,-66.34],[91.15,-66.48],[91.23,-66.51],[91.73,-66.45],[92.24,-66.47],[92.38,-66.54],[92.58,-66.57],[92.86,-66.57],[93.03,-66.5],[94.17,-66.54],[94.97,-66.42],[94.85,-66.32],[94.89,-66.22],[95.31,-66.24],[95.56,-66.17],[95.57,-66.11],[95.5,-65.99],[95.54,-65.92],[95.49,-65.86],[95.54,-65.66],[95.49,-65.57],[95.4,-65.51],[95.55,-65.42],[95.47,-65.22],[95.56,-65.04],[95.57,-64.89],[95.65,-64.76],[95.63,-64.73],[95.51,-64.68],[95.5,-64.63],[95.6,-64.54],[95.86,-64.55],[96.02,-64.52],[96.05,-64.6],[95.93,-64.72],[95.89,-64.82],[95.89,-64.9],[96.27,-64.91],[96.37,-64.98],[96.51,-64.99],[96.52,-64.93],[96.44,-64.79],[96.46,-64.77],[96.44,-64.69],[96.3,-64.68],[96.16,-64.58],[96.18,-64.48],[96.27,-64.44],[96.52,-64.5],[96.66,-64.63],[96.88,-64.66],[96.9,-64.68],[96.84,-64.82],[96.86,-64.86],[96.94,-64.89],[97.09,-65.05],[97.78,-65.41],[97.91,-65.26],[98.07,-65.21],[98.12,-65.22],[98.17,-65.49],[98.4,-65.56],[98.26,-65.75],[98.39,-65.75],[98.43,-65.69],[98.54,-65.65],[99.15,-65.64],[99.3,-65.76],[99.49,-65.78],[99.54,-65.76],[99.58,-65.56],[99.7,-65.47],[99.73,-65.39],[99.94,-65.27],[100.04,-65.38],[100.16,-65.42],[100.49,-65.37],[100.69,-65.25],[101.06,-65.36],[101.36,-65.37],[101.6,-65.29],[101.64,-65.37],[101.46,-65.48],[101.49,-65.56],[101.58,-65.59],[102.32,-65.63],[102.7,-65.77],[102.88,-65.73],[102.89,-65.56],[103.05,-65.49],[103.06,-65.43],[102.98,-65.34],[102.7,-65.27],[102.61,-65.13],[101.96,-65.06],[101.73,-64.97],[101.66,-65.0],[101.67,-65.11],[101.62,-65.15],[101.38,-65.08],[101.17,-65.13],[100.92,-65.08],[100.88,-65.04],[101.03,-64.94],[100.98,-64.88],[100.59,-64.96],[100.34,-64.74],[100.3,-64.55],[99.99,-64.45],[99.91,-64.36],[99.92,-64.31],[99.98,-64.29],[100.35,-64.29],[100.49,-64.24],[100.7,-64.23],[100.88,-64.26],[101.41,-64.46],[101.59,-64.67],[101.69,-64.7],[101.74,-64.75],[102.32,-64.75],[102.53,-64.82],[102.78,-64.85],[102.85,-65.06],[102.94,-65.09],[103.28,-65.11],[103.46,-65.25],[103.55,-65.22],[103.59,-65.08],[103.7,-65.02],[103.95,-65.03],[104.17,-64.96],[104.43,-65.08],[104.6,-65.04],[105.05,-65.03],[105.25,-65.08],[105.39,-65.03],[105.77,-65.18],[105.89,-65.35],[106.08,-65.37],[106.08,-65.42],[106.01,-65.46],[105.56,-65.49],[105.39,-65.39],[105.2,-65.42],[104.98,-65.3],[104.73,-65.28],[104.65,-65.33],[104.74,-65.45],[104.69,-65.49],[104.41,-65.47],[104.09,-65.54],[103.71,-65.37],[103.49,-65.39],[103.5,-65.44],[103.64,-65.42],[103.78,-65.47],[103.78,-65.5],[103.83,-65.49],[103.86,-65.5],[103.82,-65.51],[103.98,-65.54],[103.97,-65.6],[104.08,-65.65],[104.08,-65.72],[104.0,-65.78],[104.05,-65.87],[103.99,-65.9],[104.96,-66.06],[105.3,-66.04],[105.99,-66.27],[108.42,-66.56],[108.61,-66.74],[108.98,-66.79],[109.28,-66.77],[109.52,-66.59],[109.78,-66.47],[110.09,-66.44],[110.24,-66.26],[110.12,-66.23],[110.11,-66.14],[109.96,-66.05],[109.94,-65.99],[110.19,-65.92],[110.17,-65.8],[110.2,-65.67],[110.33,-65.63],[110.5,-65.54],[110.57,-65.54],[110.62,-65.59],[110.53,-65.63],[110.52,-65.74],[110.69,-65.83],[110.74,-65.92],[110.82,-65.96],[111.31,-65.95],[111.56,-65.87],[111.82,-65.89],[112.29,-65.85],[112.37,-65.71],[112.59,-65.71],[112.59,-65.68],[112.46,-65.6],[112.36,-65.62],[112.31,-65.71],[112.19,-65.72],[112.13,-65.59],[111.98,-65.51],[111.99,-65.47],[112.05,-65.45],[112.25,-65.51],[112.4,-65.47],[112.59,-65.59],[112.83,-65.59],[112.95,-65.68],[113.18,-65.66],[113.59,-65.78],[113.83,-65.81],[114.03,-66.02],[114.25,-66.04],[114.37,-66.14],[114.59,-66.2],[114.62,-66.23],[114.6,-66.34],[114.66,-66.38],[114.92,-66.33],[115.06,-66.4],[115.78,-66.26],[116.31,-66.4],[116.69,-66.4],[116.77,-66.44],[116.79,-66.57],[116.84,-66.63],[117.1,-66.64],[117.27,-66.71],[117.75,-66.76],[118.23,-66.93],[118.49,-66.88],[118.57,-66.91],[118.65,-66.88],[119.22,-66.92],[119.29,-66.88],[119.41,-66.67],[119.5,-66.64],[119.77,-66.69],[120.01,-66.55],[120.07,-66.55],[120.15,-66.62],[120.28,-66.66],[120.89,-66.62],[121.06,-66.57],[121.18,-66.62],[121.39,-66.45],[121.6,-66.4],[121.82,-66.42],[122.04,-66.54],[122.34,-66.61],[122.53,-66.71],[123.14,-66.68],[123.46,-66.69],[123.75,-66.59],[123.88,-66.58],[124.04,-66.5],[124.4,-66.47],[124.57,-66.38],[124.81,-66.38],[124.97,-66.43],[125.19,-66.18],[125.77,-66.21],[125.96,-66.08],[126.03,-66.07],[126.15,-66.22],[126.41,-66.23],[126.51,-66.31],[126.85,-66.38],[127.01,-66.5],[127.23,-66.5],[127.42,-66.57],[127.57,-66.71],[127.88,-66.88],[128.14,-66.88],[128.28,-66.96],[128.48,-66.99],[128.88,-66.98],[129.26,-66.9],[129.41,-66.8],[129.44,-66.64],[129.58,-66.55],[129.7,-66.4],[129.85,-66.31],[129.99,-66.26],[130.01,-66.21],[130.32,-66.08],[130.39,-66.07],[130.57,-66.11],[130.83,-66.07],[131.02,-66.09],[131.31,-65.95],[131.48,-66.07],[131.48,-65.97],[131.52,-65.9],[131.72,-65.82],[131.74,-65.68],[131.64,-65.58],[131.74,-65.5],[132.05,-65.59],[132.21,-65.54],[132.53,-65.65],[132.53,-65.71],[132.49,-65.75],[132.23,-65.73],[132.03,-65.75],[131.89,-65.8],[131.86,-65.85],[131.88,-65.87],[132.17,-65.85],[132.18,-66.0],[132.24,-66.02],[132.65,-65.92],[132.76,-66.03],[132.89,-66.05],[133.26,-65.97],[133.42,-65.97],[133.64,-65.85],[133.78,-65.83],[133.79,-65.79],[133.88,-65.75],[134.02,-65.78],[134.02,-65.73],[133.96,-65.68],[133.68,-65.71],[133.58,-65.68],[133.56,-65.63],[133.61,-65.54],[133.78,-65.54],[133.89,-65.36],[134.02,-65.35],[134.14,-65.47],[134.24,-65.35],[134.32,-65.32],[134.53,-65.42],[134.91,-65.44],[135.19,-65.59],[135.17,-65.66],[135.01,-65.73],[134.87,-65.88],[134.72,-65.92],[134.76,-65.98],[134.85,-66.01],[135.37,-66.05],[135.5,-66.08],[135.59,-66.16],[135.76,-66.14],[135.79,-66.17],[135.95,-66.14],[135.98,-66.1],[135.89,-65.96],[135.69,-65.92],[135.61,-65.87],[135.59,-65.84],[135.65,-65.78],[135.65,-65.73],[135.45,-65.65],[135.41,-65.59],[135.44,-65.56],[136.66,-65.56],[136.72,-65.64],[136.64,-65.71],[136.64,-65.78],[136.69,-65.78],[136.7,-65.81],[136.56,-66.02],[136.57,-66.04],[136.74,-66.09],[136.76,-66.14],[136.68,-66.18],[136.3,-66.11],[136.19,-66.14],[136.22,-66.22],[136.42,-66.29],[136.77,-66.25],[137.55,-66.29],[137.91,-66.35],[138.1,-66.3],[138.15,-66.32],[138.22,-66.45],[138.42,-66.49],[139.25,-66.5],[139.5,-66.55],[139.71,-66.47],[139.89,-66.56],[140.09,-66.57],[140.23,-66.67],[140.34,-66.67],[140.55,-66.59],[140.94,-66.72],[141.01,-66.69],[140.99,-66.64],[140.77,-66.55],[140.73,-66.43],[140.95,-66.39],[141.2,-66.45],[141.34,-66.43],[141.62,-66.46],[141.99,-66.64],[142.36,-66.62],[142.42,-66.64],[142.19,-66.76],[142.21,-66.81],[142.26,-66.82],[142.71,-66.83],[142.88,-66.88],[143.02,-66.81],[143.17,-66.81],[143.27,-66.74],[143.72,-66.71],[143.91,-66.81],[144.05,-66.81],[144.14,-66.85],[144.64,-66.93],[144.7,-66.97],[144.84,-67.19],[144.84,-67.15],[145.05,-67.17],[145.01,-67.15],[145.99,-66.71],[146.23,-66.68],[146.32,-66.7],[146.19,-66.81],[146.35,-66.75],[146.45,-66.78],[146.64,-66.77],[146.59,-66.78],[146.65,-66.8],[146.53,-66.87],[146.55,-66.89],[146.36,-66.98],[146.32,-67.05],[146.16,-67.13],[146.21,-67.14],[146.16,-67.17],[146.13,-67.27],[145.81,-67.38],[145.79,-67.45],[145.95,-67.46],[146.02,-67.53],[146.34,-67.59],[146.39,-67.56],[146.32,-67.43],[146.33,-67.39],[146.37,-67.38],[147.03,-67.39],[147.18,-67.47],[147.47,-67.39],[147.68,-67.41],[147.81,-67.5],[147.82,-67.55],[147.74,-67.57],[147.52,-67.52],[147.46,-67.58],[147.56,-67.65],[147.69,-67.67],[147.77,-67.71],[147.86,-67.79],[147.87,-67.84],[147.79,-67.9],[147.52,-67.97],[147.49,-68.06],[147.54,-68.08],[147.68,-68.06],[147.93,-68.17],[148.21,-68.2],[148.3,-68.34],[148.95,-68.36],[149.17,-68.25],[149.31,-68.29],[149.57,-68.29],[149.84,-68.36],[150.51,-68.39],[150.58,-68.35],[150.63,-68.18],[150.74,-68.14],[150.89,-68.15],[151.09,-68.21],[151.21,-68.42],[151.19,-68.61],[151.4,-68.63],[151.59,-68.51],[151.85,-68.5],[152.0,-68.41],[151.95,-68.38],[152.67,-68.34]],[[146.67,-66.47],[146.55,-66.52],[146.52,-66.44],[146.7,-66.4],[146.71,-66.43],[146.67,-66.47]],[[148.38,-66.45],[148.31,-66.39],[148.29,-66.31],[148.3,-66.24],[148.37,-66.19],[148.44,-66.24],[148.47,-66.34],[148.44,-66.43],[148.38,-66.45]],[[146.92,-66.21],[146.91,-66.35],[146.82,-66.36],[146.71,-66.31],[146.6,-66.21],[146.6,-66.04],[146.67,-66.02],[146.77,-66.11],[146.93,-66.1],[146.96,-66.16],[146.92,-66.21]],[[140.09,-66.31],[139.87,-66.22],[139.73,-65.97],[139.73,-65.92],[139.82,-65.9],[140.09,-66.04],[140.29,-66.07],[140.3,-66.18],[140.35,-66.21],[140.44,-66.2],[140.43,-66.09],[140.63,-65.98],[140.61,-66.15],[140.54,-66.29],[140.09,-66.31]],[[137.79,-66.06],[137.86,-66.1],[137.86,-66.14],[137.52,-66.12],[137.44,-66.05],[137.49,-65.99],[137.79,-66.06]],[[140.86,-65.95],[141.07,-65.87],[141.13,-65.91],[141.04,-65.99],[140.81,-66.04],[140.86,-65.95]],[[140.37,-65.87],[140.03,-65.85],[140.02,-65.8],[139.96,-65.74],[139.95,-65.68],[140.09,-65.62],[140.17,-65.73],[140.41,-65.75],[140.43,-65.82],[140.37,-65.87]],[[141.59,-66.02],[141.56,-65.98],[141.59,-65.94],[141.71,-65.91],[141.78,-65.92],[141.77,-65.97],[141.59,-66.02]],[[143.91,-65.96],[143.89,-65.95],[144.19,-65.93],[144.39,-65.97],[144.38,-66.01],[144.28,-66.03],[143.91,-65.96]],[[145.06,-66.02],[145.13,-65.99],[145.18,-66.01],[145.21,-66.07],[145.19,-66.13],[145.14,-66.16],[145.07,-66.13],[145.04,-66.08],[145.06,-66.02]],[[138.95,-65.45],[138.99,-65.51],[138.93,-65.55],[138.63,-65.48],[138.6,-65.45],[138.65,-65.39],[138.95,-65.45]],[[137.3,-65.46],[137.26,-65.5],[137.11,-65.44],[136.7,-65.43],[136.61,-65.36],[136.69,-65.29],[136.85,-65.35],[137.12,-65.31],[137.26,-65.36],[137.3,-65.46]],[[116.21,-65.63],[116.26,-65.61],[116.25,-65.57],[116.11,-65.56],[115.9,-65.39],[115.73,-65.47],[115.09,-65.49],[114.92,-65.56],[114.63,-65.54],[114.51,-65.49],[114.21,-65.47],[114.17,-65.39],[114.27,-65.35],[114.55,-65.37],[115.66,-65.25],[115.76,-65.25],[116.0,-65.32],[116.3,-65.18],[116.52,-65.2],[116.82,-65.16],[116.9,-65.19],[116.91,-65.26],[116.6,-65.55],[116.34,-65.57],[116.29,-65.6],[116.25,-65.7],[116.18,-65.7],[116.21,-65.63]],[[129.18,-65.59],[129.29,-65.51],[129.44,-65.5],[129.53,-65.56],[129.41,-65.59],[129.42,-65.63],[129.6,-65.68],[129.63,-65.72],[129.53,-65.8],[129.34,-65.8],[129.19,-65.71],[129.16,-65.65],[129.18,-65.59]],[[126.78,-65.62],[126.85,-65.66],[126.87,-65.79],[126.85,-65.85],[126.77,-65.87],[126.38,-65.87],[126.09,-65.82],[125.98,-65.76],[126.0,-65.72],[126.37,-65.71],[126.51,-65.61],[126.78,-65.62]],[[124.54,-65.8],[124.6,-65.85],[124.57,-65.92],[124.49,-65.92],[124.42,-65.87],[124.45,-65.8],[124.54,-65.8]],[[125.1,-65.91],[125.45,-65.91],[125.57,-65.95],[125.63,-66.0],[125.6,-66.03],[125.45,-66.04],[125.13,-65.96],[125.1,-65.91]],[[124.34,-65.94],[124.37,-66.02],[124.34,-66.17],[123.99,-66.11],[123.85,-66.16],[123.72,-66.15],[123.68,-66.11],[123.75,-66.07],[123.67,-66.03],[123.53,-66.23],[123.41,-66.24],[123.34,-66.17],[123.35,-66.14],[123.46,-66.11],[123.5,-65.99],[123.76,-65.94],[123.93,-66.03],[124.12,-66.01],[124.34,-65.94]],[[120.04,-65.97],[120.04,-66.07],[119.92,-66.15],[119.72,-66.14],[119.59,-66.03],[119.64,-65.98],[119.85,-65.99],[119.85,-65.93],[119.7,-65.9],[119.67,-65.85],[119.77,-65.83],[119.93,-65.85],[119.95,-65.97],[120.04,-65.97]],[[123.87,-65.72],[123.97,-65.71],[123.97,-65.68],[124.21,-65.75],[124.15,-65.82],[124.03,-65.84],[123.91,-65.81],[123.87,-65.72]],[[115.59,-65.66],[115.58,-65.72],[115.5,-65.77],[115.36,-65.75],[115.31,-65.7],[115.35,-65.63],[115.5,-65.58],[115.56,-65.6],[115.59,-65.66]],[[124.83,-65.77],[124.61,-65.68],[124.58,-65.63],[124.59,-65.59],[124.82,-65.56],[124.98,-65.63],[125.23,-65.61],[125.29,-65.63],[125.24,-65.69],[124.98,-65.78],[124.83,-65.77]],[[125.55,-65.45],[125.51,-65.4],[125.6,-65.35],[125.74,-65.32],[125.81,-65.35],[125.74,-65.45],[125.55,-65.45]],[[137.75,-65.45],[137.65,-65.42],[137.65,-65.37],[137.69,-65.35],[137.94,-65.42],[137.91,-65.45],[137.75,-65.45]],[[132.75,-65.01],[132.82,-65.06],[132.76,-65.13],[132.61,-65.13],[132.48,-65.07],[132.52,-65.01],[132.75,-65.01]],[[131.29,-65.13],[130.12,-65.09],[130.11,-65.06],[130.21,-65.02],[130.72,-65.01],[130.93,-64.92],[132.03,-64.91],[132.22,-64.86],[132.28,-64.91],[132.23,-65.0],[132.15,-65.05],[131.81,-65.11],[131.6,-65.08],[131.29,-65.13]],[[132.49,-64.86],[132.66,-64.84],[132.75,-64.86],[132.77,-64.91],[132.73,-64.94],[132.59,-64.93],[132.49,-64.89],[132.49,-64.86]],[[133.27,-64.93],[133.21,-64.89],[133.25,-64.83],[133.71,-64.78],[133.78,-64.82],[133.77,-64.86],[133.67,-64.9],[133.46,-64.94],[133.27,-64.93]],[[134.14,-64.87],[134.29,-64.84],[134.35,-64.88],[134.36,-64.92],[134.31,-64.98],[134.22,-64.99],[134.14,-64.93],[134.12,-64.87],[134.14,-64.87]],[[98.33,-64.23],[98.51,-64.34],[98.53,-64.41],[98.5,-64.47],[98.36,-64.49],[98.23,-64.43],[98.16,-64.37],[98.16,-64.27],[98.24,-64.22],[98.33,-64.23]],[[97.75,-64.3],[97.85,-64.41],[98.0,-64.45],[97.97,-64.52],[97.88,-64.59],[97.66,-64.55],[97.25,-64.63],[97.11,-64.59],[97.05,-64.55],[97.17,-64.5],[97.37,-64.55],[97.66,-64.44],[97.64,-64.33],[97.75,-64.3]],[[99.03,-54.79],[99.11,-54.87],[99.11,-54.91],[99.06,-54.94],[98.93,-54.85],[98.97,-54.8],[99.03,-54.79]],[[49.71,-54.42],[49.79,-54.46],[49.76,-54.52],[49.66,-54.52],[49.58,-54.46],[49.61,-54.42],[49.71,-54.42]],[[44.45,-53.54],[44.3,-53.53],[44.26,-53.49],[44.26,-53.44],[44.43,-53.37],[44.54,-53.38],[44.57,-53.48],[44.45,-53.54]],[[46.81,-53.38],[46.82,-53.31],[46.94,-53.28],[47.04,-53.31],[47.08,-53.38],[47.04,-53.45],[46.96,-53.47],[46.81,-53.38]],[[73.25,-53.11],[73.35,-53.13],[73.32,-53.05],[73.14,-53.05],[73.11,-53.0],[73.2,-52.95],[73.23,-52.85],[73.42,-52.89],[73.57,-52.77],[73.72,-52.76],[73.77,-52.78],[73.81,-52.94],[73.96,-52.94],[74.07,-53.14],[74.02,-53.18],[73.84,-53.04],[73.81,-53.09],[73.86,-53.09],[73.87,-53.12],[73.75,-53.22],[73.61,-53.27],[73.55,-53.25],[73.32,-53.29],[73.22,-53.28],[73.17,-53.22],[73.18,-53.15],[73.25,-53.11]],[[45.25,-53.06],[45.23,-53.1],[45.17,-53.12],[45.05,-53.09],[45.08,-53.03],[45.16,-52.99],[45.22,-53.0],[45.25,-53.06]],[[44.39,-52.9],[44.3,-52.96],[44.21,-52.98],[44.13,-52.95],[44.09,-52.87],[44.13,-52.82],[44.26,-52.75],[44.35,-52.61],[44.55,-52.61],[44.57,-52.65],[44.53,-52.74],[44.43,-52.77],[44.39,-52.9]],[[43.68,-52.81],[43.84,-52.89],[43.84,-52.95],[43.73,-52.97],[43.61,-52.91],[43.59,-52.86],[43.61,-52.79],[43.68,-52.81]],[[74.13,-52.62],[74.04,-52.52],[74.0,-52.4],[74.01,-52.35],[74.1,-52.3],[74.33,-52.46],[74.31,-52.52],[74.18,-52.57],[74.13,-52.62]],[[71.98,-52.33],[72.08,-52.36],[72.13,-52.41],[71.98,-52.52],[71.89,-52.55],[71.69,-52.51],[71.68,-52.43],[71.79,-52.34],[71.98,-52.33]],[[41.67,-52.34],[41.66,-52.39],[41.59,-52.43],[41.48,-52.45],[41.43,-52.42],[41.47,-52.35],[41.63,-52.31],[41.67,-52.34]],[[41.19,-52.31],[41.07,-52.34],[40.88,-52.27],[40.94,-52.22],[41.08,-52.2],[41.17,-52.24],[41.19,-52.31]],[[74.6,-52.58],[74.69,-52.57],[74.7,-52.66],[74.53,-52.75],[74.38,-52.72],[74.36,-52.91],[74.07,-52.89],[74.09,-52.79],[74.14,-52.73],[74.31,-52.72],[74.6,-52.58]],[[45.67,-53.41],[45.72,-53.44],[45.72,-53.51],[45.66,-53.53],[45.59,-53.51],[45.57,-53.45],[45.67,-53.41]],[[71.41,-51.93],[71.48,-51.98],[71.46,-52.06],[71.36,-52.1],[71.25,-52.07],[71.28,-51.97],[71.41,-51.93]],[[76.33,-51.78],[76.32,-51.85],[76.25,-51.85],[76.17,-51.77],[76.02,-51.72],[75.81,-51.55],[75.78,-51.5],[75.79,-51.41],[75.74,-51.33],[75.75,-51.28],[75.97,-51.33],[76.11,-51.57],[76.3,-51.64],[76.63,-51.66],[76.72,-51.73],[76.7,-51.76],[76.4,-51.74],[76.33,-51.78]],[[71.04,-51.38],[71.0,-51.44],[70.94,-51.46],[70.66,-51.35],[70.43,-51.33],[70.33,-51.18],[70.26,-51.0],[70.35,-50.95],[70.44,-51.03],[70.9,-51.24],[71.04,-51.38]],[[71.81,-51.36],[71.69,-51.3],[71.62,-51.22],[71.63,-51.15],[71.69,-51.06],[71.93,-51.12],[72.04,-51.23],[72.03,-51.31],[71.98,-51.36],[71.81,-51.36]],[[75.28,-50.64],[75.33,-50.69],[75.31,-50.77],[75.25,-50.78],[75.18,-50.75],[75.16,-50.71],[75.18,-50.67],[75.28,-50.64]],[[69.72,-50.36],[69.76,-50.39],[69.75,-50.46],[69.68,-50.49],[69.6,-50.46],[69.61,-50.4],[69.72,-50.36]],[[68.77,-50.37],[68.66,-50.37],[68.63,-50.29],[68.68,-50.24],[68.76,-50.25],[68.79,-50.3],[68.77,-50.37]],[[68.79,-47.59],[68.89,-47.54],[68.91,-47.71],[68.98,-47.83],[69.11,-47.78],[69.56,-47.75],[69.82,-47.96],[70.22,-48.1],[70.36,-48.25],[70.52,-48.18],[70.66,-48.31],[70.74,-48.25],[70.74,-48.09],[70.77,-48.03],[70.73,-47.96],[70.49,-47.92],[70.38,-48.04],[70.32,-48.05],[70.27,-48.02],[70.3,-47.95],[70.24,-47.85],[70.25,-47.81],[70.53,-47.8],[70.59,-47.71],[70.71,-47.68],[70.83,-47.49],[70.85,-47.34],[70.88,-47.3],[71.02,-47.31],[71.18,-47.41],[71.19,-47.47],[71.09,-47.59],[71.19,-47.68],[71.09,-47.9],[71.1,-47.98],[71.18,-47.98],[71.36,-47.78],[71.51,-47.81],[71.55,-47.91],[71.45,-48.02],[71.03,-48.22],[70.97,-48.33],[70.95,-48.47],[70.81,-48.57],[70.81,-48.88],[70.85,-48.99],[70.91,-49.07],[70.85,-49.31],[70.91,-49.35],[71.08,-49.33],[71.12,-49.37],[70.97,-49.53],[71.05,-49.64],[71.05,-49.7],[71.0,-49.72],[70.84,-49.68],[70.73,-49.84],[70.69,-49.84],[70.69,-49.89],[70.62,-49.9],[70.48,-49.85],[70.2,-49.99],[70.13,-50.11],[69.85,-50.15],[69.64,-50.09],[69.47,-50.2],[69.39,-50.15],[69.36,-50.07],[69.32,-50.05],[69.03,-50.07],[68.73,-50.15],[68.6,-50.01],[68.4,-50.05],[68.21,-49.96],[68.19,-50.06],[67.93,-49.94],[67.97,-49.89],[68.14,-49.85],[68.12,-49.8],[67.97,-49.77],[67.98,-49.73],[68.05,-49.65],[68.17,-49.6],[68.14,-49.53],[68.19,-49.43],[68.18,-49.32],[68.29,-49.26],[68.29,-49.22],[68.14,-49.05],[67.96,-49.07],[67.85,-49.0],[67.76,-49.09],[67.71,-49.07],[67.73,-48.97],[67.51,-48.84],[67.47,-48.88],[67.61,-49.03],[67.57,-49.17],[67.67,-49.26],[67.66,-49.38],[67.71,-49.42],[67.87,-49.39],[67.9,-49.41],[67.89,-49.45],[67.76,-49.5],[67.74,-49.55],[67.85,-49.6],[67.94,-49.69],[67.81,-49.7],[67.64,-49.64],[67.47,-49.63],[67.32,-49.37],[67.51,-49.36],[67.53,-49.32],[67.52,-49.26],[67.21,-49.17],[67.21,-49.05],[67.15,-48.89],[66.99,-48.69],[67.05,-48.68],[67.18,-48.72],[67.28,-48.59],[67.37,-48.55],[67.4,-48.45],[67.49,-48.35],[67.6,-48.28],[67.64,-48.3],[67.65,-48.37],[67.57,-48.5],[67.57,-48.57],[67.75,-48.86],[67.95,-48.86],[68.03,-48.74],[68.09,-48.71],[68.12,-48.81],[68.29,-48.76],[68.4,-48.81],[68.48,-48.74],[68.44,-48.7],[68.4,-48.58],[68.33,-48.58],[68.25,-48.7],[68.21,-48.69],[68.18,-48.64],[68.19,-48.55],[68.31,-48.39],[68.32,-48.23],[68.47,-48.16],[68.68,-48.23],[68.78,-48.23],[68.95,-48.19],[69.01,-48.14],[68.92,-47.93],[68.76,-47.91],[68.76,-47.81],[68.65,-47.78],[68.66,-47.72],[68.74,-47.68],[68.79,-47.59]],[[68.2,-47.58],[68.07,-47.57],[67.86,-47.69],[67.82,-47.65],[68.02,-47.44],[68.05,-47.37],[68.03,-47.3],[68.05,-47.27],[68.2,-47.25],[68.33,-47.27],[68.46,-47.18],[68.59,-47.17],[68.6,-47.21],[68.53,-47.27],[68.48,-47.39],[68.34,-47.43],[68.2,-47.58]],[[67.0,-47.33],[67.06,-47.41],[67.04,-47.47],[66.97,-47.5],[66.78,-47.44],[66.7,-47.32],[66.73,-47.25],[67.0,-47.33]],[[67.13,-47.31],[67.1,-47.27],[67.13,-47.2],[67.21,-47.14],[67.3,-47.14],[67.26,-47.26],[67.2,-47.31],[67.13,-47.31]],[[69.56,-47.35],[69.58,-47.22],[69.66,-47.18],[69.74,-47.17],[69.97,-47.27],[70.03,-47.4],[69.95,-47.48],[69.85,-47.37],[69.78,-47.39],[69.75,-47.56],[69.59,-47.72],[69.55,-47.7],[69.54,-47.65],[69.63,-47.49],[69.56,-47.35]],[[69.5,-47.39],[69.53,-47.42],[69.51,-47.47],[69.38,-47.54],[69.4,-47.41],[69.5,-47.39]],[[74.23,-50.01],[74.2,-49.96],[74.24,-49.93],[74.34,-49.95],[74.39,-50.0],[74.35,-50.05],[74.23,-50.01]],[[65.16,-50.05],[64.79,-49.98],[64.71,-49.94],[64.7,-49.86],[64.81,-49.79],[65.14,-49.79],[65.29,-49.88],[65.34,-49.96],[65.29,-50.03],[65.16,-50.05]],[[65.96,-50.04],[65.89,-50.0],[65.93,-49.94],[66.08,-49.89],[66.14,-49.91],[66.13,-50.01],[65.96,-50.04]],[[67.83,-48.28],[67.83,-48.24],[67.87,-48.22],[67.94,-48.31],[68.15,-48.29],[68.15,-48.44],[68.09,-48.46],[67.95,-48.38],[67.81,-48.46],[67.72,-48.48],[67.69,-48.43],[67.85,-48.33],[67.83,-48.28]],[[68.14,-48.23],[68.07,-48.19],[68.06,-48.14],[68.18,-48.08],[68.21,-48.17],[68.19,-48.22],[68.14,-48.23]],[[37.84,-46.82],[37.93,-46.9],[37.83,-47.0],[37.63,-47.0],[37.55,-46.93],[37.55,-46.89],[37.66,-46.8],[37.84,-46.82]],[[37.97,-46.82],[37.89,-46.68],[37.84,-46.65],[37.85,-46.59],[37.96,-46.57],[38.11,-46.66],[38.07,-46.77],[37.97,-46.82]],[[39.64,-46.62],[39.54,-46.55],[39.53,-46.47],[39.7,-46.38],[39.8,-46.39],[39.94,-46.52],[39.84,-46.61],[39.64,-46.62]],[[42.7,-46.61],[42.72,-46.45],[42.46,-46.21],[42.46,-46.17],[42.68,-46.16],[42.83,-46.19],[42.91,-46.24],[42.92,-46.32],[42.8,-46.43],[42.77,-46.63],[42.72,-46.65],[42.7,-46.61]],[[42.02,-46.17],[42.1,-46.23],[42.09,-46.31],[41.96,-46.32],[41.88,-46.27],[41.91,-46.19],[42.02,-46.17]],[[49.55,-46.59],[49.31,-46.49],[49.22,-46.38],[49.21,-46.32],[49.37,-46.14],[49.38,-45.99],[49.72,-45.97],[49.89,-46.13],[49.88,-46.3],[49.72,-46.59],[49.55,-46.59]],[[49.95,-46.0],[49.88,-45.93],[49.78,-45.89],[49.9,-45.8],[49.82,-45.71],[49.81,-45.63],[49.97,-45.52],[50.17,-45.48],[50.21,-45.5],[50.29,-45.66],[50.06,-45.77],[50.02,-45.82],[50.03,-45.85],[50.27,-45.9],[50.36,-45.89],[50.43,-45.85],[50.51,-45.69],[50.71,-45.56],[50.79,-45.55],[50.88,-45.59],[50.95,-45.67],[50.97,-45.79],[50.91,-45.89],[50.98,-45.97],[51.01,-46.08],[50.95,-46.14],[50.75,-46.1],[50.67,-46.12],[50.53,-46.1],[50.37,-46.14],[50.34,-46.21],[50.41,-46.27],[50.49,-46.5],[50.3,-46.58],[50.25,-46.53],[50.21,-46.34],[50.28,-46.21],[50.14,-46.17],[50.07,-46.0],[49.95,-46.0]],[[51.72,-46.48],[51.63,-46.38],[51.72,-46.3],[51.78,-46.31],[51.9,-46.4],[51.86,-46.5],[51.72,-46.48]],[[52.24,-46.34],[52.3,-46.35],[52.34,-46.42],[52.33,-46.51],[52.28,-46.55],[52.16,-46.51],[52.1,-46.43],[52.12,-46.39],[52.24,-46.34]],[[51.53,-46.65],[51.73,-46.63],[51.86,-46.71],[51.87,-46.75],[51.82,-46.77],[51.25,-46.79],[51.2,-46.76],[51.2,-46.71],[51.24,-46.67],[51.53,-46.65]],[[52.74,-46.73],[52.66,-46.7],[52.66,-46.65],[52.81,-46.65],[52.88,-46.69],[52.86,-46.73],[52.74,-46.73]],[[77.57,-38.71],[77.55,-38.77],[77.48,-38.72],[77.52,-38.67],[77.57,-38.71]],[[77.56,-37.8],[77.61,-37.88],[77.53,-37.93],[77.46,-37.85],[77.49,-37.8],[77.56,-37.8]],[[46.25,-25.64],[46.15,-25.7],[45.7,-26.2],[45.34,-26.3],[45.27,-26.23],[45.19,-26.07],[45.14,-26.05],[44.98,-26.19],[44.91,-26.18],[44.24,-25.51],[44.17,-25.33],[43.97,-25.07],[43.9,-24.83],[43.9,-24.66],[43.54,-24.35],[43.62,-24.1],[43.61,-23.93],[43.52,-23.64],[43.57,-23.56],[43.66,-23.51],[43.59,-23.32],[43.42,-23.08],[43.37,-22.94],[43.29,-22.85],[43.11,-22.37],[43.16,-21.79],[43.26,-21.42],[43.59,-21.14],[43.97,-20.25],[43.98,-20.15],[43.88,-19.7],[43.93,-19.48],[43.88,-19.27],[43.92,-18.93],[43.88,-18.69],[43.71,-18.55],[43.69,-18.45],[43.57,-18.26],[43.35,-18.04],[43.37,-17.92],[43.21,-17.56],[43.21,-17.37],[43.16,-17.23],[43.21,-17.03],[43.21,-16.79],[43.59,-16.43],[43.66,-16.19],[43.73,-16.15],[43.76,-16.07],[44.21,-15.72],[44.62,-15.6],[44.86,-15.59],[45.19,-15.68],[45.58,-15.64],[45.68,-15.57],[45.87,-15.52],[46.1,-15.34],[46.41,-15.31],[46.66,-15.07],[46.78,-14.9],[47.07,-14.8],[47.19,-14.65],[47.29,-14.61],[47.33,-14.5],[47.43,-14.42],[47.45,-14.23],[47.64,-14.09],[47.65,-13.77],[47.96,-13.38],[48.01,-13.21],[48.1,-13.12],[48.1,-12.95],[48.15,-12.93],[48.5,-12.21],[48.63,-12.14],[48.8,-12.16],[49.01,-12.08],[49.2,-11.96],[49.24,-11.88],[49.29,-11.87],[49.4,-12.01],[49.45,-12.16],[49.49,-12.18],[49.64,-12.38],[49.67,-12.63],[49.73,-12.66],[49.96,-12.68],[49.99,-12.72],[49.98,-13.21],[50.07,-13.37],[50.1,-13.59],[50.24,-14.06],[50.21,-14.23],[50.24,-14.29],[50.24,-14.46],[50.31,-14.59],[50.36,-14.9],[50.6,-15.14],[50.64,-15.45],[50.39,-16.1],[50.36,-16.27],[50.38,-16.41],[50.33,-16.55],[50.33,-16.75],[50.09,-17.25],[49.88,-17.42],[49.73,-17.83],[49.66,-17.92],[49.54,-18.35],[49.21,-19.15],[49.13,-19.24],[49.12,-19.38],[48.8,-20.27],[48.7,-20.37],[48.58,-20.8],[48.58,-21.04],[48.44,-21.26],[48.46,-21.48],[48.37,-21.65],[48.31,-22.09],[48.12,-22.37],[48.07,-22.54],[48.01,-22.64],[47.92,-23.2],[47.74,-23.57],[47.67,-24.03],[47.6,-24.13],[47.62,-24.26],[47.58,-24.34],[47.58,-24.51],[47.48,-24.87],[47.27,-25.28],[47.15,-25.4],[46.68,-25.58],[46.25,-25.64]],[[40.39,-22.29],[40.41,-22.36],[40.37,-22.39],[40.32,-22.39],[40.31,-22.3],[40.39,-22.29]],[[39.74,-21.4],[39.79,-21.44],[39.78,-21.48],[39.71,-21.55],[39.63,-21.57],[39.61,-21.45],[39.74,-21.4]],[[42.75,-17.13],[42.65,-17.07],[42.61,-16.99],[42.62,-16.95],[42.74,-16.93],[42.83,-17.0],[42.82,-17.08],[42.75,-17.13]],[[45.25,-13.0],[45.18,-13.06],[45.08,-13.08],[44.97,-13.01],[44.95,-12.9],[44.98,-12.73],[44.95,-12.58],[44.98,-12.53],[45.06,-12.52],[45.32,-12.73],[45.33,-12.84],[45.25,-13.0]],[[47.61,-12.98],[47.55,-12.88],[47.65,-12.72],[47.6,-12.47],[47.69,-12.32],[47.72,-12.14],[47.85,-11.98],[47.95,-11.94],[48.02,-12.14],[48.32,-12.33],[48.35,-12.41],[48.29,-12.45],[48.16,-12.35],[48.08,-12.38],[47.98,-12.5],[47.98,-12.67],[47.79,-12.84],[47.77,-12.9],[47.61,-12.98]],[[43.87,-12.46],[43.67,-12.51],[43.56,-12.47],[43.54,-12.37],[43.62,-12.21],[43.81,-12.21],[43.89,-12.27],[43.95,-12.35],[43.87,-12.46]],[[41.47,-12.22],[41.45,-12.28],[41.38,-12.27],[41.33,-12.21],[41.34,-12.16],[41.42,-12.12],[41.47,-12.22]],[[44.38,-12.11],[44.39,-12.06],[44.45,-12.04],[44.51,-12.08],[44.56,-12.23],[44.56,-12.36],[44.53,-12.41],[44.16,-12.17],[44.2,-12.13],[44.27,-12.15],[44.38,-12.11]],[[46.49,-12.24],[46.62,-12.29],[46.64,-12.35],[46.62,-12.41],[46.16,-12.45],[46.13,-12.43],[46.14,-12.32],[46.19,-12.26],[46.25,-12.25],[46.35,-12.33],[46.49,-12.24]],[[43.52,-11.95],[43.48,-11.97],[43.38,-11.94],[43.25,-11.85],[43.19,-11.77],[43.22,-11.43],[43.26,-11.35],[43.37,-11.33],[43.45,-11.39],[43.52,-11.95]],[[60.57,-11.3],[60.24,-10.91],[60.0,-10.42],[60.27,-10.58],[60.46,-10.6],[60.53,-10.66],[60.58,-10.75],[60.66,-10.73],[60.66,-10.66],[60.52,-10.35],[60.37,-10.22],[60.4,-10.07],[60.35,-10.04],[60.3,-10.06],[60.23,-10.19],[60.1,-10.18],[60.04,-10.31],[59.94,-10.26],[59.83,-10.16],[59.76,-9.94],[59.64,-9.78],[59.58,-9.58],[59.6,-9.54],[59.67,-9.53],[59.75,-9.65],[59.85,-9.7],[59.91,-9.81],[60.08,-9.86],[60.25,-9.86],[60.43,-10.01],[60.55,-9.99],[60.66,-9.87],[61.03,-9.69],[61.07,-9.61],[61.2,-9.59],[61.29,-9.62],[61.58,-9.84],[61.67,-9.82],[61.76,-9.7],[61.8,-9.69],[62.02,-9.81],[62.12,-9.95],[62.29,-10.0],[62.26,-10.27],[62.31,-10.74],[62.26,-10.9],[62.24,-11.27],[62.33,-11.42],[62.24,-11.58],[62.05,-11.73],[62.0,-11.93],[61.95,-11.94],[61.9,-11.8],[61.85,-11.77],[61.76,-11.9],[61.64,-11.95],[61.62,-11.89],[61.69,-11.73],[61.56,-11.72],[61.59,-11.66],[61.79,-11.63],[61.86,-11.56],[61.95,-11.54],[62.06,-11.4],[62.06,-11.33],[61.91,-11.41],[61.7,-11.61],[61.62,-11.56],[61.47,-11.55],[61.45,-11.42],[61.29,-11.59],[61.27,-11.52],[61.35,-11.42],[61.35,-11.27],[61.39,-11.18],[61.37,-11.15],[61.08,-11.68],[60.96,-11.61],[60.91,-11.71],[60.86,-11.73],[60.78,-11.68],[60.57,-11.3]],[[49.97,-11.05],[50.01,-11.15],[49.96,-11.22],[49.9,-11.19],[49.88,-11.13],[49.91,-11.07],[49.97,-11.05]],[[56.7,-10.44],[56.69,-10.51],[56.59,-10.5],[56.49,-10.39],[56.46,-10.31],[56.49,-10.27],[56.54,-10.27],[56.7,-10.44]],[[50.69,-10.32],[50.65,-10.39],[50.57,-10.36],[50.55,-10.27],[50.6,-10.17],[50.66,-10.19],[50.69,-10.32]],[[51.08,-10.29],[51.0,-10.22],[50.99,-10.1],[51.21,-10.06],[51.23,-10.1],[51.21,-10.18],[51.15,-10.27],[51.08,-10.29]],[[50.81,-10.1],[50.76,-10.1],[50.68,-10.05],[50.68,-10.01],[50.74,-9.95],[50.84,-10.01],[50.81,-10.1]],[[51.27,-9.88],[51.16,-9.83],[51.15,-9.79],[51.23,-9.7],[51.33,-9.68],[51.34,-9.73],[51.27,-9.88]],[[51.11,-9.75],[51.07,-9.83],[51.0,-9.81],[50.93,-9.57],[51.0,-9.2],[51.06,-9.15],[51.2,-9.32],[51.1,-9.59],[51.11,-9.75]],[[47.68,-9.69],[47.68,-9.75],[47.62,-9.78],[47.53,-9.77],[47.47,-9.72],[47.58,-9.64],[47.68,-9.69]],[[46.52,-9.69],[46.54,-9.74],[46.47,-9.78],[46.46,-9.71],[46.52,-9.69]],[[46.39,-9.46],[46.38,-9.51],[46.24,-9.5],[46.14,-9.38],[46.32,-9.3],[46.45,-9.31],[46.56,-9.36],[46.52,-9.44],[46.39,-9.46]],[[60.17,-9.5],[60.12,-9.38],[59.98,-9.3],[60.01,-9.17],[59.91,-8.75],[59.96,-8.68],[60.2,-8.71],[60.39,-8.92],[60.45,-9.06],[60.47,-9.25],[60.43,-9.42],[60.24,-9.57],[60.19,-9.56],[60.17,-9.5]],[[47.12,-8.71],[47.01,-9.04],[46.91,-8.87],[46.88,-8.65],[46.94,-8.6],[47.0,-8.6],[47.08,-8.64],[47.12,-8.71]],[[60.11,-8.6],[60.02,-8.55],[59.99,-8.43],[60.04,-8.34],[60.15,-8.29],[60.2,-8.32],[60.29,-8.54],[60.24,-8.58],[60.11,-8.6]],[[47.42,-11.44],[47.46,-11.48],[47.44,-11.54],[47.32,-11.6],[47.26,-11.58],[47.26,-11.51],[47.42,-11.44]],[[60.52,-13.26],[60.61,-13.15],[60.68,-13.17],[60.71,-13.26],[60.66,-13.37],[60.73,-13.43],[60.71,-13.48],[60.61,-13.55],[60.64,-13.6],[60.79,-13.63],[60.77,-13.81],[60.82,-13.81],[60.97,-13.55],[61.1,-13.66],[61.19,-13.81],[61.19,-14.52],[61.13,-14.73],[61.23,-15.09],[61.16,-15.19],[60.99,-15.14],[60.84,-15.17],[60.82,-15.07],[60.86,-14.98],[61.03,-14.94],[61.04,-14.9],[60.96,-14.84],[60.8,-14.86],[60.73,-14.95],[60.73,-15.14],[60.68,-15.26],[60.79,-15.37],[60.78,-15.47],[60.59,-15.59],[60.39,-15.59],[60.08,-15.4],[59.97,-15.19],[59.94,-15.03],[60.03,-14.77],[60.05,-14.3],[60.35,-13.81],[60.52,-13.26]],[[60.36,-15.82],[60.52,-15.77],[60.56,-15.81],[60.47,-15.9],[60.25,-16.0],[60.25,-15.92],[60.36,-15.82]],[[59.97,-15.84],[60.12,-15.93],[60.15,-16.08],[60.06,-16.27],[59.93,-16.43],[59.91,-16.65],[59.84,-16.79],[59.72,-16.84],[59.65,-16.91],[59.38,-16.95],[59.25,-16.85],[59.19,-16.75],[59.26,-16.34],[59.26,-16.12],[59.56,-15.84],[59.63,-15.86],[59.67,-15.98],[59.75,-15.95],[59.86,-15.84],[59.97,-15.84]],[[60.03,-16.71],[60.0,-16.69],[60.03,-16.61],[60.11,-16.47],[60.21,-16.46],[60.22,-16.53],[60.15,-16.65],[60.03,-16.71]],[[59.11,-17.14],[59.1,-17.07],[59.12,-17.02],[59.22,-16.97],[59.29,-16.97],[59.41,-17.08],[59.41,-17.25],[59.26,-17.37],[59.11,-17.14]],[[58.73,-17.18],[58.78,-17.23],[58.77,-17.32],[58.67,-17.34],[58.57,-17.29],[58.61,-17.22],[58.73,-17.18]],[[59.33,-17.56],[59.4,-17.53],[59.43,-17.59],[59.33,-17.71],[59.3,-17.81],[59.22,-17.82],[59.21,-17.72],[59.33,-17.56]],[[58.62,-18.69],[58.57,-18.63],[58.61,-18.52],[58.66,-18.49],[58.81,-18.48],[58.9,-18.55],[58.89,-18.66],[58.62,-18.69]],[[62.17,-19.7],[61.7,-19.52],[61.63,-19.42],[61.69,-19.39],[61.83,-19.42],[62.05,-19.53],[62.07,-19.58],[62.31,-19.66],[62.28,-19.71],[62.17,-19.7]],[[63.17,-19.65],[63.53,-19.6],[63.61,-19.64],[63.63,-19.73],[63.59,-19.79],[63.48,-19.85],[63.19,-19.88],[63.08,-19.81],[63.17,-19.65]],[[57.81,-19.8],[57.86,-19.87],[57.79,-20.03],[57.87,-20.29],[57.8,-20.43],[57.66,-20.53],[57.49,-20.57],[57.26,-20.53],[57.24,-20.42],[57.49,-20.02],[57.64,-19.84],[57.81,-19.8]],[[55.26,-20.94],[55.27,-20.89],[55.41,-20.83],[55.68,-20.88],[55.77,-21.04],[55.88,-21.13],[55.84,-21.36],[55.75,-21.39],[55.58,-21.4],[55.33,-21.3],[55.18,-21.14],[55.16,-21.08],[55.19,-20.99],[55.26,-20.94]],[[56.87,-7.13],[56.94,-7.19],[57.01,-7.33],[57.03,-7.46],[56.99,-7.51],[56.88,-7.45],[56.82,-7.32],[56.8,-7.17],[56.87,-7.13]],[[56.34,-7.15],[56.23,-7.24],[56.16,-7.23],[56.12,-7.18],[56.15,-7.08],[56.25,-7.03],[56.32,-7.05],[56.34,-7.15]],[[52.81,-7.05],[52.8,-7.17],[52.73,-7.19],[52.71,-6.98],[52.78,-6.97],[52.81,-7.05]],[[40.01,-6.98],[39.96,-7.01],[39.86,-6.95],[39.8,-6.87],[39.81,-6.8],[39.87,-6.77],[39.93,-6.79],[40.0,-6.87],[40.01,-6.98]],[[55.96,-3.75],[56.17,-3.91],[56.17,-4.06],[56.31,-4.25],[56.35,-4.39],[56.42,-4.54],[56.8,-4.96],[56.91,-5.01],[56.96,-5.11],[57.13,-5.15],[57.17,-5.24],[57.01,-5.61],[56.78,-5.8],[56.54,-5.82],[56.45,-5.87],[56.42,-6.38],[56.35,-6.45],[56.25,-6.49],[56.17,-6.47],[56.13,-6.41],[56.23,-6.21],[56.28,-5.66],[56.23,-5.49],[56.19,-5.43],[55.85,-5.32],[55.43,-5.3],[55.4,-5.27],[55.34,-5.12],[55.23,-5.06],[54.99,-5.06],[54.73,-4.89],[54.61,-4.89],[54.54,-4.85],[53.99,-4.72],[53.96,-4.69],[54.02,-4.47],[54.62,-3.85],[54.77,-3.81],[54.89,-3.74],[54.99,-3.74],[55.04,-3.69],[55.21,-3.67],[55.4,-3.71],[55.49,-3.69],[55.58,-3.71],[55.71,-3.67],[55.71,-3.64],[55.96,-3.75]],[[53.24,-6.12],[53.14,-6.23],[52.97,-6.31],[52.95,-6.2],[52.81,-6.07],[53.07,-5.78],[53.11,-5.54],[53.21,-5.32],[53.29,-4.86],[53.37,-4.82],[53.41,-4.85],[53.42,-4.93],[53.34,-5.28],[53.42,-5.55],[53.4,-5.68],[53.24,-5.97],[53.24,-6.12]],[[39.92,-4.84],[39.9,-5.22],[39.83,-5.48],[39.72,-5.52],[39.6,-5.51],[39.53,-5.47],[39.53,-5.18],[39.64,-5.04],[39.66,-4.79],[39.7,-4.7],[39.88,-4.78],[39.92,-4.84]],[[53.63,-5.74],[53.56,-5.7],[53.55,-5.62],[53.64,-5.54],[53.72,-5.53],[53.75,-5.59],[53.74,-5.67],[53.69,-5.73],[53.63,-5.74]],[[55.32,-6.01],[55.27,-5.97],[55.27,-5.89],[55.31,-5.84],[55.38,-5.81],[55.41,-5.85],[55.41,-5.94],[55.32,-6.01]],[[94.97,-65.12],[94.9,-65.06],[94.97,-65.0],[95.11,-64.98],[95.32,-65.01],[95.14,-65.1],[94.97,-65.12]],[[91.52,-65.4],[91.61,-65.32],[92.01,-65.27],[92.03,-65.3],[91.93,-65.38],[92.05,-65.49],[92.01,-65.55],[91.78,-65.55],[91.69,-65.47],[91.53,-65.47],[91.52,-65.4]],[[93.16,-65.54],[93.15,-65.5],[93.18,-65.47],[93.41,-65.45],[93.45,-65.48],[93.34,-65.68],[93.23,-65.78],[93.13,-65.82],[92.37,-65.87],[92.25,-65.84],[92.19,-65.75],[92.25,-65.66],[92.52,-65.6],[92.83,-65.61],[92.96,-65.66],[93.19,-65.64],[93.21,-65.6],[93.16,-65.54]],[[88.51,-65.81],[88.55,-65.85],[88.79,-65.87],[88.9,-65.92],[89.16,-65.93],[89.18,-66.0],[89.14,-66.14],[89.07,-66.14],[89.0,-66.02],[88.78,-66.09],[88.71,-65.97],[88.46,-65.89],[88.46,-65.84],[88.51,-65.81]],[[94.05,-66.06],[94.07,-65.99],[94.3,-65.96],[94.39,-66.01],[94.42,-66.1],[94.35,-66.2],[94.21,-66.23],[94.12,-66.18],[94.05,-66.06]],[[90.17,-66.57],[90.1,-66.5],[89.65,-66.47],[89.29,-66.59],[89.22,-66.56],[89.18,-66.46],[89.28,-66.34],[89.25,-66.2],[89.55,-66.08],[89.67,-66.18],[90.05,-66.21],[90.12,-66.26],[90.2,-66.38],[90.36,-66.44],[90.36,-66.5],[90.3,-66.62],[90.17,-66.57]],[[84.34,-66.2],[84.45,-66.26],[84.45,-66.33],[84.35,-66.42],[84.22,-66.42],[84.17,-66.33],[84.17,-66.24],[84.25,-66.2],[84.34,-66.2]],[[80.98,-66.21],[81.03,-66.28],[81.0,-66.35],[80.87,-66.41],[80.71,-66.59],[80.65,-66.59],[80.64,-66.5],[80.69,-66.31],[80.59,-66.16],[80.59,-66.11],[80.67,-66.08],[81.03,-66.06],[81.17,-66.09],[81.24,-66.14],[81.19,-66.19],[80.98,-66.21]],[[86.8,-66.15],[86.72,-66.12],[86.69,-66.07],[86.81,-65.97],[87.74,-65.99],[87.81,-66.05],[87.77,-66.11],[87.58,-66.14],[87.29,-66.11],[87.01,-66.16],[86.8,-66.15]],[[83.44,-65.81],[83.39,-65.85],[83.29,-65.85],[83.2,-65.82],[83.17,-65.78],[83.22,-65.74],[83.3,-65.73],[83.41,-65.76],[83.44,-65.81]],[[82.66,-65.73],[82.64,-65.79],[82.52,-65.81],[82.33,-65.79],[82.18,-65.72],[82.23,-65.68],[82.66,-65.73]],[[90.93,-65.61],[90.87,-65.65],[90.66,-65.67],[90.58,-65.64],[90.56,-65.59],[90.64,-65.55],[90.85,-65.54],[90.93,-65.56],[90.93,-65.61]],[[91.08,-65.6],[91.06,-65.56],[91.11,-65.51],[91.23,-65.48],[91.3,-65.51],[91.18,-65.59],[91.08,-65.6]],[[53.73,-65.49],[53.91,-65.47],[53.95,-65.51],[53.96,-65.56],[53.84,-65.62],[53.65,-65.59],[53.65,-65.54],[53.73,-65.49]],[[53.33,-65.61],[53.28,-65.64],[53.26,-65.73],[52.98,-65.75],[52.76,-65.71],[52.78,-65.65],[52.95,-65.63],[53.07,-65.56],[53.53,-65.51],[53.57,-65.54],[53.53,-65.58],[53.33,-65.61]],[[49.81,-66.4],[49.66,-66.32],[49.69,-66.21],[49.87,-66.32],[49.88,-66.38],[49.81,-66.4]],[[48.68,-66.67],[48.93,-66.54],[48.97,-66.57],[48.94,-66.63],[48.8,-66.7],[48.84,-66.77],[48.77,-66.81],[48.6,-66.81],[48.31,-66.86],[48.26,-66.73],[48.17,-66.81],[47.96,-66.76],[48.01,-66.71],[48.68,-66.67]],[[46.86,-66.82],[46.95,-66.89],[46.95,-66.93],[46.78,-66.97],[46.77,-66.91],[46.83,-66.81],[46.86,-66.82]],[[46.5,-66.89],[46.61,-66.96],[46.61,-67.0],[46.48,-67.01],[46.39,-66.96],[46.41,-66.93],[46.5,-66.89]],[[44.41,-67.43],[44.51,-67.43],[44.54,-67.48],[44.47,-67.52],[44.29,-67.48],[44.29,-67.43],[44.41,-67.43]],[[43.73,-67.48],[43.85,-67.55],[44.03,-67.55],[44.04,-67.61],[43.73,-67.63],[43.65,-67.54],[43.68,-67.49],[43.73,-67.48]],[[42.08,-68.03],[42.01,-67.94],[41.88,-67.89],[41.87,-67.82],[42.07,-67.76],[42.22,-67.82],[42.25,-67.86],[42.22,-67.95],[42.29,-68.06],[42.22,-68.09],[42.08,-68.03]],[[41.36,-68.04],[41.38,-68.11],[41.31,-68.16],[41.15,-68.17],[41.09,-68.13],[41.13,-68.08],[41.36,-68.04]],[[35.62,-68.38],[35.82,-68.35],[36.0,-68.45],[36.01,-68.49],[35.9,-68.6],[35.73,-68.65],[35.53,-68.67],[35.28,-68.61],[35.15,-68.54],[35.11,-68.49],[35.16,-68.44],[35.43,-68.47],[35.55,-68.44],[35.62,-68.38]],[[78.71,-66.67],[78.84,-66.66],[78.99,-66.74],[78.75,-66.9],[78.54,-66.82],[78.46,-66.75],[78.48,-66.71],[78.61,-66.72],[78.71,-66.67]],[[80.45,-66.9],[80.45,-66.86],[80.57,-66.81],[80.72,-66.83],[80.81,-66.88],[80.99,-66.89],[81.01,-66.93],[80.96,-66.99],[80.84,-67.0],[80.45,-66.9]],[[78.08,-66.98],[78.08,-67.02],[77.89,-67.19],[77.55,-67.05],[77.7,-66.87],[77.81,-66.84],[77.95,-66.84],[78.08,-66.98]],[[78.14,-67.08],[78.37,-67.04],[78.4,-67.07],[78.33,-67.16],[78.15,-67.21],[78.09,-67.19],[78.08,-67.15],[78.14,-67.08]],[[75.2,-66.93],[75.27,-66.97],[75.26,-67.0],[74.97,-67.03],[74.93,-67.01],[74.97,-66.96],[75.2,-66.93]],[[63.86,-66.76],[63.85,-66.82],[63.53,-66.83],[63.41,-66.89],[63.37,-66.83],[63.4,-66.77],[63.73,-66.74],[63.86,-66.76]],[[63.04,-66.75],[63.08,-66.8],[63.05,-66.85],[62.91,-66.78],[62.69,-66.81],[62.69,-66.71],[62.73,-66.7],[62.92,-66.71],[63.04,-66.75]],[[62.86,-67.02],[62.93,-67.02],[62.93,-67.06],[62.78,-67.21],[62.77,-67.33],[62.74,-67.35],[62.36,-67.29],[62.17,-67.21],[62.1,-67.24],[62.12,-67.36],[62.01,-67.35],[61.93,-67.29],[61.98,-67.16],[62.07,-67.1],[62.81,-67.05],[62.86,-67.02]],[[76.18,-67.24],[76.33,-67.27],[76.37,-67.31],[76.33,-67.38],[76.23,-67.46],[75.97,-67.46],[75.75,-67.61],[75.49,-67.61],[75.24,-67.68],[75.2,-67.65],[75.26,-67.59],[75.58,-67.53],[75.65,-67.36],[75.74,-67.29],[76.18,-67.24]],[[77.77,-67.53],[77.91,-67.48],[78.62,-67.48],[78.64,-67.52],[78.61,-67.61],[78.46,-67.72],[78.34,-67.72],[77.98,-67.79],[77.72,-67.7],[77.77,-67.53]],[[74.29,-67.68],[74.13,-67.74],[74.05,-67.74],[74.01,-67.7],[74.19,-67.63],[74.26,-67.64],[74.29,-67.68]],[[70.55,-67.3],[70.64,-67.4],[70.63,-67.45],[70.58,-67.47],[70.5,-67.45],[70.44,-67.37],[70.47,-67.32],[70.55,-67.3]],[[78.71,-67.98],[78.75,-67.94],[78.88,-67.91],[78.94,-67.91],[78.97,-67.95],[78.95,-67.98],[78.71,-67.98]],[[98.51,-65.44],[98.48,-65.39],[98.55,-65.34],[98.89,-65.28],[98.98,-65.32],[98.89,-65.4],[98.71,-65.44],[98.51,-65.44]],[[111.74,-65.52],[111.81,-65.51],[111.86,-65.56],[111.91,-65.69],[111.89,-65.78],[111.81,-65.77],[111.68,-65.65],[111.68,-65.56],[111.74,-65.52]],[[105.07,-65.52],[105.19,-65.59],[105.16,-65.69],[104.99,-65.68],[104.9,-65.6],[104.89,-65.54],[105.07,-65.52]],[[109.97,-65.56],[110.07,-65.54],[110.12,-65.57],[110.11,-65.62],[109.96,-65.66],[109.93,-65.71],[110.04,-65.85],[110.04,-65.88],[109.83,-65.9],[109.85,-65.8],[109.83,-65.78],[109.65,-65.84],[109.72,-65.69],[109.71,-65.64],[109.74,-65.6],[109.85,-65.61],[109.97,-65.56]],[[119.16,-66.66],[119.08,-66.63],[119.08,-66.58],[119.2,-66.56],[119.29,-66.62],[119.27,-66.65],[119.16,-66.66]],[[127.48,-66.47],[127.42,-66.43],[127.45,-66.37],[127.65,-66.31],[127.75,-66.34],[127.72,-66.41],[127.48,-66.47]],[[133.28,-65.73],[133.22,-65.69],[133.24,-65.65],[133.35,-65.64],[133.42,-65.67],[133.39,-65.73],[133.28,-65.73]]],[[[129.82,41.64],[129.77,41.62],[129.77,41.56],[129.89,41.43],[129.8,41.17],[129.81,40.81],[129.68,40.76],[129.58,40.61],[129.41,40.66],[129.32,40.49],[129.21,40.46],[128.91,40.18],[128.79,40.16],[128.72,40.06],[128.6,40.01],[128.57,39.97],[128.51,39.95],[128.19,39.68],[128.16,39.63],[128.17,39.46],[128.07,39.34],[128.17,39.32],[128.2,39.28],[128.24,39.08],[128.53,38.6],[128.57,38.38],[128.62,38.32],[129.11,37.75],[129.14,37.67],[129.25,37.57],[129.5,37.42],[129.61,37.3],[129.58,37.16],[129.71,36.98],[129.85,36.68],[129.8,36.58],[129.79,36.37],[129.73,36.34],[129.63,36.43],[129.6,36.39],[129.7,36.24],[129.71,35.79],[129.74,35.73],[129.92,35.67],[130.11,35.53],[130.65,35.48],[130.71,35.53],[130.81,35.53],[131.31,35.78],[131.54,35.78],[131.86,35.65],[131.98,35.67],[132.15,35.62],[132.44,35.74],[132.58,35.89],[132.61,35.98],[132.81,36.15],[132.87,36.56],[132.94,36.65],[133.01,36.67],[133.16,36.58],[133.25,36.44],[133.47,36.44],[133.67,36.28],[133.8,36.08],[133.78,35.78],[134.23,35.72],[134.74,35.82],[135.07,35.83],[135.37,36.01],[135.41,35.91],[135.7,35.81],[135.77,35.82],[135.86,35.88],[135.92,35.96],[135.92,36.2],[135.85,36.34],[135.89,36.34],[135.98,36.46],[136.13,36.44],[136.42,36.87],[136.43,37.13],[136.27,37.24],[136.23,37.3],[136.28,37.53],[136.37,37.64],[136.49,37.69],[136.52,37.78],[136.77,37.96],[137.14,37.97],[137.24,37.89],[137.38,37.88],[137.53,37.66],[137.46,37.57],[137.52,37.39],[137.2,37.23],[137.09,36.85],[137.22,36.8],[137.33,36.8],[137.39,36.87],[137.4,36.93],[137.48,36.99],[137.88,37.09],[138.15,37.37],[138.27,37.4],[138.37,37.47],[138.51,37.52],[138.67,37.73],[138.68,37.94],[138.63,38.0],[138.37,37.66],[138.21,37.75],[138.17,38.02],[138.27,38.26],[138.46,38.41],[138.55,38.56],[138.63,38.57],[138.66,38.49],[138.54,38.18],[138.67,38.13],[138.74,38.15],[138.98,38.47],[139.04,38.5],[139.16,38.5],[139.21,38.62],[139.52,38.84],[139.57,39.05],[139.5,39.15],[139.5,39.26],[139.59,39.44],[139.64,39.45],[139.67,39.42],[139.62,39.25],[139.66,39.19],[139.82,39.28],[139.86,39.36],[139.83,39.52],[139.57,39.85],[139.66,40.21],[139.64,40.42],[139.81,40.49],[139.86,40.72],[140.06,40.95],[140.07,41.02],[139.95,41.17],[139.9,41.29],[139.74,41.36],[139.75,41.39],[139.88,41.41],[139.92,41.47],[139.94,41.67],[140.02,41.82],[140.05,42.01],[139.88,42.08],[139.81,42.17],[139.73,42.2],[139.71,42.3],[139.8,42.65],[140.14,42.85],[140.17,42.89],[140.21,42.89],[140.24,42.94],[140.4,43.02],[140.4,43.05],[140.27,43.19],[140.24,43.45],[140.53,43.47],[140.69,43.37],[140.74,43.42],[140.86,43.42],[140.89,43.47],[140.89,43.61],[141.12,43.73],[141.21,43.88],[141.22,44.14],[141.12,44.41],[140.91,44.62],[140.77,44.98],[140.95,45.29],[140.89,45.57],[141.09,45.77],[141.15,45.92],[141.15,46.05],[141.05,46.25],[141.13,46.35],[141.15,46.54],[141.43,46.71],[141.53,46.69],[141.84,47.26],[141.84,47.35],[141.72,47.42],[141.38,47.78],[141.35,47.91],[141.37,48.05],[141.5,48.31],[141.51,48.41],[141.46,48.61],[141.53,49.04],[141.64,49.17],[141.69,49.5],[141.44,49.57],[141.44,49.54],[141.32,49.52],[141.29,49.4],[141.25,49.37],[141.08,49.11],[141.01,48.82],[140.74,48.63],[140.77,48.49],[140.72,48.49],[140.19,47.96],[140.12,47.96],[140.08,47.87],[139.9,47.81],[139.88,47.77],[139.81,47.77],[139.83,47.62],[139.66,47.57],[139.58,47.32],[139.45,47.24],[139.42,47.17],[139.27,47.01],[139.16,47.0],[138.7,46.45],[138.41,46.25],[138.35,46.09],[138.15,45.97],[138.04,45.81],[137.81,45.68],[137.75,45.54],[137.48,45.37],[137.43,45.22],[137.28,45.07],[137.17,45.11],[137.1,45.08],[137.01,44.91],[136.88,44.89],[136.85,44.84],[136.69,44.72],[136.64,44.57],[136.52,44.53],[136.16,44.17],[136.01,44.12],[135.99,44.05],[135.8,43.95],[135.75,43.81],[135.46,43.54],[135.39,43.52],[135.27,43.37],[134.86,43.13],[134.74,43.11],[134.6,42.98],[134.38,42.94],[134.16,42.76],[133.8,42.69],[133.59,42.59],[133.35,42.61],[133.18,42.56],[132.94,42.56],[132.29,42.41],[132.01,42.41],[131.91,42.46],[131.74,42.46],[131.34,42.4],[131.19,42.32],[130.81,42.27],[130.54,42.1],[130.42,42.08],[130.33,41.96],[130.06,41.79],[129.94,41.61],[129.82,41.64]],[[139.33,41.47],[139.32,41.54],[139.4,41.54],[139.4,41.48],[139.33,41.47]],[[138.68,38.88],[138.77,38.91],[138.81,38.86],[138.73,38.77],[138.71,38.63],[138.58,38.8],[138.68,38.88]],[[138.46,38.74],[138.42,38.58],[138.32,38.48],[138.3,38.56],[138.35,38.7],[138.43,38.75],[138.46,38.74]],[[130.95,37.58],[130.95,37.45],[130.86,37.43],[130.79,37.47],[130.8,37.55],[130.95,37.58]],[[139.54,42.08],[139.58,41.91],[139.54,41.88],[139.48,41.92],[139.4,42.04],[139.38,42.16],[139.42,42.23],[139.55,42.27],[139.59,42.25],[139.54,42.08]],[[140.7,44.9],[140.69,44.72],[140.81,44.65],[140.77,44.36],[140.7,44.25],[140.66,44.24],[140.59,44.4],[140.45,44.45],[140.36,44.55],[140.14,44.57],[140.05,44.67],[139.97,44.94],[140.0,44.98],[140.19,44.99],[140.29,45.03],[140.29,45.05],[140.38,45.04],[140.43,45.0],[140.55,44.76],[140.67,44.89],[140.7,44.9]]],[[[-47.65,46.21],[-47.77,46.08],[-47.85,45.92],[-47.99,45.89],[-48.04,45.82],[-48.28,45.7],[-48.4,45.58],[-48.57,45.5],[-48.68,45.51],[-48.88,45.08],[-48.97,44.98],[-49.13,44.91],[-49.05,44.69],[-49.1,44.57],[-49.0,44.38],[-49.03,44.12],[-49.19,44.07],[-49.19,44.01],[-49.12,43.88],[-49.17,43.85],[-49.26,43.87],[-49.27,43.73],[-49.34,43.71],[-49.36,43.64],[-49.45,43.58],[-49.45,43.51],[-49.37,43.45],[-49.39,43.4],[-49.55,43.37],[-49.6,43.21],[-49.94,42.92],[-50.19,42.92],[-50.34,42.86],[-50.51,42.86],[-51.65,43.41],[-51.74,43.47],[-51.91,43.49],[-52.13,43.71],[-52.34,43.79],[-52.59,43.98],[-52.76,44.07],[-53.01,44.41],[-53.2,44.38],[-53.42,44.48],[-53.61,44.48],[-53.73,44.6],[-53.95,44.68],[-54.09,44.79],[-54.28,44.79],[-54.5,45.1],[-54.95,45.08],[-55.19,45.15],[-55.34,45.03],[-55.48,45.08],[-55.73,44.94],[-55.95,44.89],[-56.08,44.91],[-56.08,44.96],[-56.18,45.05],[-56.25,45.22],[-56.87,45.85],[-56.92,45.97],[-57.26,46.25],[-57.43,46.5],[-57.47,46.61],[-57.43,46.71],[-56.87,47.05],[-56.66,47.12],[-56.47,47.26],[-56.35,47.31],[-56.32,47.36],[-56.26,47.38],[-56.25,47.5],[-56.18,47.56],[-56.18,47.6],[-56.59,47.55],[-56.78,47.36],[-57.02,47.33],[-57.19,47.36],[-57.33,47.21],[-57.86,46.88],[-58.05,46.99],[-58.15,47.12],[-57.97,47.22],[-57.83,47.26],[-57.74,47.38],[-57.47,47.38],[-57.55,47.57],[-57.76,47.53],[-57.9,47.55],[-57.99,47.53],[-58.11,47.57],[-58.32,47.58],[-58.37,47.53],[-58.25,47.42],[-58.24,47.36],[-58.43,47.29],[-58.67,47.33],[-58.87,47.43],[-59.27,47.53],[-59.35,47.6],[-59.55,47.91],[-59.56,48.13],[-59.7,48.23],[-59.68,48.44],[-59.72,48.6],[-59.56,48.87],[-59.48,48.93],[-59.25,49.24],[-59.11,49.54],[-59.01,49.66],[-58.89,49.66],[-58.81,49.81],[-58.19,50.12],[-57.98,50.14],[-57.64,50.43],[-57.59,50.69],[-57.61,50.71],[-58.53,50.33],[-58.67,50.31],[-58.83,50.19],[-59.13,50.12],[-59.27,50.02],[-59.49,49.97],[-59.61,49.85],[-59.68,49.83],[-59.94,49.42],[-60.01,49.38],[-60.11,49.39],[-60.36,49.62],[-60.69,49.81],[-60.78,49.83],[-62.2,49.85],[-62.34,49.76],[-62.35,49.69],[-62.3,49.64],[-61.99,49.61],[-61.8,49.54],[-61.7,49.54],[-61.29,49.45],[-60.58,49.1],[-60.53,49.04],[-60.57,48.95],[-60.66,48.86],[-60.77,48.81],[-61.12,48.82],[-61.41,48.89],[-62.3,48.94],[-62.63,49.04],[-62.75,49.04],[-62.92,49.11],[-63.14,49.13],[-63.47,49.28],[-63.62,49.3],[-63.86,49.49],[-64.58,49.69],[-64.75,49.69],[-65.11,49.78],[-65.39,49.81],[-65.47,49.85],[-65.61,49.85],[-65.73,49.93],[-65.92,49.93],[-66.15,50.04],[-66.23,50.03],[-66.38,49.95],[-66.52,49.97],[-66.85,49.82],[-66.92,49.7],[-66.88,49.62],[-66.9,49.56],[-67.28,49.27],[-67.48,49.28],[-67.58,49.23],[-67.75,49.23],[-68.03,49.02],[-68.25,48.97],[-68.37,48.75],[-68.18,48.8],[-68.06,48.77],[-67.61,48.94],[-67.0,49.06],[-66.79,49.18],[-65.75,49.33],[-65.29,49.32],[-64.77,49.23],[-64.24,49.01],[-64.0,48.87],[-63.81,48.87],[-63.4,48.77],[-63.11,48.53],[-62.8,48.41],[-62.66,48.41],[-62.54,48.37],[-62.08,48.34],[-61.94,48.25],[-61.77,48.25],[-61.36,48.15],[-61.31,48.1],[-61.12,48.08],[-60.79,47.9],[-60.56,47.72],[-60.45,47.53],[-60.29,47.43],[-60.31,47.26],[-60.11,47.26],[-60.1,47.18],[-60.18,47.09],[-60.16,47.06],[-59.99,47.02],[-59.89,46.92],[-59.15,46.42],[-59.13,46.37],[-59.06,46.37],[-58.48,45.97],[-58.28,45.91],[-58.05,45.73],[-58.01,45.62],[-57.77,45.38],[-57.67,45.17],[-57.26,44.77],[-57.28,44.71],[-57.23,44.67],[-57.19,44.55],[-57.24,44.49],[-57.55,44.33],[-57.98,44.31],[-58.29,44.14],[-58.43,44.19],[-58.45,44.08],[-58.63,44.02],[-58.65,43.97],[-58.83,43.93],[-59.01,44.09],[-59.03,44.19],[-59.08,44.21],[-59.17,44.15],[-59.18,44.12],[-59.06,43.97],[-59.05,43.84],[-59.1,43.75],[-59.21,43.69],[-59.61,43.66],[-59.69,43.62],[-60.09,43.54],[-60.14,43.47],[-60.55,43.42],[-60.93,43.28],[-61.22,43.28],[-61.75,43.01],[-62.11,42.99],[-62.25,42.94],[-62.47,42.99],[-62.58,42.89],[-62.68,42.86],[-63.9,42.82],[-64.17,42.74],[-64.51,42.56],[-65.15,42.32],[-65.5,42.13],[-65.58,42.14],[-65.68,42.25],[-65.85,42.34],[-65.9,42.41],[-66.13,42.54],[-66.69,42.58],[-66.86,42.68],[-66.98,42.7],[-67.04,42.76],[-66.98,42.87],[-66.98,42.97],[-67.13,43.08],[-67.48,43.06],[-67.6,42.97],[-67.65,42.97],[-67.67,42.92],[-67.77,42.89],[-67.73,42.82],[-67.51,42.73],[-67.48,42.68],[-67.95,42.62],[-67.98,42.58],[-67.97,42.5],[-67.78,42.41],[-67.78,42.38],[-68.25,42.1],[-68.3,41.93],[-68.41,41.84],[-68.41,41.8],[-68.17,41.9],[-67.94,42.1],[-67.84,42.1],[-67.68,42.19],[-67.46,42.15],[-67.36,42.2],[-67.15,42.23],[-66.08,42.16],[-65.84,42.02],[-65.74,41.88],[-65.75,41.78],[-65.87,41.68],[-65.99,41.47],[-66.84,40.75],[-67.07,40.67],[-67.37,40.48],[-69.34,39.97],[-69.92,39.93],[-70.03,39.96],[-70.23,40.06],[-70.45,40.07],[-70.63,40.02],[-70.88,40.03],[-71.03,40.09],[-71.16,40.07],[-71.44,39.94],[-71.73,39.89],[-71.95,39.75],[-72.09,39.58],[-72.28,39.51],[-72.32,39.32],[-72.62,39.17],[-72.94,38.85],[-73.05,38.79],[-73.08,38.7],[-73.36,38.45],[-73.43,38.41],[-73.56,38.4],[-73.58,38.33],[-73.65,38.29],[-73.72,38.14],[-73.84,38.14],[-73.91,38.02],[-74.2,37.72],[-74.26,37.6],[-74.47,37.42],[-74.54,37.13],[-74.6,37.07],[-74.63,36.77],[-74.68,36.7],[-74.78,36.37],[-74.78,36.05],[-74.85,35.84],[-74.8,35.53],[-75.03,35.22],[-75.21,35.08],[-76.39,33.87],[-76.46,33.85],[-76.75,33.56],[-76.8,33.55],[-77.12,33.27],[-78.12,32.76],[-78.31,32.61],[-78.55,32.57],[-78.66,32.5],[-79.63,31.43],[-80.03,30.75],[-80.2,30.22],[-80.2,29.65],[-79.96,28.66],[-79.91,26.86],[-80.06,25.88],[-80.03,25.35],[-80.18,25.02],[-80.4,24.79],[-80.53,24.7],[-80.66,24.68],[-80.78,24.56],[-80.97,24.56],[-81.07,24.41],[-81.14,24.38],[-82.57,24.3],[-83.07,24.35],[-83.56,24.53],[-83.59,24.58],[-84.07,24.89],[-84.15,24.99],[-84.38,25.47],[-84.38,25.59],[-84.43,25.69],[-84.38,25.78],[-84.36,25.93],[-84.42,26.48],[-84.59,26.72],[-84.57,26.78],[-84.76,27.87],[-84.83,27.97],[-85.58,28.59],[-85.83,28.98],[-86.15,29.31],[-86.56,29.57],[-87.08,29.81],[-87.13,29.81],[-87.43,29.47],[-87.58,29.38],[-87.86,29.28],[-88.05,29.29],[-88.22,29.21],[-88.48,29.19],[-89.18,28.81],[-89.25,28.66],[-89.34,28.59],[-89.69,28.57],[-89.9,28.64],[-89.95,28.63],[-89.96,28.54],[-89.9,28.33],[-89.94,28.28],[-90.14,28.16],[-90.58,28.04],[-90.87,28.02],[-91.15,27.94],[-91.34,27.99],[-91.48,27.91],[-91.6,27.98],[-91.74,27.87],[-91.86,27.85],[-92.23,27.92],[-92.39,27.87],[-92.52,27.91],[-92.77,27.92],[-92.83,27.91],[-92.89,27.82],[-93.0,27.82],[-93.09,27.7],[-93.12,27.74],[-93.1,27.82],[-93.14,27.85],[-93.34,27.75],[-93.46,27.74],[-93.55,27.81],[-93.67,27.76],[-94.07,27.85],[-94.34,27.82],[-94.48,27.87],[-94.6,27.85],[-94.72,27.87],[-95.65,27.71],[-96.16,27.41],[-96.4,27.07],[-96.46,26.86],[-96.44,26.73],[-96.33,26.53],[-96.35,25.59],[-96.57,25.04],[-96.76,24.85],[-96.91,24.56],[-96.88,24.45],[-96.91,24.32],[-97.05,24.32],[-97.32,23.7],[-97.33,23.52],[-97.38,23.37],[-97.39,22.77],[-97.44,22.59],[-97.35,22.1],[-97.16,21.66],[-97.04,21.48],[-97.0,21.27],[-96.93,21.17],[-96.82,20.79],[-96.71,20.65],[-96.59,20.55],[-96.59,20.41],[-96.28,20.02],[-96.02,19.52],[-95.97,19.49],[-95.97,19.45],[-95.92,19.42],[-95.83,19.28],[-95.71,19.23],[-95.44,18.98],[-94.96,18.85],[-94.82,18.75],[-94.65,18.76],[-94.18,18.7],[-93.95,18.73],[-93.81,18.82],[-93.69,18.82],[-93.5,18.94],[-93.23,18.97],[-93.14,19.06],[-92.98,19.09],[-92.96,19.14],[-93.0,19.24],[-92.82,19.31],[-92.75,19.49],[-92.66,19.61],[-92.52,19.67],[-92.22,19.92],[-92.25,20.05],[-92.2,20.07],[-92.19,20.14],[-92.47,20.72],[-92.47,20.91],[-92.51,21.05],[-92.47,21.41],[-92.49,21.53],[-92.44,21.68],[-92.42,21.92],[-92.28,22.1],[-92.2,22.14],[-92.01,22.16],[-91.67,22.3],[-91.53,22.33],[-91.39,22.43],[-90.73,22.54],[-90.57,22.63],[-90.36,22.68],[-90.14,22.95],[-90.05,22.94],[-89.8,23.17],[-89.55,23.26],[-89.34,23.25],[-89.31,23.36],[-89.2,23.44],[-89.08,23.72],[-88.76,23.98],[-88.66,24.01],[-88.55,23.98],[-88.53,23.81],[-88.39,23.72],[-88.3,23.74],[-88.1,23.91],[-87.93,23.84],[-87.83,23.74],[-87.27,23.58],[-87.11,23.41],[-87.14,23.28],[-87.11,22.88],[-86.97,22.59],[-86.98,22.46],[-86.92,22.41],[-86.75,22.35],[-86.53,22.11],[-86.39,21.46],[-86.54,21.15],[-86.63,21.1],[-86.78,20.81],[-86.97,20.67],[-86.96,20.63],[-86.92,20.62],[-86.8,20.72],[-86.65,20.74],[-86.64,20.66],[-86.71,20.5],[-86.99,20.23],[-87.12,20.25],[-87.14,20.33],[-87.11,20.45],[-87.14,20.45],[-87.2,20.4],[-87.27,20.24],[-87.31,20.09],[-87.35,20.09],[-87.42,20.03],[-87.43,19.99],[-87.36,19.95],[-87.33,19.89],[-87.41,19.44],[-87.35,19.21],[-87.39,19.14],[-87.52,19.07],[-87.59,18.77],[-87.76,18.34],[-87.79,18.13],[-87.93,17.86],[-88.01,17.57],[-87.97,17.53],[-87.94,17.53],[-87.77,17.67],[-87.7,17.59],[-87.82,17.21],[-87.88,17.16],[-87.99,17.15],[-87.96,17.06],[-88.03,16.76],[-87.95,16.52],[-88.12,16.3],[-88.26,16.04],[-88.23,15.85],[-88.12,15.8],[-87.93,15.97],[-87.74,15.97],[-87.52,16.09],[-87.4,16.09],[-87.34,16.15],[-87.11,16.06],[-87.02,16.13],[-86.87,16.18],[-86.75,16.07],[-86.69,16.06],[-85.64,16.26],[-85.46,16.13],[-85.19,16.06],[-85.0,16.12],[-84.75,16.14],[-84.21,16.09],[-83.89,16.19],[-83.73,16.21],[-83.51,16.37],[-83.03,16.49],[-82.84,16.66],[-82.77,16.61],[-82.65,16.61],[-82.43,16.71],[-82.19,16.61],[-82.18,16.78],[-82.06,16.83],[-81.84,16.63],[-81.76,16.45],[-81.66,16.38],[-81.59,16.38],[-81.46,16.51],[-81.38,16.54],[-81.32,16.55],[-81.32,16.52],[-81.28,16.49],[-81.11,16.49],[-80.88,16.12],[-80.82,15.95],[-80.93,15.91],[-81.22,16.28],[-81.23,16.42],[-81.29,16.43],[-81.42,16.35],[-81.41,16.31],[-81.28,16.28],[-81.16,16.09],[-81.14,15.97],[-81.04,15.77],[-81.02,15.63],[-80.9,15.46],[-80.99,15.41],[-81.02,15.25],[-81.1,15.22],[-81.35,15.29],[-81.5,15.27],[-81.6,15.35],[-81.62,15.31],[-81.55,14.86],[-81.67,14.67],[-81.82,14.52],[-81.9,14.34],[-81.94,14.18],[-81.93,14.01],[-81.98,13.9],[-81.95,13.76],[-82.07,13.47],[-82.36,13.04],[-82.36,12.73],[-82.47,12.48],[-82.7,12.25],[-82.72,12.17],[-82.91,11.99],[-83.05,11.78],[-83.18,11.69],[-83.23,11.5],[-83.5,11.26],[-83.54,11.15],[-83.47,10.95],[-83.47,10.76],[-83.11,10.13],[-82.87,9.99],[-82.7,9.73],[-82.22,9.49],[-82.12,9.37],[-81.98,9.37],[-81.83,9.27],[-81.69,9.27],[-81.59,9.2],[-81.39,9.17],[-81.38,9.14],[-81.45,9.05],[-81.46,8.98],[-81.42,8.93],[-81.13,8.92],[-80.87,8.98],[-80.59,9.22],[-80.13,9.41],[-80.03,9.51],[-79.69,9.71],[-79.36,9.75],[-79.0,9.63],[-78.64,9.63],[-78.5,9.53],[-78.31,9.51],[-77.87,9.27],[-77.66,9.02],[-77.51,9.01],[-77.37,8.85],[-77.29,8.84],[-77.04,8.91],[-76.89,8.91],[-76.53,9.13],[-76.44,9.39],[-76.29,9.65],[-76.29,9.75],[-76.03,10.16],[-75.91,10.21],[-75.81,10.4],[-75.76,10.4],[-75.76,10.45],[-75.61,10.58],[-75.58,10.86],[-75.45,11.01],[-75.29,11.07],[-75.06,11.07],[-74.85,11.17],[-74.59,11.12],[-74.36,11.14],[-74.29,11.19],[-74.22,11.37],[-74.13,11.41],[-73.65,11.38],[-73.41,11.45],[-73.19,11.62],[-73.18,11.79],[-73.15,11.84],[-72.98,11.86],[-72.93,12.05],[-72.59,12.16],[-72.53,12.21],[-72.5,12.32],[-72.45,12.36],[-72.19,12.37],[-71.95,12.48],[-71.55,12.58],[-71.13,12.63],[-70.94,12.75],[-70.79,12.8],[-70.53,12.73],[-70.43,12.61],[-70.24,12.58],[-70.11,12.68],[-70.03,12.65],[-69.86,12.47],[-69.86,12.37],[-69.74,12.2],[-69.74,12.03],[-69.57,11.84],[-69.19,11.62],[-68.99,11.6],[-68.83,11.5],[-68.61,11.48],[-68.36,11.28],[-68.3,11.26],[-68.22,11.19],[-68.01,10.85],[-67.96,10.83],[-67.84,10.59],[-67.77,10.54],[-67.2,10.59],[-66.97,10.67],[-66.52,10.71],[-66.38,10.79],[-66.23,10.81],[-66.14,10.93],[-66.07,10.95],[-65.9,11.09],[-65.67,11.14],[-65.03,11.17],[-64.84,11.14],[-64.65,11.26],[-64.46,11.31],[-64.19,11.5],[-64.0,11.53],[-63.83,11.6],[-63.64,11.6],[-63.49,11.65],[-63.3,11.6],[-63.07,11.6],[-62.87,11.5],[-62.78,11.55],[-62.68,11.55],[-62.6,11.52],[-62.42,11.53],[-62.28,11.47],[-61.93,11.45],[-61.75,11.53],[-61.56,11.47],[-61.06,11.41],[-60.86,11.43],[-60.69,11.36],[-60.51,11.39],[-60.48,11.35],[-60.47,11.21],[-60.37,11.07],[-60.26,10.78],[-60.31,10.4],[-60.29,10.32],[-60.09,10.18],[-60.07,10.06],[-59.9,9.88],[-59.69,9.55],[-59.45,9.4],[-59.37,9.32],[-59.37,9.27],[-59.32,9.25],[-59.32,9.2],[-59.27,9.17],[-59.25,9.08],[-58.84,8.79],[-58.72,8.67],[-58.53,8.6],[-58.43,8.5],[-58.29,8.48],[-58.12,8.29],[-57.95,8.21],[-57.82,8.1],[-57.61,8.09],[-56.99,7.7],[-56.74,7.61],[-56.49,7.45],[-56.42,7.3],[-56.19,7.26],[-55.89,7.09],[-55.81,7.1],[-55.67,7.28],[-55.53,7.25],[-55.36,7.38],[-55.23,7.29],[-55.0,7.42],[-54.83,7.4],[-54.69,7.45],[-54.47,7.4],[-54.33,7.45],[-54.12,7.33],[-54.07,7.33],[-53.92,7.4],[-53.85,7.35],[-53.78,7.35],[-53.75,7.3],[-53.63,7.31],[-53.42,7.23],[-53.23,7.06],[-53.11,7.06],[-53.02,6.98],[-52.67,6.77],[-52.58,6.75],[-52.51,6.65],[-52.39,6.58],[-52.26,6.39],[-52.29,6.34],[-52.33,6.34],[-52.43,6.44],[-52.49,6.45],[-52.57,6.35],[-52.57,6.28],[-52.46,6.2],[-52.4,6.04],[-52.27,6.01],[-52.07,6.01],[-51.86,6.08],[-51.79,6.03],[-51.71,6.03],[-51.69,5.98],[-51.5,5.91],[-51.07,5.53],[-50.93,5.3],[-50.88,5.3],[-50.87,5.38],[-50.82,5.43],[-50.69,5.38],[-50.65,5.32],[-50.68,5.21],[-50.5,5.08],[-50.32,4.76],[-50.27,4.76],[-50.18,4.66],[-50.01,4.59],[-49.99,4.45],[-49.91,4.42],[-49.8,4.29],[-49.22,3.99],[-49.12,3.82],[-48.98,3.8],[-48.88,3.73],[-48.69,3.7],[-48.64,3.53],[-48.48,3.38],[-48.47,3.31],[-48.52,3.2],[-48.35,3.29],[-48.31,3.25],[-48.16,3.03],[-47.9,2.84],[-47.87,2.72],[-47.8,2.69],[-47.63,2.53],[-47.49,2.26],[-47.32,2.05],[-46.95,1.84],[-46.94,1.67],[-46.66,1.46],[-36.82,45.3],[-47.65,46.21]],[[-64.99,32.19],[-65.04,32.22],[-65.06,32.29],[-64.86,32.49],[-64.63,32.54],[-64.57,32.51],[-64.56,32.43],[-64.72,32.26],[-64.89,32.2],[-64.99,32.19]],[[-78.78,27.44],[-78.19,27.26],[-78.07,27.17],[-77.85,27.15],[-77.35,26.93],[-77.34,26.89],[-76.93,26.61],[-76.9,26.52],[-76.96,26.32],[-77.13,26.18],[-77.15,25.84],[-77.55,26.04],[-77.98,26.6],[-78.07,26.62],[-78.35,26.58],[-78.71,26.47],[-78.81,26.49],[-78.93,26.57],[-79.02,26.68],[-79.09,26.92],[-79.19,27.08],[-79.19,27.37],[-79.11,27.43],[-78.91,27.42],[-78.78,27.44]],[[-77.91,25.86],[-77.69,25.77],[-77.59,25.62],[-77.56,25.53],[-77.83,25.37],[-78.06,25.44],[-78.1,25.42],[-78.1,25.36],[-77.9,25.11],[-77.85,24.94],[-77.63,24.65],[-77.66,24.51],[-77.61,24.44],[-77.61,24.34],[-77.47,24.13],[-77.39,23.93],[-77.37,23.72],[-77.26,23.54],[-77.11,23.43],[-76.9,23.41],[-76.7,23.45],[-76.57,23.55],[-76.56,23.65],[-76.71,23.9],[-77.11,23.91],[-77.22,24.02],[-77.23,24.39],[-77.49,24.79],[-77.59,25.01],[-77.59,25.09],[-77.52,25.12],[-77.18,25.16],[-76.97,25.28],[-76.92,25.38],[-76.9,25.57],[-76.71,25.62],[-76.59,25.61],[-76.57,25.47],[-76.29,25.35],[-76.22,25.26],[-76.08,25.19],[-76.1,24.68],[-76.06,24.62],[-76.08,24.59],[-76.14,24.58],[-76.21,24.62],[-76.43,24.87],[-76.64,24.94],[-76.72,24.93],[-76.77,24.89],[-76.78,24.71],[-76.52,24.32],[-76.35,24.11],[-76.29,23.99],[-76.15,23.84],[-76.05,23.81],[-75.68,23.55],[-75.54,23.56],[-75.39,23.74],[-75.3,23.72],[-75.18,23.59],[-75.07,23.38],[-75.05,23.23],[-74.82,23.09],[-74.78,22.94],[-74.83,22.83],[-75.09,23.05],[-75.34,23.12],[-75.5,23.11],[-75.62,23.04],[-75.74,22.94],[-75.85,22.81],[-75.83,22.62],[-75.76,22.43],[-75.62,22.22],[-75.57,22.2],[-75.18,22.27],[-75.16,22.03],[-75.21,21.97],[-75.5,21.92],[-75.72,21.72],[-75.81,22.02],[-76.06,22.16],[-76.14,22.27],[-76.36,22.01],[-76.48,22.05],[-76.65,22.22],[-76.76,22.26],[-76.97,22.28],[-77.14,22.25],[-77.32,22.16],[-77.43,22.27],[-77.56,22.33],[-77.8,22.59],[-78.16,22.76],[-78.33,22.76],[-78.58,22.92],[-79.01,23.47],[-79.14,23.87],[-79.27,24.46],[-79.18,25.03],[-79.19,25.25],[-79.33,25.59],[-79.31,25.88],[-79.19,26.07],[-79.07,26.13],[-78.36,25.83],[-77.91,25.86]],[[-76.0,24.59],[-75.99,24.62],[-75.73,24.73],[-75.64,24.72],[-75.43,24.42],[-75.22,24.21],[-75.22,24.14],[-75.52,24.07],[-75.69,24.35],[-76.0,24.59]],[[-74.56,24.13],[-74.51,24.17],[-74.5,24.31],[-74.44,24.34],[-74.39,24.06],[-74.44,23.93],[-74.5,23.88],[-74.59,23.94],[-74.56,24.13]],[[-75.06,23.92],[-74.99,23.78],[-75.02,23.75],[-75.12,23.77],[-75.17,23.82],[-75.14,23.89],[-75.06,23.92]],[[-74.99,23.74],[-74.75,23.79],[-74.72,23.64],[-74.81,23.6],[-74.95,23.63],[-75.0,23.69],[-74.99,23.74]],[[-73.65,23.14],[-73.6,23.12],[-73.62,23.06],[-73.81,23.04],[-73.84,23.09],[-73.83,23.13],[-73.65,23.14]],[[-74.39,22.83],[-74.28,22.89],[-74.08,22.78],[-73.77,22.75],[-73.79,22.51],[-73.85,22.41],[-74.09,22.23],[-74.31,22.11],[-74.34,22.14],[-74.3,22.45],[-74.35,22.53],[-74.39,22.51],[-74.42,22.54],[-74.35,22.71],[-74.39,22.83]],[[-73.6,22.55],[-73.66,22.58],[-73.6,22.65],[-73.49,22.66],[-73.44,22.63],[-73.46,22.55],[-73.6,22.55]],[[-73.15,22.3],[-73.2,22.38],[-73.14,22.49],[-72.91,22.45],[-72.76,22.39],[-72.66,22.32],[-72.79,22.26],[-72.95,22.33],[-73.15,22.3]],[[-74.49,22.16],[-74.44,22.04],[-74.51,22.02],[-74.6,22.05],[-74.6,22.1],[-74.49,22.16]],[[-72.07,21.99],[-71.87,22.01],[-71.78,21.87],[-71.63,21.87],[-71.51,21.77],[-71.37,21.76],[-71.37,21.7],[-71.47,21.58],[-71.47,21.48],[-71.54,21.42],[-71.56,21.27],[-71.52,21.09],[-71.54,20.99],[-71.66,21.02],[-71.77,20.95],[-71.85,20.97],[-71.88,21.09],[-72.03,21.17],[-72.08,21.27],[-72.18,21.34],[-72.2,21.46],[-72.51,21.62],[-72.47,21.77],[-72.39,21.88],[-72.32,21.92],[-72.18,21.9],[-72.07,21.99]],[[-71.36,21.02],[-71.36,21.07],[-71.17,21.52],[-71.05,21.57],[-71.07,21.48],[-70.96,21.38],[-70.96,21.29],[-71.14,21.23],[-71.29,21.04],[-71.36,21.02]],[[-70.58,21.09],[-70.51,21.1],[-70.5,20.99],[-70.43,20.87],[-70.57,20.75],[-70.89,20.79],[-71.01,20.91],[-71.01,20.97],[-70.97,21.01],[-70.84,21.03],[-70.75,20.98],[-70.58,21.09]],[[-69.99,20.81],[-69.97,20.9],[-69.89,20.93],[-69.67,20.68],[-69.36,20.64],[-69.37,20.56],[-69.57,20.41],[-69.52,20.26],[-69.53,20.23],[-69.69,20.21],[-69.8,20.31],[-69.93,20.28],[-69.98,20.32],[-70.0,20.45],[-69.95,20.57],[-69.99,20.81]],[[-74.13,20.28],[-74.1,20.18],[-74.25,20.05],[-74.78,20.01],[-75.0,19.88],[-75.13,19.86],[-75.52,19.85],[-75.73,19.93],[-75.98,19.92],[-76.2,19.96],[-77.71,19.8],[-77.88,19.84],[-78.0,20.1],[-78.09,20.18],[-78.13,20.31],[-78.33,20.38],[-78.5,20.57],[-78.71,20.62],[-78.84,20.72],[-78.98,20.77],[-79.17,20.93],[-79.53,21.1],[-79.63,21.38],[-79.72,21.5],[-79.98,21.65],[-80.08,21.79],[-80.29,21.86],[-80.45,22.02],[-81.03,22.04],[-81.13,21.97],[-81.41,21.96],[-81.35,21.89],[-81.25,21.89],[-81.13,21.77],[-80.92,21.68],[-80.87,21.6],[-80.91,21.54],[-81.12,21.6],[-81.62,21.58],[-81.74,21.53],[-81.9,21.58],[-82.16,21.44],[-82.34,21.53],[-82.55,21.51],[-82.87,21.41],[-83.04,21.43],[-83.15,21.49],[-83.25,21.63],[-83.29,21.83],[-83.78,21.98],[-83.89,21.98],[-84.02,21.89],[-84.1,21.91],[-84.23,21.88],[-84.51,21.74],[-84.55,21.78],[-84.51,21.88],[-84.53,21.91],[-84.65,21.88],[-84.79,21.8],[-84.89,21.79],[-84.97,21.83],[-85.01,21.96],[-84.52,22.52],[-84.4,22.56],[-84.11,22.74],[-83.81,22.86],[-83.67,22.89],[-83.59,22.95],[-83.47,22.95],[-83.23,23.05],[-82.58,23.08],[-82.31,23.21],[-82.04,23.23],[-81.95,23.19],[-81.63,23.2],[-81.4,23.14],[-81.14,23.28],[-81.0,23.32],[-80.89,23.32],[-80.64,23.26],[-80.42,23.29],[-80.06,23.09],[-79.84,23.03],[-79.31,22.72],[-79.2,22.71],[-78.95,22.78],[-78.33,22.56],[-78.14,22.54],[-78.04,22.46],[-77.87,22.4],[-77.63,22.18],[-77.59,22.01],[-77.43,21.87],[-77.03,21.64],[-76.86,21.46],[-76.65,21.4],[-76.53,21.32],[-76.25,21.29],[-76.03,21.13],[-75.84,21.17],[-75.68,21.14],[-75.55,21.03],[-75.58,20.95],[-75.57,20.89],[-75.47,20.79],[-74.85,20.72],[-74.72,20.63],[-74.48,20.38],[-74.38,20.33],[-74.23,20.35],[-74.13,20.28]],[[-68.95,20.14],[-68.89,20.19],[-68.81,20.19],[-68.71,19.92],[-68.99,19.9],[-69.01,20.01],[-68.95,20.14]],[[-70.94,19.97],[-70.82,19.94],[-70.63,19.81],[-70.46,19.82],[-70.17,19.69],[-69.91,19.7],[-69.88,19.68],[-69.78,19.4],[-69.73,19.36],[-69.31,19.41],[-69.19,19.37],[-69.14,19.32],[-69.14,19.23],[-69.07,19.15],[-68.83,19.14],[-68.42,18.77],[-68.3,18.73],[-68.14,18.59],[-67.97,18.64],[-67.94,18.57],[-67.96,18.45],[-68.01,18.41],[-68.18,18.49],[-68.58,18.28],[-68.57,18.2],[-68.46,18.08],[-68.53,18.01],[-68.8,18.1],[-68.82,18.29],[-68.86,18.32],[-69.21,18.32],[-69.85,18.44],[-69.98,18.4],[-70.17,18.17],[-70.27,18.17],[-70.44,18.08],[-70.59,18.19],[-70.65,18.27],[-70.98,18.24],[-71.08,18.03],[-71.27,17.81],[-71.37,17.6],[-71.52,17.48],[-71.59,17.38],[-71.68,17.41],[-71.7,17.45],[-71.59,17.63],[-71.73,17.67],[-71.74,17.88],[-71.98,18.15],[-72.44,18.19],[-72.55,18.14],[-72.72,18.15],[-72.82,18.1],[-72.99,18.15],[-73.38,18.17],[-73.55,18.1],[-73.58,18.03],[-73.86,17.98],[-73.92,18.0],[-74.01,18.15],[-74.12,18.22],[-74.34,18.25],[-74.69,18.42],[-74.62,18.52],[-74.43,18.64],[-74.26,18.7],[-74.12,18.69],[-73.99,18.63],[-73.79,18.68],[-73.28,18.51],[-73.03,18.51],[-72.76,18.46],[-72.71,18.48],[-72.69,18.51],[-72.79,18.65],[-73.23,18.81],[-73.33,18.92],[-73.26,19.0],[-73.17,19.0],[-72.93,18.94],[-72.77,18.8],[-72.68,18.81],[-72.69,18.9],[-72.84,19.05],[-72.84,19.09],[-72.79,19.15],[-72.83,19.22],[-72.83,19.36],[-72.86,19.41],[-73.01,19.57],[-73.22,19.61],[-73.41,19.61],[-73.49,19.69],[-73.5,19.74],[-73.42,19.86],[-73.25,19.91],[-73.17,19.97],[-73.01,19.96],[-72.95,20.12],[-72.72,20.09],[-72.61,20.03],[-72.58,19.94],[-72.52,19.89],[-72.31,19.88],[-71.9,19.75],[-71.84,19.79],[-71.94,19.88],[-71.95,19.95],[-71.8,20.05],[-71.51,20.05],[-71.18,19.9],[-71.06,19.97],[-70.94,19.97]],[[-64.88,18.65],[-64.78,18.79],[-64.68,18.85],[-64.45,18.78],[-64.26,18.76],[-64.15,18.67],[-64.14,18.63],[-64.21,18.51],[-64.77,18.17],[-65.08,18.17],[-65.42,18.05],[-65.69,18.06],[-65.99,17.93],[-66.19,17.81],[-66.47,17.81],[-66.71,17.93],[-67.09,17.85],[-67.32,17.91],[-67.44,18.09],[-67.41,18.2],[-67.31,18.19],[-67.26,18.24],[-67.29,18.39],[-67.2,18.44],[-67.21,18.56],[-67.13,18.6],[-66.85,18.53],[-65.67,18.5],[-64.88,18.65]],[[-63.43,18.56],[-63.46,18.6],[-63.42,18.63],[-63.4,18.58],[-63.43,18.56]],[[-63.11,18.56],[-62.99,18.59],[-62.92,18.57],[-62.91,18.52],[-62.96,18.43],[-62.92,18.37],[-62.55,18.37],[-62.47,18.34],[-62.71,18.1],[-62.52,17.85],[-62.39,17.79],[-62.33,17.64],[-62.23,17.52],[-62.24,17.48],[-62.32,17.48],[-62.39,17.57],[-62.51,17.6],[-62.58,17.67],[-62.87,17.72],[-63.21,18.08],[-63.33,18.29],[-63.12,18.43],[-63.11,18.56]],[[-62.1,17.52],[-62.21,17.61],[-62.09,17.77],[-61.9,17.82],[-61.79,17.76],[-61.63,17.45],[-61.67,17.34],[-61.56,17.11],[-61.55,17.01],[-61.74,16.96],[-62.01,16.98],[-62.15,17.17],[-62.12,17.25],[-61.99,17.38],[-62.1,17.52]],[[-62.5,16.96],[-62.58,16.96],[-62.69,17.17],[-63.0,17.45],[-63.04,17.53],[-62.94,17.55],[-62.73,17.43],[-62.58,17.29],[-62.49,17.17],[-62.47,17.02],[-62.5,16.96]],[[-77.35,17.09],[-77.42,17.07],[-77.67,16.82],[-77.71,16.83],[-77.67,16.98],[-77.71,17.0],[-78.07,16.78],[-78.16,16.78],[-78.35,16.69],[-78.42,16.71],[-78.53,16.85],[-78.61,16.9],[-78.69,16.9],[-78.82,16.81],[-78.91,16.8],[-78.93,17.09],[-79.04,17.29],[-79.04,17.39],[-78.97,17.54],[-78.87,17.62],[-78.8,17.63],[-78.57,17.48],[-78.55,17.36],[-78.51,17.33],[-78.38,17.26],[-78.21,17.26],[-78.03,17.16],[-77.92,17.17],[-77.83,17.21],[-77.52,17.23],[-77.33,17.31],[-77.35,17.09]],[[-62.26,16.82],[-62.2,16.87],[-62.16,16.85],[-62.11,16.7],[-62.14,16.66],[-62.24,16.67],[-62.28,16.75],[-62.26,16.82]],[[-80.29,16.67],[-80.27,16.63],[-80.32,16.47],[-80.28,16.39],[-80.25,16.16],[-80.35,16.03],[-80.51,15.97],[-80.57,16.01],[-80.78,16.3],[-80.77,16.42],[-80.89,16.56],[-80.92,16.64],[-80.93,16.9],[-80.9,16.95],[-80.41,16.77],[-80.29,16.67]],[[-61.57,16.5],[-61.47,16.54],[-61.41,16.53],[-61.3,16.36],[-61.19,16.3],[-61.03,16.38],[-60.96,16.36],[-61.11,16.12],[-61.25,16.1],[-61.42,16.14],[-61.53,16.07],[-61.56,16.0],[-61.53,15.98],[-61.3,16.04],[-61.2,16.02],[-61.16,15.93],[-61.21,15.85],[-61.32,15.85],[-61.39,15.89],[-61.55,15.79],[-61.63,15.79],[-61.79,16.04],[-61.87,16.3],[-61.85,16.37],[-61.76,16.44],[-61.61,16.43],[-61.57,16.5]],[[-78.63,15.8],[-78.74,15.76],[-78.8,15.81],[-78.71,15.89],[-78.59,15.94],[-78.54,15.88],[-78.63,15.8]],[[-79.68,15.91],[-79.7,15.85],[-79.77,15.77],[-79.94,15.7],[-80.1,15.79],[-80.16,15.93],[-80.08,16.06],[-79.94,16.08],[-79.77,16.02],[-79.68,15.91]],[[-63.67,15.72],[-63.62,15.73],[-63.61,15.68],[-63.66,15.68],[-63.67,15.72]],[[-61.44,15.67],[-61.23,15.62],[-61.19,15.54],[-61.23,15.27],[-61.36,15.17],[-61.4,15.19],[-61.43,15.34],[-61.52,15.54],[-61.49,15.65],[-61.44,15.67]],[[-79.4,15.95],[-79.47,16.01],[-79.49,16.11],[-79.46,16.15],[-79.33,16.17],[-79.29,16.12],[-79.28,16.03],[-79.32,15.96],[-79.4,15.95]],[[-87.61,16.95],[-87.59,16.91],[-87.63,16.74],[-87.68,16.68],[-87.78,16.68],[-87.85,16.8],[-87.85,16.89],[-87.73,16.98],[-87.61,16.95]],[[-87.5,17.48],[-87.44,17.49],[-87.43,17.43],[-87.5,17.31],[-87.53,17.14],[-87.6,17.11],[-87.63,17.18],[-87.6,17.39],[-87.56,17.46],[-87.5,17.48]],[[-77.56,17.61],[-77.74,17.78],[-78.01,17.84],[-78.0,17.99],[-78.08,17.93],[-78.14,17.95],[-78.15,18.12],[-78.21,18.17],[-78.36,18.2],[-78.4,18.24],[-78.36,18.39],[-78.24,18.47],[-78.14,18.51],[-77.99,18.51],[-77.83,18.58],[-77.67,18.54],[-77.27,18.51],[-77.14,18.46],[-76.9,18.44],[-76.73,18.3],[-76.31,18.17],[-76.14,17.94],[-76.19,17.85],[-76.51,17.81],[-76.71,17.9],[-76.96,17.68],[-77.01,17.55],[-77.06,17.51],[-77.26,17.51],[-77.42,17.65],[-77.56,17.61]],[[-87.32,18.4],[-87.38,18.35],[-87.45,18.35],[-87.51,18.41],[-87.53,18.5],[-87.46,18.75],[-87.43,18.81],[-87.37,18.83],[-87.26,18.8],[-87.21,18.71],[-87.25,18.53],[-87.32,18.4]],[[-84.02,18.73],[-84.04,18.81],[-83.95,18.89],[-83.84,18.93],[-83.75,18.91],[-83.75,18.87],[-83.82,18.8],[-84.02,18.73]],[[-83.99,18.43],[-84.13,18.52],[-83.99,18.58],[-83.94,18.46],[-83.99,18.43]],[[-76.0,18.36],[-76.0,18.41],[-75.9,18.49],[-75.71,18.56],[-75.72,18.48],[-76.0,18.36]],[[-78.24,17.59],[-78.21,17.55],[-78.24,17.5],[-78.32,17.48],[-78.39,17.5],[-78.36,17.56],[-78.24,17.59]],[[-75.95,17.48],[-75.91,17.48],[-75.93,17.36],[-75.99,17.33],[-76.07,17.36],[-76.05,17.44],[-75.95,17.48]],[[-63.9,17.34],[-63.89,17.45],[-63.5,17.6],[-63.48,17.69],[-63.19,17.69],[-63.16,17.67],[-63.19,17.39],[-63.33,17.24],[-63.49,17.24],[-63.67,17.19],[-63.81,17.33],[-63.9,17.34]],[[-64.58,17.7],[-64.89,17.64],[-64.94,17.68],[-64.91,17.79],[-64.85,17.82],[-64.7,17.79],[-64.45,17.82],[-64.58,17.7]],[[-67.85,18.14],[-67.81,18.1],[-67.86,18.03],[-67.96,18.07],[-67.94,18.14],[-67.85,18.14]],[[-81.24,19.26],[-81.27,19.24],[-81.42,19.26],[-81.45,19.41],[-81.33,19.42],[-81.1,19.38],[-81.06,19.35],[-81.09,19.28],[-81.24,19.26]],[[-79.75,19.79],[-79.71,19.77],[-79.71,19.73],[-79.8,19.67],[-80.09,19.63],[-80.14,19.65],[-80.12,19.72],[-79.91,19.74],[-79.75,19.79]],[[-86.37,21.18],[-86.36,21.07],[-86.4,21.0],[-86.44,20.98],[-86.46,21.11],[-86.43,21.17],[-86.37,21.18]],[[-73.11,21.32],[-73.07,21.55],[-72.99,21.59],[-72.79,21.54],[-72.8,21.5],[-72.95,21.41],[-72.95,21.22],[-73.0,21.18],[-73.0,21.1],[-73.1,21.0],[-73.14,20.86],[-73.25,20.93],[-73.39,20.89],[-73.54,20.91],[-73.62,20.88],[-73.71,20.91],[-73.75,21.02],[-73.7,21.13],[-73.4,21.26],[-73.23,21.21],[-73.11,21.32]],[[-79.88,24.18],[-79.48,23.52],[-79.48,23.45],[-79.53,23.41],[-79.69,23.41],[-79.82,23.48],[-79.99,23.48],[-80.15,23.57],[-80.42,23.64],[-80.51,23.72],[-80.49,24.01],[-80.17,24.12],[-79.88,24.18]],[[-85.92,16.52],[-85.77,16.56],[-85.75,16.48],[-85.89,16.39],[-86.01,16.4],[-86.02,16.44],[-85.92,16.52]],[[-86.16,16.48],[-86.11,16.44],[-86.11,16.38],[-86.22,16.39],[-86.6,16.24],[-86.68,16.25],[-86.66,16.33],[-86.49,16.44],[-86.38,16.47],[-86.16,16.48]],[[-61.14,14.61],[-61.25,14.79],[-61.25,14.86],[-61.17,14.92],[-60.97,14.95],[-60.89,15.03],[-60.79,15.05],[-60.74,14.51],[-60.76,14.45],[-60.87,14.38],[-61.07,14.43],[-61.13,14.51],[-61.11,14.55],[-61.14,14.61]],[[-80.18,14.47],[-80.11,14.42],[-80.12,14.35],[-80.27,14.31],[-80.41,14.22],[-80.46,14.23],[-80.47,14.26],[-80.36,14.46],[-80.18,14.47]],[[-81.07,14.41],[-81.12,14.26],[-81.11,14.12],[-81.22,14.03],[-81.31,14.0],[-81.4,14.16],[-81.31,14.32],[-81.29,14.5],[-81.09,14.6],[-81.07,14.41]],[[-61.05,14.09],[-60.93,14.18],[-60.87,14.16],[-60.83,14.09],[-60.84,13.79],[-60.93,13.64],[-61.01,13.66],[-61.11,13.8],[-61.05,14.09]],[[-81.28,13.56],[-81.25,13.49],[-81.3,13.34],[-81.37,13.26],[-81.44,13.26],[-81.46,13.34],[-81.36,13.53],[-81.28,13.56]],[[-61.3,13.28],[-61.24,13.38],[-61.19,13.41],[-61.12,13.39],[-61.07,13.28],[-61.1,13.16],[-61.03,12.99],[-61.15,12.63],[-61.46,12.22],[-61.53,12.05],[-61.84,11.81],[-62.08,11.79],[-62.1,11.83],[-62.03,11.91],[-62.03,11.96],[-61.83,12.05],[-61.75,12.22],[-61.67,12.28],[-61.54,12.46],[-61.48,12.7],[-61.41,12.8],[-61.31,12.85],[-61.31,13.0],[-61.24,13.08],[-61.24,13.13],[-61.29,13.15],[-61.3,13.28]],[[-59.51,12.98],[-59.67,13.11],[-59.68,13.31],[-59.62,13.37],[-59.4,13.17],[-59.44,13.02],[-59.51,12.98]],[[-64.26,11.94],[-64.22,11.88],[-64.31,11.79],[-64.32,11.67],[-64.36,11.62],[-64.57,11.79],[-64.68,11.82],[-64.61,11.93],[-64.54,11.94],[-64.39,11.89],[-64.26,11.94]],[[-66.6,11.74],[-66.77,11.7],[-66.86,11.71],[-66.99,11.81],[-66.99,11.91],[-66.85,12.04],[-66.72,12.07],[-66.62,12.05],[-66.54,11.99],[-66.51,11.91],[-66.53,11.83],[-66.6,11.74]],[[-67.41,12.03],[-67.36,12.0],[-67.37,11.95],[-67.44,11.91],[-67.48,11.93],[-67.52,11.98],[-67.52,12.02],[-67.43,12.08],[-67.41,12.03]],[[-67.65,12.07],[-67.61,11.98],[-67.64,11.95],[-67.7,11.98],[-67.71,12.07],[-67.67,12.09],[-67.65,12.07]],[[-68.2,12.07],[-68.23,12.0],[-68.28,12.0],[-68.44,12.23],[-68.42,12.33],[-68.3,12.33],[-68.17,12.24],[-68.16,12.15],[-68.2,12.07]],[[-68.72,12.08],[-68.73,12.02],[-68.82,12.01],[-69.0,12.1],[-69.19,12.28],[-69.19,12.4],[-69.15,12.42],[-69.08,12.39],[-68.99,12.25],[-68.81,12.19],[-68.72,12.08]],[[-66.18,11.74],[-66.22,11.83],[-66.12,11.94],[-66.02,11.99],[-66.01,11.92],[-66.08,11.78],[-66.18,11.74]],[[-81.76,12.43],[-81.76,12.57],[-81.67,12.63],[-81.64,12.47],[-81.69,12.48],[-81.76,12.43]],[[-81.26,12.26],[-81.31,12.29],[-81.29,12.36],[-81.14,12.39],[-81.15,12.3],[-81.26,12.26]],[[-81.87,12.23],[-81.8,12.22],[-81.78,12.14],[-81.82,12.05],[-81.89,12.01],[-81.94,12.03],[-81.95,12.1],[-81.87,12.23]],[[-66.6,11.1],[-66.51,11.06],[-66.47,10.96],[-66.48,10.9],[-66.66,10.97],[-66.74,10.97],[-66.73,11.06],[-66.6,11.1]]],[[[-9.52,43.01],[-36.82,45.3],[-46.66,1.46],[-46.51,1.33],[-46.46,1.18],[-46.15,0.94],[-45.47,0.58],[-45.35,0.46],[-45.11,0.38],[-44.71,0.32],[-44.61,0.17],[-44.56,0.2],[-44.5,0.18],[-44.32,-0.02],[-44.3,-0.11],[-43.79,-0.62],[-43.58,-0.91],[-43.55,-1.0],[-43.36,-1.22],[-43.31,-1.39],[-42.86,-1.87],[-42.71,-1.9],[-42.55,-2.01],[-42.26,-2.03],[-42.04,-2.13],[-41.8,-2.11],[-41.66,-2.18],[-41.01,-2.06],[-40.93,-1.93],[-40.89,-1.91],[-40.7,-2.11],[-40.59,-2.12],[-40.36,-2.06],[-40.24,-2.1],[-39.91,-2.14],[-39.33,-2.44],[-39.06,-2.78],[-38.59,-3.14],[-38.18,-3.28],[-37.79,-3.7],[-37.24,-4.17],[-36.88,-4.57],[-36.71,-4.6],[-36.62,-4.67],[-36.47,-4.7],[-36.45,-4.75],[-36.38,-4.77],[-35.97,-4.82],[-35.66,-4.7],[-35.37,-4.69],[-35.15,-4.75],[-35.09,-4.87],[-34.94,-5.56],[-34.97,-5.82],[-34.87,-6.02],[-34.85,-6.19],[-34.75,-6.26],[-34.71,-6.6],[-34.49,-7.07],[-9.46,4.81],[-9.83,5.17],[-9.88,5.29],[-9.98,5.38],[-10.17,5.45],[-10.36,5.67],[-10.65,5.79],[-10.67,5.84],[-10.75,5.86],[-10.94,6.15],[-11.08,6.2],[-11.25,6.39],[-11.42,6.44],[-11.51,6.58],[-11.83,6.81],[-12.05,6.82],[-12.16,6.94],[-12.26,6.99],[-12.31,7.09],[-12.49,7.13],[-12.69,7.22],[-12.98,7.21],[-13.68,7.36],[-13.75,7.46],[-14.16,7.74],[-14.26,7.92],[-14.33,8.13],[-14.3,8.24],[-14.38,8.41],[-14.32,8.45],[-14.17,8.32],[-14.12,8.43],[-14.16,8.49],[-14.47,8.57],[-14.51,8.65],[-14.63,8.67],[-14.68,8.83],[-14.83,8.96],[-15.04,8.96],[-15.09,9.01],[-15.21,9.01],[-15.33,9.13],[-15.43,9.15],[-15.5,9.22],[-15.62,9.22],[-15.69,9.27],[-16.15,9.41],[-16.19,9.49],[-16.36,9.51],[-16.41,9.61],[-16.51,9.59],[-16.58,9.67],[-16.55,9.82],[-16.67,9.92],[-16.65,10.03],[-16.81,10.11],[-16.79,10.33],[-16.92,10.53],[-17.09,10.54],[-17.2,10.6],[-17.23,10.66],[-17.12,10.67],[-17.11,10.71],[-17.18,10.85],[-17.24,10.85],[-17.31,10.77],[-17.35,10.81],[-17.23,11.02],[-17.32,11.09],[-17.39,11.41],[-17.37,11.53],[-17.42,11.65],[-17.37,11.74],[-17.39,11.77],[-17.35,11.91],[-17.39,12.05],[-17.39,12.26],[-17.54,12.39],[-17.67,12.69],[-17.65,12.76],[-17.68,12.77],[-17.71,12.89],[-17.66,12.92],[-17.66,13.0],[-17.49,13.42],[-17.49,13.57],[-17.42,13.81],[-17.47,13.85],[-17.47,13.95],[-17.56,14.07],[-17.54,14.19],[-17.56,14.43],[-17.63,14.77],[-17.51,14.91],[-17.35,14.96],[-17.32,15.13],[-17.2,15.26],[-17.01,15.85],[-16.96,15.92],[-16.96,16.06],[-16.87,16.21],[-16.87,16.35],[-16.82,16.45],[-16.82,16.59],[-16.77,16.76],[-16.79,17.05],[-16.75,17.12],[-16.65,17.45],[-16.57,17.56],[-16.55,17.84],[-16.51,17.98],[-16.52,18.24],[-16.63,18.73],[-16.7,18.76],[-16.77,18.99],[-16.76,19.19],[-17.0,19.45],[-17.15,19.73],[-17.32,19.85],[-17.51,19.9],[-17.66,20.14],[-17.63,20.26],[-17.68,20.39],[-17.67,20.97],[-17.54,21.15],[-17.5,21.31],[-17.49,21.61],[-17.42,21.85],[-17.42,22.11],[-17.2,22.66],[-17.06,23.29],[-16.75,24.01],[-16.73,24.14],[-16.38,24.55],[-16.31,24.85],[-15.91,25.45],[-15.81,25.49],[-15.75,25.58],[-15.55,25.6],[-15.19,25.88],[-15.11,25.9],[-15.07,26.03],[-14.87,26.12],[-14.73,26.31],[-14.2,26.65],[-13.99,26.89],[-13.89,26.86],[-13.79,26.91],[-13.72,27.02],[-13.65,27.48],[-13.3,28.05],[-12.63,28.71],[-12.21,28.97],[-11.69,29.05],[-11.37,29.24],[-10.98,29.27],[-10.37,29.72],[-10.06,30.0],[-9.99,30.13],[-9.98,30.37],[-10.19,30.73],[-10.1,30.87],[-10.18,31.05],[-10.21,31.52],[-10.12,31.76],[-10.27,31.83],[-10.28,31.87],[-10.15,31.85],[-9.91,32.05],[-9.91,32.09],[-9.85,32.14],[-9.83,32.29],[-9.57,32.69],[-9.51,32.92],[-9.14,33.27],[-9.04,33.29],[-9.0,33.36],[-8.62,33.66],[-8.11,33.93],[-6.96,34.31],[-6.88,34.49],[-6.86,34.73],[-6.67,34.93],[-6.49,35.28],[-6.44,35.62],[-5.77,35.94],[-5.72,35.91],[-5.36,35.95],[-5.26,35.93],[-5.2,35.69],[-5.11,35.6],[-4.99,35.57],[-4.77,35.31],[-4.34,35.24],[-4.32,35.27],[-4.39,35.33],[-4.39,35.4],[-4.27,35.43],[-4.17,35.4],[-4.24,35.26],[-4.16,35.25],[-3.95,35.33],[-3.81,35.33],[-3.67,35.43],[-3.52,35.38],[-3.16,35.41],[-3.04,35.5],[-2.89,35.55],[-2.8,35.51],[-2.66,35.31],[-2.29,35.31],[-2.13,35.26],[-1.96,35.31],[-1.84,35.29],[-1.75,35.32],[-1.31,35.6],[-1.23,35.73],[-0.95,35.78],[-0.74,35.86],[-0.64,35.84],[0.03,36.1],[0.13,36.2],[1.13,36.56],[1.66,36.58],[2.41,36.73],[2.58,36.72],[2.79,36.85],[3.51,36.85],[3.68,36.93],[3.81,36.96],[4.76,36.94],[5.07,36.87],[5.17,36.77],[5.35,36.72],[5.57,36.8],[5.64,36.88],[5.73,36.94],[6.03,36.95],[6.41,37.13],[6.51,37.12],[6.73,37.01],[6.85,37.04],[6.98,37.01],[7.22,37.14],[7.36,37.17],[7.7,37.04],[7.91,37.1],[8.33,37.15],[8.53,37.23],[8.67,37.18],[8.74,37.21],[8.83,37.18],[8.93,37.28],[8.9,37.35],[8.64,37.35],[8.6,37.37],[8.58,37.45],[8.77,37.57],[8.93,37.78],[9.08,37.81],[9.1,37.85],[9.18,37.83],[9.1,37.75],[9.11,37.69],[9.32,37.59],[9.34,37.54],[9.51,37.54],[9.68,37.45],[9.99,37.57],[10.13,37.54],[10.4,37.63],[10.46,37.78],[10.71,37.83],[10.81,37.93],[11.02,37.93],[11.05,37.93],[11.03,37.88],[10.83,37.71],[10.81,37.59],[10.69,37.57],[10.69,37.45],[10.56,37.45],[10.55,37.38],[10.62,37.31],[10.79,37.27],[10.9,37.28],[11.07,37.37],[11.13,37.34],[11.19,37.16],[11.43,37.08],[11.33,36.97],[11.39,36.91],[11.48,36.68],[11.45,36.53],[11.5,36.41],[11.48,36.33],[11.5,36.27],[11.45,36.17],[11.47,36.1],[11.6,36.1],[11.77,36.01],[11.88,36.14],[11.96,36.15],[12.01,35.98],[12.1,35.91],[12.18,35.77],[12.37,35.65],[12.44,35.69],[12.45,35.78],[12.24,35.81],[12.22,35.89],[12.45,35.98],[12.51,35.96],[12.55,35.9],[12.51,35.81],[12.58,35.77],[12.56,35.67],[12.7,35.65],[12.75,35.52],[12.82,35.5],[12.86,35.64],[12.92,35.67],[12.94,35.57],[13.09,35.45],[13.09,35.31],[13.36,35.24],[13.52,35.07],[13.54,34.98],[13.48,34.9],[13.4,34.85],[13.29,34.88],[13.02,34.76],[13.12,34.64],[13.33,34.61],[13.41,34.53],[13.55,34.47],[13.57,34.44],[13.51,34.34],[13.54,34.25],[13.46,34.18],[13.26,34.15],[12.89,34.19],[12.83,34.16],[12.88,33.98],[12.87,33.89],[12.71,33.85],[12.66,33.8],[12.65,33.73],[12.69,33.57],[12.81,33.41],[12.83,33.31],[13.18,33.22],[13.66,33.25],[13.83,33.08],[14.38,32.84],[14.5,32.86],[14.67,32.77],[14.7,32.64],[14.78,32.59],[15.32,32.55],[15.79,32.41],[15.94,32.19],[16.13,32.12],[16.13,32.02],[16.42,31.64],[16.57,31.57],[16.64,31.49],[17.0,31.45],[17.12,31.5],[17.33,31.45],[17.58,31.46],[18.17,31.18],[18.37,31.16],[19.12,30.65],[19.33,30.6],[19.49,30.65],[19.65,30.82],[19.71,30.97],[19.7,31.12],[19.47,31.71],[19.49,31.83],[19.44,31.95],[19.47,32.01],[19.85,32.21],[19.99,32.37],[20.11,32.58],[20.29,32.72],[20.84,32.74],[21.03,32.86],[21.39,32.86],[21.6,32.97],[21.87,33.01],[22.01,32.96],[22.16,32.98],[22.33,32.93],[22.49,33.01],[22.7,32.96],[23.04,32.99],[23.1,32.92],[23.07,32.79],[23.09,32.75],[23.55,32.48],[23.69,32.45],[23.77,32.36],[23.91,32.36],[24.01,32.26],[24.17,32.33],[24.48,32.23],[24.68,32.22],[25.03,32.14],[25.11,32.05],[25.21,32.0],[25.23,31.94],[25.18,31.81],[25.37,31.64],[25.46,31.68],[25.52,31.86],[25.56,31.88],[25.83,31.81],[26.0,31.83],[26.17,31.73],[26.29,31.79],[26.35,31.75],[26.43,31.61],[26.63,31.64],[26.99,31.48],[27.22,31.47],[27.49,31.37],[27.48,31.28],[27.51,31.27],[27.73,31.25],[27.87,31.3],[28.09,31.18],[28.28,31.23],[28.35,31.18],[28.47,31.18],[28.54,31.11],[28.71,31.11],[28.79,31.07],[29.23,31.03],[29.28,31.05],[29.43,31.21],[29.81,31.36],[29.92,31.56],[30.22,31.93],[30.63,32.05],[31.73,32.05],[31.83,32.07],[32.2,31.96],[32.87,31.66],[33.2,31.57],[33.57,31.63],[33.72,31.6],[33.89,31.64],[34.11,31.57],[34.36,31.77],[34.4,31.88],[34.57,32.05],[34.61,32.33],[34.77,32.58],[34.81,32.81],[35.15,33.35],[35.19,33.51],[35.35,33.64],[35.38,33.87],[35.6,34.02],[35.6,34.24],[35.72,34.4],[35.72,34.49],[35.81,34.69],[35.81,34.97],[35.89,35.24],[35.84,35.38],[35.71,35.49],[35.68,35.56],[35.79,35.72],[35.77,35.86],[35.9,35.96],[35.9,36.04],[35.8,36.14],[35.68,36.2],[35.63,36.19],[35.53,36.1],[35.53,36.17],[35.44,36.23],[35.07,36.17],[34.82,36.24],[34.68,36.43],[34.57,36.48],[34.45,36.47],[34.27,36.41],[34.04,36.15],[33.88,36.07],[33.22,36.08],[33.05,36.01],[32.96,36.03],[32.72,35.96],[32.64,35.98],[32.26,36.2],[32.03,36.47],[31.47,36.71],[30.87,36.75],[30.7,36.85],[30.65,36.83],[30.61,36.75],[30.63,36.51],[30.55,36.32],[30.47,36.19],[30.39,36.18],[30.28,36.24],[30.17,36.24],[29.67,36.09],[29.54,36.1],[29.4,36.21],[29.24,36.25],[29.07,36.38],[29.05,36.51],[28.87,36.55],[28.74,36.67],[28.61,36.67],[28.58,36.71],[28.42,36.72],[28.13,36.55],[28.0,36.53],[27.91,36.56],[27.89,36.52],[27.82,36.5],[27.73,36.57],[27.77,36.68],[27.7,36.67],[27.67,36.63],[27.54,36.65],[27.47,36.62],[27.34,36.67],[27.33,36.73],[27.48,36.83],[27.44,36.89],[27.14,36.73],[27.22,36.62],[27.24,36.57],[27.21,36.54],[27.11,36.55],[27.08,36.6],[27.09,36.69],[27.05,36.73],[26.98,36.65],[26.88,36.67],[26.79,36.78],[26.9,36.91],[26.89,37.03],[26.36,37.35],[26.33,37.4],[26.41,37.52],[26.24,37.54],[25.98,37.48],[25.92,37.51],[25.94,37.57],[26.09,37.69],[26.24,37.69],[26.36,37.73],[26.48,37.69],[26.67,37.83],[27.01,37.84],[27.06,37.86],[27.05,37.9],[26.92,37.98],[26.9,37.98],[26.93,37.93],[26.84,37.97],[26.67,38.12],[26.6,38.07],[26.54,38.1],[25.9,38.12],[25.75,38.36],[25.77,38.39],[25.9,38.36],[25.9,38.41],[25.81,38.51],[25.79,38.61],[26.21,38.65],[26.33,38.77],[26.45,38.79],[26.48,38.93],[26.17,38.98],[25.82,39.13],[25.76,39.12],[25.65,39.02],[25.54,39.01],[25.5,39.07],[25.49,39.25],[25.26,39.15],[25.19,39.17],[25.19,39.23],[25.37,39.34],[25.49,39.34],[25.61,39.4],[25.87,39.34],[26.11,39.38],[26.1,39.43],[25.96,39.51],[25.75,39.54],[25.64,39.49],[25.49,39.56],[25.11,39.39],[24.97,39.37],[24.8,39.43],[24.77,39.49],[24.87,39.61],[24.9,39.71],[24.89,39.89],[25.02,40.02],[25.35,40.13],[25.49,40.13],[25.54,40.18],[25.64,40.18],[25.81,40.28],[26.11,40.32],[26.4,40.45],[26.41,40.49],[26.38,40.51],[25.97,40.42],[25.72,40.42],[25.6,40.37],[25.41,40.34],[25.28,40.36],[25.16,40.49],[25.04,40.49],[24.96,40.54],[24.61,40.47],[24.41,40.57],[24.34,40.57],[24.27,40.42],[24.4,40.26],[24.43,40.17],[24.41,40.12],[24.29,40.1],[24.15,40.25],[24.01,40.25],[23.83,40.32],[23.83,40.25],[24.09,40.07],[24.1,40.01],[24.03,39.94],[23.91,39.93],[23.74,40.01],[23.67,40.11],[23.55,40.13],[23.53,40.11],[23.56,40.06],[23.76,39.99],[23.77,39.91],[23.7,39.88],[23.47,39.94],[23.32,39.84],[23.18,39.68],[23.15,39.55],[23.27,39.37],[23.36,39.3],[23.75,39.2],[23.9,39.27],[24.22,39.56],[24.26,39.49],[24.22,39.39],[24.12,39.29],[24.01,39.25],[24.03,39.17],[24.14,39.11],[24.13,39.04],[24.03,39.01],[24.03,39.08],[23.86,38.96],[23.8,39.04],[23.7,39.05],[23.6,39.1],[23.43,39.1],[23.41,39.07],[23.5,38.86],[23.55,38.86],[23.62,38.81],[23.74,38.79],[23.83,38.73],[24.15,38.72],[24.17,38.84],[24.23,38.83],[24.29,38.6],[24.26,38.4],[24.33,38.39],[24.45,38.5],[24.49,38.45],[24.46,38.38],[24.31,38.28],[24.32,38.22],[24.48,38.17],[24.62,38.2],[24.68,38.13],[24.63,38.02],[24.65,37.97],[24.83,38.04],[25.03,37.94],[25.11,37.75],[25.26,37.67],[25.35,37.56],[25.47,37.54],[25.54,37.49],[25.65,37.5],[25.69,37.45],[25.65,37.32],[25.67,37.24],[25.88,37.16],[25.88,37.23],[25.92,37.27],[26.03,37.25],[26.04,37.16],[25.9,37.13],[25.88,37.06],[25.81,37.04],[25.74,36.96],[25.75,36.88],[25.99,36.97],[26.22,36.91],[26.01,36.86],[25.9,36.77],[25.81,36.74],[25.74,36.74],[25.71,36.81],[25.66,36.83],[25.53,36.81],[25.52,36.73],[25.47,36.7],[25.37,36.56],[25.5,36.45],[25.53,36.34],[25.49,36.29],[25.4,36.27],[25.18,36.58],[24.89,36.56],[24.76,36.63],[24.75,36.66],[24.85,36.73],[25.02,36.68],[25.07,36.69],[25.16,36.79],[25.1,36.85],[24.87,36.8],[24.76,36.86],[24.68,36.7],[24.51,36.58],[24.32,36.57],[24.25,36.66],[24.22,36.73],[24.26,36.83],[24.37,36.8],[24.49,36.87],[24.63,36.87],[24.63,37.08],[24.72,37.06],[24.8,36.96],[24.83,36.98],[24.85,37.18],[24.77,37.35],[24.78,37.51],[24.6,37.61],[24.61,37.64],[24.75,37.69],[24.88,37.61],[24.92,37.61],[24.93,37.65],[24.89,37.71],[24.65,37.84],[24.61,37.84],[24.47,37.67],[24.51,37.37],[24.66,37.28],[24.68,37.23],[24.64,37.17],[24.51,37.08],[24.39,37.09],[24.35,37.13],[24.32,37.36],[24.34,37.45],[24.25,37.51],[24.2,37.63],[24.01,37.57],[23.99,37.52],[24.01,37.45],[23.97,37.42],[23.91,37.43],[23.8,37.38],[23.77,37.42],[23.57,37.47],[23.57,37.4],[23.62,37.37],[23.57,37.33],[23.59,37.25],[23.55,37.22],[23.36,37.25],[23.25,37.19],[23.16,37.19],[23.07,37.26],[23.02,37.4],[22.83,37.47],[22.82,37.41],[22.94,37.17],[23.01,37.1],[23.06,36.91],[23.14,36.79],[23.09,36.64],[23.23,36.46],[23.22,36.41],[23.13,36.36],[23.13,36.22],[23.16,36.1],[23.33,35.95],[23.36,35.83],[23.31,35.8],[23.05,36.08],[22.93,36.1],[22.86,36.16],[22.89,36.54],[22.88,36.59],[22.84,36.64],[22.79,36.65],[22.79,36.7],[22.66,36.75],[22.58,36.68],[22.52,36.57],[22.54,36.45],[22.53,36.39],[22.49,36.36],[22.33,36.5],[22.32,36.71],[22.27,36.8],[22.2,36.87],[22.13,36.89],[22.06,36.97],[22.0,36.95],[22.02,36.77],[21.98,36.72],[21.78,36.67],[21.68,36.72],[21.63,36.93],[21.5,37.05],[21.52,37.17],[21.61,37.36],[21.55,37.5],[21.29,37.59],[21.2,37.73],[21.0,37.86],[20.98,37.84],[21.03,37.69],[21.01,37.64],[20.8,37.63],[20.59,37.81],[20.62,37.99],[20.34,38.13],[20.31,38.21],[20.37,38.38],[20.49,38.44],[20.53,38.5],[20.53,39.04],[20.49,39.07],[20.33,39.03],[20.17,39.13],[20.0,39.34],[19.83,39.43],[19.71,39.63],[19.47,39.69],[19.35,39.81],[19.34,39.89],[19.47,39.95],[19.56,40.06],[19.68,40.03],[19.68,40.06],[19.46,40.19],[19.29,40.35],[19.18,40.47],[19.13,40.64],[18.98,40.82],[18.96,40.87],[18.99,40.97],[18.92,41.1],[18.92,41.42],[18.94,41.57],[18.63,41.81],[18.61,42.01],[18.49,42.15],[18.49,42.27],[18.3,42.39],[17.9,42.53],[17.26,42.57],[16.85,42.44],[16.67,42.47],[16.65,42.45],[16.71,42.37],[16.69,42.27],[16.78,42.17],[16.71,42.05],[16.85,41.89],[16.85,41.81],[16.95,41.65],[17.06,41.54],[17.11,41.32],[17.16,41.29],[17.29,41.31],[17.38,41.14],[17.43,41.14],[17.48,41.08],[18.06,40.98],[18.19,40.82],[18.32,40.78],[18.37,40.73],[18.46,40.73],[18.61,40.52],[18.61,40.35],[18.77,40.02],[18.75,39.9],[18.56,39.73],[18.37,39.67],[18.16,39.66],[18.08,39.73],[17.89,39.77],[17.86,40.01],[17.31,40.33],[17.02,40.43],[16.93,40.41],[16.76,39.97],[16.8,39.84],[16.76,39.82],[16.6,39.84],[16.57,39.74],[16.62,39.69],[16.9,39.62],[17.14,39.49],[17.19,39.41],[17.16,39.28],[17.24,39.1],[17.24,38.96],[17.12,38.85],[16.8,38.84],[16.61,38.75],[16.59,38.71],[16.65,38.54],[16.62,38.4],[16.47,38.29],[16.3,38.23],[16.23,38.16],[16.21,37.99],[16.17,37.92],[16.02,37.85],[15.9,37.9],[15.72,37.9],[15.62,37.97],[15.6,38.11],[15.57,38.14],[15.27,37.78],[15.18,37.54],[15.17,37.45],[15.28,37.29],[15.37,37.01],[15.25,36.85],[15.32,36.65],[15.45,36.5],[15.46,36.44],[15.37,36.34],[15.31,36.18],[15.34,35.6],[15.27,35.57],[15.12,35.42],[14.79,35.48],[14.48,35.74],[14.31,35.79],[14.21,35.99],[14.16,36.02],[14.16,36.08],[14.2,36.11],[14.38,36.14],[14.44,36.17],[14.5,36.33],[14.36,36.58],[14.33,36.77],[14.09,36.94],[13.75,36.99],[13.43,37.11],[13.3,37.23],[13.03,37.36],[12.85,37.35],[12.74,37.3],[12.77,37.25],[12.93,37.26],[12.95,37.2],[12.89,37.1],[12.68,37.13],[12.7,36.99],[12.61,36.89],[12.46,36.89],[12.34,36.85],[12.17,36.97],[11.89,37.01],[11.72,37.25],[11.57,37.36],[11.47,37.35],[11.3,37.5],[11.39,37.54],[11.6,37.4],[11.62,37.42],[11.63,37.52],[11.72,37.59],[11.83,37.77],[11.89,37.78],[12.06,37.65],[12.21,37.71],[12.21,37.79],[12.02,37.92],[12.01,38.02],[12.03,38.05],[12.15,38.02],[12.17,38.09],[12.23,38.14],[12.39,38.09],[12.49,38.21],[12.53,38.15],[12.58,38.14],[12.74,38.22],[12.78,38.2],[12.82,38.13],[12.9,38.11],[13.06,38.24],[13.35,38.29],[13.45,38.17],[13.69,38.09],[14.15,38.07],[14.39,38.16],[14.6,38.14],[14.77,38.21],[15.15,38.19],[15.22,38.29],[15.36,38.26],[15.55,38.38],[15.7,38.3],[15.77,38.31],[15.87,38.55],[15.79,38.69],[16.07,38.78],[16.11,38.83],[16.01,39.01],[15.99,39.32],[15.75,39.63],[15.72,39.77],[15.73,39.89],[15.7,39.95],[15.66,39.99],[15.51,40.01],[15.34,39.92],[15.22,39.99],[15.05,40.01],[14.84,40.16],[14.72,40.16],[14.59,40.33],[14.75,40.49],[14.71,40.58],[14.62,40.62],[14.2,40.51],[14.16,40.59],[14.2,40.69],[13.85,40.68],[13.82,40.72],[13.85,40.89],[13.73,40.93],[13.64,41.02],[13.52,41.05],[13.25,41.03],[13.13,40.98],[13.04,40.85],[12.81,40.88],[12.76,40.92],[12.76,40.98],[12.94,41.0],[12.96,41.06],[12.29,41.4],[11.98,41.79],[11.74,41.89],[11.69,41.96],[11.42,42.12],[11.05,42.13],[10.77,42.35],[10.79,42.5],[10.71,42.55],[10.42,42.56],[10.3,42.44],[10.35,42.39],[10.36,42.3],[10.22,42.28],[10.19,42.14],[10.13,42.14],[10.02,42.31],[10.04,42.49],[9.99,42.65],[9.94,42.7],[9.94,42.77],[9.85,42.94],[9.73,43.03],[9.8,43.18],[9.94,43.23],[9.95,43.27],[9.85,43.45],[9.92,43.57],[9.83,43.69],[9.79,43.87],[9.61,44.07],[9.29,44.26],[9.03,44.29],[8.9,44.35],[8.55,44.29],[8.36,44.11],[8.19,43.9],[8.06,43.81],[7.66,43.76],[7.37,43.7],[7.35,43.67],[7.26,43.68],[7.09,43.49],[6.99,43.49],[6.97,43.45],[6.77,43.35],[6.77,43.21],[6.61,43.13],[6.63,43.04],[6.61,43.01],[6.33,42.95],[6.14,42.94],[5.98,43.01],[5.6,42.99],[5.47,43.1],[5.35,43.07],[5.21,43.11],[5.04,43.08],[4.88,42.94],[4.69,42.87],[4.47,42.94],[4.38,42.83],[4.1,42.76],[3.94,42.77],[3.87,42.73],[3.75,42.73],[3.45,42.39],[3.44,42.33],[3.53,42.22],[3.46,42.01],[3.32,41.91],[3.32,41.86],[3.41,41.74],[3.27,41.6],[3.04,41.52],[2.84,41.57],[2.79,41.48],[2.71,41.41],[2.29,41.29],[2.04,41.14],[1.69,41.09],[1.37,40.99],[1.33,40.91],[1.37,40.77],[1.37,40.56],[1.18,40.16],[0.99,40.04],[0.87,39.85],[0.74,39.73],[0.61,39.65],[0.51,39.68],[0.33,39.63],[0.15,39.53],[0.08,39.46],[0.05,39.39],[0.07,39.27],[0.44,38.92],[0.41,38.77],[0.48,38.65],[0.47,38.56],[0.34,38.36],[0.22,38.31],[0.13,38.21],[0.05,38.21],[0.01,38.17],[-0.14,38.14],[-0.31,38.05],[-0.45,38.01],[-0.47,37.93],[-0.35,37.81],[-0.52,37.57],[-0.89,37.47],[-1.09,37.52],[-1.26,37.5],[-1.72,37.24],[-1.8,37.12],[-1.85,36.86],[-2.03,36.75],[-2.16,36.59],[-2.21,36.59],[-2.27,36.69],[-2.37,36.72],[-2.44,36.69],[-2.49,36.7],[-2.51,36.65],[-2.84,36.56],[-3.08,36.68],[-3.4,36.66],[-3.61,36.68],[-3.7,36.66],[-4.19,36.67],[-4.63,36.41],[-5.03,36.39],[-5.16,36.3],[-5.29,36.13],[-5.46,36.03],[-5.64,35.97],[-5.92,35.99],[-5.98,35.95],[-6.11,35.96],[-6.28,35.91],[-6.39,35.96],[-6.52,36.1],[-6.62,36.25],[-6.64,36.39],[-6.69,36.41],[-6.71,36.49],[-6.95,36.73],[-7.09,36.76],[-7.15,36.87],[-7.59,36.95],[-7.77,36.94],[-8.01,36.84],[-9.04,36.85],[-9.09,36.92],[-9.14,37.12],[-9.02,37.58],[-9.09,37.98],[-9.06,38.32],[-9.23,38.36],[-9.35,38.45],[-9.57,38.45],[-9.69,38.69],[-9.83,38.69],[-10.05,38.91],[-9.95,39.03],[-9.99,39.1],[-9.98,39.15],[-9.76,39.41],[-9.67,39.43],[-9.62,39.49],[-9.42,39.55],[-9.59,39.65],[-9.61,39.91],[-9.58,40.07],[-9.57,40.38],[-9.29,40.72],[-9.28,40.8],[-9.34,40.92],[-9.35,41.02],[-9.28,41.09],[-9.26,41.24],[-9.16,41.38],[-9.21,41.6],[-9.36,41.76],[-9.4,41.86],[-9.3,42.17],[-9.31,42.23],[-9.28,42.25],[-9.27,42.38],[-9.52,42.73],[-9.52,43.01]],[[-31.14,39.63],[-31.18,39.69],[-31.17,39.73],[-31.07,39.75],[-31.06,39.68],[-31.14,39.63]],[[-31.27,39.33],[-31.31,39.38],[-31.31,39.48],[-31.24,39.61],[-31.2,39.6],[-31.11,39.54],[-31.1,39.41],[-31.16,39.33],[-31.27,39.33]],[[-28.0,38.98],[-28.11,39.05],[-28.07,39.15],[-27.99,39.13],[-27.91,39.06],[-27.93,39.0],[-28.0,38.98]],[[-27.24,38.84],[-27.09,38.83],[-26.95,38.7],[-27.08,38.6],[-27.35,38.64],[-27.4,38.69],[-27.42,38.77],[-27.34,38.83],[-27.24,38.84]],[[-27.76,38.61],[-27.73,38.55],[-27.77,38.51],[-28.04,38.56],[-28.26,38.66],[-28.39,38.79],[-28.36,38.81],[-27.76,38.61]],[[-28.25,38.52],[-28.04,38.47],[-28.01,38.4],[-28.24,38.35],[-28.3,38.38],[-28.46,38.38],[-28.58,38.49],[-28.74,38.49],[-28.87,38.6],[-28.72,38.67],[-28.31,38.57],[-28.25,38.52]],[[-25.51,37.68],[-25.8,37.75],[-25.88,37.81],[-25.89,37.91],[-25.76,37.94],[-25.65,37.88],[-25.17,37.91],[-25.07,37.87],[-25.07,37.82],[-25.15,37.73],[-25.51,37.68]],[[-25.18,36.92],[-25.23,36.99],[-25.17,37.11],[-25.05,37.06],[-24.99,36.98],[-25.02,36.91],[-25.18,36.92]],[[-16.35,32.99],[-16.42,33.02],[-16.46,33.1],[-16.4,33.2],[-16.29,33.15],[-16.25,33.07],[-16.29,33.0],[-16.35,32.99]],[[-16.99,32.62],[-17.26,32.73],[-17.34,32.78],[-17.34,32.83],[-17.18,32.9],[-17.06,32.84],[-16.92,32.87],[-16.63,32.81],[-16.47,32.53],[-16.45,32.41],[-16.51,32.42],[-16.61,32.65],[-16.67,32.72],[-16.73,32.71],[-16.79,32.63],[-16.99,32.62]],[[-13.7,31.08],[-13.74,31.12],[-13.73,31.18],[-13.68,31.22],[-13.63,31.21],[-13.57,31.12],[-13.7,31.08]],[[-15.87,30.1],[-15.9,30.14],[-15.86,30.18],[-15.82,30.14],[-15.87,30.1]],[[-13.91,28.89],[-13.87,29.02],[-13.55,29.33],[-13.52,29.44],[-13.38,29.45],[-13.27,29.42],[-13.26,29.31],[-13.41,29.14],[-13.44,29.01],[-13.5,28.93],[-13.72,28.84],[-13.78,28.78],[-13.87,28.18],[-13.92,28.15],[-14.14,28.14],[-14.32,28.01],[-14.44,28.01],[-14.61,27.92],[-14.79,27.94],[-14.8,28.0],[-14.63,28.09],[-14.54,28.2],[-14.35,28.25],[-14.27,28.47],[-14.13,28.6],[-14.06,28.76],[-13.92,28.82],[-13.91,28.89]],[[-15.4,28.21],[-15.31,27.86],[-15.37,27.74],[-15.67,27.68],[-15.76,27.71],[-15.87,27.8],[-15.92,27.88],[-15.93,27.98],[-15.85,28.13],[-15.71,28.2],[-15.4,28.21]],[[-17.91,27.88],[-17.85,27.8],[-17.97,27.62],[-18.18,27.7],[-18.18,27.78],[-17.91,27.88]],[[-16.39,28.14],[-16.51,28.01],[-16.7,27.97],[-16.86,28.19],[-16.93,28.32],[-16.94,28.4],[-16.9,28.43],[-16.55,28.46],[-16.31,28.64],[-16.11,28.62],[-16.07,28.59],[-16.09,28.52],[-16.32,28.35],[-16.32,28.3],[-16.39,28.14]],[[-17.21,27.99],[-17.37,28.06],[-17.44,28.16],[-17.44,28.24],[-17.26,28.29],[-17.16,28.28],[-17.06,28.22],[-17.03,28.16],[-17.06,28.08],[-17.21,27.99]],[[-17.71,28.61],[-17.81,28.44],[-17.85,28.43],[-18.03,28.74],[-18.01,28.82],[-17.86,28.89],[-17.76,28.87],[-17.69,28.76],[-17.73,28.68],[-17.71,28.61]],[[-25.3,16.89],[-25.37,16.95],[-25.38,17.09],[-25.27,17.17],[-25.11,17.23],[-25.03,17.21],[-24.94,17.12],[-24.97,16.99],[-24.83,16.97],[-24.81,16.88],[-24.63,16.75],[-24.59,16.66],[-24.62,16.61],[-24.67,16.62],[-24.86,16.78],[-25.05,16.73],[-25.12,16.78],[-25.15,16.88],[-25.3,16.89]],[[-23.05,16.74],[-23.01,16.83],[-22.93,16.89],[-22.89,16.88],[-22.83,16.72],[-22.86,16.58],[-22.95,16.57],[-23.05,16.74]],[[-24.0,16.56],[-24.02,16.53],[-24.11,16.53],[-24.21,16.57],[-24.33,16.42],[-24.37,16.44],[-24.46,16.65],[-24.44,16.69],[-24.34,16.71],[-24.28,16.67],[-24.06,16.64],[-24.01,16.62],[-24.0,16.56]],[[-23.31,15.37],[-23.2,15.53],[-23.27,15.7],[-23.25,15.79],[-23.08,15.98],[-23.1,16.21],[-23.0,16.33],[-22.87,16.35],[-22.6,16.15],[-22.59,16.08],[-22.63,15.97],[-22.72,15.87],[-22.93,15.9],[-22.96,15.84],[-22.96,15.7],[-23.03,15.68],[-23.13,15.56],[-23.06,15.25],[-23.07,15.14],[-23.11,15.1],[-23.21,15.08],[-23.27,15.14],[-23.31,15.37]],[[-23.74,15.36],[-23.67,15.33],[-23.4,15.07],[-23.42,14.95],[-23.48,14.89],[-23.69,14.91],[-23.8,15.03],[-23.82,15.18],[-23.78,15.24],[-23.82,15.3],[-23.74,15.36]],[[-24.29,15.03],[-24.24,14.9],[-24.27,14.81],[-24.42,14.79],[-24.54,14.89],[-24.55,14.96],[-24.48,15.03],[-24.37,15.08],[-24.29,15.03]],[[-24.7,14.93],[-24.65,14.84],[-24.73,14.77],[-24.78,14.82],[-24.79,14.88],[-24.7,14.93]],[[-29.39,0.8],[-29.46,0.87],[-29.38,0.92],[-29.32,0.86],[-29.34,0.82],[-29.39,0.8]],[[-32.4,-3.78],[-32.34,-3.79],[-32.33,-3.9],[-32.38,-3.92],[-32.48,-3.9],[-32.48,-3.83],[-32.4,-3.78]],[[-33.7,-3.92],[-33.76,-3.93],[-33.83,-3.91],[-33.91,-3.81],[-33.67,-3.81],[-33.7,-3.92]],[[-35.97,-3.91],[-35.83,-3.97],[-35.79,-4.02],[-35.81,-4.06],[-35.88,-4.07],[-36.03,-3.99],[-36.04,-3.95],[-35.97,-3.91]],[[-3.11,35.96],[-3.05,36.01],[-2.87,36.02],[-3.0,35.89],[-3.14,35.84],[-3.15,35.88],[-3.11,35.96]],[[12.03,36.71],[11.92,36.77],[11.9,36.85],[12.01,36.86],[12.06,36.83],[12.08,36.76],[12.03,36.71]],[[12.79,36.78],[12.74,36.82],[12.77,36.94],[12.9,37.01],[12.99,37.02],[13.01,36.86],[12.93,36.81],[12.79,36.78]],[[11.6,36.29],[11.58,36.37],[11.74,36.58],[11.74,36.63],[11.82,36.65],[11.77,36.58],[11.81,36.51],[11.88,36.48],[11.86,36.38],[11.79,36.32],[11.6,36.29]],[[12.84,35.83],[12.82,35.88],[12.89,35.9],[12.9,35.83],[12.84,35.83]],[[13.46,35.32],[13.34,35.39],[13.34,35.44],[13.38,35.48],[13.46,35.48],[13.51,35.42],[13.51,35.34],[13.46,35.32]],[[23.48,35.32],[23.54,35.43],[23.55,35.66],[23.59,35.68],[23.67,35.65],[23.74,35.72],[23.93,35.65],[24.17,35.65],[24.3,35.46],[24.37,35.42],[24.49,35.43],[24.57,35.48],[24.92,35.48],[25.11,35.43],[25.23,35.49],[25.45,35.4],[25.72,35.41],[25.85,35.38],[25.87,35.24],[26.22,35.38],[26.33,35.39],[26.4,35.33],[26.36,35.25],[26.38,35.13],[26.19,34.92],[26.11,34.9],[25.97,35.0],[25.82,34.98],[25.79,34.94],[25.78,34.83],[25.73,34.81],[25.67,34.82],[25.65,34.94],[25.61,34.98],[25.35,34.96],[25.11,34.91],[24.73,34.9],[24.7,34.95],[24.58,34.98],[24.57,35.08],[24.49,35.12],[24.38,35.16],[24.04,35.16],[23.98,35.2],[23.83,35.22],[23.6,35.21],[23.51,35.25],[23.48,35.32]],[[27.13,35.73],[27.13,35.81],[27.17,35.86],[27.25,35.89],[27.25,35.73],[27.2,35.65],[27.27,35.53],[27.26,35.46],[27.14,35.37],[27.03,35.38],[26.88,35.32],[26.81,35.33],[26.8,35.45],[27.03,35.5],[27.04,35.62],[27.13,35.73]],[[27.7,35.79],[27.66,36.17],[27.48,36.19],[27.49,36.25],[27.87,36.35],[28.08,36.46],[28.27,36.47],[28.26,36.36],[28.13,36.16],[28.11,36.04],[28.05,36.03],[27.76,35.8],[27.7,35.79]],[[25.92,36.29],[25.86,36.25],[25.77,36.26],[25.68,36.31],[25.67,36.36],[25.76,36.43],[25.84,36.43],[25.93,36.32],[25.92,36.29]],[[27.26,36.44],[27.27,36.49],[27.36,36.51],[27.46,36.44],[27.47,36.38],[27.37,36.35],[27.26,36.44]],[[26.37,36.5],[26.31,36.48],[26.12,36.54],[26.21,36.62],[26.35,36.67],[26.49,36.62],[26.49,36.54],[26.37,36.5]],[[34.58,35.73],[34.62,35.7],[34.59,35.62],[34.3,35.45],[34.19,35.31],[34.0,35.28],[33.99,35.21],[34.12,35.03],[34.12,34.94],[33.75,34.91],[33.7,34.88],[33.68,34.78],[33.34,34.64],[33.17,34.64],[32.99,34.53],[32.92,34.53],[32.79,34.59],[32.43,34.64],[32.21,35.08],[32.25,35.16],[32.38,35.12],[32.57,35.24],[32.77,35.21],[32.82,35.26],[32.84,35.41],[32.89,35.45],[33.32,35.38],[33.71,35.41],[34.58,35.73]],[[15.25,34.76],[15.15,34.65],[15.03,34.69],[15.1,34.81],[15.08,34.93],[15.21,35.05],[15.31,35.08],[15.53,35.07],[15.6,35.1],[15.69,35.01],[15.73,34.92],[15.7,34.87],[15.36,34.84],[15.25,34.76]],[[24.13,34.79],[24.02,34.81],[23.94,34.9],[23.87,34.93],[23.87,34.96],[23.95,35.01],[24.07,34.99],[24.19,34.85],[24.18,34.81],[24.13,34.79]],[[14.29,34.3],[14.25,34.36],[14.25,34.43],[14.35,34.45],[14.44,34.41],[14.43,34.33],[14.29,34.3]],[[25.68,38.57],[25.67,38.53],[25.53,38.48],[25.48,38.49],[25.45,38.55],[25.5,38.64],[25.6,38.68],[25.64,38.67],[25.68,38.57]],[[25.44,38.92],[25.49,38.86],[25.49,38.79],[25.35,38.72],[25.09,38.89],[25.2,38.99],[25.34,38.97],[25.44,38.92]],[[24.58,38.74],[24.33,38.82],[24.44,39.25],[24.3,39.32],[24.31,39.39],[24.4,39.37],[24.53,39.08],[24.72,38.92],[24.71,38.77],[24.58,38.74]],[[23.92,36.83],[23.86,36.81],[23.85,36.87],[23.91,36.86],[23.92,36.83]],[[23.46,36.87],[23.42,36.92],[23.45,36.96],[23.5,36.91],[23.46,36.87]],[[15.04,38.38],[14.97,38.34],[14.84,38.52],[14.77,38.55],[14.77,38.59],[14.86,38.61],[14.97,38.55],[15.04,38.38]],[[1.44,38.5],[1.35,38.5],[1.28,38.55],[1.12,38.55],[0.99,38.77],[1.04,38.86],[1.01,38.96],[1.21,39.12],[1.45,39.18],[1.68,39.18],[1.76,39.13],[1.78,39.05],[1.69,38.93],[1.62,38.78],[1.62,38.62],[1.44,38.5]],[[2.77,38.95],[2.72,38.98],[2.71,39.14],[2.55,39.26],[2.41,39.34],[2.2,39.31],[2.14,39.32],[2.09,39.58],[2.28,39.75],[2.42,39.77],[2.72,39.95],[3.21,40.06],[3.61,40.04],[3.75,40.21],[3.85,40.16],[4.04,40.2],[4.21,40.18],[4.47,39.9],[4.49,39.8],[4.41,39.74],[4.28,39.75],[4.06,39.85],[3.8,39.83],[3.77,39.68],[3.37,39.32],[3.13,39.17],[2.95,39.01],[2.77,38.95]],[[8.03,40.31],[7.93,40.49],[7.94,40.64],[8.18,41.08],[8.31,41.18],[8.47,41.17],[8.61,41.07],[8.69,41.08],[8.73,41.13],[8.75,41.67],[8.63,41.74],[8.68,41.84],[8.53,41.88],[8.55,41.99],[8.62,42.06],[8.5,42.17],[8.55,42.29],[8.53,42.4],[8.6,42.46],[8.62,42.58],[8.77,42.7],[8.96,42.73],[9.11,42.8],[9.29,42.8],[9.26,43.01],[9.3,43.07],[9.37,43.09],[9.42,43.27],[9.51,43.29],[9.61,43.09],[9.53,42.75],[9.68,42.53],[9.63,42.39],[9.68,42.19],[9.66,42.1],[9.53,41.86],[9.47,41.81],[9.46,41.74],[9.68,41.29],[9.85,41.21],[9.94,40.88],[9.87,40.73],[10.01,40.59],[9.99,40.49],[9.9,40.35],[9.7,40.25],[9.8,40.09],[9.77,39.58],[9.79,39.46],[9.68,39.34],[9.7,39.21],[9.56,39.05],[9.36,39.15],[9.32,39.14],[9.2,38.98],[9.21,38.92],[9.27,38.89],[9.27,38.86],[9.17,38.84],[9.13,38.72],[8.93,38.69],[8.84,38.72],[8.52,38.62],[8.1,38.92],[8.01,39.04],[7.99,39.16],[8.04,39.32],[8.09,39.34],[8.14,39.49],[8.21,39.58],[8.12,39.83],[8.17,40.01],[8.05,40.18],[8.03,40.31]],[[13.39,40.76],[13.4,40.82],[13.46,40.82],[13.44,40.76],[13.39,40.76]],[[15.19,38.75],[15.17,38.82],[15.25,38.83],[15.25,38.76],[15.19,38.75]],[[13.2,38.74],[13.22,38.68],[13.14,38.67],[13.13,38.73],[13.2,38.74]],[[14.51,38.58],[14.57,38.61],[14.61,38.55],[14.54,38.53],[14.51,38.58]],[[14.39,38.56],[14.37,38.51],[14.32,38.53],[14.33,38.58],[14.39,38.56]]],[[[130.2,-0.9],[130.07,-0.77],[130.03,-0.78],[129.87,-0.98],[129.89,-1.08],[129.99,-1.14],[129.99,-1.19],[129.78,-1.3],[129.67,-1.3],[129.61,-1.24],[129.53,-1.33],[129.48,-1.34],[129.33,-1.26],[129.27,-1.19],[129.3,-1.11],[129.37,-1.08],[129.5,-1.13],[129.57,-1.22],[129.65,-1.19],[129.7,-1.08],[129.59,-0.87],[129.61,-0.74],[129.71,-0.66],[130.0,-0.64],[130.08,-0.57],[130.06,-0.28],[129.87,-0.0],[129.7,-0.0],[129.58,-0.23],[129.54,-0.25],[129.43,-0.23],[129.34,-0.19],[129.36,-0.1],[129.29,-0.0],[127.98,-0.0],[128.06,-0.17],[128.09,-0.33],[128.23,-0.36],[128.33,-0.43],[128.48,-0.43],[128.65,-0.64],[128.66,-0.74],[128.62,-0.79],[128.53,-0.81],[128.48,-0.92],[128.49,-0.97],[128.6,-1.14],[128.58,-1.19],[128.52,-1.22],[128.36,-1.19],[128.25,-1.12],[128.15,-1.1],[127.97,-0.88],[127.91,-0.88],[127.73,-0.95],[127.61,-0.89],[127.32,-0.86],[127.14,-0.79],[127.01,-0.47],[127.04,-0.38],[126.99,-0.24],[127.13,-0.0],[120.23,-0.0],[120.08,-0.21],[120.12,-0.61],[120.2,-0.71],[120.33,-0.78],[120.37,-0.85],[120.42,-0.85],[120.82,-0.64],[121.04,-0.61],[121.08,-0.63],[121.07,-0.74],[120.73,-0.99],[120.75,-1.07],[120.7,-1.15],[120.81,-1.25],[120.99,-1.26],[121.16,-1.21],[121.32,-1.03],[121.37,-0.88],[121.54,-0.72],[121.5,-0.55],[121.63,-0.33],[121.61,-0.26],[121.54,-0.18],[121.55,-0.11],[121.67,-0.07],[121.83,-0.16],[122.0,-0.09],[122.11,-0.11],[122.21,-0.09],[122.29,-0.14],[122.38,-0.14],[122.57,-0.27],[122.79,-0.28],[123.03,-0.47],[123.34,-0.5],[123.49,-0.6],[123.56,-0.68],[123.55,-0.72],[123.34,-1.12],[123.56,-1.22],[123.69,-1.4],[123.83,-1.47],[124.24,-1.44],[124.42,-1.52],[124.83,-1.6],[124.97,-1.55],[125.36,-1.72],[125.74,-1.7],[126.12,-1.78],[126.49,-1.78],[126.53,-1.82],[126.52,-1.86],[126.46,-1.88],[126.15,-1.93],[126.03,-2.02],[126.0,-2.15],[126.12,-2.44],[126.05,-2.51],[125.94,-2.42],[125.92,-2.3],[125.77,-2.03],[125.65,-1.97],[125.37,-1.98],[125.24,-1.91],[125.08,-1.98],[124.78,-1.99],[124.42,-2.13],[124.14,-2.01],[123.93,-2.16],[123.63,-2.2],[123.46,-2.27],[123.32,-2.18],[123.13,-2.26],[123.08,-2.15],[122.94,-2.21],[122.84,-2.16],[122.86,-2.11],[123.03,-1.93],[123.02,-1.79],[122.98,-1.74],[122.83,-1.69],[122.77,-1.58],[122.64,-1.59],[122.74,-1.48],[122.76,-1.3],[122.88,-1.16],[122.98,-1.17],[123.2,-1.11],[123.18,-1.05],[123.02,-0.94],[122.86,-0.97],[122.67,-1.19],[122.62,-1.31],[122.21,-1.77],[122.15,-1.79],[122.09,-1.86],[121.94,-1.9],[121.81,-2.13],[121.86,-2.29],[122.11,-2.69],[122.25,-2.77],[122.45,-2.97],[122.61,-2.99],[122.71,-3.23],[122.86,-3.35],[122.96,-3.31],[123.02,-3.32],[123.19,-3.52],[123.21,-3.63],[123.2,-3.67],[123.05,-3.69],[122.81,-3.45],[122.76,-3.43],[122.69,-3.44],[122.6,-3.54],[122.57,-3.76],[122.64,-3.85],[122.81,-3.86],[122.84,-3.95],[123.01,-3.93],[123.11,-3.98],[123.21,-3.96],[123.32,-4.03],[123.31,-4.15],[123.1,-4.34],[123.31,-4.65],[123.29,-4.81],[123.25,-4.89],[123.05,-4.94],[123.01,-5.02],[123.05,-5.1],[123.25,-5.23],[123.26,-5.32],[123.13,-5.44],[122.98,-5.47],[122.83,-5.71],[122.68,-5.74],[122.44,-5.71],[122.44,-5.43],[122.02,-5.56],[121.71,-5.44],[121.59,-5.27],[121.57,-5.13],[121.37,-4.84],[121.37,-4.72],[121.42,-4.67],[121.3,-4.24],[121.11,-4.1],[121.06,-3.97],[120.99,-3.91],[120.99,-3.79],[120.82,-3.59],[120.82,-3.45],[120.89,-3.31],[120.89,-3.26],[120.77,-3.15],[120.66,-3.15],[120.59,-3.21],[120.49,-3.43],[120.53,-3.69],[120.5,-4.37],[120.53,-4.48],[120.75,-4.74],[120.78,-4.99],[120.73,-5.13],[120.56,-5.15],[120.49,-5.27],[120.51,-5.62],[120.49,-5.69],[120.61,-6.04],[120.58,-6.33],[120.51,-6.5],[120.47,-6.71],[120.43,-6.74],[120.28,-6.7],[120.23,-6.63],[120.39,-6.43],[120.38,-6.38],[120.3,-6.3],[120.25,-6.11],[120.27,-6.06],[120.37,-6.02],[120.4,-5.74],[120.36,-5.73],[120.22,-5.83],[120.1,-5.78],[119.84,-5.9],[119.64,-5.8],[119.51,-5.69],[119.3,-5.66],[119.1,-5.55],[118.95,-5.39],[119.06,-5.17],[119.07,-5.08],[119.0,-4.91],[118.91,-4.78],[118.9,-4.72],[118.95,-4.65],[119.1,-4.61],[119.13,-4.58],[119.04,-4.4],[119.04,-4.31],[119.08,-4.29],[119.14,-4.31],[119.25,-4.26],[119.34,-4.28],[119.46,-4.35],[119.51,-4.3],[119.53,-4.22],[119.42,-3.84],[119.44,-3.58],[119.42,-3.52],[119.34,-3.5],[119.02,-3.61],[118.88,-3.59],[118.78,-3.18],[118.73,-3.1],[118.78,-3.03],[118.78,-2.89],[118.75,-2.88],[118.73,-2.77],[118.78,-2.61],[118.82,-2.59],[118.9,-2.61],[119.0,-2.49],[119.05,-2.26],[119.15,-2.12],[119.17,-2.01],[119.26,-1.92],[119.21,-1.43],[119.29,-1.17],[119.45,-0.99],[119.45,-0.86],[119.74,-0.52],[119.72,-0.22],[119.55,-0.0],[117.8,-0.0],[117.92,-0.16],[117.98,-0.44],[117.94,-0.76],[117.87,-0.86],[117.82,-1.1],[117.52,-1.46],[117.42,-1.53],[117.36,-1.65],[117.32,-2.06],[117.49,-2.23],[117.65,-2.18],[117.97,-2.47],[118.04,-2.61],[118.21,-2.67],[118.33,-2.91],[118.4,-2.97],[118.42,-3.12],[118.32,-3.33],[118.09,-3.47],[117.94,-3.47],[117.7,-3.62],[117.63,-3.81],[117.41,-4.0],[117.32,-4.29],[117.27,-4.34],[117.27,-4.43],[117.2,-4.55],[117.25,-4.79],[117.23,-4.88],[117.13,-5.12],[117.03,-5.23],[116.39,-6.49],[116.4,-6.68],[116.29,-6.86],[116.31,-6.99],[116.26,-7.03],[116.24,-7.1],[116.12,-7.18],[115.91,-7.24],[115.81,-7.24],[115.63,-7.15],[115.37,-7.16],[114.99,-7.41],[114.85,-7.42],[114.69,-7.52],[114.51,-7.7],[114.53,-7.79],[114.51,-7.89],[114.59,-8.08],[114.93,-8.15],[115.09,-8.05],[115.2,-8.03],[115.56,-8.17],[115.74,-8.37],[115.72,-8.44],[115.64,-8.52],[115.52,-8.59],[115.53,-8.64],[115.62,-8.67],[115.68,-8.74],[115.68,-8.79],[115.57,-8.85],[115.4,-8.83],[115.15,-8.93],[115.04,-8.92],[114.97,-8.75],[114.8,-8.65],[114.77,-8.47],[114.65,-8.49],[114.63,-8.54],[114.65,-8.65],[114.74,-8.8],[114.74,-8.84],[114.7,-8.88],[114.46,-8.8],[114.27,-8.8],[114.12,-8.66],[114.01,-8.68],[113.91,-8.63],[113.79,-8.66],[113.47,-8.51],[113.29,-8.61],[113.17,-8.49],[113.12,-8.35],[112.78,-8.55],[112.33,-8.49],[112.21,-8.44],[112.06,-8.47],[111.87,-8.37],[111.75,-8.45],[111.67,-8.47],[111.29,-8.41],[115.59,-19.6],[115.75,-19.56],[116.19,-19.25],[117.21,-19.04],[118.1,-18.58],[118.23,-18.46],[118.4,-18.41],[118.63,-18.29],[118.81,-18.11],[119.25,-17.93],[119.43,-17.8],[119.67,-17.94],[119.86,-17.75],[120.17,-17.73],[120.25,-17.68],[120.49,-17.42],[120.49,-17.32],[120.68,-17.18],[120.7,-17.03],[120.87,-16.89],[120.86,-16.36],[120.94,-16.15],[120.94,-15.98],[121.09,-15.64],[121.3,-15.52],[121.57,-15.21],[121.71,-14.95],[121.8,-14.93],[122.1,-14.77],[122.18,-14.68],[122.24,-14.68],[122.33,-14.56],[122.52,-14.47],[122.6,-14.35],[122.69,-14.37],[122.75,-14.35],[122.93,-14.18],[123.17,-14.19],[123.23,-14.17],[123.32,-14.01],[123.47,-13.95],[123.74,-13.71],[123.75,-13.66],[123.67,-13.56],[123.68,-13.51],[123.89,-13.39],[123.92,-13.24],[124.1,-13.11],[124.08,-13.0],[124.01,-12.98],[123.89,-13.03],[123.85,-12.91],[123.78,-12.87],[123.8,-12.78],[123.92,-12.67],[123.87,-12.59],[123.73,-12.57],[123.56,-12.59],[123.41,-12.4],[123.29,-12.43],[123.17,-12.35],[122.97,-12.33],[122.92,-12.28],[122.93,-12.19],[123.17,-12.09],[123.31,-12.12],[123.48,-12.24],[123.55,-12.21],[123.59,-12.11],[123.58,-11.9],[123.74,-11.81],[123.75,-11.66],[123.71,-11.6],[123.64,-11.6],[123.65,-11.73],[123.53,-11.78],[123.46,-11.9],[123.47,-12.05],[123.33,-12.06],[123.29,-12.04],[123.29,-11.95],[123.15,-11.85],[123.32,-11.59],[123.46,-11.59],[123.63,-11.49],[123.96,-11.52],[124.16,-11.49],[124.28,-11.4],[124.4,-11.23],[124.5,-11.14],[124.62,-11.1],[124.68,-11.13],[124.66,-11.23],[124.76,-11.36],[124.71,-11.49],[124.61,-11.56],[124.58,-11.75],[124.49,-11.76],[124.55,-11.86],[124.66,-11.85],[124.78,-11.75],[124.93,-11.73],[125.23,-11.57],[125.17,-11.41],[125.24,-11.37],[125.52,-11.04],[125.55,-10.97],[125.53,-10.82],[125.67,-10.67],[125.86,-10.6],[126.03,-10.66],[126.17,-10.6],[126.32,-10.65],[126.38,-10.63],[126.56,-10.43],[126.74,-10.11],[126.82,-10.1],[126.97,-10.2],[127.08,-10.21],[127.21,-10.14],[127.34,-10.01],[127.63,-9.95],[127.71,-10.03],[127.81,-9.83],[128.02,-9.62],[128.29,-9.5],[128.42,-9.48],[128.95,-9.56],[129.1,-9.69],[129.31,-9.65],[129.53,-9.76],[129.69,-9.91],[129.89,-9.88],[130.01,-9.95],[130.16,-9.93],[130.29,-9.98],[130.47,-9.96],[130.61,-9.86],[130.73,-9.86],[130.9,-9.71],[131.02,-9.79],[131.09,-9.69],[131.07,-9.55],[131.32,-9.31],[131.44,-9.26],[131.68,-9.35],[131.84,-9.23],[131.94,-9.09],[131.97,-9.11],[131.97,-9.17],[131.89,-9.22],[131.96,-9.31],[132.06,-9.22],[132.13,-9.21],[132.13,-9.26],[132.25,-9.28],[132.36,-9.45],[132.41,-9.56],[132.39,-9.67],[132.25,-9.7],[132.2,-9.75],[132.3,-9.89],[132.47,-9.96],[132.55,-9.89],[132.61,-9.43],[132.69,-9.27],[132.87,-9.11],[133.0,-9.08],[133.06,-8.99],[133.25,-8.99],[133.26,-8.94],[133.18,-8.9],[133.18,-8.85],[133.14,-8.81],[132.86,-8.64],[132.85,-8.56],[132.87,-8.47],[132.83,-8.47],[132.75,-8.61],[132.56,-8.54],[132.59,-8.46],[132.87,-8.33],[132.89,-8.18],[133.06,-8.16],[133.03,-8.09],[132.85,-8.02],[132.87,-7.94],[132.94,-7.94],[133.04,-7.98],[133.07,-7.94],[132.87,-7.82],[132.9,-7.55],[132.94,-7.45],[132.92,-7.33],[133.1,-6.87],[133.23,-6.79],[133.27,-6.7],[133.45,-6.53],[133.74,-6.51],[133.78,-6.26],[133.83,-6.23],[133.83,-6.19],[133.95,-6.11],[134.12,-5.75],[134.12,-5.59],[134.17,-5.47],[134.24,-5.37],[134.31,-5.35],[134.54,-5.1],[134.54,-5.01],[134.46,-4.84],[134.46,-4.78],[134.52,-4.69],[134.73,-4.55],[134.67,-4.43],[134.7,-4.34],[134.53,-4.24],[134.43,-4.05],[134.2,-4.07],[133.96,-3.99],[133.8,-3.99],[133.69,-4.05],[133.66,-4.33],[133.56,-4.39],[133.46,-4.35],[133.19,-4.13],[132.87,-4.15],[132.69,-3.84],[132.68,-3.69],[132.53,-3.47],[132.49,-3.28],[132.21,-3.09],[131.93,-3.11],[131.72,-3.04],[131.62,-2.87],[131.46,-2.77],[131.29,-2.73],[131.19,-2.66],[131.07,-2.49],[130.95,-2.49],[130.89,-2.37],[130.69,-2.42],[130.45,-2.34],[130.34,-2.35],[129.98,-2.17],[129.68,-2.11],[129.5,-2.17],[129.41,-2.15],[129.24,-1.95],[129.24,-1.89],[129.38,-1.9],[129.48,-2.05],[129.54,-2.04],[129.63,-1.97],[129.65,-1.91],[129.63,-1.88],[129.52,-1.88],[129.51,-1.84],[129.68,-1.63],[129.91,-1.59],[129.99,-1.55],[130.13,-1.36],[130.26,-1.33],[130.55,-1.09],[130.61,-1.01],[130.57,-0.94],[130.4,-0.96],[130.2,-0.9]],[[129.93,-0.37],[129.99,-0.4],[130.02,-0.48],[129.98,-0.54],[129.9,-0.56],[129.82,-0.51],[129.8,-0.4],[129.93,-0.37]],[[127.82,-1.22],[127.95,-1.29],[128.09,-1.48],[128.19,-1.55],[128.34,-1.52],[128.38,-1.54],[128.41,-1.6],[128.39,-1.68],[128.28,-1.69],[128.24,-1.65],[128.1,-1.75],[127.84,-1.73],[127.62,-1.9],[127.55,-1.89],[127.49,-1.77],[127.35,-1.65],[127.32,-1.49],[127.26,-1.45],[127.26,-1.38],[127.39,-1.29],[127.36,-1.12],[127.42,-1.09],[127.52,-1.15],[127.82,-1.22]],[[128.6,-1.52],[128.58,-1.46],[128.69,-1.41],[128.75,-1.43],[128.77,-1.52],[128.76,-1.55],[128.6,-1.52]],[[128.93,-2.74],[129.04,-2.72],[129.15,-2.88],[129.39,-2.75],[129.54,-2.75],[129.89,-2.87],[130.4,-2.92],[130.49,-3.02],[130.65,-3.08],[130.72,-3.22],[130.88,-3.31],[130.9,-3.42],[130.97,-3.5],[130.89,-3.7],[130.93,-3.8],[131.14,-3.87],[131.26,-3.95],[131.4,-3.92],[131.47,-3.97],[131.49,-4.05],[131.45,-4.2],[131.4,-4.22],[131.35,-4.16],[131.26,-4.15],[131.09,-3.95],[130.61,-3.88],[130.39,-3.66],[129.98,-3.5],[129.8,-3.35],[129.64,-3.36],[129.58,-3.4],[129.56,-3.49],[129.52,-3.5],[129.1,-3.38],[128.96,-3.4],[128.86,-3.28],[128.78,-3.32],[128.76,-3.38],[128.88,-3.65],[128.85,-3.7],[128.76,-3.73],[128.72,-3.69],[128.51,-3.64],[128.38,-3.67],[128.19,-3.79],[127.96,-3.8],[127.91,-3.78],[127.88,-3.71],[127.9,-3.59],[127.87,-3.53],[127.9,-3.35],[127.88,-3.3],[127.73,-3.28],[127.68,-3.32],[127.67,-3.38],[127.62,-3.39],[127.48,-3.36],[127.45,-3.31],[127.5,-3.23],[127.59,-3.23],[127.69,-3.13],[127.75,-3.12],[127.85,-2.93],[127.9,-2.89],[128.07,-2.9],[128.17,-2.83],[128.48,-2.8],[128.81,-2.83],[128.93,-2.74]],[[127.27,-3.82],[127.27,-3.89],[127.23,-3.93],[127.15,-3.91],[127.12,-3.87],[127.16,-3.79],[127.27,-3.82]],[[126.69,-3.86],[126.44,-3.78],[126.21,-3.66],[126.14,-3.59],[126.01,-3.42],[125.98,-3.22],[126.02,-3.12],[126.1,-3.06],[126.17,-3.12],[126.41,-3.04],[126.73,-3.03],[126.99,-3.11],[127.16,-3.13],[127.2,-3.28],[127.3,-3.38],[127.25,-3.67],[127.09,-3.71],[126.86,-3.85],[126.69,-3.86]],[[131.59,-4.46],[131.56,-4.36],[131.6,-4.32],[131.81,-4.69],[131.79,-4.79],[131.73,-4.8],[131.7,-4.77],[131.69,-4.63],[131.59,-4.46]],[[130.04,-4.57],[130.09,-4.63],[130.08,-4.65],[130.01,-4.6],[129.89,-4.6],[129.83,-4.55],[129.94,-4.48],[130.01,-4.51],[130.04,-4.57]],[[129.81,-4.51],[129.77,-4.57],[129.73,-4.54],[129.74,-4.49],[129.81,-4.51]],[[124.22,-5.21],[124.38,-5.29],[124.4,-5.33],[124.38,-5.37],[124.24,-5.31],[124.2,-5.25],[124.22,-5.21]],[[133.02,-5.26],[133.08,-5.23],[133.18,-5.23],[133.22,-5.32],[133.2,-5.38],[133.26,-5.48],[133.24,-5.54],[133.0,-5.74],[132.99,-5.87],[132.87,-6.02],[132.77,-6.09],[132.64,-6.07],[132.61,-6.19],[132.44,-6.18],[132.39,-6.04],[132.41,-5.84],[132.5,-5.72],[132.53,-5.54],[132.63,-5.45],[132.66,-5.34],[132.78,-5.3],[132.87,-5.39],[132.92,-5.39],[132.97,-5.37],[133.02,-5.26]],[[124.09,-5.87],[124.12,-6.01],[124.05,-6.07],[123.96,-6.01],[123.92,-5.92],[123.77,-5.97],[123.65,-5.88],[123.35,-5.51],[123.35,-5.46],[123.4,-5.44],[123.59,-5.56],[123.62,-5.55],[123.62,-5.5],[123.47,-5.34],[123.5,-5.23],[123.67,-5.24],[123.7,-5.36],[124.09,-5.66],[124.02,-5.81],[124.09,-5.87]],[[127.76,-5.42],[127.75,-5.34],[127.78,-5.31],[127.83,-5.42],[127.76,-5.42]],[[131.94,-5.4],[131.95,-5.31],[132.0,-5.28],[132.04,-5.3],[132.01,-5.4],[131.94,-5.4]],[[132.4,-5.41],[132.45,-5.43],[132.46,-5.49],[132.32,-5.78],[132.23,-5.82],[132.13,-5.8],[132.17,-5.54],[132.4,-5.41]],[[124.24,-5.7],[124.37,-5.77],[124.36,-5.84],[124.29,-5.84],[124.16,-5.78],[124.16,-5.72],[124.24,-5.7]],[[127.57,-5.46],[127.59,-5.5],[127.56,-5.55],[127.52,-5.5],[127.57,-5.46]],[[130.0,-6.36],[129.97,-6.31],[130.0,-6.28],[130.05,-6.3],[130.05,-6.33],[130.0,-6.36]],[[120.92,-6.74],[120.94,-6.67],[120.92,-6.5],[120.97,-6.45],[121.11,-6.37],[121.28,-6.41],[121.35,-6.5],[121.28,-6.64],[121.37,-7.05],[121.1,-7.12],[121.01,-7.02],[120.99,-6.95],[120.94,-6.93],[120.92,-6.74]],[[131.53,-6.68],[131.62,-6.63],[131.68,-6.64],[131.69,-6.74],[131.66,-6.83],[131.7,-6.89],[131.94,-6.96],[132.06,-6.92],[132.09,-6.95],[132.08,-7.17],[132.02,-7.23],[131.99,-7.35],[131.86,-7.39],[131.79,-7.7],[131.63,-7.74],[131.19,-8.27],[131.02,-8.39],[130.9,-8.39],[130.74,-8.49],[130.63,-8.47],[130.56,-8.35],[130.71,-8.13],[130.71,-7.87],[130.85,-7.68],[130.81,-7.51],[131.0,-7.36],[131.16,-7.33],[131.35,-7.19],[131.36,-7.12],[131.48,-7.0],[131.41,-6.93],[131.53,-6.68]],[[132.32,-8.42],[132.46,-8.48],[132.51,-8.59],[132.37,-8.71],[132.27,-8.66],[132.09,-8.77],[132.05,-8.84],[132.08,-9.04],[131.66,-9.01],[131.5,-9.16],[131.41,-9.14],[131.28,-9.17],[131.2,-9.15],[131.2,-9.08],[131.35,-8.9],[131.64,-8.88],[131.71,-8.69],[131.83,-8.55],[132.1,-8.45],[132.32,-8.44],[132.32,-8.42]],[[125.81,-9.22],[125.77,-9.28],[125.57,-9.31],[125.12,-9.49],[125.05,-9.64],[124.83,-9.83],[124.81,-9.93],[124.58,-10.04],[124.37,-10.28],[124.3,-10.29],[124.16,-10.24],[123.8,-10.4],[123.68,-10.41],[123.63,-10.53],[123.53,-10.56],[123.49,-10.7],[123.37,-10.74],[123.3,-10.84],[122.93,-11.07],[122.77,-11.06],[122.65,-10.91],[122.6,-10.79],[122.62,-10.74],[122.88,-10.67],[122.96,-10.7],[123.31,-10.42],[123.31,-10.37],[123.22,-10.24],[123.25,-10.15],[123.55,-10.02],[123.56,-9.88],[123.61,-9.83],[123.62,-9.66],[123.67,-9.59],[123.97,-9.33],[124.4,-9.14],[124.54,-9.14],[124.83,-8.97],[125.07,-8.76],[125.09,-8.65],[125.13,-8.6],[125.85,-8.45],[126.23,-8.47],[126.4,-8.39],[126.51,-8.39],[126.59,-8.44],[126.96,-8.28],[127.15,-8.32],[127.21,-8.3],[127.37,-8.39],[127.33,-8.48],[126.92,-8.83],[126.8,-8.8],[126.48,-9.01],[126.34,-9.07],[126.22,-9.04],[125.81,-9.22]],[[121.52,-10.7],[121.46,-10.68],[121.45,-10.61],[121.64,-10.55],[121.81,-10.39],[121.96,-10.37],[122.07,-10.46],[122.07,-10.53],[121.87,-10.69],[121.71,-10.65],[121.52,-10.7]],[[120.1,-10.39],[120.01,-10.19],[119.68,-9.89],[119.6,-9.86],[119.36,-9.86],[119.21,-9.79],[119.0,-9.74],[118.91,-9.61],[118.94,-9.48],[119.04,-9.39],[119.14,-9.35],[119.63,-9.31],[119.78,-9.35],[119.94,-9.26],[120.1,-9.43],[120.24,-9.44],[120.33,-9.54],[120.44,-9.54],[120.53,-9.48],[120.58,-9.5],[120.63,-9.74],[120.91,-9.98],[120.94,-10.07],[121.03,-10.18],[121.02,-10.23],[120.96,-10.28],[120.84,-10.24],[120.76,-10.29],[120.61,-10.29],[120.47,-10.36],[120.1,-10.39]],[[117.07,-9.16],[116.94,-9.09],[116.81,-9.09],[116.62,-8.97],[116.37,-9.02],[116.12,-8.95],[116.03,-8.97],[115.81,-8.87],[115.76,-8.81],[115.76,-8.76],[116.02,-8.57],[116.01,-8.32],[116.17,-8.3],[116.37,-8.17],[116.67,-8.23],[116.81,-8.39],[116.93,-8.3],[116.99,-8.32],[117.14,-8.27],[117.35,-8.4],[117.41,-8.33],[117.42,-8.25],[117.41,-8.21],[117.37,-8.23],[117.33,-8.19],[117.34,-8.12],[117.4,-8.11],[117.48,-8.15],[117.64,-8.08],[117.77,-8.06],[118.13,-8.08],[118.25,-8.28],[118.3,-8.3],[118.48,-8.22],[118.66,-8.26],[118.69,-8.3],[118.96,-8.27],[118.99,-8.15],[119.09,-8.1],[119.17,-8.18],[119.09,-8.3],[119.11,-8.34],[119.2,-8.37],[119.32,-8.36],[119.42,-8.41],[119.57,-8.39],[119.72,-8.3],[120.13,-8.3],[120.34,-8.2],[120.6,-8.2],[120.75,-8.3],[120.98,-8.31],[121.25,-8.39],[121.43,-8.51],[121.62,-8.44],[121.86,-8.46],[122.0,-8.39],[122.21,-8.47],[122.26,-8.32],[122.46,-8.37],[122.56,-8.34],[122.71,-8.21],[122.77,-8.09],[122.86,-8.04],[123.03,-8.11],[123.16,-8.19],[123.3,-8.22],[123.61,-8.21],[123.81,-8.15],[123.96,-8.21],[123.97,-8.27],[124.0,-8.29],[124.03,-8.26],[124.03,-8.15],[124.09,-8.17],[124.1,-8.26],[124.14,-8.27],[124.25,-8.15],[124.61,-8.08],[124.75,-8.13],[125.1,-8.13],[125.17,-8.23],[125.16,-8.34],[125.13,-8.38],[124.67,-8.43],[124.44,-8.5],[124.34,-8.48],[124.09,-8.59],[124.04,-8.57],[124.01,-8.49],[123.91,-8.49],[123.8,-8.42],[123.8,-8.37],[123.85,-8.35],[123.81,-8.35],[123.71,-8.46],[123.62,-8.5],[123.64,-8.54],[123.59,-8.6],[123.48,-8.58],[123.4,-8.62],[123.33,-8.57],[123.18,-8.58],[123.06,-8.54],[122.91,-8.66],[122.68,-8.67],[122.48,-8.78],[122.21,-8.8],[122.15,-8.78],[121.8,-8.91],[121.65,-8.94],[121.47,-8.9],[121.3,-8.99],[121.19,-8.92],[120.99,-8.97],[120.48,-8.84],[120.38,-8.86],[120.29,-8.95],[120.13,-8.83],[119.9,-8.9],[119.85,-8.84],[119.76,-8.85],[119.55,-8.78],[119.41,-8.8],[119.27,-8.73],[119.07,-8.78],[118.95,-8.87],[118.71,-8.85],[118.5,-8.91],[118.3,-8.85],[118.16,-8.92],[117.75,-8.97],[117.44,-9.09],[117.22,-9.09],[117.07,-9.16]],[[121.65,-8.29],[121.75,-8.27],[121.77,-8.35],[121.69,-8.38],[121.65,-8.29]],[[125.69,-8.08],[125.68,-8.02],[125.73,-7.91],[125.96,-7.63],[126.2,-7.68],[126.31,-7.66],[126.47,-7.57],[126.63,-7.53],[126.7,-7.55],[126.75,-7.63],[126.82,-7.64],[126.88,-7.69],[126.85,-7.79],[126.7,-7.79],[126.48,-8.0],[126.42,-7.96],[126.18,-7.95],[126.07,-7.91],[125.98,-7.93],[125.73,-8.09],[125.69,-8.08]],[[117.19,-7.66],[117.26,-7.79],[117.18,-7.86],[117.13,-7.79],[117.15,-7.67],[117.12,-7.42],[117.34,-7.45],[117.52,-7.32],[117.6,-7.3],[117.87,-7.36],[118.01,-7.55],[117.98,-7.57],[117.77,-7.5],[117.66,-7.5],[117.54,-7.54],[117.39,-7.65],[117.23,-7.63],[117.19,-7.66]],[[118.13,-7.36],[118.05,-7.31],[117.96,-7.14],[117.96,-7.04],[118.02,-6.99],[118.23,-7.03],[118.33,-7.12],[118.45,-7.16],[118.41,-7.24],[118.13,-7.36]],[[118.59,-7.1],[118.47,-7.05],[118.29,-6.79],[118.09,-6.59],[118.12,-6.51],[118.28,-6.57],[118.38,-6.56],[118.58,-6.67],[118.63,-6.65],[118.75,-6.5],[118.87,-6.5],[118.97,-6.59],[119.05,-6.71],[119.23,-6.79],[119.21,-6.89],[119.12,-6.97],[118.95,-6.93],[118.79,-7.07],[118.59,-7.1]],[[118.69,-6.5],[118.51,-6.49],[118.43,-6.44],[118.43,-6.39],[118.5,-6.33],[118.57,-6.33],[118.61,-6.24],[118.79,-6.23],[118.82,-6.26],[118.83,-6.32],[118.69,-6.5]],[[120.69,-6.92],[120.74,-6.77],[120.79,-6.75],[120.85,-6.79],[120.83,-7.13],[120.8,-7.17],[120.6,-7.22],[120.39,-7.13],[120.41,-7.0],[120.46,-6.93],[120.62,-6.96],[120.69,-6.92]],[[128.5,-7.12],[128.62,-7.03],[128.71,-7.08],[128.73,-7.13],[128.64,-7.25],[128.51,-7.17],[128.5,-7.12]],[[121.88,-7.18],[121.92,-7.24],[121.9,-7.41],[121.86,-7.47],[121.76,-7.53],[121.66,-7.39],[121.48,-7.27],[121.43,-7.19],[121.48,-7.13],[121.73,-7.19],[121.88,-7.18]],[[127.28,-7.51],[127.44,-7.47],[127.64,-7.53],[127.66,-7.58],[127.64,-7.62],[127.46,-7.63],[127.35,-7.69],[127.28,-7.58],[127.28,-7.51]],[[129.68,-7.61],[129.63,-7.56],[129.66,-7.5],[129.74,-7.56],[129.68,-7.61]],[[129.97,-7.68],[130.1,-7.74],[130.11,-7.79],[130.08,-7.82],[130.02,-7.8],[129.95,-7.73],[129.97,-7.68]],[[129.73,-7.77],[129.86,-7.79],[129.95,-7.88],[129.89,-7.99],[129.99,-8.08],[129.87,-8.27],[129.77,-8.24],[129.78,-8.14],[129.73,-8.08],[129.53,-8.01],[129.46,-7.93],[129.51,-7.82],[129.62,-7.77],[129.73,-7.77]],[[129.04,-8.18],[129.06,-8.24],[129.02,-8.29],[128.91,-8.28],[128.82,-8.23],[128.62,-8.23],[128.5,-8.36],[128.41,-8.21],[128.45,-8.16],[128.57,-8.13],[129.04,-8.18]],[[128.15,-8.14],[128.23,-8.18],[128.26,-8.22],[128.26,-8.28],[128.22,-8.31],[128.13,-8.32],[127.82,-8.23],[127.62,-8.27],[127.56,-8.21],[127.6,-8.12],[127.74,-8.05],[128.02,-8.11],[128.09,-8.1],[128.15,-8.14]],[[125.64,-8.28],[125.58,-8.35],[125.48,-8.28],[125.49,-8.23],[125.63,-8.11],[125.68,-8.14],[125.64,-8.28]],[[127.19,-8.14],[127.12,-8.09],[127.14,-8.01],[127.19,-7.99],[127.25,-8.02],[127.26,-8.09],[127.24,-8.13],[127.19,-8.14]],[[121.24,-7.55],[121.2,-7.55],[121.14,-7.48],[120.86,-7.33],[120.79,-7.32],[120.77,-7.25],[120.82,-7.23],[121.14,-7.27],[121.2,-7.31],[121.23,-7.43],[121.37,-7.39],[121.49,-7.43],[121.48,-7.48],[121.35,-7.48],[121.24,-7.55]],[[129.14,-6.93],[129.18,-6.98],[129.14,-7.03],[129.09,-6.98],[129.14,-6.93]],[[129.53,-6.69],[129.56,-6.75],[129.53,-6.79],[129.49,-6.8],[129.45,-6.73],[129.53,-6.69]],[[118.36,-6.12],[118.3,-6.14],[118.19,-6.08],[118.09,-5.83],[118.13,-5.75],[118.21,-5.73],[118.23,-5.66],[118.31,-5.63],[118.39,-5.4],[118.47,-5.38],[118.51,-5.43],[118.5,-5.54],[118.37,-5.68],[118.37,-5.8],[118.28,-5.91],[118.29,-6.01],[118.35,-6.06],[118.36,-6.12]],[[117.34,-5.96],[117.13,-5.94],[117.06,-5.84],[117.07,-5.76],[117.25,-5.61],[117.32,-5.47],[117.49,-5.32],[117.61,-5.15],[117.81,-4.99],[117.92,-4.99],[117.96,-5.04],[117.99,-5.18],[117.97,-5.23],[118.04,-5.42],[117.9,-5.75],[117.86,-5.78],[117.73,-5.8],[117.34,-5.96]],[[118.39,-6.05],[118.46,-5.85],[118.53,-5.82],[118.58,-5.83],[118.59,-5.89],[118.54,-5.97],[118.44,-6.05],[118.39,-6.05]],[[122.16,-13.38],[122.21,-13.39],[122.14,-13.53],[122.17,-13.65],[122.13,-13.72],[121.95,-13.84],[122.04,-14.01],[122.04,-14.08],[121.94,-14.22],[121.78,-14.25],[121.7,-14.18],[121.69,-14.13],[121.75,-13.97],[121.88,-13.82],[121.83,-13.7],[121.85,-13.48],[121.91,-13.41],[122.04,-13.41],[122.16,-13.38]],[[119.61,-17.2],[119.54,-17.15],[119.54,-17.05],[119.59,-17.0],[119.7,-16.98],[119.72,-17.04],[119.61,-17.2]],[[119.3,-17.41],[119.26,-17.3],[119.27,-17.26],[119.33,-17.23],[119.44,-17.27],[119.46,-17.32],[119.44,-17.39],[119.38,-17.42],[119.3,-17.41]],[[118.92,-17.77],[118.83,-17.72],[118.79,-17.6],[118.84,-17.49],[118.93,-17.46],[119.01,-17.49],[119.06,-17.63],[119.02,-17.74],[118.92,-17.77]]],[[[180.0,19.4],[180.0,52.02],[179.9,52.0],[179.77,51.86],[179.63,51.83],[179.42,51.87],[179.34,51.96],[179.79,52.44],[179.87,52.47],[180.0,52.45],[180.0,60.93],[179.88,60.87],[179.73,60.85],[179.5,60.92],[179.24,60.94],[179.15,60.99],[179.02,60.99],[178.83,61.13],[178.59,61.25],[178.5,61.43],[178.44,61.48],[178.59,61.54],[178.59,61.57],[178.28,61.61],[178.11,61.52],[177.7,61.54],[177.53,61.69],[177.56,61.73],[177.65,61.77],[177.64,61.82],[177.49,61.9],[177.28,61.86],[176.78,61.84],[176.46,61.73],[176.33,61.73],[176.19,61.66],[175.95,61.64],[175.9,61.59],[175.64,61.49],[175.45,61.49],[175.3,61.41],[175.16,61.4],[174.65,61.09],[174.49,61.04],[174.2,60.89],[174.03,60.92],[173.84,60.83],[173.66,60.81],[173.03,60.87],[172.93,60.82],[172.78,60.82],[172.6,60.67],[172.5,60.64],[171.99,60.65],[171.82,60.56],[171.73,60.56],[171.65,60.51],[171.41,60.46],[171.01,60.3],[170.96,60.22],[170.93,60.04],[170.84,59.98],[170.69,59.81],[170.53,59.79],[170.41,59.65],[170.27,59.6],[170.15,59.61],[170.06,59.78],[169.99,59.83],[168.94,60.05],[168.65,60.05],[168.46,60.13],[168.2,60.11],[167.89,60.01],[167.69,59.86],[167.11,59.77],[166.93,59.81],[166.69,59.72],[166.54,59.57],[166.39,59.59],[166.36,59.53],[166.49,59.43],[166.51,59.34],[166.16,59.09],[165.75,59.14],[165.65,59.08],[165.55,59.08],[165.49,59.14],[165.49,59.2],[165.63,59.29],[165.61,59.33],[165.53,59.36],[165.44,59.34],[165.37,59.24],[165.37,59.18],[165.32,59.17],[165.34,59.26],[165.27,59.33],[165.23,59.32],[165.13,59.21],[165.1,59.05],[164.99,58.95],[164.33,58.59],[164.24,58.59],[163.92,58.47],[163.9,58.42],[163.98,58.34],[164.0,58.28],[163.9,58.16],[163.89,58.09],[163.81,58.01],[163.5,57.95],[163.52,57.87],[163.67,57.88],[163.76,57.85],[163.82,57.79],[163.83,57.73],[163.64,57.7],[163.59,57.61],[163.3,57.49],[163.29,57.42],[163.47,57.34],[163.49,57.27],[163.28,57.2],[163.33,57.03],[163.06,56.87],[163.06,56.84],[163.21,56.82],[163.34,56.84],[163.4,56.82],[163.42,56.69],[163.52,56.6],[163.44,56.5],[163.45,56.46],[163.69,56.38],[163.72,56.33],[163.65,56.29],[163.59,56.16],[163.27,56.1],[163.14,55.9],[162.85,55.93],[162.76,56.07],[162.61,56.14],[162.44,56.07],[162.43,55.87],[162.39,55.81],[162.24,55.83],[162.14,55.78],[162.05,55.54],[161.94,55.45],[161.94,55.36],[162.01,55.24],[162.05,55.09],[162.16,55.03],[162.27,54.89],[162.27,54.8],[162.32,54.74],[162.3,54.69],[162.15,54.58],[161.91,54.56],[161.82,54.45],[161.64,54.38],[161.48,54.39],[161.33,54.32],[161.17,54.32],[161.02,54.2],[160.93,54.2],[160.83,54.08],[160.66,54.1],[160.48,54.03],[160.42,53.81],[160.58,53.71],[160.6,53.61],[160.51,53.57],[160.43,53.58],[160.37,53.65],[160.25,53.62],[160.22,53.58],[160.25,53.43],[160.21,53.29],[160.28,53.19],[160.25,53.14],[160.28,53.1],[160.37,53.0],[160.49,52.95],[160.52,52.9],[160.68,52.83],[160.68,52.77],[160.5,52.69],[160.4,52.69],[160.21,52.82],[159.92,52.92],[159.77,52.88],[159.65,52.74],[159.58,52.71],[159.22,52.81],[159.05,52.9],[158.75,52.75],[158.74,52.42],[158.81,52.27],[158.8,52.16],[158.48,51.89],[158.36,51.68],[158.05,51.32],[158.02,51.22],[157.9,51.14],[157.66,50.86],[157.52,50.77],[157.49,50.67],[157.42,50.62],[157.33,50.48],[157.09,50.43],[156.85,50.31],[156.53,50.26],[156.44,50.12],[156.47,49.88],[156.44,49.78],[156.17,49.66],[155.91,49.47],[155.69,49.4],[155.57,49.15],[155.5,49.11],[155.38,49.23],[155.31,49.37],[155.34,49.41],[155.53,49.47],[155.78,49.71],[155.78,49.79],[155.69,49.84],[155.5,49.85],[155.38,49.78],[155.19,49.78],[155.09,49.88],[154.99,49.92],[154.98,49.96],[155.12,50.09],[155.18,50.31],[155.34,50.34],[155.39,50.38],[155.65,50.48],[155.72,50.75],[155.86,50.74],[156.3,51.22],[156.34,51.32],[156.31,51.42],[155.77,51.89],[155.62,51.89],[155.38,52.11],[155.09,52.16],[155.06,52.37],[154.76,52.63],[154.83,52.85],[154.67,52.95],[154.64,53.0],[154.76,53.19],[154.67,53.32],[154.7,53.45],[154.58,53.56],[154.41,53.81],[154.43,53.89],[154.42,54.27],[154.37,54.41],[154.45,54.5],[154.61,54.59],[154.65,54.66],[154.43,54.91],[154.43,54.96],[154.53,55.08],[154.54,55.21],[154.44,55.51],[154.38,55.91],[154.23,56.13],[154.21,56.26],[154.25,56.36],[154.28,56.57],[154.35,56.68],[154.33,56.86],[154.37,56.93],[154.6,57.08],[154.97,57.22],[155.07,57.2],[155.09,57.25],[155.23,57.33],[155.42,57.38],[155.41,57.51],[155.53,57.59],[155.62,57.84],[155.61,57.9],[155.46,58.04],[155.5,58.17],[155.62,58.21],[155.65,58.16],[155.65,57.98],[155.75,57.97],[155.91,58.21],[156.22,58.45],[156.27,58.61],[156.41,58.61],[156.49,58.71],[156.65,58.73],[156.99,58.97],[157.06,59.12],[156.91,59.17],[156.87,59.21],[156.77,59.23],[156.53,59.0],[155.93,58.66],[155.6,58.66],[155.3,58.54],[154.35,58.26],[154.32,58.28],[154.36,58.39],[154.31,58.4],[153.79,58.24],[153.34,58.2],[153.13,58.11],[153.01,58.11],[152.71,57.97],[152.65,57.87],[152.49,57.81],[152.09,57.8],[151.78,57.99],[151.76,57.94],[151.82,57.8],[151.81,57.75],[151.63,57.89],[151.57,57.89],[151.57,57.68],[151.08,57.45],[150.94,57.27],[150.73,57.28],[150.75,57.24],[150.91,57.15],[150.92,57.1],[150.88,57.07],[150.48,57.07],[150.39,57.01],[150.43,56.94],[150.58,56.91],[150.77,56.79],[151.03,56.7],[151.03,56.66],[150.74,56.53],[150.73,56.47],[150.86,56.37],[150.86,56.32],[150.59,56.22],[150.32,56.29],[150.28,56.24],[150.29,56.09],[150.17,56.08],[150.03,56.24],[150.02,56.57],[149.95,56.6],[149.81,56.55],[149.75,56.49],[149.74,56.4],[149.78,56.44],[149.86,56.43],[149.91,56.4],[149.94,56.27],[149.88,56.07],[149.79,56.0],[149.6,56.09],[149.19,56.09],[149.0,56.02],[148.78,56.03],[148.75,56.06],[148.76,56.17],[148.71,56.29],[148.36,56.33],[148.11,56.43],[148.07,56.42],[148.06,56.38],[147.97,56.38],[147.83,56.47],[147.68,56.65],[147.49,56.6],[147.25,56.65],[147.12,56.63],[146.89,56.53],[146.89,56.49],[147.08,56.32],[147.26,56.24],[147.65,56.21],[147.86,56.27],[147.92,56.25],[147.92,56.21],[147.44,56.1],[146.67,56.24],[146.62,56.48],[146.7,56.6],[146.57,56.72],[146.02,56.6],[145.77,56.46],[145.45,56.48],[145.35,56.57],[145.4,56.62],[145.4,56.77],[145.47,56.84],[145.52,57.1],[145.48,57.12],[145.35,57.06],[145.27,57.06],[145.14,56.9],[145.11,56.79],[145.07,56.78],[144.99,56.84],[144.94,56.77],[144.85,56.74],[144.89,57.05],[144.73,57.1],[144.65,57.25],[144.51,57.27],[144.49,57.38],[144.54,57.42],[144.73,57.34],[144.98,57.34],[145.04,57.41],[144.95,57.58],[144.9,57.6],[144.53,57.53],[144.4,57.45],[144.35,57.47],[144.3,57.67],[144.2,57.65],[144.13,57.71],[144.08,57.7],[144.07,57.66],[144.19,57.56],[144.15,57.47],[144.19,57.35],[144.16,57.3],[144.04,57.22],[144.03,57.15],[144.21,57.16],[144.2,57.05],[144.3,57.01],[144.31,56.98],[144.25,56.81],[144.2,56.79],[143.96,56.84],[143.82,56.62],[143.65,56.59],[143.65,56.54],[143.71,56.49],[143.98,56.38],[144.13,56.41],[144.22,56.37],[144.28,56.3],[144.32,56.14],[144.59,56.09],[144.59,56.02],[144.49,55.98],[144.13,56.0],[143.93,55.9],[143.57,55.88],[143.38,56.02],[143.38,56.09],[143.26,56.12],[143.24,56.08],[143.35,55.95],[143.32,55.79],[143.22,55.75],[143.02,55.77],[142.95,55.73],[142.95,55.68],[143.06,55.61],[143.07,55.57],[142.97,55.42],[143.0,55.38],[143.17,55.47],[143.26,55.61],[143.35,55.65],[143.45,55.68],[143.52,55.61],[143.52,55.54],[143.3,55.36],[143.29,55.26],[143.5,55.09],[143.55,54.94],[143.7,54.9],[143.75,54.85],[143.66,54.44],[143.67,54.41],[143.83,54.41],[143.89,54.37],[143.85,54.15],[144.01,53.81],[143.84,53.5],[143.9,53.37],[143.91,53.2],[144.08,53.02],[144.17,52.59],[144.29,52.47],[144.47,51.98],[144.46,51.93],[144.41,51.89],[144.31,51.97],[144.27,51.94],[144.29,51.7],[144.25,51.44],[144.03,51.29],[144.01,51.2],[144.03,51.16],[144.22,51.05],[144.22,50.93],[144.34,50.87],[144.27,50.82],[144.21,50.83],[144.25,50.69],[144.21,50.61],[144.26,50.53],[144.44,50.45],[144.61,50.08],[144.77,50.01],[145.06,50.05],[145.27,49.95],[145.26,49.89],[145.23,49.88],[144.94,50.02],[144.92,49.97],[144.84,49.97],[144.82,49.93],[145.06,49.74],[145.13,49.64],[145.28,49.66],[145.36,49.6],[145.3,49.41],[145.37,49.29],[145.37,49.23],[145.05,48.94],[145.04,48.89],[145.11,48.82],[145.05,48.73],[145.15,48.65],[145.42,48.58],[145.45,48.53],[145.37,48.37],[145.43,48.34],[145.54,48.36],[145.57,48.32],[145.47,48.27],[145.4,48.15],[145.38,47.77],[145.3,47.65],[145.13,47.69],[145.04,47.6],[144.87,47.63],[144.8,47.71],[144.8,47.77],[144.93,47.75],[144.97,47.78],[144.95,47.85],[144.87,47.88],[144.77,47.85],[144.7,47.74],[144.46,47.73],[144.14,47.63],[143.67,47.43],[143.74,47.26],[143.69,47.14],[143.9,46.91],[143.93,46.83],[143.89,46.65],[143.74,46.47],[143.86,46.34],[143.85,46.27],[143.77,46.2],[143.87,46.17],[143.88,46.12],[143.7,45.73],[143.75,45.53],[143.73,45.19],[144.11,44.92],[144.25,44.89],[144.31,45.01],[144.4,44.92],[144.41,44.85],[144.27,44.65],[144.26,44.44],[144.2,44.41],[144.12,44.53],[144.08,44.5],[144.05,44.41],[144.08,44.31],[144.15,44.31],[144.2,44.26],[144.37,44.26],[144.48,44.12],[144.73,44.09],[145.11,44.18],[145.43,44.47],[145.45,44.43],[145.4,44.23],[145.26,44.03],[145.34,43.97],[145.43,43.99],[145.83,44.24],[146.12,44.55],[146.36,44.62],[146.55,44.62],[146.72,44.79],[146.77,44.75],[146.77,44.69],[146.62,44.38],[146.74,44.17],[147.2,44.19],[147.37,44.31],[147.7,44.25],[147.72,44.18],[147.63,44.09],[147.61,44.02],[147.25,43.78],[147.24,43.72],[147.13,43.66],[147.06,43.54],[146.86,43.52],[146.56,43.33],[146.33,43.25],[146.17,43.16],[146.02,43.16],[145.83,43.04],[145.28,42.85],[145.23,42.8],[144.91,42.7],[144.56,42.68],[144.37,42.83],[144.28,42.84],[143.66,42.22],[143.63,42.07],[143.65,41.74],[143.58,41.66],[143.03,41.65],[142.84,41.81],[142.72,42.02],[142.39,42.21],[142.05,42.32],[141.89,42.32],[141.75,42.39],[141.51,42.4],[141.34,42.33],[141.21,41.94],[141.24,41.75],[141.13,41.55],[141.21,41.49],[141.32,41.48],[141.39,41.53],[141.51,41.7],[141.58,41.72],[141.62,41.69],[141.62,41.58],[141.48,41.08],[141.49,40.95],[141.53,40.91],[141.83,40.83],[141.99,40.73],[142.01,40.57],[142.09,40.45],[142.26,39.95],[142.13,39.29],[141.94,38.81],[141.87,38.74],[141.82,38.19],[141.85,38.07],[141.68,37.9],[141.58,37.52],[141.58,37.23],[140.91,36.39],[140.9,36.22],[141.0,35.99],[141.22,35.77],[141.22,35.48],[140.91,35.33],[140.61,35.08],[140.48,35.02],[140.21,35.05],[139.94,34.83],[139.83,34.81],[139.7,34.91],[139.69,34.97],[139.73,35.05],[139.61,35.07],[139.55,35.16],[139.4,35.27],[139.3,35.26],[139.17,35.18],[139.2,35.05],[139.17,34.86],[139.05,34.72],[138.97,34.54],[138.84,34.53],[138.72,34.68],[138.75,34.98],[138.79,35.08],[138.61,35.07],[138.53,34.93],[138.41,34.87],[138.33,34.73],[138.38,34.44],[138.32,34.36],[138.15,34.35],[138.11,34.39],[138.1,34.52],[138.0,34.59],[137.9,34.6],[137.67,34.52],[137.53,34.52],[137.43,34.42],[137.19,34.3],[137.07,34.3],[137.05,34.25],[136.88,34.16],[136.54,34.16],[136.14,33.77],[135.99,33.55],[135.83,33.42],[135.75,33.4],[135.55,33.49],[135.44,33.49],[135.2,33.65],[135.03,33.65],[134.89,33.69],[134.8,33.63],[134.45,33.51],[134.43,33.46],[134.27,33.42],[134.23,33.15],[134.19,33.1],[133.94,33.31],[133.84,33.33],[133.7,33.29],[133.46,33.12],[133.36,32.94],[133.21,32.81],[133.06,32.52],[132.99,32.47],[132.84,32.48],[132.73,32.63],[132.53,32.67],[132.41,32.74],[132.09,32.73],[131.99,32.62],[131.72,32.05],[131.77,31.73],[131.5,31.27],[131.32,30.8],[131.3,30.6],[131.09,30.46],[131.03,30.25],[130.97,30.16],[130.9,30.13],[130.45,30.16],[130.4,30.21],[130.36,30.41],[130.45,30.49],[130.45,30.61],[130.62,30.71],[130.66,30.82],[130.58,30.93],[130.54,31.13],[130.23,31.18],[130.01,31.37],[129.92,31.71],[129.86,31.7],[129.72,31.61],[129.65,31.62],[129.66,31.69],[129.8,31.9],[129.76,32.19],[129.65,32.19],[129.58,32.29],[129.41,32.31],[129.37,32.48],[129.16,32.58],[129.01,32.57],[128.89,32.38],[128.81,32.33],[128.74,32.33],[128.73,32.37],[128.8,32.45],[128.79,32.5],[128.6,32.52],[128.43,32.62],[128.4,32.67],[128.41,32.86],[128.38,32.93],[128.36,32.92],[128.25,32.98],[128.27,32.74],[128.21,32.67],[128.08,32.67],[128.05,32.62],[128.29,32.31],[128.4,32.25],[128.5,32.0],[128.5,31.95],[128.36,31.81],[128.29,31.6],[128.31,31.4],[128.0,31.04],[127.97,30.89],[127.9,30.8],[127.71,30.17],[127.64,30.08],[127.61,29.93],[127.18,29.21],[127.09,29.12],[127.04,28.95],[126.82,28.63],[126.75,28.3],[126.65,28.13],[126.13,27.7],[126.09,27.64],[126.08,27.41],[125.98,27.37],[125.93,27.27],[125.86,27.25],[125.84,27.15],[125.67,26.91],[125.55,26.89],[125.49,26.77],[125.29,26.72],[125.09,26.57],[124.88,26.61],[124.81,26.59],[124.81,26.45],[124.61,26.26],[124.65,26.13],[124.54,26.05],[124.63,25.92],[124.61,25.88],[124.58,25.87],[124.49,25.93],[124.35,25.9],[124.16,25.97],[124.18,25.83],[124.13,25.78],[123.87,25.78],[123.8,25.73],[123.69,25.75],[123.61,25.72],[123.34,25.7],[122.9,25.77],[122.63,25.63],[122.48,25.61],[122.31,25.49],[122.09,25.42],[122.07,25.37],[122.09,25.31],[122.22,25.27],[122.26,25.22],[122.21,25.11],[122.09,25.06],[122.07,24.92],[122.01,24.85],[122.17,24.78],[122.19,24.67],[122.12,24.58],[121.95,24.53],[121.69,24.17],[121.71,23.98],[121.63,23.81],[121.61,23.6],[121.52,23.44],[121.53,23.39],[180.0,19.4]],[[170.02,58.61],[170.06,58.56],[170.06,58.49],[170.0,58.45],[169.94,58.46],[169.89,58.51],[169.9,58.56],[169.95,58.6],[170.02,58.61]],[[168.57,54.41],[168.7,54.27],[168.72,54.23],[168.69,54.19],[168.63,54.19],[168.49,54.32],[168.13,54.41],[167.89,54.41],[167.6,54.49],[167.39,54.6],[167.27,54.58],[167.13,54.44],[167.09,54.45],[166.97,54.61],[166.79,54.5],[166.71,54.5],[166.55,54.58],[166.37,54.8],[165.97,55.04],[165.94,55.09],[165.75,55.11],[165.61,55.23],[165.37,55.3],[165.27,55.45],[165.15,55.44],[165.17,55.59],[165.32,55.62],[165.52,55.6],[165.66,55.47],[165.77,55.43],[166.12,55.47],[166.27,55.4],[166.48,55.38],[167.1,55.13],[167.17,55.13],[167.26,55.04],[167.38,55.04],[167.47,54.95],[167.69,54.83],[168.57,54.41]],[[179.58,54.44],[179.73,54.36],[179.8,54.28],[179.8,54.2],[179.74,54.14],[179.63,54.14],[179.57,54.32],[179.5,54.4],[179.58,54.44]],[[171.08,53.05],[170.96,53.0],[170.96,52.93],[170.85,52.93],[170.83,52.98],[170.89,53.03],[170.66,53.28],[170.65,53.33],[170.7,53.36],[170.8,53.33],[171.0,53.16],[171.12,53.1],[171.08,53.05]],[[173.86,52.16],[173.47,52.24],[173.32,52.33],[173.14,52.35],[173.0,52.42],[172.93,52.57],[172.65,52.75],[172.24,52.89],[172.23,52.92],[172.47,53.05],[172.58,53.04],[172.71,53.11],[172.89,53.13],[173.02,53.07],[173.21,53.07],[173.41,52.95],[173.84,52.83],[174.27,52.78],[174.41,52.71],[174.63,52.69],[174.77,52.62],[174.73,52.56],[174.53,52.55],[174.4,52.5],[174.21,52.35],[174.06,52.33],[173.86,52.16]],[[178.45,51.83],[178.46,51.8],[179.33,51.52],[179.36,51.46],[179.54,51.39],[179.55,51.34],[179.23,51.25],[179.13,51.26],[178.76,51.49],[178.54,51.51],[178.37,51.65],[178.21,51.65],[178.09,51.73],[177.8,51.75],[177.63,51.82],[177.42,51.76],[177.07,51.73],[177.02,51.78],[177.22,51.93],[177.18,52.01],[176.99,52.01],[176.76,51.94],[176.6,51.94],[176.44,52.07],[176.24,52.13],[176.21,52.18],[175.84,52.3],[175.72,52.36],[175.68,52.43],[175.77,52.47],[175.98,52.42],[176.12,52.33],[176.31,52.28],[176.33,52.21],[176.8,52.12],[176.98,52.16],[177.11,52.09],[177.36,52.17],[177.78,52.16],[177.87,52.11],[177.89,51.99],[178.15,51.92],[178.17,51.95],[178.08,52.05],[178.16,52.09],[178.61,52.02],[178.68,51.98],[178.64,51.89],[178.45,51.83]],[[179.38,52.24],[179.41,52.18],[179.34,52.08],[178.96,51.97],[178.9,52.0],[178.96,52.16],[179.38,52.24]],[[175.85,51.64],[175.71,51.61],[175.55,51.69],[175.52,51.75],[175.69,51.89],[175.88,51.92],[175.88,52.04],[175.91,52.08],[176.08,52.07],[176.15,52.01],[176.14,51.96],[175.85,51.64]],[[175.24,52.17],[175.17,52.21],[175.18,52.27],[175.24,52.32],[175.32,52.32],[175.35,52.28],[175.34,52.22],[175.24,52.17]],[[154.23,48.82],[154.13,48.77],[154.08,48.67],[153.99,48.63],[153.94,48.48],[153.87,48.46],[153.75,48.34],[153.7,48.36],[153.69,48.4],[153.85,48.61],[153.92,48.65],[153.96,48.78],[154.04,48.86],[154.02,48.91],[153.89,48.92],[153.9,49.01],[154.0,49.02],[154.05,48.95],[154.13,48.94],[154.39,49.05],[154.52,49.45],[154.66,49.57],[154.65,49.65],[154.86,49.69],[155.02,49.64],[155.02,49.53],[154.93,49.42],[154.95,49.28],[154.69,49.21],[154.66,49.17],[154.68,49.08],[154.66,49.03],[154.45,48.9],[154.33,48.9],[154.23,48.82]],[[154.45,47.98],[154.43,48.19],[154.45,48.3],[154.57,48.37],[154.85,48.63],[154.88,48.73],[154.93,48.75],[155.0,48.94],[155.09,48.97],[155.18,48.95],[155.21,48.84],[155.05,48.7],[155.02,48.53],[155.04,48.48],[154.93,48.28],[154.75,48.18],[154.63,48.04],[154.45,47.98]],[[153.21,47.92],[153.15,47.74],[152.81,47.45],[152.77,47.45],[152.79,47.56],[152.93,47.72],[152.96,47.84],[153.13,47.91],[153.14,48.06],[153.12,48.12],[153.2,48.17],[153.35,48.13],[153.39,48.04],[153.21,47.92]],[[154.53,49.66],[154.46,49.56],[154.39,49.55],[154.29,49.67],[154.28,49.74],[154.37,49.86],[154.45,49.86],[154.54,49.8],[154.53,49.66]],[[155.64,50.95],[155.74,50.89],[155.68,50.8],[155.52,50.78],[155.42,50.87],[155.44,50.97],[155.49,50.99],[155.64,50.95]],[[151.96,55.29],[151.83,55.29],[151.8,55.35],[152.2,55.58],[152.31,55.59],[152.31,55.54],[152.14,55.4],[152.07,55.4],[151.96,55.29]],[[144.8,55.33],[144.43,55.32],[144.36,55.34],[144.33,55.38],[144.51,55.5],[144.63,55.77],[144.63,55.89],[144.74,56.11],[144.94,56.07],[145.09,56.08],[144.96,56.16],[144.63,56.26],[144.65,56.31],[144.78,56.35],[144.93,56.46],[145.18,56.36],[145.23,56.31],[145.68,56.32],[145.69,56.27],[145.48,56.1],[145.34,56.08],[145.34,56.0],[145.57,55.9],[145.69,55.9],[145.78,55.73],[146.05,55.66],[146.26,55.66],[146.41,55.54],[146.54,55.52],[146.58,55.47],[146.56,55.41],[146.42,55.49],[146.33,55.42],[146.22,55.42],[146.09,55.35],[145.69,55.46],[145.47,55.45],[145.33,55.49],[144.99,55.37],[144.8,55.33]],[[146.24,56.37],[146.29,56.43],[146.48,56.36],[146.5,56.24],[146.46,56.1],[146.31,56.12],[146.24,56.37]],[[146.74,55.77],[146.63,55.84],[146.79,55.86],[146.88,55.82],[146.86,55.76],[146.74,55.77]],[[152.43,47.22],[152.36,47.34],[152.41,47.41],[152.66,47.43],[152.72,47.41],[152.58,47.26],[152.43,47.22]],[[152.33,47.21],[152.36,47.15],[152.35,47.09],[151.91,46.71],[151.81,46.72],[151.69,46.78],[151.68,46.87],[151.83,46.9],[152.14,47.17],[152.15,47.21],[152.27,47.23],[152.33,47.21]],[[149.28,45.47],[149.23,45.5],[149.22,45.58],[149.43,45.7],[149.62,45.89],[149.84,45.97],[149.98,46.11],[150.15,46.16],[150.29,46.3],[150.48,46.28],[150.72,46.37],[150.85,46.53],[150.94,46.56],[150.98,46.52],[150.89,46.25],[150.74,46.24],[150.7,46.18],[150.58,46.16],[150.01,45.7],[149.93,45.68],[149.91,45.63],[149.68,45.51],[149.28,45.47]],[[147.56,44.67],[147.44,44.6],[147.34,44.45],[147.02,44.29],[146.86,44.29],[146.77,44.37],[146.79,44.48],[146.88,44.54],[146.91,44.63],[147.06,44.72],[147.08,44.82],[147.33,44.92],[147.46,45.03],[147.45,45.16],[147.74,45.23],[147.91,45.47],[147.97,45.47],[148.08,45.37],[148.19,45.54],[148.28,45.56],[148.31,45.53],[148.3,45.4],[148.34,45.36],[148.61,45.63],[148.74,45.63],[148.92,45.55],[148.9,45.32],[148.73,45.25],[148.24,44.98],[147.92,44.9],[147.56,44.67]],[[149.75,45.23],[149.73,45.27],[149.78,45.33],[149.93,45.38],[149.97,45.35],[149.89,45.26],[149.75,45.23]],[[149.09,45.2],[149.37,45.06],[149.4,45.02],[149.39,44.96],[148.56,44.47],[148.49,44.41],[148.4,44.38],[148.23,44.24],[147.92,44.14],[147.92,44.19],[148.06,44.35],[148.09,44.5],[148.06,44.6],[147.92,44.69],[147.95,44.75],[148.21,44.81],[148.28,44.86],[148.37,44.86],[148.54,44.96],[148.57,45.01],[148.72,45.03],[148.97,45.17],[149.09,45.2]],[[139.47,34.81],[139.47,34.65],[139.3,34.69],[139.33,34.75],[139.33,34.83],[139.47,34.81]],[[139.23,34.18],[139.1,34.13],[138.99,34.13],[139.01,34.21],[139.18,34.33],[139.22,34.49],[139.26,34.55],[139.37,34.53],[139.43,34.59],[139.52,34.59],[139.53,34.49],[139.42,34.45],[139.23,34.18]],[[139.44,34.1],[139.47,34.15],[139.59,34.2],[139.57,34.16],[139.62,34.07],[139.58,34.03],[139.5,34.01],[139.44,34.1]],[[138.89,33.91],[138.89,33.86],[138.79,33.84],[138.74,33.89],[138.74,33.97],[138.88,34.08],[138.96,34.09],[138.97,34.04],[138.9,33.97],[138.89,33.91]],[[139.63,33.92],[139.65,33.84],[139.57,33.84],[139.56,33.9],[139.63,33.92]],[[140.21,33.63],[140.29,33.57],[140.27,33.5],[140.21,33.5],[140.14,33.56],[140.05,33.53],[140.05,33.6],[140.21,33.63]],[[139.82,33.17],[139.92,33.08],[139.94,32.99],[139.79,33.02],[139.64,33.13],[139.67,33.18],[139.82,33.17]],[[139.78,32.49],[139.8,32.46],[139.77,32.41],[139.73,32.47],[139.75,32.5],[139.78,32.49]],[[140.33,30.52],[140.34,30.46],[140.28,30.46],[140.28,30.51],[140.33,30.52]],[[130.17,30.52],[130.26,30.48],[130.27,30.42],[130.19,30.42],[130.13,30.48],[130.17,30.52]],[[130.18,30.69],[130.02,30.56],[129.98,30.56],[130.04,30.61],[130.0,30.65],[130.06,30.76],[130.13,30.77],[130.18,30.69]],[[130.23,30.74],[130.23,30.79],[130.28,30.85],[130.42,30.87],[130.49,30.83],[130.46,30.77],[130.33,30.7],[130.26,30.7],[130.23,30.74]],[[129.99,30.84],[129.94,30.78],[129.88,30.82],[129.92,30.88],[129.99,30.84]],[[129.62,31.11],[129.46,31.09],[129.39,31.15],[129.64,31.43],[129.78,31.44],[129.8,31.33],[129.62,31.11]],[[129.92,29.92],[129.87,29.97],[129.91,30.03],[129.98,29.96],[129.92,29.92]],[[129.58,29.89],[129.53,29.86],[129.5,29.91],[129.55,29.94],[129.58,29.89]],[[129.89,29.91],[129.96,29.83],[129.93,29.79],[129.83,29.84],[129.85,29.9],[129.89,29.91]],[[129.75,29.69],[129.78,29.63],[129.71,29.58],[129.68,29.65],[129.75,29.69]],[[129.62,29.49],[129.64,29.44],[129.58,29.42],[129.56,29.48],[129.62,29.49]],[[129.37,29.25],[129.39,29.19],[129.32,29.17],[129.29,29.1],[129.17,29.15],[129.18,29.19],[129.27,29.19],[129.37,29.25]],[[129.29,27.97],[129.07,27.94],[129.08,27.73],[129.02,27.63],[128.93,27.65],[128.87,27.71],[128.87,27.9],[129.13,28.11],[129.15,28.21],[129.12,28.26],[129.15,28.33],[129.48,28.48],[129.7,28.62],[129.76,28.82],[129.93,28.8],[129.97,28.71],[129.87,28.59],[129.86,28.43],[129.9,28.38],[130.05,28.39],[130.09,28.23],[129.87,28.23],[129.75,28.28],[129.64,28.26],[129.49,28.16],[129.29,27.97]],[[142.09,27.23],[142.11,27.37],[142.16,27.44],[142.11,27.48],[142.09,27.63],[141.95,27.84],[141.94,27.93],[141.98,27.98],[142.17,27.77],[142.27,27.57],[142.25,27.42],[142.3,27.12],[142.21,26.94],[142.16,26.91],[142.26,26.61],[142.25,26.53],[142.19,26.46],[142.14,26.48],[142.09,26.62],[142.06,26.82],[142.11,26.95],[142.09,27.23]],[[127.25,25.9],[127.19,25.92],[127.17,25.95],[127.18,26.22],[127.16,26.29],[127.12,26.32],[126.81,26.25],[126.69,26.33],[126.68,26.39],[126.75,26.42],[126.92,26.38],[127.13,26.41],[127.3,26.31],[127.58,26.33],[127.64,26.36],[127.69,26.45],[127.81,26.5],[127.85,26.56],[127.84,26.6],[127.71,26.62],[127.71,26.69],[127.59,26.74],[127.64,26.81],[127.71,26.77],[127.9,26.74],[128.05,26.84],[128.22,26.86],[128.25,26.92],[128.38,26.84],[128.41,26.73],[128.26,26.53],[128.09,26.43],[128.06,26.24],[127.98,26.14],[127.58,26.0],[127.39,26.06],[127.3,26.0],[127.25,25.9]],[[131.28,25.91],[131.26,25.95],[131.29,25.98],[131.35,25.96],[131.34,25.9],[131.28,25.91]],[[131.3,25.88],[131.27,25.79],[131.19,25.81],[131.22,25.9],[131.3,25.88]],[[127.22,26.55],[127.18,26.6],[127.24,26.63],[127.27,26.59],[127.22,26.55]],[[127.99,26.87],[127.95,26.84],[127.87,26.86],[127.81,26.91],[127.79,27.0],[127.94,27.11],[128.08,27.16],[128.09,27.06],[127.99,26.87]],[[128.44,27.1],[128.48,27.05],[128.45,26.99],[128.37,27.04],[128.44,27.1]],[[140.9,27.26],[140.91,27.21],[140.84,27.2],[140.84,27.27],[140.9,27.26]],[[128.7,27.48],[128.75,27.41],[128.69,27.35],[128.58,27.31],[128.51,27.35],[128.52,27.44],[128.7,27.48]],[[128.24,27.9],[128.27,27.85],[128.24,27.81],[128.2,27.86],[128.24,27.9]],[[126.01,24.92],[125.74,25.28],[125.76,25.44],[125.89,25.55],[126.12,25.44],[126.19,25.33],[126.19,25.23],[126.08,25.09],[126.07,24.94],[126.01,24.92]],[[141.25,25.41],[141.25,25.47],[141.29,25.48],[141.32,25.41],[141.25,25.41]],[[124.87,24.45],[124.62,24.67],[124.61,24.78],[124.65,24.89],[124.69,24.91],[124.84,24.84],[124.94,24.73],[125.0,24.73],[125.19,24.94],[125.21,25.1],[125.47,25.15],[125.66,24.86],[125.64,24.76],[125.56,24.7],[125.18,24.63],[124.87,24.45]],[[141.28,24.7],[141.27,24.8],[141.33,24.82],[141.38,24.81],[141.39,24.76],[141.28,24.7]],[[123.87,24.18],[123.85,24.06],[123.81,24.02],[123.74,24.03],[123.65,24.11],[123.7,24.24],[123.64,24.31],[123.76,24.51],[123.83,24.54],[124.01,24.46],[124.14,24.56],[124.24,24.57],[124.28,24.63],[124.39,24.62],[124.38,24.38],[124.08,24.2],[123.91,24.2],[123.87,24.18]],[[153.95,24.26],[153.91,24.32],[154.0,24.32],[154.0,24.26],[153.95,24.26]],[[141.46,24.26],[141.5,24.22],[141.46,24.18],[141.42,24.21],[141.46,24.26]],[[123.54,24.27],[123.6,24.23],[123.59,24.18],[123.5,24.16],[123.43,24.2],[123.41,24.25],[123.54,24.27]],[[123.01,24.5],[123.05,24.46],[123.03,24.42],[122.92,24.43],[122.93,24.49],[123.01,24.5]],[[175.67,23.01],[175.71,22.97],[175.7,22.89],[175.6,22.86],[175.57,22.9],[175.58,22.96],[175.67,23.01]]],[[[90.0,90.0],[-0.0,90.0],[-0.0,61.62],[0.08,61.69],[0.05,61.78],[0.06,61.84],[0.56,62.0],[0.8,61.88],[0.83,61.76],[0.87,61.73],[0.98,61.73],[1.2,61.81],[1.31,61.78],[1.47,61.64],[1.61,61.61],[1.75,61.5],[2.05,61.37],[2.26,61.21],[2.5,61.13],[2.64,61.01],[2.94,60.83],[3.22,60.49],[3.22,60.08],[3.29,59.84],[3.29,59.67],[3.43,59.51],[3.46,59.39],[3.44,59.21],[3.49,59.14],[3.49,59.0],[3.72,58.62],[3.79,58.56],[3.97,58.52],[4.09,58.41],[4.66,58.16],[5.07,58.09],[5.19,58.11],[5.3,58.05],[5.58,57.95],[5.74,57.85],[5.86,57.85],[6.03,57.74],[6.15,57.7],[6.37,57.7],[6.56,57.61],[7.6,57.52],[8.0,57.61],[8.18,57.61],[8.41,57.7],[8.53,57.68],[8.84,57.8],[9.2,57.85],[9.44,57.97],[9.63,57.99],[9.77,58.06],[10.49,58.15],[10.64,58.13],[10.81,58.01],[10.86,58.01],[10.87,58.12],[10.69,58.3],[10.66,58.48],[10.15,58.87],[10.07,58.87],[9.94,58.81],[9.92,58.88],[9.88,58.9],[9.53,58.76],[9.51,58.71],[9.41,58.69],[8.91,58.4],[8.84,58.33],[8.65,58.25],[8.5,58.13],[7.97,57.99],[7.78,57.99],[7.64,57.94],[6.94,57.94],[6.53,58.08],[6.47,58.23],[6.32,58.22],[5.72,58.46],[5.29,58.81],[5.12,58.88],[5.13,58.93],[5.26,58.96],[5.33,59.01],[5.38,59.14],[5.35,59.16],[5.29,59.09],[5.17,59.07],[4.81,59.31],[4.83,59.57],[4.97,59.69],[4.93,59.86],[4.95,60.1],[4.88,60.17],[4.85,60.29],[4.55,60.91],[4.41,60.96],[4.37,61.03],[4.44,61.45],[4.44,61.53],[4.35,61.66],[4.39,61.8],[4.33,61.87],[4.16,61.93],[3.74,62.28],[3.63,62.45],[3.65,62.53],[3.87,62.55],[4.06,62.67],[4.2,62.68],[4.32,62.75],[4.98,62.89],[5.19,63.08],[5.36,63.13],[5.43,63.28],[5.55,63.33],[6.58,63.29],[6.68,63.34],[6.74,63.3],[6.78,63.33],[6.75,63.42],[6.8,63.44],[7.12,63.42],[7.3,63.44],[7.46,63.35],[7.52,63.34],[7.66,63.53],[7.78,63.58],[7.9,63.58],[8.0,63.63],[8.01,63.68],[8.08,63.6],[8.17,63.58],[8.19,63.75],[8.05,63.83],[8.05,63.87],[8.24,63.88],[8.91,64.21],[9.05,64.2],[9.38,64.28],[9.47,64.26],[9.53,64.18],[9.28,64.02],[9.06,63.79],[9.07,63.75],[9.14,63.72],[9.29,63.76],[9.4,63.88],[9.59,64.01],[9.75,64.04],[9.83,64.21],[9.97,64.35],[10.08,64.31],[10.23,64.45],[10.4,64.45],[10.52,64.54],[10.75,64.62],[10.74,64.68],[10.57,64.67],[10.24,64.49],[10.15,64.48],[10.13,64.52],[10.17,64.57],[10.32,64.61],[10.37,64.66],[10.37,64.71],[10.3,64.76],[10.28,64.83],[10.37,64.95],[10.52,65.05],[10.63,65.21],[10.69,65.24],[10.83,65.21],[10.84,65.25],[10.76,65.36],[11.0,65.45],[11.02,65.62],[11.39,65.79],[11.43,65.9],[11.36,65.99],[11.36,66.06],[11.67,66.25],[11.79,66.22],[11.89,66.27],[12.03,66.25],[12.09,66.28],[12.08,66.36],[11.74,66.43],[11.72,66.48],[11.79,66.55],[11.93,66.63],[12.27,66.7],[12.35,66.8],[12.58,66.87],[12.7,66.96],[13.21,67.11],[13.44,67.13],[13.49,67.23],[13.46,67.28],[13.34,67.33],[13.36,67.38],[13.52,67.35],[13.63,67.36],[14.05,67.54],[14.23,67.49],[14.26,67.52],[14.23,67.6],[14.36,67.8],[14.5,67.88],[15.03,68.05],[15.17,68.05],[15.41,68.21],[15.33,68.26],[15.19,68.25],[14.98,68.19],[14.87,68.2],[14.65,68.12],[14.33,68.09],[12.75,67.57],[12.56,67.4],[12.41,67.37],[12.35,67.31],[12.16,67.34],[11.89,67.33],[10.83,67.11],[10.54,67.13],[10.4,67.28],[10.27,67.36],[10.25,67.42],[10.29,67.45],[10.47,67.45],[10.49,67.66],[10.4,67.85],[10.52,67.9],[10.54,67.95],[10.73,68.0],[10.78,68.17],[11.19,68.36],[11.72,68.43],[11.96,68.55],[12.2,68.57],[12.41,68.65],[12.66,68.63],[12.75,68.74],[13.0,68.81],[13.3,68.84],[13.84,69.08],[14.05,68.98],[14.19,69.05],[14.2,68.97],[14.43,68.87],[14.45,68.89],[14.44,68.92],[14.29,69.01],[14.28,69.08],[14.56,69.21],[14.98,69.27],[15.17,69.34],[15.5,69.39],[15.75,69.37],[15.97,69.45],[16.19,69.42],[16.28,69.35],[16.12,69.07],[16.14,69.03],[16.26,69.01],[16.45,69.22],[16.62,69.26],[16.67,69.37],[16.62,69.46],[16.24,69.65],[16.23,69.68],[16.57,69.73],[16.66,69.7],[16.71,69.75],[16.86,69.79],[17.36,69.77],[17.54,69.69],[17.68,69.68],[17.84,69.74],[17.86,69.82],[17.65,69.82],[17.21,69.92],[16.82,69.91],[16.76,69.94],[16.97,70.06],[17.09,70.06],[17.31,70.21],[18.08,70.13],[18.2,70.05],[18.3,70.11],[18.27,70.15],[17.89,70.21],[17.84,70.25],[17.75,70.25],[17.35,70.37],[17.31,70.42],[17.33,70.45],[17.89,70.47],[18.05,70.52],[19.3,70.55],[19.39,70.53],[19.51,70.45],[19.67,70.45],[20.09,70.6],[20.07,70.66],[19.97,70.64],[19.66,70.66],[19.28,70.76],[18.97,70.76],[18.84,70.8],[18.61,70.78],[18.44,70.87],[18.32,70.97],[18.32,71.0],[18.38,71.04],[18.73,71.07],[18.85,71.12],[18.97,71.07],[19.57,71.3],[19.65,71.45],[19.71,71.48],[19.91,71.34],[19.92,71.26],[19.85,71.14],[20.02,71.02],[20.57,71.09],[20.59,71.15],[20.54,71.25],[20.62,71.29],[20.93,71.17],[21.1,71.21],[21.3,71.16],[21.65,71.17],[21.74,71.13],[21.8,71.0],[21.7,71.0],[21.57,70.9],[21.32,70.81],[21.08,70.82],[20.77,71.0],[20.49,70.92],[20.29,70.93],[20.13,70.83],[20.14,70.79],[20.2,70.76],[20.9,70.7],[21.01,70.66],[21.04,70.6],[20.93,70.53],[20.96,70.4],[20.86,70.36],[20.93,70.27],[20.93,70.3],[21.01,70.33],[21.04,70.4],[21.11,70.42],[21.22,70.4],[21.34,70.47],[21.48,70.48],[22.21,70.34],[22.35,70.35],[22.49,70.42],[22.71,70.43],[22.7,70.48],[22.51,70.5],[22.47,70.47],[22.29,70.48],[22.19,70.44],[22.04,70.45],[21.9,70.5],[21.71,70.53],[21.62,70.59],[21.6,70.63],[21.63,70.67],[22.04,70.81],[22.3,71.0],[23.46,71.09],[23.53,71.06],[23.55,71.02],[23.47,70.91],[23.51,70.87],[23.76,71.01],[23.74,71.12],[23.79,71.19],[24.0,71.15],[24.29,71.19],[24.73,71.17],[25.04,71.24],[26.24,71.17],[26.29,71.1],[26.43,71.12],[26.22,70.99],[26.06,70.95],[26.05,70.88],[26.08,70.84],[26.25,70.85],[26.66,71.02],[26.74,71.02],[26.81,70.9],[26.88,70.88],[26.88,70.83],[26.8,70.73],[26.94,70.68],[27.08,70.81],[27.05,71.07],[27.2,71.12],[27.32,71.21],[28.22,71.22],[28.74,71.1],[28.81,71.05],[28.77,70.99],[28.51,70.85],[28.51,70.8],[29.02,71.01],[29.21,71.02],[29.5,70.9],[30.7,70.71],[30.77,70.66],[31.11,70.61],[31.4,70.37],[31.33,70.33],[31.32,70.28],[31.25,70.28],[31.18,70.23],[31.06,70.23],[30.75,70.11],[30.61,70.01],[30.48,70.04],[29.84,70.01],[29.72,70.04],[29.72,70.0],[29.8,69.96],[30.69,69.84],[30.92,69.85],[31.05,69.93],[31.31,70.01],[31.45,70.01],[31.61,69.93],[31.66,69.99],[31.67,70.08],[31.66,70.11],[31.59,70.13],[31.57,70.19],[32.14,70.17],[32.32,70.21],[32.38,70.28],[32.27,70.43],[32.34,70.45],[32.57,70.35],[32.89,70.3],[33.01,70.23],[33.53,70.11],[33.68,70.04],[33.85,70.06],[33.97,69.94],[34.21,70.06],[34.28,69.94],[34.42,69.99],[34.47,69.94],[34.6,69.95],[34.66,69.92],[34.65,69.87],[34.51,69.84],[34.59,69.76],[34.83,69.75],[34.95,69.8],[35.12,69.76],[35.17,69.77],[35.18,69.82],[35.1,69.89],[35.07,69.96],[35.17,70.08],[34.89,70.02],[34.83,70.06],[34.71,70.09],[34.66,70.16],[34.57,70.18],[34.47,70.33],[34.23,70.32],[34.2,70.38],[34.25,70.55],[34.21,70.58],[34.15,70.57],[34.09,70.49],[34.09,70.37],[34.06,70.33],[33.92,70.29],[33.7,70.31],[33.67,70.38],[33.85,70.54],[33.73,70.64],[33.56,70.69],[33.53,70.82],[33.45,70.86],[33.44,70.78],[33.38,70.73],[33.17,70.9],[32.94,70.93],[32.93,70.97],[32.97,71.0],[33.58,70.97],[33.71,71.23],[33.87,71.29],[34.28,71.25],[34.3,71.27],[34.28,71.31],[34.22,71.35],[34.25,71.39],[34.78,71.41],[34.95,71.47],[36.25,71.41],[36.56,71.26],[36.8,71.24],[36.99,71.12],[37.33,71.07],[37.37,70.93],[37.47,70.89],[37.58,70.73],[37.97,70.59],[38.26,70.62],[38.3,70.55],[38.19,70.45],[38.22,70.4],[38.5,70.35],[38.6,70.37],[38.8,70.3],[38.98,70.4],[39.02,70.29],[39.14,70.27],[39.37,70.33],[39.63,70.33],[39.85,70.42],[40.06,70.45],[40.09,70.64],[40.49,70.81],[40.61,71.09],[40.71,71.15],[41.02,71.19],[41.19,71.29],[41.3,71.31],[42.29,71.29],[42.61,71.33],[42.8,71.26],[43.28,71.31],[43.41,71.28],[43.59,71.38],[43.74,71.52],[43.9,71.55],[43.95,71.67],[44.12,71.84],[44.41,71.84],[44.67,71.93],[45.13,72.01],[45.25,72.08],[45.39,72.01],[45.8,72.05],[46.16,72.05],[46.24,72.08],[46.37,72.2],[46.45,72.2],[46.49,72.25],[46.62,72.28],[46.59,72.35],[46.56,72.36],[46.39,72.33],[46.35,72.39],[46.37,72.42],[46.88,72.44],[47.07,72.49],[47.33,72.38],[47.36,72.4],[47.34,72.55],[47.45,72.63],[47.48,72.7],[47.53,72.73],[47.7,72.72],[47.91,72.77],[48.08,72.7],[48.56,72.69],[48.6,72.64],[48.49,72.63],[48.43,72.58],[48.41,72.53],[48.45,72.49],[48.87,72.41],[48.99,72.53],[49.11,72.45],[49.21,72.43],[49.7,72.53],[49.88,72.63],[50.02,72.58],[50.48,72.67],[50.72,72.63],[50.86,72.66],[50.91,72.73],[50.81,72.97],[50.86,73.04],[50.92,73.07],[51.53,73.06],[51.8,73.24],[51.83,73.31],[51.82,73.45],[52.04,73.47],[52.09,73.6],[52.44,73.77],[52.41,73.84],[52.21,73.85],[52.08,73.92],[52.01,74.02],[52.03,74.08],[52.13,74.02],[52.28,74.01],[52.35,74.09],[52.31,74.23],[52.37,74.26],[52.45,74.24],[52.58,74.06],[52.65,74.05],[52.73,74.14],[52.78,74.14],[52.83,74.0],[53.12,73.97],[53.84,74.24],[54.05,74.29],[54.2,74.41],[54.13,74.6],[54.23,74.69],[54.32,74.89],[54.92,75.13],[55.0,75.2],[55.11,75.39],[54.77,75.41],[54.53,75.37],[54.45,75.39],[54.32,75.32],[54.06,75.34],[53.93,75.29],[53.57,75.27],[53.36,75.2],[53.07,75.2],[52.86,75.07],[52.89,74.91],[52.78,74.72],[52.61,74.57],[52.61,74.43],[52.4,74.37],[52.18,74.41],[51.63,74.37],[51.59,74.33],[51.63,74.2],[51.58,74.13],[50.74,74.0],[50.57,73.88],[50.37,73.88],[50.27,73.99],[50.15,74.05],[50.12,74.05],[50.09,73.94],[50.03,73.87],[49.9,73.9],[49.54,73.85],[49.35,73.93],[49.06,73.97],[48.72,73.9],[48.68,73.95],[48.83,73.99],[48.82,74.02],[48.56,74.02],[48.54,74.13],[48.49,74.19],[48.34,74.19],[48.2,74.24],[48.01,74.24],[47.86,74.36],[47.2,74.44],[47.13,74.48],[47.21,74.55],[47.38,74.53],[47.5,74.64],[47.55,74.65],[47.61,74.57],[47.75,74.55],[48.09,74.58],[48.19,74.56],[48.25,74.51],[48.29,74.62],[48.23,74.67],[48.3,74.72],[48.53,74.65],[48.65,74.69],[48.77,74.67],[48.88,74.71],[49.33,74.69],[49.53,74.54],[49.72,74.52],[49.97,74.67],[50.12,74.67],[50.5,74.77],[50.62,74.93],[50.84,74.96],[50.86,75.01],[50.81,75.15],[50.96,75.25],[51.15,75.29],[51.22,75.37],[51.53,75.39],[51.85,75.51],[52.04,75.65],[52.21,75.63],[52.37,75.68],[52.44,75.74],[52.45,75.82],[52.26,75.89],[52.24,75.95],[52.42,76.01],[52.61,75.94],[52.91,76.02],[52.93,76.08],[52.88,76.13],[52.87,76.19],[52.91,76.26],[53.45,76.27],[53.73,76.39],[53.81,76.59],[53.92,76.49],[54.01,76.46],[54.42,76.6],[54.73,76.81],[55.03,76.79],[55.3,76.94],[55.59,76.95],[55.67,77.06],[55.74,77.09],[56.17,77.07],[56.17,77.19],[56.21,77.21],[56.27,77.2],[56.29,77.09],[56.77,77.05],[56.86,77.07],[56.96,76.97],[57.11,76.98],[57.13,76.83],[57.46,76.83],[57.56,77.04],[57.6,77.06],[57.94,76.78],[58.13,76.69],[58.01,76.62],[57.9,76.43],[57.92,76.35],[57.91,76.31],[57.76,76.28],[57.71,76.3],[57.62,76.15],[57.69,76.12],[57.86,76.17],[58.43,76.21],[58.45,76.09],[58.51,76.04],[58.9,76.18],[59.1,76.16],[59.51,76.25],[59.64,76.33],[59.4,76.41],[59.39,76.46],[59.61,76.52],[59.72,76.52],[59.86,76.61],[59.96,76.57],[60.15,76.64],[60.46,76.64],[60.68,76.71],[61.42,76.72],[61.49,76.66],[61.37,76.58],[61.39,76.51],[61.51,76.47],[61.69,76.48],[61.74,76.52],[61.74,76.58],[61.69,76.64],[61.57,76.68],[61.57,76.71],[61.61,76.76],[61.83,76.81],[61.9,77.05],[61.78,77.08],[61.53,77.08],[61.47,77.02],[61.49,77.0],[61.48,76.96],[61.39,76.92],[60.96,76.93],[60.93,77.0],[61.18,77.05],[61.18,77.24],[61.33,77.34],[61.71,77.31],[62.5,77.33],[62.66,77.24],[62.7,77.28],[62.65,77.31],[62.62,77.37],[62.74,77.44],[62.7,77.57],[62.85,77.66],[63.56,77.67],[63.75,77.72],[64.61,77.74],[64.87,77.61],[64.88,77.48],[64.93,77.49],[64.99,77.59],[65.08,77.61],[65.3,77.54],[65.75,77.51],[66.28,77.39],[66.66,77.37],[66.74,77.33],[66.73,77.29],[65.82,77.25],[65.6,77.12],[65.26,77.09],[65.05,77.02],[64.94,77.05],[64.23,77.03],[64.21,77.05],[64.37,77.15],[64.37,77.17],[64.2,77.24],[64.02,77.22],[63.97,77.12],[63.89,77.09],[63.47,77.18],[63.27,77.27],[63.12,77.27],[63.09,77.13],[63.03,77.09],[62.84,77.17],[62.48,77.17],[62.29,77.24],[62.02,77.24],[61.96,77.19],[62.07,77.08],[61.95,76.97],[61.92,76.82],[62.0,76.69],[61.86,76.59],[61.88,76.48],[62.42,76.34],[62.77,76.35],[62.97,76.24],[63.33,76.3],[63.24,76.38],[63.25,76.42],[63.53,76.47],[63.7,76.66],[63.97,76.67],[64.13,76.73],[64.56,76.76],[64.67,76.8],[65.03,76.77],[65.42,76.59],[65.61,76.61],[65.91,76.57],[65.73,76.66],[65.74,76.71],[65.88,76.77],[66.1,76.78],[66.65,76.93],[67.22,76.99],[67.08,77.07],[67.21,77.14],[67.95,77.12],[68.12,77.19],[68.26,77.11],[68.74,77.02],[68.79,76.97],[69.05,76.95],[69.32,76.81],[69.34,76.74],[69.26,76.65],[69.28,76.6],[69.39,76.59],[69.39,76.54],[69.24,76.46],[69.22,76.39],[69.29,76.33],[69.31,76.27],[69.19,76.2],[68.86,76.21],[68.07,76.16],[67.93,76.07],[64.24,75.6],[64.02,75.53],[63.94,75.53],[63.77,75.61],[63.7,75.61],[63.68,75.65],[63.64,75.67],[63.53,75.6],[63.3,75.56],[63.04,75.56],[62.23,75.41],[62.04,75.42],[61.86,75.33],[61.78,75.34],[61.71,75.3],[61.72,75.27],[61.98,75.22],[62.06,75.15],[62.06,75.09],[61.73,74.96],[61.28,74.96],[61.04,74.86],[60.68,74.79],[60.22,74.57],[60.05,74.41],[59.84,74.29],[59.57,74.19],[59.36,74.02],[58.59,73.93],[58.28,73.73],[58.06,73.69],[57.22,73.28],[57.1,73.16],[56.93,73.09],[56.79,72.92],[56.48,72.85],[56.34,72.7],[55.95,72.45],[55.96,72.29],[55.9,72.15],[56.03,72.0],[56.29,71.86],[56.6,71.55],[56.84,71.53],[57.03,71.41],[57.15,71.38],[57.18,71.33],[57.36,71.27],[57.48,71.12],[57.76,71.04],[57.89,70.94],[57.95,70.92],[58.03,70.97],[57.98,71.07],[58.01,71.09],[58.09,71.05],[58.08,70.9],[58.1,70.87],[58.35,70.85],[58.57,70.77],[59.09,70.73],[59.26,70.64],[59.31,70.74],[59.61,70.8],[59.66,70.94],[59.73,71.0],[59.93,70.97],[59.96,71.09],[60.01,71.14],[60.01,71.19],[59.96,71.23],[59.77,71.21],[59.69,71.26],[59.57,71.26],[59.45,71.35],[58.87,71.49],[58.77,71.57],[58.81,71.68],[58.73,71.91],[58.66,71.99],[58.68,72.05],[58.95,72.08],[59.14,72.17],[59.25,72.19],[59.34,72.26],[59.41,72.38],[59.55,72.44],[59.92,72.37],[60.01,72.42],[60.01,72.49],[59.97,72.53],[59.38,72.59],[59.32,72.63],[59.34,72.69],[60.26,72.84],[60.46,72.82],[60.96,72.97],[61.16,73.13],[61.3,73.16],[61.45,73.27],[61.69,73.28],[61.69,73.32],[61.61,73.45],[61.65,73.49],[62.14,73.47],[62.33,73.59],[62.69,73.61],[62.84,73.73],[62.91,73.73],[63.03,73.83],[63.29,73.83],[63.32,73.87],[63.25,73.98],[63.27,74.03],[63.63,74.14],[63.64,74.2],[63.49,74.25],[63.51,74.32],[64.19,74.34],[64.23,74.37],[64.19,74.41],[63.84,74.52],[63.82,74.57],[63.85,74.61],[64.58,74.56],[64.66,74.59],[64.67,74.62],[64.59,74.67],[64.52,74.65],[64.54,74.72],[65.36,74.72],[65.72,74.81],[66.31,74.75],[66.44,74.65],[66.45,74.58],[66.5,74.58],[66.49,74.65],[66.53,74.72],[66.8,74.65],[67.0,74.76],[67.05,74.87],[66.89,74.95],[66.92,75.0],[67.21,75.01],[67.42,74.89],[67.73,74.98],[68.14,74.96],[68.36,75.1],[68.55,75.13],[68.57,75.22],[68.63,75.27],[68.84,75.21],[69.06,75.23],[69.07,75.29],[68.96,75.29],[68.88,75.32],[68.87,75.35],[68.98,75.43],[69.16,75.47],[69.24,75.46],[69.41,75.37],[69.58,75.39],[69.85,75.34],[69.92,75.37],[70.01,75.48],[70.64,75.41],[70.83,75.46],[71.19,75.44],[71.28,75.5],[71.36,75.63],[71.3,75.68],[71.04,75.78],[71.02,75.82],[71.09,75.87],[71.09,76.01],[71.27,76.03],[71.24,76.1],[70.91,76.14],[70.86,76.12],[70.85,76.02],[70.79,76.01],[69.75,76.09],[69.58,76.16],[69.56,76.21],[69.42,76.28],[69.42,76.32],[69.53,76.4],[69.91,76.3],[69.93,76.32],[69.91,76.44],[70.24,76.5],[70.29,76.49],[70.3,76.42],[70.18,76.33],[70.54,76.23],[70.66,76.28],[70.78,76.24],[71.14,76.28],[71.33,76.21],[71.81,76.25],[71.92,76.21],[72.37,76.17],[72.44,76.21],[72.43,76.26],[72.25,76.3],[72.22,76.4],[72.18,76.4],[72.02,76.5],[72.02,76.57],[72.22,76.57],[72.34,76.61],[72.47,76.57],[72.9,76.58],[73.25,76.72],[73.25,76.77],[73.13,76.83],[73.14,76.88],[73.42,76.9],[73.54,76.85],[73.69,76.9],[73.76,76.87],[73.78,76.95],[73.66,76.95],[73.64,77.05],[73.52,77.09],[73.53,77.15],[73.58,77.18],[73.69,77.19],[73.83,77.12],[74.59,77.26],[74.96,77.21],[75.2,77.33],[77.45,77.33],[77.48,77.34],[77.49,77.45],[77.53,77.48],[77.72,77.48],[77.94,77.52],[78.22,77.67],[78.44,77.74],[78.41,77.84],[78.44,77.93],[78.26,77.95],[78.1,78.03],[77.09,78.13],[77.26,78.32],[77.25,78.42],[77.2,78.51],[76.9,78.75],[76.53,78.88],[76.26,78.92],[76.2,79.03],[76.28,79.1],[76.23,79.18],[75.58,79.32],[75.43,79.39],[74.48,79.59],[74.4,80.0],[74.24,80.07],[74.26,80.14],[74.24,80.2],[74.12,80.29],[73.9,80.35],[73.88,80.41],[73.97,80.48],[74.12,80.53],[74.34,80.55],[74.41,80.6],[74.19,80.67],[73.99,80.66],[73.93,80.7],[73.93,80.74],[73.96,80.79],[74.19,80.84],[74.27,80.9],[74.41,80.95],[74.39,81.01],[74.14,81.07],[74.12,81.1],[74.15,81.16],[74.34,81.27],[74.69,81.37],[74.84,81.44],[75.05,81.46],[75.25,81.53],[80.14,81.68],[80.79,81.51],[81.01,81.32],[81.66,81.19],[81.71,81.17],[81.72,81.02],[81.87,81.01],[81.99,80.91],[82.3,80.86],[82.4,80.72],[82.29,80.64],[82.3,80.6],[82.37,80.57],[82.72,80.54],[82.86,80.49],[82.9,80.41],[82.81,80.23],[82.82,80.19],[83.12,80.08],[83.44,80.08],[83.61,80.02],[84.02,80.09],[84.49,80.07],[84.49,79.93],[84.8,79.85],[85.04,79.66],[85.52,79.61],[85.93,79.54],[86.07,79.47],[86.29,79.46],[86.42,79.36],[86.4,79.25],[86.42,79.22],[86.53,79.18],[86.69,79.21],[86.96,79.01],[87.3,79.02],[88.15,78.92],[88.83,78.97],[88.85,78.99],[88.85,79.04],[88.69,79.21],[88.72,79.31],[88.69,79.35],[86.64,79.65],[86.45,79.83],[86.04,80.04],[86.05,80.07],[86.1,80.08],[86.33,80.0],[86.69,80.0],[86.84,79.95],[87.05,79.93],[87.27,79.98],[87.3,80.06],[87.27,80.12],[86.98,80.34],[87.05,80.39],[87.41,80.38],[87.68,80.29],[88.98,80.23],[89.02,80.19],[89.01,80.08],[89.09,80.03],[90.0,80.02],[90.0,80.13],[89.77,80.12],[89.55,80.17],[89.29,80.17],[89.23,80.21],[89.23,80.27],[89.5,80.55],[89.49,80.59],[89.4,80.62],[89.26,80.75],[88.9,80.79],[88.63,80.76],[88.33,80.86],[88.35,80.93],[88.33,80.99],[88.13,81.04],[88.06,81.15],[88.17,81.26],[88.16,81.44],[88.21,81.49],[88.23,81.58],[88.44,81.66],[88.55,81.74],[89.27,81.94],[90.0,81.9],[90.0,90.0]],[[45.95,82.08],[45.94,82.11],[45.98,82.13],[46.73,82.18],[47.86,82.21],[48.13,82.13],[49.35,82.04],[49.38,82.0],[49.33,81.92],[49.45,81.82],[49.44,81.77],[48.89,81.68],[48.84,81.64],[48.99,81.51],[49.2,81.47],[49.26,81.38],[49.24,81.32],[48.57,81.2],[48.29,81.21],[48.24,81.19],[48.25,81.15],[48.42,81.01],[49.01,81.03],[49.2,81.1],[49.68,81.1],[50.37,81.31],[50.96,81.24],[51.05,81.17],[51.05,81.12],[50.99,81.08],[50.81,81.06],[50.78,81.01],[50.58,81.02],[50.53,81.0],[50.53,80.97],[50.97,80.96],[51.01,80.94],[51.0,80.9],[51.07,80.86],[51.03,80.81],[51.65,80.79],[51.75,80.75],[51.77,80.69],[51.7,80.65],[51.21,80.59],[50.95,80.51],[50.21,80.5],[50.19,80.44],[50.38,80.47],[50.43,80.43],[50.43,80.31],[50.79,80.24],[50.76,80.2],[50.56,80.16],[50.53,80.12],[50.55,80.09],[50.98,80.15],[51.2,80.14],[51.51,80.02],[52.13,80.0],[52.25,79.95],[51.99,79.76],[51.58,79.73],[51.44,79.66],[50.36,79.59],[49.4,79.73],[49.28,79.83],[48.6,79.93],[48.63,79.98],[49.05,80.07],[49.12,80.11],[49.49,80.18],[49.49,80.22],[49.45,80.26],[49.19,80.34],[49.03,80.35],[49.01,80.33],[49.13,80.2],[49.11,80.14],[48.29,80.02],[47.63,80.04],[47.58,80.07],[47.65,80.16],[47.63,80.2],[47.38,80.12],[47.23,80.12],[46.89,80.16],[46.86,80.21],[46.65,80.24],[46.59,80.29],[46.65,80.34],[47.24,80.41],[47.51,80.35],[47.55,80.38],[47.54,80.41],[47.37,80.43],[47.36,80.47],[48.0,80.58],[48.2,80.57],[48.41,80.6],[48.41,80.62],[48.06,80.63],[47.81,80.72],[47.69,80.72],[47.51,80.64],[47.43,80.56],[47.2,80.6],[47.02,80.53],[46.76,80.53],[46.49,80.43],[46.09,80.41],[45.95,80.46],[45.86,80.52],[45.51,80.49],[45.37,80.54],[45.03,80.55],[44.55,80.67],[44.53,80.69],[44.57,80.74],[45.69,80.78],[45.84,80.83],[45.81,80.86],[44.96,80.96],[44.69,81.13],[44.71,81.19],[44.92,81.34],[44.93,81.41],[44.89,81.47],[43.49,81.82],[43.34,81.95],[43.13,81.97],[43.1,82.03],[43.28,82.06],[44.34,82.04],[44.47,82.0],[44.62,81.87],[46.54,81.72],[46.6,81.76],[46.65,81.85],[46.81,81.88],[46.74,81.95],[46.29,81.94],[45.95,82.08]],[[56.02,81.11],[55.92,81.17],[55.6,81.17],[55.37,81.22],[53.51,81.23],[53.27,81.3],[53.21,81.36],[53.26,81.4],[54.38,81.4],[54.73,81.34],[54.94,81.44],[55.9,81.34],[56.14,81.39],[56.15,81.34],[56.21,81.31],[56.21,81.38],[56.14,81.42],[56.14,81.46],[56.61,81.44],[56.67,81.49],[56.61,81.55],[56.66,81.57],[57.16,81.62],[57.4,81.69],[57.52,81.7],[57.85,81.57],[58.03,81.54],[58.17,81.57],[58.18,81.62],[58.1,81.67],[57.87,81.68],[57.89,81.75],[57.73,81.84],[57.77,81.89],[58.24,81.9],[58.36,81.96],[58.87,82.0],[58.97,82.04],[60.96,82.19],[61.04,82.17],[61.06,82.11],[60.56,81.96],[59.8,81.88],[59.65,81.73],[59.46,81.69],[59.43,81.65],[59.47,81.61],[59.96,81.63],[60.03,81.77],[60.36,81.86],[60.81,81.87],[60.87,81.85],[60.86,81.81],[60.7,81.73],[60.19,81.71],[60.11,81.69],[60.1,81.65],[60.29,81.63],[60.39,81.53],[60.38,81.45],[60.41,81.41],[61.0,81.42],[61.13,81.39],[61.16,81.34],[61.14,81.3],[60.92,81.24],[59.3,81.05],[59.2,80.97],[59.09,80.94],[59.09,80.78],[58.89,80.73],[58.89,80.68],[59.2,80.67],[59.47,80.82],[59.62,80.86],[59.8,81.01],[60.69,81.15],[61.82,81.19],[61.89,81.16],[61.88,81.12],[61.73,81.0],[61.82,80.95],[62.03,81.0],[62.45,81.03],[62.5,81.08],[62.59,81.1],[62.64,81.22],[62.71,81.24],[62.82,81.24],[63.01,81.15],[63.3,81.13],[63.37,81.17],[63.37,81.25],[65.0,81.39],[65.19,81.37],[65.31,81.28],[65.53,81.22],[65.93,80.91],[65.86,80.62],[65.7,80.62],[65.64,80.57],[65.38,80.5],[65.25,80.41],[65.13,80.43],[64.4,80.32],[64.16,80.39],[64.01,80.34],[63.19,80.39],[63.12,80.41],[63.08,80.53],[62.77,80.57],[62.55,80.49],[61.81,80.38],[61.84,80.35],[61.98,80.32],[61.93,80.26],[60.75,80.17],[60.61,80.09],[60.25,80.11],[60.21,80.07],[60.27,79.94],[60.25,79.85],[60.15,79.81],[59.98,79.8],[59.97,79.75],[60.61,79.75],[61.18,79.87],[62.23,79.88],[62.32,79.84],[63.06,79.82],[63.18,79.86],[63.19,79.91],[63.13,79.93],[62.76,79.92],[62.69,79.97],[62.78,80.01],[63.17,80.02],[63.22,80.07],[63.21,80.16],[63.25,80.19],[63.43,80.18],[63.34,80.09],[63.46,80.04],[63.56,80.06],[63.61,80.12],[63.81,80.12],[63.88,80.2],[64.13,80.21],[64.1,80.11],[64.42,80.1],[64.5,80.06],[64.3,79.93],[64.3,79.84],[64.36,79.74],[64.29,79.6],[63.7,79.42],[63.25,79.37],[62.98,79.26],[62.7,79.21],[62.69,79.16],[62.8,79.09],[62.75,79.05],[62.47,79.04],[61.99,78.92],[61.05,78.93],[61.02,78.91],[61.02,78.86],[61.1,78.8],[61.42,78.76],[61.74,78.76],[61.79,78.69],[61.61,78.65],[61.48,78.55],[61.03,78.51],[60.56,78.63],[60.39,78.49],[60.36,78.4],[60.25,78.38],[60.17,78.42],[60.32,78.56],[60.29,78.6],[60.2,78.63],[60.03,78.62],[59.93,78.73],[59.66,78.74],[59.65,78.79],[59.78,78.89],[59.98,78.92],[60.22,78.89],[60.39,78.94],[60.53,78.89],[60.71,79.03],[61.93,79.08],[61.97,79.14],[61.9,79.18],[61.67,79.24],[61.49,79.36],[60.86,79.38],[60.38,79.45],[60.3,79.4],[60.41,79.34],[60.64,79.3],[60.73,79.33],[60.96,79.31],[61.08,79.18],[61.05,79.15],[60.44,79.13],[60.18,79.06],[60.01,79.06],[59.8,78.99],[59.57,78.99],[59.41,78.94],[59.16,79.03],[55.44,79.0],[55.3,79.04],[54.7,78.99],[54.42,79.03],[54.45,79.08],[54.96,79.09],[55.33,79.18],[55.3,79.23],[55.13,79.25],[54.96,79.34],[54.82,79.33],[54.73,79.45],[54.62,79.49],[54.62,79.53],[54.65,79.55],[55.18,79.49],[55.48,79.52],[55.81,79.44],[56.06,79.44],[56.25,79.38],[57.03,79.39],[57.26,79.35],[57.49,79.25],[57.67,79.28],[57.7,79.32],[57.66,79.35],[57.46,79.36],[57.44,79.4],[57.46,79.45],[58.48,79.47],[59.5,79.23],[60.1,79.24],[60.14,79.27],[60.12,79.3],[60.0,79.34],[59.97,79.37],[59.99,79.43],[60.08,79.51],[60.04,79.59],[59.67,79.73],[59.14,79.73],[58.97,79.87],[58.87,79.83],[58.96,79.7],[58.94,79.66],[58.39,79.66],[58.11,79.82],[58.01,79.8],[57.84,79.68],[57.66,79.66],[57.53,79.59],[56.5,79.62],[56.37,79.67],[56.41,79.73],[56.93,79.73],[57.03,79.84],[57.12,79.87],[57.77,79.83],[58.01,79.96],[58.61,80.07],[58.78,80.18],[58.76,80.24],[58.67,80.29],[58.6,80.27],[58.57,80.19],[58.5,80.14],[58.26,80.11],[57.94,80.01],[57.65,79.97],[57.37,80.09],[57.31,80.07],[57.28,79.97],[57.24,79.95],[56.8,79.92],[56.59,79.88],[56.42,79.9],[56.18,79.81],[55.89,79.84],[55.88,79.78],[56.02,79.69],[55.99,79.66],[55.06,79.74],[55.04,79.77],[55.07,79.81],[55.73,79.79],[55.78,79.83],[55.78,79.93],[55.94,79.95],[55.92,80.02],[55.68,80.09],[55.7,80.13],[55.92,80.23],[55.91,80.3],[55.74,80.39],[55.76,80.45],[56.0,80.46],[56.38,80.42],[56.41,80.45],[56.2,80.58],[55.54,80.61],[55.37,80.65],[55.26,80.72],[54.87,80.69],[53.74,80.81],[53.75,80.87],[53.81,80.9],[54.35,80.92],[54.35,80.97],[54.08,80.99],[54.01,81.03],[54.04,81.07],[54.26,81.14],[54.58,81.13],[54.67,81.15],[55.73,81.05],[55.96,81.07],[56.02,81.11]],[[61.97,81.92],[64.06,81.89],[64.58,81.78],[64.66,81.75],[64.69,81.7],[64.65,81.65],[64.57,81.63],[63.32,81.53],[63.13,81.46],[61.37,81.5],[61.11,81.57],[61.02,81.65],[61.02,81.69],[61.08,81.73],[61.97,81.92]],[[62.56,80.25],[62.89,80.26],[63.01,80.2],[63.04,80.14],[63.01,80.11],[62.65,80.17],[62.57,80.12],[62.48,80.11],[62.5,80.24],[62.56,80.25]],[[62.02,80.19],[62.05,80.13],[61.97,80.08],[61.76,80.05],[61.66,80.09],[61.69,80.15],[61.92,80.14],[62.02,80.19]],[[57.01,78.45],[57.07,78.4],[57.06,78.34],[56.98,78.27],[56.81,78.2],[56.53,78.2],[56.26,78.27],[56.12,78.26],[56.06,78.28],[55.97,78.39],[56.12,78.34],[56.31,78.44],[56.82,78.48],[57.01,78.45]],[[55.72,78.24],[55.73,78.2],[55.68,78.17],[55.29,78.13],[55.25,78.09],[55.25,78.05],[55.32,77.96],[55.5,78.05],[55.76,78.09],[56.85,78.12],[56.92,78.1],[56.93,78.06],[56.87,78.02],[56.47,78.02],[56.44,77.97],[56.5,77.85],[56.47,77.81],[55.52,77.91],[55.24,77.84],[55.15,77.87],[55.15,77.95],[55.11,77.98],[54.93,78.0],[54.86,78.05],[55.0,78.23],[55.06,78.27],[55.63,78.27],[55.72,78.24]],[[41.11,79.2],[41.21,79.16],[41.22,79.11],[40.99,79.15],[40.47,79.13],[40.3,78.99],[40.08,78.97],[40.06,78.89],[40.17,78.83],[40.07,78.73],[39.91,78.73],[39.65,78.6],[39.43,78.59],[39.24,78.51],[38.95,78.48],[38.9,78.44],[38.86,78.29],[38.69,78.25],[38.67,78.2],[37.97,78.05],[37.75,78.05],[37.7,78.02],[37.76,77.97],[38.24,77.96],[38.45,77.82],[38.46,77.78],[38.42,77.73],[38.25,77.76],[37.99,77.64],[37.69,77.63],[37.6,77.66],[37.59,77.7],[37.8,77.78],[37.79,77.83],[37.25,77.89],[36.95,77.81],[36.94,77.77],[37.02,77.71],[37.01,77.67],[36.56,77.57],[36.62,77.53],[36.87,77.49],[37.04,77.43],[37.24,77.43],[37.42,77.36],[37.9,77.36],[38.15,77.24],[38.24,77.26],[38.33,77.4],[38.42,77.41],[38.58,77.38],[38.67,77.29],[38.84,77.26],[39.01,77.17],[39.29,77.24],[39.41,77.24],[39.53,77.17],[39.69,77.16],[39.7,77.13],[39.66,77.1],[39.37,77.02],[39.51,76.85],[39.49,76.76],[39.39,76.83],[39.34,76.9],[39.36,76.94],[39.33,76.95],[39.11,76.92],[38.31,76.93],[38.17,76.88],[37.9,76.9],[37.66,76.81],[37.33,76.78],[36.9,76.87],[36.8,76.85],[36.65,76.76],[36.03,76.76],[35.86,76.71],[35.5,76.73],[34.83,76.65],[34.5,76.52],[33.97,76.6],[33.84,76.5],[33.73,76.48],[33.44,76.56],[32.96,76.6],[32.6,76.73],[32.33,76.76],[32.19,76.81],[31.83,76.81],[31.35,76.9],[31.11,76.85],[30.93,76.96],[30.86,76.91],[30.73,76.9],[30.44,76.73],[30.19,76.71],[30.15,76.75],[30.13,76.91],[30.08,76.95],[30.01,76.94],[29.98,76.81],[29.89,76.79],[29.69,76.83],[29.57,76.95],[29.4,77.01],[29.36,77.07],[29.18,77.02],[28.88,77.13],[28.88,77.05],[29.01,76.88],[28.8,76.75],[28.76,76.56],[28.66,76.41],[28.73,76.37],[29.04,76.46],[29.1,76.43],[28.74,76.24],[28.76,76.09],[28.6,76.03],[28.5,75.9],[28.33,75.9],[28.07,76.01],[28.01,75.98],[28.06,75.87],[28.02,75.85],[27.99,75.92],[27.94,75.92],[27.94,75.97],[27.63,76.13],[27.29,76.14],[27.13,76.09],[27.06,76.04],[27.07,75.97],[27.19,75.91],[27.36,75.89],[27.42,75.78],[27.53,75.8],[27.7,75.75],[27.98,75.75],[28.02,75.69],[27.63,75.61],[27.41,75.63],[27.15,75.58],[26.93,75.61],[26.86,75.57],[26.72,75.41],[26.57,75.39],[26.21,75.16],[26.14,75.15],[25.99,75.24],[25.94,75.24],[25.73,75.1],[25.61,75.08],[25.45,74.93],[25.24,74.91],[24.87,74.72],[24.85,74.67],[22.06,74.24],[21.85,74.26],[21.56,74.19],[21.0,74.2],[20.92,74.17],[20.82,74.04],[20.72,74.07],[20.61,74.06],[20.55,73.99],[20.52,73.91],[20.48,73.9],[20.13,73.93],[19.65,73.9],[19.42,73.95],[19.12,73.85],[18.46,73.83],[18.27,73.93],[18.08,73.93],[17.89,74.09],[17.86,74.13],[17.88,74.16],[18.12,74.26],[18.17,74.31],[18.15,74.39],[17.95,74.47],[17.91,74.55],[17.94,74.6],[18.03,74.61],[18.15,74.77],[18.61,74.77],[18.62,74.8],[18.59,74.83],[18.22,74.89],[18.15,75.03],[17.94,75.13],[17.83,75.1],[17.79,75.01],[17.66,75.03],[17.46,74.98],[17.3,75.01],[17.08,74.93],[16.71,74.96],[16.41,74.91],[16.21,74.96],[16.02,74.96],[15.89,75.08],[15.78,75.05],[15.67,75.1],[15.6,75.2],[15.63,75.27],[15.68,75.29],[15.66,75.35],[15.39,75.44],[15.25,75.63],[15.31,75.7],[15.73,75.82],[15.73,75.9],[15.28,75.92],[14.98,75.99],[15.05,76.06],[15.32,76.12],[15.91,76.16],[16.03,76.21],[16.03,76.26],[15.93,76.27],[15.77,76.35],[15.39,76.35],[15.17,76.47],[15.01,76.47],[14.91,76.54],[14.84,76.52],[14.6,76.57],[14.24,76.57],[14.09,76.69],[13.93,76.69],[13.34,76.92],[13.33,76.97],[13.47,77.09],[13.45,77.11],[13.16,77.1],[12.77,77.02],[12.71,77.03],[12.68,77.09],[12.6,77.12],[12.61,77.15],[12.82,77.14],[13.05,77.22],[13.2,77.32],[13.19,77.39],[12.99,77.45],[12.87,77.41],[12.7,77.45],[12.31,77.43],[12.25,77.4],[12.24,77.35],[12.32,77.31],[12.32,77.19],[12.16,77.21],[12.15,77.38],[11.85,77.36],[11.79,77.41],[11.81,77.45],[12.07,77.56],[12.08,77.6],[11.72,77.6],[11.75,77.72],[11.72,77.76],[11.05,77.81],[10.61,77.77],[10.21,77.89],[10.06,77.89],[9.89,77.96],[9.76,77.96],[9.63,78.03],[9.56,78.12],[9.62,78.17],[9.81,78.11],[10.31,78.05],[10.49,78.1],[10.91,78.05],[10.95,78.1],[11.19,78.02],[12.8,78.01],[13.01,78.05],[13.57,78.08],[13.7,78.12],[13.69,78.16],[12.73,78.2],[12.52,78.35],[12.4,78.38],[12.2,78.34],[12.19,78.29],[12.25,78.2],[12.22,78.15],[11.71,78.15],[11.59,78.2],[11.45,78.2],[11.33,78.29],[11.12,78.29],[10.88,78.37],[10.71,78.29],[10.06,78.3],[9.7,78.41],[9.7,78.53],[9.64,78.6],[9.64,78.72],[9.61,78.75],[9.17,78.76],[9.13,78.79],[9.13,78.83],[9.4,78.85],[9.49,78.89],[10.99,79.01],[11.01,79.07],[10.94,79.09],[10.05,79.06],[9.93,79.02],[9.04,78.99],[8.94,79.03],[8.91,79.13],[8.74,79.16],[8.62,79.26],[8.41,79.35],[8.45,79.41],[8.54,79.46],[8.81,79.52],[9.35,79.55],[9.55,79.62],[9.76,79.64],[9.93,79.71],[10.1,79.73],[10.77,79.97],[11.19,80.01],[11.22,80.06],[11.1,80.19],[11.1,80.27],[11.41,80.38],[11.76,80.3],[11.96,80.39],[12.13,80.43],[12.32,80.39],[12.39,80.33],[12.57,80.43],[13.03,80.46],[13.59,80.42],[13.65,80.46],[13.7,80.61],[13.97,80.67],[14.71,80.67],[14.92,80.72],[15.01,80.7],[15.1,80.63],[15.28,80.6],[15.37,80.52],[15.52,80.5],[15.6,80.43],[15.84,80.39],[16.0,80.22],[16.15,80.21],[16.29,80.29],[16.46,80.2],[16.81,80.14],[16.83,80.09],[17.65,79.94],[17.72,79.96],[17.75,80.01],[17.62,80.12],[17.48,80.09],[17.26,80.17],[17.05,80.19],[16.83,80.26],[16.68,80.38],[16.12,80.61],[16.12,80.64],[16.15,80.67],[17.43,80.78],[17.72,80.91],[18.29,80.93],[18.58,81.03],[19.09,81.05],[19.25,81.13],[19.42,81.1],[19.69,81.15],[19.85,81.13],[21.63,81.17],[21.84,81.29],[23.02,81.27],[23.17,81.29],[23.34,81.24],[23.41,81.27],[23.45,81.34],[23.6,81.25],[23.68,81.25],[23.76,81.33],[23.81,81.32],[23.86,81.16],[23.92,81.13],[24.01,81.25],[24.22,81.26],[24.38,81.37],[24.64,81.25],[24.79,81.26],[24.89,81.32],[25.04,81.22],[25.14,81.2],[25.64,81.18],[25.74,81.1],[25.88,81.15],[25.92,81.1],[26.06,81.06],[26.2,81.05],[26.32,81.13],[26.41,81.08],[26.53,81.08],[26.62,81.01],[26.87,81.0],[26.93,81.05],[27.03,80.98],[27.29,80.91],[27.99,80.79],[28.11,80.65],[28.32,80.67],[28.94,80.63],[28.95,80.61],[28.93,80.58],[28.76,80.52],[28.87,80.49],[29.23,80.52],[29.32,80.49],[29.15,80.33],[28.83,80.31],[28.83,80.25],[28.96,80.13],[28.94,80.06],[28.4,80.0],[28.5,79.75],[28.45,79.71],[28.44,79.63],[28.27,79.64],[28.17,79.59],[27.64,79.6],[27.3,79.44],[24.06,78.93],[24.07,78.85],[24.3,78.85],[24.32,78.8],[24.37,78.8],[24.47,78.71],[24.53,78.61],[25.05,78.61],[25.13,78.65],[25.16,78.73],[25.32,78.65],[25.5,78.75],[25.66,78.7],[25.64,78.78],[25.39,78.88],[25.39,78.96],[25.54,78.94],[25.6,78.99],[25.77,78.98],[25.83,79.06],[26.31,79.06],[26.62,79.13],[29.09,79.25],[29.5,79.16],[30.05,79.25],[30.63,79.23],[30.77,79.28],[31.57,79.28],[31.88,79.33],[33.98,79.25],[34.06,79.22],[34.01,79.17],[32.81,79.08],[32.71,79.05],[32.6,78.94],[32.41,78.87],[32.22,78.92],[32.01,78.9],[31.86,78.94],[31.65,78.88],[31.61,78.9],[31.61,78.94],[31.55,78.94],[31.37,79.04],[31.26,79.04],[31.21,79.01],[31.18,78.89],[31.03,78.9],[30.85,78.82],[29.81,78.64],[29.72,78.58],[30.4,78.56],[30.68,78.49],[30.67,78.43],[30.61,78.4],[29.46,78.32],[29.22,78.35],[29.1,78.39],[29.02,78.46],[29.04,78.52],[29.19,78.58],[29.17,78.68],[29.13,78.7],[29.02,78.63],[28.68,78.65],[28.53,78.59],[28.13,78.54],[27.9,78.44],[26.79,78.39],[26.54,78.46],[26.48,78.44],[26.38,78.34],[26.38,78.29],[26.43,78.27],[26.46,78.16],[26.51,78.12],[26.69,78.15],[28.27,78.06],[28.33,78.02],[28.32,77.95],[28.25,77.93],[28.0,77.97],[27.89,77.82],[27.91,77.78],[28.17,77.7],[28.21,77.6],[28.29,77.58],[28.63,77.65],[28.73,77.64],[28.81,77.57],[28.92,77.6],[29.02,77.55],[29.2,77.56],[29.53,77.67],[29.55,77.55],[29.75,77.56],[29.88,77.47],[29.83,77.34],[29.92,77.29],[30.18,77.32],[30.42,77.42],[30.55,77.34],[30.73,77.36],[30.85,77.26],[31.02,77.24],[31.18,77.29],[31.28,77.38],[31.54,77.45],[31.8,77.6],[31.87,77.53],[32.0,77.5],[32.02,77.42],[32.08,77.41],[32.28,77.62],[32.48,77.63],[32.55,77.69],[32.53,77.73],[32.59,77.75],[32.8,77.75],[32.97,77.67],[33.28,77.67],[33.32,77.72],[33.22,77.83],[33.2,77.89],[33.22,77.98],[33.29,78.02],[33.28,78.05],[33.24,78.09],[33.13,78.1],[32.99,78.09],[32.96,78.16],[33.02,78.22],[33.34,78.22],[33.34,78.34],[33.23,78.38],[33.28,78.45],[33.38,78.48],[33.88,78.51],[34.1,78.59],[34.37,78.61],[34.55,78.68],[34.65,78.67],[34.68,78.62],[34.55,78.59],[34.45,78.51],[34.04,78.49],[33.75,78.38],[33.53,78.37],[33.46,78.27],[33.46,78.13],[33.32,78.02],[33.36,77.97],[33.54,78.01],[33.65,77.96],[33.79,77.98],[34.01,77.93],[34.33,78.03],[34.7,78.03],[34.76,78.08],[34.78,78.15],[35.14,78.22],[35.81,78.6],[36.01,78.63],[38.21,78.61],[38.88,78.76],[38.87,78.82],[38.82,78.83],[38.45,78.75],[38.44,78.9],[38.5,78.94],[39.04,78.96],[39.22,79.08],[39.9,79.2],[40.15,79.2],[40.53,79.31],[41.11,79.2]],[[44.16,79.1],[44.14,79.21],[43.95,79.25],[44.14,79.49],[44.29,79.53],[44.44,79.64],[44.9,79.67],[47.58,79.3],[47.62,79.24],[47.6,79.2],[47.41,79.16],[47.24,79.01],[47.04,79.0],[46.85,78.89],[46.18,78.85],[45.97,78.79],[45.91,78.81],[45.89,78.92],[44.42,78.61],[44.3,78.62],[44.26,78.65],[44.29,78.72],[44.52,78.81],[44.5,78.87],[44.34,78.92],[44.36,78.96],[45.2,78.97],[45.37,79.0],[45.39,79.03],[45.14,79.13],[45.0,79.1],[44.41,79.06],[44.26,79.02],[44.2,79.04],[44.16,79.1]],[[31.02,79.56],[30.88,79.5],[30.09,79.48],[30.02,79.5],[30.0,79.55],[30.17,79.67],[30.16,79.72],[29.55,79.76],[29.62,79.81],[30.13,79.88],[30.2,79.93],[30.22,80.02],[30.28,80.08],[30.51,80.16],[30.49,80.21],[30.22,80.26],[30.12,80.33],[30.13,80.38],[30.17,80.42],[30.39,80.41],[30.46,80.45],[30.49,80.54],[30.43,80.63],[30.34,80.69],[30.09,80.77],[29.91,80.93],[29.7,80.99],[29.77,81.23],[29.87,81.3],[30.02,81.33],[30.14,81.46],[31.85,81.41],[32.02,81.51],[32.08,81.5],[32.1,81.41],[32.15,81.38],[32.24,81.36],[32.87,81.44],[33.01,81.43],[33.52,81.27],[33.97,81.29],[34.22,81.37],[34.43,81.24],[34.57,81.25],[34.85,81.13],[37.61,81.05],[37.77,81.08],[37.89,81.17],[38.49,81.2],[38.68,81.13],[39.2,81.04],[39.24,81.01],[39.24,80.94],[38.99,80.81],[39.0,80.76],[39.55,80.67],[39.57,80.64],[39.46,80.56],[39.48,80.52],[39.76,80.5],[39.99,80.34],[39.96,80.29],[39.19,80.13],[38.95,80.12],[38.77,80.17],[38.58,80.13],[38.62,80.07],[38.82,80.08],[38.84,80.06],[38.81,80.02],[38.61,79.93],[33.57,79.83],[33.28,79.89],[33.02,79.85],[32.86,79.77],[31.45,79.64],[31.22,79.57],[31.02,79.56]],[[53.4,79.11],[53.2,79.3],[53.03,79.32],[53.04,79.41],[53.09,79.43],[54.2,79.37],[54.19,79.32],[53.96,79.3],[53.82,79.24],[53.89,79.09],[53.4,79.11]],[[57.75,78.49],[57.61,78.5],[57.54,78.53],[57.66,78.6],[58.25,78.53],[58.28,78.49],[58.22,78.45],[58.06,78.45],[57.75,78.49]],[[55.74,78.45],[55.82,78.47],[55.86,78.43],[55.79,78.38],[55.69,78.37],[55.59,78.39],[55.6,78.44],[55.74,78.45]],[[58.1,77.69],[58.16,77.67],[58.26,77.54],[58.16,77.45],[58.19,77.39],[58.16,77.36],[57.62,77.35],[57.57,77.46],[57.53,77.48],[57.49,77.46],[57.39,77.33],[57.31,77.36],[57.38,77.57],[58.1,77.69]],[[39.9,76.78],[39.89,76.81],[39.94,76.86],[40.3,77.0],[40.5,76.95],[41.02,76.97],[41.08,76.95],[41.12,76.88],[41.07,76.83],[41.1,76.73],[41.07,76.7],[40.92,76.8],[40.11,76.82],[39.9,76.78]],[[38.51,76.16],[38.57,76.15],[38.6,76.09],[38.59,76.05],[38.51,76.02],[38.36,76.06],[38.15,76.03],[38.0,76.06],[38.04,76.12],[38.15,76.15],[38.38,76.11],[38.51,76.16]],[[36.58,75.87],[36.65,75.87],[36.77,75.77],[38.12,75.58],[38.07,75.52],[37.85,75.44],[37.84,75.4],[37.91,75.37],[38.24,75.34],[38.53,75.37],[38.82,75.29],[39.32,75.39],[39.51,75.3],[39.57,75.23],[40.06,75.17],[40.17,75.08],[40.56,75.07],[40.59,75.03],[40.44,74.96],[40.43,74.92],[40.82,74.83],[40.85,74.76],[40.73,74.62],[40.83,74.57],[40.94,74.57],[40.95,74.52],[40.62,74.41],[40.67,74.3],[40.65,74.26],[40.52,74.28],[40.43,74.25],[40.47,74.12],[40.44,74.07],[40.21,74.06],[40.03,74.09],[39.91,74.28],[39.83,74.31],[39.79,74.29],[39.74,74.17],[39.58,74.15],[39.58,74.0],[39.54,73.99],[39.33,74.0],[39.19,74.13],[39.13,74.14],[39.03,74.1],[38.94,73.9],[38.89,73.95],[38.89,74.05],[38.62,74.07],[38.4,73.93],[38.29,73.93],[38.27,73.98],[38.41,74.02],[38.46,74.1],[38.46,74.17],[38.39,74.21],[38.28,74.19],[38.19,74.07],[38.0,74.05],[37.76,73.95],[37.58,73.94],[37.42,73.95],[37.16,74.14],[37.0,74.16],[36.92,74.31],[36.65,74.19],[36.35,74.34],[35.9,74.38],[35.86,74.41],[35.87,74.45],[36.04,74.49],[36.03,74.56],[35.96,74.61],[35.79,74.6],[35.55,74.64],[35.27,74.63],[35.08,74.67],[34.75,74.67],[34.48,74.75],[33.93,74.79],[33.65,74.75],[33.44,74.62],[33.29,74.58],[33.13,74.57],[32.98,74.69],[32.79,74.6],[32.63,74.6],[32.34,74.52],[32.25,74.58],[31.83,74.7],[31.78,74.74],[31.47,74.84],[31.42,74.89],[31.43,74.93],[31.64,75.03],[31.76,75.03],[31.97,75.1],[32.41,75.1],[32.65,75.2],[33.1,75.22],[33.29,75.2],[33.46,75.34],[33.56,75.34],[33.59,75.39],[33.55,75.48],[33.57,75.52],[33.82,75.54],[33.93,75.6],[34.29,75.7],[34.44,75.7],[34.58,75.78],[34.71,75.74],[35.06,75.75],[35.35,75.7],[35.45,75.86],[36.15,75.8],[36.58,75.87]],[[32.43,74.33],[32.4,74.27],[32.27,74.24],[32.19,74.27],[32.17,74.33],[32.33,74.36],[32.43,74.33]],[[32.64,74.33],[32.55,74.36],[32.55,74.38],[32.67,74.42],[32.79,74.38],[32.76,74.33],[32.64,74.33]],[[17.32,74.15],[17.32,74.11],[17.26,74.07],[16.83,73.95],[16.69,73.94],[16.63,73.99],[16.66,74.04],[16.89,74.08],[16.99,74.14],[17.32,74.15]],[[17.48,74.16],[17.4,74.32],[17.19,74.55],[17.09,74.61],[16.9,74.63],[16.88,74.69],[17.24,74.74],[17.45,74.67],[17.58,74.49],[17.48,74.38],[17.53,74.2],[17.48,74.16]],[[31.89,77.94],[32.68,78.08],[32.77,78.05],[32.7,77.95],[32.6,77.89],[31.96,77.84],[31.89,77.87],[31.89,77.94]],[[53.55,80.06],[53.71,80.02],[53.72,79.97],[53.54,79.93],[53.01,79.96],[52.93,80.05],[52.86,80.06],[52.37,80.05],[52.23,80.22],[52.16,80.26],[52.18,80.31],[52.02,80.42],[52.01,80.45],[52.05,80.49],[52.24,80.51],[52.35,80.57],[52.62,80.5],[53.04,80.47],[53.09,80.5],[53.05,80.59],[53.08,80.64],[53.19,80.68],[53.34,80.69],[53.58,80.62],[53.62,80.54],[53.57,80.42],[53.69,80.34],[53.83,80.34],[53.93,80.38],[53.91,80.43],[53.77,80.47],[53.81,80.5],[53.77,80.56],[53.79,80.62],[53.88,80.64],[54.4,80.62],[54.55,80.55],[55.01,80.58],[55.37,80.48],[55.41,80.36],[55.57,80.36],[55.59,80.33],[55.54,80.26],[55.3,80.19],[55.02,80.18],[54.85,80.21],[54.82,80.33],[54.61,80.33],[54.55,80.29],[54.64,80.17],[54.61,80.13],[54.15,80.07],[53.98,80.09],[53.85,80.19],[53.77,80.19],[53.56,80.14],[53.53,80.1],[53.55,80.06]],[[51.62,80.39],[51.65,80.26],[51.71,80.21],[51.7,80.17],[51.63,80.17],[51.6,80.22],[51.54,80.21],[51.49,80.29],[51.34,80.29],[51.29,80.32],[51.36,80.38],[51.62,80.39]],[[51.93,80.49],[51.98,80.46],[51.93,80.41],[51.79,80.41],[51.75,80.44],[51.81,80.48],[51.93,80.49]],[[52.96,81.09],[53.16,81.05],[53.34,80.96],[53.35,80.89],[53.24,80.84],[52.7,80.89],[52.59,80.92],[52.47,81.01],[52.48,81.06],[52.54,81.09],[52.96,81.09]],[[55.66,81.64],[55.58,81.59],[54.69,81.6],[54.65,81.62],[54.61,81.73],[53.97,81.68],[53.93,81.72],[53.96,81.75],[54.34,81.82],[54.56,81.85],[54.84,81.82],[54.89,81.87],[54.89,81.94],[55.28,81.94],[55.57,81.87],[55.5,81.76],[55.65,81.7],[55.66,81.64]],[[53.48,81.94],[53.49,81.9],[53.46,81.88],[52.89,81.89],[52.83,81.92],[52.86,81.97],[53.41,81.97],[53.48,81.94]],[[56.18,81.87],[56.43,81.81],[56.27,81.69],[56.12,81.65],[55.92,81.69],[55.8,81.8],[55.83,81.84],[56.18,81.87]],[[56.67,81.75],[56.56,81.79],[56.5,81.85],[56.65,81.86],[56.79,81.81],[56.77,81.75],[56.67,81.75]],[[36.26,73.29],[36.26,73.37],[36.33,73.43],[36.49,73.48],[36.68,73.47],[36.89,73.39],[36.94,73.25],[36.91,73.19],[36.8,73.18],[36.8,73.07],[36.75,73.05],[36.12,73.07],[35.88,73.11],[35.38,73.02],[34.97,72.89],[34.69,72.91],[34.54,72.98],[34.56,73.04],[34.65,73.11],[34.92,73.14],[35.2,73.21],[35.95,73.29],[36.22,73.25],[36.26,73.29]],[[46.62,73.18],[46.78,73.18],[46.84,73.15],[46.85,73.1],[46.76,73.04],[46.55,73.04],[46.53,73.01],[46.56,72.91],[46.47,72.89],[46.42,72.96],[46.5,73.01],[46.46,73.11],[46.62,73.18]],[[47.05,72.55],[47.0,72.58],[47.02,72.64],[47.13,72.68],[47.21,72.65],[47.19,72.59],[47.05,72.55]],[[17.45,71.28],[17.41,71.33],[17.55,71.53],[17.66,71.55],[17.98,71.71],[18.09,71.67],[18.17,71.55],[18.42,71.51],[18.49,71.43],[18.44,71.33],[18.33,71.26],[18.13,71.19],[17.72,71.21],[17.73,71.29],[17.98,71.47],[17.95,71.5],[17.51,71.28],[17.45,71.28]],[[9.87,65.38],[10.1,65.42],[10.26,65.39],[10.46,65.32],[10.52,65.27],[10.47,65.23],[10.03,65.22],[9.9,65.28],[9.85,65.38],[9.87,65.38]],[[8.69,64.42],[8.36,64.49],[8.36,64.53],[8.49,64.56],[8.51,64.6],[8.41,64.69],[8.4,64.82],[8.33,64.95],[8.37,65.01],[8.64,65.02],[8.79,64.91],[8.97,64.91],[9.1,64.83],[9.32,64.78],[9.32,64.73],[9.27,64.67],[8.92,64.45],[8.69,64.42]],[[7.29,63.66],[7.16,63.74],[7.14,63.84],[7.26,63.88],[7.73,63.8],[7.71,63.75],[7.29,63.66]],[[54.35,75.22],[54.43,75.18],[54.43,75.11],[54.09,75.1],[54.03,75.15],[54.05,75.2],[54.35,75.22]],[[60.37,77.11],[60.55,77.11],[60.62,77.04],[60.56,76.99],[60.37,77.01],[60.23,76.93],[60.07,76.92],[60.01,76.96],[60.02,77.01],[60.15,77.02],[60.37,77.11]],[[58.32,76.63],[58.28,76.69],[58.54,76.69],[58.64,76.63],[58.63,76.61],[58.32,76.63]],[[66.0,75.1],[65.92,75.14],[65.92,75.18],[66.06,75.2],[66.15,75.15],[66.11,75.1],[66.0,75.1]],[[64.01,74.7],[63.95,74.73],[63.94,74.77],[64.15,74.82],[64.23,74.81],[64.25,74.77],[64.24,74.72],[64.17,74.7],[64.01,74.7]],[[61.94,73.74],[61.87,73.79],[62.06,73.85],[62.14,73.81],[62.08,73.75],[61.94,73.74]],[[59.19,72.27],[59.06,72.34],[59.04,72.4],[59.07,72.43],[59.17,72.45],[59.24,72.39],[59.26,72.31],[59.19,72.27]]],[[[-90.0,90.0],[-180.0,90.0],[-180.0,74.57],[-179.75,74.55],[-179.68,74.47],[-179.75,74.44],[-180.0,74.45],[-180.0,74.31],[-179.68,74.21],[-179.49,74.05],[-179.29,74.04],[-179.25,74.01],[-179.28,73.95],[-179.89,73.87],[-179.92,73.82],[-179.79,73.79],[-179.8,73.73],[-179.76,73.68],[-179.61,73.63],[-179.47,73.64],[-179.44,73.76],[-179.33,73.8],[-179.15,73.77],[-178.95,73.65],[-178.67,73.66],[-178.48,73.57],[-178.15,73.66],[-177.95,73.66],[-177.68,73.71],[-177.61,73.67],[-177.67,73.51],[-177.9,73.49],[-177.9,73.44],[-176.82,73.36],[-176.56,73.28],[-176.32,73.33],[-175.92,73.3],[-175.64,73.43],[-175.16,73.53],[-175.17,73.71],[-175.12,73.81],[-175.15,73.83],[-175.1,74.0],[-175.21,74.15],[-175.22,74.19],[-174.93,74.26],[-174.5,74.17],[-174.55,74.05],[-174.68,74.0],[-174.79,74.05],[-174.81,74.15],[-174.89,74.18],[-174.98,74.16],[-175.02,74.08],[-175.0,73.93],[-174.95,73.84],[-174.85,73.79],[-174.04,74.0],[-173.83,73.91],[-173.59,73.9],[-173.19,73.72],[-173.17,73.61],[-173.05,73.58],[-172.89,73.6],[-172.69,73.72],[-172.35,73.78],[-172.05,73.73],[-171.88,73.78],[-171.76,73.73],[-171.55,73.72],[-170.9,73.76],[-170.74,73.69],[-170.55,73.68],[-170.48,73.7],[-170.52,73.77],[-170.7,73.78],[-170.78,73.85],[-170.91,73.88],[-170.92,73.92],[-170.87,73.93],[-170.82,74.02],[-170.96,74.13],[-170.95,74.17],[-170.78,74.17],[-170.66,74.02],[-170.25,74.04],[-170.0,73.99],[-169.15,74.03],[-169.03,74.08],[-169.03,74.12],[-169.32,74.17],[-169.5,74.1],[-169.79,74.09],[-169.83,74.13],[-169.85,74.26],[-170.0,74.33],[-170.01,74.48],[-170.07,74.51],[-170.4,74.49],[-170.51,74.34],[-170.57,74.31],[-170.9,74.33],[-170.94,74.36],[-170.93,74.41],[-170.74,74.46],[-170.73,74.5],[-171.07,74.56],[-171.09,74.6],[-170.08,74.62],[-169.89,74.53],[-169.53,74.6],[-169.33,74.57],[-169.3,74.59],[-169.36,74.69],[-169.35,74.73],[-169.11,74.75],[-169.05,74.81],[-169.1,74.86],[-169.3,74.91],[-169.34,74.96],[-169.27,75.01],[-169.11,75.01],[-168.94,74.99],[-168.84,74.93],[-168.84,74.87],[-168.94,74.78],[-168.83,74.6],[-168.59,74.6],[-168.6,74.56],[-168.72,74.5],[-168.74,74.33],[-168.81,74.29],[-168.88,74.33],[-168.85,74.25],[-168.69,74.24],[-168.61,74.17],[-168.69,74.02],[-168.69,73.98],[-168.65,73.95],[-168.31,74.0],[-167.92,73.93],[-167.73,74.0],[-167.51,73.9],[-167.32,73.89],[-167.13,73.9],[-166.99,73.97],[-166.79,73.9],[-166.43,73.97],[-166.15,73.93],[-165.93,73.97],[-165.79,74.08],[-165.71,74.09],[-165.47,74.0],[-165.23,73.96],[-164.95,73.97],[-164.8,74.04],[-164.67,74.04],[-164.61,73.97],[-164.81,73.88],[-164.8,73.85],[-164.65,73.83],[-164.03,73.9],[-164.05,73.96],[-164.18,74.02],[-164.49,74.0],[-164.53,74.05],[-164.44,74.08],[-163.96,74.11],[-163.9,74.12],[-163.84,74.19],[-163.68,74.2],[-163.54,74.14],[-163.54,74.03],[-163.62,73.99],[-163.86,73.95],[-163.86,73.81],[-164.06,73.84],[-164.13,73.81],[-164.12,73.76],[-164.08,73.74],[-163.85,73.74],[-163.73,73.7],[-163.73,73.5],[-163.7,73.46],[-163.12,73.52],[-162.85,73.69],[-162.67,73.59],[-162.43,73.61],[-162.21,73.77],[-162.11,73.81],[-161.79,73.73],[-161.54,73.73],[-161.39,73.59],[-161.21,73.57],[-161.2,73.52],[-161.24,73.47],[-161.56,73.42],[-161.68,73.35],[-161.78,73.37],[-161.95,73.3],[-161.94,73.22],[-161.7,73.13],[-161.72,73.05],[-161.97,73.08],[-162.32,73.03],[-162.36,72.99],[-162.31,72.95],[-162.14,72.97],[-161.85,72.94],[-161.72,72.89],[-161.66,72.82],[-161.71,72.73],[-161.7,72.63],[-161.47,72.73],[-161.35,72.64],[-161.18,72.63],[-161.13,72.56],[-160.99,72.56],[-160.94,72.46],[-160.77,72.49],[-160.72,72.44],[-160.03,72.41],[-160.01,72.45],[-160.06,72.51],[-160.24,72.58],[-160.41,72.9],[-160.36,72.97],[-160.39,73.01],[-160.36,73.06],[-159.92,73.09],[-159.81,72.94],[-159.45,72.97],[-159.23,72.82],[-158.9,72.8],[-158.75,72.68],[-158.37,72.7],[-158.23,72.64],[-157.96,72.59],[-157.82,72.53],[-157.63,72.55],[-157.57,72.47],[-157.72,72.44],[-157.68,72.35],[-157.6,72.27],[-157.46,72.24],[-157.39,72.17],[-157.22,72.15],[-157.12,72.18],[-157.1,72.25],[-157.27,72.34],[-157.2,72.4],[-157.05,72.42],[-156.99,72.39],[-156.93,72.25],[-156.61,72.18],[-156.31,72.2],[-156.07,72.1],[-155.78,72.1],[-155.71,72.17],[-155.61,72.18],[-155.59,72.13],[-155.76,72.04],[-155.75,71.96],[-155.65,71.92],[-155.34,71.96],[-155.25,71.89],[-155.35,71.74],[-155.53,71.71],[-155.52,71.66],[-154.63,71.84],[-154.59,71.96],[-154.44,71.99],[-154.29,71.91],[-154.15,71.91],[-154.08,71.85],[-153.69,71.86],[-153.55,71.81],[-153.43,71.84],[-152.9,71.72],[-152.66,71.72],[-152.44,71.65],[-152.25,71.53],[-152.13,71.5],[-152.05,71.44],[-151.78,71.39],[-151.01,71.36],[-150.93,71.38],[-150.74,71.31],[-150.45,71.31],[-150.28,71.24],[-150.09,71.26],[-147.98,71.14],[-147.83,71.07],[-147.31,71.02],[-147.2,70.99],[-146.63,70.93],[-146.42,70.97],[-146.11,70.9],[-145.75,70.9],[-145.51,70.83],[-144.93,70.78],[-144.79,70.81],[-144.57,70.71],[-144.35,70.71],[-143.94,70.64],[-143.59,70.65],[-143.42,70.59],[-143.27,70.61],[-143.13,70.57],[-141.76,70.52],[-141.69,70.46],[-141.5,70.45],[-141.39,70.4],[-141.07,70.4],[-140.47,70.28],[-140.35,70.3],[-140.23,70.25],[-140.06,70.25],[-139.77,70.18],[-139.46,70.18],[-139.39,70.13],[-139.19,70.13],[-139.01,69.99],[-138.85,69.93],[-138.58,69.9],[-138.23,69.92],[-138.14,70.06],[-138.06,70.09],[-138.1,70.21],[-138.08,70.23],[-138.01,70.2],[-137.79,70.34],[-137.03,70.38],[-136.64,70.48],[-136.33,70.48],[-136.17,70.57],[-136.07,70.54],[-135.88,70.64],[-135.62,70.66],[-134.9,70.93],[-134.75,70.93],[-134.61,70.97],[-133.94,71.0],[-133.67,71.07],[-131.16,71.34],[-131.08,71.38],[-130.84,71.4],[-130.47,71.55],[-129.89,71.55],[-129.66,71.48],[-129.5,71.55],[-129.31,71.5],[-129.09,71.53],[-128.99,71.48],[-127.98,71.42],[-127.77,71.33],[-127.65,71.33],[-127.6,71.29],[-127.39,71.21],[-127.37,71.15],[-127.4,71.01],[-127.36,70.88],[-127.42,70.63],[-127.27,70.47],[-127.05,70.42],[-126.91,70.3],[-126.71,70.28],[-126.69,70.11],[-126.6,70.05],[-126.51,70.01],[-126.4,70.01],[-126.32,69.97],[-126.04,70.04],[-126.02,70.1],[-126.05,70.25],[-125.97,70.33],[-125.81,70.38],[-125.76,70.37],[-125.7,70.28],[-125.59,70.33],[-125.56,70.38],[-125.56,70.52],[-125.52,70.55],[-125.23,70.57],[-125.13,70.52],[-124.96,70.59],[-124.67,70.51],[-124.63,70.52],[-124.59,70.57],[-124.56,70.55],[-124.55,70.45],[-124.36,70.37],[-124.15,70.33],[-124.07,70.28],[-123.93,70.28],[-122.99,69.99],[-122.71,70.01],[-122.47,69.96],[-121.13,69.84],[-120.57,69.63],[-119.66,69.56],[-119.49,69.58],[-119.17,69.46],[-119.12,69.47],[-119.06,69.58],[-118.96,69.61],[-118.96,69.44],[-118.69,69.37],[-118.39,69.39],[-118.15,69.29],[-117.85,69.41],[-117.55,69.42],[-117.2,69.36],[-117.14,69.32],[-117.11,69.2],[-117.02,69.22],[-116.77,69.2],[-116.73,69.25],[-116.75,69.28],[-117.01,69.29],[-117.09,69.34],[-117.04,69.46],[-116.91,69.47],[-116.91,69.53],[-117.01,69.55],[-117.19,69.46],[-117.28,69.47],[-117.31,69.6],[-117.5,69.68],[-117.61,69.77],[-117.74,70.04],[-117.68,70.11],[-117.43,70.13],[-117.28,70.23],[-117.04,70.21],[-116.87,70.26],[-116.82,70.43],[-116.86,70.47],[-117.41,70.53],[-117.45,70.52],[-117.43,70.49],[-117.25,70.4],[-117.18,70.42],[-117.16,70.39],[-117.31,70.29],[-117.45,70.35],[-117.57,70.3],[-117.58,70.36],[-117.69,70.42],[-117.86,70.41],[-117.89,70.43],[-117.87,70.49],[-117.66,70.46],[-117.54,70.5],[-117.53,70.53],[-117.59,70.58],[-117.88,70.66],[-117.98,70.73],[-118.15,70.71],[-118.29,70.78],[-118.41,70.78],[-118.72,70.9],[-118.91,70.9],[-118.99,71.05],[-119.06,71.02],[-119.13,71.05],[-119.25,70.99],[-119.28,71.01],[-119.34,71.2],[-119.37,71.22],[-119.42,71.2],[-119.51,71.07],[-119.71,71.07],[-119.71,71.04],[-119.63,70.97],[-119.66,70.92],[-119.75,70.95],[-120.16,70.97],[-120.29,71.02],[-120.5,70.97],[-120.95,71.09],[-121.2,71.02],[-121.58,71.07],[-121.84,71.05],[-121.97,71.09],[-122.7,71.09],[-122.95,71.02],[-122.99,71.06],[-123.14,71.05],[-123.36,71.15],[-123.64,71.21],[-123.88,71.21],[-123.99,71.44],[-124.07,71.51],[-124.46,71.59],[-124.7,71.5],[-124.86,71.53],[-125.01,71.5],[-125.23,71.6],[-125.35,71.58],[-125.73,71.63],[-125.92,71.72],[-126.11,71.72],[-126.35,71.86],[-126.62,71.89],[-126.78,72.0],[-126.85,72.1],[-126.84,72.17],[-126.74,72.2],[-126.73,72.25],[-126.76,72.32],[-126.66,72.38],[-125.61,72.5],[-125.46,72.58],[-125.44,72.61],[-125.47,72.66],[-125.7,72.67],[-125.97,72.61],[-126.33,72.73],[-126.98,72.7],[-127.12,72.63],[-127.15,72.68],[-127.0,72.73],[-126.96,72.88],[-126.87,72.99],[-126.72,73.02],[-126.58,72.96],[-126.53,72.98],[-126.64,73.11],[-126.6,73.16],[-126.38,73.23],[-126.37,73.28],[-126.47,73.42],[-126.43,73.52],[-126.45,73.59],[-126.42,73.66],[-126.19,73.78],[-125.87,73.87],[-125.79,74.02],[-125.54,74.09],[-125.4,74.26],[-125.12,74.38],[-124.72,74.48],[-124.29,74.45],[-124.12,74.53],[-123.33,74.49],[-123.1,74.62],[-122.79,74.57],[-122.61,74.57],[-122.49,74.66],[-122.32,74.69],[-122.16,74.79],[-122.07,74.77],[-122.04,74.68],[-121.96,74.64],[-121.51,74.67],[-121.38,74.72],[-121.16,74.94],[-121.04,74.96],[-120.8,74.88],[-120.52,74.86],[-120.41,74.79],[-120.02,74.74],[-119.99,74.72],[-120.02,74.65],[-120.19,74.67],[-120.65,74.62],[-120.76,74.56],[-120.76,74.53],[-120.5,74.5],[-120.35,74.41],[-120.14,74.38],[-120.02,74.33],[-118.79,74.29],[-118.58,74.33],[-118.34,74.33],[-118.11,74.45],[-118.02,74.45],[-117.69,74.35],[-116.8,74.27],[-116.59,74.12],[-116.11,74.09],[-115.84,73.9],[-115.46,73.83],[-115.31,73.71],[-115.19,73.73],[-115.1,73.65],[-114.99,73.62],[-114.82,73.61],[-114.62,73.65],[-114.5,73.58],[-114.35,73.66],[-114.12,73.59],[-113.97,73.61],[-113.85,73.59],[-113.71,73.64],[-113.37,73.59],[-112.99,73.61],[-112.96,73.56],[-113.07,73.51],[-113.08,73.47],[-112.97,73.42],[-112.96,73.37],[-113.22,73.3],[-113.25,73.28],[-113.23,73.23],[-112.94,73.3],[-112.79,73.3],[-112.63,73.37],[-112.49,73.37],[-112.42,73.34],[-112.41,73.28],[-112.6,73.22],[-112.62,73.19],[-112.55,73.12],[-112.34,73.04],[-111.74,73.04],[-111.57,72.97],[-111.45,73.01],[-111.28,73.01],[-111.23,73.06],[-111.14,73.09],[-111.09,73.21],[-110.76,73.32],[-110.55,73.2],[-110.13,73.21],[-110.03,73.11],[-109.93,73.07],[-109.69,73.04],[-109.55,73.09],[-109.47,73.06],[-109.17,73.08],[-109.28,73.28],[-109.39,73.31],[-109.6,73.29],[-109.67,73.31],[-109.66,73.37],[-109.5,73.44],[-109.51,73.5],[-109.63,73.47],[-109.77,73.49],[-109.93,73.41],[-110.45,73.33],[-110.49,73.35],[-110.47,73.4],[-110.26,73.44],[-110.25,73.49],[-110.63,73.52],[-110.9,73.37],[-111.27,73.42],[-111.49,73.4],[-111.79,73.47],[-111.84,73.59],[-111.9,73.58],[-111.92,73.48],[-111.95,73.45],[-112.28,73.48],[-112.39,73.52],[-112.41,73.59],[-112.39,73.66],[-112.32,73.72],[-112.1,73.78],[-111.67,73.76],[-111.5,73.81],[-111.28,73.81],[-111.02,73.73],[-110.93,73.75],[-110.78,73.95],[-109.87,73.93],[-109.65,74.05],[-108.11,74.07],[-107.92,73.97],[-106.79,73.93],[-106.53,74.02],[-106.07,74.05],[-105.94,74.14],[-105.87,74.1],[-106.0,74.05],[-106.0,74.0],[-105.79,73.93],[-105.22,74.06],[-104.25,74.07],[-103.79,74.03],[-103.78,74.09],[-103.96,74.14],[-104.6,74.21],[-104.66,74.24],[-104.63,74.33],[-104.49,74.43],[-104.27,74.31],[-104.13,74.33],[-103.84,74.31],[-103.92,74.41],[-104.03,74.48],[-104.18,74.43],[-104.23,74.45],[-104.2,74.6],[-104.3,74.59],[-104.47,74.5],[-104.59,74.62],[-104.75,74.6],[-104.8,74.65],[-104.96,74.69],[-105.45,74.6],[-105.52,74.67],[-105.69,74.62],[-105.84,74.69],[-106.08,74.6],[-106.91,74.69],[-107.42,74.65],[-107.76,74.69],[-108.39,74.63],[-108.64,74.72],[-108.96,74.67],[-109.12,74.67],[-109.29,74.72],[-109.49,74.61],[-109.75,74.6],[-109.94,74.55],[-110.11,74.6],[-110.23,74.53],[-110.72,74.55],[-111.02,74.48],[-111.12,74.48],[-111.21,74.53],[-111.58,74.47],[-111.76,74.35],[-112.05,74.24],[-112.22,74.36],[-112.47,74.35],[-112.51,74.31],[-112.34,74.26],[-112.33,74.2],[-112.87,74.12],[-112.99,74.24],[-113.35,74.26],[-113.51,74.33],[-113.73,74.36],[-114.46,74.62],[-115.17,74.72],[-115.23,74.75],[-115.22,74.79],[-115.03,74.86],[-115.05,74.9],[-115.41,74.93],[-115.55,74.81],[-115.76,74.8],[-115.89,74.86],[-115.83,74.96],[-116.12,75.01],[-116.56,74.93],[-116.99,74.97],[-117.03,74.99],[-117.06,75.12],[-117.22,75.14],[-117.59,75.01],[-117.86,75.03],[-117.86,75.17],[-118.26,75.1],[-118.4,75.11],[-118.41,75.15],[-118.38,75.18],[-118.13,75.18],[-117.95,75.34],[-117.85,75.36],[-117.78,75.46],[-117.82,75.5],[-118.19,75.44],[-118.16,75.3],[-118.34,75.29],[-118.5,75.23],[-118.64,75.22],[-118.72,75.25],[-118.75,75.29],[-118.6,75.45],[-118.61,75.47],[-119.04,75.47],[-119.18,75.39],[-119.11,75.22],[-119.16,75.19],[-119.28,75.19],[-119.4,75.23],[-119.34,75.42],[-119.37,75.46],[-119.72,75.56],[-119.95,75.56],[-119.92,75.41],[-120.02,75.37],[-120.07,75.39],[-120.14,75.53],[-120.34,75.6],[-120.42,75.6],[-120.57,75.49],[-120.73,75.44],[-120.91,75.44],[-121.03,75.56],[-121.25,75.63],[-121.48,75.65],[-121.86,75.89],[-121.97,75.89],[-122.12,75.74],[-122.28,75.72],[-122.43,75.73],[-122.78,75.89],[-123.21,75.82],[-123.38,75.94],[-123.74,76.06],[-123.81,76.18],[-124.02,76.19],[-124.05,76.23],[-123.78,76.46],[-123.7,76.47],[-123.64,76.42],[-123.52,76.42],[-123.26,76.57],[-122.97,76.59],[-122.93,76.74],[-122.75,76.76],[-122.68,76.83],[-122.59,76.86],[-122.23,76.91],[-122.14,76.97],[-122.11,77.05],[-122.23,77.14],[-122.21,77.2],[-121.89,77.21],[-121.77,77.12],[-121.85,77.03],[-121.84,77.0],[-121.54,76.95],[-121.42,76.96],[-121.38,77.0],[-121.52,77.09],[-121.53,77.14],[-121.19,77.19],[-121.07,77.29],[-120.87,77.35],[-120.4,77.33],[-120.35,77.48],[-120.3,77.51],[-119.93,77.53],[-119.87,77.51],[-119.84,77.42],[-119.78,77.41],[-119.67,77.43],[-119.62,77.58],[-119.56,77.6],[-119.19,77.62],[-118.91,77.6],[-118.75,77.67],[-118.55,77.67],[-118.43,77.72],[-118.04,77.65],[-118.0,77.69],[-118.15,77.76],[-118.16,77.83],[-117.91,77.84],[-117.74,77.9],[-117.65,77.87],[-117.52,77.74],[-117.38,77.74],[-117.26,77.81],[-117.29,77.89],[-117.74,77.99],[-117.78,78.05],[-117.57,78.17],[-117.55,78.13],[-117.45,78.07],[-117.22,78.04],[-116.35,78.16],[-116.32,78.21],[-116.42,78.22],[-116.48,78.3],[-116.13,78.41],[-115.77,78.44],[-115.65,78.61],[-115.53,78.61],[-115.51,78.65],[-115.42,78.7],[-115.05,78.68],[-114.77,78.71],[-114.68,78.69],[-114.68,78.62],[-114.75,78.6],[-115.24,78.59],[-115.34,78.53],[-115.0,78.44],[-114.26,78.42],[-114.21,78.49],[-114.36,78.61],[-114.37,78.67],[-113.88,78.73],[-113.78,78.68],[-113.76,78.55],[-113.69,78.53],[-113.39,78.66],[-113.41,78.71],[-113.7,78.74],[-113.64,78.94],[-113.56,78.98],[-113.23,78.87],[-113.13,78.89],[-113.01,78.87],[-112.82,78.92],[-112.65,78.89],[-112.41,78.92],[-111.88,78.8],[-111.74,78.82],[-111.52,78.77],[-110.8,78.89],[-110.01,78.85],[-109.87,78.8],[-109.22,78.8],[-109.0,78.73],[-108.55,78.8],[-108.4,78.77],[-107.35,78.77],[-107.32,78.82],[-107.37,78.93],[-107.23,78.96],[-106.64,78.9],[-106.63,78.85],[-106.66,78.83],[-106.96,78.74],[-106.92,78.67],[-106.84,78.64],[-106.23,78.66],[-106.2,78.68],[-106.21,78.88],[-106.44,78.93],[-106.53,78.99],[-106.52,79.01],[-106.05,79.04],[-106.01,79.18],[-105.93,79.26],[-105.79,79.3],[-105.76,79.35],[-105.62,79.34],[-105.57,79.37],[-105.58,79.41],[-105.65,79.44],[-105.79,79.41],[-105.87,79.49],[-105.86,79.54],[-105.49,79.52],[-105.45,79.49],[-105.49,79.43],[-105.43,79.42],[-105.4,79.47],[-105.31,79.47],[-105.19,79.52],[-105.14,79.48],[-105.13,79.37],[-105.04,79.4],[-105.06,79.47],[-105.04,79.52],[-104.93,79.56],[-104.86,79.54],[-104.85,79.49],[-104.96,79.43],[-104.93,79.39],[-104.75,79.45],[-104.49,79.39],[-103.66,79.44],[-103.44,79.37],[-101.74,79.39],[-101.45,79.29],[-101.07,79.27],[-101.01,79.24],[-100.91,79.06],[-100.63,79.04],[-100.48,78.92],[-100.29,78.92],[-100.24,78.87],[-100.15,78.85],[-99.91,78.85],[-99.54,78.73],[-99.07,78.88],[-98.67,78.86],[-98.42,78.94],[-98.01,78.92],[-97.88,79.07],[-97.79,79.11],[-97.27,79.04],[-97.27,78.99],[-97.22,78.97],[-97.17,78.87],[-96.93,78.77],[-96.5,78.77],[-96.07,78.68],[-95.71,78.68],[-95.56,78.77],[-95.38,78.78],[-95.35,78.82],[-95.51,78.94],[-95.47,79.02],[-95.49,79.06],[-95.68,79.11],[-95.85,79.28],[-95.97,79.25],[-96.11,79.27],[-96.34,79.21],[-96.45,79.23],[-96.45,79.35],[-96.74,79.35],[-97.0,79.23],[-97.41,79.22],[-97.66,79.26],[-97.7,79.29],[-97.75,79.45],[-97.87,79.49],[-98.1,79.52],[-98.51,79.49],[-98.81,79.6],[-99.55,79.59],[-99.68,79.7],[-99.99,79.85],[-100.34,79.88],[-100.58,80.05],[-101.04,80.14],[-101.08,80.17],[-101.07,80.23],[-100.82,80.26],[-100.63,80.41],[-100.41,80.43],[-100.24,80.53],[-100.19,80.48],[-100.1,80.46],[-99.81,80.48],[-99.45,80.41],[-99.32,80.43],[-98.63,80.26],[-98.45,80.27],[-98.27,80.22],[-97.91,80.29],[-97.94,80.17],[-97.6,80.0],[-97.36,80.02],[-96.81,80.0],[-96.78,80.04],[-96.83,80.1],[-96.79,80.19],[-96.55,80.18],[-96.52,80.24],[-96.73,80.28],[-96.83,80.47],[-96.83,80.53],[-96.8,80.56],[-96.31,80.58],[-96.22,80.6],[-96.12,80.71],[-95.82,80.76],[-95.88,80.81],[-96.59,80.91],[-96.74,81.01],[-97.09,81.05],[-97.07,81.1],[-97.02,81.11],[-96.64,81.13],[-96.63,81.18],[-96.76,81.29],[-96.75,81.38],[-96.67,81.43],[-96.5,81.41],[-96.23,81.46],[-95.83,81.44],[-95.78,81.42],[-95.79,81.38],[-95.97,81.36],[-95.97,81.32],[-95.57,81.29],[-95.57,81.24],[-95.72,81.17],[-95.65,81.12],[-95.03,81.2],[-94.67,81.08],[-94.54,81.09],[-94.46,81.15],[-94.62,81.23],[-94.65,81.28],[-94.63,81.33],[-94.45,81.42],[-94.29,81.44],[-92.87,81.39],[-92.75,81.34],[-92.25,81.32],[-92.1,81.26],[-91.72,81.22],[-91.58,81.05],[-91.36,80.99],[-91.24,80.9],[-91.05,80.84],[-91.0,80.79],[-90.61,80.73],[-90.41,80.62],[-90.0,80.57],[-90.0,81.01],[-90.23,81.05],[-90.38,81.17],[-90.3,81.24],[-90.09,81.28],[-90.11,81.36],[-90.5,81.34],[-90.87,81.42],[-90.88,81.47],[-90.93,81.49],[-91.9,81.47],[-92.03,81.49],[-92.18,81.61],[-92.39,81.64],[-92.42,81.68],[-92.13,81.82],[-91.82,81.85],[-91.84,81.99],[-91.8,82.05],[-90.0,82.03],[-90.0,90.0]],[[-101.07,80.46],[-100.96,80.44],[-100.94,80.37],[-101.02,80.34],[-101.3,80.38],[-101.27,80.44],[-101.07,80.46]],[[-114.22,79.82],[-114.16,79.85],[-112.96,79.93],[-112.82,80.0],[-110.56,80.02],[-110.45,79.95],[-110.49,79.89],[-110.72,79.78],[-111.16,79.7],[-111.79,79.69],[-112.0,79.61],[-112.41,79.64],[-113.3,79.52],[-113.47,79.55],[-114.2,79.56],[-114.3,79.53],[-114.94,79.51],[-115.0,79.57],[-114.98,79.7],[-115.1,79.75],[-115.08,79.8],[-114.97,79.82],[-114.74,79.81],[-114.42,79.73],[-114.29,79.76],[-114.22,79.82]],[[-116.87,78.38],[-116.81,78.4],[-116.78,78.34],[-116.96,78.29],[-117.07,78.33],[-117.05,78.37],[-116.87,78.38]],[[-121.93,77.8],[-121.97,77.85],[-121.92,77.88],[-121.63,77.92],[-121.54,77.87],[-121.64,77.8],[-121.93,77.8]],[[-120.37,77.8],[-120.16,77.81],[-120.09,77.85],[-120.04,77.79],[-120.43,77.67],[-120.5,77.66],[-120.55,77.69],[-120.52,77.74],[-120.37,77.8]],[[-122.25,77.78],[-122.2,77.7],[-122.28,77.63],[-122.54,77.62],[-122.66,77.57],[-122.92,77.55],[-123.04,77.6],[-122.97,77.65],[-122.66,77.68],[-122.57,77.74],[-122.35,77.79],[-122.25,77.78]],[[-163.71,77.69],[-163.65,77.64],[-163.7,77.59],[-163.87,77.53],[-163.99,77.56],[-163.97,77.61],[-163.87,77.67],[-163.71,77.69]],[[-164.61,77.4],[-164.54,77.5],[-164.16,77.51],[-163.89,77.43],[-163.88,77.38],[-163.92,77.32],[-164.2,77.21],[-164.2,77.03],[-164.29,76.97],[-164.61,77.12],[-164.68,77.24],[-164.85,77.33],[-164.82,77.39],[-164.7,77.37],[-164.61,77.4]],[[-121.88,77.43],[-121.87,77.45],[-121.58,77.47],[-121.4,77.46],[-121.35,77.41],[-121.37,77.38],[-121.62,77.35],[-121.78,77.36],[-121.87,77.38],[-121.88,77.43]],[[-162.11,76.99],[-162.09,77.03],[-161.79,77.08],[-161.67,77.06],[-161.63,77.0],[-161.76,76.93],[-161.95,76.91],[-162.09,76.94],[-162.11,76.99]],[[-158.35,76.98],[-158.28,77.05],[-158.1,77.07],[-158.02,77.03],[-158.08,76.95],[-158.2,76.91],[-158.31,76.92],[-158.35,76.98]],[[-157.79,76.66],[-157.85,76.7],[-157.81,76.74],[-157.1,76.89],[-157.02,76.84],[-157.06,76.74],[-157.2,76.65],[-157.79,76.66]],[[-158.15,76.2],[-157.94,76.23],[-157.9,76.2],[-157.88,76.13],[-158.42,75.92],[-158.68,75.92],[-158.83,75.99],[-158.81,76.03],[-158.74,76.07],[-158.28,76.14],[-158.15,76.2]],[[-167.55,75.99],[-167.46,75.95],[-167.45,75.87],[-167.86,75.88],[-167.91,75.92],[-167.9,75.96],[-167.8,76.0],[-167.55,75.99]],[[-168.55,75.2],[-168.42,75.24],[-168.24,75.24],[-168.22,75.29],[-168.43,75.34],[-168.57,75.41],[-168.73,75.43],[-168.76,75.48],[-168.75,75.58],[-168.88,75.58],[-169.04,75.67],[-169.07,75.7],[-169.05,75.75],[-168.89,75.73],[-168.56,75.75],[-168.4,75.87],[-168.17,75.88],[-168.14,75.85],[-168.14,75.81],[-168.35,75.77],[-168.49,75.64],[-168.48,75.58],[-168.44,75.55],[-168.13,75.52],[-168.09,75.36],[-167.49,75.3],[-167.43,75.34],[-167.45,75.56],[-167.49,75.6],[-167.61,75.62],[-167.59,75.67],[-167.47,75.68],[-167.25,75.48],[-167.35,75.33],[-167.18,75.28],[-167.21,75.23],[-167.42,75.2],[-167.75,75.24],[-167.87,75.22],[-168.07,75.1],[-168.09,75.03],[-168.31,75.03],[-168.31,75.1],[-168.52,75.14],[-168.55,75.2]],[[-168.64,75.22],[-168.62,75.17],[-168.66,75.13],[-168.91,75.08],[-169.14,75.18],[-169.17,75.22],[-169.03,75.29],[-168.64,75.22]],[[-169.23,75.86],[-169.4,75.85],[-169.47,75.89],[-169.43,75.93],[-169.31,75.94],[-169.22,75.91],[-169.23,75.86]],[[-169.04,75.92],[-168.82,75.95],[-168.74,75.9],[-168.81,75.87],[-168.91,75.87],[-169.05,75.89],[-169.04,75.92]],[[-168.02,75.65],[-167.84,75.78],[-167.73,75.7],[-167.79,75.6],[-168.02,75.61],[-168.02,75.65]],[[-167.5,75.09],[-167.47,75.06],[-167.54,74.98],[-167.79,74.91],[-168.04,74.98],[-168.0,75.03],[-167.75,75.01],[-167.5,75.09]],[[-175.07,75.03],[-175.04,74.98],[-175.11,74.93],[-175.25,74.92],[-175.33,74.96],[-175.31,75.01],[-175.07,75.03]],[[-177.15,75.01],[-177.11,74.96],[-177.15,74.91],[-177.28,74.89],[-177.41,74.93],[-177.38,74.98],[-177.15,75.01]],[[-169.51,74.9],[-169.41,74.9],[-169.4,74.86],[-169.5,74.78],[-169.63,74.77],[-169.65,74.82],[-169.51,74.9]],[[-179.64,74.88],[-179.59,74.84],[-179.59,74.79],[-179.8,74.78],[-179.85,74.81],[-179.85,74.85],[-179.78,74.86],[-179.78,74.89],[-179.64,74.88]],[[-166.94,76.19],[-166.9,76.17],[-166.89,76.12],[-166.99,76.07],[-167.2,76.06],[-167.3,76.11],[-167.27,76.17],[-166.94,76.19]],[[-177.8,74.45],[-177.8,74.54],[-177.74,74.61],[-177.49,74.69],[-177.31,74.69],[-177.24,74.65],[-177.24,74.56],[-177.4,74.5],[-177.42,74.41],[-177.24,74.34],[-176.92,74.31],[-176.89,74.27],[-176.92,74.23],[-177.0,74.21],[-177.57,74.23],[-177.65,74.37],[-177.8,74.45]],[[-176.15,74.5],[-176.14,74.54],[-176.23,74.62],[-176.08,74.67],[-176.06,74.62],[-176.08,74.55],[-176.0,74.48],[-176.01,74.43],[-176.51,74.38],[-176.61,74.43],[-176.6,74.48],[-176.51,74.5],[-176.15,74.5]],[[-173.82,74.63],[-173.61,74.67],[-173.58,74.6],[-173.68,74.52],[-173.89,74.52],[-173.92,74.58],[-173.82,74.63]],[[-175.53,74.61],[-175.46,74.58],[-175.46,74.53],[-175.55,74.51],[-175.64,74.55],[-175.61,74.61],[-175.53,74.61]],[[-174.77,74.38],[-174.8,74.39],[-174.79,74.42],[-174.64,74.49],[-174.58,74.46],[-174.62,74.39],[-174.77,74.38]],[[-171.55,74.38],[-171.37,74.42],[-171.27,74.4],[-171.21,74.34],[-171.25,74.3],[-171.35,74.29],[-171.5,74.32],[-171.55,74.38]],[[-170.35,74.28],[-170.3,74.27],[-170.25,74.18],[-170.26,74.13],[-170.38,74.14],[-170.43,74.19],[-170.43,74.23],[-170.35,74.28]],[[-173.14,74.19],[-173.06,74.12],[-173.1,74.05],[-173.28,74.04],[-173.38,74.08],[-173.38,74.12],[-173.32,74.17],[-173.14,74.19]],[[-178.92,74.22],[-178.9,74.18],[-178.96,74.15],[-179.09,74.15],[-179.14,74.2],[-179.11,74.26],[-179.07,74.28],[-178.92,74.22]],[[-176.53,74.18],[-176.4,74.13],[-176.47,74.02],[-176.32,73.93],[-176.34,73.86],[-176.64,73.86],[-176.75,74.1],[-176.69,74.15],[-176.53,74.18]],[[-175.45,74.01],[-175.55,74.05],[-175.55,74.08],[-175.38,74.1],[-175.27,74.05],[-175.31,74.0],[-175.45,74.01]],[[-177.01,73.88],[-176.97,73.84],[-177.03,73.79],[-177.17,73.76],[-177.23,73.78],[-177.22,73.84],[-177.01,73.88]],[[-178.3,73.79],[-178.32,73.75],[-178.5,73.73],[-179.03,73.83],[-179.06,73.87],[-178.99,73.91],[-178.67,73.92],[-178.63,73.97],[-178.63,74.02],[-178.53,74.05],[-178.49,73.92],[-178.3,73.79]],[[-178.01,74.06],[-177.97,74.11],[-177.56,74.17],[-177.49,74.14],[-177.41,74.04],[-177.3,74.01],[-177.2,74.04],[-177.17,73.97],[-177.56,73.81],[-177.7,73.79],[-177.85,73.85],[-177.76,73.95],[-177.78,73.98],[-177.95,74.0],[-178.0,74.02],[-178.01,74.06]],[[-176.2,73.49],[-176.18,73.57],[-176.0,73.61],[-175.84,73.61],[-175.75,73.54],[-175.81,73.47],[-175.96,73.43],[-176.13,73.45],[-176.2,73.49]],[[-162.09,73.97],[-161.94,74.03],[-161.6,74.08],[-161.5,74.05],[-161.44,73.95],[-161.52,73.87],[-161.73,73.83],[-161.88,73.85],[-161.94,73.93],[-162.07,73.93],[-162.09,73.97]],[[-162.6,73.88],[-162.6,73.83],[-162.79,73.76],[-162.91,73.83],[-162.98,73.78],[-163.07,73.78],[-163.22,73.66],[-163.69,73.69],[-163.72,73.72],[-163.68,73.8],[-163.62,73.85],[-163.31,73.78],[-163.14,73.92],[-163.04,73.96],[-162.8,73.95],[-162.6,73.88]],[[-121.84,70.19],[-121.16,70.11],[-121.06,70.07],[-121.04,70.01],[-121.1,69.97],[-122.01,70.01],[-122.2,70.15],[-122.15,70.18],[-121.84,70.19]],[[-119.6,74.79],[-119.68,74.82],[-119.68,74.86],[-119.5,74.89],[-119.44,74.86],[-119.46,74.8],[-119.6,74.79]],[[-111.83,73.37],[-111.76,73.41],[-111.68,73.4],[-111.59,73.3],[-111.44,73.24],[-111.43,73.18],[-111.53,73.11],[-111.67,73.09],[-111.69,73.12],[-111.67,73.25],[-111.71,73.29],[-111.84,73.31],[-111.83,73.37]]],[[[155.44,78.82],[155.58,78.81],[155.59,78.77],[155.02,78.73],[154.97,78.65],[155.03,78.61],[155.91,78.61],[156.01,78.73],[156.13,78.73],[156.15,78.8],[156.2,78.8],[156.22,78.85],[156.63,78.8],[156.87,78.73],[157.13,78.73],[157.33,78.77],[157.66,78.68],[158.3,78.71],[158.37,78.7],[158.41,78.59],[158.46,78.57],[159.0,78.59],[159.25,78.42],[159.68,78.37],[159.82,78.29],[160.64,78.2],[160.76,78.11],[160.95,78.1],[161.16,77.97],[161.36,77.94],[161.43,77.83],[161.52,77.79],[161.68,77.8],[161.74,77.93],[162.08,77.95],[162.33,78.05],[163.13,77.98],[163.33,77.86],[163.65,77.81],[163.78,77.67],[163.52,77.58],[163.15,77.55],[162.64,77.63],[162.58,77.55],[162.82,77.48],[162.92,77.33],[163.23,77.31],[163.46,77.22],[163.49,77.18],[163.48,77.15],[163.3,77.05],[163.33,77.0],[163.39,76.98],[163.78,77.0],[163.96,76.95],[164.13,76.95],[164.17,76.99],[164.18,77.13],[164.15,77.19],[164.03,77.25],[164.02,77.29],[164.07,77.34],[164.31,77.38],[164.38,77.5],[164.71,77.52],[164.74,77.48],[164.65,77.38],[165.04,77.31],[165.14,77.36],[164.95,77.44],[164.95,77.49],[165.6,77.62],[165.65,77.61],[165.68,77.56],[165.54,77.49],[165.53,77.44],[165.56,77.41],[165.77,77.43],[165.89,77.41],[165.87,77.33],[165.89,77.28],[166.16,77.26],[166.18,77.2],[165.87,77.07],[165.61,77.05],[165.49,77.0],[165.33,76.88],[165.33,76.82],[165.84,76.67],[165.88,76.69],[165.89,76.75],[165.73,76.77],[165.68,76.81],[165.71,76.85],[165.89,76.88],[166.37,76.8],[166.4,76.75],[166.25,76.73],[166.25,76.64],[166.59,76.43],[166.75,76.37],[166.9,76.38],[167.0,76.51],[167.19,76.52],[167.45,76.61],[167.67,76.49],[167.88,76.49],[168.01,76.39],[168.48,76.44],[168.51,76.42],[168.5,76.38],[168.41,76.37],[168.39,76.33],[168.42,76.29],[168.51,76.3],[168.53,76.24],[168.39,76.23],[168.34,76.12],[168.13,76.06],[168.1,76.01],[168.25,75.91],[168.37,75.78],[168.91,75.61],[169.28,75.61],[169.45,75.73],[169.73,75.72],[169.79,75.74],[169.75,75.8],[169.5,75.82],[169.45,75.89],[169.52,75.97],[169.54,76.07],[169.52,76.15],[169.42,76.25],[169.61,76.35],[169.7,76.36],[169.93,76.25],[170.29,76.31],[170.98,76.29],[171.03,76.24],[170.91,76.1],[170.99,76.08],[171.36,76.15],[171.34,76.24],[171.2,76.25],[171.11,76.35],[171.17,76.42],[171.29,76.45],[171.54,76.4],[171.53,76.28],[171.69,76.21],[171.73,76.15],[171.65,76.09],[171.29,76.0],[171.25,75.97],[171.26,75.93],[171.48,75.93],[171.77,76.04],[172.09,76.09],[172.37,76.18],[172.6,76.16],[172.73,76.11],[172.71,76.07],[172.62,76.05],[172.61,76.01],[172.79,75.96],[172.81,75.92],[172.56,75.85],[172.54,75.8],[172.58,75.77],[172.77,75.79],[172.97,75.87],[173.21,75.87],[173.21,75.81],[173.11,75.74],[172.71,75.64],[172.76,75.43],[172.86,75.29],[172.88,75.19],[172.93,75.17],[173.31,75.17],[173.62,75.34],[174.05,75.29],[174.32,75.41],[174.49,75.41],[174.67,75.5],[174.87,75.41],[175.1,75.37],[175.1,75.31],[174.84,75.25],[174.81,75.23],[174.81,75.18],[175.2,75.13],[175.41,75.16],[175.61,75.27],[175.97,75.27],[176.08,75.39],[176.33,75.42],[176.44,75.39],[176.45,75.33],[176.38,75.3],[176.17,75.29],[175.92,75.11],[175.91,75.03],[175.98,74.93],[176.29,74.89],[176.34,74.78],[176.43,74.77],[176.94,75.03],[177.31,75.06],[177.36,75.03],[177.36,74.97],[177.22,74.95],[177.01,74.72],[176.79,74.61],[176.78,74.54],[176.86,74.5],[176.96,74.52],[177.2,74.67],[177.34,74.6],[177.65,74.56],[177.81,74.57],[177.85,74.6],[177.84,74.66],[177.49,74.67],[177.44,74.73],[177.62,74.76],[177.8,74.89],[178.13,74.89],[178.16,75.01],[178.65,75.02],[178.93,75.1],[179.22,75.09],[179.35,75.02],[179.32,74.96],[178.87,74.96],[178.83,74.94],[178.85,74.89],[179.33,74.84],[179.5,74.7],[179.53,74.71],[179.55,74.77],[179.37,74.85],[179.37,74.93],[179.9,74.99],[179.89,74.88],[179.98,74.82],[180.0,74.74],[180.0,90.0],[90.0,90.0],[90.0,81.9],[92.67,81.78],[92.71,81.71],[92.52,81.7],[92.5,81.66],[92.52,81.58],[92.6,81.51],[92.8,81.6],[92.96,81.57],[93.15,81.68],[93.61,81.7],[93.85,81.8],[94.76,81.78],[94.87,81.71],[94.95,81.58],[94.84,81.5],[94.71,81.46],[94.69,81.34],[94.72,81.33],[95.07,81.37],[95.09,81.41],[95.08,81.56],[95.15,81.62],[95.24,81.59],[95.33,81.46],[95.45,81.49],[95.6,81.44],[95.74,81.51],[95.89,81.51],[96.08,81.44],[96.16,81.48],[96.29,81.46],[96.48,81.51],[96.65,81.47],[97.85,81.45],[97.9,81.42],[97.9,81.38],[97.73,81.34],[97.64,81.22],[97.7,81.19],[98.09,81.17],[98.43,81.05],[98.95,81.13],[99.85,81.08],[99.95,81.05],[99.99,80.96],[100.04,80.93],[100.52,80.87],[100.54,80.83],[100.42,80.74],[100.42,80.69],[100.93,80.57],[100.95,80.55],[100.9,80.42],[100.95,80.38],[102.63,80.33],[102.81,80.26],[103.04,80.24],[103.23,80.09],[103.5,80.08],[103.57,80.05],[103.55,80.01],[101.24,79.88],[101.17,79.85],[101.07,79.73],[100.95,79.71],[100.78,79.57],[100.66,79.54],[100.6,79.48],[100.4,79.37],[100.34,79.25],[100.21,79.13],[100.35,78.99],[100.69,79.01],[101.22,79.24],[101.05,79.45],[101.2,79.51],[103.13,79.57],[103.3,79.52],[104.96,79.54],[105.29,79.47],[105.58,79.47],[105.82,79.37],[105.94,79.25],[106.34,79.11],[106.36,79.07],[106.35,79.01],[106.31,78.99],[106.04,78.99],[105.89,78.92],[105.7,78.94],[105.66,78.88],[105.73,78.82],[105.72,78.66],[105.75,78.64],[106.06,78.62],[106.25,78.7],[106.42,78.68],[107.02,78.69],[107.05,78.68],[107.05,78.57],[107.08,78.53],[107.57,78.52],[107.82,78.63],[108.15,78.59],[108.18,78.57],[108.16,78.53],[107.85,78.49],[107.82,78.47],[107.84,78.43],[108.48,78.39],[108.61,78.41],[108.73,78.36],[109.01,78.44],[109.57,78.44],[109.78,78.21],[109.76,78.14],[109.65,78.1],[108.68,78.1],[108.54,78.06],[108.32,78.05],[108.13,77.98],[108.05,78.01],[107.8,77.98],[107.81,77.91],[107.93,77.91],[108.04,77.87],[107.99,77.72],[108.03,77.65],[108.15,77.57],[108.28,77.59],[108.46,77.67],[109.37,77.69],[109.45,77.74],[109.62,77.77],[109.7,77.76],[109.73,77.72],[109.57,77.65],[109.57,77.62],[109.61,77.6],[110.33,77.62],[110.89,77.55],[111.14,77.7],[111.34,77.6],[111.82,77.53],[112.06,77.62],[112.93,77.57],[113.26,77.62],[113.43,77.74],[113.67,77.74],[113.75,77.7],[113.73,77.52],[113.83,77.47],[114.1,77.53],[114.27,77.53],[114.41,77.6],[114.53,77.55],[114.65,77.67],[115.3,77.67],[115.54,77.6],[115.59,77.5],[115.5,77.45],[114.99,77.41],[114.87,77.28],[114.82,77.26],[114.56,77.47],[114.46,77.47],[114.41,77.41],[114.49,77.31],[114.65,77.26],[114.69,77.16],[114.75,77.14],[114.88,77.14],[115.11,77.26],[115.36,77.24],[115.55,77.28],[115.64,77.2],[115.61,77.16],[115.35,77.16],[115.33,77.14],[115.34,77.09],[115.54,76.95],[115.78,76.95],[115.91,76.8],[116.05,76.78],[116.18,76.86],[116.24,77.14],[116.39,77.2],[116.36,77.23],[116.02,77.28],[115.93,77.43],[115.75,77.5],[115.73,77.53],[115.78,77.58],[116.07,77.47],[116.43,77.55],[116.6,77.5],[117.49,77.43],[117.65,77.33],[118.71,77.29],[118.9,77.21],[120.03,77.24],[120.22,77.19],[120.34,77.26],[121.21,77.31],[121.37,77.41],[121.5,77.34],[121.97,77.38],[122.08,77.34],[123.01,77.31],[123.5,77.18],[123.71,77.16],[123.77,77.09],[123.49,77.02],[123.29,76.93],[122.84,76.93],[122.6,76.81],[122.05,76.78],[121.81,76.69],[121.61,76.68],[121.23,76.74],[121.19,76.68],[121.42,76.61],[121.45,76.57],[121.42,76.52],[121.29,76.47],[121.28,76.4],[121.34,76.33],[121.48,76.3],[121.83,76.28],[122.91,76.4],[123.29,76.5],[123.45,76.48],[123.61,76.37],[123.8,76.49],[123.99,76.52],[124.16,76.47],[124.18,76.4],[124.4,76.37],[124.45,76.26],[124.54,76.22],[124.81,76.24],[124.83,76.31],[124.66,76.4],[124.67,76.46],[124.7,76.49],[124.81,76.47],[124.88,76.39],[125.05,76.39],[125.14,76.42],[125.14,76.49],[124.98,76.61],[125.03,76.66],[125.19,76.63],[125.21,76.69],[124.96,76.82],[124.95,76.88],[125.01,76.9],[125.25,76.88],[125.41,76.9],[125.49,77.03],[125.55,77.06],[126.16,77.07],[127.21,77.21],[127.3,77.12],[127.48,77.1],[127.52,77.05],[127.35,77.0],[127.21,76.9],[126.92,76.9],[126.9,76.88],[126.97,76.81],[126.99,76.71],[126.89,76.61],[126.76,76.68],[126.64,76.67],[126.55,76.63],[126.56,76.58],[126.75,76.54],[126.75,76.4],[126.92,76.33],[127.16,76.35],[127.45,76.61],[127.61,76.4],[128.14,76.35],[128.2,76.36],[128.23,76.41],[128.19,76.5],[128.0,76.64],[127.88,76.69],[127.81,76.83],[127.64,76.83],[127.65,76.89],[127.75,76.9],[128.07,76.78],[128.41,76.78],[128.74,76.64],[129.34,76.54],[129.49,76.45],[129.73,76.45],[129.89,76.52],[130.01,76.52],[130.16,76.59],[130.45,76.59],[130.61,76.71],[131.01,76.75],[130.91,77.02],[130.73,77.01],[130.49,76.9],[130.16,76.93],[129.98,76.86],[129.91,76.95],[129.75,77.04],[129.75,77.09],[129.82,77.15],[130.21,77.19],[130.33,77.26],[130.42,77.22],[130.73,77.22],[131.05,77.09],[131.29,77.17],[131.32,77.25],[131.57,77.32],[133.32,77.3],[133.44,77.4],[133.5,77.3],[133.66,77.26],[133.96,77.32],[134.02,77.31],[134.05,77.27],[133.99,77.17],[134.0,77.12],[134.31,77.09],[134.36,76.95],[134.65,76.93],[134.55,77.07],[134.38,77.1],[134.38,77.14],[134.45,77.19],[134.92,77.17],[134.96,77.11],[134.82,77.08],[134.72,76.95],[134.8,76.84],[134.77,76.79],[134.48,76.78],[134.29,76.71],[134.0,76.92],[133.91,76.91],[133.84,76.85],[133.85,76.79],[134.19,76.67],[134.16,76.61],[133.71,76.76],[133.16,76.77],[133.13,76.72],[133.16,76.69],[133.47,76.64],[133.71,76.54],[134.24,76.49],[134.39,76.45],[134.57,76.52],[134.64,76.61],[134.72,76.64],[134.84,76.47],[135.04,76.4],[135.11,76.44],[135.13,76.52],[135.08,76.58],[135.13,76.63],[135.65,76.63],[135.94,76.49],[136.06,76.33],[136.33,76.26],[136.34,76.19],[136.25,76.13],[136.23,76.07],[136.28,75.99],[136.33,76.01],[136.33,76.06],[136.43,76.12],[136.68,76.1],[136.88,76.16],[136.97,76.25],[137.02,76.4],[137.14,76.42],[137.21,76.52],[137.38,76.63],[137.66,76.66],[137.72,76.69],[137.67,76.85],[137.74,76.88],[137.79,76.95],[137.9,77.02],[138.7,77.33],[138.87,77.24],[139.1,77.22],[139.38,77.15],[139.81,76.91],[139.93,76.89],[140.07,76.95],[140.2,77.31],[140.22,78.01],[140.07,78.64],[140.09,78.72],[140.6,78.7],[140.71,78.72],[140.74,78.77],[140.53,78.8],[140.38,78.89],[140.09,78.92],[139.93,78.99],[139.21,78.99],[139.17,79.02],[139.16,79.06],[139.38,79.13],[139.95,79.14],[140.31,79.23],[140.53,79.24],[140.74,79.28],[140.91,79.23],[141.15,79.23],[141.33,79.31],[141.5,79.33],[142.01,79.18],[142.54,79.18],[142.95,79.33],[143.73,79.49],[143.82,79.62],[143.99,79.67],[148.33,79.52],[148.57,79.57],[148.73,79.56],[148.97,79.65],[150.34,79.86],[150.74,79.83],[151.22,79.9],[152.05,79.87],[152.33,79.76],[152.44,79.78],[152.69,79.77],[153.07,79.66],[154.59,79.54],[154.73,79.48],[155.43,79.45],[155.68,79.38],[155.94,79.36],[156.33,79.4],[157.95,79.29],[158.5,79.13],[159.05,79.07],[159.13,79.01],[155.06,78.97],[155.03,78.95],[155.03,78.91],[155.33,78.8],[155.44,78.82]]],[[[-72.75,-41.66],[-72.83,-41.55],[-72.93,-41.58],[-72.92,-41.62],[-72.79,-41.68],[-72.83,-41.71],[-72.81,-41.75],[-72.7,-41.74],[-72.7,-41.67],[-72.75,-41.66]]],[[[-59.05,-42.49],[-58.89,-42.36],[-58.88,-42.28],[-58.99,-42.28],[-59.08,-42.38],[-59.12,-42.47],[-59.11,-42.5],[-59.05,-42.49]]],[[[-59.49,-43.19],[-59.43,-43.16],[-59.4,-43.09],[-59.45,-43.02],[-59.59,-42.98],[-59.66,-43.1],[-59.65,-43.19],[-59.63,-43.22],[-59.49,-43.19]]],[[[-59.89,-43.42],[-59.85,-43.29],[-60.01,-43.21],[-60.15,-43.3],[-60.24,-43.43],[-60.22,-43.47],[-60.07,-43.43],[-59.96,-43.46],[-59.89,-43.42]]],[[[-74.37,-43.64],[-74.46,-43.69],[-74.49,-43.75],[-74.37,-43.81],[-74.13,-43.75],[-73.86,-43.73],[-73.82,-43.76],[-73.74,-43.76],[-73.83,-43.65],[-73.96,-43.67],[-74.23,-43.65],[-74.32,-43.59],[-74.37,-43.6],[-74.37,-43.64]]],[[[-60.63,-46.34],[-60.61,-46.12],[-60.64,-46.09],[-60.72,-46.17],[-60.74,-46.34],[-60.8,-46.49],[-60.78,-46.54],[-60.73,-46.55],[-60.68,-46.44],[-60.55,-46.44],[-60.48,-46.4],[-60.47,-46.34],[-60.63,-46.34]]],[[[-75.32,-47.8],[-75.38,-47.8],[-75.44,-47.85],[-75.46,-47.92],[-75.42,-47.99],[-75.33,-47.99],[-75.25,-47.9],[-75.23,-47.83],[-75.32,-47.8]]],[[[-75.55,-48.25],[-75.62,-48.08],[-75.55,-48.0],[-75.63,-48.05],[-75.62,-48.16],[-75.69,-48.29],[-75.58,-48.4],[-75.55,-48.25]]],[[[-61.65,-49.58],[-61.48,-49.51],[-61.23,-49.47],[-61.05,-49.29],[-61.07,-49.2],[-61.14,-49.14],[-61.45,-49.07],[-61.58,-49.16],[-61.72,-49.31],[-61.97,-49.43],[-62.02,-49.5],[-62.01,-49.55],[-61.96,-49.58],[-61.65,-49.58]]],[[[-74.86,-50.53],[-74.82,-50.5],[-74.78,-50.32],[-74.85,-50.33],[-74.91,-50.42],[-74.92,-50.51],[-74.86,-50.53]]],[[[-75.17,-50.76],[-75.1,-50.64],[-75.02,-50.59],[-75.0,-50.53],[-75.18,-50.62],[-75.23,-50.71],[-75.17,-50.76]]],[[[-62.13,-50.7],[-62.11,-50.67],[-62.13,-50.63],[-62.27,-50.61],[-62.56,-50.68],[-62.62,-50.74],[-62.57,-50.81],[-62.39,-50.73],[-62.25,-50.75],[-62.13,-50.7]]],[[[-62.53,-51.27],[-62.43,-51.22],[-62.39,-51.09],[-62.24,-50.98],[-62.21,-50.87],[-62.47,-50.9],[-62.85,-51.09],[-62.82,-51.18],[-62.69,-51.27],[-62.53,-51.27]]],[[[-74.39,-52.73],[-74.47,-52.72],[-74.49,-52.75],[-74.21,-52.92],[-74.07,-52.92],[-73.69,-53.06],[-73.64,-53.02],[-73.7,-52.96],[-73.84,-52.94],[-73.86,-52.8],[-74.18,-52.82],[-74.39,-52.73]]],[[[-63.22,-51.52],[-63.59,-51.57],[-63.62,-51.6],[-63.65,-51.81],[-63.58,-51.95],[-63.52,-51.97],[-63.4,-51.83],[-63.25,-51.81],[-63.18,-51.61],[-63.19,-51.55],[-63.22,-51.52]]],[[[-72.95,-41.92],[-73.05,-42.01],[-73.27,-41.95],[-73.29,-42.06],[-73.07,-42.11],[-72.93,-42.28],[-72.82,-42.2],[-72.64,-42.16],[-72.65,-42.11],[-72.86,-42.02],[-72.95,-41.92]]],[[[-72.92,-42.37],[-73.03,-42.43],[-72.88,-42.5],[-72.79,-42.43],[-72.82,-42.38],[-72.92,-42.37]]],[[[60.97,-11.29],[60.99,-11.25],[60.94,-11.13],[61.01,-11.02],[60.87,-10.96],[60.83,-11.04],[60.89,-11.25],[60.92,-11.29],[60.97,-11.29]]],[[[59.89,-16.24],[59.94,-16.16],[59.92,-16.07],[59.7,-16.15],[59.76,-16.23],[59.89,-16.24]]],[[[46.13,-25.38],[46.29,-25.3],[46.3,-25.24],[46.02,-25.34],[46.04,-25.39],[46.13,-25.38]]],[[[14.82,-28.57],[14.89,-28.43],[14.85,-28.38],[14.78,-28.42],[14.72,-28.53],[14.74,-28.6],[14.82,-28.57]]],[[[15.15,-29.25],[15.17,-29.17],[15.12,-29.06],[15.01,-28.98],[14.97,-29.05],[15.0,-29.13],[15.09,-29.24],[15.15,-29.25]]],[[[69.78,-48.15],[69.74,-48.07],[69.65,-47.99],[69.47,-48.03],[69.26,-48.22],[69.21,-48.33],[69.26,-48.36],[69.39,-48.28],[69.51,-48.33],[69.58,-48.16],[69.69,-48.25],[69.75,-48.26],[69.78,-48.15]]],[[[68.46,-49.94],[68.5,-49.91],[68.49,-49.87],[68.39,-49.81],[68.31,-49.82],[68.3,-49.86],[68.34,-49.91],[68.46,-49.94]]],[[[61.49,-10.55],[61.45,-10.5],[61.42,-10.34],[61.35,-10.27],[61.31,-10.11],[61.22,-9.96],[61.15,-9.96],[61.04,-10.15],[61.06,-10.31],[60.94,-10.43],[60.95,-10.47],[61.06,-10.58],[61.08,-10.64],[61.18,-10.63],[61.25,-10.67],[61.37,-10.67],[61.45,-10.82],[61.54,-10.91],[61.59,-10.89],[61.66,-10.77],[61.71,-10.64],[61.75,-10.63],[61.8,-10.7],[61.71,-10.84],[61.72,-11.09],[61.79,-11.11],[61.93,-11.01],[62.02,-11.03],[61.97,-10.41],[61.88,-10.19],[61.93,-10.1],[61.92,-10.05],[61.69,-10.0],[61.57,-10.17],[61.59,-10.23],[61.73,-10.27],[61.77,-10.34],[61.83,-10.39],[61.86,-10.45],[61.83,-10.51],[61.73,-10.58],[61.61,-10.53],[61.49,-10.55]]],[[[127.56,-0.0],[127.56,-0.1],[127.64,-0.13],[127.65,-0.0],[127.56,-0.0]]],[[[122.53,-0.7],[122.56,-0.62],[122.41,-0.49],[122.05,-0.55],[121.81,-0.64],[121.83,-0.81],[122.02,-0.88],[122.18,-0.74],[122.53,-0.7]]],[[[127.86,-0.54],[127.81,-0.52],[127.69,-0.55],[127.69,-0.64],[127.73,-0.66],[127.82,-0.64],[127.88,-0.58],[127.86,-0.54]]],[[[134.81,-2.49],[134.84,-2.46],[134.83,-2.37],[134.72,-2.25],[134.67,-2.25],[134.67,-2.38],[134.73,-2.45],[134.81,-2.49]]],[[[150.16,-5.44],[150.32,-5.31],[150.34,-5.25],[150.31,-5.21],[150.22,-5.23],[150.15,-5.39],[150.16,-5.44]]],[[[145.39,-8.23],[145.47,-8.12],[145.44,-8.06],[145.37,-8.05],[145.3,-8.08],[145.27,-8.15],[145.32,-8.23],[145.39,-8.23]]],[[[149.35,-8.57],[149.36,-8.49],[149.33,-8.39],[149.21,-8.44],[149.19,-8.46],[149.22,-8.52],[149.31,-8.58],[149.35,-8.57]]],[[[149.9,-8.6],[149.85,-8.58],[149.65,-8.61],[149.6,-8.71],[149.51,-8.76],[149.53,-8.9],[149.48,-9.0],[149.45,-9.29],[149.54,-9.4],[149.69,-9.51],[150.02,-9.59],[150.11,-9.65],[150.1,-9.76],[149.9,-9.8],[149.87,-9.84],[149.87,-9.92],[150.06,-10.05],[150.2,-10.06],[150.37,-10.16],[150.82,-10.19],[150.93,-10.17],[151.1,-10.25],[151.14,-10.23],[151.12,-10.17],[150.94,-10.12],[150.77,-9.91],[150.72,-9.74],[150.67,-9.69],[150.43,-9.66],[150.4,-9.58],[150.35,-9.55],[150.21,-9.62],[150.15,-9.6],[150.15,-9.46],[150.07,-9.37],[150.05,-9.16],[150.22,-8.97],[150.22,-8.85],[150.34,-8.73],[150.3,-8.7],[150.15,-8.68],[150.05,-8.77],[150.01,-8.78],[149.9,-8.6]]],[[[148.82,-8.61],[148.77,-8.61],[148.76,-8.65],[148.85,-8.68],[148.88,-8.73],[149.03,-8.75],[149.1,-8.71],[149.06,-8.64],[148.88,-8.66],[148.82,-8.61]]],[[[133.6,-8.98],[133.67,-8.95],[133.69,-8.89],[133.59,-8.74],[133.46,-8.68],[133.33,-8.74],[133.35,-8.85],[133.41,-8.93],[133.6,-8.98]]],[[[145.19,-8.82],[145.21,-8.77],[145.15,-8.69],[145.08,-8.68],[145.02,-8.73],[145.08,-8.8],[145.19,-8.82]]],[[[150.82,-9.16],[150.85,-9.05],[150.81,-9.01],[150.75,-9.02],[150.71,-9.1],[150.77,-9.16],[150.82,-9.16]]],[[[151.04,-10.45],[150.87,-10.36],[150.77,-10.39],[150.72,-10.45],[150.76,-10.47],[150.94,-10.46],[151.07,-10.49],[151.09,-10.44],[151.04,-10.45]]],[[[124.13,-12.96],[124.19,-12.92],[124.17,-12.82],[124.0,-12.87],[124.01,-12.93],[124.13,-12.96]]],[[[143.98,-14.4],[144.04,-14.3],[144.02,-14.25],[143.92,-14.28],[143.87,-14.35],[143.91,-14.42],[143.98,-14.4]]],[[[177.66,-16.7],[177.63,-16.7],[177.68,-16.84],[177.62,-17.03],[177.64,-17.08],[177.9,-17.1],[178.04,-17.08],[178.21,-17.2],[178.45,-17.24],[178.5,-17.22],[178.54,-17.03],[178.43,-16.97],[178.4,-16.89],[178.11,-16.87],[178.01,-16.82],[177.87,-16.84],[177.82,-16.79],[177.7,-16.79],[177.66,-16.7]]],[[[178.93,-17.53],[178.9,-17.49],[178.65,-17.35],[178.59,-17.37],[178.69,-17.54],[178.95,-17.56],[178.93,-17.53]]],[[[124.35,-33.75],[124.45,-33.39],[124.44,-33.3],[124.32,-33.36],[124.19,-33.52],[124.14,-33.65],[124.16,-33.7],[124.21,-33.74],[124.27,-33.76],[124.35,-33.75]]],[[[132.26,-33.59],[132.48,-33.52],[132.51,-33.47],[132.5,-33.4],[132.45,-33.38],[132.14,-33.43],[132.08,-33.47],[132.08,-33.55],[132.11,-33.58],[132.26,-33.59]]],[[[122.94,-34.28],[122.81,-34.22],[122.81,-34.15],[122.63,-34.08],[122.55,-34.11],[122.49,-34.2],[122.5,-34.29],[122.56,-34.34],[122.77,-34.29],[122.9,-34.34],[122.94,-34.28]]],[[[139.53,-36.32],[139.55,-36.26],[139.52,-36.19],[139.34,-36.03],[139.23,-36.0],[139.11,-36.03],[138.97,-36.19],[138.84,-36.22],[138.85,-36.38],[139.01,-36.5],[138.84,-36.64],[138.82,-36.71],[138.92,-36.72],[139.0,-36.8],[139.06,-36.8],[139.11,-36.71],[139.16,-36.69],[139.21,-36.57],[139.42,-36.36],[139.49,-36.36],[139.53,-36.32]]],[[[139.54,-36.57],[139.58,-36.44],[139.55,-36.39],[139.51,-36.41],[139.45,-36.55],[139.47,-36.59],[139.54,-36.57]]],[[[139.55,-36.91],[139.73,-36.82],[139.76,-36.78],[139.75,-36.72],[139.57,-36.69],[139.4,-36.82],[139.43,-36.89],[139.55,-36.91]]],[[[139.64,-37.31],[139.68,-37.25],[139.68,-37.16],[139.63,-37.09],[139.58,-37.09],[139.52,-37.12],[139.48,-37.19],[139.55,-37.28],[139.64,-37.31]]],[[[142.54,-38.63],[142.46,-38.56],[142.4,-38.63],[142.71,-38.85],[142.78,-38.85],[142.84,-38.78],[142.83,-38.69],[142.71,-38.59],[142.54,-38.63]]],[[[143.86,-40.28],[143.91,-40.24],[143.89,-40.18],[143.82,-40.12],[143.74,-40.1],[143.72,-40.14],[143.78,-40.25],[143.86,-40.28]]],[[[174.53,-41.32],[174.57,-41.22],[174.67,-41.09],[174.66,-41.03],[174.56,-41.04],[174.5,-41.12],[174.47,-41.25],[174.53,-41.32]]],[[[145.05,-42.28],[145.07,-42.21],[145.01,-42.02],[145.04,-41.9],[144.96,-41.83],[144.86,-41.82],[144.85,-41.88],[144.94,-42.04],[144.9,-42.12],[144.91,-42.19],[145.0,-42.3],[145.05,-42.28]]],[[[167.33,-47.75],[166.86,-47.76],[166.76,-47.86],[166.74,-48.0],[166.78,-48.03],[167.02,-47.9],[167.32,-47.86],[167.36,-47.8],[167.33,-47.75]]],[[[167.48,-47.95],[167.17,-47.99],[167.07,-48.07],[167.05,-48.14],[167.26,-48.11],[167.5,-48.3],[167.57,-48.31],[167.62,-48.21],[167.48,-47.95]]],[[[167.11,-50.13],[167.16,-50.06],[167.13,-49.99],[166.91,-50.04],[166.95,-50.12],[167.11,-50.13]]],[[[169.9,-52.34],[170.0,-52.23],[170.05,-52.13],[170.02,-52.1],[169.91,-52.13],[169.88,-52.22],[169.79,-52.23],[169.8,-52.3],[169.9,-52.34]]],[[[169.98,-52.67],[169.91,-52.64],[169.81,-52.67],[169.84,-52.74],[169.91,-52.76],[170.0,-52.72],[169.98,-52.67]]],[[[153.59,-2.03],[153.65,-1.98],[153.68,-1.88],[153.67,-1.82],[153.59,-1.71],[153.61,-1.88],[153.59,-2.03]]],[[[-92.87,79.26],[-92.8,79.3],[-92.82,79.35],[-92.95,79.36],[-93.09,79.31],[-93.01,79.27],[-92.87,79.26]]],[[[-93.86,78.7],[-93.96,78.77],[-94.17,78.83],[-94.39,78.99],[-94.27,79.09],[-93.92,79.09],[-93.89,79.14],[-95.07,79.17],[-95.13,79.09],[-95.11,79.02],[-95.01,79.0],[-94.31,78.68],[-94.28,78.61],[-94.58,78.57],[-94.6,78.52],[-94.17,78.41],[-94.2,78.36],[-94.29,78.34],[-94.3,78.28],[-94.0,78.27],[-93.91,78.11],[-93.96,78.03],[-93.88,77.99],[-93.2,77.99],[-93.16,78.03],[-93.31,78.13],[-93.31,78.2],[-92.9,78.37],[-92.9,78.39],[-93.4,78.56],[-93.59,78.56],[-93.66,78.68],[-93.73,78.71],[-93.86,78.7]]],[[[-97.43,78.91],[-97.43,78.97],[-97.52,79.0],[-97.61,79.0],[-97.67,78.97],[-97.65,78.93],[-97.56,78.91],[-97.43,78.91]]],[[[-90.0,77.93],[-90.0,78.15],[-90.04,78.12],[-90.02,78.02],[-90.04,77.99],[-90.65,77.95],[-90.83,77.91],[-91.1,77.98],[-91.36,78.0],[-91.5,77.97],[-91.6,77.89],[-91.03,77.84],[-90.83,77.74],[-90.31,77.71],[-90.28,77.73],[-90.31,77.79],[-90.28,77.88],[-90.0,77.93]]],[[[-105.35,78.8],[-105.62,78.8],[-105.64,78.75],[-105.54,78.7],[-105.36,78.71],[-105.26,78.75],[-105.35,78.8]]],[[[-104.17,78.74],[-104.5,78.73],[-104.6,78.72],[-104.63,78.68],[-104.15,78.62],[-104.13,78.7],[-104.17,78.74]]],[[[-112.75,78.56],[-112.55,78.6],[-112.46,78.68],[-112.82,78.68],[-112.92,78.55],[-112.89,78.53],[-112.75,78.56]]],[[[-115.93,78.27],[-115.89,78.32],[-115.93,78.34],[-116.05,78.36],[-116.09,78.32],[-116.05,78.27],[-115.93,78.27]]],[[[-103.94,78.13],[-104.44,78.19],[-104.63,78.14],[-104.66,78.08],[-104.44,78.02],[-104.29,77.85],[-103.84,77.77],[-103.68,77.76],[-103.53,77.8],[-103.17,78.03],[-103.26,78.07],[-103.75,78.05],[-103.94,78.13]]],[[[-105.11,78.03],[-105.09,78.08],[-105.13,78.11],[-105.29,78.13],[-105.33,78.1],[-105.33,78.08],[-105.22,78.04],[-105.11,78.03]]],[[[-98.14,77.98],[-98.16,78.03],[-98.25,78.06],[-98.36,78.07],[-98.42,78.03],[-98.38,77.99],[-98.14,77.98]]],[[[-92.44,77.94],[-92.39,77.98],[-92.48,78.03],[-92.9,78.06],[-93.1,78.01],[-93.01,77.95],[-92.44,77.94]]],[[[-116.82,77.79],[-116.71,77.85],[-116.71,77.91],[-116.74,77.95],[-116.91,77.95],[-117.02,77.85],[-117.01,77.81],[-116.96,77.78],[-116.82,77.79]]],[[[-91.76,77.87],[-91.8,77.93],[-92.15,77.98],[-92.25,77.86],[-92.37,77.84],[-92.34,77.78],[-92.2,77.79],[-92.06,77.67],[-91.94,77.7],[-91.84,77.84],[-91.76,77.87]]],[[[-98.18,77.54],[-98.13,77.61],[-98.44,77.65],[-98.54,77.72],[-98.69,77.74],[-98.88,77.7],[-98.81,77.62],[-98.18,77.54]]],[[[-114.31,77.51],[-114.28,77.55],[-114.31,77.58],[-114.61,77.61],[-114.65,77.59],[-114.6,77.51],[-114.62,77.48],[-114.73,77.48],[-114.82,77.58],[-114.88,77.6],[-115.0,77.57],[-115.05,77.5],[-115.0,77.43],[-114.86,77.41],[-114.74,77.33],[-114.57,77.43],[-114.31,77.51]]],[[[-100.67,77.52],[-100.58,77.57],[-100.58,77.6],[-100.65,77.63],[-100.9,77.62],[-101.02,77.57],[-100.91,77.51],[-100.67,77.52]]],[[[-99.4,77.51],[-99.37,77.55],[-99.43,77.62],[-99.54,77.62],[-99.58,77.57],[-99.51,77.51],[-99.4,77.51]]],[[[-96.67,77.48],[-96.74,77.57],[-96.83,77.6],[-96.88,77.57],[-96.81,77.41],[-96.61,77.41],[-96.57,77.45],[-96.67,77.48]]],[[[-117.53,77.48],[-117.5,77.53],[-117.58,77.57],[-117.76,77.56],[-117.84,77.52],[-117.69,77.47],[-117.53,77.48]]],[[[-113.52,77.47],[-113.66,77.5],[-114.16,77.51],[-114.19,77.48],[-114.04,77.43],[-114.02,77.31],[-113.78,77.29],[-113.63,77.35],[-113.39,77.39],[-113.42,77.43],[-113.52,77.47]]],[[[-98.6,77.34],[-98.55,77.38],[-98.61,77.5],[-98.81,77.53],[-98.92,77.5],[-98.74,77.36],[-98.6,77.34]]],[[[-100.4,77.35],[-100.35,77.38],[-100.41,77.44],[-100.6,77.41],[-100.53,77.35],[-100.4,77.35]]],[[[-102.86,77.35],[-102.95,77.37],[-103.07,77.33],[-103.36,77.2],[-103.39,77.14],[-103.33,77.12],[-102.73,77.18],[-102.69,77.24],[-102.81,77.26],[-102.86,77.35]]],[[[-106.11,77.13],[-106.04,77.18],[-106.07,77.24],[-106.28,77.21],[-106.36,77.16],[-106.29,77.12],[-106.11,77.13]]],[[[-98.29,77.13],[-98.34,77.2],[-98.41,77.21],[-98.73,77.12],[-98.78,77.07],[-98.69,77.04],[-98.29,77.13]]],[[[-115.23,77.2],[-115.36,77.22],[-115.41,77.16],[-115.22,77.14],[-115.15,77.02],[-115.02,77.01],[-114.93,77.05],[-114.95,77.1],[-115.12,77.12],[-115.23,77.2]]],[[[-101.95,77.17],[-102.26,77.14],[-102.27,77.0],[-102.3,76.97],[-102.6,77.04],[-102.81,77.02],[-103.05,77.05],[-103.13,76.89],[-103.08,76.83],[-102.9,76.8],[-102.77,76.81],[-102.57,76.88],[-102.26,76.81],[-101.98,76.78],[-100.87,76.9],[-100.65,77.0],[-100.27,76.97],[-100.04,76.89],[-99.19,76.9],[-99.07,76.83],[-98.96,76.82],[-98.87,76.83],[-98.83,76.99],[-98.87,77.01],[-99.14,77.02],[-99.61,76.95],[-99.87,76.95],[-99.88,77.12],[-99.9,77.12],[-100.85,77.09],[-101.13,77.14],[-101.39,77.09],[-101.54,77.12],[-101.68,77.09],[-101.95,77.17]]],[[[-114.18,76.99],[-114.12,77.04],[-114.24,77.12],[-114.46,77.04],[-114.35,77.0],[-114.18,76.99]]],[[[-104.96,77.01],[-105.08,76.99],[-105.09,76.95],[-105.03,76.92],[-104.61,76.9],[-104.35,76.95],[-104.35,76.98],[-104.42,77.0],[-104.66,76.97],[-104.96,77.01]]],[[[-103.41,76.77],[-103.41,76.81],[-103.46,76.84],[-103.75,76.85],[-104.02,76.97],[-104.16,76.93],[-104.19,76.85],[-104.19,76.81],[-104.13,76.78],[-103.41,76.77]]],[[[-106.92,76.86],[-107.17,76.86],[-107.18,76.79],[-107.1,76.73],[-106.92,76.79],[-106.92,76.86]]],[[[-115.63,76.59],[-115.24,76.6],[-115.22,76.65],[-115.4,76.7],[-115.65,76.69],[-115.68,76.6],[-115.63,76.59]]],[[[-113.31,76.61],[-113.23,76.64],[-113.24,76.69],[-113.3,76.7],[-113.54,76.65],[-113.52,76.6],[-113.31,76.61]]],[[[-106.47,76.47],[-106.46,76.53],[-106.5,76.55],[-106.84,76.59],[-107.01,76.69],[-107.15,76.65],[-107.3,76.47],[-107.73,76.51],[-107.78,76.47],[-107.76,76.44],[-107.62,76.46],[-107.49,76.41],[-107.46,76.32],[-107.6,76.27],[-107.61,76.23],[-107.4,76.13],[-107.11,76.13],[-107.01,76.21],[-106.87,76.23],[-106.76,76.16],[-106.67,76.16],[-106.63,76.22],[-106.77,76.25],[-106.72,76.35],[-106.87,76.36],[-106.89,76.42],[-106.85,76.45],[-106.51,76.44],[-106.47,76.47]]],[[[-102.52,76.54],[-102.55,76.57],[-102.55,76.54],[-102.66,76.5],[-102.54,76.46],[-102.44,76.48],[-102.44,76.54],[-102.52,76.54]]],[[[-123.48,76.18],[-123.31,76.25],[-123.27,76.3],[-123.49,76.27],[-123.53,76.21],[-123.48,76.18]]],[[[-118.1,76.13],[-118.31,76.23],[-118.55,76.13],[-118.73,76.15],[-118.78,76.06],[-118.72,76.01],[-118.66,76.0],[-118.13,76.09],[-118.1,76.13]]],[[[-117.04,76.07],[-117.02,76.13],[-117.07,76.18],[-117.26,76.18],[-117.26,76.16],[-117.2,76.1],[-117.04,76.07]]],[[[-111.5,76.08],[-111.57,76.12],[-111.76,76.1],[-111.81,76.04],[-111.62,75.99],[-111.5,76.04],[-111.5,76.08]]],[[[-93.38,75.78],[-93.24,75.86],[-93.38,75.87],[-93.5,75.94],[-93.55,76.03],[-93.61,76.03],[-93.67,75.99],[-93.68,75.94],[-93.58,75.89],[-93.47,75.79],[-93.38,75.78]]],[[[-117.04,76.01],[-117.09,75.99],[-117.35,75.99],[-117.41,75.95],[-117.42,75.9],[-117.26,75.89],[-117.16,75.82],[-116.78,75.89],[-116.8,75.95],[-117.04,76.01]]],[[[-110.5,75.92],[-110.58,75.86],[-110.57,75.82],[-110.51,75.8],[-110.37,75.8],[-110.25,75.87],[-110.28,75.9],[-110.5,75.92]]],[[[-119.23,75.77],[-119.25,75.85],[-119.41,75.86],[-119.97,75.79],[-119.99,75.75],[-119.73,75.63],[-119.6,75.65],[-119.39,75.77],[-119.28,75.74],[-119.23,75.77]]],[[[-117.55,75.57],[-117.49,75.59],[-117.5,75.7],[-117.36,75.73],[-117.35,75.77],[-117.45,75.82],[-117.69,75.8],[-117.76,75.68],[-117.91,75.62],[-117.67,75.57],[-117.55,75.57]]],[[[-110.91,75.68],[-110.88,75.73],[-111.04,75.8],[-111.19,75.75],[-111.13,75.69],[-110.91,75.68]]],[[[-93.78,75.61],[-93.78,75.76],[-93.86,75.8],[-93.91,75.77],[-93.89,75.62],[-93.82,75.59],[-93.78,75.61]]],[[[-104.06,75.59],[-104.03,75.65],[-104.09,75.7],[-104.2,75.69],[-104.24,75.65],[-104.19,75.6],[-104.06,75.59]]],[[[-96.93,75.2],[-97.02,75.42],[-97.08,75.49],[-97.05,75.53],[-97.11,75.56],[-97.17,75.46],[-97.07,75.25],[-97.14,75.18],[-97.15,75.13],[-97.04,75.08],[-97.03,74.97],[-97.08,74.93],[-97.21,74.97],[-97.29,74.96],[-97.31,74.79],[-97.22,74.76],[-96.69,74.84],[-96.67,74.87],[-96.7,74.91],[-96.77,74.94],[-96.83,74.91],[-96.87,74.93],[-96.84,75.09],[-96.93,75.2]]],[[[-93.35,75.32],[-93.33,75.39],[-93.35,75.43],[-93.5,75.44],[-93.62,75.52],[-93.65,75.52],[-93.66,75.48],[-93.59,75.46],[-93.45,75.33],[-93.35,75.32]]],[[[-113.95,75.25],[-113.89,75.28],[-113.88,75.34],[-113.99,75.41],[-114.03,75.31],[-114.0,75.26],[-113.95,75.25]]],[[[-169.24,74.29],[-169.1,74.41],[-169.19,74.44],[-169.29,74.43],[-169.37,74.36],[-169.33,74.29],[-169.24,74.29]]],[[[-97.02,74.24],[-97.1,74.26],[-97.4,74.24],[-97.47,74.2],[-97.48,74.15],[-97.31,74.12],[-97.22,74.05],[-97.05,74.05],[-96.9,73.98],[-96.7,73.98],[-96.51,74.02],[-96.41,74.1],[-96.45,74.15],[-96.52,74.12],[-96.64,74.17],[-96.86,74.14],[-97.02,74.24]]],[[[-102.62,73.9],[-102.55,74.01],[-102.58,74.08],[-102.67,74.05],[-103.1,74.02],[-103.22,73.94],[-103.25,73.85],[-103.2,73.81],[-103.0,73.86],[-102.74,73.83],[-102.62,73.9]]],[[[-170.13,73.81],[-169.98,73.81],[-169.96,73.85],[-170.46,73.94],[-170.57,73.9],[-170.37,73.78],[-170.13,73.81]]],[[[-125.11,73.68],[-125.0,73.72],[-125.01,73.8],[-125.11,73.8],[-125.22,73.73],[-125.21,73.7],[-125.11,73.68]]],[[[-96.23,73.64],[-96.16,73.73],[-96.21,73.77],[-96.32,73.77],[-96.42,73.71],[-96.35,73.64],[-96.23,73.64]]],[[[-174.33,73.49],[-174.31,73.54],[-174.36,73.57],[-174.59,73.54],[-174.49,73.5],[-174.33,73.49]]],[[[-124.99,73.42],[-124.93,73.46],[-124.98,73.53],[-125.13,73.49],[-125.12,73.45],[-124.99,73.42]]],[[[-103.35,73.17],[-103.6,73.35],[-103.9,73.42],[-103.98,73.34],[-104.2,73.28],[-104.23,73.25],[-104.21,73.22],[-103.79,73.21],[-103.65,73.09],[-103.31,73.11],[-103.02,73.06],[-102.94,73.09],[-102.93,73.13],[-102.98,73.18],[-103.35,73.17]]],[[[-103.17,73.28],[-103.1,73.31],[-103.12,73.37],[-103.34,73.35],[-103.35,73.32],[-103.29,73.28],[-103.17,73.28]]],[[[-162.51,72.97],[-162.5,73.03],[-162.73,73.13],[-162.79,73.11],[-162.77,73.05],[-162.67,72.98],[-162.51,72.97]]],[[[-158.99,72.56],[-159.2,72.55],[-159.24,72.49],[-159.17,72.43],[-159.06,72.43],[-158.99,72.5],[-158.99,72.56]]],[[[-103.96,72.47],[-104.03,72.53],[-104.13,72.57],[-104.42,72.53],[-104.44,72.49],[-104.4,72.46],[-104.18,72.46],[-104.03,72.4],[-103.96,72.41],[-103.96,72.47]]],[[[-101.97,71.53],[-101.87,71.6],[-101.92,71.65],[-102.09,71.67],[-102.2,71.6],[-102.19,71.55],[-101.97,71.53]]],[[[-96.35,71.65],[-96.45,71.65],[-96.47,71.6],[-96.08,71.54],[-96.23,71.67],[-96.35,71.65]]],[[[-96.77,71.46],[-96.77,71.63],[-96.82,71.56],[-97.01,71.52],[-96.88,71.44],[-96.77,71.46]]],[[[-118.53,71.41],[-118.6,71.35],[-118.77,71.33],[-118.82,71.29],[-118.99,71.22],[-119.03,71.17],[-118.99,71.14],[-118.54,71.17],[-118.43,71.21],[-117.97,71.23],[-117.91,71.29],[-118.0,71.33],[-118.24,71.31],[-118.53,71.41]]],[[[-109.92,68.32],[-109.85,68.34],[-109.84,68.38],[-110.0,68.41],[-110.13,68.38],[-110.2,68.33],[-110.13,68.29],[-110.15,68.18],[-110.09,68.15],[-109.99,68.18],[-109.92,68.32]]],[[[-110.25,68.33],[-110.27,68.35],[-110.42,68.29],[-110.78,68.25],[-110.81,68.22],[-110.85,68.09],[-110.9,68.17],[-111.0,68.19],[-111.42,68.04],[-111.76,68.02],[-111.86,67.97],[-111.98,68.0],[-112.16,67.94],[-112.39,67.95],[-112.48,67.9],[-112.63,67.93],[-112.7,67.91],[-112.74,67.86],[-112.7,67.81],[-112.6,67.77],[-112.41,67.88],[-112.16,67.83],[-112.02,67.85],[-111.83,67.83],[-111.71,67.9],[-111.61,67.88],[-111.5,67.93],[-111.33,67.9],[-110.83,68.0],[-110.73,68.09],[-110.41,68.1],[-110.35,68.25],[-110.25,68.33]]],[[[-108.55,67.88],[-108.61,67.79],[-108.65,67.81],[-108.72,67.77],[-108.72,67.73],[-108.6,67.67],[-108.52,67.68],[-108.5,67.79],[-108.55,67.88]]],[[[-179.39,61.31],[-179.42,61.36],[-179.66,61.52],[-179.63,61.58],[-179.45,61.65],[-179.44,61.71],[-179.54,61.76],[-179.61,61.85],[-179.71,61.9],[-180.0,61.95],[-180.0,61.17],[-179.82,61.29],[-179.46,61.24],[-179.42,61.25],[-179.39,61.31]]],[[[-146.98,59.63],[-147.11,59.81],[-147.09,60.05],[-146.9,60.18],[-146.76,60.24],[-146.73,60.42],[-146.73,60.63],[-146.94,60.91],[-147.06,60.84],[-147.32,60.78],[-147.21,60.7],[-147.19,60.58],[-147.14,60.56],[-147.11,60.49],[-146.97,60.39],[-146.89,60.3],[-146.95,60.23],[-147.19,60.12],[-147.21,60.06],[-147.14,59.79],[-147.16,59.72],[-147.14,59.65],[-147.26,59.6],[-147.3,59.51],[-147.3,59.46],[-147.16,59.45],[-146.97,59.37],[-146.92,59.45],[-146.98,59.63]]],[[[-147.55,60.73],[-147.5,60.77],[-147.51,60.82],[-147.64,60.79],[-147.85,60.65],[-147.94,60.63],[-148.08,60.72],[-148.02,60.59],[-147.81,60.5],[-147.63,60.6],[-147.55,60.73]]],[[[-147.9,60.2],[-147.92,60.15],[-147.79,60.08],[-147.83,60.01],[-147.74,60.03],[-147.71,60.09],[-147.71,60.18],[-147.8,60.14],[-147.9,60.2]]],[[[-144.94,59.86],[-144.66,59.96],[-144.62,60.03],[-144.68,60.06],[-144.83,60.03],[-144.98,59.91],[-144.98,59.86],[-144.94,59.86]]],[[[-149.19,59.62],[-149.13,59.66],[-149.19,59.76],[-149.39,59.81],[-149.44,59.87],[-149.48,59.85],[-149.49,59.79],[-149.44,59.74],[-149.51,59.66],[-149.5,59.61],[-149.39,59.6],[-149.13,59.34],[-149.08,59.33],[-149.05,59.39],[-149.19,59.57],[-149.19,59.62]]],[[[-148.16,59.45],[-148.08,59.5],[-148.1,59.58],[-148.23,59.56],[-148.28,59.51],[-148.26,59.46],[-148.16,59.45]]],[[[-173.79,59.25],[-173.75,59.33],[-173.79,59.4],[-173.95,59.35],[-173.93,59.28],[-173.79,59.25]]],[[[-176.77,59.03],[-176.73,59.09],[-176.81,59.17],[-176.92,59.16],[-176.96,59.11],[-176.92,59.05],[-176.77,59.03]]],[[[-172.86,59.07],[-173.09,59.12],[-173.16,59.07],[-173.02,59.02],[-172.92,58.91],[-172.86,58.93],[-172.84,59.04],[-172.86,59.07]]],[[[-175.67,58.86],[-175.64,58.91],[-175.69,58.98],[-175.77,58.99],[-175.82,58.95],[-175.78,58.87],[-175.67,58.86]]],[[[-172.56,57.96],[-172.67,58.09],[-172.86,58.15],[-173.03,58.08],[-172.91,57.95],[-172.75,57.94],[-172.7,57.85],[-172.43,57.84],[-172.44,57.92],[-172.56,57.96]]],[[[-133.79,57.34],[-133.72,57.4],[-133.73,57.44],[-133.78,57.52],[-133.86,57.56],[-133.87,57.52],[-133.81,57.47],[-133.84,57.43],[-133.82,57.34],[-133.79,57.34]]],[[[-133.73,57.15],[-133.69,57.21],[-133.73,57.29],[-133.77,57.29],[-133.77,57.27],[-133.87,57.23],[-133.84,57.18],[-133.73,57.15]]],[[[-171.79,56.86],[-171.85,57.03],[-171.97,57.07],[-172.03,57.03],[-171.93,56.91],[-171.79,56.86]]],[[[-128.56,52.25],[-128.62,52.27],[-128.78,52.23],[-128.85,52.17],[-128.74,52.13],[-128.6,52.15],[-128.56,52.19],[-128.56,52.25]]],[[[-105.33,78.45],[-105.69,78.57],[-105.83,78.56],[-105.89,78.43],[-105.95,78.4],[-106.24,78.46],[-106.79,78.49],[-106.84,78.43],[-106.67,78.4],[-106.61,78.35],[-106.61,78.31],[-106.94,78.22],[-107.18,78.2],[-107.29,78.15],[-107.55,78.15],[-107.71,78.19],[-107.73,78.25],[-107.67,78.28],[-107.47,78.31],[-107.45,78.39],[-107.63,78.39],[-107.81,78.54],[-108.31,78.41],[-108.79,78.44],[-108.88,78.29],[-108.95,78.24],[-109.39,78.23],[-109.39,78.18],[-109.29,78.12],[-109.3,78.04],[-109.45,78.02],[-109.43,77.86],[-109.61,77.87],[-109.67,77.84],[-109.62,77.77],[-109.17,77.74],[-109.05,77.67],[-108.83,77.63],[-108.79,77.58],[-108.82,77.45],[-108.94,77.42],[-109.07,77.53],[-109.39,77.53],[-109.41,77.49],[-109.3,77.39],[-109.34,77.31],[-109.75,77.26],[-110.23,77.01],[-110.63,77.05],[-110.74,77.09],[-111.2,77.08],[-111.33,76.99],[-111.43,77.03],[-111.45,77.14],[-111.42,77.15],[-110.71,77.19],[-110.51,77.16],[-110.47,77.21],[-110.53,77.35],[-110.58,77.38],[-110.94,77.28],[-111.09,77.29],[-111.32,77.24],[-111.45,77.26],[-111.52,77.21],[-111.88,77.12],[-112.05,77.12],[-112.51,77.21],[-112.53,77.26],[-112.99,77.29],[-113.14,77.34],[-113.3,77.33],[-113.37,77.31],[-113.37,77.27],[-113.34,77.24],[-112.96,77.21],[-112.7,77.13],[-112.8,76.96],[-113.02,76.93],[-113.05,76.9],[-112.96,76.78],[-113.04,76.72],[-113.03,76.69],[-112.98,76.65],[-112.87,76.65],[-112.87,76.61],[-112.97,76.53],[-113.54,76.52],[-113.59,76.45],[-113.73,76.44],[-113.73,76.37],[-113.69,76.34],[-113.63,76.34],[-113.59,76.37],[-113.59,76.43],[-113.55,76.45],[-113.02,76.39],[-112.53,76.28],[-112.29,76.45],[-112.17,76.42],[-112.03,76.47],[-111.97,76.45],[-111.98,76.3],[-111.91,76.18],[-111.78,76.16],[-111.31,76.23],[-111.19,76.13],[-111.05,76.08],[-111.07,75.94],[-110.84,75.91],[-110.61,76.06],[-110.49,76.06],[-110.49,76.11],[-110.38,76.12],[-110.39,76.16],[-110.55,76.13],[-110.68,76.18],[-110.8,76.17],[-110.83,76.2],[-110.78,76.23],[-110.76,76.29],[-110.87,76.37],[-111.3,76.43],[-111.39,76.47],[-111.74,76.49],[-111.79,76.57],[-111.83,76.57],[-111.86,76.64],[-111.95,76.66],[-111.99,76.73],[-111.93,76.78],[-111.79,76.81],[-111.63,76.8],[-111.52,76.73],[-111.3,76.7],[-111.28,76.67],[-111.31,76.55],[-111.26,76.54],[-110.97,76.71],[-110.83,76.76],[-110.75,76.72],[-110.71,76.73],[-110.58,76.91],[-110.5,76.95],[-110.41,76.94],[-110.23,76.81],[-109.99,76.78],[-109.72,76.83],[-109.72,76.96],[-109.68,77.0],[-108.91,77.0],[-108.72,76.94],[-108.61,77.01],[-108.46,77.05],[-108.19,77.0],[-108.11,76.88],[-107.99,76.81],[-107.37,76.79],[-107.31,76.82],[-107.4,76.92],[-107.38,76.96],[-107.29,76.99],[-107.33,77.06],[-107.73,77.09],[-107.8,77.24],[-108.15,77.28],[-108.2,77.31],[-108.2,77.36],[-108.12,77.39],[-107.84,77.41],[-107.39,77.31],[-107.05,77.3],[-106.99,77.24],[-107.01,77.15],[-106.89,77.15],[-106.79,77.26],[-106.59,77.3],[-106.56,77.35],[-106.6,77.39],[-106.81,77.42],[-106.84,77.45],[-106.82,77.48],[-106.74,77.49],[-106.58,77.43],[-106.41,77.48],[-106.29,77.45],[-106.2,77.55],[-106.26,77.58],[-106.77,77.62],[-106.79,77.71],[-106.63,77.81],[-106.6,77.86],[-106.63,77.89],[-106.91,77.89],[-107.11,77.81],[-107.22,77.8],[-107.39,77.83],[-107.42,77.86],[-107.4,77.89],[-107.25,77.93],[-107.2,78.01],[-107.07,78.04],[-106.26,77.97],[-106.24,78.0],[-106.34,78.05],[-106.67,78.09],[-106.77,78.14],[-106.77,78.17],[-106.71,78.21],[-106.43,78.2],[-106.41,78.24],[-106.44,78.32],[-106.41,78.34],[-106.32,78.34],[-106.28,78.31],[-106.29,78.27],[-105.98,78.13],[-105.4,78.19],[-105.32,78.25],[-105.33,78.45]],[[-108.07,78.34],[-107.98,78.3],[-107.99,78.28],[-108.4,78.15],[-108.5,78.07],[-108.57,78.08],[-108.62,78.13],[-108.75,78.12],[-108.79,78.15],[-108.74,78.21],[-108.45,78.24],[-108.4,78.34],[-108.07,78.34]],[[-111.15,76.99],[-110.94,76.98],[-110.9,76.92],[-111.04,76.91],[-111.16,76.95],[-111.15,76.99]],[[-112.33,76.97],[-112.24,76.95],[-112.22,76.88],[-112.45,76.85],[-112.55,76.88],[-112.51,76.95],[-112.33,76.97]]],[[[-92.81,77.44],[-92.98,77.42],[-93.07,77.36],[-92.95,77.31],[-92.75,77.3],[-92.72,77.27],[-92.76,77.19],[-92.74,77.1],[-92.38,77.0],[-92.25,77.0],[-92.23,77.05],[-92.42,77.13],[-92.41,77.19],[-91.86,77.14],[-91.73,77.19],[-91.7,77.24],[-91.75,77.29],[-91.75,77.42],[-91.84,77.5],[-91.89,77.6],[-91.94,77.62],[-92.36,77.58],[-92.81,77.44]]],[[[-97.61,77.4],[-97.67,77.5],[-97.83,77.47],[-97.94,77.38],[-98.0,77.39],[-98.03,77.44],[-98.08,77.43],[-98.13,77.33],[-98.23,77.29],[-98.18,77.17],[-98.25,77.14],[-98.23,77.0],[-98.31,76.98],[-98.45,77.01],[-98.48,76.95],[-98.37,76.9],[-98.12,76.87],[-97.84,76.92],[-97.83,76.99],[-98.0,77.0],[-98.1,77.09],[-98.12,77.15],[-98.1,77.2],[-97.96,77.09],[-97.88,77.11],[-97.7,77.26],[-97.6,77.26],[-97.43,77.19],[-97.24,77.21],[-97.08,77.16],[-96.98,77.17],[-96.93,77.22],[-96.94,77.26],[-97.08,77.27],[-97.19,77.32],[-97.51,77.32],[-97.61,77.4]]],[[[-105.65,76.5],[-105.67,76.56],[-105.76,76.57],[-105.8,76.55],[-105.77,76.48],[-105.81,76.45],[-105.98,76.49],[-106.13,76.46],[-106.22,76.4],[-106.24,76.3],[-106.17,76.25],[-105.67,76.11],[-105.19,76.14],[-105.14,76.24],[-105.11,76.16],[-104.95,76.18],[-104.85,76.12],[-104.83,76.16],[-104.82,76.22],[-104.9,76.3],[-105.06,76.35],[-105.33,76.32],[-105.5,76.35],[-105.55,76.4],[-105.69,76.42],[-105.65,76.5]]],[[[-103.9,72.83],[-104.02,72.89],[-104.03,72.92],[-103.97,72.96],[-103.76,72.96],[-103.72,73.01],[-103.75,73.04],[-104.26,73.06],[-104.39,72.99],[-104.33,72.92],[-104.36,72.86],[-104.42,72.82],[-104.56,72.83],[-104.57,72.75],[-104.46,72.67],[-103.75,72.64],[-103.71,72.58],[-103.69,72.34],[-103.77,72.29],[-103.93,72.27],[-103.95,72.24],[-103.92,72.19],[-103.55,72.17],[-103.45,72.28],[-102.98,72.34],[-102.93,72.37],[-102.91,72.41],[-103.1,72.51],[-103.15,72.56],[-103.12,72.65],[-103.17,72.73],[-103.05,72.82],[-103.06,72.87],[-103.19,72.97],[-103.6,72.97],[-103.61,72.93],[-103.55,72.87],[-103.45,72.84],[-103.46,72.8],[-103.9,72.83]]],[[[-173.0,56.96],[-172.79,57.13],[-172.83,57.32],[-172.88,57.39],[-173.06,57.35],[-173.25,57.13],[-173.25,57.1],[-173.14,57.06],[-173.05,56.96],[-173.0,56.96]]],[[[-158.47,55.28],[-158.75,55.27],[-158.84,55.24],[-158.85,55.18],[-158.73,55.04],[-158.61,55.04],[-158.47,54.98],[-158.42,55.0],[-158.38,55.09],[-158.4,55.2],[-158.47,55.28]]],[[[-135.02,58.67],[-135.17,58.82],[-135.23,58.97],[-135.27,59.0],[-135.28,58.87],[-135.21,58.79],[-135.21,58.74],[-135.09,58.57],[-135.12,58.53],[-135.1,58.5],[-135.07,58.49],[-135.02,58.67]]],[[[-154.13,57.94],[-153.83,58.25],[-153.81,58.32],[-153.83,58.37],[-153.92,58.35],[-154.33,58.04],[-154.6,57.99],[-154.65,57.94],[-154.73,57.94],[-155.07,57.82],[-155.67,57.47],[-155.85,57.32],[-155.96,57.28],[-156.08,57.0],[-156.11,56.81],[-156.22,56.64],[-156.31,56.57],[-156.46,56.6],[-156.51,56.58],[-156.52,56.38],[-156.47,56.24],[-156.58,56.08],[-156.55,56.02],[-156.37,55.97],[-156.37,55.9],[-156.43,55.88],[-156.64,55.93],[-156.96,55.85],[-157.0,55.78],[-156.95,55.76],[-156.79,55.78],[-156.67,55.59],[-156.55,55.59],[-156.45,55.49],[-156.13,55.45],[-156.14,55.57],[-156.07,55.61],[-156.03,55.68],[-156.28,56.07],[-156.26,56.1],[-155.99,56.17],[-155.96,56.22],[-155.98,56.32],[-156.18,56.34],[-156.15,56.43],[-156.02,56.45],[-155.97,56.5],[-155.87,56.48],[-155.63,56.65],[-155.4,56.69],[-155.01,57.13],[-154.99,57.32],[-154.89,57.47],[-154.31,57.77],[-154.19,57.8],[-154.13,57.94]]],[[[-133.57,57.46],[-133.56,57.53],[-133.7,57.61],[-133.71,57.77],[-133.92,57.96],[-134.0,57.98],[-133.95,57.89],[-133.86,57.81],[-133.84,57.68],[-133.61,57.45],[-133.57,57.46]]],[[[-131.11,55.05],[-131.18,55.04],[-131.13,54.99],[-131.12,54.89],[-131.29,54.77],[-131.27,54.68],[-131.13,54.7],[-131.14,54.79],[-131.06,54.97],[-131.11,55.05]]],[[[-124.14,49.43],[-124.14,49.35],[-123.93,49.25],[-123.65,49.19],[-123.55,49.05],[-123.46,49.03],[-123.39,49.05],[-123.37,49.3],[-123.52,49.28],[-123.59,49.33],[-123.69,49.3],[-124.03,49.47],[-124.14,49.43]]],[[[-124.42,48.44],[-124.5,48.5],[-124.72,48.52],[-124.87,48.49],[-125.06,48.37],[-125.03,48.27],[-125.11,48.13],[-125.04,48.11],[-124.99,48.15],[-124.94,48.35],[-124.72,48.44],[-124.45,48.41],[-124.42,48.44]]],[[[-90.0,73.22],[-90.0,73.81],[-90.07,73.78],[-90.31,73.76],[-90.53,73.66],[-90.81,73.39],[-90.72,73.34],[-90.57,73.18],[-90.59,73.06],[-90.57,73.03],[-90.53,73.03],[-90.6,72.97],[-90.75,72.94],[-91.1,72.99],[-91.27,73.09],[-91.3,73.07],[-91.36,72.97],[-91.4,72.99],[-91.6,72.89],[-91.61,72.74],[-91.75,72.77],[-91.84,72.73],[-91.98,72.73],[-92.03,72.65],[-92.08,72.64],[-92.08,72.53],[-92.14,72.47],[-92.2,72.34],[-92.36,72.15],[-92.36,72.08],[-92.25,71.93],[-92.35,71.84],[-92.39,71.67],[-92.23,71.55],[-92.33,71.42],[-92.32,71.36],[-92.17,71.35],[-92.13,71.31],[-92.2,71.15],[-92.13,71.13],[-91.75,71.19],[-91.63,71.26],[-91.48,71.26],[-91.4,71.31],[-91.22,71.25],[-91.05,71.31],[-90.99,71.53],[-90.92,71.57],[-90.79,71.57],[-90.81,71.71],[-90.61,71.97],[-90.69,72.25],[-90.64,72.44],[-90.77,72.47],[-90.76,72.51],[-90.71,72.55],[-90.62,72.56],[-90.47,72.41],[-90.4,72.46],[-90.4,72.51],[-90.33,72.57],[-90.16,72.61],[-90.2,72.66],[-90.35,72.69],[-90.32,72.77],[-90.21,72.78],[-90.0,72.73],[-90.0,73.06],[-90.07,73.09],[-90.0,73.22]]],[[[-90.0,74.52],[-90.47,74.53],[-90.71,74.57],[-90.77,74.53],[-90.64,74.43],[-90.66,74.39],[-91.1,74.33],[-91.22,74.38],[-91.77,74.41],[-91.99,74.49],[-92.4,74.55],[-92.59,74.51],[-92.72,74.37],[-92.38,74.33],[-91.53,74.15],[-90.0,74.14],[-90.0,74.52]]],[[[-65.42,81.61],[-65.53,81.63],[-65.85,81.6],[-65.95,81.62],[-66.58,81.52],[-66.63,81.48],[-65.66,81.51],[-65.54,81.56],[-65.44,81.56],[-65.42,81.61]]],[[[-79.08,80.79],[-79.05,80.82],[-79.07,80.86],[-79.2,80.88],[-79.31,80.86],[-79.31,80.84],[-79.48,80.79],[-79.43,80.74],[-79.08,80.79]]],[[[-12.86,80.68],[-13.35,80.68],[-13.37,80.63],[-13.21,80.56],[-13.25,80.51],[-13.63,80.57],[-13.84,80.53],[-14.78,80.5],[-15.04,80.43],[-15.32,80.29],[-15.82,80.22],[-16.0,80.17],[-16.74,80.13],[-16.79,80.07],[-15.79,80.02],[-12.35,80.39],[-12.31,80.43],[-12.36,80.51],[-12.68,80.58],[-12.86,80.68]]],[[[-9.87,80.59],[-9.86,80.65],[-9.93,80.69],[-10.02,80.71],[-10.07,80.67],[-10.03,80.6],[-9.87,80.59]]],[[[-11.74,80.33],[-11.67,80.36],[-11.68,80.41],[-12.0,80.42],[-12.07,80.39],[-12.02,80.36],[-11.74,80.33]]],[[[-9.9,80.18],[-9.75,80.24],[-9.74,80.29],[-9.82,80.34],[-9.95,80.34],[-10.29,80.28],[-10.36,80.24],[-10.32,80.19],[-10.14,80.17],[-9.9,80.18]]],[[[-81.53,79.69],[-81.56,79.73],[-81.65,79.75],[-81.65,79.79],[-81.61,79.81],[-81.63,79.84],[-81.73,79.94],[-81.85,79.95],[-82.05,79.88],[-82.04,79.83],[-81.94,79.74],[-81.66,79.72],[-81.65,79.67],[-81.59,79.64],[-81.48,79.69],[-81.53,79.69]]],[[[-16.61,79.63],[-16.62,79.69],[-16.67,79.71],[-17.32,79.69],[-18.18,79.55],[-18.23,79.49],[-17.92,79.33],[-17.73,79.3],[-17.21,79.36],[-17.15,79.42],[-17.03,79.45],[-17.02,79.5],[-17.06,79.58],[-17.03,79.61],[-16.61,79.63]]],[[[-67.87,79.52],[-67.87,79.65],[-67.95,79.69],[-68.05,79.58],[-68.03,79.52],[-67.96,79.47],[-67.78,79.41],[-67.65,79.45],[-67.65,79.52],[-67.69,79.55],[-67.87,79.52]]],[[[-84.64,79.28],[-84.61,79.35],[-84.67,79.42],[-84.74,79.42],[-84.74,79.4],[-84.85,79.36],[-84.77,79.29],[-84.64,79.28]]],[[[-87.96,78.67],[-87.93,78.7],[-88.03,78.81],[-88.01,78.93],[-88.16,78.89],[-88.18,78.84],[-88.14,78.75],[-88.08,78.69],[-87.96,78.67]]],[[[-87.58,78.23],[-87.57,78.34],[-87.62,78.45],[-87.59,78.5],[-87.28,78.56],[-87.18,78.64],[-87.01,78.68],[-86.97,78.73],[-86.99,78.82],[-87.25,78.79],[-87.35,78.7],[-87.61,78.62],[-87.8,78.65],[-87.86,78.56],[-87.99,78.47],[-88.05,78.32],[-88.13,78.31],[-88.29,78.22],[-88.99,78.13],[-89.11,78.08],[-89.32,78.13],[-89.43,78.1],[-89.67,78.13],[-89.75,78.17],[-90.0,78.15],[-90.0,77.93],[-89.92,77.89],[-89.88,77.78],[-89.76,77.74],[-89.56,77.75],[-89.31,77.82],[-89.02,77.84],[-88.68,77.92],[-87.01,77.96],[-86.97,77.98],[-86.99,78.03],[-87.09,78.08],[-87.68,78.03],[-87.79,78.08],[-87.69,78.17],[-87.58,78.23]]],[[[-17.2,78.77],[-17.26,78.8],[-17.36,78.8],[-17.54,78.76],[-17.57,78.73],[-17.53,78.68],[-17.35,78.68],[-17.23,78.72],[-17.2,78.77]]],[[[-90.0,78.51],[-89.95,78.46],[-89.8,78.45],[-89.86,78.52],[-89.98,78.58],[-90.0,78.51]]],[[[-85.23,78.06],[-85.17,78.1],[-85.21,78.16],[-85.34,78.13],[-85.4,78.08],[-85.23,78.06]]],[[[-77.91,77.9],[-77.9,77.92],[-78.14,77.96],[-78.28,77.92],[-78.0,77.85],[-77.91,77.9]]],[[[-71.47,77.71],[-71.73,77.77],[-72.35,77.79],[-72.56,77.75],[-72.65,77.7],[-72.69,77.65],[-72.43,77.55],[-71.83,77.5],[-71.32,77.6],[-71.35,77.66],[-71.47,77.71]],[[-72.34,77.62],[-72.45,77.65],[-72.45,77.67],[-72.33,77.7],[-72.21,77.67],[-72.23,77.63],[-72.34,77.62]]],[[[-17.32,77.59],[-17.6,77.59],[-17.61,77.55],[-17.28,77.47],[-17.17,77.49],[-17.15,77.53],[-17.32,77.59]]],[[[-87.97,77.25],[-87.91,77.29],[-87.91,77.32],[-87.97,77.37],[-88.17,77.39],[-88.24,77.36],[-88.18,77.28],[-87.97,77.25]]],[[[-77.92,77.12],[-77.84,77.19],[-77.85,77.26],[-78.0,77.27],[-78.17,77.21],[-78.06,77.14],[-77.92,77.12]]],[[[-19.19,76.71],[-19.24,76.75],[-19.39,76.76],[-19.56,76.62],[-19.65,76.59],[-19.94,76.64],[-19.99,76.71],[-20.04,76.73],[-20.08,76.68],[-19.86,76.5],[-19.43,76.44],[-19.37,76.5],[-19.39,76.65],[-19.33,76.67],[-19.21,76.66],[-19.19,76.71]]],[[[-19.11,75.94],[-19.07,75.99],[-19.13,76.05],[-19.46,76.04],[-19.5,76.01],[-19.39,75.95],[-19.11,75.94]]],[[[-78.33,75.94],[-78.28,75.99],[-78.36,76.03],[-78.81,76.04],[-78.84,76.0],[-78.79,75.97],[-78.33,75.94]]],[[[-19.3,74.79],[-19.22,74.81],[-19.23,74.87],[-19.55,74.84],[-19.48,74.78],[-19.3,74.79]]],[[[-19.7,74.17],[-19.84,74.21],[-20.01,74.14],[-20.41,74.12],[-20.48,74.03],[-20.45,73.99],[-19.98,73.95],[-19.27,74.07],[-19.14,74.06],[-19.1,74.09],[-19.11,74.15],[-19.25,74.19],[-19.7,74.17]]],[[[-56.87,73.49],[-57.03,73.49],[-57.09,73.43],[-56.83,73.35],[-56.68,73.35],[-56.62,73.38],[-56.62,73.41],[-56.87,73.49]]],[[[-80.42,73.16],[-80.39,72.99],[-80.34,72.96],[-80.3,72.97],[-80.26,73.05],[-80.27,73.16],[-80.46,73.22],[-80.47,73.19],[-80.42,73.16]]],[[[-77.33,72.83],[-77.43,72.85],[-78.17,72.87],[-78.64,72.82],[-78.95,72.75],[-79.83,72.68],[-79.89,72.63],[-79.61,72.55],[-79.41,72.56],[-79.24,72.51],[-78.88,72.54],[-78.59,72.63],[-78.38,72.62],[-78.07,72.75],[-77.83,72.73],[-77.49,72.8],[-77.07,72.78],[-77.01,72.81],[-77.33,72.83]]],[[[-24.53,72.74],[-24.54,72.83],[-24.59,72.9],[-24.84,72.84],[-24.84,72.8],[-24.79,72.75],[-24.53,72.74]]],[[[-21.5,72.57],[-21.53,72.59],[-21.86,72.56],[-21.57,72.51],[-21.5,72.57]]],[[[-53.69,71.55],[-53.82,71.49],[-53.81,71.42],[-53.67,71.37],[-53.47,71.38],[-53.38,71.25],[-53.31,71.27],[-53.37,71.38],[-53.33,71.51],[-53.69,71.55]]],[[[-71.34,70.93],[-71.23,71.02],[-71.25,71.09],[-71.22,71.19],[-71.41,71.07],[-71.32,71.02],[-71.36,70.94],[-71.34,70.93]]],[[[-67.59,70.69],[-67.6,70.76],[-67.63,70.77],[-67.86,70.67],[-68.07,70.65],[-68.1,70.61],[-68.08,70.52],[-68.23,70.44],[-68.23,70.4],[-68.1,70.39],[-67.84,70.45],[-67.78,70.56],[-67.61,70.64],[-67.59,70.69]]],[[[-54.52,70.53],[-54.65,70.58],[-54.73,70.53],[-54.56,70.36],[-54.4,70.37],[-54.26,70.35],[-54.21,70.37],[-54.25,70.47],[-54.33,70.52],[-54.52,70.53]]],[[[-27.39,70.0],[-27.25,70.12],[-27.21,70.18],[-27.23,70.23],[-27.61,70.11],[-27.61,70.09],[-27.51,70.08],[-27.46,70.0],[-27.39,70.0]]],[[[-56.34,69.99],[-56.41,69.95],[-56.42,69.89],[-56.15,69.83],[-56.06,69.85],[-56.03,69.92],[-56.09,69.97],[-56.34,69.99]]],[[[-86.34,69.79],[-86.33,69.85],[-86.42,69.9],[-86.52,69.92],[-86.66,69.87],[-86.65,69.83],[-86.56,69.78],[-86.34,69.79]]],[[[-86.85,69.77],[-86.73,69.88],[-86.99,69.84],[-86.98,69.78],[-86.85,69.77]]],[[[-86.71,69.67],[-86.75,69.69],[-86.83,69.66],[-86.85,69.61],[-86.63,69.51],[-86.39,69.56],[-86.3,69.44],[-86.18,69.45],[-85.95,69.26],[-85.79,69.42],[-85.82,69.5],[-85.88,69.53],[-86.37,69.65],[-86.71,69.67]]],[[[-66.55,69.48],[-66.5,69.51],[-66.51,69.55],[-66.63,69.57],[-66.76,69.53],[-66.76,69.51],[-66.69,69.49],[-66.55,69.48]]],[[[-86.03,69.01],[-86.13,69.07],[-86.18,69.05],[-86.16,68.97],[-86.11,68.91],[-85.81,68.91],[-85.72,68.87],[-85.68,68.92],[-85.7,68.98],[-85.79,69.03],[-86.03,69.01]]],[[[-51.52,68.81],[-51.52,68.86],[-51.56,68.87],[-51.68,68.82],[-51.72,68.76],[-51.69,68.74],[-51.45,68.74],[-51.47,68.81],[-51.52,68.81]]],[[[-85.96,68.63],[-86.02,68.68],[-86.12,68.7],[-86.22,68.69],[-86.28,68.64],[-86.07,68.58],[-85.97,68.59],[-85.96,68.63]]],[[[-64.87,68.3],[-65.02,68.35],[-65.32,68.33],[-65.42,68.29],[-65.53,68.29],[-65.56,68.24],[-65.51,68.21],[-65.39,68.21],[-65.27,68.14],[-65.11,68.21],[-64.79,68.18],[-64.87,68.3]]],[[[-61.68,67.33],[-61.79,67.42],[-62.37,67.4],[-62.44,67.33],[-62.53,67.32],[-62.54,67.28],[-62.11,67.16],[-61.89,67.28],[-61.71,67.25],[-61.67,67.28],[-61.68,67.33]]],[[[-53.85,66.74],[-53.8,66.79],[-53.83,66.83],[-54.01,66.81],[-54.33,66.68],[-54.43,66.56],[-54.81,66.53],[-54.97,66.42],[-55.15,66.38],[-55.17,66.32],[-55.1,66.3],[-54.79,66.37],[-54.63,66.36],[-54.43,66.49],[-54.09,66.53],[-54.04,66.57],[-54.06,66.65],[-54.04,66.7],[-53.85,66.74]]],[[[-13.7,66.26],[-13.55,66.31],[-13.53,66.41],[-13.56,66.46],[-13.71,66.46],[-13.89,66.37],[-14.45,66.25],[-14.53,66.19],[-14.5,66.14],[-14.32,66.2],[-14.11,66.2],[-13.96,66.15],[-13.7,66.26]]],[[[-55.32,66.12],[-55.27,66.16],[-55.28,66.18],[-55.54,66.23],[-55.69,66.19],[-55.77,66.1],[-55.84,66.15],[-55.94,66.15],[-55.91,66.08],[-55.85,66.06],[-55.69,66.08],[-55.63,66.05],[-55.32,66.12]]],[[[-21.0,65.76],[-20.9,65.79],[-20.94,65.93],[-21.05,65.96],[-21.15,65.92],[-21.21,65.82],[-21.19,65.78],[-21.0,65.76]]],[[[-89.49,65.83],[-89.65,65.88],[-89.73,65.79],[-89.67,65.73],[-89.58,65.69],[-89.25,65.72],[-89.21,65.75],[-89.4,65.83],[-89.49,65.83]]],[[[-52.02,63.54],[-52.04,63.61],[-52.11,63.64],[-52.59,63.49],[-52.52,63.45],[-52.29,63.46],[-52.17,63.53],[-52.02,63.54]]],[[[-63.62,63.46],[-63.87,63.23],[-63.88,63.19],[-63.86,63.15],[-63.8,63.15],[-63.64,63.22],[-63.64,63.32],[-63.5,63.44],[-63.62,63.46]]],[[[-51.46,62.99],[-51.45,63.02],[-51.51,63.11],[-51.64,63.06],[-51.56,63.0],[-51.46,62.99]]],[[[-5.65,62.13],[-5.53,62.2],[-5.48,62.27],[-5.5,62.32],[-5.57,62.33],[-5.63,62.29],[-5.71,62.17],[-5.65,62.13]]],[[[-66.42,61.65],[-66.34,61.71],[-66.38,61.78],[-66.48,61.77],[-66.55,61.71],[-66.52,61.65],[-66.42,61.65]]],[[[-84.45,60.78],[-84.76,60.78],[-84.83,60.73],[-84.74,60.68],[-84.15,60.71],[-84.1,60.74],[-84.11,60.77],[-84.45,60.78]]],[[[-87.33,60.56],[-87.31,60.63],[-87.33,60.67],[-87.47,60.68],[-87.49,60.65],[-87.45,60.59],[-87.33,60.56]]],[[[-86.67,60.38],[-86.59,60.46],[-87.84,60.47],[-88.01,60.41],[-88.04,60.37],[-88.01,60.34],[-87.48,60.37],[-87.39,60.34],[-87.38,60.29],[-87.42,60.26],[-87.67,60.2],[-87.69,60.13],[-87.79,60.07],[-87.75,60.03],[-87.48,60.01],[-87.42,59.97],[-87.42,59.92],[-87.52,59.89],[-87.64,59.91],[-87.75,59.89],[-87.91,59.74],[-87.98,59.6],[-87.86,59.48],[-87.76,59.46],[-87.64,59.47],[-87.33,59.6],[-87.02,59.57],[-86.97,59.53],[-86.94,59.42],[-86.69,59.41],[-86.67,59.38],[-86.7,59.28],[-86.63,59.22],[-86.54,59.23],[-86.44,59.36],[-86.36,59.34],[-86.32,59.38],[-86.32,59.57],[-86.25,59.62],[-86.21,59.7],[-86.29,59.91],[-86.44,59.95],[-86.66,59.94],[-86.85,59.89],[-86.97,59.93],[-87.25,59.96],[-87.28,59.98],[-87.27,60.03],[-87.19,60.06],[-86.95,60.01],[-86.39,60.03],[-86.2,60.01],[-86.09,60.08],[-86.08,60.13],[-86.11,60.14],[-86.7,60.2],[-86.8,60.25],[-86.95,60.22],[-87.09,60.27],[-87.21,60.27],[-87.26,60.32],[-86.95,60.37],[-86.8,60.32],[-86.67,60.38]]],[[[-65.8,60.06],[-65.87,60.13],[-65.85,60.34],[-65.92,60.37],[-66.06,60.34],[-66.37,60.15],[-66.36,60.08],[-66.24,59.97],[-66.28,59.85],[-66.43,59.78],[-66.62,59.77],[-66.79,59.69],[-67.07,59.66],[-67.15,59.61],[-67.15,59.57],[-67.12,59.55],[-66.97,59.57],[-66.85,59.54],[-66.81,59.49],[-66.8,59.39],[-66.69,59.31],[-66.33,59.47],[-66.14,59.45],[-65.99,59.65],[-65.84,59.64],[-65.8,59.67],[-65.8,59.77],[-65.68,59.84],[-65.66,59.97],[-65.63,59.98],[-65.61,59.91],[-65.55,59.88],[-65.42,59.95],[-65.35,60.15],[-65.38,60.2],[-65.44,60.2],[-65.57,60.09],[-65.8,60.06]]],[[[-67.66,59.57],[-67.55,59.62],[-67.59,59.71],[-67.72,59.72],[-67.84,59.67],[-67.81,59.59],[-67.66,59.57]]],[[[-67.08,59.46],[-67.43,59.57],[-67.58,59.51],[-67.6,59.45],[-67.51,59.38],[-67.36,59.41],[-67.13,59.38],[-67.09,59.4],[-67.08,59.46]]],[[[-61.13,58.71],[-61.05,58.74],[-61.05,58.81],[-61.12,58.82],[-61.27,58.75],[-61.13,58.71]]],[[[-61.89,58.33],[-61.89,58.38],[-61.96,58.43],[-62.05,58.46],[-62.11,58.42],[-62.01,58.35],[-61.89,58.33]]],[[[-13.73,53.11],[-13.73,53.15],[-13.89,53.23],[-13.98,53.19],[-13.96,53.14],[-13.73,53.11]]],[[[-65.42,49.9],[-65.38,49.97],[-65.44,50.04],[-65.54,50.07],[-65.66,50.05],[-65.5,49.91],[-65.42,49.9]]],[[[-62.47,49.75],[-62.45,49.79],[-62.48,49.81],[-62.61,49.86],[-62.76,49.87],[-62.85,49.83],[-62.85,49.79],[-62.75,49.75],[-62.47,49.75]]],[[[-9.16,49.32],[-9.14,49.38],[-9.17,49.43],[-9.26,49.46],[-9.31,49.45],[-9.33,49.41],[-9.3,49.35],[-9.23,49.31],[-9.16,49.32]]],[[[-9.57,49.11],[-9.58,49.24],[-9.64,49.32],[-9.68,49.28],[-9.67,49.17],[-9.63,49.12],[-9.57,49.11]]],[[[-8.6,49.23],[-8.56,49.27],[-8.58,49.32],[-8.68,49.3],[-8.75,49.23],[-8.87,49.23],[-8.92,49.13],[-8.83,49.11],[-8.71,49.21],[-8.6,49.23]]],[[[-69.08,48.4],[-69.01,48.46],[-69.03,48.52],[-69.23,48.44],[-69.36,48.35],[-69.38,48.29],[-69.28,48.28],[-69.08,48.4]]],[[[-51.42,48.17],[-51.5,48.23],[-51.55,48.17],[-51.64,48.18],[-51.67,48.14],[-51.62,48.05],[-51.57,48.03],[-51.47,48.08],[-51.38,48.08],[-51.42,48.17]]],[[[-5.26,47.32],[-5.19,47.37],[-5.18,47.56],[-5.32,47.53],[-5.43,47.42],[-5.41,47.34],[-5.26,47.32]]],[[[-55.46,47.28],[-55.37,47.46],[-55.49,47.42],[-55.68,47.29],[-55.65,47.26],[-55.46,47.28]]],[[[-55.99,47.08],[-55.88,47.14],[-55.88,47.21],[-56.09,47.17],[-56.06,47.08],[-55.99,47.08]]],[[[-54.88,46.35],[-54.81,46.4],[-54.79,46.59],[-54.67,46.78],[-54.59,46.83],[-54.57,47.0],[-54.51,47.09],[-54.54,47.14],[-54.6,47.14],[-54.74,47.05],[-55.0,46.81],[-55.02,46.64],[-54.99,46.45],[-54.93,46.36],[-54.88,46.35]]],[[[-58.58,45.87],[-58.69,45.92],[-58.89,45.86],[-59.02,45.77],[-59.06,45.68],[-58.86,45.64],[-58.77,45.73],[-58.62,45.75],[-58.49,45.81],[-58.48,45.85],[-58.58,45.87]]],[[[-62.42,44.31],[-62.34,44.35],[-62.11,44.4],[-62.06,44.47],[-62.32,44.43],[-62.47,44.32],[-62.42,44.31]]],[[[-63.23,43.44],[-62.99,43.59],[-62.89,43.61],[-62.78,43.71],[-62.75,43.88],[-62.71,43.97],[-62.71,44.29],[-62.79,44.26],[-63.02,44.07],[-63.07,43.99],[-63.04,43.88],[-63.07,43.8],[-63.31,43.6],[-63.33,43.52],[-63.3,43.47],[-63.23,43.44]]],[[[-67.48,43.94],[-67.46,44.09],[-67.33,44.22],[-67.35,44.27],[-67.44,44.23],[-67.52,44.13],[-67.63,44.09],[-67.84,43.85],[-67.87,43.78],[-67.94,43.73],[-67.99,43.61],[-68.03,43.59],[-68.06,43.47],[-68.18,43.32],[-68.16,43.24],[-67.99,43.23],[-67.9,43.19],[-67.62,43.2],[-67.56,43.25],[-67.5,43.41],[-67.4,43.44],[-67.3,43.43],[-67.27,43.37],[-67.33,43.29],[-67.31,43.21],[-67.21,43.2],[-67.11,43.24],[-67.07,43.42],[-67.0,43.45],[-67.01,43.53],[-67.07,43.58],[-67.26,43.56],[-67.37,43.77],[-67.32,43.95],[-67.48,43.94]]],[[[-63.52,43.71],[-63.43,43.97],[-63.47,44.0],[-63.58,43.99],[-63.93,43.83],[-64.08,43.82],[-64.19,43.61],[-63.98,43.64],[-63.71,43.37],[-63.68,43.38],[-63.65,43.51],[-63.52,43.71]]],[[[-68.41,43.14],[-68.46,43.18],[-68.47,43.06],[-68.2,43.07],[-68.23,43.16],[-68.41,43.14]]],[[[-69.42,42.25],[-69.24,42.22],[-69.07,42.29],[-68.84,42.3],[-68.77,42.34],[-68.74,42.45],[-68.86,42.57],[-68.92,42.58],[-69.07,42.53],[-69.21,42.65],[-69.64,42.8],[-69.86,43.03],[-69.93,43.04],[-69.97,42.99],[-69.95,42.89],[-69.98,42.82],[-69.88,42.58],[-69.92,42.31],[-69.59,41.91],[-69.47,41.89],[-69.33,41.93],[-69.16,41.86],[-69.11,41.93],[-69.13,42.0],[-69.31,42.13],[-69.46,42.13],[-69.47,42.18],[-69.42,42.25]]],[[[-68.3,42.29],[-68.39,42.56],[-68.37,42.68],[-68.48,42.69],[-68.62,42.63],[-68.62,42.55],[-68.44,42.34],[-68.35,42.27],[-68.3,42.29]]],[[[-72.02,21.83],[-72.07,21.84],[-72.15,21.75],[-72.34,21.73],[-72.33,21.64],[-72.25,21.56],[-72.09,21.51],[-72.04,21.4],[-71.9,21.3],[-71.73,21.3],[-71.63,21.49],[-71.59,21.51],[-71.56,21.6],[-71.85,21.7],[-72.02,21.83]]],[[[-64.36,10.83],[-64.34,10.88],[-64.38,10.93],[-64.58,11.02],[-64.83,10.96],[-64.99,10.83],[-65.16,10.88],[-65.24,10.86],[-65.39,10.88],[-65.56,10.95],[-65.95,10.85],[-65.99,10.64],[-65.75,10.47],[-65.62,10.43],[-65.24,10.5],[-64.95,10.42],[-64.87,10.45],[-64.72,10.41],[-64.53,10.45],[-64.41,10.42],[-64.34,10.43],[-64.3,10.49],[-64.41,10.78],[-64.4,10.82],[-64.36,10.83]]],[[[-78.54,8.46],[-78.65,8.58],[-78.76,8.57],[-78.83,8.44],[-78.8,8.33],[-78.82,8.28],[-78.72,8.28],[-78.55,8.17],[-78.38,8.18],[-78.39,8.23],[-78.51,8.35],[-78.54,8.46]]],[[[-81.47,7.37],[-81.43,7.43],[-81.45,7.52],[-81.53,7.57],[-81.59,7.51],[-81.59,7.45],[-81.54,7.38],[-81.47,7.37]]],[[[-12.04,7.07],[-12.02,7.15],[-12.08,7.22],[-12.23,7.28],[-12.31,7.25],[-12.18,7.12],[-12.04,7.07]]],[[[-45.16,0.06],[-45.06,0.17],[-45.07,0.23],[-45.12,0.26],[-45.25,0.23],[-45.33,0.16],[-45.33,0.13],[-45.16,0.06]]],[[[-45.43,59.78],[-45.5,59.68],[-45.48,59.65],[-45.24,59.64],[-45.28,59.79],[-45.35,59.81],[-45.43,59.78]]],[[[-88.55,77.35],[-88.46,77.49],[-88.48,77.56],[-89.31,77.7],[-89.42,77.69],[-89.51,77.62],[-89.5,77.58],[-89.3,77.54],[-89.23,77.5],[-89.24,77.43],[-89.39,77.37],[-89.27,77.34],[-89.3,77.19],[-89.21,77.15],[-89.01,77.16],[-88.85,77.28],[-88.67,77.21],[-88.38,77.24],[-88.35,77.29],[-88.48,77.29],[-88.55,77.35]]],[[[-78.59,77.0],[-78.63,77.07],[-78.77,77.1],[-78.99,77.08],[-79.22,76.99],[-79.21,76.96],[-78.9,76.96],[-78.84,76.94],[-78.86,76.89],[-78.79,76.86],[-78.79,76.9],[-78.61,76.95],[-78.59,77.0]]],[[[-81.04,65.41],[-80.99,65.41],[-80.94,65.46],[-80.87,65.46],[-80.88,65.52],[-81.3,65.52],[-81.38,65.67],[-81.57,65.65],[-81.74,65.72],[-81.88,65.69],[-81.94,65.59],[-82.1,65.53],[-82.27,65.6],[-82.53,65.65],[-82.55,65.81],[-82.72,65.84],[-82.87,65.93],[-83.06,65.96],[-83.25,66.03],[-83.31,65.99],[-83.31,65.94],[-83.0,65.81],[-82.97,65.77],[-82.99,65.65],[-82.78,65.51],[-82.75,65.42],[-82.97,65.34],[-83.47,65.48],[-83.54,65.45],[-83.68,65.53],[-83.88,65.56],[-84.02,65.66],[-84.29,65.74],[-84.33,65.73],[-84.47,65.56],[-84.43,65.49],[-84.14,65.41],[-83.95,65.29],[-83.63,65.26],[-83.35,65.17],[-83.11,65.02],[-82.77,64.97],[-82.63,64.88],[-82.34,64.85],[-82.15,64.73],[-82.03,64.73],[-81.76,64.59],[-81.5,64.4],[-81.21,64.37],[-81.04,64.28],[-80.87,64.28],[-80.51,64.09],[-80.08,64.04],[-80.07,63.92],[-80.04,63.87],[-79.89,63.82],[-79.72,63.69],[-79.37,63.69],[-79.24,63.63],[-79.27,63.56],[-79.34,63.5],[-79.51,63.51],[-79.6,63.46],[-79.75,63.46],[-79.87,63.32],[-80.08,63.29],[-80.58,63.13],[-82.11,63.15],[-82.22,63.12],[-82.18,63.06],[-81.87,63.04],[-81.4,62.84],[-81.28,62.74],[-81.09,62.72],[-81.02,62.67],[-80.9,62.67],[-80.78,62.6],[-79.79,62.53],[-79.69,62.57],[-78.67,62.59],[-78.23,62.66],[-76.66,62.59],[-76.46,62.5],[-75.66,62.42],[-75.57,62.44],[-75.4,62.59],[-75.28,62.61],[-75.19,62.58],[-75.08,62.44],[-74.99,62.41],[-74.99,62.48],[-75.11,62.62],[-75.5,62.84],[-75.69,62.84],[-75.93,62.98],[-75.89,63.06],[-75.71,63.15],[-75.59,63.13],[-75.43,63.17],[-74.66,63.08],[-74.44,62.98],[-74.06,62.93],[-73.89,62.86],[-73.65,62.84],[-73.51,62.74],[-73.5,62.69],[-73.54,62.64],[-73.51,62.6],[-73.31,62.57],[-73.12,62.43],[-72.74,62.38],[-72.5,62.26],[-71.92,62.07],[-71.71,62.05],[-71.66,62.0],[-71.56,62.0],[-71.15,61.83],[-70.9,61.9],[-70.84,61.85],[-70.72,61.83],[-70.62,61.72],[-70.58,61.71],[-70.39,61.86],[-70.44,61.92],[-70.51,61.88],[-70.51,61.83],[-70.58,61.83],[-70.67,61.93],[-70.81,61.94],[-70.89,62.09],[-71.03,62.19],[-71.01,62.24],[-70.87,62.26],[-70.86,62.3],[-70.91,62.41],[-70.85,62.46],[-70.87,62.5],[-71.23,62.65],[-71.3,62.79],[-71.39,62.84],[-71.44,62.96],[-71.8,63.09],[-72.07,63.24],[-72.23,63.39],[-72.5,63.41],[-72.64,63.54],[-72.86,63.56],[-73.0,63.63],[-73.15,63.63],[-73.24,63.77],[-73.41,63.73],[-73.51,63.91],[-73.64,63.81],[-73.76,63.79],[-74.06,63.82],[-74.18,63.89],[-74.35,63.82],[-74.42,63.87],[-74.81,63.98],[-74.97,63.97],[-75.23,64.12],[-75.32,64.14],[-75.36,64.08],[-75.34,64.03],[-74.95,63.89],[-75.0,63.78],[-75.09,63.75],[-75.29,63.87],[-75.34,63.99],[-75.4,64.01],[-75.59,63.89],[-75.93,63.92],[-76.07,63.99],[-76.27,63.94],[-76.45,64.0],[-76.6,64.09],[-76.94,64.16],[-77.37,64.16],[-77.55,64.21],[-77.59,64.15],[-77.35,63.99],[-77.32,63.89],[-77.59,63.79],[-77.61,63.75],[-77.03,63.75],[-76.91,63.7],[-76.7,63.68],[-76.65,63.63],[-76.55,63.61],[-76.36,63.42],[-76.13,63.43],[-75.91,63.2],[-75.99,63.15],[-76.38,63.13],[-76.79,63.22],[-77.01,63.22],[-77.24,63.35],[-77.3,63.32],[-77.23,63.2],[-77.24,63.06],[-77.27,63.01],[-77.37,62.96],[-77.97,62.93],[-78.11,62.98],[-78.21,62.96],[-78.45,63.01],[-78.67,63.01],[-78.79,63.05],[-78.9,63.04],[-78.9,63.09],[-78.79,63.19],[-79.0,63.25],[-79.05,63.37],[-79.17,63.41],[-79.12,63.52],[-78.98,63.59],[-78.85,63.61],[-78.69,63.53],[-78.5,63.61],[-78.06,63.6],[-77.73,63.52],[-77.66,63.53],[-77.64,63.57],[-77.71,63.7],[-77.66,63.73],[-77.65,63.79],[-77.85,63.75],[-77.97,63.82],[-78.05,63.8],[-78.48,63.84],[-78.57,63.92],[-78.54,64.0],[-78.35,64.04],[-78.31,64.17],[-78.23,64.19],[-77.9,64.13],[-77.86,64.16],[-77.86,64.23],[-78.19,64.3],[-78.31,64.37],[-78.53,64.39],[-78.58,64.44],[-78.6,64.52],[-78.74,64.52],[-78.88,64.57],[-79.04,64.45],[-79.1,64.53],[-79.05,64.69],[-79.09,64.75],[-79.43,64.85],[-79.51,64.95],[-79.78,65.01],[-80.13,65.0],[-80.23,65.09],[-80.35,65.09],[-80.42,65.19],[-80.61,65.24],[-80.75,65.33],[-80.98,65.32],[-80.87,65.22],[-80.88,65.16],[-80.99,65.19],[-81.02,65.24],[-81.12,65.22],[-81.13,65.29],[-81.04,65.41]],[[-81.49,65.46],[-81.53,65.42],[-81.64,65.43],[-81.82,65.49],[-81.86,65.55],[-81.78,65.58],[-81.64,65.54],[-81.49,65.46]],[[-80.68,65.15],[-80.63,65.14],[-80.64,65.05],[-80.71,65.03],[-80.78,65.05],[-80.8,65.13],[-80.68,65.15]],[[-80.47,64.89],[-80.52,64.94],[-80.5,64.98],[-80.4,65.01],[-80.32,64.97],[-80.33,64.91],[-80.47,64.89]],[[-78.75,63.73],[-78.71,63.77],[-78.64,63.79],[-78.62,63.74],[-78.65,63.65],[-78.7,63.64],[-78.75,63.73]],[[-72.76,63.37],[-72.71,63.34],[-72.73,63.28],[-72.88,63.27],[-72.94,63.31],[-72.91,63.35],[-72.76,63.37]],[[-75.68,63.61],[-75.74,63.61],[-75.76,63.73],[-75.87,63.74],[-76.05,63.67],[-76.1,63.76],[-76.06,63.79],[-75.95,63.77],[-75.74,63.83],[-75.7,63.82],[-75.7,63.74],[-75.66,63.71],[-75.53,63.73],[-75.53,63.67],[-75.68,63.61]],[[-74.8,63.77],[-74.59,63.82],[-74.49,63.75],[-74.49,63.7],[-74.58,63.64],[-74.7,63.65],[-74.79,63.72],[-74.8,63.77]]],[[[-81.4,61.97],[-81.45,62.09],[-81.27,62.29],[-81.27,62.38],[-81.41,62.36],[-81.96,62.16],[-82.12,62.14],[-82.15,62.02],[-82.22,61.96],[-82.14,61.91],[-82.19,61.88],[-82.49,61.94],[-82.8,61.8],[-83.06,61.75],[-83.22,61.67],[-83.44,61.62],[-83.84,61.61],[-83.89,61.57],[-83.93,61.47],[-84.25,61.43],[-84.31,61.45],[-84.28,61.57],[-84.6,61.64],[-84.74,61.59],[-84.86,61.59],[-84.87,61.54],[-84.8,61.44],[-84.69,61.43],[-84.62,61.33],[-84.52,61.28],[-84.57,61.25],[-84.4,61.23],[-84.35,61.09],[-84.04,61.09],[-83.92,60.96],[-83.87,61.02],[-83.95,61.11],[-83.97,61.2],[-83.95,61.31],[-83.87,61.4],[-83.68,61.37],[-83.52,61.41],[-83.48,61.39],[-83.47,61.29],[-83.42,61.26],[-83.2,61.37],[-83.11,61.37],[-82.99,61.42],[-82.65,61.25],[-82.6,61.29],[-82.48,61.47],[-82.29,61.62],[-82.29,61.69],[-82.41,61.73],[-82.38,61.76],[-82.29,61.78],[-82.14,61.74],[-82.1,61.7],[-82.16,61.6],[-82.0,61.57],[-81.86,61.65],[-81.71,61.66],[-81.64,61.78],[-81.52,61.88],[-81.41,61.92],[-81.4,61.97]]],[[[-86.21,61.69],[-86.32,61.72],[-86.61,61.69],[-86.65,61.71],[-86.82,61.66],[-86.95,61.71],[-87.04,61.66],[-87.34,61.62],[-87.35,61.56],[-87.19,61.52],[-87.16,61.45],[-87.42,61.37],[-87.55,61.29],[-87.74,61.33],[-87.83,61.25],[-87.81,61.22],[-87.64,61.18],[-87.64,61.06],[-87.52,61.09],[-87.39,60.87],[-87.21,60.89],[-87.14,60.94],[-87.03,60.93],[-86.92,61.04],[-86.83,61.0],[-86.81,60.88],[-86.77,60.86],[-86.49,60.97],[-86.42,60.94],[-86.25,61.06],[-85.67,61.03],[-85.58,61.05],[-85.48,61.11],[-85.4,61.07],[-85.29,61.06],[-85.14,60.96],[-85.05,61.06],[-85.04,61.13],[-85.08,61.17],[-85.31,61.22],[-85.45,61.16],[-85.52,61.16],[-85.78,61.36],[-85.82,61.47],[-85.96,61.49],[-86.01,61.57],[-86.11,61.59],[-86.21,61.69]]],[[[-4.46,46.95],[-4.48,46.69],[-4.36,46.57],[-4.33,46.46],[-4.06,46.44],[-3.95,46.4],[-3.74,46.43],[-3.76,46.49],[-3.86,46.54],[-3.83,46.66],[-3.93,46.85],[-4.17,46.83],[-4.46,46.95]]],[[[-66.73,77.65],[-66.84,77.64],[-66.86,77.57],[-66.9,77.58],[-66.92,77.65],[-67.11,77.64],[-67.08,77.58],[-67.2,77.47],[-67.19,77.43],[-66.69,77.4],[-66.69,77.44],[-66.65,77.45],[-66.72,77.54],[-66.66,77.57],[-66.47,77.5],[-66.33,77.55],[-66.21,77.45],[-66.13,77.47],[-66.15,77.51],[-66.32,77.55],[-66.32,77.59],[-66.73,77.65]]],[[[-68.4,77.48],[-68.42,77.52],[-68.49,77.53],[-68.95,77.44],[-68.92,77.41],[-67.9,77.41],[-67.87,77.45],[-67.9,77.48],[-68.4,77.48]]],[[[-64.25,76.25],[-64.25,76.31],[-64.35,76.32],[-64.37,76.23],[-64.58,76.22],[-64.55,76.18],[-64.42,76.16],[-64.24,76.19],[-64.22,76.2],[-64.25,76.25]]],[[[-52.6,71.66],[-52.73,71.65],[-52.82,71.6],[-52.77,71.57],[-52.63,71.56],[-52.58,71.6],[-52.6,71.66]]],[[[-33.4,66.77],[-33.42,66.79],[-33.57,66.8],[-33.72,66.85],[-33.82,66.84],[-33.83,66.78],[-33.91,66.77],[-34.0,66.7],[-33.81,66.57],[-33.64,66.52],[-33.47,66.58],[-33.4,66.77]]],[[[-37.43,66.29],[-37.48,66.32],[-37.68,66.29],[-37.67,66.24],[-37.76,66.19],[-37.82,66.2],[-37.86,66.14],[-37.92,66.12],[-37.96,66.02],[-37.68,66.1],[-37.51,66.25],[-37.43,66.27],[-37.43,66.29]]],[[[-40.61,65.02],[-40.65,65.07],[-40.7,65.0],[-40.8,65.06],[-40.94,65.05],[-40.97,65.01],[-40.96,64.96],[-41.01,64.91],[-40.89,64.89],[-40.88,64.93],[-40.78,64.97],[-40.63,64.93],[-40.6,64.95],[-40.61,65.02]]],[[[-19.83,79.86],[-19.87,79.9],[-19.87,80.0],[-19.93,80.01],[-20.05,79.99],[-20.25,79.89],[-20.23,79.86],[-20.09,79.85],[-20.05,79.79],[-19.96,79.76],[-19.76,79.79],[-19.75,79.86],[-19.83,79.86]]],[[[-19.34,77.42],[-19.54,77.41],[-19.58,77.36],[-19.45,77.31],[-19.42,77.26],[-19.26,77.23],[-19.12,77.27],[-19.1,77.34],[-19.12,77.37],[-19.34,77.42]]],[[[-21.76,74.15],[-22.04,74.21],[-22.15,74.16],[-22.13,74.12],[-22.18,74.08],[-22.02,74.06],[-21.82,74.11],[-21.76,74.15]]],[[[-24.17,73.69],[-24.22,73.71],[-24.42,73.69],[-24.43,73.66],[-24.35,73.57],[-24.14,73.54],[-24.04,73.43],[-23.83,73.42],[-23.66,73.35],[-23.49,73.35],[-23.37,73.3],[-22.91,73.25],[-22.77,73.18],[-22.57,73.2],[-22.26,73.12],[-22.05,73.11],[-21.52,72.92],[-21.24,72.92],[-21.14,72.95],[-21.14,72.99],[-21.44,73.08],[-21.62,73.07],[-21.76,73.13],[-21.79,73.18],[-21.77,73.22],[-21.69,73.23],[-21.51,73.19],[-21.16,73.18],[-21.0,73.14],[-20.96,73.19],[-20.98,73.22],[-21.21,73.28],[-21.23,73.38],[-21.31,73.4],[-21.55,73.32],[-21.83,73.33],[-21.95,73.31],[-22.17,73.21],[-23.12,73.32],[-23.7,73.49],[-23.78,73.47],[-24.04,73.59],[-24.17,73.69]]],[[[-24.28,72.51],[-24.41,72.6],[-24.55,72.63],[-24.58,72.52],[-24.56,72.47],[-24.49,72.43],[-24.41,72.51],[-24.29,72.45],[-24.28,72.51]]],[[[-27.93,70.67],[-27.85,70.72],[-27.76,70.92],[-27.98,70.95],[-27.9,70.9],[-27.89,70.86],[-28.04,70.68],[-27.93,70.67]]],[[[-27.83,68.43],[-27.91,68.47],[-28.1,68.41],[-28.19,68.44],[-28.31,68.4],[-28.32,68.36],[-28.26,68.27],[-28.13,68.22],[-27.98,68.33],[-27.86,68.32],[-27.83,68.43]]],[[[-31.78,68.03],[-31.75,68.09],[-31.77,68.12],[-32.02,68.24],[-32.14,68.36],[-32.21,68.38],[-31.97,68.11],[-31.97,68.03],[-32.06,68.03],[-32.05,67.99],[-31.78,68.03]]],[[[-90.0,80.57],[-89.06,80.55],[-88.87,80.44],[-88.85,80.33],[-88.82,80.31],[-88.65,80.42],[-88.39,80.48],[-87.55,80.45],[-87.44,80.4],[-87.24,80.11],[-86.59,79.98],[-86.56,80.01],[-86.67,80.09],[-86.68,80.15],[-86.6,80.3],[-86.46,80.37],[-85.59,80.38],[-85.45,80.34],[-83.68,80.29],[-83.56,80.24],[-83.32,80.21],[-82.86,80.06],[-82.55,80.05],[-82.53,80.09],[-83.22,80.29],[-83.23,80.33],[-83.13,80.37],[-82.22,80.41],[-82.07,80.45],[-80.49,80.5],[-80.4,80.54],[-79.98,80.59],[-79.98,80.64],[-79.87,80.67],[-79.99,80.72],[-80.37,80.69],[-80.56,80.65],[-82.38,80.53],[-83.12,80.52],[-83.47,80.6],[-83.84,80.51],[-85.48,80.48],[-85.65,80.51],[-85.8,80.5],[-85.89,80.54],[-86.05,80.51],[-86.76,80.58],[-86.78,80.61],[-86.74,80.65],[-86.8,80.69],[-87.27,80.6],[-88.05,80.65],[-88.15,80.69],[-89.39,80.85],[-89.49,80.9],[-89.43,80.97],[-89.52,80.99],[-89.92,80.98],[-90.0,81.01],[-90.0,80.57]]],[[[-90.0,72.73],[-89.95,72.73],[-89.8,72.8],[-89.72,72.93],[-89.57,72.97],[-89.54,73.04],[-89.63,73.09],[-90.0,73.06],[-90.0,72.73]]],[[[22.79,81.14],[22.9,81.18],[22.88,81.22],[22.76,81.23],[22.63,81.17],[22.66,81.14],[22.79,81.14]]],[[[33.87,80.93],[34.35,80.93],[34.52,81.01],[34.59,81.08],[34.46,81.16],[34.3,81.2],[33.64,81.12],[33.55,81.08],[33.54,81.02],[33.66,80.93],[33.87,80.93]]],[[[37.91,80.97],[37.79,80.95],[37.65,80.85],[37.43,80.84],[37.21,80.75],[36.88,80.7],[35.77,80.69],[35.43,80.5],[34.02,80.3],[33.94,80.26],[33.92,80.19],[34.12,80.17],[34.12,80.07],[34.14,80.05],[35.55,80.39],[35.86,80.39],[36.0,80.45],[36.31,80.46],[36.68,80.55],[36.87,80.53],[36.9,80.58],[38.62,80.72],[38.8,80.77],[38.84,80.81],[38.21,80.96],[37.91,80.97]]],[[[23.71,80.83],[23.81,80.88],[23.84,80.93],[23.74,80.98],[23.56,80.92],[23.61,80.85],[23.71,80.83]]],[[[32.78,80.89],[32.5,80.9],[32.45,80.88],[32.43,80.84],[32.49,80.8],[32.69,80.78],[32.79,80.82],[32.78,80.89]]],[[[48.99,80.69],[48.93,80.72],[48.96,80.77],[48.92,80.81],[48.77,80.84],[48.65,80.81],[48.7,80.74],[48.8,80.69],[48.77,80.6],[48.71,80.58],[48.73,80.55],[49.07,80.55],[49.21,80.66],[49.15,80.7],[48.99,80.69]]],[[[23.81,80.63],[23.81,80.69],[23.76,80.73],[23.5,80.78],[23.34,80.76],[23.24,80.69],[23.33,80.58],[23.43,80.54],[23.67,80.62],[23.81,80.63]]],[[[57.11,80.61],[56.81,80.61],[56.79,80.55],[57.07,80.51],[57.12,80.56],[57.11,80.61]]],[[[82.45,80.32],[82.49,80.37],[82.47,80.44],[82.34,80.5],[82.28,80.48],[82.4,80.34],[82.45,80.32]]],[[[59.41,80.19],[59.25,80.25],[58.97,80.28],[58.9,80.26],[58.85,80.21],[59.19,80.19],[59.38,80.14],[59.41,80.19]]],[[[83.97,79.64],[84.04,79.68],[84.04,79.75],[83.81,79.81],[83.67,79.74],[83.66,79.69],[83.78,79.64],[83.97,79.64]]],[[[84.73,79.33],[84.68,79.37],[84.51,79.4],[84.34,79.54],[84.22,79.57],[83.79,79.55],[83.62,79.47],[83.77,79.31],[84.09,79.32],[84.18,79.28],[84.18,79.23],[84.05,79.11],[84.06,79.08],[84.13,79.05],[84.27,79.06],[84.41,79.21],[84.55,79.19],[84.7,79.2],[84.74,79.26],[84.73,79.33]]],[[[56.41,79.16],[56.37,79.2],[56.29,79.16],[56.11,79.16],[56.07,79.11],[56.31,79.1],[56.4,79.13],[56.41,79.16]]],[[[60.87,78.72],[60.73,78.77],[60.59,78.73],[60.63,78.69],[60.94,78.68],[60.87,78.72]]],[[[15.37,78.42],[15.11,78.5],[15.01,78.46],[14.91,78.29],[14.76,78.32],[14.62,78.25],[14.57,78.29],[14.49,78.3],[14.36,78.24],[14.31,78.17],[14.5,78.15],[14.63,78.2],[14.89,78.17],[14.96,78.25],[15.18,78.22],[15.53,78.35],[15.88,78.42],[15.86,78.45],[15.37,78.42]]],[[[36.76,78.12],[36.83,78.16],[36.85,78.2],[36.67,78.25],[36.29,78.26],[36.17,78.19],[36.21,78.13],[36.3,78.11],[36.54,78.09],[36.76,78.12]]],[[[14.03,78.22],[13.84,78.16],[14.14,78.16],[14.13,78.22],[14.03,78.22]]],[[[25.65,78.07],[25.78,78.13],[25.78,78.17],[25.69,78.2],[25.57,78.17],[25.46,78.09],[25.65,78.07]]],[[[19.57,78.08],[19.57,78.15],[19.52,78.17],[19.31,78.13],[19.22,78.08],[19.21,78.03],[19.28,77.98],[19.59,78.05],[19.64,78.01],[19.72,78.0],[19.77,78.04],[19.81,78.11],[19.76,78.16],[19.57,78.08]]],[[[34.64,77.85],[34.58,77.89],[34.47,77.91],[34.33,77.85],[34.25,77.78],[34.63,77.73],[34.77,77.74],[34.83,77.78],[34.8,77.85],[34.64,77.85]]],[[[36.29,77.68],[36.34,77.74],[36.29,77.78],[36.08,77.77],[36.04,77.73],[36.1,77.68],[36.29,77.68]]],[[[19.33,77.6],[19.24,77.67],[19.17,77.67],[18.59,77.58],[18.57,77.53],[18.7,77.43],[18.73,77.36],[18.89,77.24],[19.05,77.26],[19.09,77.09],[19.13,77.06],[19.21,77.02],[19.35,77.05],[19.4,76.95],[19.54,77.0],[19.7,76.88],[19.95,76.97],[20.0,77.07],[20.09,77.13],[20.05,77.19],[19.93,77.2],[19.81,77.07],[19.81,77.03],[19.72,77.03],[19.71,77.07],[19.81,77.19],[19.78,77.23],[19.8,77.27],[19.93,77.33],[19.98,77.4],[20.12,77.36],[20.22,77.41],[20.19,77.46],[20.05,77.45],[19.99,77.55],[19.92,77.55],[19.73,77.48],[19.73,77.55],[19.68,77.57],[19.54,77.51],[19.46,77.59],[19.33,77.6]]],[[[64.99,77.27],[65.02,77.29],[65.02,77.32],[64.91,77.38],[64.68,77.34],[64.83,77.28],[64.99,77.27]]],[[[31.86,77.27],[31.76,77.34],[31.66,77.31],[31.68,77.26],[31.81,77.26],[31.97,77.18],[32.04,77.21],[31.86,77.27]]],[[[31.3,77.09],[31.31,77.12],[31.24,77.16],[31.06,77.18],[30.99,77.14],[31.03,77.1],[31.3,77.09]]],[[[38.82,77.0],[38.88,77.04],[38.86,77.12],[38.79,77.15],[38.68,77.11],[38.69,77.04],[38.82,77.0]]],[[[18.2,76.88],[18.17,76.96],[18.08,76.99],[17.79,76.94],[17.75,76.89],[17.77,76.86],[17.99,76.87],[18.03,76.84],[18.01,76.76],[17.78,76.75],[17.77,76.68],[18.13,76.6],[18.23,76.69],[18.17,76.83],[18.2,76.88]]],[[[14.86,76.64],[14.93,76.66],[15.04,76.74],[15.04,76.82],[15.01,76.85],[14.89,76.86],[14.79,76.83],[14.74,76.73],[14.64,76.68],[14.69,76.64],[14.86,76.64]]],[[[22.07,76.43],[22.18,76.48],[22.18,76.52],[21.84,76.57],[21.68,76.49],[21.51,76.49],[21.29,76.42],[21.13,76.46],[21.1,76.42],[21.1,76.39],[21.2,76.36],[22.07,76.43]]],[[[17.85,76.38],[17.76,76.47],[17.66,76.49],[17.48,76.42],[17.21,76.42],[16.97,76.33],[16.81,76.33],[16.69,76.28],[16.59,76.3],[16.42,76.25],[16.19,76.26],[16.18,76.22],[16.28,76.11],[16.19,76.02],[16.16,75.92],[16.28,75.8],[16.81,75.53],[16.84,75.46],[16.81,75.33],[16.85,75.22],[17.07,75.25],[17.19,75.31],[17.37,75.25],[17.47,75.26],[17.57,75.31],[17.62,75.49],[17.74,75.65],[18.13,75.78],[18.16,75.85],[18.1,75.99],[18.24,76.04],[18.34,76.12],[18.32,76.15],[18.2,76.18],[18.12,76.25],[18.08,76.42],[17.85,76.38]]],[[[64.43,76.39],[64.43,76.47],[64.36,76.5],[64.05,76.46],[64.0,76.38],[64.03,76.35],[64.43,76.39]]],[[[72.73,76.31],[72.75,76.35],[72.69,76.39],[72.56,76.42],[72.51,76.4],[72.57,76.33],[72.73,76.31]]],[[[20.48,76.23],[20.53,76.28],[20.5,76.32],[20.39,76.33],[20.3,76.28],[20.35,76.23],[20.48,76.23]]],[[[58.25,75.72],[58.66,75.82],[58.44,75.82],[58.25,75.78],[58.19,75.75],[58.19,75.72],[58.25,75.72]]],[[[66.17,74.62],[65.85,74.73],[65.7,74.69],[65.65,74.62],[65.71,74.58],[65.98,74.6],[66.13,74.57],[66.17,74.62]]],[[[64.62,74.24],[64.59,74.31],[64.53,74.35],[64.28,74.33],[64.35,74.21],[64.47,74.24],[64.56,74.18],[64.6,74.2],[64.62,74.24]]],[[[49.13,74.17],[49.21,74.29],[49.16,74.34],[49.01,74.31],[48.88,74.21],[48.89,74.17],[49.13,74.17]]],[[[37.81,74.14],[37.91,74.18],[37.93,74.2],[37.91,74.26],[37.84,74.27],[37.63,74.2],[37.66,74.15],[37.81,74.14]]],[[[52.24,73.26],[52.43,73.34],[52.44,73.41],[52.29,73.42],[52.22,73.38],[52.14,73.27],[52.24,73.26]]],[[[60.62,71.18],[60.7,71.23],[60.68,71.28],[60.54,71.29],[60.34,71.24],[60.43,71.17],[60.62,71.18]]],[[[62.13,70.72],[62.09,70.78],[62.0,70.81],[61.78,70.75],[61.79,70.68],[61.87,70.63],[62.12,70.66],[62.13,70.72]]],[[[62.75,70.61],[62.21,70.63],[62.14,70.61],[62.09,70.52],[61.98,70.49],[61.69,70.57],[61.47,70.52],[61.34,70.54],[61.35,70.47],[61.52,70.46],[61.54,70.37],[61.37,70.37],[61.21,70.25],[61.11,70.28],[61.0,70.08],[61.33,70.09],[61.57,70.16],[61.66,70.13],[61.78,70.21],[61.88,70.18],[62.07,70.23],[62.19,70.18],[62.29,70.21],[62.39,70.18],[62.45,70.22],[62.48,70.33],[62.53,70.36],[62.83,70.34],[62.97,70.36],[62.98,70.43],[62.89,70.48],[62.75,70.61]]],[[[0.49,61.59],[0.66,61.68],[0.67,61.73],[0.64,61.75],[0.33,61.63],[0.35,61.59],[0.49,61.59]]],[[[20.1,57.15],[20.19,57.2],[20.19,57.34],[20.35,57.43],[20.34,57.49],[20.21,57.48],[20.05,57.41],[19.83,57.15],[19.89,57.12],[20.1,57.15]]],[[[15.26,43.24],[15.41,43.3],[15.53,43.47],[15.64,43.53],[15.62,43.58],[15.47,43.61],[15.37,43.49],[15.26,43.43],[15.19,43.27],[15.26,43.24]]],[[[15.2,42.9],[15.27,42.94],[15.34,43.1],[15.25,43.21],[15.05,43.18],[14.99,43.09],[14.99,43.02],[15.2,42.9]]],[[[15.07,42.81],[15.04,42.88],[14.8,42.95],[14.62,42.85],[14.64,42.79],[14.74,42.8],[14.91,42.68],[15.03,42.73],[15.07,42.81]]],[[[28.37,40.95],[27.63,40.93],[27.47,40.83],[27.43,40.77],[27.48,40.71],[27.75,40.71],[27.89,40.66],[28.33,40.73],[28.68,40.57],[28.85,40.61],[29.0,40.71],[29.09,40.69],[29.19,40.73],[29.1,40.8],[28.93,40.87],[28.76,40.9],[28.59,40.88],[28.37,40.95]]],[[[22.46,38.31],[22.21,38.29],[22.2,38.26],[22.25,38.21],[22.76,38.05],[22.88,38.06],[22.92,38.1],[22.9,38.14],[22.72,38.27],[22.65,38.29],[22.54,38.26],[22.46,38.31]]],[[[57.25,24.22],[57.24,24.29],[56.99,24.43],[56.99,24.4],[57.05,24.33],[57.25,24.22]]],[[[89.39,21.11],[89.48,21.15],[89.54,21.22],[89.57,21.36],[89.29,21.16],[89.31,21.11],[89.39,21.11]]],[[[20.79,38.55],[20.78,38.48],[20.81,38.43],[20.77,38.26],[20.84,38.18],[20.9,38.16],[20.91,38.45],[20.79,38.55]]],[[[32.35,44.82],[32.2,44.86],[31.69,44.73],[31.52,44.74],[31.33,44.67],[31.13,44.65],[31.11,44.5],[31.04,44.48],[30.95,44.29],[30.61,43.96],[30.44,43.9],[30.32,43.78],[29.84,43.61],[29.65,43.61],[29.34,43.5],[29.09,43.27],[28.93,43.2],[28.76,43.18],[28.61,43.09],[28.49,42.97],[28.42,42.8],[28.39,42.65],[28.4,42.34],[28.57,42.14],[28.61,41.95],[28.66,41.91],[28.69,41.84],[28.87,41.67],[29.19,41.55],[29.36,41.43],[29.45,41.48],[29.52,41.42],[29.92,41.37],[30.03,41.38],[30.17,41.45],[30.34,41.43],[30.52,41.46],[30.54,41.44],[30.51,41.35],[30.53,41.26],[30.7,41.19],[30.87,41.26],[31.13,41.26],[31.28,41.36],[31.67,41.47],[31.83,41.57],[31.95,41.57],[32.57,41.91],[32.74,41.91],[33.22,42.08],[33.7,42.1],[33.92,42.2],[34.18,42.23],[34.46,42.21],[34.93,42.25],[35.17,42.17],[35.38,42.01],[35.57,41.98],[35.76,41.85],[36.03,41.84],[36.2,41.67],[36.29,41.65],[36.32,41.57],[36.44,41.44],[36.98,41.5],[37.11,41.48],[37.22,41.52],[37.27,41.49],[37.25,41.31],[37.52,41.1],[37.58,41.09],[37.68,41.2],[37.75,41.19],[37.88,41.24],[38.09,41.09],[38.24,41.12],[38.25,41.01],[38.29,40.98],[38.96,41.07],[39.15,41.17],[39.65,41.14],[39.78,41.05],[39.94,41.07],[40.08,40.99],[40.16,40.98],[40.35,41.07],[40.62,41.11],[40.77,41.21],[41.41,41.48],[41.53,41.67],[41.73,41.81],[41.74,41.85],[41.62,41.93],[41.57,42.25],[41.36,42.37],[41.31,42.49],[41.18,42.57],[41.15,42.62],[41.18,42.74],[41.02,42.85],[40.97,42.93],[40.9,42.96],[40.58,42.9],[40.38,42.93],[40.3,42.99],[40.32,43.11],[40.27,43.15],[40.21,43.28],[39.57,43.53],[39.41,43.76],[39.22,43.81],[39.08,43.97],[38.98,44.0],[38.74,44.19],[38.57,44.19],[38.41,44.31],[38.24,44.33],[37.85,44.57],[37.54,44.6],[37.23,44.72],[37.11,44.72],[36.98,44.77],[36.72,44.65],[36.41,44.61],[36.1,44.74],[35.96,44.74],[35.86,44.79],[35.77,44.74],[35.53,44.7],[34.76,44.72],[34.55,44.66],[34.11,44.26],[34.02,44.2],[33.68,44.14],[33.53,44.19],[33.41,44.38],[33.27,44.45],[33.05,44.45],[32.77,44.57],[32.75,44.7],[32.35,44.82]]],[[[32.75,44.7],[32.73,44.75],[32.62,44.81],[32.37,44.81],[32.75,44.7]]],[[[34.64,70.74],[34.65,70.81],[34.57,70.83],[34.4,70.81],[34.37,70.76],[34.42,70.72],[34.64,70.74]]],[[[20.36,70.05],[20.35,70.14],[20.47,70.32],[20.37,70.3],[20.24,70.18],[20.16,70.06],[20.21,70.01],[20.29,70.04],[20.45,69.89],[20.47,70.0],[20.36,70.05]]],[[[32.89,70.01],[32.84,70.06],[32.63,70.15],[32.51,70.17],[32.43,70.13],[32.46,70.08],[32.77,69.92],[33.16,69.88],[33.13,69.97],[32.93,69.97],[32.93,70.01],[32.89,70.01]]],[[[31.51,69.76],[31.54,69.77],[31.51,69.9],[31.3,69.82],[31.35,69.78],[31.51,69.76]]],[[[33.65,69.8],[33.49,69.89],[33.35,69.89],[33.29,69.85],[33.53,69.7],[33.68,69.68],[33.74,69.63],[33.73,69.56],[33.55,69.57],[33.48,69.67],[33.42,69.68],[33.06,69.58],[33.05,69.53],[33.12,69.5],[33.53,69.46],[33.64,69.37],[33.76,69.34],[34.02,69.52],[34.29,69.53],[34.29,69.59],[34.16,69.63],[34.04,69.73],[33.92,69.73],[33.82,69.8],[33.65,69.8]]],[[[35.96,69.65],[35.38,69.67],[35.31,69.63],[35.41,69.61],[35.43,69.51],[35.74,69.46],[35.89,69.51],[35.91,69.49],[35.89,69.41],[35.92,69.36],[36.17,69.31],[36.28,69.36],[36.44,69.27],[36.56,69.3],[36.62,69.15],[36.66,69.13],[36.68,69.15],[36.67,69.27],[36.49,69.45],[36.27,69.56],[36.05,69.58],[35.96,69.65]]],[[[37.68,69.37],[37.32,69.38],[37.16,69.41],[36.94,69.39],[36.89,69.34],[36.85,69.39],[36.79,69.39],[36.76,69.35],[36.75,69.26],[36.81,69.22],[36.89,69.28],[36.94,69.27],[37.06,69.15],[37.37,69.13],[37.52,69.17],[37.68,69.12],[37.96,69.12],[38.14,69.05],[38.29,69.1],[38.34,69.03],[38.64,69.0],[38.89,69.04],[38.96,69.1],[38.79,69.19],[37.68,69.37]]],[[[16.98,68.9],[17.05,68.95],[17.01,69.01],[16.86,68.94],[16.88,68.9],[16.98,68.9]]],[[[15.95,68.35],[15.73,68.29],[15.7,68.24],[15.89,68.26],[15.95,68.35]]],[[[12.43,68.04],[12.48,68.11],[12.44,68.19],[12.38,68.24],[12.29,68.24],[12.24,68.14],[12.23,68.02],[12.29,68.0],[12.43,68.04]]],[[[11.48,67.85],[11.36,67.93],[10.92,67.82],[10.85,67.76],[10.95,67.7],[11.24,67.71],[11.38,67.81],[11.48,67.81],[11.48,67.85]]],[[[34.83,66.42],[34.73,66.47],[34.47,66.41],[34.32,66.46],[34.26,66.41],[34.35,66.32],[34.4,66.32],[34.42,66.27],[34.57,66.27],[34.64,66.17],[34.78,66.13],[34.88,66.05],[35.08,66.0],[35.29,65.85],[35.62,65.81],[35.77,65.74],[35.91,65.74],[36.44,65.49],[36.53,65.48],[36.74,65.65],[36.7,65.84],[36.64,65.86],[36.49,66.01],[36.32,66.08],[35.74,66.2],[35.24,66.22],[35.12,66.32],[34.93,66.26],[34.9,66.28],[34.83,66.42]]],[[[4.52,62.07],[4.66,62.12],[4.66,62.17],[4.52,62.19],[4.42,62.17],[4.31,62.08],[4.52,62.07]]],[[[18.59,58.76],[18.33,58.72],[18.27,58.61],[18.41,58.64],[18.74,58.61],[18.75,58.64],[18.7,58.71],[18.59,58.76]]],[[[27.92,36.97],[27.67,36.97],[27.6,36.9],[27.52,36.88],[27.51,36.85],[27.55,36.84],[27.65,36.89],[27.75,36.82],[27.92,36.85],[27.92,36.97]]],[[[34.52,28.11],[34.61,28.21],[34.64,28.3],[34.73,28.45],[34.8,28.82],[34.78,28.92],[34.93,29.44],[34.88,29.43],[34.8,29.32],[34.78,29.2],[34.71,29.1],[34.72,28.99],[34.65,28.83],[34.65,28.73],[34.48,28.39],[34.45,28.23],[34.48,28.14],[34.52,28.11]]],[[[36.8,22.49],[36.8,22.33],[36.97,22.11],[37.11,22.01],[37.12,21.95],[37.06,21.82],[37.17,21.69],[37.21,21.39],[37.38,21.2],[37.42,21.1],[37.47,20.72],[37.37,20.53],[37.36,20.25],[37.38,20.16],[37.51,20.1],[37.5,19.9],[37.48,19.79],[37.34,19.65],[37.33,19.57],[37.45,19.54],[37.62,19.37],[37.78,19.47],[38.0,19.49],[38.09,19.35],[38.22,19.26],[38.24,19.18],[38.19,19.01],[38.43,18.92],[38.48,18.77],[38.61,18.75],[38.74,18.58],[38.61,18.4],[38.6,18.33],[38.74,18.17],[38.92,17.9],[38.96,17.76],[39.13,17.6],[39.17,17.38],[39.15,17.24],[39.32,17.17],[39.43,17.24],[39.61,17.24],[39.7,17.3],[39.8,17.29],[40.01,17.05],[40.1,17.03],[40.38,16.85],[40.55,16.61],[40.76,16.45],[40.81,16.33],[41.02,16.21],[41.14,16.01],[41.6,15.51],[41.77,15.41],[41.84,15.25],[41.84,15.13],[41.96,14.84],[42.01,14.81],[42.01,14.77],[42.05,14.74],[42.1,14.62],[42.16,14.57],[42.15,14.29],[42.32,14.06],[42.34,14.21],[42.41,14.29],[42.44,14.45],[42.58,14.49],[42.61,14.55],[42.44,14.86],[42.25,15.03],[42.22,14.99],[42.15,15.0],[42.03,15.18],[42.05,15.24],[42.1,15.27],[42.21,15.14],[42.27,15.15],[42.25,15.2],[42.09,15.4],[42.07,15.52],[41.74,16.13],[41.72,16.25],[41.53,16.45],[41.45,16.57],[41.33,16.65],[41.29,16.73],[41.21,16.78],[41.21,16.83],[41.17,16.85],[41.17,16.9],[41.12,16.93],[40.99,17.12],[40.97,17.36],[40.94,17.38],[40.83,17.33],[40.81,17.36],[40.66,17.8],[40.69,17.96],[40.63,18.03],[40.62,18.15],[40.66,18.29],[40.86,18.41],[40.87,18.49],[40.81,18.5],[40.66,18.41],[40.64,18.43],[40.54,18.81],[40.6,18.89],[40.6,18.94],[40.4,18.96],[40.33,19.16],[40.15,19.11],[40.08,19.12],[39.97,19.25],[39.86,19.3],[39.82,19.54],[39.65,19.75],[39.67,19.8],[39.82,19.84],[39.84,19.9],[39.69,19.98],[39.67,20.05],[39.68,20.19],[39.53,20.29],[39.53,20.55],[39.37,20.6],[39.27,20.69],[39.22,20.84],[39.05,20.96],[39.05,21.0],[38.96,21.01],[38.9,21.08],[38.9,21.16],[39.09,21.51],[39.04,21.62],[38.86,21.61],[38.79,21.65],[38.69,21.85],[38.68,22.06],[38.73,22.15],[38.86,22.25],[38.75,22.37],[38.81,22.57],[38.74,22.73],[38.78,22.83],[38.71,22.78],[38.58,22.94],[38.56,23.05],[38.61,23.16],[38.53,23.28],[38.48,23.43],[38.3,23.44],[38.29,23.55],[38.22,23.63],[38.25,23.69],[38.04,23.83],[38.01,23.73],[37.91,23.74],[37.85,23.98],[37.8,24.03],[37.61,24.08],[37.52,24.22],[37.35,24.27],[37.3,24.37],[37.15,24.34],[37.11,24.37],[37.01,24.58],[37.02,24.89],[36.94,25.01],[36.94,25.13],[36.77,25.4],[36.69,25.44],[36.68,25.4],[36.64,25.4],[36.47,25.61],[36.37,25.9],[36.41,26.07],[36.22,26.47],[36.06,26.47],[35.64,27.11],[35.55,27.41],[35.31,27.56],[35.24,27.68],[35.14,27.7],[35.09,27.77],[34.95,27.87],[34.59,27.87],[34.42,27.94],[34.29,27.77],[34.27,27.7],[34.15,27.7],[34.04,27.75],[33.95,27.67],[33.96,27.6],[34.05,27.52],[34.08,27.45],[34.06,27.42],[34.0,27.44],[33.97,27.39],[34.01,27.15],[33.96,27.0],[34.04,26.89],[34.04,26.79],[34.15,26.69],[34.13,26.55],[34.22,26.41],[34.23,26.28],[34.45,26.0],[34.49,25.85],[34.64,25.76],[34.72,25.48],[34.91,25.32],[34.9,25.19],[35.0,25.09],[35.09,24.92],[35.21,24.85],[35.24,24.7],[35.31,24.58],[35.38,24.56],[35.41,24.46],[35.74,24.2],[35.86,23.93],[35.84,23.77],[35.93,23.65],[36.01,23.43],[35.93,23.31],[35.91,23.05],[35.95,23.01],[36.15,23.0],[36.39,22.93],[36.53,22.69],[36.65,22.61],[36.64,22.51],[36.8,22.49]],[[39.52,17.41],[39.45,17.46],[39.43,17.52],[39.51,17.57],[39.61,17.58],[39.59,17.42],[39.52,17.41]]],[[[100.25,78.85],[100.18,78.89],[100.01,78.85],[100.02,78.73],[99.97,78.63],[100.09,78.61],[100.11,78.73],[100.25,78.8],[100.25,78.85]]],[[[157.22,78.56],[157.06,78.56],[156.47,78.7],[156.11,78.66],[156.08,78.63],[156.1,78.59],[156.58,78.58],[156.89,78.46],[157.36,78.46],[157.39,78.49],[157.39,78.52],[157.22,78.56]]],[[[97.16,78.58],[97.21,78.61],[97.16,78.66],[96.97,78.63],[97.03,78.59],[97.16,78.58]]],[[[98.53,78.35],[98.43,78.49],[98.4,78.62],[98.27,78.64],[98.03,78.6],[97.89,78.54],[97.64,78.32],[97.69,78.24],[97.91,78.19],[98.03,78.21],[98.19,78.34],[98.24,78.29],[98.35,78.27],[98.48,78.28],[98.53,78.35]]],[[[105.95,78.29],[105.99,78.32],[105.98,78.4],[105.83,78.52],[105.76,78.53],[105.58,78.41],[105.6,78.36],[105.71,78.3],[105.87,78.27],[105.95,78.29]]],[[[106.06,77.98],[106.09,78.03],[106.02,78.1],[105.61,78.13],[105.39,78.25],[105.03,78.22],[105.01,78.2],[105.06,78.15],[105.04,78.1],[104.91,78.04],[104.95,77.97],[105.39,77.94],[105.62,77.96],[105.85,77.89],[106.06,77.98]]],[[[104.2,77.89],[104.24,77.92],[104.23,77.96],[103.58,78.14],[103.42,78.1],[103.42,78.08],[103.97,77.98],[104.08,77.89],[104.2,77.89]]],[[[102.4,77.97],[102.51,78.03],[102.44,78.07],[102.05,78.05],[102.1,78.0],[102.17,77.97],[102.4,77.97]]],[[[119.89,77.05],[119.81,77.15],[119.73,77.17],[119.55,77.12],[119.43,77.05],[119.38,77.1],[119.12,77.07],[119.07,76.88],[119.17,76.86],[119.55,76.93],[119.82,76.91],[119.93,76.73],[120.61,76.73],[120.75,76.78],[121.07,76.82],[121.09,76.85],[120.94,76.96],[120.75,77.0],[120.73,77.07],[120.63,77.12],[120.51,77.05],[120.37,77.05],[120.2,76.95],[120.08,77.02],[119.89,77.05]]],[[[131.3,76.9],[131.26,76.95],[131.13,76.98],[131.07,76.97],[131.04,76.93],[131.09,76.86],[131.15,76.83],[131.29,76.85],[131.3,76.9]]],[[[164.29,76.83],[163.9,76.74],[163.88,76.69],[164.01,76.62],[164.17,76.61],[164.28,76.77],[164.29,76.83]]],[[[119.65,76.67],[119.67,76.73],[119.63,76.77],[119.53,76.79],[119.45,76.76],[119.52,76.69],[119.65,76.67]]],[[[132.84,76.64],[132.92,76.67],[132.94,76.71],[132.88,76.74],[132.7,76.69],[132.72,76.64],[132.84,76.64]]],[[[131.61,76.41],[131.78,76.51],[131.8,76.55],[131.76,76.58],[131.1,76.57],[130.83,76.49],[130.64,76.33],[130.5,76.4],[130.14,76.37],[130.09,76.33],[130.13,76.29],[130.42,76.23],[130.42,76.13],[130.51,76.07],[130.66,76.04],[131.03,76.05],[131.05,76.1],[131.0,76.23],[130.88,76.28],[130.9,76.35],[131.02,76.35],[131.04,76.25],[131.1,76.21],[131.21,76.21],[131.31,76.28],[131.46,76.2],[131.5,76.22],[131.61,76.41]]],[[[139.93,76.43],[139.95,76.49],[139.91,76.54],[139.73,76.54],[139.78,76.47],[139.93,76.43]]],[[[167.4,76.34],[167.53,76.4],[167.57,76.47],[167.52,76.5],[167.17,76.44],[167.07,76.39],[167.08,76.37],[167.4,76.34]]],[[[133.86,76.01],[133.85,76.11],[134.02,76.26],[134.02,76.3],[133.98,76.32],[133.4,76.31],[133.4,76.25],[133.49,76.12],[133.63,76.05],[133.69,75.97],[133.65,75.93],[133.47,75.87],[133.47,75.75],[133.41,75.64],[133.43,75.58],[133.57,75.6],[133.66,75.73],[133.76,75.8],[133.92,75.81],[133.93,75.85],[133.86,76.01]]],[[[134.13,76.01],[134.21,76.05],[134.19,76.13],[134.08,76.13],[134.02,76.07],[134.05,76.02],[134.13,76.01]]],[[[135.06,75.36],[135.15,75.38],[135.18,75.42],[135.17,75.77],[135.01,75.82],[134.72,75.82],[134.72,75.59],[134.79,75.39],[134.85,75.35],[135.06,75.36]]],[[[178.48,74.81],[178.62,74.86],[178.64,74.91],[178.57,74.94],[178.37,74.88],[178.4,74.82],[178.48,74.81]]],[[[180.0,74.74],[179.92,74.72],[179.79,74.74],[179.77,74.69],[179.88,74.61],[180.0,74.57],[180.0,74.74]]],[[[178.6,74.47],[178.81,74.64],[178.81,74.67],[178.78,74.69],[178.68,74.67],[178.5,74.52],[178.52,74.47],[178.6,74.47]]],[[[179.97,74.3],[180.0,74.31],[180.0,74.45],[179.69,74.46],[179.52,74.37],[179.59,74.32],[179.97,74.3]]],[[[176.83,74.33],[176.86,74.36],[176.85,74.39],[176.73,74.44],[176.59,74.44],[176.55,74.41],[176.56,74.36],[176.65,74.32],[176.83,74.33]]],[[[179.57,73.91],[179.62,73.93],[179.58,73.98],[179.12,74.0],[178.85,74.1],[178.66,74.04],[178.71,73.96],[179.31,73.89],[179.57,73.91]]],[[[178.56,73.54],[178.42,73.56],[178.35,73.5],[178.61,73.4],[178.78,73.37],[178.76,73.44],[178.56,73.54]]],[[[177.01,73.28],[176.93,73.31],[176.73,73.29],[176.72,73.23],[176.78,73.19],[176.89,73.19],[176.99,73.22],[177.01,73.28]]],[[[180.0,61.95],[179.72,62.0],[179.61,61.95],[179.57,61.87],[179.66,61.78],[179.67,61.71],[179.55,61.66],[179.45,61.67],[179.31,61.87],[179.1,61.87],[179.06,61.78],[179.08,61.74],[179.36,61.62],[179.41,61.54],[179.07,61.6],[179.04,61.57],[179.08,61.5],[179.26,61.4],[179.69,61.35],[179.84,61.21],[180.0,61.17],[180.0,61.95]]],[[[157.37,59.9],[157.4,59.96],[157.31,59.95],[157.11,59.84],[157.03,59.9],[156.95,59.91],[156.76,59.83],[156.75,59.79],[156.92,59.72],[157.24,59.76],[157.37,59.9]]],[[[162.88,58.09],[162.9,58.15],[162.86,58.18],[162.62,58.14],[162.63,58.09],[162.88,58.09]]],[[[150.05,57.08],[150.12,57.13],[150.05,57.34],[150.1,57.57],[150.05,57.73],[150.02,57.74],[149.97,57.71],[149.94,57.64],[149.95,57.1],[150.05,57.08]]],[[[148.15,56.67],[148.27,56.72],[148.28,56.77],[148.24,56.82],[147.93,56.8],[147.87,56.77],[147.92,56.68],[148.15,56.67]]],[[[139.93,55.84],[140.01,55.95],[139.99,56.05],[139.92,56.02],[139.83,55.87],[139.86,55.83],[139.93,55.84]]],[[[145.28,55.63],[145.35,55.69],[145.29,55.75],[145.15,55.73],[145.1,55.67],[145.16,55.62],[145.28,55.63]]],[[[139.95,55.48],[140.0,55.59],[139.91,55.63],[139.83,55.54],[139.87,55.5],[139.95,55.48]]],[[[145.15,49.43],[145.2,49.46],[145.18,49.53],[144.99,49.5],[145.04,49.43],[145.15,49.43]]],[[[141.45,46.26],[141.56,46.37],[141.58,46.45],[141.55,46.55],[141.46,46.61],[141.41,46.55],[141.45,46.26]]],[[[140.69,41.45],[140.78,41.54],[140.83,41.68],[140.71,41.62],[140.53,41.45],[140.43,41.45],[140.38,41.38],[140.44,41.36],[140.69,41.45]]],[[[123.7,26.35],[123.98,26.55],[123.97,26.64],[123.69,26.59],[123.69,26.45],[123.62,26.39],[123.7,26.35]]],[[[119.07,22.79],[119.05,22.83],[119.0,22.78],[118.94,22.83],[118.87,22.74],[118.9,22.71],[118.96,22.7],[119.07,22.79]]],[[[114.09,15.62],[114.13,15.75],[114.29,15.85],[114.26,15.92],[114.17,15.94],[114.08,15.85],[114.05,15.64],[114.09,15.62]]],[[[121.8,14.36],[121.79,14.5],[121.74,14.55],[121.7,14.51],[121.69,14.45],[121.75,14.36],[121.8,14.36]]],[[[123.13,13.33],[123.17,13.34],[123.15,13.42],[122.95,13.51],[122.75,13.67],[122.68,13.64],[122.69,13.56],[122.77,13.42],[122.91,13.4],[123.03,13.34],[123.13,13.33]]],[[[124.38,11.16],[124.24,11.54],[124.26,11.98],[124.09,12.04],[124.19,11.34],[124.09,11.12],[124.26,11.1],[124.1,10.89],[124.05,10.74],[124.09,10.54],[124.05,10.37],[124.11,10.32],[124.4,10.38],[124.56,10.32],[124.61,10.33],[124.66,10.52],[124.74,10.63],[124.75,10.81],[124.67,10.87],[124.6,10.84],[124.53,10.62],[124.31,10.56],[124.26,10.59],[124.26,10.67],[124.31,10.73],[124.49,10.78],[124.49,10.84],[124.37,10.91],[124.35,10.97],[124.38,11.16]]],[[[123.61,10.4],[123.77,10.7],[123.79,10.83],[123.65,10.81],[123.53,10.61],[123.53,10.45],[123.61,10.4]]],[[[123.26,9.53],[123.29,9.57],[123.34,9.97],[123.51,10.21],[123.45,10.28],[123.37,10.28],[123.31,10.08],[123.19,9.88],[123.22,9.54],[123.26,9.53]]],[[[121.4,6.1],[121.38,6.16],[121.23,6.2],[121.07,6.31],[121.01,6.31],[120.92,6.27],[121.31,6.09],[121.4,6.1]]],[[[120.84,6.21],[120.58,6.2],[120.6,6.09],[120.39,5.89],[120.46,5.74],[120.37,5.6],[120.43,5.61],[120.8,5.89],[120.89,6.05],[120.84,6.21]]],[[[119.17,4.84],[119.37,4.95],[119.4,5.04],[119.36,5.06],[119.25,5.02],[119.07,4.86],[119.09,4.83],[119.17,4.84]]],[[[127.65,-0.0],[127.65,0.22],[127.59,0.29],[127.53,0.31],[127.49,0.23],[127.57,0.05],[127.56,-0.0],[127.65,-0.0]]],[[[121.88,18.52],[121.26,18.7],[121.46,18.52],[121.57,18.47],[121.88,18.52]]],[[[90.0,80.02],[90.23,80.05],[90.27,80.09],[90.0,80.13],[90.0,80.02]]],[[[180.0,-16.41],[180.0,-16.21],[179.94,-16.28],[179.93,-16.36],[180.0,-16.41]]],[[[51.13,-66.18],[51.3,-66.12],[51.41,-66.04],[51.46,-65.95],[51.4,-65.91],[51.24,-65.95],[51.01,-66.11],[51.02,-66.18],[51.13,-66.18]]],[[[57.1,-66.18],[56.84,-66.22],[56.95,-66.35],[57.13,-66.4],[57.24,-66.47],[57.68,-66.38],[57.58,-66.24],[57.29,-66.23],[57.1,-66.18]]],[[[60.29,-66.91],[60.17,-66.83],[59.98,-66.9],[59.79,-66.9],[59.76,-66.94],[59.77,-67.07],[59.69,-67.22],[59.76,-67.31],[59.85,-67.32],[60.04,-67.24],[60.17,-67.22],[60.16,-67.15],[60.04,-67.05],[60.03,-67.0],[60.2,-66.97],[60.32,-67.0],[60.29,-66.91]]],[[[32.38,-68.97],[32.35,-68.94],[32.26,-68.92],[32.02,-68.99],[31.85,-68.94],[31.63,-68.96],[31.54,-69.01],[31.57,-69.06],[31.74,-69.06],[31.85,-69.12],[32.06,-69.14],[32.32,-69.13],[32.38,-68.97]]],[[[134.26,-66.07],[134.38,-65.99],[134.21,-65.97],[134.14,-65.93],[134.05,-65.99],[134.19,-66.08],[134.26,-66.07]]],[[[110.45,-66.15],[110.44,-66.09],[110.37,-66.08],[110.23,-66.1],[110.21,-66.14],[110.25,-66.23],[110.45,-66.15]]],[[[156.64,-68.87],[156.75,-68.82],[156.75,-68.78],[156.53,-68.75],[156.46,-68.85],[156.64,-68.87]]],[[[171.27,-77.42],[171.26,-77.38],[171.14,-77.34],[170.81,-77.37],[170.89,-77.44],[171.12,-77.42],[171.25,-77.44],[171.27,-77.42]]],[[[-73.92,-53.53],[-73.94,-53.31],[-74.06,-53.32],[-74.16,-53.38],[-74.11,-53.46],[-73.92,-53.53]]],[[[-70.15,-53.58],[-70.23,-53.56],[-70.36,-53.58],[-70.39,-53.69],[-70.34,-53.85],[-70.36,-53.93],[-70.14,-54.25],[-70.07,-54.22],[-70.12,-54.02],[-70.24,-53.85],[-70.15,-53.63],[-70.15,-53.58]]],[[[-73.82,-53.63],[-74.01,-53.66],[-74.09,-53.63],[-74.13,-53.69],[-73.99,-53.78],[-73.87,-53.78],[-73.75,-53.87],[-73.67,-53.75],[-73.75,-53.73],[-73.76,-53.66],[-73.82,-53.63]]],[[[-69.59,-54.35],[-69.52,-54.31],[-69.53,-54.29],[-69.66,-54.24],[-69.79,-54.26],[-69.59,-54.35]]],[[[-72.09,-54.7],[-72.13,-54.65],[-72.18,-54.68],[-72.19,-54.81],[-72.28,-54.84],[-72.27,-54.92],[-72.14,-54.99],[-71.96,-54.99],[-71.94,-54.97],[-71.97,-54.86],[-71.91,-54.8],[-71.92,-54.77],[-72.0,-54.78],[-72.09,-54.7]]],[[[-68.32,-56.54],[-68.4,-56.45],[-68.57,-56.42],[-68.63,-56.44],[-68.63,-56.48],[-68.56,-56.52],[-68.32,-56.54]]],[[[-63.24,-64.92],[-63.14,-64.83],[-62.94,-64.73],[-62.93,-64.68],[-63.05,-64.71],[-63.26,-64.88],[-63.28,-64.91],[-63.24,-64.92]]],[[[-63.38,-65.04],[-63.33,-65.01],[-63.36,-64.95],[-63.46,-64.94],[-63.56,-64.98],[-63.53,-65.04],[-63.38,-65.04]]],[[[-65.08,-65.54],[-65.06,-65.49],[-65.09,-65.41],[-65.14,-65.38],[-65.21,-65.42],[-65.19,-65.5],[-65.08,-65.54]]],[[[-65.37,-65.95],[-65.37,-65.83],[-65.32,-65.77],[-65.38,-65.72],[-65.44,-65.75],[-65.47,-65.86],[-65.43,-65.95],[-65.37,-65.95]]],[[[-66.07,-66.48],[-66.2,-66.51],[-66.21,-66.54],[-65.84,-66.63],[-65.82,-66.5],[-66.07,-66.48]]],[[[-67.31,-66.93],[-67.63,-66.93],[-67.71,-67.03],[-67.68,-67.06],[-67.59,-67.02],[-67.35,-67.04],[-67.25,-66.94],[-67.31,-66.93]]],[[[-67.54,-67.93],[-67.47,-67.88],[-67.54,-67.83],[-67.74,-67.86],[-67.65,-67.91],[-67.54,-67.93]]],[[[-72.16,-69.35],[-72.21,-69.25],[-72.27,-69.22],[-72.33,-69.23],[-72.33,-69.28],[-72.28,-69.33],[-72.16,-69.35]]],[[[-71.87,-69.62],[-71.81,-69.57],[-71.78,-69.45],[-71.88,-69.4],[-71.97,-69.4],[-72.0,-69.43],[-71.99,-69.54],[-71.87,-69.62]]],[[[-58.0,-63.8],[-57.93,-63.76],[-58.04,-63.73],[-58.2,-63.8],[-58.22,-63.83],[-58.2,-63.87],[-58.14,-63.86],[-58.1,-63.83],[-58.0,-63.8]]],[[[-57.77,-64.04],[-57.77,-64.01],[-57.67,-63.97],[-57.67,-63.87],[-57.72,-63.89],[-57.79,-63.99],[-57.77,-64.04]]],[[[-70.95,-53.91],[-70.92,-53.85],[-70.79,-53.78],[-70.75,-53.66],[-70.63,-53.61],[-70.55,-53.38],[-70.59,-53.31],[-70.74,-53.3],[-70.85,-53.36],[-70.91,-53.49],[-70.87,-53.61],[-70.97,-53.8],[-71.03,-53.85],[-71.29,-53.92],[-71.3,-53.95],[-71.25,-54.01],[-71.19,-54.02],[-71.08,-53.95],[-70.96,-54.07],[-70.92,-54.04],[-70.95,-53.91]]],[[[-71.43,-53.9],[-71.48,-53.86],[-71.71,-53.85],[-71.71,-53.87],[-71.51,-53.94],[-71.48,-53.91],[-71.43,-53.93],[-71.43,-53.9]]],[[[51.22,40.06],[51.13,40.11],[51.04,40.11],[50.7,40.01],[50.35,39.85],[50.18,39.85],[49.92,39.63],[49.91,39.6],[49.96,39.43],[49.9,39.21],[49.72,39.0],[49.55,39.01],[49.48,38.97],[49.41,38.78],[49.32,38.69],[49.28,38.55],[49.28,38.4],[49.33,38.26],[49.55,37.9],[49.54,37.75],[49.58,37.62],[49.62,37.57],[49.75,37.54],[49.98,37.56],[50.11,37.53],[50.31,37.43],[50.42,37.24],[50.58,37.18],[51.01,36.9],[51.34,36.79],[51.63,36.73],[52.5,36.8],[52.83,36.98],[53.03,37.03],[53.09,37.09],[53.09,37.16],[52.98,37.41],[52.86,37.6],[52.65,37.82],[52.3,38.02],[52.01,38.08],[51.77,38.25],[51.73,38.32],[51.64,38.58],[51.7,38.9],[51.77,39.08],[51.72,39.29],[51.8,39.54],[51.79,39.65],[51.74,39.75],[51.59,39.86],[51.43,40.06],[51.22,40.06]]],[[[50.58,43.25],[50.48,43.46],[50.35,43.59],[50.18,43.64],[50.05,43.6],[50.0,43.53],[50.03,43.31],[49.99,43.23],[49.91,43.2],[49.57,43.22],[49.09,42.85],[48.98,42.72],[48.82,42.5],[48.77,42.36],[48.76,42.21],[48.81,41.92],[48.94,41.72],[49.01,41.67],[49.54,41.47],[50.06,41.23],[50.17,41.11],[50.26,41.07],[50.45,41.04],[50.72,41.07],[50.89,41.0],[51.0,40.88],[51.21,40.48],[51.33,40.43],[51.46,40.44],[51.51,40.48],[51.57,40.6],[51.5,40.81],[51.56,41.18],[51.49,41.7],[51.33,42.04],[51.31,42.34],[51.23,42.48],[51.1,42.59],[50.89,42.68],[50.68,42.71],[50.54,42.81],[50.52,42.9],[50.58,43.11],[50.58,43.25]]],[[[-179.96,-18.62],[-179.95,-18.51],[-180.0,-18.48],[-180.0,-18.71],[-179.96,-18.62]]]]}}]}