{"type":"FeatureCollection","features":[{"type":"Feature","properties":{"depth":1000},"geometry":{"type":"MultiPolygon","coordinates":[[[[180.0,28.37],[141.36,35.85],[141.38,35.33],[141.36,35.28],[141.29,35.26],[141.05,35.28],[140.9,35.06],[140.52,34.85],[140.18,34.96],[139.98,34.82],[139.79,34.77],[139.61,34.84],[139.5,34.99],[139.32,35.12],[139.29,34.95],[139.5,34.86],[139.58,34.7],[139.67,34.63],[139.7,34.39],[139.87,34.26],[139.9,34.2],[139.88,34.13],[139.73,33.98],[139.73,33.86],[139.67,33.83],[139.57,33.82],[139.44,33.94],[139.22,33.91],[139.06,33.96],[138.89,33.77],[138.56,33.76],[138.53,33.84],[138.65,34.03],[138.89,34.24],[138.95,34.34],[138.91,34.41],[138.79,34.36],[138.69,34.37],[138.66,34.63],[138.6,34.68],[138.51,34.55],[138.44,34.31],[138.35,34.21],[138.29,34.2],[138.24,34.25],[138.16,34.26],[138.02,34.1],[137.84,34.02],[137.75,34.03],[137.69,34.08],[137.73,34.29],[137.68,34.33],[137.58,34.35],[137.35,34.2],[137.11,34.2],[137.02,34.1],[137.04,34.04],[137.0,33.93],[136.91,33.91],[136.78,34.0],[136.64,33.99],[136.27,33.77],[136.13,33.6],[136.04,33.43],[135.91,33.34],[135.4,33.42],[135.26,33.5],[134.95,33.53],[134.92,33.48],[134.42,33.34],[134.35,33.29],[134.43,33.25],[134.55,33.24],[134.71,33.29],[134.92,33.24],[135.07,33.24],[135.11,33.17],[135.05,33.07],[134.81,32.94],[134.59,32.9],[134.33,32.93],[134.21,32.83],[134.12,32.67],[134.05,32.67],[134.01,32.71],[133.98,32.9],[133.94,32.95],[133.84,32.97],[133.73,32.93],[133.67,32.88],[133.66,32.81],[133.81,32.7],[133.85,32.61],[133.75,32.45],[133.63,32.42],[133.53,32.26],[133.45,32.27],[133.37,32.4],[133.21,32.38],[133.03,32.3],[132.89,32.3],[132.57,32.52],[132.31,32.56],[132.22,32.42],[132.12,32.38],[132.07,32.31],[132.08,32.13],[132.02,31.92],[132.02,31.78],[131.93,31.58],[131.95,31.34],[131.91,31.29],[131.76,31.22],[131.69,31.08],[131.54,30.94],[131.54,30.84],[131.5,30.79],[131.47,30.62],[131.35,30.53],[131.35,30.48],[131.26,30.38],[131.21,30.1],[130.78,29.83],[130.75,29.73],[130.8,29.78],[130.86,29.78],[130.9,29.76],[130.89,29.7],[130.7,29.64],[130.59,29.43],[130.46,29.33],[130.33,29.29],[130.11,29.3],[129.84,29.35],[129.73,29.27],[129.74,29.2],[129.8,29.15],[130.04,29.15],[130.22,28.89],[130.22,28.8],[130.13,28.61],[130.23,28.48],[130.24,28.32],[130.21,28.23],[129.99,28.02],[129.74,28.04],[129.56,27.87],[129.37,27.83],[129.35,27.76],[129.45,27.58],[129.42,27.47],[129.24,27.31],[128.96,27.32],[128.93,27.12],[128.79,26.91],[128.66,26.92],[128.62,26.88],[128.61,26.6],[128.29,26.34],[128.26,26.18],[128.19,26.1],[127.88,25.94],[127.49,25.87],[127.46,25.82],[127.12,25.74],[127.04,25.78],[127.04,25.98],[127.01,26.05],[126.77,26.14],[126.64,26.28],[126.6,26.4],[126.77,26.64],[126.86,26.69],[126.87,26.85],[127.24,27.23],[127.25,27.26],[127.16,27.3],[127.15,27.34],[127.22,27.37],[127.27,27.31],[127.39,27.31],[127.41,27.35],[127.34,27.5],[127.61,27.65],[127.63,27.82],[127.73,27.86],[127.67,27.92],[127.73,28.08],[127.66,28.13],[127.63,28.22],[127.53,28.22],[127.51,28.25],[127.51,28.31],[127.6,28.48],[127.7,28.56],[127.85,28.56],[127.87,28.69],[128.03,28.7],[128.16,28.64],[128.25,28.52],[128.21,28.48],[127.96,28.52],[127.9,28.49],[128.12,28.39],[128.14,28.32],[128.09,28.25],[128.32,28.24],[128.37,28.21],[128.41,28.11],[128.49,28.09],[128.59,28.12],[128.63,28.18],[128.63,28.28],[128.62,28.34],[128.57,28.37],[128.57,28.44],[128.38,28.51],[128.35,28.56],[128.39,28.65],[128.57,28.63],[128.57,28.8],[128.4,28.87],[128.38,28.97],[128.31,28.97],[128.29,29.01],[128.39,29.04],[128.5,28.99],[128.76,29.09],[128.74,29.26],[128.78,29.36],[128.78,29.69],[128.42,29.69],[128.34,29.56],[128.24,29.5],[127.82,29.47],[127.58,29.26],[127.58,29.18],[127.49,29.02],[127.55,28.88],[127.54,28.82],[127.41,28.78],[127.23,28.61],[127.27,28.32],[127.2,28.19],[127.11,28.11],[126.79,27.98],[126.67,27.98],[126.32,27.71],[126.22,27.3],[126.29,27.17],[126.26,27.08],[126.21,27.04],[126.05,27.02],[125.86,26.87],[125.85,26.72],[125.81,26.67],[125.42,26.61],[125.4,26.59],[125.5,26.57],[125.53,26.49],[125.49,26.38],[125.36,26.25],[125.24,26.22],[124.98,26.31],[124.9,26.3],[124.86,26.26],[124.82,26.04],[124.58,25.78],[124.34,25.75],[124.3,25.66],[124.18,25.63],[124.07,25.56],[123.84,25.62],[123.62,25.61],[123.5,25.49],[123.22,25.49],[123.17,25.37],[123.1,25.38],[122.95,25.47],[122.9,25.35],[122.81,25.32],[122.57,25.13],[122.4,25.08],[122.28,24.97],[122.47,24.79],[122.53,24.81],[122.81,24.8],[122.83,24.67],[123.35,24.69],[123.39,24.65],[123.36,24.48],[123.48,24.45],[123.86,24.6],[123.94,24.67],[124.27,24.84],[124.39,24.82],[124.4,24.93],[124.55,25.02],[124.8,25.06],[124.99,25.01],[125.21,25.22],[125.33,25.2],[125.45,25.27],[125.58,25.26],[125.64,25.49],[125.72,25.52],[125.78,25.63],[125.94,25.73],[126.01,25.91],[126.06,25.92],[126.09,25.8],[126.14,25.78],[126.31,25.87],[126.38,26.02],[126.65,25.99],[126.89,25.92],[126.94,25.8],[127.04,25.73],[127.05,25.68],[126.77,25.42],[126.6,25.37],[126.35,25.04],[126.19,24.91],[126.14,24.82],[125.98,24.77],[125.92,24.68],[125.74,24.53],[125.52,24.48],[125.28,24.5],[125.02,24.33],[124.85,24.26],[124.38,24.21],[124.22,24.07],[124.04,24.06],[123.88,23.98],[123.51,24.01],[123.33,23.95],[123.11,23.97],[122.96,24.05],[122.83,24.19],[122.64,24.17],[122.52,24.22],[122.4,24.19],[122.09,24.45],[121.98,24.43],[121.87,24.26],[121.82,24.24],[121.8,24.05],[121.7,23.88],[121.68,23.48],[121.63,23.45],[121.56,23.26],[121.56,23.11],[121.51,22.99],[121.61,22.74],[121.61,22.66],[121.5,22.56],[121.42,22.56],[121.39,22.73],[121.35,22.78],[121.32,22.78],[121.34,22.26],[121.29,22.19],[121.22,22.18],[121.17,22.22],[121.13,22.3],[121.14,22.46],[121.07,22.43],[121.03,21.96],[121.19,21.97],[121.25,21.88],[121.18,21.5],[121.08,21.48],[121.04,21.44],[121.04,20.97],[120.98,20.86],[120.93,20.84],[120.87,20.86],[120.84,21.0],[120.56,21.27],[120.56,21.41],[120.62,21.52],[120.6,21.6],[120.3,21.69],[120.3,21.73],[120.39,21.81],[120.4,21.95],[120.3,21.93],[120.22,21.96],[120.13,22.14],[120.07,22.18],[119.93,22.08],[119.88,22.1],[119.95,22.37],[119.83,22.48],[119.72,22.48],[119.38,22.24],[119.0,22.12],[118.8,22.1],[118.44,22.15],[118.25,22.08],[118.18,21.84],[118.08,21.72],[118.01,21.7],[117.98,21.53],[117.86,21.41],[117.8,21.4],[117.96,21.11],[117.95,21.0],[117.72,20.88],[117.62,20.69],[117.48,20.57],[117.46,20.4],[117.31,20.33],[117.29,20.26],[117.19,20.23],[117.02,20.06],[116.93,20.04],[116.76,20.09],[116.33,20.11],[116.26,20.16],[116.05,20.08],[115.61,20.09],[115.42,19.94],[115.3,19.97],[115.22,19.92],[115.13,19.94],[114.96,19.82],[114.5,19.7],[114.51,19.41],[114.49,19.35],[114.31,19.27],[113.89,18.91],[113.69,18.87],[113.38,18.89],[113.3,18.84],[113.18,18.84],[112.94,18.62],[112.68,18.5],[112.47,18.49],[112.3,18.41],[112.03,18.43],[111.5,18.4],[111.31,18.31],[110.96,18.03],[110.89,17.92],[110.85,17.66],[110.78,17.62],[110.64,17.59],[110.54,17.4],[110.38,17.35],[110.35,17.28],[110.28,17.26],[110.04,17.02],[109.99,16.85],[109.82,16.63],[109.8,16.37],[109.94,16.3],[109.97,16.18],[110.14,16.15],[110.17,16.0],[110.31,15.96],[110.36,16.02],[110.87,16.22],[111.01,16.21],[111.12,16.15],[111.19,16.17],[111.01,16.5],[110.91,16.54],[110.78,16.52],[110.73,16.64],[110.83,16.82],[111.06,16.9],[111.11,16.88],[111.22,16.74],[111.29,16.8],[111.22,16.97],[111.24,17.16],[111.12,17.11],[111.05,17.12],[111.0,17.24],[111.19,17.38],[111.29,17.53],[111.35,17.57],[111.43,17.54],[111.44,17.39],[111.5,17.37],[111.6,17.47],[111.64,17.4],[111.58,17.33],[111.79,17.35],[111.96,17.3],[112.03,17.18],[112.12,17.2],[112.33,17.16],[112.35,17.17],[112.2,17.27],[112.2,17.32],[112.26,17.38],[112.42,17.4],[112.7,17.01],[112.69,16.93],[112.56,16.77],[112.76,16.79],[112.85,16.77],[112.89,16.72],[112.89,16.59],[113.03,16.6],[113.06,16.57],[113.06,16.48],[113.02,16.44],[112.87,16.46],[112.73,16.32],[112.55,16.22],[112.76,16.22],[112.82,16.15],[112.78,16.06],[112.69,15.97],[112.41,15.88],[112.39,15.83],[112.49,15.82],[112.53,15.77],[112.49,15.7],[112.22,15.65],[112.06,15.72],[111.98,15.65],[111.87,15.63],[111.72,15.89],[111.61,15.91],[111.49,15.88],[111.47,15.83],[111.5,15.65],[111.48,15.6],[111.4,15.57],[111.18,15.6],[111.08,15.56],[110.9,15.24],[110.9,15.07],[110.86,15.0],[110.86,14.88],[110.78,14.69],[110.5,14.51],[110.01,13.98],[109.9,13.48],[109.87,11.83],[109.94,11.69],[110.09,11.64],[110.09,11.51],[110.16,11.5],[110.22,11.42],[110.35,11.39],[110.37,11.34],[110.33,11.28],[110.2,11.29],[110.23,11.1],[110.18,10.87],[110.14,10.82],[110.18,10.65],[110.0,10.41],[109.78,10.22],[109.7,10.01],[109.44,9.7],[109.52,9.51],[109.49,9.45],[109.38,9.4],[109.34,9.34],[109.39,9.07],[109.32,8.9],[109.41,8.78],[109.37,8.61],[109.38,8.56],[109.46,8.5],[109.57,8.33],[109.61,8.38],[109.7,8.38],[109.82,8.45],[109.77,8.56],[109.82,8.61],[109.88,8.62],[109.98,8.52],[110.25,8.45],[110.41,8.52],[110.53,8.51],[110.62,8.35],[110.75,8.33],[110.78,8.18],[110.74,7.97],[110.63,7.75],[110.55,7.7],[110.38,7.68],[110.23,7.49],[109.89,7.4],[109.85,7.22],[109.68,7.1],[109.58,6.93],[109.66,6.89],[109.69,6.78],[109.68,6.67],[109.63,6.63],[109.63,6.58],[109.83,6.35],[109.92,6.29],[110.16,6.26],[110.35,6.34],[110.45,6.12],[110.76,5.95],[110.9,5.93],[111.02,5.83],[111.24,5.86],[111.43,5.66],[111.6,5.74],[111.74,5.71],[111.9,5.82],[112.08,5.86],[112.2,5.98],[112.46,6.08],[112.47,6.3],[112.55,6.32],[112.7,6.1],[112.84,6.18],[112.91,6.15],[112.94,6.1],[112.94,5.99],[112.87,5.89],[112.68,5.86],[112.66,5.69],[112.75,5.58],[112.85,5.62],[112.92,5.57],[112.94,5.52],[112.87,5.4],[113.0,5.36],[113.09,5.23],[113.2,5.21],[113.47,5.26],[113.59,5.14],[113.64,5.18],[113.76,5.18],[114.5,5.94],[114.69,6.07],[114.84,6.22],[114.96,6.24],[115.06,6.43],[115.19,6.52],[115.2,6.58],[115.25,6.6],[115.29,6.78],[115.36,6.91],[115.56,7.06],[115.66,7.2],[115.9,7.32],[116.02,7.46],[116.21,7.52],[116.3,7.59],[116.36,7.68],[116.38,7.82],[116.46,7.97],[116.51,8.18],[116.64,8.45],[116.88,8.74],[116.9,8.88],[117.03,9.01],[117.1,9.17],[117.31,9.26],[117.65,9.58],[117.88,9.88],[117.86,10.06],[118.08,10.27],[118.08,10.44],[118.26,10.68],[118.27,10.87],[118.46,10.92],[118.44,11.09],[118.54,11.14],[118.73,11.57],[118.9,11.69],[118.94,11.86],[118.91,12.14],[118.94,12.21],[119.01,12.26],[119.14,12.25],[119.21,12.19],[119.26,12.02],[119.3,12.02],[119.42,12.12],[119.78,12.77],[119.83,12.82],[120.1,12.89],[120.34,12.84],[120.48,12.86],[120.7,12.79],[120.68,12.85],[120.57,12.95],[120.49,13.13],[120.26,13.4],[120.26,13.59],[120.12,13.68],[119.96,13.85],[119.96,13.93],[120.05,14.02],[120.1,14.18],[120.22,14.24],[120.26,14.3],[120.1,14.35],[120.1,14.52],[120.03,14.6],[119.96,14.78],[119.86,14.88],[119.88,15.17],[119.78,15.38],[119.81,15.55],[119.67,15.95],[119.66,16.17],[119.71,16.58],[119.79,16.78],[119.87,16.84],[120.22,16.87],[120.26,17.09],[120.34,17.21],[120.3,17.38],[120.25,17.15],[120.21,17.11],[120.11,17.1],[120.02,17.18],[119.98,17.3],[119.99,17.39],[120.05,17.48],[120.14,17.52],[120.24,17.5],[120.24,17.81],[120.15,18.0],[120.18,18.19],[120.26,18.34],[120.46,18.43],[120.41,18.48],[120.4,18.54],[120.53,18.72],[120.7,18.72],[120.82,18.82],[120.96,18.77],[121.02,18.82],[121.1,18.94],[121.03,19.29],[121.32,19.51],[121.41,19.52],[121.38,19.81],[121.4,19.85],[121.48,19.87],[121.56,19.79],[121.65,19.55],[121.7,19.3],[121.82,19.18],[121.94,19.18],[122.04,19.13],[122.24,19.17],[122.3,19.13],[122.3,19.04],[122.21,18.98],[122.11,18.85],[121.9,18.74],[122.18,18.82],[122.5,18.78],[122.58,18.69],[122.5,18.48],[122.54,18.41],[122.55,18.3],[122.39,18.12],[122.33,17.9],[122.36,17.65],[122.52,17.42],[122.66,17.08],[122.66,16.94],[122.4,16.49],[122.35,16.25],[121.87,15.79],[121.71,15.46],[121.72,15.34],[121.79,15.28],[122.04,15.22],[122.2,15.12],[122.47,15.03],[122.52,15.02],[122.61,15.08],[122.88,14.98],[123.24,14.99],[123.46,14.88],[123.5,14.92],[123.47,15.07],[123.5,15.12],[123.6,15.14],[123.74,15.12],[123.88,14.93],[124.15,14.76],[124.19,14.67],[124.16,14.52],[124.2,14.42],[124.54,14.26],[124.7,13.82],[124.73,13.61],[124.68,13.5],[124.59,13.42],[124.35,13.38],[124.39,13.31],[124.34,13.15],[124.75,12.94],[124.81,12.83],[125.13,12.8],[125.31,12.65],[125.66,12.16],[125.76,11.86],[125.69,11.65],[125.69,11.54],[125.81,11.35],[125.81,11.23],[125.96,11.04],[126.07,10.73],[126.12,10.22],[126.29,9.89],[126.33,9.45],[126.5,8.93],[126.5,8.74],[126.58,8.5],[126.7,8.33],[126.74,7.68],[180.0,-3.87],[180.0,28.37]],[[140.26,34.06],[140.38,33.91],[140.45,33.72],[140.55,33.55],[140.54,33.25],[140.48,33.16],[140.43,32.92],[140.38,32.86],[140.21,32.78],[140.16,32.71],[140.02,32.69],[140.08,32.51],[140.06,32.45],[139.97,32.38],[139.8,32.35],[139.69,32.45],[139.62,32.37],[139.34,32.45],[139.14,32.38],[139.08,32.4],[139.09,32.73],[139.15,32.76],[139.09,32.94],[139.1,33.0],[139.15,33.05],[139.24,33.07],[139.47,32.97],[139.56,32.99],[139.51,33.12],[139.56,33.24],[139.49,33.31],[139.54,33.5],[139.75,33.65],[139.78,33.77],[139.85,33.84],[139.89,33.98],[140.02,34.04],[140.26,34.06]],[[139.34,33.39],[139.43,33.31],[139.42,33.24],[139.29,33.22],[139.22,33.24],[139.19,33.29],[139.21,33.35],[139.26,33.39],[139.34,33.39]],[[139.32,33.71],[139.36,33.68],[139.36,33.62],[139.28,33.59],[139.24,33.61],[139.23,33.67],[139.25,33.71],[139.32,33.71]],[[140.14,31.99],[140.14,31.89],[140.07,31.8],[139.99,31.76],[139.78,31.77],[139.75,32.0],[139.82,32.03],[139.78,32.06],[139.78,32.14],[139.95,32.19],[139.99,32.16],[139.99,32.05],[140.14,31.99]],[[139.37,31.38],[139.23,31.31],[139.13,31.32],[139.11,31.36],[139.15,31.44],[139.27,31.51],[139.06,31.54],[139.08,31.65],[139.37,31.72],[139.44,31.7],[139.46,31.61],[139.42,31.56],[139.37,31.38]],[[139.84,31.43],[139.77,31.51],[139.82,31.63],[139.97,31.58],[140.18,31.58],[140.22,31.51],[140.16,31.39],[140.16,31.19],[140.09,31.17],[140.01,31.2],[139.97,31.27],[139.99,31.34],[139.84,31.43]],[[139.67,31.16],[139.57,31.11],[139.5,31.15],[139.52,31.32],[139.61,31.39],[139.66,31.4],[139.72,31.35],[139.72,31.25],[139.67,31.16]],[[139.02,30.93],[138.97,30.96],[138.96,31.02],[139.05,31.08],[139.1,31.05],[139.12,30.96],[139.08,30.92],[139.02,30.93]],[[138.86,30.91],[138.81,30.85],[138.73,30.83],[138.67,30.89],[138.7,30.96],[138.76,30.99],[138.84,30.97],[138.86,30.91]],[[140.19,30.43],[140.16,30.48],[140.17,30.53],[140.32,30.67],[140.56,30.56],[140.61,30.48],[140.59,30.43],[140.19,30.43]],[[140.0,30.39],[139.96,30.34],[139.85,30.34],[139.8,30.49],[139.8,30.58],[139.83,30.6],[139.9,30.58],[140.0,30.39]],[[140.43,29.88],[140.45,29.81],[140.41,29.74],[140.31,29.75],[140.32,29.85],[140.4,29.9],[140.43,29.88]],[[141.86,28.02],[141.94,28.11],[142.07,28.11],[142.38,27.9],[142.49,27.7],[142.49,27.58],[142.44,27.53],[142.46,27.39],[142.44,27.29],[142.5,27.13],[142.44,27.02],[142.32,26.95],[142.46,26.71],[142.39,26.47],[142.42,26.29],[142.35,26.24],[142.21,26.29],[142.07,26.41],[141.98,26.83],[141.99,27.06],[142.05,27.27],[142.06,27.49],[142.01,27.66],[141.89,27.77],[141.86,28.02]],[[168.77,27.72],[168.71,27.76],[168.7,27.84],[168.74,27.89],[168.82,27.89],[168.87,27.85],[168.87,27.78],[168.83,27.72],[168.77,27.72]],[[166.21,27.45],[166.13,27.49],[166.13,27.54],[166.22,27.56],[166.28,27.53],[166.29,27.48],[166.21,27.45]],[[145.2,27.22],[145.16,27.27],[145.18,27.34],[145.24,27.39],[145.3,27.39],[145.32,27.34],[145.29,27.25],[145.25,27.21],[145.2,27.22]],[[141.08,26.25],[141.19,26.18],[141.17,26.07],[140.97,26.02],[140.86,26.06],[140.86,26.13],[141.02,26.25],[141.08,26.25]],[[144.23,26.07],[144.1,26.13],[144.07,26.17],[144.1,26.2],[144.21,26.22],[144.33,26.18],[144.34,26.14],[144.31,26.09],[144.23,26.07]],[[131.39,26.02],[131.41,25.96],[131.36,25.85],[131.27,25.77],[131.18,25.78],[131.16,25.87],[131.25,25.99],[131.32,26.03],[131.39,26.02]],[[135.87,26.03],[135.76,26.13],[135.77,26.21],[135.86,26.2],[135.9,26.15],[135.92,26.06],[135.87,26.03]],[[141.14,26.78],[141.15,26.75],[141.11,26.66],[140.9,26.62],[140.91,26.74],[141.14,26.78]],[[140.94,27.34],[141.0,27.27],[141.0,27.2],[140.89,27.15],[140.8,27.17],[140.77,27.24],[140.79,27.29],[140.86,27.35],[140.94,27.34]],[[128.17,28.9],[128.15,28.77],[128.07,28.71],[128.02,28.73],[127.99,28.79],[128.02,28.9],[128.14,28.93],[128.17,28.9]],[[141.23,25.14],[141.16,25.19],[141.09,25.48],[141.1,25.55],[141.16,25.63],[141.32,25.6],[141.37,25.5],[141.32,25.16],[141.23,25.14]],[[141.13,24.72],[141.1,24.85],[141.15,24.95],[141.37,24.97],[141.51,24.9],[141.53,24.79],[141.46,24.65],[141.62,24.36],[141.62,24.24],[141.58,24.18],[141.5,24.14],[141.42,24.18],[141.31,24.48],[141.13,24.72]],[[153.93,24.25],[153.89,24.3],[153.91,24.35],[154.06,24.31],[154.03,24.23],[153.93,24.25]],[[141.34,24.19],[141.36,24.1],[141.34,24.02],[141.25,24.0],[141.21,24.05],[141.22,24.14],[141.28,24.2],[141.34,24.19]],[[125.76,24.12],[125.87,24.0],[125.87,23.91],[125.83,23.88],[125.75,23.88],[125.66,23.98],[125.66,24.1],[125.76,24.12]],[[131.28,24.58],[131.33,24.55],[131.32,24.47],[131.23,24.44],[131.14,24.46],[131.14,24.55],[131.28,24.58]],[[141.72,23.86],[141.81,23.84],[141.83,23.75],[141.77,23.7],[141.65,23.67],[141.61,23.71],[141.62,23.79],[141.72,23.86]],[[151.8,23.68],[151.88,23.73],[151.96,23.68],[151.94,23.63],[151.87,23.61],[151.81,23.63],[151.8,23.68]],[[141.94,23.57],[142.0,23.59],[142.04,23.56],[142.05,23.47],[142.02,23.43],[141.9,23.45],[141.89,23.52],[141.94,23.57]],[[152.91,23.45],[152.98,23.53],[153.06,23.53],[153.12,23.47],[153.12,23.4],[153.08,23.33],[152.97,23.29],[152.91,23.34],[152.91,23.45]],[[141.7,23.24],[141.7,23.16],[141.67,23.15],[141.48,23.21],[141.5,23.31],[141.43,23.37],[141.46,23.47],[141.6,23.52],[141.7,23.24]],[[175.53,22.94],[175.65,23.06],[175.71,23.05],[175.74,23.0],[175.73,22.89],[175.62,22.8],[175.55,22.81],[175.53,22.94]],[[142.75,22.92],[142.83,22.81],[142.79,22.72],[142.7,22.74],[142.64,22.82],[142.65,22.9],[142.75,22.92]],[[160.87,22.73],[160.93,22.74],[160.99,22.69],[160.99,22.62],[160.95,22.58],[160.86,22.6],[160.87,22.73]],[[161.41,22.41],[161.45,22.46],[161.53,22.45],[161.57,22.37],[161.56,22.29],[161.46,22.28],[161.41,22.41]],[[121.54,22.37],[121.57,22.35],[121.58,22.25],[121.72,22.04],[121.7,21.89],[121.79,21.61],[121.76,21.48],[121.6,21.4],[121.54,21.45],[121.51,21.64],[121.43,21.82],[121.46,21.87],[121.61,21.86],[121.6,21.89],[121.43,22.01],[121.4,22.14],[121.45,22.34],[121.54,22.37]],[[175.5,21.87],[175.42,21.92],[175.44,22.02],[175.57,22.06],[175.66,22.02],[175.67,21.97],[175.64,21.9],[175.5,21.87]],[[176.33,21.61],[176.28,21.66],[176.3,21.74],[176.4,21.8],[176.49,21.78],[176.51,21.71],[176.48,21.66],[176.41,21.62],[176.33,21.61]],[[159.71,21.42],[159.77,21.45],[159.84,21.42],[159.89,21.36],[159.88,21.3],[159.82,21.27],[159.75,21.29],[159.71,21.35],[159.71,21.42]],[[159.94,21.29],[159.98,21.36],[160.06,21.37],[160.11,21.33],[160.1,21.27],[160.04,21.24],[159.97,21.24],[159.94,21.29]],[[176.5,21.31],[176.58,21.29],[176.63,21.23],[176.59,21.12],[176.51,21.11],[176.4,21.19],[176.39,21.26],[176.5,21.31]],[[158.39,21.21],[158.53,21.16],[158.56,21.11],[158.54,21.07],[158.43,21.06],[158.27,21.11],[158.29,21.19],[158.39,21.21]],[[122.04,21.2],[122.09,20.79],[122.06,20.69],[122.13,20.52],[122.12,20.45],[121.96,20.17],[121.94,20.03],[121.82,19.99],[121.79,19.88],[121.71,19.86],[121.64,19.91],[121.62,19.97],[121.75,20.21],[121.73,20.42],[121.69,20.52],[121.72,20.64],[121.69,20.75],[121.85,20.93],[121.82,21.07],[121.86,21.19],[121.97,21.25],[122.04,21.2]],[[147.99,20.64],[148.08,20.68],[148.2,20.67],[148.29,20.6],[148.29,20.52],[148.19,20.46],[148.04,20.49],[147.98,20.54],[147.99,20.64]],[[163.75,20.55],[163.88,20.58],[163.94,20.52],[163.91,20.45],[163.81,20.41],[163.73,20.48],[163.75,20.55]],[[160.87,20.54],[160.91,20.49],[160.93,20.35],[160.89,20.21],[160.81,20.17],[160.75,20.19],[160.64,20.29],[160.62,20.42],[160.66,20.48],[160.87,20.54]],[[163.09,20.25],[162.98,20.29],[163.0,20.36],[163.16,20.39],[163.25,20.35],[163.25,20.31],[163.21,20.26],[163.09,20.25]],[[163.3,20.26],[163.41,20.26],[163.46,20.16],[163.34,20.16],[163.28,20.22],[163.3,20.26]],[[149.71,20.15],[149.64,20.14],[149.59,20.17],[149.56,20.25],[149.57,20.31],[149.72,20.32],[149.75,20.21],[149.71,20.15]],[[145.16,20.25],[145.19,20.22],[145.19,20.13],[145.13,20.09],[145.05,20.12],[145.04,20.19],[145.16,20.25]],[[145.23,20.11],[145.28,20.11],[145.34,20.03],[145.3,19.95],[145.22,19.94],[145.18,19.98],[145.17,20.07],[145.23,20.11]],[[122.21,20.04],[122.25,19.99],[122.26,19.9],[122.23,19.86],[122.15,19.86],[122.09,19.92],[122.09,19.97],[122.16,20.03],[122.21,20.04]],[[171.93,19.86],[172.01,19.88],[172.08,19.74],[172.06,19.63],[171.96,19.59],[171.89,19.67],[171.93,19.86]],[[162.25,19.77],[162.32,19.73],[162.32,19.65],[162.26,19.57],[162.17,19.55],[162.11,19.6],[162.11,19.68],[162.17,19.75],[162.25,19.77]],[[122.14,19.57],[122.11,19.46],[122.04,19.39],[121.75,19.44],[121.75,19.53],[121.9,19.73],[121.85,19.83],[121.87,19.92],[121.97,19.94],[121.99,19.82],[122.09,19.82],[122.06,19.73],[122.13,19.67],[122.14,19.57]],[[145.42,19.4],[145.46,19.49],[145.52,19.49],[145.56,19.45],[145.55,19.36],[145.51,19.33],[145.42,19.4]],[[167.37,19.43],[167.45,19.46],[167.53,19.44],[167.57,19.39],[167.56,19.31],[167.5,19.26],[167.44,19.26],[167.37,19.33],[167.37,19.43]],[[166.68,19.42],[166.72,19.39],[166.74,19.31],[166.68,19.23],[166.61,19.23],[166.56,19.27],[166.54,19.33],[166.59,19.4],[166.68,19.42]],[[152.74,19.34],[152.78,19.3],[152.78,19.22],[152.71,19.18],[152.64,19.21],[152.62,19.28],[152.74,19.34]],[[145.36,19.61],[145.32,19.7],[145.34,19.73],[145.47,19.78],[145.5,19.73],[145.5,19.65],[145.44,19.61],[145.36,19.61]],[[160.07,19.61],[160.02,19.67],[160.06,19.74],[160.18,19.77],[160.25,19.73],[160.24,19.62],[160.07,19.61]],[[136.12,20.31],[136.0,20.33],[135.98,20.37],[136.01,20.46],[136.11,20.49],[136.19,20.45],[136.2,20.41],[136.12,20.31]],[[144.93,20.47],[144.85,20.49],[144.83,20.53],[144.83,20.58],[144.92,20.63],[144.97,20.62],[145.03,20.51],[144.93,20.47]],[[121.44,21.24],[121.54,21.29],[121.63,21.29],[121.7,21.27],[121.72,21.22],[121.65,21.14],[121.52,21.12],[121.41,21.16],[121.44,21.24]],[[112.77,17.58],[112.81,17.57],[112.85,17.49],[112.81,17.41],[112.77,17.39],[112.68,17.41],[112.63,17.47],[112.67,17.55],[112.77,17.58]],[[112.88,17.41],[112.98,17.47],[113.02,17.47],[113.04,17.4],[112.97,17.3],[112.88,17.33],[112.88,17.41]],[[118.66,17.11],[118.62,17.16],[118.65,17.23],[118.76,17.29],[118.84,17.27],[118.86,17.24],[118.81,17.16],[118.66,17.11]],[[116.68,16.62],[116.71,16.7],[116.8,16.66],[116.8,16.61],[116.77,16.57],[116.68,16.62]],[[114.55,16.44],[114.77,16.42],[115.05,16.25],[115.02,16.1],[114.75,15.67],[114.4,15.54],[114.33,15.39],[114.26,15.37],[113.95,15.42],[113.58,15.57],[113.57,15.63],[113.61,15.7],[113.81,15.74],[113.83,15.89],[113.93,15.96],[113.85,16.05],[113.88,16.15],[113.93,16.19],[114.03,16.13],[114.08,16.14],[114.26,16.32],[114.55,16.44]],[[112.77,15.89],[112.78,15.78],[112.72,15.73],[112.68,15.74],[112.65,15.8],[112.66,15.89],[112.77,15.89]],[[111.92,15.1],[111.83,15.16],[111.82,15.24],[111.86,15.29],[112.01,15.3],[112.05,15.24],[112.06,15.14],[112.02,15.11],[111.92,15.1]],[[117.67,15.13],[117.65,15.24],[117.74,15.3],[117.87,15.25],[117.93,15.17],[117.91,15.09],[117.85,15.05],[117.75,15.05],[117.67,15.13]],[[115.39,13.93],[115.36,13.99],[115.39,14.04],[115.45,14.07],[115.52,14.06],[115.55,13.99],[115.53,13.95],[115.39,13.93]],[[112.65,13.6],[112.6,13.77],[112.63,13.86],[112.67,13.88],[112.72,13.84],[112.75,13.72],[112.7,13.6],[112.65,13.6]],[[116.64,11.86],[116.8,12.04],[117.13,12.08],[117.25,12.04],[117.32,11.98],[117.54,11.66],[117.58,11.45],[117.72,11.23],[117.7,11.16],[117.55,11.02],[117.53,10.78],[117.46,10.58],[117.12,10.54],[117.01,10.64],[116.98,10.73],[117.02,10.54],[116.82,10.3],[116.51,10.28],[116.43,10.31],[116.42,10.38],[116.52,10.61],[116.64,10.7],[116.53,10.82],[116.49,10.82],[116.44,10.79],[116.29,10.53],[116.16,10.51],[116.04,10.86],[116.24,11.08],[116.28,11.23],[116.35,11.33],[116.35,11.45],[116.52,11.76],[116.64,11.86]],[[117.9,11.57],[117.82,11.63],[117.84,11.71],[117.89,11.74],[117.94,11.71],[117.99,11.62],[117.97,11.57],[117.9,11.57]],[[117.72,10.68],[117.67,10.76],[117.7,10.86],[117.82,11.06],[117.94,11.09],[117.97,10.95],[117.95,10.81],[117.84,10.69],[117.72,10.68]],[[115.29,10.38],[115.44,10.36],[115.5,10.28],[115.43,10.17],[115.31,10.11],[115.22,10.12],[115.15,10.22],[115.02,10.3],[115.01,10.38],[115.1,10.49],[115.08,10.59],[115.13,10.66],[115.24,10.67],[115.33,10.62],[115.35,10.55],[115.27,10.41],[115.29,10.38]],[[115.61,10.12],[115.78,10.1],[115.82,9.98],[115.66,9.87],[115.46,9.64],[115.38,9.6],[115.34,9.62],[115.33,9.69],[115.44,9.89],[115.44,10.01],[115.61,10.12]],[[116.4,9.92],[116.52,9.91],[116.64,9.84],[116.69,9.74],[116.69,9.7],[116.59,9.65],[116.38,9.74],[116.33,9.84],[116.4,9.92]],[[116.23,9.73],[116.26,9.58],[116.19,9.51],[116.14,9.53],[116.1,9.58],[116.11,9.65],[116.19,9.74],[116.23,9.73]],[[113.11,9.6],[113.02,9.54],[112.88,9.49],[112.83,9.5],[112.78,9.57],[112.81,9.65],[112.88,9.71],[113.11,9.79],[113.16,9.74],[113.11,9.6]],[[115.47,9.49],[115.57,9.47],[115.59,9.36],[115.48,9.24],[115.37,9.22],[115.34,9.27],[115.34,9.33],[115.41,9.46],[115.47,9.49]],[[115.93,9.25],[115.86,9.3],[115.84,9.37],[115.95,9.44],[116.02,9.4],[116.06,9.3],[116.01,9.25],[115.93,9.25]],[[116.39,9.25],[116.52,9.28],[116.62,9.14],[116.74,9.12],[116.74,9.03],[116.63,9.01],[116.54,9.1],[116.4,9.12],[116.39,9.25]],[[116.33,9.0],[116.4,8.95],[116.4,8.85],[116.31,8.79],[116.22,8.8],[116.19,8.84],[116.19,8.94],[116.33,9.0]],[[114.86,9.0],[114.87,8.91],[114.8,8.81],[114.55,8.69],[114.77,8.71],[114.82,8.68],[114.81,8.43],[114.74,8.34],[114.89,8.3],[114.94,8.25],[114.96,8.11],[114.92,8.01],[114.88,7.96],[114.74,7.94],[114.5,7.78],[114.29,7.48],[114.23,7.46],[114.0,7.51],[113.97,7.35],[113.93,7.3],[113.83,7.29],[113.73,7.32],[113.69,7.39],[113.74,7.49],[113.68,7.61],[113.69,7.68],[113.78,7.76],[114.02,7.82],[113.81,7.96],[113.82,8.08],[113.88,8.11],[114.05,8.09],[114.12,8.21],[114.25,8.22],[114.29,8.18],[114.29,8.08],[114.14,8.04],[114.11,7.95],[114.12,7.91],[114.37,8.09],[114.36,8.27],[114.38,8.3],[114.56,8.28],[114.61,8.34],[114.59,8.4],[114.52,8.45],[114.38,8.42],[114.26,8.47],[114.09,8.42],[114.0,8.47],[113.84,8.44],[113.81,8.46],[113.72,8.62],[113.75,8.71],[113.84,8.72],[114.01,8.64],[114.03,8.66],[113.88,8.75],[113.78,8.86],[113.66,8.82],[113.58,8.9],[113.53,9.06],[113.52,9.2],[113.55,9.31],[113.68,9.35],[113.94,9.26],[113.93,9.1],[113.88,9.03],[113.92,9.0],[114.0,9.12],[114.1,9.14],[114.18,9.12],[114.23,9.0],[114.3,8.95],[114.43,8.98],[114.53,8.95],[114.79,9.04],[114.86,9.0]],[[115.47,8.54],[115.54,8.51],[115.55,8.4],[115.43,8.21],[115.37,8.16],[114.97,8.32],[114.96,8.39],[115.03,8.47],[115.22,8.53],[115.47,8.54]],[[115.36,7.95],[115.33,8.04],[115.37,8.09],[115.45,8.11],[115.49,8.06],[115.48,7.99],[115.42,7.94],[115.36,7.95]],[[114.68,7.55],[114.63,7.58],[114.62,7.64],[114.71,7.71],[114.76,7.68],[114.78,7.58],[114.74,7.54],[114.68,7.55]],[[111.91,7.8],[111.86,7.67],[111.62,7.51],[111.56,7.5],[111.49,7.56],[111.49,7.8],[111.54,7.97],[111.62,8.06],[111.75,8.08],[111.86,8.01],[111.91,7.8]],[[111.94,8.02],[111.8,8.11],[111.77,8.2],[111.84,8.3],[111.96,8.35],[112.14,8.26],[112.17,8.17],[112.06,8.04],[111.94,8.02]],[[113.07,8.05],[113.09,8.14],[113.32,8.38],[113.44,8.37],[113.57,8.3],[113.56,8.21],[113.42,8.11],[113.28,7.93],[113.13,7.92],[113.01,7.83],[112.9,7.8],[112.83,7.82],[112.8,7.89],[112.84,7.99],[112.92,8.04],[113.07,8.05]],[[111.69,8.53],[111.52,8.46],[111.44,8.46],[111.38,8.52],[111.41,8.66],[111.75,8.78],[111.82,8.76],[111.84,8.69],[111.95,8.79],[112.04,8.74],[112.07,8.64],[112.03,8.56],[111.94,8.54],[111.81,8.63],[111.69,8.53]],[[112.15,8.77],[112.11,8.8],[112.11,8.89],[112.13,8.95],[112.2,9.0],[112.08,9.11],[112.16,9.18],[112.24,9.15],[112.26,9.02],[112.42,9.05],[112.58,8.95],[112.65,8.95],[112.89,9.01],[112.96,8.94],[112.91,8.83],[112.73,8.74],[112.45,8.79],[112.15,8.77]],[[112.47,9.16],[112.41,9.23],[112.52,9.32],[112.57,9.18],[112.53,9.15],[112.47,9.16]],[[111.64,9.28],[111.53,9.21],[111.47,9.25],[111.49,9.34],[111.59,9.39],[111.65,9.36],[111.64,9.28]],[[111.73,9.32],[111.7,9.38],[111.74,9.43],[111.8,9.46],[111.85,9.44],[111.88,9.38],[111.86,9.34],[111.73,9.32]],[[112.32,9.41],[112.28,9.47],[112.29,9.57],[112.35,9.63],[112.46,9.66],[112.5,9.59],[112.46,9.48],[112.37,9.41],[112.32,9.41]],[[112.7,9.17],[112.71,9.22],[112.77,9.28],[112.84,9.29],[112.89,9.24],[112.9,9.15],[112.87,9.11],[112.77,9.11],[112.7,9.17]],[[109.81,9.76],[109.74,9.79],[109.85,9.96],[109.83,10.07],[109.96,10.13],[110.0,10.05],[109.99,9.86],[109.81,9.76]],[[113.82,9.94],[113.8,10.07],[113.85,10.25],[113.95,10.42],[114.06,10.41],[114.07,10.32],[113.97,10.14],[113.99,10.09],[114.09,10.15],[114.14,10.13],[114.13,9.99],[114.04,9.93],[113.98,10.03],[113.9,9.93],[113.82,9.94]],[[113.66,10.42],[113.78,10.37],[113.78,10.25],[113.73,10.18],[113.59,10.18],[113.54,10.25],[113.41,10.28],[113.4,10.38],[113.48,10.45],[113.56,10.47],[113.66,10.42]],[[110.76,10.24],[110.67,10.2],[110.65,10.28],[110.74,10.33],[110.76,10.3],[110.76,10.24]],[[114.38,10.5],[114.7,10.49],[114.93,10.56],[114.99,10.52],[114.97,10.45],[114.72,10.2],[114.53,10.15],[114.56,10.09],[114.74,10.13],[114.78,10.13],[114.83,10.07],[114.72,9.86],[114.76,9.73],[114.7,9.67],[114.64,9.69],[114.6,9.77],[114.54,9.76],[114.38,9.62],[114.24,9.64],[114.17,9.7],[114.17,9.8],[114.31,10.03],[114.17,10.16],[114.17,10.25],[114.24,10.37],[114.38,10.5]],[[115.06,9.71],[115.01,9.8],[115.0,9.92],[115.03,10.01],[115.08,10.04],[115.16,10.0],[115.19,9.81],[115.15,9.72],[115.06,9.71]],[[115.98,9.7],[115.92,9.65],[115.84,9.67],[115.8,9.78],[115.85,9.86],[115.95,9.9],[115.99,9.88],[116.01,9.8],[115.98,9.7]],[[114.61,10.66],[114.47,10.61],[114.32,10.61],[114.27,10.64],[114.24,10.73],[114.36,10.9],[114.3,10.91],[114.07,10.81],[113.99,10.87],[113.99,10.99],[114.11,11.09],[114.32,11.18],[114.47,11.2],[114.55,11.18],[114.6,11.08],[114.62,11.16],[114.74,11.23],[114.87,11.39],[114.96,11.4],[114.99,11.34],[114.89,11.18],[114.89,11.06],[114.71,10.9],[114.7,10.73],[114.61,10.66]],[[114.75,11.37],[114.65,11.27],[114.56,11.27],[114.53,11.3],[114.53,11.41],[114.62,11.59],[114.72,11.62],[114.8,11.57],[114.81,11.48],[114.75,11.37]],[[114.48,11.53],[114.49,11.47],[114.43,11.4],[114.32,11.35],[114.25,11.37],[114.27,11.47],[114.36,11.52],[114.48,11.53]],[[116.14,11.62],[116.28,11.78],[116.35,11.8],[116.39,11.76],[116.4,11.67],[116.2,11.1],[116.11,11.04],[116.06,11.07],[115.97,11.28],[116.14,11.62]],[[115.11,11.19],[115.15,11.16],[115.16,11.1],[115.08,10.9],[114.96,10.79],[114.87,10.77],[114.82,10.82],[114.82,10.91],[114.98,11.16],[115.11,11.19]],[[115.78,10.83],[115.85,10.88],[115.92,10.87],[115.99,10.74],[115.87,10.41],[115.81,10.38],[115.68,10.41],[115.62,10.5],[115.64,10.56],[115.75,10.68],[115.78,10.83]],[[113.53,6.89],[113.55,7.08],[113.59,7.13],[113.68,7.13],[113.71,7.03],[113.68,6.93],[113.58,6.86],[113.53,6.89]],[[112.63,6.47],[112.56,6.62],[112.57,6.72],[112.66,6.78],[112.75,6.78],[112.8,6.74],[112.81,6.69],[112.69,6.47],[112.63,6.47]],[[113.21,6.38],[113.27,6.42],[113.34,6.41],[113.4,6.32],[113.33,6.26],[113.22,6.26],[113.17,6.33],[113.21,6.38]],[[145.58,18.83],[145.66,18.9],[145.74,18.92],[145.81,18.9],[145.83,18.86],[145.79,18.73],[145.68,18.66],[145.58,18.72],[145.58,18.83]],[[145.69,18.0],[145.65,18.04],[145.71,18.19],[145.75,18.24],[145.87,18.26],[145.91,18.19],[145.86,18.05],[145.69,18.0]],[[167.37,18.0],[167.29,18.07],[167.32,18.13],[167.6,18.08],[167.64,18.03],[167.57,17.98],[167.37,18.0]],[[178.16,18.0],[178.23,18.06],[178.31,18.01],[178.31,17.9],[178.22,17.8],[178.15,17.85],[178.16,18.0]],[[145.81,17.53],[145.77,17.59],[145.79,17.66],[145.87,17.71],[145.93,17.69],[145.94,17.57],[145.85,17.52],[145.81,17.53]],[[151.54,17.55],[151.52,17.62],[151.58,17.67],[151.67,17.66],[151.71,17.61],[151.66,17.53],[151.54,17.55]],[[152.64,17.54],[152.76,17.55],[152.83,17.51],[152.85,17.43],[152.81,17.36],[152.68,17.31],[152.59,17.34],[152.57,17.44],[152.64,17.54]],[[166.01,17.32],[166.08,17.27],[166.07,17.21],[166.02,17.19],[165.96,17.22],[166.01,17.32]],[[167.27,17.2],[167.32,17.24],[167.39,17.22],[167.42,17.15],[167.39,17.09],[167.35,17.07],[167.29,17.08],[167.27,17.2]],[[162.79,17.14],[162.8,17.1],[162.77,17.02],[162.71,16.97],[162.65,16.97],[162.63,17.01],[162.65,17.08],[162.71,17.13],[162.79,17.14]],[[145.91,17.0],[145.98,16.95],[145.96,16.86],[145.87,16.64],[145.77,16.61],[145.73,16.67],[145.78,16.82],[145.73,16.99],[145.91,17.0]],[[146.11,16.7],[146.08,16.75],[146.1,16.81],[146.21,16.87],[146.22,16.75],[146.16,16.69],[146.11,16.7]],[[165.29,16.62],[165.39,16.67],[165.43,16.64],[165.43,16.59],[165.4,16.54],[165.31,16.52],[165.28,16.57],[165.29,16.62]],[[146.17,16.6],[146.24,16.53],[146.16,16.37],[146.23,16.22],[146.22,16.07],[146.1,15.81],[146.0,15.76],[145.94,15.83],[145.85,16.09],[145.92,16.2],[145.97,16.2],[145.94,16.32],[146.0,16.52],[146.06,16.58],[146.17,16.6]],[[151.9,16.09],[151.85,16.16],[151.92,16.23],[151.99,16.19],[152.01,16.13],[151.99,16.1],[151.9,16.09]],[[145.77,16.06],[145.8,15.98],[145.76,15.89],[145.71,15.86],[145.63,15.88],[145.61,15.94],[145.63,16.01],[145.77,16.06]],[[145.73,16.45],[145.8,16.42],[145.82,16.35],[145.81,16.31],[145.7,16.28],[145.58,16.32],[145.57,16.36],[145.59,16.41],[145.73,16.45]],[[152.25,17.15],[152.21,17.04],[152.09,17.04],[152.04,17.09],[152.08,17.17],[152.19,17.18],[152.25,17.15]],[[145.95,17.29],[145.87,17.24],[145.79,17.26],[145.8,17.38],[145.85,17.41],[145.91,17.4],[145.96,17.32],[145.95,17.29]],[[150.38,17.38],[150.36,17.41],[150.37,17.48],[150.47,17.53],[150.49,17.42],[150.43,17.37],[150.38,17.38]],[[161.75,15.6],[161.86,15.64],[161.9,15.59],[161.9,15.5],[161.85,15.47],[161.79,15.49],[161.74,15.53],[161.75,15.6]],[[145.37,15.05],[145.4,15.18],[145.51,15.19],[145.56,15.31],[145.7,15.44],[145.91,15.56],[145.98,15.56],[146.03,15.52],[146.04,15.44],[146.02,15.38],[145.97,15.36],[145.92,15.14],[145.8,15.0],[145.8,14.88],[145.64,14.68],[145.55,14.65],[145.47,14.7],[145.45,14.78],[145.48,14.95],[145.37,15.05],[145.38,14.91],[145.3,14.88],[145.2,14.9],[145.18,14.98],[145.22,15.06],[145.29,15.09],[145.37,15.05]],[[168.82,14.68],[168.85,14.77],[168.95,14.81],[169.1,14.78],[169.15,14.69],[169.08,14.55],[169.0,14.47],[168.88,14.42],[168.78,14.48],[168.83,14.6],[168.82,14.68]],[[165.95,14.52],[166.0,14.47],[165.99,14.38],[165.93,14.31],[165.84,14.31],[165.79,14.38],[165.8,14.45],[165.84,14.5],[165.95,14.52]],[[145.29,14.33],[145.36,14.27],[145.38,14.18],[145.32,14.09],[145.18,14.02],[145.1,13.78],[145.13,13.54],[144.96,13.42],[144.94,13.33],[144.81,13.11],[144.7,13.12],[144.64,13.16],[144.58,13.26],[144.57,13.42],[144.67,13.59],[144.67,13.7],[145.03,14.09],[144.9,14.15],[144.91,14.21],[145.01,14.23],[145.05,14.15],[145.15,14.31],[145.29,14.33]],[[157.58,13.8],[157.5,13.87],[157.48,13.96],[157.51,14.02],[157.61,14.06],[157.66,14.02],[157.68,13.89],[157.64,13.82],[157.58,13.8]],[[175.43,13.8],[175.48,13.8],[175.48,13.7],[175.46,13.67],[175.39,13.66],[175.34,13.71],[175.43,13.8]],[[175.57,13.3],[175.55,13.37],[175.62,13.44],[175.67,13.45],[175.7,13.38],[175.68,13.32],[175.57,13.3]],[[169.41,13.12],[169.47,13.2],[169.54,13.17],[169.54,13.1],[169.5,13.04],[169.43,13.05],[169.41,13.12]],[[144.58,13.08],[144.53,12.96],[144.55,12.86],[144.52,12.76],[144.42,12.64],[144.33,12.64],[144.3,12.79],[144.4,13.12],[144.5,13.17],[144.58,13.08]],[[157.85,12.77],[157.8,12.8],[157.81,12.88],[157.88,12.91],[157.95,12.89],[157.95,12.8],[157.85,12.77]],[[158.63,12.29],[158.58,12.32],[158.58,12.39],[158.61,12.43],[158.69,12.43],[158.73,12.4],[158.74,12.34],[158.71,12.3],[158.63,12.29]],[[170.02,12.35],[170.12,12.41],[170.21,12.36],[170.26,12.26],[170.23,12.15],[170.13,12.11],[170.05,12.16],[170.01,12.25],[170.02,12.35]],[[168.93,12.31],[169.03,12.24],[169.03,12.13],[168.92,12.06],[168.79,12.08],[168.74,12.14],[168.76,12.23],[168.82,12.29],[168.93,12.31]],[[162.31,12.25],[162.35,12.16],[162.29,12.1],[162.23,12.14],[162.22,12.19],[162.31,12.25]],[[161.41,11.86],[161.36,11.91],[161.35,11.97],[161.38,12.01],[161.46,12.01],[161.51,11.96],[161.51,11.9],[161.47,11.86],[161.41,11.86]],[[161.99,11.78],[162.08,11.82],[162.18,11.81],[162.41,11.67],[162.47,11.58],[162.48,11.47],[162.38,11.29],[162.28,11.26],[162.12,11.31],[161.9,11.66],[161.91,11.71],[161.99,11.78]],[[165.29,11.44],[165.2,11.48],[165.14,11.56],[165.12,11.67],[165.16,11.75],[165.27,11.81],[165.53,11.79],[165.63,11.72],[165.69,11.56],[165.66,11.46],[165.41,11.42],[165.29,11.44]],[[166.57,11.46],[166.66,11.57],[166.83,11.61],[167.15,11.57],[167.21,11.52],[167.22,11.45],[167.16,11.35],[167.04,11.26],[166.99,11.11],[166.94,11.08],[166.7,11.09],[166.58,11.04],[166.47,11.03],[166.24,11.1],[166.22,11.14],[166.25,11.28],[166.31,11.31],[166.48,11.29],[166.57,11.46]],[[167.42,11.2],[167.3,11.32],[167.3,11.47],[167.46,11.51],[167.63,11.47],[167.67,11.4],[167.65,11.3],[167.52,11.21],[167.42,11.2]],[[169.47,11.21],[169.51,11.29],[169.67,11.34],[169.79,11.44],[169.89,11.4],[169.96,11.27],[169.94,11.16],[169.82,11.14],[169.72,10.96],[169.68,10.94],[169.58,11.01],[169.47,11.21]],[[170.17,10.98],[170.09,11.04],[170.15,11.09],[170.21,11.07],[170.24,11.02],[170.23,10.99],[170.17,10.98]],[[138.61,11.25],[138.53,11.26],[138.49,11.3],[138.55,11.38],[138.64,11.4],[138.68,11.37],[138.69,11.32],[138.61,11.25]],[[139.37,11.28],[139.29,11.36],[139.35,11.42],[139.44,11.41],[139.47,11.32],[139.45,11.29],[139.37,11.28]],[[161.12,11.38],[161.07,11.46],[161.09,11.52],[161.14,11.54],[161.2,11.52],[161.21,11.47],[161.18,11.4],[161.12,11.38]],[[161.77,11.76],[161.83,11.71],[161.75,11.62],[161.65,11.61],[161.58,11.69],[161.59,11.76],[161.77,11.76]],[[169.95,10.62],[170.02,10.63],[170.07,10.55],[170.09,10.25],[170.05,10.15],[170.01,10.13],[169.9,10.16],[169.8,10.26],[169.85,10.43],[169.95,10.62]],[[170.87,10.23],[170.81,10.27],[170.82,10.33],[170.87,10.37],[170.95,10.38],[170.98,10.34],[170.97,10.26],[170.87,10.23]],[[169.08,10.15],[169.19,10.11],[169.37,9.98],[169.42,9.89],[169.41,9.8],[169.15,9.74],[169.08,9.76],[168.97,9.85],[168.91,10.0],[168.92,10.08],[168.98,10.14],[169.08,10.15]],[[161.06,9.89],[161.19,9.8],[161.24,9.64],[161.21,9.58],[161.09,9.58],[160.91,9.71],[160.77,9.77],[160.69,9.9],[160.72,9.96],[160.81,9.98],[161.06,9.89]],[[170.12,9.71],[170.21,9.68],[170.34,9.57],[170.37,9.48],[170.31,9.35],[170.16,9.34],[170.16,9.26],[170.24,9.06],[170.18,8.97],[170.07,8.95],[169.99,8.97],[169.86,9.11],[169.82,9.19],[169.81,9.34],[169.69,9.47],[169.68,9.53],[169.74,9.65],[169.79,9.68],[170.12,9.71]],[[170.79,8.96],[170.91,9.0],[171.08,8.98],[171.25,8.9],[171.31,8.83],[171.33,8.75],[171.22,8.08],[171.12,8.1],[170.97,8.21],[170.98,8.37],[171.03,8.51],[170.83,8.73],[170.78,8.89],[170.79,8.96]],[[168.21,8.25],[168.25,8.2],[168.26,8.08],[168.4,7.86],[168.36,7.74],[168.27,7.7],[168.17,7.74],[168.09,7.94],[167.91,8.2],[167.97,8.27],[168.21,8.25]],[[168.97,7.7],[169.04,7.68],[169.06,7.59],[168.93,7.23],[168.84,7.21],[168.68,7.23],[168.49,7.36],[168.48,7.51],[168.52,7.57],[168.78,7.6],[168.97,7.7]],[[169.53,7.27],[169.45,7.33],[169.46,7.39],[169.54,7.44],[169.6,7.44],[169.64,7.39],[169.62,7.3],[169.53,7.27]],[[171.58,7.32],[171.64,7.36],[171.72,7.36],[171.77,7.2],[171.82,7.18],[172.0,7.21],[172.05,7.14],[172.05,7.08],[171.81,6.91],[171.58,6.93],[171.49,7.04],[171.51,7.17],[171.58,7.32]],[[158.47,6.89],[158.44,6.77],[158.33,6.67],[157.92,6.68],[157.84,6.75],[157.84,6.81],[158.02,6.94],[158.07,7.04],[158.21,7.1],[158.4,7.08],[158.45,7.03],[158.47,6.89]],[[159.74,6.69],[159.81,6.76],[159.86,6.73],[159.88,6.67],[159.82,6.61],[159.76,6.63],[159.74,6.69]],[[149.44,6.64],[149.36,6.6],[149.21,6.69],[148.94,7.08],[148.97,7.15],[149.1,7.19],[149.28,7.09],[149.44,6.78],[149.44,6.64]],[[143.12,6.81],[143.23,6.73],[143.21,6.62],[143.07,6.61],[142.97,6.65],[142.95,6.78],[143.12,6.81]],[[134.03,6.77],[134.07,6.73],[134.06,6.63],[133.99,6.55],[133.91,6.54],[133.86,6.6],[133.88,6.67],[133.93,6.73],[134.03,6.77]],[[134.15,6.82],[134.09,6.82],[134.06,6.87],[134.16,7.13],[134.14,7.3],[134.3,7.51],[134.39,7.7],[134.47,7.73],[134.4,7.87],[134.54,8.14],[134.52,8.46],[134.59,8.54],[134.67,8.57],[134.71,8.53],[134.81,8.13],[134.72,7.4],[134.65,7.27],[134.15,6.82]],[[137.44,8.22],[137.36,8.26],[137.28,8.36],[137.27,8.46],[137.31,8.55],[137.64,8.81],[137.76,8.99],[137.9,9.0],[137.92,8.93],[137.86,8.79],[137.69,8.66],[137.6,8.28],[137.53,8.22],[137.44,8.22]],[[148.01,9.01],[147.94,9.03],[147.91,9.09],[148.01,9.3],[148.23,9.34],[148.31,9.31],[148.36,9.19],[148.28,9.02],[148.21,8.99],[148.01,9.01]],[[145.45,9.3],[145.47,9.22],[145.45,9.18],[145.4,9.16],[145.32,9.2],[145.33,9.3],[145.45,9.3]],[[138.0,9.31],[137.9,9.34],[137.93,9.48],[138.1,9.67],[138.22,9.73],[138.26,9.72],[138.28,9.49],[138.18,9.4],[138.0,9.31]],[[139.66,9.63],[139.58,9.69],[139.49,9.81],[139.5,10.11],[139.58,10.19],[139.81,10.23],[140.06,9.97],[140.06,9.77],[140.02,9.7],[139.96,9.68],[139.85,9.77],[139.75,9.64],[139.66,9.63]],[[138.3,10.08],[138.34,10.0],[138.32,9.96],[138.27,9.94],[138.22,9.97],[138.22,10.02],[138.3,10.08]],[[148.25,10.08],[148.22,10.11],[148.22,10.19],[148.28,10.25],[148.35,10.25],[148.39,10.19],[148.37,10.13],[148.31,10.07],[148.25,10.08]],[[165.88,10.09],[165.88,10.25],[165.94,10.28],[166.01,10.28],[166.11,10.19],[166.12,9.98],[166.07,9.95],[166.0,9.96],[165.88,10.09]],[[140.64,9.94],[140.67,9.85],[140.62,9.62],[140.5,9.47],[140.42,9.48],[140.38,9.56],[140.37,9.77],[140.4,9.94],[140.58,9.98],[140.64,9.94]],[[160.37,9.72],[160.33,9.78],[160.35,9.84],[160.45,9.89],[160.52,9.86],[160.54,9.77],[160.63,9.77],[160.64,9.71],[160.6,9.64],[160.55,9.63],[160.51,9.65],[160.49,9.72],[160.37,9.72]],[[167.5,9.48],[167.56,9.46],[167.67,9.3],[167.86,9.14],[167.87,8.87],[167.82,8.71],[167.75,8.66],[167.64,8.69],[167.51,8.85],[167.45,9.03],[167.22,9.06],[166.78,9.28],[166.74,9.33],[166.77,9.41],[167.11,9.44],[167.3,9.41],[167.5,9.48]],[[152.42,8.84],[152.47,8.77],[152.47,8.68],[152.36,8.56],[152.04,8.48],[151.77,8.36],[151.69,8.38],[151.62,8.48],[151.6,8.62],[151.67,8.71],[151.98,8.71],[152.05,8.73],[152.18,8.86],[152.34,8.87],[152.42,8.84]],[[161.69,8.36],[161.71,8.42],[161.79,8.46],[161.83,8.43],[161.86,8.35],[161.78,8.29],[161.72,8.31],[161.69,8.36]],[[149.1,8.17],[149.07,7.82],[149.03,7.73],[148.82,7.59],[148.58,7.66],[148.54,7.56],[148.24,7.44],[148.05,7.46],[147.89,7.54],[147.84,7.66],[147.72,7.63],[147.42,7.7],[147.45,7.81],[147.62,7.9],[147.7,7.9],[147.79,7.85],[147.87,7.73],[148.04,7.71],[148.22,7.59],[148.3,7.68],[148.16,7.75],[148.13,7.8],[148.13,7.88],[148.19,8.0],[148.07,7.89],[147.64,7.99],[147.48,8.14],[146.88,8.02],[146.7,8.02],[146.66,8.07],[146.7,8.18],[146.98,8.26],[147.51,8.33],[147.58,8.3],[147.58,8.23],[147.72,8.3],[147.89,8.33],[147.98,8.3],[148.08,8.36],[148.3,8.59],[148.62,8.76],[148.93,8.8],[149.0,8.78],[149.05,8.72],[149.1,8.17]],[[149.3,7.6],[149.37,7.76],[149.49,7.84],[149.67,7.85],[149.77,7.8],[149.79,7.75],[149.75,7.65],[149.69,7.63],[149.59,7.64],[149.54,7.47],[149.42,7.46],[149.52,7.37],[149.54,7.25],[149.53,7.2],[149.43,7.12],[149.32,7.17],[149.01,7.45],[149.02,7.51],[149.06,7.54],[149.33,7.49],[149.3,7.6]],[[151.64,7.7],[151.75,7.78],[151.87,7.76],[152.02,7.65],[152.11,7.5],[152.14,7.34],[152.12,7.05],[152.03,6.94],[151.96,6.94],[151.86,6.99],[151.77,7.12],[151.56,7.19],[151.41,7.32],[151.42,7.43],[151.6,7.61],[151.64,7.7]],[[155.32,7.33],[155.14,7.45],[155.1,7.53],[155.1,7.64],[155.14,7.68],[155.26,7.7],[155.47,7.69],[155.53,7.61],[155.52,7.42],[155.44,7.35],[155.32,7.33]],[[170.97,7.2],[171.02,7.28],[171.1,7.29],[171.42,7.18],[171.46,7.1],[171.39,7.01],[171.16,6.99],[171.02,7.07],[170.97,7.2]],[[157.82,7.19],[157.94,7.1],[157.92,7.01],[157.82,7.0],[157.69,7.1],[157.72,7.18],[157.82,7.19]],[[152.64,7.1],[152.74,7.01],[152.84,6.99],[152.86,6.96],[152.85,6.79],[152.76,6.7],[152.62,6.77],[152.53,6.89],[152.52,7.02],[152.57,7.08],[152.64,7.1]],[[146.19,7.2],[146.14,7.18],[146.08,7.22],[146.09,7.58],[146.26,7.62],[146.44,7.58],[146.5,7.51],[146.48,7.41],[146.41,7.38],[146.29,7.41],[146.26,7.29],[146.19,7.2]],[[144.58,7.2],[144.47,7.17],[144.37,7.19],[144.34,7.25],[144.37,7.34],[144.55,7.52],[144.67,7.59],[144.78,7.6],[144.83,7.52],[144.82,7.44],[144.65,7.3],[144.58,7.2]],[[143.94,7.5],[144.05,7.44],[144.05,7.32],[143.96,7.25],[143.78,7.25],[143.72,7.31],[143.73,7.38],[143.83,7.48],[143.94,7.5]],[[145.85,7.59],[145.78,7.65],[145.79,7.75],[145.89,7.84],[145.99,7.85],[146.05,7.77],[146.04,7.67],[145.96,7.6],[145.85,7.59]],[[137.15,7.75],[137.09,7.75],[137.07,7.79],[137.19,7.97],[137.3,8.08],[137.4,8.11],[137.43,8.06],[137.41,8.0],[137.15,7.75]],[[140.39,8.03],[140.23,8.13],[140.23,8.18],[140.3,8.26],[140.41,8.25],[140.55,8.13],[140.54,8.04],[140.39,8.03]],[[144.84,8.04],[144.86,8.25],[144.91,8.3],[145.04,8.36],[145.1,8.5],[145.37,8.55],[145.46,8.5],[145.45,8.39],[145.3,8.26],[145.22,8.11],[145.13,8.03],[144.93,7.95],[144.84,8.04]],[[144.63,8.55],[144.58,8.51],[144.45,8.54],[144.42,8.59],[144.44,8.66],[144.52,8.73],[144.59,8.73],[144.65,8.65],[144.63,8.55]],[[145.61,8.57],[145.83,8.52],[145.87,8.46],[145.84,8.37],[145.68,8.33],[145.59,8.38],[145.55,8.48],[145.61,8.57]],[[145.78,8.1],[145.66,8.16],[145.66,8.21],[145.75,8.29],[145.88,8.27],[145.93,8.21],[145.92,8.13],[145.88,8.1],[145.78,8.1]],[[147.21,7.68],[147.13,7.74],[147.13,7.78],[147.22,7.84],[147.33,7.82],[147.35,7.72],[147.32,7.68],[147.21,7.68]],[[145.7,7.28],[145.6,7.37],[145.6,7.44],[145.7,7.52],[145.81,7.51],[145.87,7.44],[145.86,7.32],[145.79,7.28],[145.7,7.28]],[[146.9,7.39],[146.96,7.45],[147.1,7.49],[147.15,7.48],[147.18,7.42],[147.1,7.28],[146.95,7.21],[146.87,7.28],[146.9,7.39]],[[149.47,8.36],[149.42,8.42],[149.45,8.5],[149.57,8.54],[149.64,8.69],[149.9,8.9],[149.98,8.93],[150.02,9.02],[150.16,9.07],[150.23,9.05],[150.51,8.61],[150.45,8.53],[150.2,8.47],[149.78,8.5],[149.64,8.46],[149.54,8.36],[149.47,8.36]],[[165.7,8.89],[165.49,9.1],[165.45,9.23],[165.5,9.3],[165.61,9.31],[165.69,9.26],[165.82,9.09],[165.87,8.9],[165.81,8.86],[165.7,8.89]],[[166.17,8.87],[166.12,8.93],[166.15,9.02],[166.25,9.05],[166.38,9.0],[166.39,8.91],[166.36,8.87],[166.27,8.85],[166.17,8.87]],[[151.3,8.48],[151.24,8.54],[151.28,8.63],[151.4,8.68],[151.48,8.66],[151.5,8.59],[151.44,8.51],[151.3,8.48]],[[154.3,8.0],[154.21,8.05],[154.2,8.16],[154.25,8.23],[154.34,8.25],[154.4,8.21],[154.42,8.09],[154.38,8.01],[154.3,8.0]],[[144.22,6.96],[144.15,7.01],[144.15,7.09],[144.22,7.14],[144.29,7.13],[144.34,7.09],[144.35,7.02],[144.31,6.96],[144.22,6.96]],[[140.19,10.61],[140.24,10.55],[140.26,10.46],[140.2,10.38],[140.1,10.43],[140.08,10.51],[140.11,10.58],[140.19,10.61]],[[149.44,6.4],[149.52,6.44],[149.63,6.39],[149.66,6.28],[149.59,6.12],[149.74,6.1],[149.81,6.02],[149.87,5.88],[149.83,5.81],[149.75,5.81],[149.62,5.93],[149.55,5.95],[149.52,6.05],[149.42,6.13],[149.39,6.29],[149.44,6.4]],[[169.39,6.35],[169.45,6.38],[169.57,6.36],[169.66,6.22],[169.82,6.08],[169.81,5.97],[169.67,5.75],[169.57,5.75],[169.34,5.95],[169.36,6.3],[169.39,6.35]],[[171.7,6.0],[171.65,6.04],[171.72,6.31],[172.08,6.32],[172.19,6.26],[172.24,6.08],[172.22,5.86],[172.12,5.86],[171.98,5.98],[171.7,6.0]],[[168.05,5.82],[168.17,5.76],[168.22,5.68],[168.22,5.59],[168.17,5.53],[168.05,5.55],[167.96,5.74],[167.98,5.81],[168.05,5.82]],[[153.79,5.68],[153.89,5.61],[153.92,5.52],[153.86,5.35],[153.76,5.22],[153.64,5.22],[153.4,5.37],[153.38,5.52],[153.46,5.66],[153.61,5.71],[153.79,5.68]],[[162.87,5.22],[162.83,5.34],[162.87,5.43],[163.01,5.46],[163.11,5.39],[163.14,5.31],[163.1,5.22],[162.98,5.18],[162.87,5.22]],[[149.19,5.65],[149.29,5.59],[149.32,5.5],[149.24,5.46],[149.0,5.48],[148.99,5.56],[149.02,5.61],[149.1,5.65],[149.19,5.65]],[[157.16,5.72],[157.11,5.79],[157.12,5.87],[157.18,5.93],[157.36,5.96],[157.47,5.88],[157.47,5.77],[157.42,5.71],[157.3,5.69],[157.16,5.72]],[[153.29,5.95],[153.29,5.86],[153.24,5.78],[153.13,5.77],[153.07,5.81],[153.06,5.92],[153.12,6.01],[153.24,6.02],[153.29,5.95]],[[160.73,6.32],[160.81,6.23],[160.79,6.18],[160.73,6.15],[160.66,6.17],[160.62,6.27],[160.67,6.32],[160.73,6.32]],[[145.54,6.05],[145.59,5.97],[145.58,5.92],[145.49,5.82],[145.44,5.82],[145.29,5.92],[145.28,5.98],[145.31,6.04],[145.44,6.07],[145.54,6.05]],[[144.4,6.37],[144.45,6.31],[144.43,6.25],[144.36,6.21],[144.3,6.23],[144.27,6.28],[144.29,6.34],[144.4,6.37]],[[168.69,4.5],[168.63,4.56],[168.62,4.68],[168.69,4.76],[168.78,4.77],[168.87,4.69],[168.88,4.59],[168.79,4.49],[168.69,4.5]],[[154.81,3.68],[154.73,3.73],[154.71,3.79],[154.75,3.85],[154.85,3.88],[154.91,3.85],[154.95,3.8],[154.92,3.68],[154.81,3.68]],[[172.89,3.37],[172.95,3.47],[173.1,3.46],[173.07,3.14],[172.93,3.01],[172.75,2.93],[172.7,2.99],[172.65,3.15],[172.65,3.33],[172.7,3.37],[172.89,3.37]],[[173.21,2.07],[173.28,2.15],[173.35,2.16],[173.39,2.1],[173.39,1.98],[173.34,1.92],[173.25,1.93],[173.2,1.99],[173.21,2.07]],[[172.94,2.03],[173.06,1.99],[173.11,1.93],[173.13,1.78],[173.08,1.63],[173.22,1.46],[173.24,1.4],[173.21,1.32],[173.08,1.29],[173.16,0.89],[173.1,0.81],[172.97,0.77],[172.89,0.81],[172.83,0.92],[172.85,1.02],[172.96,1.13],[172.99,1.21],[172.94,1.3],[172.84,1.37],[172.82,1.55],[172.85,1.73],[172.74,1.91],[172.78,1.99],[172.94,2.03]],[[173.74,0.4],[173.75,0.5],[173.85,0.56],[173.97,0.52],[174.04,0.41],[174.01,0.29],[173.95,0.26],[173.81,0.29],[173.74,0.4]],[[173.37,0.39],[173.5,0.31],[173.68,0.26],[173.71,0.18],[173.69,0.1],[173.59,0.06],[173.46,0.09],[173.28,0.2],[173.25,0.27],[173.26,0.34],[173.32,0.39],[173.37,0.39]],[[166.91,-0.64],[166.85,-0.58],[166.86,-0.48],[166.96,-0.43],[167.03,-0.44],[167.06,-0.5],[167.02,-0.61],[166.91,-0.64]],[[174.11,-0.58],[174.19,-0.46],[174.43,-0.51],[174.5,-0.57],[174.55,-0.68],[174.54,-0.87],[174.28,-0.84],[174.12,-0.73],[174.11,-0.58]],[[169.58,-0.79],[169.63,-0.84],[169.63,-0.89],[169.57,-0.92],[169.52,-0.91],[169.49,-0.83],[169.58,-0.79]],[[174.96,-1.62],[174.86,-1.59],[174.77,-1.49],[174.59,-1.13],[174.58,-1.06],[174.61,-1.02],[174.68,-1.01],[174.75,-1.04],[174.9,-1.27],[175.14,-1.44],[175.16,-1.51],[175.13,-1.58],[175.07,-1.62],[174.96,-1.62]],[[176.0,-1.43],[175.94,-1.4],[175.88,-1.3],[175.9,-1.2],[175.93,-1.17],[176.06,-1.24],[176.14,-1.37],[176.09,-1.42],[176.0,-1.43]],[[176.36,-1.42],[176.35,-1.27],[176.41,-1.22],[176.48,-1.24],[176.55,-1.34],[176.55,-1.46],[176.48,-1.49],[176.36,-1.42]],[[175.54,-2.0],[175.45,-1.84],[175.46,-1.74],[175.5,-1.72],[175.63,-1.77],[175.68,-1.89],[175.63,-2.01],[175.54,-2.0]],[[175.96,-2.53],[175.95,-2.46],[176.02,-2.45],[176.05,-2.52],[176.03,-2.54],[175.96,-2.53]],[[176.73,-2.55],[176.81,-2.52],[176.89,-2.56],[176.95,-2.65],[176.94,-2.72],[176.87,-2.74],[176.78,-2.69],[176.72,-2.61],[176.73,-2.55]]],[[[-131.73,-73.21],[-131.73,-0.0],[-180.0,-0.0],[-180.0,-11.45],[-179.83,-11.54],[-179.69,-11.57],[-179.47,-11.74],[-179.4,-11.86],[-179.3,-11.9],[-179.2,-12.02],[-179.11,-12.2],[-179.14,-12.27],[-179.29,-12.3],[-179.3,-12.37],[-179.43,-12.61],[-179.5,-12.63],[-179.54,-12.55],[-179.69,-12.53],[-179.7,-12.47],[-179.62,-12.42],[-179.62,-12.38],[-179.83,-12.14],[-179.79,-12.02],[-179.8,-11.97],[-180.0,-11.81],[-180.0,-13.37],[-179.91,-13.35],[-179.82,-13.37],[-179.75,-13.42],[-179.71,-13.48],[-179.91,-13.7],[-180.0,-13.73],[-180.0,-15.62],[-179.83,-15.63],[-179.66,-15.68],[-179.55,-15.76],[-179.53,-15.81],[-179.54,-15.86],[-179.63,-15.92],[-180.0,-15.84],[-180.0,-16.01],[-179.63,-15.95],[-179.39,-15.8],[-179.18,-15.77],[-179.11,-15.83],[-179.06,-15.93],[-179.04,-16.05],[-179.08,-16.22],[-178.92,-16.15],[-178.7,-16.37],[-178.56,-16.66],[-178.56,-16.94],[-178.45,-17.16],[-178.46,-17.5],[-178.42,-17.64],[-178.44,-17.82],[-178.26,-17.78],[-178.21,-17.79],[-178.16,-17.85],[-178.08,-18.34],[-178.09,-18.39],[-178.15,-18.43],[-178.13,-18.6],[-178.18,-18.77],[-178.08,-18.94],[-178.13,-19.08],[-178.1,-19.15],[-178.13,-19.25],[-178.05,-19.35],[-178.03,-19.55],[-178.15,-19.92],[-178.13,-20.05],[-178.17,-20.17],[-178.25,-20.26],[-178.41,-20.22],[-178.43,-20.27],[-178.39,-20.35],[-178.2,-20.47],[-178.08,-20.71],[-178.09,-20.8],[-178.14,-20.87],[-178.25,-20.93],[-178.31,-20.92],[-178.45,-20.81],[-178.53,-20.87],[-178.39,-20.96],[-178.42,-21.07],[-178.35,-21.17],[-178.34,-21.34],[-178.44,-21.41],[-178.49,-21.53],[-178.61,-21.58],[-178.63,-21.67],[-178.53,-21.61],[-178.45,-21.67],[-178.51,-21.77],[-178.49,-21.94],[-178.54,-22.04],[-178.52,-22.08],[-178.48,-22.05],[-178.43,-22.07],[-178.39,-22.18],[-178.45,-22.23],[-178.56,-22.22],[-178.58,-22.39],[-178.65,-22.49],[-178.71,-22.74],[-178.77,-22.82],[-178.82,-22.82],[-178.87,-22.79],[-178.92,-22.68],[-178.92,-22.56],[-178.87,-22.49],[-178.92,-22.45],[-179.01,-22.44],[-179.04,-22.33],[-178.92,-22.22],[-178.92,-22.01],[-178.97,-21.72],[-178.92,-21.67],[-178.82,-21.68],[-178.8,-21.65],[-178.91,-21.56],[-178.94,-21.47],[-178.9,-21.43],[-178.87,-21.31],[-178.75,-21.2],[-178.79,-21.12],[-178.91,-21.05],[-178.92,-20.98],[-178.88,-20.91],[-178.77,-20.85],[-178.96,-20.82],[-179.0,-20.75],[-178.92,-20.61],[-178.73,-20.47],[-178.56,-20.16],[-178.54,-19.99],[-178.71,-19.94],[-178.73,-19.88],[-178.56,-19.57],[-178.58,-19.46],[-178.48,-19.32],[-178.52,-19.27],[-178.7,-19.22],[-178.78,-19.16],[-179.21,-18.98],[-179.23,-18.88],[-179.18,-18.77],[-179.16,-18.58],[-179.04,-18.56],[-178.88,-18.69],[-178.87,-18.53],[-178.66,-18.43],[-178.82,-18.41],[-178.91,-18.34],[-179.06,-18.46],[-179.36,-18.41],[-179.37,-18.32],[-179.21,-18.19],[-179.28,-18.14],[-179.27,-17.99],[-179.04,-17.71],[-179.18,-17.57],[-179.3,-17.51],[-179.39,-17.5],[-179.58,-17.54],[-179.66,-17.42],[-179.71,-17.42],[-179.78,-17.34],[-179.76,-17.25],[-179.55,-17.13],[-179.35,-16.91],[-179.18,-16.87],[-179.18,-16.7],[-179.04,-16.61],[-179.26,-16.49],[-179.28,-16.68],[-179.4,-16.81],[-179.55,-16.88],[-179.76,-16.9],[-179.86,-16.99],[-180.0,-17.04],[-180.0,-18.43],[-179.95,-18.45],[-179.91,-18.57],[-179.94,-18.68],[-180.0,-18.74],[-180.0,-27.65],[-179.91,-27.67],[-179.88,-27.74],[-179.91,-27.82],[-180.0,-27.84],[-180.0,-28.75],[-179.81,-28.65],[-179.71,-28.67],[-179.65,-28.75],[-179.64,-28.89],[-179.57,-28.9],[-179.54,-28.98],[-179.59,-29.05],[-179.71,-29.06],[-179.89,-29.16],[-180.0,-29.14],[-180.0,-29.57],[-179.92,-29.56],[-179.83,-29.42],[-179.76,-29.43],[-179.72,-29.53],[-179.85,-29.73],[-180.0,-29.78],[-180.0,-42.53],[-179.89,-42.55],[-179.7,-42.72],[-179.65,-42.7],[-179.69,-42.6],[-179.65,-42.5],[-179.52,-42.44],[-179.42,-42.5],[-179.38,-42.7],[-179.32,-42.68],[-179.29,-42.59],[-179.2,-42.56],[-179.14,-42.56],[-179.02,-42.66],[-178.9,-42.69],[-178.42,-42.53],[-178.33,-42.68],[-178.22,-42.67],[-178.13,-42.72],[-177.96,-42.7],[-177.85,-42.87],[-177.71,-42.84],[-177.23,-42.88],[-177.19,-42.79],[-177.11,-42.74],[-176.8,-42.91],[-176.65,-42.89],[-176.45,-42.94],[-176.14,-42.86],[-175.9,-42.86],[-175.72,-42.95],[-175.32,-42.99],[-174.83,-42.88],[-174.34,-42.89],[-174.24,-42.94],[-173.97,-42.98],[-173.92,-43.02],[-174.06,-43.22],[-174.12,-43.27],[-174.39,-43.29],[-174.6,-43.37],[-174.77,-43.34],[-175.13,-43.47],[-175.21,-43.55],[-175.23,-43.57],[-175.2,-43.58],[-174.62,-43.39],[-174.51,-43.4],[-174.47,-43.5],[-174.55,-43.57],[-174.76,-43.65],[-174.65,-43.66],[-174.57,-43.71],[-174.56,-43.79],[-174.61,-43.87],[-174.71,-43.9],[-174.96,-43.83],[-175.05,-43.85],[-175.08,-43.9],[-174.96,-44.01],[-174.85,-44.25],[-175.03,-44.48],[-175.09,-44.5],[-175.39,-44.5],[-175.66,-44.62],[-175.9,-44.64],[-176.11,-44.71],[-176.83,-44.74],[-177.0,-44.69],[-177.17,-44.71],[-177.34,-44.66],[-177.49,-44.67],[-177.54,-44.49],[-177.59,-44.46],[-177.71,-44.49],[-177.84,-44.46],[-177.85,-44.57],[-177.94,-44.59],[-177.98,-44.58],[-178.07,-44.46],[-178.23,-44.43],[-178.39,-44.58],[-178.48,-44.6],[-179.04,-44.47],[-179.26,-44.57],[-179.42,-44.38],[-179.57,-44.38],[-179.66,-44.33],[-179.83,-44.42],[-180.0,-44.4],[-180.0,-47.23],[-179.76,-47.26],[-179.21,-47.47],[-179.11,-47.64],[-179.14,-47.83],[-179.02,-47.88],[-178.96,-47.98],[-179.01,-48.09],[-179.09,-48.18],[-179.26,-48.29],[-179.26,-48.46],[-179.37,-48.52],[-179.32,-48.59],[-179.38,-48.68],[-179.5,-48.74],[-179.81,-48.77],[-179.93,-48.99],[-180.0,-48.98],[-180.0,-67.32],[-179.81,-67.28],[-179.74,-67.33],[-179.76,-67.4],[-179.84,-67.46],[-180.0,-67.46],[-180.0,-67.78],[-179.55,-67.66],[-179.41,-67.7],[-179.35,-67.81],[-179.41,-67.89],[-179.9,-68.1],[-180.0,-68.11],[-180.0,-72.84],[-179.64,-72.75],[-179.63,-72.73],[-179.75,-72.62],[-179.72,-72.54],[-179.52,-72.43],[-179.38,-72.43],[-179.23,-72.31],[-178.96,-72.21],[-178.87,-72.07],[-178.95,-71.89],[-178.91,-71.84],[-178.44,-71.85],[-178.22,-71.74],[-178.03,-71.71],[-177.88,-71.5],[-177.67,-71.47],[-177.59,-71.39],[-177.42,-71.38],[-177.34,-71.4],[-177.33,-71.48],[-177.53,-71.54],[-177.36,-71.62],[-177.1,-71.66],[-176.74,-71.62],[-176.57,-71.71],[-176.35,-71.71],[-176.02,-71.76],[-175.88,-71.89],[-175.88,-72.0],[-176.0,-72.13],[-175.79,-72.25],[-175.78,-72.35],[-175.85,-72.42],[-175.68,-72.45],[-175.7,-72.54],[-175.75,-72.57],[-175.94,-72.6],[-176.11,-72.69],[-176.19,-72.68],[-176.23,-72.61],[-176.33,-72.57],[-176.81,-72.61],[-176.76,-72.7],[-176.7,-72.73],[-176.31,-72.73],[-176.27,-72.76],[-176.26,-72.84],[-176.32,-72.91],[-176.86,-73.08],[-177.17,-73.13],[-177.22,-73.32],[-177.3,-73.39],[-177.23,-73.44],[-177.22,-73.53],[-177.4,-73.66],[-176.92,-73.69],[-176.9,-73.72],[-176.92,-73.76],[-177.1,-73.85],[-177.02,-73.88],[-176.69,-73.82],[-176.64,-73.85],[-176.59,-73.97],[-176.36,-74.02],[-176.26,-74.09],[-176.25,-74.14],[-176.35,-74.26],[-176.3,-74.3],[-176.3,-74.35],[-176.18,-74.4],[-176.18,-74.47],[-176.5,-74.57],[-176.74,-74.54],[-176.93,-74.69],[-176.86,-74.92],[-176.5,-75.0],[-176.33,-75.07],[-175.78,-75.17],[-175.61,-75.24],[-174.74,-75.36],[-174.62,-75.41],[-174.46,-75.41],[-174.31,-75.48],[-172.71,-75.7],[-172.54,-75.75],[-172.39,-75.74],[-172.02,-75.83],[-171.39,-75.87],[-171.26,-75.91],[-169.61,-75.92],[-169.51,-75.96],[-166.75,-75.89],[-166.61,-75.94],[-164.5,-75.96],[-164.33,-76.01],[-163.99,-76.01],[-163.2,-76.13],[-162.86,-76.13],[-162.65,-76.2],[-162.29,-76.22],[-162.17,-76.27],[-161.76,-76.27],[-161.59,-76.34],[-161.11,-76.28],[-158.77,-76.3],[-158.66,-76.34],[-158.06,-76.32],[-157.87,-76.37],[-157.61,-76.34],[-156.91,-76.39],[-156.74,-76.44],[-156.58,-76.44],[-156.41,-76.39],[-156.23,-76.43],[-155.48,-76.45],[-155.26,-76.37],[-154.56,-76.22],[-152.74,-76.11],[-152.3,-75.94],[-151.42,-75.72],[-150.82,-75.67],[-150.67,-75.62],[-150.12,-75.62],[-149.49,-75.48],[-148.9,-75.39],[-147.6,-75.34],[-146.52,-75.07],[-146.38,-75.07],[-146.23,-75.02],[-145.68,-75.01],[-145.28,-74.84],[-145.08,-74.83],[-144.84,-74.76],[-144.34,-74.74],[-144.05,-74.54],[-143.8,-74.48],[-143.33,-74.47],[-143.12,-74.41],[-142.42,-74.43],[-142.27,-74.47],[-142.13,-74.4],[-141.62,-74.26],[-140.81,-74.21],[-140.66,-74.16],[-139.92,-74.14],[-139.75,-74.09],[-136.75,-74.04],[-136.56,-74.16],[-136.34,-74.16],[-136.13,-74.06],[-136.01,-73.91],[-135.91,-73.86],[-134.69,-73.7],[-134.5,-73.63],[-133.42,-73.61],[-133.25,-73.5],[-132.55,-73.48],[-131.73,-73.21]],[[-175.39,-72.74],[-175.36,-72.81],[-175.42,-72.9],[-175.56,-72.92],[-175.65,-72.87],[-175.61,-72.77],[-175.39,-72.74]],[[-175.39,-72.29],[-175.35,-72.4],[-175.41,-72.48],[-175.58,-72.52],[-175.66,-72.48],[-175.67,-72.42],[-175.63,-72.36],[-175.39,-72.29]],[[-179.8,-70.94],[-179.67,-71.0],[-179.64,-71.08],[-179.81,-71.11],[-179.96,-71.06],[-179.93,-70.97],[-179.8,-70.94]],[[-178.58,-69.3],[-178.54,-69.34],[-178.55,-69.4],[-178.65,-69.49],[-178.86,-69.5],[-178.97,-69.46],[-178.96,-69.38],[-178.85,-69.31],[-178.58,-69.3]],[[-178.79,-68.59],[-178.67,-68.63],[-178.58,-68.74],[-178.43,-68.79],[-178.44,-68.91],[-178.54,-68.95],[-178.7,-68.92],[-178.82,-68.81],[-178.93,-68.76],[-178.96,-68.65],[-178.88,-68.59],[-178.79,-68.59]],[[-175.46,-67.09],[-175.27,-67.17],[-175.27,-67.25],[-175.57,-67.21],[-175.64,-67.13],[-175.61,-67.08],[-175.46,-67.09]],[[-177.26,-66.59],[-177.14,-66.65],[-177.17,-66.73],[-177.39,-66.73],[-177.51,-66.68],[-177.54,-66.61],[-177.5,-66.56],[-177.26,-66.59]],[[-163.8,-63.16],[-163.75,-63.19],[-163.75,-63.29],[-163.84,-63.31],[-163.94,-63.28],[-163.96,-63.24],[-163.93,-63.18],[-163.8,-63.16]],[[-152.96,-62.39],[-152.91,-62.47],[-152.96,-62.53],[-153.06,-62.54],[-153.14,-62.5],[-153.12,-62.43],[-152.96,-62.39]],[[-140.76,-53.42],[-140.5,-53.5],[-140.42,-53.59],[-140.16,-53.76],[-139.99,-53.79],[-139.64,-54.03],[-139.59,-54.12],[-139.7,-54.14],[-140.73,-53.66],[-140.84,-53.54],[-140.86,-53.45],[-140.76,-53.42]],[[-179.48,-48.79],[-179.47,-48.91],[-179.54,-48.96],[-179.59,-48.94],[-179.61,-48.81],[-179.48,-48.79]],[[-157.47,-45.21],[-157.38,-45.26],[-157.4,-45.35],[-157.54,-45.44],[-157.68,-45.59],[-157.76,-45.6],[-157.83,-45.56],[-157.88,-45.48],[-157.86,-45.4],[-157.7,-45.36],[-157.63,-45.24],[-157.47,-45.21]],[[-160.64,-43.91],[-160.61,-44.04],[-160.69,-44.07],[-160.75,-44.01],[-160.75,-43.95],[-160.69,-43.9],[-160.64,-43.91]],[[-174.3,-43.73],[-174.25,-43.84],[-174.28,-43.88],[-174.36,-43.9],[-174.46,-43.86],[-174.52,-43.76],[-174.5,-43.68],[-174.46,-43.65],[-174.4,-43.66],[-174.3,-43.73]],[[-174.2,-43.73],[-174.27,-43.68],[-174.28,-43.62],[-174.21,-43.57],[-174.12,-43.59],[-174.08,-43.64],[-174.1,-43.7],[-174.2,-43.73]],[[-161.48,-43.66],[-161.53,-43.6],[-161.54,-43.47],[-161.42,-43.41],[-161.3,-43.44],[-161.26,-43.5],[-161.27,-43.58],[-161.48,-43.66]],[[-162.83,-42.16],[-162.78,-42.21],[-162.77,-42.28],[-162.82,-42.34],[-162.9,-42.35],[-162.96,-42.31],[-162.96,-42.23],[-162.9,-42.16],[-162.83,-42.16]],[[-163.64,-41.77],[-163.58,-41.81],[-163.58,-41.91],[-163.69,-41.94],[-163.78,-41.9],[-163.75,-41.81],[-163.64,-41.77]],[[-179.4,-41.83],[-179.43,-41.87],[-179.54,-41.87],[-179.62,-41.81],[-179.61,-41.76],[-179.54,-41.7],[-179.46,-41.68],[-179.41,-41.73],[-179.4,-41.83]],[[-164.2,-41.33],[-164.12,-41.43],[-164.14,-41.5],[-164.21,-41.52],[-164.34,-41.47],[-164.36,-41.4],[-164.33,-41.35],[-164.29,-41.32],[-164.2,-41.33]],[[-165.02,-40.82],[-165.0,-40.89],[-165.04,-40.97],[-165.14,-40.95],[-165.13,-40.85],[-165.05,-40.81],[-165.02,-40.82]],[[-167.42,-39.0],[-167.28,-39.09],[-167.28,-39.22],[-167.45,-39.27],[-167.59,-39.23],[-167.62,-39.16],[-167.6,-39.08],[-167.42,-39.0]],[[-156.08,-38.76],[-156.03,-38.8],[-156.03,-38.89],[-156.1,-38.93],[-156.19,-38.9],[-156.21,-38.82],[-156.14,-38.77],[-156.08,-38.76]],[[-167.94,-38.19],[-167.73,-38.29],[-167.64,-38.45],[-167.68,-38.52],[-167.9,-38.64],[-168.06,-38.61],[-168.17,-38.52],[-168.14,-38.26],[-168.01,-38.19],[-167.94,-38.19]],[[-168.19,-37.86],[-168.14,-37.9],[-168.14,-37.99],[-168.21,-38.07],[-168.31,-38.06],[-168.36,-37.99],[-168.34,-37.91],[-168.29,-37.86],[-168.19,-37.86]],[[-169.73,-36.83],[-169.69,-36.87],[-169.69,-36.94],[-169.73,-36.98],[-169.8,-36.98],[-169.85,-36.92],[-169.83,-36.85],[-169.77,-36.82],[-169.73,-36.83]],[[-169.45,-35.95],[-169.39,-36.04],[-169.41,-36.08],[-169.51,-36.11],[-169.6,-36.07],[-169.54,-35.98],[-169.45,-35.95]],[[-179.58,-33.31],[-179.55,-33.36],[-179.56,-33.5],[-179.66,-33.57],[-179.74,-33.55],[-179.78,-33.46],[-179.75,-33.33],[-179.63,-33.29],[-179.58,-33.31]],[[-179.4,-32.94],[-179.5,-33.12],[-179.54,-33.12],[-179.59,-33.03],[-179.58,-32.9],[-179.52,-32.85],[-179.42,-32.88],[-179.35,-32.45],[-179.11,-32.14],[-179.09,-31.92],[-178.94,-31.69],[-178.81,-31.67],[-178.78,-31.71],[-178.78,-31.79],[-178.87,-31.94],[-178.94,-32.16],[-178.94,-32.35],[-179.25,-32.91],[-179.4,-32.94]],[[-178.59,-30.9],[-178.51,-31.0],[-178.51,-31.13],[-178.58,-31.22],[-178.6,-31.37],[-178.65,-31.45],[-178.75,-31.56],[-178.8,-31.56],[-179.0,-31.37],[-179.03,-31.29],[-179.0,-31.22],[-178.94,-31.2],[-178.74,-31.2],[-178.72,-31.12],[-178.78,-31.01],[-178.78,-30.94],[-178.59,-30.9]],[[-178.18,-29.75],[-178.15,-29.79],[-178.15,-29.92],[-178.22,-30.0],[-178.2,-30.29],[-178.34,-30.46],[-178.36,-30.7],[-178.46,-30.77],[-178.66,-30.82],[-178.7,-30.72],[-178.68,-30.62],[-178.71,-30.49],[-178.54,-30.42],[-178.51,-30.36],[-178.64,-30.22],[-178.64,-30.12],[-178.32,-30.0],[-178.34,-29.81],[-178.18,-29.75]],[[-177.78,-29.11],[-177.78,-29.27],[-177.93,-29.43],[-177.97,-29.62],[-178.07,-29.7],[-178.18,-29.71],[-178.26,-29.62],[-178.28,-29.52],[-178.15,-29.35],[-178.21,-29.18],[-178.2,-29.11],[-178.06,-29.06],[-177.92,-28.96],[-177.96,-28.8],[-177.86,-28.51],[-177.71,-28.47],[-177.63,-28.5],[-177.61,-28.67],[-177.7,-28.9],[-177.83,-28.99],[-177.78,-29.11]],[[-179.54,-28.53],[-179.59,-28.63],[-179.64,-28.65],[-179.74,-28.6],[-179.81,-28.44],[-179.78,-28.34],[-179.72,-28.3],[-179.61,-28.34],[-179.54,-28.53]],[[-179.55,-28.31],[-179.59,-28.27],[-179.59,-28.2],[-179.39,-27.99],[-179.57,-28.03],[-179.62,-27.97],[-179.62,-27.87],[-179.57,-27.76],[-179.45,-27.74],[-179.64,-27.65],[-179.73,-27.73],[-179.8,-27.73],[-179.81,-27.7],[-179.78,-27.65],[-179.71,-27.62],[-179.66,-27.36],[-179.49,-27.31],[-179.45,-27.26],[-179.46,-27.22],[-179.56,-27.14],[-179.56,-27.04],[-179.45,-26.95],[-179.3,-26.94],[-179.2,-27.03],[-179.21,-27.12],[-179.26,-27.19],[-179.21,-27.37],[-179.26,-27.43],[-179.35,-27.46],[-179.23,-27.58],[-179.28,-27.86],[-179.23,-27.98],[-179.39,-28.26],[-179.55,-28.31]],[[-179.65,-28.05],[-179.65,-28.15],[-179.73,-28.18],[-179.84,-28.13],[-179.88,-28.06],[-179.86,-27.98],[-179.75,-27.95],[-179.65,-28.05]],[[-146.11,-26.92],[-146.01,-26.88],[-145.92,-26.93],[-145.92,-27.06],[-146.01,-27.14],[-146.09,-27.14],[-146.14,-27.09],[-146.11,-26.92]],[[-144.21,-27.1],[-144.29,-27.01],[-144.26,-26.95],[-144.19,-26.92],[-144.14,-26.97],[-144.12,-27.04],[-144.14,-27.1],[-144.21,-27.1]],[[-177.29,-27.12],[-177.24,-27.17],[-177.24,-27.23],[-177.28,-27.26],[-177.46,-27.26],[-177.53,-27.19],[-177.48,-27.13],[-177.29,-27.12]],[[-144.62,-27.27],[-144.48,-27.24],[-144.44,-27.45],[-144.24,-27.48],[-144.17,-27.62],[-144.09,-27.7],[-144.09,-27.76],[-144.17,-27.78],[-144.53,-27.6],[-144.7,-27.55],[-144.72,-27.41],[-144.62,-27.27]],[[-144.11,-27.42],[-144.05,-27.34],[-143.97,-27.32],[-143.92,-27.36],[-143.9,-27.44],[-143.92,-27.48],[-144.02,-27.5],[-144.11,-27.46],[-144.11,-27.42]],[[-143.5,-27.77],[-143.43,-27.79],[-143.37,-27.87],[-143.41,-27.97],[-143.54,-27.96],[-143.59,-27.9],[-143.58,-27.81],[-143.5,-27.77]],[[-177.53,-27.78],[-177.46,-27.92],[-177.49,-28.0],[-177.6,-28.0],[-177.71,-27.93],[-177.73,-27.84],[-177.7,-27.79],[-177.61,-27.76],[-177.53,-27.78]],[[-170.98,-27.39],[-170.93,-27.52],[-170.98,-27.61],[-171.04,-27.59],[-171.09,-27.49],[-171.04,-27.37],[-170.98,-27.39]],[[-146.63,-26.94],[-146.6,-26.97],[-146.6,-27.05],[-146.66,-27.09],[-146.73,-27.07],[-146.75,-27.0],[-146.71,-26.95],[-146.63,-26.94]],[[-143.39,-28.23],[-143.47,-28.14],[-143.45,-28.08],[-143.37,-28.04],[-143.32,-28.09],[-143.3,-28.17],[-143.33,-28.22],[-143.39,-28.23]],[[-140.26,-29.05],[-140.32,-29.01],[-140.34,-28.93],[-140.31,-28.88],[-140.24,-28.86],[-140.18,-28.89],[-140.17,-28.95],[-140.2,-29.03],[-140.26,-29.05]],[[-179.14,-26.82],[-179.24,-26.82],[-179.3,-26.79],[-179.48,-26.47],[-179.42,-26.41],[-179.26,-26.42],[-179.3,-26.25],[-179.21,-26.16],[-179.21,-26.04],[-179.1,-25.96],[-179.08,-25.89],[-179.2,-25.92],[-179.3,-26.15],[-179.38,-26.23],[-179.55,-26.29],[-179.62,-26.26],[-179.63,-26.21],[-179.52,-26.05],[-179.28,-25.87],[-179.26,-25.78],[-179.11,-25.7],[-179.11,-25.46],[-179.23,-25.37],[-179.23,-25.32],[-179.17,-25.26],[-178.99,-25.2],[-178.97,-25.07],[-179.1,-25.15],[-179.18,-25.1],[-179.09,-24.77],[-179.35,-24.79],[-179.4,-24.74],[-179.36,-24.65],[-179.18,-24.53],[-179.0,-24.49],[-178.9,-24.43],[-178.91,-24.39],[-179.02,-24.44],[-179.11,-24.43],[-179.23,-24.27],[-179.25,-24.17],[-179.16,-24.14],[-179.09,-24.19],[-179.09,-24.16],[-179.27,-24.01],[-179.3,-23.9],[-179.25,-23.78],[-179.02,-23.55],[-178.89,-23.5],[-178.82,-23.52],[-178.64,-23.72],[-178.61,-23.88],[-178.66,-24.14],[-178.8,-24.36],[-178.7,-24.55],[-178.8,-24.72],[-178.73,-24.89],[-178.78,-25.02],[-178.75,-25.06],[-178.58,-25.1],[-178.54,-25.16],[-178.57,-25.23],[-178.7,-25.22],[-178.78,-25.27],[-178.9,-25.42],[-178.9,-25.61],[-178.82,-25.8],[-178.87,-25.9],[-178.78,-26.05],[-178.81,-26.1],[-178.97,-26.11],[-179.08,-26.19],[-179.09,-26.33],[-179.14,-26.38],[-179.04,-26.47],[-179.04,-26.57],[-178.97,-26.66],[-179.14,-26.82]],[[-178.67,-23.61],[-178.73,-23.54],[-178.69,-23.44],[-178.78,-23.35],[-178.88,-23.36],[-178.97,-23.28],[-179.12,-23.26],[-179.18,-23.22],[-179.18,-23.17],[-179.15,-23.11],[-179.09,-23.06],[-179.09,-22.94],[-178.92,-22.92],[-178.65,-22.78],[-178.59,-22.83],[-178.56,-23.47],[-178.59,-23.57],[-178.67,-23.61]],[[-176.46,-22.91],[-176.5,-22.85],[-176.49,-22.8],[-176.42,-22.74],[-176.35,-22.76],[-176.33,-22.87],[-176.4,-22.92],[-176.46,-22.91]],[[-176.28,-22.9],[-176.16,-22.78],[-176.11,-22.63],[-176.04,-22.54],[-175.85,-22.54],[-175.79,-22.49],[-175.9,-22.34],[-175.85,-21.94],[-176.03,-21.78],[-176.02,-21.7],[-175.97,-21.66],[-175.84,-21.72],[-175.77,-21.7],[-175.68,-21.53],[-175.52,-21.38],[-175.51,-21.32],[-175.54,-21.19],[-175.46,-21.12],[-175.44,-21.02],[-175.25,-20.83],[-175.24,-20.64],[-175.03,-20.28],[-174.99,-20.1],[-174.84,-19.87],[-174.79,-19.6],[-174.65,-19.37],[-174.5,-19.27],[-174.5,-19.15],[-174.38,-19.01],[-174.19,-18.63],[-174.01,-18.48],[-173.92,-18.47],[-173.77,-18.51],[-173.74,-18.58],[-173.81,-18.87],[-173.86,-18.94],[-173.91,-19.26],[-174.02,-19.39],[-174.05,-19.46],[-174.1,-19.49],[-174.12,-19.78],[-174.3,-20.16],[-174.34,-20.68],[-174.42,-20.87],[-174.62,-20.98],[-174.74,-20.98],[-174.84,-21.19],[-174.79,-21.51],[-174.81,-21.56],[-174.87,-21.59],[-175.02,-21.54],[-175.03,-21.74],[-174.93,-21.86],[-174.98,-21.91],[-175.08,-21.94],[-175.03,-22.08],[-175.15,-22.33],[-175.27,-22.39],[-175.39,-22.56],[-175.53,-22.53],[-175.56,-22.56],[-175.51,-22.62],[-175.51,-22.68],[-175.61,-22.73],[-175.46,-22.85],[-175.49,-22.97],[-175.54,-22.99],[-175.54,-23.06],[-175.66,-23.23],[-175.8,-23.23],[-175.86,-23.4],[-175.97,-23.52],[-175.98,-23.72],[-176.06,-23.83],[-176.04,-23.91],[-175.92,-24.06],[-175.93,-24.13],[-176.06,-24.24],[-176.09,-24.36],[-176.16,-24.43],[-176.11,-24.5],[-176.09,-24.79],[-176.15,-24.9],[-176.23,-24.94],[-176.34,-24.93],[-176.45,-24.84],[-176.53,-24.83],[-176.39,-24.93],[-176.27,-25.09],[-176.16,-25.49],[-176.47,-25.73],[-176.96,-25.74],[-177.02,-25.7],[-177.05,-25.56],[-177.18,-25.43],[-177.17,-25.34],[-177.12,-25.3],[-177.14,-25.16],[-177.09,-25.13],[-176.98,-25.15],[-176.94,-25.13],[-176.84,-24.98],[-176.78,-24.82],[-176.64,-24.74],[-176.64,-24.6],[-176.59,-24.48],[-176.64,-24.29],[-176.57,-24.17],[-176.45,-24.1],[-176.42,-23.93],[-176.54,-23.83],[-176.55,-23.69],[-176.45,-23.47],[-176.42,-23.3],[-176.35,-23.21],[-176.28,-22.9]],[[-176.3,-22.55],[-176.28,-22.62],[-176.31,-22.69],[-176.39,-22.71],[-176.44,-22.67],[-176.43,-22.56],[-176.36,-22.52],[-176.3,-22.55]],[[-176.11,-22.18],[-176.03,-22.38],[-176.04,-22.44],[-176.26,-22.44],[-176.26,-22.27],[-176.21,-22.22],[-176.28,-22.11],[-176.28,-22.06],[-176.19,-22.01],[-176.16,-22.15],[-176.11,-22.18]],[[-176.06,-22.15],[-176.08,-22.02],[-175.97,-21.98],[-175.93,-22.04],[-175.95,-22.15],[-176.01,-22.17],[-176.06,-22.15]],[[-175.66,-21.01],[-175.55,-21.08],[-175.58,-21.17],[-175.57,-21.33],[-175.65,-21.5],[-175.71,-21.51],[-175.74,-21.48],[-175.8,-21.07],[-175.72,-21.01],[-175.66,-21.01]],[[-175.31,-20.46],[-175.27,-20.54],[-175.32,-20.62],[-175.48,-20.62],[-175.58,-20.54],[-175.54,-20.5],[-175.31,-20.46]],[[-175.36,-20.2],[-175.31,-20.25],[-175.3,-20.35],[-175.38,-20.4],[-175.48,-20.37],[-175.51,-20.28],[-175.44,-20.22],[-175.36,-20.2]],[[-175.14,-20.04],[-175.1,-20.06],[-175.1,-20.16],[-175.22,-20.17],[-175.25,-20.11],[-175.21,-20.05],[-175.14,-20.04]],[[-174.91,-19.34],[-174.89,-19.44],[-174.94,-19.54],[-174.96,-19.82],[-175.08,-19.88],[-175.18,-19.88],[-175.23,-19.82],[-175.22,-19.75],[-175.06,-19.56],[-175.08,-19.42],[-175.01,-19.35],[-174.91,-19.34]],[[-174.58,-18.69],[-174.53,-18.74],[-174.53,-18.8],[-174.65,-18.89],[-174.66,-19.01],[-174.76,-19.08],[-174.81,-19.22],[-174.87,-19.23],[-174.92,-19.13],[-174.89,-19.08],[-174.84,-19.08],[-174.96,-18.82],[-174.89,-18.77],[-174.79,-18.78],[-174.72,-18.7],[-174.58,-18.69]],[[-174.37,-18.19],[-174.48,-18.02],[-174.43,-17.8],[-174.4,-17.78],[-174.18,-17.79],[-174.06,-17.71],[-173.94,-17.74],[-173.91,-17.82],[-173.93,-17.86],[-174.0,-17.88],[-174.02,-18.17],[-174.14,-18.26],[-174.16,-18.37],[-174.24,-18.46],[-174.25,-18.57],[-174.29,-18.62],[-174.41,-18.6],[-174.43,-18.48],[-174.53,-18.29],[-174.53,-18.22],[-174.41,-18.17],[-174.37,-18.19]],[[-150.69,-17.74],[-150.75,-17.68],[-150.73,-17.6],[-150.62,-17.55],[-150.55,-17.58],[-150.55,-17.7],[-150.61,-17.74],[-150.69,-17.74]],[[-173.98,-17.58],[-174.02,-17.66],[-174.09,-17.68],[-174.24,-17.65],[-174.28,-17.59],[-174.23,-17.51],[-174.04,-17.45],[-173.99,-17.47],[-173.98,-17.58]],[[-150.0,-17.54],[-149.98,-17.45],[-149.88,-17.39],[-149.77,-17.4],[-149.72,-17.45],[-149.74,-17.57],[-149.81,-17.64],[-149.94,-17.63],[-150.0,-17.54]],[[-145.66,-17.39],[-145.67,-17.33],[-145.64,-17.27],[-145.5,-17.26],[-145.33,-17.36],[-145.28,-17.43],[-145.28,-17.5],[-145.33,-17.56],[-145.4,-17.56],[-145.66,-17.39]],[[-173.35,-17.27],[-173.38,-17.33],[-173.46,-17.31],[-173.5,-17.23],[-173.47,-17.16],[-173.44,-17.14],[-173.38,-17.16],[-173.35,-17.27]],[[-173.58,-17.15],[-173.74,-17.18],[-173.86,-17.32],[-173.98,-17.32],[-174.04,-17.29],[-174.06,-17.19],[-173.98,-17.06],[-173.93,-16.8],[-173.78,-16.74],[-173.71,-16.78],[-173.57,-17.08],[-173.58,-17.15]],[[-178.1,-16.75],[-178.09,-16.82],[-178.13,-16.87],[-178.24,-16.86],[-178.29,-16.79],[-178.21,-16.68],[-178.15,-16.69],[-178.1,-16.75]],[[-151.6,-16.69],[-151.66,-16.64],[-151.81,-16.63],[-151.87,-16.58],[-151.85,-16.38],[-151.93,-16.23],[-151.87,-16.15],[-151.81,-16.14],[-151.71,-16.19],[-151.72,-16.33],[-151.61,-16.47],[-151.46,-16.46],[-151.36,-16.52],[-151.24,-16.79],[-151.26,-16.91],[-151.37,-16.99],[-151.49,-16.99],[-151.55,-16.91],[-151.6,-16.69]],[[-173.69,-16.66],[-173.76,-16.66],[-173.83,-16.62],[-173.86,-16.54],[-173.81,-16.46],[-173.72,-16.45],[-173.67,-16.51],[-173.66,-16.59],[-173.69,-16.66]],[[-177.22,-16.47],[-177.17,-16.63],[-177.2,-16.65],[-177.31,-16.63],[-177.36,-16.46],[-177.32,-16.42],[-177.22,-16.47]],[[-154.78,-16.44],[-154.68,-16.39],[-154.58,-16.41],[-154.53,-16.5],[-154.55,-16.61],[-154.64,-16.65],[-154.77,-16.62],[-154.8,-16.55],[-154.78,-16.44]],[[-152.29,-16.56],[-152.38,-16.46],[-152.37,-16.39],[-152.3,-16.33],[-152.19,-16.34],[-152.15,-16.37],[-152.14,-16.45],[-152.19,-16.51],[-152.29,-16.56]],[[-173.8,-16.33],[-173.98,-16.29],[-174.01,-16.22],[-173.94,-16.15],[-173.86,-16.16],[-173.78,-16.26],[-173.8,-16.33]],[[-173.74,-16.17],[-173.88,-16.13],[-173.91,-16.08],[-173.95,-15.95],[-173.94,-15.81],[-173.81,-15.65],[-173.78,-15.48],[-173.56,-15.4],[-173.53,-15.44],[-173.52,-15.6],[-173.62,-15.72],[-173.59,-15.89],[-173.68,-16.15],[-173.74,-16.17]],[[-176.64,-15.75],[-176.6,-15.81],[-176.63,-15.88],[-176.69,-15.92],[-176.76,-15.91],[-176.79,-15.88],[-176.79,-15.81],[-176.7,-15.75],[-176.64,-15.75]],[[-175.62,-15.42],[-175.53,-15.61],[-175.54,-15.66],[-175.63,-15.7],[-175.74,-15.58],[-175.77,-15.42],[-175.71,-15.37],[-175.62,-15.42]],[[-177.35,-15.38],[-177.42,-15.4],[-177.48,-15.33],[-177.46,-15.24],[-177.35,-15.2],[-177.31,-15.22],[-177.29,-15.28],[-177.35,-15.38]],[[-176.74,-15.26],[-176.78,-15.19],[-176.75,-15.1],[-176.6,-15.01],[-176.54,-15.03],[-176.51,-15.08],[-176.57,-15.2],[-176.65,-15.26],[-176.74,-15.26]],[[-148.22,-15.24],[-148.36,-15.13],[-148.38,-14.96],[-148.27,-14.83],[-148.11,-14.78],[-148.01,-14.79],[-147.94,-14.86],[-147.81,-14.81],[-147.58,-14.86],[-147.48,-14.93],[-147.41,-15.02],[-147.22,-15.06],[-147.13,-15.17],[-147.11,-15.25],[-147.18,-15.36],[-147.37,-15.41],[-147.51,-15.39],[-147.65,-15.31],[-147.82,-15.31],[-148.04,-15.16],[-148.13,-15.23],[-148.22,-15.24]],[[-148.55,-14.8],[-148.55,-14.9],[-148.61,-14.96],[-148.71,-14.97],[-148.77,-14.92],[-148.78,-14.83],[-148.73,-14.77],[-148.62,-14.75],[-148.55,-14.8]],[[-170.59,-14.79],[-170.55,-14.83],[-170.57,-14.91],[-170.62,-14.94],[-170.69,-14.91],[-170.72,-14.86],[-170.69,-14.81],[-170.59,-14.79]],[[-177.85,-14.81],[-177.89,-14.92],[-177.97,-14.87],[-177.99,-14.8],[-177.87,-14.71],[-177.85,-14.81]],[[-145.34,-14.74],[-145.34,-14.66],[-145.29,-14.55],[-145.05,-14.32],[-144.82,-14.27],[-144.74,-14.3],[-144.74,-14.4],[-144.82,-14.48],[-145.21,-14.76],[-145.29,-14.78],[-145.34,-14.74]],[[-145.73,-14.28],[-145.7,-14.4],[-145.82,-14.49],[-146.36,-14.63],[-146.45,-14.6],[-146.47,-14.43],[-146.43,-14.36],[-145.79,-14.25],[-145.73,-14.28]],[[-168.07,-14.55],[-168.13,-14.61],[-168.16,-14.6],[-168.23,-14.53],[-168.2,-14.47],[-168.12,-14.46],[-168.08,-14.49],[-168.07,-14.55]],[[-175.52,-14.5],[-175.57,-14.58],[-175.68,-14.59],[-175.78,-14.53],[-175.8,-14.43],[-175.71,-14.35],[-175.62,-14.36],[-175.54,-14.41],[-175.52,-14.5]],[[-175.85,-14.36],[-175.82,-14.52],[-175.93,-14.58],[-176.11,-14.5],[-176.18,-14.37],[-176.14,-14.29],[-176.04,-14.26],[-175.91,-14.29],[-175.85,-14.36]],[[-177.15,-14.27],[-177.11,-14.48],[-177.15,-14.51],[-177.27,-14.45],[-177.32,-14.36],[-177.24,-14.26],[-177.15,-14.27]],[[-177.85,-14.3],[-177.82,-14.36],[-177.85,-14.41],[-178.03,-14.42],[-178.25,-14.35],[-178.28,-14.21],[-178.24,-14.13],[-178.16,-14.09],[-178.03,-14.21],[-177.85,-14.3]],[[-172.3,-14.12],[-172.33,-14.07],[-172.27,-13.96],[-172.3,-13.88],[-172.36,-13.84],[-172.52,-13.85],[-172.61,-13.8],[-172.78,-13.61],[-172.85,-13.58],[-172.89,-13.44],[-172.86,-13.37],[-172.66,-13.39],[-172.32,-13.27],[-172.25,-13.31],[-172.2,-13.44],[-172.05,-13.58],[-171.94,-13.63],[-171.74,-13.63],[-171.5,-13.75],[-171.29,-13.9],[-171.28,-13.94],[-171.28,-14.07],[-171.34,-14.17],[-171.53,-14.09],[-171.71,-14.12],[-171.9,-14.05],[-172.3,-14.12]],[[-176.89,-13.51],[-176.87,-13.55],[-176.89,-13.66],[-176.98,-13.73],[-177.05,-13.7],[-177.07,-13.54],[-176.93,-13.49],[-176.89,-13.51]],[[-179.1,-13.49],[-179.14,-13.56],[-179.22,-13.57],[-179.31,-13.47],[-179.3,-13.38],[-179.26,-13.34],[-179.17,-13.33],[-179.11,-13.4],[-179.1,-13.49]],[[-176.26,-13.47],[-176.33,-13.44],[-176.35,-13.37],[-176.33,-13.16],[-176.26,-13.03],[-176.04,-13.14],[-175.99,-13.2],[-175.98,-13.33],[-176.04,-13.45],[-176.26,-13.47]],[[-178.84,-13.1],[-178.81,-13.25],[-178.88,-13.32],[-178.97,-13.28],[-178.99,-13.21],[-178.94,-13.13],[-178.89,-13.09],[-178.84,-13.1]],[[-174.64,-13.14],[-174.69,-13.05],[-174.65,-13.0],[-174.28,-12.95],[-174.22,-12.97],[-174.18,-13.04],[-174.19,-13.11],[-174.24,-13.14],[-174.64,-13.14]],[[-175.6,-12.97],[-175.74,-12.93],[-175.74,-12.89],[-175.61,-12.81],[-175.54,-12.91],[-175.6,-12.97]],[[-179.05,-12.82],[-179.08,-12.91],[-179.26,-12.94],[-179.35,-12.92],[-179.39,-12.83],[-179.33,-12.7],[-179.21,-12.66],[-179.09,-12.72],[-179.05,-12.82]],[[-178.15,-12.66],[-178.14,-12.56],[-178.08,-12.48],[-177.92,-12.48],[-177.84,-12.55],[-177.88,-12.66],[-178.15,-12.66]],[[-177.7,-12.6],[-177.76,-12.56],[-177.77,-12.49],[-177.73,-12.31],[-177.66,-12.2],[-177.46,-12.1],[-177.32,-12.15],[-177.28,-12.23],[-177.29,-12.55],[-177.49,-12.6],[-177.7,-12.6]],[[-175.8,-12.29],[-175.89,-12.22],[-175.89,-12.17],[-175.81,-12.1],[-175.69,-12.1],[-175.63,-12.17],[-175.63,-12.24],[-175.67,-12.28],[-175.8,-12.29]],[[-148.5,-12.16],[-148.56,-12.12],[-148.58,-12.02],[-148.54,-11.95],[-148.44,-11.92],[-148.41,-11.95],[-148.39,-12.11],[-148.44,-12.16],[-148.5,-12.16]],[[-178.18,-11.92],[-178.36,-11.95],[-178.44,-11.91],[-178.48,-11.79],[-178.49,-11.62],[-178.38,-11.6],[-178.1,-11.71],[-177.89,-11.58],[-177.62,-11.59],[-177.54,-11.62],[-177.53,-11.66],[-177.6,-11.73],[-178.18,-11.92]],[[-165.49,-11.55],[-165.46,-11.48],[-165.38,-11.47],[-165.34,-11.53],[-165.36,-11.6],[-165.41,-11.63],[-165.49,-11.6],[-165.49,-11.55]],[[-151.82,-11.51],[-151.87,-11.46],[-151.87,-11.39],[-151.83,-11.34],[-151.76,-11.33],[-151.71,-11.37],[-151.71,-11.45],[-151.76,-11.5],[-151.82,-11.51]],[[-179.48,-11.45],[-179.51,-11.52],[-179.59,-11.57],[-179.67,-11.55],[-179.69,-11.52],[-179.68,-11.44],[-179.59,-11.39],[-179.51,-11.39],[-179.48,-11.45]],[[-178.91,-11.44],[-178.99,-11.39],[-179.02,-11.32],[-178.86,-11.23],[-178.83,-11.27],[-178.82,-11.41],[-178.91,-11.44]],[[-179.2,-11.23],[-179.17,-11.29],[-179.18,-11.35],[-179.24,-11.37],[-179.34,-11.31],[-179.35,-11.25],[-179.33,-11.21],[-179.26,-11.19],[-179.2,-11.23]],[[-149.09,-11.3],[-149.01,-11.27],[-148.94,-11.3],[-148.92,-11.42],[-148.95,-11.46],[-149.11,-11.44],[-149.13,-11.35],[-149.09,-11.3]],[[-174.03,-12.2],[-173.94,-12.17],[-173.85,-12.2],[-173.83,-12.34],[-173.91,-12.37],[-174.04,-12.32],[-174.07,-12.25],[-174.03,-12.2]],[[-174.75,-12.22],[-174.69,-12.26],[-174.7,-12.32],[-174.75,-12.36],[-174.84,-12.36],[-174.87,-12.27],[-174.75,-12.22]],[[-176.67,-12.38],[-176.59,-12.46],[-176.61,-12.59],[-176.67,-12.63],[-176.8,-12.64],[-176.91,-12.57],[-176.93,-12.47],[-176.91,-12.43],[-176.78,-12.37],[-176.67,-12.38]],[[-174.39,-12.63],[-174.45,-12.58],[-174.45,-12.49],[-174.36,-12.42],[-174.25,-12.4],[-174.21,-12.48],[-174.24,-12.56],[-174.29,-12.62],[-174.39,-12.63]],[[-163.15,-13.15],[-163.02,-13.18],[-162.98,-13.27],[-162.99,-13.32],[-163.13,-13.38],[-163.23,-13.32],[-163.25,-13.23],[-163.15,-13.15]],[[-169.7,-14.11],[-169.61,-14.09],[-169.47,-14.13],[-169.37,-14.2],[-169.37,-14.3],[-169.45,-14.33],[-169.58,-14.3],[-169.73,-14.18],[-169.7,-14.11]],[[-141.24,-14.25],[-141.35,-14.18],[-141.35,-14.12],[-141.23,-14.1],[-141.13,-14.13],[-141.14,-14.24],[-141.24,-14.25]],[[-170.55,-14.13],[-170.42,-14.2],[-170.43,-14.31],[-170.59,-14.33],[-170.71,-14.41],[-170.78,-14.43],[-170.9,-14.41],[-170.96,-14.37],[-170.96,-14.3],[-170.92,-14.24],[-170.73,-14.15],[-170.55,-14.13]],[[-149.98,-14.42],[-149.88,-14.42],[-149.86,-14.52],[-149.9,-14.55],[-149.99,-14.52],[-149.98,-14.42]],[[-138.91,-14.78],[-138.87,-14.73],[-138.77,-14.75],[-138.73,-14.85],[-138.77,-14.89],[-138.84,-14.88],[-138.88,-14.86],[-138.91,-14.78]],[[-144.5,-14.85],[-144.47,-14.9],[-144.48,-14.98],[-144.52,-15.03],[-144.6,-15.02],[-144.63,-14.97],[-144.62,-14.91],[-144.5,-14.85]],[[-146.95,-15.36],[-146.96,-15.26],[-146.92,-15.19],[-146.72,-15.11],[-146.47,-15.24],[-146.27,-15.21],[-146.19,-15.23],[-146.11,-15.29],[-146.1,-15.36],[-146.15,-15.61],[-146.37,-15.79],[-146.44,-15.93],[-146.52,-15.96],[-146.91,-15.87],[-147.17,-15.75],[-147.17,-15.63],[-146.97,-15.51],[-146.95,-15.36]],[[-145.64,-15.68],[-145.68,-15.61],[-145.68,-15.5],[-145.64,-15.44],[-145.51,-15.36],[-145.38,-15.39],[-145.33,-15.52],[-145.36,-15.59],[-145.49,-15.69],[-145.64,-15.68]],[[-144.7,-15.65],[-144.63,-15.63],[-144.55,-15.66],[-144.54,-15.78],[-144.63,-15.82],[-144.72,-15.78],[-144.74,-15.69],[-144.7,-15.65]],[[-140.83,-15.65],[-140.66,-15.68],[-140.62,-15.74],[-140.63,-15.85],[-140.79,-15.94],[-140.97,-15.92],[-141.02,-15.84],[-141.0,-15.75],[-140.83,-15.65]],[[-140.29,-15.93],[-140.2,-15.87],[-140.08,-15.85],[-139.99,-15.89],[-139.96,-15.97],[-140.03,-16.09],[-140.14,-16.13],[-140.28,-16.07],[-140.31,-15.98],[-140.29,-15.93]],[[-142.24,-16.02],[-142.41,-16.29],[-142.49,-16.35],[-142.56,-16.34],[-142.61,-16.2],[-142.57,-16.04],[-142.41,-15.85],[-142.19,-15.69],[-142.07,-15.66],[-142.03,-15.7],[-142.03,-15.77],[-142.24,-16.02]],[[-142.99,-16.27],[-142.93,-16.32],[-142.92,-16.41],[-142.96,-16.48],[-143.06,-16.52],[-143.24,-16.45],[-143.32,-16.31],[-143.3,-16.25],[-143.24,-16.22],[-142.99,-16.27]],[[-143.86,-16.32],[-143.64,-16.49],[-143.35,-16.54],[-143.28,-16.65],[-143.3,-16.74],[-143.45,-16.81],[-143.56,-16.8],[-143.85,-16.71],[-143.99,-16.85],[-144.31,-16.89],[-144.36,-16.87],[-144.39,-16.83],[-144.38,-16.68],[-144.52,-16.47],[-144.5,-16.31],[-144.34,-16.25],[-144.22,-16.27],[-144.12,-16.34],[-143.86,-16.32]],[[-142.94,-16.8],[-142.96,-16.7],[-142.9,-16.58],[-142.81,-16.56],[-142.73,-16.6],[-142.69,-16.7],[-142.74,-16.81],[-142.86,-16.85],[-142.94,-16.8]],[[-142.01,-16.84],[-141.98,-16.78],[-141.89,-16.74],[-141.83,-16.79],[-141.82,-16.92],[-141.91,-16.95],[-142.01,-16.84]],[[-143.02,-16.88],[-142.96,-16.96],[-142.94,-17.08],[-142.98,-17.2],[-143.04,-17.26],[-143.29,-17.13],[-143.43,-16.97],[-143.39,-16.86],[-143.22,-16.8],[-143.02,-16.88]],[[-138.43,-17.23],[-138.29,-17.23],[-138.24,-17.3],[-138.25,-17.36],[-138.35,-17.43],[-138.55,-17.39],[-138.57,-17.35],[-138.55,-17.28],[-138.43,-17.23]],[[-141.42,-17.27],[-141.33,-17.33],[-141.37,-17.43],[-141.48,-17.47],[-141.59,-17.43],[-141.62,-17.36],[-141.6,-17.31],[-141.51,-17.27],[-141.42,-17.27]],[[-142.59,-17.44],[-142.47,-17.49],[-142.44,-17.57],[-142.45,-17.64],[-142.55,-17.71],[-142.69,-17.67],[-142.76,-17.55],[-142.74,-17.46],[-142.59,-17.44]],[[-140.85,-17.7],[-140.74,-17.62],[-140.62,-17.59],[-140.55,-17.62],[-140.51,-17.69],[-140.59,-17.81],[-140.76,-17.92],[-140.87,-17.95],[-140.93,-17.93],[-140.95,-17.84],[-140.85,-17.7]],[[-142.18,-17.87],[-142.14,-17.9],[-142.09,-18.12],[-142.03,-18.17],[-142.02,-18.22],[-142.06,-18.33],[-142.12,-18.37],[-142.24,-18.35],[-142.48,-18.02],[-142.39,-17.9],[-142.18,-17.87]],[[-141.0,-18.34],[-141.05,-18.31],[-141.15,-18.08],[-141.13,-18.04],[-140.94,-17.98],[-140.84,-18.03],[-140.67,-18.26],[-140.53,-18.38],[-140.51,-18.46],[-140.56,-18.49],[-140.89,-18.49],[-140.98,-18.4],[-141.0,-18.34]],[[-136.96,-18.45],[-137.14,-18.33],[-137.16,-18.24],[-137.13,-18.17],[-137.01,-18.16],[-136.86,-18.24],[-136.83,-18.32],[-136.85,-18.38],[-136.9,-18.44],[-136.96,-18.45]],[[-136.51,-18.38],[-136.37,-18.38],[-136.2,-18.45],[-136.15,-18.53],[-136.17,-18.62],[-136.24,-18.67],[-136.33,-18.67],[-136.51,-18.59],[-136.56,-18.52],[-136.57,-18.45],[-136.51,-18.38]],[[-138.82,-18.66],[-138.69,-18.71],[-138.67,-18.76],[-138.76,-18.84],[-138.9,-18.85],[-138.94,-18.8],[-138.94,-18.74],[-138.9,-18.69],[-138.82,-18.66]],[[-141.74,-18.66],[-141.69,-18.72],[-141.69,-18.82],[-141.75,-18.88],[-141.84,-18.88],[-141.93,-18.8],[-141.92,-18.69],[-141.86,-18.64],[-141.74,-18.66]],[[-159.66,-18.83],[-159.64,-18.93],[-159.71,-19.01],[-159.83,-19.02],[-159.91,-18.96],[-159.92,-18.86],[-159.79,-18.75],[-159.74,-18.75],[-159.66,-18.83]],[[-169.8,-18.9],[-169.72,-18.98],[-169.71,-19.08],[-169.79,-19.18],[-169.89,-19.2],[-169.98,-19.13],[-170.01,-19.01],[-169.92,-18.91],[-169.8,-18.9]],[[-140.75,-19.05],[-140.59,-19.05],[-140.54,-19.08],[-140.53,-19.16],[-140.62,-19.22],[-140.76,-19.2],[-140.81,-19.17],[-140.81,-19.12],[-140.75,-19.05]],[[-138.76,-19.2],[-138.7,-19.21],[-138.62,-19.29],[-138.58,-19.39],[-138.62,-19.46],[-138.71,-19.46],[-138.83,-19.34],[-138.84,-19.26],[-138.76,-19.2]],[[-139.17,-19.22],[-139.1,-19.27],[-139.09,-19.36],[-139.11,-19.41],[-139.17,-19.43],[-139.3,-19.41],[-139.33,-19.36],[-139.33,-19.31],[-139.25,-19.23],[-139.17,-19.22]],[[-150.93,-19.33],[-151.09,-19.36],[-151.11,-19.32],[-151.09,-19.2],[-150.9,-19.16],[-150.87,-19.24],[-150.93,-19.33]],[[-158.91,-19.35],[-158.99,-19.33],[-159.03,-19.29],[-159.04,-19.2],[-159.01,-19.17],[-158.91,-19.17],[-158.83,-19.23],[-158.86,-19.32],[-158.91,-19.35]],[[-151.52,-19.34],[-151.65,-19.3],[-151.68,-19.2],[-151.64,-19.14],[-151.48,-19.1],[-151.41,-19.13],[-151.39,-19.24],[-151.44,-19.32],[-151.52,-19.34]],[[-141.34,-19.12],[-141.3,-19.06],[-141.18,-19.1],[-141.12,-19.18],[-141.12,-19.25],[-141.17,-19.3],[-141.27,-19.29],[-141.34,-19.21],[-141.34,-19.12]],[[-152.28,-18.81],[-152.31,-18.75],[-152.28,-18.7],[-152.17,-18.68],[-152.14,-18.75],[-152.16,-18.79],[-152.28,-18.81]],[[-172.18,-18.69],[-172.26,-18.68],[-172.28,-18.64],[-172.26,-18.52],[-172.21,-18.48],[-172.12,-18.5],[-172.06,-18.57],[-172.08,-18.64],[-172.18,-18.69]],[[-139.23,-18.61],[-139.29,-18.56],[-139.29,-18.52],[-139.22,-18.47],[-139.14,-18.46],[-139.11,-18.58],[-139.14,-18.61],[-139.23,-18.61]],[[-153.99,-18.42],[-154.09,-18.45],[-154.18,-18.4],[-154.2,-18.35],[-154.16,-18.26],[-154.04,-18.23],[-153.97,-18.26],[-153.96,-18.37],[-153.99,-18.42]],[[-168.28,-18.28],[-168.33,-18.35],[-168.43,-18.36],[-168.5,-18.31],[-168.51,-18.21],[-168.45,-18.15],[-168.29,-18.15],[-168.26,-18.2],[-168.28,-18.28]],[[-163.21,-18.15],[-163.26,-18.1],[-163.25,-18.0],[-163.18,-17.94],[-163.08,-17.95],[-163.05,-18.05],[-163.12,-18.14],[-163.21,-18.15]],[[-173.18,-17.96],[-173.17,-18.04],[-173.21,-18.1],[-173.34,-18.08],[-173.39,-18.02],[-173.32,-17.9],[-173.24,-17.91],[-173.18,-17.96]],[[-154.16,-17.92],[-154.17,-17.84],[-154.13,-17.78],[-154.07,-17.76],[-154.0,-17.79],[-153.98,-17.86],[-154.03,-17.94],[-154.11,-17.95],[-154.16,-17.92]],[[-149.36,-17.95],[-149.57,-17.87],[-149.62,-17.82],[-149.72,-17.57],[-149.66,-17.46],[-149.33,-17.42],[-149.27,-17.46],[-149.18,-17.62],[-149.05,-17.74],[-149.04,-17.88],[-149.09,-17.94],[-149.17,-17.97],[-149.36,-17.95]],[[-143.46,-17.56],[-143.51,-17.54],[-143.55,-17.46],[-143.52,-17.38],[-143.46,-17.35],[-143.37,-17.39],[-143.34,-17.47],[-143.39,-17.55],[-143.46,-17.56]],[[-142.59,-17.41],[-142.64,-17.36],[-142.65,-17.29],[-142.63,-17.25],[-142.57,-17.24],[-142.51,-17.26],[-142.49,-17.31],[-142.53,-17.39],[-142.59,-17.41]],[[-143.08,-17.92],[-143.14,-17.89],[-143.16,-17.83],[-143.12,-17.78],[-143.05,-17.77],[-142.99,-17.81],[-142.98,-17.88],[-143.02,-17.92],[-143.08,-17.92]],[[-144.25,-16.97],[-144.17,-17.06],[-144.22,-17.2],[-144.36,-17.24],[-144.49,-17.17],[-144.51,-17.08],[-144.48,-17.03],[-144.35,-16.97],[-144.25,-16.97]],[[-149.5,-17.07],[-149.57,-17.1],[-149.64,-17.07],[-149.67,-16.97],[-149.64,-16.9],[-149.55,-16.88],[-149.48,-16.92],[-149.46,-16.99],[-149.5,-17.07]],[[-150.96,-16.89],[-151.03,-16.88],[-151.12,-16.78],[-151.11,-16.65],[-151.0,-16.59],[-150.91,-16.63],[-150.86,-16.73],[-150.87,-16.84],[-150.96,-16.89]],[[-145.55,-16.59],[-145.86,-16.27],[-145.88,-16.1],[-146.09,-16.08],[-146.26,-15.97],[-146.3,-15.89],[-146.26,-15.76],[-146.14,-15.7],[-145.94,-15.7],[-145.75,-15.84],[-145.75,-15.98],[-145.5,-15.99],[-145.44,-16.13],[-145.23,-16.38],[-145.25,-16.46],[-145.38,-16.55],[-145.55,-16.59]],[[-146.59,-16.38],[-146.62,-16.43],[-146.82,-16.44],[-146.93,-16.39],[-146.95,-16.34],[-146.91,-16.26],[-146.69,-16.23],[-146.62,-16.27],[-146.59,-16.38]],[[-146.98,-16.27],[-147.07,-16.26],[-147.17,-16.08],[-147.16,-15.94],[-147.06,-15.85],[-146.97,-15.93],[-147.02,-16.03],[-146.95,-16.13],[-146.98,-16.27]],[[-148.17,-15.88],[-148.23,-15.92],[-148.33,-15.89],[-148.34,-15.75],[-148.3,-15.73],[-148.23,-15.74],[-148.17,-15.81],[-148.17,-15.88]],[[-154.4,-15.72],[-154.39,-15.81],[-154.44,-15.87],[-154.53,-15.89],[-154.61,-15.85],[-154.63,-15.77],[-154.55,-15.7],[-154.47,-15.69],[-154.4,-15.72]],[[-173.01,-15.69],[-173.11,-15.68],[-173.16,-15.64],[-173.13,-15.55],[-173.07,-15.54],[-173.01,-15.58],[-172.99,-15.64],[-173.01,-15.69]],[[-146.55,-16.18],[-146.57,-16.12],[-146.55,-16.06],[-146.37,-15.98],[-146.26,-16.05],[-146.22,-16.2],[-146.28,-16.27],[-146.35,-16.28],[-146.43,-16.27],[-146.55,-16.18]],[[-145.32,-15.97],[-145.35,-15.89],[-145.31,-15.76],[-145.14,-15.69],[-145.06,-15.7],[-144.96,-15.79],[-144.94,-15.96],[-144.77,-15.96],[-144.71,-16.0],[-144.6,-16.13],[-144.61,-16.19],[-144.74,-16.33],[-144.89,-16.36],[-145.18,-16.24],[-145.21,-16.17],[-145.14,-16.04],[-145.32,-15.97]],[[-145.32,-16.58],[-145.1,-16.59],[-144.91,-16.68],[-144.69,-16.67],[-144.51,-16.79],[-144.46,-16.87],[-144.46,-16.94],[-144.52,-17.01],[-144.64,-17.06],[-144.96,-16.94],[-145.06,-16.86],[-145.37,-16.82],[-145.42,-16.78],[-145.43,-16.66],[-145.32,-16.58]],[[-153.92,-16.69],[-153.86,-16.74],[-153.84,-16.83],[-153.9,-16.9],[-153.98,-16.9],[-154.05,-16.85],[-154.05,-16.79],[-153.99,-16.71],[-153.92,-16.69]],[[-140.45,-19.72],[-140.51,-19.66],[-140.51,-19.57],[-140.45,-19.5],[-140.38,-19.49],[-140.28,-19.58],[-140.28,-19.68],[-140.34,-19.73],[-140.45,-19.72]],[[-157.69,-19.73],[-157.63,-19.78],[-157.61,-19.87],[-157.64,-19.93],[-157.72,-19.96],[-157.79,-19.92],[-157.8,-19.83],[-157.75,-19.74],[-157.69,-19.73]],[[-145.08,-19.95],[-145.09,-19.86],[-145.03,-19.78],[-144.94,-19.74],[-144.87,-19.77],[-144.84,-19.87],[-144.89,-19.96],[-144.98,-20.0],[-145.08,-19.95]],[[-158.02,-19.98],[-158.08,-20.09],[-158.15,-20.09],[-158.17,-20.07],[-158.19,-19.95],[-158.15,-19.91],[-158.08,-19.91],[-158.02,-19.98]],[[-157.41,-20.08],[-157.33,-20.03],[-157.26,-20.05],[-157.26,-20.13],[-157.31,-20.22],[-157.37,-20.23],[-157.41,-20.19],[-157.41,-20.08]],[[-139.03,-20.21],[-138.91,-20.22],[-138.87,-20.26],[-138.89,-20.33],[-138.95,-20.36],[-139.03,-20.33],[-139.08,-20.28],[-139.03,-20.21]],[[-139.63,-20.28],[-139.6,-20.41],[-139.66,-20.47],[-139.74,-20.43],[-139.76,-20.36],[-139.73,-20.3],[-139.63,-20.28]],[[-139.41,-20.44],[-139.33,-20.38],[-139.26,-20.39],[-139.21,-20.44],[-139.21,-20.51],[-139.26,-20.57],[-139.35,-20.57],[-139.41,-20.52],[-139.41,-20.44]],[[-143.27,-20.51],[-143.17,-20.61],[-143.19,-20.68],[-143.23,-20.7],[-143.37,-20.68],[-143.4,-20.63],[-143.38,-20.54],[-143.27,-20.51]],[[-143.14,-20.69],[-143.09,-20.59],[-143.06,-20.59],[-142.97,-20.66],[-142.95,-20.76],[-143.03,-20.8],[-143.11,-20.76],[-143.14,-20.69]],[[-139.23,-20.75],[-139.12,-20.67],[-139.04,-20.72],[-139.03,-20.79],[-139.07,-20.85],[-139.16,-20.87],[-139.23,-20.84],[-139.23,-20.75]],[[-138.65,-20.85],[-138.66,-20.76],[-138.56,-20.7],[-138.45,-20.73],[-138.4,-20.83],[-138.43,-20.94],[-138.5,-20.97],[-138.58,-20.93],[-138.65,-20.85]],[[-160.98,-20.56],[-160.96,-20.66],[-161.02,-20.69],[-161.08,-20.68],[-161.08,-20.58],[-160.98,-20.56]],[[-143.51,-20.52],[-143.61,-20.51],[-143.64,-20.4],[-143.62,-20.35],[-143.51,-20.3],[-143.44,-20.33],[-143.41,-20.41],[-143.43,-20.46],[-143.51,-20.52]],[[-167.67,-19.97],[-167.7,-20.04],[-167.81,-20.08],[-167.91,-20.06],[-167.94,-20.02],[-167.92,-19.96],[-167.83,-19.9],[-167.72,-19.91],[-167.67,-19.97]],[[-158.35,-19.94],[-158.39,-19.9],[-158.37,-19.81],[-158.33,-19.75],[-158.24,-19.75],[-158.23,-19.9],[-158.3,-19.96],[-158.35,-19.94]],[[-163.96,-21.16],[-164.05,-21.11],[-164.04,-21.04],[-163.99,-21.01],[-163.89,-21.02],[-163.85,-21.08],[-163.88,-21.15],[-163.96,-21.16]],[[-136.95,-21.1],[-136.86,-21.05],[-136.7,-21.19],[-136.34,-21.22],[-136.24,-21.37],[-136.22,-21.53],[-136.29,-21.57],[-136.4,-21.57],[-136.69,-21.46],[-136.95,-21.18],[-136.95,-21.1]],[[-135.73,-21.55],[-135.75,-21.44],[-135.65,-21.38],[-135.44,-21.41],[-135.36,-21.51],[-135.39,-21.59],[-135.53,-21.67],[-135.64,-21.66],[-135.73,-21.55]],[[-138.54,-21.64],[-138.5,-21.7],[-138.51,-21.75],[-138.66,-21.83],[-138.79,-21.95],[-139.02,-21.97],[-139.14,-21.91],[-139.12,-21.81],[-139.04,-21.8],[-138.92,-21.7],[-138.74,-21.7],[-138.54,-21.64]],[[-136.29,-21.95],[-136.17,-21.87],[-136.11,-21.88],[-136.07,-21.97],[-136.12,-22.08],[-136.17,-22.11],[-136.3,-22.05],[-136.29,-21.95]],[[-138.72,-22.09],[-138.6,-22.16],[-138.58,-22.24],[-138.6,-22.3],[-138.67,-22.34],[-138.81,-22.35],[-138.87,-22.27],[-138.86,-22.14],[-138.72,-22.09]],[[-151.31,-22.34],[-151.24,-22.4],[-151.22,-22.49],[-151.26,-22.55],[-151.33,-22.58],[-151.43,-22.52],[-151.46,-22.42],[-151.42,-22.36],[-151.31,-22.34]],[[-151.03,-22.57],[-151.02,-22.52],[-150.95,-22.46],[-150.9,-22.47],[-150.89,-22.61],[-150.94,-22.62],[-151.03,-22.57]],[[-133.73,-22.61],[-133.58,-22.54],[-133.48,-22.54],[-133.43,-22.6],[-133.47,-22.7],[-133.63,-22.76],[-133.83,-22.72],[-133.82,-22.67],[-133.73,-22.61]],[[-151.21,-22.75],[-151.16,-22.8],[-151.18,-22.87],[-151.22,-22.89],[-151.29,-22.87],[-151.31,-22.77],[-151.21,-22.75]],[[-137.43,-22.89],[-137.37,-22.92],[-137.35,-22.97],[-137.36,-23.02],[-137.43,-23.06],[-137.54,-23.0],[-137.5,-22.92],[-137.43,-22.89]],[[-135.09,-23.01],[-134.95,-22.93],[-134.83,-22.97],[-134.77,-23.09],[-134.77,-23.2],[-134.95,-23.48],[-135.01,-23.45],[-135.05,-23.28],[-135.16,-23.17],[-135.15,-23.09],[-135.09,-23.01]],[[-134.51,-23.44],[-134.59,-23.37],[-134.58,-23.32],[-134.5,-23.24],[-134.41,-23.25],[-134.37,-23.31],[-134.37,-23.39],[-134.41,-23.43],[-134.51,-23.44]],[[-149.29,-23.34],[-149.3,-23.45],[-149.38,-23.5],[-149.55,-23.47],[-149.61,-23.37],[-149.59,-23.3],[-149.48,-23.24],[-149.34,-23.27],[-149.29,-23.34]],[[-150.69,-23.28],[-150.65,-23.31],[-150.62,-23.4],[-150.67,-23.45],[-150.74,-23.45],[-150.8,-23.36],[-150.74,-23.28],[-150.69,-23.28]],[[-137.2,-23.24],[-137.23,-23.2],[-137.21,-23.08],[-137.12,-23.03],[-137.02,-23.06],[-136.99,-23.11],[-137.01,-23.21],[-137.11,-23.26],[-137.2,-23.24]],[[-135.33,-23.24],[-135.28,-23.14],[-135.22,-23.14],[-135.18,-23.18],[-135.17,-23.25],[-135.22,-23.3],[-135.29,-23.3],[-135.33,-23.24]],[[-152.69,-22.64],[-152.72,-22.71],[-152.83,-22.73],[-152.94,-22.69],[-152.97,-22.63],[-152.92,-22.55],[-152.82,-22.52],[-152.73,-22.56],[-152.69,-22.64]],[[-157.81,-21.97],[-157.86,-22.01],[-157.98,-22.01],[-158.03,-21.96],[-158.02,-21.88],[-157.97,-21.82],[-157.84,-21.8],[-157.8,-21.9],[-157.81,-21.97]],[[-154.74,-21.87],[-154.78,-21.81],[-154.77,-21.74],[-154.7,-21.69],[-154.62,-21.71],[-154.59,-21.74],[-154.59,-21.81],[-154.67,-21.87],[-154.74,-21.87]],[[-140.66,-21.8],[-140.76,-21.74],[-140.76,-21.61],[-140.65,-21.54],[-140.51,-21.57],[-140.46,-21.64],[-140.47,-21.74],[-140.57,-21.79],[-140.66,-21.8]],[[-159.7,-21.11],[-159.64,-21.17],[-159.68,-21.31],[-159.85,-21.32],[-159.89,-21.24],[-159.87,-21.14],[-159.7,-21.11]],[[-134.4,-23.74],[-134.45,-23.66],[-134.43,-23.6],[-134.33,-23.54],[-134.26,-23.54],[-134.22,-23.61],[-134.25,-23.69],[-134.33,-23.74],[-134.4,-23.74]],[[-133.8,-23.74],[-133.81,-23.66],[-133.74,-23.63],[-133.7,-23.72],[-133.73,-23.75],[-133.8,-23.74]],[[-133.37,-23.74],[-133.29,-23.73],[-133.24,-23.76],[-133.22,-23.82],[-133.24,-23.87],[-133.32,-23.9],[-133.39,-23.87],[-133.42,-23.8],[-133.37,-23.74]],[[-147.52,-23.76],[-147.49,-23.83],[-147.49,-23.92],[-147.55,-23.98],[-147.63,-24.01],[-147.8,-23.94],[-147.94,-23.81],[-147.9,-23.75],[-147.52,-23.76]],[[-145.97,-24.78],[-146.1,-24.7],[-146.1,-24.57],[-146.04,-24.53],[-145.94,-24.52],[-145.75,-24.57],[-145.73,-24.63],[-145.78,-24.75],[-145.85,-24.79],[-145.97,-24.78]],[[-177.07,-25.71],[-177.01,-25.75],[-177.0,-25.89],[-177.02,-25.94],[-177.12,-25.96],[-177.24,-25.87],[-177.25,-25.78],[-177.21,-25.72],[-177.07,-25.71]],[[-176.91,-24.73],[-176.87,-24.81],[-176.88,-24.86],[-176.99,-24.86],[-177.02,-24.78],[-176.97,-24.72],[-176.91,-24.73]],[[-176.86,-24.4],[-176.85,-24.54],[-176.9,-24.61],[-176.95,-24.6],[-176.99,-24.54],[-176.98,-24.47],[-176.9,-24.39],[-176.86,-24.4]],[[-147.01,-26.33],[-147.06,-26.29],[-147.06,-26.19],[-147.02,-26.14],[-146.94,-26.12],[-146.9,-26.19],[-146.92,-26.28],[-147.01,-26.33]],[[-146.52,-26.76],[-146.61,-26.7],[-146.62,-26.57],[-146.48,-26.5],[-146.4,-26.5],[-146.34,-26.57],[-146.33,-26.71],[-146.41,-26.76],[-146.52,-26.76]],[[-176.73,-11.12],[-176.78,-11.18],[-176.94,-11.17],[-177.0,-11.04],[-177.0,-10.98],[-176.91,-10.91],[-176.8,-10.93],[-176.76,-10.97],[-176.73,-11.12]],[[-165.96,-10.96],[-165.97,-10.85],[-165.91,-10.78],[-165.81,-10.78],[-165.73,-10.83],[-165.74,-10.94],[-165.78,-10.99],[-165.89,-11.0],[-165.96,-10.96]],[[-179.16,-10.78],[-179.28,-10.78],[-179.31,-10.72],[-179.29,-10.57],[-179.17,-10.49],[-179.09,-10.51],[-179.06,-10.62],[-179.16,-10.78]],[[-160.99,-10.51],[-161.1,-10.4],[-161.08,-10.33],[-161.02,-10.29],[-160.94,-10.31],[-160.89,-10.38],[-160.91,-10.49],[-160.99,-10.51]],[[-138.77,-10.51],[-138.75,-10.39],[-138.68,-10.34],[-138.59,-10.35],[-138.53,-10.4],[-138.53,-10.5],[-138.6,-10.59],[-138.72,-10.58],[-138.77,-10.51]],[[-149.45,-10.76],[-149.42,-10.72],[-149.35,-10.69],[-149.3,-10.73],[-149.29,-10.8],[-149.34,-10.84],[-149.4,-10.84],[-149.45,-10.76]],[[-171.01,-10.97],[-170.97,-11.03],[-170.99,-11.1],[-171.06,-11.11],[-171.13,-11.09],[-171.13,-11.0],[-171.01,-10.97]],[[-137.89,-10.15],[-137.82,-10.21],[-137.85,-10.27],[-137.92,-10.29],[-137.97,-10.26],[-137.98,-10.19],[-137.95,-10.15],[-137.89,-10.15]],[[-161.04,-10.09],[-161.13,-10.11],[-161.18,-10.03],[-161.17,-9.94],[-161.1,-9.9],[-161.04,-9.91],[-161.01,-9.97],[-161.04,-10.09]],[[-150.27,-10.06],[-150.33,-10.01],[-150.31,-9.91],[-150.25,-9.84],[-150.16,-9.83],[-150.12,-9.89],[-150.13,-9.98],[-150.18,-10.04],[-150.27,-10.06]],[[-139.18,-10.06],[-139.21,-10.0],[-139.23,-9.76],[-139.17,-9.66],[-138.98,-9.6],[-138.69,-9.7],[-138.73,-10.05],[-138.87,-10.06],[-138.93,-9.95],[-139.01,-10.07],[-139.1,-10.09],[-139.18,-10.06]],[[-161.98,-9.63],[-162.06,-9.65],[-162.14,-9.59],[-162.16,-9.53],[-162.12,-9.46],[-162.08,-9.43],[-162.0,-9.46],[-161.96,-9.55],[-161.98,-9.63]],[[-171.15,-9.45],[-171.21,-9.5],[-171.27,-9.49],[-171.35,-9.4],[-171.34,-9.34],[-171.26,-9.27],[-171.17,-9.27],[-171.12,-9.35],[-171.15,-9.45]],[[-171.74,-9.26],[-171.86,-9.31],[-171.94,-9.28],[-171.99,-9.2],[-171.99,-9.1],[-171.87,-9.04],[-171.72,-9.05],[-171.68,-9.16],[-171.74,-9.26]],[[-158.02,-9.15],[-158.1,-9.02],[-158.11,-8.95],[-158.04,-8.87],[-157.87,-8.84],[-157.82,-9.02],[-157.85,-9.14],[-157.9,-9.19],[-158.02,-9.15]],[[-140.28,-9.0],[-140.34,-8.84],[-140.31,-8.74],[-140.03,-8.68],[-139.9,-8.74],[-139.88,-8.82],[-139.92,-9.04],[-140.09,-9.02],[-140.22,-9.05],[-140.28,-9.0]],[[-140.51,-8.7],[-140.52,-8.76],[-140.62,-8.78],[-140.8,-8.74],[-140.83,-8.66],[-140.81,-8.62],[-140.6,-8.57],[-140.54,-8.61],[-140.51,-8.7]],[[-172.42,-8.6],[-172.47,-8.65],[-172.54,-8.65],[-172.57,-8.63],[-172.57,-8.5],[-172.51,-8.46],[-172.43,-8.49],[-172.42,-8.6]],[[-139.6,-9.02],[-139.68,-8.97],[-139.71,-8.89],[-139.69,-8.84],[-139.55,-8.77],[-139.45,-8.77],[-139.39,-8.8],[-139.37,-8.98],[-139.48,-9.02],[-139.6,-9.02]],[[-140.57,-9.02],[-140.52,-9.05],[-140.51,-9.13],[-140.56,-9.18],[-140.62,-9.19],[-140.67,-9.05],[-140.57,-9.02]],[[-140.14,-9.25],[-140.04,-9.24],[-139.95,-9.38],[-139.97,-9.5],[-140.06,-9.58],[-140.16,-9.53],[-140.21,-9.42],[-140.21,-9.35],[-140.14,-9.25]],[[-138.97,-9.5],[-139.01,-9.43],[-139.0,-9.38],[-138.9,-9.33],[-138.85,-9.38],[-138.85,-9.45],[-138.91,-9.5],[-138.97,-9.5]],[[-138.17,-10.06],[-138.21,-10.03],[-138.23,-9.96],[-138.14,-9.9],[-138.09,-9.94],[-138.08,-10.0],[-138.12,-10.06],[-138.17,-10.06]],[[-161.74,-8.19],[-161.68,-8.25],[-161.69,-8.33],[-161.74,-8.36],[-161.81,-8.35],[-161.87,-8.3],[-161.88,-8.24],[-161.82,-8.18],[-161.74,-8.19]],[[-139.56,-7.96],[-139.5,-8.02],[-139.49,-8.11],[-139.52,-8.15],[-139.62,-8.15],[-139.7,-8.09],[-139.71,-8.04],[-139.65,-7.97],[-139.56,-7.96]],[[-140.64,-8.13],[-140.74,-8.13],[-140.8,-8.04],[-140.77,-7.92],[-140.64,-7.78],[-140.45,-7.78],[-140.25,-7.7],[-139.9,-7.82],[-139.91,-7.92],[-139.96,-7.97],[-140.04,-7.98],[-140.14,-7.97],[-140.21,-7.92],[-140.33,-7.94],[-140.42,-7.92],[-140.64,-8.13]],[[-140.94,-7.82],[-140.89,-7.88],[-140.9,-7.94],[-140.97,-7.98],[-141.04,-7.95],[-141.08,-7.89],[-141.07,-7.86],[-141.0,-7.82],[-140.94,-7.82]],[[-155.82,-5.54],[-155.77,-5.6],[-155.78,-5.68],[-155.88,-5.71],[-155.96,-5.68],[-155.96,-5.58],[-155.82,-5.54]],[[-174.42,-4.65],[-174.44,-4.76],[-174.51,-4.77],[-174.57,-4.72],[-174.57,-4.64],[-174.51,-4.58],[-174.42,-4.65]],[[-172.23,-4.63],[-172.36,-4.52],[-172.35,-4.44],[-172.19,-4.38],[-172.04,-4.42],[-172.02,-4.51],[-172.08,-4.61],[-172.23,-4.63]],[[-171.26,-4.57],[-171.35,-4.52],[-171.38,-4.41],[-171.3,-4.34],[-171.2,-4.33],[-171.13,-4.39],[-171.11,-4.51],[-171.17,-4.56],[-171.26,-4.57]],[[-154.89,-3.91],[-154.84,-3.94],[-154.83,-4.02],[-154.91,-4.13],[-155.01,-4.12],[-155.06,-4.08],[-155.06,-4.02],[-154.95,-3.92],[-154.89,-3.91]],[[-170.82,-3.92],[-170.9,-3.98],[-170.99,-3.94],[-170.99,-3.9],[-170.87,-3.82],[-170.8,-3.88],[-170.82,-3.92]],[[-173.17,-3.83],[-173.19,-3.9],[-173.23,-3.91],[-173.31,-3.87],[-173.34,-3.79],[-173.26,-3.74],[-173.17,-3.83]],[[-170.75,-3.81],[-170.78,-3.74],[-170.82,-3.73],[-170.83,-3.68],[-170.82,-3.64],[-170.76,-3.6],[-170.65,-3.63],[-170.6,-3.69],[-170.62,-3.79],[-170.75,-3.81]],[[-174.08,-3.7],[-174.18,-3.7],[-174.21,-3.65],[-174.21,-3.56],[-174.14,-3.49],[-174.08,-3.51],[-174.04,-3.6],[-174.08,-3.7]],[[-171.51,-3.7],[-171.58,-3.65],[-171.62,-3.56],[-171.6,-3.51],[-171.55,-3.46],[-171.45,-3.48],[-171.4,-3.55],[-171.43,-3.65],[-171.51,-3.7]],[[-171.09,-3.01],[-171.0,-3.04],[-170.94,-3.1],[-170.92,-3.18],[-170.97,-3.23],[-171.11,-3.24],[-171.2,-3.13],[-171.22,-3.04],[-171.09,-3.01]],[[-171.71,-2.68],[-171.54,-2.76],[-171.49,-2.89],[-171.5,-2.96],[-171.61,-3.0],[-171.83,-2.9],[-171.85,-2.71],[-171.78,-2.67],[-171.71,-2.68]],[[-174.58,-1.69],[-174.43,-1.77],[-174.4,-1.87],[-174.43,-1.92],[-174.52,-1.94],[-174.67,-1.84],[-174.7,-1.75],[-174.67,-1.7],[-174.58,-1.69]],[[-174.79,-1.7],[-174.88,-1.73],[-175.0,-1.69],[-175.07,-1.61],[-175.07,-1.56],[-174.98,-1.49],[-174.88,-1.5],[-174.78,-1.61],[-174.79,-1.7]],[[-174.63,-0.71],[-174.58,-0.78],[-174.58,-0.89],[-174.62,-0.96],[-174.71,-0.97],[-174.77,-0.93],[-174.81,-0.81],[-174.77,-0.73],[-174.63,-0.71]],[[-159.94,-0.31],[-159.92,-0.38],[-159.94,-0.45],[-160.07,-0.41],[-160.07,-0.33],[-159.94,-0.31]],[[-179.78,-18.8],[-179.67,-18.89],[-179.67,-19.0],[-179.75,-19.07],[-179.9,-19.08],[-179.96,-19.02],[-179.94,-18.89],[-179.89,-18.82],[-179.78,-18.8]],[[-179.45,-18.57],[-179.44,-18.63],[-179.49,-18.73],[-179.57,-18.74],[-179.62,-18.7],[-179.64,-18.63],[-179.59,-18.55],[-179.52,-18.53],[-179.45,-18.57]],[[-179.21,-17.62],[-179.15,-17.71],[-179.21,-17.82],[-179.36,-17.85],[-179.45,-17.81],[-179.47,-17.75],[-179.44,-17.7],[-179.35,-17.64],[-179.21,-17.62]],[[-178.72,-71.54],[-178.78,-71.47],[-178.74,-71.41],[-178.62,-71.39],[-178.54,-71.42],[-178.52,-71.48],[-178.54,-71.52],[-178.72,-71.54]]],[[[-90.15,-0.13],[-90.29,-0.17],[-90.29,-0.2],[-90.23,-0.3],[-90.08,-0.4],[-90.04,-0.33],[-90.04,-0.19],[-90.08,-0.14],[-90.15,-0.13]]],[[[-91.15,-0.0],[-91.01,-0.24],[-90.95,-0.25],[-90.9,-0.06],[-90.84,-0.0],[-91.15,-0.0]]],[[[-90.72,-0.0],[-90.37,-0.12],[-90.35,-0.1],[-90.39,-0.0],[-90.72,-0.0]]],[[[72.02,-5.56],[72.12,-5.54],[72.17,-5.45],[71.87,-5.52],[71.78,-5.57],[71.86,-5.66],[72.02,-5.56]]],[[[71.47,-6.79],[71.42,-6.82],[71.79,-6.99],[72.0,-7.05],[72.12,-7.01],[71.86,-6.89],[71.78,-6.89],[71.76,-6.84],[71.47,-6.79]]],[[[51.25,-46.54],[51.35,-46.46],[51.35,-46.37],[51.14,-46.19],[51.08,-46.24],[51.12,-46.39],[51.1,-46.46],[51.15,-46.52],[51.25,-46.54]]],[[[128.28,-0.0],[128.34,-0.14],[128.42,-0.21],[128.61,-0.27],[128.69,-0.34],[128.75,-0.44],[128.78,-0.67],[128.95,-0.84],[129.29,-0.82],[129.5,-0.7],[129.58,-0.6],[129.71,-0.51],[129.72,-0.34],[129.82,-0.18],[129.76,-0.14],[129.6,-0.34],[129.38,-0.34],[129.17,-0.12],[129.17,-0.06],[129.23,-0.0],[128.62,-0.0],[128.58,-0.07],[128.54,-0.09],[128.4,-0.0],[128.28,-0.0]]],[[[120.46,-0.0],[120.41,-0.05],[120.34,-0.05],[120.19,-0.22],[120.24,-0.6],[120.42,-0.65],[120.6,-0.5],[120.86,-0.36],[121.2,-0.0],[120.46,-0.0]]],[[[100.85,-2.71],[100.74,-2.52],[100.73,-2.38],[100.18,-1.63],[100.15,-1.46],[100.01,-1.42],[99.96,-1.25],[99.86,-1.15],[99.54,-0.66],[99.35,-0.6],[99.14,-0.62],[99.11,-0.68],[99.14,-0.98],[99.38,-1.54],[99.58,-1.68],[99.65,-1.82],[99.81,-1.95],[99.94,-2.18],[100.2,-2.35],[100.25,-2.5],[100.33,-2.56],[100.58,-2.88],[100.87,-2.95],[100.85,-2.71]]],[[[121.0,-1.12],[121.13,-1.08],[121.3,-0.84],[121.23,-0.83],[121.12,-0.87],[120.9,-1.02],[120.9,-1.1],[121.0,-1.12]]],[[[134.47,-1.15],[134.56,-1.06],[134.52,-0.96],[134.4,-0.91],[134.4,-0.94],[134.24,-1.0],[134.24,-1.04],[134.31,-1.1],[134.47,-1.15]]],[[[135.74,-1.3],[135.79,-1.26],[135.62,-1.1],[135.41,-1.06],[135.28,-0.92],[135.22,-0.95],[135.23,-1.04],[135.46,-1.3],[135.74,-1.3]]],[[[101.02,-3.31],[100.94,-3.14],[100.8,-3.18],[100.89,-3.28],[101.02,-3.31]]],[[[132.33,-4.66],[132.18,-4.48],[132.19,-4.68],[132.22,-4.71],[132.29,-4.68],[132.36,-4.7],[132.42,-4.84],[132.67,-4.75],[132.64,-4.67],[132.54,-4.62],[132.46,-4.61],[132.41,-4.66],[132.33,-4.66]]],[[[121.11,-7.17],[121.04,-7.14],[120.96,-7.01],[120.88,-7.08],[120.93,-7.15],[121.22,-7.2],[121.3,-7.25],[121.37,-7.18],[121.31,-7.14],[121.11,-7.17]]],[[[-109.8,79.62],[-109.78,79.63],[-110.06,79.68],[-110.22,79.68],[-110.35,79.61],[-110.28,79.57],[-110.11,79.57],[-109.8,79.62]]],[[[-166.31,77.54],[-166.31,77.58],[-166.41,77.6],[-166.73,77.59],[-166.79,77.56],[-166.31,77.54]]],[[[-165.72,77.37],[-166.0,77.32],[-166.01,77.22],[-165.86,77.1],[-165.74,77.11],[-165.79,77.28],[-165.72,77.37]]],[[[-165.21,76.87],[-165.34,76.87],[-165.5,76.95],[-165.96,76.89],[-166.03,76.75],[-165.93,76.6],[-165.94,76.54],[-166.0,76.5],[-166.27,76.46],[-166.33,76.42],[-165.86,76.44],[-165.77,76.58],[-165.46,76.58],[-165.29,76.68],[-165.27,76.8],[-165.21,76.87]]],[[[-7.45,77.77],[-6.75,77.79],[-6.86,77.84],[-7.15,77.83],[-7.45,77.77]]],[[[-60.83,74.66],[-60.93,74.71],[-61.09,74.72],[-61.18,74.69],[-60.89,74.64],[-60.83,74.66]]],[[[-62.1,74.2],[-62.18,74.3],[-62.32,74.33],[-63.01,74.23],[-63.07,74.18],[-62.87,74.19],[-62.75,74.17],[-62.7,74.12],[-62.74,74.02],[-63.01,74.02],[-63.02,73.99],[-62.88,73.99],[-62.38,73.9],[-62.11,73.92],[-62.06,73.95],[-61.92,74.16],[-62.1,74.2]]],[[[-77.41,73.9],[-77.33,73.99],[-77.42,74.01],[-77.71,73.97],[-77.76,73.94],[-77.41,73.9]]],[[[-76.32,73.86],[-76.68,73.98],[-77.02,73.91],[-77.07,73.87],[-77.04,73.84],[-76.63,73.85],[-76.46,73.8],[-76.32,73.86]]],[[[-75.98,73.39],[-75.99,73.52],[-76.08,73.66],[-76.69,73.67],[-76.74,73.64],[-76.44,73.5],[-75.98,73.39]]],[[[-30.88,67.25],[-31.01,67.2],[-30.86,67.16],[-30.58,67.17],[-30.55,67.2],[-30.67,67.3],[-30.88,67.25]]],[[[-3.21,35.61],[-3.11,35.67],[-3.1,35.77],[-3.24,35.73],[-3.25,35.7],[-3.42,35.61],[-3.38,35.58],[-3.21,35.61]]],[[[-72.82,18.54],[-72.84,18.6],[-72.96,18.66],[-73.04,18.64],[-73.11,18.56],[-72.82,18.54]]],[[[-86.44,16.15],[-85.84,16.35],[-86.21,16.32],[-86.46,16.26],[-86.52,16.21],[-86.52,16.18],[-86.44,16.15]]],[[[-65.23,10.68],[-65.28,10.8],[-65.41,10.86],[-65.56,10.82],[-65.76,10.68],[-65.72,10.64],[-65.52,10.66],[-65.38,10.61],[-65.28,10.62],[-65.23,10.68]]],[[[-64.44,10.51],[-64.43,10.55],[-64.56,10.6],[-64.79,10.63],[-64.95,10.58],[-64.85,10.53],[-64.44,10.51]]],[[[-0.0,36.21],[-0.0,37.58],[-0.06,37.55],[-0.41,37.54],[-0.65,37.44],[-1.13,37.44],[-1.27,37.36],[-1.42,37.32],[-1.54,37.18],[-1.61,37.15],[-1.65,37.08],[-1.63,36.98],[-1.54,36.93],[-1.51,36.89],[-1.57,36.78],[-1.68,36.72],[-1.77,36.76],[-1.86,36.71],[-1.9,36.58],[-2.16,36.44],[-2.45,36.41],[-2.59,36.48],[-2.86,36.37],[-2.89,36.2],[-2.93,36.16],[-3.58,35.99],[-3.73,36.02],[-3.96,36.2],[-4.52,36.23],[-4.59,36.2],[-4.63,36.12],[-4.7,36.07],[-4.77,35.94],[-4.53,35.64],[-4.43,35.61],[-3.82,35.68],[-3.37,35.94],[-3.01,36.09],[-2.79,36.11],[-2.7,36.09],[-2.67,36.02],[-2.69,35.98],[-2.76,35.93],[-2.74,35.92],[-2.51,35.99],[-2.24,35.96],[-1.9,35.81],[-1.58,35.88],[-1.22,35.83],[-0.56,35.96],[-0.0,36.21]]],[[[-65.44,74.58],[-65.69,74.71],[-65.98,74.75],[-66.26,74.87],[-67.56,74.88],[-67.87,75.0],[-68.42,75.02],[-68.54,74.98],[-69.89,74.93],[-70.13,74.86],[-70.34,74.86],[-70.61,74.78],[-70.78,74.78],[-70.97,74.69],[-71.38,74.59],[-71.64,74.38],[-71.95,74.23],[-71.9,74.14],[-71.93,74.04],[-72.16,73.95],[-72.16,73.77],[-72.49,73.54],[-72.53,73.43],[-72.53,73.27],[-72.57,73.22],[-72.53,73.15],[-72.23,73.05],[-72.19,72.99],[-72.2,72.86],[-72.17,72.81],[-71.93,72.7],[-71.93,72.62],[-72.01,72.48],[-71.95,72.43],[-71.95,72.31],[-71.53,72.31],[-71.4,72.2],[-71.26,72.14],[-71.14,71.95],[-70.92,71.93],[-70.73,71.86],[-70.54,71.86],[-70.42,71.81],[-69.7,71.76],[-68.93,71.52],[-68.66,71.52],[-68.52,71.45],[-68.3,71.42],[-68.16,71.35],[-67.92,71.35],[-67.69,71.22],[-67.07,71.07],[-66.86,70.94],[-66.67,70.94],[-66.64,70.78],[-66.56,70.7],[-65.06,70.1],[-64.73,70.16],[-64.63,70.15],[-64.54,70.04],[-64.46,69.77],[-63.89,69.1],[-63.89,68.98],[-63.79,68.83],[-63.79,68.77],[-63.75,68.76],[-63.72,68.71],[-63.75,68.61],[-64.15,68.52],[-64.01,68.45],[-63.91,68.3],[-63.69,68.22],[-63.62,68.16],[-63.51,68.17],[-63.41,68.36],[-63.27,68.38],[-63.17,68.35],[-63.05,68.23],[-62.85,68.17],[-62.79,68.01],[-62.71,67.97],[-62.47,68.04],[-62.24,68.03],[-62.04,67.92],[-61.7,67.87],[-61.46,67.73],[-61.15,67.72],[-60.72,67.42],[-60.24,67.44],[-60.05,67.37],[-59.93,67.18],[-59.67,67.17],[-59.38,67.03],[-59.18,66.86],[-58.27,66.91],[-58.22,66.94],[-58.2,67.08],[-58.13,67.18],[-58.26,67.27],[-58.34,67.49],[-58.49,67.56],[-58.73,67.58],[-59.02,67.66],[-59.65,68.02],[-59.79,68.14],[-59.83,68.26],[-59.83,68.4],[-59.8,68.52],[-59.69,68.69],[-59.66,68.78],[-59.5,68.93],[-59.45,69.1],[-59.3,69.17],[-58.97,69.43],[-58.94,69.48],[-59.21,69.67],[-59.76,69.72],[-60.05,69.82],[-60.24,69.82],[-60.53,69.89],[-60.67,69.98],[-60.84,70.01],[-61.24,70.38],[-61.22,70.55],[-61.08,70.68],[-61.03,70.87],[-60.68,71.03],[-60.49,71.29],[-60.48,71.33],[-60.58,71.59],[-60.48,71.76],[-60.5,71.9],[-60.47,72.03],[-60.5,72.07],[-60.7,72.1],[-60.89,72.19],[-61.8,72.42],[-62.06,72.53],[-62.42,72.79],[-62.42,72.89],[-62.48,72.96],[-62.83,73.08],[-62.98,73.08],[-63.55,73.42],[-63.57,73.51],[-64.08,73.61],[-64.34,73.72],[-64.39,73.9],[-64.56,74.04],[-64.56,74.28],[-64.48,74.37],[-64.49,74.4],[-64.85,74.52],[-65.04,74.52],[-65.23,74.59],[-65.44,74.58]],[[-65.26,70.58],[-65.5,70.68],[-65.5,70.75],[-65.28,70.77],[-65.04,70.73],[-64.82,70.53],[-64.85,70.47],[-65.02,70.46],[-65.14,70.58],[-65.26,70.58]]],[[[32.36,44.61],[31.98,44.6],[31.76,44.52],[31.7,44.47],[31.7,44.4],[31.63,44.38],[31.58,44.26],[31.52,44.2],[31.3,44.11],[31.22,44.02],[31.1,43.94],[30.82,43.87],[30.74,43.66],[30.55,43.7],[30.38,43.58],[30.05,43.44],[29.78,43.49],[29.57,43.42],[29.4,43.42],[29.26,43.24],[28.92,43.13],[28.8,43.05],[28.68,42.94],[28.67,42.75],[28.63,42.62],[28.7,42.53],[28.82,42.08],[29.02,41.95],[29.04,41.76],[29.4,41.54],[29.57,41.57],[29.78,41.47],[30.35,41.6],[30.54,41.6],[30.65,41.53],[30.68,41.34],[30.82,41.42],[30.96,41.4],[31.18,41.5],[31.51,41.52],[31.73,41.66],[31.87,41.71],[31.98,41.83],[32.26,41.86],[32.43,41.95],[32.67,41.99],[33.22,42.19],[33.67,42.19],[33.9,42.39],[34.1,42.42],[34.51,42.34],[34.82,42.36],[35.17,42.29],[35.35,42.18],[35.55,42.11],[35.79,42.11],[35.99,41.98],[36.05,41.98],[36.11,42.11],[36.17,42.12],[36.38,42.0],[36.34,41.83],[36.46,41.86],[36.52,41.83],[36.54,41.86],[36.47,42.25],[36.51,42.29],[36.67,42.25],[36.74,42.22],[37.18,41.75],[37.22,41.66],[37.34,41.62],[37.42,41.54],[37.48,41.32],[37.52,41.29],[37.61,41.33],[37.75,41.3],[37.99,41.35],[38.18,41.26],[38.45,41.28],[38.74,41.16],[38.95,41.19],[39.09,41.27],[39.16,41.28],[39.55,41.21],[39.7,41.26],[39.97,41.17],[40.58,41.18],[40.99,41.4],[41.2,41.47],[41.25,41.52],[41.21,41.64],[41.21,41.83],[40.99,41.83],[40.87,42.02],[40.7,42.05],[40.59,42.2],[40.6,42.31],[40.74,42.41],[40.75,42.45],[40.58,42.58],[40.36,42.56],[40.26,42.6],[40.22,42.82],[40.03,42.94],[40.04,43.11],[39.99,43.22],[39.82,43.27],[39.72,43.39],[39.46,43.54],[39.35,43.68],[39.13,43.71],[38.93,43.87],[38.64,43.99],[38.38,44.21],[38.16,44.21],[37.94,44.4],[37.75,44.47],[37.18,44.47],[36.98,44.52],[36.31,44.38],[35.87,44.55],[34.7,44.62],[34.39,44.42],[34.3,44.28],[34.13,44.15],[33.99,44.1],[33.82,44.08],[33.48,44.12],[33.4,44.16],[33.33,44.33],[33.28,44.37],[32.91,44.4],[32.5,44.51],[32.36,44.61]]],[[[17.74,42.34],[17.37,42.32],[17.32,42.27],[17.49,42.03],[17.49,41.94],[17.39,41.8],[17.37,41.71],[17.4,41.66],[17.57,41.59],[17.58,41.54],[17.5,41.45],[17.88,41.21],[18.01,41.18],[18.44,41.18],[18.49,41.25],[18.45,41.33],[18.31,41.47],[18.26,41.57],[18.1,41.66],[17.97,41.87],[17.99,41.94],[18.14,41.95],[18.14,42.08],[18.1,42.17],[17.96,42.27],[17.74,42.34]]],[[[26.3,37.77],[26.48,37.86],[26.49,37.89],[26.3,37.97],[26.23,37.9],[26.18,37.75],[26.3,37.77]]],[[[12.42,36.68],[12.24,36.82],[12.2,36.69],[12.06,36.67],[12.1,36.63],[12.22,36.63],[12.34,36.55],[12.48,36.55],[12.6,36.42],[12.77,36.31],[12.82,36.46],[12.67,36.43],[12.63,36.48],[12.65,36.62],[12.42,36.68]]],[[[24.28,36.06],[24.24,36.19],[24.31,36.34],[24.29,36.36],[24.22,36.17],[24.1,36.07],[24.1,36.02],[24.05,36.02],[24.13,35.86],[24.19,35.81],[24.23,35.82],[24.22,35.95],[24.28,36.06]]],[[[27.55,36.14],[27.17,36.16],[27.05,36.22],[27.05,36.19],[26.93,36.14],[26.68,36.1],[26.66,36.06],[26.73,35.99],[26.89,36.04],[26.95,36.01],[26.97,35.92],[26.94,35.85],[26.76,35.74],[26.58,35.76],[26.44,35.74],[26.28,35.81],[26.07,35.82],[26.05,35.94],[26.02,35.95],[25.82,35.93],[25.78,36.1],[25.63,36.07],[25.51,36.16],[25.45,36.17],[25.26,36.15],[24.87,36.17],[24.84,36.16],[24.79,36.05],[24.63,36.04],[24.5,35.79],[24.55,35.69],[24.63,35.66],[24.68,35.67],[24.71,35.79],[24.75,35.83],[25.08,35.71],[25.27,35.78],[25.38,35.76],[25.8,35.79],[26.01,35.68],[26.01,35.57],[26.05,35.55],[26.42,35.54],[26.55,35.57],[26.69,35.47],[26.95,35.57],[27.1,35.76],[27.1,35.97],[27.17,36.1],[27.22,36.11],[27.33,36.05],[27.41,36.11],[27.55,36.14]]],[[[23.62,36.05],[23.47,36.15],[23.4,36.14],[23.37,36.1],[23.4,36.01],[23.52,35.93],[23.52,35.98],[23.55,35.99],[23.81,35.98],[23.88,36.01],[23.86,36.05],[23.62,36.05]]],[[[40.86,16.76],[40.75,16.66],[40.81,16.55],[40.85,16.54],[40.9,16.58],[40.98,16.6],[41.18,16.54],[41.09,16.7],[40.86,16.76]]],[[[41.72,15.89],[41.73,15.94],[41.66,16.06],[41.59,16.08],[41.52,16.18],[41.29,16.34],[41.28,16.31],[41.38,16.18],[41.5,16.12],[41.57,15.98],[41.64,15.91],[41.72,15.89]]],[[[15.62,33.24],[15.69,33.17],[15.72,33.02],[15.81,32.98],[15.82,32.81],[15.93,32.78],[15.93,32.63],[16.01,32.61],[16.18,32.66],[16.39,32.54],[16.7,32.5],[16.73,32.45],[16.7,32.16],[16.85,32.04],[17.02,32.04],[17.16,31.87],[17.47,31.85],[17.64,31.78],[17.76,31.66],[17.95,31.66],[18.12,31.54],[18.22,31.54],[18.26,31.49],[18.41,31.49],[18.5,31.39],[18.58,31.39],[18.73,31.27],[18.78,31.29],[18.87,31.4],[19.05,31.42],[19.09,31.45],[19.13,31.61],[19.06,31.8],[19.12,31.94],[19.1,32.09],[19.25,32.16],[19.27,32.33],[19.39,32.45],[19.46,32.47],[19.57,32.46],[19.63,32.54],[19.61,32.57],[19.63,32.71],[19.57,32.88],[19.64,32.94],[19.99,32.96],[20.14,33.0],[20.33,32.95],[20.4,32.86],[20.54,32.88],[20.75,32.85],[20.94,33.0],[21.07,33.06],[21.72,33.07],[21.93,33.13],[22.85,33.12],[23.09,33.19],[23.18,33.17],[23.29,33.19],[23.45,32.98],[23.41,32.83],[23.43,32.78],[23.63,32.72],[23.76,32.62],[23.83,32.62],[23.88,32.57],[24.25,32.54],[24.37,32.47],[24.53,32.3],[24.63,32.37],[24.86,32.38],[25.01,32.26],[25.13,32.26],[25.44,31.99],[25.56,32.05],[25.8,31.97],[26.06,31.99],[26.21,31.94],[26.38,31.94],[26.54,31.78],[26.74,31.75],[27.07,31.56],[27.28,31.56],[27.46,31.51],[27.7,31.56],[27.93,31.42],[28.03,31.4],[28.55,31.43],[28.63,31.4],[28.73,31.29],[28.79,31.27],[29.1,31.36],[29.34,31.53],[29.55,31.57],[29.57,31.6],[29.52,31.73],[29.55,31.8],[29.62,31.85],[29.81,31.87],[29.83,31.92],[29.9,31.94],[30.19,32.21],[30.32,32.21],[31.05,32.37],[31.38,32.37],[31.58,32.42],[31.73,32.35],[31.85,32.35],[32.06,32.28],[32.16,32.33],[32.3,32.33],[32.4,32.45],[32.45,32.47],[32.68,32.36],[32.95,32.34],[33.47,32.14],[33.62,32.16],[33.81,32.05],[34.08,32.11],[34.18,32.28],[34.32,32.38],[34.51,32.64],[34.75,32.88],[34.82,33.12],[34.94,33.19],[35.0,33.32],[35.04,33.55],[35.26,33.7],[35.33,33.91],[35.45,33.98],[35.52,34.08],[35.54,34.3],[35.62,34.44],[35.62,34.54],[35.66,34.61],[35.66,34.78],[35.74,34.97],[35.71,35.1],[35.74,35.19],[35.55,35.08],[35.49,35.15],[35.57,35.3],[35.57,35.44],[35.64,35.52],[35.64,35.69],[35.71,35.82],[35.67,35.87],[35.56,35.81],[35.47,35.81],[35.23,35.99],[35.13,36.01],[35.07,35.95],[35.02,35.74],[34.89,35.58],[34.88,35.48],[34.95,35.42],[35.14,35.45],[35.26,35.38],[35.44,35.35],[35.46,35.3],[35.42,35.22],[35.33,35.2],[35.06,35.21],[34.77,35.03],[34.55,34.99],[34.46,34.94],[34.34,34.94],[34.2,34.86],[33.96,34.87],[33.86,34.84],[33.79,34.78],[33.77,34.69],[33.88,34.56],[33.89,34.49],[33.85,34.41],[33.78,34.36],[33.59,34.35],[33.14,34.49],[32.83,34.42],[32.52,34.58],[32.3,34.63],[32.25,34.71],[32.24,34.9],[32.16,35.03],[32.21,35.2],[32.24,35.24],[32.4,35.23],[32.57,35.38],[32.64,35.53],[32.8,35.61],[32.96,35.62],[33.34,35.76],[33.62,35.74],[33.66,35.71],[33.73,35.75],[33.87,35.78],[33.87,35.86],[33.73,35.9],[33.05,35.9],[32.83,35.83],[32.71,35.84],[32.5,35.98],[32.26,36.0],[32.07,36.31],[31.89,36.46],[31.49,36.58],[31.24,36.59],[31.03,36.52],[30.91,36.54],[30.78,36.61],[30.71,36.44],[30.72,36.26],[30.55,36.1],[30.46,36.1],[30.32,36.16],[30.2,36.17],[29.62,36.05],[29.51,36.05],[29.2,36.15],[29.05,36.27],[28.95,36.48],[28.78,36.5],[28.68,36.58],[28.42,36.41],[28.37,36.26],[28.27,36.22],[28.2,36.02],[28.06,35.95],[27.9,35.77],[27.99,35.68],[28.0,35.62],[27.93,35.49],[27.78,35.44],[27.68,35.46],[27.67,35.59],[27.55,35.62],[27.55,35.69],[27.48,35.81],[27.4,35.83],[27.31,35.7],[27.33,35.49],[27.26,35.33],[27.07,35.3],[26.9,35.16],[26.77,35.23],[26.71,35.14],[26.33,34.94],[26.25,34.78],[26.01,34.82],[25.78,34.7],[25.75,34.58],[25.71,34.54],[25.56,34.52],[25.43,34.57],[25.37,34.68],[25.38,34.75],[25.5,34.92],[24.77,34.87],[24.5,34.97],[24.44,35.1],[24.37,35.13],[24.26,35.11],[23.81,35.18],[23.63,35.17],[23.49,35.22],[23.44,35.32],[23.49,35.45],[23.47,35.5],[23.35,35.5],[23.21,35.54],[23.21,35.64],[23.04,35.74],[22.99,35.88],[22.77,35.94],[22.65,36.19],[22.69,36.27],[22.78,36.29],[22.82,36.34],[22.75,36.61],[22.61,36.51],[22.58,36.36],[22.42,36.32],[22.32,36.34],[22.28,36.38],[22.26,36.67],[22.21,36.76],[22.07,36.65],[21.92,36.61],[21.71,36.66],[21.63,36.74],[21.59,36.88],[21.46,36.96],[21.39,37.06],[21.37,37.21],[21.42,37.4],[21.35,37.35],[21.28,37.35],[21.17,37.58],[21.1,37.54],[21.09,37.49],[21.14,37.49],[21.19,37.44],[21.24,37.35],[21.24,37.26],[21.02,37.14],[20.91,37.14],[20.86,37.26],[20.95,37.46],[20.93,37.5],[20.57,37.7],[20.54,37.82],[20.49,37.89],[20.26,37.94],[20.22,38.0],[20.23,38.28],[20.38,38.43],[20.44,38.56],[20.38,38.81],[19.97,39.22],[19.76,39.28],[19.63,39.48],[19.44,39.58],[19.25,39.91],[19.34,40.13],[19.33,40.17],[19.16,40.24],[19.09,40.25],[19.06,40.21],[19.17,39.74],[19.13,39.5],[19.25,39.41],[19.35,39.53],[19.49,39.5],[19.54,39.41],[19.51,39.26],[19.64,39.13],[19.61,39.05],[19.56,39.01],[19.08,39.05],[18.96,39.14],[18.75,39.13],[18.67,39.19],[18.65,39.26],[18.72,39.38],[18.48,39.38],[18.33,39.43],[18.19,39.43],[17.98,39.62],[17.78,39.68],[17.71,39.74],[17.49,40.06],[17.36,40.13],[17.28,40.11],[17.21,40.13],[17.16,40.22],[17.09,40.28],[17.11,40.06],[17.3,39.92],[17.3,39.84],[17.25,39.76],[17.37,39.65],[17.44,39.49],[17.4,39.31],[17.51,39.18],[17.52,38.98],[17.38,38.95],[17.25,38.81],[17.08,38.78],[16.94,38.72],[17.02,38.47],[16.96,38.33],[16.88,38.28],[16.47,38.18],[16.34,38.06],[16.31,37.96],[16.15,37.84],[15.91,37.83],[15.66,37.89],[15.54,38.01],[15.38,37.63],[15.29,37.49],[15.38,37.3],[15.4,37.13],[15.47,36.98],[15.41,36.82],[15.43,36.71],[15.55,36.48],[15.5,36.05],[15.67,36.0],[15.77,35.89],[15.8,35.72],[16.1,35.3],[16.1,35.11],[16.22,35.09],[16.25,35.04],[16.32,35.02],[16.37,34.95],[16.47,34.93],[16.49,34.89],[16.45,34.78],[16.22,34.67],[16.2,34.54],[16.1,34.44],[16.1,34.3],[15.89,34.2],[15.82,34.08],[15.7,34.01],[15.67,33.94],[15.53,33.77],[15.34,33.7],[15.5,33.68],[15.6,33.51],[16.05,33.4],[16.13,33.34],[16.13,33.29],[16.04,33.23],[15.89,33.21],[15.62,33.24]],[[32.86,33.88],[32.9,33.82],[32.83,33.58],[32.66,33.54],[32.54,33.58],[32.5,33.66],[32.52,33.75],[32.7,33.86],[32.86,33.88]],[[16.68,34.31],[16.65,34.22],[16.6,34.2],[16.5,34.27],[16.52,34.35],[16.59,34.41],[16.64,34.4],[16.68,34.31]],[[27.57,35.09],[27.56,34.95],[27.49,34.89],[27.36,34.98],[27.32,35.08],[27.36,35.18],[27.45,35.22],[27.54,35.18],[27.57,35.09]],[[27.95,35.11],[27.84,35.26],[27.84,35.33],[27.88,35.37],[27.98,35.35],[28.07,35.21],[28.03,35.11],[27.95,35.11]],[[24.12,34.68],[24.02,34.7],[23.8,34.89],[23.68,34.95],[23.68,35.03],[23.82,35.11],[24.12,35.11],[24.26,35.03],[24.36,35.02],[24.51,34.82],[24.49,34.74],[24.34,34.75],[24.12,34.68]]],[[[23.86,39.31],[23.98,39.5],[24.0,39.6],[24.14,39.68],[24.19,39.84],[24.35,39.98],[24.12,39.91],[24.12,39.79],[24.08,39.72],[23.83,39.6],[23.66,39.58],[23.52,39.43],[23.57,39.36],[23.7,39.29],[23.86,39.31]]],[[[13.02,36.61],[12.96,36.6],[13.15,36.48],[13.42,36.46],[13.75,36.17],[13.78,36.09],[13.88,36.04],[13.49,36.5],[13.13,36.55],[13.02,36.61]]],[[[13.01,35.97],[13.19,35.77],[13.3,35.75],[13.34,35.77],[13.32,35.8],[13.2,35.81],[13.01,35.97]]],[[[34.64,27.34],[34.58,27.39],[34.58,27.48],[34.5,27.57],[34.49,27.87],[34.43,27.9],[34.32,27.7],[34.18,27.62],[34.25,27.48],[34.27,27.29],[34.51,27.1],[34.66,27.02],[34.69,26.98],[34.66,26.8],[35.06,26.57],[35.09,26.33],[35.15,26.31],[35.16,26.21],[35.3,26.18],[35.3,26.04],[35.45,25.87],[35.47,25.78],[35.62,25.78],[35.74,25.63],[35.81,25.61],[35.88,25.49],[35.99,25.48],[36.02,25.44],[36.05,25.37],[36.06,24.81],[36.08,24.74],[36.22,24.61],[36.24,24.52],[36.26,24.1],[36.14,23.76],[36.32,23.78],[36.36,23.66],[36.41,23.66],[36.41,23.62],[36.62,23.5],[36.77,23.23],[36.82,23.23],[36.81,23.19],[36.85,23.16],[37.16,23.12],[37.27,22.75],[37.57,22.72],[37.68,22.46],[37.68,22.34],[37.85,22.18],[37.86,21.75],[37.78,21.43],[37.81,21.36],[37.94,21.29],[37.9,21.12],[38.05,20.98],[38.06,20.69],[38.02,20.57],[38.21,20.23],[38.21,20.16],[38.3,20.06],[38.3,19.99],[38.5,19.82],[38.69,19.43],[38.84,19.27],[39.07,19.15],[39.1,19.1],[39.27,19.03],[39.3,18.98],[39.31,18.86],[39.44,18.74],[39.6,18.46],[39.76,18.36],[40.06,17.78],[40.07,17.66],[40.14,17.71],[40.24,17.65],[40.25,17.54],[40.18,17.52],[40.14,17.47],[40.25,17.23],[40.25,17.16],[40.61,16.9],[40.63,17.06],[40.58,17.21],[40.54,17.2],[40.51,17.14],[40.41,17.11],[40.35,17.16],[40.35,17.27],[40.37,17.3],[40.52,17.37],[40.7,17.33],[40.49,17.57],[40.44,17.71],[40.37,17.76],[40.34,17.88],[40.18,18.08],[40.07,18.38],[39.95,18.54],[39.82,18.65],[39.79,18.79],[39.67,18.89],[39.56,19.09],[39.54,19.1],[39.48,19.0],[39.39,19.03],[39.36,19.12],[39.43,19.2],[39.28,19.28],[39.11,19.49],[39.02,19.68],[38.83,19.71],[38.75,19.85],[38.69,20.06],[38.5,20.26],[38.52,20.38],[38.45,20.54],[38.57,20.74],[38.32,21.01],[38.29,21.09],[38.3,21.19],[38.4,21.28],[38.4,21.34],[38.36,21.4],[38.24,21.45],[38.21,21.53],[38.4,21.84],[38.28,21.89],[38.11,22.06],[38.06,22.32],[37.97,22.39],[37.9,22.51],[37.9,22.58],[37.7,22.76],[37.68,22.84],[37.7,22.97],[37.57,23.16],[37.48,23.22],[37.34,23.22],[37.3,23.25],[37.25,23.33],[37.22,23.5],[37.04,23.64],[36.96,23.77],[36.77,23.83],[36.75,23.9],[36.84,24.02],[36.74,24.17],[36.71,24.35],[36.75,24.63],[36.58,24.76],[36.54,24.88],[36.52,25.05],[36.54,25.09],[36.67,25.13],[36.7,25.21],[36.69,25.3],[36.59,25.38],[36.53,25.47],[36.36,25.46],[36.24,25.54],[36.11,25.55],[36.09,25.62],[36.17,25.78],[36.15,25.84],[36.1,25.88],[35.9,25.9],[35.78,25.99],[35.78,26.09],[35.69,26.16],[35.64,26.25],[35.45,26.28],[35.42,26.4],[35.25,26.58],[35.21,26.67],[35.23,26.73],[35.16,26.87],[34.85,27.1],[34.8,27.19],[34.74,27.23],[34.74,27.33],[34.64,27.34]]],[[[45.14,12.06],[45.16,12.07],[44.95,12.07],[44.76,12.12],[43.82,12.05],[43.65,11.97],[44.23,12.05],[45.05,12.02],[45.14,12.06]]],[[[153.54,50.62],[153.44,50.58],[153.65,50.54],[153.74,50.57],[153.67,50.62],[153.54,50.62]]],[[[137.54,37.15],[137.69,37.27],[137.4,37.25],[137.28,37.17],[137.24,37.07],[137.27,37.05],[137.4,37.13],[137.54,37.15]]],[[[126.99,26.45],[127.06,26.47],[127.14,26.58],[127.2,26.74],[126.96,26.64],[126.96,26.54],[126.89,26.48],[126.99,26.45]]],[[[122.87,12.93],[122.71,13.06],[122.54,13.08],[122.47,13.2],[122.38,13.22],[122.34,13.33],[122.24,13.29],[122.32,13.2],[122.32,12.96],[122.44,12.72],[122.77,12.62],[122.93,12.89],[122.87,12.93]],[[122.57,12.79],[122.55,12.83],[122.58,12.88],[122.74,12.91],[122.7,12.81],[122.61,12.77],[122.57,12.79]]],[[[122.62,11.88],[122.69,11.93],[122.69,12.0],[122.66,12.08],[122.4,12.33],[122.21,12.43],[122.24,12.07],[122.54,11.89],[122.62,11.88]]],[[[121.94,10.25],[121.86,10.29],[121.81,10.38],[121.8,10.47],[121.85,10.73],[121.82,10.75],[121.75,10.51],[121.66,10.42],[121.66,10.32],[121.61,10.27],[121.63,10.18],[121.57,10.11],[121.6,9.96],[121.44,9.61],[121.33,9.52],[121.13,9.47],[120.98,9.53],[120.92,9.62],[120.93,9.7],[121.02,9.74],[121.15,9.67],[121.16,9.86],[121.27,9.94],[121.3,10.06],[121.44,10.13],[121.49,10.44],[121.38,10.45],[121.1,10.37],[120.94,10.15],[120.75,10.06],[120.68,10.1],[120.7,10.37],[120.25,10.33],[120.21,10.28],[120.26,10.11],[120.24,10.06],[120.1,10.03],[119.95,10.08],[119.84,9.87],[119.65,9.78],[119.33,9.76],[118.9,9.4],[118.9,9.19],[118.86,9.12],[118.67,9.0],[118.49,8.95],[118.39,8.86],[118.4,8.49],[118.62,8.21],[118.77,7.9],[118.76,7.81],[118.68,7.66],[118.67,7.43],[118.61,7.25],[118.71,7.02],[118.76,6.74],[119.0,6.51],[119.14,6.49],[119.18,6.46],[119.27,6.24],[119.42,6.08],[119.47,6.07],[119.6,6.15],[119.69,6.14],[119.71,6.0],[119.86,5.98],[120.06,6.1],[120.22,6.14],[120.43,6.34],[120.5,6.48],[120.79,6.65],[120.94,6.7],[121.03,6.84],[121.15,6.86],[121.2,7.01],[121.25,7.06],[121.34,7.08],[121.48,7.02],[121.54,7.03],[121.53,7.21],[121.7,7.28],[121.77,7.43],[121.84,7.4],[121.83,7.27],[121.9,7.29],[122.04,7.68],[122.04,7.82],[122.11,7.94],[122.13,8.1],[122.28,8.24],[122.4,8.3],[122.81,8.28],[122.85,8.33],[122.85,8.5],[122.9,8.63],[122.99,8.72],[123.14,8.74],[123.15,8.78],[123.11,8.86],[122.9,9.0],[122.76,9.22],[122.58,9.28],[122.24,9.75],[122.18,10.01],[122.28,10.1],[122.25,10.21],[122.35,10.33],[122.34,10.48],[122.24,10.53],[122.03,10.27],[121.94,10.25]],[[119.74,8.62],[119.69,8.71],[119.78,8.95],[119.65,9.03],[119.64,9.13],[119.81,9.34],[120.15,9.44],[120.18,9.41],[120.17,9.35],[120.0,9.1],[120.12,9.02],[120.1,8.9],[119.85,8.63],[119.74,8.62]],[[120.64,9.3],[120.75,9.38],[120.9,9.38],[120.86,9.24],[120.78,9.15],[120.65,9.17],[120.6,9.08],[120.53,9.09],[120.49,9.13],[120.5,9.19],[120.53,9.22],[120.62,9.19],[120.64,9.3]]],[[[92.48,9.82],[92.58,9.92],[92.64,10.08],[92.56,10.17],[92.42,10.21],[92.35,10.08],[92.35,9.94],[92.45,9.82],[92.48,9.82]]],[[[125.03,9.63],[125.01,9.68],[125.02,9.82],[124.85,9.91],[124.81,9.79],[124.76,9.73],[124.25,9.5],[124.06,9.48],[123.96,9.41],[123.83,9.38],[123.8,9.31],[123.82,9.14],[123.7,9.0],[123.7,8.93],[123.77,8.83],[123.98,8.83],[124.17,8.72],[124.38,8.79],[124.58,8.78],[124.65,8.86],[124.68,9.0],[124.54,9.12],[124.5,9.33],[124.53,9.41],[124.6,9.44],[124.92,9.35],[124.98,9.26],[125.0,9.11],[125.05,9.08],[125.23,9.22],[125.33,9.19],[125.41,9.21],[125.44,9.3],[125.31,9.85],[125.2,9.84],[125.21,9.74],[125.15,9.63],[125.03,9.63]]],[[[95.89,3.33],[95.86,3.5],[95.79,3.61],[95.61,3.81],[95.54,3.82],[95.53,3.74],[95.62,3.62],[95.66,3.46],[95.76,3.37],[95.89,3.33]]],[[[96.91,3.19],[96.9,3.24],[96.83,3.27],[96.71,3.26],[96.48,3.17],[96.34,3.24],[96.23,3.19],[96.2,3.1],[96.36,2.95],[96.41,2.86],[96.65,2.86],[96.7,2.76],[96.7,2.57],[96.95,2.45],[96.94,2.57],[97.01,2.66],[96.86,2.76],[96.82,2.85],[96.84,3.1],[96.91,3.19]]],[[[128.33,1.64],[128.38,1.74],[128.36,1.86],[128.24,1.67],[128.26,1.63],[128.33,1.64]]],[[[129.23,-0.0],[129.2,0.07],[129.19,0.22],[129.12,0.32],[129.2,0.44],[129.16,0.48],[129.06,0.47],[129.03,0.4],[129.16,0.17],[129.09,0.06],[128.92,0.06],[128.63,0.2],[128.58,0.18],[128.62,-0.0],[129.23,-0.0]]],[[[128.4,-0.0],[128.28,0.05],[128.28,-0.0],[128.4,-0.0]]],[[[121.2,-0.0],[121.31,0.07],[121.32,0.12],[121.01,0.19],[121.01,0.17],[120.76,0.04],[120.53,0.05],[120.46,-0.0],[121.2,-0.0]]],[[[144.72,54.89],[144.73,54.96],[144.87,55.1],[144.86,55.18],[144.58,55.04],[144.41,54.84],[144.72,54.89]]],[[[141.44,47.29],[141.48,47.38],[141.42,47.44],[141.24,47.28],[140.69,47.26],[140.54,47.28],[140.44,47.24],[140.28,47.23],[140.26,47.06],[140.04,47.02],[139.94,46.82],[139.83,46.71],[139.75,46.67],[139.54,46.68],[139.22,46.56],[139.1,46.44],[138.74,46.27],[138.72,46.22],[138.6,46.2],[138.04,45.68],[137.92,45.52],[137.73,45.38],[137.69,45.19],[137.44,44.94],[137.12,44.85],[136.82,44.62],[136.78,44.38],[136.63,44.31],[136.61,44.26],[136.66,44.17],[136.64,44.09],[136.23,43.93],[136.13,43.85],[135.89,43.9],[135.83,43.64],[135.7,43.55],[135.54,43.5],[135.32,43.28],[134.95,43.1],[134.9,42.91],[134.78,42.77],[134.62,42.77],[134.45,42.65],[134.28,42.58],[134.07,42.57],[133.84,42.5],[132.94,42.5],[132.54,42.39],[131.71,42.38],[131.57,42.34],[131.42,42.34],[131.28,42.26],[131.16,42.26],[130.88,42.17],[130.75,42.17],[130.49,42.02],[130.42,41.88],[130.06,41.59],[129.91,41.12],[129.98,40.93],[129.96,40.78],[129.74,40.66],[129.72,40.44],[129.58,40.44],[129.48,40.34],[129.41,40.34],[129.24,40.25],[129.11,40.02],[128.95,39.98],[128.84,39.89],[128.57,39.82],[128.54,39.78],[128.52,39.53],[128.4,39.35],[128.42,39.26],[128.4,39.17],[128.52,38.98],[128.57,38.76],[128.78,38.64],[128.78,38.56],[128.71,38.47],[128.78,38.33],[128.86,38.3],[129.03,38.06],[129.13,38.0],[129.34,37.96],[129.53,37.75],[129.76,37.64],[129.97,37.37],[129.99,36.92],[130.09,36.6],[130.05,36.32],[129.9,36.11],[129.89,36.0],[129.92,35.9],[130.03,35.79],[130.2,35.78],[130.39,35.74],[130.56,35.78],[130.68,35.74],[130.97,35.9],[131.33,36.02],[132.07,36.1],[132.21,36.05],[132.36,36.1],[132.38,36.17],[132.46,36.23],[132.48,36.34],[132.59,36.58],[132.6,36.67],[132.52,36.8],[132.49,36.89],[132.5,37.1],[132.29,37.11],[132.25,37.16],[132.24,37.25],[132.76,37.66],[133.1,37.69],[133.38,37.5],[133.42,37.45],[133.42,37.34],[133.56,37.22],[133.65,37.06],[133.65,37.0],[133.54,36.82],[133.75,36.67],[133.9,36.68],[134.27,36.9],[134.53,37.0],[134.59,37.17],[134.65,37.22],[134.94,37.26],[135.14,37.37],[135.23,37.31],[135.42,37.34],[135.49,37.32],[135.48,37.22],[135.31,37.18],[134.93,36.84],[134.71,36.74],[134.63,36.62],[134.35,36.6],[134.15,36.46],[134.24,36.21],[134.37,36.15],[134.9,36.41],[135.05,36.6],[135.19,36.72],[135.38,36.79],[135.47,36.91],[135.53,36.91],[135.58,36.87],[135.58,36.7],[135.75,36.85],[135.78,36.91],[135.76,37.08],[136.03,37.22],[136.01,37.44],[136.15,37.7],[136.15,37.78],[136.1,37.86],[136.12,37.93],[136.22,37.99],[136.45,38.03],[136.58,38.09],[136.58,38.14],[136.67,38.24],[136.82,38.3],[136.75,38.35],[136.74,38.44],[136.77,38.5],[136.84,38.57],[137.0,38.64],[137.27,38.61],[137.51,38.48],[137.52,38.4],[137.45,38.32],[137.22,38.39],[137.18,38.35],[137.26,38.2],[137.5,38.09],[137.79,37.82],[137.8,37.72],[137.64,37.61],[137.74,37.56],[137.78,37.3],[138.02,37.49],[138.18,37.52],[138.19,37.58],[138.1,37.82],[138.12,38.11],[138.19,38.28],[138.08,38.45],[138.14,38.78],[138.11,38.9],[138.16,38.96],[138.32,38.99],[138.46,39.07],[138.53,39.45],[138.65,39.59],[138.82,39.58],[138.84,39.72],[138.89,39.76],[138.98,39.79],[139.22,39.72],[139.29,39.58],[139.32,39.6],[139.44,39.79],[139.54,40.1],[139.54,40.42],[139.46,40.57],[139.46,40.61],[139.52,40.64],[139.75,40.66],[139.87,41.04],[139.85,41.23],[139.81,41.25],[139.66,41.23],[139.56,41.33],[139.54,41.41],[139.59,41.49],[139.82,41.47],[139.96,41.93],[139.85,42.03],[139.78,42.05],[139.67,41.64],[139.6,41.61],[139.33,42.07],[139.32,42.14],[139.37,42.26],[139.49,42.4],[139.63,42.38],[139.7,42.5],[139.75,42.67],[140.01,42.97],[139.97,43.18],[140.02,43.34],[139.82,43.43],[139.8,43.49],[139.85,43.56],[140.11,43.54],[140.15,43.66],[140.03,43.81],[139.9,43.77],[139.87,43.8],[139.85,43.87],[139.94,43.97],[139.82,44.14],[139.85,44.2],[139.94,44.26],[140.09,44.19],[140.11,44.27],[140.07,44.32],[139.9,44.4],[139.73,44.58],[139.66,44.61],[139.63,44.59],[139.66,44.41],[139.63,44.3],[139.53,44.19],[139.44,44.18],[139.39,44.21],[139.37,44.35],[139.24,44.42],[139.23,44.51],[139.39,44.59],[139.39,44.74],[139.46,44.82],[139.49,45.07],[139.52,45.11],[139.83,45.13],[139.9,45.17],[139.75,45.21],[139.64,45.35],[139.61,45.62],[139.63,45.66],[140.04,45.86],[140.21,46.04],[140.54,46.06],[140.52,46.44],[140.62,46.63],[140.6,46.72],[140.5,46.89],[140.5,46.95],[140.64,47.02],[140.68,47.11],[140.74,47.18],[141.14,47.14],[141.44,47.29]],[[139.49,45.27],[139.55,45.24],[139.49,45.14],[139.41,45.1],[139.34,45.12],[139.34,45.24],[139.49,45.27]],[[139.31,41.46],[139.28,41.5],[139.31,41.58],[139.4,41.62],[139.45,41.6],[139.48,41.54],[139.46,41.5],[139.31,41.46]],[[135.41,40.35],[135.46,40.32],[135.55,40.15],[135.67,40.2],[135.77,40.18],[135.94,40.23],[136.01,40.21],[136.03,40.15],[135.98,40.07],[135.82,39.94],[135.71,39.94],[135.56,40.03],[135.43,39.86],[135.39,39.85],[135.34,39.91],[135.38,40.08],[135.34,40.28],[135.41,40.35]],[[134.42,39.84],[134.39,39.79],[134.18,39.62],[134.06,39.6],[133.99,39.53],[133.81,39.45],[133.78,39.24],[133.51,39.19],[133.44,39.66],[133.46,39.74],[133.51,39.73],[133.54,39.77],[133.54,39.91],[133.68,39.98],[133.8,40.1],[133.99,40.06],[134.11,40.22],[134.33,40.2],[134.59,40.29],[134.77,40.31],[134.8,40.21],[134.76,40.13],[134.66,40.06],[134.53,40.1],[134.46,40.07],[134.42,39.98],[134.42,39.84]],[[135.02,39.71],[135.1,39.77],[135.59,39.8],[135.67,39.72],[136.07,39.72],[136.13,39.62],[136.09,39.53],[135.98,39.48],[135.84,39.3],[135.77,39.26],[135.49,39.28],[135.38,39.22],[135.22,39.24],[134.89,39.06],[134.83,39.0],[134.66,38.98],[134.54,38.9],[134.06,38.88],[133.92,38.81],[133.79,38.81],[133.74,38.84],[133.76,38.94],[133.94,39.1],[134.19,39.18],[134.26,39.26],[134.35,39.26],[134.61,39.5],[134.79,39.6],[134.83,39.7],[135.02,39.71]],[[130.08,39.0],[129.96,38.95],[129.77,38.81],[129.67,38.83],[129.61,38.92],[129.64,38.99],[129.76,39.08],[129.72,39.26],[129.81,39.31],[130.06,39.31],[130.15,39.36],[130.16,39.4],[130.26,39.44],[130.27,39.26],[130.08,39.0]],[[130.35,39.65],[130.39,39.62],[130.4,39.53],[130.28,39.52],[130.24,39.58],[130.29,39.64],[130.35,39.65]],[[135.13,40.08],[135.19,40.27],[135.31,40.3],[135.31,40.06],[135.25,39.94],[135.2,39.92],[135.12,39.96],[135.13,40.08]],[[129.74,38.39],[129.68,38.46],[129.71,38.59],[129.82,38.66],[129.8,38.76],[129.95,38.79],[129.99,38.71],[129.96,38.64],[129.89,38.62],[129.91,38.46],[129.84,38.4],[129.74,38.39]],[[129.91,38.39],[129.96,38.47],[130.06,38.52],[130.18,38.53],[130.25,38.45],[130.24,38.34],[130.12,38.21],[130.12,38.08],[130.03,38.02],[129.96,38.02],[129.93,38.06],[129.91,38.39]],[[133.53,38.28],[133.58,38.35],[133.68,38.38],[133.79,38.48],[133.95,38.52],[134.01,38.46],[133.98,38.29],[134.0,38.21],[134.07,38.18],[134.32,38.23],[134.4,38.18],[134.4,38.12],[134.28,37.92],[134.16,37.87],[133.89,37.58],[133.49,37.58],[133.39,37.67],[133.36,37.81],[133.38,37.94],[133.51,38.11],[133.53,38.28]],[[131.43,38.17],[131.5,38.11],[131.72,38.1],[131.74,38.0],[131.65,37.93],[131.45,37.87],[131.2,37.84],[131.07,37.9],[131.07,37.98],[131.25,38.03],[131.33,38.14],[131.43,38.17]],[[129.49,37.99],[129.41,38.04],[129.4,38.11],[129.42,38.24],[129.48,38.28],[129.52,38.26],[129.56,38.14],[129.54,38.02],[129.49,37.99]],[[129.7,38.15],[129.63,38.19],[129.58,38.25],[129.63,38.35],[129.71,38.33],[129.78,38.22],[129.77,38.16],[129.7,38.15]],[[130.86,37.4],[130.74,37.49],[130.78,37.58],[130.92,37.66],[131.04,37.66],[131.05,37.58],[131.0,37.44],[130.86,37.4]],[[132.03,37.11],[131.77,37.19],[131.76,37.27],[131.81,37.36],[131.94,37.39],[132.21,37.23],[132.17,37.12],[132.03,37.11]]],[[[-96.43,-70.72],[-96.5,-70.72],[-96.53,-70.75],[-96.38,-70.78],[-96.35,-70.86],[-96.39,-70.92],[-96.36,-70.94],[-96.05,-70.94],[-96.14,-70.82],[-96.26,-70.82],[-96.43,-70.72]]],[[[-98.95,-71.18],[-98.98,-71.08],[-99.1,-71.06],[-99.16,-71.08],[-99.24,-71.17],[-99.32,-71.2],[-99.77,-71.17],[-99.84,-71.21],[-99.6,-71.26],[-99.6,-71.42],[-99.14,-71.42],[-99.1,-71.28],[-98.97,-71.23],[-98.95,-71.18]]],[[[-98.52,-71.21],[-98.41,-71.15],[-98.42,-71.06],[-98.6,-71.07],[-98.66,-71.11],[-98.64,-71.19],[-98.52,-71.21]]],[[[-96.19,-71.31],[-96.04,-71.23],[-95.98,-71.12],[-96.09,-71.12],[-96.28,-71.33],[-96.19,-71.31]]],[[[-100.25,-71.18],[-100.29,-71.22],[-100.29,-71.26],[-100.21,-71.32],[-100.11,-71.34],[-100.03,-71.3],[-100.08,-71.18],[-100.25,-71.18]]],[[[-97.52,-71.46],[-97.39,-71.42],[-97.36,-71.39],[-97.37,-71.35],[-97.4,-71.34],[-97.62,-71.44],[-97.62,-71.46],[-97.52,-71.46]]],[[[-102.27,-71.42],[-102.28,-71.4],[-102.41,-71.45],[-102.89,-71.45],[-102.93,-71.55],[-103.1,-71.57],[-103.03,-71.63],[-102.79,-71.64],[-102.66,-71.56],[-102.4,-71.52],[-102.27,-71.42]]],[[[-103.1,-71.83],[-103.12,-71.78],[-103.2,-71.77],[-103.66,-71.88],[-103.87,-71.78],[-104.12,-71.85],[-104.17,-71.9],[-104.33,-71.95],[-104.14,-71.98],[-104.1,-72.02],[-104.1,-72.09],[-104.07,-72.1],[-103.92,-72.05],[-104.06,-71.96],[-104.06,-71.9],[-103.98,-71.86],[-103.82,-71.86],[-103.7,-71.93],[-103.55,-71.95],[-103.33,-71.94],[-103.19,-71.84],[-103.1,-71.83]]],[[[-118.17,-73.87],[-118.39,-73.92],[-118.1,-73.9],[-117.94,-73.97],[-117.82,-73.97],[-117.33,-73.88],[-117.69,-73.9],[-117.96,-73.84],[-118.17,-73.87]]],[[[-115.61,-73.9],[-115.68,-73.87],[-115.82,-73.89],[-115.83,-73.92],[-115.78,-73.96],[-115.61,-73.98],[-115.58,-73.95],[-115.61,-73.9]]],[[[-105.83,-74.04],[-105.92,-73.9],[-106.01,-73.88],[-106.25,-73.9],[-106.37,-73.97],[-106.36,-74.0],[-106.22,-74.02],[-106.23,-74.1],[-106.32,-74.14],[-105.97,-74.11],[-105.89,-74.15],[-105.9,-74.22],[-106.08,-74.33],[-105.55,-74.3],[-105.43,-74.26],[-105.2,-74.26],[-105.17,-74.23],[-105.21,-74.2],[-105.46,-74.18],[-105.72,-74.04],[-105.83,-74.04]]],[[[-103.72,-74.51],[-103.7,-74.5],[-104.14,-74.45],[-104.12,-74.49],[-103.99,-74.51],[-103.72,-74.51]]],[[[-104.43,-74.56],[-104.47,-74.54],[-104.47,-74.57],[-104.55,-74.59],[-104.74,-74.59],[-104.72,-74.62],[-104.42,-74.66],[-104.35,-74.64],[-104.43,-74.56]]],[[[-142.18,-74.69],[-142.46,-74.64],[-142.83,-74.72],[-142.12,-74.77],[-142.1,-74.74],[-142.18,-74.69]]],[[[-105.02,-74.88],[-104.93,-74.78],[-104.99,-74.65],[-105.17,-74.62],[-105.24,-74.72],[-105.22,-74.81],[-105.13,-74.87],[-105.02,-74.88]]],[[[-140.91,-74.69],[-141.03,-74.69],[-141.16,-74.79],[-141.53,-74.83],[-141.58,-74.88],[-141.67,-74.89],[-141.63,-74.94],[-141.41,-74.99],[-140.53,-74.84],[-140.5,-74.81],[-140.57,-74.81],[-140.91,-74.69]]],[[[-41.88,-61.54],[-41.75,-61.48],[-41.74,-61.44],[-41.81,-61.43],[-42.01,-61.51],[-41.98,-61.55],[-41.88,-61.54]]],[[[-59.66,-62.69],[-59.78,-62.73],[-59.58,-62.83],[-59.23,-62.81],[-58.75,-62.83],[-58.68,-62.76],[-58.56,-62.74],[-58.44,-62.59],[-58.35,-62.66],[-58.23,-62.6],[-58.13,-62.62],[-57.36,-62.57],[-57.31,-62.52],[-57.19,-62.52],[-57.04,-62.41],[-56.73,-62.4],[-56.55,-62.32],[-56.54,-62.28],[-56.62,-62.14],[-56.71,-62.18],[-56.84,-62.18],[-57.08,-62.06],[-57.6,-62.21],[-58.03,-62.23],[-58.18,-62.3],[-58.38,-62.33],[-58.49,-62.4],[-58.7,-62.4],[-59.66,-62.69]]],[[[-61.7,-63.61],[-61.63,-63.58],[-61.61,-63.5],[-61.5,-63.45],[-61.56,-63.28],[-61.63,-63.3],[-61.69,-63.47],[-61.82,-63.57],[-61.8,-63.6],[-61.7,-63.61]]],[[[-69.95,-68.85],[-69.93,-68.7],[-70.0,-68.57],[-70.02,-68.4],[-70.08,-68.51],[-70.06,-68.68],[-70.01,-68.82],[-69.95,-68.85]]],[[[-76.58,-70.37],[-76.52,-70.34],[-76.52,-70.31],[-76.66,-70.27],[-76.8,-70.14],[-76.99,-70.13],[-76.98,-70.17],[-76.82,-70.2],[-76.8,-70.29],[-76.75,-70.34],[-76.58,-70.37]]],[[[-36.01,-77.35],[-36.09,-77.24],[-36.07,-77.13],[-35.84,-76.98],[-35.52,-76.94],[-35.26,-76.83],[-35.25,-76.79],[-35.45,-76.73],[-35.61,-76.73],[-36.38,-76.85],[-36.55,-76.98],[-36.67,-77.02],[-37.01,-77.04],[-37.75,-77.26],[-38.59,-77.42],[-38.83,-77.54],[-39.7,-77.69],[-39.96,-77.86],[-40.01,-77.98],[-39.94,-78.12],[-39.22,-78.17],[-39.34,-78.14],[-39.1,-78.17],[-38.85,-78.15],[-38.13,-78.21],[-37.12,-78.23],[-37.05,-78.18],[-37.04,-78.09],[-37.22,-77.94],[-37.19,-77.83],[-36.89,-77.76],[-36.72,-77.76],[-36.2,-77.42],[-36.02,-77.38],[-36.01,-77.35]]],[[[-61.13,-63.19],[-61.37,-63.23],[-61.41,-63.29],[-61.37,-63.36],[-61.32,-63.36],[-61.13,-63.19]]],[[[-72.87,-68.8],[-72.95,-68.79],[-73.04,-68.87],[-72.91,-68.83],[-72.61,-68.98],[-72.55,-68.95],[-72.57,-68.92],[-72.77,-68.88],[-72.87,-68.8]]],[[[-54.4,-61.44],[-54.72,-61.51],[-54.89,-61.5],[-55.06,-61.58],[-55.44,-61.63],[-55.5,-61.68],[-56.22,-61.9],[-56.33,-61.89],[-56.45,-61.93],[-56.58,-62.0],[-56.58,-62.07],[-56.38,-62.15],[-56.02,-62.16],[-55.94,-62.11],[-55.79,-62.1],[-55.66,-61.99],[-55.42,-62.04],[-55.18,-61.99],[-54.99,-62.01],[-54.76,-61.95],[-54.84,-61.88],[-54.8,-61.75],[-54.67,-61.65],[-54.46,-61.63],[-54.4,-61.44]]],[[[58.58,-66.74],[58.54,-66.7],[58.43,-66.68],[58.2,-66.7],[58.08,-66.74],[57.54,-66.77],[58.1,-66.79],[58.3,-66.86],[59.06,-66.86],[58.9,-66.84],[58.58,-66.74]]],[[[80.96,-67.16],[81.0,-67.13],[80.78,-67.13],[80.64,-67.17],[80.96,-67.16]]],[[[49.83,-66.72],[49.87,-66.77],[49.99,-66.77],[50.02,-66.84],[50.0,-66.94],[50.04,-66.96],[50.07,-66.84],[50.05,-66.8],[49.97,-66.74],[49.83,-66.72]]],[[[102.43,-65.52],[102.53,-65.5],[102.54,-65.43],[102.44,-65.39],[102.33,-65.42],[102.31,-65.5],[102.43,-65.52]]],[[[114.59,-65.83],[114.67,-65.76],[114.46,-65.62],[114.2,-65.61],[114.08,-65.67],[114.14,-65.7],[114.41,-65.74],[114.52,-65.83],[114.59,-65.83]]],[[[122.82,-66.0],[122.74,-65.94],[122.58,-65.9],[122.56,-65.82],[122.61,-65.75],[122.58,-65.71],[122.41,-65.71],[122.28,-65.76],[122.06,-65.74],[121.99,-65.81],[122.27,-65.93],[122.32,-66.11],[122.54,-66.12],[122.83,-66.2],[122.9,-66.19],[122.95,-66.13],[122.98,-66.02],[122.82,-66.0]]],[[[116.76,-66.0],[116.66,-65.83],[116.57,-65.78],[116.33,-65.81],[116.21,-65.89],[116.05,-65.9],[115.99,-65.95],[116.3,-66.12],[116.93,-66.12],[117.1,-66.0],[116.76,-66.0]]],[[[128.02,-66.04],[128.28,-65.98],[128.17,-65.92],[127.97,-65.93],[127.77,-65.99],[127.87,-66.04],[128.02,-66.04]]],[[[127.05,-66.11],[127.1,-66.06],[127.09,-66.0],[127.04,-65.95],[126.96,-65.95],[126.92,-66.0],[126.94,-66.06],[127.05,-66.11]]],[[[106.66,-66.15],[106.7,-66.1],[106.63,-66.04],[106.3,-66.0],[106.54,-66.14],[106.66,-66.15]]],[[[126.32,-65.98],[126.19,-66.0],[126.36,-66.08],[126.53,-66.07],[126.48,-66.02],[126.32,-65.98]]],[[[108.41,-66.17],[107.94,-66.14],[107.86,-66.19],[107.98,-66.19],[108.05,-66.24],[108.55,-66.34],[108.62,-66.3],[108.58,-66.25],[108.41,-66.17]]],[[[117.96,-66.25],[117.99,-66.22],[117.97,-66.2],[117.84,-66.17],[117.69,-66.23],[117.96,-66.25]]],[[[128.62,-66.52],[128.79,-66.48],[128.85,-66.43],[128.57,-66.36],[128.54,-66.31],[128.48,-66.28],[128.45,-66.29],[128.45,-66.34],[128.2,-66.37],[128.16,-66.41],[128.35,-66.53],[128.62,-66.52]]],[[[166.44,-74.77],[165.17,-75.05],[164.98,-75.02],[164.83,-75.09],[164.68,-75.09],[164.54,-75.14],[163.99,-75.18],[163.84,-75.23],[164.83,-75.29],[165.0,-75.16],[165.72,-75.07],[165.9,-74.99],[166.1,-74.98],[166.3,-74.93],[166.44,-74.77]]],[[[50.7,38.99],[50.71,39.1],[50.65,39.12],[50.58,39.09],[50.57,39.02],[50.6,38.96],[50.66,38.95],[50.7,38.99]]],[[[-17.9,21.64],[-17.85,21.7],[-17.54,21.84],[-17.62,22.13],[-17.45,22.32],[-17.42,22.41],[-17.45,22.61],[-17.42,22.78],[-17.5,22.97],[-17.45,23.04],[-17.28,23.15],[-17.25,23.21],[-17.33,23.4],[-17.3,23.52],[-17.33,23.66],[-17.04,24.0],[-16.97,24.14],[-16.85,24.22],[-16.8,24.36],[-16.7,24.38],[-16.68,24.53],[-16.61,24.62],[-16.63,24.74],[-16.61,24.92],[-16.55,25.05],[-16.42,25.2],[-16.4,25.31],[-16.22,25.51],[-16.2,25.7],[-16.03,25.73],[-15.95,25.86],[-15.74,26.03],[-15.55,26.09],[-15.44,26.27],[-15.26,26.3],[-15.19,26.38],[-14.86,26.47],[-14.81,26.57],[-14.71,26.62],[-14.59,26.59],[-14.47,26.71],[-14.24,26.87],[-14.06,27.08],[-13.79,27.22],[-13.76,27.27],[-13.73,27.62],[-13.58,27.79],[-13.42,28.2],[-13.25,28.42],[-13.37,28.58],[-13.36,28.64],[-13.32,28.66],[-13.3,28.73],[-12.95,28.91],[-12.74,28.94],[-12.55,29.09],[-12.26,29.19],[-11.9,29.21],[-11.2,29.43],[-11.04,29.45],[-10.78,29.59],[-10.32,30.0],[-10.28,30.07],[-10.31,30.35],[-10.24,30.51],[-10.37,30.72],[-10.36,30.77],[-10.26,30.83],[-10.39,30.84],[-10.63,30.98],[-10.83,31.25],[-10.84,31.42],[-10.8,31.53],[-10.7,31.58],[-10.62,31.58],[-10.45,31.49],[-10.4,31.5],[-10.25,31.7],[-10.38,31.81],[-10.37,31.96],[-10.31,32.02],[-10.03,32.04],[-9.96,32.11],[-9.91,32.21],[-9.91,32.42],[-9.67,32.71],[-9.47,33.21],[-9.52,33.31],[-9.5,33.39],[-9.34,33.53],[-9.17,33.72],[-9.05,33.65],[-8.88,33.72],[-8.71,33.89],[-8.3,34.08],[-8.14,34.13],[-8.04,34.22],[-7.58,34.42],[-7.53,34.39],[-7.3,34.49],[-7.12,34.48],[-7.06,34.54],[-7.06,34.74],[-7.22,34.88],[-7.25,34.98],[-7.18,35.23],[-7.06,35.38],[-7.06,35.5],[-6.95,35.61],[-7.03,35.85],[-7.08,35.87],[-7.29,35.84],[-7.39,35.95],[-7.39,36.0],[-7.44,36.0],[-7.63,36.14],[-7.73,36.17],[-7.8,36.34],[-7.99,36.38],[-8.16,36.55],[-8.26,36.55],[-8.3,36.6],[-8.54,36.62],[-8.78,36.58],[-9.39,36.74],[-9.42,36.87],[-9.19,37.1],[-9.34,37.1],[-9.41,37.16],[-9.41,37.34],[-9.36,37.49],[-9.54,37.67],[-9.55,37.75],[-9.36,38.06],[-9.34,38.21],[-9.24,38.3],[-9.43,38.35],[-9.5,38.4],[-9.62,38.4],[-9.72,38.57],[-9.82,38.57],[-9.86,38.64],[-9.98,38.69],[-10.01,38.74],[-10.21,38.78],[-10.28,38.85],[-10.25,39.0],[-10.3,39.05],[-10.3,39.14],[-10.2,39.36],[-9.69,39.51],[-9.68,39.78],[-9.84,40.18],[-9.83,40.35],[-9.76,40.44],[-9.45,40.62],[-9.38,40.75],[-9.45,40.94],[-9.45,41.03],[-9.34,41.33],[-9.26,41.42],[-9.46,41.79],[-9.44,42.01],[-9.53,42.34],[-9.46,42.48],[-9.58,42.62],[-9.67,42.82],[-9.69,42.92],[-9.62,43.37],[-9.51,43.53],[-9.36,43.64],[-9.21,43.66],[-9.02,43.8],[-8.93,43.96],[-8.94,44.02],[-9.04,44.09],[-9.07,44.23],[-8.56,44.26],[-8.54,44.28],[-8.27,44.27],[-8.02,44.17],[-7.6,44.15],[-7.42,44.22],[-7.27,44.22],[-6.77,44.06],[-6.57,44.05],[-6.34,43.97],[-5.64,44.09],[-5.33,44.01],[-5.27,44.02],[-5.24,44.14],[-5.16,44.18],[-4.59,44.19],[-4.52,44.15],[-4.52,44.06],[-4.78,43.98],[-4.82,43.92],[-4.74,43.89],[-4.55,43.92],[-4.46,43.78],[-4.37,43.73],[-4.34,43.68],[-4.06,43.68],[-3.89,43.8],[-3.61,43.76],[-3.41,43.68],[-3.16,43.73],[-2.78,43.69],[-2.69,43.72],[-2.42,43.7],[-2.4,43.72],[-2.58,43.91],[-2.59,44.04],[-2.53,44.11],[-2.26,44.23],[-2.28,44.45],[-2.26,44.57],[-2.29,44.65],[-2.26,44.7],[-2.16,44.71],[-2.24,44.82],[-2.45,44.97],[-3.06,45.1],[-3.28,45.22],[-3.34,45.28],[-3.32,45.45],[-3.48,45.53],[-3.6,45.67],[-3.65,45.67],[-3.67,45.72],[-3.86,45.82],[-3.96,45.84],[-4.01,45.95],[-4.12,45.99],[-4.35,46.23],[-4.6,46.28],[-4.82,46.43],[-5.03,46.51],[-5.06,46.66],[-5.21,46.66],[-5.32,46.77],[-5.43,46.8],[-5.54,46.94],[-5.74,46.97],[-5.78,47.16],[-5.95,47.14],[-6.0,47.18],[-6.14,47.19],[-6.22,47.28],[-6.65,47.4],[-6.82,47.4],[-6.94,47.45],[-7.03,47.45],[-7.08,47.5],[-7.25,47.47],[-7.45,47.55],[-7.62,47.56],[-7.68,47.71],[-7.92,47.69],[-8.09,47.71],[-8.21,47.95],[-8.35,47.95],[-8.45,48.0],[-8.64,47.98],[-8.98,48.14],[-9.55,48.06],[-9.66,48.07],[-9.72,48.12],[-9.74,48.29],[-9.86,48.43],[-9.94,48.62],[-10.06,48.55],[-10.26,48.51],[-10.45,48.56],[-10.51,48.6],[-10.66,48.6],[-10.66,48.72],[-10.73,48.79],[-10.91,48.72],[-11.09,48.91],[-11.21,48.87],[-11.3,48.87],[-11.42,49.01],[-11.58,49.09],[-12.14,49.05],[-12.19,49.09],[-12.18,49.21],[-11.98,49.27],[-11.81,49.38],[-11.79,49.43],[-11.88,49.57],[-11.87,49.64],[-11.71,49.78],[-11.62,49.97],[-11.38,50.16],[-11.35,50.33],[-11.23,50.54],[-11.26,50.66],[-11.38,50.78],[-11.4,50.9],[-11.59,51.0],[-11.66,51.1],[-11.69,51.29],[-11.78,51.43],[-11.94,51.42],[-12.0,51.46],[-12.05,51.77],[-12.24,51.77],[-12.24,51.82],[-12.46,51.99],[-12.6,52.01],[-12.73,51.97],[-13.22,51.67],[-13.27,51.5],[-13.41,51.41],[-13.51,51.24],[-13.63,51.12],[-13.65,50.99],[-13.69,50.94],[-13.79,50.87],[-13.92,50.86],[-14.04,50.75],[-14.22,50.71],[-14.52,50.81],[-14.64,51.0],[-14.86,51.1],[-14.95,51.55],[-15.07,51.75],[-15.07,51.84],[-15.02,51.91],[-15.02,52.03],[-14.88,52.17],[-14.9,52.23],[-15.06,52.33],[-15.11,52.44],[-15.07,52.63],[-14.9,53.06],[-14.9,53.18],[-14.77,53.3],[-14.69,53.42],[-14.5,53.52],[-14.44,53.63],[-14.19,53.79],[-13.04,54.09],[-12.61,54.09],[-12.38,54.16],[-12.19,54.14],[-12.07,54.19],[-11.86,54.2],[-10.68,54.76],[-10.54,54.91],[-10.28,55.08],[-10.07,55.45],[-9.94,55.51],[-9.83,55.6],[-9.65,55.61],[-9.34,56.18],[-9.34,56.33],[-9.29,56.42],[-9.31,56.59],[-9.24,56.69],[-9.17,56.71],[-9.16,56.77],[-9.23,56.96],[-9.31,57.0],[-9.58,57.34],[-9.77,57.74],[-9.76,57.94],[-9.6,58.42],[-9.53,58.48],[-8.5,58.78],[-8.35,58.78],[-8.19,58.85],[-7.86,58.94],[-7.71,59.05],[-7.58,59.31],[-7.45,59.4],[-6.96,59.6],[-6.86,59.7],[-6.88,59.79],[-7.01,59.86],[-7.28,59.84],[-7.31,59.78],[-7.3,59.59],[-7.46,59.52],[-7.64,59.52],[-8.09,59.6],[-8.16,59.63],[-8.42,59.83],[-8.46,59.94],[-8.69,59.98],[-9.0,60.14],[-9.07,60.29],[-9.51,60.4],[-9.62,60.39],[-9.84,60.29],[-10.03,60.29],[-10.2,60.24],[-10.56,60.22],[-10.8,60.24],[-10.92,60.19],[-11.07,60.2],[-11.09,60.18],[-11.02,60.05],[-11.11,59.92],[-11.3,59.81],[-11.52,59.78],[-11.93,59.81],[-11.96,59.87],[-11.93,60.02],[-11.98,60.07],[-12.02,60.0],[-12.13,59.96],[-12.83,59.92],[-13.13,59.86],[-13.8,60.06],[-13.85,60.12],[-13.88,60.27],[-13.84,60.36],[-13.63,60.5],[-13.42,60.55],[-13.37,60.64],[-13.25,60.67],[-13.13,60.65],[-12.98,60.79],[-12.79,60.9],[-12.58,60.91],[-12.41,60.86],[-12.26,60.91],[-12.1,60.92],[-11.81,60.88],[-11.71,60.84],[-11.61,60.74],[-11.59,60.66],[-11.61,60.58],[-11.72,60.44],[-11.68,60.39],[-11.23,60.49],[-11.18,60.55],[-11.2,60.65],[-11.3,60.77],[-11.52,60.83],[-11.61,60.92],[-11.68,61.06],[-11.64,61.17],[-11.3,61.2],[-11.16,61.15],[-10.27,61.08],[-9.95,60.99],[-9.72,61.13],[-9.6,61.39],[-9.65,61.49],[-9.62,61.61],[-9.79,61.75],[-10.42,61.78],[-10.58,61.92],[-10.75,61.94],[-10.92,62.01],[-10.94,62.16],[-11.14,62.16],[-11.28,62.25],[-11.66,62.21],[-11.86,62.25],[-12.3,62.09],[-12.57,62.16],[-12.71,62.27],[-12.7,62.4],[-12.67,62.43],[-12.42,62.48],[-12.38,62.51],[-12.4,62.53],[-12.9,62.52],[-12.98,62.57],[-13.23,62.62],[-13.35,62.68],[-13.5,62.82],[-13.49,63.04],[-13.54,63.48],[-13.46,63.65],[-13.5,63.75],[-13.56,63.8],[-13.75,63.74],[-14.02,63.74],[-14.33,63.67],[-14.45,63.6],[-14.64,63.58],[-14.86,63.48],[-15.02,63.5],[-15.6,63.43],[-15.94,63.31],[-16.39,63.31],[-16.78,63.19],[-17.52,63.12],[-17.57,63.07],[-17.86,63.0],[-18.02,63.1],[-18.43,63.07],[-18.64,63.15],[-18.74,63.14],[-18.83,63.19],[-19.01,63.17],[-19.13,63.21],[-19.35,63.22],[-19.58,63.19],[-19.52,63.08],[-19.56,63.05],[-19.64,63.05],[-19.77,63.14],[-19.89,63.14],[-20.02,62.98],[-20.25,62.85],[-20.45,62.84],[-20.65,62.88],[-20.95,62.83],[-21.22,62.95],[-21.36,62.93],[-21.48,62.98],[-22.07,62.85],[-22.68,62.85],[-23.33,63.02],[-23.47,62.93],[-23.57,62.93],[-23.62,62.88],[-24.05,62.71],[-24.26,62.69],[-24.34,62.64],[-24.65,62.57],[-26.5,61.58],[-26.65,61.55],[-27.42,61.11],[-27.53,61.01],[-27.65,61.01],[-27.67,60.96],[-28.43,60.56],[-28.54,60.46],[-28.63,60.43],[-28.68,60.36],[-28.78,60.34],[-28.84,60.27],[-29.04,60.18],[-29.18,60.07],[-29.41,60.04],[-29.44,60.08],[-29.43,60.14],[-29.33,60.22],[-29.21,60.38],[-29.11,60.41],[-28.86,60.57],[-28.76,60.53],[-28.78,60.67],[-28.71,60.77],[-28.61,60.86],[-28.51,60.86],[-28.42,60.98],[-27.84,61.44],[-27.65,61.51],[-27.55,61.68],[-27.43,61.7],[-27.41,61.78],[-27.34,61.8],[-27.24,61.9],[-27.1,61.94],[-26.93,62.09],[-26.81,62.14],[-26.78,62.18],[-26.04,62.66],[-25.98,62.74],[-25.6,62.9],[-25.54,62.98],[-25.59,63.06],[-25.72,63.13],[-26.02,63.22],[-26.18,63.31],[-26.3,63.31],[-26.69,63.65],[-26.86,63.7],[-26.96,63.87],[-27.02,63.89],[-27.05,63.94],[-27.31,64.06],[-27.5,64.08],[-27.65,64.25],[-27.97,64.31],[-28.01,64.43],[-27.9,64.58],[-27.87,64.71],[-27.88,64.82],[-28.11,64.95],[-28.18,64.94],[-28.27,65.03],[-28.29,65.14],[-28.13,65.38],[-28.3,65.42],[-28.34,65.5],[-28.44,65.54],[-28.45,65.64],[-28.49,65.66],[-28.56,65.62],[-28.67,65.61],[-28.94,65.64],[-29.4,65.48],[-29.84,65.42],[-30.05,65.35],[-30.56,65.3],[-31.8,65.38],[-31.94,65.42],[-32.3,65.42],[-32.41,65.38],[-32.82,65.35],[-33.21,65.22],[-33.41,65.11],[-33.77,65.04],[-33.95,64.89],[-34.06,64.83],[-34.14,64.82],[-34.25,64.85],[-34.34,64.8],[-34.64,64.85],[-34.79,64.81],[-34.88,64.75],[-34.9,64.7],[-34.87,64.64],[-34.78,64.59],[-34.8,64.5],[-34.94,64.49],[-35.21,64.3],[-35.86,64.18],[-36.31,63.87],[-36.65,63.82],[-36.83,63.72],[-36.96,63.72],[-37.34,63.53],[-37.92,63.41],[-38.78,63.41],[-38.93,63.43],[-39.19,63.31],[-39.58,63.19],[-39.98,63.14],[-40.53,62.71],[-40.3,62.41],[-40.32,62.18],[-40.48,62.07],[-40.59,62.1],[-40.64,62.08],[-40.87,61.73],[-40.99,61.68],[-40.99,61.63],[-41.05,61.58],[-41.09,61.42],[-41.26,61.37],[-41.33,61.27],[-41.35,61.13],[-41.54,61.03],[-41.53,60.88],[-41.78,60.55],[-41.81,60.31],[-41.89,60.17],[-41.87,60.02],[-42.05,59.98],[-42.16,59.82],[-42.54,59.53],[-42.75,59.5],[-42.86,59.43],[-42.99,59.43],[-43.11,59.36],[-43.27,59.4],[-43.42,59.35],[-43.58,59.35],[-43.74,59.29],[-44.06,59.35],[-44.33,59.3],[-44.45,59.4],[-44.52,59.41],[-44.7,59.38],[-45.17,59.42],[-45.33,59.4],[-45.56,59.45],[-45.83,59.46],[-46.25,59.64],[-46.27,59.67],[-46.25,59.78],[-46.42,59.81],[-46.51,59.95],[-46.73,59.95],[-46.78,60.12],[-46.89,60.14],[-47.22,60.07],[-47.33,60.12],[-47.42,60.12],[-47.47,60.17],[-47.7,60.2],[-48.12,60.34],[-48.27,60.32],[-48.61,60.4],[-48.69,60.48],[-48.82,60.49],[-48.97,60.61],[-49.34,60.77],[-49.42,60.84],[-49.52,60.88],[-49.7,61.13],[-49.94,61.25],[-50.17,61.28],[-50.61,61.5],[-50.74,61.61],[-50.81,61.84],[-50.78,61.9],[-50.7,61.93],[-50.71,61.97],[-50.83,62.02],[-51.02,62.02],[-51.12,62.14],[-51.31,62.18],[-52.1,62.86],[-52.3,62.93],[-52.76,63.32],[-52.96,63.44],[-53.04,63.62],[-53.21,63.67],[-53.32,63.8],[-53.62,63.84],[-53.81,64.01],[-54.09,64.01],[-54.75,64.23],[-55.01,64.27],[-55.1,64.34],[-55.2,64.34],[-55.25,64.39],[-55.46,64.48],[-55.53,64.49],[-55.73,64.42],[-55.76,64.33],[-55.68,64.25],[-55.65,64.15],[-55.67,64.03],[-56.09,63.72],[-56.3,63.82],[-56.59,63.85],[-56.81,63.95],[-56.95,63.94],[-58.34,64.08],[-58.42,63.91],[-58.54,63.77],[-58.54,63.6],[-58.61,63.48],[-58.61,63.36],[-58.68,63.26],[-58.68,63.07],[-58.78,62.95],[-58.85,62.93],[-58.9,62.86],[-59.13,62.7],[-59.23,62.73],[-59.26,62.82],[-59.24,62.87],[-59.13,62.88],[-59.12,62.96],[-59.33,63.26],[-59.42,63.26],[-59.66,63.36],[-59.92,63.28],[-60.02,63.22],[-60.1,63.0],[-60.31,62.78],[-60.43,62.72],[-60.51,62.6],[-60.53,62.53],[-60.48,62.35],[-60.5,61.97],[-60.46,61.8],[-60.46,61.62],[-60.55,61.34],[-60.65,61.3],[-60.8,61.1],[-61.07,60.58],[-61.08,60.5],[-60.94,60.34],[-60.91,60.24],[-60.78,60.17],[-60.72,60.05],[-60.5,59.97],[-60.34,59.76],[-60.34,59.64],[-60.1,59.52],[-60.05,59.28],[-59.96,59.2],[-59.88,59.05],[-59.86,58.7],[-59.62,58.4],[-59.64,58.13],[-59.51,58.01],[-59.45,57.86],[-59.17,57.64],[-58.7,57.1],[-58.46,57.02],[-58.4,56.9],[-58.16,56.62],[-58.06,56.57],[-57.68,56.49],[-57.31,56.23],[-57.32,56.05],[-57.3,56.0],[-57.1,55.92],[-57.02,55.82],[-56.82,55.76],[-56.64,55.61],[-56.52,55.63],[-56.38,55.54],[-56.23,55.56],[-56.11,55.49],[-55.58,55.42],[-55.42,55.34],[-55.27,55.35],[-55.13,55.3],[-54.91,55.3],[-54.6,55.25],[-54.5,55.2],[-54.36,55.22],[-54.22,55.18],[-54.02,55.18],[-53.32,54.9],[-53.14,54.89],[-52.96,54.82],[-52.94,54.75],[-53.04,54.65],[-53.08,54.51],[-53.05,54.43],[-52.85,54.29],[-52.51,53.86],[-52.1,53.47],[-51.82,53.06],[-51.7,52.99],[-51.43,52.7],[-50.9,52.32],[-50.88,52.27],[-50.06,51.58],[-50.04,51.5],[-49.9,51.34],[-49.73,51.24],[-49.67,51.09],[-49.73,50.96],[-49.84,50.93],[-50.04,51.0],[-50.15,50.97],[-50.28,50.88],[-50.34,50.64],[-50.32,50.53],[-49.97,50.23],[-49.77,49.97],[-49.68,49.61],[-49.7,49.32],[-49.77,49.16],[-49.77,49.03],[-49.74,48.96],[-49.42,48.65],[-49.3,48.6],[-49.26,48.55],[-48.72,48.34],[-48.55,48.34],[-48.42,48.22],[-48.35,48.2],[-46.95,48.24],[-46.46,48.39],[-46.37,48.34],[-46.38,48.25],[-46.49,48.19],[-46.61,48.02],[-46.68,47.75],[-46.92,47.52],[-46.96,47.42],[-47.07,46.87],[-47.05,46.79],[-46.85,46.51],[-46.82,46.37],[-46.85,46.3],[-47.04,46.3],[-47.2,46.15],[-47.5,46.01],[-47.59,45.86],[-48.1,45.58],[-48.06,45.47],[-48.08,45.41],[-48.22,45.45],[-48.26,45.48],[-48.33,45.47],[-48.52,45.32],[-48.66,45.13],[-48.74,45.07],[-48.79,44.95],[-48.94,44.76],[-48.84,44.23],[-48.91,43.99],[-48.89,43.82],[-48.96,43.63],[-49.15,43.46],[-49.13,43.38],[-49.18,43.27],[-49.18,43.18],[-49.3,43.18],[-49.3,43.1],[-49.34,43.06],[-49.54,43.01],[-49.86,42.8],[-17.9,21.64]],[[-19.36,25.51],[-19.3,25.44],[-19.29,25.34],[-19.32,25.27],[-19.39,25.26],[-19.48,25.32],[-19.51,25.44],[-19.5,25.48],[-19.36,25.51]],[[-17.91,27.61],[-17.98,27.55],[-18.12,27.62],[-18.22,27.71],[-18.21,27.81],[-18.09,27.89],[-17.84,27.92],[-17.8,27.82],[-17.91,27.61]],[[-15.74,27.62],[-15.99,27.91],[-15.99,27.97],[-15.9,28.2],[-15.63,28.3],[-15.34,28.27],[-15.2,28.0],[-15.23,27.74],[-15.26,27.71],[-15.74,27.62]],[[-16.24,28.24],[-16.3,28.2],[-16.3,28.15],[-16.54,27.94],[-16.6,27.93],[-16.74,27.97],[-16.9,28.14],[-17.05,27.98],[-17.18,27.95],[-17.32,27.98],[-17.47,28.08],[-17.5,28.19],[-17.5,28.32],[-17.38,28.38],[-17.23,28.42],[-17.04,28.37],[-16.94,28.49],[-16.75,28.49],[-16.54,28.56],[-16.39,28.68],[-16.07,28.72],[-16.01,28.68],[-15.99,28.58],[-16.2,28.39],[-16.24,28.24]],[[-17.76,28.41],[-17.82,28.39],[-17.91,28.44],[-18.04,28.61],[-18.08,28.7],[-18.07,28.86],[-17.94,28.94],[-17.82,28.96],[-17.68,28.9],[-17.64,28.58],[-17.76,28.41]],[[-14.16,28.77],[-13.99,28.92],[-13.92,29.11],[-13.51,29.55],[-13.42,29.59],[-13.32,29.57],[-13.22,29.64],[-13.07,29.64],[-13.05,29.54],[-13.15,29.4],[-13.15,29.23],[-13.27,29.14],[-13.32,28.97],[-13.68,28.73],[-13.68,28.42],[-13.78,28.13],[-14.16,28.06],[-14.26,27.98],[-14.38,27.98],[-14.52,27.86],[-14.74,27.85],[-14.88,27.89],[-14.92,27.99],[-14.81,28.13],[-14.86,28.27],[-14.82,28.37],[-14.69,28.39],[-14.54,28.29],[-14.47,28.29],[-14.37,28.38],[-14.33,28.56],[-14.18,28.7],[-14.16,28.77]],[[-28.28,29.59],[-28.33,29.56],[-28.39,29.58],[-28.69,29.83],[-28.73,29.96],[-28.71,30.18],[-28.43,30.29],[-28.35,30.25],[-28.22,30.05],[-28.3,29.7],[-28.28,29.59]],[[-28.94,29.69],[-28.9,29.64],[-28.94,29.57],[-29.01,29.56],[-29.06,29.6],[-29.05,29.66],[-29.02,29.69],[-28.94,29.69]],[[-12.74,30.28],[-12.54,30.21],[-12.44,30.11],[-12.44,29.95],[-12.48,29.85],[-12.55,29.81],[-12.81,29.79],[-12.93,29.81],[-12.99,29.87],[-13.01,30.07],[-12.74,30.28]],[[-15.8,30.27],[-15.75,30.18],[-15.82,30.08],[-16.01,29.99],[-16.11,30.01],[-16.13,30.08],[-16.1,30.13],[-15.96,30.19],[-15.94,30.24],[-15.8,30.27]],[[-13.29,30.55],[-13.23,30.48],[-13.23,30.39],[-13.25,30.35],[-13.33,30.34],[-13.39,30.4],[-13.4,30.46],[-13.37,30.53],[-13.29,30.55]],[[-13.04,30.81],[-12.98,30.77],[-12.99,30.66],[-13.03,30.58],[-13.12,30.57],[-13.18,30.63],[-13.19,30.72],[-13.13,30.79],[-13.04,30.81]],[[-28.62,30.81],[-28.73,30.86],[-28.75,30.92],[-28.72,30.97],[-28.63,30.98],[-28.55,30.91],[-28.54,30.86],[-28.62,30.81]],[[-12.79,30.93],[-12.86,30.96],[-12.86,31.02],[-12.75,31.08],[-12.69,31.07],[-12.68,30.96],[-12.79,30.93]],[[-13.71,31.04],[-13.77,31.08],[-13.73,31.21],[-13.64,31.29],[-13.54,31.28],[-13.49,31.21],[-13.5,31.13],[-13.71,31.04]],[[-28.58,31.25],[-28.57,31.2],[-28.6,31.12],[-28.73,31.15],[-28.99,31.43],[-29.03,31.54],[-29.02,31.6],[-29.0,31.62],[-28.93,31.58],[-28.8,31.44],[-28.63,31.34],[-28.58,31.25]],[[-27.79,32.11],[-27.79,31.97],[-27.84,31.84],[-27.89,31.8],[-27.96,31.79],[-28.03,31.81],[-28.16,31.91],[-28.22,32.06],[-28.21,32.13],[-28.12,32.19],[-27.97,32.19],[-27.86,32.16],[-27.79,32.11]],[[-27.47,32.13],[-27.62,32.3],[-27.62,32.41],[-27.58,32.5],[-27.49,32.47],[-27.41,32.4],[-27.41,32.14],[-27.47,32.13]],[[-28.19,32.42],[-28.18,32.33],[-28.25,32.23],[-28.29,32.21],[-28.37,32.23],[-28.39,32.28],[-28.35,32.38],[-28.3,32.42],[-28.19,32.42]],[[-16.62,32.56],[-16.68,32.62],[-16.9,32.57],[-16.97,32.59],[-17.07,32.58],[-17.23,32.69],[-17.33,32.7],[-17.38,32.78],[-17.37,32.88],[-17.33,32.92],[-17.14,32.98],[-17.04,32.93],[-16.85,32.95],[-16.67,32.87],[-16.55,32.86],[-16.37,32.48],[-16.38,32.39],[-16.46,32.35],[-16.55,32.38],[-16.62,32.56]],[[-16.39,32.96],[-16.5,33.06],[-16.53,33.21],[-16.43,33.27],[-16.32,33.28],[-16.2,33.18],[-16.17,33.07],[-16.2,32.99],[-16.27,32.95],[-16.39,32.96]],[[-28.83,33.27],[-28.79,33.17],[-28.83,33.13],[-29.0,33.14],[-29.09,33.2],[-29.05,33.29],[-28.91,33.31],[-28.83,33.27]],[[-29.46,33.31],[-29.38,33.29],[-29.38,33.17],[-29.79,33.17],[-29.85,33.19],[-29.89,33.25],[-29.87,33.31],[-29.72,33.38],[-29.6,33.37],[-29.46,33.31]],[[-14.29,33.7],[-14.4,33.68],[-14.47,33.73],[-14.45,33.87],[-14.34,33.94],[-14.28,33.92],[-14.2,33.81],[-14.22,33.75],[-14.29,33.7]],[[-28.25,33.93],[-28.29,33.86],[-28.37,33.83],[-28.45,33.86],[-28.47,33.95],[-28.41,34.03],[-28.33,34.06],[-28.26,34.02],[-28.25,33.93]],[[-30.08,34.05],[-30.11,33.93],[-30.18,33.94],[-30.36,34.14],[-30.38,34.26],[-30.25,34.3],[-30.17,34.28],[-30.08,34.05]],[[-29.94,34.39],[-30.01,34.32],[-30.1,34.32],[-30.14,34.36],[-30.14,34.44],[-30.07,34.5],[-29.99,34.52],[-29.95,34.49],[-29.94,34.39]],[[-31.05,34.37],[-31.17,34.42],[-31.18,34.49],[-31.15,34.54],[-31.05,34.54],[-30.97,34.46],[-30.98,34.39],[-31.05,34.37]],[[-30.55,34.38],[-30.64,34.45],[-30.7,34.55],[-30.7,34.64],[-30.66,34.7],[-30.55,34.67],[-30.44,34.49],[-30.46,34.39],[-30.55,34.38]],[[-14.49,34.58],[-14.56,34.68],[-14.59,34.8],[-14.54,34.9],[-14.48,34.92],[-14.4,34.87],[-14.37,34.74],[-14.41,34.57],[-14.49,34.58]],[[-27.36,34.89],[-27.44,34.79],[-27.51,34.77],[-27.58,34.8],[-27.61,34.85],[-27.57,34.95],[-27.45,35.01],[-27.38,34.99],[-27.36,34.89]],[[-12.92,35.01],[-13.01,35.06],[-12.98,35.14],[-12.82,35.14],[-12.8,35.09],[-12.82,35.04],[-12.92,35.01]],[[-11.95,35.02],[-11.88,35.04],[-11.86,34.94],[-11.95,34.87],[-12.02,34.87],[-12.06,34.97],[-11.95,35.02]],[[-15.56,35.37],[-15.39,35.33],[-15.4,35.24],[-15.62,35.2],[-15.72,35.23],[-15.74,35.29],[-15.72,35.33],[-15.56,35.37]],[[-11.36,36.49],[-11.45,36.43],[-11.63,36.4],[-11.72,36.43],[-11.76,36.5],[-11.74,36.55],[-11.61,36.67],[-11.33,36.72],[-11.12,36.86],[-11.03,36.87],[-10.96,36.84],[-10.94,36.75],[-10.99,36.67],[-11.14,36.6],[-11.26,36.6],[-11.36,36.49]],[[-14.15,36.78],[-14.12,36.61],[-14.26,36.59],[-14.34,36.64],[-14.49,36.92],[-14.4,37.0],[-14.3,37.01],[-14.28,36.96],[-14.23,36.96],[-14.15,36.78]],[[-32.5,36.83],[-32.59,36.73],[-32.67,36.72],[-32.7,36.74],[-32.7,36.83],[-32.56,36.88],[-32.5,36.83]],[[-25.15,36.86],[-25.32,36.96],[-25.32,37.04],[-25.25,37.12],[-25.01,37.18],[-24.91,37.02],[-24.91,36.91],[-25.02,36.86],[-25.15,36.86]],[[-31.97,37.01],[-32.01,36.9],[-32.1,36.9],[-32.11,37.03],[-32.01,37.05],[-31.97,37.01]],[[-31.53,37.04],[-31.62,37.09],[-31.61,37.22],[-31.56,37.27],[-31.54,37.37],[-31.39,37.39],[-31.27,37.26],[-31.25,37.1],[-31.44,37.03],[-31.53,37.04]],[[-33.17,37.28],[-33.45,37.16],[-33.56,37.17],[-33.61,37.23],[-33.39,37.43],[-33.18,37.53],[-32.98,37.51],[-32.82,37.54],[-32.73,37.41],[-32.72,37.33],[-32.75,37.28],[-32.9,37.34],[-32.98,37.3],[-33.17,37.28]],[[-33.3,37.53],[-33.42,37.55],[-33.4,37.65],[-33.31,37.66],[-33.26,37.63],[-33.25,37.59],[-33.3,37.53]],[[-30.24,37.69],[-30.23,37.79],[-30.16,37.83],[-30.11,37.81],[-30.08,37.76],[-30.12,37.68],[-30.19,37.64],[-30.24,37.69]],[[-31.14,37.81],[-31.2,37.76],[-31.25,37.78],[-31.27,37.9],[-31.15,37.92],[-31.14,37.81]],[[-29.95,37.83],[-29.88,37.94],[-29.76,37.92],[-29.57,38.08],[-29.39,38.05],[-29.52,38.26],[-29.48,38.36],[-29.42,38.41],[-29.3,38.45],[-29.01,38.38],[-29.0,38.46],[-29.08,38.5],[-29.11,38.58],[-29.07,38.61],[-28.92,38.63],[-28.85,38.76],[-28.77,38.77],[-28.44,38.69],[-28.33,38.62],[-27.98,38.51],[-28.23,38.6],[-28.45,38.77],[-28.44,38.98],[-28.41,39.0],[-28.35,38.98],[-28.26,38.85],[-28.13,38.85],[-28.12,38.93],[-28.23,39.13],[-28.21,39.19],[-28.16,39.22],[-28.0,39.22],[-27.82,39.14],[-27.82,39.0],[-27.86,38.93],[-27.77,38.82],[-27.86,38.75],[-27.63,38.63],[-27.54,38.54],[-27.59,38.49],[-27.83,38.46],[-27.51,38.18],[-27.5,38.09],[-27.77,38.14],[-27.82,38.21],[-28.04,38.33],[-28.23,38.29],[-28.34,38.32],[-28.61,38.26],[-28.54,38.18],[-28.54,38.09],[-28.58,38.06],[-28.7,38.09],[-28.73,38.04],[-28.64,37.94],[-28.63,37.85],[-28.73,37.85],[-28.97,37.94],[-28.73,37.7],[-28.77,37.6],[-28.86,37.54],[-28.98,37.56],[-29.12,37.67],[-29.21,37.7],[-29.29,37.7],[-29.46,37.61],[-29.54,37.61],[-29.56,37.74],[-29.74,37.75],[-29.81,37.8],[-29.92,37.77],[-29.95,37.83]],[[-32.23,38.06],[-32.33,38.0],[-32.35,38.14],[-32.23,38.17],[-32.2,38.11],[-32.23,38.06]],[[-31.99,38.17],[-32.05,38.25],[-32.02,38.33],[-31.78,38.4],[-31.77,38.33],[-31.82,38.2],[-31.99,38.17]],[[-31.7,38.35],[-31.7,38.45],[-31.6,38.56],[-31.51,38.58],[-31.47,38.55],[-31.47,38.49],[-31.54,38.37],[-31.65,38.31],[-31.7,38.35]],[[-31.09,38.34],[-31.09,38.42],[-30.98,38.47],[-30.93,38.35],[-30.92,38.25],[-31.0,38.24],[-31.09,38.34]],[[-30.67,38.24],[-30.77,38.34],[-30.7,38.45],[-30.57,38.41],[-30.52,38.32],[-30.56,38.24],[-30.67,38.24]],[[-30.5,38.26],[-30.29,38.31],[-30.25,38.22],[-30.32,38.14],[-30.45,38.13],[-30.52,38.19],[-30.5,38.26]],[[-29.87,38.76],[-29.88,38.69],[-29.96,38.65],[-30.06,38.67],[-30.12,38.73],[-30.04,38.82],[-29.92,38.81],[-29.87,38.76]],[[-29.75,38.99],[-29.96,38.92],[-30.02,38.97],[-29.95,39.14],[-29.82,39.09],[-29.75,38.99]],[[-31.67,39.11],[-31.64,39.08],[-31.64,38.99],[-31.7,38.96],[-31.78,38.99],[-31.79,39.06],[-31.67,39.11]],[[-28.61,39.12],[-28.66,39.17],[-28.67,39.24],[-28.51,39.31],[-28.48,39.29],[-28.52,39.15],[-28.61,39.12]],[[-31.18,39.29],[-31.29,39.28],[-31.34,39.31],[-31.38,39.41],[-31.37,39.6],[-31.32,39.67],[-31.25,39.67],[-31.17,39.78],[-31.04,39.81],[-30.98,39.75],[-31.03,39.62],[-31.03,39.4],[-31.06,39.34],[-31.18,39.29]],[[-26.92,39.61],[-27.0,39.67],[-27.0,39.72],[-26.92,39.78],[-26.83,39.79],[-26.78,39.72],[-26.79,39.65],[-26.82,39.61],[-26.92,39.61]],[[-27.09,39.47],[-26.98,39.54],[-26.94,39.49],[-26.96,39.34],[-27.03,39.23],[-27.08,39.22],[-27.12,39.26],[-27.23,39.15],[-27.38,39.17],[-27.39,39.24],[-27.35,39.31],[-27.23,39.36],[-27.17,39.29],[-27.09,39.47]],[[-27.55,39.21],[-27.45,39.17],[-27.44,39.13],[-27.49,39.05],[-27.67,39.07],[-27.76,39.13],[-27.74,39.22],[-27.55,39.21]],[[-27.44,38.67],[-27.48,38.75],[-27.49,38.84],[-27.4,38.99],[-27.32,39.02],[-27.05,38.88],[-26.93,38.88],[-26.76,38.78],[-26.51,38.76],[-26.47,38.71],[-26.57,38.52],[-26.79,38.51],[-26.84,38.46],[-26.8,38.43],[-26.77,38.34],[-26.78,38.3],[-26.83,38.27],[-26.93,38.28],[-26.95,38.33],[-27.02,38.33],[-27.1,38.42],[-27.44,38.67]],[[-26.66,38.27],[-26.6,38.33],[-26.53,38.32],[-26.49,38.26],[-26.5,38.18],[-26.55,38.15],[-26.61,38.16],[-26.66,38.21],[-26.66,38.27]],[[-26.23,38.2],[-26.26,38.26],[-26.23,38.3],[-26.11,38.3],[-26.11,38.22],[-26.23,38.2]],[[-27.36,38.57],[-27.28,38.48],[-27.32,38.41],[-27.41,38.44],[-27.46,38.52],[-27.43,38.57],[-27.36,38.57]],[[-27.46,38.06],[-27.33,38.08],[-27.3,37.97],[-27.42,37.95],[-27.47,38.01],[-27.46,38.06]],[[-25.96,37.95],[-25.8,38.02],[-25.46,37.97],[-25.37,38.02],[-25.09,37.97],[-24.99,37.99],[-24.94,37.92],[-25.0,37.76],[-25.15,37.63],[-25.27,37.65],[-25.61,37.56],[-25.62,37.45],[-25.56,37.19],[-25.56,37.14],[-25.63,37.08],[-25.73,37.15],[-25.97,37.63],[-25.96,37.95]],[[-25.07,37.35],[-25.18,37.43],[-25.18,37.47],[-25.12,37.53],[-25.04,37.53],[-24.96,37.44],[-24.99,37.35],[-25.07,37.35]],[[-24.56,37.45],[-24.34,37.49],[-24.26,37.42],[-24.33,37.28],[-24.41,37.24],[-24.48,37.27],[-24.58,37.18],[-24.72,37.18],[-24.84,37.25],[-24.84,37.33],[-24.79,37.39],[-24.65,37.37],[-24.56,37.45]],[[-30.98,37.4],[-31.08,37.36],[-31.26,37.36],[-31.29,37.43],[-31.27,37.46],[-31.01,37.52],[-30.98,37.4]],[[-30.92,37.42],[-30.95,37.47],[-30.93,37.54],[-30.69,37.65],[-30.58,37.63],[-30.46,37.56],[-30.47,37.5],[-30.51,37.47],[-30.92,37.42]],[[-26.14,37.83],[-26.13,37.71],[-26.16,37.69],[-26.26,37.71],[-26.31,37.76],[-26.28,37.85],[-26.14,37.83]],[[-26.84,40.49],[-26.78,40.39],[-26.62,40.34],[-26.56,40.26],[-26.57,40.21],[-26.66,40.2],[-26.81,40.32],[-26.95,40.38],[-26.97,40.42],[-26.95,40.46],[-26.84,40.49]],[[-29.64,40.44],[-29.63,40.37],[-29.67,40.34],[-29.94,40.24],[-30.0,40.25],[-30.03,40.29],[-30.02,40.39],[-29.95,40.46],[-29.77,40.5],[-29.69,40.49],[-29.64,40.44]],[[-28.91,40.47],[-28.99,40.54],[-28.99,40.58],[-28.92,40.65],[-28.82,40.65],[-28.78,40.58],[-28.78,40.51],[-28.81,40.48],[-28.91,40.47]],[[-29.67,40.66],[-29.75,40.71],[-29.76,40.77],[-29.71,40.82],[-29.63,40.83],[-29.6,40.71],[-29.67,40.66]],[[-30.92,41.65],[-30.85,41.58],[-30.89,41.52],[-30.95,41.51],[-31.01,41.54],[-31.01,41.6],[-30.98,41.64],[-30.92,41.65]],[[-11.71,42.89],[-11.6,42.84],[-11.52,42.7],[-11.52,42.55],[-11.59,42.51],[-11.88,42.57],[-11.98,42.67],[-11.97,42.76],[-11.92,42.82],[-11.8,42.88],[-11.71,42.89]],[[-46.22,46.15],[-46.27,46.1],[-46.24,45.97],[-46.26,45.93],[-46.68,45.84],[-46.8,45.89],[-46.8,45.95],[-46.66,46.15],[-46.68,46.3],[-46.51,46.56],[-46.74,46.88],[-46.74,46.99],[-46.46,47.5],[-46.3,47.54],[-46.18,47.64],[-46.2,47.78],[-46.13,47.86],[-46.13,48.0],[-45.97,48.26],[-45.72,48.34],[-45.71,48.48],[-45.65,48.58],[-45.68,48.75],[-45.6,48.8],[-45.39,48.8],[-45.4,48.74],[-45.48,48.62],[-45.45,48.6],[-45.14,48.72],[-44.93,48.65],[-44.83,48.67],[-44.66,48.62],[-44.62,48.58],[-44.52,48.58],[-44.45,48.48],[-44.35,48.43],[-44.33,48.29],[-44.17,48.36],[-44.07,48.35],[-44.04,48.26],[-43.94,48.19],[-43.97,48.07],[-43.87,48.05],[-43.83,47.9],[-43.66,47.76],[-43.61,47.64],[-43.51,47.54],[-43.57,47.23],[-43.55,47.13],[-43.44,47.04],[-43.28,47.04],[-43.25,47.02],[-43.23,46.95],[-43.28,46.88],[-43.54,46.87],[-43.7,46.8],[-43.8,46.8],[-44.18,46.61],[-44.28,46.61],[-44.47,46.46],[-45.07,46.42],[-45.22,46.37],[-45.38,46.38],[-45.62,46.2],[-45.74,46.2],[-45.82,46.25],[-45.95,46.18],[-46.01,46.18],[-46.2,46.37],[-46.22,46.15]],[[-46.17,48.46],[-46.12,48.4],[-46.17,48.33],[-46.25,48.31],[-46.31,48.34],[-46.31,48.42],[-46.17,48.46]],[[-30.23,51.61],[-30.17,51.54],[-30.18,51.47],[-30.26,51.43],[-30.34,51.46],[-30.35,51.58],[-30.23,51.61]],[[-15.14,55.61],[-15.58,55.51],[-15.72,55.44],[-16.42,55.34],[-16.73,55.22],[-17.47,54.82],[-17.56,54.81],[-17.78,54.89],[-18.11,54.87],[-18.17,54.94],[-18.13,55.16],[-18.0,55.39],[-17.72,55.7],[-17.64,55.85],[-17.52,56.28],[-17.57,56.42],[-17.55,56.61],[-17.59,56.72],[-17.57,56.78],[-17.42,56.9],[-17.16,57.0],[-16.61,56.95],[-16.37,56.81],[-16.06,56.91],[-15.98,57.0],[-15.78,57.01],[-15.58,57.22],[-15.55,57.48],[-15.38,57.65],[-15.46,57.77],[-15.48,57.94],[-15.67,58.08],[-15.72,58.15],[-15.75,58.27],[-15.73,58.35],[-15.26,58.49],[-15.0,58.49],[-14.78,58.6],[-14.86,58.78],[-14.84,58.96],[-14.75,59.07],[-14.39,59.3],[-14.4,59.36],[-14.86,59.28],[-15.07,59.14],[-15.94,59.14],[-16.08,59.09],[-16.25,59.11],[-16.51,59.09],[-17.03,58.96],[-17.25,58.78],[-17.55,58.73],[-17.62,58.68],[-17.45,58.55],[-17.52,58.42],[-17.27,58.32],[-17.24,58.26],[-17.27,58.22],[-17.38,58.18],[-17.25,57.95],[-17.27,57.88],[-17.36,57.8],[-17.61,57.74],[-18.09,57.88],[-18.12,57.79],[-18.1,57.7],[-18.32,57.48],[-18.7,57.41],[-19.01,57.45],[-19.11,57.37],[-19.25,57.36],[-19.49,57.22],[-19.39,57.05],[-19.39,56.98],[-19.55,56.92],[-19.63,56.86],[-19.76,56.83],[-19.94,56.86],[-20.04,56.95],[-20.04,57.07],[-19.99,57.15],[-19.88,57.23],[-19.65,57.27],[-19.6,57.31],[-19.59,57.38],[-19.75,57.48],[-19.74,57.64],[-19.58,57.67],[-19.08,58.0],[-18.98,58.22],[-18.84,58.34],[-18.92,58.41],[-18.89,58.5],[-18.74,58.54],[-18.81,58.74],[-18.5,58.94],[-18.26,58.96],[-18.14,59.11],[-17.8,59.1],[-17.58,59.24],[-17.32,59.3],[-17.26,59.35],[-17.2,59.48],[-17.09,59.52],[-16.32,59.5],[-16.03,59.42],[-15.6,59.4],[-14.88,59.5],[-14.76,59.54],[-13.93,59.55],[-13.84,59.47],[-13.88,59.37],[-13.85,59.33],[-13.63,59.28],[-13.56,59.19],[-13.42,59.08],[-13.43,58.87],[-13.48,58.81],[-13.85,58.7],[-14.16,58.67],[-14.21,58.63],[-14.2,58.61],[-13.8,58.44],[-13.63,58.42],[-13.56,58.34],[-12.96,58.03],[-12.84,57.84],[-12.82,57.5],[-12.85,57.35],[-12.89,57.26],[-13.54,56.76],[-14.17,56.48],[-14.15,56.32],[-14.47,56.09],[-14.5,56.04],[-14.65,55.96],[-14.74,55.75],[-15.14,55.61]],[[-16.39,57.32],[-16.35,57.25],[-16.38,57.15],[-16.49,57.04],[-16.61,57.02],[-16.66,57.16],[-16.63,57.31],[-16.39,57.32]],[[-16.17,58.44],[-16.3,58.35],[-16.49,58.34],[-16.64,58.4],[-16.69,58.54],[-16.53,58.65],[-16.32,58.65],[-16.17,58.56],[-16.17,58.44]],[[-33.09,57.18],[-33.01,57.12],[-33.05,57.0],[-33.26,57.0],[-33.28,57.05],[-33.25,57.12],[-33.19,57.17],[-33.09,57.18]],[[-33.91,57.13],[-33.87,57.08],[-33.87,57.04],[-33.95,57.0],[-34.03,57.01],[-34.03,57.1],[-33.91,57.13]],[[-10.6,59.04],[-10.64,59.1],[-10.61,59.3],[-10.55,59.39],[-10.4,59.47],[-9.95,59.54],[-9.86,59.5],[-9.6,59.28],[-9.68,59.18],[-10.1,59.04],[-10.6,59.04]],[[-11.14,57.24],[-11.18,57.29],[-11.33,57.31],[-11.45,57.52],[-11.38,57.62],[-11.12,57.7],[-10.94,57.55],[-10.76,57.49],[-10.75,57.42],[-10.8,57.35],[-10.98,57.25],[-11.14,57.24]],[[-29.67,59.77],[-29.81,59.69],[-29.87,59.7],[-29.91,59.76],[-29.82,59.88],[-29.68,59.93],[-29.61,59.88],[-29.67,59.77]],[[-9.57,60.26],[-9.46,60.21],[-9.5,60.1],[-9.62,60.1],[-9.73,60.16],[-9.74,60.24],[-9.57,60.26]],[[-10.76,61.71],[-10.78,61.56],[-10.87,61.56],[-11.05,61.67],[-11.08,61.77],[-11.01,61.84],[-10.92,61.83],[-10.82,61.79],[-10.76,61.71]],[[-28.79,64.93],[-28.79,64.79],[-28.95,64.74],[-29.04,64.66],[-29.13,64.66],[-29.19,64.7],[-29.2,64.78],[-29.16,64.83],[-28.79,64.93]],[[-53.96,63.62],[-53.82,63.55],[-53.83,63.46],[-54.1,63.45],[-54.17,63.48],[-54.14,63.6],[-53.96,63.62]]],[[[-49.86,42.8],[-50.09,42.72],[-50.47,42.74],[-50.83,42.84],[-51.12,43.02],[-51.2,43.03],[-51.34,42.95],[-51.43,42.96],[-51.5,43.01],[-51.6,43.22],[-51.74,43.27],[-51.86,43.37],[-51.98,43.37],[-52.1,43.44],[-52.18,43.56],[-52.57,43.69],[-52.71,43.93],[-53.03,44.06],[-53.06,44.11],[-53.04,44.22],[-53.06,44.25],[-53.16,44.23],[-53.28,44.3],[-53.45,44.3],[-53.57,44.38],[-53.74,44.4],[-53.88,44.52],[-54.05,44.57],[-54.19,44.69],[-54.54,44.74],[-54.6,44.81],[-54.58,44.95],[-54.84,44.98],[-54.98,44.9],[-55.03,44.92],[-55.07,45.0],[-55.46,44.86],[-55.58,44.71],[-55.69,44.71],[-55.86,44.8],[-55.97,44.8],[-56.38,44.57],[-57.69,44.25],[-57.82,44.16],[-57.98,44.16],[-58.16,44.07],[-58.32,44.07],[-58.45,43.95],[-58.67,43.89],[-58.78,43.82],[-58.92,43.82],[-58.94,43.73],[-59.06,43.62],[-59.51,43.58],[-60.1,43.34],[-60.44,43.34],[-60.62,43.24],[-60.97,43.13],[-61.19,43.17],[-61.34,43.1],[-61.48,42.93],[-61.64,42.86],[-62.11,42.79],[-62.45,42.82],[-63.55,42.65],[-63.79,42.67],[-64.22,42.6],[-65.02,42.26],[-65.18,42.11],[-65.49,41.95],[-65.53,41.8],[-65.63,41.63],[-65.78,41.53],[-65.85,41.4],[-66.05,41.28],[-66.18,41.11],[-66.71,40.64],[-67.29,40.38],[-67.9,40.22],[-68.08,40.22],[-69.22,39.88],[-69.93,39.82],[-70.39,39.86],[-71.1,39.8],[-71.59,39.63],[-71.84,39.49],[-72.07,39.23],[-73.47,38.31],[-73.82,37.94],[-73.9,37.78],[-74.05,37.72],[-74.37,37.32],[-74.47,37.13],[-74.67,35.98],[-74.74,35.86],[-74.71,35.57],[-74.77,35.38],[-75.87,34.12],[-77.27,31.65],[-77.4,31.22],[-77.43,30.91],[-77.42,30.67],[-77.22,30.4],[-77.11,30.14],[-76.92,30.07],[-76.84,29.92],[-76.84,29.79],[-77.01,29.41],[-77.01,29.33],[-76.97,29.26],[-76.98,29.17],[-77.03,29.14],[-77.14,29.14],[-77.22,29.3],[-77.28,29.33],[-77.5,29.07],[-77.72,29.04],[-77.95,28.8],[-77.98,28.68],[-78.05,28.61],[-78.14,28.39],[-78.26,28.37],[-78.34,28.25],[-78.32,27.8],[-78.28,27.67],[-78.22,27.57],[-77.88,27.36],[-77.62,27.26],[-77.23,26.95],[-77.14,26.93],[-77.06,26.81],[-76.97,26.78],[-76.92,26.71],[-76.87,26.71],[-76.81,26.61],[-76.87,26.3],[-77.06,26.14],[-77.08,26.04],[-77.02,25.85],[-77.08,25.79],[-77.14,25.79],[-77.52,25.97],[-77.76,26.26],[-78.1,26.49],[-78.22,26.52],[-78.34,26.44],[-78.31,26.35],[-78.36,26.21],[-78.32,26.19],[-78.14,26.23],[-78.05,26.09],[-78.0,26.09],[-77.9,25.97],[-77.71,25.94],[-77.58,25.8],[-77.47,25.6],[-77.5,25.51],[-77.76,25.34],[-78.0,25.34],[-77.83,25.15],[-77.74,24.9],[-77.57,24.72],[-77.57,24.53],[-77.33,24.06],[-77.26,23.73],[-77.06,23.53],[-76.68,23.56],[-76.63,23.61],[-76.74,23.87],[-77.04,23.83],[-77.16,23.88],[-77.23,23.94],[-77.28,24.05],[-77.3,24.42],[-77.6,24.91],[-77.64,25.1],[-77.52,25.19],[-77.4,25.22],[-77.28,25.2],[-77.08,25.29],[-77.0,25.38],[-76.93,25.59],[-76.82,25.7],[-76.51,25.68],[-76.45,25.51],[-76.28,25.45],[-76.02,25.2],[-76.0,25.15],[-76.05,24.78],[-76.02,24.71],[-75.92,24.71],[-75.74,24.8],[-75.61,24.77],[-75.46,24.55],[-75.22,24.3],[-75.16,24.18],[-75.19,24.1],[-75.53,24.0],[-75.58,24.04],[-75.75,24.33],[-76.08,24.55],[-76.25,24.6],[-76.31,24.68],[-76.46,24.79],[-76.62,24.86],[-76.7,24.84],[-76.71,24.76],[-76.25,24.09],[-76.1,23.95],[-75.94,23.9],[-75.63,23.62],[-75.53,23.66],[-75.43,23.79],[-75.23,23.79],[-75.08,23.59],[-74.95,23.3],[-74.75,23.21],[-74.7,23.15],[-74.69,22.92],[-74.75,22.84],[-74.82,22.81],[-74.91,22.81],[-75.02,22.94],[-75.21,23.06],[-75.29,23.08],[-75.48,23.04],[-75.74,22.81],[-75.77,22.7],[-75.7,22.51],[-75.58,22.3],[-75.34,22.32],[-75.16,22.4],[-75.11,22.36],[-75.07,22.24],[-75.09,22.1],[-75.14,21.96],[-75.41,21.91],[-75.69,21.69],[-75.74,21.68],[-75.81,21.72],[-75.82,21.96],[-75.93,22.03],[-76.02,22.01],[-76.25,21.79],[-76.31,21.76],[-76.38,21.8],[-76.42,21.97],[-76.66,22.13],[-76.7,22.13],[-76.68,22.06],[-76.73,21.95],[-76.86,21.88],[-77.0,21.94],[-77.17,22.06],[-77.21,22.13],[-77.34,22.14],[-77.47,22.2],[-77.5,22.18],[-77.42,22.08],[-77.31,22.03],[-77.3,21.98],[-77.34,21.92],[-77.33,21.89],[-77.02,21.67],[-76.85,21.62],[-76.73,21.5],[-76.44,21.38],[-76.2,21.36],[-76.03,21.24],[-75.57,21.21],[-75.48,21.14],[-75.43,20.95],[-75.24,20.95],[-75.1,20.83],[-74.65,20.71],[-74.52,20.58],[-74.35,20.54],[-74.26,20.46],[-73.89,20.28],[-73.85,20.2],[-73.94,20.14],[-74.11,20.11],[-74.19,19.91],[-74.23,19.87],[-74.34,19.86],[-74.44,19.98],[-74.64,20.0],[-74.76,19.98],[-74.93,19.88],[-75.05,19.84],[-75.6,19.83],[-75.88,19.91],[-76.15,19.93],[-76.78,19.9],[-76.92,19.85],[-77.28,19.8],[-78.17,19.8],[-78.26,19.73],[-78.4,19.73],[-78.43,19.75],[-78.43,19.83],[-78.18,19.97],[-78.2,20.27],[-78.38,20.38],[-78.55,20.54],[-78.72,20.57],[-78.86,20.68],[-79.15,20.81],[-79.34,21.0],[-79.54,21.02],[-79.66,21.24],[-79.66,21.14],[-79.7,21.11],[-79.81,21.17],[-79.91,21.31],[-79.96,21.44],[-79.94,21.48],[-79.85,21.47],[-79.66,21.26],[-79.72,21.44],[-79.9,21.58],[-79.99,21.6],[-80.14,21.79],[-80.26,21.83],[-80.47,21.98],[-80.9,21.96],[-80.98,21.89],[-80.88,21.86],[-80.86,21.74],[-80.8,21.69],[-80.61,21.72],[-80.51,21.69],[-80.44,21.58],[-80.47,21.52],[-80.74,21.55],[-80.91,21.48],[-81.21,21.57],[-81.75,21.52],[-81.89,21.54],[-82.08,21.44],[-82.17,21.42],[-82.4,21.5],[-82.81,21.4],[-83.11,21.42],[-83.21,21.5],[-83.33,21.82],[-83.62,21.87],[-83.76,21.93],[-83.98,21.86],[-84.19,21.86],[-84.49,21.69],[-84.58,21.74],[-84.59,21.84],[-84.62,21.86],[-84.82,21.77],[-85.01,21.79],[-85.04,21.88],[-85.13,21.96],[-85.11,22.07],[-84.96,22.15],[-84.82,22.34],[-84.61,22.52],[-84.12,22.82],[-83.95,22.87],[-83.83,22.97],[-83.32,23.1],[-82.7,23.11],[-82.39,23.26],[-82.1,23.28],[-81.99,23.32],[-81.67,23.28],[-81.5,23.38],[-81.38,23.33],[-81.34,23.38],[-81.18,23.42],[-80.74,23.41],[-80.57,23.46],[-80.54,23.5],[-80.59,23.76],[-80.54,24.22],[-80.62,24.1],[-80.71,24.04],[-81.12,24.02],[-81.26,24.07],[-81.44,24.0],[-81.97,23.95],[-82.08,23.98],[-82.25,23.93],[-82.71,23.9],[-82.98,23.96],[-83.07,24.06],[-83.18,23.98],[-83.45,23.93],[-83.57,24.19],[-83.74,24.29],[-83.81,24.58],[-83.95,24.62],[-84.3,24.86],[-84.74,25.75],[-84.78,26.16],[-84.9,26.53],[-84.91,26.78],[-85.61,27.77],[-86.16,28.06],[-86.52,28.1],[-87.07,28.42],[-87.13,28.49],[-87.24,28.75],[-87.22,29.06],[-87.34,29.18],[-87.46,29.23],[-88.22,28.99],[-88.37,28.82],[-88.49,28.82],[-88.57,28.74],[-88.64,28.73],[-88.7,28.75],[-88.85,28.68],[-88.82,28.51],[-89.17,28.16],[-89.24,28.15],[-89.45,28.22],[-89.48,28.18],[-89.46,28.07],[-89.48,27.97],[-89.61,27.88],[-89.76,27.84],[-89.78,27.79],[-89.76,27.71],[-89.81,27.67],[-89.86,27.67],[-89.9,27.79],[-89.97,27.73],[-90.1,27.68],[-90.58,27.66],[-90.67,27.58],[-90.68,27.51],[-90.73,27.5],[-90.78,27.51],[-90.86,27.64],[-91.02,27.5],[-91.09,27.52],[-91.13,27.61],[-91.2,27.51],[-91.47,27.43],[-91.59,27.48],[-91.74,27.46],[-92.04,27.34],[-92.26,27.38],[-92.39,27.32],[-92.43,27.35],[-92.42,27.45],[-92.45,27.46],[-92.49,27.29],[-92.52,27.26],[-92.76,27.29],[-92.9,27.17],[-93.08,27.19],[-93.27,27.14],[-93.48,27.02],[-93.53,27.03],[-93.55,27.1],[-93.64,27.14],[-93.84,27.07],[-93.94,27.07],[-93.91,27.24],[-94.01,27.26],[-94.06,27.34],[-94.34,27.46],[-94.58,27.34],[-94.75,27.41],[-94.96,27.41],[-95.14,27.48],[-95.32,27.45],[-95.57,27.34],[-95.64,27.21],[-95.61,27.12],[-95.64,27.0],[-95.63,26.88],[-95.93,26.81],[-95.9,26.66],[-96.0,26.52],[-95.95,26.3],[-95.98,26.02],[-95.93,25.99],[-95.78,26.09],[-95.68,26.05],[-95.61,25.92],[-95.67,25.69],[-95.74,25.65],[-95.95,25.71],[-95.99,25.69],[-96.07,25.46],[-96.0,25.31],[-96.01,25.22],[-96.24,25.03],[-96.31,24.79],[-96.48,24.58],[-96.46,24.46],[-96.64,24.34],[-96.74,24.23],[-96.7,24.12],[-96.71,24.02],[-96.94,23.95],[-96.98,23.91],[-96.96,23.76],[-96.86,23.57],[-97.17,23.04],[-97.06,22.73],[-97.17,22.5],[-97.15,22.32],[-97.1,22.3],[-97.03,22.13],[-97.01,21.96],[-96.96,21.91],[-96.96,21.79],[-96.8,21.59],[-96.77,21.36],[-96.66,21.3],[-96.58,21.21],[-96.55,20.93],[-96.27,20.38],[-96.25,20.24],[-95.62,19.27],[-95.09,19.01],[-94.82,18.98],[-94.61,19.13],[-94.49,19.1],[-94.41,19.17],[-94.01,19.3],[-93.99,19.34],[-94.05,19.4],[-94.03,19.46],[-93.86,19.51],[-93.76,19.58],[-93.77,19.75],[-93.35,19.83],[-93.34,19.99],[-93.38,20.02],[-93.38,20.08],[-93.05,20.04],[-92.84,19.87],[-92.81,19.87],[-92.77,19.94],[-92.86,19.92],[-92.91,19.98],[-92.83,20.11],[-92.76,20.09],[-92.72,20.0],[-92.42,20.01],[-92.35,20.06],[-92.3,20.18],[-92.47,20.57],[-92.55,21.22],[-92.52,21.62],[-92.57,21.87],[-92.51,22.0],[-92.3,22.17],[-91.84,22.35],[-91.68,22.53],[-91.63,22.54],[-91.55,22.48],[-91.41,22.53],[-91.25,22.63],[-91.15,22.81],[-90.94,22.85],[-90.91,22.9],[-90.76,22.98],[-90.53,23.04],[-90.46,23.01],[-90.4,22.9],[-90.3,22.92],[-90.18,23.03],[-90.12,23.14],[-90.2,23.38],[-90.15,23.52],[-90.07,23.55],[-89.93,23.47],[-89.86,23.59],[-89.69,23.69],[-89.57,23.71],[-89.38,23.69],[-89.23,23.81],[-89.02,23.9],[-88.77,24.19],[-88.68,24.24],[-88.39,24.22],[-88.17,24.44],[-87.81,24.49],[-87.22,24.31],[-87.17,24.24],[-87.07,24.19],[-86.98,24.09],[-86.62,23.47],[-86.5,23.3],[-86.42,23.14],[-86.3,22.99],[-86.28,22.66],[-86.3,22.54],[-86.12,22.23],[-86.1,22.11],[-86.21,21.61],[-86.16,21.36],[-86.21,21.26],[-86.21,21.12],[-86.31,20.98],[-86.33,20.83],[-86.5,20.66],[-86.54,20.5],[-86.98,20.11],[-86.98,19.94],[-87.17,19.79],[-87.29,19.44],[-87.26,19.27],[-87.31,19.13],[-87.26,19.08],[-87.24,18.98],[-87.03,18.85],[-87.0,18.78],[-87.12,18.53],[-87.27,18.33],[-87.5,18.26],[-87.63,18.36],[-87.65,18.14],[-87.73,18.03],[-87.72,18.0],[-87.56,18.03],[-87.53,17.98],[-87.62,17.76],[-87.62,17.57],[-87.69,17.34],[-87.67,17.33],[-87.63,17.46],[-87.54,17.56],[-87.41,17.56],[-87.37,17.54],[-87.36,17.45],[-87.46,17.26],[-87.46,17.16],[-87.53,17.07],[-87.64,16.7],[-87.71,16.6],[-87.94,16.46],[-87.94,16.42],[-87.98,16.39],[-88.13,16.12],[-88.13,16.06],[-87.74,16.08],[-87.53,16.18],[-87.24,16.25],[-87.07,16.2],[-86.98,16.25],[-86.78,16.28],[-86.52,16.49],[-86.31,16.52],[-86.18,16.58],[-86.02,16.58],[-85.75,16.7],[-85.51,16.66],[-85.34,16.68],[-85.16,16.65],[-85.11,16.6],[-85.15,16.49],[-85.01,16.47],[-85.03,16.38],[-85.13,16.34],[-85.19,16.37],[-85.2,16.49],[-85.39,16.49],[-85.51,16.34],[-85.44,16.28],[-85.3,16.25],[-84.98,16.27],[-84.82,16.34],[-84.69,16.32],[-84.58,16.39],[-84.43,16.37],[-84.07,16.53],[-84.01,16.48],[-84.09,16.29],[-84.03,16.26],[-83.83,16.34],[-83.64,16.46],[-83.71,16.51],[-83.72,16.58],[-83.66,16.65],[-83.54,16.66],[-83.33,16.6],[-83.26,16.68],[-83.16,16.68],[-82.97,16.8],[-82.82,16.78],[-82.77,16.85],[-82.39,16.87],[-82.32,16.99],[-82.25,17.04],[-81.96,17.06],[-81.91,17.11],[-81.82,17.11],[-81.67,17.18],[-81.48,17.21],[-81.31,17.18],[-81.05,17.26],[-80.9,17.23],[-80.86,17.28],[-80.57,17.33],[-80.33,17.3],[-80.23,17.23],[-80.04,17.34],[-79.97,17.33],[-79.94,17.25],[-79.97,17.14],[-79.83,17.03],[-79.85,16.87],[-79.8,16.82],[-79.8,16.73],[-79.74,16.62],[-79.85,16.32],[-79.61,16.11],[-79.57,15.91],[-79.58,15.82],[-79.87,15.66],[-79.97,15.65],[-80.12,15.76],[-80.26,15.94],[-80.4,15.87],[-80.58,15.9],[-80.64,15.78],[-80.83,15.65],[-80.78,15.43],[-80.86,15.12],[-80.79,15.03],[-80.78,14.98],[-80.9,14.74],[-80.95,14.35],[-81.02,14.22],[-81.02,14.02],[-81.14,13.68],[-81.15,13.52],[-81.21,13.39],[-81.21,13.32],[-81.12,13.19],[-81.15,13.09],[-81.2,13.05],[-81.4,13.05],[-81.5,13.14],[-81.53,13.2],[-81.53,13.32],[-81.41,13.61],[-81.5,13.8],[-81.56,14.02],[-81.6,14.04],[-81.6,13.77],[-81.55,13.63],[-81.63,13.41],[-81.62,13.22],[-81.77,13.12],[-81.79,13.06],[-81.77,12.77],[-81.86,12.58],[-81.87,12.4],[-81.84,12.36],[-81.8,12.38],[-81.8,12.56],[-81.76,12.7],[-81.66,12.75],[-81.58,12.71],[-81.57,12.6],[-81.53,12.55],[-81.5,12.6],[-81.43,12.63],[-81.29,12.48],[-81.08,12.46],[-81.05,12.41],[-81.07,12.3],[-81.17,12.24],[-81.43,12.22],[-81.48,12.26],[-81.58,12.46],[-81.7,12.03],[-81.85,11.96],[-82.0,11.99],[-82.06,12.17],[-82.3,12.17],[-82.51,12.24],[-82.61,12.05],[-82.92,11.78],[-82.9,11.7],[-82.92,11.48],[-83.31,11.27],[-83.39,11.13],[-83.33,10.94],[-83.24,10.85],[-83.2,10.59],[-82.9,10.38],[-82.82,10.15],[-82.7,10.03],[-82.63,9.84],[-82.13,9.61],[-82.03,9.49],[-81.89,9.46],[-81.82,9.38],[-81.65,9.41],[-81.5,9.34],[-81.34,9.43],[-81.18,9.4],[-81.1,9.31],[-81.08,9.11],[-81.04,9.08],[-80.93,9.17],[-80.93,9.38],[-80.9,9.43],[-80.83,9.45],[-80.73,9.39],[-80.66,9.43],[-80.65,9.72],[-80.59,9.79],[-80.55,9.8],[-80.45,9.72],[-80.14,9.65],[-79.8,9.74],[-79.72,9.81],[-79.39,9.87],[-79.28,9.86],[-78.96,9.74],[-78.73,9.77],[-78.51,9.72],[-78.31,9.65],[-78.26,9.58],[-78.1,9.58],[-77.98,9.48],[-77.81,9.43],[-77.78,9.36],[-77.71,9.34],[-77.55,9.08],[-77.47,9.1],[-77.35,9.05],[-77.11,9.02],[-76.85,9.08],[-76.68,9.22],[-76.54,9.63],[-76.56,9.77],[-76.42,9.96],[-76.4,10.14],[-76.03,10.27],[-75.94,10.46],[-75.69,10.67],[-75.67,10.72],[-75.69,10.92],[-75.64,11.01],[-75.5,11.16],[-75.14,11.33],[-75.0,11.3],[-74.71,11.51],[-74.64,11.52],[-74.47,11.47],[-74.4,11.54],[-74.34,11.68],[-74.27,11.71],[-74.18,11.69],[-74.14,11.59],[-74.02,11.66],[-73.92,11.66],[-73.7,11.59],[-73.52,11.68],[-73.32,11.69],[-73.28,11.74],[-73.28,11.89],[-73.24,11.94],[-73.11,11.97],[-73.06,12.01],[-73.04,12.31],[-72.98,12.45],[-72.46,12.65],[-72.34,12.65],[-72.04,12.81],[-71.9,12.82],[-71.76,12.91],[-71.59,12.96],[-71.48,12.93],[-71.35,12.82],[-71.15,12.8],[-71.09,12.86],[-70.97,12.91],[-70.92,13.07],[-70.81,13.12],[-70.65,13.1],[-70.49,13.03],[-70.1,13.02],[-69.62,12.53],[-69.43,12.38],[-69.38,12.26],[-69.34,12.24],[-69.24,12.1],[-69.2,11.91],[-68.85,11.76],[-68.66,11.81],[-68.53,11.66],[-68.06,11.45],[-67.66,10.98],[-67.63,10.92],[-67.66,10.8],[-67.42,10.72],[-67.39,10.73],[-67.49,10.79],[-67.51,10.9],[-67.49,10.94],[-67.04,11.2],[-66.84,11.23],[-66.7,11.34],[-66.63,11.35],[-66.49,11.3],[-66.0,11.45],[-65.23,11.45],[-65.0,11.32],[-64.84,11.31],[-64.7,11.5],[-64.52,11.57],[-64.49,11.62],[-64.51,11.69],[-64.61,11.71],[-64.69,11.8],[-64.7,11.92],[-64.66,11.99],[-64.4,12.03],[-64.23,12.1],[-63.94,12.11],[-63.87,12.18],[-63.77,12.38],[-63.68,12.42],[-63.63,12.54],[-63.58,12.57],[-63.47,12.54],[-63.45,12.48],[-63.45,12.33],[-63.54,12.11],[-63.74,11.8],[-63.24,11.9],[-63.05,11.88],[-62.93,11.9],[-62.76,11.83],[-62.3,11.81],[-62.23,11.89],[-62.11,11.9],[-62.02,12.05],[-61.82,12.17],[-61.74,12.3],[-61.63,12.38],[-61.55,12.58],[-61.51,12.79],[-61.37,12.92],[-61.32,13.13],[-61.34,13.32],[-61.27,13.42],[-61.13,13.44],[-61.15,13.61],[-61.09,13.65],[-61.08,13.7],[-61.15,13.77],[-61.11,14.07],[-60.96,14.31],[-60.99,14.37],[-61.15,14.46],[-61.29,14.89],[-61.2,15.03],[-61.04,15.12],[-61.11,15.25],[-61.07,15.34],[-60.96,15.39],[-60.82,15.34],[-60.79,15.17],[-60.65,15.0],[-60.61,14.75],[-60.62,14.54],[-60.77,14.3],[-60.66,14.14],[-60.65,13.78],[-60.75,13.58],[-60.79,13.39],[-60.89,13.32],[-60.89,13.22],[-60.94,13.11],[-60.94,12.98],[-60.98,12.9],[-61.08,12.43],[-61.34,12.02],[-61.37,11.9],[-61.46,11.88],[-61.28,11.71],[-61.13,11.64],[-60.99,11.71],[-60.77,11.64],[-60.61,11.67],[-60.5,11.65],[-60.41,11.57],[-60.41,11.42],[-60.23,11.4],[-60.21,11.32],[-60.29,11.23],[-60.11,10.79],[-59.94,10.77],[-59.8,10.63],[-59.7,10.58],[-59.71,10.39],[-59.64,10.26],[-59.52,10.15],[-59.32,10.07],[-59.31,9.98],[-59.38,9.91],[-59.4,9.85],[-59.16,9.55],[-59.11,9.38],[-58.8,9.0],[-58.61,8.88],[-58.44,8.71],[-58.1,8.54],[-58.01,8.45],[-57.79,8.38],[-57.62,8.26],[-57.48,8.26],[-57.36,8.17],[-57.24,8.14],[-57.1,7.97],[-56.3,7.55],[-55.82,7.46],[-55.37,7.54],[-55.2,7.51],[-55.13,7.56],[-54.98,7.56],[-54.9,7.65],[-54.77,7.99],[-54.53,8.07],[-54.24,8.06],[-54.07,7.99],[-53.61,7.92],[-53.52,7.85],[-53.3,7.82],[-53.11,7.7],[-52.97,7.7],[-52.87,7.66],[-52.8,7.54],[-52.49,7.22],[-52.25,6.66],[-52.0,6.42],[-51.98,6.36],[-51.91,6.31],[-51.83,6.18],[-51.62,6.12],[-51.19,5.83],[-50.95,5.62],[-50.81,5.62],[-50.71,5.53],[-50.49,5.46],[-50.45,5.33],[-50.13,5.0],[-49.91,4.68],[-49.87,4.56],[-49.77,4.46],[-49.68,4.39],[-49.54,4.42],[-49.45,4.35],[-49.15,4.34],[-48.98,4.27],[-48.86,4.27],[-48.34,4.08],[-48.32,3.89],[-48.17,3.84],[-48.06,3.74],[-48.05,3.64],[-48.1,3.55],[-47.9,3.48],[-47.67,3.25],[-47.5,2.98],[-47.5,2.86],[-47.4,2.66],[-47.42,2.51],[-47.3,2.21],[-46.92,1.98],[-46.84,1.88],[-46.82,1.74],[-46.39,1.41],[-46.27,1.24],[-45.89,0.94],[-44.14,0.11],[-44.11,0.07],[-44.1,-0.09],[-43.8,-0.36],[-43.63,-0.65],[-43.58,-0.67],[-43.27,-1.13],[-43.22,-1.25],[-43.06,-1.37],[-43.03,-1.51],[-42.7,-1.78],[-42.67,-1.82],[-42.5,-1.9],[-42.24,-1.94],[-42.05,-2.01],[-41.71,-2.02],[-41.54,-2.09],[-41.11,-1.99],[-40.94,-1.84],[-40.87,-1.82],[-40.81,-1.85],[-40.68,-2.02],[-40.29,-2.0],[-39.71,-2.1],[-39.15,-2.44],[-38.95,-2.71],[-38.64,-2.93],[-38.59,-2.93],[-38.57,-2.98],[-38.3,-3.12],[-38.11,-3.14],[-37.99,-3.36],[-37.77,-3.49],[-36.82,-4.46],[-36.62,-4.51],[-36.58,-4.56],[-36.48,-4.56],[-36.29,-4.68],[-36.12,-4.68],[-36.0,-4.74],[-35.89,-4.72],[-35.58,-4.58],[-35.11,-4.61],[-35.02,-4.68],[-34.87,-4.7],[-34.81,-4.76],[-34.74,-4.91],[-34.73,-5.1],[-34.83,-5.41],[-34.86,-5.68],[-34.85,-5.81],[-34.74,-5.94],[-34.71,-6.13],[-34.56,-6.67],[-34.43,-6.77],[-34.44,-6.91],[-34.37,-7.1],[-34.37,-7.3],[-34.32,-7.39],[-34.32,-7.54],[-34.22,-7.78],[-34.25,-7.9],[-34.15,-8.03],[-34.15,-8.09],[-34.18,-8.12],[-34.3,-8.14],[-34.49,-8.39],[-34.86,-9.38],[-35.12,-9.68],[-35.22,-9.73],[-35.43,-9.97],[-35.59,-10.03],[-35.75,-10.18],[-35.99,-10.59],[-36.14,-10.75],[-36.24,-10.78],[-36.58,-11.06],[-36.67,-11.06],[-36.95,-11.37],[-37.01,-11.52],[-37.15,-11.64],[-37.18,-11.76],[-37.52,-12.36],[-37.66,-12.5],[-37.8,-12.6],[-37.87,-12.82],[-38.21,-13.06],[-38.57,-13.39],[-38.64,-13.8],[-38.71,-14.02],[-38.71,-14.16],[-38.78,-14.33],[-38.76,-14.47],[-38.78,-14.74],[-38.74,-14.89],[-38.53,-15.38],[-38.54,-15.6],[-38.5,-15.71],[-38.37,-15.8],[-37.96,-15.83],[-37.86,-15.96],[-37.83,-16.13],[11.14,-17.42],[11.15,-17.29],[11.23,-16.99],[11.21,-16.71],[11.49,-16.12],[11.61,-15.67],[11.62,-15.43],[11.81,-15.22],[11.86,-15.05],[11.9,-15.02],[12.14,-14.62],[12.14,-14.42],[12.1,-14.28],[12.12,-14.14],[12.07,-13.94],[12.43,-13.51],[12.43,-13.34],[12.48,-13.3],[12.5,-13.2],[12.63,-13.07],[12.77,-12.76],[12.89,-12.59],[12.91,-12.48],[13.05,-12.39],[13.17,-12.21],[13.25,-11.8],[13.19,-11.6],[13.15,-11.54],[13.15,-11.4],[13.06,-11.21],[13.09,-11.12],[13.14,-11.08],[13.33,-11.09],[13.2,-10.97],[13.01,-10.68],[12.98,-10.56],[12.91,-10.49],[12.74,-10.15],[12.77,-10.01],[12.63,-9.88],[12.53,-9.6],[12.53,-9.48],[12.43,-9.3],[12.44,-9.2],[12.65,-8.81],[12.67,-8.38],[12.58,-8.26],[12.56,-8.1],[12.34,-7.8],[12.17,-7.78],[12.12,-7.73],[12.02,-7.7],[11.93,-7.58],[11.8,-7.52],[11.59,-7.32],[11.52,-7.01],[11.38,-6.94],[11.21,-6.67],[11.21,-6.5],[11.14,-6.39],[11.14,-6.06],[11.21,-5.9],[11.33,-5.86],[11.19,-5.79],[11.15,-5.69],[11.17,-5.64],[11.26,-5.57],[11.23,-5.42],[11.33,-5.23],[11.14,-4.99],[11.14,-4.85],[10.44,-4.23],[10.24,-4.1],[9.84,-3.62],[9.67,-3.55],[9.55,-3.38],[9.42,-3.3],[9.34,-3.19],[9.19,-3.17],[9.14,-3.03],[9.05,-2.95],[9.02,-2.86],[8.78,-2.72],[8.71,-2.23],[8.64,-2.06],[8.57,-1.75],[8.3,-1.28],[8.28,-1.09],[8.34,-0.86],[8.42,-0.72],[8.33,-0.56],[8.33,-0.48],[8.53,-0.28],[8.57,-0.14],[8.53,-0.09],[8.52,0.0],[8.64,0.19],[8.63,0.34],[8.74,0.48],[8.72,0.64],[8.76,0.77],[8.88,0.89],[8.9,1.03],[9.0,1.13],[9.04,1.38],[9.27,1.79],[9.34,2.25],[9.41,2.35],[9.43,2.52],[9.38,2.76],[9.41,2.9],[9.27,3.2],[9.17,3.33],[9.07,3.41],[9.0,3.41],[8.82,3.13],[8.67,3.08],[8.52,3.1],[8.4,3.17],[8.3,3.31],[8.27,3.53],[8.16,3.59],[7.89,3.55],[7.71,3.48],[7.44,3.29],[7.11,3.25],[6.9,3.33],[6.5,3.36],[6.17,3.46],[6.07,3.41],[5.81,3.44],[5.54,3.62],[5.38,3.65],[5.21,3.74],[5.05,3.94],[4.96,4.19],[4.82,4.25],[4.75,4.39],[4.68,4.42],[4.56,4.57],[4.44,4.56],[4.37,4.59],[4.46,4.82],[4.5,5.06],[4.39,5.35],[4.28,5.52],[4.3,5.76],[4.13,5.94],[4.06,5.98],[3.46,6.02],[3.36,6.0],[3.22,6.07],[3.08,6.08],[2.95,6.07],[2.78,6.0],[2.57,6.02],[1.73,5.98],[1.49,5.9],[1.18,5.74],[0.99,5.54],[0.91,5.5],[0.41,5.54],[0.36,5.51],[0.29,5.38],[0.19,5.33],[0.05,5.18],[-0.08,5.19],[-0.15,5.15],[-0.39,4.88],[-0.97,4.4],[-1.56,4.19],[-2.0,4.2],[-2.11,4.25],[-2.28,4.25],[-2.47,4.33],[-2.62,4.46],[-2.86,4.49],[-3.36,4.76],[-3.43,4.77],[-3.55,4.73],[-3.79,4.9],[-3.91,4.85],[-3.94,4.94],[-4.03,4.99],[-4.34,4.94],[-4.66,4.94],[-4.75,4.9],[-5.3,4.82],[-5.38,4.78],[-5.48,4.78],[-5.81,4.64],[-6.07,4.6],[-6.17,4.54],[-6.48,4.46],[-6.62,4.46],[-6.89,4.34],[-7.08,4.2],[-7.73,4.08],[-7.92,4.1],[-8.06,4.08],[-8.22,4.24],[-8.54,4.35],[-8.65,4.36],[-8.95,4.3],[-9.4,4.42],[-9.55,4.66],[-9.8,4.88],[-9.97,5.11],[-10.07,5.29],[-10.33,5.45],[-10.45,5.63],[-10.55,5.71],[-10.75,5.81],[-10.92,6.03],[-11.12,6.15],[-11.27,6.3],[-11.39,6.36],[-11.54,6.52],[-11.76,6.65],[-11.96,6.65],[-12.12,6.77],[-12.22,6.93],[-12.63,7.12],[-12.96,7.1],[-13.15,7.2],[-13.32,7.2],[-13.46,7.27],[-13.66,7.27],[-13.97,7.49],[-14.27,7.79],[-14.35,7.97],[-14.38,8.18],[-14.47,8.28],[-14.45,8.4],[-14.71,8.66],[-14.95,8.8],[-15.12,8.84],[-15.25,8.97],[-15.33,9.01],[-15.5,9.0],[-15.7,9.07],[-15.94,9.1],[-16.1,9.22],[-16.19,9.24],[-16.37,9.19],[-16.46,9.21],[-16.56,9.29],[-16.61,9.24],[-16.69,9.23],[-16.97,9.24],[-17.18,9.34],[-17.35,9.48],[-17.5,9.5],[-17.69,9.72],[-17.74,10.04],[-17.69,10.27],[-17.69,10.46],[-17.57,10.66],[-17.57,10.8],[-17.47,10.97],[-17.49,11.13],[-17.42,11.21],[-17.55,11.33],[-17.45,11.57],[-17.57,11.78],[-17.47,11.95],[-17.5,12.1],[-17.57,12.36],[-17.76,12.65],[-17.74,13.08],[-17.66,13.27],[-17.66,13.46],[-17.59,13.68],[-17.64,13.9],[-17.62,14.02],[-17.66,14.11],[-17.7,14.55],[-17.81,14.88],[-17.64,15.12],[-17.47,15.17],[-17.47,15.34],[-17.38,15.48],[-17.32,15.69],[-17.18,15.82],[-17.09,15.96],[-17.09,16.15],[-17.02,16.25],[-16.98,16.37],[-16.97,16.78],[-16.87,16.97],[-16.91,17.32],[-16.8,17.57],[-16.85,17.83],[-16.7,18.15],[-16.81,18.43],[-16.82,18.58],[-17.0,18.74],[-17.04,18.82],[-16.98,19.02],[-17.02,19.24],[-17.11,19.34],[-17.27,19.4],[-17.39,19.48],[-17.43,19.55],[-17.42,19.72],[-17.44,19.78],[-17.68,19.93],[-17.72,19.99],[-17.77,20.2],[-17.88,20.26],[-17.93,20.4],[-18.12,20.53],[-18.13,20.67],[-17.92,20.84],[-17.86,20.86],[-17.79,20.97],[-17.8,21.08],[-17.9,21.31],[-17.9,21.64],[-49.86,42.8]],[[-50.76,35.84],[-50.81,35.88],[-50.81,35.94],[-50.72,35.98],[-50.66,35.97],[-50.63,35.88],[-50.68,35.84],[-50.76,35.84]],[[-51.95,35.48],[-52.03,35.54],[-52.03,35.59],[-51.96,35.66],[-51.86,35.66],[-51.82,35.59],[-51.82,35.52],[-51.85,35.48],[-51.95,35.48]],[[-51.46,35.49],[-51.45,35.55],[-51.35,35.59],[-51.28,35.53],[-51.27,35.43],[-51.34,35.38],[-51.44,35.42],[-51.46,35.49]],[[-49.01,34.95],[-49.12,35.02],[-49.12,35.07],[-49.02,35.16],[-48.93,35.17],[-48.86,35.11],[-48.84,35.03],[-48.87,34.98],[-49.01,34.95]],[[-50.45,34.71],[-50.58,34.8],[-50.58,34.85],[-50.5,34.92],[-50.4,34.91],[-50.29,34.81],[-50.3,34.73],[-50.45,34.71]],[[-49.81,34.71],[-49.72,34.78],[-49.64,34.74],[-49.62,34.68],[-49.65,34.64],[-49.73,34.63],[-49.79,34.65],[-49.81,34.71]],[[-51.7,34.3],[-51.76,34.36],[-51.76,34.41],[-51.72,34.46],[-51.65,34.47],[-51.61,34.42],[-51.61,34.34],[-51.7,34.3]],[[-65.16,31.9],[-65.25,31.96],[-65.26,32.02],[-65.1,32.2],[-65.06,32.4],[-64.87,32.57],[-64.62,32.6],[-64.52,32.56],[-64.46,32.46],[-64.51,32.33],[-64.87,32.16],[-65.06,31.91],[-65.16,31.9]],[[-77.72,28.36],[-77.76,28.42],[-77.75,28.5],[-77.59,28.58],[-77.56,28.49],[-77.59,28.38],[-77.64,28.34],[-77.72,28.36]],[[-77.2,27.46],[-77.31,27.52],[-77.38,27.62],[-77.37,27.67],[-77.3,27.74],[-77.21,27.71],[-77.1,27.56],[-77.11,27.48],[-77.2,27.46]],[[-74.62,24.04],[-74.51,24.37],[-74.46,24.42],[-74.41,24.43],[-74.38,24.38],[-74.36,23.95],[-74.38,23.88],[-74.42,23.84],[-74.54,23.83],[-74.6,23.89],[-74.62,24.04]],[[-74.71,23.88],[-74.63,23.64],[-74.66,23.59],[-74.73,23.57],[-74.97,23.6],[-75.05,23.71],[-75.19,23.76],[-75.21,23.88],[-75.19,23.98],[-75.11,24.03],[-75.02,24.01],[-74.88,23.86],[-74.71,23.88]],[[-74.33,23.59],[-74.24,23.55],[-74.18,23.42],[-74.24,23.41],[-74.34,23.47],[-74.36,23.53],[-74.33,23.59]],[[-73.74,23.0],[-73.9,23.06],[-73.91,23.16],[-73.57,23.17],[-73.51,23.13],[-73.51,23.07],[-73.58,23.01],[-73.74,23.0]],[[-74.39,22.94],[-74.34,22.99],[-74.25,22.99],[-74.04,22.85],[-73.78,22.84],[-73.65,22.75],[-73.5,22.74],[-73.36,22.67],[-73.32,22.56],[-73.39,22.5],[-73.68,22.51],[-73.78,22.37],[-74.18,22.08],[-74.28,22.08],[-74.42,21.94],[-74.7,22.04],[-74.71,22.08],[-74.59,22.24],[-74.5,22.25],[-74.42,22.22],[-74.34,22.31],[-74.33,22.39],[-74.45,22.56],[-74.39,22.94]],[[-73.21,22.51],[-73.05,22.56],[-72.82,22.51],[-72.74,22.44],[-72.61,22.43],[-72.59,22.37],[-72.65,22.28],[-72.76,22.23],[-73.08,22.27],[-73.2,22.22],[-73.32,22.12],[-73.36,22.16],[-73.37,22.23],[-73.27,22.3],[-73.21,22.51]],[[-73.22,22.08],[-73.13,22.1],[-73.09,22.01],[-73.1,21.96],[-73.16,21.94],[-73.22,21.96],[-73.26,22.01],[-73.22,22.08]],[[-72.1,22.04],[-71.84,22.07],[-71.74,21.96],[-71.6,21.95],[-71.45,21.84],[-71.29,21.81],[-71.28,21.7],[-71.45,21.38],[-71.42,21.17],[-71.33,21.24],[-71.21,21.62],[-71.02,21.67],[-70.91,21.62],[-70.9,21.58],[-70.97,21.5],[-70.88,21.41],[-70.89,21.29],[-71.04,21.24],[-71.18,21.05],[-71.11,21.02],[-70.82,21.12],[-70.7,21.1],[-70.53,21.22],[-70.47,21.21],[-70.43,21.14],[-70.4,20.88],[-70.43,20.52],[-70.48,20.5],[-70.52,20.52],[-70.7,20.72],[-70.92,20.76],[-71.06,20.63],[-71.16,20.64],[-71.23,20.69],[-71.57,20.66],[-71.74,20.86],[-71.91,20.92],[-71.95,21.06],[-72.05,21.12],[-72.14,21.26],[-72.22,21.29],[-72.29,21.46],[-72.53,21.59],[-72.55,21.65],[-72.49,21.84],[-72.4,21.95],[-72.35,21.97],[-72.2,21.97],[-72.1,22.04]],[[-70.01,20.59],[-70.03,20.9],[-70.01,20.95],[-69.96,20.98],[-69.82,20.95],[-69.65,20.78],[-69.36,20.72],[-69.31,20.65],[-69.34,20.55],[-69.52,20.4],[-69.43,20.32],[-69.43,20.24],[-69.61,20.17],[-69.67,20.01],[-69.74,19.97],[-69.82,19.97],[-69.86,20.02],[-69.76,20.17],[-69.77,20.23],[-69.97,20.26],[-70.02,20.29],[-70.01,20.59]],[[-69.22,20.21],[-69.27,20.27],[-69.24,20.42],[-69.17,20.48],[-69.03,20.49],[-69.03,20.39],[-69.14,20.32],[-69.18,20.22],[-69.22,20.21]],[[-68.93,20.26],[-68.74,20.33],[-68.62,19.92],[-68.66,19.84],[-68.88,19.83],[-69.03,19.91],[-69.04,19.99],[-68.93,20.26]],[[-70.56,19.9],[-70.27,19.87],[-70.18,19.8],[-69.86,19.76],[-69.72,19.66],[-69.65,19.46],[-69.46,19.49],[-69.19,19.47],[-69.1,19.42],[-68.98,19.29],[-68.77,19.25],[-68.66,19.12],[-68.38,18.97],[-67.98,18.93],[-67.83,18.78],[-67.66,18.7],[-67.57,18.54],[-67.5,18.51],[-67.32,18.5],[-67.3,18.54],[-67.36,18.67],[-67.31,18.73],[-67.25,18.74],[-66.72,18.64],[-65.63,18.67],[-65.54,18.65],[-64.66,18.91],[-64.08,18.89],[-63.95,18.85],[-63.94,18.8],[-63.96,18.72],[-64.01,18.7],[-64.01,18.62],[-64.15,18.5],[-64.07,18.39],[-64.12,18.3],[-64.25,18.29],[-64.22,18.41],[-64.7,18.14],[-65.03,18.13],[-65.41,18.03],[-65.56,18.03],[-65.8,17.98],[-65.95,17.9],[-65.79,17.86],[-65.75,17.77],[-65.81,17.7],[-65.91,17.67],[-65.95,17.71],[-66.28,17.71],[-66.5,17.79],[-66.65,17.81],[-66.72,17.86],[-67.3,17.83],[-67.58,18.06],[-67.66,18.0],[-67.67,17.91],[-67.76,17.89],[-68.06,18.05],[-68.06,18.19],[-68.32,18.28],[-68.38,18.26],[-68.41,18.22],[-68.36,18.09],[-68.4,17.99],[-68.51,17.93],[-68.61,17.91],[-69.08,18.01],[-69.1,18.06],[-69.0,18.16],[-69.02,18.19],[-69.19,18.19],[-69.26,18.24],[-69.36,18.24],[-69.48,18.31],[-69.76,18.31],[-69.83,18.26],[-69.79,18.17],[-69.74,18.14],[-69.74,18.1],[-69.67,18.05],[-69.67,17.93],[-69.74,17.9],[-70.15,17.9],[-70.36,18.04],[-70.51,18.05],[-70.73,18.19],[-70.82,18.22],[-70.96,18.14],[-71.23,17.69],[-71.38,17.54],[-71.48,17.32],[-71.55,17.24],[-71.64,17.28],[-71.71,17.4],[-71.77,17.74],[-71.88,17.98],[-72.01,18.09],[-72.19,18.15],[-72.38,18.17],[-72.55,18.1],[-72.89,18.07],[-73.09,18.09],[-73.2,17.95],[-73.5,18.0],[-73.85,17.93],[-73.95,17.97],[-74.09,18.16],[-74.15,18.2],[-74.33,18.19],[-74.54,18.31],[-75.01,18.24],[-75.09,18.31],[-75.07,18.48],[-74.76,18.51],[-74.56,18.7],[-74.45,18.7],[-74.14,18.77],[-73.92,18.72],[-73.65,18.73],[-73.46,18.64],[-73.32,18.67],[-73.32,18.75],[-73.38,18.87],[-73.58,18.94],[-73.66,19.08],[-73.87,19.3],[-73.96,19.33],[-73.98,19.38],[-73.92,19.48],[-73.81,19.5],[-73.58,19.3],[-73.54,19.13],[-72.91,19.05],[-72.92,19.32],[-73.0,19.51],[-73.13,19.57],[-73.39,19.56],[-73.5,19.63],[-73.54,19.71],[-73.53,19.8],[-73.37,19.95],[-73.16,20.05],[-73.08,20.17],[-72.75,20.2],[-72.45,20.09],[-72.41,20.04],[-72.41,19.99],[-72.24,19.92],[-72.14,20.02],[-71.98,20.02],[-71.8,20.13],[-71.69,20.15],[-71.42,20.11],[-71.26,20.04],[-71.06,20.08],[-70.94,20.02],[-70.8,20.02],[-70.56,19.9]],[[-63.5,18.68],[-63.44,18.7],[-62.82,18.65],[-62.78,18.61],[-62.74,18.43],[-62.69,18.41],[-62.62,18.48],[-62.34,18.42],[-62.33,18.24],[-62.5,18.22],[-62.59,18.12],[-62.47,18.05],[-62.41,17.94],[-62.29,17.91],[-61.87,17.95],[-61.65,17.87],[-61.55,17.79],[-61.53,17.51],[-61.57,17.33],[-61.56,17.27],[-61.44,17.16],[-61.41,17.16],[-61.39,17.22],[-61.29,17.25],[-61.23,17.2],[-61.24,17.09],[-61.29,16.99],[-61.51,16.93],[-61.47,16.82],[-61.34,16.78],[-61.32,16.68],[-61.27,16.63],[-61.3,16.51],[-61.21,16.4],[-61.04,16.42],[-60.83,16.49],[-60.72,16.48],[-60.7,16.22],[-60.64,16.05],[-60.67,15.96],[-60.74,15.94],[-60.87,15.99],[-60.91,16.1],[-60.96,16.07],[-61.0,15.96],[-60.98,15.7],[-61.03,15.58],[-61.01,15.48],[-61.1,15.38],[-61.1,15.34],[-61.23,15.15],[-61.33,15.12],[-61.41,15.16],[-61.55,15.5],[-61.57,15.68],[-61.78,15.87],[-61.92,16.22],[-61.87,16.46],[-61.88,16.55],[-62.03,16.68],[-62.05,16.64],[-61.96,16.51],[-61.99,16.44],[-62.04,16.43],[-62.21,16.51],[-62.42,16.36],[-62.52,16.37],[-62.6,16.49],[-62.6,16.6],[-62.39,16.68],[-62.39,16.74],[-62.59,16.74],[-62.64,16.8],[-62.78,16.82],[-62.79,16.97],[-62.84,17.05],[-62.88,17.04],[-62.94,16.95],[-63.0,16.94],[-63.31,17.09],[-63.37,17.06],[-63.43,16.96],[-63.53,16.95],[-63.6,17.06],[-63.72,17.07],[-64.16,17.61],[-64.18,17.7],[-64.15,17.85],[-64.02,17.98],[-63.89,17.97],[-63.86,17.81],[-63.66,17.74],[-63.53,17.86],[-63.38,17.81],[-63.28,17.87],[-63.29,17.99],[-63.38,18.05],[-63.62,18.06],[-63.79,18.17],[-64.04,18.14],[-64.06,18.16],[-63.96,18.31],[-63.82,18.31],[-63.79,18.48],[-63.7,18.55],[-63.61,18.52],[-63.6,18.44],[-63.65,18.34],[-63.75,18.29],[-63.49,18.2],[-63.55,18.43],[-63.5,18.68]],[[-25.64,17.25],[-25.59,17.31],[-25.45,17.35],[-25.39,17.3],[-25.44,17.21],[-25.54,17.14],[-25.63,17.15],[-25.64,17.25]],[[-21.94,17.29],[-21.87,17.26],[-21.85,17.2],[-21.9,17.14],[-22.03,17.17],[-22.01,17.26],[-21.94,17.29]],[[-24.97,17.27],[-24.91,17.22],[-24.89,17.09],[-24.77,17.06],[-24.72,16.94],[-24.58,16.9],[-24.5,16.73],[-24.34,16.78],[-24.1,16.73],[-23.94,16.64],[-23.94,16.55],[-24.17,16.48],[-24.27,16.36],[-24.35,16.35],[-24.46,16.54],[-24.65,16.57],[-24.85,16.68],[-25.09,16.69],[-25.25,16.84],[-25.4,16.91],[-25.45,17.06],[-25.38,17.19],[-25.12,17.28],[-24.97,17.27]],[[-23.11,16.82],[-22.98,16.95],[-22.78,17.02],[-22.75,16.75],[-22.7,16.6],[-22.78,16.46],[-22.48,16.17],[-22.46,16.01],[-22.68,15.79],[-22.75,15.78],[-22.84,15.83],[-22.86,15.74],[-23.01,15.52],[-22.98,15.2],[-23.11,15.02],[-23.12,14.89],[-23.22,14.89],[-23.21,15.0],[-23.3,15.08],[-23.46,14.85],[-23.53,14.83],[-23.62,14.85],[-23.74,14.9],[-23.84,15.01],[-23.86,15.22],[-23.82,15.36],[-23.78,15.4],[-23.6,15.43],[-23.45,15.55],[-23.33,15.53],[-23.3,15.55],[-23.33,15.79],[-23.16,16.03],[-23.16,16.3],[-22.94,16.48],[-23.12,16.67],[-23.11,16.82]],[[-17.76,15.8],[-17.69,15.78],[-17.66,15.71],[-17.69,15.64],[-17.74,15.62],[-17.79,15.63],[-17.83,15.69],[-17.82,15.75],[-17.76,15.8]],[[-24.28,15.14],[-24.23,15.1],[-24.19,14.84],[-24.26,14.74],[-24.35,14.73],[-24.54,14.8],[-24.74,14.74],[-24.82,14.77],[-24.84,14.83],[-24.8,14.95],[-24.75,15.01],[-24.28,15.14]],[[-36.1,15.96],[-36.06,15.92],[-36.05,15.82],[-36.08,15.78],[-36.17,15.78],[-36.24,15.84],[-36.24,15.89],[-36.17,15.95],[-36.1,15.96]],[[-63.31,15.18],[-63.28,15.1],[-63.33,15.04],[-63.41,15.01],[-63.48,15.02],[-63.47,15.11],[-63.31,15.18]],[[-63.56,15.1],[-63.65,15.1],[-63.68,15.16],[-63.66,15.22],[-63.59,15.28],[-63.53,15.25],[-63.56,15.1]],[[-80.21,15.26],[-80.28,15.28],[-80.32,15.43],[-80.29,15.52],[-80.19,15.57],[-80.15,15.56],[-80.14,15.46],[-80.21,15.26]],[[-63.67,15.49],[-63.7,15.63],[-63.68,15.75],[-63.56,15.82],[-63.52,15.69],[-63.5,15.41],[-63.61,15.39],[-63.67,15.49]],[[-78.54,15.79],[-78.66,15.73],[-78.84,15.73],[-78.89,15.74],[-78.91,15.81],[-78.8,15.94],[-78.55,16.0],[-78.48,15.98],[-78.46,15.93],[-78.54,15.79]],[[-79.21,15.86],[-79.29,15.81],[-79.42,15.82],[-79.44,15.86],[-79.49,15.86],[-79.53,16.12],[-79.5,16.23],[-79.35,16.29],[-79.26,16.25],[-79.2,16.17],[-79.17,15.95],[-79.21,15.86]],[[-79.04,16.2],[-79.07,16.27],[-78.95,16.35],[-78.9,16.33],[-78.86,16.25],[-78.88,16.21],[-79.04,16.2]],[[-75.86,16.2],[-75.91,16.28],[-75.91,16.35],[-75.89,16.42],[-75.8,16.43],[-75.71,16.37],[-75.7,16.25],[-75.77,16.18],[-75.86,16.2]],[[-78.99,15.89],[-79.08,15.95],[-79.09,16.02],[-79.06,16.09],[-78.98,16.12],[-78.9,16.08],[-78.86,15.94],[-78.91,15.89],[-78.99,15.89]],[[-63.93,15.47],[-63.92,15.32],[-63.97,15.29],[-64.03,15.3],[-64.07,15.35],[-64.06,15.42],[-63.99,15.48],[-63.93,15.47]],[[-79.3,17.66],[-79.24,17.71],[-79.15,17.69],[-79.04,17.83],[-78.98,17.86],[-78.79,17.86],[-78.65,17.74],[-78.48,17.81],[-78.26,17.79],[-78.23,17.84],[-78.3,17.92],[-78.31,18.07],[-78.45,18.26],[-78.44,18.39],[-78.28,18.55],[-78.1,18.55],[-77.88,18.65],[-77.06,18.58],[-76.8,18.5],[-76.73,18.41],[-76.37,18.3],[-76.19,18.15],[-76.15,18.29],[-75.96,18.58],[-75.89,18.58],[-75.7,18.67],[-75.59,18.61],[-75.54,18.53],[-75.55,18.45],[-75.6,18.41],[-75.7,18.36],[-75.79,18.38],[-76.01,18.24],[-75.96,18.17],[-75.98,18.1],[-75.86,18.0],[-75.89,17.88],[-75.83,17.81],[-75.86,17.74],[-75.91,17.76],[-75.94,17.83],[-76.0,17.79],[-76.05,17.65],[-76.18,17.64],[-76.37,17.74],[-76.57,17.71],[-76.63,17.82],[-76.67,17.83],[-76.73,17.71],[-76.87,17.66],[-76.86,17.58],[-76.78,17.44],[-76.83,17.36],[-77.02,17.47],[-77.18,17.42],[-77.42,17.5],[-77.7,17.47],[-77.69,17.4],[-77.62,17.33],[-77.56,17.34],[-77.51,17.43],[-77.4,17.45],[-77.23,17.37],[-77.18,17.28],[-77.25,17.07],[-77.69,16.71],[-77.87,16.76],[-78.36,16.64],[-78.47,16.68],[-78.62,16.8],[-78.79,16.7],[-78.98,16.73],[-79.04,16.83],[-79.01,16.95],[-79.03,17.06],[-79.15,17.28],[-79.13,17.42],[-79.27,17.53],[-79.3,17.66],[-79.38,17.65],[-79.45,17.69],[-79.43,17.77],[-79.34,17.78],[-79.32,17.88],[-79.25,17.82],[-79.3,17.77],[-79.3,17.66]],[[-83.8,17.53],[-83.74,17.47],[-83.73,17.41],[-83.88,17.33],[-84.08,17.33],[-84.16,17.36],[-84.19,17.41],[-84.13,17.48],[-83.8,17.53]],[[-84.18,18.32],[-84.33,18.3],[-84.37,18.35],[-84.36,18.42],[-84.32,18.47],[-84.19,18.48],[-84.12,18.61],[-83.86,18.65],[-83.88,18.43],[-84.0,18.41],[-84.12,18.43],[-84.18,18.32]],[[-84.52,18.48],[-84.59,18.4],[-84.65,18.39],[-84.68,18.42],[-84.67,18.48],[-84.6,18.53],[-84.54,18.53],[-84.52,18.48]],[[-86.91,18.52],[-86.94,18.49],[-87.02,18.49],[-87.07,18.55],[-87.06,18.58],[-86.94,18.64],[-86.91,18.61],[-86.91,18.52]],[[-83.83,18.43],[-83.78,18.55],[-83.71,18.59],[-83.62,18.55],[-83.63,18.43],[-83.67,18.38],[-83.78,18.36],[-83.83,18.43]],[[-83.98,18.67],[-84.16,18.68],[-84.14,18.78],[-84.03,18.91],[-83.93,18.98],[-83.77,19.01],[-83.65,18.99],[-83.61,18.95],[-83.63,18.9],[-83.74,18.79],[-83.98,18.67]],[[-87.02,19.01],[-87.08,19.06],[-87.06,19.17],[-86.89,19.22],[-86.85,19.12],[-86.87,19.07],[-87.02,19.01]],[[-81.36,19.22],[-81.44,19.25],[-81.49,19.32],[-81.47,19.44],[-81.43,19.46],[-81.21,19.45],[-81.07,19.41],[-81.0,19.34],[-81.02,19.3],[-81.17,19.23],[-81.36,19.22]],[[-81.58,19.42],[-81.53,19.39],[-81.53,19.3],[-81.61,19.27],[-81.7,19.31],[-81.67,19.39],[-81.58,19.42]],[[-83.27,18.73],[-83.33,18.8],[-83.32,18.89],[-83.27,18.93],[-83.21,18.94],[-83.13,18.88],[-83.12,18.77],[-83.19,18.72],[-83.27,18.73]],[[-75.29,18.38],[-75.24,18.41],[-75.17,18.4],[-75.11,18.28],[-75.14,18.22],[-75.21,18.21],[-75.28,18.25],[-75.31,18.31],[-75.29,18.38]],[[-75.79,17.74],[-75.76,17.8],[-75.7,17.83],[-75.49,17.85],[-75.44,17.79],[-75.47,17.7],[-75.58,17.66],[-75.94,17.3],[-76.24,17.33],[-76.23,17.42],[-76.08,17.5],[-75.79,17.74]],[[-75.46,17.33],[-75.41,17.42],[-75.38,17.66],[-75.27,17.74],[-75.21,17.75],[-75.18,17.7],[-75.24,17.57],[-75.33,17.12],[-75.4,17.11],[-75.46,17.14],[-75.46,17.33]],[[-64.42,17.92],[-64.38,17.88],[-64.39,17.8],[-64.51,17.62],[-64.68,17.59],[-64.8,17.52],[-64.97,17.57],[-65.02,17.75],[-65.0,17.81],[-64.42,17.92]],[[-79.68,19.66],[-80.24,19.58],[-80.31,19.64],[-80.26,19.73],[-80.14,19.82],[-79.66,19.85],[-79.61,19.82],[-79.59,19.75],[-79.68,19.66]],[[-86.64,19.83],[-86.74,19.82],[-86.76,19.93],[-86.65,20.07],[-86.52,20.11],[-86.5,20.07],[-86.53,19.97],[-86.64,19.83]],[[-86.45,20.04],[-86.48,20.11],[-86.47,20.21],[-86.38,20.3],[-86.26,20.57],[-86.18,20.63],[-86.1,20.63],[-86.06,20.59],[-86.07,20.52],[-86.24,20.27],[-86.26,20.17],[-86.35,20.05],[-86.45,20.04]],[[-80.47,20.33],[-80.52,20.35],[-80.53,20.42],[-80.43,20.47],[-80.37,20.45],[-80.35,20.4],[-80.37,20.34],[-80.47,20.33]],[[-79.52,19.88],[-79.44,19.97],[-79.25,19.98],[-79.02,19.92],[-78.96,19.82],[-79.04,19.75],[-79.48,19.69],[-79.54,19.72],[-79.52,19.88]],[[-72.77,21.64],[-72.7,21.58],[-72.7,21.49],[-72.86,21.41],[-72.89,21.17],[-73.01,21.0],[-72.98,20.82],[-73.01,20.76],[-73.69,20.7],[-73.81,20.75],[-73.86,20.88],[-73.76,20.94],[-73.78,21.12],[-73.71,21.2],[-73.63,21.26],[-73.51,21.29],[-73.45,21.33],[-73.25,21.31],[-73.19,21.37],[-73.19,21.51],[-73.14,21.58],[-72.93,21.65],[-72.77,21.64]],[[-73.77,21.65],[-73.92,21.68],[-73.94,21.76],[-73.85,21.82],[-73.72,21.81],[-73.69,21.7],[-73.77,21.65]],[[-73.57,21.72],[-73.63,21.75],[-73.63,21.86],[-73.7,21.88],[-73.73,21.96],[-73.66,22.03],[-73.51,22.05],[-73.44,21.98],[-73.46,21.94],[-73.54,21.91],[-73.46,21.84],[-73.47,21.75],[-73.49,21.72],[-73.57,21.72]],[[-74.72,22.64],[-74.65,22.59],[-74.65,22.51],[-74.74,22.46],[-74.84,22.48],[-74.87,22.55],[-74.83,22.61],[-74.72,22.64]],[[-85.84,22.97],[-85.79,22.85],[-85.78,22.63],[-85.84,22.58],[-85.95,22.58],[-86.0,22.63],[-86.02,22.85],[-85.96,22.92],[-85.84,22.97]],[[-86.07,22.79],[-86.03,22.71],[-86.04,22.66],[-86.15,22.66],[-86.18,22.74],[-86.13,22.8],[-86.07,22.79]],[[-85.38,23.33],[-85.35,23.27],[-85.37,23.21],[-85.45,23.18],[-85.49,23.21],[-85.5,23.28],[-85.45,23.33],[-85.38,23.33]],[[-83.56,16.89],[-83.59,16.97],[-83.55,17.02],[-83.1,17.14],[-83.01,17.09],[-83.0,16.97],[-83.16,16.88],[-83.33,16.85],[-83.56,16.89]],[[-85.37,16.71],[-85.42,16.79],[-85.36,16.85],[-85.29,16.84],[-85.21,16.76],[-85.25,16.69],[-85.37,16.71]],[[-84.38,16.75],[-84.14,16.83],[-84.1,16.82],[-84.08,16.78],[-84.17,16.67],[-84.32,16.61],[-84.38,16.62],[-84.41,16.66],[-84.38,16.75]],[[-77.77,14.62],[-77.76,14.71],[-77.7,14.74],[-77.59,14.68],[-77.56,14.6],[-77.63,14.54],[-77.71,14.56],[-77.77,14.62]],[[-63.65,14.54],[-63.59,14.57],[-63.52,14.46],[-63.52,14.14],[-63.55,14.07],[-63.6,14.04],[-63.64,14.06],[-63.68,14.17],[-63.65,14.54]],[[-78.27,14.15],[-78.23,14.11],[-78.21,13.87],[-78.23,13.74],[-78.29,13.71],[-78.35,13.74],[-78.34,13.9],[-78.43,14.05],[-78.39,14.13],[-78.27,14.15]],[[-63.26,13.82],[-63.25,13.89],[-63.13,13.91],[-63.04,13.46],[-63.12,13.37],[-63.26,13.32],[-63.42,13.45],[-63.48,13.56],[-63.42,13.77],[-63.34,13.81],[-63.26,13.78],[-63.26,13.82]],[[-62.95,13.6],[-63.0,13.67],[-62.99,13.71],[-62.9,13.76],[-62.84,13.76],[-62.81,13.7],[-62.82,13.62],[-62.86,13.59],[-62.95,13.6]],[[-79.96,13.7],[-79.91,13.51],[-79.97,13.38],[-80.04,13.34],[-80.36,13.34],[-80.55,13.42],[-80.58,13.67],[-80.52,13.75],[-80.46,13.76],[-80.28,13.7],[-80.08,13.78],[-79.96,13.7]],[[-80.83,14.09],[-80.77,14.03],[-80.77,13.94],[-80.8,13.91],[-80.89,13.9],[-80.95,13.95],[-80.96,14.01],[-80.93,14.06],[-80.83,14.09]],[[-80.43,14.14],[-80.52,14.15],[-80.54,14.22],[-80.38,14.55],[-80.21,14.59],[-80.03,14.48],[-79.99,14.39],[-80.01,14.35],[-80.08,14.3],[-80.19,14.29],[-80.43,14.14]],[[-80.69,14.5],[-80.67,14.35],[-80.75,14.29],[-80.81,14.3],[-80.84,14.35],[-80.83,14.44],[-80.78,14.5],[-80.69,14.5]],[[-77.58,14.35],[-77.64,14.41],[-77.65,14.47],[-77.58,14.53],[-77.51,14.49],[-77.48,14.41],[-77.52,14.35],[-77.58,14.35]],[[-63.63,13.19],[-63.55,13.23],[-63.47,13.18],[-63.46,12.71],[-63.49,12.68],[-63.56,12.68],[-63.59,12.74],[-63.63,13.19]],[[-82.26,12.1],[-82.24,12.06],[-82.27,11.93],[-82.32,11.9],[-82.34,11.84],[-82.42,11.81],[-82.32,11.74],[-82.35,11.65],[-82.49,11.57],[-82.59,11.59],[-82.63,11.67],[-82.57,11.75],[-82.51,11.77],[-82.56,11.83],[-82.54,11.98],[-82.26,12.1]],[[-81.14,9.43],[-81.18,9.47],[-81.17,9.53],[-81.12,9.58],[-81.03,9.59],[-81.02,9.46],[-81.09,9.41],[-81.14,9.43]],[[-77.74,9.77],[-77.68,9.76],[-77.64,9.7],[-77.63,9.63],[-77.66,9.58],[-77.76,9.64],[-77.77,9.71],[-77.74,9.77]],[[-68.65,11.88],[-68.78,11.98],[-69.0,12.02],[-69.17,12.19],[-69.24,12.38],[-69.21,12.47],[-69.06,12.5],[-68.95,12.48],[-68.9,12.34],[-68.76,12.29],[-68.66,12.14],[-68.55,12.09],[-68.52,12.02],[-68.54,11.92],[-68.6,11.87],[-68.65,11.88]],[[-68.4,11.9],[-68.46,11.99],[-68.44,12.14],[-68.49,12.32],[-68.38,12.4],[-68.24,12.39],[-68.09,12.29],[-68.02,12.17],[-68.01,11.84],[-68.09,11.81],[-68.4,11.9]],[[-67.55,11.83],[-67.61,11.89],[-67.78,11.92],[-67.82,12.07],[-67.74,12.26],[-67.59,12.34],[-67.51,12.32],[-67.29,12.14],[-67.18,12.0],[-67.21,11.84],[-67.43,11.71],[-67.54,11.74],[-67.55,11.83]],[[-67.02,11.72],[-67.07,11.8],[-67.07,11.9],[-66.98,12.02],[-67.1,12.17],[-67.09,12.25],[-67.06,12.29],[-66.98,12.3],[-66.82,12.21],[-66.54,12.18],[-66.42,12.07],[-66.36,11.86],[-66.38,11.78],[-66.47,11.69],[-66.7,11.65],[-66.91,11.66],[-67.02,11.72]],[[-66.36,11.65],[-66.19,11.98],[-66.12,12.06],[-65.99,12.08],[-65.78,11.88],[-65.81,11.74],[-65.76,11.59],[-65.82,11.52],[-66.23,11.49],[-66.34,11.57],[-66.36,11.65]],[[-64.83,11.61],[-64.89,11.71],[-64.86,11.78],[-64.82,11.79],[-64.76,11.73],[-64.75,11.66],[-64.77,11.62],[-64.83,11.61]],[[-59.55,12.77],[-59.77,12.89],[-59.83,12.96],[-59.82,13.34],[-60.0,13.63],[-60.01,13.82],[-59.98,13.92],[-59.92,13.99],[-59.82,14.04],[-59.72,14.03],[-59.66,13.98],[-59.62,13.8],[-59.66,13.56],[-59.54,13.49],[-59.29,13.15],[-59.28,13.03],[-59.35,12.9],[-59.48,12.78],[-59.55,12.77]],[[-59.5,13.54],[-59.53,13.59],[-59.51,13.64],[-59.4,13.7],[-59.39,13.58],[-59.45,13.52],[-59.5,13.54]],[[-20.31,8.96],[-20.38,9.03],[-20.37,9.07],[-20.31,9.13],[-20.22,9.13],[-20.18,9.0],[-20.21,8.96],[-20.31,8.96]],[[-22.31,6.85],[-22.38,6.91],[-22.34,6.98],[-22.18,6.98],[-22.15,6.91],[-22.17,6.86],[-22.21,6.84],[-22.31,6.85]],[[-21.94,6.85],[-21.98,6.92],[-21.96,6.96],[-21.87,6.99],[-21.73,6.93],[-21.69,6.85],[-21.71,6.82],[-21.79,6.8],[-21.94,6.85]],[[-22.66,6.24],[-22.69,6.29],[-22.67,6.36],[-22.61,6.42],[-22.57,6.41],[-22.54,6.28],[-22.6,6.22],[-22.66,6.24]],[[8.17,2.47],[8.09,2.54],[8.06,2.63],[8.09,2.71],[8.14,2.75],[8.24,2.72],[8.3,2.56],[8.26,2.47],[8.17,2.47]],[[7.2,1.08],[7.15,1.15],[7.18,1.32],[7.09,1.5],[7.09,1.62],[7.14,1.71],[7.32,1.83],[7.45,1.86],[7.58,1.85],[7.64,1.77],[7.66,1.66],[7.61,1.49],[7.61,1.32],[7.31,1.08],[7.2,1.08]],[[-29.46,0.79],[-29.5,0.87],[-29.48,0.92],[-29.39,0.96],[-29.32,0.94],[-29.3,0.82],[-29.46,0.79]],[[-39.91,0.41],[-39.95,0.48],[-39.95,0.58],[-39.91,0.67],[-39.83,0.72],[-39.77,0.66],[-39.78,0.53],[-39.83,0.43],[-39.91,0.41]],[[6.48,0.44],[6.6,0.5],[6.76,0.51],[6.88,0.45],[6.91,0.36],[6.91,0.28],[6.81,0.09],[6.64,-0.06],[6.55,-0.08],[6.47,-0.06],[6.38,0.1],[6.38,0.25],[6.48,0.44]],[[-41.14,0.29],[-41.1,0.26],[-41.1,0.16],[-41.16,0.14],[-41.24,0.17],[-41.27,0.23],[-41.26,0.27],[-41.14,0.29]],[[-42.14,-0.78],[-42.19,-0.72],[-42.18,-0.69],[-42.06,-0.63],[-42.03,-0.66],[-42.03,-0.75],[-42.06,-0.78],[-42.14,-0.78]],[[5.59,-1.33],[5.7,-1.29],[5.77,-1.33],[5.8,-1.45],[5.73,-1.54],[5.64,-1.57],[5.56,-1.5],[5.55,-1.44],[5.59,-1.33]],[[-38.09,-1.48],[-38.03,-1.62],[-38.04,-1.7],[-38.1,-1.75],[-38.17,-1.72],[-38.19,-1.55],[-38.17,-1.49],[-38.09,-1.48]],[[-38.56,-1.54],[-38.59,-1.69],[-38.64,-1.71],[-38.69,-1.7],[-38.8,-1.49],[-38.79,-1.39],[-38.68,-1.34],[-38.62,-1.35],[-38.56,-1.54]],[[-37.8,-1.82],[-37.7,-1.86],[-37.68,-1.93],[-37.71,-1.98],[-37.83,-2.0],[-37.88,-1.96],[-37.88,-1.86],[-37.8,-1.82]],[[-38.3,-2.39],[-38.39,-2.29],[-38.43,-2.15],[-38.38,-2.04],[-38.3,-2.0],[-38.24,-2.01],[-38.2,-2.06],[-38.16,-2.22],[-38.21,-2.4],[-38.3,-2.39]],[[4.91,-2.22],[4.97,-2.21],[4.95,-2.36],[4.88,-2.39],[4.81,-2.32],[4.81,-2.26],[4.91,-2.22]],[[0.8,-2.92],[0.86,-2.93],[0.86,-3.02],[0.76,-3.08],[0.7,-3.07],[0.71,-2.97],[0.8,-2.92]],[[-37.52,-3.06],[-37.41,-3.12],[-37.38,-3.27],[-37.26,-3.38],[-37.26,-3.51],[-37.35,-3.6],[-37.51,-3.55],[-37.6,-3.48],[-37.73,-3.3],[-37.71,-3.16],[-37.6,-3.07],[-37.52,-3.06]],[[-36.62,-3.35],[-36.67,-3.27],[-36.62,-3.22],[-36.57,-3.21],[-36.54,-3.3],[-36.57,-3.34],[-36.62,-3.35]],[[-35.02,-3.55],[-35.12,-3.5],[-35.09,-3.4],[-35.02,-3.41],[-34.97,-3.46],[-34.97,-3.53],[-35.02,-3.55]],[[-33.22,-3.67],[-33.16,-3.67],[-33.11,-3.73],[-33.16,-3.8],[-33.21,-3.82],[-33.26,-3.8],[-33.28,-3.76],[-33.22,-3.67]],[[-32.65,-3.82],[-32.35,-3.7],[-32.29,-3.75],[-32.27,-3.86],[-32.34,-3.95],[-32.53,-3.94],[-32.63,-3.97],[-32.69,-3.87],[-32.65,-3.82]],[[-33.59,-3.83],[-33.65,-3.95],[-33.73,-3.98],[-33.85,-3.95],[-33.95,-3.83],[-33.91,-3.74],[-33.67,-3.72],[-33.6,-3.74],[-33.59,-3.83]],[[-35.2,-3.9],[-35.28,-4.07],[-35.38,-4.08],[-35.45,-4.01],[-35.45,-3.94],[-35.4,-3.89],[-35.4,-3.73],[-35.34,-3.69],[-35.28,-3.68],[-35.24,-3.7],[-35.2,-3.9]],[[-35.78,-3.78],[-35.72,-3.85],[-35.7,-4.03],[-35.74,-4.1],[-35.84,-4.19],[-36.03,-4.17],[-36.11,-4.12],[-36.14,-4.01],[-36.27,-4.02],[-36.31,-3.97],[-36.32,-3.89],[-36.29,-3.84],[-36.23,-3.84],[-36.11,-3.92],[-35.78,-3.78]],[[-33.26,-4.2],[-33.21,-4.18],[-33.14,-4.22],[-33.15,-4.34],[-33.19,-4.34],[-33.29,-4.29],[-33.3,-4.25],[-33.26,-4.2]],[[-34.74,-3.87],[-34.8,-3.82],[-34.79,-3.78],[-34.67,-3.73],[-34.64,-3.76],[-34.64,-3.85],[-34.66,-3.87],[-34.74,-3.87]],[[2.47,-5.3],[2.5,-5.24],[2.55,-5.22],[2.62,-5.24],[2.65,-5.29],[2.57,-5.39],[2.47,-5.3]],[[1.8,-5.32],[1.88,-5.34],[1.92,-5.4],[1.87,-5.49],[1.74,-5.5],[1.63,-5.45],[1.62,-5.41],[1.66,-5.35],[1.8,-5.32]],[[1.19,-5.38],[1.29,-5.44],[1.4,-5.66],[1.37,-5.74],[1.23,-5.66],[1.1,-5.5],[1.08,-5.4],[1.19,-5.38]],[[3.11,-5.72],[3.13,-5.68],[3.26,-5.63],[3.31,-5.72],[3.28,-5.79],[3.22,-5.82],[3.15,-5.8],[3.11,-5.72]],[[0.63,-5.42],[0.72,-5.5],[0.72,-5.57],[0.64,-5.62],[0.52,-5.59],[0.47,-5.5],[0.53,-5.43],[0.63,-5.42]],[[1.17,-6.18],[1.11,-6.12],[1.11,-6.09],[1.18,-6.03],[1.27,-6.03],[1.29,-6.15],[1.26,-6.18],[1.17,-6.18]],[[0.09,-6.53],[0.03,-6.47],[0.08,-6.37],[0.23,-6.24],[0.39,-6.23],[0.41,-6.32],[0.34,-6.43],[0.21,-6.51],[0.09,-6.53]],[[1.1,-6.51],[1.17,-6.35],[1.31,-6.31],[1.36,-6.65],[1.34,-6.73],[1.25,-6.72],[1.22,-6.67],[1.13,-6.62],[1.1,-6.51]],[[-0.34,-6.71],[-0.3,-6.74],[-0.32,-6.84],[-0.43,-6.86],[-0.52,-6.83],[-0.46,-6.74],[-0.34,-6.71]],[[-14.46,-7.81],[-14.35,-7.79],[-14.25,-7.85],[-14.18,-7.94],[-14.24,-8.08],[-14.38,-8.1],[-14.47,-8.04],[-14.51,-7.88],[-14.5,-7.82],[-14.46,-7.81]],[[0.91,-8.03],[0.86,-7.98],[0.9,-7.89],[0.99,-7.86],[1.06,-7.89],[1.07,-7.94],[1.03,-8.0],[0.91,-8.03]],[[-17.03,-8.53],[-17.11,-8.44],[-17.09,-8.38],[-17.01,-8.35],[-16.96,-8.39],[-16.94,-8.46],[-16.97,-8.52],[-17.03,-8.53]],[[-12.79,-9.79],[-12.87,-9.71],[-12.81,-9.66],[-12.72,-9.66],[-12.69,-9.75],[-12.71,-9.78],[-12.79,-9.79]],[[0.38,-9.77],[0.51,-9.71],[0.57,-9.78],[0.53,-9.87],[0.46,-9.9],[0.37,-9.86],[0.38,-9.77]],[[-0.49,-11.06],[-0.43,-11.04],[-0.36,-11.08],[-0.34,-11.15],[-0.39,-11.23],[-0.49,-11.2],[-0.52,-11.12],[-0.49,-11.06]],[[-0.67,-11.08],[-0.63,-11.11],[-0.63,-11.17],[-0.72,-11.2],[-0.76,-11.17],[-0.77,-11.12],[-0.67,-11.08]],[[-5.23,-11.68],[-5.3,-11.63],[-5.31,-11.56],[-5.25,-11.51],[-5.19,-11.51],[-5.13,-11.55],[-5.11,-11.62],[-5.16,-11.68],[-5.23,-11.68]],[[-5.08,-12.61],[-5.16,-12.58],[-5.2,-12.51],[-5.14,-12.45],[-5.03,-12.45],[-4.97,-12.52],[-5.01,-12.59],[-5.08,-12.61]],[[-6.08,-13.1],[-6.2,-13.0],[-6.27,-12.85],[-6.26,-12.8],[-6.02,-12.67],[-5.85,-12.64],[-5.81,-12.77],[-5.87,-12.81],[-5.92,-13.03],[-6.0,-13.1],[-6.08,-13.1]],[[-2.73,-12.77],[-2.61,-12.68],[-2.55,-12.68],[-2.5,-12.74],[-2.53,-12.87],[-2.59,-12.89],[-2.67,-12.88],[-2.73,-12.77]],[[-5.3,-12.82],[-5.27,-12.87],[-5.28,-12.94],[-5.36,-12.96],[-5.4,-12.93],[-5.41,-12.86],[-5.36,-12.81],[-5.3,-12.82]],[[-5.63,-12.83],[-5.59,-12.98],[-5.64,-13.06],[-5.68,-13.06],[-5.78,-12.99],[-5.81,-12.87],[-5.78,-12.82],[-5.71,-12.8],[-5.63,-12.83]],[[-6.96,-15.79],[-7.03,-15.72],[-7.06,-15.58],[-7.02,-15.5],[-6.91,-15.48],[-6.85,-15.53],[-6.82,-15.63],[-6.88,-15.77],[-6.96,-15.79]],[[-5.79,-16.14],[-5.84,-16.1],[-5.86,-16.01],[-5.82,-15.88],[-5.69,-15.8],[-5.57,-15.82],[-5.52,-15.89],[-5.55,-16.03],[-5.66,-16.13],[-5.79,-16.14]]],[[[94.66,13.84],[94.49,13.87],[94.48,13.69],[94.4,13.54],[94.56,13.47],[94.63,13.35],[94.81,13.4],[94.85,13.37],[94.86,13.32],[94.81,13.18],[94.7,13.07],[94.64,13.04],[94.64,13.16],[94.56,13.2],[94.54,13.27],[94.41,13.29],[94.24,13.37],[94.11,13.38],[94.06,13.27],[93.96,13.21],[93.87,13.25],[93.87,13.37],[93.94,13.51],[94.14,13.67],[94.2,13.75],[94.22,13.9],[94.03,14.09],[93.91,14.09],[93.82,14.14],[93.54,13.84],[93.53,13.79],[93.62,13.75],[93.64,13.67],[93.61,13.59],[93.46,13.59],[93.4,13.53],[93.53,13.25],[93.41,13.03],[93.38,12.65],[93.43,12.41],[93.38,12.26],[93.38,12.02],[93.32,11.9],[93.28,11.67],[93.17,11.59],[93.14,11.47],[93.0,11.38],[92.95,11.23],[92.86,11.19],[92.85,10.92],[92.81,10.8],[92.86,10.61],[92.83,10.42],[92.88,10.15],[92.95,10.01],[92.96,9.84],[93.06,9.62],[93.08,9.18],[93.2,8.93],[93.21,8.66],[93.16,8.59],[93.2,8.53],[93.24,8.58],[93.26,8.86],[93.43,8.88],[93.51,9.04],[93.58,9.05],[93.63,9.01],[93.79,8.14],[93.77,7.9],[93.82,7.78],[93.81,7.63],[93.85,7.57],[93.94,7.54],[94.01,7.42],[93.98,7.25],[94.08,7.03],[94.08,6.92],[93.99,6.72],[93.98,6.59],[94.03,6.24],[93.97,6.18],[93.88,6.2],[93.72,6.31],[93.54,6.29],[93.5,6.31],[93.55,6.43],[93.48,6.72],[93.5,6.84],[93.43,7.03],[93.38,7.06],[93.17,7.5],[93.14,7.68],[92.85,8.03],[92.83,8.09],[92.86,8.15],[92.83,8.16],[92.81,8.28],[92.86,8.39],[92.82,8.5],[92.69,8.53],[92.56,8.49],[92.52,8.51],[92.56,8.77],[92.47,8.88],[92.33,8.98],[92.28,9.5],[92.11,9.74],[92.09,9.98],[92.2,9.98],[92.2,10.01],[92.09,10.13],[91.99,10.41],[91.99,10.6],[91.94,10.78],[92.02,11.15],[91.92,11.4],[91.98,11.63],[91.99,12.0],[92.04,12.13],[92.19,12.26],[92.22,12.32],[92.2,12.65],[92.14,12.8],[92.19,12.93],[92.18,13.03],[92.3,13.13],[92.35,13.51],[92.47,13.63],[92.54,13.8],[92.54,13.94],[92.63,14.04],[92.7,14.19],[92.77,14.25],[92.83,14.26],[93.0,14.16],[93.07,14.35],[93.22,14.51],[93.25,14.63],[93.07,14.64],[92.97,14.75],[92.96,14.81],[93.14,14.91],[93.19,15.07],[93.36,15.22],[93.43,15.38],[93.58,15.5],[93.6,16.15],[93.67,16.49],[93.87,16.81],[93.97,16.93],[94.0,17.15],[94.1,17.26],[93.99,17.36],[94.03,17.53],[93.88,17.82],[93.52,17.95],[93.43,18.03],[93.37,18.52],[93.29,18.71],[93.19,18.77],[93.17,18.82],[93.1,18.84],[92.95,19.08],[92.74,19.22],[92.62,19.39],[92.45,19.44],[92.35,19.56],[92.23,19.58],[92.14,19.66],[91.97,19.66],[91.9,19.85],[91.61,19.87],[91.43,19.94],[90.65,19.97],[90.48,19.92],[90.19,19.96],[89.88,20.11],[89.52,20.11],[89.38,20.18],[89.28,20.16],[89.22,20.2],[89.21,20.35],[89.14,20.45],[89.16,20.26],[89.02,20.14],[88.87,20.18],[88.77,20.16],[88.61,20.18],[88.48,20.1],[88.16,19.95],[88.08,19.96],[87.8,20.09],[87.67,20.02],[87.24,19.94],[87.14,19.87],[87.0,19.85],[86.69,19.61],[86.5,19.57],[86.29,19.45],[86.07,19.42],[85.92,19.44],[85.8,19.28],[85.75,19.15],[85.58,18.98],[85.46,18.77],[85.01,18.41],[84.67,18.24],[84.65,18.19],[84.6,18.19],[84.58,18.14],[83.94,17.63],[83.61,17.2],[83.54,17.16],[83.5,17.06],[83.21,16.88],[82.74,16.71],[82.69,16.66],[82.63,16.46],[82.18,16.03],[81.73,15.88],[81.53,15.74],[81.38,15.74],[81.21,15.65],[81.05,15.46],[80.86,15.38],[80.65,15.14],[80.62,14.98],[80.47,14.74],[80.49,14.57],[80.47,14.42],[80.54,14.3],[80.52,14.16],[80.61,13.87],[80.65,13.52],[80.79,13.05],[80.81,12.75],[80.74,12.48],[80.55,12.24],[80.36,12.13],[80.3,11.93],[80.21,11.83],[80.14,11.69],[80.2,11.6],[80.21,11.45],[80.45,11.15],[80.61,10.87],[80.64,10.66],[80.78,10.46],[80.82,10.25],[80.93,9.98],[80.99,9.6],[81.12,9.33],[81.15,9.13],[81.34,8.93],[81.36,8.89],[81.34,8.81],[81.38,8.71],[81.54,8.61],[82.01,7.72],[82.09,7.12],[82.07,6.96],[82.09,6.71],[82.05,6.6],[81.87,6.41],[81.84,6.24],[81.78,6.16],[81.33,5.8],[81.16,5.77],[80.63,5.8],[80.13,5.78],[83.38,-65.67],[84.11,-65.69],[84.22,-65.74],[84.72,-65.74],[84.89,-65.81],[85.39,-65.84],[85.68,-65.93],[86.04,-65.81],[86.38,-65.83],[86.64,-65.76],[89.42,-65.83],[89.64,-65.76],[89.83,-65.76],[90.12,-65.69],[90.26,-65.57],[90.5,-65.49],[90.79,-65.45],[91.37,-65.26],[91.61,-65.23],[91.78,-65.14],[91.97,-65.11],[92.18,-65.04],[92.33,-65.04],[92.42,-64.99],[92.6,-64.98],[92.8,-64.9],[93.03,-64.88],[93.24,-64.8],[93.53,-64.8],[93.77,-64.73],[94.13,-64.7],[94.32,-64.66],[94.49,-64.7],[95.37,-64.46],[95.48,-64.38],[95.79,-64.28],[97.37,-64.2],[97.51,-64.13],[98.57,-64.08],[98.9,-64.01],[99.55,-64.06],[99.82,-63.98],[100.61,-64.06],[101.83,-64.44],[101.95,-64.63],[102.07,-64.65],[102.41,-64.58],[102.65,-64.7],[102.82,-64.7],[103.13,-64.87],[103.6,-64.82],[103.75,-64.87],[103.9,-64.85],[103.97,-64.9],[104.02,-64.89],[104.0,-64.84],[103.84,-64.79],[103.78,-64.74],[103.78,-64.68],[103.85,-64.56],[103.57,-64.61],[103.42,-64.55],[103.38,-64.45],[103.4,-64.36],[103.49,-64.3],[103.59,-64.29],[103.78,-64.37],[104.01,-64.41],[104.04,-64.49],[103.97,-64.61],[104.09,-64.63],[104.35,-64.75],[104.53,-64.77],[104.88,-64.73],[105.14,-64.87],[105.48,-64.92],[105.58,-64.97],[106.03,-64.99],[106.24,-65.05],[106.66,-65.04],[106.82,-64.97],[107.08,-65.03],[107.35,-65.05],[107.62,-65.0],[108.26,-65.0],[108.42,-65.04],[108.67,-65.04],[108.77,-65.08],[108.94,-65.08],[109.23,-65.2],[109.71,-65.26],[109.78,-65.3],[109.95,-65.32],[110.14,-65.4],[110.3,-65.33],[110.53,-65.3],[110.81,-65.33],[111.02,-65.23],[111.37,-65.33],[115.29,-35.17],[114.58,-35.04],[114.34,-34.68],[114.19,-34.53],[114.22,-34.22],[114.31,-34.1],[114.33,-33.87],[114.19,-33.38],[114.22,-33.0],[114.34,-32.83],[114.61,-32.14],[114.67,-32.09],[114.83,-32.15],[114.87,-32.12],[114.79,-31.98],[114.77,-31.78],[114.72,-31.68],[114.74,-31.56],[114.67,-31.39],[114.66,-31.03],[114.46,-30.67],[114.4,-30.26],[114.05,-29.81],[113.85,-29.68],[113.69,-29.42],[113.71,-29.21],[113.68,-29.13],[113.27,-28.63],[113.21,-28.6],[113.03,-28.63],[112.93,-28.59],[112.84,-28.51],[112.82,-28.41],[112.85,-28.34],[112.92,-28.3],[112.91,-28.26],[112.75,-28.3],[112.72,-28.27],[112.73,-28.21],[112.7,-28.18],[112.56,-28.2],[112.49,-28.07],[112.58,-27.93],[112.51,-27.82],[112.49,-27.65],[112.25,-27.47],[112.2,-27.4],[112.22,-27.14],[112.05,-27.11],[111.98,-26.95],[111.89,-26.83],[111.91,-26.62],[111.72,-26.6],[111.66,-26.55],[111.67,-26.41],[111.86,-26.28],[111.69,-26.1],[111.5,-25.29],[111.58,-25.08],[111.51,-24.66],[111.53,-24.6],[111.6,-24.58],[111.53,-24.43],[111.5,-24.29],[111.52,-24.17],[111.59,-24.1],[111.65,-24.1],[111.82,-24.17],[111.94,-24.0],[112.14,-23.91],[112.1,-23.82],[112.12,-23.74],[112.25,-23.59],[112.37,-23.57],[112.49,-23.4],[112.66,-23.3],[112.66,-23.16],[112.92,-22.83],[112.97,-22.7],[113.18,-22.67],[113.31,-22.48],[113.5,-22.32],[113.54,-22.06],[113.71,-21.86],[113.72,-21.67],[113.67,-21.39],[113.75,-21.2],[113.86,-21.07],[113.88,-20.83],[114.05,-20.82],[114.19,-20.62],[114.36,-20.47],[114.43,-20.45],[114.53,-20.28],[114.69,-20.23],[114.98,-19.92],[115.03,-19.78],[115.22,-19.66],[115.3,-19.56],[115.32,-19.42],[115.39,-19.3],[115.49,-19.03],[115.65,-18.92],[115.73,-18.79],[116.21,-18.53],[116.44,-18.5],[116.69,-18.34],[117.29,-18.33],[117.36,-18.31],[117.8,-18.01],[118.03,-17.9],[118.2,-17.74],[118.32,-17.54],[118.46,-17.45],[118.58,-17.28],[118.61,-17.11],[118.92,-16.9],[119.06,-16.68],[119.61,-16.25],[119.69,-16.22],[119.86,-16.23],[119.95,-16.17],[120.14,-15.82],[120.22,-15.77],[120.29,-15.58],[120.48,-15.43],[120.53,-15.29],[120.79,-14.99],[120.82,-14.74],[120.91,-14.66],[121.32,-14.5],[121.61,-14.23],[121.63,-14.04],[121.7,-13.93],[121.71,-13.81],[121.63,-13.5],[121.68,-13.44],[121.75,-13.42],[121.8,-13.25],[122.06,-13.03],[122.28,-13.06],[122.47,-12.96],[122.48,-12.69],[122.42,-12.41],[122.52,-12.24],[122.59,-12.02],[122.52,-11.91],[122.52,-11.83],[122.56,-11.72],[122.63,-11.64],[123.02,-11.42],[123.05,-11.38],[123.22,-11.33],[123.34,-11.26],[123.48,-11.26],[123.62,-11.18],[124.1,-11.21],[124.15,-11.06],[124.35,-11.0],[124.62,-10.83],[124.82,-10.76],[125.09,-10.59],[125.56,-10.38],[125.84,-10.19],[126.54,-10.05],[127.4,-9.55],[127.51,-9.54],[127.68,-9.58],[127.81,-9.53],[128.04,-9.34],[128.18,-9.34],[128.27,-9.29],[128.51,-9.27],[128.8,-9.2],[129.32,-9.16],[129.4,-9.14],[129.5,-9.05],[129.61,-9.03],[129.95,-8.86],[130.2,-8.9],[130.39,-8.81],[130.66,-8.87],[130.75,-8.76],[130.89,-8.78],[131.18,-8.62],[131.35,-8.45],[131.66,-8.31],[131.74,-8.16],[131.95,-7.95],[132.02,-7.82],[132.14,-7.78],[132.14,-7.68],[132.24,-7.58],[132.24,-7.49],[132.42,-7.39],[132.42,-7.32],[132.3,-7.34],[132.12,-7.49],[132.06,-7.55],[132.02,-7.68],[131.59,-8.06],[131.47,-8.09],[131.35,-8.26],[131.18,-8.4],[130.67,-8.59],[129.97,-8.57],[129.92,-8.48],[130.01,-8.3],[129.79,-8.33],[129.62,-8.11],[129.44,-8.07],[129.45,-7.8],[129.63,-7.68],[129.62,-7.5],[129.75,-7.52],[129.86,-7.68],[130.01,-7.58],[130.18,-7.66],[130.35,-7.65],[130.39,-7.75],[130.28,-7.9],[130.53,-7.91],[130.62,-7.83],[130.69,-7.52],[130.81,-7.31],[130.88,-7.27],[131.04,-7.25],[131.33,-7.01],[131.49,-6.64],[131.64,-6.48],[131.62,-6.36],[131.79,-6.22],[131.85,-6.23],[131.9,-6.34],[132.07,-6.38],[132.1,-6.53],[132.26,-6.58],[132.52,-6.86],[132.52,-6.93],[132.38,-7.15],[132.48,-7.25],[132.56,-7.2],[132.7,-7.03],[133.47,-6.35],[133.62,-6.3],[133.75,-6.19],[133.82,-6.02],[134.03,-5.73],[134.04,-5.59],[134.11,-5.5],[134.14,-5.38],[134.45,-5.09],[134.38,-4.93],[134.37,-4.76],[134.38,-4.65],[134.52,-4.39],[134.5,-4.34],[134.42,-4.32],[134.35,-4.2],[134.23,-4.2],[134.18,-4.15],[133.97,-4.18],[133.92,-4.34],[133.58,-4.46],[133.48,-4.42],[133.3,-4.25],[133.2,-4.2],[132.89,-4.22],[132.8,-4.15],[132.6,-3.82],[132.55,-3.65],[132.46,-3.53],[132.43,-3.38],[132.13,-3.22],[131.89,-3.18],[131.69,-3.1],[131.57,-2.93],[130.97,-2.64],[130.94,-2.59],[130.73,-2.52],[130.13,-2.47],[129.79,-2.33],[129.65,-2.35],[129.46,-2.26],[129.14,-2.33],[128.9,-2.21],[128.81,-2.11],[128.82,-2.04],[129.02,-1.82],[129.07,-1.63],[129.33,-1.48],[129.36,-1.45],[129.34,-1.39],[129.28,-1.42],[129.12,-1.56],[128.82,-1.65],[128.62,-1.66],[128.47,-1.75],[128.3,-1.73],[128.21,-1.9],[127.92,-1.82],[127.66,-1.94],[127.44,-1.85],[127.24,-1.87],[127.11,-1.77],[127.1,-1.73],[127.22,-1.61],[127.18,-1.39],[127.32,-1.2],[127.36,-1.04],[127.9,-1.03],[127.94,-1.01],[127.7,-1.01],[127.09,-0.83],[126.95,-0.56],[126.89,-0.0],[122.31,-0.0],[122.95,-0.12],[123.02,-0.19],[123.53,-0.47],[123.62,-0.6],[123.68,-0.75],[123.66,-0.88],[123.54,-1.0],[123.53,-1.08],[123.79,-1.32],[124.42,-1.34],[124.68,-1.49],[125.11,-1.49],[125.42,-1.66],[125.64,-1.61],[126.55,-1.69],[126.74,-1.78],[126.73,-1.86],[126.58,-1.94],[126.14,-2.02],[126.09,-2.14],[126.16,-2.48],[126.12,-2.54],[126.06,-2.57],[125.93,-2.46],[125.79,-2.11],[125.71,-2.06],[125.38,-2.06],[125.19,-1.99],[125.04,-2.04],[124.68,-2.06],[124.51,-2.16],[124.16,-2.15],[123.49,-2.3],[123.3,-2.25],[122.99,-2.38],[122.78,-2.3],[122.64,-2.3],[122.58,-2.23],[122.52,-2.3],[122.34,-2.32],[122.26,-2.29],[122.24,-2.2],[122.26,-2.05],[122.3,-1.99],[122.33,-1.87],[122.44,-1.77],[122.32,-1.81],[122.18,-1.96],[122.16,-2.09],[122.1,-2.14],[122.09,-2.2],[122.18,-2.64],[122.38,-2.71],[122.46,-2.79],[122.66,-2.86],[122.9,-3.09],[123.07,-3.17],[123.24,-3.38],[123.36,-3.63],[123.32,-3.7],[123.22,-3.77],[123.31,-3.82],[123.37,-3.9],[123.38,-4.11],[123.18,-4.37],[123.36,-4.6],[123.49,-4.7],[123.5,-4.75],[123.49,-4.8],[123.38,-4.85],[123.33,-4.98],[123.24,-5.01],[123.14,-4.99],[123.13,-5.04],[123.46,-5.2],[123.56,-5.11],[123.69,-5.13],[123.94,-5.41],[124.13,-5.36],[124.3,-5.42],[124.26,-5.36],[124.04,-5.23],[124.03,-5.16],[124.07,-5.12],[124.19,-5.1],[124.45,-5.21],[124.85,-5.5],[124.86,-5.61],[124.79,-5.65],[124.66,-5.64],[124.63,-5.78],[124.46,-5.9],[124.5,-5.97],[124.74,-5.97],[124.78,-6.02],[124.77,-6.11],[124.65,-6.18],[124.5,-6.14],[124.34,-6.17],[124.28,-6.08],[124.27,-5.93],[124.23,-6.09],[124.17,-6.13],[124.01,-6.1],[123.89,-6.0],[123.69,-5.98],[123.33,-5.59],[123.32,-5.47],[123.41,-5.31],[123.39,-5.27],[123.25,-5.4],[123.0,-5.55],[122.76,-5.83],[122.54,-5.76],[122.4,-5.82],[122.35,-5.81],[122.36,-5.64],[122.28,-5.57],[121.75,-5.67],[121.69,-5.64],[121.65,-5.6],[121.63,-5.42],[121.54,-5.33],[121.49,-5.16],[121.42,-5.09],[121.18,-4.63],[121.18,-4.42],[121.03,-4.18],[121.01,-4.01],[120.77,-3.77],[120.74,-3.69],[120.75,-3.38],[120.72,-3.35],[120.67,-3.39],[120.62,-3.55],[120.67,-3.78],[120.64,-4.36],[120.66,-4.44],[120.79,-4.56],[120.87,-4.71],[120.92,-4.98],[120.89,-5.08],[120.6,-5.38],[120.58,-5.43],[120.58,-5.62],[120.67,-6.07],[120.65,-6.38],[120.55,-6.62],[120.54,-6.83],[120.6,-6.85],[120.74,-6.7],[120.87,-6.64],[120.88,-6.45],[120.98,-6.29],[120.92,-6.18],[120.92,-6.07],[120.96,-6.02],[121.05,-6.01],[121.11,-6.07],[121.2,-6.26],[121.4,-6.37],[121.42,-6.53],[121.37,-6.62],[121.37,-6.7],[121.54,-7.05],[121.61,-7.08],[121.78,-7.03],[121.94,-7.1],[122.16,-7.12],[122.18,-7.21],[122.06,-7.3],[122.3,-7.26],[122.33,-7.33],[122.27,-7.42],[122.16,-7.49],[121.97,-7.47],[121.79,-7.56],[121.58,-7.48],[121.12,-7.59],[121.03,-7.46],[120.89,-7.39],[120.74,-7.37],[120.67,-7.3],[120.36,-7.15],[120.33,-7.08],[120.38,-6.82],[120.24,-6.77],[120.15,-6.68],[120.24,-6.34],[120.18,-6.16],[120.11,-6.13],[119.95,-6.17],[119.79,-6.12],[119.7,-6.18],[119.68,-6.32],[119.61,-6.31],[119.52,-6.24],[119.51,-6.28],[119.66,-6.55],[119.59,-6.86],[119.47,-6.96],[119.05,-7.1],[118.95,-7.2],[118.69,-7.36],[118.46,-7.33],[118.44,-7.38],[118.55,-7.47],[118.56,-7.56],[118.5,-7.64],[118.41,-7.71],[118.25,-7.7],[118.18,-7.51],[118.15,-7.58],[118.1,-7.62],[117.89,-7.63],[117.72,-7.75],[117.57,-7.8],[117.43,-7.8],[117.29,-7.89],[117.19,-7.9],[117.05,-7.82],[116.86,-7.82],[116.53,-7.66],[116.5,-7.67],[116.47,-7.77],[116.4,-7.77],[116.35,-7.63],[116.16,-7.65],[115.78,-7.37],[115.53,-7.41],[115.49,-7.58],[115.32,-7.73],[115.33,-7.85],[115.2,-7.94],[115.37,-7.94],[115.57,-8.1],[115.81,-8.31],[115.85,-8.38],[115.82,-8.48],[115.85,-8.5],[115.99,-8.23],[116.3,-8.08],[117.01,-8.15],[117.23,-7.97],[118.36,-7.99],[118.44,-8.04],[118.48,-8.12],[118.63,-8.11],[118.8,-8.18],[119.02,-8.02],[119.11,-8.02],[119.2,-8.07],[119.23,-8.26],[119.29,-8.27],[119.64,-8.23],[119.76,-8.18],[119.95,-8.23],[120.09,-8.23],[120.35,-8.09],[120.43,-8.09],[120.82,-8.23],[121.18,-8.26],[121.53,-8.4],[121.59,-8.38],[121.63,-8.26],[121.73,-8.21],[121.83,-8.23],[121.86,-8.38],[121.99,-8.33],[122.14,-8.32],[122.16,-8.26],[122.09,-8.21],[122.04,-8.11],[122.07,-8.02],[122.14,-7.99],[122.21,-8.03],[122.27,-8.17],[122.45,-8.28],[122.64,-8.16],[122.76,-8.02],[122.83,-7.99],[123.11,-8.08],[123.58,-8.13],[123.72,-8.1],[123.96,-8.11],[124.08,-8.06],[124.2,-8.14],[124.27,-8.06],[124.58,-8.01],[124.85,-8.07],[125.12,-8.06],[125.21,-8.11],[125.26,-8.19],[125.27,-8.32],[125.19,-8.39],[124.88,-8.46],[124.68,-8.48],[124.15,-8.62],[124.04,-8.61],[123.85,-8.51],[123.76,-8.5],[123.53,-8.64],[123.19,-8.66],[123.05,-8.64],[122.91,-8.7],[122.72,-8.7],[122.51,-8.81],[122.08,-8.84],[121.92,-8.92],[121.3,-9.03],[121.16,-9.0],[120.89,-9.02],[120.7,-9.0],[120.65,-9.06],[120.62,-9.17],[120.52,-9.27],[120.53,-9.31],[120.74,-9.36],[120.77,-9.5],[120.86,-9.53],[120.91,-9.62],[121.04,-9.67],[121.1,-9.89],[121.28,-10.01],[121.33,-10.17],[121.29,-10.27],[121.18,-10.34],[120.94,-10.36],[120.7,-10.46],[120.51,-10.42],[120.14,-10.44],[119.97,-10.5],[119.9,-10.49],[119.82,-10.43],[119.78,-10.17],[119.47,-9.98],[119.09,-9.95],[118.76,-9.75],[118.73,-9.7],[118.7,-9.48],[118.9,-9.29],[119.13,-9.18],[119.44,-9.13],[119.53,-9.06],[119.51,-8.99],[119.27,-8.89],[118.93,-8.95],[118.7,-8.93],[118.46,-9.05],[118.13,-9.07],[118.01,-9.05],[117.86,-9.1],[117.72,-9.07],[117.67,-9.12],[117.58,-9.12],[117.45,-9.21],[117.2,-9.24],[117.07,-9.2],[116.88,-9.19],[116.66,-9.07],[116.45,-9.1],[116.06,-9.07],[115.94,-9.0],[115.82,-9.07],[115.68,-9.02],[115.51,-9.02],[115.37,-8.95],[115.27,-9.0],[115.03,-8.99],[114.95,-8.95],[114.88,-8.85],[114.79,-8.95],[114.53,-8.93],[114.34,-8.84],[114.24,-8.86],[114.1,-8.78],[113.95,-8.81],[113.77,-8.79],[113.46,-8.67],[113.36,-8.67],[113.11,-8.78],[112.97,-8.66],[112.78,-8.69],[112.63,-8.76],[112.41,-8.67],[112.33,-8.71],[112.34,-8.98],[112.27,-9.04],[112.2,-9.05],[112.15,-9.02],[112.09,-8.84],[111.97,-8.74],[111.83,-8.76],[111.71,-8.91],[111.6,-8.95],[111.51,-8.91],[111.34,-8.72],[111.24,-8.81],[111.15,-8.82],[110.93,-8.71],[110.78,-8.77],[110.52,-8.69],[110.47,-8.62],[110.38,-8.59],[110.23,-8.5],[110.09,-8.52],[109.94,-8.44],[109.72,-8.49],[109.59,-8.47],[109.51,-8.4],[109.54,-8.21],[109.5,-8.19],[109.26,-8.32],[109.1,-8.33],[108.91,-8.23],[108.7,-8.23],[108.6,-8.18],[108.48,-8.21],[108.36,-8.09],[108.19,-8.06],[108.1,-7.98],[107.92,-7.99],[107.75,-7.89],[107.59,-7.89],[107.54,-7.7],[107.38,-7.61],[107.18,-7.63],[107.04,-7.56],[106.97,-7.61],[106.31,-7.64],[106.2,-7.56],[106.15,-7.39],[106.16,-7.31],[106.25,-7.18],[106.24,-7.12],[106.1,-7.08],[105.89,-7.06],[105.57,-7.17],[105.31,-7.11],[105.04,-6.69],[104.98,-6.46],[105.02,-6.26],[104.95,-6.25],[104.88,-6.14],[104.87,-6.5],[104.81,-6.58],[104.7,-6.6],[104.64,-6.53],[104.49,-6.45],[104.38,-6.19],[104.31,-6.13],[103.87,-5.42],[103.63,-5.16],[103.47,-5.12],[103.3,-5.02],[103.03,-4.99],[102.91,-4.82],[102.46,-4.68],[102.31,-4.68],[101.95,-4.31],[101.84,-4.11],[101.68,-4.04],[101.59,-4.2],[101.59,-4.42],[101.72,-4.59],[101.8,-4.92],[101.85,-4.98],[102.05,-5.02],[102.12,-5.09],[102.56,-5.23],[102.66,-5.32],[102.72,-5.45],[102.74,-5.66],[102.84,-5.76],[102.87,-5.84],[102.83,-5.97],[102.77,-6.0],[102.7,-5.99],[102.53,-5.83],[102.36,-5.83],[102.29,-5.74],[101.98,-5.5],[101.9,-5.3],[101.71,-5.21],[101.56,-5.02],[101.52,-4.9],[101.36,-4.84],[101.14,-4.54],[100.97,-4.42],[100.66,-3.92],[100.51,-3.6],[100.3,-3.43],[100.1,-3.22],[100.01,-3.02],[99.86,-2.92],[99.73,-2.58],[99.41,-2.4],[99.37,-2.17],[99.22,-2.14],[99.1,-2.04],[98.95,-2.04],[98.82,-1.92],[98.44,-1.36],[98.38,-1.2],[98.38,-0.98],[98.34,-0.98],[98.23,-1.06],[98.15,-1.05],[98.1,-1.0],[98.08,-0.94],[98.16,-0.84],[98.09,-0.71],[98.09,-0.57],[98.15,-0.43],[98.08,-0.36],[97.87,-0.34],[97.72,-0.21],[97.67,-0.13],[97.68,0.02],[97.58,0.16],[97.5,0.66],[97.18,0.62],[97.08,0.74],[97.06,0.82],[97.1,0.96],[97.01,1.06],[96.93,1.23],[96.98,1.54],[97.08,1.63],[96.81,1.93],[96.74,1.96],[96.6,1.94],[96.49,2.0],[96.43,2.11],[96.43,2.21],[96.19,2.08],[96.12,2.09],[96.08,2.13],[96.04,2.32],[95.98,2.38],[95.76,2.3],[95.66,2.32],[95.59,2.5],[95.45,2.7],[95.36,2.66],[95.21,2.73],[94.99,2.71],[94.76,2.8],[94.73,2.84],[94.72,2.91],[94.76,3.01],[94.83,3.06],[94.93,3.07],[94.94,3.12],[94.8,3.29],[94.73,3.46],[94.61,3.58],[94.63,3.84],[94.56,4.04],[94.63,4.15],[94.71,4.18],[94.81,4.14],[94.87,3.94],[94.99,3.86],[95.06,3.74],[95.04,3.67],[95.11,3.46],[95.35,3.38],[95.43,3.16],[95.52,3.16],[95.6,3.33],[95.59,3.38],[95.37,3.59],[95.38,3.72],[95.33,3.84],[95.43,3.99],[95.44,4.08],[95.21,4.47],[95.21,4.63],[94.92,5.06],[94.84,5.13],[94.75,5.4],[94.78,5.81],[94.73,5.95],[94.76,6.11],[94.86,6.17],[95.06,5.98],[95.1,5.98],[94.89,6.22],[94.87,6.32],[94.96,6.37],[95.21,6.17],[95.29,6.16],[95.48,5.9],[95.57,5.83],[95.87,5.77],[96.12,5.66],[96.48,5.6],[96.72,5.62],[96.72,5.74],[96.74,5.76],[96.81,5.77],[96.91,5.69],[97.15,5.76],[97.27,6.05],[97.27,6.17],[97.32,6.24],[97.34,6.37],[97.25,6.96],[97.13,7.03],[97.07,7.11],[96.89,7.1],[96.58,7.18],[96.52,7.32],[96.48,7.34],[96.26,7.3],[96.08,7.0],[95.96,6.95],[95.87,7.0],[95.93,7.15],[95.81,7.15],[95.72,7.23],[95.64,7.66],[95.69,7.9],[95.74,7.94],[95.74,8.18],[95.88,8.5],[95.88,8.66],[96.02,8.95],[96.05,9.24],[96.14,9.38],[96.1,9.6],[96.24,9.82],[96.24,10.1],[96.31,10.22],[96.32,10.41],[96.41,10.56],[96.38,10.68],[96.43,10.8],[96.38,10.9],[96.41,11.14],[96.5,11.33],[96.44,11.54],[96.48,12.05],[96.55,12.17],[96.53,12.34],[96.55,12.52],[96.53,12.64],[96.35,13.02],[96.37,13.39],[96.26,13.56],[95.98,13.66],[95.95,13.7],[95.26,13.81],[95.04,13.92],[94.82,13.81],[94.66,13.84]],[[94.85,13.44],[94.78,13.48],[94.78,13.55],[94.84,13.6],[94.94,13.61],[94.97,13.58],[94.97,13.46],[94.85,13.44]],[[94.86,13.1],[94.97,13.09],[95.03,12.97],[95.02,12.83],[94.9,12.77],[94.97,12.61],[94.97,12.53],[94.78,12.43],[94.65,12.42],[94.63,12.44],[94.63,12.6],[94.57,12.9],[94.59,12.94],[94.71,12.95],[94.75,13.03],[94.86,13.1]],[[94.49,12.65],[94.52,12.6],[94.51,12.46],[94.37,12.36],[94.37,12.22],[94.31,12.12],[94.19,12.02],[94.13,12.02],[94.12,12.11],[94.2,12.26],[94.18,12.36],[94.39,12.64],[94.49,12.65]],[[94.37,12.04],[94.39,12.19],[94.5,12.3],[94.78,12.36],[94.83,12.34],[94.85,12.27],[94.73,12.14],[94.74,12.07],[94.79,12.02],[94.89,12.01],[94.91,11.91],[94.83,11.83],[94.68,11.82],[94.62,11.84],[94.58,12.0],[94.43,11.94],[94.37,12.04]],[[94.0,11.93],[94.0,11.81],[93.92,11.77],[93.87,11.81],[93.87,11.92],[93.92,11.98],[94.0,11.93]],[[93.66,11.92],[93.65,11.64],[93.7,11.45],[93.65,11.31],[93.62,10.69],[93.56,10.64],[93.45,10.72],[93.24,11.35],[93.38,11.59],[93.37,11.77],[93.58,12.11],[93.64,12.13],[93.69,12.11],[93.7,12.05],[93.66,11.92]],[[93.92,12.36],[93.97,12.3],[93.96,12.24],[93.88,12.2],[93.82,12.21],[93.8,12.35],[93.92,12.36]],[[93.75,12.6],[93.79,12.58],[93.8,12.48],[93.68,12.47],[93.64,12.53],[93.69,12.59],[93.75,12.6]],[[94.09,7.28],[94.04,7.49],[94.06,7.66],[94.11,7.69],[94.18,7.61],[94.21,7.3],[94.14,7.25],[94.09,7.28]],[[95.73,6.39],[95.64,6.6],[95.62,6.91],[95.64,6.96],[95.72,7.01],[95.88,6.89],[96.05,6.84],[96.19,6.67],[96.2,6.62],[96.16,6.38],[96.1,6.26],[95.96,6.29],[95.81,6.29],[95.73,6.39]],[[96.17,6.95],[96.33,6.93],[96.36,6.87],[96.34,6.82],[96.25,6.77],[96.15,6.81],[96.09,6.91],[96.17,6.95]],[[96.28,6.5],[96.23,6.56],[96.24,6.64],[96.3,6.7],[96.37,6.72],[96.43,6.66],[96.41,6.58],[96.35,6.51],[96.28,6.5]],[[92.48,8.14],[92.45,8.09],[92.4,8.08],[92.3,8.17],[92.3,8.29],[92.25,8.4],[92.3,8.46],[92.4,8.47],[92.45,8.44],[92.45,8.35],[92.4,8.3],[92.48,8.14]],[[92.11,9.42],[92.16,9.38],[92.16,9.3],[92.04,9.27],[92.0,9.33],[92.02,9.38],[92.11,9.42]],[[91.93,10.29],[91.98,10.13],[91.93,10.06],[91.87,10.08],[91.84,10.2],[91.89,10.29],[91.93,10.29]],[[93.98,5.83],[94.05,5.88],[94.12,5.83],[94.18,5.54],[94.25,5.35],[94.22,5.27],[94.03,5.12],[93.95,5.14],[93.92,5.28],[93.75,5.65],[93.76,5.73],[93.8,5.78],[93.96,5.71],[93.98,5.83]],[[93.68,5.28],[93.74,5.21],[93.77,4.99],[93.62,5.01],[93.6,4.87],[93.57,4.86],[93.48,4.9],[93.44,4.74],[93.36,4.72],[93.26,4.75],[93.23,4.89],[93.22,5.18],[93.36,5.16],[93.45,5.2],[93.55,5.19],[93.61,5.27],[93.68,5.28]],[[94.32,4.86],[94.36,4.86],[94.38,4.78],[94.36,4.7],[94.32,4.69],[94.27,4.7],[94.26,4.76],[94.26,4.81],[94.32,4.86]],[[93.72,4.83],[93.78,4.77],[93.77,4.7],[93.7,4.68],[93.59,4.73],[93.59,4.79],[93.62,4.82],[93.72,4.83]],[[93.45,5.27],[93.24,5.32],[93.23,5.37],[93.27,5.76],[93.31,5.79],[93.44,5.78],[93.53,5.69],[93.52,5.64],[93.43,5.54],[93.53,5.38],[93.51,5.32],[93.45,5.27]],[[94.47,4.63],[94.53,4.61],[94.56,4.53],[94.56,4.46],[94.51,4.43],[94.42,4.51],[94.42,4.58],[94.47,4.63]],[[93.42,4.63],[93.49,4.52],[93.46,4.45],[93.37,4.48],[93.33,4.54],[93.36,4.61],[93.42,4.63]],[[103.66,-6.65],[103.55,-6.57],[103.54,-6.54],[103.6,-6.48],[103.69,-6.47],[103.78,-6.55],[103.78,-6.62],[103.66,-6.65]],[[109.84,-9.77],[109.72,-9.7],[109.68,-9.59],[109.72,-9.51],[109.86,-9.46],[109.93,-9.53],[109.96,-9.68],[109.92,-9.77],[109.84,-9.77]],[[110.54,-9.77],[110.48,-9.72],[110.46,-9.65],[110.47,-9.57],[110.52,-9.5],[110.64,-9.47],[110.8,-9.55],[110.8,-9.66],[110.74,-9.72],[110.54,-9.77]],[[113.13,-10.05],[113.02,-9.99],[113.02,-9.89],[113.08,-9.83],[113.19,-9.82],[113.27,-9.88],[113.28,-9.96],[113.24,-10.03],[113.13,-10.05]],[[113.28,-10.03],[113.38,-10.01],[113.49,-10.09],[113.55,-10.2],[113.52,-10.3],[113.39,-10.32],[113.27,-10.24],[113.28,-10.03]],[[105.57,-10.63],[105.49,-10.54],[105.52,-10.41],[105.6,-10.33],[105.74,-10.34],[105.8,-10.43],[105.77,-10.55],[105.67,-10.63],[105.57,-10.63]],[[121.18,-10.63],[121.32,-10.56],[121.39,-10.44],[121.51,-10.41],[121.42,-10.27],[121.46,-10.19],[122.02,-10.18],[122.26,-10.3],[122.23,-10.66],[122.02,-10.7],[121.85,-10.9],[121.7,-10.97],[121.55,-10.92],[121.01,-10.99],[120.97,-10.9],[121.1,-10.8],[121.18,-10.63]],[[123.07,-10.44],[123.21,-10.05],[123.26,-9.99],[123.47,-9.92],[123.71,-9.41],[123.84,-9.36],[123.98,-9.22],[124.44,-9.08],[124.87,-8.86],[125.04,-8.69],[125.1,-8.56],[125.28,-8.52],[125.42,-8.45],[125.74,-8.42],[125.88,-8.38],[126.12,-8.4],[126.36,-8.33],[126.58,-8.33],[126.67,-8.26],[127.47,-8.26],[127.53,-8.3],[127.56,-8.47],[127.54,-8.59],[127.46,-8.65],[127.34,-8.57],[127.27,-8.81],[127.09,-8.79],[126.91,-8.95],[126.75,-8.91],[126.62,-9.02],[126.24,-9.17],[126.07,-9.26],[125.93,-9.26],[125.71,-9.34],[125.57,-9.46],[125.44,-9.49],[125.32,-9.63],[125.26,-9.62],[125.21,-9.58],[125.09,-9.84],[124.71,-10.1],[124.47,-10.36],[124.32,-10.45],[124.11,-10.45],[123.79,-10.68],[123.6,-10.73],[123.47,-10.8],[123.07,-11.14],[122.83,-11.21],[122.74,-11.18],[122.57,-11.24],[122.5,-11.23],[122.24,-10.98],[122.21,-10.83],[122.37,-10.52],[122.44,-10.5],[122.78,-10.55],[122.88,-10.49],[123.01,-10.5],[123.07,-10.44]],[[125.62,-8.38],[125.43,-8.34],[125.37,-8.24],[125.64,-8.02],[125.91,-7.59],[125.97,-7.58],[126.17,-7.63],[126.38,-7.53],[126.65,-7.48],[126.71,-7.49],[126.92,-7.66],[126.93,-7.73],[126.91,-7.79],[126.62,-7.91],[126.5,-8.03],[126.14,-7.98],[125.92,-8.03],[125.79,-8.13],[125.67,-8.34],[125.62,-8.38]],[[122.39,-7.86],[122.3,-7.87],[122.24,-7.82],[122.2,-7.75],[122.23,-7.68],[122.33,-7.64],[122.42,-7.69],[122.45,-7.78],[122.39,-7.86]],[[123.58,-7.83],[123.55,-7.77],[123.58,-7.73],[123.63,-7.7],[123.69,-7.72],[123.7,-7.82],[123.58,-7.83]],[[127.32,-7.73],[127.25,-7.65],[127.21,-7.52],[127.22,-7.45],[127.28,-7.42],[127.55,-7.43],[127.7,-7.5],[127.73,-7.55],[127.7,-7.62],[127.47,-7.71],[127.32,-7.73]],[[128.59,-7.46],[128.54,-7.43],[128.52,-7.3],[128.37,-7.28],[128.34,-7.18],[128.55,-7.01],[128.68,-7.01],[128.78,-7.09],[128.78,-7.19],[128.69,-7.32],[128.64,-7.45],[128.59,-7.46]],[[122.41,-7.01],[122.16,-6.97],[122.12,-6.87],[122.16,-6.79],[122.33,-6.75],[122.5,-6.83],[122.54,-6.9],[122.54,-6.96],[122.41,-7.01]],[[129.51,-6.82],[129.34,-6.7],[129.34,-6.62],[129.37,-6.58],[129.46,-6.57],[129.64,-6.64],[129.63,-6.75],[129.57,-6.81],[129.51,-6.82]],[[129.06,-7.0],[129.06,-6.96],[129.17,-6.88],[129.24,-6.87],[129.28,-6.91],[129.29,-7.01],[129.25,-7.05],[129.14,-7.06],[129.06,-7.0]],[[129.96,-7.39],[130.01,-7.36],[130.29,-7.33],[130.34,-7.42],[130.23,-7.53],[130.05,-7.56],[129.98,-7.54],[129.94,-7.48],[129.96,-7.39]],[[127.07,-8.02],[127.11,-7.94],[127.21,-7.93],[127.33,-7.99],[127.36,-8.06],[127.29,-8.14],[127.17,-8.16],[127.09,-8.11],[127.07,-8.02]],[[127.53,-8.14],[127.57,-8.05],[127.63,-8.01],[127.8,-8.0],[128.33,-8.09],[128.65,-8.01],[128.86,-8.09],[129.0,-8.09],[129.28,-8.2],[129.34,-8.25],[129.36,-8.33],[129.3,-8.39],[129.12,-8.47],[129.05,-8.46],[128.98,-8.35],[128.86,-8.37],[128.77,-8.28],[128.65,-8.3],[128.61,-8.37],[128.54,-8.4],[128.46,-8.39],[128.37,-8.29],[128.21,-8.38],[127.94,-8.33],[127.85,-8.26],[127.66,-8.33],[127.57,-8.28],[127.53,-8.14]],[[129.43,-8.47],[129.6,-8.51],[129.64,-8.57],[129.62,-8.64],[129.36,-8.66],[129.35,-8.57],[129.43,-8.47]],[[104.97,-11.53],[104.83,-11.36],[104.87,-11.29],[104.97,-11.25],[105.05,-11.31],[105.08,-11.41],[105.05,-11.5],[104.97,-11.53]],[[96.89,-12.29],[96.77,-12.21],[96.71,-12.02],[96.75,-11.82],[96.87,-11.75],[96.97,-11.79],[96.96,-11.88],[96.91,-11.95],[97.05,-12.17],[96.98,-12.26],[96.89,-12.29]],[[101.86,-11.99],[101.8,-11.96],[101.8,-11.9],[101.85,-11.84],[101.92,-11.84],[101.97,-11.89],[101.96,-11.94],[101.86,-11.99]],[[122.31,-12.29],[122.37,-12.3],[122.39,-12.37],[122.35,-12.43],[122.23,-12.39],[122.26,-12.31],[122.31,-12.29]],[[96.36,-13.31],[96.11,-13.25],[96.06,-13.19],[96.07,-13.13],[96.16,-13.07],[96.34,-13.08],[96.46,-13.22],[96.43,-13.29],[96.36,-13.31]],[[112.99,-19.9],[113.16,-19.66],[113.06,-19.54],[113.07,-19.47],[113.21,-19.42],[113.29,-19.26],[113.4,-19.22],[113.46,-19.15],[113.57,-19.13],[113.6,-19.17],[113.63,-19.34],[113.61,-19.46],[113.54,-19.56],[113.57,-20.11],[113.49,-20.22],[113.45,-20.45],[113.24,-20.55],[113.06,-20.71],[112.94,-20.69],[112.81,-20.78],[112.71,-20.78],[112.51,-20.52],[112.54,-20.38],[112.44,-20.3],[112.42,-20.06],[112.8,-19.92],[112.93,-19.95],[112.99,-19.9]],[[87.98,-27.38],[87.94,-27.33],[87.96,-27.26],[88.1,-27.21],[88.13,-27.24],[88.12,-27.33],[88.04,-27.39],[87.98,-27.38]],[[92.74,-28.2],[92.69,-28.16],[92.7,-28.1],[92.78,-28.06],[92.85,-28.09],[92.85,-28.17],[92.74,-28.2]],[[87.25,-30.31],[87.2,-30.23],[87.22,-30.16],[87.4,-30.09],[87.44,-30.1],[87.47,-30.17],[87.44,-30.26],[87.34,-30.32],[87.25,-30.31]],[[88.55,-30.93],[88.49,-30.88],[88.49,-30.84],[88.56,-30.78],[88.65,-30.78],[88.67,-30.9],[88.64,-30.93],[88.55,-30.93]],[[86.15,-31.55],[86.1,-31.49],[86.14,-31.44],[86.2,-31.41],[86.27,-31.43],[86.28,-31.54],[86.15,-31.55]],[[94.82,-31.55],[94.79,-31.46],[94.87,-31.41],[94.91,-31.45],[94.91,-31.54],[94.87,-31.57],[94.82,-31.55]],[[95.01,-31.57],[95.04,-31.51],[95.11,-31.48],[95.28,-31.61],[95.62,-31.63],[95.71,-31.77],[95.73,-31.89],[95.65,-31.96],[95.52,-31.95],[95.18,-31.78],[95.06,-31.68],[95.01,-31.57]],[[96.29,-31.94],[96.42,-31.92],[96.48,-32.0],[96.42,-32.06],[96.31,-32.05],[96.26,-31.99],[96.29,-31.94]],[[97.19,-32.31],[97.2,-32.26],[97.35,-32.25],[97.38,-32.28],[97.36,-32.37],[97.3,-32.41],[97.21,-32.39],[97.19,-32.31]],[[84.07,-32.34],[84.12,-32.4],[84.02,-32.49],[83.84,-32.51],[83.75,-32.44],[83.76,-32.38],[83.83,-32.33],[84.07,-32.34]],[[84.0,-32.93],[83.96,-32.84],[83.97,-32.73],[84.0,-32.69],[84.08,-32.66],[84.14,-32.75],[84.13,-32.86],[84.08,-32.94],[84.0,-32.93]],[[101.38,-33.16],[101.3,-33.09],[101.38,-33.02],[101.43,-33.04],[101.46,-33.11],[101.44,-33.15],[101.38,-33.16]],[[82.93,-33.79],[82.9,-33.69],[83.04,-33.64],[83.07,-33.75],[83.0,-33.79],[82.93,-33.79]],[[82.75,-34.2],[82.7,-34.15],[82.71,-34.08],[82.82,-34.0],[82.87,-34.0],[82.89,-34.04],[82.88,-34.13],[82.81,-34.2],[82.75,-34.2]],[[98.88,-55.01],[98.83,-54.98],[98.8,-54.93],[98.86,-54.81],[99.05,-54.73],[99.16,-54.78],[99.2,-54.86],[99.17,-54.94],[99.04,-55.01],[98.88,-55.01]],[[98.04,-57.08],[97.97,-57.02],[98.02,-56.93],[98.16,-56.88],[98.27,-56.91],[98.27,-56.99],[98.23,-57.04],[98.04,-57.08]],[[101.23,-63.33],[101.23,-63.24],[101.3,-63.2],[101.38,-63.22],[101.4,-63.26],[101.36,-63.32],[101.23,-63.33]],[[102.13,-63.33],[102.34,-63.29],[102.41,-63.36],[102.38,-63.48],[102.57,-63.57],[102.55,-63.65],[102.46,-63.68],[102.23,-63.68],[102.07,-63.62],[102.13,-63.33]],[[101.52,-63.46],[101.56,-63.52],[101.53,-63.61],[101.38,-63.68],[101.23,-63.66],[101.14,-63.57],[101.11,-63.5],[101.15,-63.41],[101.52,-63.46]],[[130.09,-6.22],[130.11,-6.3],[130.07,-6.39],[130.02,-6.42],[129.96,-6.41],[129.93,-6.35],[129.95,-6.26],[130.01,-6.21],[130.09,-6.22]],[[122.9,-6.22],[122.81,-6.29],[122.63,-6.27],[122.58,-6.22],[122.59,-6.07],[122.87,-6.05],[122.93,-6.12],[122.9,-6.22]],[[131.99,-6.2],[131.87,-6.09],[131.95,-5.76],[131.89,-5.43],[131.94,-5.22],[131.81,-4.99],[131.83,-4.87],[131.69,-4.82],[131.52,-4.46],[131.38,-4.37],[131.23,-4.18],[131.14,-4.1],[131.09,-4.01],[130.93,-4.0],[130.42,-3.89],[130.37,-3.72],[129.74,-3.41],[129.66,-3.42],[129.59,-3.51],[129.52,-3.53],[129.34,-3.47],[128.9,-3.42],[128.87,-3.46],[128.93,-3.53],[128.97,-3.65],[129.07,-3.71],[129.03,-3.78],[128.98,-3.77],[128.98,-3.72],[128.86,-3.79],[128.52,-3.7],[128.17,-3.84],[128.04,-3.85],[127.9,-3.8],[127.85,-3.74],[127.85,-3.55],[127.8,-3.41],[127.64,-3.43],[127.43,-3.35],[127.39,-3.2],[127.34,-3.11],[127.34,-3.05],[127.41,-3.0],[127.5,-2.99],[127.69,-3.1],[127.83,-2.87],[128.4,-2.67],[128.58,-2.53],[128.76,-2.5],[129.06,-2.61],[129.31,-2.52],[129.46,-2.59],[129.64,-2.6],[129.73,-2.64],[130.05,-2.67],[130.18,-2.71],[130.3,-2.62],[130.35,-2.62],[130.58,-2.76],[130.75,-2.76],[131.09,-2.92],[131.14,-2.98],[131.18,-3.17],[131.3,-3.02],[131.43,-3.04],[131.5,-3.24],[131.75,-3.28],[131.81,-3.36],[131.8,-3.44],[131.74,-3.5],[131.66,-3.51],[131.51,-3.45],[131.49,-3.47],[131.59,-3.62],[131.59,-3.74],[131.64,-3.82],[131.6,-4.0],[131.62,-4.06],[131.68,-3.97],[131.74,-3.96],[131.95,-4.06],[132.19,-4.07],[132.26,-4.15],[132.41,-4.09],[132.48,-4.1],[132.58,-4.22],[132.58,-4.37],[132.62,-4.38],[132.69,-4.33],[132.78,-4.35],[132.85,-4.55],[132.91,-4.63],[132.91,-4.73],[133.02,-4.88],[133.05,-5.0],[133.22,-5.06],[133.33,-5.34],[133.38,-5.36],[133.49,-5.27],[133.55,-5.35],[133.48,-5.57],[133.36,-5.67],[133.19,-5.72],[132.88,-6.15],[132.82,-6.22],[132.7,-6.26],[132.55,-6.48],[132.34,-6.54],[132.25,-6.49],[132.25,-6.29],[132.31,-6.15],[132.19,-6.0],[132.15,-6.03],[132.1,-6.19],[131.99,-6.2]],[[127.64,-5.61],[127.58,-5.66],[127.47,-5.65],[127.42,-5.57],[127.43,-5.47],[127.52,-5.41],[127.65,-5.43],[127.67,-5.48],[127.64,-5.61]],[[127.8,-5.51],[127.71,-5.45],[127.68,-5.36],[127.75,-5.28],[127.83,-5.27],[127.9,-5.3],[127.92,-5.41],[127.9,-5.5],[127.8,-5.51]],[[130.26,-5.5],[130.35,-5.46],[130.42,-5.5],[130.43,-5.54],[130.39,-5.59],[130.31,-5.6],[130.26,-5.56],[130.26,-5.5]],[[130.03,-4.39],[130.21,-4.62],[130.22,-4.7],[130.16,-4.76],[130.05,-4.75],[129.94,-4.63],[129.67,-4.61],[129.59,-4.56],[129.64,-4.46],[129.82,-4.44],[129.66,-4.35],[129.65,-4.28],[129.7,-4.25],[129.78,-4.24],[129.85,-4.27],[129.86,-4.39],[130.03,-4.39]],[[126.8,-4.55],[126.86,-4.61],[126.87,-4.67],[126.85,-4.72],[126.73,-4.73],[126.63,-4.68],[126.62,-4.63],[126.65,-4.58],[126.8,-4.55]],[[129.96,-4.3],[129.86,-4.19],[129.9,-4.1],[129.98,-4.11],[130.07,-4.22],[130.03,-4.3],[129.96,-4.3]],[[127.32,-3.87],[127.28,-3.94],[127.18,-3.95],[127.11,-3.92],[127.06,-3.79],[126.89,-3.89],[126.74,-3.91],[126.42,-3.82],[126.23,-3.72],[125.97,-3.44],[125.95,-3.34],[125.98,-3.08],[126.06,-3.0],[126.29,-3.02],[126.46,-2.98],[126.66,-2.88],[126.94,-2.93],[126.98,-2.98],[127.18,-2.98],[127.29,-3.09],[127.33,-3.18],[127.33,-3.6],[127.28,-3.71],[127.32,-3.87]]],[[[80.13,5.78],[80.0,5.81],[79.88,5.9],[79.81,6.01],[79.77,6.23],[79.6,6.45],[79.59,6.67],[79.51,6.91],[79.56,7.17],[79.54,8.33],[79.32,8.26],[79.19,8.13],[79.13,8.14],[79.07,8.22],[79.08,8.56],[79.02,8.65],[78.84,8.65],[78.53,8.44],[78.5,8.38],[78.5,8.21],[78.43,7.97],[78.1,7.58],[78.05,7.34],[77.88,7.18],[77.71,7.1],[77.57,6.98],[77.43,6.95],[77.31,6.97],[76.96,7.15],[76.78,7.42],[76.68,7.61],[76.68,7.73],[76.61,7.82],[76.56,7.97],[76.33,8.2],[76.3,8.28],[76.18,8.33],[75.92,8.58],[75.86,8.59],[75.61,8.47],[75.51,8.53],[75.43,8.75],[75.46,8.93],[75.41,9.0],[75.4,9.12],[75.48,9.31],[75.48,9.5],[75.53,9.62],[75.53,9.72],[75.58,9.77],[75.47,9.83],[75.45,9.89],[75.5,10.1],[75.5,10.3],[75.38,10.32],[75.34,10.44],[75.16,10.48],[75.14,10.54],[75.14,10.74],[74.95,11.04],[74.71,11.33],[74.66,11.45],[74.62,11.47],[74.34,11.89],[74.21,11.93],[74.15,11.98],[74.18,12.17],[74.04,12.43],[74.03,12.59],[73.83,12.84],[73.72,12.87],[73.58,12.83],[73.5,12.89],[73.46,13.13],[73.19,13.78],[73.1,13.71],[73.01,13.78],[72.99,13.85],[73.02,13.89],[73.17,13.92],[73.1,14.18],[73.07,14.19],[73.03,14.11],[72.97,14.08],[72.91,14.09],[72.82,14.18],[72.77,14.34],[72.77,14.5],[72.8,14.55],[72.92,14.61],[72.88,14.69],[72.64,14.68],[72.57,14.74],[72.55,14.84],[72.61,14.95],[72.74,14.98],[72.67,15.33],[72.56,15.62],[72.38,15.7],[72.47,15.82],[72.47,15.87],[72.31,16.03],[72.24,16.2],[72.07,16.18],[71.98,16.34],[71.87,16.34],[71.83,16.37],[71.81,16.46],[71.93,16.68],[71.81,16.92],[71.77,17.1],[71.67,17.13],[71.62,17.01],[71.47,17.04],[71.46,17.07],[71.51,17.15],[71.52,17.22],[71.4,17.32],[71.21,17.35],[71.04,17.59],[70.81,17.73],[70.56,18.02],[70.51,18.17],[70.11,18.64],[70.12,18.71],[70.18,18.77],[69.79,18.91],[69.67,18.98],[69.62,19.15],[69.51,19.25],[69.22,19.82],[69.22,19.92],[69.29,20.09],[69.22,20.18],[69.14,20.59],[69.05,20.75],[69.12,20.93],[68.89,21.0],[68.69,21.13],[68.06,21.19],[67.94,21.38],[67.78,21.43],[67.75,21.56],[67.82,21.72],[67.85,21.88],[67.84,21.93],[67.76,21.93],[67.71,21.85],[67.66,21.89],[67.65,21.92],[67.72,22.01],[67.66,22.08],[67.54,22.13],[67.37,22.34],[67.27,22.39],[67.22,22.51],[67.07,22.58],[66.77,22.78],[66.6,22.8],[66.54,22.95],[66.39,23.08],[66.24,23.33],[66.12,23.4],[65.78,23.71],[65.65,23.77],[65.64,23.82],[65.74,24.14],[65.71,24.15],[65.56,24.03],[65.5,24.03],[65.44,24.08],[65.43,24.2],[65.54,24.29],[65.54,24.34],[65.87,24.61],[65.89,24.72],[65.66,24.79],[65.5,24.74],[65.4,24.91],[65.21,24.91],[65.14,25.01],[64.7,24.84],[64.73,24.7],[64.6,24.63],[64.5,24.64],[64.48,24.72],[64.2,24.82],[64.09,24.75],[63.94,24.77],[63.77,24.74],[63.53,24.82],[63.31,24.7],[63.14,24.79],[62.71,24.86],[62.59,24.84],[62.4,24.86],[62.23,24.77],[62.06,24.77],[61.83,24.69],[61.57,24.68],[61.42,24.74],[61.25,24.73],[60.99,24.89],[59.96,24.95],[59.81,25.04],[59.54,24.98],[59.48,24.87],[59.43,24.84],[59.28,24.86],[59.11,24.82],[58.95,24.91],[58.75,24.89],[58.56,25.01],[58.01,25.06],[57.91,25.13],[57.74,25.1],[57.67,25.15],[57.55,25.15],[57.48,25.22],[57.31,25.22],[57.26,25.27],[57.17,25.26],[57.13,25.06],[57.06,24.96],[57.09,24.83],[57.31,24.67],[57.67,24.29],[57.86,24.24],[58.06,24.05],[58.21,24.07],[58.65,23.99],[58.7,23.9],[58.68,23.81],[58.85,23.74],[58.97,23.59],[58.97,23.54],[59.08,23.47],[59.11,23.28],[59.18,23.23],[59.47,22.83],[59.64,22.82],[59.76,22.68],[59.95,22.63],[60.0,22.5],[59.92,21.89],[59.81,21.72],[59.76,21.5],[59.62,21.24],[59.62,21.02],[59.54,20.93],[59.52,20.78],[59.21,20.46],[59.11,20.31],[58.94,20.16],[58.9,20.04],[58.85,20.02],[58.82,19.92],[58.76,19.88],[58.75,19.7],[58.68,19.61],[58.64,19.48],[58.49,19.39],[58.54,19.37],[58.54,19.27],[58.28,18.96],[58.08,18.83],[58.02,18.7],[58.04,18.55],[57.87,18.33],[57.84,18.14],[57.74,17.98],[57.71,17.72],[57.52,17.56],[57.34,17.5],[57.22,17.52],[57.14,17.45],[56.97,17.56],[56.76,17.49],[56.64,17.5],[56.5,17.43],[55.66,17.42],[55.46,17.47],[55.42,17.42],[55.41,17.21],[55.35,17.1],[55.22,16.99],[55.03,16.91],[54.82,16.87],[54.55,16.92],[54.5,16.87],[54.46,16.87],[54.43,16.82],[53.97,16.65],[53.59,16.68],[53.62,16.58],[53.57,16.51],[53.28,16.56],[52.99,16.49],[52.86,16.42],[52.65,16.19],[52.63,15.89],[52.57,15.66],[52.4,15.29],[52.22,15.11],[52.08,15.07],[51.67,14.88],[51.62,14.71],[51.52,14.64],[51.19,14.62],[50.98,14.71],[50.64,14.71],[50.35,14.64],[50.11,14.45],[49.99,14.47],[49.9,14.38],[49.67,14.33],[49.54,14.35],[49.47,14.51],[49.41,14.51],[49.3,14.4],[49.22,14.38],[49.15,14.26],[49.04,14.17],[49.07,14.05],[49.01,13.95],[48.65,13.68],[48.57,13.69],[48.36,13.8],[47.88,13.68],[47.71,13.68],[47.4,13.36],[47.16,13.34],[46.97,13.22],[46.68,13.17],[46.56,13.11],[46.22,13.13],[46.03,13.19],[45.96,13.06],[45.72,12.8],[45.45,12.64],[45.29,12.43],[45.13,12.33],[45.13,12.28],[45.31,12.24],[45.36,12.19],[45.48,12.25],[45.56,12.23],[45.61,12.17],[45.62,12.09],[45.57,12.03],[45.28,12.02],[45.24,11.9],[45.19,11.87],[44.9,11.84],[44.81,11.78],[44.81,11.62],[44.71,11.5],[44.71,11.35],[44.64,11.26],[44.64,11.11],[44.54,10.92],[44.6,10.79],[44.66,10.73],[45.12,10.75],[45.29,10.87],[45.41,10.9],[45.67,11.09],[46.2,11.06],[46.39,11.09],[46.65,11.01],[46.75,11.02],[46.97,11.14],[47.32,11.51],[47.42,11.57],[47.48,11.56],[47.59,11.5],[47.69,11.5],[47.78,11.42],[48.05,11.59],[48.38,11.69],[48.6,11.64],[48.77,11.71],[49.0,11.73],[49.18,11.69],[49.2,11.64],[49.39,11.69],[49.55,11.6],[49.64,11.6],[50.05,11.73],[50.19,11.73],[50.62,12.14],[50.84,12.3],[50.93,12.58],[51.14,12.67],[51.29,12.65],[51.47,12.49],[51.46,12.6],[51.49,12.65],[51.6,12.69],[51.66,12.68],[51.94,12.48],[52.15,12.56],[52.22,12.55],[52.34,12.34],[52.66,12.41],[52.85,12.29],[53.06,12.38],[53.08,12.46],[53.03,12.62],[53.09,12.71],[53.38,12.74],[53.54,12.82],[53.74,12.82],[53.95,12.91],[54.22,12.76],[54.53,12.67],[54.61,12.76],[54.67,12.76],[54.72,12.72],[54.72,12.6],[54.79,12.53],[54.73,12.27],[54.58,12.29],[54.22,12.05],[54.07,12.02],[53.91,11.89],[53.62,11.76],[53.59,11.71],[53.47,11.66],[53.45,11.62],[53.28,11.52],[53.22,11.34],[53.14,11.28],[52.9,11.3],[52.68,11.42],[52.56,11.59],[52.3,11.78],[52.24,11.98],[51.98,12.11],[51.83,12.13],[51.82,12.01],[51.93,11.81],[52.13,11.78],[52.18,11.71],[52.03,11.38],[51.77,11.3],[51.74,11.11],[51.67,10.96],[51.7,10.88],[51.89,10.68],[51.93,10.49],[51.92,10.38],[51.82,10.15],[51.75,9.87],[51.48,9.38],[51.17,9.0],[51.09,8.84],[50.84,8.81],[50.54,8.53],[50.51,8.45],[50.52,8.11],[50.35,7.92],[50.3,7.78],[50.21,7.66],[50.13,7.42],[50.11,7.01],[50.02,6.89],[49.97,6.77],[49.92,6.74],[49.8,6.43],[49.74,6.43],[49.66,6.34],[49.64,6.23],[49.68,5.94],[49.61,5.83],[49.49,5.74],[49.3,5.78],[49.24,5.68],[48.99,5.47],[48.96,5.14],[48.86,5.04],[48.84,4.87],[48.77,4.82],[48.74,4.73],[48.62,4.58],[48.62,4.46],[48.45,4.15],[48.26,3.96],[48.12,3.91],[47.91,3.75],[47.75,3.74],[47.4,3.37],[47.28,3.29],[47.26,3.14],[47.11,3.11],[46.85,2.95],[46.71,2.73],[46.62,2.68],[46.54,2.57],[46.39,2.5],[45.99,2.09],[45.79,2.02],[45.67,1.8],[45.58,1.8],[45.3,1.69],[45.14,1.53],[43.52,0.31],[43.28,0.05],[43.05,-0.34],[41.54,-2.06],[41.54,-2.18],[41.35,-2.35],[41.24,-2.72],[41.09,-2.88],[41.09,-3.02],[41.04,-3.12],[41.03,-3.39],[40.94,-3.53],[40.87,-3.77],[40.66,-4.01],[40.49,-4.3],[40.37,-4.37],[40.32,-4.51],[40.12,-4.7],[40.13,-4.85],[40.04,-5.4],[39.89,-5.69],[39.72,-5.71],[39.67,-5.93],[39.74,-6.12],[39.84,-6.22],[39.88,-6.33],[39.84,-6.5],[39.89,-6.55],[40.08,-6.62],[40.14,-6.69],[40.25,-7.03],[40.25,-7.27],[40.15,-7.46],[40.15,-7.82],[40.1,-7.96],[40.1,-8.11],[39.85,-8.33],[39.77,-8.54],[39.74,-8.89],[39.96,-9.65],[40.17,-9.89],[40.39,-10.03],[40.49,-10.03],[40.63,-10.18],[40.66,-10.25],[40.77,-10.21],[40.83,-10.25],[40.88,-10.38],[40.84,-10.57],[40.86,-10.66],[41.03,-10.96],[41.02,-11.33],[40.92,-11.47],[40.85,-12.08],[40.92,-12.43],[40.82,-12.62],[40.82,-12.77],[40.78,-12.86],[40.78,-13.03],[40.73,-13.18],[40.8,-13.78],[40.85,-13.92],[40.82,-14.04],[40.94,-14.18],[40.92,-14.33],[41.0,-14.39],[41.05,-14.67],[40.92,-15.62],[40.73,-15.94],[40.18,-16.49],[40.13,-16.63],[39.77,-16.99],[39.62,-17.04],[39.46,-17.21],[39.24,-17.33],[39.12,-17.33],[39.02,-17.42],[38.64,-17.66],[38.54,-17.66],[38.5,-17.71],[38.35,-17.76],[38.27,-17.89],[38.05,-18.02],[37.88,-18.18],[37.71,-18.49],[37.62,-18.75],[37.59,-19.0],[37.11,-19.48],[37.02,-19.61],[36.78,-19.81],[36.55,-20.12],[36.38,-20.2],[36.36,-20.26],[36.31,-20.28],[36.24,-20.64],[36.07,-20.89],[35.97,-21.29],[35.98,-21.53],[36.04,-21.65],[36.05,-21.76],[35.95,-22.1],[36.05,-22.42],[36.05,-22.61],[36.12,-22.87],[36.07,-23.11],[36.17,-23.16],[36.22,-23.28],[36.22,-23.39],[36.17,-23.57],[36.12,-23.59],[36.05,-23.76],[36.0,-23.95],[35.95,-24.48],[35.86,-24.6],[35.88,-24.72],[35.85,-24.86],[35.74,-24.98],[35.69,-25.13],[35.51,-25.32],[35.42,-25.61],[35.04,-25.82],[35.08,-25.87],[35.3,-25.85],[35.44,-25.92],[35.44,-26.01],[35.33,-26.21],[35.11,-26.33],[34.88,-26.35],[34.7,-26.3],[34.7,-26.24],[34.75,-26.19],[34.75,-26.16],[34.66,-26.12],[34.57,-26.15],[34.54,-26.2],[34.54,-26.35],[34.34,-26.47],[34.25,-26.71],[34.06,-26.81],[33.86,-26.95],[33.7,-26.98],[33.55,-27.07],[33.43,-27.1],[33.24,-27.28],[33.07,-27.24],[32.93,-27.51],[32.99,-27.74],[32.88,-27.96],[32.83,-28.27],[32.64,-28.68],[32.59,-28.85],[32.4,-29.04],[32.36,-29.2],[32.16,-29.45],[32.18,-29.57],[31.97,-29.78],[31.97,-29.86],[31.91,-29.93],[31.92,-30.07],[31.58,-30.19],[31.49,-30.26],[31.22,-30.34],[30.92,-30.67],[30.77,-30.7],[30.62,-30.91],[30.55,-30.94],[30.29,-31.25],[30.26,-31.32],[30.17,-31.37],[29.95,-31.58],[29.76,-31.7],[29.66,-31.82],[29.59,-31.85],[29.54,-32.02],[29.23,-32.3],[29.14,-32.47],[28.92,-32.64],[28.87,-32.74],[28.66,-32.86],[28.59,-32.97],[28.22,-33.22],[28.12,-33.36],[27.84,-33.45],[27.72,-33.62],[27.5,-33.77],[27.41,-33.91],[27.18,-34.01],[27.02,-34.16],[26.87,-34.24],[26.59,-34.31],[26.45,-34.39],[26.3,-34.39],[26.14,-34.51],[25.8,-34.54],[25.54,-34.61],[25.32,-34.75],[25.06,-34.85],[24.91,-34.97],[24.7,-34.97],[24.48,-35.04],[23.98,-35.06],[23.81,-35.14],[23.52,-35.18],[23.04,-35.38],[23.02,-35.42],[22.94,-35.45],[22.85,-35.54],[22.83,-35.69],[22.49,-35.77],[22.49,-35.86],[22.63,-35.88],[22.66,-35.99],[22.51,-36.05],[22.5,-36.16],[22.39,-36.24],[22.37,-36.34],[22.25,-36.38],[22.15,-36.58],[21.55,-36.74],[21.04,-36.95],[27.99,-69.32],[28.44,-69.24],[28.66,-69.24],[28.82,-69.19],[28.97,-69.24],[29.15,-69.23],[29.47,-69.02],[29.93,-69.02],[30.1,-68.93],[30.35,-68.86],[30.6,-68.69],[30.82,-68.62],[30.85,-68.56],[31.05,-68.46],[31.22,-68.42],[31.42,-68.24],[31.73,-68.14],[31.74,-67.98],[31.92,-67.9],[31.93,-67.84],[32.02,-67.75],[32.52,-67.44],[33.36,-67.45],[33.5,-67.56],[33.67,-67.59],[33.69,-67.64],[33.62,-67.71],[33.38,-67.7],[33.36,-67.82],[33.31,-67.87],[33.91,-67.92],[34.09,-67.81],[34.32,-67.8],[34.39,-67.97],[34.58,-68.02],[34.6,-68.08],[34.56,-68.13],[34.61,-68.16],[34.82,-68.09],[35.16,-68.06],[35.19,-68.11],[35.18,-68.2],[35.34,-68.22],[35.37,-68.11],[35.44,-68.08],[35.78,-68.14],[35.86,-68.21],[36.01,-68.24],[36.98,-68.23],[37.25,-68.33],[37.34,-68.33],[37.45,-68.37],[37.41,-68.45],[37.35,-68.47],[36.58,-68.45],[36.49,-68.53],[36.41,-68.69],[36.61,-68.73],[36.78,-68.67],[37.1,-68.68],[37.39,-68.59],[37.66,-68.42],[38.04,-68.4],[38.21,-68.35],[38.52,-68.35],[38.68,-68.29],[38.95,-68.3],[39.14,-68.18],[39.7,-68.14],[39.86,-68.06],[40.03,-68.07],[40.2,-67.97],[40.47,-67.96],[40.61,-67.92],[40.73,-68.02],[40.74,-67.93],[40.9,-67.92],[40.94,-67.85],[41.1,-67.78],[41.68,-67.72],[41.79,-67.66],[42.08,-67.62],[42.26,-67.54],[42.62,-67.54],[42.7,-67.48],[42.91,-67.46],[43.08,-67.39],[43.54,-67.37],[43.85,-67.27],[44.18,-67.22],[44.23,-67.15],[44.5,-67.06],[44.62,-67.08],[44.76,-67.06],[44.83,-67.1],[44.94,-67.12],[45.19,-67.03],[45.48,-67.01],[45.62,-66.94],[45.81,-66.96],[45.96,-66.89],[46.2,-66.86],[46.46,-66.7],[46.68,-66.67],[46.73,-66.62],[46.82,-66.62],[47.34,-66.43],[48.07,-66.41],[48.29,-66.36],[48.51,-66.41],[48.73,-66.36],[48.89,-66.29],[49.3,-66.29],[49.7,-66.03],[49.98,-65.99],[50.21,-65.99],[50.23,-65.98],[50.18,-65.96],[50.13,-65.87],[50.14,-65.81],[50.19,-65.78],[50.59,-65.73],[50.78,-65.66],[50.94,-65.8],[51.49,-65.63],[51.74,-65.62],[51.86,-65.64],[52.01,-65.57],[52.79,-65.56],[53.11,-65.47],[53.28,-65.34],[53.45,-65.29],[54.28,-65.35],[54.74,-65.48],[55.43,-65.54],[55.63,-65.64],[57.23,-65.84],[57.64,-66.04],[58.39,-66.24],[58.8,-66.24],[58.99,-66.38],[59.18,-66.43],[59.42,-66.6],[59.93,-66.62],[60.07,-66.67],[60.18,-66.65],[60.98,-66.72],[61.08,-66.77],[61.32,-66.74],[61.51,-66.62],[61.75,-66.62],[61.9,-66.53],[62.33,-66.58],[62.52,-66.55],[62.74,-66.6],[63.17,-66.62],[63.29,-66.67],[63.92,-66.65],[64.34,-66.77],[64.51,-66.72],[64.58,-66.82],[64.69,-66.86],[64.98,-66.72],[66.17,-66.79],[66.33,-66.75],[66.46,-66.75],[67.14,-66.94],[67.44,-66.94],[67.73,-67.02],[68.1,-67.03],[68.64,-66.88],[68.87,-66.88],[69.48,-66.69],[70.78,-66.73],[71.31,-66.67],[71.43,-66.63],[72.56,-66.54],[74.3,-66.88],[75.62,-66.84],[75.75,-66.79],[77.11,-66.86],[77.24,-66.81],[77.38,-66.67],[77.57,-66.6],[77.93,-66.62],[78.07,-66.72],[78.17,-66.65],[78.14,-66.48],[78.27,-66.44],[78.47,-66.44],[78.7,-66.5],[79.39,-66.37],[79.48,-66.32],[79.46,-66.17],[79.7,-66.04],[80.09,-65.96],[80.3,-65.95],[80.59,-65.76],[80.66,-65.76],[80.94,-65.87],[80.98,-65.84],[80.87,-65.67],[80.92,-65.61],[81.24,-65.59],[81.46,-65.54],[81.65,-65.57],[81.84,-65.52],[82.03,-65.57],[82.7,-65.59],[82.99,-65.69],[83.38,-65.67],[80.13,5.78]],[[63.95,23.11],[63.98,23.07],[63.96,22.96],[63.88,22.9],[63.82,22.92],[63.78,22.98],[63.82,23.09],[63.95,23.11]],[[64.24,22.86],[64.27,22.74],[64.15,22.63],[64.12,22.47],[63.81,22.32],[63.65,22.36],[63.63,22.45],[63.77,22.54],[63.89,22.68],[63.98,22.68],[64.08,22.82],[64.24,22.86]],[[62.18,21.85],[62.12,21.69],[61.99,21.6],[61.85,21.6],[61.75,21.67],[61.74,21.73],[61.77,21.84],[62.02,22.1],[62.12,22.07],[62.17,22.02],[62.18,21.85]],[[62.03,21.42],[61.98,21.31],[61.89,21.25],[61.7,21.22],[61.58,21.26],[61.61,21.39],[61.74,21.47],[61.93,21.49],[62.0,21.47],[62.03,21.42]],[[55.12,16.89],[55.15,16.82],[55.08,16.8],[55.06,16.7],[54.98,16.7],[54.98,16.8],[55.06,16.8],[55.06,16.85],[55.12,16.89]],[[72.06,15.97],[72.09,15.87],[72.06,15.77],[71.98,15.72],[71.9,15.75],[71.88,15.82],[71.92,15.9],[72.06,15.97]],[[72.39,13.63],[72.32,13.54],[72.23,13.49],[72.13,13.47],[72.05,13.51],[72.03,13.67],[72.05,13.85],[72.14,13.92],[72.17,14.03],[72.33,14.02],[72.47,13.89],[72.48,13.82],[72.39,13.63]],[[72.35,12.67],[72.31,12.77],[72.34,12.91],[72.26,13.06],[72.25,13.22],[72.34,13.5],[72.5,13.67],[72.61,13.68],[72.7,13.6],[72.71,13.52],[72.6,13.25],[72.59,13.13],[72.84,12.8],[72.87,12.69],[72.84,12.54],[72.79,12.48],[72.71,12.48],[72.35,12.67]],[[72.07,12.47],[72.02,12.21],[71.84,12.19],[71.81,12.34],[71.61,12.37],[71.56,12.47],[71.6,12.6],[71.65,12.65],[71.73,12.61],[71.77,12.53],[72.0,12.56],[72.07,12.47]],[[71.59,12.92],[71.66,12.84],[71.69,12.74],[71.66,12.67],[71.63,12.66],[71.5,12.74],[71.46,12.84],[71.5,12.91],[71.59,12.92]],[[72.08,13.42],[72.22,13.06],[72.21,13.0],[72.1,12.93],[71.9,13.03],[71.83,13.11],[71.81,13.19],[71.82,13.26],[71.95,13.42],[72.08,13.42]],[[45.74,12.27],[45.81,12.27],[45.86,12.22],[45.86,12.12],[45.81,12.1],[45.73,12.16],[45.71,12.21],[45.74,12.27]],[[71.8,11.71],[71.68,11.82],[71.64,11.97],[71.66,12.04],[71.82,12.12],[71.88,12.1],[71.93,12.02],[71.96,11.79],[71.93,11.71],[71.8,11.71]],[[72.64,11.71],[72.69,11.76],[72.77,11.75],[72.78,11.65],[72.74,11.61],[72.69,11.63],[72.65,11.64],[72.64,11.71]],[[72.29,11.56],[72.23,11.47],[72.17,11.44],[72.11,11.44],[72.07,11.5],[72.08,11.6],[72.19,11.7],[72.28,11.67],[72.29,11.56]],[[73.12,11.4],[73.07,11.37],[73.0,11.39],[72.94,11.46],[72.95,11.53],[72.98,11.57],[73.06,11.57],[73.11,11.51],[73.12,11.4]],[[74.32,11.46],[74.41,11.52],[74.5,11.48],[74.53,11.32],[74.5,11.23],[74.45,11.22],[74.37,11.26],[74.31,11.35],[74.32,11.46]],[[74.05,11.15],[73.97,11.2],[73.93,11.29],[73.97,11.38],[74.02,11.41],[74.11,11.39],[74.17,11.24],[74.14,11.16],[74.05,11.15]],[[72.63,10.72],[72.74,10.62],[72.73,10.53],[72.67,10.49],[72.58,10.52],[72.45,10.84],[72.41,10.87],[72.36,10.86],[72.25,10.72],[72.01,10.72],[71.99,10.76],[72.04,10.87],[72.23,11.06],[72.32,11.07],[72.42,11.02],[72.47,11.03],[72.75,11.32],[72.86,11.34],[72.88,11.31],[72.8,10.96],[72.63,10.72]],[[73.65,10.78],[73.59,10.83],[73.6,10.95],[73.74,11.02],[73.81,10.99],[73.84,10.92],[73.81,10.83],[73.76,10.79],[73.65,10.78]],[[55.76,10.69],[55.64,10.71],[55.62,10.78],[55.68,10.84],[55.77,10.84],[55.8,10.78],[55.76,10.69]],[[72.16,11.07],[72.07,11.04],[71.98,11.07],[71.93,11.15],[71.95,11.22],[72.1,11.3],[72.22,11.3],[72.2,11.15],[72.16,11.07]],[[55.21,11.67],[55.16,11.63],[55.1,11.64],[55.07,11.73],[55.14,11.84],[55.25,11.88],[55.28,11.8],[55.21,11.67]],[[56.19,10.22],[56.04,10.2],[55.98,10.22],[55.94,10.27],[55.95,10.33],[56.03,10.39],[56.3,10.44],[56.34,10.36],[56.32,10.31],[56.19,10.22]],[[73.68,10.29],[73.75,10.42],[73.82,10.39],[73.76,10.05],[73.73,9.99],[73.68,9.98],[73.63,10.0],[73.6,10.07],[73.68,10.29]],[[72.28,9.94],[72.22,9.93],[72.18,9.97],[72.18,10.11],[72.28,10.24],[72.4,10.23],[72.45,10.18],[72.43,10.07],[72.28,9.94]],[[74.77,9.52],[74.75,9.39],[74.68,9.34],[74.64,9.36],[74.63,9.42],[74.66,9.48],[74.74,9.53],[74.77,9.52]],[[73.3,8.46],[73.24,8.48],[73.22,8.54],[73.25,8.59],[73.34,8.63],[73.36,8.51],[73.3,8.46]],[[72.95,8.18],[72.84,8.14],[72.83,8.27],[72.93,8.27],[72.94,8.35],[72.99,8.4],[73.15,8.44],[73.18,8.35],[73.13,8.2],[72.95,8.18]],[[72.84,7.77],[72.9,7.69],[72.87,7.54],[72.78,7.52],[72.68,7.55],[72.66,7.61],[72.69,7.7],[72.77,7.76],[72.84,7.77]],[[72.64,7.22],[72.62,7.19],[72.54,7.19],[72.48,7.24],[72.49,7.28],[72.61,7.34],[72.64,7.3],[72.64,7.22]],[[72.92,7.22],[73.08,7.18],[73.18,7.1],[73.38,7.07],[73.42,6.99],[73.4,6.8],[73.2,6.58],[73.22,6.51],[73.39,6.34],[73.39,6.14],[73.58,5.98],[73.56,5.72],[73.58,5.64],[73.75,5.47],[73.73,5.24],[73.56,5.14],[73.57,4.85],[73.81,4.55],[73.85,4.46],[73.82,4.37],[73.63,4.15],[73.66,4.03],[73.61,3.67],[73.66,3.6],[73.73,3.62],[73.84,3.58],[73.88,3.48],[73.75,3.26],[73.78,3.1],[73.73,2.92],[73.45,2.65],[73.44,2.55],[73.49,2.41],[73.47,2.33],[73.32,2.19],[73.17,2.11],[72.99,2.08],[72.85,2.19],[72.81,2.62],[72.74,2.76],[72.76,3.27],[72.73,3.36],[72.61,3.5],[72.59,3.6],[72.64,4.29],[72.72,4.49],[72.72,4.63],[72.79,4.9],[72.71,5.07],[72.74,5.39],[72.67,5.62],[72.61,5.67],[72.6,5.74],[72.63,5.83],[72.84,5.98],[72.88,6.25],[72.84,6.31],[72.79,6.29],[72.73,6.03],[72.66,5.99],[72.53,6.08],[72.43,6.29],[72.54,6.57],[72.75,6.6],[72.84,6.83],[72.8,6.94],[72.7,7.05],[72.7,7.13],[72.76,7.2],[72.92,7.22]],[[73.37,2.18],[73.57,2.26],[73.68,2.23],[73.68,1.93],[73.64,1.83],[73.56,1.76],[73.32,1.7],[73.22,1.74],[73.16,1.86],[73.22,2.03],[73.37,2.18]],[[73.23,1.27],[73.22,1.35],[73.29,1.42],[73.37,1.41],[73.43,1.29],[73.39,1.21],[73.3,1.22],[73.23,1.27]],[[56.62,1.26],[56.67,1.19],[56.64,1.1],[56.58,1.03],[56.51,1.01],[56.47,1.08],[56.48,1.15],[56.56,1.25],[56.62,1.26]],[[73.25,1.02],[73.43,1.03],[73.54,0.96],[73.56,0.77],[73.67,0.54],[73.68,0.43],[73.64,0.33],[73.54,0.19],[73.36,0.16],[73.22,0.1],[72.94,0.21],[72.88,0.28],[72.86,0.37],[72.89,0.61],[73.04,0.78],[73.08,0.92],[73.25,1.02]],[[56.07,0.57],[56.12,0.52],[56.12,0.41],[56.09,0.37],[56.01,0.37],[55.95,0.42],[55.95,0.49],[56.0,0.56],[56.07,0.57]],[[73.39,-0.46],[73.34,-0.37],[73.36,-0.26],[73.46,-0.19],[73.51,-0.21],[73.55,-0.26],[73.55,-0.39],[73.47,-0.47],[73.39,-0.46]],[[73.32,-0.48],[73.36,-0.56],[73.35,-0.66],[73.31,-0.74],[73.22,-0.79],[73.09,-0.72],[72.98,-0.56],[73.01,-0.5],[73.32,-0.48]],[[73.54,-0.78],[73.61,-0.73],[73.67,-0.72],[73.72,-0.76],[73.72,-0.85],[73.69,-0.88],[73.6,-0.88],[73.54,-0.82],[73.54,-0.78]],[[73.11,-0.81],[73.15,-0.88],[73.09,-0.92],[73.0,-0.92],[72.93,-0.88],[72.95,-0.83],[73.11,-0.81]],[[55.74,-3.58],[55.82,-3.56],[56.21,-3.79],[56.31,-4.09],[56.45,-4.25],[56.45,-4.39],[56.93,-4.89],[57.22,-5.06],[57.29,-5.33],[57.11,-5.67],[56.86,-5.83],[56.62,-5.84],[56.57,-5.88],[56.5,-6.04],[56.51,-6.38],[56.44,-6.47],[56.28,-6.55],[56.15,-6.52],[56.1,-6.42],[56.12,-6.26],[56.21,-6.12],[56.23,-5.59],[56.18,-5.48],[56.07,-5.43],[55.41,-5.33],[55.25,-5.14],[54.96,-5.09],[54.79,-4.97],[54.19,-4.78],[53.95,-4.76],[53.89,-4.72],[53.98,-4.39],[54.14,-4.25],[54.26,-4.08],[54.62,-3.77],[54.79,-3.72],[54.91,-3.65],[55.26,-3.58],[55.54,-3.64],[55.74,-3.58]],[[72.21,-4.83],[72.32,-4.64],[72.47,-4.58],[72.53,-4.61],[72.55,-4.68],[72.7,-4.66],[72.74,-4.77],[72.73,-4.9],[72.6,-5.04],[72.73,-5.15],[72.73,-5.34],[72.66,-5.37],[72.58,-5.3],[72.55,-5.31],[72.48,-5.47],[72.54,-5.53],[72.81,-5.64],[72.89,-5.93],[72.86,-6.12],[72.67,-6.29],[72.65,-6.43],[72.53,-6.56],[72.56,-6.74],[72.51,-6.85],[72.34,-7.0],[72.15,-7.04],[72.33,-7.13],[72.52,-7.15],[72.6,-7.3],[72.56,-7.5],[72.45,-7.61],[72.38,-7.61],[72.29,-7.25],[72.06,-7.34],[71.86,-7.3],[71.66,-7.2],[71.62,-7.25],[71.65,-7.31],[71.81,-7.39],[71.81,-7.61],[71.69,-7.66],[71.69,-7.8],[71.64,-7.85],[71.62,-8.0],[71.55,-8.03],[71.42,-7.98],[71.39,-7.86],[71.28,-7.97],[71.2,-7.92],[71.21,-7.73],[71.33,-7.63],[71.33,-7.54],[71.38,-7.49],[71.29,-7.33],[71.21,-7.32],[71.13,-7.36],[71.2,-7.46],[71.18,-7.51],[71.05,-7.55],[70.99,-7.66],[71.0,-7.69],[71.16,-7.67],[71.18,-7.76],[71.04,-7.9],[71.0,-7.98],[70.94,-7.99],[70.92,-7.84],[70.82,-7.79],[70.71,-7.63],[70.71,-7.53],[70.78,-7.42],[70.92,-7.43],[70.92,-7.32],[70.97,-7.25],[70.9,-7.15],[70.88,-7.0],[70.92,-6.94],[70.99,-6.94],[71.01,-6.87],[70.98,-6.79],[71.04,-6.73],[71.25,-6.68],[71.18,-6.39],[71.21,-6.19],[71.26,-6.07],[71.5,-5.9],[71.46,-5.83],[71.35,-5.75],[71.32,-5.69],[71.41,-5.61],[71.57,-5.72],[71.62,-5.69],[71.54,-5.66],[71.5,-5.59],[71.37,-5.54],[71.35,-5.42],[71.44,-5.32],[71.57,-5.23],[71.66,-5.06],[71.93,-5.04],[71.9,-4.91],[71.93,-4.87],[71.99,-4.86],[72.12,-4.94],[72.21,-4.83]],[[72.37,-7.95],[72.33,-7.89],[72.36,-7.85],[72.41,-7.82],[72.47,-7.84],[72.49,-7.94],[72.37,-7.95]],[[71.27,-7.98],[71.33,-8.02],[71.33,-8.11],[71.23,-8.13],[71.14,-8.1],[71.16,-8.02],[71.27,-7.98]],[[59.93,-8.06],[59.93,-8.15],[59.86,-8.19],[59.78,-8.14],[59.66,-8.16],[59.6,-8.11],[59.63,-8.03],[59.68,-7.99],[59.93,-8.06]],[[70.68,-8.18],[70.79,-8.16],[70.89,-8.24],[70.95,-8.36],[70.92,-8.45],[70.86,-8.45],[70.69,-8.32],[70.65,-8.24],[70.68,-8.18]],[[60.17,-8.2],[60.26,-8.25],[60.37,-8.51],[60.36,-8.59],[60.29,-8.64],[60.51,-8.9],[60.58,-9.43],[60.38,-9.6],[60.17,-9.71],[60.31,-9.74],[60.43,-9.87],[60.51,-9.88],[60.94,-9.66],[61.08,-9.53],[61.3,-9.5],[61.61,-9.74],[61.78,-9.62],[62.04,-9.7],[62.18,-9.86],[62.34,-9.9],[62.37,-9.95],[62.34,-11.17],[62.47,-11.35],[62.46,-11.43],[62.23,-11.66],[62.21,-11.83],[61.92,-12.1],[61.69,-12.12],[61.64,-12.15],[61.56,-12.34],[61.27,-12.62],[61.06,-12.6],[60.91,-12.46],[60.88,-12.38],[60.93,-12.15],[60.89,-12.04],[60.82,-11.98],[60.82,-11.87],[60.75,-11.71],[60.61,-11.45],[60.17,-10.87],[60.02,-10.56],[59.98,-10.54],[59.8,-10.14],[59.61,-9.85],[59.5,-9.49],[59.53,-9.41],[59.66,-9.36],[59.69,-9.22],[59.79,-9.06],[59.53,-8.96],[59.5,-8.83],[59.34,-8.71],[59.35,-8.62],[59.43,-8.57],[59.57,-8.62],[59.59,-8.59],[59.59,-8.51],[59.71,-8.5],[59.78,-8.35],[59.95,-8.33],[59.99,-8.22],[60.17,-8.2]],[[60.81,-9.52],[60.76,-9.49],[60.72,-9.36],[60.61,-9.31],[60.65,-9.21],[60.81,-9.09],[60.81,-9.05],[60.65,-9.0],[60.58,-8.92],[60.58,-8.81],[60.66,-8.76],[60.84,-8.78],[61.02,-9.11],[60.98,-9.24],[60.91,-9.31],[60.97,-9.48],[60.92,-9.53],[60.81,-9.52]],[[62.29,-12.0],[62.23,-11.93],[62.26,-11.84],[62.42,-11.79],[62.5,-11.83],[62.51,-11.87],[62.47,-11.95],[62.38,-12.0],[62.29,-12.0]],[[60.91,-12.53],[60.97,-12.59],[60.96,-12.82],[61.06,-13.03],[61.03,-13.13],[60.91,-13.27],[61.08,-13.42],[61.3,-13.82],[61.25,-14.06],[61.27,-14.3],[61.25,-14.47],[61.28,-14.63],[61.22,-14.71],[61.32,-14.86],[61.34,-15.12],[61.4,-15.25],[61.56,-15.48],[61.55,-15.61],[61.39,-15.84],[61.42,-16.15],[61.33,-16.19],[61.1,-16.13],[60.96,-16.2],[60.78,-16.21],[60.67,-16.27],[60.62,-16.32],[60.66,-16.45],[60.78,-16.48],[60.77,-16.6],[60.7,-16.64],[60.5,-16.58],[60.41,-16.61],[60.38,-16.67],[60.38,-16.83],[60.34,-16.89],[59.91,-17.1],[59.81,-17.2],[59.69,-17.42],[59.73,-17.65],[59.7,-17.75],[59.4,-17.9],[59.21,-17.88],[59.02,-17.92],[58.97,-17.88],[58.96,-17.82],[59.21,-17.47],[59.01,-17.25],[58.97,-17.13],[59.06,-16.75],[59.14,-16.66],[59.11,-16.53],[59.17,-16.0],[59.35,-15.79],[59.8,-15.67],[59.93,-15.7],[60.1,-15.58],[60.08,-15.52],[59.95,-15.38],[59.81,-15.07],[59.98,-14.81],[59.97,-14.29],[60.35,-13.65],[60.47,-13.19],[60.55,-13.05],[60.7,-12.91],[60.77,-12.61],[60.82,-12.55],[60.91,-12.53]],[[60.48,-16.87],[60.47,-16.8],[60.52,-16.71],[60.64,-16.67],[60.61,-16.82],[60.52,-16.89],[60.48,-16.87]],[[61.39,-17.55],[61.31,-17.49],[61.34,-17.45],[61.42,-17.43],[61.46,-17.46],[61.46,-17.52],[61.39,-17.55]],[[49.99,-17.46],[49.78,-17.9],[49.85,-18.12],[49.82,-18.15],[49.73,-18.12],[49.68,-18.14],[49.62,-18.43],[49.46,-18.83],[49.39,-18.91],[49.35,-19.06],[49.25,-19.2],[49.25,-19.37],[49.08,-19.82],[49.06,-19.99],[48.74,-20.59],[48.72,-20.93],[48.65,-21.05],[48.65,-21.19],[48.58,-21.29],[48.55,-21.53],[48.48,-21.65],[48.41,-22.01],[48.46,-22.15],[48.43,-22.21],[48.31,-22.28],[48.07,-22.78],[48.05,-23.16],[47.98,-23.3],[47.95,-23.5],[47.83,-23.69],[47.81,-23.88],[47.71,-24.1],[47.71,-24.26],[47.66,-24.36],[47.69,-24.53],[47.62,-24.82],[47.54,-24.93],[47.52,-25.06],[47.31,-25.38],[47.18,-25.49],[46.94,-25.6],[46.8,-25.7],[46.63,-25.7],[46.46,-25.8],[46.3,-25.75],[46.16,-25.83],[45.77,-26.3],[45.65,-26.4],[45.48,-26.4],[45.34,-26.47],[45.14,-26.38],[44.95,-26.45],[44.88,-26.28],[44.59,-26.06],[44.54,-25.92],[44.4,-25.85],[44.25,-25.62],[44.14,-25.34],[43.92,-25.1],[43.85,-24.89],[43.84,-24.65],[43.51,-24.46],[43.49,-24.33],[43.55,-23.92],[43.52,-23.79],[43.42,-23.58],[43.46,-23.5],[43.56,-23.48],[43.54,-23.4],[43.49,-23.3],[43.37,-23.21],[43.33,-23.01],[43.03,-22.56],[42.86,-22.61],[42.81,-22.56],[42.78,-22.48],[42.81,-22.36],[42.97,-22.35],[42.99,-22.32],[42.96,-22.03],[43.08,-21.84],[43.1,-21.46],[43.2,-21.34],[43.2,-21.19],[43.34,-20.95],[43.53,-21.0],[43.57,-20.98],[43.72,-20.49],[43.84,-20.3],[43.87,-20.19],[43.85,-20.02],[43.78,-19.82],[43.8,-19.7],[43.69,-19.52],[43.67,-19.43],[43.66,-19.16],[43.69,-18.95],[43.75,-18.8],[43.74,-18.72],[43.58,-18.41],[43.29,-18.05],[43.28,-17.93],[43.11,-17.37],[43.09,-16.76],[43.36,-16.47],[43.42,-16.37],[43.56,-16.3],[43.61,-16.1],[43.76,-15.95],[43.85,-15.91],[43.9,-15.84],[44.17,-15.67],[44.68,-15.49],[44.85,-15.53],[45.09,-15.54],[45.3,-15.62],[45.55,-15.55],[45.72,-15.43],[45.84,-15.41],[46.08,-15.19],[46.37,-15.15],[46.75,-14.71],[46.84,-14.51],[46.92,-14.47],[47.11,-14.5],[47.21,-14.33],[47.35,-14.23],[47.38,-14.11],[47.54,-13.97],[47.62,-13.68],[47.6,-13.56],[47.73,-13.52],[47.93,-13.22],[47.96,-12.83],[47.7,-13.04],[47.58,-13.03],[47.5,-12.94],[47.49,-12.86],[47.57,-12.67],[47.54,-12.41],[47.64,-12.17],[47.65,-12.06],[47.78,-11.98],[47.86,-11.87],[48.1,-11.87],[48.13,-11.89],[48.11,-12.03],[48.14,-12.08],[48.41,-12.17],[48.62,-12.02],[48.82,-12.02],[48.96,-11.93],[49.08,-11.93],[49.23,-11.7],[49.34,-11.66],[49.44,-11.68],[49.56,-11.87],[49.75,-12.07],[49.76,-12.24],[49.82,-12.36],[49.78,-12.5],[49.97,-12.54],[50.11,-12.72],[50.28,-12.7],[50.27,-12.76],[50.06,-13.13],[50.18,-13.3],[50.18,-13.44],[50.28,-13.61],[50.35,-14.14],[50.42,-14.26],[50.4,-14.4],[50.45,-14.53],[50.42,-14.62],[50.52,-14.76],[50.5,-14.88],[50.69,-15.07],[50.69,-15.22],[50.76,-15.39],[50.5,-16.06],[50.45,-16.8],[50.38,-16.9],[50.34,-17.06],[50.22,-17.18],[50.17,-17.29],[49.99,-17.46]],[[58.04,-18.56],[57.96,-18.48],[57.93,-18.37],[58.0,-18.27],[58.08,-18.24],[58.19,-18.24],[58.42,-18.45],[58.4,-18.5],[58.12,-18.57],[58.04,-18.56]],[[58.49,-18.55],[58.55,-18.46],[58.63,-18.41],[58.82,-18.39],[58.97,-18.48],[58.99,-18.6],[58.91,-18.7],[58.66,-18.76],[58.52,-18.71],[58.49,-18.65],[58.49,-18.55]],[[59.8,-18.8],[59.95,-18.78],[60.01,-18.86],[59.95,-18.93],[59.85,-18.96],[59.77,-18.89],[59.76,-18.82],[59.8,-18.8]],[[57.64,-18.82],[58.19,-19.24],[58.27,-19.35],[58.27,-19.42],[58.18,-19.56],[58.15,-19.78],[57.89,-20.06],[57.9,-20.13],[57.98,-20.25],[57.97,-20.32],[57.82,-20.5],[57.57,-20.61],[57.43,-20.62],[57.24,-20.57],[57.2,-20.43],[57.35,-20.14],[57.49,-19.95],[57.5,-19.85],[57.55,-19.8],[57.43,-19.61],[57.38,-19.37],[57.27,-19.29],[57.25,-19.23],[57.31,-19.18],[57.43,-18.83],[57.51,-18.8],[57.64,-18.82]],[[63.22,-19.93],[62.83,-19.8],[62.31,-19.77],[61.82,-19.63],[61.68,-19.54],[61.39,-19.46],[61.34,-19.39],[61.35,-19.35],[61.52,-19.3],[61.76,-19.32],[62.47,-19.63],[62.73,-19.61],[62.86,-19.63],[63.1,-19.52],[63.42,-19.49],[63.54,-19.52],[63.74,-19.66],[63.92,-19.63],[63.96,-19.66],[63.95,-19.75],[63.85,-19.81],[63.22,-19.93]],[[64.3,-19.57],[64.48,-19.57],[64.51,-19.67],[64.39,-19.74],[64.25,-19.73],[64.22,-19.7],[64.22,-19.63],[64.3,-19.57]],[[54.22,-19.6],[54.26,-19.66],[54.24,-19.73],[54.18,-19.8],[54.08,-19.83],[54.05,-19.76],[54.08,-19.66],[54.14,-19.61],[54.22,-19.6]],[[55.51,-21.44],[55.37,-21.4],[55.1,-21.11],[55.04,-20.97],[55.08,-20.86],[55.34,-20.79],[55.59,-20.78],[55.75,-20.84],[55.92,-21.11],[55.9,-21.31],[55.82,-21.42],[55.51,-21.44]],[[40.5,-22.36],[40.45,-22.43],[40.37,-22.44],[40.28,-22.32],[40.43,-22.23],[40.47,-22.26],[40.5,-22.36]],[[39.44,-21.74],[39.53,-21.89],[39.52,-21.99],[39.49,-22.01],[39.41,-22.0],[39.33,-21.88],[39.36,-21.74],[39.44,-21.74]],[[39.78,-21.33],[39.86,-21.38],[39.87,-21.49],[39.75,-21.61],[39.65,-21.61],[39.58,-21.53],[39.6,-21.38],[39.65,-21.34],[39.78,-21.33]],[[43.28,-20.99],[43.22,-21.01],[43.16,-20.97],[43.19,-20.79],[43.29,-20.62],[43.4,-20.58],[43.44,-20.62],[43.43,-20.72],[43.28,-20.99]],[[41.88,-18.46],[41.93,-18.55],[41.94,-18.67],[41.92,-18.72],[41.83,-18.74],[41.76,-18.69],[41.73,-18.54],[41.78,-18.46],[41.88,-18.46]],[[41.77,-17.84],[41.91,-17.94],[41.95,-18.06],[41.88,-18.24],[41.83,-18.28],[41.76,-18.26],[41.76,-18.14],[41.67,-17.97],[41.71,-17.83],[41.77,-17.84]],[[42.71,-16.84],[42.85,-16.88],[42.93,-16.97],[42.92,-17.08],[42.81,-17.16],[42.72,-17.17],[42.62,-17.14],[42.56,-17.02],[42.55,-16.87],[42.71,-16.84]],[[41.73,-16.18],[41.76,-16.31],[41.7,-16.36],[41.64,-16.34],[41.61,-16.29],[41.62,-16.22],[41.69,-16.17],[41.73,-16.18]],[[41.09,-13.25],[41.23,-13.4],[41.24,-13.52],[41.21,-13.56],[41.06,-13.52],[40.92,-13.38],[40.97,-13.27],[41.09,-13.25]],[[45.3,-13.08],[45.14,-13.13],[44.94,-13.08],[44.88,-13.03],[44.9,-12.72],[44.88,-12.54],[44.93,-12.46],[45.05,-12.44],[45.22,-12.49],[45.43,-12.64],[45.45,-12.78],[45.38,-12.98],[45.3,-13.08]],[[43.95,-12.46],[43.78,-12.55],[43.6,-12.57],[43.51,-12.52],[43.47,-12.4],[43.57,-12.19],[43.64,-12.15],[43.73,-12.15],[43.94,-12.2],[44.0,-12.27],[44.01,-12.35],[43.95,-12.46]],[[41.54,-12.19],[41.5,-12.31],[41.4,-12.34],[41.32,-12.29],[41.28,-12.15],[41.33,-12.07],[41.46,-12.04],[41.5,-12.08],[41.54,-12.19]],[[43.57,-12.06],[43.2,-11.86],[43.07,-11.92],[43.0,-11.86],[43.0,-11.73],[43.14,-11.67],[43.2,-11.34],[43.31,-11.27],[43.48,-11.26],[43.58,-11.32],[43.56,-11.73],[43.61,-11.78],[43.64,-12.03],[43.57,-12.06]],[[49.94,-11.26],[49.87,-11.19],[49.84,-11.09],[49.9,-10.99],[49.96,-10.97],[50.04,-11.01],[50.09,-11.17],[50.04,-11.26],[49.94,-11.26]],[[50.62,-11.09],[50.55,-11.02],[50.55,-10.95],[50.58,-10.91],[50.65,-10.89],[50.72,-10.93],[50.73,-11.01],[50.69,-11.08],[50.62,-11.09]],[[47.29,-11.66],[47.23,-11.59],[47.25,-11.43],[47.35,-11.38],[47.49,-11.4],[47.52,-11.47],[47.47,-11.59],[47.37,-11.66],[47.29,-11.66]],[[49.44,-11.65],[49.38,-11.55],[49.39,-11.45],[49.49,-11.42],[49.64,-11.47],[49.67,-11.58],[49.62,-11.67],[49.54,-11.69],[49.44,-11.65]],[[44.14,-12.06],[44.57,-11.98],[44.62,-12.2],[44.61,-12.35],[44.57,-12.43],[44.45,-12.43],[44.16,-12.25],[44.1,-12.14],[44.14,-12.06]],[[46.51,-12.16],[46.59,-12.16],[46.7,-12.24],[46.73,-12.36],[46.67,-12.47],[46.58,-12.51],[46.42,-12.48],[46.16,-12.49],[46.07,-12.44],[46.06,-12.31],[46.18,-12.19],[46.25,-12.17],[46.39,-12.21],[46.51,-12.16]],[[54.52,-15.98],[54.46,-15.92],[54.45,-15.87],[54.52,-15.79],[54.6,-15.83],[54.64,-15.91],[54.61,-15.98],[54.52,-15.98]],[[58.67,-17.11],[58.8,-17.11],[58.84,-17.23],[58.8,-17.34],[58.7,-17.4],[58.56,-17.35],[58.4,-17.2],[58.44,-17.11],[58.56,-17.14],[58.67,-17.11]],[[50.69,-10.63],[50.51,-10.75],[50.42,-10.72],[50.4,-10.65],[50.47,-10.46],[50.5,-10.13],[50.44,-10.07],[50.26,-10.03],[50.24,-9.9],[50.29,-9.83],[50.37,-9.81],[50.5,-9.84],[50.62,-9.94],[50.81,-9.87],[50.96,-9.97],[50.88,-9.5],[50.69,-9.38],[50.65,-9.31],[50.68,-9.24],[50.73,-9.22],[50.9,-9.29],[50.93,-9.26],[50.92,-8.94],[51.01,-8.73],[51.13,-8.7],[51.2,-8.8],[51.14,-9.02],[51.24,-9.3],[51.17,-9.57],[51.22,-9.61],[51.36,-9.61],[51.42,-9.7],[51.36,-9.9],[51.29,-10.03],[51.25,-10.25],[51.21,-10.3],[51.08,-10.33],[50.96,-10.27],[50.87,-10.13],[50.77,-10.16],[50.78,-10.32],[50.71,-10.46],[50.69,-10.63]],[[47.79,-9.98],[47.83,-10.04],[47.82,-10.13],[47.73,-10.18],[47.69,-10.14],[47.68,-10.05],[47.71,-10.0],[47.79,-9.98]],[[47.71,-9.83],[47.64,-9.85],[47.53,-9.82],[47.46,-9.74],[47.47,-9.65],[47.59,-9.59],[47.69,-9.61],[47.75,-9.71],[47.71,-9.83]],[[46.62,-9.64],[46.64,-9.74],[46.61,-9.82],[46.53,-9.84],[46.45,-9.79],[46.44,-9.74],[46.49,-9.65],[46.59,-9.62],[46.62,-9.64]],[[46.46,-9.26],[46.62,-9.34],[46.61,-9.44],[46.34,-9.56],[46.2,-9.52],[46.13,-9.45],[46.11,-9.37],[46.15,-9.3],[46.46,-9.26]],[[47.5,-8.71],[47.46,-8.79],[47.21,-8.87],[47.08,-9.13],[47.0,-9.15],[46.92,-9.1],[46.83,-8.62],[46.86,-8.55],[46.92,-8.49],[47.05,-8.46],[47.18,-8.48],[47.47,-8.63],[47.5,-8.71]],[[51.51,-8.66],[51.6,-8.59],[51.68,-8.59],[51.72,-8.71],[51.89,-8.75],[51.89,-8.83],[51.47,-8.88],[51.44,-8.78],[51.51,-8.66]],[[56.43,-10.33],[56.47,-10.24],[56.57,-10.21],[56.77,-10.4],[56.81,-10.51],[56.76,-10.57],[56.6,-10.55],[56.46,-10.42],[56.43,-10.33]],[[47.16,-7.95],[47.09,-7.97],[47.02,-7.95],[46.98,-7.88],[47.0,-7.8],[47.1,-7.76],[47.18,-7.81],[47.2,-7.88],[47.16,-7.95]],[[47.67,-7.93],[47.62,-7.85],[47.63,-7.8],[47.76,-7.73],[47.88,-7.73],[47.9,-7.77],[47.86,-7.85],[47.77,-7.92],[47.67,-7.93]],[[57.1,-7.43],[57.08,-7.51],[57.01,-7.56],[56.92,-7.54],[56.87,-7.49],[56.75,-7.24],[56.76,-7.08],[56.81,-7.03],[56.88,-7.02],[57.02,-7.12],[57.09,-7.33],[57.1,-7.43]],[[56.4,-7.03],[56.4,-7.15],[56.35,-7.25],[56.2,-7.31],[56.12,-7.28],[56.09,-7.13],[56.14,-7.0],[56.29,-6.96],[56.4,-7.03]],[[52.9,-6.96],[52.86,-7.21],[52.82,-7.26],[52.73,-7.27],[52.7,-7.23],[52.67,-6.9],[52.7,-6.77],[52.75,-6.72],[52.82,-6.71],[52.87,-6.74],[52.85,-6.84],[52.9,-6.96]],[[57.25,-6.54],[57.15,-6.52],[57.07,-6.44],[57.05,-6.33],[57.1,-6.27],[57.19,-6.29],[57.3,-6.45],[57.25,-6.54]],[[58.19,-6.54],[58.1,-6.45],[58.13,-6.38],[58.21,-6.35],[58.27,-6.39],[58.28,-6.47],[58.25,-6.53],[58.19,-6.54]],[[57.64,-6.01],[57.5,-6.07],[57.4,-6.23],[57.32,-6.26],[57.26,-6.24],[57.22,-5.83],[57.29,-5.75],[57.41,-5.69],[57.48,-5.71],[57.63,-5.84],[57.66,-5.96],[57.64,-6.01]],[[57.97,-5.97],[57.87,-5.89],[57.91,-5.8],[58.02,-5.83],[58.08,-5.88],[58.05,-5.97],[57.97,-5.97]],[[53.32,-6.14],[53.18,-6.27],[52.99,-6.35],[52.9,-6.31],[52.87,-6.24],[52.74,-6.16],[52.72,-6.1],[52.8,-5.94],[53.04,-5.71],[53.04,-5.52],[53.17,-5.29],[53.18,-5.09],[53.26,-4.82],[53.4,-4.73],[53.41,-4.68],[53.51,-4.65],[53.43,-5.27],[53.52,-5.45],[53.73,-5.45],[53.82,-5.49],[53.84,-5.62],[53.78,-5.73],[53.67,-5.77],[53.56,-5.74],[53.48,-5.65],[53.36,-5.91],[53.32,-6.14]],[[55.29,-5.77],[55.46,-5.72],[55.53,-5.8],[55.48,-5.96],[55.38,-6.07],[55.29,-6.06],[55.23,-5.97],[55.23,-5.86],[55.29,-5.77]],[[34.56,-26.7],[34.49,-26.65],[34.49,-26.54],[34.7,-26.49],[34.73,-26.53],[34.73,-26.66],[34.66,-26.71],[34.56,-26.7]],[[45.99,-26.91],[45.99,-26.84],[46.13,-26.81],[46.27,-27.14],[46.44,-27.1],[46.53,-27.18],[46.55,-27.37],[46.34,-27.57],[46.28,-27.58],[46.21,-27.55],[46.04,-27.24],[46.0,-27.14],[46.03,-26.98],[45.99,-26.91]],[[44.51,-27.32],[44.58,-27.4],[44.61,-27.5],[44.6,-27.55],[44.53,-27.58],[44.45,-27.54],[44.39,-27.42],[44.42,-27.34],[44.51,-27.32]],[[45.84,-26.97],[45.86,-27.03],[45.86,-27.19],[45.79,-27.29],[45.71,-27.24],[45.7,-27.09],[45.72,-27.0],[45.79,-26.96],[45.84,-26.97]],[[45.4,-27.0],[45.41,-27.07],[45.35,-27.15],[45.31,-27.18],[45.24,-27.15],[45.24,-27.09],[45.28,-27.03],[45.4,-27.0]],[[46.39,-27.79],[46.37,-27.76],[46.38,-27.69],[46.48,-27.63],[46.49,-27.75],[46.44,-27.8],[46.39,-27.79]],[[45.93,-30.15],[45.87,-30.06],[45.88,-29.98],[45.98,-29.92],[46.03,-29.92],[46.09,-30.0],[46.09,-30.1],[46.01,-30.17],[45.93,-30.15]],[[42.83,-31.7],[42.75,-31.64],[42.74,-31.59],[42.8,-31.51],[42.89,-31.51],[42.95,-31.56],[42.96,-31.65],[42.93,-31.69],[42.83,-31.7]],[[43.58,-32.47],[43.53,-32.45],[43.51,-32.38],[43.54,-32.33],[43.62,-32.3],[43.67,-32.35],[43.67,-32.43],[43.58,-32.47]],[[44.23,-32.53],[44.44,-32.51],[44.54,-32.57],[44.52,-32.74],[44.61,-32.99],[44.57,-33.04],[44.41,-33.08],[44.41,-33.12],[44.45,-33.17],[44.54,-33.21],[44.6,-33.11],[44.69,-33.08],[44.86,-33.1],[44.95,-33.24],[45.14,-33.17],[45.19,-33.24],[45.17,-33.31],[45.28,-33.41],[45.28,-33.5],[45.19,-33.6],[45.22,-33.79],[44.9,-33.82],[44.99,-33.87],[45.0,-33.96],[44.86,-33.97],[44.71,-34.15],[44.52,-34.14],[44.42,-34.06],[44.28,-34.01],[44.23,-33.82],[44.28,-33.66],[44.22,-33.56],[44.09,-33.58],[43.94,-33.5],[43.71,-33.49],[43.65,-33.44],[43.68,-33.14],[43.61,-33.0],[43.63,-32.9],[43.59,-32.61],[43.67,-32.57],[43.8,-32.66],[43.92,-32.69],[44.06,-32.59],[44.14,-32.59],[44.23,-32.64],[44.23,-32.53]],[[33.46,-34.15],[33.51,-34.23],[33.5,-34.32],[33.45,-34.36],[33.37,-34.34],[33.32,-34.29],[33.31,-34.21],[33.38,-34.14],[33.46,-34.15]],[[44.12,-34.33],[44.22,-34.28],[44.31,-34.35],[44.34,-34.49],[44.31,-34.6],[44.2,-34.63],[44.11,-34.56],[44.08,-34.45],[44.12,-34.33]],[[43.33,-34.4],[43.37,-34.48],[43.32,-34.56],[43.22,-34.6],[43.13,-34.59],[43.09,-34.51],[43.11,-34.46],[43.23,-34.41],[43.33,-34.4]],[[35.08,-33.39],[35.13,-33.45],[35.12,-33.54],[35.09,-33.57],[35.0,-33.56],[34.94,-33.49],[34.95,-33.45],[35.01,-33.4],[35.08,-33.39]],[[34.68,-33.18],[34.67,-33.24],[34.63,-33.27],[34.54,-33.24],[34.51,-33.18],[34.6,-33.1],[34.66,-33.12],[34.68,-33.18]],[[34.81,-33.18],[34.73,-33.1],[34.75,-33.05],[34.83,-33.02],[34.89,-33.04],[34.91,-33.1],[34.87,-33.17],[34.81,-33.18]],[[44.14,-34.94],[44.17,-34.92],[44.3,-34.96],[44.35,-35.01],[44.35,-35.09],[44.28,-35.14],[44.17,-35.12],[44.1,-35.04],[44.14,-34.94]],[[54.33,-35.3],[54.27,-35.18],[54.33,-35.15],[54.41,-35.19],[54.42,-35.25],[54.38,-35.3],[54.33,-35.3]],[[53.14,-35.86],[53.18,-35.82],[53.27,-35.84],[53.31,-35.91],[53.3,-36.02],[53.23,-36.04],[53.16,-36.0],[53.12,-35.93],[53.14,-35.86]],[[23.47,-36.47],[23.36,-36.38],[23.35,-36.3],[23.39,-36.25],[23.49,-36.23],[23.57,-36.28],[23.58,-36.38],[23.55,-36.45],[23.47,-36.47]],[[52.05,-36.42],[52.01,-36.35],[52.03,-36.29],[52.15,-36.24],[52.19,-36.29],[52.17,-36.38],[52.1,-36.43],[52.05,-36.42]],[[52.06,-36.46],[52.14,-36.47],[52.15,-36.61],[52.2,-36.78],[52.21,-36.89],[52.16,-36.96],[52.09,-36.94],[52.06,-36.89],[52.08,-36.7],[52.01,-36.52],[52.06,-36.46]],[[22.83,-36.88],[22.89,-36.95],[22.88,-37.01],[22.83,-37.03],[22.75,-37.0],[22.73,-36.95],[22.76,-36.88],[22.83,-36.88]],[[22.32,-36.89],[22.29,-36.98],[22.25,-37.0],[22.17,-36.95],[22.18,-36.88],[22.26,-36.82],[22.29,-36.82],[22.32,-36.89]],[[77.77,-37.68],[77.83,-37.61],[77.92,-37.57],[77.97,-37.58],[78.0,-37.62],[77.97,-37.74],[77.9,-37.82],[77.79,-37.78],[77.77,-37.68]],[[77.63,-37.7],[77.69,-37.75],[77.69,-37.91],[77.64,-37.96],[77.52,-37.96],[77.44,-37.89],[77.44,-37.78],[77.52,-37.72],[77.63,-37.7]],[[77.58,-38.35],[77.7,-38.17],[77.8,-38.14],[77.84,-38.16],[77.86,-38.25],[77.76,-38.42],[77.78,-38.57],[77.68,-38.77],[77.7,-38.82],[77.84,-38.86],[77.87,-38.92],[77.87,-39.02],[77.77,-39.1],[77.64,-39.07],[77.62,-38.93],[77.35,-38.73],[77.35,-38.59],[77.43,-38.51],[77.6,-38.51],[77.57,-38.45],[77.58,-38.35]],[[77.87,-38.57],[77.84,-38.52],[77.9,-38.41],[77.9,-38.33],[77.97,-38.31],[78.08,-38.58],[77.87,-38.57]],[[48.39,-38.63],[48.33,-38.67],[48.29,-38.66],[48.27,-38.56],[48.4,-38.53],[48.39,-38.63]],[[46.86,-38.54],[46.73,-38.51],[46.72,-38.47],[46.77,-38.41],[46.84,-38.39],[46.9,-38.42],[46.91,-38.48],[46.86,-38.54]],[[47.66,-38.52],[47.63,-38.47],[47.65,-38.42],[47.76,-38.36],[47.77,-38.48],[47.71,-38.53],[47.66,-38.52]],[[41.35,-39.5],[41.3,-39.46],[41.31,-39.4],[41.35,-39.36],[41.45,-39.34],[41.46,-39.45],[41.4,-39.51],[41.35,-39.5]],[[42.87,-41.5],[42.84,-41.45],[42.85,-41.39],[42.94,-41.31],[42.98,-41.31],[43.0,-41.45],[42.93,-41.51],[42.87,-41.5]],[[42.61,-42.77],[42.59,-42.67],[42.7,-42.41],[42.73,-42.02],[42.81,-41.97],[42.84,-42.02],[42.86,-42.24],[42.79,-42.38],[42.78,-42.65],[42.67,-42.78],[42.61,-42.77]],[[41.89,-43.27],[41.82,-43.21],[41.88,-43.05],[41.86,-42.94],[41.9,-42.89],[41.98,-42.87],[42.07,-42.93],[42.02,-43.07],[42.03,-43.21],[41.97,-43.26],[41.89,-43.27]],[[40.94,-43.66],[41.08,-43.62],[41.13,-43.72],[41.06,-43.78],[40.96,-43.77],[40.91,-43.71],[40.94,-43.66]],[[38.97,-43.7],[39.0,-43.78],[38.96,-43.87],[38.91,-43.9],[38.83,-43.88],[38.81,-43.82],[38.83,-43.75],[38.97,-43.7]],[[37.6,-44.35],[37.56,-44.28],[37.57,-44.2],[37.66,-44.17],[37.72,-44.19],[37.74,-44.3],[37.68,-44.35],[37.6,-44.35]],[[37.24,-44.84],[37.18,-44.78],[37.18,-44.73],[37.28,-44.66],[37.36,-44.68],[37.39,-44.72],[37.38,-44.82],[37.34,-44.85],[37.24,-44.84]],[[35.49,-45.05],[35.44,-44.98],[35.5,-44.93],[35.59,-44.9],[35.66,-44.93],[35.69,-44.99],[35.66,-45.04],[35.49,-45.05]],[[43.6,-45.05],[43.67,-44.94],[43.76,-44.91],[43.8,-44.92],[43.82,-45.04],[43.75,-45.11],[43.66,-45.12],[43.6,-45.05]],[[35.46,-45.33],[35.38,-45.28],[35.39,-45.22],[35.5,-45.14],[35.54,-45.14],[35.58,-45.19],[35.56,-45.28],[35.52,-45.33],[35.46,-45.33]],[[41.57,-45.31],[41.62,-45.24],[41.85,-45.24],[41.98,-45.27],[42.05,-45.34],[41.99,-45.42],[41.79,-45.44],[41.64,-45.39],[41.57,-45.31]],[[49.97,-46.43],[49.73,-46.66],[49.23,-46.59],[49.13,-46.31],[49.15,-46.2],[49.22,-46.13],[49.2,-45.98],[49.28,-45.84],[49.24,-45.66],[49.26,-45.61],[49.34,-45.6],[49.39,-45.55],[49.61,-45.55],[49.82,-45.4],[50.23,-45.4],[50.38,-45.5],[50.57,-45.5],[50.78,-45.43],[50.89,-45.44],[50.99,-45.49],[51.06,-45.57],[51.16,-45.85],[51.34,-46.08],[51.46,-46.13],[51.53,-46.2],[51.78,-46.21],[51.98,-46.3],[52.32,-46.25],[52.37,-46.27],[52.41,-46.36],[52.46,-46.54],[52.39,-46.64],[52.08,-46.63],[51.91,-46.85],[51.7,-46.87],[51.48,-46.85],[51.11,-47.0],[51.06,-46.97],[51.08,-46.79],[51.03,-46.74],[50.62,-46.73],[50.45,-46.63],[50.23,-46.63],[50.14,-46.46],[50.09,-46.25],[49.97,-46.43]],[[51.32,-45.94],[51.26,-45.91],[51.25,-45.86],[51.27,-45.64],[51.33,-45.61],[51.46,-45.69],[51.52,-45.84],[51.46,-45.92],[51.32,-45.94]],[[74.16,-53.33],[73.7,-53.42],[73.3,-53.4],[73.15,-53.47],[72.95,-53.4],[72.68,-53.42],[72.53,-53.38],[72.31,-53.4],[72.14,-53.3],[71.99,-53.34],[71.96,-53.27],[71.98,-53.22],[72.23,-52.98],[72.23,-52.92],[72.12,-52.8],[71.95,-52.75],[71.88,-52.66],[71.62,-52.52],[71.56,-52.42],[71.57,-52.34],[71.62,-52.27],[71.58,-52.23],[71.21,-52.15],[71.1,-52.05],[71.11,-51.88],[71.15,-51.78],[71.62,-51.77],[71.74,-51.82],[72.01,-51.76],[72.02,-51.69],[71.9,-51.55],[71.74,-51.53],[71.62,-51.41],[71.47,-51.34],[71.43,-51.35],[71.33,-51.48],[71.06,-51.6],[70.75,-51.6],[70.58,-51.71],[70.45,-51.71],[70.3,-51.6],[70.25,-51.46],[70.13,-51.36],[70.1,-51.26],[69.92,-51.14],[69.94,-51.0],[70.1,-50.82],[70.01,-50.68],[69.87,-50.66],[69.59,-50.71],[69.3,-50.62],[69.23,-50.53],[69.11,-50.47],[68.53,-50.44],[68.48,-50.41],[68.43,-50.24],[68.14,-50.2],[67.79,-49.98],[67.63,-49.92],[67.3,-49.58],[67.2,-49.44],[67.0,-49.44],[66.9,-49.4],[66.87,-49.26],[66.94,-49.15],[67.06,-49.07],[67.07,-48.98],[66.62,-48.62],[66.58,-48.5],[66.41,-48.48],[66.37,-48.44],[66.33,-48.46],[66.33,-48.49],[66.48,-48.53],[66.54,-48.59],[66.55,-48.67],[66.47,-48.69],[66.34,-48.62],[65.93,-48.6],[65.78,-48.48],[65.57,-48.41],[65.53,-48.19],[65.4,-47.9],[65.49,-47.77],[65.67,-47.77],[65.7,-47.73],[65.64,-47.66],[65.69,-47.52],[65.62,-47.47],[65.5,-47.48],[65.51,-47.33],[65.74,-47.3],[65.77,-47.24],[65.77,-47.07],[65.95,-46.85],[66.01,-46.69],[66.22,-46.52],[66.3,-46.51],[66.35,-46.58],[66.23,-46.74],[66.22,-46.82],[66.37,-46.84],[66.41,-46.92],[66.39,-46.98],[66.43,-46.99],[66.52,-46.94],[66.64,-46.81],[66.65,-46.7],[66.53,-46.7],[66.48,-46.63],[66.5,-46.57],[66.65,-46.56],[66.67,-46.37],[67.01,-46.3],[67.1,-46.2],[67.22,-46.18],[67.28,-46.11],[67.42,-46.13],[67.58,-46.01],[67.81,-46.07],[67.8,-46.21],[67.82,-46.24],[67.94,-46.22],[68.06,-46.37],[68.19,-46.36],[68.23,-46.39],[68.28,-46.54],[68.33,-46.54],[68.34,-46.64],[68.42,-46.73],[68.99,-46.88],[69.34,-46.85],[69.42,-47.04],[69.62,-47.02],[70.11,-47.12],[70.36,-46.89],[70.43,-46.87],[70.53,-46.88],[70.58,-47.03],[70.65,-47.05],[70.77,-47.02],[70.99,-46.91],[71.09,-46.97],[71.14,-47.06],[71.3,-47.11],[71.4,-47.21],[71.46,-47.23],[71.78,-47.18],[72.04,-47.02],[72.15,-47.04],[72.22,-47.12],[72.19,-47.35],[71.76,-47.52],[71.77,-47.56],[71.85,-47.59],[72.13,-47.62],[72.32,-47.76],[72.32,-47.87],[72.21,-47.95],[71.81,-48.07],[71.69,-48.14],[71.52,-48.17],[71.25,-48.37],[71.23,-48.66],[71.27,-48.73],[71.37,-48.78],[71.64,-48.77],[72.19,-49.06],[72.41,-49.08],[72.4,-49.17],[72.26,-49.2],[72.24,-49.37],[72.38,-49.46],[72.43,-49.61],[73.1,-49.63],[73.39,-49.87],[73.56,-49.85],[73.78,-49.97],[74.03,-49.99],[74.04,-49.97],[73.94,-49.9],[73.92,-49.79],[73.96,-49.75],[74.09,-49.75],[74.56,-49.96],[74.57,-50.08],[74.52,-50.09],[74.59,-50.21],[74.57,-50.33],[74.67,-50.45],[74.79,-50.47],[74.84,-50.36],[74.91,-50.32],[74.99,-50.34],[75.24,-50.49],[75.39,-50.4],[75.56,-50.44],[75.61,-50.5],[75.62,-50.61],[75.48,-50.63],[75.55,-50.76],[75.53,-50.98],[75.62,-51.09],[76.02,-51.25],[76.18,-51.48],[76.29,-51.55],[76.55,-51.58],[76.91,-51.74],[77.43,-51.83],[77.51,-51.89],[77.5,-51.98],[77.45,-52.01],[77.12,-51.98],[77.01,-51.92],[76.82,-51.91],[76.68,-51.84],[76.56,-51.87],[76.51,-51.95],[76.58,-52.08],[76.68,-52.03],[76.81,-52.03],[77.09,-52.22],[77.36,-52.3],[77.43,-52.37],[77.45,-52.54],[77.52,-52.68],[77.63,-52.6],[77.7,-52.58],[78.18,-52.66],[78.33,-52.65],[78.46,-52.61],[78.74,-52.66],[78.86,-52.7],[78.92,-52.78],[78.9,-52.84],[78.83,-52.87],[78.61,-52.83],[78.5,-52.94],[78.09,-52.92],[78.02,-52.99],[77.98,-53.21],[77.9,-53.22],[77.54,-52.92],[77.54,-52.8],[77.4,-52.86],[77.3,-52.85],[77.24,-52.67],[77.01,-52.62],[76.91,-52.68],[77.01,-52.78],[77.04,-52.83],[77.03,-53.0],[77.14,-53.13],[77.11,-53.22],[77.04,-53.27],[76.84,-53.27],[76.78,-53.09],[76.46,-53.09],[76.13,-52.87],[76.08,-52.99],[75.9,-53.0],[75.43,-53.42],[75.29,-53.42],[75.12,-53.29],[75.05,-53.33],[75.01,-53.42],[74.88,-53.41],[74.76,-53.28],[74.76,-53.09],[74.67,-53.26],[74.45,-53.18],[74.16,-53.33],[74.27,-53.34],[74.3,-53.42],[74.29,-53.46],[74.15,-53.44],[74.12,-53.37],[74.16,-53.33]],[[77.3,-53.47],[77.3,-53.38],[77.39,-53.34],[77.45,-53.4],[77.47,-53.52],[77.38,-53.55],[77.3,-53.47]],[[81.11,-53.44],[80.33,-53.16],[79.94,-53.11],[79.55,-52.96],[79.51,-52.89],[79.6,-52.82],[79.75,-52.87],[80.02,-52.9],[80.38,-53.06],[80.5,-53.01],[80.59,-53.0],[81.17,-53.31],[81.21,-53.38],[81.19,-53.42],[81.11,-53.44]],[[49.2,-53.49],[49.13,-53.57],[49.02,-53.62],[48.89,-53.57],[48.84,-53.5],[48.9,-53.43],[49.1,-53.37],[49.21,-53.39],[49.2,-53.49]],[[48.09,-53.57],[48.24,-53.66],[48.24,-53.78],[47.9,-53.88],[47.82,-53.75],[47.81,-53.65],[47.96,-53.57],[48.09,-53.57]],[[44.52,-53.59],[44.3,-53.57],[44.18,-53.48],[44.18,-53.39],[44.22,-53.31],[44.3,-53.26],[44.28,-53.22],[44.11,-53.16],[43.94,-53.16],[43.72,-53.02],[43.49,-53.0],[43.44,-52.94],[43.44,-52.85],[43.3,-52.82],[43.27,-52.78],[43.23,-52.77],[43.23,-52.67],[43.34,-52.62],[43.59,-52.7],[44.52,-52.5],[44.59,-52.5],[44.76,-52.63],[44.9,-52.68],[45.11,-52.85],[45.37,-52.94],[45.39,-53.06],[45.24,-53.18],[45.36,-53.33],[45.33,-53.46],[45.22,-53.51],[44.81,-53.5],[44.52,-53.59]],[[41.48,-52.53],[41.3,-52.52],[41.13,-52.43],[40.85,-52.34],[40.78,-52.27],[40.78,-52.2],[40.82,-52.15],[40.96,-52.12],[41.23,-52.13],[41.44,-52.2],[41.55,-52.19],[41.69,-52.11],[41.76,-52.13],[41.82,-52.23],[41.81,-52.39],[41.66,-52.49],[41.48,-52.53]],[[50.89,-52.47],[51.0,-52.49],[51.01,-52.59],[50.89,-52.67],[50.79,-52.66],[50.75,-52.55],[50.81,-52.49],[50.89,-52.47]],[[48.17,-52.48],[48.32,-52.61],[48.31,-52.68],[48.27,-52.71],[48.16,-52.7],[48.03,-52.59],[48.06,-52.5],[48.17,-52.48]],[[50.16,-52.84],[50.13,-52.82],[50.14,-52.78],[50.24,-52.73],[50.33,-52.74],[50.37,-52.78],[50.33,-52.85],[50.16,-52.84]],[[48.38,-52.84],[48.69,-52.95],[48.76,-53.05],[48.74,-53.11],[48.61,-53.13],[48.41,-53.09],[48.19,-52.96],[48.19,-52.89],[48.38,-52.84]],[[47.95,-52.97],[48.09,-53.09],[48.12,-53.17],[48.09,-53.27],[48.02,-53.32],[47.8,-53.26],[47.71,-53.18],[47.7,-53.08],[47.73,-53.02],[47.82,-52.98],[47.95,-52.97]],[[47.08,-53.21],[47.14,-53.26],[47.16,-53.4],[47.14,-53.46],[47.05,-53.52],[46.87,-53.49],[46.71,-53.34],[46.76,-53.24],[47.08,-53.21]],[[45.7,-53.32],[45.82,-53.38],[45.82,-53.5],[45.7,-53.56],[45.51,-53.52],[45.48,-53.45],[45.51,-53.36],[45.7,-53.32]],[[54.85,-51.24],[54.95,-51.33],[54.9,-51.41],[54.74,-51.46],[54.62,-51.43],[54.6,-51.36],[54.63,-51.28],[54.85,-51.24]],[[64.76,-50.33],[64.64,-50.29],[64.61,-50.07],[64.46,-49.94],[64.3,-49.99],[64.08,-49.9],[64.01,-49.93],[63.91,-50.08],[63.83,-50.08],[63.7,-49.92],[63.67,-49.78],[63.69,-49.74],[63.78,-49.71],[64.01,-49.7],[64.13,-49.66],[64.32,-49.66],[64.58,-49.56],[65.09,-49.54],[65.6,-49.76],[65.66,-49.87],[66.0,-49.8],[66.14,-49.8],[66.26,-49.85],[66.29,-49.9],[66.28,-49.96],[66.2,-50.05],[65.92,-50.14],[65.74,-50.3],[65.42,-50.14],[65.16,-50.28],[64.76,-50.33]],[[66.72,-49.69],[66.67,-49.66],[66.67,-49.62],[66.72,-49.56],[66.85,-49.53],[66.94,-49.56],[66.95,-49.62],[66.92,-49.67],[66.72,-49.69]],[[44.22,-48.3],[44.28,-48.37],[44.24,-48.44],[44.15,-48.45],[44.08,-48.41],[44.07,-48.35],[44.11,-48.3],[44.22,-48.3]],[[62.37,-47.82],[62.44,-47.87],[62.43,-47.94],[62.34,-47.98],[62.23,-47.94],[62.23,-47.84],[62.37,-47.82]],[[38.26,-46.74],[38.22,-46.78],[38.14,-46.8],[38.09,-46.99],[37.94,-47.1],[37.84,-47.11],[37.54,-46.99],[37.52,-46.93],[37.55,-46.83],[37.87,-46.51],[37.98,-46.51],[38.17,-46.59],[38.26,-46.67],[38.26,-46.74]],[[34.05,-46.55],[33.99,-46.62],[33.92,-46.55],[33.92,-46.4],[33.98,-46.34],[34.03,-46.34],[34.05,-46.55]],[[35.01,-46.45],[34.98,-46.36],[35.03,-46.22],[35.08,-46.16],[35.21,-46.15],[35.19,-46.38],[35.1,-46.45],[35.01,-46.45]],[[37.43,-46.34],[37.37,-46.27],[37.41,-46.17],[37.5,-46.13],[37.58,-46.14],[37.62,-46.24],[37.6,-46.29],[37.43,-46.34]],[[38.92,-46.17],[38.84,-46.11],[38.84,-46.02],[38.94,-45.96],[38.99,-45.96],[39.06,-46.01],[39.07,-46.15],[39.01,-46.19],[38.92,-46.17]],[[42.89,-46.62],[42.81,-46.71],[42.7,-46.72],[42.65,-46.66],[42.63,-46.51],[42.31,-46.26],[42.25,-46.25],[42.12,-46.37],[41.92,-46.37],[41.78,-46.28],[41.77,-46.18],[41.9,-46.06],[41.95,-45.89],[42.21,-45.86],[42.28,-45.87],[42.5,-46.03],[42.91,-46.08],[43.04,-46.19],[43.07,-46.33],[43.05,-46.41],[42.89,-46.54],[42.89,-46.62]],[[50.15,-46.72],[50.24,-46.73],[50.27,-46.77],[50.27,-46.86],[50.24,-46.89],[50.13,-46.89],[50.05,-46.84],[50.09,-46.75],[50.15,-46.72]],[[39.47,-46.46],[39.54,-46.36],[39.8,-46.29],[39.89,-46.31],[40.03,-46.42],[40.08,-46.51],[40.02,-46.6],[39.69,-46.69],[39.52,-46.6],[39.47,-46.46]],[[38.63,-46.19],[38.66,-46.24],[38.65,-46.34],[38.36,-46.51],[38.27,-46.5],[38.23,-46.46],[38.24,-46.37],[38.31,-46.28],[38.48,-46.21],[38.63,-46.19]],[[52.75,-46.55],[52.95,-46.62],[53.0,-46.68],[53.0,-46.76],[52.85,-46.88],[52.64,-46.87],[52.48,-46.64],[52.49,-46.58],[52.55,-46.55],[52.75,-46.55]],[[71.59,-46.8],[71.63,-46.73],[71.71,-46.68],[71.77,-46.67],[71.81,-46.71],[71.78,-46.88],[71.66,-47.0],[71.62,-46.99],[71.58,-46.94],[71.59,-46.8]],[[73.6,-47.77],[73.6,-47.62],[73.64,-47.6],[74.16,-47.54],[74.27,-47.58],[74.27,-47.64],[74.2,-47.69],[73.6,-47.77]],[[72.3,-48.06],[72.29,-47.99],[72.37,-47.93],[72.83,-47.94],[72.87,-47.98],[72.85,-48.07],[72.8,-48.1],[72.42,-48.05],[72.3,-48.06]],[[77.93,-52.45],[77.84,-52.4],[77.86,-52.32],[77.92,-52.29],[78.02,-52.3],[78.06,-52.34],[78.07,-52.42],[78.04,-52.45],[77.93,-52.45]],[[35.33,-45.7],[35.37,-45.74],[35.37,-45.82],[35.31,-45.86],[35.23,-45.83],[35.22,-45.76],[35.33,-45.7]],[[35.45,-45.57],[35.41,-45.67],[35.36,-45.69],[35.28,-45.66],[35.28,-45.57],[35.33,-45.48],[35.43,-45.47],[35.45,-45.57]],[[52.03,-54.06],[51.95,-54.03],[51.92,-53.97],[52.01,-53.88],[52.08,-53.91],[52.14,-54.01],[52.11,-54.06],[52.03,-54.06]],[[71.95,-54.05],[72.19,-54.02],[72.23,-54.06],[72.2,-54.13],[72.04,-54.17],[71.94,-54.15],[71.95,-54.05]],[[49.77,-54.57],[49.49,-54.5],[49.46,-54.42],[49.5,-54.38],[49.6,-54.36],[49.91,-54.43],[49.92,-54.48],[49.89,-54.55],[49.77,-54.57]],[[50.11,-54.56],[50.05,-54.49],[50.08,-54.42],[50.25,-54.39],[50.34,-54.45],[50.33,-54.56],[50.23,-54.59],[50.11,-54.56]],[[67.91,-56.76],[68.03,-56.86],[68.04,-56.95],[67.9,-56.93],[67.73,-56.86],[67.7,-56.81],[67.42,-56.64],[67.37,-56.58],[67.38,-56.54],[67.48,-56.47],[67.63,-56.57],[67.93,-56.64],[67.98,-56.69],[67.97,-56.74],[67.91,-56.76]],[[76.92,-58.72],[76.98,-58.58],[77.22,-58.53],[77.14,-58.46],[77.14,-58.39],[77.23,-58.34],[77.33,-58.34],[77.4,-58.39],[77.41,-58.47],[77.84,-58.8],[77.88,-58.92],[77.84,-58.97],[77.76,-58.99],[77.06,-59.04],[76.56,-58.94],[76.58,-58.8],[76.68,-58.8],[76.78,-58.73],[76.89,-58.75],[76.92,-58.72]],[[77.95,-58.88],[77.92,-58.85],[77.98,-58.63],[78.06,-58.56],[78.46,-58.66],[78.43,-58.79],[78.31,-58.9],[77.95,-58.88]],[[78.72,-58.8],[78.62,-58.74],[78.62,-58.69],[78.67,-58.63],[78.83,-58.61],[78.93,-58.67],[78.91,-58.76],[78.86,-58.8],[78.72,-58.8]],[[77.33,-59.19],[77.51,-59.16],[77.71,-59.19],[77.84,-59.26],[77.85,-59.33],[77.77,-59.42],[77.64,-59.47],[77.46,-59.44],[77.18,-59.57],[77.02,-59.57],[76.89,-59.61],[76.7,-59.59],[76.61,-59.5],[76.61,-59.43],[76.7,-59.42],[76.74,-59.32],[76.8,-59.27],[76.87,-59.25],[77.07,-59.33],[77.23,-59.28],[77.33,-59.19]],[[33.55,-67.39],[33.41,-67.29],[33.4,-67.25],[33.48,-67.17],[33.59,-67.17],[33.71,-67.27],[33.7,-67.37],[33.55,-67.39]]],[[[-119.29,33.44],[-119.33,33.72],[-119.38,33.8],[-119.5,33.88],[-119.74,33.86],[-119.67,33.67],[-119.5,33.5],[-119.29,33.44]]],[[[-119.94,33.13],[-119.93,33.16],[-120.05,33.24],[-120.1,33.54],[-120.16,33.57],[-120.23,33.51],[-120.17,33.26],[-120.02,33.05],[-120.0,33.05],[-120.0,33.12],[-119.94,33.13]]],[[[-118.13,33.15],[-118.27,33.24],[-118.51,33.26],[-118.7,33.43],[-118.87,33.44],[-118.92,33.38],[-118.9,33.33],[-118.69,33.29],[-118.49,33.08],[-118.45,33.08],[-118.38,33.15],[-118.34,33.14],[-118.3,33.07],[-118.33,32.96],[-118.2,33.12],[-118.13,33.15]]],[[[-118.68,32.67],[-118.64,32.71],[-118.7,33.0],[-118.94,33.22],[-118.92,33.29],[-119.14,33.29],[-119.14,33.24],[-119.19,33.18],[-119.39,33.15],[-119.39,33.11],[-119.23,33.07],[-119.06,32.83],[-118.68,32.67]]],[[[-119.72,33.06],[-119.82,33.11],[-119.87,32.95],[-119.91,32.93],[-119.98,32.94],[-119.97,32.87],[-119.9,32.82],[-119.74,32.76],[-119.74,32.83],[-119.65,32.87],[-119.44,32.71],[-119.45,32.78],[-119.64,32.92],[-119.72,33.06]]],[[[-0.0,62.38],[-0.0,90.0],[-90.0,90.0],[-90.0,83.02],[-89.74,83.08],[-89.2,83.12],[-88.86,83.19],[-85.14,83.45],[-84.9,83.51],[-84.04,83.52],[-83.08,83.77],[-77.78,83.89],[-77.62,83.95],[-72.52,84.15],[-72.34,84.21],[-72.1,84.21],[-71.88,84.26],[-57.32,84.21],[-57.03,84.26],[-55.97,84.28],[-55.4,84.38],[-31.15,84.79],[-30.62,84.66],[-28.24,84.7],[-27.77,84.82],[-27.11,84.8],[-27.1,84.73],[-27.17,84.69],[-28.52,84.35],[-28.3,84.34],[-28.2,84.36],[-27.84,84.31],[-20.98,84.79],[-21.0,85.01],[-20.95,85.06],[-20.86,85.08],[-17.76,85.22],[-17.72,85.33],[-17.63,85.36],[-14.34,85.34],[-14.3,85.26],[-14.37,85.21],[-18.83,84.87],[-18.86,84.84],[-18.05,84.81],[-17.91,84.75],[-17.9,84.7],[-17.97,84.66],[-23.06,84.35],[-23.42,84.27],[-23.71,84.14],[-23.88,84.11],[-23.98,84.05],[-25.04,83.89],[-22.34,83.62],[-22.18,83.42],[-21.61,83.27],[-16.83,83.23],[-15.12,83.0],[-14.95,82.83],[-14.83,82.78],[-14.82,82.64],[-14.74,82.59],[-12.27,82.4],[-11.97,82.33],[-10.56,82.2],[-10.5,82.15],[-10.54,82.0],[-10.22,81.91],[-9.25,81.78],[-9.19,81.74],[-9.14,81.65],[-9.01,81.69],[-8.92,81.65],[-8.1,81.49],[-8.02,81.43],[-7.95,81.28],[-7.8,81.19],[-7.1,81.02],[-6.34,81.03],[-6.26,81.0],[-6.21,80.92],[-6.33,80.79],[-5.67,80.75],[-4.98,80.57],[-4.9,80.47],[-4.96,80.37],[-5.54,80.23],[-4.9,80.11],[-4.84,80.06],[-4.85,80.02],[-4.9,79.99],[-5.19,79.99],[-5.43,79.87],[-5.48,79.76],[-5.48,79.65],[-5.42,79.37],[-5.48,79.32],[-5.69,79.32],[-5.74,79.15],[-5.47,79.13],[-5.44,79.08],[-5.47,79.0],[-5.42,78.96],[-4.72,78.84],[-4.65,78.79],[-4.63,78.7],[-4.66,78.62],[-5.06,78.53],[-4.44,78.57],[-4.34,78.51],[-4.33,78.43],[-4.38,78.38],[-4.75,78.2],[-4.97,78.14],[-4.98,78.01],[-5.02,77.97],[-5.36,77.91],[-5.54,77.79],[-5.54,77.71],[-5.34,77.69],[-5.07,77.75],[-5.01,77.68],[-5.19,77.53],[-5.33,77.23],[-5.65,77.02],[-5.83,77.02],[-5.96,76.9],[-6.26,76.87],[-6.43,76.79],[-6.6,76.76],[-6.88,76.65],[-7.2,76.49],[-7.32,76.34],[-7.56,76.37],[-7.66,76.32],[-7.8,76.32],[-9.61,75.84],[-9.95,75.81],[-10.1,75.74],[-10.85,75.65],[-11.08,75.58],[-11.71,75.24],[-11.88,75.22],[-11.9,75.17],[-12.12,75.12],[-13.1,74.74],[-13.49,74.66],[-13.7,74.54],[-13.87,74.54],[-13.97,74.42],[-14.04,74.4],[-14.17,74.26],[-14.29,74.2],[-15.33,73.97],[-15.36,73.93],[-15.38,73.75],[-15.58,73.66],[-15.62,73.58],[-15.85,73.44],[-16.15,73.39],[-16.35,73.28],[-16.28,73.1],[-16.29,72.93],[-16.37,72.82],[-16.54,72.7],[-16.63,72.59],[-16.78,72.55],[-16.92,72.4],[-17.38,72.29],[-17.69,72.29],[-17.73,72.12],[-17.83,72.0],[-18.07,71.86],[-18.41,71.59],[-18.51,71.56],[-18.86,71.21],[-19.03,71.09],[-19.35,70.97],[-19.37,70.94],[-19.27,70.82],[-19.08,70.78],[-18.85,70.66],[-18.77,70.55],[-18.73,70.12],[-18.77,69.81],[-18.82,69.72],[-18.96,69.63],[-20.86,69.04],[-21.89,68.97],[-22.08,69.05],[-22.19,68.99],[-22.57,69.01],[-22.81,69.07],[-22.99,69.07],[-23.25,68.77],[-23.63,68.61],[-24.0,68.56],[-24.76,68.28],[-25.08,68.09],[-25.37,67.97],[-25.49,67.63],[-25.78,67.47],[-25.82,67.42],[-25.57,67.19],[-25.4,67.14],[-25.38,67.07],[-25.41,66.99],[-25.33,66.96],[-24.61,67.2],[-24.46,67.32],[-24.41,67.44],[-24.36,67.44],[-24.34,67.56],[-23.76,67.64],[-23.0,67.93],[-22.68,68.0],[-22.33,68.14],[-22.25,68.21],[-22.1,68.23],[-21.96,68.32],[-21.56,68.33],[-21.17,68.5],[-20.99,68.44],[-20.86,68.21],[-20.79,68.18],[-20.62,68.21],[-20.45,68.16],[-20.39,68.18],[-20.07,68.15],[-20.03,68.17],[-19.94,68.32],[-19.66,68.35],[-19.47,68.28],[-19.51,68.16],[-19.44,68.02],[-18.91,67.92],[-18.86,67.99],[-18.74,68.04],[-18.75,68.19],[-18.71,68.24],[-18.6,68.28],[-18.58,68.33],[-18.36,68.35],[-18.31,68.42],[-18.12,68.52],[-17.94,68.66],[-17.73,68.71],[-17.66,68.69],[-17.63,68.59],[-17.76,68.47],[-17.84,68.27],[-17.95,68.09],[-17.95,67.92],[-18.01,67.74],[-17.94,67.69],[-17.25,67.68],[-16.92,67.82],[-16.7,67.85],[-16.57,67.95],[-16.52,67.93],[-16.46,67.82],[-16.39,67.8],[-16.39,67.75],[-16.36,67.74],[-16.03,67.87],[-15.29,67.84],[-15.18,67.81],[-15.12,67.75],[-15.12,67.68],[-15.22,67.64],[-15.24,67.58],[-15.07,67.47],[-14.92,67.42],[-14.35,67.41],[-14.13,67.33],[-13.64,67.27],[-13.23,67.0],[-12.65,66.76],[-12.41,66.48],[-12.28,66.4],[-11.61,66.31],[-11.59,66.34],[-11.33,66.36],[-11.3,66.33],[-11.28,66.19],[-11.06,65.95],[-11.05,65.88],[-10.8,65.75],[-10.44,65.76],[-9.62,66.1],[-9.0,66.19],[-8.51,66.1],[-8.44,66.04],[-8.38,65.83],[-8.26,65.78],[-8.19,65.69],[-8.22,65.59],[-8.28,65.51],[-8.42,65.45],[-8.42,65.29],[-8.49,65.26],[-8.71,65.28],[-8.73,65.11],[-8.84,65.05],[-9.22,64.99],[-9.53,64.86],[-9.83,64.87],[-9.89,64.8],[-8.71,64.51],[-8.69,64.44],[-8.71,64.4],[-9.06,64.29],[-9.12,64.22],[-9.05,64.18],[-8.5,64.1],[-8.04,63.86],[-7.78,63.67],[-7.45,63.53],[-7.38,63.43],[-7.46,63.29],[-7.42,63.2],[-6.62,63.02],[-6.41,63.02],[-6.22,62.98],[-5.3,62.95],[-5.09,62.88],[-4.51,62.86],[-4.34,62.81],[-2.98,62.86],[-2.91,62.81],[-2.75,62.82],[-2.45,62.78],[-2.4,62.74],[-2.17,62.68],[-2.13,62.63],[-2.17,62.57],[-3.17,62.19],[-3.27,62.13],[-3.31,62.04],[-3.46,61.99],[-3.72,61.75],[-4.25,61.56],[-4.51,61.25],[-4.6,61.2],[-4.6,61.13],[-4.51,60.98],[-4.52,60.9],[-4.73,60.84],[-4.92,60.6],[-5.14,60.62],[-5.29,60.45],[-5.65,60.24],[-6.26,60.24],[-6.41,60.29],[-6.67,60.31],[-6.72,60.36],[-7.11,60.47],[-7.41,60.65],[-7.55,60.68],[-7.42,60.53],[-7.41,60.44],[-7.46,60.39],[-7.41,60.33],[-6.76,60.15],[-6.28,60.1],[-6.0,59.98],[-5.92,59.99],[-5.83,60.08],[-5.41,60.28],[-5.11,60.34],[-5.09,60.37],[-5.15,60.38],[-5.17,60.44],[-5.06,60.54],[-4.96,60.54],[-4.74,60.48],[-4.56,60.51],[-4.24,60.66],[-4.1,60.79],[-4.0,60.8],[-3.62,60.98],[-3.41,61.01],[-3.12,61.15],[-2.74,61.22],[-2.62,61.3],[-2.18,61.44],[-1.63,61.75],[-1.49,61.9],[-0.74,62.3],[-0.0,62.38]],[[-52.8,85.51],[-51.7,85.49],[-51.67,85.41],[-51.73,85.36],[-58.32,84.91],[-58.39,84.94],[-59.64,84.89],[-59.78,84.94],[-59.93,84.86],[-69.45,84.68],[-69.58,84.71],[-72.44,84.66],[-72.6,84.62],[-72.86,84.72],[-73.32,84.74],[-73.7,84.88],[-74.59,85.0],[-74.73,85.05],[-74.77,85.11],[-74.75,85.15],[-74.51,85.31],[-74.33,85.32],[-73.66,85.22],[-69.95,85.44],[-69.89,85.49],[-69.45,85.57],[-69.16,85.67],[-65.54,85.83],[-65.38,85.91],[-62.41,86.24],[-62.21,86.38],[-61.85,86.4],[-61.7,86.45],[-60.53,86.61],[-60.34,86.71],[-58.68,86.83],[-52.44,86.83],[-52.33,86.8],[-52.25,86.71],[-52.0,86.64],[-51.98,86.57],[-52.01,86.52],[-53.71,86.43],[-53.66,86.35],[-53.33,86.21],[-52.75,86.19],[-52.69,86.14],[-52.58,85.99],[-52.21,85.93],[-52.14,85.89],[-52.14,85.79],[-52.28,85.72],[-53.69,85.64],[-53.42,85.58],[-53.09,85.58],[-52.8,85.51]],[[-2.16,84.08],[-2.09,84.05],[-2.09,83.97],[-2.41,83.95],[-2.46,83.98],[-2.43,84.06],[-2.16,84.08]],[[-9.04,73.61],[-8.95,73.56],[-8.99,73.49],[-9.06,73.45],[-9.25,73.45],[-9.33,73.52],[-9.31,73.57],[-9.26,73.6],[-9.04,73.61]],[[-12.98,72.59],[-12.41,72.58],[-12.36,72.54],[-12.36,72.5],[-12.41,72.45],[-13.15,72.48],[-13.14,72.56],[-12.98,72.59]],[[-11.27,72.49],[-11.24,72.46],[-11.23,72.37],[-11.27,72.34],[-11.6,72.34],[-11.67,72.44],[-11.66,72.48],[-11.59,72.5],[-11.27,72.49]],[[-13.89,72.41],[-14.36,72.39],[-14.42,72.43],[-14.42,72.48],[-14.37,72.54],[-14.12,72.57],[-13.79,72.6],[-13.69,72.56],[-13.69,72.47],[-13.8,72.46],[-13.89,72.41]],[[-14.61,71.73],[-14.72,71.64],[-14.93,71.62],[-15.14,71.74],[-15.37,71.71],[-15.44,71.73],[-15.46,71.76],[-15.45,71.8],[-15.39,71.84],[-14.6,71.86],[-14.58,71.82],[-14.61,71.73]],[[-13.72,71.56],[-13.83,71.54],[-13.87,71.56],[-13.89,71.69],[-13.83,71.74],[-13.63,71.77],[-13.6,71.69],[-13.72,71.56]],[[-12.24,71.33],[-12.21,71.41],[-12.09,71.48],[-11.73,71.58],[-11.42,71.49],[-11.17,71.52],[-10.75,71.45],[-10.32,71.46],[-10.23,71.42],[-10.22,71.38],[-10.29,71.31],[-10.75,71.3],[-11.08,71.21],[-11.23,71.21],[-11.57,71.3],[-12.16,71.28],[-12.24,71.33]],[[-7.1,71.54],[-7.04,71.55],[-6.96,71.5],[-6.94,71.45],[-6.98,71.36],[-7.08,71.36],[-7.15,71.43],[-7.16,71.47],[-7.1,71.54]],[[-6.47,71.36],[-5.67,71.36],[-5.6,71.32],[-5.59,71.24],[-5.63,71.2],[-6.5,71.19],[-6.56,71.22],[-6.58,71.3],[-6.47,71.36]],[[-5.27,71.22],[-4.91,71.29],[-4.84,71.27],[-4.82,71.18],[-4.9,71.13],[-5.28,71.09],[-5.52,70.97],[-5.61,70.96],[-5.64,70.99],[-5.63,71.08],[-5.52,71.17],[-5.27,71.22]],[[-9.24,68.51],[-9.26,68.61],[-9.22,68.68],[-8.9,68.86],[-8.9,69.05],[-8.53,69.15],[-8.29,69.27],[-8.12,69.31],[-8.11,69.35],[-8.35,69.5],[-8.57,69.72],[-8.71,69.77],[-8.74,69.86],[-8.83,69.89],[-8.9,70.06],[-8.81,70.3],[-8.83,70.35],[-8.92,70.42],[-9.14,70.46],[-9.34,70.44],[-9.67,70.32],[-9.81,70.32],[-9.97,70.36],[-10.13,70.54],[-10.39,70.49],[-10.48,70.53],[-10.54,70.67],[-10.52,70.76],[-10.44,70.78],[-10.37,70.75],[-10.33,70.87],[-10.23,70.86],[-10.22,70.78],[-10.18,70.75],[-10.0,70.83],[-9.89,70.99],[-9.96,71.14],[-9.77,71.34],[-9.32,71.37],[-8.89,71.22],[-8.66,71.18],[-7.91,71.27],[-7.8,71.24],[-7.72,71.1],[-7.68,71.08],[-7.27,71.06],[-7.15,71.02],[-6.86,71.02],[-6.55,70.92],[-6.1,70.9],[-6.05,70.85],[-5.92,70.83],[-5.91,70.74],[-5.98,70.72],[-6.29,70.78],[-7.54,70.78],[-7.83,70.66],[-7.87,70.57],[-7.75,70.54],[-7.67,70.45],[-7.45,70.47],[-7.38,70.43],[-7.37,70.39],[-7.41,70.34],[-7.7,70.25],[-7.78,70.15],[-7.78,70.1],[-7.86,70.05],[-7.74,69.93],[-7.74,69.82],[-8.04,69.62],[-7.67,69.4],[-7.66,69.29],[-7.7,69.19],[-7.8,69.08],[-8.04,69.05],[-8.21,68.95],[-8.4,68.9],[-8.54,68.81],[-8.76,68.77],[-8.98,68.59],[-9.19,68.5],[-9.24,68.51]],[[-16.48,68.49],[-16.69,68.44],[-16.91,68.47],[-17.0,68.52],[-17.04,68.66],[-16.94,68.74],[-16.92,68.87],[-16.83,68.9],[-16.63,68.69],[-16.43,68.64],[-16.43,68.54],[-16.48,68.49]],[[-17.72,68.96],[-17.78,68.95],[-18.06,69.09],[-18.1,69.18],[-18.07,69.32],[-17.9,69.36],[-17.81,69.36],[-17.66,69.26],[-17.64,69.14],[-17.48,69.14],[-17.5,69.03],[-17.72,68.96]],[[-17.45,69.15],[-17.52,69.22],[-17.52,69.29],[-17.38,69.45],[-17.27,69.49],[-17.06,69.49],[-16.98,69.51],[-16.9,69.65],[-16.63,69.72],[-16.62,69.86],[-16.58,69.89],[-16.48,69.9],[-16.2,69.84],[-16.16,69.87],[-16.13,69.98],[-15.86,70.06],[-15.81,70.04],[-15.82,69.94],[-15.94,69.79],[-15.94,69.58],[-16.18,69.46],[-16.15,69.31],[-16.47,69.06],[-16.55,69.04],[-16.85,69.1],[-17.07,69.06],[-17.16,69.12],[-17.3,69.07],[-17.45,69.15]],[[-17.13,69.82],[-17.27,69.83],[-17.31,69.89],[-17.24,69.95],[-17.14,69.95],[-17.11,69.91],[-17.13,69.82]],[[-16.87,70.06],[-16.72,70.04],[-16.69,69.93],[-16.83,69.85],[-16.97,69.86],[-16.96,69.97],[-16.87,70.06],[-17.01,70.06],[-17.06,70.1],[-17.06,70.16],[-16.97,70.21],[-16.87,70.2],[-16.84,70.14],[-16.87,70.06]],[[-15.58,69.82],[-15.41,69.8],[-15.36,69.71],[-15.5,69.56],[-15.65,69.53],[-15.73,69.61],[-15.74,69.73],[-15.67,69.79],[-15.58,69.82]],[[-15.93,69.29],[-15.97,69.37],[-15.83,69.46],[-15.72,69.46],[-15.65,69.41],[-15.65,69.37],[-15.72,69.31],[-15.83,69.28],[-15.93,69.29]],[[-15.97,69.08],[-15.97,69.15],[-15.87,69.2],[-15.76,69.17],[-15.72,69.12],[-15.78,69.02],[-15.89,69.02],[-15.97,69.08]],[[-14.07,70.31],[-14.22,70.33],[-14.6,70.45],[-14.62,70.51],[-14.56,70.66],[-14.47,70.71],[-14.26,70.75],[-14.22,70.71],[-14.24,70.63],[-14.2,70.56],[-13.95,70.45],[-13.96,70.36],[-14.07,70.31]],[[-15.6,70.57],[-15.49,70.52],[-15.5,70.44],[-15.54,70.42],[-15.73,70.42],[-15.8,70.48],[-15.72,70.56],[-15.6,70.57]],[[-15.79,70.56],[-15.88,70.54],[-16.19,70.58],[-16.27,70.63],[-16.29,70.73],[-16.26,70.77],[-16.03,70.83],[-15.89,70.81],[-15.84,70.76],[-15.79,70.56]],[[-13.08,70.78],[-13.39,70.92],[-13.66,70.87],[-13.92,70.92],[-14.2,70.88],[-14.26,70.95],[-14.2,71.13],[-14.37,71.16],[-14.36,71.26],[-12.57,71.3],[-12.44,71.24],[-12.38,71.09],[-12.05,71.11],[-11.93,71.06],[-11.88,70.98],[-11.92,70.91],[-12.14,70.92],[-12.45,70.79],[-13.08,70.78]],[[-14.5,71.14],[-14.49,71.08],[-14.56,71.01],[-14.8,70.96],[-15.0,70.97],[-15.29,71.06],[-15.75,71.0],[-15.8,71.01],[-15.85,71.07],[-15.79,71.17],[-15.65,71.26],[-15.26,71.3],[-14.98,71.21],[-14.57,71.19],[-14.5,71.14]],[[-15.7,71.27],[-15.76,71.23],[-15.84,71.25],[-15.88,71.31],[-15.86,71.35],[-15.82,71.38],[-15.73,71.38],[-15.69,71.34],[-15.7,71.27]],[[-11.41,71.19],[-11.26,71.19],[-11.21,71.14],[-11.21,71.08],[-11.35,71.01],[-11.54,71.02],[-11.53,71.13],[-11.41,71.19]],[[-11.15,70.92],[-10.94,70.9],[-10.84,70.69],[-10.85,70.61],[-11.04,70.51],[-11.41,70.56],[-11.45,70.69],[-11.35,70.73],[-11.34,70.85],[-11.15,70.92]],[[-11.6,70.84],[-11.57,70.8],[-11.57,70.72],[-11.63,70.63],[-11.97,70.53],[-12.13,70.56],[-12.17,70.61],[-12.17,70.73],[-11.98,70.82],[-11.6,70.84]],[[-6.96,71.19],[-7.12,71.17],[-7.19,71.21],[-7.19,71.25],[-7.14,71.33],[-6.98,71.33],[-6.92,71.26],[-6.96,71.19]],[[-19.22,68.51],[-19.15,68.58],[-18.87,68.67],[-18.72,68.66],[-18.66,68.58],[-18.73,68.48],[-18.96,68.4],[-19.16,68.39],[-19.2,68.42],[-19.22,68.51]],[[-19.1,68.02],[-19.1,68.11],[-19.03,68.15],[-18.96,68.14],[-18.94,68.09],[-18.98,68.03],[-19.1,68.02]],[[-9.35,67.91],[-9.3,67.86],[-9.31,67.79],[-9.4,67.74],[-9.48,67.75],[-9.5,67.8],[-9.47,67.88],[-9.35,67.91]],[[-14.33,67.58],[-14.33,67.46],[-14.62,67.47],[-14.67,67.53],[-14.61,67.61],[-14.33,67.58]],[[-7.2,60.49],[-7.17,60.47],[-7.18,60.36],[-7.23,60.35],[-7.32,60.4],[-7.32,60.48],[-7.2,60.49]]],[[[90.0,82.13],[90.0,90.0],[-0.0,90.0],[-0.0,62.38],[0.09,62.43],[0.18,62.58],[0.39,62.72],[0.96,62.86],[1.13,62.93],[1.37,62.95],[1.61,63.05],[2.08,63.1],[2.6,63.24],[2.9,63.24],[3.12,63.29],[3.26,63.24],[3.54,63.23],[3.71,63.17],[4.12,63.15],[4.37,63.17],[4.54,63.26],[4.68,63.24],[4.73,63.29],[5.11,63.36],[5.21,63.55],[5.32,63.65],[5.13,63.69],[5.09,63.83],[5.18,63.91],[5.18,64.1],[5.35,64.26],[5.35,64.34],[5.29,64.44],[5.16,64.53],[4.8,64.66],[4.54,64.68],[4.46,64.73],[4.32,64.74],[4.18,64.84],[4.18,64.95],[4.32,65.09],[4.22,65.17],[4.21,65.23],[4.3,65.33],[4.29,65.39],[4.33,65.45],[4.47,65.53],[4.43,65.55],[4.19,65.55],[4.15,65.66],[4.28,65.78],[4.43,65.82],[4.62,65.8],[4.73,65.66],[4.97,65.65],[5.16,65.76],[5.19,65.81],[5.17,65.88],[4.94,66.0],[4.9,66.07],[4.78,66.07],[4.68,66.2],[4.69,66.26],[4.75,66.3],[4.97,66.34],[5.1,66.53],[5.33,66.55],[6.31,66.82],[6.94,66.89],[7.08,66.94],[7.61,66.98],[7.99,67.27],[8.53,67.42],[8.75,67.45],[9.06,67.57],[10.18,68.26],[10.56,68.33],[10.66,68.4],[11.18,68.57],[11.47,68.64],[11.66,68.64],[11.9,68.74],[12.12,68.71],[12.29,68.81],[12.53,68.83],[12.65,68.93],[12.74,68.96],[13.0,68.99],[13.1,68.98],[13.17,68.93],[13.66,69.18],[13.8,69.21],[13.97,69.18],[14.06,69.1],[14.18,69.28],[14.35,69.31],[14.67,69.46],[14.78,69.43],[14.86,69.36],[15.07,69.53],[15.7,69.53],[15.9,69.73],[16.47,69.83],[16.61,70.03],[16.94,70.18],[17.02,70.39],[17.01,70.44],[16.87,70.61],[16.92,70.7],[16.87,70.9],[16.56,71.16],[16.46,71.3],[16.2,71.45],[15.21,71.75],[15.17,71.79],[15.1,72.07],[14.57,72.29],[14.35,72.34],[14.3,72.39],[14.09,72.96],[14.23,73.24],[14.21,73.37],[14.37,73.39],[14.42,73.44],[14.42,73.56],[14.64,73.66],[14.76,73.75],[15.12,73.8],[15.45,73.98],[15.77,74.06],[15.86,74.22],[16.03,74.4],[15.55,74.69],[15.42,74.69],[15.23,74.8],[14.98,75.02],[14.81,75.05],[14.69,75.12],[14.13,75.27],[13.79,75.44],[13.67,75.53],[13.59,75.66],[13.56,75.82],[13.68,76.1],[13.55,76.2],[13.5,76.3],[13.54,76.38],[13.67,76.44],[13.76,76.44],[13.75,76.46],[12.86,76.66],[12.83,76.77],[12.69,76.84],[12.37,76.92],[12.02,76.85],[11.59,76.98],[11.4,77.05],[11.29,77.15],[11.01,77.29],[10.94,77.35],[10.9,77.35],[10.8,77.47],[10.62,77.57],[9.22,77.93],[9.02,78.1],[9.05,78.36],[8.73,78.52],[8.07,78.64],[7.94,78.72],[7.92,78.82],[7.8,78.94],[7.85,79.0],[8.03,79.08],[8.0,79.14],[7.8,79.18],[6.98,79.58],[6.79,79.63],[6.55,79.78],[5.69,79.92],[5.42,80.02],[5.11,80.02],[4.94,80.16],[4.85,80.17],[4.74,80.28],[4.04,80.29],[3.75,80.41],[3.62,80.42],[3.48,80.69],[3.35,80.71],[3.05,80.84],[2.9,80.86],[2.66,81.05],[2.59,81.29],[2.45,81.31],[2.18,81.46],[2.13,81.51],[2.14,81.55],[2.21,81.6],[3.2,81.76],[3.24,81.81],[3.29,82.02],[3.39,82.09],[5.38,82.01],[5.54,82.05],[5.87,82.06],[6.06,82.12],[6.38,82.1],[6.58,82.24],[7.03,82.32],[7.44,82.32],[7.8,82.39],[9.96,82.51],[10.16,82.61],[12.57,82.67],[12.63,82.64],[12.6,82.49],[12.84,82.45],[12.84,82.37],[12.78,82.33],[10.32,82.17],[10.4,82.14],[11.81,82.12],[11.87,82.07],[11.88,82.03],[11.85,81.98],[11.66,81.96],[11.62,81.91],[9.63,81.65],[9.59,81.58],[9.68,81.39],[9.65,81.31],[8.92,81.27],[8.81,81.21],[8.95,81.12],[9.42,81.11],[9.67,81.07],[9.82,80.93],[9.97,80.89],[9.98,80.81],[9.92,80.77],[9.65,80.76],[9.07,80.78],[8.88,80.64],[8.64,80.55],[8.66,80.54],[10.27,80.69],[11.27,80.61],[14.73,80.94],[14.83,80.9],[14.93,80.78],[16.05,80.79],[16.2,80.83],[16.41,80.84],[16.77,80.93],[16.87,81.1],[17.06,81.19],[17.04,81.35],[17.06,81.41],[17.45,81.53],[18.02,81.53],[18.31,81.48],[19.54,81.48],[19.87,81.53],[20.38,81.38],[21.22,81.31],[21.74,81.43],[22.18,81.46],[22.49,81.62],[22.8,81.65],[24.96,81.5],[25.27,81.55],[25.61,81.55],[25.88,81.63],[28.06,81.53],[28.2,81.58],[28.54,81.61],[28.9,81.6],[29.16,81.55],[29.42,81.6],[30.79,81.65],[30.96,81.7],[32.37,81.81],[32.5,81.79],[32.52,81.74],[32.58,81.72],[32.76,81.82],[32.88,81.82],[32.96,81.86],[35.41,82.01],[35.45,81.98],[35.43,81.88],[35.49,81.86],[35.93,81.91],[36.32,82.06],[36.98,82.03],[37.37,82.13],[42.34,82.25],[42.55,82.3],[46.44,82.52],[46.56,82.56],[46.97,82.58],[47.16,82.63],[51.6,82.85],[51.82,82.9],[59.83,82.99],[59.98,82.94],[62.3,82.75],[62.86,82.61],[62.95,82.51],[63.04,82.48],[68.97,82.63],[69.14,82.68],[73.61,82.61],[73.82,82.5],[74.22,82.43],[75.31,82.42],[75.58,82.32],[90.0,82.13]],[[62.02,86.85],[62.06,86.78],[62.01,86.72],[60.83,86.69],[60.74,86.76],[60.76,86.82],[60.81,86.84],[62.02,86.85]],[[13.01,82.7],[13.22,82.7],[13.22,82.58],[13.04,82.59],[13.0,82.64],[13.01,82.7]],[[35.52,82.02],[35.71,82.08],[35.76,82.06],[35.78,82.01],[35.72,81.93],[35.6,81.91],[35.5,81.94],[35.49,81.98],[35.52,82.02]]],[[[-179.45,60.19],[-179.49,60.22],[-179.5,60.36],[-179.59,60.41],[-179.58,60.6],[-179.62,60.66],[-179.7,60.7],[-180.0,60.74],[-180.0,54.22],[-179.89,54.17],[-179.83,54.07],[-179.8,53.72],[-179.62,53.44],[-179.52,53.01],[-179.59,52.78],[-179.71,52.68],[-179.81,52.66],[-179.54,52.7],[-179.32,52.9],[-179.22,52.86],[-179.2,52.81],[-179.26,52.68],[-179.45,52.49],[-179.47,52.34],[-179.6,52.11],[-179.81,51.99],[-180.0,51.96],[-180.0,51.55],[-179.58,51.8],[-179.33,51.79],[-178.94,51.96],[-178.68,51.95],[-178.64,51.92],[-178.61,51.8],[-178.54,51.77],[-178.37,51.82],[-178.27,51.97],[-178.1,52.03],[-177.97,52.03],[-177.78,51.98],[-177.47,52.03],[-177.32,52.0],[-176.99,52.02],[-176.47,52.13],[-176.33,52.13],[-176.18,52.2],[-176.04,52.2],[-175.94,52.25],[-175.5,52.27],[-175.32,52.25],[-175.16,52.34],[-174.96,52.32],[-174.79,52.42],[-174.7,52.42],[-174.65,52.46],[-174.46,52.51],[-174.02,52.49],[-173.28,52.75],[-173.09,52.68],[-173.02,52.74],[-172.8,52.78],[-172.61,52.73],[-172.56,52.8],[-172.46,52.82],[-172.15,52.85],[-172.01,52.8],[-171.82,52.92],[-171.62,52.94],[-171.55,52.99],[-171.22,53.09],[-171.17,53.06],[-171.06,53.08],[-170.88,52.96],[-170.81,52.94],[-170.5,53.16],[-170.06,53.23],[-169.82,53.38],[-169.58,53.35],[-169.49,53.23],[-169.3,53.14],[-169.25,53.35],[-168.98,53.45],[-168.84,53.45],[-168.65,53.57],[-168.26,53.71],[-168.0,53.74],[-167.76,53.71],[-167.62,53.82],[-167.52,53.81],[-167.25,54.03],[-167.04,54.12],[-166.73,54.17],[-166.68,54.22],[-166.45,54.27],[-166.49,54.3],[-167.7,54.28],[-167.92,54.34],[-167.96,54.41],[-167.86,54.55],[-167.86,54.74],[-167.71,54.81],[-167.7,54.87],[-167.8,54.95],[-168.03,55.03],[-168.06,55.07],[-168.02,55.2],[-168.07,55.27],[-168.29,55.35],[-168.59,55.52],[-168.82,55.55],[-168.92,55.61],[-168.98,55.68],[-169.05,55.9],[-169.06,55.99],[-169.02,56.07],[-169.09,56.1],[-169.11,56.1],[-169.13,55.99],[-169.26,55.95],[-169.32,55.95],[-169.42,56.02],[-169.54,55.95],[-170.18,55.94],[-170.33,55.87],[-170.37,55.88],[-170.45,56.06],[-170.83,56.09],[-171.01,56.19],[-171.37,56.22],[-171.55,56.42],[-171.86,56.4],[-172.15,56.5],[-172.27,56.45],[-172.42,56.52],[-172.55,56.43],[-172.72,56.42],[-173.09,56.62],[-173.3,56.64],[-173.35,56.69],[-173.44,56.71],[-173.55,56.87],[-173.87,56.91],[-173.98,56.97],[-174.06,57.06],[-174.07,57.21],[-174.11,57.29],[-174.09,57.34],[-173.98,57.41],[-174.26,57.63],[-174.4,57.86],[-174.39,57.91],[-174.31,57.93],[-174.04,57.84],[-174.03,57.93],[-174.74,58.49],[-175.03,58.51],[-174.86,58.4],[-174.85,58.3],[-175.06,58.22],[-175.27,58.23],[-175.39,58.2],[-175.45,58.13],[-175.5,58.12],[-175.57,58.15],[-175.67,58.38],[-176.06,58.51],[-176.35,58.54],[-176.52,58.49],[-176.73,58.52],[-176.85,58.5],[-176.95,58.54],[-177.1,58.51],[-177.22,58.58],[-177.36,58.58],[-177.6,58.71],[-177.66,58.7],[-177.69,58.63],[-177.76,58.59],[-177.99,58.62],[-178.18,58.75],[-178.27,58.92],[-178.39,58.97],[-178.42,59.02],[-178.53,59.09],[-178.61,59.26],[-178.51,59.43],[-178.61,59.64],[-178.75,59.67],[-178.82,59.78],[-178.97,59.83],[-179.04,59.92],[-179.2,60.0],[-179.23,60.08],[-179.21,60.22],[-179.45,60.19]],[[-168.07,54.02],[-167.96,54.01],[-167.95,53.9],[-168.04,53.88],[-168.12,53.91],[-168.13,53.95],[-168.07,54.02]]],[[[-90.0,83.02],[-90.0,90.0],[-180.0,90.0],[-180.0,76.06],[-179.87,76.05],[-179.83,75.97],[-179.88,75.9],[-180.0,75.89],[-180.0,75.74],[-179.6,75.68],[-179.51,75.71],[-179.45,75.82],[-179.22,75.82],[-179.18,75.77],[-179.2,75.69],[-179.37,75.68],[-179.42,75.65],[-179.31,75.56],[-178.97,75.58],[-178.92,75.54],[-178.9,75.45],[-178.81,75.4],[-178.19,75.42],[-177.94,75.48],[-177.73,75.42],[-177.54,75.48],[-177.3,75.41],[-176.47,75.46],[-176.22,75.36],[-175.08,75.39],[-174.74,75.46],[-174.54,75.43],[-172.53,75.49],[-172.25,75.41],[-172.18,75.48],[-172.09,75.51],[-171.79,75.46],[-171.02,75.47],[-170.93,75.5],[-170.89,75.58],[-170.35,75.55],[-170.06,75.69],[-170.18,75.82],[-170.37,75.83],[-170.4,75.92],[-170.33,75.98],[-170.06,76.05],[-169.08,76.08],[-168.94,76.12],[-168.2,76.19],[-167.92,76.29],[-167.71,76.42],[-167.47,76.42],[-167.4,76.47],[-167.45,76.54],[-167.42,76.67],[-167.44,76.72],[-167.7,76.83],[-167.96,76.86],[-168.0,76.87],[-168.0,77.04],[-168.24,77.06],[-168.39,77.15],[-168.6,77.2],[-168.78,77.3],[-168.79,77.54],[-168.91,77.67],[-169.01,77.76],[-169.3,77.83],[-169.43,77.94],[-169.46,78.0],[-169.44,78.08],[-169.05,78.34],[-168.6,78.37],[-168.14,78.31],[-167.96,78.4],[-167.74,78.44],[-167.63,78.43],[-167.57,78.28],[-167.49,78.26],[-166.51,78.31],[-166.44,78.36],[-166.33,78.37],[-166.68,78.38],[-167.16,78.32],[-167.62,78.46],[-167.91,78.46],[-167.97,78.49],[-167.98,78.53],[-167.94,78.58],[-166.22,78.52],[-165.87,78.45],[-165.83,78.41],[-165.82,78.36],[-165.96,78.24],[-166.11,78.17],[-166.84,78.13],[-166.61,78.1],[-166.39,77.95],[-166.06,77.95],[-166.0,77.83],[-165.96,77.81],[-165.86,77.86],[-165.91,77.9],[-165.9,78.06],[-165.67,78.19],[-165.38,78.21],[-165.11,78.32],[-164.83,78.36],[-164.62,78.53],[-164.3,78.55],[-164.15,78.67],[-164.04,78.69],[-163.41,78.66],[-163.27,78.68],[-163.14,78.78],[-162.98,78.79],[-162.91,78.77],[-162.84,78.67],[-162.69,78.63],[-162.2,78.62],[-162.05,78.55],[-162.04,78.5],[-162.09,78.45],[-162.15,78.45],[-162.67,78.5],[-162.89,78.45],[-162.24,78.29],[-162.21,78.25],[-162.18,78.12],[-162.22,78.07],[-162.55,77.88],[-162.83,77.62],[-162.89,77.5],[-163.03,77.42],[-163.06,77.23],[-163.5,77.02],[-163.58,76.94],[-163.9,76.85],[-163.83,76.82],[-163.61,76.79],[-162.98,76.85],[-162.89,76.8],[-162.81,76.64],[-162.86,76.57],[-163.22,76.51],[-163.16,76.35],[-163.32,76.3],[-163.44,76.2],[-163.66,76.16],[-163.68,76.15],[-163.58,76.13],[-163.55,76.07],[-163.57,76.02],[-164.04,75.86],[-164.23,75.7],[-164.24,75.59],[-164.3,75.58],[-164.38,75.5],[-164.39,75.48],[-164.28,75.46],[-164.21,75.41],[-164.06,75.22],[-163.86,75.14],[-163.82,75.09],[-163.85,75.01],[-164.12,74.92],[-164.14,74.89],[-164.11,74.81],[-163.36,74.58],[-163.31,74.53],[-163.25,74.41],[-163.18,74.37],[-162.96,74.34],[-162.79,74.28],[-162.65,74.33],[-162.42,74.35],[-162.1,74.16],[-160.97,74.26],[-160.89,74.32],[-160.5,74.46],[-160.46,74.53],[-160.49,74.68],[-160.41,74.73],[-159.75,74.59],[-159.3,74.58],[-159.1,74.5],[-159.02,74.5],[-158.96,74.54],[-158.77,74.55],[-158.95,74.62],[-159.03,74.78],[-158.98,74.85],[-158.78,74.93],[-158.45,74.88],[-158.44,74.8],[-158.55,74.67],[-158.5,74.61],[-158.37,74.61],[-158.09,74.69],[-158.09,74.73],[-158.14,74.78],[-158.35,74.86],[-158.45,75.11],[-158.53,75.11],[-158.66,74.95],[-158.79,74.94],[-159.0,74.98],[-159.12,75.06],[-159.29,75.1],[-159.32,75.17],[-159.48,75.24],[-159.46,75.32],[-159.35,75.37],[-159.07,75.37],[-158.88,75.29],[-158.66,75.36],[-158.38,75.36],[-158.15,75.47],[-158.05,75.48],[-157.93,75.44],[-157.87,75.36],[-157.87,75.3],[-157.97,75.24],[-158.01,75.15],[-157.99,75.06],[-157.9,74.96],[-157.75,74.93],[-157.52,75.05],[-157.41,75.05],[-157.37,75.02],[-157.39,74.91],[-157.54,74.71],[-157.85,74.69],[-158.14,74.5],[-158.38,74.43],[-158.85,74.41],[-158.89,74.38],[-158.81,74.29],[-158.86,74.21],[-159.31,74.16],[-159.6,74.02],[-160.08,73.99],[-160.34,74.04],[-160.61,73.94],[-160.87,73.94],[-161.18,73.8],[-160.51,73.48],[-160.46,73.39],[-160.41,73.36],[-159.82,73.34],[-159.38,73.2],[-159.17,73.25],[-159.03,73.14],[-158.73,73.06],[-158.59,72.99],[-157.68,72.82],[-157.58,72.86],[-157.44,72.86],[-157.25,72.74],[-156.98,72.74],[-156.79,72.58],[-156.57,72.57],[-156.13,72.37],[-155.75,72.38],[-155.61,72.32],[-155.33,72.3],[-154.79,72.19],[-154.61,72.1],[-154.37,72.14],[-154.27,72.1],[-154.15,72.12],[-153.82,72.05],[-153.46,72.1],[-153.36,71.98],[-153.06,71.92],[-152.98,71.88],[-152.59,71.83],[-152.38,71.76],[-152.25,71.78],[-152.13,71.71],[-152.09,71.74],[-151.98,71.73],[-151.77,71.67],[-151.58,71.57],[-151.25,71.59],[-151.07,71.52],[-150.89,71.52],[-150.6,71.42],[-150.38,71.42],[-150.17,71.35],[-147.43,71.16],[-147.29,71.11],[-146.71,71.04],[-146.33,71.1],[-146.19,71.07],[-143.91,71.01],[-143.78,70.97],[-143.63,70.99],[-143.54,70.93],[-142.81,70.84],[-142.66,70.78],[-142.39,70.78],[-142.15,70.73],[-141.5,70.75],[-141.14,70.68],[-139.82,70.66],[-139.54,70.61],[-139.37,70.63],[-139.1,70.58],[-138.62,70.63],[-138.26,70.58],[-137.38,70.61],[-137.16,70.58],[-136.9,70.68],[-136.8,70.68],[-136.68,70.73],[-136.66,70.76],[-136.7,70.92],[-136.66,70.99],[-136.37,71.02],[-136.1,71.14],[-135.53,71.18],[-135.05,71.33],[-134.77,71.29],[-133.67,71.45],[-133.61,71.5],[-132.14,71.74],[-132.07,71.78],[-131.69,71.88],[-131.4,72.07],[-131.14,72.12],[-130.8,72.41],[-130.67,72.43],[-129.69,72.78],[-129.66,72.82],[-129.71,72.93],[-129.7,73.01],[-129.53,73.1],[-129.58,73.15],[-129.58,73.24],[-129.5,73.39],[-129.43,73.42],[-129.4,73.48],[-129.5,73.7],[-129.43,73.85],[-129.51,73.91],[-129.53,74.01],[-129.48,74.16],[-129.51,74.27],[-129.48,74.42],[-129.53,74.5],[-129.48,74.69],[-129.58,74.95],[-129.36,75.53],[-128.52,75.89],[-128.23,75.91],[-128.03,76.06],[-127.8,76.14],[-127.54,76.18],[-127.34,76.31],[-127.08,76.32],[-126.8,76.39],[-126.67,76.49],[-126.65,76.55],[-126.67,76.61],[-126.92,76.69],[-126.96,76.72],[-126.98,76.82],[-126.94,76.9],[-126.67,77.16],[-126.43,77.21],[-126.25,77.35],[-125.94,77.41],[-125.74,77.51],[-124.79,77.6],[-125.04,77.62],[-125.06,77.72],[-124.62,77.81],[-124.54,77.88],[-124.46,77.88],[-124.18,78.02],[-123.86,78.05],[-123.79,78.1],[-123.38,78.17],[-123.22,78.17],[-121.07,78.58],[-121.01,78.62],[-120.67,78.7],[-120.24,78.65],[-119.9,78.79],[-118.87,78.79],[-118.65,78.91],[-118.44,78.91],[-118.27,78.96],[-118.01,78.94],[-117.83,79.04],[-117.29,79.03],[-117.26,79.05],[-117.29,79.11],[-117.28,79.16],[-117.22,79.2],[-116.72,79.21],[-117.58,79.29],[-117.59,79.37],[-117.54,79.41],[-116.73,79.53],[-117.15,79.54],[-117.24,79.6],[-117.19,79.67],[-116.71,79.7],[-116.27,79.81],[-115.72,79.76],[-115.66,79.8],[-115.72,79.82],[-115.75,79.87],[-115.76,79.91],[-115.7,79.95],[-115.18,79.99],[-115.03,80.06],[-114.74,80.09],[-114.48,80.18],[-113.86,80.21],[-113.65,80.34],[-112.9,80.38],[-112.63,80.5],[-112.3,80.52],[-112.03,80.62],[-111.67,80.62],[-110.71,80.76],[-110.64,80.81],[-110.52,80.81],[-110.45,80.86],[-109.97,80.93],[-109.62,80.93],[-109.4,80.99],[-108.35,81.04],[-108.24,81.06],[-107.91,81.23],[-103.63,81.62],[-103.58,81.67],[-103.39,81.75],[-103.22,81.89],[-102.98,81.98],[-102.86,81.98],[-102.76,82.11],[-102.67,82.16],[-101.82,82.42],[-100.46,82.38],[-100.4,82.4],[-100.38,82.5],[-100.13,82.56],[-98.91,82.6],[-98.6,82.66],[-90.0,83.02]],[[-100.53,84.44],[-100.49,84.43],[-100.47,84.39],[-100.58,84.32],[-101.27,84.32],[-101.35,84.38],[-101.33,84.43],[-101.28,84.45],[-100.53,84.44]],[[-175.29,79.03],[-175.08,79.03],[-175.01,78.98],[-175.01,78.94],[-175.05,78.89],[-175.44,78.89],[-175.44,79.01],[-175.29,79.03]],[[-159.77,78.96],[-159.69,78.93],[-159.69,78.82],[-159.91,78.74],[-160.13,78.58],[-161.47,78.52],[-161.52,78.55],[-161.57,78.7],[-161.66,78.8],[-161.64,78.86],[-161.58,78.89],[-161.33,78.84],[-161.04,78.91],[-160.1,78.89],[-159.77,78.96]],[[-177.99,78.82],[-177.96,78.74],[-178.02,78.69],[-178.21,78.71],[-178.26,78.76],[-178.25,78.82],[-178.19,78.83],[-177.99,78.82]],[[-166.26,78.67],[-166.06,78.67],[-166.06,78.55],[-166.24,78.55],[-166.28,78.6],[-166.26,78.67]],[[-177.1,78.48],[-177.1,78.5],[-177.02,78.51],[-176.67,78.45],[-176.56,78.38],[-176.55,78.3],[-176.61,78.24],[-176.95,78.12],[-177.29,78.13],[-177.34,78.21],[-177.31,78.25],[-176.9,78.31],[-177.1,78.41],[-177.1,78.48]],[[-177.44,78.24],[-177.69,78.27],[-177.74,78.31],[-177.74,78.38],[-177.7,78.42],[-177.39,78.46],[-177.36,78.42],[-177.35,78.31],[-177.44,78.24]],[[-177.47,77.62],[-177.51,77.64],[-177.5,77.76],[-177.31,77.76],[-177.29,77.73],[-177.31,77.67],[-177.47,77.62]],[[-176.89,77.67],[-176.73,77.64],[-176.71,77.56],[-176.75,77.53],[-177.12,77.52],[-177.12,77.64],[-176.89,77.67]],[[-179.8,76.86],[-179.69,76.91],[-179.57,76.93],[-179.38,76.9],[-179.33,76.82],[-179.35,76.78],[-179.42,76.74],[-179.66,76.74],[-179.81,76.78],[-179.8,76.86]],[[-178.97,76.75],[-178.69,76.75],[-178.61,76.8],[-178.61,76.85],[-178.49,76.87],[-178.34,76.82],[-177.84,76.83],[-177.63,76.8],[-177.54,76.76],[-177.55,76.66],[-177.7,76.66],[-177.65,76.63],[-177.18,76.65],[-177.13,76.58],[-177.36,76.42],[-177.51,76.36],[-177.55,76.25],[-177.74,76.2],[-177.69,76.12],[-177.7,76.06],[-177.84,76.06],[-177.97,75.99],[-178.06,75.99],[-178.2,76.06],[-178.68,76.08],[-178.75,76.16],[-178.78,76.3],[-178.61,76.37],[-178.64,76.39],[-178.86,76.38],[-178.99,76.25],[-179.24,76.28],[-179.29,76.36],[-179.25,76.49],[-179.51,76.57],[-179.58,76.63],[-179.59,76.67],[-179.54,76.71],[-179.16,76.68],[-178.97,76.75]],[[-179.81,76.24],[-179.92,76.28],[-179.93,76.32],[-179.9,76.37],[-179.77,76.4],[-179.71,76.39],[-179.67,76.31],[-179.69,76.27],[-179.81,76.24]],[[-177.78,75.83],[-177.67,75.82],[-177.67,75.7],[-177.86,75.7],[-177.86,75.79],[-177.78,75.83]],[[-154.09,78.47],[-153.99,78.46],[-153.88,78.41],[-153.84,78.33],[-153.86,78.29],[-153.95,78.27],[-154.12,78.33],[-154.16,78.41],[-154.09,78.47]],[[-154.27,78.32],[-154.23,78.26],[-154.27,78.2],[-154.51,78.17],[-154.51,78.29],[-154.27,78.32]],[[-156.98,78.26],[-157.35,78.15],[-157.44,78.17],[-157.49,78.27],[-157.44,78.34],[-157.22,78.37],[-157.01,78.34],[-156.98,78.26]],[[-161.62,77.5],[-161.4,77.57],[-161.35,77.69],[-161.19,77.81],[-161.22,77.98],[-161.12,78.06],[-161.02,78.1],[-160.58,78.12],[-160.49,78.07],[-160.49,77.95],[-160.54,77.9],[-160.58,77.74],[-160.7,77.69],[-160.78,77.54],[-160.9,77.52],[-160.87,77.38],[-161.11,77.3],[-161.19,77.24],[-161.2,77.14],[-161.11,77.06],[-161.06,76.84],[-161.14,76.75],[-161.29,76.69],[-161.66,76.66],[-162.17,76.78],[-162.36,76.78],[-162.48,76.85],[-162.48,76.93],[-162.34,77.05],[-161.93,77.21],[-161.62,77.5]],[[-158.03,77.98],[-157.81,78.02],[-157.74,78.0],[-157.73,77.96],[-157.77,77.89],[-158.0,77.86],[-158.06,77.91],[-158.03,77.98]],[[-158.11,77.88],[-157.96,77.77],[-157.84,77.76],[-157.83,77.65],[-157.89,77.61],[-157.99,77.61],[-158.19,77.67],[-158.27,77.72],[-158.32,77.79],[-158.3,77.86],[-158.11,77.88]],[[-158.71,77.62],[-158.6,77.64],[-158.34,77.62],[-158.33,77.5],[-158.47,77.47],[-158.73,77.48],[-158.78,77.56],[-158.71,77.62]],[[-159.91,77.62],[-159.8,77.55],[-159.8,77.5],[-159.86,77.42],[-159.75,77.41],[-159.41,77.55],[-159.25,77.51],[-159.17,77.46],[-159.12,77.4],[-159.12,77.33],[-159.2,77.28],[-160.01,77.28],[-160.03,77.4],[-160.16,77.48],[-160.18,77.57],[-160.03,77.62],[-159.91,77.62]],[[-158.07,76.85],[-158.21,76.85],[-158.1,76.81],[-157.82,76.82],[-157.24,76.95],[-157.22,76.98],[-157.3,77.13],[-157.27,77.21],[-157.22,77.23],[-157.21,77.34],[-157.1,77.38],[-157.03,77.45],[-156.95,77.44],[-156.79,77.35],[-156.67,77.18],[-156.76,76.9],[-156.85,76.73],[-156.94,76.65],[-157.06,76.6],[-157.21,76.58],[-157.73,76.62],[-157.87,76.6],[-158.14,76.49],[-158.12,76.45],[-157.86,76.4],[-157.6,76.42],[-157.4,76.48],[-156.28,76.57],[-156.07,76.51],[-155.68,76.53],[-155.57,76.5],[-155.47,76.42],[-155.29,76.38],[-155.28,76.29],[-155.32,76.24],[-155.42,76.25],[-155.65,76.09],[-155.74,76.06],[-156.76,76.04],[-156.84,75.96],[-156.86,75.73],[-157.13,75.71],[-157.25,75.65],[-157.39,75.65],[-157.49,75.6],[-157.66,75.65],[-158.21,75.62],[-158.38,75.58],[-158.57,75.62],[-158.71,75.6],[-158.99,75.62],[-159.22,75.74],[-159.33,75.92],[-159.31,75.99],[-159.24,76.05],[-159.35,76.15],[-159.39,76.28],[-159.36,76.32],[-159.19,76.42],[-159.02,76.42],[-158.71,76.61],[-158.67,76.71],[-158.78,76.81],[-158.77,76.89],[-158.3,77.14],[-158.14,77.16],[-157.94,77.13],[-157.82,77.06],[-157.82,77.01],[-157.87,76.94],[-158.07,76.85]],[[-155.43,77.09],[-154.92,77.27],[-154.75,77.3],[-154.61,77.28],[-154.55,77.19],[-154.6,77.11],[-155.36,76.94],[-155.47,76.99],[-155.48,77.03],[-155.43,77.09]],[[-154.78,76.95],[-154.69,77.03],[-154.51,77.02],[-154.35,76.94],[-154.27,76.83],[-154.3,76.78],[-154.49,76.78],[-154.61,76.87],[-154.76,76.89],[-154.78,76.95]],[[-154.78,76.82],[-154.57,76.75],[-154.54,76.71],[-154.55,76.65],[-154.76,76.58],[-154.9,76.47],[-154.98,76.45],[-155.14,76.44],[-155.19,76.49],[-155.16,76.58],[-155.08,76.64],[-155.11,76.67],[-155.28,76.58],[-155.48,76.56],[-155.67,76.58],[-155.74,76.63],[-155.69,76.73],[-155.53,76.79],[-155.2,76.84],[-154.78,76.82]],[[-161.76,75.58],[-161.86,75.58],[-161.89,75.63],[-161.87,75.7],[-161.8,75.76],[-161.74,75.72],[-161.76,75.58]],[[-156.78,75.27],[-156.82,75.33],[-156.77,75.38],[-156.67,75.42],[-156.6,75.38],[-156.58,75.33],[-156.61,75.29],[-156.78,75.27]]],[[[180.0,51.55],[180.0,51.96],[179.95,51.94],[179.87,51.8],[179.8,51.76],[179.46,51.72],[180.0,51.55]]],[[[180.0,51.46],[179.85,51.38],[179.69,51.38],[179.66,51.29],[179.59,51.22],[179.4,51.17],[179.02,51.17],[178.8,51.29],[178.42,51.32],[178.2,51.5],[178.06,51.5],[177.91,51.6],[177.34,51.67],[177.0,51.64],[176.94,51.71],[177.05,51.94],[177.01,51.94],[176.69,51.84],[176.52,51.86],[176.38,51.81],[176.33,51.83],[176.29,51.92],[176.25,51.91],[176.0,51.67],[175.72,51.53],[175.64,51.53],[175.42,51.67],[175.3,51.7],[175.17,51.83],[174.86,51.91],[174.69,51.92],[174.62,51.96],[174.6,52.04],[174.66,52.13],[174.82,52.22],[175.01,52.29],[175.02,52.33],[174.85,52.28],[174.62,52.3],[174.42,52.18],[174.32,52.18],[174.12,52.25],[173.95,52.11],[173.84,52.08],[173.64,52.15],[173.42,52.18],[173.3,52.27],[173.02,52.22],[172.93,52.3],[172.87,52.46],[172.8,52.53],[172.7,52.56],[172.44,52.54],[172.43,52.6],[172.53,52.73],[172.48,52.77],[171.9,52.8],[171.82,52.88],[171.96,52.94],[171.93,52.96],[171.51,52.96],[171.42,52.99],[171.34,53.06],[171.34,53.14],[171.46,53.21],[171.54,53.22],[171.71,53.2],[172.21,53.06],[172.8,53.18],[173.28,53.11],[173.46,53.01],[174.96,52.64],[175.22,52.51],[175.59,52.55],[175.84,52.52],[176.05,52.45],[176.51,52.41],[176.56,52.35],[176.5,52.28],[176.52,52.25],[176.83,52.18],[177.02,52.3],[177.19,52.18],[177.25,52.23],[178.36,52.21],[178.44,52.24],[178.51,52.34],[178.57,52.35],[178.68,52.27],[179.09,52.3],[179.3,52.42],[179.38,52.42],[179.59,52.56],[179.68,52.57],[179.91,52.73],[179.97,53.35],[179.95,53.42],[179.74,53.64],[179.68,53.81],[179.57,53.88],[179.52,54.02],[179.42,54.07],[179.18,54.29],[179.16,54.43],[178.85,54.48],[178.68,54.6],[178.58,54.6],[178.54,54.65],[178.39,54.7],[178.22,54.91],[178.18,55.02],[178.22,55.07],[178.56,55.06],[178.87,54.96],[179.04,54.79],[179.33,54.82],[179.43,54.68],[179.35,54.5],[179.54,54.58],[179.68,54.56],[179.81,54.49],[179.94,54.22],[180.0,54.22],[180.0,60.74],[179.94,60.72],[179.82,60.44],[179.72,60.44],[179.69,60.52],[179.59,60.6],[179.45,60.62],[179.35,60.7],[179.21,60.67],[179.07,60.82],[178.94,60.86],[178.9,60.91],[178.8,60.91],[178.66,61.03],[178.49,61.06],[178.28,61.3],[177.96,61.44],[177.79,61.44],[177.53,61.51],[177.29,61.68],[177.16,61.58],[177.08,61.6],[176.96,61.69],[176.76,61.58],[176.64,61.58],[176.57,61.46],[176.38,61.39],[176.21,61.22],[175.71,61.06],[175.45,61.06],[175.29,61.1],[174.95,61.07],[174.7,60.91],[174.31,60.77],[174.23,60.69],[174.1,60.63],[173.81,60.65],[173.64,60.58],[173.5,60.57],[173.4,60.58],[173.27,60.68],[172.99,60.71],[172.66,60.58],[172.15,60.53],[171.82,60.41],[171.41,60.41],[171.16,60.28],[171.1,60.22],[170.98,59.94],[170.66,59.68],[170.62,59.59],[170.65,59.49],[170.93,59.33],[170.93,59.14],[171.04,59.01],[171.04,58.93],[170.96,58.91],[170.95,58.88],[171.06,58.72],[171.08,58.53],[170.95,58.34],[171.03,58.28],[171.05,58.18],[170.93,58.01],[171.11,57.89],[171.12,57.84],[171.11,57.8],[171.02,57.8],[170.98,57.77],[170.98,57.57],[170.92,57.59],[170.78,57.72],[170.56,57.82],[170.52,57.89],[170.53,57.99],[170.47,58.08],[170.41,58.1],[170.35,58.04],[170.37,57.97],[170.43,57.97],[170.46,57.92],[170.45,57.86],[170.4,57.83],[170.36,57.84],[170.32,57.93],[170.09,58.01],[170.09,58.06],[169.91,58.08],[169.87,58.13],[169.9,58.22],[169.94,58.23],[170.14,58.13],[170.18,58.2],[170.2,58.42],[170.28,58.49],[170.35,58.49],[170.52,58.39],[170.62,58.42],[170.69,58.5],[170.65,58.54],[170.47,58.54],[170.4,58.58],[170.32,58.59],[170.22,58.56],[170.0,58.35],[169.9,58.34],[169.84,58.39],[169.8,58.51],[169.83,58.65],[169.97,58.73],[170.16,58.72],[170.18,58.78],[170.15,58.82],[170.06,58.8],[170.05,58.75],[169.92,58.75],[169.89,58.8],[169.94,58.92],[169.87,58.97],[169.85,59.11],[169.99,59.26],[170.01,59.38],[170.23,59.54],[170.07,59.56],[169.97,59.78],[168.96,59.98],[168.5,59.95],[168.36,59.9],[168.05,59.9],[167.77,59.81],[167.47,59.78],[167.07,59.57],[166.72,59.56],[166.73,59.39],[166.68,59.23],[166.51,59.21],[166.27,59.04],[165.57,59.03],[165.34,59.09],[165.26,59.21],[165.23,59.06],[164.41,58.56],[164.14,58.47],[164.1,58.4],[164.11,58.25],[163.99,58.1],[163.97,57.86],[163.85,57.63],[163.7,57.52],[163.56,57.46],[163.61,57.38],[163.62,57.29],[163.49,57.17],[163.46,57.02],[163.34,56.93],[163.48,56.91],[163.57,56.75],[163.66,56.66],[163.68,56.52],[163.81,56.4],[163.82,56.33],[163.75,56.26],[163.77,56.15],[163.7,56.11],[163.42,56.09],[163.26,55.84],[163.15,55.78],[163.07,55.79],[162.98,55.85],[162.84,55.85],[162.71,55.94],[162.65,55.93],[162.58,55.75],[162.41,55.66],[162.36,55.54],[162.24,55.46],[162.18,55.38],[162.2,55.25],[162.43,54.94],[162.46,54.7],[162.42,54.64],[161.71,54.31],[161.57,54.31],[161.4,54.22],[161.23,54.19],[161.11,53.98],[160.9,53.88],[160.7,53.87],[160.83,53.58],[160.79,53.54],[160.42,53.52],[160.38,53.39],[160.44,53.09],[160.85,52.84],[160.89,52.75],[160.87,52.7],[160.6,52.67],[160.42,52.61],[160.25,52.68],[160.08,52.68],[159.98,52.73],[159.69,52.57],[159.34,52.6],[159.14,52.77],[159.01,52.74],[158.92,52.61],[158.88,52.51],[158.95,52.26],[158.94,52.18],[158.78,51.94],[158.74,51.58],[158.59,51.41],[158.62,51.21],[158.59,51.15],[158.45,51.0],[158.14,50.86],[158.04,50.74],[157.99,50.74],[157.99,50.69],[157.92,50.64],[157.82,50.4],[157.63,50.36],[157.46,50.28],[157.12,50.28],[156.78,50.1],[156.72,49.99],[156.75,49.85],[156.71,49.75],[156.5,49.61],[156.47,49.55],[155.96,49.27],[155.88,49.1],[155.71,48.98],[155.63,48.85],[155.35,48.68],[155.32,48.63],[155.36,48.5],[155.34,48.42],[155.09,48.17],[154.9,48.12],[154.67,47.76],[154.58,47.69],[154.45,47.71],[154.34,47.83],[154.34,48.36],[154.46,48.48],[154.37,48.61],[154.32,48.64],[154.22,48.61],[153.93,48.29],[153.84,48.26],[153.72,48.29],[153.64,48.37],[153.63,48.46],[153.84,48.79],[153.63,48.77],[153.4,48.93],[153.38,49.01],[153.41,49.08],[153.51,49.11],[153.74,48.98],[153.96,49.22],[154.27,49.25],[154.28,49.29],[154.15,49.42],[154.17,49.48],[154.23,49.52],[154.22,49.58],[154.07,49.69],[154.06,49.75],[154.08,49.8],[154.22,49.85],[154.34,49.95],[154.45,49.97],[154.8,49.85],[154.87,49.85],[154.77,49.95],[154.79,50.06],[154.87,50.14],[154.86,50.27],[154.95,50.37],[155.22,50.46],[155.3,50.58],[155.31,50.79],[155.23,50.9],[155.16,50.92],[155.02,50.81],[154.9,50.78],[154.84,50.72],[154.61,50.71],[154.42,50.59],[154.24,50.56],[154.22,50.52],[154.26,50.4],[154.2,50.35],[154.06,50.42],[153.96,50.35],[153.76,50.28],[153.53,50.28],[153.26,50.35],[152.93,50.35],[152.86,50.4],[152.78,50.64],[152.69,50.62],[152.62,50.67],[152.69,50.9],[152.27,50.76],[152.18,50.81],[152.08,50.78],[151.97,50.85],[151.87,51.02],[151.92,51.11],[151.99,51.12],[152.07,51.1],[152.16,50.98],[152.2,50.98],[152.43,51.2],[152.66,51.31],[152.31,51.28],[152.18,51.22],[151.97,51.22],[151.92,51.25],[151.87,51.38],[151.66,51.38],[151.66,51.55],[151.54,51.6],[151.51,51.65],[151.32,51.67],[151.06,51.65],[150.8,51.71],[150.76,51.77],[150.82,51.88],[150.76,51.92],[150.29,51.89],[150.05,51.77],[149.81,51.82],[149.74,51.77],[149.43,51.72],[149.21,51.83],[148.92,51.79],[148.68,51.85],[148.58,51.91],[148.61,52.06],[148.38,52.12],[148.36,52.19],[148.39,52.25],[148.51,52.27],[148.6,52.25],[148.7,52.32],[149.18,52.49],[149.3,52.46],[149.5,52.58],[149.69,52.5],[149.86,52.59],[149.93,52.58],[149.95,52.44],[150.05,52.31],[150.29,52.37],[150.56,52.33],[150.31,52.51],[150.12,52.57],[150.1,52.66],[150.14,52.76],[150.24,52.75],[150.49,52.64],[150.83,52.58],[151.13,52.68],[151.18,52.73],[151.35,52.77],[151.39,52.82],[150.79,52.96],[150.75,53.02],[150.84,53.12],[150.83,53.15],[150.56,53.24],[150.26,53.42],[150.21,53.47],[150.16,53.64],[150.09,53.68],[150.02,53.69],[150.05,53.64],[150.01,53.55],[149.91,53.52],[149.84,53.54],[149.79,53.6],[149.79,53.65],[149.9,53.74],[149.76,53.76],[149.62,53.88],[149.41,53.88],[149.44,53.85],[149.44,53.78],[149.39,53.76],[149.1,53.91],[148.75,53.86],[148.34,53.88],[148.1,54.02],[147.91,53.98],[147.65,54.0],[147.46,53.98],[147.4,54.07],[147.41,54.17],[147.65,54.19],[147.69,54.23],[147.49,54.35],[147.36,54.48],[147.21,54.53],[147.18,54.59],[147.23,54.66],[147.29,54.67],[147.61,54.61],[147.66,54.64],[147.62,54.67],[147.38,54.72],[147.12,54.65],[147.0,54.65],[146.76,54.72],[146.38,54.74],[146.36,54.8],[146.45,54.87],[146.88,54.91],[147.21,55.03],[147.17,55.06],[146.97,54.99],[146.54,54.98],[146.42,54.94],[146.23,54.98],[146.06,54.89],[145.82,54.82],[145.13,54.89],[144.98,54.84],[144.85,54.85],[144.83,54.82],[144.91,54.77],[144.93,54.67],[144.87,54.64],[144.61,54.64],[144.49,54.57],[144.48,54.52],[144.54,54.4],[144.5,54.23],[144.42,54.06],[144.31,53.98],[144.55,53.78],[144.59,53.58],[144.7,53.35],[144.77,53.28],[144.77,53.14],[144.82,53.11],[144.9,52.97],[144.96,52.8],[145.15,52.61],[145.21,52.51],[145.25,52.39],[145.25,52.22],[145.34,51.96],[145.32,51.86],[145.39,51.72],[145.4,51.56],[145.66,51.48],[145.85,51.53],[146.02,51.34],[146.15,51.32],[146.15,51.24],[146.05,51.16],[146.05,51.11],[146.31,50.95],[146.45,50.78],[146.47,50.71],[146.66,50.6],[146.79,50.46],[146.8,50.36],[146.68,50.17],[146.79,50.06],[146.98,50.06],[147.01,49.97],[146.59,49.46],[146.59,49.3],[146.52,49.27],[146.48,49.22],[146.78,49.17],[146.86,49.03],[146.95,49.01],[147.07,48.89],[147.11,48.75],[147.07,48.68],[146.89,48.62],[146.94,48.57],[146.96,48.49],[146.92,48.41],[146.64,48.44],[146.54,48.66],[146.44,48.75],[146.47,48.63],[146.42,48.53],[146.45,48.33],[146.4,48.27],[146.28,48.26],[145.99,48.34],[145.86,48.29],[145.76,48.05],[145.71,48.02],[145.57,48.03],[145.52,47.96],[145.49,47.64],[145.51,47.43],[145.46,47.36],[145.03,47.47],[144.67,47.66],[144.5,47.62],[144.34,47.62],[143.9,47.4],[143.93,47.28],[143.87,47.21],[143.88,47.16],[144.02,47.03],[144.07,46.82],[144.05,46.66],[143.92,46.55],[143.9,46.49],[144.01,46.41],[144.02,46.27],[144.16,46.13],[144.14,45.86],[144.34,45.82],[144.38,45.74],[144.49,45.72],[144.57,45.66],[144.63,45.56],[144.64,45.46],[144.55,45.31],[144.69,45.33],[144.74,45.24],[144.73,45.16],[144.6,45.08],[144.58,45.02],[144.67,44.93],[144.67,44.88],[144.53,44.83],[144.42,44.64],[144.55,44.38],[144.79,44.31],[144.91,44.39],[145.18,44.4],[145.5,44.54],[145.59,44.46],[145.54,44.4],[145.46,44.14],[145.87,44.38],[145.97,44.52],[146.12,44.65],[146.35,44.76],[146.35,44.9],[146.38,44.94],[146.48,44.93],[146.52,44.76],[146.61,44.8],[146.66,44.86],[146.66,44.9],[146.78,44.95],[146.85,44.94],[146.94,44.83],[146.99,44.83],[147.38,45.11],[147.4,45.29],[147.43,45.34],[147.65,45.29],[147.94,45.55],[148.1,45.58],[148.23,45.66],[148.22,45.8],[148.29,45.89],[148.39,45.91],[148.49,45.82],[148.51,45.86],[148.6,45.87],[148.82,45.79],[148.92,45.7],[149.06,45.62],[149.14,45.75],[149.4,45.82],[149.45,46.01],[149.71,46.03],[149.78,46.1],[150.12,46.25],[150.24,46.41],[150.5,46.39],[150.68,46.46],[150.8,46.61],[150.7,46.65],[150.65,46.73],[150.66,46.81],[150.74,46.86],[150.86,46.81],[150.89,46.66],[151.03,46.61],[151.07,46.52],[151.07,46.31],[151.01,46.23],[150.79,46.18],[150.72,46.1],[150.6,46.08],[150.34,45.82],[150.34,45.77],[150.41,45.73],[150.77,45.72],[150.86,45.96],[150.95,45.99],[151.27,45.81],[151.31,45.75],[151.32,45.67],[151.26,45.6],[150.91,45.55],[150.84,45.43],[150.7,45.36],[150.65,45.29],[150.43,45.19],[150.12,45.12],[148.79,44.45],[147.72,43.7],[147.58,43.68],[147.31,43.51],[146.88,43.42],[146.35,43.1],[146.07,43.08],[145.76,42.9],[145.27,42.74],[145.18,42.67],[144.89,42.58],[144.44,42.57],[144.24,42.41],[144.12,42.24],[144.17,42.07],[143.98,42.03],[144.03,41.95],[144.0,41.83],[144.02,41.59],[144.0,41.54],[142.78,41.57],[142.58,41.67],[142.44,41.88],[142.26,41.99],[142.18,42.0],[142.09,41.96],[142.03,41.87],[141.96,41.66],[141.98,41.56],[141.96,41.42],[142.01,41.35],[142.01,41.23],[142.13,41.06],[142.41,40.82],[142.45,40.75],[142.49,40.44],[142.72,40.14],[142.78,40.01],[142.75,39.91],[142.78,39.89],[142.78,39.67],[142.55,39.46],[142.42,38.95],[142.49,38.76],[142.48,38.48],[142.42,38.16],[142.49,37.9],[142.46,37.73],[142.53,37.36],[142.44,37.27],[142.25,37.34],[142.15,37.3],[141.96,36.98],[141.89,36.96],[141.5,36.53],[141.37,36.44],[141.33,36.37],[141.36,35.85],[180.0,28.37],[180.0,51.46]],[[147.03,44.98],[146.97,45.01],[146.95,45.06],[147.04,45.13],[147.09,45.11],[147.13,45.03],[147.1,44.98],[147.03,44.98]],[[144.78,45.42],[144.74,45.48],[144.79,45.55],[144.86,45.57],[144.94,45.52],[144.95,45.46],[144.9,45.4],[144.78,45.42]],[[153.5,48.07],[153.29,47.88],[153.24,47.71],[152.98,47.51],[152.9,47.3],[152.5,47.04],[152.3,46.85],[152.14,46.78],[151.94,46.56],[151.83,46.55],[151.62,46.78],[151.63,46.89],[152.02,47.14],[152.16,47.38],[152.3,47.39],[152.42,47.5],[152.64,47.52],[152.71,47.64],[152.87,47.75],[152.9,47.93],[153.07,48.0],[153.08,48.15],[153.15,48.24],[153.12,48.35],[153.17,48.41],[153.28,48.42],[153.41,48.38],[153.5,48.07]],[[151.54,46.61],[151.55,46.52],[151.48,46.46],[151.32,46.41],[151.25,46.44],[151.24,46.51],[151.29,46.56],[151.54,46.61]],[[151.58,46.0],[151.64,46.07],[151.8,46.08],[152.08,46.01],[152.16,45.92],[152.11,45.87],[151.97,45.86],[151.68,45.79],[151.59,45.87],[151.58,46.0]],[[170.16,43.58],[170.17,43.64],[170.24,43.69],[170.31,43.69],[170.36,43.65],[170.34,43.59],[170.27,43.54],[170.16,43.58]],[[170.12,43.57],[170.13,43.49],[170.07,43.4],[169.98,43.33],[169.9,43.34],[169.89,43.42],[169.96,43.52],[170.05,43.57],[170.12,43.57]],[[170.32,42.87],[170.29,42.95],[170.32,43.03],[170.41,43.06],[170.47,43.04],[170.49,42.96],[170.45,42.89],[170.4,42.85],[170.32,42.87]],[[170.23,42.58],[170.33,42.61],[170.42,42.54],[170.46,42.44],[170.45,42.36],[170.36,42.34],[170.26,42.39],[170.2,42.48],[170.23,42.58]],[[170.58,41.3],[170.61,41.38],[170.66,41.42],[170.91,41.42],[170.97,41.34],[170.95,41.28],[170.9,41.25],[170.79,41.23],[170.71,41.26],[170.64,41.11],[170.48,41.11],[170.45,41.14],[170.45,41.19],[170.51,41.27],[170.58,41.3]],[[171.1,38.56],[171.06,38.66],[171.07,38.78],[171.1,38.83],[171.22,38.86],[171.26,38.63],[171.2,38.57],[171.1,38.56]],[[170.76,38.14],[170.83,38.18],[170.81,38.32],[170.93,38.36],[170.94,38.2],[171.02,38.06],[171.01,38.0],[170.94,37.97],[170.8,37.99],[170.75,38.06],[170.76,38.14]],[[170.46,38.1],[170.53,38.01],[170.47,37.87],[170.4,37.91],[170.35,38.02],[170.38,38.09],[170.46,38.1]],[[171.21,37.61],[171.16,37.66],[171.15,37.72],[171.21,37.76],[171.27,37.75],[171.33,37.66],[171.29,37.61],[171.21,37.61]],[[171.38,36.74],[171.3,36.78],[171.29,36.85],[171.37,36.91],[171.43,36.91],[171.51,36.85],[171.52,36.8],[171.47,36.75],[171.38,36.74]],[[171.72,34.36],[171.67,34.5],[171.8,34.75],[171.74,34.81],[171.72,34.92],[171.6,35.06],[171.41,35.11],[171.19,35.42],[171.06,35.55],[170.98,35.59],[170.95,35.74],[170.99,35.78],[171.32,35.82],[171.7,35.75],[171.79,35.62],[171.86,35.59],[171.92,35.52],[171.96,35.36],[171.95,35.2],[172.12,35.1],[172.13,34.98],[171.82,34.38],[171.77,34.34],[171.72,34.36]],[[171.92,33.69],[171.88,33.73],[171.89,33.8],[171.96,33.81],[172.02,33.78],[172.03,33.72],[171.92,33.69]],[[172.29,32.56],[172.23,32.63],[172.2,32.74],[172.23,32.77],[172.3,32.79],[172.38,32.75],[172.4,32.67],[172.38,32.6],[172.29,32.56]],[[173.14,31.86],[172.86,32.17],[172.71,32.25],[172.8,32.37],[172.86,32.39],[172.96,32.36],[173.11,32.17],[173.27,32.09],[173.29,32.01],[173.26,31.92],[173.19,31.86],[173.14,31.86]],[[171.07,52.9],[170.88,52.86],[170.69,52.89],[170.56,52.95],[170.55,53.0],[170.59,53.06],[170.69,53.09],[170.51,53.33],[170.53,53.43],[170.68,53.48],[170.85,53.42],[171.24,53.12],[171.24,53.03],[171.07,52.9]],[[179.45,52.75],[179.4,52.8],[179.41,52.88],[179.5,52.92],[179.56,52.91],[179.58,52.81],[179.53,52.76],[179.45,52.75]],[[169.99,53.69],[170.02,53.64],[169.99,53.55],[169.91,53.5],[169.82,53.5],[169.79,53.54],[169.79,53.64],[169.99,53.69]],[[169.29,54.12],[169.42,54.1],[169.82,53.91],[169.85,53.88],[169.83,53.82],[169.7,53.78],[169.49,53.81],[169.25,54.0],[169.06,53.94],[169.0,53.96],[168.98,54.07],[169.04,54.14],[169.13,54.16],[169.29,54.12]],[[168.9,54.15],[168.43,54.14],[168.39,54.16],[168.37,54.32],[168.05,54.38],[167.93,54.34],[167.68,54.36],[167.47,54.46],[167.4,54.53],[167.32,54.5],[167.16,54.36],[167.08,54.37],[166.94,54.48],[166.77,54.43],[166.66,54.45],[166.43,54.63],[166.3,54.79],[166.03,54.98],[165.93,55.0],[164.94,55.5],[164.85,55.6],[164.92,55.67],[165.34,55.73],[167.14,55.25],[167.3,55.13],[168.6,54.48],[168.71,54.49],[168.77,54.38],[168.91,54.23],[168.9,54.15]],[[176.24,54.55],[176.11,54.64],[176.07,54.73],[176.09,54.84],[176.19,54.92],[177.05,55.11],[177.19,55.06],[177.1,54.7],[176.81,54.74],[176.57,54.6],[176.24,54.55]],[[170.23,57.28],[170.28,57.24],[170.26,57.15],[170.17,57.14],[170.09,57.18],[170.11,57.26],[170.23,57.28]],[[170.21,57.56],[170.26,57.52],[170.26,57.36],[170.11,57.32],[170.02,57.35],[170.02,57.49],[170.11,57.55],[170.21,57.56]],[[148.3,48.66],[148.4,48.61],[148.41,48.58],[148.37,48.51],[148.11,48.5],[148.02,48.56],[148.01,48.6],[148.07,48.66],[148.3,48.66]],[[148.08,49.04],[148.03,48.88],[147.93,48.81],[147.89,48.82],[147.86,48.87],[147.9,48.97],[147.96,49.03],[148.08,49.04]],[[148.46,49.08],[148.22,49.11],[148.17,49.18],[148.24,49.25],[148.35,49.25],[148.48,49.16],[148.46,49.08]],[[149.21,49.23],[149.07,49.33],[149.09,49.46],[149.05,49.48],[148.98,49.43],[148.9,49.44],[148.9,49.56],[148.71,49.64],[148.73,49.73],[148.8,49.75],[148.63,49.87],[148.59,49.95],[148.61,49.99],[148.69,50.0],[148.8,49.92],[148.92,49.92],[149.14,49.82],[149.46,49.79],[149.51,49.72],[149.6,49.69],[149.99,49.68],[150.05,49.61],[150.06,49.51],[150.0,49.43],[149.89,49.39],[149.74,49.39],[149.98,49.34],[149.99,49.25],[149.86,49.14],[149.69,49.13],[149.64,49.17],[149.58,49.31],[149.5,49.34],[149.32,49.24],[149.21,49.23]],[[148.41,49.57],[148.48,49.53],[148.44,49.45],[148.3,49.43],[148.21,49.46],[148.24,49.53],[148.41,49.57]],[[148.43,49.89],[148.47,49.87],[148.46,49.75],[148.18,49.76],[148.12,49.82],[148.17,49.88],[148.43,49.89]],[[148.24,50.01],[147.97,49.96],[147.91,49.97],[147.88,50.03],[147.96,50.11],[148.37,50.28],[148.56,50.31],[148.7,50.28],[148.7,50.2],[148.54,50.18],[148.24,50.01]],[[150.74,50.23],[150.84,50.21],[150.86,50.14],[150.83,50.1],[150.7,50.07],[150.6,50.12],[150.62,50.16],[150.74,50.23]],[[149.07,50.22],[149.15,50.18],[149.23,50.06],[149.35,50.02],[149.32,49.92],[149.16,49.95],[149.06,50.04],[148.88,50.12],[148.9,50.18],[149.07,50.22]],[[149.54,49.99],[149.56,50.02],[149.78,50.02],[149.81,49.98],[149.77,49.91],[149.63,49.87],[149.54,49.9],[149.54,49.99]],[[150.74,49.9],[150.81,49.93],[150.91,49.93],[151.4,49.77],[151.44,49.73],[151.43,49.66],[151.34,49.59],[151.12,49.61],[150.96,49.73],[150.75,49.8],[150.72,49.85],[150.74,49.9]],[[152.11,49.63],[152.28,49.67],[152.35,49.61],[152.32,49.55],[152.18,49.54],[152.21,49.44],[152.18,49.38],[152.03,49.37],[151.96,49.42],[151.96,49.46],[152.01,49.52],[152.11,49.54],[152.11,49.63]],[[151.4,49.5],[151.44,49.42],[151.36,49.35],[151.27,49.35],[151.13,49.42],[150.69,49.44],[150.57,49.28],[150.32,49.26],[150.26,49.3],[150.26,49.37],[150.17,49.44],[150.1,49.55],[150.07,49.71],[150.12,49.75],[150.23,49.75],[150.55,49.63],[150.78,49.66],[151.02,49.61],[151.22,49.49],[151.4,49.5]],[[149.73,50.51],[149.76,50.45],[149.71,50.37],[149.6,50.36],[149.53,50.41],[149.62,50.5],[149.73,50.51]],[[151.57,51.36],[151.41,51.38],[151.35,51.46],[151.37,51.5],[151.46,51.54],[151.57,51.51],[151.61,51.46],[151.57,51.36]],[[150.43,51.59],[150.32,51.63],[150.31,51.69],[150.37,51.74],[150.42,51.73],[150.46,51.68],[150.47,51.62],[150.43,51.59]],[[150.68,53.07],[150.72,53.03],[150.67,52.94],[150.24,52.97],[150.15,53.06],[150.19,53.13],[150.37,53.16],[150.53,53.06],[150.68,53.07]]],[[[180.0,75.89],[179.93,75.86],[179.93,75.82],[180.0,75.74],[180.0,75.89]]],[[[90.0,82.13],[90.24,82.08],[91.78,82.05],[91.99,82.08],[92.26,81.98],[98.4,81.62],[98.64,81.55],[98.98,81.53],[99.31,81.41],[100.63,81.38],[101.04,81.29],[101.23,81.19],[101.45,81.19],[101.62,81.14],[102.19,81.1],[102.5,80.95],[102.86,80.93],[103.14,80.82],[103.22,80.69],[103.39,80.66],[103.51,80.59],[106.13,80.11],[106.63,80.1],[106.69,80.08],[106.71,79.95],[106.82,79.92],[107.66,79.85],[107.83,79.73],[108.17,79.66],[108.5,79.66],[108.64,79.52],[109.03,79.49],[109.13,79.37],[109.21,79.32],[109.87,79.25],[109.94,79.2],[110.5,79.08],[110.74,79.08],[110.98,79.01],[111.38,78.98],[111.72,78.82],[112.22,78.74],[113.52,78.74],[114.0,78.65],[114.22,78.5],[115.11,78.37],[115.29,78.27],[116.72,77.99],[116.91,77.91],[117.18,77.89],[117.45,77.81],[117.93,77.8],[118.33,77.72],[119.14,77.68],[119.3,77.64],[121.89,77.61],[122.11,77.53],[125.26,77.35],[125.3,77.37],[125.29,77.5],[125.35,77.52],[125.4,77.51],[125.45,77.4],[125.5,77.38],[126.2,77.41],[126.24,77.42],[126.24,77.5],[126.29,77.56],[126.37,77.56],[126.41,77.49],[126.47,77.46],[126.7,77.46],[126.86,77.61],[127.07,77.6],[127.46,77.76],[127.75,77.8],[128.04,77.78],[128.34,77.64],[128.59,77.66],[128.89,77.64],[129.89,77.92],[134.57,78.35],[134.91,78.45],[135.31,78.47],[135.36,78.5],[135.39,78.6],[135.43,78.62],[135.62,78.54],[136.2,78.58],[136.32,78.62],[136.58,78.6],[138.16,78.81],[138.38,78.91],[138.39,78.94],[138.31,78.96],[138.26,79.01],[138.29,79.08],[138.6,79.15],[138.63,79.19],[138.65,79.3],[138.77,79.37],[139.44,79.32],[140.0,79.45],[140.25,79.57],[140.73,79.51],[141.0,79.51],[141.26,79.57],[142.37,79.62],[142.48,79.66],[142.59,79.78],[142.98,80.0],[143.19,80.05],[147.72,79.93],[147.82,79.96],[147.94,80.06],[148.1,80.09],[148.3,80.08],[148.44,79.99],[149.14,80.02],[149.5,80.16],[153.17,80.14],[153.42,79.99],[154.68,79.99],[155.02,79.85],[155.38,79.9],[155.69,79.85],[156.02,79.85],[156.26,79.78],[156.53,79.82],[157.44,79.82],[157.66,79.78],[158.78,79.73],[159.0,79.66],[159.67,79.66],[159.94,79.56],[160.8,79.51],[161.06,79.42],[161.28,79.42],[161.45,79.37],[162.67,79.25],[162.94,79.18],[163.54,79.1],[163.66,79.06],[165.6,78.79],[165.68,78.75],[165.95,78.71],[166.04,78.65],[166.3,78.58],[171.35,78.28],[172.63,78.03],[172.67,77.99],[172.66,77.9],[172.7,77.88],[173.04,77.93],[173.36,77.82],[173.36,77.74],[173.33,77.71],[173.13,77.66],[173.09,77.65],[173.1,77.61],[173.33,77.66],[174.14,77.69],[174.19,77.62],[174.19,77.56],[173.87,77.33],[174.46,77.14],[174.63,77.14],[174.74,77.26],[174.89,77.27],[175.08,77.26],[175.09,77.1],[175.31,77.18],[175.54,77.18],[175.7,77.11],[175.74,76.98],[175.97,76.97],[176.2,76.87],[176.28,76.75],[176.18,76.66],[176.47,76.66],[176.74,76.54],[177.07,76.51],[177.12,76.59],[177.36,76.69],[177.46,76.7],[177.54,76.62],[177.5,76.55],[177.17,76.44],[178.03,76.44],[178.56,76.32],[178.92,76.15],[179.31,76.18],[179.4,76.13],[179.41,76.08],[179.31,75.99],[179.4,75.97],[179.91,76.07],[180.0,76.06],[180.0,90.0],[90.0,90.0],[90.0,82.13]],[[142.49,82.08],[142.85,82.06],[143.09,81.96],[143.08,81.9],[143.04,81.86],[142.94,81.86],[142.91,81.82],[142.95,81.73],[142.93,81.66],[142.73,81.6],[142.77,81.55],[143.22,81.48],[143.21,81.37],[142.66,81.31],[142.39,81.22],[141.53,81.14],[141.34,81.21],[140.21,81.41],[140.23,81.49],[140.52,81.55],[140.67,81.73],[140.77,81.77],[141.44,81.79],[141.65,81.89],[141.86,81.91],[142.01,81.98],[142.13,81.98],[142.49,82.08]],[[174.34,77.26],[174.26,77.31],[174.26,77.4],[174.43,77.4],[174.43,77.28],[174.34,77.26]],[[178.44,77.28],[178.5,77.33],[178.67,77.31],[178.62,77.23],[178.54,77.2],[178.46,77.23],[178.44,77.28]],[[178.86,77.23],[178.92,77.26],[179.29,77.28],[179.4,77.22],[179.38,77.11],[179.26,77.09],[179.26,76.97],[179.22,76.94],[179.0,76.95],[178.9,76.99],[178.49,76.94],[178.19,77.04],[178.13,77.13],[178.15,77.18],[178.25,77.21],[178.73,77.14],[178.86,77.23]],[[176.91,76.77],[176.85,76.8],[176.87,76.91],[177.14,76.93],[177.22,76.9],[177.22,76.86],[177.16,76.79],[177.04,76.75],[176.91,76.77]],[[178.73,76.8],[178.9,76.83],[178.94,76.8],[178.97,76.73],[178.9,76.67],[178.77,76.68],[178.7,76.75],[178.73,76.8]],[[157.01,83.36],[157.01,83.28],[156.98,83.26],[156.69,83.17],[156.38,83.16],[156.32,83.26],[156.35,83.3],[156.46,83.34],[157.01,83.36]],[[145.01,83.86],[144.96,83.83],[144.89,83.7],[144.83,83.72],[144.74,83.83],[144.26,83.81],[144.17,83.86],[144.16,83.91],[144.24,83.97],[145.29,83.98],[145.28,83.9],[145.01,83.86]],[[146.33,83.86],[146.3,83.93],[146.33,83.97],[146.81,84.02],[147.02,84.1],[148.14,84.11],[148.22,84.05],[148.22,84.0],[148.13,83.96],[147.72,83.93],[147.43,83.86],[146.33,83.86]],[[149.31,84.43],[149.39,84.4],[149.4,84.33],[149.3,84.27],[148.43,84.17],[148.02,84.19],[147.62,84.28],[147.55,84.34],[147.57,84.39],[147.66,84.45],[149.31,84.43]],[[153.2,85.5],[153.31,85.39],[153.27,85.29],[153.1,85.25],[153.23,85.14],[153.23,85.07],[153.14,85.02],[153.0,84.98],[151.73,84.96],[151.59,84.9],[151.09,84.84],[151.03,84.88],[150.96,85.01],[150.89,85.04],[150.04,85.06],[149.95,85.09],[149.91,85.14],[149.97,85.26],[149.93,85.3],[149.16,85.35],[149.02,85.41],[148.44,85.45],[148.3,85.5],[145.79,85.89],[145.63,85.99],[141.47,86.51],[141.48,86.59],[141.55,86.62],[141.6,86.69],[141.72,86.73],[146.53,86.59],[146.62,86.55],[150.81,86.38],[150.85,86.34],[150.79,86.21],[151.49,86.09],[151.72,86.08],[152.09,85.96],[152.37,85.94],[152.69,85.83],[153.2,85.5]],[[147.02,86.78],[146.71,86.86],[145.75,86.88],[145.54,86.93],[145.3,86.93],[145.15,86.98],[144.07,87.12],[143.74,87.29],[140.06,87.51],[140.01,87.55],[139.98,87.79],[140.04,87.88],[141.55,87.94],[142.06,88.03],[142.61,88.06],[142.86,88.11],[143.8,88.12],[144.01,88.04],[144.55,88.0],[144.59,87.95],[144.57,87.87],[144.66,87.83],[146.11,87.8],[146.18,87.76],[146.18,87.66],[146.21,87.62],[146.44,87.54],[149.38,87.25],[149.52,87.17],[151.26,87.06],[151.3,87.04],[151.33,86.95],[149.38,86.66],[147.02,86.78]],[[155.52,86.13],[155.51,86.22],[155.76,86.33],[159.19,85.97],[159.25,85.94],[159.26,85.89],[159.22,85.82],[159.13,85.78],[158.63,85.69],[158.03,85.65],[157.43,85.71],[155.69,86.05],[155.52,86.13]],[[174.18,88.79],[174.24,88.74],[174.18,88.66],[174.06,88.64],[174.0,88.69],[174.06,88.77],[174.18,88.79]],[[140.03,88.66],[139.99,88.74],[140.07,88.8],[142.66,88.92],[146.02,88.94],[146.17,88.94],[146.21,88.9],[146.21,88.86],[146.15,88.82],[140.03,88.66]]],[[[-0.0,36.21],[1.03,36.65],[1.23,36.68],[1.66,36.67],[1.94,36.72],[2.09,36.79],[2.42,36.84],[2.62,36.98],[2.72,36.99],[2.95,36.94],[3.48,36.96],[3.94,37.06],[4.27,37.03],[4.46,37.06],[4.56,37.01],[4.75,37.03],[5.1,36.96],[5.28,36.89],[5.41,36.88],[5.7,37.01],[6.16,37.09],[6.27,37.17],[6.41,37.21],[7.06,37.17],[7.37,37.3],[7.63,37.18],[7.87,37.27],[8.06,37.27],[8.17,37.32],[8.33,37.32],[8.47,37.49],[8.78,37.7],[8.83,37.87],[8.93,37.91],[9.13,38.07],[9.74,38.34],[9.88,38.46],[9.93,38.45],[9.98,38.35],[10.22,38.42],[10.32,38.52],[10.46,38.59],[10.63,38.62],[10.83,38.78],[10.92,38.81],[10.99,38.8],[11.02,38.71],[11.1,38.62],[11.28,38.5],[11.59,38.52],[11.93,38.59],[12.02,38.71],[12.1,38.74],[12.46,38.76],[12.57,38.69],[12.59,38.62],[12.55,38.56],[12.29,38.54],[11.81,38.3],[11.84,38.21],[12.02,38.3],[12.24,38.26],[12.38,38.4],[12.57,38.45],[12.7,38.3],[12.74,38.38],[12.97,38.53],[13.02,38.51],[13.06,38.42],[13.18,38.5],[13.39,38.5],[13.42,38.38],[13.46,38.38],[13.54,38.28],[13.78,38.25],[13.9,38.18],[14.34,38.26],[14.48,38.23],[14.68,38.3],[14.89,38.31],[14.91,38.34],[14.9,38.37],[14.73,38.58],[14.75,38.67],[15.0,38.71],[15.25,38.91],[15.32,38.88],[15.34,38.8],[15.24,38.71],[15.24,38.57],[15.11,38.53],[15.1,38.5],[15.12,38.46],[15.21,38.43],[15.42,38.47],[15.49,38.57],[15.48,38.71],[15.63,38.82],[15.66,38.95],[15.53,39.24],[15.43,39.29],[15.43,39.38],[15.26,39.48],[15.24,39.6],[15.08,39.62],[15.07,39.68],[15.16,39.78],[15.14,39.82],[15.06,39.85],[14.81,39.82],[14.66,39.94],[14.52,39.92],[14.33,40.06],[14.28,40.2],[14.15,40.17],[14.1,40.2],[14.06,40.26],[14.06,40.37],[14.18,40.5],[14.13,40.51],[13.94,40.44],[13.87,40.54],[13.75,40.54],[13.7,40.61],[13.56,40.58],[13.46,40.63],[13.34,40.63],[13.2,40.72],[12.97,40.8],[12.77,40.82],[12.65,40.93],[12.53,40.99],[12.53,41.04],[12.48,41.06],[12.43,41.16],[12.26,41.18],[12.17,41.28],[12.06,41.23],[12.01,41.24],[11.87,41.4],[11.76,41.65],[11.67,41.58],[11.54,41.54],[11.53,41.33],[11.29,41.27],[11.09,41.47],[10.97,41.73],[11.02,41.9],[10.91,41.89],[10.75,42.1],[10.75,42.19],[10.72,42.19],[10.65,42.15],[10.56,42.0],[10.63,42.0],[10.68,41.94],[10.69,41.83],[10.66,41.73],[10.63,41.71],[10.55,41.73],[10.51,41.95],[10.46,41.83],[10.51,41.71],[10.47,41.39],[10.41,41.34],[10.34,41.38],[10.35,41.53],[10.3,41.69],[10.32,41.79],[10.3,41.81],[10.2,41.64],[10.21,41.59],[10.26,41.57],[10.25,41.5],[10.13,41.36],[10.17,41.14],[10.09,40.82],[10.1,40.54],[9.94,40.1],[9.96,39.93],[9.93,39.73],[9.89,39.65],[9.89,39.46],[9.72,39.07],[9.85,39.06],[9.91,39.01],[9.92,38.94],[9.89,38.83],[9.74,38.76],[9.64,38.59],[9.46,38.46],[9.38,38.47],[9.36,38.56],[9.5,38.9],[9.36,38.74],[9.26,38.7],[9.1,38.56],[8.95,38.57],[8.81,38.47],[8.69,38.47],[8.59,38.36],[8.46,38.38],[8.38,38.52],[8.26,38.57],[8.21,38.69],[7.91,38.84],[7.79,38.97],[7.78,39.08],[7.69,39.29],[7.68,39.41],[7.79,39.52],[7.85,39.65],[8.02,39.74],[7.97,39.89],[8.02,39.98],[7.86,40.12],[7.87,40.32],[7.75,40.39],[7.69,40.53],[7.73,40.61],[8.04,40.97],[8.09,41.17],[8.21,41.26],[8.5,41.28],[8.61,41.54],[8.61,41.59],[8.54,41.64],[8.54,41.78],[8.45,41.81],[8.41,41.87],[8.49,42.07],[8.45,42.41],[8.48,42.54],[8.64,42.74],[9.2,42.95],[9.14,43.01],[9.14,43.15],[9.24,43.18],[9.29,43.32],[9.2,43.6],[9.23,43.64],[9.36,43.68],[9.31,43.7],[9.22,43.86],[9.15,43.87],[9.02,43.8],[8.95,43.83],[8.89,43.9],[8.88,43.95],[8.93,44.02],[8.93,44.14],[9.1,44.14],[9.1,44.18],[8.77,44.2],[8.47,44.09],[8.5,43.87],[8.39,43.8],[8.21,43.75],[8.02,43.75],[7.85,43.68],[7.54,43.66],[7.44,43.6],[7.32,43.61],[7.25,43.49],[7.13,43.44],[7.09,43.35],[6.96,43.34],[6.9,43.21],[6.82,43.13],[6.8,43.01],[6.77,42.98],[6.6,42.98],[6.38,42.91],[6.07,42.91],[5.92,42.97],[5.57,42.94],[5.45,43.01],[5.35,42.96],[5.21,42.96],[5.13,42.88],[4.62,42.68],[4.5,42.65],[4.34,42.67],[4.1,42.43],[3.84,42.4],[3.77,42.36],[3.81,42.13],[3.64,41.89],[3.5,41.83],[3.64,41.72],[3.65,41.67],[3.63,41.63],[3.46,41.54],[3.5,41.5],[3.51,41.39],[3.43,41.36],[3.15,41.37],[2.97,41.35],[2.88,41.42],[2.86,41.33],[2.78,41.26],[2.62,41.23],[2.5,41.12],[2.38,41.11],[2.13,40.97],[1.82,40.94],[1.62,40.79],[1.61,40.68],[1.56,40.61],[1.66,40.58],[1.7,40.51],[1.49,40.39],[1.32,40.06],[1.18,40.01],[0.82,39.6],[0.65,39.58],[0.49,39.51],[0.38,39.42],[0.36,39.36],[0.39,39.28],[0.6,39.08],[0.74,39.06],[1.14,39.4],[1.48,39.43],[1.58,39.41],[1.75,39.48],[1.9,39.44],[1.96,39.52],[1.97,39.79],[2.13,39.88],[2.42,39.91],[2.9,40.1],[3.05,40.1],[3.24,40.18],[3.43,40.17],[3.6,40.35],[3.71,40.4],[3.99,40.37],[4.3,40.24],[4.49,40.13],[4.63,39.89],[4.63,39.68],[4.57,39.56],[4.48,39.5],[4.36,39.52],[4.17,39.65],[4.03,39.7],[3.82,39.6],[3.53,39.31],[3.17,39.14],[3.05,38.98],[2.81,38.85],[2.53,38.59],[2.42,38.57],[2.28,38.64],[2.16,38.54],[2.06,38.54],[2.04,38.5],[1.95,38.46],[1.63,38.42],[1.34,38.35],[1.22,38.38],[1.05,38.31],[0.79,38.38],[0.79,38.35],[0.94,38.23],[0.95,38.17],[0.91,38.12],[0.55,38.16],[0.43,37.99],[0.28,37.94],[0.05,38.02],[0.04,37.98],[0.2,37.87],[-0.0,37.58],[-0.0,36.21]],[[13.13,38.81],[13.26,38.82],[13.3,38.76],[13.29,38.68],[13.18,38.63],[13.06,38.68],[13.04,38.72],[13.05,38.77],[13.13,38.81]],[[14.5,38.66],[14.57,38.7],[14.65,38.67],[14.69,38.61],[14.69,38.54],[14.62,38.51],[14.49,38.56],[14.47,38.62],[14.5,38.66]],[[14.38,38.59],[14.41,38.52],[14.37,38.49],[14.31,38.5],[14.31,38.58],[14.38,38.59]],[[13.78,38.53],[13.89,38.45],[13.84,38.35],[13.72,38.38],[13.67,38.44],[13.73,38.52],[13.78,38.53]],[[12.85,38.62],[12.7,38.62],[12.66,38.67],[12.66,38.72],[12.91,38.78],[12.95,38.71],[12.85,38.62]],[[14.9,39.59],[14.99,39.54],[14.99,39.48],[14.96,39.44],[14.81,39.46],[14.68,39.55],[14.7,39.6],[14.9,39.59]],[[13.93,40.4],[14.01,40.26],[13.96,40.21],[13.82,40.27],[13.74,40.4],[13.79,40.47],[13.93,40.4]],[[10.49,40.37],[10.49,40.3],[10.42,40.27],[10.29,40.3],[10.2,40.37],[10.22,40.51],[10.18,40.58],[10.18,40.67],[10.12,40.83],[10.16,40.9],[10.27,40.9],[10.47,41.02],[10.52,40.97],[10.52,40.92],[10.34,40.63],[10.49,40.37]],[[10.79,40.98],[10.77,41.04],[10.82,41.18],[11.1,41.22],[11.11,41.12],[10.79,40.98]],[[11.09,41.26],[10.97,41.26],[10.94,41.38],[10.85,41.47],[10.64,41.58],[10.66,41.66],[10.87,41.66],[11.0,41.59],[11.12,41.35],[11.09,41.26]],[[1.93,40.74],[1.99,40.68],[2.01,40.59],[1.93,40.53],[1.86,40.56],[1.81,40.67],[1.85,40.73],[1.93,40.74]]],[[[-64.06,-54.94],[-64.25,-55.01],[-64.73,-55.03],[-64.85,-55.08],[-65.09,-55.1],[-65.23,-55.2],[-65.42,-55.27],[-65.62,-55.3],[-65.76,-55.27],[-65.79,-55.37],[-66.0,-55.54],[-65.94,-55.69],[-65.95,-55.79],[-66.09,-55.81],[-66.21,-55.96],[-66.21,-56.0],[-66.14,-56.02],[-66.12,-56.06],[-66.16,-56.12],[-66.38,-56.18],[-66.74,-56.38],[-66.82,-56.54],[-66.89,-56.57],[-67.03,-56.72],[-67.24,-56.76],[-67.36,-56.74],[-67.4,-56.76],[-67.61,-57.0],[-67.98,-57.0],[-68.66,-56.74],[-68.79,-56.74],[-68.95,-56.66],[-69.17,-56.64],[-69.38,-56.47],[-69.63,-56.45],[-69.81,-56.37],[-70.01,-56.18],[-70.2,-56.12],[-70.34,-55.97],[-70.61,-55.87],[-70.77,-55.65],[-70.83,-55.61],[-71.11,-55.56],[-71.33,-55.42],[-71.59,-55.37],[-71.78,-55.25],[-71.98,-55.22],[-72.02,-55.18],[-72.19,-55.18],[-72.29,-55.1],[-72.52,-55.06],[-73.3,-54.8],[-73.74,-54.53],[-73.9,-54.58],[-73.94,-54.55],[-73.9,-54.36],[-74.07,-54.15],[-74.09,-53.98],[-74.38,-53.86],[-74.57,-53.67],[-74.57,-53.53],[-74.77,-53.39],[-74.88,-53.21],[-75.02,-53.14],[-75.05,-53.06],[-75.19,-53.09],[-75.34,-52.9],[-75.53,-52.85],[-75.55,-52.7],[-75.69,-52.7],[-75.69,-52.61],[-75.6,-52.51],[-75.77,-52.51],[-75.82,-52.37],[-75.91,-52.25],[-75.92,-52.07],[-76.01,-51.82],[-75.94,-51.65],[-75.98,-51.6],[-75.98,-51.5],[-75.83,-51.42],[-75.82,-51.35],[-75.97,-51.29],[-75.99,-51.22],[-75.94,-51.13],[-76.07,-51.06],[-76.13,-50.93],[-76.28,-50.81],[-76.29,-50.69],[-76.23,-50.59],[-76.24,-50.5],[-76.34,-50.4],[-76.48,-50.37],[-76.51,-50.34],[-76.48,-50.23],[-76.38,-50.17],[-76.28,-50.16],[-76.15,-50.21],[-75.92,-50.19],[-75.88,-50.15],[-75.94,-50.09],[-75.91,-49.94],[-76.01,-49.92],[-76.05,-49.86],[-76.03,-49.61],[-75.96,-49.42],[-75.98,-49.34],[-76.08,-49.2],[-76.26,-49.15],[-76.28,-49.06],[-76.25,-48.98],[-76.08,-48.91],[-76.03,-48.74],[-75.98,-48.7],[-76.03,-48.31],[-75.95,-48.15],[-75.94,-47.97],[-75.77,-47.88],[-75.74,-47.57],[-75.6,-47.38],[-75.73,-47.14],[-75.73,-46.91],[-75.78,-46.71],[-75.72,-46.56],[-75.76,-46.43],[-75.55,-46.28],[-75.63,-46.26],[-75.66,-46.19],[-75.6,-46.06],[-75.67,-45.79],[-75.62,-45.62],[-75.65,-45.48],[-75.62,-45.37],[-75.67,-45.1],[-75.58,-44.91],[-75.6,-44.74],[-75.5,-44.64],[-75.64,-44.55],[-75.64,-44.44],[-75.6,-44.37],[-75.54,-44.35],[-75.49,-44.49],[-75.42,-44.46],[-75.36,-43.92],[-75.31,-43.8],[-75.34,-43.54],[-75.24,-43.37],[-75.29,-43.32],[-75.29,-43.22],[-75.1,-43.08],[-75.17,-42.84],[-75.05,-42.67],[-74.88,-42.53],[-74.98,-42.5],[-75.03,-42.38],[-74.95,-42.12],[-74.95,-41.95],[-74.9,-41.88],[-74.93,-41.69],[-74.78,-41.38],[-74.66,-41.3],[-74.72,-41.23],[-74.74,-40.94],[-74.68,-40.89],[-74.66,-40.8],[-74.45,-40.63],[-74.4,-40.22],[-74.3,-40.1],[-74.35,-40.06],[-74.36,-39.97],[-74.28,-39.72],[-74.18,-39.67],[-74.15,-39.43],[-74.06,-39.34],[-74.09,-39.13],[-74.06,-38.94],[-74.18,-38.9],[-74.23,-38.81],[-74.14,-38.66],[-74.11,-38.47],[-74.29,-38.19],[-74.3,-38.09],[-74.11,-37.92],[-74.18,-37.86],[-74.18,-37.78],[-73.99,-37.73],[-73.94,-37.43],[-73.97,-37.2],[-73.85,-37.13],[-73.87,-36.94],[-73.78,-36.74],[-73.66,-36.65],[-73.77,-36.39],[-73.75,-36.26],[-73.7,-36.24],[-73.67,-36.02],[-73.46,-35.86],[-73.3,-35.59],[-73.08,-35.42],[-73.06,-35.21],[-72.89,-35.11],[-72.77,-34.87],[-72.72,-34.85],[-72.78,-34.71],[-72.75,-34.6],[-72.63,-34.55],[-72.36,-34.67],[-72.29,-34.61],[-72.29,-34.53],[-72.42,-34.32],[-72.43,-34.24],[-72.22,-33.78],[-72.14,-33.72],[-72.16,-33.51],[-72.0,-33.38],[-72.04,-33.13],[-71.8,-32.8],[-71.75,-32.68],[-71.74,-32.44],[-71.83,-32.17],[-71.8,-31.86],[-71.76,-31.75],[-71.78,-31.42],[-71.88,-31.18],[-71.81,-30.91],[-71.8,-30.36],[-71.61,-29.78],[-71.66,-29.66],[-71.71,-29.35],[-71.66,-29.23],[-71.69,-29.09],[-71.52,-28.58],[-71.42,-28.44],[-71.42,-28.32],[-71.23,-27.89],[-71.23,-27.72],[-71.14,-27.58],[-71.17,-27.45],[-71.06,-27.17],[-71.04,-26.58],[-70.9,-26.05],[-70.94,-25.85],[-70.82,-25.42],[-70.73,-25.27],[-70.8,-25.13],[-70.7,-24.94],[-70.7,-24.38],[-70.63,-24.12],[-70.68,-23.93],[-70.63,-23.74],[-70.73,-23.5],[-70.68,-23.21],[-70.7,-22.94],[-70.58,-22.78],[-70.61,-22.66],[-70.52,-22.55],[-70.57,-22.4],[-70.46,-22.25],[-70.46,-22.18],[-70.37,-21.99],[-70.39,-21.89],[-70.54,-21.67],[-70.51,-21.53],[-70.54,-21.31],[-70.49,-21.17],[-70.57,-21.0],[-70.56,-20.81],[-70.63,-20.67],[-70.59,-20.43],[-70.63,-20.29],[-70.62,-20.26],[-70.51,-20.21],[-70.39,-20.08],[-70.34,-19.99],[-70.42,-19.82],[-70.61,-19.8],[-70.69,-19.77],[-70.78,-19.46],[-70.93,-19.31],[-70.9,-19.24],[-70.84,-19.21],[-70.69,-19.24],[-70.61,-19.31],[-70.56,-19.27],[-70.58,-19.15],[-70.49,-18.98],[-70.54,-18.79],[-70.47,-18.67],[-70.49,-18.62],[-70.73,-18.58],[-70.8,-18.48],[-70.9,-18.44],[-71.09,-18.53],[-71.17,-18.52],[-71.25,-18.46],[-71.4,-18.29],[-71.3,-18.18],[-71.31,-18.11],[-71.57,-17.98],[-71.74,-18.03],[-71.8,-18.01],[-72.09,-17.5],[-72.19,-17.39],[-72.29,-17.11],[-72.4,-17.02],[-72.47,-16.99],[-72.58,-17.09],[-72.75,-17.1],[-73.01,-16.87],[-73.06,-16.78],[-73.31,-16.61],[-73.49,-16.63],[-73.66,-16.46],[-73.75,-16.46],[-73.99,-16.37],[-74.11,-16.2],[-74.24,-16.17],[-74.53,-16.04],[-74.58,-15.91],[-74.78,-15.79],[-74.88,-15.79],[-75.02,-15.7],[-75.12,-15.67],[-75.26,-15.53],[-75.46,-15.53],[-75.55,-15.41],[-75.62,-15.24],[-75.84,-15.17],[-76.54,-14.45],[-76.58,-14.3],[-76.69,-14.19],[-76.73,-14.06],[-76.85,-13.96],[-77.07,-13.57],[-77.08,-13.43],[-77.02,-13.32],[-77.06,-13.1],[-77.33,-12.91],[-77.52,-12.67],[-77.62,-12.65],[-77.66,-12.58],[-77.81,-12.54],[-77.83,-12.45],[-77.71,-12.31],[-77.7,-12.2],[-77.88,-12.05],[-77.93,-11.9],[-78.14,-11.82],[-78.67,-10.78],[-78.9,-10.62],[-79.08,-10.41],[-79.13,-10.29],[-79.15,-10.13],[-79.22,-10.08],[-79.27,-9.98],[-79.45,-9.97],[-79.72,-9.67],[-79.75,-9.34],[-80.02,-9.22],[-80.18,-8.66],[-80.29,-8.58],[-80.35,-8.47],[-80.47,-8.4],[-80.52,-8.28],[-80.58,-8.24],[-80.59,-8.19],[-80.52,-8.04],[-80.61,-7.99],[-80.59,-7.85],[-80.9,-7.42],[-80.93,-7.25],[-80.9,-7.1],[-80.98,-7.1],[-81.09,-6.97],[-80.98,-6.77],[-81.07,-6.74],[-81.13,-6.68],[-81.13,-6.49],[-81.22,-6.31],[-81.21,-6.2],[-81.35,-6.12],[-81.41,-5.54],[-81.46,-5.47],[-81.46,-5.33],[-81.52,-5.13],[-81.5,-4.58],[-81.44,-4.44],[-81.43,-4.3],[-81.33,-3.99],[-81.35,-3.92],[-81.47,-3.89],[-81.49,-3.78],[-81.41,-3.62],[-81.41,-3.46],[-81.18,-3.22],[-81.14,-3.12],[-81.26,-2.86],[-81.17,-2.52],[-81.26,-2.26],[-81.26,-2.02],[-81.31,-1.86],[-81.22,-1.68],[-81.25,-1.29],[-81.17,-1.01],[-81.14,-0.79],[-81.05,-0.65],[-81.07,-0.46],[-80.9,-0.1],[-80.75,-0.0],[-89.9,-0.0],[-89.89,-0.32],[-89.83,-0.38],[-89.69,-0.31],[-89.48,-0.4],[-89.37,-0.35],[-89.29,-0.37],[-89.23,-0.43],[-89.24,-0.54],[-89.06,-0.55],[-88.97,-0.7],[-88.82,-0.7],[-88.8,-0.91],[-88.77,-0.92],[-88.7,-0.84],[-88.6,-0.8],[-88.52,-0.83],[-88.5,-0.91],[-88.56,-1.06],[-88.61,-1.12],[-88.74,-1.13],[-88.82,-1.08],[-88.94,-1.25],[-89.33,-1.37],[-89.52,-1.56],[-89.9,-1.54],[-89.94,-1.56],[-89.95,-1.68],[-90.1,-1.73],[-90.18,-1.69],[-90.34,-1.5],[-90.52,-1.5],[-90.6,-1.39],[-90.78,-1.26],[-90.88,-1.15],[-91.1,-1.17],[-91.2,-1.1],[-91.45,-1.05],[-91.52,-0.99],[-91.57,-0.85],[-91.42,-0.6],[-91.46,-0.56],[-91.63,-0.53],[-91.68,-0.48],[-91.71,-0.33],[-91.7,-0.24],[-91.64,-0.21],[-91.54,-0.22],[-91.48,-0.16],[-91.5,-0.11],[-91.62,-0.08],[-91.65,-0.0],[-131.73,-0.0],[-131.73,-73.21],[-131.61,-73.2],[-131.36,-73.12],[-130.91,-73.1],[-130.81,-73.06],[-130.07,-73.01],[-129.96,-72.96],[-127.97,-72.98],[-127.79,-72.9],[-127.49,-72.89],[-127.47,-72.76],[-127.18,-72.67],[-127.2,-72.5],[-127.1,-72.45],[-126.92,-72.42],[-126.58,-72.43],[-126.43,-72.53],[-125.94,-72.58],[-125.88,-72.55],[-125.79,-72.41],[-125.71,-72.36],[-125.34,-72.32],[-124.96,-72.34],[-124.68,-72.44],[-124.36,-72.46],[-124.1,-72.53],[-123.96,-72.53],[-123.74,-72.57],[-122.83,-72.5],[-122.8,-72.51],[-122.81,-72.62],[-122.77,-72.63],[-122.36,-72.61],[-122.16,-72.53],[-121.97,-72.6],[-121.66,-72.55],[-120.94,-72.6],[-119.93,-72.43],[-119.81,-72.32],[-119.6,-72.24],[-119.5,-72.17],[-119.15,-72.12],[-118.79,-71.9],[-118.43,-71.82],[-118.25,-71.72],[-117.33,-71.64],[-117.19,-71.59],[-117.02,-71.59],[-116.33,-71.47],[-115.99,-71.47],[-115.51,-71.4],[-113.74,-71.4],[-113.57,-71.35],[-112.58,-71.28],[-112.39,-71.3],[-112.15,-71.26],[-110.64,-71.21],[-110.5,-71.16],[-109.7,-71.14],[-109.54,-71.06],[-109.37,-71.11],[-103.13,-71.0],[-102.32,-71.16],[-100.88,-71.04],[-100.76,-70.98],[-100.45,-70.96],[-100.25,-70.9],[-99.56,-70.87],[-98.95,-70.71],[-98.29,-70.7],[-98.18,-70.66],[-97.19,-70.6],[-97.09,-70.56],[-95.56,-70.46],[-95.23,-70.39],[-94.99,-70.4],[-94.85,-70.44],[-94.71,-70.39],[-94.46,-70.36],[-94.1,-70.39],[-93.8,-70.46],[-93.57,-70.56],[-93.35,-70.56],[-93.14,-70.61],[-92.85,-70.54],[-92.57,-70.63],[-92.11,-70.63],[-91.99,-70.7],[-91.8,-70.72],[-91.54,-70.82],[-91.22,-70.71],[-90.79,-70.82],[-90.62,-70.7],[-90.54,-70.7],[-90.36,-70.78],[-90.24,-70.73],[-89.71,-70.7],[-89.58,-70.6],[-89.4,-70.56],[-89.04,-70.54],[-88.9,-70.49],[-87.62,-70.39],[-87.55,-70.32],[-87.43,-70.3],[-87.24,-70.2],[-87.05,-70.2],[-86.88,-70.13],[-86.71,-70.13],[-86.57,-70.04],[-85.99,-69.96],[-85.83,-70.04],[-85.66,-69.96],[-85.4,-70.02],[-85.2,-69.91],[-85.06,-69.91],[-84.96,-69.96],[-84.89,-69.89],[-84.77,-69.84],[-84.22,-69.86],[-83.78,-69.77],[-83.64,-69.77],[-83.18,-69.62],[-82.99,-69.61],[-82.78,-69.52],[-82.58,-69.52],[-82.42,-69.46],[-81.75,-69.4],[-81.64,-69.36],[-80.62,-69.33],[-80.49,-69.29],[-80.12,-69.29],[-80.02,-69.24],[-79.54,-69.23],[-78.96,-69.02],[-78.66,-69.01],[-78.36,-68.94],[-78.06,-68.95],[-77.69,-68.92],[-74.42,-67.92],[-74.17,-67.78],[-74.04,-67.51],[-73.8,-67.35],[-72.83,-66.92],[-72.26,-66.76],[-71.08,-66.2],[-70.7,-65.9],[-70.33,-65.73],[-69.67,-65.57],[-69.48,-65.42],[-68.71,-65.04],[-68.47,-64.8],[-67.75,-64.44],[-67.27,-64.37],[-66.73,-64.16],[-66.1,-63.79],[-65.9,-63.74],[-65.78,-63.66],[-65.55,-63.65],[-65.09,-63.5],[-64.85,-63.5],[-64.67,-63.37],[-64.49,-63.36],[-64.48,-63.16],[-64.03,-63.0],[-63.91,-63.02],[-63.77,-62.93],[-63.6,-62.95],[-63.31,-62.83],[-63.14,-62.84],[-62.94,-62.9],[-62.88,-62.88],[-62.93,-62.69],[-62.91,-62.55],[-62.83,-62.5],[-62.56,-62.47],[-64.06,-54.94]],[[-89.16,-0.17],[-89.22,-0.2],[-89.29,-0.19],[-89.34,-0.15],[-89.35,-0.08],[-89.28,-0.02],[-89.2,-0.02],[-89.16,-0.09],[-89.16,-0.17]],[[-81.67,-0.05],[-81.62,-0.18],[-81.69,-0.37],[-81.76,-0.41],[-82.01,-0.38],[-81.98,-0.07],[-81.67,-0.05]],[[-88.66,-0.14],[-88.61,-0.17],[-88.61,-0.26],[-88.69,-0.29],[-88.78,-0.25],[-88.75,-0.17],[-88.66,-0.14]],[[-88.45,-0.45],[-88.42,-0.48],[-88.41,-0.56],[-88.48,-0.6],[-88.55,-0.6],[-88.58,-0.49],[-88.45,-0.45]],[[-88.45,-1.32],[-88.49,-1.03],[-88.38,-0.97],[-88.3,-0.97],[-88.22,-1.08],[-88.22,-1.27],[-88.32,-1.37],[-88.39,-1.37],[-88.45,-1.32]],[[-88.75,-1.43],[-88.86,-1.38],[-88.9,-1.29],[-88.82,-1.2],[-88.69,-1.17],[-88.63,-1.25],[-88.63,-1.36],[-88.66,-1.42],[-88.75,-1.43]],[[-89.07,-1.45],[-89.11,-1.53],[-89.21,-1.57],[-89.3,-1.56],[-89.35,-1.48],[-89.32,-1.43],[-89.12,-1.36],[-89.07,-1.45]],[[-123.3,-10.28],[-123.25,-10.41],[-123.32,-10.45],[-123.42,-10.4],[-123.43,-10.33],[-123.37,-10.27],[-123.3,-10.28]],[[-104.45,-16.63],[-104.41,-16.71],[-104.42,-16.74],[-104.49,-16.76],[-104.56,-16.73],[-104.53,-16.64],[-104.45,-16.63]],[[-124.2,-18.1],[-124.14,-18.18],[-124.2,-18.25],[-124.27,-18.22],[-124.31,-18.15],[-124.27,-18.09],[-124.2,-18.1]],[[-80.79,-20.7],[-80.77,-20.81],[-80.83,-20.86],[-80.89,-20.85],[-80.93,-20.79],[-80.92,-20.74],[-80.86,-20.68],[-80.79,-20.7]],[[-81.54,-21.35],[-81.5,-21.43],[-81.52,-21.52],[-81.59,-21.56],[-81.72,-21.52],[-81.75,-21.44],[-81.7,-21.36],[-81.63,-21.33],[-81.54,-21.35]],[[-81.11,-21.95],[-81.09,-21.99],[-81.11,-22.08],[-81.24,-22.27],[-81.39,-22.25],[-81.5,-22.18],[-81.49,-22.11],[-81.41,-22.03],[-81.11,-21.95]],[[-81.57,-22.66],[-81.56,-22.76],[-81.67,-22.82],[-81.8,-22.81],[-81.86,-22.74],[-81.84,-22.68],[-81.57,-22.66]],[[-82.23,-23.4],[-82.31,-23.31],[-82.25,-23.18],[-82.08,-23.16],[-81.99,-23.2],[-81.95,-23.31],[-81.96,-23.38],[-82.23,-23.4]],[[-83.23,-23.43],[-83.26,-23.53],[-83.31,-23.54],[-83.41,-23.47],[-83.39,-23.39],[-83.32,-23.34],[-83.28,-23.34],[-83.23,-23.43]],[[-82.61,-23.89],[-82.67,-23.8],[-82.61,-23.73],[-82.51,-23.79],[-82.48,-23.85],[-82.51,-23.9],[-82.61,-23.89]],[[-84.68,-24.1],[-84.79,-23.98],[-84.78,-23.92],[-84.7,-23.89],[-84.64,-23.92],[-84.6,-24.0],[-84.6,-24.07],[-84.68,-24.1]],[[-128.5,-24.25],[-128.54,-24.31],[-128.62,-24.31],[-128.71,-24.23],[-128.7,-24.15],[-128.57,-24.1],[-128.51,-24.16],[-128.5,-24.25]],[[-128.28,-24.25],[-128.19,-24.33],[-128.18,-24.41],[-128.22,-24.46],[-128.28,-24.48],[-128.4,-24.41],[-128.43,-24.34],[-128.4,-24.26],[-128.28,-24.25]],[[-130.68,-23.89],[-130.67,-23.95],[-130.71,-23.98],[-130.75,-23.98],[-130.81,-23.93],[-130.75,-23.86],[-130.68,-23.89]],[[-85.54,-24.66],[-85.5,-24.61],[-85.42,-24.6],[-85.37,-24.62],[-85.34,-24.69],[-85.38,-24.76],[-85.46,-24.79],[-85.54,-24.74],[-85.54,-24.66]],[[-82.55,-24.78],[-82.61,-24.71],[-82.6,-24.67],[-82.54,-24.61],[-82.45,-24.62],[-82.42,-24.66],[-82.43,-24.76],[-82.46,-24.79],[-82.55,-24.78]],[[-121.55,-24.8],[-121.66,-24.83],[-121.71,-24.8],[-121.72,-24.74],[-121.66,-24.68],[-121.59,-24.67],[-121.54,-24.72],[-121.55,-24.8]],[[-124.68,-24.68],[-124.68,-24.71],[-124.8,-24.74],[-124.86,-24.73],[-124.91,-24.67],[-124.81,-24.61],[-124.72,-24.62],[-124.68,-24.68]],[[-97.76,-24.99],[-97.8,-24.88],[-97.73,-24.82],[-97.65,-24.8],[-97.51,-24.94],[-97.28,-25.01],[-97.25,-25.12],[-97.32,-25.17],[-97.43,-25.16],[-97.63,-25.09],[-97.76,-24.99]],[[-88.7,-24.93],[-88.55,-24.86],[-88.34,-24.91],[-88.2,-24.91],[-88.1,-25.04],[-88.07,-25.15],[-88.12,-25.18],[-88.61,-25.06],[-88.69,-25.02],[-88.7,-24.93]],[[-82.13,-24.9],[-82.02,-24.9],[-81.95,-24.94],[-81.92,-25.1],[-82.08,-25.25],[-82.1,-25.32],[-82.3,-25.34],[-82.33,-25.28],[-82.32,-25.22],[-82.15,-25.01],[-82.16,-24.92],[-82.13,-24.9]],[[-81.92,-25.32],[-81.85,-25.28],[-81.75,-25.27],[-81.7,-25.32],[-81.7,-25.41],[-81.78,-25.5],[-81.89,-25.51],[-81.95,-25.44],[-81.92,-25.32]],[[-82.3,-25.48],[-82.28,-25.54],[-82.35,-25.67],[-82.44,-25.73],[-82.53,-25.72],[-82.56,-25.62],[-82.54,-25.54],[-82.3,-25.48]],[[-82.78,-25.56],[-82.73,-25.61],[-82.73,-25.66],[-82.82,-25.76],[-82.97,-25.82],[-83.08,-25.78],[-83.08,-25.66],[-82.95,-25.59],[-82.78,-25.56]],[[-83.22,-25.65],[-83.16,-25.73],[-83.19,-25.81],[-83.28,-25.85],[-83.37,-25.84],[-83.37,-25.71],[-83.3,-25.66],[-83.22,-25.65]],[[-83.83,-25.8],[-83.86,-25.89],[-83.92,-25.93],[-84.0,-25.9],[-84.04,-25.82],[-84.02,-25.74],[-83.9,-25.68],[-83.83,-25.73],[-83.83,-25.8]],[[-84.3,-25.81],[-84.22,-25.87],[-84.23,-25.94],[-84.3,-25.99],[-84.44,-25.98],[-84.47,-25.95],[-84.47,-25.85],[-84.4,-25.81],[-84.3,-25.81]],[[-100.94,-25.97],[-101.03,-25.81],[-101.0,-25.73],[-100.84,-25.72],[-100.63,-25.78],[-100.62,-25.71],[-100.49,-25.69],[-100.44,-25.72],[-100.48,-25.82],[-100.61,-25.82],[-100.56,-25.97],[-100.61,-26.06],[-100.75,-26.04],[-100.8,-25.94],[-100.94,-25.97]],[[-101.21,-25.98],[-101.19,-26.08],[-101.24,-26.14],[-101.39,-26.17],[-101.45,-26.14],[-101.47,-26.07],[-101.43,-26.02],[-101.28,-25.97],[-101.21,-25.98]],[[-91.75,-26.14],[-91.68,-26.08],[-91.63,-26.08],[-91.57,-26.14],[-91.57,-26.23],[-91.66,-26.28],[-91.71,-26.26],[-91.76,-26.2],[-91.75,-26.14]],[[-79.83,-26.22],[-79.75,-26.28],[-79.73,-26.36],[-79.75,-26.51],[-79.81,-26.56],[-79.99,-26.45],[-80.08,-26.45],[-80.2,-26.3],[-80.19,-26.22],[-80.14,-26.19],[-79.83,-26.22]],[[-105.16,-26.49],[-105.23,-26.53],[-105.39,-26.53],[-105.55,-26.46],[-105.58,-26.4],[-105.5,-26.32],[-105.22,-26.35],[-105.14,-26.4],[-105.16,-26.49]],[[-106.4,-26.33],[-106.42,-26.4],[-106.49,-26.43],[-106.58,-26.41],[-106.63,-26.35],[-106.58,-26.28],[-106.51,-26.26],[-106.44,-26.28],[-106.4,-26.33]],[[-101.83,-26.3],[-101.85,-26.22],[-101.81,-26.18],[-101.74,-26.16],[-101.68,-26.18],[-101.67,-26.29],[-101.7,-26.32],[-101.83,-26.3]],[[-102.33,-26.17],[-102.38,-26.21],[-102.47,-26.19],[-102.5,-26.05],[-102.46,-25.97],[-102.37,-25.97],[-102.31,-26.02],[-102.3,-26.1],[-102.33,-26.17]],[[-102.23,-26.07],[-102.28,-26.01],[-102.28,-25.94],[-102.16,-25.92],[-102.11,-25.98],[-102.12,-26.04],[-102.15,-26.07],[-102.23,-26.07]],[[-99.1,-25.7],[-99.15,-25.68],[-99.18,-25.61],[-99.14,-25.5],[-98.98,-25.43],[-98.85,-25.44],[-98.83,-25.54],[-98.88,-25.61],[-98.97,-25.67],[-99.1,-25.7]],[[-119.03,-25.44],[-119.13,-25.46],[-119.19,-25.38],[-119.14,-25.33],[-119.06,-25.31],[-119.02,-25.36],[-119.03,-25.44]],[[-99.36,-25.34],[-99.53,-25.22],[-99.85,-25.19],[-99.91,-25.14],[-99.9,-25.06],[-99.42,-25.03],[-99.36,-25.05],[-99.23,-25.29],[-99.24,-25.34],[-99.36,-25.34]],[[-100.73,-25.21],[-100.9,-25.27],[-101.0,-25.23],[-101.04,-25.18],[-100.98,-25.11],[-100.86,-25.09],[-100.72,-25.13],[-100.73,-25.21]],[[-129.99,-25.11],[-130.02,-25.16],[-130.11,-25.16],[-130.18,-25.11],[-130.19,-25.06],[-130.15,-25.01],[-130.07,-24.99],[-130.0,-25.05],[-129.99,-25.11]],[[-98.31,-25.0],[-98.26,-24.91],[-98.16,-24.89],[-98.12,-24.92],[-98.12,-24.98],[-98.21,-25.05],[-98.28,-25.06],[-98.31,-25.0]],[[-98.48,-25.18],[-98.56,-25.21],[-98.74,-25.19],[-98.88,-25.12],[-98.9,-25.06],[-98.82,-25.0],[-98.55,-25.03],[-98.46,-25.09],[-98.48,-25.18]],[[-90.11,-25.19],[-90.28,-25.23],[-90.43,-25.2],[-90.47,-25.14],[-90.41,-25.05],[-90.2,-25.05],[-90.11,-25.09],[-90.11,-25.19]],[[-90.99,-25.09],[-91.02,-25.12],[-91.13,-25.13],[-91.22,-25.07],[-91.23,-25.03],[-91.17,-24.96],[-91.07,-24.95],[-90.99,-25.0],[-90.99,-25.09]],[[-100.02,-25.02],[-99.96,-25.08],[-99.97,-25.12],[-100.06,-25.18],[-100.19,-25.2],[-100.27,-25.13],[-100.27,-25.06],[-100.02,-25.02]],[[-85.14,-25.38],[-85.2,-25.32],[-85.19,-25.29],[-85.07,-25.23],[-85.04,-25.26],[-85.04,-25.35],[-85.06,-25.38],[-85.14,-25.38]],[[-84.16,-25.38],[-84.12,-25.42],[-84.15,-25.5],[-84.22,-25.55],[-84.26,-25.54],[-84.29,-25.42],[-84.16,-25.38]],[[-85.29,-25.47],[-85.24,-25.54],[-85.27,-25.78],[-85.42,-25.8],[-85.58,-25.72],[-85.61,-25.61],[-85.58,-25.54],[-85.37,-25.46],[-85.29,-25.47]],[[-83.71,-25.66],[-83.54,-25.63],[-83.48,-25.71],[-83.54,-25.78],[-83.66,-25.77],[-83.72,-25.71],[-83.71,-25.66]],[[-84.76,-25.8],[-84.63,-25.72],[-84.55,-25.75],[-84.53,-25.8],[-84.54,-25.86],[-84.62,-25.9],[-84.73,-25.87],[-84.76,-25.8]],[[-90.9,-25.91],[-91.05,-25.88],[-91.06,-25.78],[-90.95,-25.73],[-90.86,-25.75],[-90.83,-25.83],[-90.9,-25.91]],[[-95.42,-25.91],[-95.66,-25.9],[-95.64,-25.75],[-95.47,-25.68],[-95.3,-25.71],[-95.26,-25.76],[-95.28,-25.85],[-95.42,-25.91]],[[-94.56,-25.75],[-94.65,-25.72],[-94.7,-25.66],[-94.64,-25.58],[-94.53,-25.56],[-94.48,-25.6],[-94.48,-25.74],[-94.56,-25.75]],[[-89.74,-25.58],[-89.73,-25.54],[-89.66,-25.51],[-89.6,-25.52],[-89.58,-25.56],[-89.64,-25.63],[-89.74,-25.58]],[[-89.23,-25.62],[-89.36,-25.57],[-89.38,-25.5],[-89.34,-25.47],[-89.16,-25.42],[-88.97,-25.47],[-88.95,-25.52],[-89.0,-25.62],[-89.23,-25.62]],[[-87.28,-25.6],[-87.39,-25.51],[-87.42,-25.43],[-87.4,-25.38],[-87.22,-25.33],[-87.12,-25.41],[-87.1,-25.52],[-87.19,-25.61],[-87.28,-25.6]],[[-86.78,-25.71],[-86.72,-25.6],[-86.62,-25.56],[-86.52,-25.56],[-86.45,-25.67],[-86.45,-25.87],[-86.49,-25.9],[-86.74,-25.81],[-86.78,-25.71]],[[-86.22,-25.87],[-86.29,-25.83],[-86.32,-25.77],[-86.26,-25.7],[-86.14,-25.71],[-86.08,-25.76],[-86.07,-25.82],[-86.13,-25.87],[-86.22,-25.87]],[[-93.22,-25.74],[-93.39,-25.76],[-93.42,-25.73],[-93.42,-25.69],[-93.34,-25.62],[-93.26,-25.6],[-93.22,-25.63],[-93.2,-25.7],[-93.22,-25.74]],[[-100.78,-26.98],[-100.82,-26.91],[-100.8,-26.85],[-100.71,-26.76],[-100.67,-26.77],[-100.65,-26.92],[-100.72,-26.99],[-100.78,-26.98]],[[-102.19,-26.92],[-102.17,-26.86],[-102.06,-26.82],[-101.98,-26.87],[-101.96,-26.96],[-101.98,-27.0],[-102.06,-27.03],[-102.13,-27.0],[-102.19,-26.92]],[[-102.92,-26.94],[-102.9,-27.02],[-102.94,-27.1],[-102.98,-27.11],[-103.05,-27.08],[-103.04,-26.98],[-102.96,-26.93],[-102.92,-26.94]],[[-106.35,-27.01],[-106.3,-27.07],[-106.33,-27.15],[-106.46,-27.2],[-106.54,-27.17],[-106.55,-27.11],[-106.53,-27.07],[-106.35,-27.01]],[[-109.49,-27.29],[-109.53,-27.27],[-109.54,-27.2],[-109.44,-27.0],[-109.32,-26.98],[-109.15,-27.04],[-109.13,-27.13],[-109.18,-27.19],[-109.49,-27.29]],[[-103.92,-27.22],[-103.9,-27.34],[-103.95,-27.37],[-104.0,-27.36],[-104.03,-27.27],[-103.98,-27.21],[-103.92,-27.22]],[[-110.19,-26.99],[-110.31,-26.96],[-110.32,-26.89],[-110.28,-26.86],[-110.2,-26.84],[-110.17,-26.87],[-110.17,-26.96],[-110.19,-26.99]],[[-99.03,-28.79],[-99.0,-28.86],[-99.03,-28.93],[-99.1,-28.94],[-99.15,-28.92],[-99.17,-28.85],[-99.14,-28.8],[-99.1,-28.77],[-99.03,-28.79]],[[-104.45,-29.4],[-104.41,-29.44],[-104.41,-29.53],[-104.43,-29.56],[-104.52,-29.55],[-104.58,-29.49],[-104.58,-29.46],[-104.45,-29.4]],[[-114.57,-30.56],[-114.53,-30.61],[-114.52,-30.69],[-114.55,-30.74],[-114.62,-30.75],[-114.68,-30.71],[-114.7,-30.64],[-114.65,-30.58],[-114.57,-30.56]],[[-124.04,-33.56],[-124.08,-33.48],[-124.07,-33.38],[-123.97,-33.31],[-123.89,-33.31],[-123.85,-33.38],[-123.86,-33.46],[-123.94,-33.56],[-124.04,-33.56]],[[-76.92,-33.38],[-76.82,-33.35],[-76.76,-33.43],[-76.82,-33.5],[-76.92,-33.5],[-76.96,-33.44],[-76.92,-33.38]],[[-77.59,-33.42],[-77.56,-33.48],[-77.62,-33.68],[-77.68,-33.71],[-77.8,-33.68],[-77.82,-33.61],[-77.72,-33.46],[-77.59,-33.42]],[[-78.28,-33.52],[-78.26,-33.55],[-78.29,-33.64],[-78.44,-33.79],[-78.53,-33.77],[-78.62,-33.82],[-78.77,-33.79],[-78.96,-33.84],[-79.1,-33.78],[-79.15,-33.7],[-79.14,-33.62],[-78.89,-33.45],[-78.82,-33.5],[-78.74,-33.5],[-78.65,-33.58],[-78.58,-33.53],[-78.28,-33.52]],[[-80.61,-33.85],[-80.69,-33.91],[-80.81,-33.91],[-80.88,-33.89],[-80.9,-33.79],[-81.0,-33.78],[-81.04,-33.74],[-80.98,-33.68],[-80.87,-33.72],[-80.79,-33.65],[-80.65,-33.63],[-80.6,-33.74],[-80.61,-33.85]],[[-124.84,-33.8],[-124.84,-33.86],[-124.9,-33.87],[-125.02,-33.8],[-125.06,-33.65],[-125.01,-33.57],[-124.82,-33.52],[-124.74,-33.55],[-124.75,-33.67],[-124.84,-33.8]],[[-121.48,-34.55],[-121.45,-34.59],[-121.43,-34.69],[-121.49,-34.78],[-121.57,-34.8],[-121.64,-34.73],[-121.68,-34.61],[-121.54,-34.54],[-121.48,-34.55]],[[-119.2,-34.96],[-119.24,-34.9],[-119.21,-34.85],[-119.14,-34.82],[-119.07,-34.84],[-119.06,-34.94],[-119.2,-34.96]],[[-126.12,-34.97],[-126.02,-34.92],[-125.9,-34.91],[-125.93,-35.14],[-126.04,-35.16],[-126.14,-35.12],[-126.17,-35.05],[-126.12,-34.97]],[[-117.21,-35.29],[-117.18,-35.32],[-117.17,-35.41],[-117.24,-35.44],[-117.31,-35.41],[-117.33,-35.34],[-117.21,-35.29]],[[-117.39,-35.69],[-117.43,-35.73],[-117.5,-35.72],[-117.55,-35.67],[-117.55,-35.61],[-117.47,-35.55],[-117.42,-35.59],[-117.39,-35.69]],[[-115.62,-35.83],[-115.64,-35.76],[-115.53,-35.68],[-115.47,-35.7],[-115.44,-35.78],[-115.46,-35.82],[-115.62,-35.83]],[[-116.03,-36.0],[-116.14,-35.93],[-116.15,-35.83],[-116.09,-35.78],[-115.95,-35.77],[-115.88,-35.84],[-115.87,-35.95],[-115.91,-35.99],[-116.03,-36.0]],[[-125.11,-36.24],[-125.25,-36.23],[-125.37,-36.14],[-125.4,-36.01],[-125.35,-35.95],[-125.26,-35.94],[-125.1,-36.04],[-125.05,-36.14],[-125.11,-36.24]],[[-115.11,-36.22],[-115.18,-36.18],[-115.2,-36.11],[-115.1,-36.04],[-115.03,-36.08],[-114.99,-36.19],[-115.04,-36.23],[-115.11,-36.22]],[[-113.98,-36.19],[-113.93,-36.28],[-114.01,-36.35],[-114.18,-36.34],[-114.23,-36.28],[-114.21,-36.21],[-113.98,-36.19]],[[-115.04,-36.38],[-115.02,-36.49],[-115.09,-36.54],[-115.13,-36.53],[-115.16,-36.46],[-115.15,-36.38],[-115.04,-36.38]],[[-113.32,-36.86],[-113.4,-36.81],[-113.41,-36.77],[-113.35,-36.7],[-113.23,-36.7],[-113.19,-36.74],[-113.19,-36.82],[-113.22,-36.86],[-113.32,-36.86]],[[-114.01,-36.99],[-114.05,-36.96],[-114.06,-36.88],[-113.97,-36.83],[-113.92,-36.87],[-113.91,-36.93],[-113.95,-36.98],[-114.01,-36.99]],[[-122.5,-37.05],[-122.5,-37.18],[-122.6,-37.2],[-122.83,-37.14],[-122.9,-37.05],[-122.83,-36.99],[-122.69,-37.06],[-122.5,-37.05]],[[-114.53,-37.29],[-114.47,-37.35],[-114.49,-37.41],[-114.7,-37.43],[-114.74,-37.4],[-114.7,-37.31],[-114.53,-37.29]],[[-98.34,-41.32],[-98.34,-41.39],[-98.46,-41.43],[-98.56,-41.41],[-98.59,-41.35],[-98.59,-41.32],[-98.47,-41.27],[-98.39,-41.27],[-98.34,-41.32]],[[-97.68,-43.22],[-97.66,-43.1],[-97.58,-43.07],[-97.51,-43.08],[-97.54,-43.16],[-97.68,-43.22]],[[-97.97,-43.24],[-98.01,-43.32],[-98.09,-43.32],[-98.12,-43.27],[-98.11,-43.18],[-98.0,-43.17],[-97.97,-43.24]],[[-97.29,-43.72],[-97.21,-43.81],[-97.25,-43.89],[-97.32,-43.88],[-97.39,-43.81],[-97.37,-43.72],[-97.29,-43.72]],[[-120.4,-45.18],[-120.53,-45.21],[-120.59,-45.17],[-120.6,-45.11],[-120.54,-45.06],[-120.45,-45.06],[-120.39,-45.11],[-120.4,-45.18]],[[-96.62,-45.34],[-96.71,-45.35],[-96.79,-45.31],[-96.82,-45.23],[-96.79,-45.19],[-96.71,-45.15],[-96.65,-45.18],[-96.6,-45.28],[-96.62,-45.34]],[[-93.66,-45.35],[-93.6,-45.42],[-93.62,-45.5],[-93.72,-45.54],[-93.84,-45.5],[-93.87,-45.43],[-93.82,-45.36],[-93.76,-45.33],[-93.66,-45.35]],[[-83.78,-45.98],[-83.68,-46.06],[-83.72,-46.14],[-83.94,-46.15],[-84.04,-46.1],[-84.04,-46.05],[-83.95,-45.98],[-83.78,-45.98]],[[-75.99,-47.65],[-75.95,-47.71],[-76.01,-47.81],[-76.01,-47.93],[-76.13,-48.02],[-76.14,-48.13],[-76.26,-48.15],[-76.29,-48.02],[-76.2,-47.9],[-76.2,-47.81],[-76.1,-47.76],[-76.09,-47.67],[-75.99,-47.65]],[[-76.15,-48.73],[-76.09,-48.81],[-76.1,-48.86],[-76.16,-48.88],[-76.26,-48.84],[-76.27,-48.78],[-76.25,-48.74],[-76.15,-48.73]],[[-66.87,-57.44],[-67.04,-57.27],[-66.98,-57.18],[-66.88,-57.17],[-66.77,-57.24],[-66.78,-57.42],[-66.87,-57.44]],[[-68.7,-59.6],[-68.64,-59.64],[-68.64,-59.69],[-68.75,-59.77],[-68.93,-59.78],[-69.03,-59.71],[-69.01,-59.63],[-68.7,-59.6]],[[-73.37,-60.09],[-73.47,-60.04],[-73.46,-59.93],[-73.23,-59.9],[-73.17,-59.93],[-73.14,-59.99],[-73.18,-60.04],[-73.37,-60.09]],[[-93.04,-65.23],[-93.2,-65.15],[-93.22,-65.06],[-93.19,-64.99],[-93.0,-64.94],[-92.77,-64.98],[-92.71,-65.02],[-92.7,-65.1],[-92.75,-65.17],[-92.83,-65.21],[-93.04,-65.23]],[[-90.39,-65.22],[-90.22,-65.26],[-90.18,-65.31],[-90.26,-65.45],[-90.26,-65.62],[-90.32,-65.67],[-90.47,-65.74],[-90.64,-65.75],[-90.78,-65.72],[-90.82,-65.63],[-90.72,-65.47],[-90.71,-65.29],[-90.58,-65.24],[-90.39,-65.22]],[[-121.97,-68.12],[-122.17,-68.0],[-122.19,-67.95],[-122.16,-67.9],[-122.11,-67.87],[-121.96,-67.87],[-121.78,-67.98],[-121.78,-68.09],[-121.82,-68.12],[-121.97,-68.12]],[[-90.77,-68.98],[-90.94,-68.86],[-90.96,-68.78],[-90.92,-68.68],[-90.49,-68.56],[-90.43,-68.64],[-90.26,-68.69],[-90.19,-68.76],[-90.23,-68.87],[-90.35,-68.95],[-90.51,-69.0],[-90.77,-68.98]],[[-121.3,-69.48],[-121.44,-69.45],[-121.61,-69.35],[-121.67,-69.25],[-121.67,-69.15],[-121.57,-69.09],[-121.41,-69.08],[-120.76,-69.33],[-120.7,-69.41],[-120.74,-69.47],[-121.3,-69.48]],[[-119.54,-69.46],[-119.62,-69.33],[-119.63,-69.14],[-119.51,-69.09],[-119.35,-69.11],[-119.3,-69.18],[-119.3,-69.24],[-119.35,-69.29],[-119.29,-69.44],[-119.36,-69.51],[-119.43,-69.52],[-119.54,-69.46]],[[-120.43,-69.52],[-120.37,-69.59],[-120.41,-69.65],[-120.49,-69.68],[-120.6,-69.67],[-120.59,-69.56],[-120.43,-69.52]],[[-126.21,-69.86],[-126.34,-69.82],[-126.38,-69.77],[-126.36,-69.73],[-126.25,-69.71],[-126.09,-69.76],[-126.1,-69.84],[-126.21,-69.86]]],[[[-80.75,-0.0],[-80.69,0.05],[-80.69,0.12],[-80.64,0.17],[-80.64,0.38],[-80.46,0.45],[-80.44,0.63],[-80.3,0.79],[-80.33,0.94],[-79.84,1.53],[-79.7,1.54],[-79.69,1.62],[-79.71,1.82],[-79.66,1.97],[-79.37,2.14],[-79.32,2.31],[-79.27,2.35],[-79.17,2.29],[-79.08,2.31],[-79.03,2.4],[-78.94,2.46],[-79.01,2.47],[-79.06,2.53],[-79.08,2.64],[-79.05,2.72],[-78.86,2.93],[-78.74,2.98],[-78.58,3.22],[-78.45,3.23],[-78.31,3.12],[-78.12,3.29],[-78.1,3.5],[-77.89,3.62],[-77.76,3.91],[-77.71,4.42],[-77.59,4.61],[-77.54,4.9],[-77.66,5.21],[-77.61,5.34],[-77.62,5.63],[-77.49,5.81],[-77.47,5.9],[-77.6,6.26],[-77.68,6.36],[-77.75,6.61],[-77.83,6.72],[-77.83,6.98],[-78.02,7.22],[-78.1,7.25],[-78.14,7.32],[-78.33,7.38],[-78.59,7.53],[-78.94,7.54],[-79.46,7.42],[-79.63,7.27],[-79.82,7.27],[-80.12,7.13],[-81.33,7.12],[-81.37,7.09],[-81.34,6.91],[-81.72,6.94],[-81.81,7.02],[-81.91,7.25],[-82.1,7.37],[-82.26,7.37],[-82.34,7.41],[-82.46,7.68],[-82.7,7.94],[-82.87,7.89],[-83.03,7.94],[-83.14,8.09],[-83.16,8.24],[-83.2,8.29],[-83.43,8.29],[-83.59,8.35],[-83.74,8.34],[-83.95,8.42],[-84.27,8.73],[-84.31,8.93],[-84.38,8.98],[-84.41,9.07],[-84.65,9.14],[-84.85,9.13],[-84.88,9.18],[-84.83,9.36],[-84.86,9.4],[-85.13,9.41],[-85.16,9.28],[-85.29,9.25],[-85.48,9.64],[-85.72,9.66],[-85.8,9.79],[-85.94,9.91],[-86.03,10.07],[-86.26,10.27],[-86.28,10.42],[-86.38,10.48],[-86.72,10.79],[-86.76,10.9],[-87.12,11.18],[-87.22,11.33],[-87.41,11.42],[-87.46,11.59],[-87.58,11.69],[-87.65,11.83],[-88.17,12.12],[-88.42,12.36],[-88.61,12.33],[-89.1,12.49],[-89.2,12.54],[-89.3,12.65],[-89.54,12.77],[-89.81,12.82],[-89.95,12.93],[-90.26,12.89],[-90.43,13.04],[-90.65,13.1],[-90.68,13.16],[-90.7,13.34],[-90.78,13.21],[-90.86,13.18],[-91.2,13.25],[-91.84,13.61],[-91.93,13.63],[-92.15,13.73],[-92.21,13.8],[-92.39,13.84],[-92.68,13.99],[-92.71,14.09],[-92.86,14.16],[-92.9,14.28],[-93.02,14.26],[-93.24,14.28],[-93.38,14.38],[-93.43,14.46],[-93.62,14.47],[-93.82,14.57],[-93.89,14.71],[-94.08,14.78],[-94.26,14.92],[-94.36,14.93],[-94.44,15.02],[-94.58,15.07],[-94.73,15.23],[-94.97,15.19],[-94.99,15.27],[-94.97,15.38],[-95.14,15.59],[-95.62,15.58],[-95.77,15.62],[-96.36,15.58],[-96.64,15.6],[-96.89,15.55],[-97.06,15.7],[-97.27,15.76],[-97.46,15.74],[-97.78,15.85],[-98.1,15.85],[-98.16,15.88],[-98.28,16.01],[-98.52,16.01],[-98.78,16.08],[-98.86,16.18],[-99.0,16.2],[-99.02,16.34],[-99.17,16.39],[-99.34,16.37],[-99.5,16.46],[-99.72,16.49],[-99.79,16.46],[-99.89,16.58],[-99.96,16.58],[-100.08,16.75],[-100.22,16.73],[-100.32,16.78],[-100.63,16.76],[-100.66,16.81],[-100.51,16.9],[-100.6,16.97],[-100.73,16.97],[-100.86,17.06],[-101.21,17.16],[-101.52,17.42],[-101.74,17.4],[-101.78,17.59],[-101.97,17.75],[-102.15,17.64],[-102.74,17.76],[-102.84,17.88],[-103.03,17.95],[-103.2,18.07],[-103.32,18.1],[-103.39,18.17],[-103.58,18.26],[-103.7,18.43],[-103.9,18.46],[-103.94,18.58],[-104.2,18.77],[-104.62,18.91],[-104.74,19.01],[-104.92,18.99],[-105.14,19.18],[-105.2,19.38],[-105.41,19.54],[-105.6,19.54],[-105.72,19.78],[-105.79,19.99],[-105.77,20.09],[-105.82,20.14],[-105.84,20.23],[-105.82,20.42],[-105.71,20.57],[-106.01,20.66],[-106.03,20.78],[-106.16,20.89],[-106.2,21.12],[-106.36,21.34],[-106.56,21.41],[-106.84,21.77],[-106.82,21.88],[-106.65,21.88],[-106.58,21.94],[-106.6,22.19],[-106.78,22.22],[-106.82,22.25],[-106.81,22.31],[-106.66,22.51],[-106.75,22.73],[-106.74,22.86],[-106.77,22.95],[-107.07,23.19],[-107.16,23.21],[-107.18,23.19],[-107.14,23.14],[-107.15,23.01],[-107.21,22.97],[-107.38,22.94],[-107.45,22.87],[-107.46,22.71],[-107.54,22.7],[-107.59,22.74],[-107.64,22.89],[-107.5,23.04],[-107.5,23.06],[-107.55,23.12],[-107.54,23.18],[-107.38,23.37],[-107.51,23.45],[-107.54,23.6],[-107.71,23.74],[-107.88,23.71],[-108.0,23.81],[-108.05,23.74],[-108.17,23.74],[-108.38,23.83],[-108.48,24.05],[-108.34,24.4],[-108.34,24.5],[-108.39,24.58],[-108.58,24.7],[-108.87,24.68],[-108.96,24.71],[-108.99,24.96],[-109.08,25.06],[-109.15,25.22],[-109.34,25.3],[-109.5,25.5],[-109.63,25.52],[-109.71,25.59],[-109.75,25.66],[-109.75,25.8],[-109.94,25.97],[-110.2,26.43],[-110.23,26.54],[-110.23,26.71],[-110.38,26.81],[-110.4,26.93],[-110.59,27.14],[-110.76,27.24],[-110.78,27.35],[-110.87,27.54],[-111.01,27.6],[-111.29,27.58],[-111.5,27.72],[-111.74,27.74],[-111.98,27.89],[-112.31,28.01],[-112.3,27.91],[-112.34,27.81],[-112.17,27.71],[-112.01,27.53],[-111.85,27.58],[-111.76,27.51],[-111.75,27.44],[-111.83,27.39],[-111.94,27.39],[-112.01,27.45],[-112.02,27.36],[-111.79,27.24],[-111.76,27.15],[-111.58,26.95],[-111.48,26.93],[-111.24,26.76],[-111.22,26.69],[-111.1,26.57],[-111.07,26.47],[-110.87,26.31],[-110.8,26.16],[-110.81,26.04],[-110.61,25.79],[-110.62,25.61],[-110.54,25.42],[-110.59,25.22],[-110.45,25.18],[-110.38,25.06],[-110.21,25.01],[-110.06,24.86],[-109.88,24.84],[-109.82,24.67],[-109.71,24.61],[-109.7,24.5],[-109.59,24.49],[-109.42,24.34],[-109.45,24.13],[-109.61,24.12],[-109.56,23.86],[-109.39,23.71],[-109.3,23.47],[-109.28,23.29],[-109.3,23.09],[-109.4,22.84],[-109.7,22.75],[-109.85,22.82],[-109.97,22.78],[-110.09,22.85],[-110.22,22.78],[-110.39,22.77],[-110.45,22.85],[-110.36,23.05],[-110.4,23.11],[-110.45,23.06],[-110.5,23.06],[-110.59,22.94],[-110.64,22.92],[-110.68,23.01],[-110.59,23.14],[-110.85,23.08],[-110.89,23.1],[-110.93,23.21],[-111.01,23.29],[-111.12,23.3],[-111.41,23.24],[-111.67,23.34],[-112.3,23.96],[-112.42,24.12],[-112.56,24.17],[-112.66,24.26],[-112.63,24.44],[-112.65,24.5],[-112.84,24.64],[-112.9,24.72],[-112.85,24.91],[-112.92,25.1],[-113.11,25.25],[-113.22,25.38],[-113.48,25.47],[-113.62,25.69],[-113.61,25.74],[-113.52,25.81],[-113.54,25.88],[-113.88,26.26],[-113.9,26.4],[-114.0,26.5],[-114.07,26.64],[-114.36,26.94],[-114.58,27.02],[-114.77,27.22],[-114.94,27.24],[-115.08,27.41],[-115.06,27.48],[-115.09,27.55],[-115.32,27.62],[-115.47,27.73],[-115.65,27.92],[-115.71,28.02],[-115.7,28.13],[-115.77,28.22],[-115.78,28.39],[-115.68,28.51],[-115.75,28.58],[-115.78,28.67],[-115.72,28.77],[-115.53,28.88],[-115.46,28.99],[-115.76,29.48],[-116.0,29.58],[-116.21,29.98],[-116.16,30.14],[-116.28,30.34],[-116.23,30.41],[-116.24,30.46],[-116.29,30.51],[-116.38,30.44],[-116.46,30.47],[-116.57,30.77],[-116.54,30.89],[-116.68,31.17],[-116.74,31.21],[-116.88,31.23],[-116.92,31.39],[-116.89,31.57],[-116.98,31.73],[-117.02,31.9],[-117.17,32.06],[-117.22,32.23],[-117.41,32.42],[-117.6,32.78],[-117.76,32.92],[-117.53,32.48],[-117.54,32.41],[-117.59,32.39],[-117.64,32.4],[-117.72,32.54],[-118.01,32.55],[-118.1,32.66],[-118.16,32.67],[-118.22,32.75],[-118.27,32.73],[-118.3,32.62],[-118.34,32.59],[-118.55,32.65],[-118.61,32.62],[-118.52,32.49],[-118.27,32.47],[-118.17,32.41],[-118.06,32.42],[-117.98,32.37],[-117.97,32.24],[-118.15,32.16],[-118.13,32.04],[-118.15,31.99],[-118.21,31.97],[-118.28,32.03],[-118.3,32.28],[-118.35,32.31],[-118.51,32.3],[-118.58,32.47],[-118.78,32.47],[-118.88,32.57],[-118.92,32.52],[-118.83,32.46],[-118.79,32.36],[-118.85,32.28],[-118.92,32.26],[-119.5,32.45],[-119.57,32.54],[-119.54,32.35],[-119.61,32.26],[-119.68,32.25],[-119.73,32.35],[-119.66,32.48],[-119.8,32.62],[-119.91,32.67],[-120.12,32.64],[-120.31,32.78],[-120.43,33.02],[-120.46,33.26],[-120.39,33.3],[-120.36,33.53],[-120.31,33.58],[-120.36,33.73],[-120.62,34.0],[-120.87,34.01],[-120.91,34.13],[-121.01,34.18],[-120.96,34.4],[-120.99,34.45],[-121.42,34.61],[-121.49,34.68],[-121.69,34.72],[-121.7,34.8],[-121.56,34.94],[-121.68,35.27],[-121.66,35.39],[-121.58,35.45],[-121.8,35.57],[-121.85,35.64],[-121.8,35.92],[-121.85,36.07],[-121.92,36.14],[-122.22,36.22],[-122.3,36.31],[-122.3,36.37],[-122.1,36.56],[-122.06,36.72],[-122.23,36.7],[-122.4,36.89],[-122.69,36.94],[-122.78,37.01],[-122.91,37.03],[-123.13,37.16],[-123.19,37.44],[-123.14,37.57],[-123.17,37.62],[-123.48,37.87],[-123.79,38.57],[-124.15,39.02],[-124.21,39.35],[-124.15,39.62],[-124.31,39.93],[-124.42,39.99],[-124.66,40.01],[-124.96,40.22],[-124.97,40.34],[-124.95,40.38],[-124.69,40.41],[-124.73,40.56],[-124.73,40.82],[-124.81,41.03],[-124.78,41.09],[-124.57,41.19],[-124.56,41.23],[-124.63,41.45],[-124.7,41.45],[-124.83,41.38],[-124.92,41.39],[-124.97,41.62],[-125.01,41.67],[-124.99,41.81],[-125.07,41.95],[-125.04,42.01],[-124.93,42.09],[-124.94,42.29],[-124.87,42.43],[-125.01,42.84],[-124.99,43.22],[-125.11,43.44],[-125.1,43.48],[-124.99,43.5],[-125.05,43.68],[-124.98,43.81],[-125.06,43.97],[-125.04,44.11],[-125.11,44.38],[-125.05,44.58],[-125.16,44.55],[-125.19,44.64],[-125.17,44.74],[-125.04,44.81],[-125.06,45.05],[-124.94,45.29],[-124.94,45.41],[-124.85,45.6],[-124.9,45.7],[-124.9,45.82],[-124.97,45.87],[-124.99,46.03],[-124.94,46.15],[-124.99,46.2],[-124.99,46.34],[-124.91,46.4],[-124.72,46.43],[-124.79,46.47],[-124.82,46.54],[-124.97,46.56],[-125.02,46.66],[-125.22,46.7],[-125.26,46.77],[-125.23,46.94],[-125.06,47.06],[-125.08,47.13],[-125.18,47.24],[-125.18,47.3],[-124.95,47.39],[-125.05,47.43],[-125.22,47.35],[-125.33,47.52],[-125.46,47.54],[-125.47,47.62],[-125.38,47.71],[-125.56,47.75],[-125.69,47.83],[-125.81,48.0],[-125.89,48.04],[-125.96,48.14],[-126.34,48.43],[-126.43,48.62],[-126.65,48.74],[-126.77,48.86],[-126.96,48.91],[-127.42,49.47],[-127.73,49.54],[-127.8,49.73],[-127.92,49.78],[-128.22,50.01],[-128.23,50.21],[-128.38,50.21],[-128.63,50.48],[-129.01,50.65],[-129.29,50.66],[-129.49,50.8],[-129.7,50.86],[-129.84,51.01],[-129.89,51.12],[-130.08,51.1],[-130.16,51.14],[-130.32,51.38],[-130.34,51.5],[-130.51,51.53],[-130.54,51.64],[-130.74,51.6],[-130.91,51.71],[-131.05,51.85],[-131.34,51.99],[-131.4,52.06],[-131.57,52.08],[-131.66,52.22],[-131.77,52.28],[-131.78,52.42],[-132.1,52.61],[-132.31,52.82],[-132.58,52.94],[-132.79,53.11],[-132.96,53.11],[-133.08,53.21],[-133.28,53.26],[-133.33,53.32],[-133.27,53.47],[-133.38,53.68],[-133.66,53.84],[-133.7,53.98],[-134.02,54.34],[-134.13,54.62],[-134.45,54.98],[-134.47,55.07],[-134.43,55.14],[-134.56,55.15],[-134.78,55.34],[-135.0,55.36],[-135.09,55.4],[-135.17,55.49],[-135.19,55.66],[-135.41,55.68],[-135.46,55.85],[-135.62,55.92],[-135.67,56.26],[-136.06,56.64],[-136.1,56.83],[-136.2,56.93],[-136.2,57.0],[-136.39,57.17],[-136.44,57.38],[-136.73,57.5],[-136.91,57.7],[-137.14,57.72],[-137.88,57.91],[-138.07,57.91],[-138.22,57.98],[-138.58,58.03],[-139.25,58.27],[-139.42,58.27],[-139.54,58.34],[-139.94,58.46],[-140.16,58.58],[-140.54,58.61],[-140.84,58.68],[-141.05,58.8],[-141.17,58.94],[-141.55,58.97],[-141.82,59.14],[-142.22,59.23],[-142.39,59.41],[-142.54,59.48],[-143.06,59.45],[-143.45,59.47],[-143.66,59.44],[-143.93,59.57],[-144.09,59.46],[-144.31,59.52],[-144.86,59.42],[-145.01,59.45],[-145.15,59.4],[-145.3,59.42],[-145.49,59.4],[-145.66,59.47],[-145.82,59.35],[-145.98,59.32],[-146.21,59.2],[-146.9,59.18],[-147.05,59.14],[-147.31,59.14],[-147.48,59.02],[-147.85,58.92],[-147.92,58.86],[-147.86,58.82],[-147.85,58.77],[-147.88,58.7],[-148.15,58.62],[-148.34,58.46],[-148.32,58.3],[-148.45,58.21],[-148.46,58.15],[-148.46,58.11],[-148.39,58.15],[-148.3,58.13],[-148.32,58.02],[-148.48,57.96],[-148.94,57.9],[-149.07,57.85],[-149.33,57.82],[-149.39,57.71],[-149.49,57.64],[-149.66,57.62],[-149.69,57.58],[-149.76,57.55],[-149.86,57.46],[-149.98,57.43],[-150.31,57.24],[-150.48,57.24],[-150.86,57.1],[-150.96,56.95],[-151.2,56.84],[-151.27,56.84],[-151.33,56.9],[-151.38,56.9],[-151.56,56.77],[-151.83,56.52],[-152.34,56.31],[-152.57,56.3],[-152.7,56.23],[-152.95,56.26],[-153.07,56.21],[-153.14,56.23],[-153.31,56.11],[-153.38,55.86],[-153.53,55.87],[-153.6,55.8],[-153.71,55.78],[-153.94,55.85],[-154.01,55.68],[-154.44,55.44],[-154.58,55.46],[-154.68,55.44],[-154.8,55.49],[-154.87,55.44],[-155.02,55.44],[-155.18,55.37],[-155.32,55.45],[-155.49,55.45],[-155.6,55.4],[-155.62,55.25],[-155.79,55.18],[-156.02,55.2],[-156.31,55.06],[-156.68,55.08],[-156.73,55.04],[-156.74,54.89],[-156.83,54.83],[-157.08,54.91],[-157.21,54.84],[-157.66,54.74],[-157.85,54.6],[-158.11,54.6],[-158.26,54.55],[-158.45,54.57],[-158.81,54.41],[-159.17,54.41],[-159.72,54.26],[-159.96,54.26],[-160.15,54.19],[-160.32,54.22],[-160.45,54.17],[-161.23,54.18],[-161.3,54.16],[-161.4,54.0],[-161.58,53.91],[-161.73,53.91],[-161.81,54.05],[-162.17,54.01],[-162.43,54.04],[-162.77,53.9],[-163.03,53.95],[-163.25,53.86],[-163.37,53.86],[-163.58,53.74],[-164.93,53.54],[-165.12,53.54],[-165.24,53.5],[-165.46,53.47],[-165.6,53.5],[-165.77,53.35],[-166.27,53.16],[-166.46,53.18],[-166.56,53.12],[-166.7,53.14],[-166.87,53.05],[-167.06,53.04],[-167.23,52.94],[-167.5,52.92],[-167.71,52.94],[-167.83,52.87],[-168.47,52.78],[-168.75,52.67],[-168.89,52.58],[-169.03,52.58],[-169.15,52.51],[-169.3,52.51],[-169.54,52.35],[-170.01,52.34],[-170.22,52.25],[-170.42,52.25],[-170.69,52.17],[-171.16,52.22],[-171.37,52.07],[-171.81,51.86],[-171.98,51.89],[-172.68,51.91],[-172.81,51.87],[-173.71,51.84],[-173.9,51.77],[-174.09,51.81],[-174.24,51.77],[-175.2,51.7],[-175.49,51.6],[-175.99,51.58],[-176.18,51.5],[-176.78,51.43],[-176.95,51.36],[-177.0,51.37],[-177.12,51.53],[-177.3,51.45],[-177.36,51.47],[-177.4,51.54],[-177.5,51.55],[-177.74,51.43],[-177.89,51.48],[-178.0,51.37],[-178.18,51.38],[-178.36,51.32],[-178.68,51.31],[-178.86,51.15],[-178.95,51.1],[-179.12,51.08],[-179.28,51.1],[-179.23,51.34],[-179.15,51.47],[-179.17,51.51],[-179.35,51.5],[-179.33,51.35],[-179.35,51.29],[-179.52,51.26],[-179.54,51.29],[-179.54,51.24],[-179.58,51.23],[-179.66,51.27],[-179.64,51.36],[-179.96,51.41],[-180.0,51.46],[-180.0,-0.0],[-91.65,-0.0],[-91.61,0.08],[-91.34,0.26],[-91.29,0.24],[-91.15,-0.0],[-90.39,-0.0],[-90.48,0.19],[-90.65,0.29],[-90.85,0.55],[-90.86,0.73],[-90.82,0.79],[-90.72,0.85],[-90.67,0.81],[-90.6,0.53],[-90.46,0.53],[-90.34,0.41],[-90.2,0.47],[-90.12,0.46],[-90.14,0.35],[-90.27,0.25],[-90.27,0.21],[-90.14,0.06],[-89.97,0.08],[-89.9,-0.0],[-80.75,-0.0]],[[-89.73,0.48],[-89.7,0.4],[-89.78,0.31],[-89.99,0.25],[-90.07,0.26],[-90.06,0.4],[-89.73,0.48]],[[-91.29,0.92],[-91.2,0.84],[-91.22,0.75],[-91.33,0.76],[-91.39,0.82],[-91.36,0.92],[-91.29,0.92]],[[-176.57,0.86],[-176.6,0.76],[-176.68,0.77],[-176.66,0.87],[-176.57,0.86]],[[-91.78,1.45],[-91.74,1.36],[-91.76,1.31],[-91.8,1.31],[-91.86,1.34],[-91.88,1.41],[-91.83,1.45],[-91.78,1.45]],[[-91.95,1.76],[-91.92,1.63],[-92.0,1.6],[-92.06,1.66],[-92.06,1.72],[-92.01,1.77],[-91.95,1.76]],[[-157.05,1.72],[-157.05,1.66],[-157.09,1.63],[-157.29,1.65],[-157.6,1.8],[-157.64,1.88],[-157.63,1.95],[-157.51,2.09],[-157.35,2.12],[-157.13,1.89],[-157.05,1.72]],[[-87.91,3.13],[-87.86,3.07],[-87.92,2.96],[-88.03,2.88],[-88.13,2.92],[-88.16,3.01],[-88.13,3.08],[-88.01,3.13],[-87.91,3.13]],[[-159.14,3.9],[-159.14,3.82],[-159.31,3.73],[-159.4,3.76],[-159.48,3.89],[-159.45,3.95],[-159.33,4.0],[-159.23,3.99],[-159.14,3.9]],[[-81.66,3.94],[-81.69,4.0],[-81.65,4.06],[-81.59,4.09],[-81.54,4.07],[-81.51,4.01],[-81.53,3.97],[-81.66,3.94]],[[-81.25,4.3],[-81.2,4.23],[-81.24,4.14],[-81.33,4.1],[-81.43,4.11],[-81.46,4.17],[-81.44,4.24],[-81.25,4.3]],[[-80.69,4.61],[-80.61,4.57],[-80.65,4.46],[-80.82,4.39],[-80.9,4.39],[-80.93,4.5],[-80.86,4.68],[-80.76,4.7],[-80.69,4.61]],[[-86.59,4.66],[-86.57,4.58],[-86.59,4.54],[-86.67,4.51],[-86.83,4.55],[-86.88,4.64],[-86.85,4.71],[-86.78,4.73],[-86.78,4.75],[-86.66,4.72],[-86.59,4.66]],[[-160.25,4.75],[-160.21,4.66],[-160.24,4.62],[-160.49,4.67],[-160.48,4.79],[-160.4,4.82],[-160.34,4.82],[-160.25,4.75]],[[-86.6,4.76],[-86.58,4.84],[-86.5,4.89],[-86.44,4.86],[-86.41,4.74],[-86.48,4.67],[-86.55,4.7],[-86.6,4.76]],[[-80.65,4.71],[-80.62,4.8],[-80.54,4.83],[-80.46,4.8],[-80.41,4.69],[-80.42,4.66],[-80.49,4.63],[-80.59,4.65],[-80.65,4.71]],[[-87.29,4.94],[-87.6,4.94],[-87.65,4.99],[-87.74,4.99],[-87.75,5.13],[-87.53,5.15],[-87.46,5.09],[-87.29,5.04],[-87.27,4.99],[-87.29,4.94]],[[-81.47,4.99],[-81.51,5.03],[-81.47,5.11],[-81.4,5.13],[-81.34,5.11],[-81.35,5.01],[-81.47,4.99]],[[-86.91,5.45],[-87.01,5.39],[-87.11,5.38],[-87.18,5.42],[-87.19,5.52],[-86.97,5.77],[-86.85,5.81],[-86.81,5.77],[-86.81,5.66],[-86.91,5.45]],[[-88.51,5.58],[-88.46,5.54],[-88.46,5.45],[-88.57,5.43],[-88.62,5.49],[-88.61,5.54],[-88.51,5.58]],[[-161.99,5.8],[-162.17,5.8],[-162.22,5.85],[-162.22,5.92],[-162.09,5.98],[-161.97,5.96],[-161.93,5.86],[-161.99,5.8]],[[-104.58,5.83],[-104.63,5.88],[-104.62,5.98],[-104.57,6.04],[-104.5,6.04],[-104.44,5.98],[-104.45,5.9],[-104.49,5.85],[-104.58,5.83]],[[-81.86,5.94],[-81.95,5.99],[-81.95,6.08],[-81.85,6.14],[-81.74,6.14],[-81.72,6.11],[-81.72,5.98],[-81.76,5.94],[-81.86,5.94]],[[-81.9,5.45],[-81.98,5.5],[-82.05,5.68],[-82.05,5.75],[-81.91,5.78],[-81.76,5.78],[-81.61,5.74],[-81.53,5.69],[-81.55,5.57],[-81.65,5.57],[-81.8,5.46],[-81.9,5.45]],[[-162.35,6.5],[-162.25,6.42],[-162.28,6.31],[-162.4,6.29],[-162.53,6.34],[-162.53,6.41],[-162.48,6.48],[-162.35,6.5]],[[-81.81,6.78],[-81.73,6.65],[-81.77,6.56],[-81.88,6.61],[-81.92,6.68],[-81.88,6.8],[-81.81,6.78]],[[-83.86,7.34],[-83.9,7.26],[-83.97,7.22],[-84.06,7.19],[-84.1,7.24],[-84.09,7.35],[-84.0,7.42],[-83.91,7.41],[-83.86,7.34]],[[-84.14,7.37],[-84.2,7.32],[-84.23,7.33],[-84.27,7.4],[-84.25,7.48],[-84.14,7.51],[-84.11,7.63],[-83.96,7.67],[-83.95,7.58],[-84.1,7.49],[-84.14,7.37]],[[-163.18,7.6],[-163.14,7.49],[-163.21,7.44],[-163.29,7.5],[-163.31,7.57],[-163.27,7.64],[-163.18,7.6]],[[-85.9,7.63],[-85.97,7.72],[-85.94,7.78],[-85.88,7.8],[-85.83,7.76],[-85.82,7.69],[-85.85,7.63],[-85.9,7.63]],[[-83.81,8.17],[-83.84,8.03],[-83.93,7.97],[-83.98,7.99],[-83.99,8.05],[-83.95,8.11],[-83.81,8.17]],[[-164.77,9.23],[-164.78,9.19],[-164.86,9.17],[-164.93,9.21],[-164.93,9.24],[-164.84,9.32],[-164.79,9.3],[-164.77,9.23]],[[-165.01,9.58],[-165.1,9.53],[-165.19,9.55],[-165.22,9.59],[-165.26,9.79],[-165.25,9.87],[-165.21,9.91],[-165.17,9.92],[-165.07,9.84],[-164.93,9.79],[-164.93,9.71],[-165.01,9.58]],[[-162.31,9.93],[-162.23,9.98],[-162.18,9.94],[-162.17,9.84],[-162.22,9.81],[-162.28,9.82],[-162.31,9.87],[-162.31,9.93]],[[-109.9,10.23],[-110.04,10.24],[-110.1,10.32],[-110.09,10.37],[-109.95,10.37],[-109.89,10.35],[-109.87,10.26],[-109.9,10.23]],[[-110.4,10.38],[-110.55,10.39],[-110.64,10.47],[-110.62,10.51],[-110.56,10.52],[-110.41,10.5],[-110.36,10.44],[-110.4,10.38]],[[-109.3,10.42],[-109.23,10.44],[-109.15,10.39],[-109.12,10.33],[-109.15,10.27],[-109.23,10.25],[-109.31,10.3],[-109.33,10.37],[-109.3,10.42]],[[-164.14,10.87],[-164.08,10.82],[-164.07,10.74],[-164.15,10.67],[-164.25,10.72],[-164.27,10.78],[-164.23,10.85],[-164.14,10.87]],[[-170.78,11.07],[-170.73,11.02],[-170.76,10.94],[-170.84,10.94],[-170.89,10.97],[-170.89,11.03],[-170.86,11.06],[-170.78,11.07]],[[-165.42,11.33],[-165.39,11.26],[-165.41,11.18],[-165.46,11.17],[-165.52,11.19],[-165.56,11.24],[-165.53,11.3],[-165.42,11.33]],[[-160.89,11.78],[-160.84,11.72],[-160.87,11.65],[-160.95,11.61],[-161.05,11.64],[-161.07,11.69],[-161.02,11.76],[-160.89,11.78]],[[-179.21,13.41],[-179.3,13.4],[-179.34,13.45],[-179.3,13.54],[-179.24,13.58],[-179.17,13.51],[-179.21,13.41]],[[-119.88,13.42],[-119.92,13.48],[-119.9,13.54],[-119.83,13.57],[-119.75,13.56],[-119.72,13.49],[-119.74,13.45],[-119.88,13.42]],[[-165.43,13.82],[-165.37,13.76],[-165.37,13.68],[-165.46,13.63],[-165.53,13.69],[-165.54,13.74],[-165.5,13.8],[-165.43,13.82]],[[-120.49,14.04],[-120.44,13.93],[-120.46,13.9],[-120.51,13.88],[-120.58,13.91],[-120.6,13.96],[-120.49,14.04]],[[-173.14,15.14],[-173.06,15.08],[-173.06,15.0],[-173.14,14.97],[-173.27,15.01],[-173.28,15.08],[-173.19,15.14],[-173.14,15.14]],[[-169.29,16.71],[-169.37,16.65],[-169.56,16.63],[-169.63,16.66],[-169.65,16.74],[-169.61,16.82],[-169.45,16.87],[-169.3,16.82],[-169.28,16.76],[-169.29,16.71]],[[-114.63,18.49],[-114.58,18.46],[-114.57,18.35],[-114.65,18.28],[-114.81,18.28],[-114.85,18.35],[-114.84,18.4],[-114.77,18.46],[-114.63,18.49]],[[-110.86,18.66],[-110.94,18.64],[-111.06,18.69],[-111.14,18.8],[-111.11,18.92],[-111.01,18.96],[-110.85,18.91],[-110.82,18.78],[-110.86,18.66]],[[-158.22,18.81],[-158.17,18.77],[-158.17,18.71],[-158.21,18.67],[-158.31,18.67],[-158.32,18.77],[-158.22,18.81]],[[-155.58,18.89],[-155.65,18.83],[-155.69,18.83],[-155.76,18.94],[-155.9,18.98],[-155.97,19.09],[-155.96,19.38],[-156.17,19.86],[-156.16,20.02],[-156.1,20.16],[-156.1,20.42],[-156.06,20.49],[-155.95,20.54],[-155.74,20.45],[-155.51,20.41],[-155.38,20.23],[-154.91,19.99],[-154.86,19.9],[-154.87,19.68],[-154.71,19.61],[-154.69,19.57],[-154.85,19.38],[-155.16,19.18],[-155.3,19.18],[-155.46,19.06],[-155.58,18.89]],[[-170.55,20.22],[-170.53,20.11],[-170.59,20.06],[-170.65,20.07],[-170.69,20.13],[-170.68,20.18],[-170.62,20.24],[-170.55,20.22]],[[-156.29,20.47],[-156.67,20.45],[-156.89,20.33],[-157.1,20.39],[-157.19,20.49],[-157.19,20.81],[-157.26,20.94],[-157.51,20.89],[-157.72,20.72],[-157.85,20.73],[-158.18,21.19],[-158.21,21.31],[-158.36,21.54],[-158.5,21.57],[-158.67,21.68],[-158.7,21.73],[-158.69,21.79],[-158.65,21.82],[-158.52,21.77],[-158.3,21.77],[-158.06,21.89],[-157.87,21.89],[-157.81,21.86],[-157.71,21.69],[-157.59,21.57],[-157.31,21.54],[-157.01,21.33],[-156.78,21.31],[-156.4,21.38],[-156.15,21.29],[-156.05,21.07],[-155.87,20.83],[-155.86,20.76],[-155.92,20.66],[-156.29,20.47]],[[-160.44,21.66],[-160.47,21.61],[-160.57,21.61],[-160.68,21.71],[-160.61,21.79],[-160.52,21.81],[-160.46,21.77],[-160.44,21.66]],[[-160.25,21.7],[-160.33,21.74],[-160.35,21.8],[-160.31,22.01],[-160.2,22.18],[-160.03,22.18],[-159.96,22.1],[-159.89,22.27],[-159.73,22.28],[-159.57,22.4],[-159.43,22.34],[-159.22,22.32],[-159.18,22.16],[-159.21,22.04],[-159.32,21.82],[-159.39,21.8],[-159.78,21.88],[-159.91,21.84],[-160.13,21.68],[-160.25,21.7]],[[-125.51,22.35],[-125.52,22.4],[-125.45,22.48],[-125.36,22.5],[-125.3,22.46],[-125.29,22.4],[-125.36,22.33],[-125.48,22.33],[-125.51,22.35]],[[-110.85,19.21],[-110.9,19.29],[-110.9,19.38],[-110.85,19.5],[-110.76,19.53],[-110.69,19.46],[-110.71,19.33],[-110.77,19.23],[-110.85,19.21]],[[-112.07,18.94],[-112.12,18.99],[-112.12,19.03],[-112.02,19.08],[-111.98,19.04],[-111.98,18.98],[-112.07,18.94]],[[-104.65,18.68],[-104.71,18.73],[-104.72,18.78],[-104.69,18.84],[-104.59,18.87],[-104.53,18.81],[-104.53,18.72],[-104.56,18.68],[-104.65,18.68]],[[-160.86,22.69],[-160.94,22.62],[-161.06,22.6],[-161.16,22.66],[-161.18,22.76],[-161.09,22.85],[-160.95,22.86],[-160.86,22.8],[-160.86,22.69]],[[-162.19,22.87],[-162.34,22.91],[-162.42,22.98],[-162.45,23.08],[-162.41,23.17],[-162.36,23.19],[-162.22,23.16],[-162.02,23.19],[-161.88,23.32],[-161.78,23.35],[-161.71,23.33],[-161.64,23.19],[-161.7,23.01],[-162.01,22.96],[-162.19,22.87]],[[-163.1,23.11],[-163.23,23.13],[-163.31,23.18],[-163.32,23.3],[-163.18,23.35],[-162.88,23.36],[-162.76,23.31],[-162.68,23.38],[-162.59,23.39],[-162.52,23.36],[-162.47,23.25],[-162.48,23.21],[-162.52,23.18],[-162.69,23.16],[-162.8,23.22],[-163.1,23.11]],[[-164.15,23.17],[-164.2,23.15],[-164.68,23.3],[-164.69,23.45],[-164.86,23.47],[-164.99,23.59],[-164.99,23.68],[-164.92,23.74],[-164.73,23.75],[-164.54,23.95],[-164.41,23.95],[-164.35,23.88],[-164.33,23.74],[-164.18,23.58],[-164.15,23.17]],[[-165.88,23.72],[-166.1,23.56],[-166.31,23.58],[-166.44,23.74],[-166.82,23.93],[-166.92,24.02],[-167.36,24.29],[-167.4,24.36],[-167.38,24.51],[-167.45,24.65],[-167.38,24.83],[-167.28,24.98],[-167.26,25.32],[-167.2,25.35],[-167.14,25.27],[-167.11,24.84],[-166.48,24.03],[-166.13,24.03],[-165.96,23.98],[-165.73,24.15],[-165.62,24.12],[-165.55,24.05],[-165.27,24.02],[-165.26,23.93],[-165.3,23.89],[-165.88,23.72]],[[-167.83,24.4],[-167.93,24.33],[-168.03,24.35],[-168.07,24.38],[-168.1,24.48],[-168.22,24.6],[-168.24,24.82],[-168.4,25.03],[-168.43,25.14],[-168.42,25.25],[-168.31,25.39],[-168.12,25.44],[-167.95,25.58],[-167.83,25.62],[-167.78,25.61],[-167.74,25.52],[-167.83,24.4]],[[-170.17,25.21],[-170.19,25.14],[-170.29,25.11],[-170.45,25.14],[-170.61,25.24],[-170.83,25.28],[-170.93,25.34],[-171.03,25.32],[-171.1,25.34],[-171.21,25.43],[-171.25,25.51],[-171.22,25.73],[-171.12,25.73],[-171.0,25.81],[-170.8,25.84],[-170.43,25.71],[-170.31,25.52],[-170.21,25.42],[-170.17,25.21]],[[-171.95,25.3],[-172.01,25.27],[-172.12,25.29],[-172.18,25.32],[-172.19,25.41],[-172.1,25.49],[-171.98,25.5],[-171.92,25.41],[-171.95,25.3]],[[-172.35,25.37],[-172.42,25.34],[-172.48,25.37],[-172.51,25.49],[-172.59,25.62],[-172.56,25.7],[-172.29,25.68],[-172.22,25.63],[-172.22,25.56],[-172.35,25.37]],[[-171.78,25.64],[-171.96,25.78],[-172.01,25.87],[-172.0,25.94],[-171.85,25.99],[-171.53,25.95],[-171.49,25.86],[-171.54,25.72],[-171.63,25.65],[-171.78,25.64]],[[-173.83,25.82],[-174.02,25.86],[-174.18,25.99],[-174.23,26.16],[-174.19,26.24],[-174.07,26.31],[-173.93,26.31],[-173.67,26.1],[-173.64,26.04],[-173.68,25.94],[-173.83,25.82]],[[-174.4,26.29],[-174.46,26.21],[-174.55,26.2],[-174.64,26.3],[-174.64,26.39],[-174.54,26.45],[-174.49,26.45],[-174.41,26.39],[-174.4,26.29]],[[-173.49,25.83],[-173.59,25.94],[-173.62,26.14],[-173.23,26.2],[-173.18,26.08],[-173.23,25.97],[-173.38,25.85],[-173.49,25.83]],[[-169.63,25.33],[-169.71,25.38],[-169.73,25.47],[-169.66,25.61],[-169.61,25.63],[-169.57,25.75],[-169.41,25.82],[-169.31,25.81],[-169.26,25.68],[-169.3,25.54],[-169.53,25.35],[-169.63,25.33]],[[-168.69,25.37],[-168.74,25.47],[-168.61,25.52],[-168.55,25.51],[-168.55,25.39],[-168.44,25.29],[-168.46,25.22],[-168.59,25.26],[-168.58,25.37],[-168.69,25.37]],[[-116.02,24.74],[-116.07,24.84],[-116.05,24.93],[-115.76,25.06],[-115.67,25.02],[-115.66,24.93],[-115.8,24.89],[-115.93,24.74],[-116.02,24.74]],[[-166.08,24.36],[-165.98,24.38],[-165.95,24.33],[-165.96,24.26],[-166.01,24.23],[-166.06,24.25],[-166.1,24.32],[-166.08,24.36]],[[-163.62,23.24],[-163.69,23.3],[-163.68,23.35],[-163.6,23.42],[-163.51,23.42],[-163.47,23.36],[-163.48,23.27],[-163.52,23.24],[-163.62,23.24]],[[-176.44,27.12],[-176.35,27.05],[-176.3,26.95],[-176.33,26.86],[-176.39,26.82],[-176.49,26.84],[-176.56,26.96],[-176.52,27.1],[-176.44,27.12]],[[-175.61,27.85],[-175.49,27.76],[-175.56,27.66],[-175.71,27.72],[-176.05,27.71],[-176.11,27.8],[-176.08,27.9],[-175.98,28.0],[-175.72,28.08],[-175.64,28.04],[-175.61,27.85]],[[-177.89,28.06],[-177.86,27.97],[-177.9,27.89],[-177.98,27.86],[-178.04,27.89],[-178.07,27.96],[-178.06,28.03],[-177.97,28.09],[-177.89,28.06]],[[-171.1,28.03],[-171.0,28.05],[-170.93,28.01],[-170.91,27.94],[-170.95,27.86],[-171.03,27.85],[-171.14,27.92],[-171.14,27.99],[-171.1,28.03]],[[-177.37,28.43],[-177.14,28.27],[-177.12,28.22],[-177.15,28.16],[-177.44,28.1],[-177.51,28.11],[-177.55,28.39],[-177.49,28.43],[-177.37,28.43]],[[-178.17,28.36],[-178.23,28.28],[-178.41,28.27],[-178.51,28.34],[-178.52,28.46],[-178.45,28.55],[-178.27,28.61],[-178.2,28.55],[-178.17,28.36]],[[-176.75,28.46],[-176.78,28.51],[-176.77,28.64],[-176.7,28.68],[-176.63,28.67],[-176.55,28.57],[-176.54,28.49],[-176.66,28.44],[-176.75,28.46]],[[-115.97,28.68],[-116.06,28.73],[-116.08,28.86],[-116.13,28.91],[-116.3,28.99],[-116.28,29.09],[-116.31,29.27],[-116.27,29.31],[-116.22,29.3],[-116.11,29.16],[-116.04,29.14],[-116.02,29.04],[-115.9,28.94],[-115.9,28.89],[-115.94,28.8],[-115.9,28.7],[-115.97,28.68]],[[-178.81,28.79],[-178.88,28.78],[-178.92,28.8],[-178.92,28.9],[-178.87,28.93],[-178.8,28.92],[-178.77,28.86],[-178.81,28.79]],[[-179.51,28.9],[-179.57,28.84],[-179.62,28.85],[-179.64,28.9],[-179.63,28.97],[-179.53,29.03],[-179.51,28.9]],[[-118.48,29.15],[-118.46,29.22],[-118.41,29.25],[-118.27,29.31],[-118.22,29.3],[-118.15,29.09],[-118.15,28.91],[-118.2,28.8],[-118.31,28.8],[-118.35,28.83],[-118.48,29.15]],[[-178.58,29.01],[-178.54,28.96],[-178.53,28.9],[-178.56,28.85],[-178.62,28.84],[-178.68,28.88],[-178.7,28.93],[-178.66,28.99],[-178.58,29.01]],[[-174.0,29.26],[-173.92,29.23],[-173.88,29.17],[-173.93,29.09],[-174.0,29.06],[-174.09,29.11],[-174.1,29.23],[-174.0,29.26]],[[-116.47,29.71],[-116.38,29.59],[-116.44,29.39],[-116.46,29.37],[-116.71,29.45],[-116.77,29.53],[-116.89,29.56],[-116.91,29.62],[-116.9,29.69],[-116.83,29.75],[-116.66,29.69],[-116.47,29.71]],[[-173.98,29.74],[-174.04,29.76],[-174.07,29.82],[-174.05,29.93],[-173.98,29.97],[-173.92,29.92],[-173.91,29.83],[-173.94,29.75],[-173.98,29.74]],[[-116.46,30.3],[-116.4,30.16],[-116.42,30.11],[-116.51,30.13],[-116.57,30.2],[-116.56,30.27],[-116.46,30.3]],[[-118.52,31.21],[-118.73,31.25],[-118.82,31.34],[-118.92,31.29],[-119.03,31.29],[-119.2,31.44],[-119.22,31.51],[-119.16,31.55],[-119.02,31.56],[-118.93,31.5],[-118.9,31.42],[-118.81,31.53],[-118.72,31.56],[-118.54,31.44],[-118.27,31.37],[-118.26,31.31],[-118.32,31.23],[-118.52,31.21]],[[-117.57,31.57],[-117.53,31.65],[-117.41,31.71],[-117.12,31.68],[-117.07,31.65],[-117.07,31.54],[-117.13,31.51],[-117.43,31.54],[-117.52,31.51],[-117.57,31.57]],[[-117.99,31.5],[-118.0,31.41],[-118.06,31.39],[-118.11,31.43],[-118.1,31.51],[-118.05,31.56],[-117.99,31.5]],[[-117.8,31.93],[-117.78,31.81],[-117.84,31.74],[-117.89,31.75],[-117.92,31.81],[-117.91,31.87],[-117.8,31.93]],[[-118.68,31.87],[-118.75,31.84],[-118.87,31.92],[-119.0,31.91],[-119.02,31.99],[-118.99,32.03],[-118.75,32.04],[-118.68,31.93],[-118.68,31.87]],[[-118.58,31.92],[-118.68,32.07],[-118.63,32.19],[-118.53,32.22],[-118.36,32.2],[-118.3,32.08],[-118.33,31.91],[-118.37,31.89],[-118.46,31.94],[-118.58,31.92]],[[-127.73,32.54],[-127.65,32.48],[-127.66,32.4],[-127.73,32.37],[-127.86,32.41],[-127.87,32.48],[-127.79,32.54],[-127.73,32.54]],[[-175.01,32.52],[-175.1,32.45],[-175.16,32.47],[-175.24,32.66],[-175.2,32.76],[-175.14,32.78],[-175.04,32.72],[-175.01,32.52]],[[-132.46,32.94],[-132.43,32.87],[-132.46,32.83],[-132.58,32.85],[-132.55,32.93],[-132.46,32.94]],[[-130.42,46.22],[-130.36,46.15],[-130.36,46.09],[-130.45,45.96],[-130.51,46.02],[-130.51,46.17],[-130.42,46.22]],[[-131.25,46.66],[-131.31,46.62],[-131.38,46.64],[-131.42,46.69],[-131.42,46.75],[-131.35,46.81],[-131.28,46.8],[-131.23,46.73],[-131.25,46.66]],[[-130.79,46.68],[-130.88,46.73],[-130.89,46.8],[-130.81,46.87],[-130.68,46.85],[-130.64,46.79],[-130.66,46.7],[-130.79,46.68]],[[-132.76,48.15],[-132.66,48.07],[-132.67,48.0],[-132.76,47.99],[-132.87,48.04],[-132.84,48.15],[-132.76,48.15]],[[-144.37,50.85],[-144.38,50.81],[-144.47,50.78],[-144.55,50.82],[-144.56,50.85],[-144.46,50.93],[-144.39,50.91],[-144.37,50.85]],[[-143.29,50.85],[-143.36,50.94],[-143.33,51.0],[-143.27,51.02],[-143.21,50.91],[-143.23,50.86],[-143.29,50.85]],[[-135.61,53.4],[-135.53,53.33],[-135.59,53.26],[-135.76,53.23],[-135.83,53.28],[-135.83,53.33],[-135.78,53.37],[-135.61,53.4]],[[-136.91,54.61],[-136.88,54.56],[-136.92,54.48],[-137.03,54.47],[-137.08,54.52],[-137.06,54.6],[-136.91,54.61]],[[-150.31,54.56],[-150.48,54.5],[-150.52,54.52],[-150.55,54.6],[-150.46,54.72],[-150.33,54.74],[-150.29,54.72],[-150.26,54.65],[-150.31,54.56]],[[-140.23,55.1],[-140.27,55.06],[-140.38,55.07],[-140.45,55.14],[-140.44,55.18],[-140.28,55.24],[-140.24,55.21],[-140.23,55.1]],[[-141.68,55.87],[-141.73,55.78],[-141.85,55.74],[-141.99,55.78],[-142.03,55.85],[-141.98,55.92],[-141.86,55.95],[-141.72,55.94],[-141.68,55.87]],[[-144.19,56.17],[-144.16,56.09],[-144.25,56.01],[-144.38,55.99],[-144.48,56.03],[-144.47,56.1],[-144.42,56.14],[-144.25,56.19],[-144.19,56.17]],[[-142.66,56.17],[-142.75,56.23],[-142.74,56.31],[-142.59,56.36],[-142.45,56.31],[-142.45,56.24],[-142.49,56.21],[-142.66,56.17]],[[-145.1,56.35],[-145.11,56.28],[-145.2,56.22],[-145.36,56.28],[-145.36,56.32],[-145.26,56.41],[-145.16,56.41],[-145.1,56.35]],[[-146.31,56.41],[-146.42,56.41],[-146.47,56.45],[-146.47,56.51],[-146.38,56.57],[-146.29,56.57],[-146.26,56.47],[-146.31,56.41]],[[-176.52,0.16],[-176.51,0.25],[-176.44,0.27],[-176.41,0.17],[-176.44,0.15],[-176.52,0.16]]],[[[-37.83,-16.13],[-37.78,-16.34],[-38.11,-16.37],[-38.35,-16.44],[-38.4,-16.58],[-38.54,-16.61],[-38.59,-16.82],[-38.54,-17.06],[-38.33,-17.33],[-38.28,-17.33],[-38.24,-17.38],[-38.09,-17.41],[-37.97,-17.52],[-37.8,-17.52],[-37.66,-17.62],[-37.46,-17.59],[-37.2,-17.81],[-37.18,-17.94],[-37.2,-18.09],[-37.26,-18.14],[-37.54,-18.24],[-37.65,-18.33],[-37.74,-18.5],[-37.8,-18.7],[-37.79,-19.04],[-37.84,-19.26],[-37.94,-19.42],[-37.78,-19.66],[-37.56,-19.66],[-37.48,-19.71],[-37.47,-19.84],[-37.68,-19.9],[-37.78,-19.99],[-37.92,-19.94],[-38.06,-20.14],[-38.34,-20.17],[-38.47,-20.14],[-38.52,-19.94],[-38.57,-19.92],[-38.59,-19.85],[-38.8,-19.73],[-39.07,-19.66],[-39.12,-19.7],[-39.24,-19.71],[-39.68,-20.08],[-39.7,-20.35],[-39.78,-20.5],[-39.82,-20.69],[-40.09,-21.07],[-40.1,-21.14],[-40.06,-21.38],[-39.9,-21.61],[-39.81,-22.14],[-39.91,-22.39],[-39.99,-22.5],[-40.35,-22.77],[-40.5,-22.82],[-40.63,-22.92],[-40.68,-23.04],[-40.87,-23.24],[-41.09,-23.62],[-41.23,-23.69],[-41.26,-23.76],[-41.45,-23.88],[-41.66,-23.9],[-41.86,-23.98],[-42.0,-23.98],[-42.82,-24.22],[-43.32,-24.43],[-43.46,-24.43],[-43.66,-24.6],[-43.76,-24.58],[-43.96,-24.69],[-44.18,-24.88],[-44.56,-25.05],[-45.12,-25.85],[-45.42,-26.02],[-45.46,-26.21],[-45.77,-26.52],[-45.77,-26.59],[-45.82,-26.64],[-45.86,-26.78],[-46.15,-26.98],[-46.28,-27.11],[-46.49,-27.23],[-46.8,-27.57],[-46.8,-27.61],[-46.73,-27.67],[-46.73,-27.84],[-46.66,-27.98],[-46.77,-28.57],[-46.82,-28.66],[-46.98,-28.77],[-47.27,-28.85],[-47.54,-29.15],[-47.57,-29.26],[-47.59,-29.62],[-47.54,-29.84],[-47.64,-30.5],[-47.75,-30.58],[-48.26,-30.62],[-48.34,-30.67],[-48.48,-30.67],[-48.55,-30.72],[-48.7,-30.72],[-48.82,-30.84],[-49.01,-30.91],[-49.63,-31.54],[-49.63,-31.58],[-49.68,-31.61],[-49.97,-32.08],[-49.92,-32.23],[-50.02,-32.3],[-50.07,-32.55],[-50.06,-32.69],[-49.99,-32.95],[-49.9,-33.11],[-49.9,-33.19],[-50.11,-33.46],[-50.18,-33.46],[-50.44,-33.66],[-50.57,-33.7],[-50.7,-33.85],[-50.76,-33.87],[-50.9,-33.79],[-51.05,-33.89],[-51.2,-33.94],[-51.24,-34.15],[-51.36,-34.15],[-51.38,-34.25],[-52.01,-34.99],[-52.1,-35.18],[-52.37,-35.35],[-52.35,-35.53],[-52.51,-35.69],[-52.65,-35.75],[-52.8,-35.9],[-52.85,-36.1],[-52.99,-36.17],[-53.02,-36.24],[-53.21,-36.36],[-53.15,-36.52],[-53.17,-36.59],[-53.24,-36.61],[-53.48,-36.55],[-53.54,-36.6],[-53.5,-36.77],[-53.76,-37.03],[-53.9,-37.08],[-53.94,-37.18],[-54.17,-37.49],[-54.14,-37.66],[-54.34,-37.78],[-54.38,-37.87],[-54.48,-37.92],[-54.42,-38.12],[-54.55,-38.43],[-54.6,-38.66],[-54.55,-38.69],[-54.53,-38.78],[-54.43,-38.86],[-54.57,-38.95],[-54.66,-39.12],[-54.82,-39.17],[-54.89,-39.26],[-55.03,-39.31],[-55.19,-39.52],[-55.38,-39.56],[-55.44,-39.69],[-55.63,-39.94],[-55.85,-40.08],[-55.92,-40.22],[-56.06,-40.32],[-56.42,-40.7],[-56.52,-40.73],[-56.64,-40.86],[-56.76,-40.92],[-56.78,-41.06],[-56.95,-41.37],[-56.95,-41.44],[-56.86,-41.47],[-56.87,-41.58],[-56.94,-41.6],[-57.06,-41.48],[-57.3,-41.81],[-57.36,-41.83],[-57.4,-41.9],[-57.64,-42.08],[-57.74,-42.12],[-57.86,-42.26],[-57.98,-42.26],[-58.1,-42.38],[-58.25,-42.43],[-58.97,-43.13],[-59.11,-43.34],[-59.35,-43.58],[-59.42,-43.85],[-59.54,-44.02],[-59.62,-44.3],[-59.66,-44.37],[-59.57,-44.4],[-59.52,-44.48],[-59.64,-44.54],[-59.72,-44.5],[-59.74,-44.58],[-59.72,-44.64],[-59.61,-44.69],[-59.61,-44.75],[-59.71,-44.83],[-59.62,-44.88],[-59.64,-45.1],[-59.56,-45.16],[-59.54,-45.29],[-59.59,-45.38],[-59.54,-45.46],[-59.54,-45.58],[-59.6,-45.65],[-59.54,-45.76],[-59.62,-45.91],[-59.54,-46.13],[-59.59,-46.25],[-59.57,-46.34],[-59.62,-46.42],[-59.54,-46.78],[-59.59,-46.94],[-59.54,-46.99],[-59.54,-47.11],[-59.42,-47.28],[-59.5,-47.47],[-59.39,-47.57],[-59.3,-47.81],[-59.3,-47.95],[-59.11,-48.0],[-58.97,-48.24],[-58.83,-48.34],[-58.54,-48.39],[-58.3,-48.48],[-58.08,-48.43],[-57.89,-48.5],[-57.46,-48.55],[-57.36,-48.6],[-56.9,-48.6],[-56.81,-48.72],[-56.72,-48.69],[-56.54,-48.74],[-56.26,-48.69],[-56.21,-48.71],[-56.09,-48.86],[-55.8,-48.79],[-55.78,-48.88],[-55.82,-49.03],[-55.88,-49.06],[-55.97,-49.04],[-55.99,-49.08],[-55.95,-49.17],[-55.7,-49.08],[-55.49,-49.1],[-55.33,-49.23],[-55.13,-49.27],[-54.98,-49.44],[-55.01,-49.58],[-54.9,-49.62],[-54.87,-49.67],[-54.92,-49.74],[-55.06,-49.68],[-55.15,-49.77],[-55.22,-49.8],[-55.1,-49.85],[-55.02,-49.93],[-55.0,-50.01],[-55.03,-50.14],[-55.42,-50.57],[-55.57,-50.79],[-55.56,-51.02],[-55.8,-51.17],[-55.78,-51.38],[-55.89,-51.54],[-55.9,-51.58],[-55.82,-51.6],[-55.83,-51.68],[-55.96,-51.71],[-56.07,-51.63],[-56.09,-51.72],[-56.16,-51.77],[-56.16,-51.91],[-56.21,-51.96],[-56.23,-52.06],[-57.31,-52.99],[-57.96,-53.21],[-58.1,-53.18],[-58.5,-53.3],[-59.11,-53.33],[-59.3,-53.38],[-59.36,-53.35],[-59.38,-53.38],[-59.78,-53.32],[-60.01,-53.34],[-60.15,-53.4],[-60.17,-53.44],[-60.05,-53.54],[-59.86,-53.59],[-59.76,-53.66],[-59.4,-53.74],[-59.23,-53.68],[-58.01,-53.69],[-57.9,-53.74],[-57.74,-53.71],[-57.62,-53.9],[-57.07,-54.07],[-56.74,-54.12],[-56.5,-54.19],[-55.93,-54.17],[-55.78,-54.19],[-55.65,-54.34],[-55.44,-54.41],[-55.22,-54.38],[-55.11,-54.42],[-55.06,-54.48],[-55.07,-54.56],[-55.37,-54.7],[-55.56,-54.7],[-55.8,-54.87],[-55.93,-54.88],[-56.06,-54.81],[-56.15,-54.86],[-56.28,-54.86],[-56.34,-55.0],[-56.4,-55.03],[-56.47,-55.03],[-56.59,-54.94],[-56.76,-55.07],[-56.92,-55.1],[-57.31,-55.08],[-57.39,-55.11],[-57.67,-55.01],[-58.2,-55.01],[-58.32,-54.96],[-58.51,-54.98],[-58.67,-54.88],[-58.72,-54.79],[-58.8,-54.82],[-58.92,-54.79],[-59.04,-54.86],[-59.23,-54.86],[-59.38,-54.94],[-59.69,-54.91],[-59.85,-55.02],[-59.97,-55.02],[-60.34,-54.92],[-60.65,-54.94],[-60.89,-54.86],[-61.66,-54.84],[-61.8,-54.7],[-61.87,-54.67],[-61.97,-54.68],[-62.16,-54.79],[-62.74,-54.77],[-62.88,-54.82],[-63.55,-54.86],[-63.67,-54.91],[-64.06,-54.94],[-62.56,-62.47],[-62.3,-62.4],[-62.06,-62.42],[-61.87,-62.28],[-61.68,-62.32],[-61.47,-62.23],[-61.07,-62.14],[-60.94,-62.06],[-60.74,-62.06],[-59.78,-61.74],[-59.68,-61.75],[-59.66,-61.73],[-59.55,-61.72],[-59.33,-61.63],[-58.78,-61.54],[-58.56,-61.46],[-58.42,-61.46],[-58.22,-61.39],[-58.03,-61.42],[-57.11,-61.36],[-56.88,-61.3],[-56.69,-61.15],[-56.5,-61.13],[-56.38,-61.06],[-56.18,-61.03],[-55.97,-60.84],[-55.73,-60.77],[-55.59,-60.77],[-55.1,-60.86],[-54.94,-60.82],[-53.9,-60.77],[-53.8,-60.72],[-53.64,-60.72],[-53.52,-60.62],[-53.18,-60.5],[-53.06,-60.41],[-52.89,-60.34],[-52.41,-60.4],[-52.39,-60.47],[-52.4,-60.54],[-52.63,-60.68],[-52.67,-60.74],[-52.35,-60.64],[-52.3,-60.67],[-52.31,-60.75],[-52.48,-60.83],[-52.68,-60.87],[-52.9,-60.82],[-53.14,-60.84],[-53.28,-60.93],[-53.42,-60.94],[-53.59,-61.04],[-53.84,-61.14],[-53.93,-61.32],[-53.87,-61.27],[-53.75,-61.23],[-53.2,-61.19],[-52.83,-61.07],[-52.27,-60.96],[-52.15,-61.01],[-52.04,-60.96],[-51.88,-60.96],[-51.74,-61.03],[-51.57,-61.03],[-51.45,-61.14],[-51.17,-61.17],[-51.08,-61.23],[-51.07,-61.3],[-51.11,-61.35],[-51.39,-61.49],[-51.76,-61.53],[-51.89,-61.51],[-52.18,-61.7],[-52.37,-61.73],[-52.44,-61.78],[-52.78,-61.87],[-53.11,-61.9],[-53.26,-61.97],[-53.45,-61.94],[-53.68,-62.15],[-53.66,-62.28],[-53.5,-62.46],[-53.5,-62.52],[-53.56,-62.59],[-53.4,-62.7],[-52.67,-62.91],[-52.25,-62.86],[-52.13,-63.0],[-51.66,-63.11],[-51.58,-63.17],[-51.58,-63.22],[-51.63,-63.28],[-51.94,-63.41],[-51.96,-63.53],[-52.11,-63.74],[-52.46,-63.82],[-52.75,-63.77],[-52.99,-63.91],[-53.35,-63.98],[-53.57,-63.96],[-53.7,-63.98],[-53.81,-64.03],[-53.98,-64.15],[-54.19,-64.46],[-54.24,-65.28],[-54.19,-65.4],[-54.22,-65.5],[-54.09,-65.57],[-54.08,-65.63],[-54.1,-65.69],[-54.6,-66.11],[-54.73,-66.18],[-54.82,-66.41],[-55.01,-66.46],[-55.05,-66.58],[-55.15,-66.72],[-55.18,-66.84],[-55.34,-66.84],[-55.44,-66.91],[-55.31,-67.06],[-55.31,-67.16],[-55.58,-67.2],[-55.8,-67.34],[-55.8,-67.68],[-55.72,-67.72],[-55.7,-67.78],[-55.8,-67.87],[-55.75,-67.9],[-55.74,-67.97],[-55.82,-68.09],[-55.71,-68.1],[-55.61,-68.16],[-55.59,-68.22],[-55.63,-68.28],[-55.58,-68.33],[-55.57,-68.42],[-55.87,-68.65],[-55.97,-68.69],[-56.14,-68.86],[-56.12,-68.9],[-56.01,-68.98],[-55.99,-69.06],[-56.0,-69.13],[-55.85,-69.12],[-55.79,-69.19],[-55.76,-69.29],[-55.85,-69.43],[-55.71,-69.55],[-55.68,-69.62],[-55.7,-69.67],[-55.83,-69.68],[-55.7,-69.71],[-55.68,-69.77],[-55.78,-69.88],[-56.21,-70.03],[-56.26,-70.2],[-56.41,-70.3],[-56.42,-70.34],[-56.38,-70.56],[-56.3,-70.63],[-56.18,-70.66],[-56.02,-70.8],[-55.78,-70.78],[-55.76,-70.83],[-55.82,-70.93],[-55.8,-70.97],[-55.45,-70.97],[-55.32,-71.06],[-55.18,-71.09],[-55.06,-71.23],[-54.77,-71.4],[-54.5,-71.38],[-54.34,-71.54],[-53.95,-71.59],[-53.69,-71.78],[-53.25,-71.78],[-53.14,-71.81],[-53.11,-71.86],[-52.92,-71.83],[-52.73,-71.93],[-51.94,-72.02],[-51.79,-72.0],[-51.59,-72.11],[-50.64,-72.17],[-50.47,-72.12],[-50.05,-72.15],[-49.9,-72.22],[-48.6,-72.19],[-48.36,-72.24],[-48.14,-72.19],[-47.74,-72.19],[-47.47,-72.29],[-47.23,-72.31],[-47.04,-72.29],[-46.99,-72.31],[-46.98,-72.35],[-47.0,-72.42],[-47.03,-72.43],[-47.02,-72.46],[-46.87,-72.5],[-46.66,-72.5],[-46.34,-72.62],[-46.06,-72.62],[-45.65,-72.74],[-45.31,-72.74],[-45.14,-72.82],[-44.86,-72.84],[-44.74,-72.94],[-44.47,-72.96],[-44.33,-73.06],[-43.73,-73.15],[-43.56,-73.27],[-43.23,-73.34],[-43.14,-73.43],[-42.82,-73.55],[-42.41,-73.54],[-42.24,-73.67],[-42.15,-73.69],[-41.72,-73.67],[-41.65,-73.69],[-41.5,-73.81],[-40.94,-73.8],[-40.8,-73.87],[-40.61,-73.87],[-40.44,-73.94],[-39.98,-73.9],[-39.72,-73.99],[-39.6,-73.97],[-38.42,-73.97],[-38.3,-74.04],[-38.18,-74.04],[-37.92,-74.14],[-37.6,-74.14],[-37.58,-74.16],[-37.62,-74.33],[-37.49,-74.3],[-35.06,-74.38],[-34.82,-74.28],[-34.48,-74.3],[-34.32,-74.26],[-32.96,-74.2],[-32.78,-74.16],[-30.17,-74.43],[-30.07,-74.47],[-29.84,-74.47],[-29.51,-74.54],[-27.01,-74.55],[-26.6,-74.43],[-26.1,-74.4],[-25.78,-74.33],[-25.71,-74.25],[-25.77,-74.23],[-25.68,-74.15],[-25.66,-74.09],[-24.72,-73.93],[-24.24,-73.9],[-24.12,-73.86],[-23.97,-73.87],[-23.71,-73.8],[-23.5,-73.8],[-23.38,-73.7],[-23.21,-73.63],[-22.97,-73.61],[-22.8,-73.54],[-22.54,-73.54],[-22.2,-73.46],[-21.94,-73.46],[-21.77,-73.37],[-21.31,-73.22],[-20.88,-73.2],[-20.71,-73.13],[-20.47,-73.08],[-20.02,-72.89],[-19.87,-72.89],[-19.7,-72.79],[-19.49,-72.74],[-19.33,-72.63],[-19.01,-72.6],[-18.89,-72.55],[-18.12,-72.53],[-17.98,-72.46],[-17.59,-72.36],[-17.18,-72.34],[-17.09,-72.29],[-16.9,-72.26],[-16.76,-72.16],[-16.58,-71.95],[-15.6,-71.78],[-15.43,-71.66],[-14.68,-71.41],[-14.28,-71.3],[-14.06,-71.3],[-13.06,-71.06],[-12.48,-71.04],[-12.0,-71.06],[-11.63,-70.87],[-11.18,-70.8],[-11.02,-70.73],[-10.8,-70.7],[-10.73,-70.66],[-10.58,-70.64],[-10.06,-70.49],[-9.9,-70.48],[-9.17,-70.26],[-8.75,-70.28],[-8.56,-70.22],[-8.02,-70.27],[-7.85,-70.39],[-7.58,-70.37],[-7.56,-70.18],[-7.48,-70.12],[-6.78,-70.27],[-5.88,-70.06],[-2.78,-70.01],[-2.64,-69.96],[-2.16,-69.94],[-1.85,-69.84],[-1.58,-69.84],[-1.34,-69.7],[-0.99,-69.61],[0.07,-69.55],[0.35,-69.64],[1.08,-69.7],[1.27,-69.77],[1.68,-69.79],[1.82,-69.84],[3.07,-69.86],[3.26,-69.94],[3.62,-69.89],[5.02,-69.86],[5.37,-69.78],[5.71,-69.77],[6.1,-69.84],[6.26,-69.79],[6.41,-69.79],[6.67,-69.7],[6.98,-69.7],[7.18,-69.62],[7.46,-69.58],[8.78,-69.62],[9.07,-69.68],[9.19,-69.67],[9.33,-69.59],[9.43,-69.58],[9.79,-69.68],[10.63,-69.63],[10.68,-69.6],[10.74,-69.41],[10.82,-69.38],[10.99,-69.41],[11.18,-69.26],[12.0,-69.17],[12.3,-69.27],[12.38,-69.26],[12.45,-69.14],[12.56,-69.1],[12.67,-69.14],[12.68,-69.22],[12.6,-69.29],[12.62,-69.31],[12.76,-69.24],[13.15,-69.24],[13.36,-69.19],[13.89,-69.28],[15.92,-69.09],[16.13,-69.16],[17.11,-69.17],[18.57,-69.61],[18.67,-69.67],[19.03,-69.7],[19.13,-69.74],[19.86,-69.67],[20.35,-69.72],[20.66,-69.62],[20.88,-69.67],[21.07,-69.67],[21.17,-69.77],[21.31,-69.77],[21.51,-69.86],[21.65,-69.96],[21.86,-69.96],[22.01,-70.01],[22.73,-70.03],[22.9,-69.96],[23.11,-69.95],[23.59,-70.03],[24.36,-70.03],[24.48,-69.98],[24.65,-70.01],[24.7,-69.96],[24.78,-69.95],[25.05,-69.97],[26.29,-69.85],[26.32,-69.69],[26.36,-69.64],[27.14,-69.53],[27.17,-69.48],[27.14,-69.41],[27.17,-69.38],[27.61,-69.4],[27.99,-69.32],[21.04,-36.95],[20.76,-37.01],[20.71,-37.06],[20.62,-37.08],[20.54,-37.07],[20.21,-36.82],[20.06,-36.56],[19.92,-36.53],[19.71,-36.23],[19.56,-36.07],[19.42,-36.02],[19.25,-35.83],[18.74,-35.52],[18.62,-35.33],[18.43,-35.21],[18.41,-35.06],[18.22,-34.99],[18.12,-34.84],[17.98,-34.85],[17.88,-34.66],[17.76,-34.58],[17.74,-34.51],[17.69,-34.51],[17.69,-34.46],[17.49,-34.26],[17.33,-33.91],[17.3,-33.72],[17.16,-33.7],[16.81,-33.34],[16.71,-33.19],[16.61,-32.91],[15.81,-31.86],[15.72,-31.82],[15.68,-31.74],[15.51,-31.57],[15.43,-31.34],[15.43,-31.13],[15.29,-30.91],[15.26,-30.79],[15.07,-30.62],[14.81,-30.53],[14.5,-30.29],[14.23,-29.65],[14.3,-29.5],[14.27,-29.2],[14.19,-29.0],[14.13,-28.6],[14.14,-28.37],[14.21,-28.22],[14.23,-28.01],[14.3,-27.91],[14.32,-27.79],[14.28,-27.7],[13.97,-27.38],[13.68,-26.98],[13.54,-26.69],[13.56,-26.57],[13.49,-26.45],[13.49,-26.32],[13.44,-26.18],[13.46,-26.04],[13.37,-25.85],[13.39,-25.61],[13.37,-25.03],[13.27,-24.89],[13.1,-24.24],[13.03,-24.14],[12.94,-23.66],[12.83,-23.53],[12.65,-22.42],[12.52,-22.25],[12.41,-22.01],[12.43,-21.77],[12.29,-21.43],[12.1,-21.22],[12.05,-21.05],[11.98,-20.98],[11.81,-20.64],[11.65,-20.46],[11.63,-20.32],[11.45,-20.33],[11.41,-20.29],[11.25,-20.03],[11.22,-19.82],[11.14,-19.66],[11.16,-19.56],[11.12,-19.13],[11.19,-18.82],[11.18,-18.7],[11.3,-18.49],[11.23,-18.17],[11.28,-18.0],[11.23,-17.86],[11.25,-17.67],[11.14,-17.42],[-37.83,-16.13]],[[-37.63,-17.13],[-37.7,-17.06],[-37.71,-16.99],[-37.63,-16.91],[-37.48,-16.85],[-37.36,-16.88],[-37.23,-16.98],[-37.26,-17.09],[-37.63,-17.13]],[[-36.92,-17.04],[-36.73,-16.97],[-36.67,-17.05],[-36.72,-17.16],[-36.86,-17.27],[-37.03,-17.23],[-37.15,-17.13],[-37.11,-17.05],[-36.92,-17.04]],[[-36.13,-18.08],[-36.21,-18.02],[-36.24,-17.92],[-36.1,-17.74],[-35.71,-17.69],[-35.74,-17.87],[-35.83,-18.03],[-35.95,-18.09],[-36.13,-18.08]],[[9.99,-19.4],[10.0,-19.31],[10.08,-19.25],[10.16,-19.27],[10.22,-19.35],[10.2,-19.45],[10.1,-19.5],[10.02,-19.48],[9.99,-19.4]],[[-37.5,-19.99],[-37.43,-20.01],[-37.38,-20.09],[-37.38,-20.18],[-37.42,-20.22],[-37.5,-20.2],[-37.55,-20.14],[-37.56,-20.06],[-37.5,-19.99]],[[6.01,-20.15],[5.98,-20.07],[6.02,-20.02],[6.1,-20.0],[6.14,-20.05],[6.13,-20.11],[6.07,-20.16],[6.01,-20.15]],[[-36.7,-20.24],[-36.61,-20.23],[-36.5,-20.24],[-36.36,-20.3],[-36.19,-20.28],[-36.05,-20.33],[-35.76,-20.34],[-35.69,-20.41],[-35.67,-20.59],[-35.77,-20.68],[-36.02,-20.62],[-36.17,-20.51],[-36.32,-20.46],[-36.35,-20.39],[-36.69,-20.51],[-36.75,-20.47],[-36.77,-20.4],[-36.75,-20.3],[-36.7,-20.24]],[[-28.85,-20.4],[-28.78,-20.43],[-28.78,-20.52],[-28.9,-20.55],[-28.93,-20.48],[-28.85,-20.4]],[[9.01,-20.54],[9.05,-20.5],[9.14,-20.48],[9.18,-20.51],[9.19,-20.61],[9.17,-20.65],[9.08,-20.65],[9.0,-20.58],[9.01,-20.54]],[[8.77,-20.65],[8.89,-20.76],[8.85,-20.85],[8.65,-20.88],[8.55,-20.81],[8.54,-20.76],[8.6,-20.66],[8.77,-20.65]],[[-33.43,-20.82],[-33.41,-20.91],[-33.5,-20.95],[-33.69,-20.93],[-33.76,-20.85],[-33.72,-20.78],[-33.64,-20.76],[-33.43,-20.82]],[[-33.93,-20.83],[-33.9,-20.9],[-33.93,-20.98],[-34.16,-21.07],[-34.23,-21.05],[-34.26,-20.97],[-34.23,-20.91],[-34.16,-20.91],[-34.05,-20.84],[-33.93,-20.83]],[[-37.67,-20.88],[-37.85,-20.88],[-37.99,-20.75],[-38.14,-20.71],[-38.2,-20.47],[-38.17,-20.43],[-38.05,-20.44],[-37.76,-20.57],[-37.5,-20.49],[-37.42,-20.4],[-37.29,-20.41],[-36.97,-20.26],[-36.91,-20.27],[-36.89,-20.35],[-37.05,-20.49],[-37.15,-20.64],[-37.25,-20.64],[-37.67,-20.88]],[[-37.94,-20.45],[-37.97,-20.42],[-37.96,-20.36],[-37.9,-20.31],[-37.83,-20.3],[-37.79,-20.35],[-37.81,-20.41],[-37.88,-20.46],[-37.94,-20.45]],[[-35.47,-20.81],[-35.6,-20.74],[-35.59,-20.68],[-35.43,-20.6],[-35.3,-20.62],[-35.26,-20.74],[-35.3,-20.8],[-35.47,-20.81]],[[-34.89,-20.81],[-34.97,-20.68],[-34.95,-20.53],[-34.79,-20.42],[-34.62,-20.46],[-34.53,-20.59],[-34.53,-20.74],[-34.56,-20.81],[-34.7,-20.88],[-34.81,-20.86],[-34.89,-20.81]],[[-29.37,-20.6],[-29.4,-20.55],[-29.4,-20.46],[-29.33,-20.41],[-29.29,-20.42],[-29.21,-20.49],[-29.18,-20.63],[-29.24,-20.67],[-29.37,-20.6]],[[-31.76,-20.64],[-31.68,-20.71],[-31.7,-20.78],[-31.82,-20.81],[-31.94,-20.78],[-31.95,-20.73],[-31.92,-20.67],[-31.84,-20.63],[-31.76,-20.64]],[[-32.04,-20.64],[-32.02,-20.7],[-32.07,-20.75],[-32.18,-20.72],[-32.14,-20.63],[-32.08,-20.61],[-32.04,-20.64]],[[-37.62,-22.25],[-37.56,-22.25],[-37.49,-22.31],[-37.48,-22.39],[-37.52,-22.42],[-37.61,-22.44],[-37.74,-22.35],[-37.74,-22.3],[-37.62,-22.25]],[[6.39,-24.59],[6.49,-24.52],[6.54,-24.61],[6.54,-24.79],[6.48,-24.91],[6.36,-24.91],[6.3,-24.87],[6.39,-24.59]],[[5.89,-25.15],[5.88,-25.09],[5.93,-25.04],[5.99,-25.03],[6.06,-25.09],[6.03,-25.17],[5.89,-25.15]],[[5.84,-25.16],[5.88,-25.24],[5.86,-25.29],[5.77,-25.34],[5.67,-25.33],[5.64,-25.29],[5.65,-25.2],[5.84,-25.16]],[[5.86,-25.34],[6.17,-25.27],[6.22,-25.42],[6.29,-25.51],[6.29,-25.63],[6.24,-25.76],[6.16,-25.78],[6.05,-25.66],[5.81,-25.63],[5.8,-25.53],[5.86,-25.34]],[[5.88,-25.72],[5.95,-25.77],[5.93,-25.85],[5.82,-25.89],[5.81,-26.01],[5.75,-26.02],[5.68,-25.94],[5.71,-25.9],[5.78,-25.9],[5.74,-25.77],[5.78,-25.73],[5.88,-25.72]],[[5.6,-26.02],[5.63,-26.09],[5.56,-26.18],[5.45,-26.23],[5.36,-26.21],[5.37,-26.11],[5.46,-26.05],[5.6,-26.02]],[[6.17,-26.21],[6.23,-26.11],[6.36,-26.06],[6.5,-26.16],[6.54,-26.26],[6.5,-26.3],[6.35,-26.31],[6.14,-26.41],[6.09,-26.33],[6.17,-26.21]],[[-39.89,-26.23],[-39.89,-26.3],[-39.94,-26.34],[-40.03,-26.3],[-40.06,-26.25],[-40.03,-26.18],[-39.96,-26.15],[-39.89,-26.23]],[[-36.51,-29.95],[-36.52,-29.84],[-36.46,-29.74],[-36.27,-29.74],[-36.12,-29.95],[-36.07,-30.14],[-35.85,-30.33],[-35.62,-30.26],[-35.46,-30.31],[-35.42,-30.46],[-35.09,-30.62],[-35.14,-30.74],[-35.13,-30.91],[-35.19,-30.93],[-35.35,-30.86],[-35.57,-30.84],[-35.64,-30.77],[-35.76,-30.74],[-35.81,-30.62],[-36.07,-30.41],[-36.1,-30.31],[-36.26,-30.24],[-36.34,-30.12],[-36.51,-29.95]],[[2.59,-30.21],[2.64,-30.1],[2.84,-30.06],[2.95,-30.1],[3.02,-30.17],[3.14,-30.12],[3.25,-30.14],[3.29,-30.23],[3.24,-30.32],[3.19,-30.34],[3.02,-30.26],[2.94,-30.43],[2.87,-30.46],[2.63,-30.29],[2.59,-30.21]],[[-34.46,-30.62],[-34.36,-30.51],[-34.22,-30.46],[-34.15,-30.48],[-34.13,-30.55],[-33.99,-30.56],[-33.98,-30.74],[-34.03,-30.84],[-33.87,-30.99],[-33.84,-31.15],[-33.86,-31.22],[-34.13,-31.2],[-34.18,-31.15],[-34.35,-31.09],[-34.82,-30.82],[-34.9,-30.71],[-34.85,-30.63],[-34.79,-30.64],[-34.68,-30.72],[-34.46,-30.62]],[[2.28,-30.53],[2.32,-30.51],[2.43,-30.57],[2.57,-30.75],[2.59,-30.84],[2.49,-30.86],[2.36,-30.78],[2.26,-30.65],[2.28,-30.53]],[[-33.64,-30.78],[-33.61,-30.93],[-33.68,-30.98],[-33.74,-30.96],[-33.78,-30.91],[-33.77,-30.85],[-33.69,-30.78],[-33.64,-30.78]],[[-35.03,-31.06],[-34.53,-31.22],[-34.4,-31.35],[-34.37,-31.46],[-34.43,-31.51],[-34.57,-31.5],[-34.82,-31.39],[-34.87,-31.34],[-35.06,-31.34],[-35.18,-31.29],[-35.3,-31.32],[-35.43,-31.41],[-35.52,-31.42],[-35.66,-31.33],[-35.76,-31.16],[-35.74,-31.06],[-35.66,-31.03],[-35.4,-31.1],[-35.03,-31.06]],[[-33.89,-31.45],[-33.96,-31.37],[-33.94,-31.32],[-33.87,-31.29],[-33.83,-31.33],[-33.81,-31.39],[-33.84,-31.44],[-33.89,-31.45]],[[-36.15,-31.08],[-36.22,-31.1],[-36.34,-31.03],[-36.34,-30.97],[-36.29,-30.84],[-36.34,-30.74],[-36.39,-30.44],[-36.33,-30.36],[-36.27,-30.36],[-36.22,-30.41],[-36.24,-30.51],[-36.22,-30.55],[-36.0,-30.66],[-35.92,-30.73],[-35.88,-31.0],[-35.95,-31.04],[-36.07,-30.98],[-36.15,-31.08]],[[-36.75,-30.62],[-36.67,-30.68],[-36.63,-30.77],[-36.69,-30.85],[-36.74,-30.86],[-36.86,-30.82],[-36.94,-30.73],[-36.89,-30.62],[-36.75,-30.62]],[[-36.78,-30.11],[-36.77,-30.24],[-36.83,-30.28],[-36.89,-30.26],[-36.9,-30.14],[-36.78,-30.11]],[[8.29,-31.62],[8.31,-31.56],[8.39,-31.54],[8.45,-31.57],[8.47,-31.65],[8.43,-31.71],[8.37,-31.73],[8.31,-31.7],[8.29,-31.62]],[[2.25,-31.66],[2.34,-31.75],[2.35,-31.8],[2.26,-31.9],[2.14,-31.92],[2.06,-31.84],[2.05,-31.7],[2.12,-31.65],[2.25,-31.66]],[[-32.79,-32.13],[-32.87,-32.06],[-32.86,-31.99],[-32.77,-31.95],[-32.66,-31.97],[-32.63,-32.02],[-32.65,-32.1],[-32.79,-32.13]],[[-3.7,-32.13],[-3.67,-32.06],[-3.59,-32.02],[-3.55,-32.02],[-3.51,-32.09],[-3.52,-32.18],[-3.6,-32.23],[-3.67,-32.21],[-3.7,-32.13]],[[1.78,-32.79],[1.73,-32.74],[1.74,-32.7],[1.86,-32.65],[1.89,-32.68],[1.89,-32.77],[1.86,-32.79],[1.78,-32.79]],[[2.59,-32.8],[2.66,-32.81],[2.68,-32.87],[2.62,-32.95],[2.55,-32.97],[2.51,-32.9],[2.59,-32.8]],[[-2.48,-32.84],[-2.4,-32.88],[-2.39,-32.96],[-2.53,-33.15],[-2.62,-33.18],[-2.78,-33.16],[-2.93,-33.07],[-2.94,-33.0],[-2.9,-32.9],[-2.81,-32.81],[-2.48,-32.84]],[[-0.37,-33.12],[-0.33,-33.15],[-0.31,-33.22],[-0.38,-33.32],[-0.58,-33.41],[-0.67,-33.38],[-0.66,-33.28],[-0.57,-33.16],[-0.37,-33.12]],[[2.21,-33.39],[2.16,-33.32],[2.17,-33.28],[2.34,-33.21],[2.45,-33.24],[2.46,-33.28],[2.4,-33.35],[2.3,-33.39],[2.21,-33.39]],[[-31.38,-33.45],[-31.32,-33.41],[-31.06,-33.42],[-30.93,-33.52],[-30.91,-33.59],[-30.96,-33.62],[-31.15,-33.58],[-31.35,-33.5],[-31.38,-33.45]],[[0.95,-34.1],[0.86,-34.02],[0.9,-33.96],[0.98,-33.96],[1.03,-34.01],[1.02,-34.09],[0.95,-34.1]],[[-5.03,-34.61],[-5.11,-34.55],[-5.14,-34.46],[-5.09,-34.37],[-4.97,-34.34],[-4.91,-34.42],[-4.9,-34.53],[-4.94,-34.61],[-5.03,-34.61]],[[0.37,-34.39],[0.47,-34.34],[0.5,-34.37],[0.51,-34.45],[0.46,-34.48],[0.39,-34.47],[0.37,-34.39]],[[-3.84,-34.41],[-3.77,-34.44],[-3.74,-34.51],[-3.76,-34.57],[-3.86,-34.61],[-3.97,-34.56],[-4.0,-34.46],[-3.94,-34.41],[-3.84,-34.41]],[[-4.03,-34.71],[-3.98,-34.66],[-3.91,-34.65],[-3.9,-34.77],[-3.96,-34.81],[-4.01,-34.8],[-4.04,-34.77],[-4.03,-34.71]],[[-4.36,-34.72],[-4.3,-34.75],[-4.27,-34.82],[-4.3,-34.86],[-4.42,-34.89],[-4.53,-34.85],[-4.54,-34.8],[-4.49,-34.75],[-4.36,-34.72]],[[-6.45,-35.97],[-6.49,-35.9],[-6.46,-35.86],[-6.39,-35.83],[-6.31,-35.86],[-6.31,-35.95],[-6.45,-35.97]],[[19.07,-36.52],[19.0,-36.47],[19.0,-36.4],[19.07,-36.35],[19.18,-36.36],[19.21,-36.42],[19.18,-36.5],[19.07,-36.52]],[[7.25,-36.99],[7.22,-36.89],[7.31,-36.86],[7.34,-36.9],[7.34,-36.98],[7.29,-37.01],[7.25,-36.99]],[[-12.16,-37.0],[-12.12,-37.11],[-12.16,-37.18],[-12.3,-37.21],[-12.41,-37.17],[-12.42,-37.1],[-12.38,-37.03],[-12.27,-36.99],[-12.16,-37.0]],[[-3.97,-37.2],[-3.95,-37.15],[-3.88,-37.1],[-3.78,-37.1],[-3.66,-37.16],[-3.62,-37.26],[-3.68,-37.31],[-3.85,-37.32],[-3.94,-37.29],[-3.97,-37.2]],[[-2.77,-37.3],[-2.72,-37.21],[-2.52,-37.16],[-2.44,-37.22],[-2.39,-37.44],[-2.43,-37.46],[-2.71,-37.37],[-2.77,-37.3]],[[-12.34,-37.43],[-12.39,-37.49],[-12.46,-37.51],[-12.63,-37.41],[-12.84,-37.37],[-12.87,-37.33],[-12.86,-37.25],[-12.82,-37.2],[-12.66,-37.16],[-12.55,-37.22],[-12.44,-37.22],[-12.35,-37.33],[-12.34,-37.43]],[[-4.25,-37.4],[-4.32,-37.36],[-4.32,-37.3],[-4.21,-37.26],[-4.17,-37.3],[-4.16,-37.37],[-4.19,-37.4],[-4.25,-37.4]],[[-6.9,-37.92],[-6.94,-37.88],[-6.93,-37.84],[-6.86,-37.79],[-6.8,-37.79],[-6.8,-37.9],[-6.9,-37.92]],[[-11.75,-38.63],[-11.53,-38.67],[-11.48,-38.74],[-11.5,-38.78],[-11.75,-38.81],[-11.84,-38.74],[-11.82,-38.65],[-11.75,-38.63]],[[13.48,-38.67],[13.58,-38.73],[13.62,-38.81],[13.61,-38.88],[13.54,-38.89],[13.43,-38.81],[13.42,-38.73],[13.48,-38.67]],[[-5.74,-38.81],[-5.68,-38.85],[-5.73,-38.96],[-5.82,-38.98],[-5.93,-38.93],[-5.93,-38.87],[-5.89,-38.82],[-5.74,-38.81]],[[-10.41,-38.87],[-10.5,-38.9],[-10.63,-38.84],[-10.64,-38.76],[-10.6,-38.69],[-10.43,-38.7],[-10.39,-38.78],[-10.41,-38.87]],[[-7.74,-39.57],[-7.85,-39.54],[-8.15,-39.38],[-8.2,-39.33],[-8.2,-39.25],[-8.13,-39.2],[-8.05,-39.2],[-7.7,-39.37],[-7.62,-39.48],[-7.65,-39.55],[-7.74,-39.57]],[[-6.96,-39.56],[-6.78,-39.39],[-6.5,-39.33],[-6.26,-39.46],[-5.87,-39.44],[-5.79,-39.49],[-5.77,-39.58],[-5.83,-39.77],[-6.02,-39.78],[-6.18,-39.76],[-6.38,-39.67],[-6.85,-39.7],[-6.96,-39.65],[-6.96,-39.56]],[[-6.85,-39.96],[-6.81,-39.91],[-6.74,-39.9],[-6.7,-39.93],[-6.7,-40.01],[-6.8,-40.05],[-6.86,-40.0],[-6.85,-39.96]],[[-5.44,-40.04],[-5.35,-40.07],[-5.35,-40.13],[-5.41,-40.16],[-5.46,-40.14],[-5.48,-40.08],[-5.44,-40.04]],[[-8.44,-40.1],[-8.45,-40.15],[-8.53,-40.21],[-8.64,-40.18],[-8.7,-40.1],[-8.64,-40.01],[-8.52,-39.99],[-8.46,-40.02],[-8.44,-40.1]],[[-9.84,-40.19],[-9.8,-40.34],[-9.85,-40.46],[-9.92,-40.47],[-10.11,-40.36],[-10.11,-40.31],[-10.02,-40.19],[-9.9,-40.16],[-9.84,-40.19]],[[-5.74,-40.44],[-5.65,-40.41],[-5.57,-40.44],[-5.55,-40.56],[-5.58,-40.6],[-5.73,-40.58],[-5.77,-40.49],[-5.74,-40.44]],[[-6.14,-40.5],[-6.1,-40.53],[-6.1,-40.61],[-6.17,-40.65],[-6.24,-40.62],[-6.26,-40.55],[-6.14,-40.5]],[[-5.65,-40.87],[-5.72,-40.83],[-5.72,-40.76],[-5.67,-40.72],[-5.54,-40.75],[-5.54,-40.85],[-5.65,-40.87]],[[0.96,-41.4],[0.98,-41.33],[1.1,-41.27],[1.2,-41.27],[1.27,-41.33],[1.25,-41.45],[1.15,-41.5],[1.03,-41.48],[0.96,-41.4]],[[1.84,-41.68],[2.06,-41.66],[2.1,-41.67],[2.11,-41.74],[2.01,-41.85],[1.83,-41.88],[1.78,-41.85],[1.75,-41.77],[1.84,-41.68]],[[1.44,-41.74],[1.72,-41.86],[1.75,-41.9],[1.73,-41.99],[1.56,-42.11],[1.4,-42.15],[1.29,-42.14],[1.04,-41.93],[1.03,-41.86],[1.09,-41.78],[1.44,-41.74]],[[2.18,-42.13],[2.28,-42.09],[2.35,-42.12],[2.38,-42.18],[2.32,-42.28],[2.2,-42.3],[2.14,-42.27],[2.13,-42.2],[2.18,-42.13]],[[-0.0,-42.44],[-0.1,-42.5],[-0.45,-42.52],[-0.59,-42.46],[-0.62,-42.41],[-0.62,-42.3],[-0.57,-42.19],[-0.41,-42.0],[-0.02,-41.72],[0.15,-41.68],[0.27,-41.71],[0.45,-41.82],[0.54,-41.91],[0.58,-42.0],[0.56,-42.07],[0.35,-42.28],[0.14,-42.26],[-0.0,-42.44]],[[-1.28,-42.19],[-1.17,-42.26],[-1.15,-42.39],[-1.18,-42.48],[-1.37,-42.66],[-1.66,-42.69],[-1.87,-42.62],[-1.85,-42.49],[-1.77,-42.35],[-1.58,-42.22],[-1.46,-42.19],[-1.28,-42.19]],[[-2.33,-42.65],[-2.27,-42.74],[-2.3,-42.85],[-2.46,-43.04],[-2.52,-43.07],[-2.59,-43.06],[-2.64,-42.97],[-2.58,-42.79],[-2.49,-42.69],[-2.33,-42.65]],[[2.32,-42.9],[2.52,-42.86],[2.57,-42.91],[2.57,-42.99],[2.48,-43.06],[2.36,-43.06],[2.3,-42.99],[2.32,-42.9]],[[1.4,-42.92],[1.46,-43.0],[1.47,-43.06],[1.44,-43.14],[1.31,-43.17],[1.16,-43.08],[1.14,-43.04],[1.18,-42.95],[1.28,-42.9],[1.4,-42.92]],[[-57.54,-42.29],[-57.51,-42.35],[-57.53,-42.41],[-57.61,-42.44],[-57.65,-42.4],[-57.66,-42.33],[-57.61,-42.28],[-57.54,-42.29]],[[-2.78,-43.31],[-2.68,-43.26],[-2.62,-43.27],[-2.59,-43.32],[-2.61,-43.4],[-2.64,-43.43],[-2.74,-43.42],[-2.8,-43.36],[-2.78,-43.31]],[[-1.23,-43.44],[-1.13,-43.42],[-1.06,-43.5],[-1.06,-43.67],[-1.14,-43.74],[-1.22,-43.75],[-1.37,-43.71],[-1.46,-43.61],[-1.45,-43.55],[-1.39,-43.49],[-1.23,-43.44]],[[-4.36,-43.49],[-4.38,-43.56],[-4.52,-43.66],[-4.62,-43.67],[-4.68,-43.63],[-4.68,-43.46],[-4.63,-43.37],[-4.56,-43.32],[-4.42,-43.36],[-4.36,-43.49]],[[-5.36,-43.99],[-5.44,-43.96],[-5.44,-43.9],[-5.36,-43.85],[-5.28,-43.86],[-5.26,-43.95],[-5.36,-43.99]],[[-1.81,-43.99],[-1.81,-43.94],[-1.69,-43.85],[-1.57,-43.87],[-1.49,-43.94],[-1.5,-44.01],[-1.62,-44.07],[-1.77,-44.03],[-1.81,-43.99]],[[4.57,-44.53],[4.54,-44.46],[4.59,-44.41],[4.91,-44.39],[4.96,-44.42],[4.93,-44.48],[4.84,-44.53],[4.65,-44.57],[4.57,-44.53]],[[-6.18,-46.48],[-6.1,-46.45],[-6.04,-46.46],[-5.98,-46.49],[-5.96,-46.56],[-6.06,-46.63],[-6.15,-46.62],[-6.21,-46.56],[-6.18,-46.48]],[[-7.22,-46.49],[-7.14,-46.56],[-7.18,-46.65],[-7.31,-46.71],[-7.39,-46.66],[-7.54,-46.87],[-7.7,-46.98],[-7.8,-46.97],[-7.84,-46.85],[-7.72,-46.65],[-7.6,-46.57],[-7.22,-46.49]],[[-8.06,-46.78],[-8.01,-46.82],[-8.0,-46.91],[-8.1,-47.06],[-8.37,-47.1],[-8.54,-47.28],[-8.63,-47.28],[-8.74,-47.2],[-8.76,-47.07],[-8.68,-46.97],[-8.6,-46.95],[-8.42,-46.97],[-8.17,-46.77],[-8.06,-46.78]],[[9.68,-47.15],[9.77,-47.04],[9.88,-47.04],[9.92,-47.1],[9.88,-47.18],[9.75,-47.2],[9.63,-47.31],[9.56,-47.3],[9.53,-47.24],[9.55,-47.17],[9.68,-47.15]],[[-8.94,-47.28],[-8.98,-47.35],[-9.05,-47.38],[-9.13,-47.35],[-9.16,-47.29],[-9.12,-47.21],[-9.04,-47.17],[-8.97,-47.21],[-8.94,-47.28]],[[11.06,-47.5],[11.13,-47.42],[11.22,-47.43],[11.31,-47.52],[11.3,-47.62],[11.27,-47.65],[11.17,-47.66],[11.08,-47.6],[11.06,-47.5]],[[10.42,-47.56],[10.49,-47.61],[10.49,-47.7],[10.41,-47.74],[10.31,-47.72],[10.28,-47.64],[10.31,-47.6],[10.42,-47.56]],[[9.95,-47.6],[10.01,-47.72],[9.91,-47.79],[9.74,-47.77],[9.67,-47.67],[9.67,-47.59],[9.71,-47.54],[9.79,-47.54],[9.95,-47.6]],[[8.65,-47.93],[8.71,-47.87],[8.83,-47.84],[8.93,-47.86],[8.96,-47.92],[8.94,-47.99],[8.85,-48.03],[8.69,-48.01],[8.65,-47.93]],[[8.55,-47.97],[8.58,-48.0],[8.57,-48.06],[8.41,-48.21],[8.26,-48.27],[8.17,-48.25],[8.14,-48.22],[8.12,-48.11],[8.19,-48.04],[8.55,-47.97]],[[7.85,-48.21],[8.22,-48.37],[8.24,-48.44],[7.99,-48.6],[7.88,-48.6],[7.66,-48.53],[7.59,-48.44],[7.61,-48.33],[7.7,-48.25],[7.85,-48.21]],[[9.47,-48.46],[9.43,-48.42],[9.42,-48.37],[9.46,-48.31],[9.52,-48.29],[9.58,-48.36],[9.57,-48.41],[9.47,-48.46]],[[7.2,-48.32],[7.27,-48.37],[7.27,-48.4],[7.22,-48.48],[7.08,-48.47],[7.02,-48.42],[7.06,-48.34],[7.2,-48.32]],[[7.9,-49.05],[7.88,-48.96],[8.0,-48.89],[8.16,-48.91],[8.21,-49.03],[8.2,-49.07],[8.15,-49.09],[7.9,-49.05]],[[7.72,-49.34],[7.58,-49.24],[7.61,-49.13],[7.71,-49.09],[7.84,-49.16],[7.88,-49.25],[7.84,-49.33],[7.72,-49.34]],[[7.03,-49.51],[7.12,-49.48],[7.24,-49.5],[7.26,-49.54],[7.25,-49.64],[7.15,-49.7],[6.99,-49.69],[6.94,-49.59],[7.03,-49.51]],[[6.64,-49.54],[6.7,-49.58],[6.7,-49.66],[6.62,-49.75],[6.53,-49.78],[6.48,-49.73],[6.49,-49.63],[6.55,-49.56],[6.64,-49.54]],[[4.87,-50.21],[4.84,-50.13],[4.85,-50.06],[5.08,-49.98],[5.14,-49.99],[5.16,-50.03],[5.11,-50.12],[5.0,-50.18],[4.87,-50.21]],[[3.75,-50.73],[3.71,-50.66],[3.74,-50.62],[3.81,-50.59],[3.88,-50.61],[3.89,-50.71],[3.75,-50.73]],[[3.94,-51.4],[4.08,-51.37],[4.14,-51.45],[4.04,-51.56],[3.9,-51.58],[3.85,-51.49],[3.94,-51.4]],[[1.22,-51.44],[1.27,-51.48],[1.28,-51.54],[1.21,-51.64],[1.12,-51.68],[0.89,-51.67],[0.87,-51.6],[0.93,-51.51],[1.03,-51.45],[1.22,-51.44]],[[-42.59,-53.16],[-41.86,-53.24],[-41.55,-53.41],[-40.56,-53.58],[-40.4,-53.71],[-40.17,-53.74],[-40.13,-53.83],[-40.2,-53.91],[-40.52,-53.98],[-40.82,-53.9],[-41.6,-54.03],[-41.75,-54.01],[-41.83,-53.97],[-42.0,-53.78],[-42.19,-53.81],[-42.43,-53.64],[-42.71,-53.58],[-42.82,-53.46],[-43.24,-53.41],[-43.3,-53.35],[-43.27,-53.26],[-43.23,-53.24],[-42.84,-53.23],[-42.59,-53.16]],[[-37.27,-53.46],[-37.11,-53.36],[-37.02,-53.35],[-36.77,-53.47],[-36.54,-53.45],[-36.37,-53.52],[-36.16,-53.75],[-35.74,-53.65],[-35.66,-53.71],[-35.64,-53.81],[-35.47,-53.83],[-35.39,-53.99],[-35.07,-54.26],[-35.14,-54.44],[-35.1,-54.49],[-35.04,-54.5],[-34.89,-54.45],[-34.74,-54.48],[-34.63,-54.58],[-34.54,-54.77],[-34.16,-54.81],[-34.12,-54.84],[-34.11,-54.93],[-34.39,-55.22],[-34.77,-55.37],[-34.81,-55.46],[-34.77,-55.53],[-34.8,-55.63],[-34.85,-55.64],[-34.97,-55.54],[-35.27,-55.57],[-35.48,-55.64],[-35.69,-55.63],[-35.95,-55.46],[-36.24,-55.46],[-36.34,-55.34],[-36.35,-55.21],[-36.4,-55.17],[-36.55,-55.18],[-36.82,-55.08],[-37.27,-55.1],[-37.41,-55.07],[-37.54,-54.97],[-37.58,-54.98],[-37.61,-55.08],[-37.71,-55.09],[-37.78,-55.02],[-37.77,-54.98],[-37.71,-54.92],[-37.75,-54.87],[-37.91,-54.89],[-37.98,-54.92],[-38.02,-55.0],[-38.09,-55.0],[-38.42,-54.83],[-38.78,-54.8],[-39.02,-54.67],[-39.14,-54.67],[-39.36,-54.5],[-39.48,-54.14],[-39.72,-54.14],[-39.78,-53.99],[-39.87,-53.96],[-39.85,-53.81],[-39.51,-53.77],[-39.34,-53.66],[-38.73,-53.67],[-38.21,-53.52],[-37.9,-53.51],[-37.66,-53.54],[-37.47,-53.48],[-37.27,-53.46]],[[6.38,-53.74],[6.39,-53.7],[6.5,-53.66],[6.56,-53.69],[6.49,-53.81],[6.38,-53.78],[6.38,-53.74]],[[-5.68,-53.76],[-5.57,-53.83],[-5.42,-53.86],[-5.42,-53.98],[-5.52,-54.01],[-5.71,-53.92],[-5.76,-53.83],[-5.74,-53.78],[-5.68,-53.76]],[[-2.21,-53.9],[-2.16,-53.93],[-2.15,-54.02],[-2.27,-54.03],[-2.31,-53.97],[-2.21,-53.9]],[[5.86,-54.02],[5.96,-54.0],[6.01,-54.07],[5.95,-54.12],[5.86,-54.12],[5.82,-54.07],[5.86,-54.02]],[[-3.7,-54.05],[-3.77,-54.01],[-3.77,-53.97],[-3.73,-53.92],[-3.66,-53.9],[-3.61,-53.98],[-3.62,-54.02],[-3.7,-54.05]],[[2.94,-54.43],[2.92,-54.36],[2.95,-54.29],[3.18,-54.22],[3.62,-54.29],[3.68,-54.33],[3.65,-54.43],[3.47,-54.66],[3.26,-54.74],[2.95,-54.75],[2.78,-54.7],[2.75,-54.63],[2.77,-54.58],[2.95,-54.48],[2.94,-54.43]],[[0.22,-54.62],[0.29,-54.67],[0.29,-54.72],[0.2,-54.79],[-0.01,-54.77],[-0.1,-54.68],[-0.05,-54.62],[0.22,-54.62]],[[-4.9,-54.61],[-4.97,-54.58],[-4.99,-54.53],[-4.97,-54.48],[-4.9,-54.45],[-4.86,-54.49],[-4.84,-54.55],[-4.9,-54.61]],[[-39.74,-54.28],[-39.69,-54.31],[-39.7,-54.37],[-39.75,-54.49],[-39.81,-54.53],[-40.06,-54.5],[-40.17,-54.43],[-40.2,-54.38],[-40.19,-54.3],[-40.06,-54.26],[-39.74,-54.28]],[[-51.47,-54.16],[-51.53,-54.22],[-51.65,-54.21],[-51.68,-54.15],[-51.66,-54.05],[-51.69,-53.99],[-51.86,-53.87],[-51.92,-53.9],[-51.8,-53.96],[-51.8,-54.03],[-51.82,-54.06],[-52.1,-54.18],[-52.33,-54.22],[-52.62,-54.18],[-52.66,-54.12],[-52.63,-53.97],[-53.28,-54.02],[-53.33,-54.0],[-53.34,-53.94],[-53.31,-53.9],[-53.02,-53.78],[-52.86,-53.76],[-52.75,-53.69],[-52.55,-53.66],[-52.37,-53.54],[-52.22,-53.54],[-52.08,-53.47],[-51.38,-53.5],[-51.19,-53.4],[-51.07,-53.42],[-50.94,-53.35],[-50.76,-53.33],[-50.54,-53.23],[-50.1,-53.18],[-50.06,-53.31],[-49.98,-53.34],[-49.63,-53.24],[-49.54,-53.28],[-49.54,-53.38],[-49.8,-53.46],[-49.97,-53.66],[-50.29,-53.53],[-50.3,-53.47],[-50.25,-53.36],[-50.4,-53.4],[-50.59,-53.4],[-50.77,-53.49],[-51.0,-53.52],[-51.14,-53.68],[-51.51,-53.83],[-51.43,-53.98],[-51.47,-54.16]],[[-44.29,-53.23],[-44.28,-53.18],[-44.22,-53.17],[-44.12,-53.19],[-44.09,-53.23],[-44.1,-53.27],[-44.17,-53.31],[-44.25,-53.29],[-44.29,-53.23]],[[-44.66,-53.29],[-44.64,-53.43],[-44.7,-53.49],[-44.76,-53.47],[-44.8,-53.42],[-44.79,-53.36],[-44.7,-53.29],[-44.66,-53.29]],[[-28.27,-55.94],[-28.3,-55.81],[-28.15,-55.74],[-27.94,-55.87],[-27.84,-55.86],[-27.7,-55.8],[-27.6,-55.82],[-27.58,-55.87],[-27.5,-55.87],[-27.41,-56.04],[-27.22,-56.11],[-27.19,-56.33],[-27.34,-56.47],[-27.74,-56.52],[-27.77,-56.28],[-27.67,-56.15],[-27.69,-56.07],[-27.78,-56.02],[-28.19,-56.05],[-28.23,-56.04],[-28.27,-55.94]],[[-36.52,-56.07],[-36.55,-56.11],[-36.65,-56.13],[-36.73,-56.09],[-36.73,-56.05],[-36.67,-55.97],[-36.6,-55.96],[-36.54,-55.99],[-36.52,-56.07]],[[-27.26,-56.64],[-26.93,-56.54],[-26.82,-56.63],[-26.72,-56.8],[-26.78,-56.85],[-26.9,-56.81],[-27.25,-56.79],[-27.27,-56.77],[-27.26,-56.64]],[[-26.7,-56.84],[-26.62,-56.88],[-26.52,-57.07],[-26.63,-57.2],[-26.81,-57.22],[-26.91,-57.11],[-26.93,-56.99],[-26.7,-56.84]],[[-28.13,-56.67],[-28.12,-56.73],[-28.15,-56.76],[-28.19,-56.77],[-28.26,-56.73],[-28.21,-56.65],[-28.13,-56.67]],[[-27.05,-57.7],[-27.12,-57.65],[-27.11,-57.57],[-26.9,-57.52],[-26.82,-57.56],[-26.85,-57.67],[-27.05,-57.7]],[[-26.59,-57.67],[-26.51,-57.56],[-26.46,-57.53],[-26.41,-57.54],[-26.25,-57.69],[-26.23,-57.84],[-26.38,-57.92],[-26.59,-57.89],[-26.67,-57.79],[-26.59,-57.67]],[[-26.76,-57.9],[-26.74,-58.01],[-26.79,-58.04],[-26.84,-58.03],[-26.88,-57.94],[-26.82,-57.89],[-26.76,-57.9]],[[-26.29,-58.6],[-26.45,-58.54],[-26.7,-58.51],[-26.73,-58.42],[-26.59,-58.34],[-26.15,-58.28],[-26.09,-58.37],[-26.09,-58.53],[-26.16,-58.59],[-26.29,-58.6]],[[-25.19,-58.6],[-25.13,-58.54],[-25.07,-58.52],[-25.01,-58.58],[-25.04,-58.74],[-25.1,-58.8],[-25.16,-58.8],[-25.21,-58.74],[-25.19,-58.6]],[[-26.62,-59.15],[-26.86,-59.09],[-26.84,-58.97],[-26.73,-58.88],[-26.51,-58.82],[-26.32,-58.82],[-26.18,-58.89],[-26.17,-58.96],[-26.24,-59.1],[-26.35,-59.14],[-26.62,-59.15]],[[-27.28,-59.55],[-27.48,-59.46],[-27.49,-59.36],[-27.42,-59.33],[-26.89,-59.3],[-26.81,-59.38],[-26.81,-59.46],[-26.88,-59.52],[-27.0,-59.55],[-27.28,-59.55]],[[-27.65,-59.56],[-27.59,-59.59],[-27.55,-59.69],[-27.46,-59.74],[-27.5,-59.86],[-27.62,-59.87],[-27.74,-59.78],[-27.93,-59.81],[-28.01,-59.78],[-28.04,-59.69],[-28.0,-59.64],[-27.65,-59.56]],[[-31.66,-59.86],[-31.7,-60.0],[-31.75,-60.0],[-31.75,-60.1],[-31.99,-60.24],[-32.24,-60.19],[-32.26,-60.07],[-32.45,-60.17],[-32.51,-60.15],[-32.64,-60.05],[-32.76,-60.03],[-32.82,-60.06],[-32.72,-60.23],[-32.77,-60.29],[-32.81,-60.3],[-32.91,-60.27],[-33.14,-60.11],[-33.11,-59.99],[-33.07,-59.96],[-32.88,-59.98],[-32.74,-59.88],[-32.3,-59.79],[-32.19,-59.83],[-32.16,-59.96],[-32.04,-59.83],[-31.66,-59.86]],[[-28.06,-59.98],[-27.85,-59.9],[-27.79,-59.91],[-27.65,-60.07],[-27.55,-60.07],[-27.36,-60.26],[-27.16,-60.3],[-27.16,-60.39],[-27.25,-60.44],[-27.7,-60.41],[-27.8,-60.34],[-28.01,-60.31],[-28.25,-60.36],[-28.28,-60.29],[-28.17,-60.06],[-28.06,-59.98]],[[-40.79,-60.44],[-40.77,-60.52],[-40.83,-60.57],[-41.21,-60.67],[-41.33,-60.65],[-41.34,-60.6],[-41.27,-60.53],[-41.14,-60.48],[-40.79,-60.44]],[[-36.17,-60.54],[-36.03,-60.49],[-35.88,-60.52],[-35.86,-60.58],[-35.88,-60.65],[-36.02,-60.67],[-35.92,-60.75],[-35.93,-60.82],[-36.34,-60.86],[-36.42,-60.83],[-36.44,-60.78],[-36.42,-60.71],[-36.37,-60.66],[-36.22,-60.62],[-36.17,-60.54]],[[-34.77,-60.66],[-34.68,-60.57],[-34.54,-60.53],[-34.5,-60.54],[-34.47,-60.6],[-34.52,-60.69],[-34.61,-60.75],[-34.72,-60.75],[-34.77,-60.66]],[[-29.38,-60.68],[-29.43,-60.62],[-29.41,-60.57],[-29.3,-60.56],[-29.23,-60.6],[-29.25,-60.69],[-29.38,-60.68]],[[-36.57,-60.73],[-36.51,-60.83],[-36.54,-60.87],[-36.68,-60.91],[-36.81,-60.89],[-36.83,-60.85],[-36.78,-60.78],[-36.57,-60.73]],[[-37.02,-60.76],[-36.97,-60.78],[-36.95,-60.92],[-36.89,-60.95],[-36.58,-60.94],[-36.59,-61.06],[-37.2,-61.18],[-37.39,-61.13],[-37.78,-61.16],[-37.94,-61.07],[-37.94,-61.0],[-37.9,-60.96],[-37.85,-60.96],[-37.78,-61.01],[-37.71,-60.98],[-37.58,-60.86],[-37.46,-60.86],[-37.3,-60.8],[-37.02,-60.76]],[[-29.22,-61.1],[-29.28,-61.05],[-29.27,-61.0],[-29.17,-60.99],[-29.11,-61.02],[-29.13,-61.1],[-29.22,-61.1]],[[-41.55,-61.24],[-41.5,-61.32],[-41.38,-61.39],[-41.39,-61.5],[-41.45,-61.59],[-41.78,-61.66],[-41.98,-61.97],[-42.2,-62.02],[-42.34,-61.99],[-42.7,-62.21],[-42.82,-62.21],[-42.86,-62.16],[-43.01,-62.23],[-43.31,-62.15],[-43.44,-62.21],[-43.59,-62.11],[-43.69,-62.09],[-43.79,-62.12],[-44.0,-62.28],[-44.14,-62.26],[-44.26,-62.33],[-44.45,-62.3],[-44.66,-62.38],[-45.17,-62.23],[-45.36,-62.23],[-45.58,-62.16],[-45.98,-62.14],[-46.22,-62.21],[-46.54,-62.11],[-46.56,-61.98],[-47.01,-61.86],[-47.02,-61.79],[-46.97,-61.68],[-47.14,-61.66],[-47.3,-61.53],[-47.3,-61.44],[-47.24,-61.34],[-47.12,-61.24],[-46.97,-61.2],[-46.9,-61.06],[-46.95,-61.0],[-47.16,-60.94],[-47.19,-60.88],[-47.15,-60.8],[-47.23,-60.7],[-47.48,-60.66],[-47.62,-60.5],[-47.6,-60.46],[-47.5,-60.4],[-46.94,-60.34],[-47.0,-60.28],[-47.31,-60.21],[-47.34,-60.18],[-47.3,-60.12],[-46.72,-60.08],[-46.56,-60.15],[-46.58,-60.22],[-46.66,-60.26],[-46.58,-60.32],[-46.45,-60.29],[-45.9,-60.29],[-45.79,-60.34],[-44.86,-60.43],[-44.64,-60.38],[-44.28,-60.43],[-44.16,-60.53],[-43.89,-60.53],[-43.55,-60.63],[-43.14,-60.63],[-42.93,-60.7],[-42.9,-60.69],[-43.0,-60.58],[-42.94,-60.53],[-42.46,-60.58],[-42.41,-60.61],[-42.4,-60.68],[-42.53,-60.77],[-42.35,-60.78],[-42.31,-60.85],[-42.36,-60.94],[-42.49,-60.93],[-42.48,-60.96],[-41.78,-61.03],[-41.71,-61.1],[-41.59,-61.13],[-41.55,-61.24]],[[-36.58,-61.7],[-36.7,-61.65],[-36.71,-61.55],[-36.55,-61.53],[-36.42,-61.56],[-36.34,-61.62],[-36.37,-61.7],[-36.58,-61.7]],[[-35.28,-61.54],[-35.23,-61.54],[-35.18,-61.58],[-35.19,-61.65],[-35.25,-61.68],[-35.69,-61.71],[-35.83,-61.66],[-35.83,-61.6],[-35.74,-61.56],[-35.42,-61.58],[-35.28,-61.54]],[[15.15,-61.99],[15.24,-61.93],[15.31,-61.94],[15.33,-61.99],[15.32,-62.08],[15.28,-62.11],[15.19,-62.1],[15.13,-62.03],[15.15,-61.99]],[[-50.23,-61.05],[-50.39,-61.16],[-50.63,-61.22],[-50.83,-61.17],[-50.89,-61.06],[-50.87,-61.0],[-50.76,-60.92],[-50.38,-60.86],[-50.23,-60.93],[-50.23,-61.05]],[[-48.85,-61.02],[-48.95,-60.98],[-49.02,-60.91],[-49.03,-60.84],[-49.0,-60.78],[-48.84,-60.74],[-48.75,-60.78],[-48.71,-60.96],[-48.75,-61.01],[-48.85,-61.02]],[[-51.02,-60.74],[-51.12,-60.72],[-51.11,-60.57],[-50.8,-60.51],[-50.77,-60.53],[-50.79,-60.66],[-51.02,-60.74]],[[-51.8,-60.51],[-51.89,-60.53],[-51.94,-60.58],[-52.28,-60.61],[-52.25,-60.48],[-52.01,-60.24],[-51.6,-60.24],[-51.23,-60.18],[-51.12,-60.24],[-51.14,-60.31],[-51.38,-60.38],[-51.67,-60.41],[-51.8,-60.51]],[[-50.48,-60.26],[-50.54,-60.19],[-50.48,-60.12],[-50.02,-60.13],[-49.87,-60.16],[-49.75,-60.1],[-49.58,-60.08],[-49.46,-60.1],[-49.39,-60.14],[-49.41,-60.21],[-49.49,-60.24],[-50.32,-60.29],[-50.48,-60.26]],[[-49.63,-60.5],[-49.62,-60.48],[-49.44,-60.48],[-49.42,-60.54],[-49.47,-60.6],[-49.6,-60.62],[-49.63,-60.59],[-49.63,-60.5]],[[-35.11,-60.07],[-35.04,-60.0],[-34.92,-60.02],[-34.58,-59.94],[-34.47,-59.97],[-34.44,-60.07],[-34.5,-60.14],[-34.65,-60.16],[-35.28,-60.38],[-35.45,-60.36],[-35.48,-60.31],[-35.45,-60.22],[-35.11,-60.07]],[[-33.93,-59.96],[-33.97,-59.88],[-33.94,-59.8],[-33.74,-59.74],[-33.67,-59.76],[-33.62,-59.81],[-33.62,-59.85],[-33.69,-59.93],[-33.82,-59.97],[-33.93,-59.96]],[[-28.37,-59.72],[-28.38,-59.65],[-28.29,-59.6],[-28.1,-59.62],[-28.06,-59.7],[-28.1,-59.77],[-28.18,-59.81],[-28.31,-59.77],[-28.37,-59.72]],[[-35.75,-60.18],[-35.66,-60.26],[-35.71,-60.34],[-35.71,-60.41],[-35.87,-60.42],[-36.01,-60.36],[-36.05,-60.31],[-36.02,-60.22],[-35.75,-60.18]],[[-40.6,-60.37],[-40.73,-60.4],[-40.82,-60.35],[-40.73,-60.26],[-40.63,-60.24],[-40.58,-60.26],[-40.57,-60.33],[-40.6,-60.37]],[[-37.41,-60.3],[-37.35,-60.22],[-37.29,-60.2],[-37.24,-60.23],[-37.21,-60.29],[-37.23,-60.33],[-37.32,-60.36],[-37.4,-60.33],[-37.41,-60.3]],[[-37.42,-60.73],[-37.49,-60.67],[-37.49,-60.63],[-37.47,-60.58],[-37.4,-60.56],[-37.22,-60.57],[-37.13,-60.63],[-37.11,-60.67],[-37.13,-60.72],[-37.19,-60.74],[-37.42,-60.73]],[[-50.82,-63.39],[-51.37,-63.29],[-51.41,-63.24],[-51.38,-63.19],[-51.25,-63.16],[-50.79,-63.21],[-50.72,-63.25],[-50.7,-63.34],[-50.73,-63.37],[-50.82,-63.39]],[[6.06,-64.76],[6.02,-64.68],[6.08,-64.63],[6.22,-64.62],[6.28,-64.65],[6.29,-64.69],[6.25,-64.74],[6.06,-64.76]],[[11.85,-69.12],[11.78,-69.05],[11.79,-68.96],[12.06,-68.89],[12.21,-68.92],[12.28,-69.09],[12.26,-69.14],[12.21,-69.16],[11.85,-69.12]]],[[[135.04,5.88],[126.74,7.68],[126.7,7.13],[126.5,6.94],[126.39,6.64],[126.48,6.46],[126.5,6.23],[126.58,5.92],[126.56,5.85],[126.51,5.81],[126.46,5.81],[126.22,5.98],[126.21,6.14],[126.07,6.33],[125.95,6.85],[125.93,6.86],[125.9,6.72],[125.81,6.74],[125.69,6.72],[125.56,6.76],[125.55,6.72],[125.67,6.6],[125.82,6.22],[125.83,6.14],[125.74,5.89],[125.57,5.62],[125.66,5.52],[125.71,5.43],[125.7,5.37],[125.59,5.29],[125.42,5.29],[125.26,5.37],[125.23,5.59],[125.09,5.73],[124.2,6.1],[123.95,6.41],[123.88,6.89],[123.9,7.02],[123.98,7.22],[123.97,7.27],[123.91,7.3],[123.82,7.54],[123.76,7.6],[123.66,7.58],[123.63,7.53],[123.62,7.2],[123.53,7.18],[123.29,7.23],[123.09,7.16],[122.89,7.14],[122.62,6.88],[122.59,6.7],[122.4,6.58],[122.35,6.41],[122.11,6.26],[122.04,6.03],[121.98,5.98],[121.78,5.9],[121.58,5.74],[121.38,5.78],[121.24,5.74],[121.15,5.64],[121.1,5.4],[120.84,5.38],[120.84,5.21],[120.72,5.11],[120.53,5.1],[120.31,4.94],[120.17,4.92],[119.9,4.73],[119.76,4.7],[119.68,4.6],[119.28,4.31],[119.08,4.31],[119.05,4.09],[118.87,4.08],[118.72,4.03],[118.62,4.05],[118.51,4.16],[118.47,4.06],[118.39,4.04],[118.4,3.97],[118.49,4.03],[118.56,4.02],[118.64,3.85],[118.66,3.74],[118.61,3.71],[118.51,3.72],[118.48,3.69],[118.46,3.43],[118.34,3.29],[118.32,2.93],[118.24,2.65],[118.3,2.55],[118.7,2.36],[118.82,2.19],[118.93,2.08],[119.01,1.91],[119.16,1.71],[119.18,1.51],[119.15,1.16],[119.09,1.01],[119.11,0.74],[119.02,0.58],[119.16,0.55],[119.21,0.43],[119.18,0.37],[119.09,0.36],[118.99,0.41],[118.97,0.49],[118.94,0.52],[118.83,0.53],[118.75,0.46],[118.61,0.44],[118.27,0.58],[117.96,0.48],[117.96,0.28],[118.07,-0.31],[118.08,-0.69],[118.05,-0.85],[117.9,-1.19],[117.81,-1.32],[117.77,-1.46],[117.69,-1.49],[117.58,-1.65],[117.47,-2.0],[117.52,-2.06],[117.73,-2.1],[118.03,-2.35],[118.1,-2.5],[118.27,-2.57],[118.45,-2.87],[118.49,-3.22],[118.42,-3.38],[118.3,-3.41],[118.14,-3.57],[118.01,-3.57],[117.99,-3.62],[117.87,-3.71],[117.77,-3.91],[117.67,-4.0],[117.53,-4.06],[117.52,-4.11],[117.57,-4.17],[117.58,-4.25],[117.34,-4.51],[117.36,-4.54],[117.47,-4.51],[117.53,-4.58],[117.5,-4.7],[117.4,-4.87],[117.41,-4.93],[117.51,-5.02],[117.49,-5.18],[117.7,-4.9],[117.79,-4.85],[117.93,-4.86],[118.08,-4.94],[118.2,-4.94],[118.39,-5.02],[118.42,-5.01],[118.45,-4.87],[118.54,-4.82],[118.6,-4.83],[118.71,-4.92],[118.76,-4.92],[118.75,-4.73],[118.78,-4.68],[118.75,-4.61],[118.92,-4.3],[118.97,-3.96],[119.1,-3.75],[119.09,-3.72],[118.87,-3.64],[118.81,-3.57],[118.75,-3.2],[118.71,-3.11],[118.7,-2.66],[118.94,-2.4],[119.0,-2.21],[119.09,-2.09],[119.09,-1.94],[119.18,-1.8],[119.04,-1.54],[119.11,-1.25],[119.35,-1.01],[119.35,-0.91],[119.42,-0.81],[119.37,-0.38],[119.45,-0.33],[119.64,-0.42],[119.51,-0.13],[119.52,0.1],[119.71,0.34],[119.76,0.64],[119.88,0.79],[120.06,0.89],[120.17,1.08],[120.36,1.18],[120.5,1.18],[120.6,1.3],[120.67,1.32],[120.67,1.37],[120.84,1.54],[120.97,1.6],[121.2,1.44],[121.66,1.44],[121.81,1.3],[121.87,1.27],[122.09,1.32],[122.28,1.25],[122.45,1.27],[122.62,1.18],[122.93,1.2],[123.02,1.18],[123.1,1.31],[123.17,1.34],[123.33,1.2],[123.5,1.13],[123.77,1.15],[124.04,1.08],[124.2,1.2],[124.41,1.47],[124.63,1.54],[124.63,1.7],[124.7,1.92],[124.9,1.92],[125.04,2.01],[125.11,2.02],[125.27,1.9],[125.3,1.73],[125.44,1.72],[125.47,1.68],[125.42,1.44],[125.45,1.32],[125.23,1.13],[125.26,0.94],[125.16,0.79],[124.99,0.65],[124.82,0.58],[124.6,0.34],[124.54,0.31],[124.46,0.34],[124.35,0.27],[124.15,0.29],[123.91,0.26],[123.74,0.19],[123.48,0.24],[123.32,0.19],[123.01,0.37],[122.93,0.38],[122.28,0.29],[122.11,0.33],[121.97,0.26],[121.97,0.19],[122.1,0.08],[122.31,-0.0],[126.89,-0.0],[126.84,0.16],[126.84,0.26],[127.08,0.62],[127.08,0.7],[127.2,0.82],[127.2,0.94],[127.25,1.01],[127.18,1.13],[127.34,1.42],[127.37,1.68],[127.54,1.99],[127.54,2.14],[127.75,2.43],[127.82,2.46],[127.98,2.41],[128.09,2.57],[128.3,2.61],[128.34,2.66],[128.34,2.82],[128.53,2.87],[128.6,2.91],[128.67,2.88],[128.7,2.77],[128.84,2.55],[128.87,2.43],[128.83,2.3],[128.76,2.26],[128.74,2.06],[128.54,1.91],[128.6,1.84],[128.85,1.69],[128.88,1.64],[128.88,1.47],[128.92,1.25],[128.85,1.08],[128.84,0.95],[128.78,0.86],[128.89,0.97],[128.98,1.01],[129.24,1.01],[129.27,1.07],[129.23,1.21],[129.34,1.28],[129.44,1.25],[129.52,1.17],[129.56,1.05],[129.5,0.91],[129.62,0.86],[129.71,0.75],[129.79,0.75],[129.92,0.87],[130.0,0.87],[130.13,0.77],[130.27,0.77],[130.49,0.55],[130.74,0.65],[130.94,0.58],[131.01,0.72],[131.06,0.75],[131.22,0.75],[131.33,0.72],[131.38,0.57],[131.52,0.45],[131.5,0.38],[131.42,0.31],[131.36,0.29],[131.21,0.31],[131.09,0.26],[130.6,0.33],[130.58,0.27],[130.64,0.23],[130.97,0.2],[131.52,-0.22],[131.53,-0.27],[131.51,-0.31],[131.19,-0.56],[131.2,-0.62],[131.3,-0.7],[131.87,-0.5],[132.0,-0.41],[132.12,-0.26],[132.66,-0.22],[133.22,-0.39],[133.54,-0.62],[133.99,-0.6],[134.34,-0.78],[134.7,-0.81],[134.81,-0.65],[134.95,-0.55],[134.9,-0.37],[134.93,-0.31],[134.98,-0.29],[134.85,-0.19],[134.78,0.0],[134.81,0.14],[134.89,0.16],[135.03,0.04],[135.13,-0.13],[135.14,-0.24],[135.1,-0.29],[135.27,-0.2],[135.36,-0.2],[135.47,-0.25],[135.7,-0.48],[135.86,-0.5],[136.19,-0.72],[136.49,-0.67],[136.6,-0.77],[136.52,-0.85],[136.54,-0.91],[136.63,-0.99],[136.86,-1.11],[137.02,-1.13],[137.23,-1.06],[137.4,-1.14],[137.85,-1.19],[138.05,-1.3],[138.22,-1.22],[138.41,-1.34],[138.58,-1.25],[138.71,-1.33],[139.03,-1.7],[139.25,-1.75],[139.66,-2.06],[139.8,-2.06],[139.94,-2.18],[140.22,-2.17],[140.33,-2.26],[140.76,-2.35],[140.93,-2.45],[141.07,-2.45],[141.31,-2.52],[141.41,-2.59],[141.77,-2.66],[141.96,-2.78],[142.24,-2.82],[142.37,-2.95],[142.57,-2.91],[142.7,-3.05],[142.98,-3.15],[143.07,-3.06],[143.14,-3.04],[143.3,-3.1],[143.47,-3.1],[143.74,-3.26],[143.83,-3.38],[144.09,-3.37],[143.94,-3.27],[143.94,-3.18],[144.06,-3.09],[144.22,-3.12],[144.34,-3.26],[144.51,-3.3],[144.56,-3.34],[144.53,-3.43],[144.46,-3.5],[144.64,-3.4],[144.76,-3.49],[144.9,-3.48],[144.92,-3.54],[144.91,-3.63],[144.84,-3.69],[144.74,-3.71],[144.83,-3.83],[145.22,-4.01],[145.22,-4.12],[145.13,-4.2],[145.39,-4.25],[145.51,-4.2],[145.59,-4.21],[145.75,-4.34],[145.78,-4.51],[146.08,-4.45],[146.13,-4.47],[146.21,-4.61],[146.38,-4.68],[146.39,-4.82],[146.29,-4.91],[146.18,-4.91],[146.08,-4.82],[146.03,-4.84],[145.96,-5.05],[146.01,-5.33],[146.21,-5.38],[146.35,-5.47],[146.52,-5.5],[146.64,-5.62],[146.76,-5.64],[146.81,-5.71],[146.99,-5.72],[147.05,-5.8],[147.22,-5.74],[147.43,-5.83],[147.58,-5.83],[147.79,-5.93],[147.79,-5.88],[147.57,-5.71],[147.62,-5.49],[147.47,-5.28],[147.51,-5.2],[147.63,-5.15],[147.7,-5.17],[147.81,-5.3],[147.94,-5.38],[148.06,-5.28],[148.2,-5.26],[148.24,-5.31],[148.26,-5.44],[148.32,-5.3],[148.37,-5.27],[148.75,-5.3],[148.8,-5.35],[148.99,-5.26],[149.18,-5.3],[149.51,-5.19],[149.59,-5.11],[149.63,-4.95],[149.67,-4.94],[149.9,-4.97],[150.02,-4.9],[150.18,-4.89],[150.34,-4.94],[150.49,-5.07],[150.6,-5.08],[150.79,-4.97],[150.82,-4.78],[151.05,-4.73],[151.2,-4.58],[151.37,-4.66],[151.48,-4.55],[151.38,-4.15],[151.42,-3.99],[151.48,-3.92],[151.58,-3.91],[151.63,-3.94],[151.7,-4.03],[151.87,-3.96],[152.33,-3.99],[152.43,-3.93],[152.43,-3.88],[152.34,-3.81],[152.27,-3.69],[152.18,-3.6],[151.89,-3.49],[151.46,-3.24],[151.27,-3.24],[151.26,-3.2],[151.34,-3.13],[151.17,-2.98],[151.12,-2.99],[151.01,-3.07],[150.82,-3.09],[150.82,-3.12],[151.19,-3.24],[151.18,-3.33],[151.05,-3.36],[150.94,-3.33],[150.7,-3.17],[150.65,-2.94],[150.7,-2.88],[150.78,-2.85],[150.58,-2.78],[150.43,-2.81],[150.29,-2.76],[150.08,-2.8],[150.01,-2.73],[149.95,-2.58],[149.9,-2.54],[149.78,-2.69],[149.67,-2.72],[149.6,-2.71],[149.54,-2.64],[149.53,-2.57],[149.59,-2.53],[149.74,-2.51],[149.76,-2.48],[149.59,-2.3],[149.59,-2.23],[149.63,-2.2],[150.3,-2.07],[150.56,-2.09],[150.93,-2.37],[151.18,-2.47],[151.27,-2.64],[151.37,-2.69],[151.42,-2.76],[151.58,-2.78],[151.74,-2.94],[151.82,-2.98],[151.87,-3.05],[152.17,-3.15],[152.51,-3.44],[152.62,-3.48],[152.74,-3.65],[152.88,-3.65],[152.98,-3.86],[153.14,-4.01],[153.26,-4.3],[153.17,-4.49],[153.18,-4.8],[153.12,-4.87],[153.05,-4.9],[152.99,-5.05],[152.93,-5.1],[152.84,-5.12],[152.8,-5.1],[152.85,-4.91],[152.67,-4.68],[152.59,-4.4],[152.52,-4.34],[152.49,-4.42],[152.5,-4.67],[152.45,-4.83],[152.35,-4.96],[152.17,-5.12],[152.23,-5.32],[152.19,-5.44],[151.99,-5.6],[151.64,-5.7],[151.16,-6.05],[151.01,-6.11],[150.88,-6.22],[150.71,-6.23],[150.45,-6.36],[150.2,-6.41],[149.52,-6.36],[149.3,-6.24],[149.14,-6.26],[148.91,-6.24],[148.47,-6.25],[148.34,-6.22],[147.89,-5.98],[147.83,-6.14],[147.96,-6.34],[147.98,-6.55],[148.14,-6.71],[148.14,-6.79],[148.06,-6.87],[148.0,-6.88],[147.69,-6.8],[147.5,-6.87],[147.19,-6.82],[147.22,-6.98],[147.31,-7.14],[147.39,-7.2],[147.72,-7.37],[147.74,-7.44],[147.79,-7.46],[147.83,-7.62],[147.86,-7.66],[147.96,-7.66],[147.99,-7.76],[148.46,-7.82],[148.68,-8.1],[148.89,-8.2],[149.25,-8.11],[149.95,-8.23],[150.1,-8.16],[150.25,-8.14],[150.94,-8.18],[151.18,-8.14],[151.3,-8.3],[151.63,-8.45],[151.66,-8.5],[151.94,-8.59],[152.17,-8.72],[152.4,-8.71],[152.62,-8.81],[152.83,-8.83],[152.9,-8.9],[153.21,-9.06],[153.38,-9.05],[153.48,-9.1],[153.8,-9.13],[153.98,-9.07],[154.06,-9.07],[154.07,-9.14],[154.01,-9.26],[153.86,-9.24],[153.74,-9.36],[153.61,-9.4],[153.27,-9.37],[152.85,-9.42],[152.82,-9.44],[152.81,-9.58],[152.7,-9.63],[152.4,-9.6],[152.36,-9.55],[152.45,-9.43],[152.37,-9.35],[152.29,-9.39],[152.08,-9.58],[151.97,-9.59],[151.85,-9.56],[151.73,-9.44],[151.75,-9.21],[151.63,-9.19],[151.51,-9.1],[151.37,-9.07],[151.32,-9.1],[151.22,-9.34],[151.25,-9.48],[151.23,-9.75],[151.08,-9.77],[151.13,-9.81],[151.34,-9.84],[151.38,-9.94],[151.33,-10.16],[151.37,-10.22],[151.42,-10.21],[151.43,-10.09],[151.48,-10.04],[151.65,-10.14],[151.7,-10.25],[151.76,-10.24],[151.84,-10.16],[151.9,-10.15],[152.02,-10.27],[152.21,-10.31],[152.21,-10.41],[152.14,-10.47],[151.77,-10.36],[152.02,-10.49],[152.04,-10.63],[152.09,-10.7],[152.21,-10.68],[152.22,-10.65],[152.19,-10.64],[152.18,-10.58],[152.24,-10.51],[152.86,-10.55],[153.1,-10.77],[153.48,-10.98],[153.69,-11.15],[154.3,-11.2],[154.56,-11.4],[154.58,-11.47],[154.51,-11.52],[154.56,-11.69],[154.34,-11.76],[154.09,-11.8],[153.86,-11.9],[153.75,-11.89],[153.63,-11.82],[153.44,-11.87],[153.21,-11.81],[152.99,-11.67],[152.79,-11.62],[152.64,-11.5],[152.47,-11.47],[152.35,-11.39],[151.13,-11.24],[150.6,-11.03],[150.41,-11.02],[150.26,-10.9],[150.14,-10.9],[150.0,-10.8],[149.83,-10.78],[149.71,-10.7],[149.57,-10.7],[149.38,-10.63],[149.35,-10.58],[149.26,-10.55],[148.57,-10.44],[148.46,-10.39],[148.22,-10.39],[148.06,-10.3],[147.89,-10.28],[147.74,-10.2],[147.57,-10.18],[147.03,-9.58],[146.74,-9.48],[146.71,-9.34],[146.54,-9.36],[146.46,-9.08],[146.2,-8.84],[145.99,-8.83],[145.96,-8.69],[145.9,-8.66],[145.81,-8.77],[145.54,-8.83],[145.34,-9.17],[145.09,-9.37],[145.06,-9.58],[144.98,-9.65],[144.95,-9.82],[144.82,-9.91],[144.81,-10.15],[144.53,-10.58],[144.53,-10.74],[144.46,-10.78],[144.38,-10.75],[144.38,-11.02],[144.26,-11.16],[144.29,-11.28],[144.26,-11.4],[144.35,-11.55],[144.35,-11.67],[144.12,-12.02],[144.1,-12.29],[144.0,-12.43],[143.96,-12.86],[144.1,-13.03],[144.16,-13.32],[144.36,-13.56],[144.47,-13.8],[144.53,-13.83],[144.64,-13.81],[144.75,-13.84],[144.98,-14.09],[145.13,-14.11],[145.37,-14.23],[145.75,-14.52],[145.84,-14.72],[145.85,-15.18],[145.91,-15.36],[145.93,-15.72],[146.03,-16.03],[146.29,-16.42],[146.58,-16.74],[146.67,-16.94],[146.8,-17.1],[146.9,-17.17],[146.9,-17.33],[147.07,-17.35],[147.1,-17.57],[147.28,-17.79],[147.41,-17.88],[147.6,-17.86],[147.61,-17.91],[147.48,-18.0],[147.5,-18.03],[147.96,-18.22],[148.08,-18.19],[148.28,-18.27],[148.51,-18.29],[148.78,-18.55],[149.14,-18.5],[149.28,-18.53],[149.4,-18.6],[149.57,-18.58],[149.69,-18.62],[150.1,-18.67],[150.29,-18.82],[150.6,-18.94],[150.72,-18.86],[150.91,-18.94],[151.06,-18.91],[151.39,-18.96],[151.58,-18.89],[151.78,-18.94],[151.86,-18.91],[151.98,-18.75],[152.16,-18.79],[152.33,-18.72],[152.47,-18.74],[152.64,-18.91],[152.86,-19.27],[152.88,-19.44],[152.95,-19.54],[153.0,-19.78],[153.26,-20.28],[153.26,-20.38],[153.38,-20.5],[153.4,-20.62],[153.53,-20.76],[153.6,-20.94],[153.74,-21.12],[153.74,-21.24],[153.98,-21.53],[154.13,-21.58],[154.24,-21.78],[154.26,-21.87],[154.2,-21.98],[154.24,-22.19],[154.32,-22.39],[154.49,-22.58],[154.49,-22.7],[154.54,-22.82],[154.51,-22.92],[154.59,-23.11],[154.58,-23.48],[154.55,-23.53],[154.39,-23.62],[154.26,-23.73],[154.13,-23.73],[153.91,-23.57],[153.62,-23.58],[153.47,-23.82],[153.36,-23.9],[153.41,-24.25],[153.47,-24.36],[153.62,-24.5],[153.66,-24.7],[153.95,-25.27],[154.03,-25.3],[154.03,-25.46],[153.99,-25.54],[154.0,-25.9],[154.06,-26.16],[153.98,-26.32],[153.96,-26.52],[153.86,-26.65],[153.84,-26.74],[153.91,-26.88],[153.94,-27.16],[154.08,-27.53],[154.08,-27.79],[154.15,-28.07],[154.13,-28.18],[154.06,-28.27],[154.04,-28.59],[153.96,-28.8],[153.98,-29.02],[153.81,-29.95],[153.65,-30.07],[153.53,-30.34],[153.53,-30.5],[153.46,-30.6],[153.41,-30.89],[153.46,-31.15],[153.36,-31.44],[153.35,-31.83],[153.22,-32.04],[153.22,-32.18],[153.12,-32.37],[153.0,-32.59],[152.95,-32.62],[152.9,-32.81],[152.51,-33.24],[152.31,-33.38],[152.21,-33.62],[152.11,-33.72],[152.09,-33.79],[151.94,-33.89],[151.89,-34.0],[151.7,-34.15],[151.63,-34.32],[151.51,-34.44],[151.45,-34.59],[151.32,-34.73],[151.32,-34.9],[151.27,-34.94],[151.22,-35.11],[151.08,-35.26],[151.03,-35.42],[150.84,-35.57],[150.78,-35.71],[150.48,-36.17],[150.42,-36.36],[150.43,-37.2],[150.39,-37.39],[150.43,-37.61],[150.28,-37.86],[150.22,-38.1],[150.16,-38.16],[149.86,-38.3],[149.69,-38.33],[149.57,-38.3],[149.4,-38.37],[148.86,-38.41],[148.7,-38.49],[148.66,-38.57],[148.66,-38.69],[148.61,-38.76],[148.73,-38.9],[148.88,-39.21],[148.94,-39.55],[148.92,-39.74],[149.02,-39.98],[149.0,-40.45],[148.94,-40.61],[148.97,-40.75],[148.89,-41.08],[148.82,-41.16],[148.92,-41.33],[148.92,-41.45],[149.06,-41.72],[149.04,-41.76],[148.96,-41.77],[148.8,-41.64],[148.71,-41.68],[148.75,-42.01],[148.73,-42.14],[148.68,-42.19],[148.65,-42.48],[148.4,-43.03],[148.32,-43.15],[148.32,-43.34],[148.13,-43.51],[148.06,-43.7],[147.82,-43.99],[147.55,-44.11],[147.34,-44.14],[147.22,-44.21],[146.77,-44.16],[146.52,-44.21],[146.33,-44.11],[146.17,-44.13],[145.85,-43.8],[145.75,-43.61],[145.56,-43.51],[145.49,-43.42],[145.22,-43.22],[144.89,-42.89],[144.85,-42.7],[144.71,-42.42],[144.63,-42.15],[144.41,-41.81],[144.3,-41.5],[144.25,-41.42],[144.03,-41.28],[143.82,-41.1],[143.69,-40.92],[143.46,-40.76],[143.39,-40.62],[143.3,-40.54],[143.25,-40.23],[143.02,-39.71],[142.97,-39.62],[142.86,-39.54],[142.85,-39.48],[142.68,-39.38],[142.52,-39.23],[142.46,-39.12],[142.3,-39.1],[142.18,-38.98],[141.6,-38.83],[141.41,-38.86],[141.13,-38.66],[140.96,-38.61],[140.88,-38.54],[140.76,-38.54],[140.26,-38.21],[140.06,-38.14],[139.97,-38.04],[139.9,-38.02],[139.87,-37.97],[139.63,-37.87],[139.46,-37.72],[139.38,-37.69],[139.23,-37.72],[139.07,-37.65],[138.91,-37.43],[138.65,-37.32],[138.53,-37.34],[138.3,-37.3],[138.11,-37.2],[137.81,-37.13],[137.66,-37.06],[137.52,-37.08],[137.39,-37.05],[137.26,-36.93],[137.28,-36.82],[137.26,-36.8],[136.94,-36.68],[136.65,-36.68],[136.13,-36.53],[135.84,-36.19],[135.7,-36.14],[135.6,-36.05],[135.56,-35.89],[135.24,-35.66],[135.1,-35.64],[135.0,-35.57],[134.74,-35.5],[134.57,-35.33],[134.18,-35.14],[133.99,-35.11],[133.72,-35.0],[133.29,-34.94],[133.2,-34.87],[133.13,-34.73],[133.01,-34.7],[132.87,-34.57],[132.8,-34.61],[132.88,-34.76],[132.92,-34.94],[132.82,-35.04],[132.68,-35.06],[132.47,-34.97],[132.42,-34.92],[132.14,-34.9],[132.01,-34.64],[132.05,-34.56],[132.15,-34.55],[132.17,-34.52],[132.17,-34.44],[132.07,-34.18],[131.98,-34.13],[131.9,-34.13],[131.56,-33.92],[131.33,-33.84],[131.01,-33.86],[130.78,-33.74],[130.75,-33.58],[130.63,-33.55],[130.57,-33.51],[130.06,-33.51],[129.97,-33.55],[129.8,-33.75],[129.74,-33.77],[129.65,-33.74],[129.55,-33.79],[129.34,-33.77],[129.21,-33.55],[129.07,-33.55],[128.72,-33.41],[128.47,-33.43],[128.28,-33.38],[128.22,-33.56],[127.86,-33.68],[127.75,-33.64],[127.68,-33.46],[127.61,-33.5],[127.49,-33.5],[127.32,-33.58],[127.38,-33.65],[127.38,-33.75],[127.28,-33.76],[127.18,-33.65],[127.16,-33.78],[127.13,-33.8],[126.98,-33.77],[126.84,-33.84],[126.67,-33.72],[126.53,-33.72],[126.46,-33.65],[126.36,-33.82],[126.17,-33.92],[126.0,-33.89],[125.82,-34.04],[125.73,-34.07],[125.57,-33.98],[125.57,-34.15],[125.51,-34.21],[125.27,-34.24],[125.17,-34.17],[125.06,-34.15],[124.32,-34.37],[123.8,-34.69],[123.51,-34.78],[123.38,-34.75],[123.31,-34.7],[122.93,-34.68],[122.64,-34.73],[120.67,-34.57],[119.84,-34.67],[119.12,-35.05],[119.17,-35.25],[119.14,-35.3],[119.07,-35.31],[118.86,-35.23],[118.56,-35.34],[118.37,-35.47],[118.15,-35.47],[117.92,-35.55],[117.43,-35.46],[116.65,-35.49],[116.54,-35.45],[115.91,-35.33],[115.56,-35.16],[115.42,-35.21],[115.29,-35.17],[111.37,-65.33],[111.94,-65.3],[112.13,-65.33],[112.3,-65.26],[112.42,-65.26],[112.63,-65.3],[112.97,-65.3],[113.11,-65.38],[113.25,-65.27],[113.43,-65.27],[113.69,-65.16],[114.52,-65.23],[115.25,-65.09],[116.76,-65.07],[116.9,-65.03],[117.1,-65.12],[117.31,-65.09],[117.7,-65.09],[117.84,-65.14],[118.63,-65.16],[118.8,-65.23],[119.11,-65.26],[119.71,-65.4],[120.1,-65.42],[120.22,-65.47],[123.38,-65.52],[123.55,-65.57],[123.79,-65.52],[124.06,-65.54],[124.22,-65.5],[124.39,-65.54],[124.49,-65.5],[124.63,-65.5],[124.78,-65.4],[125.35,-65.18],[125.83,-65.14],[126.22,-65.16],[126.5,-65.09],[126.65,-65.13],[126.89,-65.15],[127.16,-65.09],[128.11,-65.09],[128.21,-65.13],[128.4,-65.14],[128.62,-65.09],[128.82,-65.12],[128.98,-65.04],[129.14,-65.04],[129.25,-65.0],[129.48,-64.97],[129.7,-64.87],[129.95,-64.86],[130.45,-64.91],[130.68,-64.9],[130.97,-64.78],[131.65,-64.8],[132.08,-64.76],[132.17,-64.61],[132.22,-64.61],[132.24,-64.56],[132.33,-64.53],[132.5,-64.63],[132.65,-64.63],[132.89,-64.71],[133.22,-64.68],[133.53,-64.7],[133.75,-64.65],[135.03,-64.82],[135.25,-64.89],[135.69,-64.91],[136.26,-64.84],[136.59,-65.02],[137.07,-65.2],[137.85,-65.26],[137.98,-65.3],[139.19,-65.36],[139.53,-65.43],[139.64,-65.49],[140.18,-65.53],[140.37,-65.59],[140.54,-65.52],[140.65,-65.51],[141.38,-65.64],[141.59,-65.52],[141.82,-65.57],[142.01,-65.57],[142.18,-65.64],[142.34,-65.62],[142.58,-65.64],[142.66,-65.71],[142.79,-65.76],[144.05,-65.78],[144.14,-65.71],[144.19,-65.71],[144.33,-65.84],[144.7,-65.86],[144.86,-65.91],[145.29,-65.9],[145.4,-65.86],[147.29,-65.84],[147.47,-65.9],[148.91,-65.98],[150.1,-65.85],[150.29,-65.9],[150.56,-65.9],[151.39,-66.05],[151.46,-66.11],[151.58,-66.31],[151.75,-66.35],[151.8,-66.39],[151.81,-66.46],[151.75,-66.58],[151.9,-66.5],[152.02,-66.49],[152.13,-66.51],[152.41,-66.63],[152.41,-66.73],[152.27,-66.76],[152.23,-66.82],[152.22,-66.89],[152.27,-66.96],[152.62,-67.01],[152.78,-67.15],[152.98,-67.15],[153.12,-67.27],[153.38,-67.3],[153.59,-67.4],[153.65,-67.38],[153.59,-67.3],[153.65,-67.24],[153.91,-67.3],[154.32,-67.32],[154.42,-67.25],[154.76,-67.12],[154.88,-67.15],[154.97,-67.28],[155.04,-67.3],[155.07,-67.27],[155.14,-67.13],[155.04,-67.12],[154.92,-67.03],[154.66,-67.07],[154.44,-66.94],[154.28,-66.74],[154.17,-66.7],[154.18,-66.62],[154.24,-66.58],[154.51,-66.55],[156.07,-66.77],[156.24,-66.84],[156.45,-66.86],[156.66,-66.93],[157.06,-67.21],[157.18,-67.39],[157.22,-67.39],[157.25,-67.44],[157.51,-67.61],[157.7,-67.66],[157.79,-67.72],[157.99,-68.04],[158.02,-68.18],[158.21,-68.21],[158.3,-68.35],[158.52,-68.45],[158.6,-68.56],[158.62,-68.66],[158.45,-68.77],[158.47,-68.82],[159.2,-68.82],[159.41,-68.86],[159.46,-68.9],[159.79,-68.93],[159.94,-68.98],[160.8,-69.0],[161.06,-69.07],[161.62,-69.1],[161.69,-69.14],[162.02,-69.19],[162.31,-69.36],[162.48,-69.38],[162.67,-69.5],[162.89,-69.53],[163.06,-69.6],[163.56,-69.62],[163.7,-69.67],[164.42,-69.72],[164.59,-69.77],[164.88,-69.79],[165.0,-69.84],[165.5,-69.89],[165.89,-69.86],[166.32,-69.94],[166.46,-70.01],[167.16,-70.06],[167.3,-70.1],[167.62,-70.13],[167.88,-70.27],[168.26,-70.3],[168.56,-70.46],[168.87,-70.53],[169.22,-70.56],[169.33,-70.6],[169.99,-70.65],[170.04,-70.67],[170.16,-70.9],[170.45,-70.92],[170.66,-71.11],[170.88,-71.06],[171.38,-71.16],[171.46,-71.21],[171.58,-71.21],[171.72,-71.3],[172.01,-71.35],[172.18,-71.52],[172.29,-71.72],[172.27,-71.93],[173.16,-71.93],[173.28,-71.97],[173.85,-72.03],[173.96,-72.07],[174.97,-72.16],[175.78,-72.33],[176.29,-72.3],[176.4,-72.36],[176.38,-72.5],[176.48,-72.69],[176.75,-72.89],[176.86,-72.94],[177.91,-73.01],[178.1,-72.96],[178.25,-73.01],[178.4,-72.89],[178.7,-72.94],[179.16,-72.94],[179.59,-72.86],[179.86,-72.91],[180.0,-72.84],[180.0,-68.11],[179.89,-68.06],[179.86,-67.96],[179.9,-67.84],[180.0,-67.78],[180.0,-67.46],[179.97,-67.39],[180.0,-67.32],[180.0,-48.98],[179.8,-49.07],[179.57,-49.25],[179.26,-49.27],[179.16,-49.22],[179.11,-49.23],[179.19,-49.34],[179.15,-49.39],[179.01,-49.43],[179.03,-49.7],[179.0,-49.75],[178.78,-49.81],[178.46,-49.78],[178.15,-49.8],[177.82,-49.94],[177.74,-49.82],[177.86,-49.61],[177.52,-49.62],[177.29,-49.34],[177.29,-49.25],[177.24,-49.21],[177.23,-49.13],[177.25,-49.08],[177.34,-49.05],[177.68,-49.18],[177.9,-49.16],[177.74,-49.11],[177.72,-49.02],[177.76,-48.95],[177.93,-48.93],[177.89,-48.79],[177.92,-48.75],[178.01,-48.72],[178.06,-48.76],[178.08,-48.66],[178.01,-48.53],[178.06,-48.46],[178.16,-48.39],[178.13,-48.23],[177.96,-48.31],[177.96,-48.36],[177.7,-48.36],[177.65,-48.3],[177.66,-48.26],[177.84,-48.22],[177.89,-48.14],[177.76,-48.17],[177.55,-48.12],[177.44,-48.01],[177.29,-47.94],[177.17,-47.93],[176.84,-47.67],[176.64,-47.66],[176.49,-47.3],[176.5,-47.25],[176.81,-47.17],[176.98,-47.21],[177.16,-47.21],[177.36,-47.28],[177.53,-47.28],[177.62,-47.42],[177.67,-47.35],[177.77,-47.3],[178.22,-47.3],[178.35,-47.24],[178.51,-47.26],[178.9,-47.21],[179.06,-47.23],[180.0,-47.23],[180.0,-44.4],[179.92,-44.4],[179.78,-44.33],[179.65,-44.35],[179.57,-44.3],[179.42,-44.38],[179.23,-44.26],[179.11,-44.26],[179.05,-44.2],[178.73,-44.21],[178.42,-44.11],[178.18,-44.11],[178.08,-44.06],[177.93,-44.09],[177.82,-44.06],[177.67,-44.21],[177.53,-44.29],[177.46,-44.3],[177.29,-44.26],[177.07,-44.35],[176.88,-44.33],[176.78,-44.38],[176.76,-44.45],[177.01,-44.46],[177.02,-44.49],[176.97,-44.57],[176.66,-44.52],[176.38,-44.64],[175.98,-44.68],[175.82,-44.72],[175.66,-44.83],[175.37,-44.86],[175.07,-44.99],[174.73,-45.01],[174.59,-45.15],[174.5,-45.12],[174.31,-45.14],[174.26,-45.11],[174.25,-45.0],[174.38,-44.9],[174.26,-44.9],[174.19,-44.86],[174.14,-44.9],[174.03,-44.91],[173.78,-44.78],[173.59,-44.83],[173.52,-44.78],[173.38,-44.81],[173.3,-44.76],[173.11,-44.81],[172.97,-44.76],[172.47,-44.89],[171.92,-45.12],[171.86,-45.31],[171.68,-45.35],[171.6,-45.53],[171.48,-45.58],[171.48,-45.65],[171.43,-45.67],[171.3,-46.08],[171.22,-46.18],[171.22,-46.3],[171.07,-46.37],[171.05,-46.47],[170.98,-46.52],[170.95,-46.61],[170.86,-46.66],[170.78,-46.75],[170.4,-46.92],[170.23,-47.25],[169.96,-47.51],[169.94,-47.56],[169.99,-47.64],[170.02,-47.78],[170.11,-47.88],[170.17,-48.01],[170.13,-48.23],[170.31,-48.28],[170.21,-48.48],[170.26,-48.5],[170.26,-48.58],[170.31,-48.66],[170.54,-48.43],[170.74,-48.48],[170.9,-48.43],[171.02,-48.48],[171.07,-48.43],[171.59,-48.34],[171.74,-48.38],[171.84,-48.36],[172.05,-48.37],[172.37,-48.29],[172.51,-48.31],[172.56,-48.26],[172.81,-48.16],[173.03,-48.18],[173.2,-48.32],[173.28,-48.34],[173.54,-48.29],[173.78,-48.34],[174.05,-48.31],[174.29,-48.36],[174.77,-48.26],[175.0,-48.28],[175.18,-48.24],[175.37,-48.31],[175.52,-48.26],[175.58,-48.28],[175.66,-48.5],[175.82,-48.74],[175.78,-48.9],[175.97,-49.21],[175.87,-49.42],[176.02,-49.46],[175.99,-49.56],[176.07,-49.58],[176.08,-49.65],[176.03,-49.7],[175.93,-49.61],[175.67,-49.67],[175.6,-49.75],[175.54,-49.9],[175.4,-50.05],[175.15,-50.04],[175.06,-50.09],[174.91,-50.09],[174.55,-50.23],[174.36,-50.35],[174.27,-50.46],[174.24,-50.56],[174.31,-50.54],[174.39,-50.58],[174.48,-50.83],[174.67,-50.86],[174.77,-51.0],[174.86,-50.98],[174.91,-51.12],[174.98,-51.14],[175.01,-51.19],[174.98,-51.34],[175.03,-51.46],[174.77,-51.67],[174.68,-51.68],[174.62,-51.77],[174.55,-51.77],[174.25,-51.96],[174.06,-51.97],[174.07,-52.08],[174.02,-52.22],[174.1,-52.46],[174.05,-52.53],[173.91,-52.62],[173.88,-52.68],[173.94,-52.7],[173.98,-52.82],[174.08,-52.85],[174.1,-52.92],[173.67,-53.21],[173.67,-53.25],[173.75,-53.37],[173.72,-53.44],[173.35,-53.38],[173.23,-53.59],[173.04,-53.62],[172.65,-53.81],[172.35,-53.83],[172.25,-53.81],[172.08,-53.87],[171.88,-53.89],[171.71,-53.88],[171.6,-53.83],[171.45,-53.83],[171.33,-53.78],[171.27,-53.93],[171.16,-53.98],[170.71,-53.97],[170.66,-53.86],[170.79,-53.75],[170.76,-53.73],[170.53,-53.84],[170.14,-53.89],[170.03,-53.93],[169.8,-53.9],[169.62,-54.06],[169.55,-54.02],[169.54,-53.89],[169.24,-53.84],[169.03,-53.86],[168.86,-53.78],[168.86,-53.85],[168.96,-53.91],[169.34,-53.9],[169.42,-53.93],[169.6,-54.24],[169.6,-54.37],[169.53,-54.4],[169.38,-54.35],[169.24,-54.4],[169.1,-54.31],[169.07,-54.41],[168.93,-54.55],[168.86,-54.58],[168.74,-54.55],[168.62,-54.4],[168.53,-54.36],[168.3,-54.5],[168.24,-54.5],[168.17,-54.33],[167.86,-54.35],[167.87,-54.23],[167.82,-54.19],[167.73,-54.22],[167.78,-54.26],[167.81,-54.35],[167.74,-54.41],[167.59,-54.36],[167.57,-54.22],[167.45,-54.34],[167.28,-54.26],[167.23,-54.36],[167.55,-54.5],[167.74,-54.43],[168.07,-54.41],[168.17,-54.48],[168.19,-54.6],[167.98,-54.62],[167.97,-54.71],[167.83,-54.79],[167.69,-54.8],[167.42,-54.67],[167.27,-54.67],[167.15,-54.73],[167.06,-54.84],[166.85,-54.84],[166.7,-54.93],[166.58,-54.93],[166.52,-54.89],[166.51,-54.84],[166.57,-54.78],[166.9,-54.62],[167.09,-54.6],[166.97,-54.55],[166.87,-54.45],[167.04,-54.19],[166.93,-54.17],[166.92,-54.0],[166.87,-53.93],[166.86,-53.81],[167.14,-53.78],[167.17,-53.75],[167.18,-53.59],[167.31,-53.55],[167.3,-53.52],[167.17,-53.47],[167.09,-53.4],[167.06,-53.3],[167.09,-53.25],[167.23,-53.26],[167.25,-53.2],[167.28,-53.18],[167.45,-53.23],[167.51,-53.19],[167.45,-53.09],[167.42,-52.9],[167.51,-52.7],[167.5,-52.63],[167.2,-52.53],[167.15,-52.46],[167.13,-52.29],[167.04,-52.28],[166.92,-52.2],[166.68,-52.18],[166.63,-52.06],[166.46,-52.06],[166.22,-51.82],[166.03,-51.79],[165.85,-51.64],[165.5,-51.58],[165.35,-51.43],[165.31,-51.34],[165.34,-51.27],[165.47,-51.14],[165.55,-51.1],[165.78,-51.07],[165.68,-50.92],[165.66,-50.69],[165.75,-50.49],[166.04,-50.23],[165.91,-49.97],[165.98,-49.8],[166.0,-49.56],[166.03,-49.5],[166.37,-49.25],[166.27,-49.1],[166.34,-49.01],[166.36,-48.86],[166.22,-48.58],[166.23,-48.25],[166.34,-48.02],[166.28,-47.84],[166.44,-47.54],[166.7,-47.5],[166.75,-47.42],[166.85,-47.38],[166.92,-47.16],[166.99,-47.09],[167.03,-46.98],[166.78,-46.87],[166.56,-46.9],[166.37,-46.69],[166.21,-46.89],[165.99,-46.98],[165.88,-47.08],[165.62,-47.12],[165.57,-47.04],[165.58,-46.94],[165.71,-46.85],[165.72,-46.73],[165.69,-46.71],[165.6,-46.8],[165.5,-46.8],[165.42,-46.73],[165.42,-46.63],[165.77,-46.44],[165.77,-46.3],[165.86,-46.22],[165.89,-46.01],[166.22,-45.83],[166.91,-45.1],[166.93,-44.95],[167.14,-44.86],[167.33,-44.71],[167.47,-44.66],[168.12,-43.99],[168.41,-43.78],[168.54,-43.74],[168.6,-43.66],[168.78,-43.58],[168.81,-43.48],[168.67,-43.42],[168.55,-43.48],[168.49,-43.41],[168.48,-43.32],[168.62,-43.12],[168.79,-42.96],[168.94,-42.94],[168.95,-42.8],[169.18,-42.65],[169.31,-42.73],[169.37,-42.72],[169.44,-42.6],[169.44,-42.42],[169.48,-42.37],[169.66,-42.38],[169.78,-42.34],[169.91,-42.39],[169.94,-42.36],[169.87,-42.19],[169.69,-42.06],[169.68,-41.99],[169.76,-41.81],[169.72,-41.75],[169.42,-41.59],[169.03,-41.64],[168.86,-41.57],[168.58,-41.56],[168.53,-41.51],[168.55,-41.35],[168.43,-41.29],[168.36,-41.14],[168.38,-41.07],[168.5,-41.02],[168.47,-40.94],[168.45,-40.93],[168.41,-41.01],[168.33,-41.02],[168.31,-40.92],[168.17,-40.97],[168.07,-40.85],[168.0,-40.9],[167.92,-40.9],[167.85,-40.87],[167.77,-40.78],[167.75,-40.69],[167.77,-40.61],[167.81,-40.59],[167.92,-40.6],[167.98,-40.52],[168.07,-40.49],[167.84,-40.46],[167.81,-40.37],[167.69,-40.32],[167.59,-40.21],[167.58,-40.11],[167.62,-40.05],[167.87,-39.97],[167.9,-39.85],[167.86,-39.76],[167.74,-39.65],[167.43,-39.54],[167.44,-39.4],[167.62,-39.31],[167.39,-39.08],[167.35,-38.76],[167.26,-38.69],[167.14,-38.68],[167.11,-38.64],[167.13,-38.53],[167.36,-38.3],[167.42,-38.18],[167.38,-37.97],[167.27,-37.85],[167.25,-37.78],[167.27,-37.7],[167.41,-37.6],[167.42,-37.54],[167.27,-37.47],[167.18,-37.46],[167.18,-37.56],[167.15,-37.64],[167.05,-37.66],[166.93,-37.64],[166.88,-37.53],[167.02,-37.44],[166.97,-37.35],[166.98,-37.29],[167.06,-37.2],[167.25,-37.16],[167.26,-37.11],[167.17,-37.0],[167.2,-36.95],[167.4,-36.94],[167.45,-37.01],[167.56,-37.01],[167.63,-36.98],[167.68,-36.92],[167.76,-36.92],[167.88,-37.03],[168.05,-37.05],[168.07,-37.08],[168.06,-37.16],[167.82,-37.27],[167.81,-37.34],[167.98,-37.38],[168.2,-37.34],[168.41,-37.42],[168.55,-37.37],[168.62,-37.42],[168.96,-37.51],[169.13,-37.44],[169.3,-37.44],[169.49,-37.56],[169.85,-37.61],[169.93,-37.72],[170.09,-37.8],[170.19,-37.93],[170.32,-38.03],[170.52,-38.11],[170.67,-38.07],[171.1,-38.3],[171.26,-38.47],[171.43,-38.47],[171.52,-38.5],[171.53,-38.57],[171.34,-38.64],[171.35,-38.72],[171.46,-38.67],[171.52,-38.7],[171.58,-38.81],[171.72,-38.81],[171.82,-38.9],[172.06,-38.96],[172.2,-38.91],[172.32,-38.69],[172.39,-38.66],[172.54,-38.5],[172.61,-38.47],[172.77,-38.34],[173.14,-38.33],[173.33,-38.14],[173.52,-38.09],[173.74,-37.81],[173.79,-37.7],[173.78,-37.49],[173.94,-37.24],[173.93,-37.12],[173.78,-36.94],[173.74,-36.82],[173.55,-36.69],[173.57,-36.46],[173.52,-36.41],[173.5,-36.31],[173.28,-36.24],[173.21,-36.12],[172.97,-36.05],[172.29,-35.6],[172.27,-35.53],[172.35,-35.33],[172.34,-35.23],[172.3,-35.19],[171.96,-35.06],[171.91,-34.93],[171.99,-34.84],[172.0,-34.76],[171.82,-34.58],[171.65,-34.54],[171.62,-34.49],[171.56,-34.47],[171.29,-34.22],[171.19,-34.03],[171.14,-34.01],[171.14,-33.96],[171.1,-33.94],[171.1,-33.89],[171.05,-33.86],[171.05,-33.82],[170.92,-33.68],[170.86,-33.4],[170.88,-33.36],[170.95,-33.35],[171.17,-33.43],[171.34,-33.7],[171.55,-33.72],[171.74,-33.84],[171.89,-33.86],[171.98,-33.94],[171.92,-33.78],[171.84,-33.79],[171.77,-33.76],[171.77,-33.68],[171.82,-33.62],[171.87,-33.62],[171.98,-33.72],[172.2,-33.68],[172.82,-33.91],[172.92,-34.03],[173.09,-34.07],[173.47,-34.37],[173.81,-34.42],[173.95,-34.31],[174.04,-34.3],[174.19,-34.39],[174.22,-34.51],[174.29,-34.51],[174.34,-34.56],[174.62,-34.57],[174.71,-34.6],[174.76,-34.65],[174.74,-34.8],[174.84,-34.87],[174.92,-34.87],[175.03,-34.78],[175.09,-34.78],[175.1,-34.85],[175.26,-34.83],[175.32,-34.92],[175.27,-35.12],[175.29,-35.16],[175.41,-35.13],[175.49,-35.14],[175.56,-35.26],[175.61,-35.28],[175.75,-35.18],[175.82,-35.18],[175.9,-35.42],[176.02,-35.5],[176.1,-35.61],[176.18,-35.62],[176.23,-35.66],[176.42,-35.62],[176.58,-35.79],[176.62,-35.93],[176.47,-36.07],[176.43,-36.38],[176.44,-36.81],[176.5,-36.93],[176.58,-37.01],[176.78,-37.03],[176.83,-37.1],[177.31,-37.3],[177.34,-37.34],[177.43,-37.39],[177.68,-37.38],[177.94,-37.27],[178.25,-37.3],[178.39,-37.42],[178.53,-37.43],[178.66,-37.42],[178.86,-37.29],[178.97,-37.27],[179.14,-37.32],[179.18,-37.44],[179.37,-37.48],[179.35,-37.58],[179.18,-37.61],[178.99,-37.84],[179.06,-37.97],[179.11,-37.97],[179.16,-38.12],[179.02,-38.33],[178.97,-38.35],[178.92,-38.54],[178.81,-38.64],[178.81,-38.75],[178.76,-38.87],[178.63,-38.95],[178.42,-38.9],[178.3,-39.05],[178.3,-39.09],[178.37,-39.19],[178.37,-39.34],[178.49,-39.5],[178.5,-39.7],[178.46,-39.78],[178.35,-39.85],[178.25,-39.86],[178.15,-39.77],[178.01,-39.7],[177.79,-39.79],[177.62,-40.01],[177.58,-40.01],[177.55,-40.06],[177.46,-40.1],[177.43,-40.18],[177.36,-40.2],[177.34,-40.34],[177.27,-40.42],[177.2,-40.45],[177.1,-40.39],[177.01,-40.4],[177.01,-40.46],[177.15,-40.52],[177.17,-40.6],[177.04,-40.8],[176.99,-40.86],[176.86,-40.9],[176.74,-41.04],[176.59,-41.06],[176.33,-41.23],[176.24,-41.38],[175.97,-41.5],[175.74,-41.68],[175.25,-41.81],[175.01,-41.74],[174.96,-41.88],[174.88,-41.96],[174.77,-42.02],[174.62,-42.02],[174.52,-42.07],[174.44,-42.31],[174.38,-42.34],[174.17,-42.31],[174.05,-42.48],[173.82,-42.55],[173.8,-42.61],[173.9,-43.01],[174.29,-42.91],[174.46,-42.91],[174.6,-42.84],[174.72,-42.84],[174.79,-42.79],[175.03,-42.77],[175.15,-42.72],[175.7,-42.67],[175.85,-42.62],[176.26,-42.62],[176.4,-42.58],[177.07,-42.67],[177.36,-42.62],[177.53,-42.67],[178.06,-42.65],[178.25,-42.73],[179.12,-42.81],[179.2,-42.78],[179.26,-42.7],[179.32,-42.66],[180.0,-42.53],[180.0,-29.78],[179.82,-29.83],[179.76,-29.8],[179.74,-29.74],[179.81,-29.6],[180.0,-29.57],[180.0,-29.14],[179.96,-29.03],[179.97,-28.77],[180.0,-28.75],[180.0,-27.84],[179.95,-27.72],[180.0,-27.65],[180.0,-18.74],[179.94,-18.77],[179.84,-18.75],[179.77,-18.69],[179.74,-18.58],[179.82,-18.47],[180.0,-18.43],[180.0,-17.04],[179.93,-17.05],[179.76,-16.97],[179.66,-16.97],[179.48,-16.89],[179.23,-16.97],[179.26,-17.11],[179.2,-17.22],[178.94,-17.18],[178.95,-17.24],[179.02,-17.28],[179.22,-17.56],[179.33,-17.59],[179.35,-17.64],[179.5,-17.64],[179.55,-17.7],[179.56,-17.93],[179.36,-18.25],[179.31,-18.24],[179.12,-18.07],[179.11,-17.95],[179.17,-17.88],[179.08,-17.79],[179.05,-17.91],[178.82,-18.19],[178.63,-18.26],[178.42,-18.26],[178.12,-18.56],[178.04,-18.6],[177.86,-18.6],[177.7,-18.66],[177.54,-18.62],[177.53,-18.51],[177.56,-18.41],[177.66,-18.4],[177.87,-18.48],[177.89,-18.43],[177.71,-18.3],[177.41,-18.26],[177.23,-18.16],[177.07,-17.9],[176.93,-17.73],[176.79,-17.15],[176.81,-17.09],[176.91,-17.04],[177.16,-16.83],[177.24,-16.71],[177.53,-16.5],[177.74,-16.51],[177.79,-16.46],[177.92,-16.43],[178.58,-16.14],[178.92,-16.18],[179.11,-16.06],[179.33,-16.13],[179.46,-16.05],[179.63,-16.01],[180.0,-16.01],[180.0,-15.84],[179.92,-15.79],[179.91,-15.71],[180.0,-15.62],[180.0,-13.73],[179.9,-13.73],[179.87,-13.67],[179.9,-13.5],[180.0,-13.37],[180.0,-11.81],[179.97,-11.77],[179.92,-11.53],[180.0,-11.45],[180.0,-3.87],[135.04,5.88]],[[126.61,5.4],[126.55,5.47],[126.52,5.62],[126.55,5.69],[126.61,5.71],[126.66,5.66],[126.68,5.46],[126.67,5.41],[126.61,5.4]],[[132.2,5.4],[132.26,5.44],[132.33,5.42],[132.32,5.35],[132.25,5.26],[132.19,5.27],[132.17,5.3],[132.2,5.4]],[[126.98,5.02],[127.03,5.04],[127.12,5.01],[127.23,4.9],[127.31,4.74],[127.33,4.58],[127.25,4.46],[127.02,4.56],[127.0,4.54],[127.03,4.25],[126.96,4.06],[127.05,4.0],[127.06,3.96],[126.98,3.72],[126.96,3.51],[126.92,3.49],[126.86,3.52],[126.62,3.84],[126.57,4.02],[126.62,4.22],[126.63,4.48],[126.73,4.71],[126.72,5.0],[126.8,4.97],[126.86,4.9],[126.9,4.67],[126.94,4.66],[126.98,5.02]],[[131.96,4.62],[131.91,4.7],[131.94,4.75],[132.01,4.76],[132.06,4.72],[132.07,4.66],[132.02,4.61],[131.96,4.62]],[[132.35,4.47],[132.41,4.44],[132.42,4.37],[132.37,4.25],[132.31,4.23],[132.26,4.37],[132.31,4.46],[132.35,4.47]],[[127.79,4.28],[127.83,4.24],[127.85,4.1],[127.9,4.06],[127.89,3.97],[127.95,3.89],[128.02,3.85],[128.22,3.87],[128.31,3.81],[128.34,3.69],[128.28,3.52],[128.18,3.5],[128.04,3.67],[127.8,3.79],[127.67,3.74],[127.62,3.8],[127.59,3.94],[127.62,4.1],[127.69,4.22],[127.79,4.28]],[[125.88,4.99],[125.86,4.85],[125.93,4.75],[126.02,4.44],[126.02,4.3],[125.98,4.15],[126.0,3.79],[125.93,3.6],[125.95,3.36],[125.86,3.19],[125.86,3.05],[125.79,2.91],[125.74,2.83],[125.59,2.86],[125.62,2.72],[125.61,2.65],[125.5,2.58],[125.36,2.58],[125.28,2.69],[125.16,2.67],[125.13,2.72],[125.16,2.8],[125.28,2.78],[125.4,2.91],[125.38,3.24],[125.47,3.36],[125.35,3.64],[125.35,3.77],[125.4,3.84],[125.35,3.89],[125.38,3.96],[125.27,4.22],[125.32,4.33],[125.39,4.34],[125.46,4.25],[125.53,4.35],[125.5,4.52],[125.37,4.63],[125.34,4.7],[125.36,4.76],[125.54,4.9],[125.59,4.98],[125.82,5.01],[125.88,4.99]],[[131.19,2.93],[131.09,3.02],[131.09,3.07],[131.14,3.11],[131.24,3.07],[131.27,3.01],[131.25,2.92],[131.19,2.93]],[[131.7,2.96],[131.75,3.05],[131.88,3.1],[131.93,3.07],[131.95,3.0],[131.91,2.84],[131.8,2.73],[131.71,2.76],[131.68,2.85],[131.7,2.96]],[[125.22,2.06],[125.21,2.13],[125.28,2.26],[125.16,2.34],[125.18,2.45],[125.37,2.54],[125.54,2.49],[125.59,2.41],[125.54,2.26],[125.54,2.14],[125.37,1.91],[125.29,1.92],[125.22,2.06]],[[126.34,1.25],[126.31,1.33],[126.34,1.42],[126.43,1.45],[126.48,1.44],[126.5,1.37],[126.45,1.25],[126.38,1.23],[126.34,1.25]],[[126.15,0.91],[126.07,0.95],[126.12,1.08],[126.38,1.06],[126.38,0.94],[126.15,0.91]],[[131.22,0.93],[131.15,0.99],[131.18,1.12],[131.26,1.22],[131.39,1.25],[131.41,1.19],[131.37,0.98],[131.3,0.94],[131.22,0.93]],[[154.7,1.07],[154.79,1.07],[154.85,1.01],[154.88,0.92],[154.83,0.86],[154.73,0.87],[154.66,0.93],[154.64,1.0],[154.7,1.07]],[[134.44,1.04],[134.49,1.01],[134.5,0.96],[134.37,0.7],[134.29,0.68],[134.26,0.81],[134.29,0.96],[134.36,1.04],[134.44,1.04]],[[145.21,-0.84],[145.15,-0.79],[145.19,-0.7],[145.34,-0.71],[145.39,-0.74],[145.35,-0.84],[145.21,-0.84]],[[145.4,-0.83],[145.47,-0.76],[145.57,-0.76],[145.65,-0.86],[145.65,-0.98],[145.59,-1.03],[145.45,-1.02],[145.39,-0.94],[145.4,-0.83]],[[144.57,-0.89],[144.61,-0.93],[144.62,-1.13],[144.66,-1.18],[144.84,-1.27],[144.79,-1.65],[144.84,-1.85],[144.79,-2.02],[144.91,-2.11],[144.96,-1.97],[145.06,-1.94],[145.22,-1.82],[145.37,-1.87],[145.49,-1.82],[145.59,-1.83],[145.83,-1.9],[146.02,-1.92],[146.15,-1.89],[146.28,-1.92],[146.64,-1.7],[146.95,-1.75],[147.18,-1.73],[147.28,-1.76],[147.41,-1.85],[147.7,-1.87],[148.06,-1.8],[148.68,-1.82],[148.88,-1.89],[148.92,-1.97],[148.87,-2.04],[148.58,-1.99],[148.07,-2.1],[148.06,-2.3],[147.98,-2.39],[147.59,-2.47],[147.5,-2.56],[147.52,-2.64],[147.6,-2.71],[148.12,-2.99],[148.1,-3.1],[148.02,-3.16],[148.2,-3.24],[148.27,-3.31],[148.37,-3.34],[148.37,-3.46],[148.44,-3.59],[148.42,-3.65],[148.2,-3.7],[148.01,-3.62],[147.86,-3.62],[147.79,-3.59],[147.68,-3.47],[147.65,-3.36],[147.68,-3.3],[147.9,-3.22],[147.69,-3.1],[147.63,-3.0],[147.5,-2.94],[147.48,-2.83],[147.42,-2.83],[147.23,-2.72],[147.16,-2.72],[147.26,-2.86],[147.24,-2.95],[147.19,-2.99],[147.06,-2.99],[146.86,-2.9],[146.86,-2.74],[146.83,-2.73],[146.43,-3.16],[146.38,-3.17],[146.33,-3.14],[146.34,-3.03],[146.31,-2.98],[146.16,-2.93],[146.02,-2.74],[146.09,-2.57],[146.07,-2.53],[145.68,-2.29],[145.63,-2.28],[145.51,-2.45],[145.41,-2.45],[145.3,-2.35],[145.27,-2.17],[145.15,-2.28],[144.99,-2.27],[144.94,-2.38],[144.86,-2.4],[144.79,-2.37],[144.72,-2.28],[144.74,-2.1],[144.62,-2.09],[144.46,-1.99],[144.24,-2.04],[144.04,-1.98],[143.96,-1.86],[143.95,-1.69],[144.05,-1.27],[144.05,-1.15],[144.24,-1.08],[144.4,-0.93],[144.57,-0.89]],[[149.4,-1.23],[149.41,-1.17],[149.52,-1.13],[149.84,-1.28],[150.02,-1.54],[150.17,-1.54],[150.19,-1.62],[150.23,-1.65],[150.5,-1.58],[150.58,-1.61],[150.58,-1.68],[150.69,-1.57],[150.78,-1.63],[150.79,-1.72],[150.75,-1.8],[150.64,-1.84],[150.53,-1.84],[150.53,-1.76],[150.51,-1.75],[150.4,-1.8],[150.14,-1.81],[149.95,-1.87],[149.72,-1.77],[149.53,-1.74],[149.48,-1.7],[149.5,-1.53],[149.4,-1.23]],[[153.06,-1.81],[153.06,-1.7],[153.23,-1.6],[153.62,-1.57],[153.69,-1.61],[153.77,-1.91],[153.75,-1.99],[153.66,-2.08],[153.37,-2.16],[153.31,-2.12],[153.27,-2.01],[153.06,-1.81]],[[148.71,-2.06],[148.75,-2.09],[148.76,-2.18],[148.64,-2.19],[148.6,-2.13],[148.65,-2.08],[148.71,-2.06]],[[149.02,-2.19],[149.05,-2.2],[149.05,-2.28],[148.99,-2.35],[148.96,-2.34],[148.91,-2.26],[149.02,-2.19]],[[148.37,-2.24],[148.31,-2.3],[148.19,-2.31],[148.13,-2.26],[148.12,-2.18],[148.19,-2.11],[148.3,-2.11],[148.37,-2.16],[148.37,-2.24]],[[145.18,-1.35],[145.24,-1.42],[145.23,-1.6],[145.12,-1.7],[144.98,-1.68],[144.89,-1.58],[144.9,-1.45],[145.03,-1.37],[145.18,-1.35]],[[148.7,-3.68],[148.63,-3.65],[148.61,-3.59],[148.71,-3.52],[148.77,-3.55],[148.81,-3.64],[148.77,-3.69],[148.7,-3.68]],[[141.47,-2.02],[141.34,-2.02],[141.28,-1.99],[141.43,-1.95],[141.5,-1.98],[141.47,-2.02]],[[141.86,-2.01],[141.76,-1.96],[141.92,-1.94],[141.97,-1.96],[141.94,-2.0],[141.86,-2.01]],[[142.93,-1.65],[142.99,-1.74],[142.94,-1.79],[142.83,-1.79],[142.75,-1.74],[142.78,-1.67],[142.93,-1.65]],[[143.2,-1.42],[143.19,-1.46],[143.11,-1.48],[143.04,-1.45],[143.03,-1.42],[143.09,-1.35],[143.18,-1.37],[143.2,-1.42]],[[143.52,-1.32],[143.58,-1.23],[143.78,-1.21],[143.85,-1.26],[143.79,-1.34],[143.67,-1.39],[143.55,-1.37],[143.52,-1.32]],[[148.23,-4.18],[148.19,-4.12],[148.2,-4.06],[148.27,-4.02],[148.35,-4.02],[148.39,-4.09],[148.37,-4.16],[148.29,-4.21],[148.23,-4.18]],[[146.23,-4.39],[146.22,-4.29],[146.31,-4.25],[146.33,-4.29],[146.3,-4.37],[146.41,-4.53],[146.37,-4.59],[146.3,-4.62],[146.23,-4.59],[146.23,-4.39]],[[148.71,-4.6],[148.7,-4.5],[148.83,-4.4],[148.98,-4.47],[149.09,-4.43],[149.22,-4.43],[149.33,-4.49],[149.61,-4.57],[149.69,-4.66],[149.63,-4.76],[149.47,-4.78],[149.14,-4.66],[148.9,-4.65],[148.71,-4.6]],[[149.22,-4.74],[149.3,-4.8],[149.3,-4.92],[149.19,-4.99],[149.06,-4.98],[149.03,-4.94],[149.04,-4.78],[149.22,-4.74]],[[146.79,-4.79],[146.87,-4.85],[146.86,-4.94],[146.79,-4.98],[146.68,-4.95],[146.64,-4.89],[146.64,-4.84],[146.79,-4.79]],[[147.09,-5.54],[147.01,-5.49],[146.96,-5.41],[146.89,-5.18],[146.88,-5.06],[146.94,-5.02],[147.01,-5.02],[147.12,-5.09],[147.25,-5.1],[147.33,-5.23],[147.34,-5.4],[147.31,-5.46],[147.18,-5.54],[147.09,-5.54]],[[152.0,-3.06],[151.89,-2.98],[151.83,-2.71],[151.74,-2.51],[151.77,-2.46],[152.03,-2.42],[152.09,-2.44],[152.14,-2.54],[152.18,-3.01],[152.12,-3.07],[152.0,-3.06]],[[152.46,-3.06],[152.54,-2.92],[152.62,-2.88],[152.75,-2.85],[152.82,-2.9],[152.82,-3.09],[152.74,-3.25],[152.69,-3.29],[152.52,-3.26],[152.48,-3.21],[152.46,-3.06]],[[154.4,-3.2],[154.37,-3.12],[154.42,-3.05],[154.52,-3.02],[154.63,-3.05],[154.68,-3.12],[154.79,-3.16],[154.86,-3.24],[154.94,-3.42],[154.91,-3.53],[154.82,-3.59],[154.75,-3.58],[154.4,-3.2]],[[153.38,-3.23],[153.43,-3.34],[153.39,-3.49],[153.29,-3.61],[153.16,-3.62],[153.11,-3.54],[153.15,-3.4],[153.29,-3.25],[153.38,-3.23]],[[153.67,-3.84],[153.85,-3.82],[153.88,-3.87],[153.89,-3.98],[153.8,-4.14],[153.64,-4.19],[153.54,-4.14],[153.5,-3.98],[153.53,-3.91],[153.67,-3.84]],[[175.78,-4.07],[175.71,-3.98],[175.78,-3.92],[175.85,-3.95],[175.88,-4.03],[175.84,-4.07],[175.78,-4.07]],[[154.41,-5.08],[154.39,-4.87],[154.27,-4.72],[154.15,-4.68],[154.11,-4.63],[154.05,-4.37],[154.13,-4.3],[154.27,-4.32],[154.37,-4.39],[154.39,-4.54],[154.73,-4.87],[154.75,-4.96],[154.99,-5.4],[155.16,-5.44],[155.28,-5.64],[155.47,-5.86],[155.54,-5.88],[155.69,-6.02],[155.81,-6.02],[155.99,-6.23],[156.24,-6.24],[156.29,-6.31],[156.26,-6.41],[156.48,-6.38],[156.61,-6.43],[157.03,-6.77],[157.27,-6.86],[157.42,-7.06],[157.61,-7.06],[157.9,-7.13],[158.06,-7.13],[158.28,-7.22],[158.52,-7.25],[158.57,-7.33],[158.74,-7.37],[159.03,-7.62],[159.45,-7.79],[159.5,-7.76],[159.53,-7.58],[159.59,-7.55],[159.82,-7.63],[159.91,-7.78],[160.17,-7.85],[160.2,-7.92],[160.18,-7.96],[160.08,-8.0],[160.46,-8.19],[160.49,-8.24],[160.48,-8.36],[160.45,-8.39],[160.15,-8.38],[160.09,-8.33],[160.06,-8.35],[160.2,-8.62],[160.22,-8.76],[160.34,-8.9],[160.61,-9.12],[160.65,-9.29],[160.72,-9.4],[160.85,-9.43],[161.02,-9.58],[161.15,-9.62],[161.17,-9.71],[161.06,-9.73],[161.18,-9.89],[161.17,-9.98],[161.09,-10.03],[160.97,-10.06],[160.94,-10.25],[160.9,-10.3],[160.84,-10.3],[160.76,-10.22],[160.72,-10.12],[160.62,-10.08],[160.31,-9.89],[159.72,-9.84],[159.5,-9.53],[159.48,-9.41],[159.34,-9.28],[159.26,-9.27],[159.1,-9.37],[158.91,-9.33],[158.86,-9.25],[158.88,-9.17],[158.86,-9.08],[158.89,-8.92],[158.95,-8.87],[159.08,-8.85],[159.3,-8.9],[159.5,-9.0],[159.62,-9.14],[159.71,-9.12],[159.79,-9.02],[159.86,-9.0],[159.86,-8.97],[159.67,-8.83],[159.58,-8.66],[159.53,-8.64],[159.53,-8.59],[159.29,-8.35],[159.17,-8.3],[159.02,-8.14],[158.83,-8.06],[158.64,-7.85],[158.47,-7.8],[158.37,-7.73],[157.94,-7.8],[157.67,-7.75],[157.61,-7.82],[157.78,-7.94],[157.99,-8.26],[158.14,-8.28],[158.28,-8.42],[158.4,-8.71],[158.38,-8.83],[158.48,-8.96],[158.5,-9.14],[158.47,-9.19],[158.16,-9.14],[158.14,-9.1],[158.09,-9.1],[158.06,-9.0],[157.9,-8.98],[157.8,-8.9],[157.68,-8.95],[157.5,-8.85],[157.3,-8.78],[157.23,-8.73],[157.1,-8.54],[157.11,-8.44],[157.07,-8.38],[156.83,-8.21],[156.71,-8.19],[156.66,-8.23],[156.6,-8.36],[156.5,-8.37],[156.48,-8.05],[156.25,-7.66],[156.07,-7.66],[156.05,-7.56],[155.86,-7.53],[155.78,-7.46],[155.47,-7.47],[155.44,-7.42],[155.48,-7.29],[155.58,-7.19],[155.47,-7.13],[155.4,-7.01],[155.22,-6.92],[155.04,-6.89],[154.8,-6.63],[154.73,-6.41],[154.69,-6.34],[154.51,-6.19],[154.42,-5.98],[154.24,-5.84],[154.24,-5.76],[154.28,-5.67],[154.47,-5.56],[154.49,-5.53],[154.41,-5.08]],[[159.25,-4.47],[159.34,-4.37],[159.48,-4.34],[159.55,-4.37],[159.59,-4.42],[159.6,-4.52],[159.58,-4.68],[159.47,-4.73],[159.28,-4.68],[159.22,-4.58],[159.25,-4.47]],[[156.96,-4.53],[157.05,-4.58],[157.19,-4.73],[157.22,-4.81],[157.2,-4.88],[157.13,-4.92],[156.97,-4.91],[156.82,-4.82],[156.82,-4.56],[156.88,-4.52],[156.96,-4.53]],[[155.39,-4.54],[155.52,-4.61],[155.58,-4.74],[155.56,-4.85],[155.42,-4.92],[155.26,-4.87],[155.21,-4.74],[155.22,-4.65],[155.26,-4.57],[155.39,-4.54]],[[159.64,-5.65],[159.24,-5.53],[159.12,-5.44],[159.13,-5.27],[159.19,-5.06],[159.23,-4.98],[159.29,-4.94],[159.45,-4.93],[159.53,-4.96],[159.58,-5.02],[159.6,-5.21],[159.77,-5.28],[159.84,-5.37],[159.85,-5.47],[159.8,-5.56],[159.64,-5.65]],[[179.52,-5.55],[179.6,-5.52],[179.65,-5.56],[179.65,-5.6],[179.56,-5.63],[179.52,-5.55]],[[176.15,-5.56],[176.26,-5.68],[176.25,-5.72],[176.19,-5.76],[176.05,-5.73],[176.0,-5.68],[176.04,-5.57],[176.15,-5.56]],[[176.31,-5.97],[176.34,-5.94],[176.41,-6.03],[176.41,-6.33],[176.33,-6.38],[176.27,-6.32],[176.31,-5.97]],[[179.73,-6.0],[179.79,-6.01],[179.8,-6.07],[179.71,-6.07],[179.69,-6.04],[179.73,-6.0]],[[177.35,-6.0],[177.4,-6.03],[177.42,-6.08],[177.4,-6.14],[177.35,-6.17],[177.3,-6.14],[177.27,-6.08],[177.3,-6.02],[177.35,-6.0]],[[159.46,-6.06],[159.52,-6.14],[159.51,-6.29],[159.43,-6.35],[159.32,-6.34],[159.26,-6.24],[159.29,-6.11],[159.39,-6.04],[159.46,-6.06]],[[158.5,-7.12],[158.66,-7.1],[158.74,-7.15],[158.76,-7.22],[158.7,-7.27],[158.59,-7.25],[158.49,-7.19],[158.5,-7.12]],[[177.1,-7.25],[177.08,-7.15],[177.13,-7.11],[177.2,-7.13],[177.23,-7.23],[177.2,-7.35],[177.15,-7.34],[177.1,-7.25]],[[178.67,-7.35],[178.74,-7.37],[178.78,-7.44],[178.79,-7.51],[178.74,-7.56],[178.65,-7.55],[178.59,-7.5],[178.59,-7.41],[178.67,-7.35]],[[160.55,-7.82],[160.72,-7.79],[160.85,-7.87],[160.87,-8.06],[161.02,-8.23],[161.0,-8.41],[161.11,-8.54],[161.17,-8.72],[161.28,-8.88],[161.35,-8.77],[161.42,-8.81],[161.43,-8.87],[161.37,-8.94],[161.42,-9.1],[161.52,-9.19],[161.57,-9.35],[161.69,-9.5],[161.69,-9.6],[161.79,-9.77],[161.74,-9.84],[161.57,-9.86],[161.4,-9.79],[161.11,-9.46],[160.97,-9.41],[160.78,-9.22],[160.74,-9.09],[160.57,-8.98],[160.51,-8.91],[160.5,-8.87],[160.58,-8.76],[160.49,-8.59],[160.56,-8.5],[160.52,-8.33],[160.66,-8.09],[160.57,-7.94],[160.55,-7.82]],[[178.31,-8.13],[178.23,-8.06],[178.24,-7.95],[178.32,-7.87],[178.46,-7.87],[178.52,-7.95],[178.49,-8.07],[178.39,-8.14],[178.31,-8.13]],[[162.71,-8.46],[162.6,-8.41],[162.57,-8.37],[162.6,-8.31],[162.72,-8.26],[162.78,-8.29],[162.81,-8.38],[162.77,-8.45],[162.71,-8.46]],[[179.01,-8.45],[179.05,-8.39],[179.13,-8.34],[179.21,-8.34],[179.26,-8.38],[179.3,-8.45],[179.29,-8.53],[179.19,-8.69],[179.12,-8.73],[179.04,-8.69],[179.01,-8.61],[179.01,-8.45]],[[161.78,-9.21],[161.7,-9.17],[161.6,-9.06],[161.57,-9.0],[161.59,-8.9],[161.66,-8.92],[161.83,-9.13],[161.83,-9.19],[161.78,-9.21]],[[179.87,-9.46],[179.84,-9.45],[179.8,-9.34],[179.81,-9.29],[179.86,-9.27],[179.92,-9.29],[179.96,-9.35],[179.95,-9.43],[179.87,-9.46]],[[165.41,-9.61],[165.52,-9.51],[165.59,-9.51],[165.62,-9.55],[165.62,-9.6],[165.54,-9.66],[165.44,-9.67],[165.41,-9.61]],[[166.14,-9.66],[166.19,-9.68],[166.18,-9.88],[166.1,-9.9],[166.02,-9.82],[166.02,-9.74],[166.03,-9.7],[166.14,-9.66]],[[167.07,-9.85],[167.0,-9.81],[166.99,-9.75],[167.04,-9.69],[167.11,-9.67],[167.72,-10.28],[167.75,-10.35],[167.73,-10.42],[167.67,-10.45],[167.59,-10.44],[167.35,-10.05],[167.07,-9.85]],[[179.38,-10.44],[179.48,-10.36],[179.69,-10.32],[179.77,-10.36],[179.8,-10.54],[179.88,-10.69],[179.83,-10.94],[179.46,-10.84],[179.44,-10.77],[179.48,-10.64],[179.37,-10.54],[179.38,-10.44]],[[165.88,-10.98],[165.69,-10.97],[165.61,-10.93],[165.59,-10.88],[165.6,-10.79],[165.7,-10.63],[165.67,-10.36],[165.71,-10.33],[165.75,-10.24],[165.83,-10.2],[165.88,-10.22],[165.87,-10.41],[165.92,-10.5],[166.1,-10.57],[166.24,-10.53],[166.32,-10.55],[166.41,-10.62],[166.46,-10.73],[166.45,-10.82],[166.36,-10.91],[166.19,-10.94],[166.01,-10.92],[165.88,-10.98]],[[166.6,-10.99],[166.63,-10.99],[166.67,-11.05],[166.69,-11.27],[166.59,-11.51],[166.56,-11.77],[166.47,-11.84],[166.38,-11.81],[166.36,-11.76],[166.37,-11.38],[166.34,-11.22],[166.42,-11.12],[166.6,-10.99]],[[169.95,-11.18],[169.88,-11.14],[169.86,-11.07],[169.9,-10.99],[169.98,-10.96],[170.04,-11.01],[170.05,-11.1],[170.02,-11.17],[169.95,-11.18]],[[175.34,-11.4],[175.56,-11.33],[175.6,-11.28],[175.78,-11.26],[175.97,-11.45],[176.04,-11.47],[176.06,-11.54],[176.11,-11.54],[176.17,-11.65],[176.42,-11.76],[176.59,-11.78],[176.64,-11.68],[176.75,-11.66],[176.83,-11.69],[176.83,-11.8],[176.66,-11.83],[176.57,-11.95],[176.38,-11.9],[176.26,-11.93],[175.69,-11.64],[175.58,-11.69],[175.62,-11.74],[175.63,-11.81],[175.61,-11.88],[175.56,-11.89],[175.48,-11.85],[175.32,-11.66],[175.14,-11.62],[175.18,-11.54],[175.34,-11.4]],[[177.95,-11.5],[178.0,-11.43],[178.18,-11.3],[178.29,-11.27],[178.46,-11.42],[178.49,-11.6],[178.65,-11.67],[178.68,-11.74],[178.65,-11.78],[178.44,-11.79],[178.26,-11.74],[178.15,-11.64],[178.02,-11.66],[177.96,-11.59],[177.95,-11.5]],[[179.41,-11.47],[179.37,-11.38],[179.4,-11.33],[179.47,-11.3],[179.51,-11.35],[179.52,-11.42],[179.47,-11.47],[179.41,-11.47]],[[179.35,-11.78],[179.32,-11.73],[179.33,-11.67],[179.43,-11.64],[179.46,-11.7],[179.45,-11.75],[179.35,-11.78]],[[174.24,-11.95],[174.08,-12.01],[173.89,-12.02],[173.71,-11.93],[173.57,-11.9],[173.51,-11.73],[173.6,-11.68],[173.77,-11.68],[173.93,-11.74],[174.16,-11.69],[174.29,-11.81],[174.29,-11.88],[174.24,-11.95]],[[172.29,-11.76],[172.37,-11.82],[172.39,-11.94],[172.36,-12.0],[172.22,-12.07],[172.18,-12.24],[171.95,-12.24],[171.85,-12.2],[171.82,-12.12],[171.84,-12.04],[171.98,-12.02],[171.91,-11.89],[171.94,-11.81],[172.29,-11.76]],[[171.58,-12.21],[171.63,-12.27],[171.6,-12.33],[171.5,-12.41],[171.43,-12.41],[171.4,-12.37],[171.41,-12.29],[171.48,-12.22],[171.58,-12.21]],[[172.63,-12.39],[172.73,-12.31],[172.81,-12.29],[172.87,-12.32],[172.9,-12.38],[172.83,-12.56],[172.71,-12.6],[172.63,-12.55],[172.63,-12.39]],[[176.78,-12.6],[176.79,-12.5],[176.94,-12.42],[177.17,-12.38],[177.26,-12.45],[177.26,-12.53],[177.2,-12.58],[176.82,-12.62],[176.78,-12.6]],[[172.39,-12.61],[172.36,-12.71],[172.27,-12.75],[172.14,-12.66],[172.12,-12.56],[172.2,-12.46],[172.25,-12.44],[172.34,-12.49],[172.39,-12.61]],[[174.0,-12.74],[174.12,-12.7],[174.15,-12.77],[174.11,-12.85],[174.07,-12.87],[173.99,-12.84],[173.97,-12.78],[174.0,-12.74]],[[176.23,-12.83],[176.18,-12.78],[176.21,-12.73],[176.29,-12.72],[176.37,-12.76],[176.35,-12.82],[176.23,-12.83]],[[177.36,-12.83],[177.39,-12.75],[177.44,-12.73],[177.54,-12.75],[177.59,-12.82],[177.59,-12.86],[177.5,-12.91],[177.41,-12.89],[177.36,-12.83]],[[166.68,-12.87],[166.76,-12.9],[166.82,-12.98],[166.83,-13.46],[166.8,-13.52],[166.73,-13.55],[166.62,-13.5],[166.53,-13.4],[166.47,-13.29],[166.44,-13.16],[166.49,-12.94],[166.56,-12.89],[166.68,-12.87]],[[173.54,-13.14],[173.59,-13.06],[173.67,-13.03],[173.73,-13.06],[173.76,-13.12],[173.74,-13.2],[173.65,-13.26],[173.57,-13.23],[173.54,-13.14]],[[167.71,-13.17],[167.77,-13.23],[167.78,-13.32],[167.74,-13.36],[167.66,-13.36],[167.59,-13.31],[167.58,-13.26],[167.62,-13.2],[167.71,-13.17]],[[167.41,-13.37],[167.5,-13.47],[167.68,-13.54],[167.86,-13.55],[167.81,-13.7],[168.03,-13.7],[168.05,-13.75],[168.02,-13.87],[167.96,-13.91],[167.63,-13.95],[167.48,-14.01],[167.36,-13.96],[167.27,-13.84],[167.26,-13.75],[167.29,-13.7],[167.4,-13.63],[167.24,-13.62],[167.21,-13.55],[167.28,-13.41],[167.41,-13.37]],[[146.93,-14.09],[147.02,-14.24],[146.96,-14.33],[146.5,-13.97],[146.45,-13.86],[146.49,-13.75],[146.6,-13.69],[146.69,-13.71],[146.84,-13.91],[146.93,-14.09]],[[164.52,-13.73],[164.47,-13.57],[164.49,-13.49],[164.58,-13.44],[164.68,-13.47],[164.74,-13.56],[164.72,-13.63],[164.62,-13.72],[164.52,-13.73]],[[164.88,-13.7],[164.81,-13.59],[164.84,-13.5],[164.98,-13.47],[165.1,-13.54],[165.22,-13.49],[165.36,-13.56],[165.53,-13.58],[165.67,-13.86],[165.62,-13.94],[165.56,-13.95],[165.19,-13.78],[165.14,-13.69],[165.03,-13.77],[164.88,-13.7]],[[167.29,-14.23],[167.31,-14.18],[167.42,-14.1],[167.62,-14.05],[167.8,-14.11],[167.85,-14.22],[167.83,-14.3],[167.76,-14.3],[167.64,-14.42],[167.54,-14.44],[167.3,-14.42],[167.27,-14.36],[167.29,-14.23]],[[167.99,-14.42],[168.05,-14.36],[168.13,-14.35],[168.19,-14.4],[168.18,-14.48],[168.15,-14.51],[168.07,-14.52],[168.0,-14.46],[167.99,-14.42]],[[167.01,-14.5],[167.13,-14.59],[167.19,-14.74],[167.4,-15.03],[167.42,-15.5],[167.52,-15.72],[167.52,-15.82],[167.58,-15.96],[167.65,-16.06],[167.81,-16.08],[167.89,-16.13],[168.02,-16.11],[168.11,-16.0],[168.06,-15.66],[168.08,-15.4],[168.04,-15.39],[167.92,-15.53],[167.83,-15.56],[167.66,-15.53],[167.61,-15.46],[167.62,-15.41],[167.73,-15.29],[167.98,-15.21],[168.05,-15.14],[167.98,-14.95],[167.98,-14.66],[168.08,-14.7],[168.18,-14.82],[168.26,-15.17],[168.31,-15.6],[168.38,-15.81],[168.39,-15.93],[168.35,-16.11],[168.43,-16.25],[168.43,-16.37],[168.58,-16.68],[168.74,-16.82],[168.75,-17.04],[168.7,-17.11],[168.81,-17.21],[168.84,-17.3],[168.72,-17.45],[168.94,-17.71],[168.91,-17.98],[168.82,-18.12],[168.7,-18.22],[168.72,-18.77],[168.8,-18.93],[168.79,-19.01],[168.75,-19.04],[168.87,-19.04],[168.94,-19.2],[169.0,-19.18],[169.0,-19.1],[168.84,-18.89],[168.84,-18.77],[168.86,-18.65],[169.08,-18.38],[169.22,-18.34],[169.43,-18.47],[169.49,-18.62],[169.46,-18.79],[169.49,-19.07],[169.54,-19.12],[169.67,-19.04],[169.73,-19.06],[169.75,-19.25],[169.66,-19.37],[169.76,-19.44],[169.78,-19.51],[169.74,-19.63],[169.48,-19.87],[169.41,-19.87],[169.3,-19.75],[168.99,-19.61],[168.96,-19.44],[168.74,-19.37],[168.66,-19.28],[168.62,-19.22],[168.65,-19.1],[168.48,-18.92],[168.29,-18.86],[168.29,-18.58],[168.42,-18.11],[168.25,-17.99],[168.17,-17.86],[168.02,-17.86],[168.0,-17.83],[167.99,-17.77],[168.1,-17.59],[168.13,-17.36],[168.19,-17.26],[168.15,-17.1],[168.03,-16.88],[167.99,-16.84],[167.86,-16.85],[167.66,-16.66],[167.51,-16.7],[167.39,-16.63],[167.28,-16.3],[167.08,-16.12],[167.06,-15.94],[167.0,-15.72],[166.96,-15.73],[166.94,-15.95],[166.85,-15.98],[166.74,-15.96],[166.73,-15.67],[166.68,-15.65],[166.63,-15.53],[166.47,-15.35],[166.54,-15.12],[166.46,-14.7],[166.51,-14.58],[166.62,-14.54],[166.74,-14.6],[166.85,-14.72],[166.85,-14.55],[166.91,-14.5],[167.01,-14.5]],[[175.8,-15.82],[175.76,-15.76],[175.79,-15.65],[175.88,-15.56],[175.95,-15.56],[175.97,-15.65],[175.86,-15.8],[175.8,-15.82]],[[175.65,-15.99],[175.61,-15.96],[175.63,-15.88],[175.71,-15.83],[175.75,-15.84],[175.75,-15.94],[175.65,-15.99]],[[177.93,-19.03],[178.22,-18.83],[178.37,-18.79],[178.45,-18.6],[178.51,-18.55],[178.6,-18.55],[178.77,-18.76],[178.7,-18.98],[178.59,-19.09],[178.45,-19.17],[178.23,-19.23],[177.96,-19.39],[177.9,-19.36],[177.87,-19.18],[177.93,-19.03]],[[179.75,-19.27],[179.68,-19.22],[179.67,-19.1],[179.74,-19.04],[179.83,-19.04],[179.89,-19.1],[179.89,-19.2],[179.82,-19.26],[179.75,-19.27]],[[170.19,-19.63],[170.16,-19.54],[170.21,-19.44],[170.3,-19.41],[170.37,-19.44],[170.4,-19.52],[170.36,-19.58],[170.26,-19.64],[170.19,-19.63]],[[165.72,-19.61],[165.9,-19.73],[165.97,-19.84],[165.95,-19.93],[165.86,-19.94],[165.74,-19.9],[165.58,-19.96],[165.51,-19.91],[165.49,-19.8],[165.54,-19.7],[165.63,-19.61],[165.72,-19.61]],[[169.1,-19.92],[169.21,-19.91],[169.3,-20.01],[169.39,-20.23],[169.38,-20.31],[169.25,-20.33],[169.18,-20.25],[169.09,-20.07],[169.1,-19.92]],[[169.62,-20.28],[169.59,-20.14],[169.64,-20.07],[169.73,-20.02],[169.85,-19.99],[169.95,-20.01],[170.06,-20.11],[170.07,-20.19],[170.01,-20.32],[169.92,-20.4],[169.75,-20.39],[169.62,-20.28]],[[169.49,-20.32],[169.55,-20.39],[169.51,-20.45],[169.45,-20.46],[169.37,-20.41],[169.38,-20.33],[169.49,-20.32]],[[166.89,-20.35],[166.99,-20.4],[167.04,-20.54],[167.25,-20.59],[167.36,-20.68],[167.4,-20.76],[167.52,-20.76],[167.64,-20.83],[167.71,-20.95],[167.81,-20.96],[168.02,-21.09],[168.14,-21.28],[168.26,-21.38],[168.34,-21.6],[168.43,-21.61],[168.62,-21.55],[168.66,-21.61],[168.65,-21.66],[168.46,-21.79],[168.17,-21.77],[167.83,-21.67],[167.71,-21.36],[167.61,-21.37],[167.57,-21.34],[167.54,-21.19],[167.34,-21.24],[167.06,-21.11],[166.95,-20.94],[166.98,-20.75],[166.8,-20.57],[166.56,-20.78],[166.38,-20.8],[166.14,-20.6],[166.02,-20.31],[166.09,-20.23],[166.31,-20.2],[166.41,-20.21],[166.56,-20.3],[166.73,-20.3],[166.89,-20.35]],[[170.44,-20.75],[170.51,-20.74],[170.55,-20.79],[170.53,-20.84],[170.4,-20.95],[170.39,-21.0],[170.42,-21.02],[170.38,-21.07],[170.16,-21.16],[170.01,-21.07],[169.98,-20.97],[170.04,-20.88],[170.21,-20.9],[170.3,-20.8],[170.44,-20.75]],[[174.55,-21.78],[174.52,-21.71],[174.55,-21.66],[174.61,-21.63],[174.69,-21.63],[174.79,-21.7],[174.77,-21.81],[174.73,-21.84],[174.62,-21.83],[174.55,-21.78]],[[168.7,-21.82],[168.8,-21.92],[168.79,-22.13],[168.86,-22.2],[168.9,-22.29],[169.14,-22.19],[169.23,-22.27],[169.18,-22.42],[169.06,-22.49],[169.05,-22.65],[169.02,-22.69],[168.95,-22.7],[168.9,-22.66],[168.91,-22.49],[168.89,-22.47],[168.65,-22.4],[168.59,-22.26],[168.61,-22.14],[168.51,-22.07],[168.55,-21.89],[168.63,-21.82],[168.7,-21.82]],[[171.75,-22.5],[171.65,-22.46],[171.58,-22.39],[171.57,-22.33],[171.6,-22.28],[171.73,-22.28],[171.9,-22.36],[171.89,-22.47],[171.75,-22.5]],[[166.95,-21.82],[167.28,-22.0],[167.35,-22.15],[167.45,-22.2],[167.72,-22.52],[167.82,-22.78],[167.93,-22.85],[167.95,-22.9],[168.07,-22.9],[168.22,-23.04],[168.19,-23.18],[168.34,-23.22],[168.36,-23.26],[168.35,-23.32],[168.12,-23.54],[168.1,-23.74],[167.96,-23.7],[167.95,-23.52],[167.86,-23.57],[167.9,-23.75],[167.82,-23.86],[167.8,-23.99],[167.54,-24.05],[167.45,-24.19],[167.35,-24.17],[167.33,-24.1],[167.23,-24.0],[167.2,-23.83],[167.11,-23.74],[167.11,-23.66],[167.02,-23.57],[167.02,-23.45],[166.88,-23.35],[166.88,-23.21],[166.68,-23.09],[166.73,-22.94],[166.63,-22.78],[164.72,-21.32],[164.59,-21.14],[164.42,-21.06],[164.36,-20.96],[164.21,-20.85],[164.16,-20.73],[163.96,-20.54],[163.73,-20.2],[163.33,-19.76],[163.12,-19.42],[163.02,-19.19],[163.0,-18.95],[163.08,-18.74],[163.07,-18.71],[163.0,-18.65],[162.77,-18.6],[162.71,-18.51],[162.7,-18.4],[162.76,-18.26],[162.75,-18.1],[162.86,-17.78],[162.91,-17.76],[163.07,-17.88],[163.19,-17.88],[163.34,-18.03],[163.49,-18.3],[163.44,-18.53],[163.53,-18.64],[163.63,-18.71],[163.7,-18.94],[163.98,-19.31],[164.13,-19.67],[164.23,-19.73],[164.26,-19.78],[164.38,-19.82],[164.66,-20.16],[164.71,-20.16],[164.76,-20.26],[164.88,-20.28],[165.04,-20.46],[165.18,-20.44],[165.29,-20.51],[165.46,-20.72],[165.62,-20.76],[165.72,-20.93],[165.82,-20.98],[166.01,-21.19],[166.13,-21.22],[166.18,-21.29],[166.44,-21.43],[166.49,-21.5],[166.64,-21.56],[166.95,-21.82]],[[169.36,-22.88],[169.44,-22.82],[169.52,-22.82],[169.56,-22.86],[169.56,-22.96],[169.49,-23.04],[169.39,-23.04],[169.34,-22.97],[169.36,-22.88]],[[168.39,-22.9],[168.44,-22.93],[168.46,-22.99],[168.41,-23.08],[168.34,-23.09],[168.27,-23.04],[168.25,-22.97],[168.32,-22.9],[168.39,-22.9]],[[169.77,-23.73],[169.87,-23.69],[169.94,-23.71],[169.92,-23.83],[170.03,-23.92],[169.96,-24.05],[169.82,-24.06],[169.69,-23.95],[169.68,-23.88],[169.77,-23.73]],[[167.0,-24.17],[167.04,-24.19],[167.04,-24.29],[166.93,-24.3],[166.89,-24.24],[166.93,-24.18],[167.0,-24.17]],[[167.55,-24.28],[167.68,-24.31],[167.71,-24.41],[167.61,-24.49],[167.48,-24.5],[167.41,-24.44],[167.42,-24.36],[167.44,-24.33],[167.55,-24.28]],[[168.08,-24.5],[168.14,-24.5],[168.14,-24.6],[168.26,-24.67],[168.26,-24.81],[168.22,-24.86],[168.1,-24.84],[168.07,-24.81],[168.07,-24.7],[168.01,-24.58],[168.03,-24.52],[168.08,-24.5]],[[170.08,-24.86],[170.04,-24.79],[170.06,-24.72],[170.13,-24.66],[170.2,-24.67],[170.22,-24.72],[170.19,-24.79],[170.08,-24.86]],[[159.62,-24.57],[159.76,-24.62],[159.91,-24.79],[160.05,-24.89],[160.08,-24.96],[160.02,-25.27],[159.81,-25.61],[159.69,-25.68],[159.53,-25.63],[159.47,-25.57],[159.43,-25.41],[159.46,-25.3],[159.41,-25.15],[159.46,-25.01],[159.38,-24.75],[159.4,-24.64],[159.47,-24.58],[159.62,-24.57]],[[167.59,-25.13],[167.56,-25.07],[167.58,-24.99],[167.68,-24.93],[167.72,-24.94],[167.71,-25.07],[167.64,-25.14],[167.59,-25.13]],[[168.31,-25.46],[168.26,-25.42],[168.25,-25.36],[168.29,-25.3],[168.39,-25.26],[168.42,-25.4],[168.37,-25.47],[168.31,-25.46]],[[170.46,-25.42],[170.42,-25.38],[170.42,-25.32],[170.47,-25.27],[170.52,-25.27],[170.56,-25.31],[170.55,-25.38],[170.51,-25.42],[170.46,-25.42]],[[167.1,-25.6],[167.22,-25.61],[167.21,-25.72],[167.13,-25.73],[167.07,-25.69],[167.1,-25.6]],[[167.27,-25.72],[167.34,-25.66],[167.38,-25.67],[167.42,-25.76],[167.38,-25.86],[167.28,-25.85],[167.27,-25.72]],[[162.67,-25.82],[162.84,-25.87],[162.88,-25.95],[162.85,-26.07],[162.77,-26.11],[162.69,-26.11],[162.63,-26.02],[162.49,-25.94],[162.44,-26.02],[162.48,-26.09],[162.66,-26.14],[162.72,-26.18],[162.75,-26.28],[162.7,-26.4],[162.57,-26.39],[162.44,-26.29],[162.43,-26.14],[162.39,-26.25],[162.35,-26.26],[162.22,-26.21],[162.13,-26.12],[162.1,-25.83],[162.12,-25.71],[162.17,-25.63],[162.27,-25.61],[162.35,-25.68],[162.49,-25.69],[162.67,-25.82]],[[167.24,-26.03],[167.25,-25.95],[167.33,-25.9],[167.42,-25.94],[167.51,-26.03],[167.66,-26.37],[167.7,-26.74],[167.74,-26.78],[167.83,-26.81],[167.83,-26.88],[167.69,-27.17],[167.7,-27.44],[167.62,-27.53],[167.59,-27.63],[167.55,-27.65],[167.45,-27.6],[167.43,-27.43],[167.38,-27.36],[167.15,-27.41],[167.09,-27.32],[167.09,-27.19],[167.14,-27.07],[167.38,-26.97],[167.4,-26.94],[167.4,-26.83],[167.45,-26.78],[167.4,-26.54],[167.11,-26.56],[166.98,-26.46],[166.97,-26.39],[167.0,-26.32],[167.06,-26.28],[167.23,-26.26],[167.26,-26.17],[167.24,-26.03]],[[169.98,-27.22],[169.94,-27.19],[169.93,-27.12],[170.02,-27.06],[170.07,-27.1],[170.08,-27.16],[170.04,-27.22],[169.98,-27.22]],[[155.1,-27.41],[155.3,-27.51],[155.34,-27.65],[155.31,-27.75],[155.1,-27.63],[155.07,-27.52],[155.01,-27.45],[155.1,-27.41]],[[159.37,-26.92],[159.42,-26.95],[159.41,-27.02],[159.36,-27.06],[159.29,-27.05],[159.27,-27.02],[159.27,-26.96],[159.37,-26.92]],[[159.51,-26.6],[159.64,-26.71],[159.62,-26.78],[159.58,-26.81],[159.43,-26.82],[159.31,-26.77],[159.27,-26.7],[159.27,-26.64],[159.32,-26.6],[159.51,-26.6]],[[163.26,-26.6],[163.2,-26.57],[163.19,-26.43],[163.1,-26.4],[163.03,-26.33],[163.05,-26.17],[163.12,-26.13],[163.18,-26.14],[163.2,-26.26],[163.4,-26.45],[163.38,-26.56],[163.26,-26.6]],[[155.02,-25.09],[155.06,-25.13],[155.02,-25.23],[154.96,-25.26],[154.9,-25.25],[154.88,-25.19],[154.92,-25.13],[155.02,-25.09]],[[162.04,-24.38],[162.02,-24.46],[161.97,-24.48],[161.78,-24.45],[161.74,-24.34],[161.45,-24.08],[161.44,-23.95],[161.54,-23.93],[161.64,-23.82],[161.77,-23.78],[161.83,-23.8],[162.04,-24.38]],[[159.54,-23.88],[159.72,-23.96],[159.75,-24.01],[159.72,-24.17],[159.43,-24.24],[159.33,-24.2],[159.23,-24.07],[159.24,-23.97],[159.36,-23.9],[159.54,-23.88]],[[159.59,-23.0],[159.69,-23.05],[159.79,-23.18],[159.76,-23.33],[159.72,-23.38],[159.66,-23.39],[159.54,-23.35],[159.4,-23.18],[159.39,-23.09],[159.43,-23.02],[159.59,-23.0]],[[155.59,-23.0],[155.71,-23.09],[155.79,-23.21],[155.78,-23.3],[155.69,-23.38],[155.5,-23.34],[155.38,-23.23],[155.42,-23.06],[155.5,-23.0],[155.59,-23.0]],[[159.43,-22.61],[159.45,-22.88],[159.38,-22.94],[159.33,-22.94],[159.07,-22.54],[159.1,-22.44],[159.05,-22.32],[159.04,-22.2],[159.09,-22.12],[159.27,-22.07],[159.42,-22.09],[159.48,-22.13],[159.58,-22.39],[159.43,-22.61]],[[155.49,-22.07],[155.61,-22.13],[155.58,-22.21],[155.52,-22.27],[155.26,-22.3],[155.15,-22.27],[155.11,-22.22],[155.11,-22.15],[155.16,-22.1],[155.49,-22.07]],[[159.79,-22.37],[159.78,-22.24],[159.91,-22.21],[159.92,-22.34],[159.85,-22.39],[159.79,-22.37]],[[161.32,-22.58],[161.29,-22.52],[161.33,-22.46],[161.38,-22.43],[161.44,-22.45],[161.46,-22.51],[161.45,-22.55],[161.32,-22.58]],[[156.55,-22.0],[156.41,-22.03],[156.22,-21.89],[156.21,-21.69],[156.14,-21.55],[156.16,-21.43],[156.25,-21.34],[156.34,-21.34],[156.55,-21.5],[156.74,-21.55],[156.77,-21.67],[156.8,-21.56],[156.84,-21.55],[156.99,-21.57],[157.08,-21.64],[157.09,-21.69],[157.06,-21.77],[156.95,-21.79],[156.84,-21.77],[156.68,-21.92],[156.55,-22.0]],[[155.9,-21.34],[155.78,-21.37],[155.64,-21.34],[155.62,-21.07],[155.66,-21.01],[155.78,-20.95],[155.88,-21.0],[155.93,-21.15],[155.9,-21.34]],[[154.52,-20.98],[154.48,-21.05],[154.41,-21.1],[154.32,-21.09],[154.27,-21.0],[154.31,-20.87],[154.41,-20.8],[154.49,-20.84],[154.52,-20.98]],[[158.39,-20.8],[158.42,-20.66],[158.47,-20.62],[158.47,-20.54],[158.61,-20.36],[158.61,-20.25],[158.54,-20.15],[158.25,-19.97],[158.13,-19.68],[158.13,-19.6],[158.36,-18.98],[158.44,-18.94],[158.67,-18.91],[158.81,-18.77],[158.89,-18.76],[158.98,-18.82],[158.99,-18.88],[159.14,-19.05],[159.2,-19.26],[159.17,-19.4],[159.0,-19.66],[159.12,-19.8],[159.12,-20.02],[158.96,-20.19],[158.95,-20.26],[159.0,-20.35],[159.22,-20.5],[159.38,-20.73],[159.43,-21.02],[159.41,-21.24],[159.55,-21.3],[159.7,-21.46],[159.71,-21.62],[159.69,-21.9],[159.53,-21.98],[159.41,-21.97],[159.35,-21.93],[159.29,-21.79],[159.11,-21.57],[158.98,-21.52],[158.65,-21.48],[158.57,-21.44],[158.53,-21.37],[158.51,-21.11],[158.38,-20.98],[158.39,-20.8]],[[154.29,-20.59],[154.34,-20.64],[154.34,-20.72],[154.27,-20.76],[154.18,-20.73],[154.16,-20.66],[154.22,-20.6],[154.29,-20.59]],[[160.75,-21.5],[160.63,-21.43],[160.58,-21.29],[160.6,-21.06],[160.68,-20.93],[160.6,-20.69],[160.65,-20.52],[160.3,-20.14],[160.01,-19.96],[159.98,-19.89],[160.03,-19.83],[160.12,-19.83],[160.58,-19.99],[160.7,-19.99],[160.81,-20.06],[161.13,-19.94],[161.2,-19.96],[161.23,-20.04],[161.21,-20.14],[161.57,-20.59],[161.71,-20.61],[161.81,-20.71],[161.98,-20.74],[162.0,-20.9],[162.05,-20.95],[162.32,-20.91],[162.43,-20.95],[162.46,-21.02],[162.42,-21.17],[162.48,-21.31],[162.67,-21.38],[162.72,-21.48],[162.79,-21.53],[162.89,-21.66],[163.08,-21.76],[163.12,-21.82],[163.12,-21.92],[163.1,-21.96],[163.03,-21.98],[162.86,-21.84],[162.7,-21.93],[162.54,-21.92],[162.38,-21.79],[162.36,-21.7],[162.22,-21.62],[162.17,-21.48],[161.63,-21.14],[161.47,-21.07],[161.38,-21.1],[161.28,-21.2],[161.11,-21.23],[161.09,-21.44],[160.75,-21.5]],[[157.62,-21.52],[157.45,-21.51],[157.41,-21.4],[157.42,-21.32],[157.66,-21.21],[157.8,-21.19],[157.73,-21.1],[157.75,-21.04],[157.81,-21.0],[157.95,-20.97],[158.14,-21.04],[158.15,-21.07],[158.1,-21.17],[158.16,-21.28],[158.14,-21.36],[158.06,-21.38],[157.97,-21.48],[157.78,-21.46],[157.62,-21.52]],[[157.18,-21.0],[157.08,-21.0],[157.04,-20.95],[157.06,-20.87],[157.14,-20.82],[157.2,-20.86],[157.18,-21.0]],[[158.84,-18.28],[158.9,-18.36],[158.88,-18.43],[158.75,-18.53],[158.62,-18.53],[158.61,-18.48],[158.7,-18.34],[158.84,-18.28]],[[155.49,-18.3],[155.5,-18.41],[155.46,-18.48],[155.38,-18.5],[155.28,-18.49],[155.26,-18.32],[155.3,-18.25],[155.4,-18.22],[155.49,-18.3]],[[149.64,-18.23],[149.5,-18.24],[149.26,-18.07],[149.16,-18.05],[149.03,-17.93],[148.98,-17.94],[148.9,-18.05],[148.78,-18.02],[148.73,-17.93],[148.46,-18.02],[148.37,-18.02],[148.29,-17.97],[148.25,-17.69],[148.07,-17.39],[148.0,-17.36],[147.58,-17.4],[147.46,-17.31],[147.44,-17.14],[147.51,-16.98],[147.73,-17.0],[147.75,-16.97],[147.5,-16.74],[147.46,-16.66],[147.48,-16.54],[147.65,-16.42],[147.62,-16.22],[147.65,-16.15],[147.7,-16.11],[147.89,-16.09],[147.98,-16.1],[148.18,-16.2],[148.32,-16.18],[148.46,-16.23],[148.51,-16.19],[148.54,-16.06],[148.63,-16.01],[148.71,-16.02],[148.79,-16.09],[148.78,-15.93],[148.8,-15.89],[148.89,-15.86],[148.95,-15.92],[148.96,-16.02],[148.95,-16.26],[148.87,-16.34],[148.9,-16.37],[148.97,-16.37],[149.04,-16.25],[149.18,-16.15],[149.16,-16.09],[148.99,-15.96],[149.04,-15.79],[149.17,-15.71],[148.96,-15.4],[148.98,-15.38],[149.23,-15.31],[149.42,-15.41],[149.69,-15.46],[149.83,-15.55],[149.84,-15.68],[149.95,-15.67],[150.0,-15.72],[150.12,-15.67],[150.18,-15.68],[150.28,-15.78],[150.23,-15.93],[150.26,-15.99],[150.41,-16.03],[150.45,-16.08],[150.47,-16.06],[150.42,-15.87],[150.47,-15.73],[150.65,-15.61],[150.76,-15.61],[150.95,-15.79],[151.06,-16.01],[151.05,-16.11],[151.1,-16.18],[151.1,-16.25],[151.21,-16.25],[151.3,-16.3],[151.41,-16.24],[151.49,-16.27],[151.44,-16.39],[151.51,-16.58],[151.68,-16.54],[151.66,-16.32],[151.82,-16.34],[151.95,-16.28],[152.02,-16.3],[152.14,-16.51],[152.23,-16.61],[152.35,-16.94],[152.35,-17.47],[152.3,-17.5],[152.09,-17.5],[152.02,-17.66],[151.85,-17.7],[151.68,-17.86],[151.54,-17.86],[151.42,-17.93],[151.22,-17.9],[151.06,-17.95],[150.87,-17.93],[150.65,-18.02],[150.53,-18.0],[150.43,-18.14],[150.27,-18.21],[149.83,-18.17],[149.64,-18.23]],[[148.6,-18.05],[148.61,-18.11],[148.58,-18.17],[148.5,-18.19],[148.45,-18.16],[148.45,-18.09],[148.55,-18.04],[148.6,-18.05]],[[147.93,-17.59],[148.12,-17.7],[148.15,-17.76],[148.19,-17.97],[148.15,-18.02],[148.06,-18.0],[147.95,-17.9],[147.85,-17.76],[147.82,-17.62],[147.93,-17.59]],[[148.34,-16.09],[148.26,-16.04],[148.24,-15.96],[148.27,-15.91],[148.36,-15.88],[148.43,-15.93],[148.48,-16.05],[148.43,-16.1],[148.34,-16.09]],[[147.76,-15.91],[147.69,-15.95],[147.65,-15.94],[147.59,-15.84],[147.57,-15.7],[147.62,-15.6],[147.67,-15.59],[147.74,-15.65],[147.76,-15.91]],[[148.07,-15.75],[147.99,-15.68],[147.95,-15.58],[147.96,-15.53],[148.02,-15.46],[148.1,-15.5],[148.16,-15.66],[148.15,-15.74],[148.07,-15.75]],[[147.29,-15.47],[147.26,-15.54],[147.19,-15.58],[147.1,-15.58],[147.07,-15.54],[147.11,-15.43],[147.23,-15.42],[147.29,-15.47]],[[148.45,-15.44],[148.55,-15.34],[148.62,-15.38],[148.62,-15.49],[148.55,-15.57],[148.46,-15.53],[148.45,-15.44]],[[148.72,-15.34],[148.58,-15.24],[148.56,-15.14],[148.71,-15.1],[148.84,-15.2],[148.85,-15.31],[148.72,-15.34]],[[147.3,-15.11],[147.32,-15.17],[147.25,-15.21],[147.17,-15.18],[147.14,-15.12],[147.2,-15.06],[147.3,-15.11]],[[166.02,-15.94],[166.12,-15.86],[166.19,-15.88],[166.22,-15.95],[166.2,-15.98],[166.11,-16.01],[166.03,-15.97],[166.02,-15.94]],[[151.59,-15.96],[151.74,-16.13],[151.73,-16.24],[151.61,-16.24],[151.49,-16.1],[151.49,-15.98],[151.59,-15.96]],[[155.78,-17.43],[155.83,-17.28],[155.93,-17.26],[156.0,-17.28],[156.03,-17.37],[156.01,-17.5],[155.93,-17.65],[155.86,-17.65],[155.82,-17.62],[155.78,-17.43]],[[164.31,-18.67],[164.18,-18.6],[164.15,-18.47],[164.25,-18.39],[164.4,-18.37],[164.47,-18.39],[164.53,-18.52],[164.52,-18.62],[164.44,-18.67],[164.31,-18.67]],[[164.92,-19.3],[164.85,-19.22],[164.88,-19.13],[164.93,-19.11],[165.01,-19.16],[165.03,-19.21],[165.0,-19.29],[164.92,-19.3]],[[159.54,-14.83],[159.6,-14.86],[159.6,-14.94],[159.57,-15.01],[159.51,-15.03],[159.45,-14.99],[159.43,-14.92],[159.46,-14.85],[159.54,-14.83]],[[146.32,-14.54],[146.38,-14.59],[146.39,-14.67],[146.3,-14.75],[146.19,-14.69],[146.18,-14.61],[146.24,-14.54],[146.32,-14.54]],[[160.78,-12.92],[160.8,-13.01],[160.73,-13.08],[160.63,-13.1],[160.54,-13.06],[160.48,-12.95],[160.17,-12.65],[160.13,-12.47],[159.94,-12.28],[159.95,-12.21],[160.03,-12.15],[160.13,-12.13],[160.25,-12.26],[160.44,-12.39],[160.78,-12.92]],[[168.71,-12.31],[168.75,-12.21],[168.85,-12.17],[168.9,-12.19],[168.93,-12.27],[168.91,-12.32],[168.82,-12.38],[168.73,-12.37],[168.71,-12.31]],[[167.4,-12.32],[167.42,-12.44],[167.35,-12.46],[167.29,-12.41],[167.29,-12.36],[167.34,-12.31],[167.4,-12.32]],[[171.72,-12.74],[171.68,-12.68],[171.71,-12.61],[171.82,-12.54],[171.86,-12.54],[171.88,-12.58],[171.86,-12.69],[171.78,-12.76],[171.72,-12.74]],[[160.77,-11.88],[160.75,-11.93],[160.7,-11.97],[160.54,-11.96],[160.39,-11.86],[159.92,-11.64],[159.86,-11.57],[159.87,-11.46],[159.95,-11.38],[160.15,-11.36],[160.37,-11.57],[160.62,-11.66],[160.72,-11.74],[160.77,-11.88]],[[159.93,-11.37],[159.87,-11.41],[159.8,-11.4],[159.7,-11.33],[159.69,-11.25],[159.79,-11.18],[159.88,-11.19],[159.95,-11.27],[159.93,-11.37]],[[154.84,-11.23],[154.57,-11.17],[154.52,-11.12],[154.52,-11.04],[154.96,-10.9],[155.14,-10.92],[155.21,-10.87],[155.39,-10.85],[155.47,-10.9],[155.47,-10.97],[155.3,-11.13],[155.11,-11.18],[155.02,-11.16],[154.84,-11.23]],[[155.57,-10.96],[155.49,-10.87],[155.54,-10.76],[155.83,-10.67],[155.96,-10.66],[156.01,-10.69],[156.0,-10.76],[155.86,-10.9],[155.66,-10.97],[155.57,-10.96]],[[157.16,-10.94],[157.06,-10.91],[157.05,-10.84],[157.3,-10.56],[157.43,-10.51],[157.76,-10.48],[157.83,-10.53],[157.85,-10.6],[157.83,-10.67],[157.64,-10.84],[157.44,-10.82],[157.29,-10.94],[157.16,-10.94]],[[152.54,-10.49],[152.47,-10.46],[152.46,-10.4],[152.56,-10.33],[152.62,-10.41],[152.59,-10.47],[152.54,-10.49]],[[161.2,-10.25],[161.26,-10.12],[161.34,-10.1],[161.55,-10.14],[161.63,-10.01],[161.69,-9.98],[161.79,-10.02],[161.86,-10.17],[161.92,-9.92],[161.81,-9.68],[161.86,-9.63],[162.02,-9.63],[162.08,-9.7],[162.1,-9.8],[162.08,-10.25],[162.31,-10.56],[162.6,-10.75],[162.64,-10.87],[162.54,-11.01],[162.41,-11.08],[162.02,-11.02],[161.51,-10.74],[161.26,-10.44],[161.2,-10.25]],[[165.6,-10.18],[165.56,-10.1],[165.6,-9.96],[165.72,-9.9],[165.84,-9.94],[165.85,-10.03],[165.79,-10.12],[165.69,-10.17],[165.6,-10.18]],[[166.04,-9.97],[166.24,-10.04],[166.47,-10.07],[166.63,-10.15],[166.9,-10.18],[167.0,-10.25],[167.03,-10.32],[167.0,-10.35],[166.52,-10.3],[166.46,-10.34],[166.45,-10.43],[166.42,-10.44],[166.02,-10.34],[165.98,-10.31],[165.92,-10.03],[165.94,-9.98],[166.04,-9.97]],[[165.52,-10.42],[165.45,-10.32],[165.51,-10.26],[165.6,-10.32],[165.61,-10.39],[165.57,-10.43],[165.52,-10.42]],[[159.68,-10.43],[159.75,-10.54],[159.7,-10.59],[159.61,-10.56],[159.59,-10.5],[159.62,-10.43],[159.68,-10.43]],[[167.07,-11.77],[166.9,-11.81],[166.73,-11.75],[166.67,-11.67],[166.67,-11.51],[166.74,-11.48],[166.98,-11.47],[167.11,-11.49],[167.15,-11.54],[167.14,-11.63],[167.07,-11.77]],[[169.88,-11.68],[169.73,-11.62],[169.69,-11.56],[169.69,-11.49],[169.81,-11.45],[169.95,-11.5],[169.98,-11.58],[169.97,-11.63],[169.88,-11.68]],[[160.31,-7.84],[160.39,-7.91],[160.37,-7.99],[160.27,-7.99],[160.22,-7.95],[160.22,-7.87],[160.31,-7.84]],[[151.64,-9.73],[151.68,-9.78],[151.64,-9.84],[151.58,-9.86],[151.52,-9.84],[151.53,-9.76],[151.64,-9.73]],[[154.7,-8.61],[154.74,-8.65],[154.71,-8.7],[154.56,-8.76],[154.55,-8.7],[154.58,-8.64],[154.7,-8.61]],[[154.53,-8.42],[154.58,-8.51],[154.57,-8.56],[154.46,-8.58],[154.38,-8.54],[154.44,-8.45],[154.53,-8.42]],[[154.17,-5.41],[154.23,-5.49],[154.22,-5.69],[154.14,-5.77],[153.96,-5.76],[153.89,-5.66],[153.9,-5.56],[154.05,-5.44],[154.17,-5.41]],[[150.62,-11.11],[150.65,-11.19],[150.6,-11.29],[150.56,-11.31],[150.48,-11.29],[150.45,-11.23],[150.48,-11.16],[150.58,-11.1],[150.62,-11.11]],[[145.41,-10.5],[145.4,-10.53],[145.32,-10.56],[145.25,-10.52],[145.24,-10.49],[145.34,-10.41],[145.38,-10.43],[145.41,-10.5]],[[145.49,-10.49],[145.46,-10.46],[145.44,-10.27],[145.3,-10.05],[145.33,-9.92],[145.48,-9.83],[145.85,-9.9],[145.89,-9.95],[145.88,-10.04],[145.79,-10.28],[145.53,-10.49],[145.49,-10.49]],[[155.56,-28.7],[155.49,-28.63],[155.49,-28.56],[155.56,-28.42],[155.62,-28.06],[155.6,-28.0],[155.47,-27.9],[155.56,-27.85],[155.66,-27.86],[155.74,-27.92],[155.79,-28.21],[155.64,-28.47],[155.64,-28.65],[155.56,-28.7]],[[167.53,-28.19],[167.49,-28.13],[167.49,-28.09],[167.6,-28.04],[167.63,-28.05],[167.6,-28.17],[167.53,-28.19]],[[175.36,-28.18],[175.49,-28.1],[175.57,-28.13],[175.54,-28.18],[175.45,-28.24],[175.37,-28.22],[175.36,-28.18]],[[167.26,-28.54],[167.17,-28.45],[167.21,-28.34],[167.33,-28.27],[167.47,-28.27],[167.5,-28.34],[167.5,-28.46],[167.36,-28.54],[167.26,-28.54]],[[167.81,-28.53],[167.9,-28.47],[167.98,-28.46],[168.19,-28.64],[168.22,-28.9],[168.36,-29.14],[168.37,-29.28],[168.46,-29.4],[168.43,-29.47],[168.36,-29.52],[168.34,-29.76],[168.3,-29.82],[168.17,-29.9],[168.05,-29.9],[167.84,-29.97],[167.78,-29.95],[167.75,-29.89],[167.83,-29.7],[167.74,-29.47],[167.7,-29.08],[167.59,-28.85],[167.63,-28.75],[167.81,-28.53]],[[172.95,-28.8],[172.87,-28.75],[172.87,-28.6],[172.9,-28.54],[172.99,-28.5],[173.06,-28.57],[173.08,-28.73],[173.05,-28.79],[172.95,-28.8]],[[172.97,-28.9],[173.06,-28.9],[173.12,-28.99],[173.09,-29.07],[173.01,-29.11],[172.92,-29.1],[172.89,-29.03],[172.9,-28.94],[172.97,-28.9]],[[172.13,-29.86],[172.2,-29.78],[172.26,-29.78],[172.29,-29.82],[172.25,-29.9],[172.18,-29.96],[172.13,-29.93],[172.13,-29.86]],[[172.81,-29.95],[172.85,-29.88],[172.94,-29.85],[173.0,-29.91],[173.01,-30.01],[172.99,-30.05],[172.91,-30.07],[172.83,-30.02],[172.81,-29.95]],[[179.76,-30.06],[179.78,-30.0],[179.87,-29.95],[179.94,-30.0],[179.94,-30.1],[179.87,-30.17],[179.79,-30.16],[179.76,-30.06]],[[171.43,-30.11],[171.4,-30.19],[171.3,-30.23],[171.22,-30.22],[171.18,-30.14],[171.2,-30.09],[171.36,-30.03],[171.41,-30.05],[171.43,-30.11]],[[172.9,-30.22],[173.01,-30.2],[173.11,-30.23],[173.16,-30.29],[173.15,-30.33],[173.09,-30.43],[173.02,-30.43],[172.83,-30.58],[172.75,-30.58],[172.71,-30.52],[172.73,-30.4],[172.83,-30.26],[172.9,-30.22]],[[179.69,-30.42],[179.74,-30.42],[179.8,-30.49],[179.8,-30.58],[179.77,-30.61],[179.68,-30.62],[179.62,-30.57],[179.62,-30.49],[179.69,-30.42]],[[173.08,-30.54],[173.11,-30.63],[172.97,-30.84],[172.97,-31.01],[172.81,-31.11],[172.65,-31.1],[172.61,-31.06],[172.6,-30.99],[172.64,-30.9],[172.73,-30.84],[172.73,-30.67],[172.95,-30.56],[173.08,-30.54]],[[173.35,-30.85],[173.27,-30.8],[173.26,-30.75],[173.28,-30.7],[173.35,-30.66],[173.47,-30.71],[173.52,-30.78],[173.49,-30.85],[173.35,-30.85]],[[179.55,-30.85],[179.52,-30.81],[179.57,-30.74],[179.62,-30.73],[179.69,-30.77],[179.7,-30.82],[179.66,-30.86],[179.55,-30.85]],[[162.74,-30.86],[162.77,-30.92],[162.74,-31.08],[162.86,-31.13],[162.89,-31.27],[162.99,-31.44],[162.97,-31.5],[162.85,-31.51],[162.8,-31.38],[162.76,-31.49],[162.7,-31.53],[162.7,-31.56],[162.82,-31.57],[162.85,-31.61],[162.86,-31.79],[162.81,-31.84],[162.76,-31.82],[162.67,-31.7],[162.55,-31.66],[162.53,-31.32],[162.46,-31.18],[162.48,-31.08],[162.4,-30.9],[162.42,-30.83],[162.48,-30.78],[162.6,-30.86],[162.74,-30.86]],[[166.75,-31.34],[166.88,-31.25],[166.96,-31.25],[167.03,-31.29],[167.14,-31.48],[167.23,-31.75],[167.21,-31.89],[167.09,-31.99],[167.11,-32.11],[167.02,-32.18],[167.16,-32.45],[167.18,-32.66],[167.26,-32.83],[167.24,-33.07],[167.28,-33.12],[167.43,-33.1],[167.47,-32.88],[167.39,-32.67],[167.28,-32.52],[167.35,-32.35],[167.18,-32.24],[167.15,-32.18],[167.18,-32.03],[167.3,-31.98],[167.58,-32.06],[167.62,-32.1],[167.63,-32.29],[167.86,-32.5],[167.86,-32.66],[167.69,-33.03],[167.69,-33.14],[167.77,-33.39],[167.75,-33.49],[167.66,-33.54],[167.62,-33.52],[167.42,-33.24],[167.35,-33.26],[167.31,-33.33],[167.34,-33.46],[167.54,-33.72],[167.54,-33.96],[167.66,-34.01],[167.61,-34.12],[167.54,-34.11],[167.51,-34.01],[167.44,-34.07],[167.29,-34.11],[166.98,-33.84],[166.99,-33.63],[166.89,-33.49],[166.78,-33.43],[166.76,-33.25],[166.68,-33.1],[166.66,-32.88],[166.52,-32.65],[166.54,-32.45],[166.42,-32.26],[166.42,-32.16],[166.58,-32.04],[166.58,-31.75],[166.75,-31.34]],[[167.72,-31.87],[167.72,-31.69],[167.84,-31.43],[167.91,-31.38],[167.98,-31.39],[168.04,-31.46],[168.11,-31.77],[168.19,-31.81],[168.34,-31.82],[168.38,-31.88],[168.38,-32.02],[168.31,-32.14],[168.29,-32.38],[168.23,-32.41],[168.1,-32.34],[167.95,-32.14],[167.78,-32.02],[167.72,-31.87]],[[173.61,-31.81],[173.66,-31.76],[173.76,-31.73],[173.81,-31.75],[173.84,-31.8],[173.8,-31.87],[173.72,-31.9],[173.64,-31.87],[173.61,-31.81]],[[178.78,-32.64],[178.73,-32.59],[178.73,-32.52],[178.85,-32.44],[178.89,-32.44],[178.91,-32.48],[178.9,-32.58],[178.83,-32.65],[178.78,-32.64]],[[178.65,-32.9],[178.6,-32.86],[178.6,-32.8],[178.7,-32.74],[178.75,-32.79],[178.75,-32.86],[178.65,-32.9]],[[169.84,-33.36],[169.77,-33.28],[169.73,-33.17],[169.74,-33.06],[169.81,-33.0],[170.08,-33.1],[170.28,-33.23],[170.4,-33.38],[170.4,-33.46],[170.33,-33.55],[170.25,-33.58],[169.84,-33.36]],[[171.3,-33.34],[171.34,-33.29],[171.4,-33.26],[171.48,-33.28],[171.51,-33.35],[171.47,-33.42],[171.39,-33.45],[171.32,-33.42],[171.3,-33.34]],[[163.4,-34.12],[163.37,-34.15],[163.27,-34.17],[163.19,-34.08],[163.13,-34.08],[163.08,-34.13],[163.06,-34.28],[162.94,-34.29],[162.92,-34.33],[162.95,-34.4],[162.91,-34.44],[162.77,-34.44],[162.57,-34.54],[162.52,-34.53],[162.46,-34.46],[162.45,-34.42],[162.53,-34.34],[162.52,-34.31],[162.31,-34.08],[162.29,-33.98],[162.24,-33.94],[162.24,-33.79],[162.1,-33.65],[162.06,-33.5],[161.97,-33.38],[162.0,-33.31],[162.19,-33.38],[162.24,-33.36],[162.24,-33.32],[162.02,-33.02],[162.02,-32.95],[162.07,-32.9],[162.02,-32.83],[162.02,-32.76],[162.12,-32.71],[162.22,-32.74],[162.02,-32.56],[162.01,-32.42],[162.06,-32.39],[162.1,-32.4],[162.34,-32.54],[162.36,-32.52],[162.06,-32.09],[162.04,-32.02],[162.1,-31.97],[162.22,-31.99],[162.26,-32.09],[162.49,-32.19],[162.64,-32.18],[162.68,-32.21],[162.75,-32.46],[162.78,-32.5],[162.84,-32.52],[162.89,-32.47],[162.8,-32.05],[162.82,-31.93],[162.9,-31.9],[163.07,-31.96],[163.21,-31.87],[163.33,-31.9],[163.37,-32.0],[163.25,-32.05],[163.28,-32.22],[163.31,-32.25],[163.44,-32.23],[163.49,-32.31],[163.42,-32.43],[163.32,-32.4],[163.28,-32.33],[163.22,-32.34],[163.25,-32.41],[163.37,-32.5],[163.39,-32.66],[163.21,-32.98],[163.28,-33.03],[163.5,-33.03],[163.73,-33.24],[163.82,-33.26],[163.92,-33.41],[163.96,-33.54],[163.9,-33.59],[163.82,-33.58],[163.75,-33.48],[163.62,-33.55],[163.51,-33.47],[163.53,-33.8],[163.46,-33.86],[163.34,-33.85],[163.13,-33.72],[163.06,-33.71],[163.2,-33.91],[163.39,-33.96],[163.4,-34.12]],[[164.46,-34.42],[164.49,-34.42],[164.52,-34.49],[164.48,-34.58],[164.45,-34.6],[164.39,-34.57],[164.37,-34.52],[164.46,-34.42]],[[168.9,-34.56],[168.98,-34.48],[169.08,-34.49],[169.18,-34.59],[169.18,-34.68],[169.1,-34.71],[168.98,-34.68],[168.91,-34.61],[168.9,-34.56]],[[169.22,-34.66],[169.29,-34.6],[169.37,-34.6],[169.49,-34.78],[169.49,-34.87],[169.39,-34.9],[169.27,-34.84],[169.21,-34.73],[169.22,-34.66]],[[168.83,-34.87],[169.03,-34.97],[169.93,-35.11],[169.98,-35.21],[169.98,-35.43],[169.9,-35.48],[169.73,-35.4],[169.56,-35.4],[169.26,-35.22],[169.03,-35.18],[168.72,-34.96],[168.71,-34.92],[168.75,-34.87],[168.83,-34.87]],[[165.83,-35.65],[165.81,-35.7],[165.74,-35.74],[165.7,-35.73],[165.63,-35.63],[165.46,-35.69],[165.53,-35.86],[165.55,-36.08],[165.52,-36.12],[165.41,-36.14],[165.17,-36.11],[165.14,-36.1],[165.1,-35.95],[164.96,-36.07],[164.87,-36.09],[164.79,-36.05],[164.71,-35.76],[164.57,-35.76],[164.46,-35.62],[164.39,-35.46],[164.43,-35.39],[164.57,-35.4],[164.71,-35.52],[164.98,-35.42],[165.19,-35.54],[165.34,-35.55],[165.42,-35.62],[165.43,-35.52],[165.54,-35.44],[165.62,-35.33],[165.71,-35.29],[165.77,-35.33],[165.83,-35.65]],[[165.78,-36.13],[165.87,-36.04],[166.08,-35.99],[166.12,-36.04],[166.11,-36.17],[165.97,-36.25],[165.82,-36.25],[165.78,-36.13]],[[165.04,-36.15],[165.11,-36.21],[165.11,-36.35],[165.08,-36.4],[164.98,-36.34],[164.88,-36.38],[164.78,-36.31],[164.66,-36.29],[164.66,-36.2],[164.69,-36.12],[164.9,-36.17],[165.04,-36.15]],[[165.29,-35.42],[165.27,-35.25],[165.4,-35.22],[165.43,-35.25],[165.43,-35.4],[165.35,-35.45],[165.29,-35.42]],[[164.73,-35.31],[164.61,-35.38],[164.55,-35.36],[164.48,-35.28],[164.33,-35.29],[164.27,-35.24],[164.25,-35.14],[164.28,-35.12],[164.37,-35.16],[164.68,-35.16],[164.74,-35.21],[164.73,-35.31]],[[164.84,-35.15],[164.78,-35.07],[164.78,-34.98],[164.84,-34.93],[164.94,-34.91],[165.2,-35.03],[165.25,-35.17],[165.2,-35.27],[165.14,-35.3],[165.06,-35.29],[165.03,-35.25],[165.05,-35.18],[165.1,-35.14],[165.06,-35.13],[164.98,-35.21],[164.84,-35.15]],[[164.54,-34.93],[164.55,-34.99],[164.52,-35.04],[164.42,-35.03],[164.38,-34.98],[164.43,-34.9],[164.49,-34.9],[164.54,-34.93]],[[163.82,-34.73],[163.75,-34.78],[163.7,-34.76],[163.69,-34.65],[163.79,-34.6],[163.83,-34.65],[163.82,-34.73]],[[156.31,-33.32],[156.15,-33.38],[156.06,-33.34],[156.03,-33.28],[156.05,-33.17],[156.23,-32.91],[156.3,-32.93],[156.33,-32.98],[156.36,-33.22],[156.31,-33.32]],[[156.3,-32.48],[156.38,-32.51],[156.41,-32.56],[156.41,-32.65],[156.36,-32.69],[156.24,-32.68],[156.17,-32.59],[156.19,-32.5],[156.3,-32.48]],[[160.77,-31.99],[160.79,-32.05],[160.78,-32.11],[160.72,-32.13],[160.63,-32.07],[160.63,-32.01],[160.69,-31.95],[160.77,-31.99]],[[160.54,-31.95],[160.51,-31.99],[160.44,-31.98],[160.39,-31.92],[160.39,-31.87],[160.52,-31.84],[160.55,-31.88],[160.54,-31.95]],[[159.41,-31.85],[159.35,-31.92],[159.24,-31.92],[159.18,-31.89],[159.17,-31.82],[159.02,-31.73],[158.93,-31.54],[158.98,-31.39],[159.12,-31.34],[159.21,-31.38],[159.39,-31.7],[159.41,-31.85]],[[160.93,-31.49],[160.87,-31.46],[160.84,-31.39],[160.87,-31.32],[160.95,-31.29],[161.0,-31.35],[161.02,-31.43],[160.99,-31.49],[160.93,-31.49]],[[162.23,-31.49],[162.25,-31.31],[162.35,-31.28],[162.41,-31.3],[162.43,-31.36],[162.37,-31.46],[162.27,-31.51],[162.23,-31.49]],[[163.87,-33.85],[163.86,-33.78],[163.9,-33.74],[163.99,-33.74],[164.02,-33.79],[163.98,-33.87],[163.87,-33.85]],[[164.1,-33.88],[164.17,-33.88],[164.21,-33.93],[164.18,-34.02],[164.1,-34.06],[164.03,-34.03],[164.01,-33.97],[164.04,-33.91],[164.1,-33.88]],[[156.5,-30.9],[156.49,-30.97],[156.42,-30.99],[156.23,-30.95],[156.16,-30.9],[156.09,-30.71],[156.15,-30.55],[156.2,-30.52],[156.28,-30.55],[156.44,-30.76],[156.5,-30.9]],[[167.83,-30.67],[167.74,-30.57],[167.74,-30.48],[167.78,-30.34],[167.74,-30.22],[167.83,-30.1],[167.99,-30.06],[168.03,-30.09],[168.0,-30.23],[168.05,-30.34],[168.04,-30.41],[167.9,-30.65],[167.83,-30.67]],[[167.73,-30.09],[167.68,-30.24],[167.62,-30.29],[167.43,-30.31],[167.37,-30.27],[167.39,-30.16],[167.47,-30.08],[167.71,-30.02],[167.73,-30.09]],[[159.2,-30.02],[159.12,-30.07],[159.02,-30.04],[158.96,-29.92],[158.99,-29.83],[159.1,-29.79],[159.19,-29.82],[159.23,-29.92],[159.2,-30.02]],[[159.12,-29.12],[159.17,-29.18],[159.14,-29.26],[159.22,-29.33],[159.25,-29.43],[159.23,-29.53],[159.17,-29.57],[159.06,-29.55],[158.99,-29.45],[159.01,-29.32],[158.96,-29.21],[158.97,-29.16],[159.04,-29.12],[159.12,-29.12]],[[156.12,-36.76],[156.05,-36.72],[156.03,-36.67],[156.11,-36.58],[156.32,-36.58],[156.4,-36.67],[156.39,-36.7],[156.33,-36.75],[156.12,-36.76]],[[167.09,-39.9],[167.06,-39.83],[167.08,-39.77],[167.26,-39.7],[167.33,-39.72],[167.34,-39.77],[167.3,-39.86],[167.19,-39.91],[167.09,-39.9]],[[150.47,-44.04],[150.4,-43.98],[150.38,-43.9],[150.43,-43.82],[150.54,-43.8],[150.59,-43.87],[150.6,-43.97],[150.55,-44.04],[150.47,-44.04]],[[147.98,-47.45],[147.94,-47.4],[147.79,-47.39],[147.76,-47.36],[147.82,-47.18],[147.82,-47.02],[147.86,-46.98],[148.14,-46.99],[148.42,-47.06],[148.49,-47.11],[148.63,-47.09],[148.73,-47.19],[148.78,-47.3],[148.73,-47.38],[148.48,-47.49],[147.98,-47.45]],[[165.18,-48.15],[165.13,-48.12],[165.12,-48.06],[165.21,-48.0],[165.26,-48.03],[165.28,-48.12],[165.24,-48.16],[165.18,-48.15]],[[164.59,-48.96],[164.59,-48.9],[164.79,-48.65],[164.94,-48.61],[164.99,-48.63],[165.01,-48.71],[164.98,-48.78],[164.86,-48.91],[164.7,-48.98],[164.59,-48.96]],[[164.31,-49.24],[164.35,-49.18],[164.47,-49.17],[164.49,-49.2],[164.36,-49.55],[164.29,-49.65],[164.21,-49.7],[164.11,-49.71],[163.99,-49.68],[163.96,-49.6],[164.11,-49.42],[164.15,-49.26],[164.31,-49.24]],[[164.02,-49.9],[163.98,-49.86],[164.0,-49.8],[164.04,-49.75],[164.12,-49.74],[164.12,-49.85],[164.06,-49.9],[164.02,-49.9]],[[163.63,-50.75],[163.65,-50.65],[163.75,-50.6],[164.0,-50.54],[164.08,-50.58],[164.06,-50.65],[163.97,-50.72],[163.72,-50.78],[163.63,-50.75]],[[164.52,-50.77],[164.6,-50.68],[164.68,-50.68],[164.71,-50.71],[164.69,-50.88],[164.73,-51.07],[164.62,-51.18],[164.52,-51.17],[164.47,-51.08],[164.52,-50.77]],[[162.13,-50.97],[162.16,-51.02],[162.12,-51.09],[162.05,-51.13],[161.97,-51.11],[161.96,-51.04],[162.01,-50.97],[162.13,-50.97]],[[139.5,-50.96],[139.39,-50.95],[139.36,-50.87],[139.39,-50.79],[139.5,-50.75],[139.55,-50.81],[139.5,-50.96]],[[161.74,-51.26],[161.79,-51.23],[161.81,-51.26],[161.74,-51.41],[161.63,-51.42],[161.57,-51.39],[161.55,-51.33],[161.58,-51.28],[161.74,-51.26]],[[161.14,-51.85],[161.08,-51.77],[161.13,-51.66],[161.28,-51.58],[161.42,-51.58],[161.41,-51.64],[161.24,-51.83],[161.14,-51.85]],[[138.8,-52.06],[138.74,-52.02],[138.71,-51.96],[138.74,-51.89],[138.82,-51.86],[138.87,-51.91],[138.89,-52.0],[138.86,-52.06],[138.8,-52.06]],[[165.47,-52.06],[165.64,-51.97],[165.7,-51.96],[165.76,-52.0],[165.72,-52.16],[165.82,-52.31],[165.79,-52.42],[165.84,-52.56],[165.79,-52.73],[165.87,-52.92],[165.83,-53.05],[165.74,-53.16],[165.58,-53.14],[165.38,-53.2],[165.34,-53.17],[165.31,-53.06],[165.31,-52.85],[165.41,-52.66],[165.41,-52.44],[165.5,-52.34],[165.49,-52.26],[165.42,-52.17],[165.47,-52.06]],[[167.23,-52.82],[167.18,-52.76],[167.24,-52.66],[167.42,-52.66],[167.43,-52.71],[167.39,-52.78],[167.31,-52.83],[167.23,-52.82]],[[160.16,-52.81],[160.2,-52.87],[160.14,-52.98],[160.02,-53.03],[159.93,-53.01],[159.93,-52.96],[160.0,-52.85],[160.16,-52.81]],[[160.77,-52.19],[160.81,-52.28],[160.74,-52.44],[160.27,-52.75],[160.22,-52.75],[160.22,-52.69],[160.29,-52.5],[160.65,-52.23],[160.77,-52.19]],[[158.53,-54.76],[158.88,-54.22],[158.88,-53.94],[158.91,-53.85],[159.08,-53.64],[159.21,-53.61],[159.23,-53.75],[159.1,-53.78],[159.19,-53.9],[159.18,-54.25],[159.12,-54.31],[159.12,-54.43],[159.05,-54.54],[159.01,-54.72],[158.88,-54.89],[158.88,-55.01],[158.78,-55.15],[158.73,-55.36],[158.42,-55.25],[158.53,-54.76]],[[165.88,-54.15],[166.03,-54.08],[166.11,-54.11],[166.15,-54.58],[166.11,-54.64],[165.9,-54.63],[165.74,-54.53],[165.73,-54.43],[165.86,-54.36],[165.85,-54.22],[165.88,-54.15]],[[164.65,-54.17],[164.75,-54.23],[164.75,-54.36],[164.67,-54.48],[164.54,-54.5],[164.49,-54.43],[164.48,-54.28],[164.51,-54.21],[164.65,-54.17]],[[167.38,-54.95],[167.32,-54.84],[167.35,-54.77],[167.43,-54.75],[167.5,-54.82],[167.51,-54.91],[167.45,-54.96],[167.38,-54.95]],[[168.93,-54.95],[168.96,-54.87],[169.07,-54.82],[169.5,-54.88],[169.56,-54.91],[169.56,-54.96],[169.42,-55.02],[169.02,-55.01],[168.93,-54.95]],[[166.48,-54.97],[166.51,-55.08],[166.44,-55.13],[166.39,-55.12],[166.34,-55.06],[166.35,-55.01],[166.41,-54.95],[166.48,-54.97]],[[146.55,-55.12],[146.59,-55.15],[146.59,-55.27],[146.53,-55.3],[146.43,-55.28],[146.39,-55.23],[146.41,-55.17],[146.55,-55.12]],[[168.69,-55.85],[168.58,-55.79],[168.61,-55.7],[168.74,-55.7],[168.8,-55.74],[168.81,-55.82],[168.69,-55.85]],[[158.39,-56.84],[158.33,-56.81],[158.3,-56.75],[158.34,-56.52],[158.47,-56.46],[158.64,-56.49],[158.69,-56.54],[158.7,-56.63],[158.66,-56.78],[158.59,-56.83],[158.39,-56.84]],[[161.49,-58.73],[161.42,-58.69],[161.44,-58.62],[161.56,-58.58],[161.66,-58.62],[161.67,-58.65],[161.62,-58.71],[161.49,-58.73]],[[165.46,-60.85],[165.43,-60.79],[165.46,-60.73],[165.54,-60.7],[165.6,-60.71],[165.62,-60.75],[165.59,-60.8],[165.52,-60.85],[165.46,-60.85]],[[158.46,-61.14],[158.41,-61.1],[158.4,-61.04],[158.45,-60.99],[158.53,-60.98],[158.55,-61.11],[158.46,-61.14]],[[166.65,-61.3],[166.77,-61.31],[166.78,-61.42],[166.69,-61.44],[166.61,-61.41],[166.6,-61.37],[166.65,-61.3]],[[170.35,-63.58],[170.27,-63.53],[170.26,-63.45],[170.33,-63.4],[170.47,-63.38],[170.52,-63.46],[170.5,-63.57],[170.46,-63.59],[170.35,-63.58]],[[170.83,-63.63],[170.89,-63.61],[170.96,-63.63],[170.99,-63.71],[170.97,-63.75],[170.88,-63.77],[170.79,-63.74],[170.78,-63.7],[170.83,-63.63]],[[160.83,-65.49],[160.81,-65.42],[160.84,-65.35],[160.95,-65.32],[161.29,-65.44],[161.33,-65.52],[161.3,-65.59],[161.12,-65.63],[160.91,-65.55],[160.83,-65.49]],[[163.58,-67.17],[163.5,-67.2],[163.38,-67.19],[163.15,-66.94],[163.06,-66.94],[162.17,-66.47],[162.13,-66.42],[162.12,-66.34],[161.96,-66.18],[161.95,-66.09],[161.98,-66.05],[162.11,-66.02],[162.43,-66.12],[162.67,-66.34],[162.86,-66.36],[162.89,-66.41],[163.22,-66.58],[163.39,-66.62],[163.55,-66.74],[163.59,-66.93],[163.54,-67.01],[163.59,-67.1],[163.58,-67.17]],[[164.13,-67.19],[164.16,-67.13],[164.21,-67.11],[164.41,-67.18],[164.64,-67.13],[164.99,-67.18],[165.16,-67.31],[165.2,-67.45],[165.24,-67.49],[165.41,-67.42],[165.53,-67.42],[165.74,-67.52],[165.79,-67.6],[165.75,-67.67],[165.51,-67.68],[165.41,-67.63],[165.24,-67.63],[165.17,-67.56],[164.98,-67.7],[164.67,-67.68],[164.5,-67.61],[164.46,-67.53],[164.13,-67.19]],[[170.8,-67.09],[170.76,-67.01],[170.79,-66.94],[170.86,-66.91],[171.16,-66.97],[171.23,-67.03],[171.23,-67.07],[171.19,-67.17],[171.12,-67.2],[170.8,-67.09]],[[167.31,-67.21],[167.6,-67.22],[167.66,-67.27],[167.66,-67.35],[167.61,-67.4],[167.53,-67.42],[167.34,-67.39],[167.27,-67.35],[167.24,-67.29],[167.31,-67.21]],[[166.59,-67.62],[166.77,-67.54],[166.94,-67.7],[167.18,-67.75],[167.2,-67.82],[167.17,-67.86],[167.02,-67.87],[166.9,-67.8],[166.6,-67.76],[166.56,-67.68],[166.59,-67.62]],[[167.47,-67.82],[167.61,-67.82],[167.64,-67.91],[167.6,-67.94],[167.41,-67.95],[167.4,-67.85],[167.47,-67.82]],[[164.01,-67.36],[164.09,-67.43],[164.04,-67.5],[163.87,-67.52],[163.8,-67.47],[163.84,-67.38],[164.01,-67.36]],[[165.29,-66.81],[165.03,-66.7],[164.96,-66.58],[165.0,-66.53],[165.13,-66.51],[165.35,-66.64],[165.42,-66.75],[165.41,-66.79],[165.29,-66.81]],[[169.43,-68.11],[169.36,-68.08],[169.34,-68.03],[169.43,-67.96],[169.49,-67.98],[169.52,-68.06],[169.49,-68.1],[169.43,-68.11]],[[173.46,-68.1],[173.57,-68.14],[173.57,-68.25],[173.46,-68.3],[173.28,-68.27],[173.25,-68.19],[173.26,-68.15],[173.46,-68.1]],[[179.4,-70.9],[179.53,-70.89],[179.8,-70.95],[179.83,-70.97],[179.83,-71.06],[179.76,-71.07],[179.42,-70.99],[179.39,-70.96],[179.4,-70.9]],[[176.86,-71.47],[176.94,-71.43],[177.24,-71.52],[177.38,-71.71],[177.37,-71.8],[177.17,-71.98],[176.95,-71.98],[176.9,-71.92],[176.95,-71.76],[176.86,-71.54],[176.86,-71.47]],[[170.27,-54.36],[170.18,-54.41],[170.1,-54.4],[170.05,-54.35],[170.05,-54.25],[170.3,-54.17],[170.34,-54.26],[170.27,-54.36]],[[170.44,-54.35],[170.38,-54.31],[170.35,-54.25],[170.46,-54.16],[170.5,-54.2],[170.51,-54.29],[170.5,-54.34],[170.44,-54.35]],[[171.3,-54.17],[171.21,-54.12],[171.26,-54.02],[171.36,-53.99],[171.45,-54.01],[171.48,-54.07],[171.47,-54.13],[171.42,-54.16],[171.3,-54.17]],[[175.8,-49.7],[175.87,-49.75],[175.86,-49.83],[175.8,-49.89],[175.7,-49.87],[175.67,-49.82],[175.69,-49.74],[175.8,-49.7]],[[177.16,-49.3],[177.25,-49.36],[177.26,-49.44],[177.18,-49.48],[177.04,-49.48],[177.0,-49.42],[177.02,-49.35],[177.08,-49.3],[177.16,-49.3]],[[176.2,-47.24],[176.29,-47.27],[176.42,-47.38],[176.49,-47.49],[176.49,-47.55],[176.35,-47.54],[176.28,-47.5],[176.18,-47.54],[176.04,-47.54],[176.01,-47.45],[176.05,-47.31],[176.11,-47.25],[176.2,-47.24]],[[174.07,-34.19],[174.0,-34.14],[174.0,-34.03],[174.11,-33.97],[174.22,-33.99],[174.26,-34.06],[174.24,-34.15],[174.17,-34.2],[174.07,-34.19]],[[179.78,-34.19],[179.84,-34.25],[179.8,-34.37],[179.71,-34.44],[179.66,-34.44],[179.62,-34.38],[179.62,-34.25],[179.78,-34.19]],[[178.5,-35.8],[178.43,-35.76],[178.41,-35.7],[178.47,-35.65],[178.58,-35.66],[178.63,-35.71],[178.61,-35.78],[178.5,-35.8]],[[178.08,-39.99],[178.11,-39.93],[178.19,-39.91],[178.28,-39.92],[178.33,-39.98],[178.3,-40.05],[178.24,-40.08],[178.12,-40.05],[178.08,-39.99]],[[176.54,-41.33],[176.53,-41.28],[176.58,-41.22],[176.76,-41.16],[176.78,-41.2],[176.74,-41.27],[176.54,-41.33]],[[179.49,-17.11],[179.58,-17.2],[179.57,-17.39],[179.49,-17.46],[179.34,-17.48],[179.28,-17.38],[179.28,-17.18],[179.49,-17.11]]]]}}]}