{"type":"FeatureCollection","features":[{"type":"Feature","properties":{"depth":6000},"geometry":{"type":"MultiPolygon","coordinates":[[[[179.19,8.9],[179.17,8.96],[179.28,9.03],[179.2,9.18],[179.04,8.93],[179.03,8.54],[179.11,8.54],[179.13,8.69],[179.35,8.84],[179.41,8.44],[179.54,8.38],[179.67,8.47],[179.73,8.45],[179.75,8.34],[179.62,7.97],[179.35,7.92],[179.55,7.77],[179.6,7.64],[179.68,7.67],[179.66,7.89],[179.82,7.96],[179.9,7.93],[179.95,7.75],[179.85,7.59],[179.88,7.52],[179.96,7.59],[180.0,7.84],[179.94,8.06],[179.82,8.2],[179.91,8.5],[180.0,8.57],[180.0,8.93],[179.89,8.59],[179.69,8.52],[179.59,8.62],[179.46,8.63],[179.5,8.82],[179.19,8.9]]],[[[180.0,10.46],[179.66,10.66],[179.62,10.75],[179.61,10.64],[179.92,10.44],[179.95,10.34],[179.59,10.27],[179.47,10.39],[179.32,10.26],[179.52,10.23],[179.5,10.08],[179.3,10.01],[179.1,10.08],[179.18,9.97],[179.38,9.96],[179.5,9.84],[179.66,9.79],[179.69,9.67],[179.59,9.53],[179.67,9.46],[179.85,9.47],[179.95,9.55],[179.75,9.82],[179.71,10.01],[179.6,10.07],[179.6,10.15],[179.74,10.26],[180.0,9.94],[180.0,10.46]]],[[[180.0,42.79],[179.96,42.85],[179.97,42.79],[179.76,42.79],[179.78,42.6],[179.62,42.39],[179.85,42.18],[179.89,42.04],[179.93,42.09],[179.88,42.26],[179.98,42.34],[179.77,42.31],[179.71,42.4],[180.0,42.79]]],[[[179.78,5.81],[179.7,5.82],[179.62,5.71],[179.71,5.59],[179.78,5.81]]],[[[179.52,10.97],[179.5,11.07],[179.35,11.1],[179.36,11.04],[179.52,10.97]]],[[[179.57,11.64],[179.51,11.66],[179.28,11.5],[179.13,11.26],[178.99,11.23],[178.79,11.37],[178.73,11.3],[178.87,11.12],[179.04,11.11],[179.33,11.35],[179.38,11.52],[179.57,11.64]]],[[[179.74,11.84],[179.86,12.0],[179.83,12.19],[180.0,12.55],[180.0,12.77],[179.87,12.65],[179.83,12.37],[179.71,12.19],[179.75,12.06],[179.68,11.87],[179.74,11.84]]],[[[179.42,12.69],[179.69,12.98],[179.66,13.02],[179.45,12.98],[179.37,12.72],[179.42,12.69]]],[[[179.57,13.86],[179.47,13.85],[179.54,13.68],[179.74,13.7],[179.84,13.64],[179.88,13.85],[179.69,13.8],[179.57,13.86]]],[[[179.77,40.52],[179.52,40.51],[179.95,40.42],[179.77,40.52]]],[[[179.46,41.25],[179.74,41.42],[180.0,41.74],[180.0,41.81],[179.56,41.5],[179.54,41.38],[179.42,41.27],[179.46,41.25]]],[[[179.38,42.59],[179.28,42.74],[179.44,42.86],[179.41,42.91],[179.16,42.65],[178.96,42.6],[179.26,42.57],[179.28,42.43],[179.09,42.38],[179.15,42.21],[179.46,42.34],[179.38,42.59]]],[[[170.21,52.68],[169.98,52.85],[169.85,52.85],[169.78,52.77],[169.79,52.71],[170.54,52.32],[171.02,52.15],[171.22,52.15],[171.43,52.01],[171.82,51.96],[171.98,51.86],[172.08,51.71],[172.51,51.5],[173.05,51.42],[173.2,51.28],[173.76,51.26],[174.0,51.14],[174.34,51.14],[174.58,51.05],[174.79,51.07],[175.08,50.95],[175.7,50.93],[176.11,50.83],[176.28,50.71],[176.87,50.65],[177.12,50.5],[177.26,50.54],[177.38,50.38],[177.61,50.29],[177.76,50.43],[178.13,50.26],[178.54,50.19],[178.75,50.26],[178.94,50.18],[179.18,50.21],[180.0,50.11],[180.0,50.47],[178.7,50.54],[178.36,50.64],[178.1,50.59],[177.84,50.71],[177.56,50.7],[176.94,50.85],[176.66,50.98],[176.38,51.0],[175.99,51.15],[175.55,51.07],[174.65,51.31],[174.19,51.36],[173.95,51.5],[173.69,51.5],[173.28,51.67],[173.0,51.68],[172.8,51.82],[172.37,51.91],[172.3,52.03],[172.06,52.01],[171.53,52.25],[171.29,52.28],[171.12,52.42],[170.53,52.54],[170.4,52.7],[170.21,52.68]]],[[[-179.2,10.67],[-179.54,10.87],[-179.52,11.03],[-179.24,11.17],[-179.3,11.36],[-179.36,11.38],[-179.77,10.82],[-179.66,10.63],[-179.73,10.36],[-179.64,10.26],[-179.43,10.2],[-179.38,10.01],[-179.23,9.9],[-179.29,9.81],[-179.76,9.82],[-179.76,10.01],[-179.94,10.26],[-180.0,10.46],[-180.0,9.94],[-179.91,9.87],[-179.78,9.43],[-179.36,8.96],[-179.37,8.57],[-179.17,8.6],[-179.21,8.83],[-179.18,8.95],[-178.82,8.89],[-179.02,9.19],[-179.14,9.0],[-179.37,9.12],[-179.33,9.31],[-179.46,9.42],[-179.4,9.55],[-179.44,9.68],[-179.28,9.72],[-179.04,9.65],[-179.06,9.55],[-179.27,9.51],[-179.22,9.31],[-179.05,9.45],[-178.94,9.31],[-178.67,9.18],[-178.62,9.27],[-178.51,9.25],[-178.49,9.18],[-178.63,9.12],[-178.6,9.09],[-178.35,9.09],[-178.46,9.29],[-178.7,9.36],[-178.84,9.47],[-178.88,9.58],[-178.78,9.65],[-178.69,9.54],[-178.56,9.52],[-178.66,9.61],[-178.69,9.88],[-178.56,9.93],[-178.33,9.75],[-178.22,9.82],[-178.18,9.98],[-178.22,9.99],[-178.33,9.8],[-178.41,9.8],[-178.58,10.03],[-178.54,10.2],[-178.8,10.27],[-178.95,10.5],[-179.16,10.49],[-179.2,10.67]],[[-179.28,10.32],[-179.46,10.4],[-179.45,10.49],[-179.33,10.56],[-179.22,10.53],[-179.23,10.34],[-178.9,10.31],[-178.74,10.03],[-178.75,9.94],[-178.88,9.91],[-179.25,10.09],[-179.28,10.32]],[[-179.65,9.52],[-179.53,9.52],[-179.52,9.42],[-179.67,9.42],[-179.65,9.52]]],[[[-179.57,-4.08],[-179.62,-4.01],[-179.74,-4.08],[-179.42,-4.22],[-179.34,-4.18],[-179.57,-4.08]]],[[[-179.78,8.71],[-179.93,8.78],[-179.9,8.92],[-180.0,8.93],[-180.0,8.57],[-179.81,8.58],[-179.78,8.71]]],[[[-179.69,11.98],[-179.86,11.78],[-179.46,11.7],[-179.69,11.98]]],[[[-179.92,12.54],[-179.82,12.6],[-179.83,12.71],[-180.0,12.77],[-180.0,12.55],[-179.92,12.54]]],[[[-179.86,13.22],[-180.0,13.13],[-179.76,12.99],[-179.59,13.04],[-179.61,13.09],[-179.76,13.1],[-179.86,13.22]]],[[[-178.75,41.92],[-178.69,42.01],[-178.72,42.09],[-179.14,42.02],[-179.34,41.88],[-179.53,41.58],[-179.35,41.55],[-179.12,41.66],[-178.83,41.69],[-178.89,41.82],[-178.75,41.92]]],[[[-179.22,42.47],[-179.35,42.62],[-179.53,42.58],[-179.53,42.39],[-179.73,42.32],[-179.59,42.26],[-179.58,42.11],[-179.76,42.05],[-179.83,41.9],[-180.0,41.81],[-180.0,41.74],[-179.64,41.9],[-179.47,42.22],[-178.78,42.36],[-179.05,42.53],[-179.22,42.47]]],[[[-179.54,43.05],[-179.61,43.1],[-179.72,43.02],[-179.88,43.01],[-180.0,42.79],[-179.55,42.94],[-179.54,43.05]]],[[[-179.42,43.75],[-179.31,44.0],[-179.45,43.92],[-179.47,43.76],[-179.42,43.75]]],[[[-176.0,50.61],[-177.86,50.47],[-178.44,50.52],[-179.59,50.42],[-180.0,50.47],[-180.0,50.11],[-179.76,50.16],[-178.85,50.09],[-178.44,50.18],[-177.53,50.16],[-177.43,50.23],[-177.34,50.16],[-176.66,50.3],[-176.21,50.33],[-176.03,50.26],[-175.9,50.45],[-176.0,50.61]]],[[[-30.62,-54.6],[-30.94,-54.58],[-31.08,-54.67],[-31.46,-54.7],[-31.66,-54.88],[-31.44,-54.79],[-30.91,-54.86],[-30.71,-55.0],[-30.7,-55.15],[-30.5,-55.05],[-29.97,-54.97],[-29.7,-55.18],[-29.43,-55.22],[-28.97,-55.13],[-28.63,-55.18],[-28.43,-55.06],[-28.4,-55.15],[-28.51,-55.29],[-28.41,-55.3],[-28.23,-55.26],[-28.35,-55.09],[-28.06,-55.1],[-27.87,-55.23],[-27.89,-55.34],[-27.99,-55.36],[-27.95,-55.39],[-27.31,-55.42],[-26.66,-55.66],[-26.04,-56.06],[-25.87,-56.11],[-25.86,-56.27],[-25.65,-56.41],[-25.46,-56.25],[-25.32,-56.26],[-25.22,-56.47],[-25.03,-56.47],[-24.96,-56.66],[-24.79,-56.83],[-24.62,-56.95],[-24.5,-56.95],[-24.4,-57.18],[-24.24,-57.22],[-24.28,-57.34],[-24.21,-57.46],[-24.29,-57.6],[-24.25,-57.73],[-24.06,-57.79],[-24.1,-57.94],[-23.94,-58.03],[-23.95,-58.18],[-23.83,-58.51],[-23.98,-58.63],[-23.95,-59.04],[-24.12,-59.23],[-24.25,-59.58],[-24.14,-59.62],[-24.09,-59.58],[-24.13,-59.48],[-24.09,-59.42],[-23.66,-59.3],[-23.78,-59.19],[-23.64,-59.02],[-23.64,-58.87],[-23.5,-58.8],[-23.57,-58.58],[-23.47,-58.15],[-23.58,-58.0],[-23.54,-57.79],[-23.81,-57.82],[-23.9,-57.76],[-23.69,-57.55],[-23.76,-57.29],[-23.92,-57.1],[-23.93,-56.93],[-24.13,-56.79],[-24.14,-56.57],[-24.29,-56.5],[-24.41,-56.23],[-24.66,-56.14],[-24.89,-55.97],[-24.94,-55.83],[-25.58,-55.54],[-25.56,-55.34],[-25.94,-55.25],[-26.02,-55.1],[-26.28,-54.94],[-26.74,-54.86],[-26.89,-54.74],[-27.52,-54.93],[-27.62,-54.89],[-27.61,-54.8],[-27.36,-54.77],[-27.31,-54.7],[-27.51,-54.75],[-27.99,-54.74],[-28.18,-54.64],[-28.67,-54.6],[-29.23,-54.74],[-30.08,-54.77],[-30.62,-54.6]]],[[[102.96,-7.4],[102.38,-7.1],[102.28,-7.15],[102.57,-7.48],[102.71,-7.4],[102.8,-7.45],[102.79,-7.67],[103.56,-8.06],[103.78,-8.09],[103.91,-8.01],[104.04,-8.23],[104.3,-8.28],[104.75,-8.56],[105.12,-8.9],[105.47,-9.08],[105.63,-9.05],[105.86,-9.26],[106.01,-9.26],[106.08,-9.58],[106.27,-9.55],[106.51,-9.82],[106.63,-9.75],[106.87,-9.82],[106.82,-9.98],[106.99,-10.08],[106.99,-10.25],[107.11,-10.32],[107.02,-10.49],[107.35,-10.5],[107.39,-10.29],[107.48,-10.26],[107.56,-10.29],[107.59,-10.44],[107.85,-10.32],[108.07,-10.54],[108.12,-10.42],[108.34,-10.39],[108.6,-10.22],[108.99,-10.52],[109.13,-10.34],[109.3,-10.28],[109.38,-10.31],[109.44,-10.46],[109.56,-10.35],[109.7,-10.36],[109.78,-10.54],[110.16,-10.58],[110.33,-10.51],[110.47,-10.56],[110.56,-10.48],[110.73,-10.45],[110.54,-10.23],[110.2,-10.25],[109.83,-10.16],[109.48,-10.22],[109.25,-10.13],[108.31,-10.01],[107.9,-9.86],[107.74,-9.72],[107.52,-9.7],[107.35,-9.55],[106.87,-9.46],[106.8,-9.38],[106.63,-9.41],[106.56,-9.29],[106.44,-9.29],[106.16,-9.08],[105.98,-9.05],[105.77,-8.86],[105.65,-8.86],[104.81,-8.09],[104.45,-8.06],[104.28,-7.88],[103.66,-7.7],[103.49,-7.73],[103.49,-7.6],[103.26,-7.56],[102.96,-7.4]]],[[[131.4,9.53],[131.23,9.43],[130.92,9.46],[130.97,9.26],[130.82,9.31],[130.95,9.13],[130.89,9.05],[130.78,9.06],[130.7,9.14],[130.56,9.12],[130.53,9.28],[130.44,9.05],[130.51,8.76],[130.36,8.66],[130.34,8.83],[130.3,8.82],[130.26,8.68],[130.31,8.59],[130.39,8.54],[130.66,8.62],[130.94,8.74],[131.03,8.87],[131.16,8.88],[131.16,8.98],[131.03,9.21],[131.07,9.27],[131.26,9.19],[131.27,9.31],[131.38,9.3],[131.42,9.22],[131.34,9.02],[131.57,9.14],[131.51,9.25],[131.54,9.36],[131.65,9.38],[131.78,9.22],[131.81,9.36],[131.93,9.46],[131.4,9.53]]],[[[132.87,18.35],[132.79,18.29],[132.53,18.3],[132.46,18.55],[132.56,18.6],[132.77,18.55],[132.79,18.65],[132.11,18.62],[132.05,18.69],[132.05,18.94],[131.93,18.96],[131.87,19.09],[131.72,18.9],[131.64,18.88],[131.53,19.11],[131.66,19.32],[131.59,19.49],[131.63,19.63],[131.52,19.72],[131.38,19.73],[131.45,19.67],[131.52,19.37],[131.49,19.17],[131.38,19.13],[131.54,18.96],[131.38,18.86],[131.21,19.02],[131.06,18.97],[131.02,18.82],[130.96,18.8],[130.99,18.36],[131.23,18.24],[131.44,18.27],[131.56,18.39],[131.27,18.41],[131.2,18.31],[131.03,18.5],[131.03,18.67],[131.13,18.72],[131.29,18.61],[131.69,18.58],[131.71,18.66],[131.81,18.67],[131.81,18.81],[131.9,18.81],[131.96,18.73],[131.95,18.48],[132.16,18.58],[132.31,18.48],[132.28,18.38],[132.43,18.18],[132.4,18.01],[132.27,17.92],[132.36,17.87],[132.55,17.88],[132.49,18.14],[132.7,18.26],[132.79,18.14],[132.87,18.35]]],[[[126.22,22.42],[126.7,22.56],[126.58,22.78],[126.43,22.86],[126.37,22.83],[126.31,22.58],[126.15,22.49],[126.22,22.42]]],[[[145.22,30.68],[145.3,30.74],[145.17,30.94],[145.05,31.03],[144.95,30.99],[145.1,30.7],[145.22,30.68]]],[[[170.74,47.39],[170.34,47.36],[170.1,47.23],[170.25,47.02],[170.25,46.9],[170.04,46.68],[169.94,46.42],[170.11,46.13],[170.59,46.18],[170.76,46.28],[170.87,46.09],[170.95,46.09],[171.17,46.27],[171.22,46.49],[171.4,46.56],[170.74,47.39]],[[171.04,46.58],[170.94,46.66],[170.98,46.76],[171.13,46.65],[171.04,46.58]]],[[[167.37,48.33],[167.06,48.65],[166.42,49.13],[166.46,48.97],[166.73,48.77],[166.77,48.63],[166.95,48.58],[167.01,48.49],[166.94,48.38],[167.11,48.26],[167.06,48.14],[167.13,48.05],[167.11,47.93],[167.28,47.65],[167.21,47.54],[167.03,47.49],[166.99,47.38],[167.12,47.28],[167.14,47.14],[167.26,47.08],[167.35,46.8],[167.21,46.39],[167.53,46.23],[167.47,46.13],[167.3,46.18],[167.35,46.08],[167.26,46.01],[167.38,46.01],[167.58,45.86],[167.93,46.07],[168.08,46.08],[168.37,45.91],[168.58,45.58],[168.59,45.43],[168.49,45.35],[168.89,45.3],[168.98,45.19],[169.11,45.23],[169.14,45.06],[169.32,44.93],[169.52,45.0],[169.61,45.1],[169.54,45.29],[169.32,45.36],[169.0,45.28],[168.92,45.35],[168.81,46.18],[168.94,46.39],[168.89,46.56],[168.96,46.68],[168.8,46.81],[168.83,47.05],[168.38,47.5],[168.31,47.69],[168.34,47.81],[167.95,48.32],[167.54,48.38],[167.37,48.33]],[[167.55,47.47],[167.5,47.57],[167.52,47.66],[167.4,47.74],[167.3,47.98],[167.41,48.12],[167.83,47.62],[167.73,47.51],[167.55,47.47]]],[[[170.26,49.2],[170.14,49.3],[170.02,49.15],[169.8,49.2],[169.75,49.03],[169.59,49.01],[169.66,48.82],[169.94,48.48],[169.86,48.29],[169.58,48.09],[169.59,47.95],[169.82,47.86],[170.04,47.59],[170.95,47.57],[171.1,47.35],[171.26,47.28],[172.11,46.43],[172.38,46.49],[172.63,46.25],[172.73,46.25],[172.74,46.33],[172.5,46.6],[172.03,46.61],[171.82,46.9],[171.67,46.94],[170.88,47.7],[170.86,47.79],[170.95,47.93],[170.7,48.04],[170.52,48.29],[170.33,48.38],[170.33,48.53],[170.26,48.55],[170.37,48.71],[170.5,48.71],[170.64,48.55],[170.71,48.56],[170.26,49.2]],[[170.19,48.72],[170.16,48.82],[170.36,48.88],[170.35,48.76],[170.19,48.72]]],[[[-159.85,53.57],[-159.12,53.71],[-158.96,53.81],[-160.96,53.52],[-161.26,53.57],[-161.98,53.35],[-162.16,53.37],[-162.72,53.21],[-162.96,53.21],[-163.73,52.94],[-164.04,52.92],[-164.26,52.8],[-164.87,52.73],[-165.01,52.64],[-165.36,52.63],[-165.53,52.54],[-165.67,52.56],[-165.84,52.44],[-166.2,52.39],[-166.42,52.28],[-166.8,52.24],[-167.71,51.94],[-168.1,51.94],[-168.51,51.77],[-169.05,51.71],[-169.27,51.55],[-169.49,51.55],[-169.94,51.41],[-172.2,51.17],[-172.34,51.05],[-172.51,51.05],[-172.72,50.94],[-173.02,51.05],[-173.17,50.97],[-173.77,50.95],[-174.07,50.81],[-174.52,50.74],[-174.87,50.82],[-175.11,50.75],[-175.74,50.73],[-175.81,50.66],[-175.82,50.42],[-175.74,50.32],[-175.32,50.35],[-175.1,50.45],[-174.86,50.4],[-174.29,50.47],[-173.25,50.69],[-173.06,50.59],[-172.15,50.71],[-172.03,50.81],[-171.65,50.76],[-171.06,50.88],[-170.9,50.83],[-170.61,50.95],[-170.42,50.83],[-170.26,51.05],[-170.18,50.95],[-170.1,51.04],[-169.78,51.02],[-169.49,51.19],[-169.13,51.24],[-168.78,51.43],[-168.02,51.53],[-167.59,51.74],[-166.85,51.94],[-166.67,52.05],[-166.37,52.01],[-165.46,52.22],[-165.29,52.33],[-165.0,52.39],[-164.95,52.53],[-164.86,52.53],[-164.84,52.41],[-164.3,52.61],[-163.97,52.63],[-163.3,52.85],[-162.19,53.04],[-161.52,53.28],[-160.94,53.33],[-159.85,53.57]]],[[[14.12,-57.35],[13.83,-57.0],[13.63,-56.94],[14.02,-57.4],[14.06,-57.58],[14.4,-57.47],[14.12,-57.35]]],[[[12.65,-57.01],[12.72,-56.84],[12.65,-56.79],[12.43,-57.0],[12.51,-57.08],[12.68,-57.1],[12.65,-57.01]]],[[[-41.75,-48.06],[-41.94,-47.8],[-41.84,-47.43],[-41.95,-47.4],[-42.04,-47.44],[-41.98,-47.69],[-42.07,-47.86],[-41.75,-48.06]]],[[[-46.11,-48.58],[-46.2,-48.65],[-46.17,-48.77],[-46.11,-48.75],[-46.11,-48.58]]],[[[-46.08,-48.55],[-45.89,-48.48],[-45.86,-48.34],[-45.75,-48.36],[-45.65,-48.53],[-45.54,-48.49],[-45.53,-48.43],[-45.71,-48.31],[-45.7,-48.19],[-45.5,-48.19],[-45.56,-48.04],[-45.22,-47.78],[-45.35,-47.78],[-45.44,-47.88],[-45.57,-47.91],[-45.64,-47.85],[-45.6,-47.69],[-45.53,-47.63],[-45.26,-47.6],[-45.25,-47.54],[-45.7,-47.45],[-45.89,-47.52],[-45.95,-47.41],[-46.06,-47.38],[-46.22,-47.57],[-46.66,-47.63],[-46.78,-47.54],[-46.73,-47.38],[-46.86,-47.33],[-46.93,-47.55],[-47.26,-47.6],[-47.35,-47.48],[-47.15,-47.39],[-47.25,-47.33],[-47.36,-47.35],[-47.4,-47.5],[-47.57,-47.47],[-47.91,-47.66],[-48.07,-47.54],[-48.61,-47.56],[-48.68,-47.36],[-48.86,-47.19],[-48.77,-47.02],[-49.39,-46.99],[-49.5,-46.9],[-49.51,-46.72],[-49.84,-46.86],[-50.08,-46.85],[-50.14,-46.63],[-50.47,-46.44],[-50.49,-46.16],[-50.69,-46.1],[-50.88,-45.87],[-51.14,-45.79],[-51.43,-45.5],[-51.56,-45.52],[-51.79,-45.31],[-51.98,-45.24],[-52.15,-45.29],[-52.22,-45.22],[-52.32,-45.28],[-52.57,-45.3],[-52.5,-45.4],[-52.41,-45.34],[-52.22,-45.35],[-52.2,-45.5],[-52.39,-45.55],[-52.49,-45.65],[-52.61,-45.55],[-52.81,-45.69],[-52.97,-45.63],[-53.11,-45.89],[-53.28,-45.91],[-53.59,-46.22],[-54.05,-46.34],[-54.07,-46.41],[-53.9,-46.64],[-54.0,-46.75],[-53.8,-46.77],[-53.76,-46.88],[-54.09,-47.09],[-54.41,-47.06],[-54.29,-47.15],[-53.96,-47.15],[-53.86,-47.33],[-53.51,-47.62],[-53.52,-47.88],[-53.35,-47.88],[-53.26,-48.14],[-53.66,-48.13],[-53.71,-48.22],[-53.31,-48.2],[-53.26,-48.38],[-53.16,-48.36],[-53.13,-48.19],[-53.0,-48.14],[-52.93,-48.3],[-53.11,-48.46],[-52.92,-48.48],[-52.85,-48.66],[-52.34,-48.86],[-51.98,-48.84],[-51.86,-48.96],[-51.83,-48.88],[-51.63,-48.86],[-51.58,-49.08],[-51.38,-49.07],[-51.31,-49.22],[-51.22,-49.25],[-51.07,-49.28],[-51.27,-49.18],[-51.29,-48.96],[-51.1,-48.87],[-51.32,-48.82],[-51.34,-48.62],[-51.48,-48.58],[-51.55,-48.48],[-51.5,-48.35],[-51.26,-48.43],[-51.1,-48.36],[-50.86,-48.67],[-50.69,-48.69],[-50.71,-48.79],[-50.95,-48.89],[-50.81,-48.96],[-50.3,-48.96],[-50.14,-48.89],[-49.94,-48.98],[-49.51,-48.98],[-49.3,-49.08],[-48.72,-48.96],[-49.18,-48.86],[-49.2,-48.74],[-49.03,-48.77],[-48.91,-48.58],[-48.65,-48.55],[-48.53,-48.6],[-48.26,-48.36],[-47.83,-48.36],[-47.67,-48.28],[-47.47,-48.43],[-47.38,-48.36],[-47.06,-48.36],[-46.82,-48.43],[-46.7,-48.55],[-46.49,-48.47],[-46.42,-48.53],[-46.44,-48.7],[-46.34,-48.6],[-46.32,-48.34],[-46.18,-48.24],[-46.1,-48.32],[-46.08,-48.55]],[[-46.53,-48.2],[-46.48,-48.28],[-46.52,-48.37],[-46.69,-48.44],[-46.72,-48.33],[-46.53,-48.2]],[[-48.34,-48.24],[-48.39,-48.35],[-48.52,-48.33],[-48.45,-48.22],[-48.34,-48.24]],[[-49.84,-48.31],[-49.83,-48.47],[-50.13,-48.53],[-50.04,-48.38],[-50.04,-48.17],[-49.93,-48.13],[-49.84,-48.31]],[[-49.31,-48.55],[-49.27,-48.46],[-49.17,-48.42],[-49.06,-48.55],[-49.07,-48.66],[-49.19,-48.7],[-49.31,-48.55]],[[-49.43,-48.66],[-49.27,-48.74],[-49.27,-48.84],[-49.58,-48.84],[-49.58,-48.67],[-49.43,-48.66]],[[-49.74,-48.66],[-49.76,-48.85],[-49.89,-48.92],[-50.04,-48.9],[-50.16,-48.76],[-50.13,-48.66],[-49.91,-48.61],[-49.74,-48.66]],[[-50.29,-48.63],[-50.42,-48.84],[-50.55,-48.76],[-50.6,-48.58],[-50.54,-48.46],[-50.38,-48.51],[-50.29,-48.63]],[[-49.63,-48.27],[-49.71,-48.13],[-49.6,-48.02],[-49.54,-48.22],[-49.63,-48.27]],[[-52.45,-48.03],[-52.5,-48.1],[-52.61,-48.08],[-52.74,-47.92],[-52.7,-47.86],[-52.62,-47.87],[-52.45,-48.03]],[[-53.01,-47.87],[-53.11,-47.94],[-53.18,-47.79],[-53.08,-47.73],[-53.01,-47.87]],[[-52.72,-47.79],[-52.89,-47.68],[-52.85,-47.52],[-52.74,-47.54],[-52.65,-47.66],[-52.64,-47.76],[-52.72,-47.79]],[[-51.9,-47.57],[-51.96,-47.54],[-51.96,-47.44],[-51.62,-47.42],[-51.65,-47.58],[-51.9,-47.57]],[[-47.52,-47.67],[-47.39,-47.64],[-47.37,-47.79],[-47.49,-47.79],[-47.52,-47.67]],[[-46.27,-47.67],[-46.11,-47.69],[-46.1,-47.83],[-46.28,-47.81],[-46.32,-47.69],[-46.27,-47.67]],[[-48.09,-47.86],[-48.14,-47.96],[-48.34,-47.95],[-48.37,-47.84],[-48.31,-47.69],[-48.16,-47.71],[-48.09,-47.86]],[[-48.7,-47.73],[-48.68,-47.89],[-48.74,-48.02],[-49.06,-48.02],[-49.07,-47.96],[-48.89,-47.81],[-49.08,-47.87],[-49.09,-47.77],[-48.96,-47.69],[-48.89,-47.78],[-48.7,-47.73]],[[-46.61,-47.83],[-46.67,-47.72],[-46.56,-47.69],[-46.5,-47.77],[-46.61,-47.83]],[[-48.83,-48.25],[-48.92,-48.15],[-48.86,-48.08],[-48.74,-48.06],[-48.7,-48.19],[-48.83,-48.25]],[[-47.2,-48.19],[-47.13,-48.09],[-47.03,-48.14],[-47.07,-48.22],[-47.2,-48.19]],[[-52.23,-46.88],[-52.41,-46.86],[-52.46,-46.79],[-52.42,-46.7],[-52.2,-46.7],[-52.23,-46.88]],[[-53.65,-46.71],[-53.8,-46.69],[-53.84,-46.57],[-53.71,-46.5],[-53.62,-46.53],[-53.59,-46.62],[-53.65,-46.71]],[[-52.18,-48.46],[-52.01,-48.44],[-51.98,-48.55],[-51.82,-48.46],[-51.68,-48.47],[-51.57,-48.57],[-51.56,-48.71],[-51.64,-48.76],[-51.77,-48.7],[-51.94,-48.74],[-52.1,-48.65],[-52.39,-48.7],[-52.56,-48.65],[-52.53,-48.47],[-52.3,-48.52],[-52.18,-48.46]]],[[[-132.64,-39.15],[-132.22,-38.98],[-132.4,-39.0],[-132.68,-39.13],[-132.64,-39.15]]],[[[-172.64,-31.77],[-172.68,-31.73],[-172.68,-31.85],[-172.74,-31.89],[-172.84,-31.89],[-172.91,-31.77],[-172.94,-31.85],[-172.74,-32.37],[-172.63,-32.21],[-172.75,-32.11],[-172.63,-32.02],[-172.64,-31.77]]],[[[171.43,-23.1],[171.1,-22.98],[170.93,-22.99],[171.11,-23.09],[171.59,-23.16],[171.75,-23.12],[171.43,-23.1]]],[[[102.74,-22.42],[102.38,-22.15],[101.87,-21.95],[102.08,-22.14],[102.74,-22.42]]],[[[100.67,-22.13],[100.66,-22.02],[100.51,-21.91],[100.39,-21.7],[100.24,-21.61],[100.08,-21.34],[100.17,-21.65],[100.67,-22.13]]],[[[100.46,-21.29],[100.41,-21.27],[100.45,-21.39],[100.62,-21.56],[100.72,-21.74],[100.76,-21.66],[100.46,-21.29]]],[[[100.68,-19.86],[100.67,-19.62],[100.35,-19.49],[100.58,-19.68],[100.44,-19.85],[100.53,-19.93],[100.53,-20.04],[100.44,-20.09],[100.32,-19.99],[100.09,-19.94],[100.14,-20.17],[100.42,-20.16],[100.56,-20.4],[100.92,-20.69],[101.13,-20.67],[101.12,-20.6],[100.7,-20.23],[100.68,-19.86]]],[[[99.52,-19.76],[99.41,-19.39],[99.39,-18.74],[99.29,-18.7],[99.34,-19.32],[99.24,-19.44],[99.4,-19.63],[99.28,-19.85],[99.29,-20.04],[99.37,-20.08],[99.48,-20.47],[99.67,-20.71],[99.84,-20.64],[99.82,-20.95],[100.06,-21.29],[99.94,-21.01],[99.99,-20.94],[100.35,-21.19],[99.86,-20.57],[99.74,-20.54],[99.59,-20.38],[99.59,-20.27],[99.77,-20.1],[99.76,-20.06],[99.67,-20.14],[99.59,-20.11],[99.56,-19.95],[99.68,-19.92],[99.68,-19.8],[99.62,-19.68],[99.6,-19.75],[99.52,-19.76]]],[[[99.64,-18.57],[99.48,-18.5],[99.69,-19.21],[99.97,-19.72],[99.79,-19.08],[99.82,-18.97],[99.91,-18.94],[100.18,-19.21],[99.98,-18.79],[100.02,-18.58],[99.64,-18.57]]],[[[101.04,-18.26],[100.85,-18.24],[100.7,-18.36],[100.82,-18.48],[101.01,-18.47],[101.15,-18.58],[101.18,-18.7],[101.05,-18.81],[101.06,-18.89],[101.33,-19.15],[101.74,-19.27],[101.83,-19.44],[101.95,-19.5],[101.98,-19.66],[102.1,-19.59],[102.1,-19.82],[102.25,-20.08],[102.47,-20.05],[102.27,-19.86],[102.32,-19.64],[102.0,-19.49],[101.78,-19.24],[101.57,-19.18],[101.47,-19.03],[101.35,-19.01],[101.22,-18.87],[101.22,-18.7],[101.47,-18.76],[101.5,-18.69],[101.42,-18.6],[101.28,-18.58],[101.04,-18.26]]],[[[98.94,-18.38],[98.86,-18.29],[98.98,-18.22],[98.8,-18.11],[98.81,-18.31],[98.7,-18.42],[98.81,-18.55],[98.81,-18.82],[98.88,-18.91],[98.8,-19.04],[98.65,-19.04],[98.63,-18.78],[98.46,-18.63],[98.42,-18.33],[98.34,-18.63],[98.52,-19.3],[98.47,-19.68],[98.59,-19.9],[98.71,-19.9],[98.83,-20.18],[98.88,-20.69],[98.71,-20.71],[98.93,-20.76],[99.0,-20.57],[98.91,-20.35],[99.0,-20.09],[99.06,-20.09],[99.26,-20.49],[98.94,-18.38]],[[98.82,-19.87],[98.71,-19.73],[98.66,-19.42],[98.7,-19.14],[98.79,-19.08],[98.85,-19.11],[98.9,-19.42],[99.02,-19.61],[99.0,-20.02],[98.82,-19.87]]],[[[-72.43,-18.29],[-72.62,-18.1],[-72.79,-18.05],[-73.51,-17.35],[-73.7,-17.3],[-74.29,-16.82],[-74.52,-16.78],[-74.78,-16.63],[-74.39,-16.91],[-74.01,-17.29],[-73.8,-17.35],[-73.63,-17.59],[-73.45,-17.62],[-72.77,-18.29],[-72.55,-18.36],[-72.41,-18.5],[-71.94,-19.18],[-71.33,-20.45],[-71.28,-20.71],[-71.38,-20.83],[-71.32,-20.89],[-71.23,-21.31],[-71.35,-21.68],[-71.28,-21.91],[-71.43,-21.92],[-71.4,-22.72],[-71.52,-23.02],[-71.54,-23.45],[-71.5,-23.64],[-71.57,-23.86],[-71.5,-24.18],[-71.56,-24.67],[-71.52,-25.1],[-71.64,-25.51],[-71.59,-25.77],[-71.7,-26.38],[-71.69,-26.69],[-71.71,-26.81],[-71.91,-26.87],[-71.86,-27.38],[-72.01,-27.96],[-71.93,-27.86],[-71.84,-27.49],[-71.76,-27.43],[-71.76,-27.29],[-71.64,-27.14],[-71.47,-26.5],[-71.4,-25.03],[-71.33,-24.82],[-71.21,-23.16],[-71.09,-22.78],[-71.08,-21.21],[-71.13,-21.04],[-71.14,-20.33],[-71.35,-19.68],[-71.5,-19.61],[-71.45,-19.42],[-71.64,-19.27],[-72.43,-18.29]]],[[[104.13,-15.86],[104.29,-15.56],[103.99,-15.59],[103.95,-15.3],[103.75,-15.22],[103.52,-14.98],[103.54,-15.1],[103.69,-15.21],[103.68,-15.3],[103.5,-15.27],[103.38,-15.35],[103.26,-15.19],[103.13,-15.22],[103.22,-15.5],[103.11,-15.95],[103.2,-16.03],[103.2,-15.84],[103.32,-15.65],[103.4,-15.67],[103.51,-15.83],[103.47,-16.01],[103.3,-16.08],[103.33,-16.19],[103.54,-16.15],[103.61,-16.25],[103.69,-16.24],[103.61,-16.17],[103.65,-16.07],[103.54,-16.0],[103.54,-15.88],[103.66,-15.8],[103.87,-15.96],[103.91,-15.77],[104.02,-15.64],[104.09,-15.66],[104.13,-15.86]],[[103.92,-15.63],[103.85,-15.77],[103.6,-15.75],[103.56,-15.68],[103.61,-15.55],[103.78,-15.45],[103.9,-15.48],[103.92,-15.63]]],[[[106.22,-15.08],[106.13,-14.96],[106.03,-15.06],[106.22,-15.14],[106.34,-15.41],[106.38,-15.18],[106.22,-15.08]]],[[[101.29,-14.97],[101.23,-15.0],[101.6,-15.44],[101.63,-15.7],[101.52,-15.74],[101.35,-15.67],[101.45,-15.83],[101.3,-15.94],[101.21,-15.78],[101.07,-15.74],[101.06,-15.6],[100.87,-15.71],[100.8,-15.58],[100.55,-15.45],[100.61,-15.58],[100.78,-15.65],[100.58,-15.96],[100.75,-16.13],[100.67,-16.2],[100.54,-16.19],[100.25,-15.94],[100.34,-16.15],[100.32,-16.33],[100.41,-16.48],[100.51,-16.29],[100.62,-16.29],[100.66,-16.51],[100.8,-16.63],[101.06,-16.51],[101.36,-16.65],[101.35,-17.16],[101.25,-17.17],[101.16,-16.98],[100.92,-17.06],[101.19,-17.18],[101.12,-17.28],[100.94,-17.28],[101.0,-17.41],[101.06,-17.45],[101.12,-17.35],[101.24,-17.37],[101.45,-17.69],[101.59,-17.79],[101.55,-17.9],[101.44,-17.89],[101.1,-17.51],[101.27,-18.01],[101.41,-17.97],[101.47,-18.02],[101.39,-18.22],[101.82,-18.19],[102.08,-17.99],[102.18,-18.05],[102.17,-18.24],[102.26,-18.34],[102.24,-18.0],[102.5,-17.81],[102.67,-17.81],[102.69,-17.59],[102.65,-17.57],[102.46,-17.76],[102.32,-17.56],[102.34,-17.69],[102.21,-17.88],[102.12,-17.95],[102.0,-17.9],[101.98,-17.79],[102.17,-17.57],[101.96,-17.56],[101.74,-17.23],[101.78,-17.11],[101.9,-17.06],[102.06,-16.74],[101.92,-16.95],[101.62,-17.18],[101.59,-17.39],[101.41,-17.33],[101.37,-17.22],[101.45,-17.11],[101.42,-16.97],[101.53,-16.92],[101.67,-16.98],[101.7,-16.93],[101.43,-16.63],[101.4,-16.46],[101.71,-16.39],[101.87,-16.53],[101.94,-16.38],[101.71,-16.3],[101.37,-16.33],[101.33,-16.22],[101.5,-16.08],[101.69,-16.1],[101.79,-16.05],[101.95,-15.72],[102.07,-15.7],[102.28,-15.51],[102.53,-15.5],[102.61,-15.45],[102.24,-15.43],[102.05,-15.63],[101.86,-15.66],[101.66,-15.48],[101.46,-15.11],[101.29,-14.97]],[[101.51,-15.94],[101.65,-15.82],[101.79,-15.82],[101.77,-16.04],[101.57,-16.04],[101.51,-15.94]],[[101.17,-16.5],[101.14,-16.45],[101.18,-16.39],[101.3,-16.42],[101.28,-16.51],[101.17,-16.5]],[[101.59,-17.68],[101.49,-17.62],[101.52,-17.52],[101.72,-17.51],[101.75,-17.63],[101.59,-17.68]],[[101.71,-17.89],[101.82,-17.85],[101.88,-17.95],[101.79,-18.12],[101.69,-18.16],[101.6,-18.07],[101.71,-17.89]]],[[[-172.83,-20.78],[-172.86,-20.67],[-172.77,-20.56],[-172.59,-19.77],[-172.38,-19.57],[-172.34,-19.26],[-172.5,-18.82],[-172.63,-18.65],[-172.1,-18.1],[-171.98,-16.8],[-171.89,-16.59],[-171.94,-16.2],[-171.84,-16.08],[-171.98,-15.62],[-172.25,-15.24],[-172.46,-15.11],[-172.55,-14.86],[-172.68,-14.83],[-172.87,-14.65],[-173.62,-14.52],[-173.11,-14.88],[-172.99,-15.06],[-172.7,-15.24],[-172.54,-15.26],[-172.51,-15.53],[-172.3,-15.83],[-172.3,-16.51],[-172.37,-16.66],[-172.46,-17.47],[-172.68,-18.0],[-172.63,-18.15],[-172.78,-18.58],[-172.78,-18.74],[-172.99,-19.03],[-172.99,-19.25],[-173.33,-19.99],[-173.38,-20.35],[-173.56,-20.64],[-173.57,-20.83],[-173.83,-21.07],[-173.81,-21.29],[-174.06,-21.72],[-174.1,-21.91],[-174.29,-22.06],[-174.28,-22.3],[-174.65,-22.68],[-175.22,-23.52],[-175.44,-23.95],[-175.22,-25.22],[-175.32,-25.61],[-175.23,-25.67],[-175.15,-25.68],[-175.03,-25.18],[-174.84,-25.08],[-174.86,-24.81],[-174.66,-24.35],[-174.48,-24.29],[-174.46,-24.0],[-174.34,-23.83],[-174.34,-23.66],[-174.19,-23.62],[-174.17,-23.45],[-173.9,-23.09],[-173.61,-23.02],[-173.63,-22.76],[-173.44,-22.52],[-173.45,-22.37],[-173.33,-22.31],[-173.46,-22.15],[-173.45,-22.01],[-173.38,-21.96],[-173.21,-21.98],[-173.06,-21.48],[-172.68,-21.25],[-172.81,-20.96],[-172.91,-21.04],[-172.96,-20.96],[-172.87,-20.81],[-172.75,-20.8],[-172.68,-20.62],[-172.76,-20.77],[-172.83,-20.78]]],[[[104.63,-14.26],[104.47,-14.3],[104.43,-14.39],[104.3,-14.4],[104.53,-14.6],[104.45,-14.7],[104.11,-14.57],[104.02,-14.45],[103.72,-14.4],[103.98,-14.65],[103.97,-14.88],[104.12,-14.73],[104.33,-14.91],[104.5,-14.88],[104.57,-14.96],[104.69,-14.95],[104.71,-15.14],[104.88,-15.12],[105.0,-15.22],[105.01,-15.35],[104.83,-15.48],[104.93,-15.56],[104.83,-15.67],[105.1,-15.7],[105.12,-15.85],[104.95,-15.98],[104.79,-15.82],[104.71,-15.84],[104.71,-16.1],[104.88,-16.06],[105.0,-16.09],[105.15,-15.98],[105.38,-16.18],[105.5,-15.98],[105.47,-15.8],[105.12,-15.67],[105.02,-15.58],[105.0,-15.42],[105.12,-15.31],[105.41,-15.48],[105.63,-15.53],[105.72,-15.65],[105.69,-15.8],[105.91,-15.8],[106.13,-15.91],[106.25,-15.63],[106.18,-15.46],[105.96,-15.32],[105.97,-15.47],[106.11,-15.51],[106.17,-15.59],[106.12,-15.72],[106.01,-15.77],[105.87,-15.73],[105.84,-15.6],[105.48,-15.38],[105.38,-15.41],[105.31,-15.22],[105.0,-15.08],[104.78,-14.82],[104.66,-14.62],[104.63,-14.26]]],[[[105.1,-13.7],[105.02,-13.51],[105.03,-13.34],[104.96,-13.35],[104.9,-13.56],[104.78,-13.61],[104.9,-13.7],[104.88,-13.89],[105.23,-13.84],[105.1,-13.7]]],[[[100.29,-12.59],[100.22,-12.43],[100.13,-12.37],[100.06,-12.41],[100.06,-12.69],[99.82,-12.74],[99.96,-12.87],[99.89,-12.93],[99.74,-12.91],[99.72,-13.21],[99.85,-13.41],[100.14,-13.44],[100.25,-13.75],[100.34,-13.73],[100.41,-13.92],[100.51,-13.72],[100.42,-13.49],[100.4,-13.16],[100.56,-13.13],[100.58,-13.3],[100.66,-13.34],[100.49,-12.45],[100.42,-12.41],[100.4,-12.59],[100.29,-12.59]],[[100.28,-12.71],[100.41,-12.67],[100.44,-12.91],[100.3,-12.85],[100.28,-12.71]],[[100.14,-12.79],[100.19,-12.91],[100.0,-13.0],[100.05,-12.82],[100.14,-12.79]],[[99.89,-13.36],[99.82,-13.15],[99.86,-13.08],[100.0,-13.05],[100.03,-13.3],[99.89,-13.36]]],[[[92.18,-12.35],[92.24,-12.0],[91.86,-12.37],[92.18,-12.35]]],[[[103.58,-11.48],[103.75,-11.42],[103.78,-11.34],[103.7,-11.14],[103.55,-11.08],[103.61,-11.24],[103.53,-11.46],[103.58,-11.48]]],[[[101.84,-6.43],[101.33,-5.88],[101.12,-5.77],[100.92,-5.52],[100.86,-5.34],[100.56,-5.0],[100.52,-5.15],[100.68,-5.45],[100.82,-5.52],[100.87,-5.64],[100.99,-5.69],[101.18,-5.9],[101.21,-6.05],[101.52,-6.41],[101.52,-6.53],[101.74,-6.48],[101.83,-6.62],[101.84,-6.43]]],[[[-17.7,-0.03],[-17.73,0.03],[-17.92,0.03],[-18.31,-0.14],[-18.6,-0.17],[-18.79,-0.3],[-17.7,-0.03]]],[[[176.66,2.06],[176.64,2.34],[176.47,2.79],[176.43,2.7],[176.66,2.06]]],[[[175.59,5.97],[175.45,6.06],[175.4,6.23],[175.15,6.53],[175.16,6.41],[175.38,6.07],[175.59,5.97]]],[[[-170.26,6.78],[-170.25,6.95],[-170.33,6.96],[-170.37,6.82],[-170.2,6.66],[-170.26,6.78]]],[[[176.63,7.21],[176.59,7.26],[176.65,7.37],[176.6,7.41],[176.5,7.32],[176.53,7.09],[176.23,6.79],[176.21,6.5],[176.28,6.0],[176.37,5.87],[176.54,5.87],[176.63,5.68],[176.66,5.35],[176.52,5.18],[176.49,4.89],[176.72,4.85],[176.69,4.58],[176.75,4.31],[177.0,4.35],[177.05,4.09],[177.12,4.03],[177.14,4.21],[177.29,4.3],[177.35,4.47],[177.17,4.49],[177.07,4.69],[177.26,4.8],[177.28,4.9],[177.24,4.94],[177.21,4.85],[177.11,4.81],[177.12,4.99],[176.95,5.3],[177.12,5.42],[177.14,5.59],[176.99,5.6],[176.95,5.76],[176.76,5.91],[176.64,6.19],[176.69,6.72],[176.5,6.89],[176.7,7.15],[176.7,7.21],[176.63,7.21]],[[176.34,6.69],[176.29,6.78],[176.41,6.83],[176.44,6.71],[176.34,6.69]],[[176.75,5.67],[176.7,5.76],[176.84,5.81],[176.86,5.7],[176.75,5.67]]],[[[-173.37,7.58],[-173.4,7.7],[-173.4,7.56],[-173.57,7.57],[-173.64,7.51],[-173.45,7.5],[-173.37,7.58]]],[[[-175.06,8.19],[-175.22,8.28],[-175.32,8.12],[-175.17,8.17],[-175.12,7.95],[-175.04,8.03],[-175.06,8.19]]],[[[132.43,10.51],[132.23,10.44],[132.1,10.49],[131.92,10.46],[131.9,10.15],[131.73,9.99],[131.81,9.98],[132.0,10.15],[132.07,10.31],[132.18,10.31],[132.31,10.0],[132.24,9.57],[132.36,9.64],[132.34,10.09],[132.41,10.23],[132.26,10.34],[132.43,10.51]]],[[[131.36,10.48],[131.33,10.56],[131.22,10.39],[130.94,10.54],[131.06,10.34],[131.37,10.15],[131.49,10.15],[131.32,10.24],[131.36,10.48]]],[[[-177.06,10.4],[-177.17,10.42],[-177.42,10.67],[-177.59,10.73],[-177.43,10.54],[-177.48,10.42],[-177.38,10.31],[-177.17,10.38],[-177.1,10.25],[-176.95,10.25],[-176.84,10.07],[-176.59,9.96],[-176.82,10.17],[-176.81,10.37],[-176.98,10.34],[-177.06,10.4]]],[[[138.94,11.25],[138.94,11.49],[138.86,11.4],[138.88,10.97],[138.59,10.56],[138.62,10.08],[138.47,9.9],[138.46,9.43],[138.37,9.15],[138.58,9.38],[138.58,9.58],[138.84,10.44],[138.84,10.77],[138.95,10.97],[139.1,11.08],[139.22,11.08],[139.49,10.7],[139.78,10.86],[139.07,11.29],[138.94,11.25]]],[[[-178.92,11.26],[-178.87,11.42],[-179.02,11.53],[-178.97,11.39],[-179.02,11.26],[-178.97,11.25],[-179.0,11.07],[-178.9,11.04],[-178.82,10.92],[-178.3,10.73],[-178.13,10.61],[-178.02,10.41],[-177.98,10.66],[-177.83,10.79],[-177.66,10.81],[-177.74,11.04],[-177.79,10.92],[-177.91,10.87],[-178.0,10.75],[-178.2,10.8],[-178.32,11.03],[-178.36,10.85],[-178.43,10.82],[-178.81,11.06],[-178.92,11.26]]],[[[-36.36,13.06],[-36.5,13.1],[-36.48,13.0],[-36.53,12.91],[-36.77,12.95],[-36.76,12.88],[-36.5,12.82],[-36.38,12.94],[-36.36,13.06]]],[[[157.82,13.1],[157.78,13.22],[157.75,13.1],[157.58,13.1],[157.46,12.96],[157.35,12.97],[157.4,12.45],[157.49,12.5],[157.58,12.46],[157.63,12.67],[157.52,12.89],[157.82,13.1]]],[[[-34.64,12.82],[-34.85,13.08],[-35.16,13.21],[-35.2,13.02],[-34.85,12.98],[-34.64,12.82]]],[[[158.44,14.2],[158.28,14.28],[158.26,14.42],[158.18,14.07],[158.32,14.19],[158.41,14.02],[158.44,14.2]]],[[[-32.29,14.49],[-32.34,14.48],[-32.21,14.38],[-31.92,14.36],[-31.8,14.18],[-31.78,14.26],[-31.89,14.37],[-32.18,14.4],[-32.29,14.49]]],[[[125.18,14.72],[125.06,14.95],[124.62,14.97],[125.05,14.38],[125.09,14.18],[125.33,13.7],[125.38,13.43],[125.54,13.15],[125.58,12.88],[125.85,12.49],[126.12,11.93],[126.29,10.8],[126.42,10.55],[126.41,10.32],[126.67,9.79],[126.67,9.6],[126.91,9.07],[126.98,8.62],[127.06,8.5],[127.13,7.54],[127.08,6.94],[126.96,6.74],[127.25,5.95],[127.4,5.79],[127.46,5.13],[127.71,5.18],[128.48,4.16],[128.63,4.08],[128.71,4.15],[128.69,4.31],[128.45,4.61],[128.26,5.18],[127.74,5.78],[127.78,5.93],[127.59,6.31],[127.61,6.48],[127.75,6.62],[127.68,7.06],[127.8,7.25],[127.75,7.56],[127.64,7.59],[127.62,7.67],[127.68,7.74],[127.8,7.63],[127.85,7.68],[127.68,7.81],[127.54,8.03],[127.59,8.48],[127.39,8.58],[127.35,8.7],[127.39,8.9],[127.59,8.99],[127.56,9.12],[127.73,9.29],[127.85,9.22],[127.83,9.35],[127.66,9.53],[127.7,9.7],[127.66,9.95],[127.32,9.89],[127.1,10.46],[126.9,10.67],[126.92,10.95],[127.06,11.09],[126.85,11.09],[126.8,11.17],[126.77,11.64],[126.89,11.88],[126.7,11.98],[126.6,12.12],[126.55,12.11],[126.55,11.97],[126.43,11.96],[126.1,12.6],[125.92,12.74],[125.76,13.03],[125.78,13.2],[125.68,13.53],[125.81,13.78],[125.66,13.69],[125.61,13.53],[125.46,13.57],[125.5,13.94],[125.33,13.94],[125.25,14.11],[125.28,14.21],[125.38,14.26],[125.57,14.04],[125.61,14.15],[125.56,14.42],[125.33,14.46],[125.28,14.52],[125.4,14.69],[125.38,14.86],[125.36,14.76],[125.18,14.72]]],[[[-173.4,15.27],[-173.23,15.36],[-173.22,15.44],[-173.38,15.48],[-173.48,15.59],[-173.4,15.27]]],[[[147.84,15.78],[147.72,15.89],[147.48,15.19],[147.21,15.02],[146.82,14.41],[146.77,14.09],[146.25,13.67],[146.06,13.42],[146.05,13.28],[145.65,12.96],[145.48,12.93],[145.51,12.79],[145.24,12.69],[145.08,12.82],[144.94,12.68],[144.76,12.63],[144.74,12.46],[144.57,12.27],[144.21,12.27],[144.11,12.13],[143.93,12.07],[143.86,11.9],[143.5,11.72],[143.03,11.59],[142.54,11.69],[141.72,11.57],[141.07,11.14],[140.82,10.88],[141.12,10.82],[141.82,10.96],[142.87,10.92],[143.21,11.09],[143.38,11.04],[143.76,11.11],[143.8,11.23],[144.05,11.33],[144.24,11.57],[144.48,11.66],[144.6,11.84],[144.91,11.64],[145.56,11.98],[146.29,11.91],[146.17,12.21],[146.26,12.24],[146.43,12.47],[146.59,12.48],[146.64,12.6],[146.57,12.79],[146.47,12.81],[146.42,12.9],[146.43,13.04],[146.61,13.08],[146.63,12.87],[146.84,12.83],[147.18,13.11],[146.95,13.26],[146.95,13.56],[147.08,13.77],[147.28,13.9],[147.43,13.68],[147.44,13.52],[147.27,13.21],[147.58,13.56],[147.55,13.73],[147.74,13.85],[147.55,14.1],[147.61,14.28],[147.61,14.63],[147.78,14.95],[147.72,15.39],[147.94,15.55],[148.08,15.86],[147.84,15.78]],[[145.78,12.29],[145.79,12.36],[145.97,12.39],[146.05,12.06],[145.92,12.09],[145.78,12.29]]],[[[-171.87,16.11],[-172.22,16.19],[-172.1,16.1],[-171.84,16.07],[-171.87,16.11]]],[[[156.11,16.26],[156.04,16.47],[156.0,16.28],[155.9,16.22],[156.02,15.98],[155.98,15.6],[155.86,15.48],[155.81,15.24],[155.59,15.07],[155.62,14.9],[155.18,14.9],[155.09,14.83],[155.09,14.76],[154.95,14.81],[154.86,14.75],[154.8,14.5],[154.9,14.38],[154.85,14.09],[154.32,13.98],[154.04,14.31],[154.06,14.45],[153.78,14.33],[153.76,14.53],[153.52,14.53],[153.45,14.82],[153.16,14.72],[153.18,14.62],[153.31,14.64],[153.38,14.59],[153.38,14.42],[153.3,14.26],[153.19,14.26],[152.92,14.64],[152.91,14.42],[152.68,14.47],[152.7,14.63],[152.5,14.6],[152.45,14.74],[152.62,14.78],[152.74,14.71],[152.88,14.76],[152.96,14.7],[153.02,14.86],[153.17,14.9],[153.17,15.17],[153.02,15.38],[152.97,15.24],[152.77,15.32],[152.33,15.05],[152.21,15.07],[152.05,15.0],[151.9,15.1],[151.78,15.01],[151.72,15.04],[151.73,15.24],[151.4,15.47],[151.27,15.35],[151.08,15.38],[151.08,15.26],[150.83,15.05],[150.81,14.9],[150.58,14.88],[150.82,14.64],[150.91,14.86],[151.16,14.81],[151.15,14.57],[151.24,14.55],[151.26,14.48],[151.21,14.43],[151.03,14.45],[150.98,14.29],[151.03,14.23],[151.04,14.3],[151.12,14.3],[151.16,14.23],[151.03,14.21],[150.98,14.07],[150.79,14.02],[150.53,14.09],[150.38,14.06],[150.23,14.18],[150.17,14.06],[150.26,13.9],[150.12,13.72],[150.03,13.72],[149.98,13.85],[149.91,13.83],[149.87,13.58],[150.09,13.64],[150.08,13.33],[149.79,13.1],[149.6,13.16],[149.47,13.41],[149.42,13.36],[149.57,13.06],[149.66,13.03],[149.71,12.94],[150.0,13.0],[150.0,12.88],[149.88,12.87],[149.91,12.77],[150.17,12.74],[150.34,12.63],[150.37,12.69],[150.29,12.84],[150.38,13.27],[150.29,13.49],[150.43,13.51],[150.55,13.42],[150.59,13.56],[150.74,13.61],[150.8,13.7],[151.06,13.66],[151.08,13.75],[151.16,13.78],[151.27,13.58],[151.27,13.32],[151.39,13.24],[151.38,13.14],[151.17,12.92],[151.24,12.91],[151.46,13.2],[151.47,13.62],[151.54,13.66],[151.63,13.62],[151.47,13.78],[151.41,14.01],[151.51,14.06],[151.54,14.24],[151.68,14.26],[151.66,14.45],[151.75,14.52],[151.75,14.62],[151.63,14.76],[151.72,14.86],[151.82,14.78],[151.78,14.64],[151.87,14.62],[151.82,14.47],[151.89,14.36],[151.97,14.52],[152.04,14.52],[152.09,14.4],[152.23,14.45],[152.54,14.05],[152.58,14.13],[152.54,14.39],[152.76,14.35],[152.81,14.23],[152.97,14.12],[152.99,14.34],[153.12,14.39],[153.14,14.23],[153.29,14.16],[153.26,14.04],[153.36,13.87],[153.67,13.84],[153.69,13.76],[153.57,13.64],[153.31,13.63],[152.99,13.74],[153.07,13.54],[153.24,13.44],[153.18,13.12],[153.24,13.08],[153.41,13.15],[153.58,13.01],[153.77,13.03],[153.9,12.6],[153.89,12.82],[153.97,12.93],[154.07,12.9],[154.15,12.63],[154.23,12.6],[154.14,12.95],[154.25,12.98],[154.08,13.2],[154.2,13.4],[154.26,13.37],[154.27,13.18],[154.34,13.2],[154.39,13.36],[154.5,13.34],[154.44,13.03],[154.61,13.08],[154.67,13.22],[154.8,13.19],[154.85,13.02],[154.8,12.86],[154.88,12.82],[155.08,12.86],[155.21,13.09],[155.33,13.09],[155.49,12.7],[155.54,12.67],[155.66,12.79],[155.86,12.84],[155.92,12.8],[155.9,12.7],[155.76,12.65],[155.77,12.58],[155.95,12.65],[156.12,12.54],[156.19,12.62],[156.07,12.85],[156.08,12.96],[156.51,13.13],[156.62,13.3],[157.06,13.3],[157.27,13.46],[157.33,13.3],[157.54,13.15],[157.63,13.3],[157.78,13.25],[157.78,13.46],[157.6,13.33],[157.44,13.35],[157.44,13.49],[157.3,13.7],[157.32,13.87],[157.25,14.06],[157.15,13.97],[156.94,13.94],[156.74,13.78],[156.38,13.8],[156.22,13.7],[156.1,13.73],[155.98,13.59],[155.79,13.71],[155.73,13.92],[155.5,14.11],[155.47,14.23],[155.57,14.35],[155.45,14.47],[155.49,14.6],[156.01,14.66],[156.24,14.42],[156.38,14.5],[156.43,14.64],[156.57,14.78],[156.77,14.86],[156.85,14.98],[156.79,15.22],[156.91,15.41],[156.84,15.58],[156.86,15.68],[156.67,15.55],[156.59,15.61],[156.57,15.74],[156.7,15.85],[156.45,15.79],[156.21,15.84],[156.14,16.01],[156.19,16.25],[156.11,16.26]],[[156.33,15.44],[156.2,15.47],[156.19,15.53],[156.29,15.69],[156.45,15.73],[156.45,15.48],[156.33,15.44]],[[156.16,14.96],[156.05,15.05],[156.11,15.14],[156.23,15.03],[156.16,14.96]],[[155.02,13.98],[155.15,13.96],[155.18,13.9],[155.15,13.84],[155.02,13.82],[155.02,13.68],[154.92,13.67],[154.87,13.82],[154.97,13.82],[154.94,13.97],[155.02,13.98]],[[155.26,13.85],[155.39,13.82],[155.37,13.7],[155.23,13.74],[155.26,13.85]],[[155.62,13.72],[155.75,13.64],[155.73,13.52],[155.55,13.57],[155.62,13.72]],[[156.08,13.51],[156.18,13.48],[156.18,13.35],[156.02,13.32],[155.95,13.15],[155.75,13.2],[155.76,13.42],[156.08,13.51]],[[155.33,13.47],[155.39,13.41],[155.35,13.35],[155.15,13.37],[155.17,13.45],[155.33,13.47]],[[153.95,14.28],[153.98,14.15],[153.8,14.11],[153.83,14.23],[153.95,14.28]],[[152.02,14.83],[151.88,14.82],[151.84,14.88],[151.98,14.95],[152.02,14.83]],[[151.51,14.94],[151.4,14.88],[151.32,15.01],[151.43,15.08],[151.51,14.94]],[[152.81,14.98],[152.94,14.99],[152.95,14.87],[152.78,14.85],[152.75,14.92],[152.81,14.98]],[[151.44,14.44],[151.42,14.55],[151.61,14.61],[151.59,14.41],[151.44,14.44]],[[149.99,13.11],[150.13,13.3],[150.2,13.34],[150.27,13.3],[150.19,13.01],[150.04,13.0],[149.99,13.11]],[[150.06,12.87],[150.17,12.94],[150.24,12.87],[150.12,12.81],[150.06,12.87]],[[155.91,12.94],[155.86,13.04],[155.99,13.09],[156.02,12.98],[155.91,12.94]]],[[[151.61,16.31],[151.54,16.61],[151.49,16.44],[151.28,16.28],[151.21,16.31],[151.19,16.49],[151.12,16.53],[151.15,16.39],[151.03,16.27],[151.18,16.13],[151.48,16.28],[151.46,16.08],[151.27,15.96],[151.38,15.88],[151.54,16.01],[151.61,16.31]]],[[[133.32,18.23],[133.04,18.31],[132.97,18.16],[133.15,18.0],[133.22,18.07],[133.15,18.22],[133.34,18.18],[133.32,18.23]]],[[[-36.19,18.41],[-36.5,18.38],[-36.65,18.25],[-36.19,18.41]]],[[[133.13,18.75],[132.98,18.82],[132.98,18.7],[132.89,18.65],[133.78,18.74],[133.13,18.75]]],[[[133.78,18.92],[133.87,18.98],[133.84,19.05],[133.76,19.15],[133.63,19.15],[133.61,18.97],[133.78,18.92]]],[[[-65.75,20.34],[-66.05,20.3],[-66.26,20.04],[-66.33,20.07],[-66.31,20.17],[-66.46,20.11],[-66.96,20.14],[-67.04,20.03],[-67.16,19.99],[-67.39,20.04],[-67.68,19.95],[-67.94,19.97],[-68.11,19.85],[-68.16,19.73],[-68.35,19.72],[-68.47,19.51],[-67.92,19.49],[-67.44,19.32],[-67.3,19.16],[-67.18,19.28],[-66.94,19.32],[-66.85,19.16],[-66.72,19.15],[-66.64,19.01],[-66.28,19.15],[-65.86,19.13],[-65.16,19.26],[-65.01,19.38],[-64.68,19.49],[-64.56,19.46],[-64.46,19.58],[-64.27,19.61],[-64.15,19.51],[-63.98,19.54],[-63.68,19.42],[-63.48,19.44],[-63.36,19.37],[-63.16,19.44],[-63.11,19.39],[-63.14,19.27],[-62.99,19.14],[-62.81,19.13],[-62.66,18.86],[-62.46,18.97],[-62.23,18.8],[-62.02,18.83],[-61.91,18.59],[-61.78,18.69],[-61.61,18.67],[-61.8,18.91],[-61.99,18.97],[-61.94,19.1],[-61.82,19.1],[-61.49,18.98],[-61.33,18.78],[-61.06,18.75],[-60.92,18.52],[-60.75,18.51],[-60.66,18.35],[-60.74,18.24],[-60.6,18.29],[-60.47,18.19],[-60.24,17.81],[-60.12,17.78],[-60.02,17.64],[-59.41,17.16],[-59.54,17.44],[-59.31,17.55],[-59.42,17.58],[-59.59,17.87],[-59.93,18.05],[-59.95,18.34],[-60.07,18.5],[-60.05,18.6],[-60.21,18.81],[-60.53,18.89],[-60.67,19.07],[-61.3,19.18],[-61.37,19.25],[-61.78,19.34],[-62.02,19.51],[-62.17,19.54],[-62.14,19.7],[-62.35,19.68],[-62.85,20.02],[-63.14,20.14],[-63.24,19.96],[-63.41,20.02],[-63.62,19.97],[-63.78,20.07],[-64.15,19.99],[-64.25,20.06],[-64.56,20.04],[-64.99,20.13],[-65.17,20.27],[-65.65,20.28],[-65.75,20.34]],[[-65.57,19.51],[-65.54,19.6],[-65.35,19.58],[-65.24,19.5],[-65.23,19.39],[-65.42,19.34],[-65.57,19.51]]],[[[153.86,20.83],[153.89,20.64],[154.01,20.52],[153.98,20.38],[154.13,20.42],[154.14,20.51],[154.21,20.54],[154.25,20.45],[154.18,20.38],[154.3,20.28],[154.38,20.57],[154.25,20.7],[154.1,20.61],[154.03,20.76],[153.86,20.83]]],[[[133.32,20.95],[133.5,21.03],[132.95,20.94],[132.73,21.03],[132.71,20.99],[132.87,20.87],[132.86,20.81],[132.63,20.81],[132.55,20.69],[132.68,20.43],[132.67,20.3],[132.86,20.26],[133.05,20.07],[133.11,20.29],[132.99,20.32],[132.95,20.46],[133.08,20.55],[133.1,20.65],[133.27,20.69],[133.32,20.95]],[[133.11,20.95],[133.2,20.83],[133.15,20.75],[133.04,20.83],[133.11,20.95]],[[132.96,20.74],[133.01,20.59],[132.86,20.49],[132.83,20.72],[132.96,20.74]]],[[[-37.19,20.91],[-37.04,21.05],[-37.1,21.24],[-37.22,21.28],[-37.27,21.24],[-37.12,21.09],[-37.19,20.91]]],[[[-59.28,23.06],[-59.28,23.26],[-59.32,23.26],[-59.42,23.04],[-59.32,22.98],[-59.35,22.78],[-59.31,22.7],[-59.26,22.89],[-59.02,22.85],[-58.96,22.96],[-59.12,22.95],[-59.28,23.06]]],[[[146.81,23.25],[146.57,23.14],[146.29,23.16],[146.14,23.33],[145.99,23.36],[145.68,23.18],[145.34,23.52],[145.31,23.32],[145.25,23.29],[145.13,23.4],[144.86,23.47],[144.65,23.67],[144.61,23.53],[144.74,23.28],[144.58,22.99],[144.65,22.94],[145.0,23.01],[145.25,22.61],[145.48,22.45],[145.44,22.3],[145.56,22.15],[145.57,22.04],[145.73,21.94],[145.85,22.05],[146.35,21.67],[146.57,21.62],[146.76,21.29],[146.88,20.9],[147.03,20.87],[146.97,20.61],[147.06,20.57],[147.22,20.62],[147.2,20.98],[146.95,21.44],[147.07,21.77],[146.95,21.94],[146.95,22.18],[146.89,22.27],[146.95,22.51],[146.86,22.66],[146.76,23.08],[146.81,23.25]],[[146.55,23.03],[146.59,23.09],[146.67,23.07],[146.74,22.94],[146.63,22.91],[146.55,23.03]],[[146.0,22.05],[146.11,22.18],[146.26,22.07],[146.22,21.96],[146.12,21.91],[146.0,22.05]]],[[[168.46,23.47],[168.56,23.66],[168.46,23.77],[168.36,23.76],[168.38,23.64],[168.23,23.48],[167.86,23.58],[167.78,23.47],[167.42,23.26],[167.24,22.95],[167.45,22.97],[167.53,23.13],[167.69,23.16],[167.71,23.0],[167.91,23.01],[168.13,22.68],[168.22,22.82],[167.93,23.09],[168.11,23.15],[168.12,23.38],[168.22,23.42],[168.48,23.21],[168.53,23.28],[168.46,23.47]],[[167.78,23.21],[167.71,23.33],[167.92,23.38],[167.94,23.26],[167.78,23.21]]],[[[-53.93,24.47],[-54.05,24.5],[-54.29,24.31],[-53.93,24.47]]],[[[-54.97,24.26],[-55.18,24.6],[-55.25,24.48],[-54.97,24.26]]],[[[144.4,23.74],[144.41,23.81],[144.25,23.85],[143.92,24.26],[143.81,24.6],[143.52,24.74],[143.28,25.01],[143.3,24.65],[143.53,24.22],[143.59,23.86],[143.93,23.64],[144.1,23.64],[144.33,23.43],[144.3,23.57],[144.4,23.74]]],[[[-54.96,24.94],[-55.02,24.99],[-55.25,24.98],[-55.17,24.9],[-54.96,24.94]]],[[[-32.63,24.82],[-32.78,25.06],[-32.81,24.96],[-32.74,24.79],[-32.64,24.73],[-32.63,24.82]]],[[[-54.65,24.98],[-54.72,25.06],[-54.79,24.97],[-54.48,24.92],[-54.28,25.03],[-54.65,24.98]]],[[[-59.78,25.2],[-59.77,25.06],[-59.91,24.96],[-59.66,25.06],[-59.64,25.18],[-59.78,25.2]]],[[[168.0,25.35],[167.88,25.51],[167.52,25.34],[167.38,25.08],[167.04,24.72],[166.56,24.36],[166.56,24.24],[166.45,24.18],[166.26,24.19],[166.13,24.43],[166.1,24.17],[165.91,24.14],[165.98,24.0],[166.13,23.95],[166.18,23.81],[166.34,23.77],[166.36,23.61],[166.25,23.51],[166.08,23.54],[166.08,23.42],[165.85,23.3],[165.84,23.22],[166.17,23.14],[166.16,23.28],[166.29,23.4],[166.42,23.42],[166.55,23.28],[166.56,23.35],[166.63,23.37],[166.78,23.1],[166.67,22.72],[166.72,22.67],[166.74,22.81],[166.88,22.81],[166.83,22.93],[166.88,23.07],[167.33,23.38],[167.59,23.72],[167.76,23.76],[167.57,24.02],[167.71,24.24],[167.85,24.26],[167.69,24.43],[167.59,24.19],[167.42,24.14],[167.24,23.98],[167.06,24.02],[166.86,24.22],[166.87,24.35],[167.05,24.48],[167.18,24.38],[167.45,24.46],[167.27,24.88],[167.54,24.83],[167.57,25.01],[167.77,25.26],[167.86,25.27],[167.93,25.18],[167.93,24.84],[168.07,24.94],[168.26,24.9],[168.14,25.01],[168.17,25.13],[167.99,25.22],[168.0,25.35]],[[167.25,24.5],[167.18,24.59],[167.28,24.68],[167.33,24.56],[167.25,24.5]],[[166.21,24.15],[166.31,24.04],[166.27,23.96],[166.15,24.05],[166.21,24.15]],[[167.44,23.99],[167.52,23.94],[167.49,23.83],[167.33,23.76],[167.29,23.91],[167.44,23.99]],[[167.18,23.89],[167.26,23.75],[167.13,23.61],[167.14,23.39],[167.09,23.35],[166.94,23.48],[166.92,23.58],[167.09,23.88],[167.18,23.89]],[[166.88,23.36],[167.01,23.29],[166.97,23.16],[166.78,23.25],[166.8,23.35],[166.88,23.36]]],[[[-33.77,25.49],[-33.73,25.66],[-33.84,25.47],[-34.01,25.49],[-33.88,25.4],[-33.77,25.49]]],[[[167.25,25.8],[167.41,26.02],[167.33,26.01],[167.12,25.83],[167.25,25.8]]],[[[164.49,25.52],[164.67,25.27],[164.57,25.06],[164.66,24.86],[164.96,24.83],[164.81,24.86],[164.71,25.13],[164.76,25.51],[164.49,25.52]]],[[[164.48,25.53],[164.43,25.66],[164.48,25.84],[164.37,25.85],[164.33,25.72],[164.2,25.71],[163.94,25.85],[163.9,26.06],[163.75,26.16],[163.52,25.84],[163.85,25.78],[163.98,25.61],[164.48,25.53]]],[[[163.13,26.06],[163.1,26.18],[163.18,26.33],[163.1,26.3],[163.0,25.98],[163.13,25.97],[163.14,25.9],[163.36,26.21],[163.22,26.08],[163.13,26.06]]],[[[161.2,25.62],[161.26,25.75],[161.4,25.71],[161.42,25.82],[161.68,26.09],[161.55,26.09],[161.5,26.15],[161.54,26.23],[161.69,26.23],[161.63,26.35],[161.37,26.17],[161.3,26.03],[161.33,25.87],[161.11,25.76],[161.09,25.69],[161.2,25.62]]],[[[168.52,24.09],[168.43,23.98],[168.67,23.85],[168.71,23.99],[168.84,24.02],[168.86,24.14],[169.01,24.16],[169.06,24.02],[169.22,23.89],[169.22,23.81],[169.1,23.75],[169.01,23.76],[168.89,23.88],[168.87,23.83],[169.15,23.69],[169.33,23.37],[169.42,23.36],[169.58,23.47],[169.8,23.4],[169.9,23.45],[170.07,23.3],[170.08,23.52],[169.88,23.54],[169.77,23.64],[169.73,23.78],[169.51,23.81],[169.51,23.98],[169.38,24.08],[169.34,24.19],[169.44,24.26],[169.7,24.15],[169.71,24.44],[169.99,24.41],[169.87,24.58],[169.95,24.7],[169.95,24.86],[170.09,24.91],[170.02,25.25],[170.18,25.37],[170.26,25.67],[170.37,25.54],[170.44,25.56],[170.29,25.78],[170.3,25.9],[169.97,26.11],[169.9,25.97],[169.8,25.92],[169.83,25.69],[169.66,25.65],[169.55,25.71],[169.51,25.85],[169.75,26.16],[169.68,26.27],[169.42,26.28],[169.1,26.42],[168.84,26.26],[168.76,26.04],[168.95,25.95],[169.03,25.82],[169.01,25.71],[168.92,25.64],[168.74,25.63],[168.67,25.55],[168.84,25.53],[169.0,25.35],[169.0,25.27],[168.82,25.1],[168.5,25.13],[168.18,25.35],[168.43,25.11],[168.49,24.95],[168.34,24.58],[168.14,24.48],[168.05,24.28],[168.19,24.22],[168.17,24.02],[168.22,24.01],[168.4,24.33],[168.29,24.35],[168.31,24.44],[168.52,24.63],[168.71,24.64],[168.89,24.84],[168.89,25.02],[169.15,25.26],[169.32,25.32],[169.56,25.25],[169.7,25.08],[169.67,25.01],[169.51,24.96],[169.22,25.03],[169.37,24.82],[169.35,24.66],[169.03,24.6],[169.1,24.4],[169.06,24.3],[168.77,24.23],[168.67,24.28],[168.52,24.09]],[[169.48,24.44],[169.45,24.3],[169.32,24.33],[169.37,24.48],[169.48,24.44]],[[169.71,25.5],[169.64,25.38],[169.51,25.51],[169.6,25.6],[169.71,25.5]],[[169.35,25.59],[169.16,25.56],[169.08,25.62],[169.09,25.76],[169.2,25.9],[169.33,25.91],[169.43,25.83],[169.42,25.65],[169.35,25.59]],[[170.0,25.61],[169.93,25.72],[170.0,25.81],[170.1,25.74],[170.14,25.54],[170.0,25.61]]],[[[129.65,26.14],[129.84,26.21],[129.92,26.6],[129.64,26.44],[129.27,26.0],[129.1,26.03],[129.05,25.9],[128.98,25.9],[128.76,25.68],[128.74,25.54],[128.02,25.08],[126.35,23.75],[125.9,23.51],[125.35,23.38],[125.23,23.42],[125.05,23.3],[124.14,23.21],[124.08,23.16],[124.18,23.16],[124.19,23.11],[124.11,23.03],[124.04,23.06],[124.03,23.16],[123.94,23.1],[123.74,23.18],[123.24,23.11],[123.1,23.16],[123.14,22.94],[123.91,22.75],[124.07,22.97],[124.3,22.82],[124.44,22.94],[124.65,22.86],[125.04,22.9],[125.05,23.06],[125.18,23.06],[125.25,23.18],[125.47,23.14],[125.87,23.35],[126.05,23.3],[126.19,23.45],[126.17,23.54],[126.37,23.65],[126.45,23.62],[126.46,23.5],[126.44,23.37],[126.34,23.28],[126.39,23.24],[126.62,23.3],[126.65,23.35],[126.54,23.4],[126.52,23.49],[126.66,23.68],[126.96,23.57],[127.01,23.4],[127.13,23.4],[127.01,23.63],[127.03,23.71],[127.11,23.75],[127.34,23.71],[127.25,23.89],[127.3,23.95],[127.59,23.86],[127.4,24.04],[127.42,24.16],[127.68,24.17],[127.63,24.38],[127.85,24.39],[127.97,24.56],[128.27,24.44],[128.27,24.62],[128.0,24.58],[127.98,24.72],[128.11,24.79],[128.27,24.74],[128.3,24.87],[128.62,25.15],[128.66,25.33],[128.86,25.39],[128.9,25.57],[129.2,25.57],[129.43,25.8],[129.42,25.94],[129.58,26.14],[129.65,26.14]],[[127.15,24.0],[127.18,24.17],[127.38,24.23],[127.15,24.0]],[[126.93,23.8],[126.98,23.94],[127.13,23.98],[127.07,23.79],[126.93,23.8]],[[123.74,23.04],[123.72,22.89],[123.59,22.9],[123.6,23.0],[123.74,23.04]]],[[[151.71,26.83],[151.44,26.86],[151.33,26.66],[151.46,26.64],[151.49,26.54],[151.71,26.58],[151.63,26.7],[151.75,26.76],[151.82,26.64],[151.93,26.69],[151.99,26.63],[151.94,26.86],[151.71,26.83]]],[[[166.05,26.9],[166.01,26.88],[166.1,26.66],[165.69,26.61],[165.79,26.33],[165.99,26.43],[166.08,26.4],[166.03,26.21],[166.1,26.06],[165.89,25.87],[165.94,25.83],[166.2,25.85],[166.26,25.74],[166.2,25.63],[165.46,25.61],[165.34,25.68],[165.02,25.7],[164.91,25.78],[164.8,25.72],[165.0,25.54],[164.93,25.32],[165.28,25.28],[165.38,25.2],[165.34,25.1],[165.17,25.08],[165.29,24.96],[165.22,24.77],[165.24,24.5],[165.06,24.08],[164.88,24.07],[164.79,24.0],[164.63,24.06],[164.86,23.86],[164.86,23.78],[165.24,23.52],[165.53,23.73],[165.48,23.96],[165.53,24.06],[165.76,23.94],[165.64,24.1],[165.6,24.43],[165.37,24.52],[165.43,24.98],[165.72,25.16],[165.82,25.11],[165.84,24.95],[165.99,24.96],[165.98,25.05],[166.23,25.22],[166.3,25.19],[166.35,25.03],[166.37,25.22],[166.46,25.3],[166.68,25.3],[166.75,25.13],[166.73,25.36],[166.4,25.56],[166.43,25.86],[166.56,25.92],[166.56,26.04],[166.69,26.11],[166.97,25.98],[167.03,26.08],[166.88,26.16],[166.86,26.34],[166.93,26.43],[167.06,26.45],[167.17,26.37],[167.23,26.46],[167.05,26.54],[167.07,26.69],[167.21,26.7],[167.27,26.55],[167.32,26.57],[167.32,26.72],[167.18,26.89],[167.0,26.81],[166.05,26.9]],[[166.19,26.64],[166.24,26.72],[166.35,26.7],[166.5,26.57],[166.51,26.5],[166.3,26.52],[166.19,26.64]],[[165.31,24.17],[165.28,24.28],[165.34,24.38],[165.53,24.37],[165.59,24.24],[165.56,24.11],[165.45,24.07],[165.31,24.17]],[[165.2,24.14],[165.26,24.0],[165.46,23.83],[165.43,23.66],[165.22,23.64],[165.12,23.78],[165.12,24.07],[165.2,24.14]]],[[[154.78,26.81],[154.63,26.95],[154.56,26.57],[154.66,26.57],[154.68,26.47],[154.84,26.43],[154.89,26.47],[154.86,26.59],[154.99,26.63],[154.85,26.81],[154.78,26.81]]],[[[170.83,27.29],[170.83,27.46],[170.52,27.36],[170.41,27.13],[170.57,27.28],[170.74,27.14],[170.83,27.29]]],[[[-61.19,27.16],[-61.73,27.41],[-61.89,27.41],[-61.75,27.34],[-61.7,27.2],[-61.86,26.89],[-61.58,27.09],[-61.46,27.11],[-61.32,27.05],[-61.27,26.85],[-61.02,26.87],[-60.84,26.83],[-60.65,26.68],[-60.56,26.7],[-60.64,26.89],[-60.8,26.89],[-60.98,27.07],[-61.13,27.05],[-61.19,27.16]]],[[[153.32,27.6],[153.09,27.44],[152.59,27.36],[152.72,27.3],[152.76,27.22],[152.58,26.9],[152.66,26.69],[153.04,26.54],[153.17,26.8],[153.38,26.85],[153.41,26.98],[153.68,27.08],[153.64,26.83],[153.41,26.81],[153.55,26.6],[153.89,26.65],[153.88,26.8],[154.06,26.9],[154.19,26.86],[154.3,26.69],[154.4,26.69],[154.3,26.93],[154.49,27.17],[154.33,27.22],[154.35,27.5],[154.08,27.53],[154.07,27.39],[153.99,27.35],[153.79,27.5],[153.32,27.6]],[[153.68,27.18],[153.67,27.29],[153.78,27.3],[153.8,27.19],[153.68,27.18]],[[153.94,27.18],[154.15,27.12],[154.13,26.93],[153.9,27.03],[153.87,27.12],[153.94,27.18]]],[[[169.42,27.24],[169.4,27.49],[169.56,27.65],[168.55,26.66],[168.53,26.52],[168.38,26.46],[168.05,26.05],[168.11,25.91],[168.05,25.73],[167.93,25.62],[168.22,25.7],[168.34,25.51],[168.41,25.54],[168.46,25.75],[168.58,25.8],[168.41,25.98],[168.42,26.21],[168.58,26.39],[168.77,26.4],[168.83,26.49],[168.69,26.49],[168.65,26.61],[168.94,26.76],[168.94,26.9],[169.08,26.97],[169.15,27.2],[169.42,27.24]]],[[[-56.16,27.23],[-56.19,27.42],[-56.37,27.71],[-56.49,27.58],[-56.28,27.44],[-56.35,27.22],[-56.18,27.22],[-56.08,27.05],[-55.82,27.27],[-55.66,27.2],[-55.75,27.02],[-55.46,27.12],[-55.68,27.27],[-55.75,27.5],[-55.78,27.41],[-56.01,27.23],[-56.16,27.23]]],[[[174.53,27.56],[174.61,27.72],[174.46,27.78],[174.47,27.58],[174.53,27.56]]],[[[-61.19,27.94],[-61.25,27.94],[-61.22,27.85],[-61.03,27.84],[-60.87,27.75],[-61.19,27.94]]],[[[-60.24,26.21],[-59.66,25.92],[-59.21,25.87],[-59.19,25.52],[-59.06,25.73],[-58.9,25.75],[-58.54,25.49],[-58.37,25.51],[-58.32,25.27],[-58.16,25.37],[-57.77,25.31],[-57.7,25.14],[-57.39,25.26],[-57.17,25.15],[-56.67,25.15],[-56.44,25.03],[-56.41,24.83],[-56.35,24.82],[-56.38,24.94],[-56.29,25.01],[-56.02,24.98],[-55.97,24.89],[-55.8,24.89],[-55.78,24.82],[-55.63,24.94],[-55.38,24.97],[-55.66,25.07],[-55.87,25.03],[-56.16,25.1],[-56.23,25.2],[-56.45,25.1],[-56.74,25.24],[-56.93,25.27],[-57.05,25.22],[-57.24,25.27],[-57.36,25.44],[-57.69,25.5],[-57.73,25.37],[-57.81,25.34],[-57.86,25.44],[-58.2,25.58],[-58.25,25.82],[-58.02,25.99],[-57.9,25.97],[-57.88,26.04],[-58.1,26.14],[-58.23,26.29],[-58.31,26.3],[-58.46,26.16],[-58.3,25.82],[-58.54,25.63],[-58.6,25.65],[-58.63,25.82],[-58.73,25.78],[-58.92,25.92],[-59.03,25.9],[-59.19,25.97],[-59.23,26.11],[-59.06,26.18],[-58.99,26.38],[-58.88,26.43],[-58.82,26.67],[-58.32,26.62],[-58.14,26.47],[-57.85,26.47],[-57.66,26.37],[-57.58,26.12],[-57.51,26.33],[-57.17,26.28],[-56.88,25.99],[-56.78,26.14],[-56.67,26.19],[-56.47,26.18],[-56.35,26.09],[-56.18,26.16],[-55.99,26.04],[-55.63,26.02],[-55.49,26.06],[-54.62,25.99],[-54.58,26.09],[-54.84,26.06],[-54.98,26.14],[-55.04,26.08],[-55.42,26.09],[-55.82,26.21],[-56.05,26.18],[-56.21,26.26],[-56.33,26.21],[-56.52,26.3],[-57.02,26.31],[-57.23,26.4],[-57.26,26.49],[-57.12,26.73],[-57.04,26.72],[-56.85,26.51],[-56.42,26.52],[-56.23,26.62],[-56.42,26.59],[-56.5,26.69],[-56.66,26.58],[-56.74,26.59],[-56.73,26.81],[-56.52,26.93],[-56.59,27.0],[-56.64,26.9],[-56.86,26.9],[-57.06,26.77],[-57.17,27.17],[-57.31,27.2],[-57.34,27.26],[-57.2,27.37],[-57.22,27.5],[-57.45,27.35],[-57.46,27.18],[-57.64,27.21],[-57.66,27.34],[-57.53,27.43],[-57.57,27.57],[-57.63,27.39],[-57.75,27.39],[-57.89,27.78],[-57.72,27.95],[-57.77,28.01],[-57.85,27.97],[-57.96,27.67],[-57.89,27.36],[-58.11,27.13],[-58.21,27.16],[-58.22,27.29],[-58.08,27.48],[-58.2,27.48],[-58.3,27.38],[-58.42,27.55],[-58.34,27.29],[-58.45,27.24],[-58.64,27.28],[-58.66,27.21],[-58.34,27.17],[-58.3,27.07],[-58.17,27.02],[-58.2,26.83],[-58.01,26.81],[-57.86,26.71],[-57.6,26.98],[-57.55,27.11],[-57.19,27.07],[-57.22,26.66],[-57.42,26.42],[-57.5,26.4],[-57.65,26.52],[-57.82,26.52],[-57.91,26.59],[-58.14,26.58],[-58.32,26.69],[-58.45,26.64],[-58.85,26.78],[-58.9,26.9],[-59.09,26.87],[-59.18,27.09],[-59.39,26.96],[-59.47,27.0],[-59.5,27.1],[-59.66,27.05],[-59.85,27.19],[-59.95,27.01],[-59.84,26.76],[-60.16,26.66],[-60.21,26.75],[-60.02,27.24],[-60.14,27.41],[-60.36,27.41],[-60.6,27.6],[-60.6,27.43],[-60.46,27.39],[-60.43,27.27],[-60.59,26.97],[-60.48,27.02],[-60.36,27.0],[-60.42,27.19],[-60.35,27.3],[-60.23,27.29],[-60.15,27.1],[-60.28,26.64],[-60.35,26.61],[-60.53,26.66],[-60.31,26.45],[-59.95,26.28],[-59.91,26.19],[-59.97,26.15],[-60.24,26.21]],[[-59.78,26.08],[-59.84,26.19],[-59.77,26.27],[-59.67,26.12],[-59.78,26.08]],[[-59.52,26.38],[-59.38,26.42],[-59.33,26.64],[-59.69,26.66],[-59.79,26.85],[-59.73,26.94],[-59.47,26.93],[-59.33,26.81],[-59.18,26.81],[-58.97,26.53],[-58.99,26.48],[-59.23,26.42],[-59.21,26.22],[-59.36,25.95],[-59.52,26.38],[-59.71,26.33],[-59.82,26.39],[-59.86,26.69],[-59.67,26.57],[-59.5,26.57],[-59.52,26.38]],[[-58.21,25.99],[-58.31,25.95],[-58.37,26.05],[-58.22,26.12],[-58.21,25.99]],[[-57.64,27.02],[-57.7,26.98],[-57.9,27.08],[-57.9,27.28],[-57.7,27.23],[-57.64,27.02]],[[-57.94,27.01],[-57.89,26.91],[-57.98,26.84],[-58.06,26.94],[-57.94,27.01]]],[[[-59.35,27.74],[-59.42,27.89],[-59.36,28.11],[-59.49,28.03],[-59.47,27.94],[-59.55,27.8],[-59.35,27.74]]],[[[-58.87,28.17],[-58.83,27.95],[-59.11,27.53],[-59.29,27.46],[-59.5,27.53],[-59.61,27.48],[-59.67,27.56],[-59.64,27.72],[-59.68,27.63],[-59.91,27.51],[-59.89,27.43],[-59.66,27.48],[-59.57,27.29],[-59.35,27.43],[-59.16,27.36],[-59.06,27.41],[-58.94,27.34],[-58.94,27.19],[-58.74,27.11],[-58.83,27.29],[-58.63,27.36],[-58.63,27.5],[-58.56,27.61],[-58.65,27.69],[-58.85,27.73],[-58.86,27.83],[-58.72,28.01],[-58.87,28.17]]],[[[152.15,27.9],[152.19,28.13],[151.99,28.33],[151.92,28.25],[152.1,28.14],[152.12,28.04],[151.99,27.87],[151.89,27.86],[151.69,28.01],[151.65,27.84],[151.82,27.74],[152.08,27.78],[152.21,27.58],[152.44,27.47],[152.45,27.66],[152.15,27.9]]],[[[172.38,28.14],[172.5,28.4],[172.13,28.1],[172.06,28.1],[171.78,27.78],[171.67,27.74],[171.58,27.58],[171.1,27.31],[171.07,27.17],[170.83,27.02],[170.38,26.45],[171.03,26.91],[171.22,27.1],[171.26,27.24],[171.43,27.2],[171.6,27.34],[171.81,27.17],[171.82,26.98],[171.67,26.9],[171.67,26.71],[171.58,26.57],[171.62,26.4],[171.45,26.23],[171.46,26.09],[171.34,26.06],[171.31,25.97],[171.2,26.0],[171.29,26.42],[171.46,26.52],[171.39,26.57],[171.11,26.39],[171.22,26.42],[171.06,26.2],[170.88,26.11],[170.88,25.99],[170.78,25.85],[170.96,25.71],[170.88,25.51],[171.05,25.32],[171.05,25.1],[170.89,25.0],[171.02,24.89],[171.14,24.89],[171.22,24.77],[171.38,24.89],[171.42,25.09],[171.79,25.22],[172.03,25.2],[172.13,25.11],[172.3,25.3],[172.52,25.34],[172.52,25.56],[172.8,25.82],[171.72,26.07],[171.7,26.35],[171.79,26.38],[171.97,26.29],[171.91,26.43],[172.08,26.62],[172.27,26.54],[172.68,26.67],[172.87,26.59],[173.16,26.72],[173.39,26.58],[173.39,26.77],[173.76,26.68],[173.76,26.75],[173.43,26.83],[173.41,26.94],[173.54,27.04],[173.76,27.07],[174.17,27.41],[174.12,27.55],[174.21,27.7],[174.0,27.98],[173.79,27.95],[173.71,28.08],[173.71,28.03],[173.5,28.01],[173.38,28.06],[173.28,27.96],[172.85,27.86],[172.68,28.01],[172.55,27.91],[172.45,27.94],[172.38,28.14]],[[172.15,27.66],[172.2,27.77],[172.17,27.93],[172.26,27.98],[172.36,27.95],[172.42,27.83],[172.38,27.71],[172.23,27.59],[172.15,27.6],[172.15,27.66]],[[172.06,27.64],[172.16,27.52],[172.09,27.44],[171.93,27.53],[171.96,27.62],[172.06,27.64]],[[171.91,27.05],[171.91,27.19],[172.08,27.24],[172.07,27.09],[171.91,27.05]],[[172.13,27.06],[172.22,26.98],[172.06,26.9],[172.05,27.01],[172.13,27.06]],[[173.06,26.9],[173.2,26.99],[173.27,26.89],[173.16,26.83],[173.06,26.9]],[[172.16,25.73],[172.21,25.85],[172.33,25.76],[172.3,25.69],[172.16,25.73]],[[172.47,25.76],[172.55,25.67],[172.41,25.62],[172.37,25.71],[172.47,25.76]],[[172.0,25.67],[171.92,25.53],[171.84,25.54],[171.91,25.7],[172.0,25.67]],[[172.27,25.52],[172.42,25.58],[172.46,25.42],[172.33,25.37],[172.26,25.43],[172.27,25.52]],[[171.18,25.49],[171.11,25.43],[170.99,25.46],[170.97,25.55],[171.04,25.67],[171.17,25.68],[171.18,25.49]]],[[[171.63,28.02],[171.66,28.11],[171.85,28.19],[171.82,28.33],[171.72,28.42],[171.5,28.32],[171.4,28.09],[171.26,28.1],[171.16,27.89],[171.0,27.94],[170.89,27.71],[171.09,27.54],[171.21,27.68],[171.37,27.71],[171.32,27.86],[171.39,27.99],[171.5,28.02],[171.58,27.89],[171.63,28.02]],[[171.02,27.65],[170.95,27.75],[171.1,27.81],[171.14,27.71],[171.02,27.65]]],[[[164.43,28.82],[164.35,28.9],[164.27,28.81],[164.09,28.84],[164.07,28.75],[164.2,28.66],[164.18,28.55],[164.08,28.48],[163.9,28.51],[163.75,28.21],[163.9,28.18],[164.06,28.27],[164.3,28.1],[164.4,28.3],[164.39,28.43],[164.51,28.42],[164.59,28.32],[164.5,28.51],[164.54,28.73],[164.43,28.82]],[[164.27,28.49],[164.22,28.54],[164.25,28.65],[164.42,28.73],[164.45,28.49],[164.27,28.49]]],[[[155.12,28.83],[155.01,28.89],[155.04,28.77],[154.83,28.73],[154.97,28.62],[154.92,28.49],[155.04,28.24],[155.16,28.15],[155.3,28.15],[155.48,27.99],[155.47,27.84],[155.27,27.68],[155.69,27.31],[155.81,27.31],[155.86,27.17],[156.07,27.26],[156.01,27.0],[156.14,26.98],[156.24,26.88],[156.3,26.91],[156.35,26.84],[156.36,26.57],[156.2,26.45],[156.12,26.16],[156.17,26.04],[156.32,26.01],[156.22,26.15],[156.26,26.38],[156.36,26.43],[156.61,26.2],[156.65,26.04],[156.96,26.09],[157.05,25.94],[157.04,25.83],[156.91,25.75],[156.83,25.82],[156.71,25.68],[156.97,25.5],[157.14,25.52],[157.08,25.66],[157.2,25.75],[157.2,25.87],[157.25,25.9],[157.55,25.78],[157.62,25.78],[157.68,25.9],[157.77,25.9],[157.82,25.61],[157.98,25.86],[158.09,25.87],[158.13,26.03],[158.45,26.02],[158.82,26.12],[158.66,26.09],[158.55,26.15],[158.54,26.57],[158.45,26.32],[158.33,26.3],[158.06,26.52],[158.06,26.68],[157.75,26.45],[157.69,26.51],[157.72,26.67],[157.44,26.7],[157.25,26.88],[157.26,26.98],[157.42,27.12],[157.2,27.1],[157.22,27.36],[157.63,27.24],[157.75,27.29],[157.93,27.09],[158.08,27.18],[158.02,27.29],[157.9,27.23],[157.86,27.26],[157.92,27.38],[157.85,27.45],[157.9,27.58],[157.81,27.57],[157.7,27.38],[157.57,27.34],[157.44,27.37],[157.39,27.48],[157.66,27.72],[157.68,27.91],[157.75,27.96],[157.63,28.22],[157.54,28.29],[157.54,28.38],[157.77,28.53],[157.9,28.51],[157.88,28.56],[157.71,28.59],[157.46,28.37],[157.13,28.3],[156.9,28.39],[156.9,28.49],[157.04,28.55],[157.44,28.55],[157.5,28.6],[157.46,28.75],[157.27,28.87],[157.22,28.85],[157.28,28.67],[157.03,28.63],[156.86,28.69],[156.92,28.58],[156.88,28.53],[156.6,28.54],[156.31,28.66],[156.19,28.55],[156.02,28.56],[155.89,28.48],[155.79,28.56],[155.82,28.81],[155.69,28.76],[155.54,28.82],[155.12,28.83]],[[155.33,28.53],[155.33,28.66],[155.44,28.64],[155.43,28.53],[155.33,28.53]],[[155.96,28.2],[156.01,28.3],[156.34,28.17],[156.38,28.09],[156.07,27.98],[155.96,28.2]],[[156.5,27.99],[156.6,28.08],[156.71,27.96],[156.63,27.92],[156.5,27.99]],[[157.13,27.92],[157.23,28.01],[157.29,27.97],[157.22,27.84],[157.13,27.92]],[[156.33,27.91],[156.31,27.8],[156.14,27.89],[156.2,27.98],[156.33,27.91]],[[156.49,27.35],[156.4,27.43],[156.38,27.55],[156.55,27.53],[156.55,27.36],[156.49,27.35]],[[156.52,27.33],[156.72,27.29],[156.64,27.0],[156.52,27.06],[156.52,27.33]],[[156.4,27.21],[156.43,27.07],[156.32,27.08],[156.29,27.16],[156.4,27.21]],[[156.84,26.66],[157.11,26.69],[157.17,26.59],[157.07,26.52],[156.91,26.53],[156.82,26.6],[156.84,26.66]],[[156.74,26.63],[156.78,26.42],[156.67,26.35],[156.6,26.41],[156.59,26.56],[156.65,26.64],[156.74,26.63]],[[157.61,26.38],[157.77,26.38],[157.82,26.23],[157.65,26.23],[157.58,26.29],[157.61,26.38]]],[[[166.67,28.96],[166.53,28.8],[166.66,28.61],[166.69,28.7],[166.59,28.76],[166.61,28.88],[166.72,28.89],[166.75,28.79],[166.85,28.78],[166.67,28.96]]],[[[151.92,29.81],[151.78,30.0],[151.81,30.34],[151.69,30.37],[151.75,30.24],[151.67,29.91],[151.9,29.64],[152.07,29.55],[152.15,29.63],[152.1,29.83],[152.26,29.93],[152.38,30.12],[152.18,30.17],[152.09,30.08],[152.09,29.87],[151.92,29.81]]],[[[152.54,32.09],[152.48,32.21],[152.24,32.05],[151.9,32.0],[151.79,31.87],[151.31,31.96],[151.92,31.66],[152.06,31.51],[152.54,31.56],[153.17,31.25],[153.31,31.26],[152.52,31.68],[152.3,31.62],[152.11,31.67],[152.1,31.78],[152.21,31.96],[152.38,32.06],[152.52,31.99],[152.54,32.09]],[[151.87,31.9],[152.0,31.91],[152.06,31.84],[151.95,31.78],[151.87,31.9]]],[[[149.73,29.62],[149.71,29.8],[149.94,29.7],[149.94,29.61],[150.04,29.55],[150.02,29.4],[150.26,29.28],[150.19,29.09],[150.26,29.13],[150.38,29.32],[150.26,29.5],[150.11,29.52],[150.07,29.59],[150.14,29.74],[149.96,29.76],[149.93,30.05],[150.26,30.12],[150.38,30.05],[150.47,29.82],[150.26,29.81],[150.17,29.74],[150.34,29.7],[150.41,29.51],[150.65,29.69],[150.84,29.5],[150.96,29.83],[150.86,30.0],[150.97,30.01],[151.14,29.92],[151.25,29.97],[151.1,30.24],[151.13,30.46],[150.91,30.58],[150.84,30.85],[150.65,30.8],[150.5,30.62],[150.28,30.59],[150.19,30.67],[150.22,30.82],[149.98,31.03],[149.98,31.15],[149.87,31.24],[149.86,31.43],[149.36,31.22],[149.07,31.18],[148.92,31.3],[148.87,31.22],[148.76,31.19],[148.58,31.82],[148.37,31.64],[147.95,31.67],[147.76,31.78],[147.65,32.04],[147.53,32.06],[147.29,32.26],[147.26,32.11],[147.17,32.06],[147.48,32.03],[147.52,31.87],[146.98,31.61],[146.71,31.82],[146.7,32.12],[146.56,32.07],[146.38,32.3],[146.18,32.39],[145.9,32.36],[145.8,31.7],[145.51,31.57],[145.75,31.44],[145.73,31.3],[145.86,31.11],[145.85,30.9],[145.74,30.85],[145.7,31.1],[145.65,31.14],[145.43,31.19],[145.34,31.13],[146.02,29.66],[146.54,28.97],[146.86,28.82],[147.11,28.5],[147.58,28.2],[148.01,28.25],[148.16,28.07],[148.07,28.43],[148.17,28.59],[148.06,28.75],[148.19,28.91],[148.26,29.3],[148.37,29.34],[148.41,29.26],[148.32,28.94],[148.4,28.9],[148.56,28.94],[148.61,28.86],[148.58,28.59],[148.42,28.54],[148.49,28.15],[148.99,28.06],[149.13,27.88],[149.58,27.93],[149.63,27.79],[149.44,27.69],[149.59,27.38],[149.69,27.31],[149.86,27.53],[150.0,27.55],[149.98,27.6],[149.81,27.6],[149.67,27.74],[149.71,27.85],[149.9,27.83],[149.98,27.72],[150.11,27.71],[150.14,27.53],[150.2,27.67],[150.43,27.74],[150.6,27.67],[150.74,27.74],[150.74,27.53],[150.94,27.41],[150.94,27.47],[150.83,27.53],[150.85,27.64],[151.01,27.55],[151.18,27.58],[151.55,27.8],[151.29,27.94],[151.2,27.86],[151.08,27.89],[150.96,27.72],[150.8,27.73],[150.77,27.94],[150.94,28.08],[150.72,28.13],[150.56,28.08],[150.49,28.16],[150.58,28.25],[150.38,28.39],[150.38,28.46],[149.99,28.57],[149.78,28.78],[149.61,28.8],[149.69,29.04],[149.6,29.05],[149.53,29.2],[149.75,29.3],[149.89,29.27],[149.93,29.36],[149.79,29.42],[149.86,29.57],[149.75,29.6],[149.74,29.49],[149.62,29.45],[149.6,29.54],[149.73,29.62]],[[147.47,29.61],[147.44,29.48],[147.35,29.48],[147.36,29.59],[147.47,29.61]],[[146.74,29.63],[146.84,29.44],[146.77,29.34],[146.62,29.51],[146.64,29.59],[146.74,29.63]],[[150.64,29.81],[150.77,29.86],[150.79,29.74],[150.68,29.71],[150.64,29.81]],[[149.76,30.2],[149.67,30.24],[149.64,30.34],[149.76,30.43],[149.74,30.6],[149.82,30.6],[149.9,30.43],[150.16,30.52],[150.08,30.27],[149.76,30.2]],[[147.78,30.6],[147.79,30.45],[147.67,30.46],[147.65,30.62],[147.78,30.6]],[[150.68,30.22],[150.59,30.33],[150.66,30.42],[150.84,30.29],[150.78,30.21],[150.68,30.22]],[[149.84,31.21],[149.81,31.05],[149.69,30.98],[149.58,31.01],[149.59,31.15],[149.84,31.21]],[[147.55,31.6],[147.47,31.54],[147.38,31.58],[147.43,31.78],[147.56,31.75],[147.55,31.6]],[[146.22,31.95],[146.3,31.79],[146.27,31.61],[146.11,31.81],[146.14,31.92],[146.22,31.95]],[[147.71,28.65],[147.45,28.87],[147.51,29.01],[147.59,29.0],[147.81,28.78],[147.78,28.68],[147.71,28.65]],[[148.55,29.08],[148.46,29.17],[148.49,29.26],[148.64,29.15],[148.55,29.08]],[[148.75,29.16],[148.89,29.19],[148.9,29.07],[148.78,29.04],[148.75,29.16]],[[149.26,29.04],[149.23,29.16],[149.31,29.18],[149.47,29.06],[149.52,28.92],[149.42,28.89],[149.26,29.04]],[[149.24,28.95],[149.29,28.85],[149.2,28.82],[149.14,28.91],[149.24,28.95]],[[150.3,28.1],[150.38,28.16],[150.5,28.03],[150.51,27.93],[150.37,27.81],[150.3,28.1]]],[[[168.06,32.57],[168.03,32.66],[167.97,32.65],[167.76,32.5],[167.86,32.35],[167.86,32.15],[167.71,31.92],[167.87,31.86],[167.86,31.75],[167.42,31.63],[167.24,31.5],[167.27,31.33],[166.99,31.19],[167.04,31.13],[167.16,31.25],[167.3,31.25],[167.35,31.44],[167.5,31.44],[167.59,31.58],[167.73,31.54],[167.79,31.4],[167.73,31.28],[167.52,31.22],[167.6,31.07],[167.66,31.07],[167.71,31.22],[167.79,31.22],[167.88,31.1],[168.15,31.3],[168.16,31.37],[167.97,31.4],[167.96,31.48],[168.12,31.64],[168.28,31.67],[168.24,31.9],[168.39,32.13],[168.55,32.18],[168.33,32.36],[168.34,32.54],[168.12,32.53],[168.06,32.57]],[[167.96,32.39],[167.89,32.51],[167.99,32.57],[168.05,32.41],[167.96,32.39]],[[168.16,32.09],[168.03,32.21],[168.11,32.32],[168.25,32.29],[168.32,32.18],[168.27,32.1],[168.16,32.09]],[[167.73,31.65],[168.08,31.92],[168.19,31.87],[168.19,31.73],[168.02,31.68],[167.88,31.54],[167.79,31.55],[167.73,31.65]]],[[[-165.61,32.82],[-165.81,32.82],[-165.81,32.77],[-165.39,32.6],[-165.61,32.82]]],[[[167.35,33.05],[167.35,33.19],[167.56,33.21],[167.62,33.33],[167.62,33.53],[167.4,33.59],[167.39,33.87],[166.99,33.98],[166.75,33.98],[166.7,34.1],[166.48,34.11],[166.5,34.24],[166.4,34.25],[166.46,33.82],[166.42,33.67],[166.47,33.63],[166.41,33.57],[166.39,33.65],[166.2,33.73],[166.18,33.81],[166.27,33.89],[166.18,33.99],[166.18,34.13],[166.03,34.15],[165.98,34.27],[165.84,34.25],[164.98,34.54],[164.98,34.45],[165.12,34.46],[165.36,34.25],[165.5,34.3],[165.55,34.1],[165.72,34.03],[165.67,33.91],[165.38,33.92],[165.34,34.1],[164.94,34.19],[164.78,34.37],[164.71,34.72],[164.58,34.76],[164.72,34.59],[164.69,34.49],[164.47,34.51],[164.31,34.92],[164.06,34.95],[163.93,34.81],[164.24,34.88],[164.29,34.82],[164.23,34.32],[164.06,34.27],[163.73,34.36],[163.62,34.5],[163.49,34.54],[163.39,34.44],[163.39,34.32],[163.25,34.2],[163.37,34.11],[163.36,34.03],[163.22,34.03],[163.18,33.91],[162.89,33.96],[162.87,33.8],[162.62,33.77],[162.6,33.58],[162.36,33.5],[162.14,33.25],[162.43,33.31],[162.53,33.17],[162.72,33.13],[162.86,32.93],[163.01,32.93],[163.02,32.83],[162.91,32.79],[162.39,33.05],[162.31,32.99],[162.27,32.75],[162.09,32.67],[162.37,32.35],[162.89,32.35],[163.01,32.18],[163.33,32.01],[163.31,31.88],[163.2,31.83],[163.1,31.85],[163.05,32.0],[162.99,32.0],[163.08,31.8],[163.51,31.77],[163.4,31.93],[163.46,31.99],[163.57,31.95],[163.59,31.84],[163.71,31.86],[163.97,31.79],[164.06,31.63],[163.9,31.51],[164.09,31.51],[164.11,31.73],[164.21,31.8],[164.44,31.69],[164.47,31.82],[164.55,31.88],[164.88,31.8],[164.88,32.0],[164.92,32.04],[165.1,31.87],[165.06,32.04],[165.2,32.08],[165.36,31.78],[165.47,31.1],[165.38,31.05],[164.78,31.11],[164.77,31.03],[164.86,30.95],[164.99,31.01],[165.11,30.97],[165.14,30.74],[165.38,30.51],[165.24,30.72],[165.22,30.88],[165.31,30.92],[165.45,30.85],[165.55,30.7],[165.6,30.27],[165.73,30.35],[165.56,30.84],[165.6,30.91],[166.01,30.67],[166.06,30.55],[166.22,30.6],[166.4,30.48],[166.45,30.53],[166.33,30.67],[166.34,30.78],[166.56,30.86],[166.58,31.01],[166.69,30.99],[166.8,30.89],[166.82,30.67],[167.01,30.61],[167.2,30.25],[166.94,29.95],[166.87,30.01],[167.02,30.27],[166.95,30.34],[166.78,30.24],[166.67,30.4],[166.42,30.15],[166.64,29.95],[166.75,29.95],[166.89,29.84],[166.97,29.69],[167.02,29.76],[167.11,29.76],[167.11,29.66],[167.26,29.52],[167.45,29.68],[167.44,29.85],[167.54,30.02],[167.88,30.19],[168.02,30.38],[167.83,30.53],[167.78,30.74],[167.66,30.59],[167.51,30.62],[167.4,30.77],[167.45,30.89],[167.28,30.84],[167.32,31.05],[167.12,30.87],[166.87,30.99],[166.82,31.15],[166.97,31.25],[166.97,31.42],[166.8,31.41],[166.78,31.49],[166.96,31.61],[166.89,31.73],[166.94,31.82],[167.18,31.85],[167.35,31.7],[167.38,31.83],[167.65,32.12],[167.69,32.32],[167.65,32.36],[167.36,32.32],[167.3,32.15],[167.38,31.94],[167.25,31.9],[167.17,32.02],[167.14,32.33],[166.99,32.42],[166.82,32.44],[166.85,32.66],[166.91,32.7],[167.21,32.35],[167.31,32.44],[167.13,32.55],[166.96,32.8],[166.97,32.95],[167.14,32.92],[167.1,33.02],[166.94,33.1],[166.9,33.26],[166.78,33.38],[166.78,33.5],[166.71,33.52],[166.54,33.46],[166.66,33.09],[166.53,33.0],[166.37,33.25],[166.37,33.48],[166.51,33.5],[166.51,33.6],[166.63,33.61],[166.66,33.79],[166.75,33.79],[166.8,33.9],[167.09,33.89],[167.13,33.84],[167.09,33.66],[167.22,33.55],[167.18,33.41],[167.02,33.38],[166.99,33.31],[167.14,33.26],[167.18,33.14],[167.35,33.05]],[[167.49,33.41],[167.48,33.28],[167.35,33.24],[167.36,33.37],[167.49,33.41]],[[165.73,33.66],[165.8,33.59],[165.8,33.49],[165.7,33.41],[165.54,33.4],[165.5,33.51],[165.53,33.62],[165.73,33.66]],[[162.4,32.5],[162.29,32.62],[162.36,32.74],[162.7,32.74],[162.68,32.64],[162.4,32.5]],[[166.48,32.68],[166.51,32.74],[166.68,32.75],[166.72,32.46],[166.39,32.24],[166.3,32.33],[166.28,32.59],[166.38,32.67],[166.46,32.57],[166.48,32.68]],[[166.89,32.24],[167.01,32.31],[167.06,32.27],[166.95,32.15],[166.89,32.24]],[[166.34,32.16],[166.57,31.89],[166.56,31.8],[166.42,31.78],[166.29,31.83],[166.27,32.13],[166.34,32.16]],[[166.12,32.14],[166.37,31.32],[166.2,31.39],[166.07,31.3],[166.0,31.33],[166.01,31.51],[166.08,31.61],[165.98,31.82],[165.98,32.08],[166.03,32.15],[166.12,32.14]],[[166.7,31.34],[166.82,31.35],[166.85,31.25],[166.69,31.25],[166.7,31.34]],[[165.93,31.14],[165.94,30.98],[165.74,31.03],[165.58,31.26],[165.55,31.49],[165.75,31.43],[165.93,31.14]],[[166.16,30.98],[166.3,30.93],[166.29,30.78],[166.11,30.82],[166.09,30.91],[166.16,30.98]],[[165.54,32.13],[165.72,31.87],[165.71,31.72],[165.52,31.74],[165.32,32.13],[165.39,32.2],[165.54,32.13]],[[167.17,29.97],[167.5,30.5],[167.61,30.46],[167.64,30.26],[167.22,29.78],[167.13,29.82],[167.17,29.97]],[[167.83,30.29],[167.8,30.39],[167.91,30.45],[167.95,30.32],[167.83,30.29]]],[[[-168.58,35.52],[-168.74,35.59],[-168.77,35.67],[-168.51,35.84],[-167.98,35.81],[-167.77,35.92],[-167.45,35.93],[-166.87,36.1],[-166.5,36.29],[-166.58,36.33],[-166.76,36.25],[-166.9,36.26],[-167.02,36.44],[-167.11,36.39],[-167.04,36.15],[-167.44,36.05],[-167.51,36.09],[-167.54,36.32],[-167.94,36.15],[-168.1,36.19],[-169.01,36.07],[-169.34,35.83],[-169.91,35.67],[-169.96,35.43],[-170.11,35.59],[-170.18,35.45],[-170.09,35.35],[-169.99,35.4],[-169.9,35.23],[-169.76,35.49],[-169.68,35.52],[-169.61,35.42],[-169.38,35.61],[-169.02,35.49],[-168.87,35.55],[-168.58,35.52]]],[[[149.94,36.14],[149.84,36.24],[149.88,36.45],[149.47,36.58],[149.5,36.24],[149.3,36.14],[149.4,36.05],[149.39,35.8],[149.18,35.69],[148.94,35.69],[148.87,35.76],[148.78,35.59],[148.66,35.59],[148.8,35.4],[148.82,35.23],[148.42,35.21],[148.32,35.11],[148.37,35.03],[148.31,34.95],[148.01,34.92],[148.08,34.76],[148.05,34.64],[147.83,34.45],[147.7,34.51],[147.58,34.27],[147.58,34.13],[147.34,33.96],[147.36,33.79],[147.5,33.7],[147.54,33.54],[147.72,33.4],[147.72,33.22],[147.64,33.16],[147.36,33.2],[147.1,33.05],[147.36,32.91],[147.4,32.73],[147.29,32.6],[147.43,32.5],[147.43,32.35],[147.55,32.28],[147.69,32.37],[147.83,32.32],[147.84,32.42],[147.93,32.51],[147.69,32.65],[147.75,32.95],[147.93,33.08],[148.43,33.16],[148.85,32.9],[149.09,32.81],[149.35,32.83],[149.45,32.74],[149.5,32.77],[149.4,32.88],[149.4,33.05],[149.27,33.12],[149.37,33.22],[149.45,33.12],[149.62,33.26],[149.78,33.23],[149.83,33.09],[149.71,33.0],[149.8,32.85],[149.97,33.12],[150.17,33.07],[150.36,33.12],[150.43,33.02],[150.65,32.98],[150.79,33.07],[150.91,33.03],[150.98,33.22],[150.93,33.3],[151.34,33.49],[151.1,33.43],[151.03,33.52],[150.96,33.82],[150.84,33.84],[150.86,33.91],[151.03,33.99],[150.86,34.15],[150.67,34.2],[150.4,34.09],[150.35,33.98],[150.2,34.06],[150.17,34.18],[149.95,34.08],[149.94,34.22],[149.79,34.41],[149.63,34.43],[149.57,34.54],[149.64,34.75],[149.83,34.87],[150.17,34.94],[150.67,34.92],[150.75,34.83],[150.62,34.73],[150.87,34.63],[151.15,34.73],[151.29,34.71],[151.3,34.5],[151.06,34.46],[151.03,34.41],[151.11,34.27],[151.25,34.3],[151.27,34.45],[151.39,34.45],[151.42,34.01],[151.05,33.95],[151.03,33.83],[151.34,33.72],[151.51,33.74],[151.68,33.58],[151.87,33.58],[152.11,33.41],[152.82,33.29],[152.82,33.46],[152.66,33.62],[152.9,33.86],[153.02,33.86],[153.14,34.12],[153.23,34.11],[153.26,33.98],[153.43,33.86],[153.58,33.82],[153.63,33.64],[153.74,33.75],[153.77,33.82],[153.7,33.94],[153.41,33.96],[153.35,34.11],[153.19,34.24],[153.2,34.57],[152.98,34.58],[153.0,34.72],[153.31,34.96],[153.12,34.99],[152.98,35.16],[152.83,35.18],[152.66,35.32],[152.26,35.28],[152.04,35.47],[151.88,35.45],[151.78,35.62],[151.94,35.74],[151.97,35.83],[151.82,35.93],[151.8,36.13],[151.48,36.15],[151.59,36.04],[151.71,35.76],[151.67,35.71],[151.44,35.78],[151.16,35.73],[151.13,35.83],[151.24,36.0],[150.95,36.13],[150.79,35.98],[150.64,36.0],[150.62,35.92],[150.72,35.83],[150.94,36.02],[151.03,36.02],[151.09,35.84],[151.02,35.73],[150.65,35.69],[150.41,35.81],[150.35,35.96],[150.25,35.97],[150.17,35.86],[150.07,35.93],[150.0,35.81],[150.02,35.62],[149.95,35.56],[150.1,35.41],[150.04,35.3],[149.84,35.34],[149.77,35.42],[149.88,35.59],[149.8,35.7],[149.82,35.81],[150.0,35.95],[149.94,36.14]],[[149.69,35.87],[149.54,35.99],[149.58,36.12],[149.85,35.95],[149.8,35.86],[149.69,35.87]],[[151.57,35.27],[151.47,35.34],[151.48,35.42],[151.58,35.46],[151.69,35.41],[151.7,35.3],[151.57,35.27]],[[150.55,35.35],[150.22,35.37],[150.1,35.54],[150.49,35.51],[150.57,35.42],[150.55,35.35]],[[150.68,35.39],[150.66,35.49],[150.82,35.59],[151.07,35.62],[151.28,35.56],[151.22,35.41],[150.68,35.39]],[[150.33,35.27],[150.39,35.19],[150.33,35.1],[150.07,35.02],[150.12,35.26],[150.33,35.27]],[[151.11,35.08],[151.03,35.18],[151.09,35.25],[151.22,35.12],[151.11,35.08]],[[152.63,35.07],[152.96,35.01],[152.93,34.82],[152.77,34.81],[152.58,34.98],[152.63,35.07]],[[151.51,34.84],[151.51,34.69],[151.27,34.79],[151.51,34.84]],[[148.27,34.54],[148.46,34.6],[148.5,34.53],[148.45,34.43],[148.59,34.34],[148.57,34.22],[148.37,33.98],[148.06,33.94],[147.94,34.03],[147.69,34.1],[147.67,34.17],[147.87,34.41],[148.01,34.42],[148.09,34.51],[148.21,34.42],[148.27,34.54]],[[148.76,34.17],[148.68,34.28],[148.81,34.36],[148.85,34.23],[148.76,34.17]],[[149.56,34.17],[149.69,34.25],[149.83,34.18],[149.83,33.94],[149.66,33.94],[149.74,34.1],[149.52,34.03],[149.56,34.17]],[[150.7,33.73],[150.62,33.83],[150.72,33.89],[150.8,33.77],[150.7,33.73]],[[152.14,33.97],[152.04,34.1],[152.06,34.25],[152.15,34.28],[152.33,33.96],[152.44,33.87],[152.39,33.83],[152.14,33.97]],[[152.09,33.89],[152.19,33.83],[152.23,33.7],[152.17,33.58],[152.02,33.56],[151.85,33.7],[152.09,33.89]],[[151.75,33.86],[151.63,33.76],[151.55,33.83],[151.66,33.95],[151.75,33.86]]],[[[151.04,37.48],[150.67,37.48],[150.56,37.41],[150.74,37.29],[150.7,37.38],[150.83,37.45],[151.24,37.34],[151.04,37.48]]],[[[-158.28,38.66],[-157.85,38.74],[-158.05,38.76],[-158.28,38.66]]],[[[-168.24,39.02],[-168.02,39.05],[-167.66,39.26],[-168.03,39.21],[-168.2,39.11],[-168.24,39.02]]],[[[-166.2,39.23],[-166.27,39.3],[-166.87,39.02],[-166.2,39.23]]],[[[169.78,39.48],[169.75,39.79],[169.93,40.06],[169.69,39.82],[169.49,39.89],[169.43,39.84],[169.68,39.65],[169.69,39.51],[169.78,39.48]]],[[[-178.99,40.01],[-179.31,40.09],[-178.97,39.72],[-178.63,39.7],[-178.68,39.8],[-178.99,40.01]]],[[[-173.95,40.41],[-174.34,40.51],[-174.31,40.32],[-174.07,40.39],[-173.82,40.19],[-173.95,40.41]]],[[[-174.79,39.43],[-174.72,39.36],[-174.91,39.98],[-174.62,40.37],[-174.85,40.32],[-174.91,40.42],[-174.87,40.51],[-174.64,40.53],[-174.74,40.78],[-175.17,40.87],[-175.37,40.8],[-175.49,40.64],[-175.57,40.65],[-175.56,40.94],[-175.64,41.08],[-175.58,41.18],[-175.39,41.23],[-175.81,41.3],[-175.87,41.07],[-176.04,41.09],[-175.99,40.91],[-176.21,40.78],[-176.2,40.57],[-176.42,40.34],[-176.22,39.98],[-176.23,39.81],[-176.16,39.79],[-176.02,39.89],[-175.9,39.84],[-175.76,39.94],[-175.66,40.13],[-175.54,39.98],[-175.58,39.82],[-175.42,39.68],[-175.43,39.43],[-175.3,39.55],[-175.2,39.55],[-175.14,39.46],[-175.15,39.31],[-175.1,39.32],[-174.99,39.68],[-174.87,39.65],[-174.86,39.48],[-174.79,39.43]],[[-176.08,40.63],[-176.15,40.7],[-176.03,40.78],[-175.97,40.7],[-176.08,40.63]],[[-176.07,40.25],[-176.13,40.19],[-176.22,40.21],[-176.31,40.35],[-176.24,40.42],[-176.13,40.4],[-176.07,40.25]],[[-174.88,40.28],[-174.91,40.13],[-175.03,40.08],[-175.01,40.22],[-174.88,40.28]],[[-174.92,39.84],[-174.87,39.75],[-174.93,39.69],[-175.03,39.76],[-174.92,39.84]]],[[[-174.24,41.21],[-174.43,41.16],[-174.62,41.26],[-174.55,41.09],[-174.42,41.11],[-174.34,41.04],[-174.5,40.83],[-174.47,40.75],[-174.37,40.91],[-174.22,41.02],[-174.27,41.06],[-174.24,41.21]]],[[[-174.24,41.21],[-174.17,41.23],[-174.12,41.42],[-173.93,41.56],[-174.3,41.36],[-174.24,41.21]]],[[[-174.88,42.21],[-175.37,41.89],[-175.61,41.86],[-175.72,41.74],[-175.97,41.83],[-176.11,41.74],[-176.21,41.57],[-175.92,41.7],[-175.83,41.51],[-175.71,41.48],[-175.34,41.74],[-175.15,42.0],[-175.01,42.05],[-174.88,42.21]]],[[[-168.82,43.39],[-168.78,43.37],[-169.13,43.51],[-169.5,43.46],[-169.14,43.38],[-168.82,43.39]]],[[[-174.82,44.55],[-174.72,44.59],[-174.74,44.74],[-174.67,44.99],[-174.79,44.66],[-174.9,44.58],[-174.82,44.55]]],[[[-172.94,45.03],[-172.97,45.0],[-172.78,44.73],[-172.95,44.63],[-172.9,44.49],[-173.22,44.13],[-173.38,44.04],[-173.56,44.05],[-173.64,44.16],[-173.57,44.36],[-173.62,44.38],[-173.68,44.34],[-173.68,44.11],[-174.1,43.99],[-173.84,43.93],[-173.84,43.79],[-173.78,43.76],[-173.7,43.78],[-173.8,43.86],[-173.72,43.96],[-173.48,44.0],[-173.3,43.92],[-173.3,43.69],[-173.66,43.46],[-173.26,43.66],[-173.23,43.82],[-173.1,43.91],[-173.11,44.09],[-172.9,44.18],[-172.82,44.37],[-172.69,44.43],[-172.78,44.59],[-172.7,44.88],[-172.94,45.03]]],[[[-170.86,44.75],[-170.92,44.85],[-170.86,45.1],[-171.0,45.19],[-171.12,44.57],[-170.62,44.76],[-170.44,44.72],[-170.26,44.86],[-170.86,44.75]]],[[[163.39,45.34],[163.07,45.22],[163.37,45.12],[163.59,45.3],[163.39,45.34]]],[[[165.34,44.95],[165.53,45.17],[165.5,45.39],[165.28,45.05],[165.29,44.97],[165.34,44.95]]],[[[164.06,45.48],[164.26,45.58],[164.26,45.63],[164.04,45.59],[164.01,45.51],[164.06,45.48]]],[[[173.46,45.85],[173.26,46.22],[173.16,46.27],[173.21,45.98],[173.34,45.89],[173.38,45.77],[173.57,45.65],[173.65,45.52],[173.89,45.39],[173.87,45.18],[173.79,45.14],[173.63,45.19],[173.65,45.14],[173.71,45.07],[173.9,45.07],[174.05,44.93],[174.17,44.93],[174.26,44.78],[174.4,44.71],[174.49,44.23],[174.41,43.97],[174.6,43.94],[175.15,43.63],[175.16,43.53],[175.01,43.43],[175.37,42.9],[175.44,42.6],[175.63,42.62],[175.78,42.47],[176.17,42.42],[176.2,42.34],[176.11,42.24],[176.4,42.23],[176.78,41.79],[176.83,41.81],[176.81,42.02],[176.94,42.03],[177.29,41.5],[177.44,41.44],[177.8,40.95],[177.77,41.15],[178.01,41.16],[177.81,41.44],[177.8,41.55],[177.88,41.63],[177.78,41.66],[177.63,41.55],[177.55,41.56],[177.41,41.69],[177.38,41.86],[177.23,41.86],[176.77,42.33],[176.73,42.2],[176.65,42.21],[176.51,42.34],[176.51,42.51],[176.26,42.52],[175.87,42.77],[175.6,43.32],[175.84,43.43],[175.45,43.46],[175.44,43.73],[175.2,44.01],[175.03,43.92],[174.83,43.99],[174.83,44.12],[175.01,44.2],[174.38,44.87],[174.31,45.32],[174.38,45.43],[174.18,45.41],[174.07,45.58],[173.9,45.62],[173.81,45.79],[173.69,45.86],[173.69,45.98],[173.56,45.84],[173.46,45.85]]],[[[171.03,48.96],[171.07,48.72],[171.24,48.48],[171.22,48.72],[171.03,48.96]]],[[[168.62,53.35],[168.41,53.27],[168.12,53.35],[168.26,53.21],[168.8,52.95],[168.99,52.99],[169.03,52.82],[169.15,52.85],[169.34,52.78],[169.58,52.86],[169.3,53.04],[168.93,53.12],[168.62,53.35]]],[[[-158.84,53.8],[-158.19,53.95],[-158.6,53.9],[-158.88,53.81],[-158.84,53.8]]],[[[-24.45,-59.99],[-24.63,-60.01],[-24.78,-60.14],[-24.67,-60.16],[-24.45,-59.99]]],[[[-24.27,-60.0],[-24.2,-59.87],[-24.26,-59.78],[-24.33,-59.82],[-24.36,-60.0],[-24.27,-60.0]]],[[[157.67,-58.17],[157.63,-58.0],[157.51,-57.86],[157.56,-58.12],[157.62,-58.2],[157.67,-58.17]]],[[[11.01,-57.58],[10.96,-57.64],[11.15,-57.7],[11.35,-57.65],[11.01,-57.58]]],[[[-113.66,-57.37],[-114.05,-57.26],[-114.65,-57.24],[-114.42,-57.37],[-113.66,-57.37]]],[[[11.13,-57.11],[11.06,-56.93],[10.85,-56.94],[10.7,-57.07],[10.72,-57.12],[11.13,-57.23],[11.6,-57.18],[11.13,-57.11]]],[[[-90.82,-56.09],[-90.72,-55.92],[-90.55,-55.82],[-90.56,-55.63],[-90.9,-55.99],[-90.91,-56.06],[-90.82,-56.09]]],[[[-94.22,-54.47],[-94.2,-54.34],[-94.43,-54.59],[-94.22,-54.47]]],[[[-95.16,-55.34],[-95.04,-54.96],[-95.15,-54.8],[-95.15,-54.66],[-95.0,-54.44],[-94.75,-54.23],[-94.76,-54.14],[-94.93,-54.23],[-95.27,-54.58],[-95.25,-54.92],[-95.33,-55.13],[-95.16,-55.34]]],[[[26.87,-53.98],[27.02,-53.91],[27.14,-53.75],[27.06,-53.74],[26.9,-53.86],[26.87,-53.98]]],[[[32.07,-53.66],[32.43,-53.25],[32.41,-53.16],[32.25,-53.21],[32.07,-53.66]]],[[[31.74,-52.68],[31.49,-52.7],[31.61,-52.85],[31.56,-52.94],[31.73,-53.08],[31.78,-53.02],[31.74,-52.68]]],[[[-174.55,-51.65],[-174.78,-51.36],[-174.91,-51.41],[-174.82,-51.67],[-174.64,-51.69],[-174.55,-51.86],[-174.24,-51.89],[-173.95,-52.1],[-174.01,-51.84],[-174.55,-51.65]]],[[[-174.12,-51.52],[-174.12,-51.31],[-174.17,-51.29],[-174.26,-51.38],[-174.12,-51.52]]],[[[-49.54,-49.2],[-49.63,-49.2],[-49.73,-49.34],[-49.46,-49.37],[-49.45,-49.24],[-49.54,-49.2]]],[[[-46.2,-49.21],[-46.13,-49.18],[-46.08,-48.98],[-46.52,-48.93],[-46.49,-49.02],[-46.21,-49.04],[-46.2,-49.13],[-46.29,-49.2],[-46.2,-49.21]]],[[[-47.74,-48.91],[-47.8,-48.84],[-48.03,-48.94],[-48.24,-48.86],[-48.43,-48.96],[-48.64,-48.96],[-48.36,-49.03],[-48.22,-48.96],[-47.74,-48.97],[-47.74,-48.91]]],[[[-43.57,-48.84],[-43.62,-48.77],[-43.98,-48.84],[-44.18,-48.96],[-44.07,-48.98],[-43.9,-48.86],[-43.74,-48.91],[-43.57,-48.84]]],[[[-46.75,-48.92],[-46.97,-48.71],[-47.0,-48.92],[-47.26,-48.84],[-47.37,-49.03],[-46.87,-49.08],[-46.73,-48.98],[-46.75,-48.92]]],[[[-45.35,-48.55],[-45.2,-48.36],[-45.24,-48.29],[-45.39,-48.47],[-45.35,-48.55]]],[[[-41.57,-48.43],[-41.6,-48.31],[-41.78,-48.3],[-41.57,-48.43]]],[[[-43.57,-48.41],[-43.42,-48.28],[-43.44,-48.23],[-43.68,-48.26],[-43.59,-48.41],[-43.75,-48.47],[-43.86,-48.44],[-43.92,-48.29],[-44.15,-48.42],[-44.3,-48.26],[-44.48,-48.49],[-44.4,-48.55],[-44.09,-48.53],[-43.97,-48.6],[-43.84,-48.55],[-43.66,-48.6],[-43.57,-48.41]]],[[[-41.31,-47.72],[-41.26,-47.56],[-41.52,-47.67],[-41.31,-47.72]]],[[[-54.14,-46.75],[-54.32,-46.78],[-54.28,-46.96],[-54.17,-46.87],[-54.14,-46.75]]],[[[14.51,-45.64],[14.59,-45.58],[14.47,-45.46],[14.41,-45.62],[14.51,-45.64]]],[[[-145.14,-37.94],[-145.1,-37.83],[-145.23,-37.78],[-145.25,-37.88],[-145.14,-37.94]]],[[[123.0,-37.46],[123.12,-37.39],[122.69,-37.39],[123.0,-37.46]]],[[[-164.44,-37.07],[-164.53,-36.65],[-164.56,-36.9],[-164.44,-37.07]]],[[[106.81,-36.26],[106.9,-36.19],[106.61,-36.17],[106.81,-36.26]]],[[[104.93,-35.74],[104.39,-35.63],[104.59,-35.78],[105.07,-35.86],[105.33,-35.97],[105.53,-35.94],[104.93,-35.74]]],[[[102.86,-34.97],[102.84,-34.85],[102.6,-34.78],[102.44,-34.57],[102.14,-34.39],[101.88,-34.37],[102.36,-34.63],[102.58,-34.9],[102.77,-34.94],[102.89,-35.09],[102.86,-34.97]]],[[[-164.55,-34.38],[-164.57,-33.98],[-164.64,-33.89],[-164.55,-34.38]]],[[[103.77,-33.99],[104.15,-33.83],[104.15,-33.75],[103.96,-33.72],[103.68,-33.98],[103.77,-33.99]]],[[[-165.74,-33.83],[-165.63,-33.45],[-165.77,-33.6],[-165.79,-33.84],[-165.74,-33.83]]],[[[101.4,-33.7],[101.42,-33.55],[101.62,-33.48],[101.56,-33.3],[101.41,-33.3],[101.24,-33.44],[101.3,-33.66],[101.4,-33.7]]],[[[-176.1,-33.09],[-175.95,-32.91],[-176.18,-33.0],[-176.1,-33.09]]],[[[-163.6,-32.06],[-163.66,-32.04],[-163.68,-32.23],[-163.49,-32.06],[-163.6,-32.06]]],[[[-72.55,-30.89],[-72.16,-28.56],[-72.29,-28.76],[-72.29,-29.09],[-72.38,-29.28],[-72.46,-29.71],[-72.41,-29.88],[-72.53,-30.07],[-72.55,-30.89]]],[[[58.82,-27.84],[58.83,-27.74],[58.73,-27.65],[58.69,-27.76],[58.82,-27.84]]],[[[-175.68,-29.05],[-175.69,-28.93],[-175.51,-28.87],[-175.41,-28.74],[-175.44,-28.55],[-175.34,-28.37],[-175.32,-28.03],[-175.13,-27.94],[-175.25,-27.74],[-175.3,-27.48],[-175.2,-27.31],[-175.2,-26.52],[-175.32,-26.36],[-175.25,-25.99],[-175.31,-25.8],[-175.54,-26.06],[-175.54,-26.33],[-175.7,-26.57],[-175.8,-26.86],[-175.8,-27.14],[-175.97,-27.65],[-175.94,-27.77],[-176.14,-28.51],[-176.14,-28.75],[-176.33,-29.08],[-176.38,-29.47],[-176.47,-29.69],[-176.64,-29.86],[-176.64,-29.98],[-176.76,-30.07],[-176.9,-30.48],[-177.05,-30.67],[-177.26,-30.82],[-177.17,-30.98],[-177.26,-31.06],[-177.3,-31.27],[-177.5,-31.58],[-177.5,-31.7],[-177.65,-31.87],[-177.59,-32.04],[-177.72,-32.21],[-177.79,-32.5],[-177.91,-32.58],[-177.85,-32.81],[-178.01,-32.95],[-178.06,-33.1],[-178.2,-33.17],[-178.18,-33.34],[-178.27,-33.46],[-178.27,-33.6],[-178.39,-33.72],[-178.51,-34.37],[-178.85,-34.78],[-178.78,-34.92],[-178.82,-35.21],[-178.87,-35.45],[-178.99,-35.54],[-179.02,-35.65],[-178.9,-35.93],[-178.51,-35.93],[-178.31,-36.12],[-178.22,-36.12],[-178.27,-36.05],[-178.24,-35.96],[-177.91,-35.9],[-177.9,-35.69],[-177.72,-35.64],[-177.58,-35.5],[-177.7,-35.2],[-177.86,-35.21],[-177.94,-35.13],[-177.58,-34.89],[-177.68,-34.55],[-177.65,-34.47],[-177.53,-34.46],[-177.62,-34.25],[-177.48,-34.19],[-177.41,-34.03],[-177.29,-34.06],[-177.12,-33.89],[-177.02,-33.62],[-176.85,-33.53],[-176.86,-33.24],[-176.69,-33.17],[-176.61,-33.05],[-176.75,-32.9],[-176.64,-32.71],[-176.52,-32.21],[-176.21,-31.97],[-176.4,-31.9],[-176.42,-32.02],[-176.54,-32.11],[-176.71,-32.11],[-176.99,-31.86],[-177.0,-31.78],[-176.62,-31.63],[-176.59,-31.55],[-176.68,-31.43],[-176.68,-31.3],[-176.48,-31.04],[-176.31,-31.03],[-176.21,-30.67],[-176.23,-30.55],[-176.15,-30.39],[-176.16,-30.17],[-176.08,-30.15],[-175.94,-30.36],[-175.92,-30.21],[-175.67,-30.12],[-175.78,-29.91],[-175.71,-29.78],[-175.75,-29.59],[-175.66,-29.45],[-175.77,-29.39],[-175.71,-29.33],[-175.61,-29.42],[-175.5,-29.12],[-175.68,-29.05]],[[-176.37,-30.33],[-176.42,-30.23],[-176.25,-30.19],[-176.24,-30.3],[-176.37,-30.33]],[[-177.1,-33.12],[-177.13,-33.02],[-177.06,-32.93],[-176.88,-32.92],[-176.92,-33.11],[-177.1,-33.12]],[[-177.01,-33.53],[-177.14,-33.32],[-176.97,-33.2],[-176.9,-33.52],[-177.01,-33.53]]],[[[105.38,-24.7],[105.3,-24.54],[105.06,-24.35],[105.14,-24.55],[105.38,-24.7]]],[[[100.61,-24.5],[100.79,-23.99],[100.98,-23.76],[100.95,-23.67],[100.68,-24.0],[100.59,-24.33],[100.61,-24.5]]],[[[172.35,-23.16],[172.39,-23.11],[172.21,-23.06],[171.87,-23.15],[172.35,-23.16]]],[[[103.03,-22.39],[102.86,-22.39],[103.03,-22.46],[103.25,-22.44],[103.21,-22.38],[103.03,-22.39]]],[[[88.73,-22.27],[88.7,-22.2],[88.63,-22.23],[88.6,-22.47],[88.73,-22.27]]],[[[101.44,-22.43],[101.45,-21.82],[101.38,-22.01],[101.38,-22.31],[101.44,-22.43]]],[[[99.9,-21.93],[99.89,-21.77],[99.97,-21.67],[99.74,-21.79],[99.9,-21.93]]],[[[99.17,-21.67],[99.07,-21.62],[99.24,-22.18],[99.32,-22.25],[99.36,-22.19],[99.21,-21.72],[99.43,-21.7],[99.31,-21.62],[99.17,-21.67]]],[[[98.42,-21.34],[98.26,-21.43],[98.29,-21.65],[98.33,-21.43],[98.52,-21.38],[98.42,-21.34]]],[[[100.59,-21.05],[100.56,-20.87],[100.3,-20.62],[100.32,-20.78],[100.59,-21.05]]],[[[98.17,-20.61],[98.11,-20.48],[98.02,-20.54],[98.04,-20.64],[98.17,-20.61]]],[[[-172.5,-20.26],[-172.54,-20.23],[-172.63,-20.33],[-172.63,-20.52],[-172.54,-20.5],[-172.56,-20.38],[-172.5,-20.26]]],[[[98.18,-20.14],[98.01,-20.18],[98.26,-20.26],[98.28,-20.21],[98.18,-20.14]]],[[[168.82,-21.02],[168.64,-20.25],[168.43,-20.14],[168.37,-19.99],[168.22,-19.91],[168.43,-20.52],[168.82,-21.02]]],[[[103.17,-17.86],[103.46,-17.59],[103.18,-17.74],[103.17,-17.86]]],[[[98.3,-17.14],[98.26,-17.11],[98.33,-17.64],[98.3,-17.14]]],[[[100.69,-17.07],[100.8,-16.99],[100.66,-16.97],[100.55,-16.83],[100.63,-17.06],[100.69,-17.07]]],[[[102.79,-17.02],[102.72,-16.75],[102.69,-16.93],[102.79,-17.02]]],[[[106.78,-16.65],[106.84,-16.55],[106.61,-16.7],[106.43,-16.73],[106.42,-16.9],[106.68,-16.8],[106.73,-16.66],[106.78,-16.65]]],[[[99.45,-17.99],[99.41,-17.21],[99.31,-16.82],[99.13,-16.5],[99.1,-16.61],[99.37,-17.95],[99.45,-17.99]]],[[[102.61,-16.72],[102.72,-16.42],[102.45,-16.72],[102.61,-16.72]]],[[[105.94,-16.34],[105.91,-16.27],[105.78,-16.48],[105.65,-16.49],[105.55,-16.73],[105.94,-16.34]]],[[[95.24,-16.36],[95.17,-16.17],[95.02,-16.25],[94.99,-16.73],[94.68,-17.4],[94.66,-17.64],[94.75,-17.64],[94.87,-17.79],[94.79,-17.52],[94.92,-17.54],[95.18,-17.4],[95.14,-17.21],[95.28,-16.73],[95.24,-16.36]]],[[[98.21,-16.75],[98.16,-16.11],[98.12,-16.2],[98.21,-16.75]]],[[[99.13,-16.36],[99.16,-16.17],[99.03,-16.03],[99.07,-16.3],[99.13,-16.36]]],[[[95.62,-16.01],[95.45,-16.0],[95.38,-16.13],[95.39,-16.31],[95.51,-16.04],[95.66,-16.18],[95.62,-16.01]]],[[[102.91,-15.59],[102.97,-15.35],[102.86,-15.46],[102.91,-15.7],[102.91,-15.59]]],[[[106.49,-15.65],[106.65,-15.27],[106.41,-15.53],[106.49,-15.65]]],[[[99.76,-15.6],[99.82,-15.0],[99.7,-14.69],[99.64,-14.79],[99.7,-15.07],[99.65,-15.24],[99.7,-15.55],[99.76,-15.6]]],[[[100.39,-14.3],[100.26,-14.19],[100.25,-14.28],[100.49,-14.54],[100.49,-14.78],[100.34,-14.95],[100.46,-14.95],[100.54,-14.9],[100.53,-14.73],[100.66,-14.45],[100.54,-14.26],[100.39,-14.3]]],[[[100.94,-14.26],[100.85,-14.02],[100.8,-14.18],[100.94,-14.26]]],[[[104.66,-14.21],[104.87,-14.09],[104.84,-13.94],[104.66,-14.21]]],[[[98.81,-14.78],[98.9,-14.64],[98.76,-14.53],[98.69,-14.15],[98.74,-14.02],[98.63,-13.84],[98.59,-14.21],[98.71,-14.59],[98.66,-14.71],[98.81,-14.78]]],[[[100.06,-14.42],[99.9,-13.67],[99.72,-13.63],[99.74,-13.82],[99.89,-14.02],[99.94,-14.5],[100.06,-14.42]]],[[[166.3,-13.92],[166.27,-13.56],[166.21,-13.48],[166.3,-13.92]]],[[[94.32,-13.7],[94.53,-13.63],[94.48,-13.36],[94.44,-13.56],[94.32,-13.7]]],[[[166.18,-13.34],[166.18,-12.89],[166.07,-12.76],[166.06,-13.09],[166.18,-13.34]]],[[[93.11,-13.01],[93.17,-12.72],[93.1,-12.49],[93.05,-12.56],[93.12,-12.74],[93.05,-12.86],[93.11,-13.01]]],[[[92.79,-12.84],[92.78,-12.35],[92.71,-12.6],[92.79,-12.84]]],[[[166.06,-12.7],[166.1,-12.45],[165.94,-12.02],[165.95,-11.8],[165.6,-11.53],[165.53,-11.81],[165.7,-12.12],[165.72,-12.31],[165.85,-12.6],[166.06,-12.7]]],[[[-24.94,-11.78],[-25.13,-11.42],[-25.31,-11.38],[-24.94,-11.78]]],[[[115.22,-11.15],[114.83,-11.01],[114.58,-11.06],[114.89,-11.1],[115.13,-11.35],[115.34,-11.33],[115.54,-11.4],[115.99,-11.38],[116.12,-11.31],[117.13,-11.43],[117.65,-11.42],[117.84,-11.33],[118.39,-11.33],[118.66,-11.18],[119.23,-11.21],[118.58,-11.11],[118.39,-11.16],[117.89,-11.14],[117.7,-11.24],[117.55,-11.26],[116.21,-11.18],[115.85,-11.23],[115.22,-11.15]]],[[[164.07,-11.03],[164.23,-10.97],[162.96,-11.15],[162.43,-11.3],[162.05,-11.26],[161.78,-11.29],[161.3,-11.14],[161.7,-11.33],[162.31,-11.52],[162.77,-11.35],[163.1,-11.35],[163.64,-11.12],[163.93,-11.12],[164.07,-11.03]]],[[[164.51,-10.94],[164.65,-10.9],[164.65,-10.84],[164.46,-10.83],[164.34,-10.9],[164.51,-10.94]]],[[[90.34,-10.93],[90.3,-10.84],[90.24,-11.35],[90.34,-10.93]]],[[[113.82,-10.93],[113.65,-10.8],[113.47,-10.86],[113.81,-11.02],[114.33,-11.04],[114.07,-10.99],[113.93,-10.9],[113.82,-10.93]]],[[[-79.46,-11.27],[-79.5,-11.1],[-79.81,-10.62],[-79.82,-10.78],[-79.46,-11.27]]],[[[-80.47,-9.55],[-80.48,-9.44],[-80.54,-9.43],[-80.56,-9.5],[-80.41,-9.76],[-80.24,-9.9],[-80.47,-9.55]]],[[[-159.91,-7.1],[-160.28,-7.14],[-160.06,-7.22],[-159.91,-7.1]]],[[[102.12,-7.01],[102.31,-6.94],[102.08,-6.65],[102.03,-6.84],[102.12,-7.01]]],[[[-176.97,-6.18],[-177.34,-6.22],[-177.14,-6.29],[-176.97,-6.18]]],[[[153.16,-5.83],[152.81,-5.65],[152.57,-5.66],[151.37,-6.24],[151.22,-6.41],[150.31,-6.84],[149.2,-7.02],[148.97,-7.23],[148.94,-7.37],[149.11,-7.37],[149.21,-7.46],[149.57,-7.1],[150.15,-7.07],[150.6,-6.86],[150.94,-6.79],[151.15,-6.65],[151.27,-6.65],[151.46,-6.48],[152.16,-6.19],[152.35,-6.05],[152.47,-6.1],[152.7,-5.96],[153.02,-5.91],[153.14,-6.0],[153.34,-6.01],[153.36,-6.19],[153.45,-6.28],[153.63,-6.28],[153.67,-6.46],[153.82,-6.44],[153.85,-6.64],[153.98,-6.72],[154.04,-6.88],[154.36,-6.99],[154.83,-7.38],[154.92,-7.37],[154.51,-6.62],[154.37,-6.6],[154.12,-6.23],[153.77,-5.97],[153.45,-5.92],[153.31,-5.81],[153.16,-5.83]],[[153.52,-6.23],[153.42,-6.14],[153.46,-6.06],[153.62,-6.15],[153.62,-6.22],[153.52,-6.23]]],[[[-175.11,-5.7],[-174.94,-5.61],[-175.12,-5.53],[-175.24,-5.69],[-175.38,-5.71],[-175.18,-5.74],[-175.11,-5.7]]],[[[-178.84,-5.47],[-178.57,-5.36],[-179.04,-5.43],[-178.84,-5.47]]],[[[130.87,-4.7],[130.63,-4.74],[130.68,-5.26],[130.78,-5.42],[130.8,-5.69],[130.63,-6.14],[130.42,-6.41],[130.49,-6.59],[130.78,-6.53],[130.9,-6.33],[131.47,-6.1],[131.5,-5.95],[131.64,-5.83],[131.59,-5.63],[131.42,-5.73],[131.34,-5.71],[131.26,-5.47],[131.29,-5.14],[130.87,-4.7]]],[[[123.55,-4.49],[123.6,-4.28],[123.46,-4.43],[123.55,-4.49]]],[[[-173.18,-4.43],[-173.0,-4.35],[-172.85,-4.18],[-173.31,-4.42],[-173.18,-4.43]]],[[[-178.77,-4.21],[-179.16,-4.2],[-179.17,-4.4],[-179.04,-4.32],[-178.66,-4.34],[-178.54,-4.22],[-178.68,-4.27],[-178.77,-4.21]]],[[[-177.25,-3.77],[-177.44,-3.79],[-177.5,-3.86],[-177.43,-3.94],[-177.25,-3.77]]],[[[-176.76,-3.71],[-176.74,-3.65],[-177.06,-3.71],[-177.08,-3.98],[-177.03,-3.96],[-177.04,-3.79],[-176.76,-3.71]]],[[[-177.74,-3.64],[-177.67,-3.59],[-177.73,-3.48],[-177.89,-3.61],[-177.74,-3.64]]],[[[-175.05,-3.26],[-174.94,-3.09],[-175.12,-3.19],[-175.11,-3.26],[-175.05,-3.26]]],[[[152.03,-1.44],[152.25,-1.31],[152.14,-1.1],[151.99,-1.08],[152.03,-1.44]]],[[[-167.96,-1.04],[-168.44,-1.21],[-168.91,-1.25],[-169.08,-1.32],[-169.12,-1.44],[-169.04,-1.49],[-168.79,-1.32],[-168.65,-1.36],[-168.41,-1.28],[-167.96,-1.04]]],[[[149.94,-0.85],[149.72,-0.66],[149.76,-0.87],[150.11,-0.84],[149.94,-0.85]]],[[[149.21,-0.52],[149.32,-0.46],[149.32,-0.34],[149.14,0.14],[149.1,0.79],[148.94,1.05],[148.92,1.39],[148.78,2.0],[148.81,2.3],[148.74,2.41],[148.7,1.39],[148.9,1.1],[148.85,0.96],[149.06,0.31],[149.11,-0.1],[149.21,-0.27],[149.09,-0.48],[149.21,-0.52]]],[[[178.87,4.76],[178.96,5.04],[178.77,4.98],[178.81,4.77],[178.87,4.76]]],[[[178.62,4.82],[178.25,5.02],[178.13,5.02],[178.32,4.85],[178.62,4.82]]],[[[177.84,4.97],[177.87,5.05],[177.81,5.1],[177.77,4.97],[177.62,4.92],[177.77,4.83],[177.84,4.97]]],[[[178.97,5.47],[178.92,5.51],[178.75,5.3],[178.54,5.38],[178.57,5.24],[178.85,5.21],[178.97,5.47]]],[[[175.84,4.71],[175.92,4.97],[175.85,5.33],[175.87,5.62],[175.72,5.73],[175.66,5.47],[175.84,4.71]]],[[[134.52,6.58],[134.66,6.85],[134.5,6.73],[134.52,6.58]]],[[[135.0,7.48],[135.08,7.57],[135.13,7.85],[135.03,7.92],[134.93,7.89],[134.91,7.8],[134.95,7.48],[135.0,7.48]]],[[[178.8,8.29],[178.73,8.26],[179.1,8.12],[179.18,8.16],[179.16,8.26],[178.99,8.23],[178.8,8.29]]],[[[-174.48,8.21],[-174.61,8.48],[-174.73,8.47],[-174.91,8.28],[-174.78,8.25],[-174.75,8.17],[-174.61,8.17],[-174.58,8.06],[-174.48,8.21]]],[[[130.89,8.47],[131.06,8.53],[131.05,8.59],[130.8,8.48],[130.89,8.47]]],[[[177.62,8.32],[177.7,8.37],[177.67,8.47],[177.77,8.65],[177.56,8.37],[177.62,8.32]]],[[[176.11,8.31],[176.21,8.39],[176.35,8.77],[176.14,8.52],[176.11,8.31]]],[[[178.49,8.83],[178.25,8.74],[178.1,8.78],[178.03,8.57],[178.54,8.47],[178.5,8.64],[178.37,8.65],[178.37,8.76],[178.51,8.74],[178.49,8.83]]],[[[138.24,8.86],[138.05,8.81],[137.85,8.6],[137.81,8.33],[137.58,7.9],[137.15,7.51],[136.87,7.36],[136.46,7.29],[136.08,7.34],[136.38,7.23],[136.92,7.25],[137.59,7.63],[138.17,8.59],[138.24,8.86]]],[[[-173.61,8.73],[-173.95,8.93],[-174.03,8.88],[-173.68,8.71],[-173.61,8.73]]],[[[-175.71,8.95],[-175.78,8.95],[-175.61,8.71],[-175.63,8.9],[-175.56,8.95],[-175.71,8.95]]],[[[128.97,8.92],[128.93,9.0],[128.83,8.78],[129.07,8.87],[129.1,8.71],[129.15,8.73],[129.14,8.93],[128.97,8.92]]],[[[178.64,9.08],[178.56,9.06],[178.71,8.94],[178.78,8.95],[178.78,9.07],[178.64,9.08]]],[[[-176.4,9.0],[-176.24,9.07],[-176.24,9.14],[-176.44,9.11],[-176.47,9.03],[-176.4,9.0]]],[[[178.7,9.36],[178.61,9.47],[178.4,9.55],[178.34,9.51],[178.7,9.36]]],[[[-175.19,9.43],[-175.44,9.54],[-175.44,9.41],[-175.76,9.38],[-175.61,9.31],[-175.25,9.41],[-174.63,9.16],[-174.74,9.29],[-175.19,9.43]]],[[[-176.59,9.44],[-176.93,9.62],[-176.81,9.49],[-176.59,9.44]]],[[[131.5,9.86],[131.42,9.74],[131.77,9.7],[132.05,9.77],[131.5,9.86]]],[[[-177.41,9.9],[-177.65,9.86],[-177.62,9.77],[-177.39,9.71],[-177.41,9.9]]],[[[131.38,9.74],[131.25,9.81],[131.25,9.95],[131.13,10.04],[130.97,9.95],[131.26,9.62],[131.38,9.74]]],[[[-177.82,10.0],[-177.89,10.08],[-177.93,9.98],[-177.69,9.86],[-177.82,10.0]]],[[[177.65,10.05],[177.53,9.94],[177.07,9.93],[176.98,10.11],[176.94,10.07],[177.02,9.9],[177.83,9.93],[177.65,10.05]]],[[[136.08,10.26],[135.86,10.24],[136.15,10.15],[136.08,10.26]]],[[[178.97,10.18],[178.83,10.47],[178.75,10.47],[178.69,10.4],[178.79,10.38],[178.97,10.18]]],[[[178.2,10.51],[178.05,10.66],[177.74,10.62],[177.69,10.55],[177.77,10.45],[178.2,10.51]]],[[[-26.74,10.8],[-26.68,10.81],[-27.05,10.87],[-27.01,10.79],[-26.74,10.8]]],[[[157.13,11.81],[157.03,11.97],[156.86,11.95],[156.97,11.82],[157.13,11.81]]],[[[152.65,11.93],[152.71,11.97],[152.57,12.12],[152.5,11.95],[152.65,11.93]]],[[[151.23,11.87],[151.11,12.17],[151.06,12.17],[150.98,12.0],[151.23,11.87]]],[[[157.93,11.87],[157.98,12.05],[157.68,12.24],[157.84,11.93],[157.93,11.87]]],[[[155.71,12.17],[155.59,12.27],[155.53,12.22],[155.62,12.09],[155.66,11.81],[155.95,11.81],[156.17,11.66],[156.31,11.79],[156.12,12.23],[156.04,12.08],[155.86,12.19],[155.71,12.17]]],[[[131.89,12.3],[131.86,12.16],[132.12,12.08],[132.16,11.94],[132.33,11.98],[132.38,11.81],[132.45,11.84],[132.5,11.95],[132.43,12.0],[132.46,12.07],[132.34,12.07],[132.14,12.22],[131.89,12.3]]],[[[-33.36,12.41],[-33.46,12.41],[-32.81,12.29],[-32.69,12.22],[-32.54,12.27],[-32.65,12.35],[-33.36,12.41]]],[[[-34.16,12.59],[-34.26,12.66],[-34.56,12.7],[-34.48,12.63],[-34.16,12.59]]],[[[-34.82,12.72],[-35.42,12.82],[-35.76,12.96],[-35.72,12.85],[-35.38,12.65],[-34.75,12.67],[-34.82,12.72]]],[[[-32.67,13.08],[-32.71,13.04],[-32.28,12.96],[-32.18,13.0],[-32.67,13.08]]],[[[130.38,13.2],[130.15,13.24],[130.05,13.16],[130.13,13.08],[130.29,13.19],[130.38,13.09],[130.38,13.2]]],[[[131.35,13.22],[131.75,13.45],[131.46,13.43],[131.27,13.23],[131.24,13.12],[131.35,13.22]]],[[[151.94,13.49],[151.61,13.44],[151.58,13.22],[151.68,13.08],[151.9,13.08],[152.08,13.34],[151.94,13.49]]],[[[-34.25,13.39],[-34.34,13.51],[-34.44,13.34],[-34.55,13.32],[-34.63,13.4],[-34.75,13.32],[-34.6,13.17],[-34.49,13.25],[-34.37,13.21],[-34.25,13.39]]],[[[-35.74,13.42],[-35.77,13.52],[-35.81,13.36],[-36.01,13.28],[-35.71,13.21],[-35.74,13.42]]],[[[-34.4,13.73],[-34.45,13.78],[-34.66,13.78],[-34.88,13.67],[-34.56,13.73],[-34.45,13.65],[-34.4,13.73]]],[[[130.29,13.45],[130.75,13.61],[130.78,13.75],[130.91,13.83],[130.91,13.89],[130.78,13.88],[130.74,13.76],[130.44,13.61],[130.29,13.45]]],[[[-35.16,13.84],[-35.07,13.97],[-35.33,13.87],[-35.47,13.7],[-35.4,13.52],[-35.35,13.55],[-35.33,13.75],[-35.18,13.75],[-35.16,13.84]]],[[[158.06,14.02],[158.02,14.04],[158.06,13.72],[158.12,13.75],[158.18,14.02],[158.06,14.02]]],[[[-31.49,14.24],[-31.61,14.23],[-31.59,14.16],[-31.06,14.09],[-31.49,14.24]]],[[[150.47,14.27],[150.6,14.33],[150.64,14.48],[150.54,14.46],[150.47,14.27]]],[[[-34.85,14.66],[-35.5,14.6],[-35.42,14.52],[-34.99,14.57],[-34.9,14.47],[-34.93,14.28],[-34.85,14.25],[-34.75,14.47],[-34.55,14.53],[-34.34,14.42],[-34.2,14.52],[-34.01,14.38],[-33.74,14.47],[-33.53,14.38],[-32.5,14.27],[-32.74,14.42],[-33.96,14.56],[-34.08,14.67],[-34.26,14.56],[-34.85,14.66]]],[[[-141.69,15.4],[-141.94,15.41],[-142.62,15.23],[-142.37,15.22],[-141.69,15.4]]],[[[157.03,15.95],[156.99,16.07],[156.86,15.94],[156.97,15.89],[157.03,15.95]]],[[[132.69,16.61],[132.55,16.58],[132.62,16.51],[132.77,16.51],[132.79,16.43],[132.72,16.37],[132.89,16.1],[132.86,16.01],[132.91,16.01],[133.01,16.15],[132.87,16.33],[132.91,16.54],[132.69,16.61]]],[[[132.91,16.8],[132.87,16.97],[132.77,17.02],[132.77,16.88],[132.91,16.8]]],[[[129.92,16.74],[129.65,17.11],[129.7,16.93],[130.02,16.59],[129.92,16.74]]],[[[165.72,17.35],[165.79,17.64],[165.73,17.8],[165.74,17.59],[165.6,17.42],[165.72,17.35]]],[[[148.34,18.36],[148.26,18.39],[148.06,18.26],[147.74,18.36],[147.67,18.14],[147.72,17.95],[147.6,17.71],[147.72,17.57],[147.78,17.27],[147.67,17.09],[147.5,17.0],[147.78,16.43],[148.06,16.32],[148.22,16.39],[148.39,16.8],[148.54,17.4],[148.55,17.91],[148.34,18.36]],[[147.83,17.94],[147.8,18.05],[147.96,18.1],[147.97,17.99],[147.83,17.94]],[[148.15,17.33],[148.11,17.47],[148.27,17.55],[148.3,17.39],[148.15,17.33]]],[[[133.28,19.05],[133.14,19.13],[133.02,19.0],[133.22,18.98],[133.28,19.05]]],[[[-78.7,19.32],[-79.69,19.27],[-79.85,19.32],[-80.06,19.2],[-80.21,19.2],[-80.42,19.06],[-80.88,19.08],[-80.98,19.01],[-80.56,19.0],[-79.61,19.1],[-79.2,19.22],[-78.89,19.2],[-78.62,19.3],[-78.7,19.32]]],[[[147.79,19.03],[147.58,19.35],[147.7,18.71],[148.07,18.73],[148.24,18.85],[148.02,19.14],[147.79,19.03]]],[[[133.57,19.36],[133.49,19.44],[133.48,19.36],[133.37,19.37],[133.46,19.28],[133.57,19.36]]],[[[125.28,19.44],[125.23,19.46],[125.18,19.32],[125.3,19.18],[125.28,19.44]]],[[[-37.61,19.08],[-37.68,19.25],[-37.66,19.44],[-37.74,19.52],[-37.68,19.12],[-37.61,19.08]]],[[[132.1,19.56],[132.05,19.73],[131.95,19.7],[131.94,19.65],[132.03,19.6],[132.17,19.39],[132.12,19.32],[132.0,19.39],[131.96,19.32],[132.14,19.3],[132.29,19.2],[132.29,19.1],[132.44,18.96],[132.47,19.15],[132.34,19.17],[132.34,19.32],[132.19,19.56],[132.1,19.56]]],[[[-76.27,19.61],[-76.2,19.68],[-76.29,19.77],[-77.22,19.66],[-76.66,19.56],[-76.27,19.61]]],[[[132.62,19.82],[132.46,19.92],[132.6,19.8],[132.6,19.7],[132.97,19.66],[133.04,19.73],[132.98,19.86],[132.87,19.72],[132.74,19.82],[132.62,19.82]]],[[[147.53,19.61],[147.7,19.85],[147.5,19.91],[147.46,20.14],[147.4,20.16],[147.31,19.99],[147.53,19.61]]],[[[132.31,20.39],[132.27,20.52],[132.07,20.57],[132.14,20.42],[132.31,20.39]]],[[[-37.03,20.57],[-37.32,20.45],[-36.96,20.47],[-36.85,20.34],[-36.78,20.36],[-36.78,20.53],[-37.03,20.57]]],[[[145.89,21.53],[145.99,21.61],[145.79,21.78],[145.79,21.59],[145.89,21.53]]],[[[-36.11,21.74],[-36.66,21.73],[-36.49,21.66],[-36.11,21.74]]],[[[-36.96,21.7],[-37.03,21.84],[-37.1,21.82],[-37.07,21.58],[-36.96,21.7]]],[[[-55.54,22.83],[-55.57,22.75],[-55.51,22.69],[-55.33,22.83],[-55.54,22.83]]],[[[-53.81,22.87],[-53.9,22.85],[-53.63,22.8],[-53.54,22.87],[-53.81,22.87]]],[[[-34.38,22.98],[-34.92,22.98],[-34.9,22.92],[-34.58,22.9],[-34.37,22.94],[-34.38,22.98]]],[[[-56.74,22.51],[-56.68,22.61],[-56.74,22.82],[-56.71,23.1],[-56.83,22.8],[-56.74,22.51]]],[[[169.79,23.03],[169.75,23.23],[169.66,23.21],[169.67,23.11],[169.79,23.03]]],[[[170.42,23.07],[170.56,23.18],[170.59,23.28],[170.42,23.18],[170.37,23.08],[170.42,23.07]]],[[[-56.22,23.29],[-56.31,23.33],[-56.39,23.5],[-56.48,23.46],[-56.48,23.4],[-56.23,23.11],[-56.19,23.2],[-56.04,23.28],[-56.22,23.29]]],[[[-56.9,23.54],[-57.18,23.49],[-56.67,23.42],[-56.9,23.54]]],[[[-33.18,23.41],[-33.13,23.51],[-33.35,23.56],[-33.34,23.5],[-33.18,23.41]]],[[[145.32,23.55],[145.13,23.79],[145.16,23.63],[145.32,23.55]]],[[[-58.03,23.81],[-58.32,23.81],[-58.36,23.68],[-58.1,23.69],[-57.93,23.55],[-57.8,23.58],[-57.99,23.64],[-58.03,23.81]]],[[[-58.92,23.54],[-58.66,23.84],[-58.91,23.7],[-58.96,23.58],[-58.92,23.54]]],[[[-36.92,23.92],[-36.93,24.01],[-37.1,23.88],[-37.3,23.9],[-37.46,23.76],[-37.1,23.78],[-36.92,23.92]]],[[[-33.24,23.98],[-33.33,24.05],[-33.59,23.97],[-32.9,23.78],[-32.28,23.78],[-32.4,23.95],[-32.58,23.88],[-32.86,23.98],[-32.99,23.92],[-33.12,24.02],[-33.24,23.98]]],[[[-55.75,24.03],[-55.66,24.2],[-55.69,24.24],[-55.81,24.14],[-55.75,24.03]]],[[[164.83,24.26],[164.74,24.35],[164.42,24.36],[164.5,24.26],[164.83,24.26]]],[[[-33.59,24.36],[-33.65,24.41],[-33.74,24.34],[-33.99,24.37],[-33.99,24.13],[-34.17,24.07],[-34.56,24.1],[-34.63,24.22],[-34.75,24.14],[-35.28,24.19],[-35.88,24.13],[-35.74,24.05],[-35.09,24.1],[-34.56,24.0],[-33.91,24.01],[-33.89,24.24],[-33.6,24.27],[-33.59,24.36]]],[[[-55.42,24.48],[-55.51,24.48],[-55.58,24.26],[-55.44,24.37],[-55.42,24.48]]],[[[-57.54,24.53],[-57.62,24.58],[-57.84,24.44],[-57.84,24.38],[-57.76,24.36],[-57.42,24.49],[-57.43,24.55],[-57.54,24.53]]],[[[164.41,24.55],[164.7,24.63],[164.51,24.67],[164.34,24.55],[164.41,24.55]]],[[[166.47,24.44],[166.49,24.64],[166.41,24.79],[166.34,24.6],[166.47,24.44]]],[[[-56.06,24.74],[-56.21,24.79],[-56.32,24.61],[-56.48,24.54],[-56.71,24.74],[-56.78,24.53],[-56.88,24.48],[-57.12,24.62],[-57.25,24.55],[-57.35,24.19],[-57.29,24.12],[-57.21,24.17],[-57.16,24.28],[-57.21,24.39],[-57.09,24.48],[-57.01,24.46],[-56.87,24.24],[-56.84,24.05],[-56.83,24.25],[-56.67,24.44],[-56.58,24.43],[-56.47,24.2],[-56.38,24.4],[-56.1,24.49],[-55.97,24.43],[-55.94,24.67],[-55.8,24.71],[-56.06,24.74]]],[[[175.58,24.89],[175.37,24.84],[175.34,24.58],[175.49,24.62],[175.39,24.78],[175.58,24.89]]],[[[-32.33,24.77],[-32.34,24.93],[-32.48,24.94],[-32.47,24.58],[-32.33,24.77]]],[[[-30.72,24.99],[-31.06,24.89],[-30.61,24.91],[-30.72,24.99]]],[[[-29.58,24.67],[-29.58,24.79],[-29.41,24.92],[-29.58,25.03],[-29.63,24.98],[-29.6,24.81],[-29.71,24.74],[-29.58,24.67]]],[[[-57.1,25.01],[-57.43,24.97],[-57.38,24.64],[-57.25,24.83],[-57.14,24.86],[-57.1,25.01]]],[[[170.48,24.99],[170.54,25.04],[170.41,25.3],[170.42,25.0],[170.48,24.99]]],[[[-32.85,25.31],[-32.75,25.4],[-32.98,25.42],[-32.96,25.33],[-32.85,25.31]]],[[[175.92,25.54],[175.8,25.57],[175.75,25.5],[175.83,25.42],[175.87,25.25],[175.96,25.2],[175.92,25.39],[175.99,25.46],[175.92,25.54]]],[[[-55.4,25.64],[-55.51,25.56],[-55.66,25.58],[-55.62,25.35],[-55.46,25.49],[-55.36,25.5],[-55.4,25.64]]],[[[166.99,25.72],[166.8,25.66],[166.93,25.5],[166.91,25.25],[167.09,25.51],[166.97,25.61],[166.99,25.72]]],[[[-62.68,25.58],[-62.67,25.7],[-62.79,25.7],[-62.79,25.59],[-62.68,25.58]]],[[[-56.77,25.62],[-56.91,25.85],[-56.97,25.82],[-56.92,25.7],[-56.77,25.62]]],[[[173.8,25.7],[173.78,25.78],[173.9,25.82],[173.8,25.95],[173.66,25.84],[173.76,25.68],[173.56,25.7],[173.49,25.62],[173.62,25.51],[173.86,25.61],[173.8,25.7]]],[[[-57.62,25.69],[-57.51,25.95],[-57.65,25.85],[-57.62,25.69]]],[[[-60.15,25.94],[-60.37,25.95],[-60.43,25.82],[-60.38,25.78],[-60.26,25.85],[-60.11,25.84],[-60.15,25.94]]],[[[156.51,25.78],[156.67,25.88],[156.58,25.99],[156.4,25.83],[156.41,25.78],[156.51,25.78]]],[[[-60.9,25.69],[-61.22,25.97],[-61.39,26.03],[-61.44,25.98],[-61.28,25.91],[-61.18,25.66],[-60.91,25.63],[-60.9,25.69]]],[[[-58.64,25.99],[-58.61,26.11],[-58.68,26.11],[-58.7,26.18],[-58.89,26.12],[-58.64,25.99]]],[[[154.2,26.04],[153.71,26.22],[153.58,26.21],[153.77,26.04],[154.01,26.04],[154.1,25.97],[154.2,26.04]]],[[[173.09,26.38],[173.02,26.42],[172.97,26.35],[173.11,26.3],[173.23,26.35],[173.09,26.38]]],[[[-61.25,26.33],[-61.18,26.41],[-61.19,26.5],[-61.33,26.4],[-61.25,26.33]]],[[[164.07,26.55],[163.92,26.54],[163.8,26.33],[164.06,26.47],[164.07,26.55]]],[[[154.44,26.33],[154.42,26.52],[154.31,26.58],[154.31,26.36],[154.38,26.3],[154.44,26.33]]],[[[167.84,26.48],[167.93,26.59],[167.89,26.62],[167.64,26.53],[167.67,26.39],[167.84,26.48]]],[[[-61.67,26.23],[-61.73,26.4],[-61.68,26.62],[-61.8,26.45],[-61.67,26.23]]],[[[-62.09,26.53],[-62.12,26.6],[-62.21,26.62],[-62.22,26.47],[-62.4,26.45],[-62.4,26.16],[-62.11,26.23],[-62.09,26.53]]],[[[161.56,26.45],[161.47,26.65],[161.14,26.71],[160.97,26.59],[161.09,26.47],[161.21,26.45],[161.18,26.36],[161.02,26.32],[161.16,26.26],[161.56,26.45]]],[[[155.47,26.59],[155.5,26.71],[155.4,26.76],[155.33,26.64],[155.47,26.59]]],[[[-55.13,26.5],[-55.18,26.81],[-55.25,26.55],[-55.13,26.5]]],[[[156.13,26.65],[156.2,26.75],[156.17,26.83],[156.07,26.64],[155.9,26.54],[155.9,26.42],[155.69,26.33],[155.55,26.17],[155.48,26.21],[155.47,26.4],[155.26,26.46],[155.49,26.15],[155.76,26.18],[155.91,26.09],[155.99,26.42],[156.13,26.65]]],[[[148.73,26.65],[148.46,26.74],[148.31,26.86],[148.12,26.76],[148.2,26.35],[148.37,26.33],[148.41,26.24],[148.34,26.11],[148.44,26.04],[148.78,25.95],[149.2,25.93],[149.5,26.11],[149.61,26.3],[149.54,26.43],[149.62,26.66],[149.48,26.6],[149.49,26.5],[149.4,26.45],[149.35,26.57],[149.4,26.66],[149.26,26.66],[149.21,26.81],[149.04,26.69],[148.73,26.65]],[[148.69,26.38],[148.75,26.48],[148.9,26.52],[148.93,26.28],[148.72,26.24],[148.69,26.38]]],[[[163.9,26.86],[164.11,27.08],[163.7,26.86],[163.58,26.62],[163.9,26.86]]],[[[166.28,27.23],[166.21,27.18],[166.42,27.15],[166.54,27.22],[166.28,27.23]]],[[[159.86,26.91],[160.01,27.05],[159.74,27.24],[159.7,27.14],[159.77,26.94],[159.86,26.91]]],[[[-54.86,27.05],[-54.98,27.25],[-55.07,27.21],[-55.08,27.02],[-54.86,27.05]]],[[[159.8,27.41],[159.79,27.53],[159.65,27.54],[159.68,27.43],[159.8,27.41]]],[[[-61.97,27.5],[-62.1,27.58],[-62.17,27.51],[-62.12,27.45],[-61.97,27.5]]],[[[158.06,27.58],[157.94,27.58],[158.04,27.56],[158.04,27.31],[158.09,27.29],[158.2,27.42],[158.06,27.58]]],[[[-55.87,27.61],[-56.04,27.79],[-56.02,27.64],[-55.87,27.61]]],[[[159.98,27.89],[159.79,28.01],[159.62,27.89],[159.74,27.86],[159.89,27.7],[159.89,27.8],[159.97,27.86],[160.32,27.8],[160.39,27.54],[160.47,27.47],[160.45,27.39],[160.36,27.49],[160.23,27.5],[160.15,27.68],[160.1,27.66],[160.27,27.31],[160.37,27.32],[160.39,27.28],[160.3,27.24],[160.37,27.17],[160.49,27.29],[160.49,27.38],[160.7,27.43],[160.75,27.55],[160.84,27.54],[160.86,27.44],[160.54,27.24],[160.61,27.1],[160.78,27.26],[160.92,27.14],[160.85,27.32],[160.96,27.56],[161.16,27.41],[161.39,27.47],[161.38,27.68],[161.33,27.73],[161.09,27.66],[161.02,27.82],[160.92,27.75],[160.61,27.77],[160.48,27.67],[160.4,27.74],[160.44,27.93],[160.27,27.87],[159.98,27.89]]],[[[-56.12,27.99],[-56.16,28.03],[-56.18,27.98],[-56.44,28.02],[-56.52,27.91],[-56.2,27.91],[-56.12,27.99]]],[[[158.32,28.15],[158.28,28.13],[158.39,28.07],[158.66,28.13],[158.32,28.15]]],[[[-56.86,28.1],[-56.85,28.17],[-57.07,28.27],[-57.06,28.14],[-56.86,28.1]]],[[[-58.1,28.15],[-58.14,28.31],[-58.28,28.1],[-58.14,28.07],[-58.17,27.89],[-58.1,27.87],[-57.98,28.13],[-57.99,28.18],[-58.1,28.15]]],[[[168.24,28.32],[168.24,28.37],[167.86,28.32],[168.07,28.18],[168.24,28.32]]],[[[159.56,28.46],[159.36,28.52],[159.22,28.41],[159.2,28.3],[159.41,28.27],[159.4,28.42],[159.48,28.44],[159.58,28.37],[159.56,28.46]]],[[[170.01,28.02],[170.56,28.58],[170.28,28.42],[169.87,27.94],[169.99,27.89],[170.01,28.02]]],[[[159.12,28.5],[159.1,28.78],[159.05,28.8],[158.83,28.54],[158.99,28.41],[158.99,28.31],[158.71,28.05],[158.66,27.89],[159.03,28.13],[159.1,28.24],[159.05,28.39],[159.12,28.5]]],[[[164.76,28.59],[164.78,28.85],[164.69,28.76],[164.76,28.59]]],[[[-155.76,29.0],[-156.05,29.04],[-156.15,28.98],[-156.07,28.94],[-155.76,29.0]]],[[[167.8,28.89],[167.82,29.05],[167.66,28.94],[167.72,28.76],[167.57,28.67],[167.6,28.6],[168.19,28.63],[168.38,28.72],[168.31,28.8],[168.17,28.8],[168.08,28.93],[167.8,28.89]]],[[[163.39,28.84],[163.28,29.04],[163.32,29.23],[163.16,29.29],[163.22,29.09],[163.18,28.85],[163.5,28.75],[163.39,28.84]]],[[[158.85,28.98],[158.91,29.34],[158.8,29.39],[158.75,29.25],[158.78,28.99],[158.85,28.98]]],[[[-153.29,29.4],[-153.36,29.45],[-153.48,29.38],[-154.66,29.21],[-154.94,29.11],[-154.25,29.18],[-153.72,29.33],[-153.46,29.3],[-153.29,29.4]]],[[[156.34,29.38],[156.38,29.5],[156.29,29.57],[156.24,29.35],[155.97,29.32],[155.95,29.23],[156.17,29.22],[156.26,29.09],[156.07,29.02],[155.9,28.82],[156.02,28.73],[156.1,28.9],[156.43,28.87],[156.62,28.68],[156.8,28.72],[156.65,28.94],[156.67,29.09],[156.34,29.17],[156.34,29.38]]],[[[-155.57,29.65],[-156.18,29.63],[-156.05,29.57],[-155.9,29.64],[-155.62,29.59],[-155.57,29.65]]],[[[165.98,30.22],[165.89,30.19],[165.94,30.1],[166.18,30.14],[165.98,30.22]]],[[[162.12,30.19],[162.01,30.27],[161.88,30.12],[161.38,30.12],[161.33,30.07],[161.81,30.05],[161.76,29.81],[161.63,29.72],[161.66,29.58],[161.76,29.52],[161.82,29.54],[161.83,29.69],[162.02,29.83],[162.31,29.82],[162.55,29.74],[162.78,29.87],[162.94,29.81],[163.0,29.86],[162.94,30.09],[162.67,30.12],[162.53,30.22],[162.12,30.19]]],[[[-54.35,30.01],[-54.33,30.08],[-54.6,30.1],[-54.84,30.26],[-54.67,30.07],[-54.35,30.01]]],[[[151.49,30.42],[151.5,30.53],[151.32,30.46],[151.35,30.4],[151.45,30.39],[151.49,30.26],[151.6,30.25],[151.49,30.42]]],[[[145.29,31.36],[145.22,31.58],[145.36,31.64],[145.2,31.69],[145.13,31.59],[145.29,31.36]]],[[[150.8,32.19],[150.72,32.26],[150.48,32.26],[150.74,32.11],[150.91,32.14],[150.8,32.19]]],[[[-166.19,32.77],[-166.25,32.9],[-166.45,32.99],[-166.37,32.84],[-166.39,32.74],[-166.56,32.74],[-166.74,32.62],[-166.81,32.71],[-166.73,32.9],[-166.89,32.84],[-166.94,32.42],[-166.91,32.22],[-166.87,32.18],[-166.85,32.28],[-166.77,32.3],[-166.73,32.11],[-166.63,32.02],[-166.56,32.17],[-166.46,32.18],[-166.44,32.04],[-166.22,31.88],[-166.01,32.02],[-165.72,31.99],[-165.74,32.26],[-165.98,32.47],[-165.98,32.54],[-166.19,32.77]],[[-166.61,32.31],[-166.6,32.41],[-166.48,32.47],[-166.48,32.29],[-166.61,32.31]]],[[[-158.68,33.49],[-158.95,33.47],[-158.9,33.36],[-158.74,33.41],[-158.63,33.35],[-158.68,33.49]]],[[[153.34,33.54],[153.33,33.7],[153.0,33.48],[153.34,33.54]]],[[[-173.57,34.04],[-173.52,34.13],[-173.65,34.14],[-174.5,33.89],[-173.57,34.04]]],[[[146.98,34.23],[146.87,34.46],[146.87,34.28],[146.98,34.23]]],[[[-167.84,34.41],[-167.8,34.57],[-168.06,34.5],[-168.19,34.39],[-168.07,34.32],[-167.84,34.41]]],[[[150.17,34.61],[149.89,34.53],[150.12,34.42],[150.17,34.61]]],[[[-169.85,34.68],[-169.85,34.8],[-169.67,34.89],[-169.9,34.9],[-169.85,34.68]]],[[[-168.91,35.0],[-169.02,35.05],[-169.18,34.97],[-169.06,34.87],[-168.91,34.92],[-168.79,34.87],[-168.91,35.0]]],[[[-168.3,35.17],[-168.24,35.27],[-168.37,35.37],[-168.36,35.18],[-168.3,35.17]]],[[[-163.85,35.21],[-163.46,35.38],[-164.21,35.26],[-163.85,35.21]]],[[[164.78,35.33],[164.81,35.41],[164.72,35.42],[164.61,35.31],[164.45,35.35],[164.33,35.26],[164.4,35.09],[164.7,35.03],[164.77,35.08],[164.73,35.24],[164.78,35.33]]],[[[-170.19,35.31],[-170.28,35.35],[-170.31,35.48],[-170.43,35.34],[-170.19,35.31]]],[[[-168.12,35.48],[-168.08,35.53],[-168.12,35.59],[-168.36,35.61],[-168.12,35.48]]],[[[-167.48,35.55],[-167.57,35.71],[-167.66,35.54],[-167.76,35.54],[-167.88,35.4],[-167.98,35.42],[-168.06,35.14],[-168.24,35.06],[-168.29,34.98],[-168.6,34.94],[-168.58,34.85],[-168.4,34.92],[-168.21,34.91],[-168.08,34.65],[-168.03,34.75],[-167.92,34.78],[-167.66,34.74],[-167.85,35.06],[-167.9,34.99],[-168.02,34.99],[-168.03,35.11],[-167.93,35.18],[-167.71,35.18],[-167.69,35.35],[-167.47,35.45],[-167.21,35.4],[-167.15,35.47],[-166.93,35.44],[-166.91,35.49],[-167.34,35.64],[-167.38,35.54],[-167.48,35.55]]],[[[-161.75,36.28],[-161.73,36.52],[-161.9,36.34],[-162.22,36.23],[-162.05,36.22],[-161.95,36.27],[-161.77,36.18],[-161.61,36.19],[-161.6,36.25],[-161.75,36.28]]],[[[-163.94,36.65],[-163.96,36.7],[-164.28,36.67],[-164.4,36.6],[-163.94,36.65]]],[[[-164.55,36.97],[-164.64,37.01],[-167.62,36.76],[-167.86,36.67],[-168.02,36.7],[-168.22,36.55],[-168.44,36.68],[-168.71,36.68],[-168.89,36.6],[-169.03,36.65],[-169.51,36.55],[-169.82,36.37],[-169.63,36.41],[-169.51,36.29],[-169.45,36.49],[-169.37,36.5],[-169.3,36.47],[-169.3,36.31],[-169.21,36.3],[-168.62,36.43],[-168.43,36.41],[-168.35,36.55],[-168.12,36.46],[-167.54,36.6],[-166.82,36.67],[-166.8,36.53],[-166.63,36.7],[-166.41,36.74],[-166.22,36.65],[-166.1,36.74],[-165.91,36.65],[-165.46,36.7],[-165.07,36.74],[-164.9,36.94],[-164.65,36.89],[-164.55,36.97]]],[[[-161.36,37.05],[-161.86,37.02],[-161.91,36.95],[-161.36,37.05]]],[[[-174.61,37.05],[-174.18,37.45],[-174.47,37.31],[-174.58,37.2],[-174.61,37.05]]],[[[149.57,36.91],[149.75,36.99],[149.6,37.18],[149.98,37.37],[149.96,37.46],[149.83,37.51],[149.7,37.32],[149.57,37.27],[149.43,36.95],[149.47,36.77],[149.57,36.91]]],[[[-159.31,37.55],[-159.49,37.61],[-159.72,37.56],[-159.31,37.55]]],[[[-162.38,37.49],[-162.67,37.61],[-162.91,37.39],[-163.58,37.34],[-163.85,37.27],[-164.02,37.15],[-163.06,37.3],[-162.15,37.34],[-161.73,37.51],[-162.38,37.49]]],[[[-168.94,37.41],[-168.7,37.62],[-168.82,37.62],[-168.94,37.41]]],[[[-168.31,37.9],[-168.52,37.88],[-168.46,37.73],[-168.28,37.72],[-168.31,37.9]]],[[[-176.26,37.3],[-176.47,37.85],[-176.76,38.06],[-176.4,37.54],[-176.38,37.37],[-176.26,37.3]]],[[[171.86,38.39],[171.75,38.42],[171.47,38.24],[171.48,37.99],[171.72,37.8],[171.99,37.89],[172.05,38.33],[172.02,38.39],[171.86,38.39]]],[[[-151.09,38.64],[-151.29,38.63],[-151.59,38.51],[-151.22,38.55],[-151.09,38.64]]],[[[-169.15,38.9],[-169.3,38.88],[-169.27,38.71],[-169.15,38.9]]],[[[-151.86,38.9],[-151.77,39.08],[-152.33,38.98],[-152.4,38.91],[-151.86,38.9]]],[[[-168.58,38.93],[-168.72,39.07],[-168.93,39.05],[-168.74,39.02],[-168.62,38.88],[-168.47,38.87],[-168.35,38.77],[-168.05,38.8],[-168.08,38.85],[-168.26,38.83],[-168.31,38.98],[-168.58,38.93]]],[[[-177.94,39.22],[-178.22,39.41],[-177.96,39.1],[-177.49,38.88],[-177.23,38.57],[-177.02,38.5],[-176.84,38.28],[-176.66,38.23],[-176.68,38.31],[-177.32,38.87],[-177.38,39.0],[-177.74,39.24],[-177.94,39.22]]],[[[-169.49,39.38],[-169.81,39.47],[-169.86,39.43],[-169.76,39.3],[-169.56,39.31],[-169.4,39.21],[-169.49,39.38]]],[[[-141.1,39.42],[-141.08,39.46],[-141.27,39.5],[-141.74,39.48],[-141.1,39.42]]],[[[-166.61,39.48],[-166.63,39.54],[-166.87,39.48],[-166.96,39.39],[-167.18,39.43],[-167.49,39.26],[-167.23,39.1],[-167.15,39.29],[-166.78,39.31],[-166.61,39.48]]],[[[172.37,39.6],[171.84,39.55],[171.56,39.15],[171.57,38.97],[171.86,38.66],[171.89,38.55],[172.3,38.71],[172.26,38.78],[172.1,38.81],[172.05,38.7],[171.96,38.68],[171.88,38.78],[172.11,39.02],[172.31,38.96],[172.39,39.26],[172.49,39.4],[172.49,39.5],[172.37,39.6]],[[172.15,39.27],[172.11,39.39],[172.39,39.48],[172.37,39.35],[172.15,39.27]]],[[[-177.84,39.6],[-177.96,39.64],[-177.87,39.55],[-177.62,39.53],[-177.57,39.59],[-177.84,39.6]]],[[[-175.86,39.47],[-175.79,39.44],[-175.77,39.33],[-175.88,39.24],[-175.85,39.21],[-175.68,39.34],[-175.73,39.55],[-175.68,39.69],[-175.86,39.47]]],[[[-167.82,39.78],[-167.88,39.64],[-168.02,39.55],[-168.46,39.55],[-168.57,39.44],[-168.74,39.46],[-168.82,39.38],[-168.46,39.29],[-168.14,39.46],[-167.56,39.57],[-167.33,39.69],[-167.01,39.67],[-167.28,39.75],[-167.64,39.67],[-167.82,39.78]]],[[[-174.6,39.56],[-174.55,39.72],[-174.39,39.84],[-174.41,39.91],[-174.61,39.71],[-174.66,39.57],[-174.6,39.56]]],[[[178.67,40.69],[178.43,40.97],[178.45,40.81],[178.67,40.69]]],[[[171.46,40.8],[171.42,40.92],[171.6,40.97],[171.57,41.0],[171.24,40.85],[171.19,40.66],[170.98,40.54],[170.9,40.37],[170.36,39.93],[170.2,39.6],[170.27,39.25],[170.14,39.02],[169.92,38.86],[169.99,38.73],[170.27,38.54],[170.52,38.45],[170.75,38.56],[170.78,38.9],[170.86,39.03],[171.0,39.12],[171.17,39.11],[171.32,39.26],[171.41,39.72],[171.85,39.92],[171.79,40.41],[171.91,40.66],[171.73,40.67],[171.6,40.85],[171.46,40.8]]],[[[177.26,41.14],[177.21,41.23],[176.98,41.06],[177.26,41.14]]],[[[178.72,41.3],[178.56,41.42],[178.61,41.67],[178.44,41.59],[178.33,41.46],[178.47,41.37],[178.51,41.23],[178.75,41.16],[178.92,41.22],[178.99,41.33],[178.9,41.47],[178.81,41.32],[178.72,41.3]]],[[[-168.26,41.73],[-168.62,41.66],[-168.88,41.54],[-168.43,41.64],[-168.24,41.62],[-168.07,41.74],[-168.26,41.73]]],[[[-170.45,41.78],[-170.16,41.98],[-170.57,41.91],[-170.56,41.85],[-170.45,41.78]]],[[[-173.77,41.69],[-173.46,41.91],[-173.46,42.16],[-173.23,42.35],[-173.55,42.16],[-173.88,41.8],[-173.89,41.73],[-173.77,41.69]]],[[[178.97,42.36],[178.61,42.58],[178.52,42.57],[178.29,42.23],[178.14,42.14],[178.25,42.02],[178.3,41.76],[178.41,41.78],[178.32,42.05],[178.44,42.28],[178.9,42.29],[178.97,42.36]]],[[[-174.09,42.41],[-173.98,42.43],[-173.86,42.57],[-174.03,42.5],[-174.09,42.41]]],[[[171.33,42.56],[171.37,42.71],[171.32,42.75],[171.17,42.68],[171.12,42.55],[171.24,42.41],[171.33,42.56]]],[[[-173.38,42.7],[-173.49,42.93],[-173.63,42.94],[-173.38,42.7]]],[[[-177.4,42.92],[-177.17,43.08],[-177.19,43.15],[-177.44,42.97],[-177.4,42.92]]],[[[-176.42,43.16],[-176.47,43.37],[-176.78,43.22],[-176.67,43.11],[-176.38,43.13],[-176.15,43.03],[-176.15,42.92],[-176.3,42.77],[-176.37,42.59],[-176.78,42.63],[-176.81,42.7],[-176.75,42.85],[-176.8,42.87],[-177.51,42.42],[-177.74,42.47],[-177.95,42.25],[-177.96,42.17],[-177.65,42.12],[-177.41,42.45],[-177.33,42.37],[-177.38,42.19],[-177.33,42.19],[-177.2,42.34],[-177.27,42.39],[-177.2,42.47],[-177.17,42.36],[-177.0,42.38],[-176.87,42.27],[-176.81,42.48],[-176.68,42.55],[-176.54,42.52],[-176.54,42.34],[-176.34,42.27],[-176.11,42.48],[-176.29,42.47],[-176.33,42.58],[-176.14,42.74],[-175.92,43.08],[-176.02,43.16],[-176.42,43.16]]],[[[-178.78,43.61],[-179.07,43.53],[-178.75,43.5],[-178.78,43.61]]],[[[-174.56,43.51],[-174.6,43.68],[-174.65,43.68],[-174.72,43.66],[-174.72,43.56],[-175.14,43.44],[-175.53,43.23],[-175.22,43.25],[-174.96,43.42],[-174.7,43.41],[-174.54,43.3],[-174.55,43.2],[-175.15,42.87],[-175.42,42.97],[-175.82,42.62],[-175.65,42.44],[-175.83,42.0],[-175.78,41.92],[-175.68,41.93],[-175.74,42.13],[-175.63,42.29],[-175.27,42.37],[-175.26,42.6],[-174.82,42.82],[-174.58,42.84],[-174.67,42.99],[-174.65,43.09],[-174.28,43.33],[-174.56,43.51]],[[-175.6,42.63],[-175.61,42.74],[-175.5,42.74],[-175.51,42.6],[-175.6,42.63]]],[[[-172.91,43.41],[-172.9,43.54],[-172.72,43.7],[-172.9,43.66],[-173.23,43.32],[-172.91,43.41]]],[[[-176.66,44.14],[-176.78,44.21],[-176.81,44.06],[-176.66,43.91],[-176.66,44.14]]],[[[-174.79,43.92],[-174.71,44.12],[-174.92,44.17],[-174.93,44.39],[-175.02,44.29],[-175.03,44.14],[-174.86,44.06],[-174.79,43.92]]],[[[-175.49,43.95],[-175.4,44.07],[-175.53,44.18],[-175.56,44.33],[-175.8,44.4],[-175.63,44.28],[-175.63,44.16],[-175.49,43.95]]],[[[161.41,44.51],[161.47,44.57],[161.42,44.61],[161.21,44.54],[161.41,44.51]]],[[[-171.92,44.53],[-172.25,44.62],[-172.48,44.53],[-172.06,44.52],[-171.94,44.47],[-171.92,44.53]]],[[[-171.58,44.64],[-171.73,44.59],[-171.53,44.54],[-171.33,44.6],[-171.58,44.64]]],[[[-168.98,45.08],[-169.1,45.05],[-168.98,45.05],[-168.83,44.95],[-168.64,44.96],[-168.98,45.08]]],[[[164.09,45.14],[163.94,45.14],[163.78,44.98],[163.96,45.01],[164.09,45.14]]],[[[-170.42,45.18],[-170.54,45.22],[-170.62,45.15],[-169.73,45.03],[-169.36,45.09],[-170.42,45.18]]],[[[171.43,45.12],[171.27,45.24],[170.81,44.95],[170.88,44.59],[170.76,44.38],[170.88,44.35],[171.07,44.09],[171.35,44.09],[171.35,44.22],[171.48,44.36],[171.55,44.35],[171.58,44.21],[171.72,44.52],[171.86,44.57],[171.82,44.65],[171.62,44.68],[171.51,44.92],[171.58,45.12],[171.43,45.12]]],[[[-173.23,44.48],[-173.11,44.71],[-173.33,44.98],[-173.23,45.22],[-173.3,45.35],[-173.46,45.29],[-173.26,44.65],[-173.3,44.5],[-173.23,44.48]]],[[[-170.99,45.38],[-171.03,45.63],[-171.1,45.49],[-170.99,45.38]]],[[[167.13,45.65],[166.73,45.67],[166.61,45.62],[166.92,45.58],[167.13,45.65]]],[[[171.15,45.31],[171.17,45.62],[171.12,45.67],[170.76,45.63],[170.58,45.51],[170.81,45.34],[171.15,45.31]]],[[[165.91,45.75],[165.66,45.79],[165.13,45.71],[165.7,45.72],[165.89,45.65],[166.12,45.66],[165.91,45.75]]],[[[164.75,45.66],[164.71,45.82],[164.46,45.83],[164.44,45.67],[164.6,45.55],[164.47,45.24],[164.83,45.31],[164.9,45.48],[165.07,45.54],[164.94,45.58],[164.88,45.67],[164.75,45.66]]],[[[164.93,46.82],[164.78,47.04],[164.5,47.18],[164.64,46.97],[164.93,46.82]]],[[[177.7,47.32],[177.65,47.3],[177.76,47.2],[178.13,47.25],[177.7,47.32]]],[[[172.22,46.83],[172.29,47.0],[172.0,47.17],[171.86,47.35],[171.7,47.38],[171.72,47.3],[172.03,47.06],[172.15,46.85],[172.22,46.83]]],[[[163.83,47.73],[163.76,47.78],[163.6,47.67],[163.7,47.66],[163.82,47.46],[163.89,47.54],[163.83,47.73]]],[[[166.97,47.62],[166.97,47.7],[166.72,47.92],[166.87,47.64],[166.97,47.62]]],[[[171.39,47.98],[171.46,48.17],[171.37,48.33],[171.34,48.19],[171.25,48.16],[171.39,47.98]]],[[[162.38,52.73],[162.7,52.9],[162.86,52.91],[162.98,53.14],[163.13,53.24],[163.07,53.84],[162.53,53.54],[162.12,53.06],[162.12,52.92],[161.91,52.66],[161.7,52.64],[161.66,52.46],[161.53,52.31],[161.06,52.03],[160.92,51.86],[160.52,51.6],[160.13,51.26],[160.03,51.07],[159.27,50.53],[158.81,50.04],[158.06,49.61],[157.87,49.43],[157.15,49.09],[156.96,49.08],[156.86,48.86],[156.58,48.58],[156.34,48.55],[156.31,48.36],[156.12,48.26],[156.08,48.11],[154.99,47.28],[154.73,46.99],[154.22,46.75],[154.06,46.55],[153.84,46.52],[153.82,46.31],[153.38,46.2],[152.87,45.93],[152.87,45.7],[152.59,45.69],[152.4,45.48],[152.19,45.36],[151.43,45.08],[151.19,44.88],[150.84,44.71],[150.46,44.62],[149.3,43.9],[149.04,43.82],[148.64,43.47],[148.38,43.41],[148.01,43.18],[147.91,43.0],[147.7,42.98],[147.53,42.84],[147.49,42.77],[147.58,42.64],[147.55,42.52],[147.34,42.55],[147.12,42.48],[147.02,42.31],[146.76,42.31],[146.78,42.17],[146.71,42.11],[146.3,42.02],[145.92,41.76],[145.78,41.76],[145.61,41.62],[145.31,41.53],[145.25,41.4],[144.8,41.27],[144.72,41.01],[144.5,40.97],[144.36,40.82],[144.1,38.97],[143.95,38.83],[143.93,38.26],[143.78,37.77],[143.04,36.89],[142.98,36.71],[142.78,36.67],[142.85,36.48],[142.58,36.13],[142.6,35.99],[142.87,35.95],[142.9,35.76],[142.78,35.65],[142.58,35.64],[142.44,35.71],[142.25,35.59],[142.03,35.28],[142.0,34.93],[141.89,34.75],[141.72,34.63],[141.69,34.47],[141.57,34.45],[141.48,34.58],[141.24,34.56],[141.17,34.49],[141.31,34.1],[141.51,33.85],[141.53,33.62],[141.7,33.41],[141.62,33.05],[141.7,32.78],[141.85,32.63],[141.67,32.42],[141.77,31.53],[141.96,31.28],[142.03,30.98],[141.95,30.8],[141.98,30.7],[142.31,30.39],[142.35,30.29],[142.39,29.79],[142.2,29.86],[142.19,29.78],[142.37,29.62],[142.39,29.42],[142.63,29.14],[142.99,28.32],[142.99,28.18],[143.15,28.1],[143.11,27.79],[143.04,27.67],[143.06,27.17],[143.14,26.95],[143.26,26.88],[143.33,26.64],[143.66,26.88],[143.9,27.21],[143.64,27.16],[143.56,27.24],[143.78,27.4],[144.07,27.48],[144.26,27.7],[144.3,28.12],[144.1,28.37],[143.98,28.7],[143.81,28.8],[143.66,28.99],[143.5,29.04],[143.57,29.17],[143.18,29.98],[143.18,30.22],[143.1,30.32],[143.09,30.46],[142.87,30.71],[143.04,30.84],[142.94,31.06],[142.99,31.21],[142.88,31.65],[142.8,32.69],[142.68,33.19],[142.7,33.38],[142.63,33.6],[142.68,33.82],[142.49,34.08],[142.44,34.34],[142.68,35.1],[143.35,35.69],[143.3,36.1],[143.4,36.21],[143.64,36.29],[143.74,36.46],[143.96,36.6],[144.12,37.15],[144.46,37.39],[144.31,37.61],[144.41,37.85],[144.36,38.23],[144.54,38.61],[144.52,38.72],[144.67,38.93],[144.74,40.01],[144.89,40.34],[144.98,40.42],[144.98,40.56],[145.15,40.66],[145.22,40.82],[145.34,40.88],[145.42,41.03],[145.75,41.21],[145.78,41.38],[145.93,41.49],[146.21,41.52],[146.69,41.78],[146.81,41.78],[146.91,41.87],[147.46,42.07],[147.74,42.22],[147.77,42.34],[148.1,42.34],[148.18,42.53],[148.34,42.48],[149.57,43.24],[150.03,43.37],[150.29,43.56],[150.62,43.66],[150.84,43.63],[151.06,43.85],[151.87,44.23],[152.04,44.26],[152.11,44.35],[152.28,44.35],[152.45,44.52],[152.65,44.56],[152.93,44.78],[153.01,44.98],[153.55,45.12],[153.58,45.29],[153.77,45.36],[154.07,45.61],[154.13,45.79],[154.25,45.79],[154.39,45.96],[154.44,46.13],[154.82,46.54],[155.16,46.78],[155.35,46.82],[155.52,47.04],[155.55,47.27],[157.9,48.89],[158.62,49.23],[158.81,49.56],[159.1,49.78],[159.67,49.9],[159.73,50.23],[160.1,50.71],[160.6,51.06],[160.78,51.07],[160.8,51.31],[161.06,51.39],[161.4,51.72],[161.57,51.79],[161.76,51.98],[161.88,52.01],[162.07,52.22],[162.09,52.43],[162.38,52.73]],[[144.84,40.78],[144.74,40.86],[144.74,40.97],[144.91,41.08],[145.1,41.08],[145.27,40.94],[145.25,40.87],[145.03,40.78],[144.84,40.78]],[[142.98,36.02],[142.91,36.1],[142.97,36.19],[143.18,36.19],[143.18,36.02],[142.98,36.02]],[[142.3,32.71],[142.25,32.81],[142.41,32.88],[142.42,32.76],[142.3,32.71]],[[141.91,31.44],[141.85,31.49],[141.85,31.62],[141.99,31.67],[142.03,31.52],[141.91,31.44]]],[[[165.46,54.98],[165.34,55.06],[165.05,54.91],[165.26,54.82],[165.41,54.62],[165.58,54.62],[165.74,54.41],[165.94,54.38],[166.06,54.24],[166.23,54.16],[166.44,54.14],[166.63,53.98],[166.82,53.93],[167.1,53.74],[167.73,53.54],[167.95,53.59],[167.86,53.75],[167.54,53.81],[167.35,53.98],[166.75,54.14],[166.63,54.31],[166.24,54.35],[165.82,54.57],[165.77,54.68],[165.86,54.82],[165.67,54.94],[165.46,54.98]]]]}}]}