{"type":"FeatureCollection","source":{"name":"Natural Earth 10m populated places v5.1.2","url":"https://naciscdn.org/naturalearth/10m/cultural/ne_10m_populated_places.zip","license":"public domain","generator":"pipeline/basemap/cities.py","globe_rank":"see cities.py header; rank 1+2 = the ~25 names the App shows on the East Asia globe view"},"features":[{"type":"Feature","geometry":{"type":"Point","coordinates":[139.7495,35.687]},"properties":{"name":"Tokyo","name_zh":"东京","name_ja":"東京都","adm0":"Japan","iso":"JP","capital":1,"scalerank":0,"pop_max":35676000,"globe_rank":1,"min_zoom":1.7}},{"type":"Feature","geometry":{"type":"Point","coordinates":[-73.9957,40.7216]},"properties":{"name":"New York","name_zh":"纽约","name_ja":"ニューヨーク","adm0":"United States of America","iso":"US","capital":0,"scalerank":0,"pop_max":19040000,"globe_rank":1,"min_zoom":1.7}},{"type":"Feature","geometry":{"type":"Point","coordinates":[-99.1329,19.4444]},"properties":{"name":"Mexico City","name_zh":"墨西哥城","name_ja":"メキシコシティ","adm0":"Mexico","iso":"MX","capital":1,"scalerank":0,"pop_max":19028000,"globe_rank":1,"min_zoom":2.1}},{"type":"Feature","geometry":{"type":"Point","coordinates":[72.8758,19.0684]},"properties":{"name":"Mumbai","name_zh":"孟买","name_ja":"ムンバイ","adm0":"India","iso":"IN","capital":0,"scalerank":0,"pop_max":18978000,"globe_rank":1,"min_zoom":1.7}},{"type":"Feature","geometry":{"type":"Point","coordinates":[-46.627,-23.5567]},"properties":{"name":"São Paulo","name_zh":"圣保罗","name_ja":"サンパウロ","adm0":"Brazil","iso":"BR","capital":0,"scalerank":0,"pop_max":18845000,"globe_rank":1,"min_zoom":3.0}},{"type":"Feature","geometry":{"type":"Point","coordinates":[121.4346,31.2184]},"properties":{"name":"Shanghai","name_zh":"上海","name_ja":"上海市","adm0":"China","iso":"CN","capital":0,"scalerank":0,"pop_max":14987000,"globe_rank":1,"min_zoom":2.0}},{"type":"Feature","geometry":{"type":"Point","coordinates":[88.3691,22.5696]},"properties":{"name":"Kolkata","name_zh":"加尔各答","name_ja":"コルカタ","adm0":"India","iso":"IN","capital":0,"scalerank":0,"pop_max":14787000,"globe_rank":1,"min_zoom":3.7}},{"type":"Feature","geometry":{"type":"Point","coordinates":[-58.4325,-34.6107]},"properties":{"name":"Buenos Aires","name_zh":"布宜诺斯艾利斯","name_ja":"ブエノスアイレス","adm0":"Argentina","iso":"AR","capital":1,"scalerank":1,"pop_max":12795000,"globe_rank":1,"min_zoom":2.1}},{"type":"Feature","geometry":{"type":"Point","coordinates":[-118.232,34.0492]},"properties":{"name":"Los Angeles","name_zh":"洛杉矶","name_ja":"ロサンゼルス","adm0":"United States of America","iso":"US","capital":0,"scalerank":0,"pop_max":12500000,"globe_rank":1,"min_zoom":2.0}},{"type":"Feature","geometry":{"type":"Point","coordinates":[31.248,30.0519]},"properties":{"name":"Cairo","name_zh":"开罗","name_ja":"カイロ","adm0":"Egypt","iso":"EG","capital":1,"scalerank":0,"pop_max":11893000,"globe_rank":1,"min_zoom":1.7}},{"type":"Feature","geometry":{"type":"Point","coordinates":[-43.2121,-22.9073]},"properties":{"name":"Rio de Janeiro","name_zh":"里约热内卢","name_ja":"リオデジャネイロ","adm0":"Brazil","iso":"BR","capital":0,"scalerank":0,"pop_max":11748000,"globe_rank":1,"min_zoom":1.7}},{"type":"Feature","geometry":{"type":"Point","coordinates":[135.5038,34.6911]},"properties":{"name":"Ōsaka","name_zh":"大阪","name_ja":"大阪市","adm0":"Japan","iso":"JP","capital":0,"scalerank":1,"pop_max":11294000,"globe_rank":1,"min_zoom":3.0}},{"type":"Feature","geometry":{"type":"Point","coordinates":[116.3942,39.9017]},"properties":{"name":"Beijing","name_zh":"北京","name_ja":"北京市","adm0":"China","iso":"CN","capital":1,"scalerank":0,"pop_max":11106000,"globe_rank":1,"min_zoom":1.7}},{"type":"Feature","geometry":{"type":"Point","coordinates":[120.9803,14.6061]},"properties":{"name":"Manila","name_zh":"马尼拉","name_ja":"マニラ","adm0":"Philippines","iso":"PH","capital":1,"scalerank":1,"pop_max":11100000,"globe_rank":1,"min_zoom":2.7}},{"type":"Feature","geometry":{"type":"Point","coordinates":[37.6136,55.7541]},"properties":{"name":"Moscow","name_zh":"莫斯科","name_ja":"モスクワ","adm0":"Russia","iso":"RU","capital":1,"scalerank":0,"pop_max":10452000,"globe_rank":1,"min_zoom":1.7}},{"type":"Feature","geometry":{"type":"Point","coordinates":[28.9743,41.0176]},"properties":{"name":"Istanbul","name_zh":"伊斯坦布尔","name_ja":"イスタンブール","adm0":"Turkey","iso":"TR","capital":0,"scalerank":0,"pop_max":10061000,"globe_rank":1,"min_zoom":3.0}},{"type":"Feature","geometry":{"type":"Point","coordinates":[2.353,48.8581]},"properties":{"name":"Paris","name_zh":"巴黎","name_ja":"パリ","adm0":"France","iso":"FR","capital":1,"scalerank":0,"pop_max":9904000,"globe_rank":1,"min_zoom":1.7}},{"type":"Feature","geometry":{"type":"Point","coordinates":[126.9978,37.5683]},"properties":{"name":"Seoul","name_zh":"首尔","name_ja":"ソウル特別市","adm0":"South Korea","iso":"KR","capital":1,"scalerank":1,"pop_max":9796000,"globe_rank":1,"min_zoom":3.0}},{"type":"Feature","geometry":{"type":"Point","coordinates":[3.3896,6.4452]},"properties":{"name":"Lagos","name_zh":"拉各斯","name_ja":"ラゴス","adm0":"Nigeria","iso":"NG","capital":0,"scalerank":0,"pop_max":9466000,"globe_rank":1,"min_zoom":2.0}},{"type":"Feature","geometry":{"type":"Point","coordinates":[106.8275,-6.1725]},"properties":{"name":"Jakarta","name_zh":"雅加达","name_ja":"ジャカルタ","adm0":"Indonesia","iso":"ID","capital":1,"scalerank":0,"pop_max":9125000,"globe_rank":1,"min_zoom":2.1}},{"type":"Feature","geometry":{"type":"Point","coordinates":[-87.6352,41.848]},"properties":{"name":"Chicago","name_zh":"芝加哥","name_ja":"シカゴ","adm0":"United States of America","iso":"US","capital":0,"scalerank":1,"pop_max":8990000,"globe_rank":1,"min_zoom":3.0}},{"type":"Feature","geometry":{"type":"Point","coordinates":[-0.1187,51.5019]},"properties":{"name":"London","name_zh":"伦敦","name_ja":"ロンドン","adm0":"United Kingdom","iso":"GB","capital":1,"scalerank":0,"pop_max":8567000,"globe_rank":1,"min_zoom":1.7}},{"type":"Feature","geometry":{"type":"Point","coordinates":[-77.052,-12.0461]},"properties":{"name":"Lima","name_zh":"利马","name_ja":"リマ","adm0":"Peru","iso":"PE","capital":1,"scalerank":1,"pop_max":8012000,"globe_rank":1,"min_zoom":3.0}},{"type":"Feature","geometry":{"type":"Point","coordinates":[51.4224,35.6739]},"properties":{"name":"Tehran","name_zh":"德黑兰","name_ja":"テヘラン","adm0":"Iran","iso":"IR","capital":1,"scalerank":1,"pop_max":7873000,"globe_rank":1,"min_zoom":3.0}},{"type":"Feature","geometry":{"type":"Point","coordinates":[15.313,-4.3278]},"properties":{"name":"Kinshasa","name_zh":"金沙萨","name_ja":"キンシャサ","adm0":"Congo (Kinshasa)","iso":"CD","capital":1,"scalerank":1,"pop_max":7843000,"globe_rank":1,"min_zoom":3.0}},{"type":"Feature","geometry":{"type":"Point","coordinates":[-74.0853,4.5984]},"properties":{"name":"Bogota","name_zh":"波哥大","name_ja":"ボゴタ","adm0":"Colombia","iso":"CO","capital":1,"scalerank":0,"pop_max":7772000,"globe_rank":1,"min_zoom":2.1}},{"type":"Feature","geometry":{"type":"Point","coordinates":[114.1831,22.3069]},"properties":{"name":"Hong Kong","name_zh":"香港","name_ja":"香港","adm0":"Hong Kong S.A.R.","iso":"HK","capital":0,"scalerank":0,"pop_max":7206000,"globe_rank":1,"min_zoom":3.0}},{"type":"Feature","geometry":{"type":"Point","coordinates":[121.5683,25.0358]},"properties":{"name":"Taipei","name_zh":"台北","name_ja":"台北市","adm0":"Taiwan","iso":"TW","capital":1,"scalerank":1,"pop_max":6900273,"globe_rank":1,"min_zoom":3.7}},{"type":"Feature","geometry":{"type":"Point","coordinates":[77.5581,12.9719]},"properties":{"name":"Bengaluru","name_zh":"班加罗尔","name_ja":"バンガロール","adm0":"India","iso":"IN","capital":0,"scalerank":1,"pop_max":6787000,"globe_rank":1,"min_zoom":3.7}},{"type":"Feature","geometry":{"type":"Point","coordinates":[100.5147,13.7519]},"properties":{"name":"Bangkok","name_zh":"曼谷","name_ja":"バンコク","adm0":"Thailand","iso":"TH","capital":1,"scalerank":1,"pop_max":6704000,"globe_rank":1,"min_zoom":3.0}},{"type":"Feature","geometry":{"type":"Point","coordinates":[-70.6505,-33.4402]},"properties":{"name":"Santiago","name_zh":"圣地亚哥","name_ja":"サンティアゴ","adm0":"Chile","iso":"CL","capital":1,"scalerank":0,"pop_max":5720000,"globe_rank":1,"min_zoom":2.0}},{"type":"Feature","geometry":{"type":"Point","coordinates":[-80.2261,25.7896]},"properties":{"name":"Miami","name_zh":"迈阿密","name_ja":"マイアミ","adm0":"United States of America","iso":"US","capital":0,"scalerank":1,"pop_max":5585000,"globe_rank":1,"min_zoom":2.1}},{"type":"Feature","geometry":{"type":"Point","coordinates":[-3.6853,40.402]},"properties":{"name":"Madrid","name_zh":"马德里","name_ja":"マドリード","adm0":"Spain","iso":"ES","capital":1,"scalerank":1,"pop_max":5567000,"globe_rank":1,"min_zoom":3.0}},{"type":"Feature","geometry":{"type":"Point","coordinates":[-79.3895,43.6646]},"properties":{"name":"Toronto","name_zh":"多伦多","name_ja":"トロント","adm0":"Canada","iso":"CA","capital":0,"scalerank":1,"pop_max":5213000,"globe_rank":1,"min_zoom":2.1}},{"type":"Feature","geometry":{"type":"Point","coordinates":[103.8539,1.295]},"properties":{"name":"Singapore","name_zh":"新加坡","name_ja":"シンガポール","adm0":"Singapore","iso":"SG","capital":1,"scalerank":0,"pop_max":5183700,"globe_rank":1,"min_zoom":2.1}},{"type":"Feature","geometry":{"type":"Point","coordinates":[44.3919,33.3406]},"properties":{"name":"Baghdad","name_zh":"巴格达","name_ja":"バグダード","adm0":"Iraq","iso":"IQ","capital":1,"scalerank":1,"pop_max":5054000,"globe_rank":1,"min_zoom":3.7}},{"type":"Feature","geometry":{"type":"Point","coordinates":[151.2125,-33.8714]},"properties":{"name":"Sydney","name_zh":"悉尼","name_ja":"シドニー","adm0":"Australia","iso":"AU","capital":0,"scalerank":0,"pop_max":4630000,"globe_rank":1,"min_zoom":1.7}},{"type":"Feature","geometry":{"type":"Point","coordinates":[-84.3676,33.7395]},"properties":{"name":"Atlanta","name_zh":"亚特兰大","name_ja":"アトランタ","adm0":"United States of America","iso":"US","capital":0,"scalerank":1,"pop_max":4506000,"globe_rank":1,"min_zoom":3.0}},{"type":"Feature","geometry":{"type":"Point","coordinates":[46.7205,24.6345]},"properties":{"name":"Riyadh","name_zh":"利雅德","name_ja":"リヤド","adm0":"Saudi Arabia","iso":"SA","capital":1,"scalerank":0,"pop_max":4465000,"globe_rank":1,"min_zoom":3.7}},{"type":"Feature","geometry":{"type":"Point","coordinates":[-95.3484,29.7413]},"properties":{"name":"Houston","name_zh":"休斯敦","name_ja":"ヒューストン","adm0":"United States of America","iso":"US","capital":0,"scalerank":1,"pop_max":4459000,"globe_rank":1,"min_zoom":3.0}},{"type":"Feature","geometry":{"type":"Point","coordinates":[-77.0114,38.9015]},"properties":{"name":"Washington,  D.C.","name_zh":"华盛顿哥伦比亚特区","name_ja":"ワシントンD.C.","adm0":"United States of America","iso":"US","capital":1,"scalerank":0,"pop_max":4338000,"globe_rank":1,"min_zoom":2.1}},{"type":"Feature","geometry":{"type":"Point","coordinates":[144.9731,-37.8181]},"properties":{"name":"Melbourne","name_zh":"墨尔本","name_ja":"メルボルン","adm0":"Australia","iso":"AU","capital":0,"scalerank":1,"pop_max":4170000,"globe_rank":1,"min_zoom":3.0}},{"type":"Feature","geometry":{"type":"Point","coordinates":[104.0681,30.6719]},"properties":{"name":"Chengdu","name_zh":"成都","name_ja":"成都市","adm0":"China","iso":"CN","capital":0,"scalerank":1,"pop_max":4123000,"globe_rank":1,"min_zoom":3.0}},{"type":"Feature","geometry":{"type":"Point","coordinates":[-100.3319,25.6719]},"properties":{"name":"Monterrey","name_zh":"蒙特雷","name_ja":"モンテレイ","adm0":"Mexico","iso":"MX","capital":0,"scalerank":1,"pop_max":3712000,"globe_rank":1,"min_zoom":3.7}},{"type":"Feature","geometry":{"type":"Point","coordinates":[87.5731,43.807]},"properties":{"name":"Ürümqi","name_zh":"乌鲁木齐","name_ja":"ウルムチ市","adm0":"China","iso":"CN","capital":0,"scalerank":1,"pop_max":3575000,"globe_rank":1,"min_zoom":3.7}},{"type":"Feature","geometry":{"type":"Point","coordinates":[-122.3996,37.7843]},"properties":{"name":"San Francisco","name_zh":"旧金山","name_ja":"サンフランシスコ","adm0":"United States of America","iso":"US","capital":0,"scalerank":1,"pop_max":3450000,"globe_rank":1,"min_zoom":2.7}},{"type":"Feature","geometry":{"type":"Point","coordinates":[28.0281,-26.1681]},"properties":{"name":"Johannesburg","name_zh":"约翰内斯堡","name_ja":"ヨハネスブルグ","adm0":"South Africa","iso":"ZA","capital":0,"scalerank":1,"pop_max":3435000,"globe_rank":1,"min_zoom":3.0}},{"type":"Feature","geometry":{"type":"Point","coordinates":[13.3996,52.5238]},"properties":{"name":"Berlin","name_zh":"柏林","name_ja":"ベルリン","adm0":"Germany","iso":"DE","capital":1,"scalerank":1,"pop_max":3406000,"globe_rank":1,"min_zoom":2.7}},{"type":"Feature","geometry":{"type":"Point","coordinates":[12.4813,41.8979]},"properties":{"name":"Rome","name_zh":"罗马","name_ja":"ローマ","adm0":"Italy","iso":"IT","capital":1,"scalerank":0,"pop_max":3339000,"globe_rank":1,"min_zoom":2.7}},{"type":"Feature","geometry":{"type":"Point","coordinates":[69.1813,34.5186]},"properties":{"name":"Kabul","name_zh":"喀布尔","name_ja":"カーブル","adm0":"Afghanistan","iso":"AF","capital":1,"scalerank":1,"pop_max":3277000,"globe_rank":1,"min_zoom":3.7}},{"type":"Feature","geometry":{"type":"Point","coordinates":[23.7314,37.9853]},"properties":{"name":"Athens","name_zh":"雅典","name_ja":"アテネ","adm0":"Greece","iso":"GR","capital":1,"scalerank":1,"pop_max":3242000,"globe_rank":1,"min_zoom":3.7}},{"type":"Feature","geometry":{"type":"Point","coordinates":[18.433,-33.9181]},"properties":{"name":"Cape Town","name_zh":"开普敦","name_ja":"ケープタウン","adm0":"South Africa","iso":"ZA","capital":1,"scalerank":0,"pop_max":3215000,"globe_rank":1,"min_zoom":1.7}},{"type":"Feature","geometry":{"type":"Point","coordinates":[-7.6183,33.6019]},"properties":{"name":"Casablanca","name_zh":"卡萨布兰卡","name_ja":"カサブランカ","adm0":"Morocco","iso":"MA","capital":0,"scalerank":1,"pop_max":3181000,"globe_rank":1,"min_zoom":3.7}},{"type":"Feature","geometry":{"type":"Point","coordinates":[38.6981,9.0353]},"properties":{"name":"Addis Ababa","name_zh":"亚的斯亚贝巴","name_ja":"アディスアベバ","adm0":"Ethiopia","iso":"ET","capital":1,"scalerank":1,"pop_max":3100000,"globe_rank":1,"min_zoom":3.0}},{"type":"Feature","geometry":{"type":"Point","coordinates":[36.8147,-1.2814]},"properties":{"name":"Nairobi","name_zh":"内罗毕","name_ja":"ナイロビ","adm0":"Kenya","iso":"KE","capital":1,"scalerank":0,"pop_max":3010000,"globe_rank":1,"min_zoom":2.0}},{"type":"Feature","geometry":{"type":"Point","coordinates":[-66.919,10.5029]},"properties":{"name":"Caracas","name_zh":"加拉加斯","name_ja":"カラカス","adm0":"Venezuela","iso":"VE","capital":1,"scalerank":1,"pop_max":2985000,"globe_rank":1,"min_zoom":3.0}},{"type":"Feature","geometry":{"type":"Point","coordinates":[30.5147,50.4353]},"properties":{"name":"Kyiv","name_zh":"基辅","name_ja":"キエフ","adm0":"Ukraine","iso":"UA","capital":1,"scalerank":1,"pop_max":2709000,"globe_rank":1,"min_zoom":3.7}},{"type":"Feature","geometry":{"type":"Point","coordinates":[-17.4751,14.7178]},"properties":{"name":"Dakar","name_zh":"达喀尔","name_ja":"ダカール","adm0":"Senegal","iso":"SN","capital":1,"scalerank":1,"pop_max":2604000,"globe_rank":1,"min_zoom":3.0}},{"type":"Feature","geometry":{"type":"Point","coordinates":[16.3647,48.202]},"properties":{"name":"Vienna","name_zh":"维也纳","name_ja":"ウィーン","adm0":"Austria","iso":"AT","capital":1,"scalerank":1,"pop_max":2400000,"globe_rank":1,"min_zoom":3.7}},{"type":"Feature","geometry":{"type":"Point","coordinates":[-123.1236,49.2754]},"properties":{"name":"Vancouver","name_zh":"温哥华","name_ja":"バンクーバー","adm0":"Canada","iso":"CA","capital":0,"scalerank":1,"pop_max":2313328,"globe_rank":1,"min_zoom":2.1}},{"type":"Feature","geometry":{"type":"Point","coordinates":[-104.986,39.7411]},"properties":{"name":"Denver","name_zh":"丹佛","name_ja":"デンヴァー","adm0":"United States of America","iso":"US","capital":0,"scalerank":1,"pop_max":2313000,"globe_rank":1,"min_zoom":3.7}},{"type":"Feature","geometry":{"type":"Point","coordinates":[69.2688,41.3038]},"properties":{"name":"Tashkent","name_zh":"塔什干","name_ja":"タシュケント","adm0":"Uzbekistan","iso":"UZ","capital":1,"scalerank":1,"pop_max":2184000,"globe_rank":1,"min_zoom":3.7}},{"type":"Feature","geometry":{"type":"Point","coordinates":[55.2869,25.2149]},"properties":{"name":"Dubai","name_zh":"迪拜","name_ja":"ドバイ","adm0":"United Arab Emirates","iso":"AE","capital":0,"scalerank":1,"pop_max":1379000,"globe_rank":1,"min_zoom":3.7}},{"type":"Feature","geometry":{"type":"Point","coordinates":[174.763,-36.8481]},"properties":{"name":"Auckland","name_zh":"奥克兰都会区","name_ja":"オークランド","adm0":"New Zealand","iso":"NZ","capital":0,"scalerank":1,"pop_max":1377200,"globe_rank":1,"min_zoom":3.0}},{"type":"Feature","geometry":{"type":"Point","coordinates":[18.0663,59.3241]},"properties":{"name":"Stockholm","name_zh":"斯德哥尔摩","name_ja":"ストックホルム","adm0":"Sweden","iso":"SE","capital":1,"scalerank":1,"pop_max":1264000,"globe_rank":1,"min_zoom":3.0}},{"type":"Feature","geometry":{"type":"Point","coordinates":[6.14,46.21]},"properties":{"name":"Geneva","name_zh":"日内瓦","name_ja":"ジュネーヴ","adm0":"Switzerland","iso":"CH","capital":0,"scalerank":1,"pop_max":1240000,"globe_rank":1,"min_zoom":3.7}},{"type":"Feature","geometry":{"type":"Point","coordinates":[4.9147,52.3519]},"properties":{"name":"Amsterdam","name_zh":"阿姆斯特丹","name_ja":"アムステルダム","adm0":"Netherlands","iso":"NL","capital":1,"scalerank":1,"pop_max":1031000,"globe_rank":1,"min_zoom":3.7}},{"type":"Feature","geometry":{"type":"Point","coordinates":[77.2,28.6]},"properties":{"name":"New Delhi","name_zh":"新德里","name_ja":"ニューデリー","adm0":"India","iso":"IN","capital":1,"scalerank":1,"pop_max":317797,"globe_rank":1,"min_zoom":2.1}},{"type":"Feature","geometry":{"type":"Point","coordinates":[77.2281,28.6719]},"properties":{"name":"Delhi","name_zh":"德里","name_ja":"デリー","adm0":"India","iso":"IN","capital":0,"scalerank":2,"pop_max":15926000,"globe_rank":2,"min_zoom":4.0}},{"type":"Feature","geometry":{"type":"Point","coordinates":[90.4066,23.725]},"properties":{"name":"Dhaka","name_zh":"达卡","name_ja":"ダッカ","adm0":"Bangladesh","iso":"BD","capital":1,"scalerank":2,"pop_max":12797394,"globe_rank":2,"min_zoom":4.0}},{"type":"Feature","geometry":{"type":"Point","coordinates":[66.9881,24.8719]},"properties":{"name":"Karachi","name_zh":"卡拉奇","name_ja":"カラチ","adm0":"Pakistan","iso":"PK","capital":0,"scalerank":2,"pop_max":12130000,"globe_rank":2,"min_zoom":4.0}},{"type":"Feature","geometry":{"type":"Point","coordinates":[113.2618,23.1247]},"properties":{"name":"Guangzhou","name_zh":"广州","name_ja":"広州市","adm0":"China","iso":"CN","capital":0,"scalerank":2,"pop_max":8829000,"globe_rank":2,"min_zoom":4.0}},{"type":"Feature","geometry":{"type":"Point","coordinates":[114.0612,22.5481]},"properties":{"name":"Shenzhen","name_zh":"深圳","name_ja":"深圳市","adm0":"China","iso":"CN","capital":0,"scalerank":2,"pop_max":7581000,"globe_rank":2,"min_zoom":4.7}},{"type":"Feature","geometry":{"type":"Point","coordinates":[114.2681,30.582]},"properties":{"name":"Wuhan","name_zh":"武汉","name_ja":"武漢市","adm0":"China","iso":"CN","capital":0,"scalerank":2,"pop_max":7243000,"globe_rank":2,"min_zoom":4.0}},{"type":"Feature","geometry":{"type":"Point","coordinates":[117.1966,39.0828]},"properties":{"name":"Tianjin","name_zh":"天津","name_ja":"天津市","adm0":"China","iso":"CN","capital":0,"scalerank":2,"pop_max":7180000,"globe_rank":2,"min_zoom":4.0}},{"type":"Feature","geometry":{"type":"Point","coordinates":[80.2781,13.0919]},"properties":{"name":"Chennai","name_zh":"金奈","name_ja":"チェンナイ","adm0":"India","iso":"IN","capital":0,"scalerank":2,"pop_max":7163000,"globe_rank":2,"min_zoom":4.0}},{"type":"Feature","geometry":{"type":"Point","coordinates":[74.3481,31.5619]},"properties":{"name":"Lahore","name_zh":"拉合尔","name_ja":"ラホール","adm0":"Pakistan","iso":"PK","capital":0,"scalerank":2,"pop_max":6577000,"globe_rank":2,"min_zoom":4.0}},{"type":"Feature","geometry":{"type":"Point","coordinates":[106.593,29.5669]},"properties":{"name":"Chongqing","name_zh":"重庆","name_ja":"重慶市","adm0":"China","iso":"CN","capital":0,"scalerank":2,"pop_max":6461000,"globe_rank":2,"min_zoom":4.0}},{"type":"Feature","geometry":{"type":"Point","coordinates":[78.478,17.4019]},"properties":{"name":"Hyderabad","name_zh":"海德拉巴","name_ja":"ハイデラバード","adm0":"India","iso":"IN","capital":0,"scalerank":2,"pop_max":6376000,"globe_rank":2,"min_zoom":4.0}},{"type":"Feature","geometry":{"type":"Point","coordinates":[-75.1798,39.9459]},"properties":{"name":"Philadelphia","name_zh":"费城","name_ja":"フィラデルフィア","adm0":"United States of America","iso":"US","capital":0,"scalerank":2,"pop_max":5492000,"globe_rank":2,"min_zoom":5.0}},{"type":"Feature","geometry":{"type":"Point","coordinates":[72.5781,23.032]},"properties":{"name":"Ahmedabad","name_zh":"阿麼达巴德","name_ja":"アフマダーバード","adm0":"India","iso":"IN","capital":0,"scalerank":2,"pop_max":5375000,"globe_rank":2,"min_zoom":4.7}},{"type":"Feature","geometry":{"type":"Point","coordinates":[106.703,10.7621]},"properties":{"name":"Ho Chi Minh City","name_zh":"胡志明","name_ja":"ホーチミン市","adm0":"Vietnam","iso":"VN","capital":0,"scalerank":2,"pop_max":5314000,"globe_rank":2,"min_zoom":4.0}},{"type":"Feature","geometry":{"type":"Point","coordinates":[13.2325,-8.8363]},"properties":{"name":"Luanda","name_zh":"罗安达","name_ja":"ルアンダ","adm0":"Angola","iso":"AO","capital":1,"scalerank":2,"pop_max":5172900,"globe_rank":2,"min_zoom":4.0}},{"type":"Feature","geometry":{"type":"Point","coordinates":[2.1814,41.3852]},"properties":{"name":"Barcelona","name_zh":"巴塞罗那","name_ja":"バルセロナ","adm0":"Spain","iso":"ES","capital":0,"scalerank":2,"pop_max":4920000,"globe_rank":2,"min_zoom":4.0}},{"type":"Feature","geometry":{"type":"Point","coordinates":[-96.7947,32.772]},"properties":{"name":"Dallas","name_zh":"达拉斯","name_ja":"ダラス","adm0":"United States of America","iso":"US","capital":0,"scalerank":2,"pop_max":4798000,"globe_rank":2,"min_zoom":4.0}},{"type":"Feature","geometry":{"type":"Point","coordinates":[123.448,41.8069]},"properties":{"name":"Shenyeng","name_zh":"沈阳","name_ja":"瀋陽市","adm0":"China","iso":"CN","capital":0,"scalerank":2,"pop_max":4787000,"globe_rank":2,"min_zoom":4.0}},{"type":"Feature","geometry":{"type":"Point","coordinates":[32.5322,15.59]},"properties":{"name":"Khartoum","name_zh":"喀土穆","name_ja":"ハルツーム","adm0":"Sudan","iso":"SD","capital":1,"scalerank":2,"pop_max":4754000,"globe_rank":2,"min_zoom":4.0}},{"type":"Feature","geometry":{"type":"Point","coordinates":[73.8519,18.5164]},"properties":{"name":"Pune","name_zh":"浦那","name_ja":"プネー","adm0":"India","iso":"IN","capital":0,"scalerank":2,"pop_max":4672000,"globe_rank":2,"min_zoom":4.0}},{"type":"Feature","geometry":{"type":"Point","coordinates":[30.3141,59.941]},"properties":{"name":"St.  Petersburg","name_zh":"圣彼得堡","name_ja":"サンクトペテルブルク","adm0":"Russia","iso":"RU","capital":0,"scalerank":2,"pop_max":4553000,"globe_rank":2,"min_zoom":3.7}},{"type":"Feature","geometry":{"type":"Point","coordinates":[91.798,22.3319]},"properties":{"name":"Chattogram","name_zh":"吉大港","name_ja":"チッタゴン","adm0":"Bangladesh","iso":"BD","capital":0,"scalerank":2,"pop_max":4529000,"globe_rank":2,"min_zoom":4.0}},{"type":"Feature","geometry":{"type":"Point","coordinates":[113.7505,23.0215]},"properties":{"name":"Dongguan","name_zh":"东莞","name_ja":"東莞市","adm0":"China","iso":"CN","capital":0,"scalerank":2,"pop_max":4528000,"globe_rank":2,"min_zoom":5.6}},{"type":"Feature","geometry":{"type":"Point","coordinates":[-71.072,42.3319]},"properties":{"name":"Boston","name_zh":"波士顿","name_ja":"ボストン","adm0":"United States of America","iso":"US","capital":0,"scalerank":2,"pop_max":4467000,"globe_rank":2,"min_zoom":4.0}},{"type":"Feature","geometry":{"type":"Point","coordinates":[105.8481,21.0353]},"properties":{"name":"Hanoi","name_zh":"河内","name_ja":"ハノイ","adm0":"Vietnam","iso":"VN","capital":1,"scalerank":2,"pop_max":4378000,"globe_rank":2,"min_zoom":4.0}},{"type":"Feature","geometry":{"type":"Point","coordinates":[-103.332,20.672]},"properties":{"name":"Guadalajara","name_zh":"瓜达拉哈拉","name_ja":"グアダラハラ","adm0":"Mexico","iso":"MX","capital":0,"scalerank":2,"pop_max":4198000,"globe_rank":2,"min_zoom":4.0}},{"type":"Feature","geometry":{"type":"Point","coordinates":[29.948,31.202]},"properties":{"name":"Alexandria","name_zh":"亚历山大港","name_ja":"アレクサンドリア","adm0":"Egypt","iso":"EG","capital":0,"scalerank":2,"pop_max":4165000,"globe_rank":2,"min_zoom":4.0}},{"type":"Feature","geometry":{"type":"Point","coordinates":[-83.0513,42.3336]},"properties":{"name":"Detroit","name_zh":"底特律","name_ja":"デトロイト","adm0":"United States of America","iso":"US","capital":0,"scalerank":2,"pop_max":4101000,"globe_rank":2,"min_zoom":4.0}},{"type":"Feature","geometry":{"type":"Point","coordinates":[96.1647,16.7853]},"properties":{"name":"Yangon","name_zh":"仰光","name_ja":"ヤンゴン","adm0":"Myanmar","iso":"MM","capital":0,"scalerank":2,"pop_max":4088000,"globe_rank":2,"min_zoom":4.0}},{"type":"Feature","geometry":{"type":"Point","coordinates":[108.8931,34.277]},"properties":{"name":"Xian","name_zh":"西安","name_ja":"西安市","adm0":"China","iso":"CN","capital":0,"scalerank":2,"pop_max":4009000,"globe_rank":2,"min_zoom":3.7}},{"type":"Feature","geometry":{"type":"Point","coordinates":[-51.202,-30.0481]},"properties":{"name":"Porto Alegre","name_zh":"阿雷格里港","name_ja":"ポルト・アレグレ","adm0":"Brazil","iso":"BR","capital":0,"scalerank":2,"pop_max":3917000,"globe_rank":2,"min_zoom":4.0}},{"type":"Feature","geometry":{"type":"Point","coordinates":[72.8381,21.2019]},"properties":{"name":"Surat","name_zh":"苏拉特","name_ja":"スーラト","adm0":"India","iso":"IN","capital":0,"scalerank":2,"pop_max":3842000,"globe_rank":2,"min_zoom":4.0}},{"type":"Feature","geometry":{"type":"Point","coordinates":[-4.0202,5.3231]},"properties":{"name":"Abidjan","name_zh":"阿比让","name_ja":"アビジャン","adm0":"Ivory Coast","iso":"CI","capital":1,"scalerank":2,"pop_max":3802000,"globe_rank":2,"min_zoom":4.0}},{"type":"Feature","geometry":{"type":"Point","coordinates":[-47.918,-15.7814]},"properties":{"name":"Brasília","name_zh":"巴西利亚","name_ja":"ブラジリア","adm0":"Brazil","iso":"BR","capital":1,"scalerank":2,"pop_max":3716996,"globe_rank":2,"min_zoom":3.7}},{"type":"Feature","geometry":{"type":"Point","coordinates":[32.8624,39.9292]},"properties":{"name":"Ankara","name_zh":"安卡拉","name_ja":"アンカラ","adm0":"Turkey","iso":"TR","capital":1,"scalerank":2,"pop_max":3716000,"globe_rank":2,"min_zoom":4.0}},{"type":"Feature","geometry":{"type":"Point","coordinates":[118.778,32.052]},"properties":{"name":"Nanjing","name_zh":"南京","name_ja":"南京市","adm0":"China","iso":"CN","capital":0,"scalerank":2,"pop_max":3679000,"globe_rank":2,"min_zoom":4.0}},{"type":"Feature","geometry":{"type":"Point","coordinates":[-73.5852,45.5019]},"properties":{"name":"Montréal","name_zh":"蒙特利尔","name_ja":"モントリオール","adm0":"Canada","iso":"CA","capital":0,"scalerank":2,"pop_max":3678000,"globe_rank":2,"min_zoom":4.0}},{"type":"Feature","geometry":{"type":"Point","coordinates":[106.7181,26.582]},"properties":{"name":"Guiyang","name_zh":"贵阳","name_ja":"貴陽市","adm0":"China","iso":"CN","capital":0,"scalerank":2,"pop_max":3662000,"globe_rank":2,"min_zoom":4.7}},{"type":"Feature","geometry":{"type":"Point","coordinates":[-34.9088,-8.0605]},"properties":{"name":"Recife","name_zh":"累西腓","name_ja":"レシフェ","adm0":"Brazil","iso":"BR","capital":0,"scalerank":2,"pop_max":3651000,"globe_rank":2,"min_zoom":3.7}},{"type":"Feature","geometry":{"type":"Point","coordinates":[126.648,45.7519]},"properties":{"name":"Harbin","name_zh":"哈尔滨","name_ja":"ハルビン市","adm0":"China","iso":"CN","capital":0,"scalerank":2,"pop_max":3621000,"globe_rank":2,"min_zoom":3.7}},{"type":"Feature","geometry":{"type":"Point","coordinates":[-38.5819,-3.7481]},"properties":{"name":"Fortaleza","name_zh":"福塔雷萨","name_ja":"フォルタレザ","adm0":"Brazil","iso":"BR","capital":0,"scalerank":2,"pop_max":3602319,"globe_rank":2,"min_zoom":4.0}},{"type":"Feature","geometry":{"type":"Point","coordinates":[-112.0674,33.4483]},"properties":{"name":"Phoenix","name_zh":"菲尼克斯","name_ja":"フェニックス","adm0":"United States of America","iso":"US","capital":0,"scalerank":2,"pop_max":3551000,"globe_rank":2,"min_zoom":4.0}},{"type":"Feature","geometry":{"type":"Point","coordinates":[-38.4819,-12.968]},"properties":{"name":"Salvador","name_zh":"萨尔瓦多","name_ja":"サルヴァドール","adm0":"Brazil","iso":"BR","capital":0,"scalerank":2,"pop_max":3484000,"globe_rank":2,"min_zoom":3.7}},{"type":"Feature","geometry":{"type":"Point","coordinates":[3.0486,36.765]},"properties":{"name":"Algiers","name_zh":"阿尔及尔","name_ja":"アルジェ","adm0":"Algeria","iso":"DZ","capital":1,"scalerank":2,"pop_max":3354000,"globe_rank":2,"min_zoom":4.0}},{"type":"Feature","geometry":{"type":"Point","coordinates":[125.7527,39.0214]},"properties":{"name":"Pyongyang","name_zh":"平壤","name_ja":"平壌","adm0":"North Korea","iso":"KP","capital":1,"scalerank":2,"pop_max":3300000,"globe_rank":2,"min_zoom":4.7}},{"type":"Feature","geometry":{"type":"Point","coordinates":[-75.577,6.2769]},"properties":{"name":"Medellín","name_zh":"麦德林","name_ja":"メデジン","adm0":"Colombia","iso":"CO","capital":0,"scalerank":2,"pop_max":3297000,"globe_rank":2,"min_zoom":4.0}},{"type":"Feature","geometry":{"type":"Point","coordinates":[125.338,43.867]},"properties":{"name":"Changchun","name_zh":"长春","name_ja":"長春市","adm0":"China","iso":"CN","capital":0,"scalerank":2,"pop_max":3183000,"globe_rank":2,"min_zoom":4.0}},{"type":"Feature","geometry":{"type":"Point","coordinates":[80.3181,26.4619]},"properties":{"name":"Kanpur","name_zh":"坎普尔","name_ja":"カーンプル","adm0":"India","iso":"IN","capital":0,"scalerank":2,"pop_max":3162000,"globe_rank":2,"min_zoom":4.0}},{"type":"Feature","geometry":{"type":"Point","coordinates":[8.5181,12.0019]},"properties":{"name":"Kano","name_zh":"卡诺","name_ja":"カノ","adm0":"Nigeria","iso":"NG","capital":0,"scalerank":2,"pop_max":3140000,"globe_rank":2,"min_zoom":4.7}},{"type":"Feature","geometry":{"type":"Point","coordinates":[34.7681,32.0819]},"properties":{"name":"Tel Aviv","name_zh":"特拉维夫","name_ja":"テルアビブ","adm0":"Israel","iso":"IL","capital":0,"scalerank":2,"pop_max":3112000,"globe_rank":2,"min_zoom":4.0}},{"type":"Feature","geometry":{"type":"Point","coordinates":[-49.3219,-25.4181]},"properties":{"name":"Curitiba","name_zh":"库里奇巴","name_ja":"クリチバ","adm0":"Brazil","iso":"BR","capital":0,"scalerank":2,"pop_max":3084000,"globe_rank":2,"min_zoom":4.0}},{"type":"Feature","geometry":{"type":"Point","coordinates":[-122.3153,47.6004]},"properties":{"name":"Seattle","name_zh":"西雅图","name_ja":"シアトル","adm0":"United States of America","iso":"US","capital":0,"scalerank":2,"pop_max":3074000,"globe_rank":2,"min_zoom":4.0}},{"type":"Feature","geometry":{"type":"Point","coordinates":[117.9965,36.8214]},"properties":{"name":"Zibo","name_zh":"淄博","name_ja":"淄博市","adm0":"China","iso":"CN","capital":0,"scalerank":2,"pop_max":3061000,"globe_rank":2,"min_zoom":4.7}},{"type":"Feature","geometry":{"type":"Point","coordinates":[39.2173,21.5188]},"properties":{"name":"Jeddah","name_zh":"吉达","name_ja":"ジッダ","adm0":"Saudi Arabia","iso":"SA","capital":0,"scalerank":2,"pop_max":3012000,"globe_rank":2,"min_zoom":4.0}},{"type":"Feature","geometry":{"type":"Point","coordinates":[120.1681,30.2519]},"properties":{"name":"Hangzhou","name_zh":"杭州","name_ja":"杭州市","adm0":"China","iso":"CN","capital":0,"scalerank":2,"pop_max":3007000,"globe_rank":2,"min_zoom":4.0}},{"type":"Feature","geometry":{"type":"Point","coordinates":[39.2664,-6.7981]},"properties":{"name":"Dar es Salaam","name_zh":"三蘭港","name_ja":"ダルエスサラーム","adm0":"Tanzania","iso":"TZ","capital":1,"scalerank":2,"pop_max":2930000,"globe_rank":2,"min_zoom":4.0}},{"type":"Feature","geometry":{"type":"Point","coordinates":[-9.1468,38.7247]},"properties":{"name":"Lisbon","name_zh":"里斯本","name_ja":"リスボン","adm0":"Portugal","iso":"PT","capital":1,"scalerank":2,"pop_max":2812000,"globe_rank":2,"min_zoom":4.0}},{"type":"Feature","geometry":{"type":"Point","coordinates":[36.2981,33.502]},"properties":{"name":"Damascus","name_zh":"大马士革","name_ja":"ダマスカス","adm0":"Syria","iso":"SY","capital":1,"scalerank":2,"pop_max":2466000,"globe_rank":2,"min_zoom":4.7}},{"type":"Feature","geometry":{"type":"Point","coordinates":[10.1797,36.8028]},"properties":{"name":"Tunis","name_zh":"突尼斯","name_ja":"チュニス","adm0":"Tunisia","iso":"TN","capital":1,"scalerank":3,"pop_max":2412500,"globe_rank":2,"min_zoom":5.0}},{"type":"Feature","geometry":{"type":"Point","coordinates":[13.18,32.8925]},"properties":{"name":"Tripoli","name_zh":"的黎波里","name_ja":"トリポリ","adm0":"Libya","iso":"LY","capital":1,"scalerank":2,"pop_max":2189000,"globe_rank":2,"min_zoom":4.0}},{"type":"Feature","geometry":{"type":"Point","coordinates":[-82.3661,23.1339]},"properties":{"name":"Havana","name_zh":"哈瓦那","name_ja":"ハバナ","adm0":"Cuba","iso":"CU","capital":1,"scalerank":2,"pop_max":2174000,"globe_rank":2,"min_zoom":4.0}},{"type":"Feature","geometry":{"type":"Point","coordinates":[-69.9297,18.4707]},"properties":{"name":"Santo Domingo","name_zh":"圣多明哥","name_ja":"サントドミンゴ","adm0":"Dominican Republic","iso":"DO","capital":1,"scalerank":2,"pop_max":2154000,"globe_rank":2,"min_zoom":4.0}},{"type":"Feature","geometry":{"type":"Point","coordinates":[49.8603,40.3972]},"properties":{"name":"Baku","name_zh":"巴库","name_ja":"バクー","adm0":"Azerbaijan","iso":"AZ","capital":1,"scalerank":3,"pop_max":2122300,"globe_rank":2,"min_zoom":5.0}},{"type":"Feature","geometry":{"type":"Point","coordinates":[-0.2187,5.552]},"properties":{"name":"Accra","name_zh":"阿克拉","name_ja":"アクラ","adm0":"Ghana","iso":"GH","capital":1,"scalerank":2,"pop_max":2121000,"globe_rank":2,"min_zoom":4.0}},{"type":"Feature","geometry":{"type":"Point","coordinates":[47.9764,29.3717]},"properties":{"name":"Kuwait City","name_zh":"科威特城","name_ja":"クウェート市","adm0":"Kuwait","iso":"KW","capital":1,"scalerank":2,"pop_max":2063000,"globe_rank":2,"min_zoom":4.0}},{"type":"Feature","geometry":{"type":"Point","coordinates":[44.2046,15.3567]},"properties":{"name":"Sanaa","name_zh":"萨那","name_ja":"サヌア","adm0":"Yemen","iso":"YE","capital":1,"scalerank":2,"pop_max":2008000,"globe_rank":2,"min_zoom":4.0}},{"type":"Feature","geometry":{"type":"Point","coordinates":[-72.338,18.543]},"properties":{"name":"Port-au-Prince","name_zh":"太子港","name_ja":"ポルトープランス","adm0":"Haiti","iso":"HT","capital":1,"scalerank":3,"pop_max":1998000,"globe_rank":2,"min_zoom":5.0}},{"type":"Feature","geometry":{"type":"Point","coordinates":[26.098,44.4353]},"properties":{"name":"Bucharest","name_zh":"布加勒斯特","name_ja":"ブカレスト","adm0":"Romania","iso":"RO","capital":1,"scalerank":2,"pop_max":1942000,"globe_rank":2,"min_zoom":4.0}},{"type":"Feature","geometry":{"type":"Point","coordinates":[-57.6258,-25.2907]},"properties":{"name":"Asunción","name_zh":"亚松森","name_ja":"アスンシオン","adm0":"Paraguay","iso":"PY","capital":1,"scalerank":3,"pop_max":1870000,"globe_rank":2,"min_zoom":4.0}},{"type":"Feature","geometry":{"type":"Point","coordinates":[35.5078,33.8739]},"properties":{"name":"Beirut","name_zh":"贝鲁特","name_ja":"ベイルート","adm0":"Lebanon","iso":"LB","capital":1,"scalerank":3,"pop_max":1846000,"globe_rank":2,"min_zoom":5.0}},{"type":"Feature","geometry":{"type":"Point","coordinates":[27.5647,53.9019]},"properties":{"name":"Minsk","name_zh":"明斯克","name_ja":"ミンスク","adm0":"Belarus","iso":"BY","capital":1,"scalerank":3,"pop_max":1805000,"globe_rank":2,"min_zoom":5.0}},{"type":"Feature","geometry":{"type":"Point","coordinates":[4.3314,50.8353]},"properties":{"name":"Brussels","name_zh":"布鲁塞尔","name_ja":"ブリュッセル＝ヴィル","adm0":"Belgium","iso":"BE","capital":1,"scalerank":2,"pop_max":1743000,"globe_rank":2,"min_zoom":4.7}},{"type":"Feature","geometry":{"type":"Point","coordinates":[21.0053,52.2309]},"properties":{"name":"Warsaw","name_zh":"华沙","name_ja":"ワルシャワ","adm0":"Poland","iso":"PL","capital":1,"scalerank":2,"pop_max":1707000,"globe_rank":2,"min_zoom":4.0}},{"type":"Feature","geometry":{"type":"Point","coordinates":[-6.8364,34.0253]},"properties":{"name":"Rabat","name_zh":"拉巴特","name_ja":"ラバト","adm0":"Morocco","iso":"MA","capital":1,"scalerank":3,"pop_max":1705000,"globe_rank":2,"min_zoom":5.0}},{"type":"Feature","geometry":{"type":"Point","coordinates":[-78.502,-0.213]},"properties":{"name":"Quito","name_zh":"基多","name_ja":"キト","adm0":"Ecuador","iso":"EC","capital":1,"scalerank":3,"pop_max":1701000,"globe_rank":2,"min_zoom":4.0}},{"type":"Feature","geometry":{"type":"Point","coordinates":[47.5147,-18.9147]},"properties":{"name":"Antananarivo","name_zh":"塔那那利佛","name_ja":"アンタナナリボ","adm0":"Madagascar","iso":"MG","capital":1,"scalerank":3,"pop_max":1697000,"globe_rank":2,"min_zoom":5.0}},{"type":"Feature","geometry":{"type":"Point","coordinates":[19.0814,47.502]},"properties":{"name":"Budapest","name_zh":"布达佩斯","name_ja":"ブダペスト","adm0":"Hungary","iso":"HU","capital":1,"scalerank":2,"pop_max":1679000,"globe_rank":2,"min_zoom":4.7}},{"type":"Feature","geometry":{"type":"Point","coordinates":[11.5147,3.8686]},"properties":{"name":"Yaoundé","name_zh":"雅温得","name_ja":"ヤウンデ","adm0":"Cameroon","iso":"CM","capital":1,"scalerank":3,"pop_max":1611000,"globe_rank":2,"min_zoom":5.0}},{"type":"Feature","geometry":{"type":"Point","coordinates":[-68.1519,-16.496]},"properties":{"name":"La Paz","name_zh":"拉巴斯","name_ja":"ラパス","adm0":"Bolivia","iso":"BO","capital":1,"scalerank":3,"pop_max":1590000,"globe_rank":2,"min_zoom":4.0}},{"type":"Feature","geometry":{"type":"Point","coordinates":[7.4895,9.0546]},"properties":{"name":"Abuja","name_zh":"阿布贾","name_ja":"アブジャ","adm0":"Nigeria","iso":"NG","capital":1,"scalerank":3,"pop_max":1576000,"globe_rank":2,"min_zoom":4.0}},{"type":"Feature","geometry":{"type":"Point","coordinates":[31.0428,-17.8158]},"properties":{"name":"Harare","name_zh":"哈拉雷","name_ja":"ハラレ","adm0":"Zimbabwe","iso":"ZW","capital":1,"scalerank":3,"pop_max":1572000,"globe_rank":2,"min_zoom":4.0}},{"type":"Feature","geometry":{"type":"Point","coordinates":[-56.1868,-34.9054]},"properties":{"name":"Montevideo","name_zh":"蒙得维的亚","name_ja":"モンテビデオ","adm0":"Uruguay","iso":"UY","capital":1,"scalerank":3,"pop_max":1513000,"globe_rank":2,"min_zoom":4.0}},{"type":"Feature","geometry":{"type":"Point","coordinates":[-8.002,12.652]},"properties":{"name":"Bamako","name_zh":"巴马科","name_ja":"バマコ","adm0":"Mali","iso":"ML","capital":1,"scalerank":3,"pop_max":1494000,"globe_rank":2,"min_zoom":4.0}},{"type":"Feature","geometry":{"type":"Point","coordinates":[-13.6822,9.5335]},"properties":{"name":"Conakry","name_zh":"科纳克里","name_ja":"コナクリ","adm0":"Guinea","iso":"GN","capital":1,"scalerank":3,"pop_max":1494000,"globe_rank":2,"min_zoom":5.0}},{"type":"Feature","geometry":{"type":"Point","coordinates":[104.9147,11.552]},"properties":{"name":"Phnom Penh","name_zh":"金边","name_ja":"プノンペン","adm0":"Cambodia","iso":"KH","capital":1,"scalerank":3,"pop_max":1466000,"globe_rank":2,"min_zoom":5.0}},{"type":"Feature","geometry":{"type":"Point","coordinates":[1.2208,6.1339]},"properties":{"name":"Lomé","name_zh":"洛美","name_ja":"ロメ","adm0":"Togo","iso":"TG","capital":1,"scalerank":3,"pop_max":1452000,"globe_rank":2,"min_zoom":5.0}},{"type":"Feature","geometry":{"type":"Point","coordinates":[101.6887,3.1398]},"properties":{"name":"Kuala Lumpur","name_zh":"吉隆坡","name_ja":"クアラルンプール","adm0":"Malaysia","iso":"MY","capital":1,"scalerank":2,"pop_max":1448000,"globe_rank":2,"min_zoom":4.0}},{"type":"Feature","geometry":{"type":"Point","coordinates":[32.5872,-25.9533]},"properties":{"name":"Maputo","name_zh":"马普托","name_ja":"マプト","adm0":"Mozambique","iso":"MZ","capital":1,"scalerank":3,"pop_max":1446000,"globe_rank":2,"min_zoom":5.0}},{"type":"Feature","geometry":{"type":"Point","coordinates":[-89.2156,13.7033]},"properties":{"name":"San Salvador","name_zh":"圣萨尔瓦多","name_ja":"サンサルバドル","adm0":"El Salvador","iso":"SV","capital":1,"scalerank":3,"pop_max":1433000,"globe_rank":2,"min_zoom":5.0}},{"type":"Feature","geometry":{"type":"Point","coordinates":[32.5814,0.3186]},"properties":{"name":"Kampala","name_zh":"坎帕拉","name_ja":"カンパラ","adm0":"Uganda","iso":"UG","capital":1,"scalerank":3,"pop_max":1420000,"globe_rank":2,"min_zoom":5.0}},{"type":"Feature","geometry":{"type":"Point","coordinates":[15.2827,-4.2572]},"properties":{"name":"Brazzaville","name_zh":"布拉柴维尔","name_ja":"ブラザヴィル","adm0":"Congo (Brazzaville)","iso":"CG","capital":1,"scalerank":3,"pop_max":1355000,"globe_rank":2,"min_zoom":5.0}},{"type":"Feature","geometry":{"type":"Point","coordinates":[28.2275,-25.705]},"properties":{"name":"Pretoria","name_zh":"比勒陀利亚","name_ja":"プレトリア","adm0":"South Africa","iso":"ZA","capital":1,"scalerank":3,"pop_max":1338000,"globe_rank":2,"min_zoom":5.0}},{"type":"Feature","geometry":{"type":"Point","coordinates":[28.2814,-15.4147]},"properties":{"name":"Lusaka","name_zh":"卢萨卡","name_ja":"ルサカ","adm0":"Zambia","iso":"ZM","capital":1,"scalerank":3,"pop_max":1328000,"globe_rank":2,"min_zoom":4.0}},{"type":"Feature","geometry":{"type":"Point","coordinates":[-84.0788,9.9304]},"properties":{"name":"San José","name_zh":"圣荷西","name_ja":"サンホセ","adm0":"Costa Rica","iso":"CR","capital":1,"scalerank":3,"pop_max":1284000,"globe_rank":2,"min_zoom":5.0}},{"type":"Feature","geometry":{"type":"Point","coordinates":[-79.535,8.97]},"properties":{"name":"Panama City","name_zh":"巴拿马城","name_ja":"パナマ市","adm0":"Panama","iso":"PA","capital":1,"scalerank":3,"pop_max":1281000,"globe_rank":2,"min_zoom":5.0}},{"type":"Feature","geometry":{"type":"Point","coordinates":[23.3147,42.6853]},"properties":{"name":"Sofia","name_zh":"索非亚","name_ja":"ソフィア","adm0":"Bulgaria","iso":"BG","capital":1,"scalerank":3,"pop_max":1185000,"globe_rank":2,"min_zoom":5.0}},{"type":"Feature","geometry":{"type":"Point","coordinates":[14.4229,50.087]},"properties":{"name":"Prague","name_zh":"布拉格","name_ja":"プラハ","adm0":"Czechia","iso":"CZ","capital":1,"scalerank":2,"pop_max":1162000,"globe_rank":2,"min_zoom":4.7}},{"type":"Feature","geometry":{"type":"Point","coordinates":[-1.5267,12.3723]},"properties":{"name":"Ouagadougou","name_zh":"瓦加杜古","name_ja":"ワガドゥグー","adm0":"Burkina Faso","iso":"BF","capital":1,"scalerank":3,"pop_max":1149000,"globe_rank":2,"min_zoom":5.0}},{"type":"Feature","geometry":{"type":"Point","coordinates":[-75.702,45.4186]},"properties":{"name":"Ottawa","name_zh":"渥太华","name_ja":"オタワ","adm0":"Canada","iso":"CA","capital":1,"scalerank":3,"pop_max":1145000,"globe_rank":2,"min_zoom":3.0}},{"type":"Feature","geometry":{"type":"Point","coordinates":[24.9325,60.1638]},"properties":{"name":"Helsinki","name_zh":"赫尔辛基","name_ja":"ヘルシンキ","adm0":"Finland","iso":"FI","capital":1,"scalerank":2,"pop_max":1115000,"globe_rank":2,"min_zoom":4.0}},{"type":"Feature","geometry":{"type":"Point","coordinates":[44.5116,40.1831]},"properties":{"name":"Yerevan","name_zh":"埃里温","name_ja":"エレバン","adm0":"Armenia","iso":"AM","capital":1,"scalerank":3,"pop_max":1102000,"globe_rank":2,"min_zoom":5.0}},{"type":"Feature","geometry":{"type":"Point","coordinates":[45.3647,2.0686]},"properties":{"name":"Mogadishu","name_zh":"摩加迪休","name_ja":"モガディシュ","adm0":"Somalia","iso":"SO","capital":1,"scalerank":3,"pop_max":1100000,"globe_rank":2,"min_zoom":4.0}},{"type":"Feature","geometry":{"type":"Point","coordinates":[44.7888,41.727]},"properties":{"name":"Tbilisi","name_zh":"第比利斯","name_ja":"トビリシ","adm0":"Georgia","iso":"GE","capital":1,"scalerank":3,"pop_max":1100000,"globe_rank":2,"min_zoom":5.0}},{"type":"Feature","geometry":{"type":"Point","coordinates":[20.466,44.8206]},"properties":{"name":"Belgrade","name_zh":"贝尔格莱德","name_ja":"ベオグラード","adm0":"Serbia","iso":"RS","capital":1,"scalerank":3,"pop_max":1099000,"globe_rank":2,"min_zoom":5.0}},{"type":"Feature","geometry":{"type":"Point","coordinates":[68.7739,38.56]},"properties":{"name":"Dushanbe","name_zh":"杜尚别","name_ja":"ドゥシャンベ","adm0":"Tajikistan","iso":"TJ","capital":1,"scalerank":3,"pop_max":1086244,"globe_rank":2,"min_zoom":5.0}},{"type":"Feature","geometry":{"type":"Point","coordinates":[12.5615,55.6805]},"properties":{"name":"København","name_zh":"哥本哈根","name_ja":"コペンハーゲン","adm0":"Denmark","iso":"DK","capital":1,"scalerank":2,"pop_max":1085000,"globe_rank":2,"min_zoom":4.0}},{"type":"Feature","geometry":{"type":"Point","coordinates":[35.9314,31.952]},"properties":{"name":"Amman","name_zh":"安曼","name_ja":"アンマン","adm0":"Jordan","iso":"JO","capital":1,"scalerank":3,"pop_max":1060000,"globe_rank":2,"min_zoom":5.0}},{"type":"Feature","geometry":{"type":"Point","coordinates":[-6.257,53.3467]},"properties":{"name":"Dublin","name_zh":"都柏林","name_ja":"ダブリン","adm0":"Ireland","iso":"IE","capital":1,"scalerank":2,"pop_max":1059000,"globe_rank":2,"min_zoom":4.0}},{"type":"Feature","geometry":{"type":"Point","coordinates":[-10.7997,6.3146]},"properties":{"name":"Monrovia","name_zh":"蒙罗维亚","name_ja":"モンロビア","adm0":"Liberia","iso":"LR","capital":1,"scalerank":2,"pop_max":1041000,"globe_rank":2,"min_zoom":4.0}},{"type":"Feature","geometry":{"type":"Point","coordinates":[35.2066,31.7784]},"properties":{"name":"Jerusalem","name_zh":"耶路撒冷","name_ja":"エルサレム","adm0":"Israel","iso":"IL","capital":1,"scalerank":3,"pop_max":1029300,"globe_rank":2,"min_zoom":3.7}},{"type":"Feature","geometry":{"type":"Point","coordinates":[-90.5289,14.6231]},"properties":{"name":"Guatemala City","name_zh":"瓜地馬拉","name_ja":"グアテマラシティ","adm0":"Guatemala","iso":"GT","capital":1,"scalerank":3,"pop_max":1024000,"globe_rank":2,"min_zoom":5.0}},{"type":"Feature","geometry":{"type":"Point","coordinates":[15.0472,12.115]},"properties":{"name":"N'Djamena","name_zh":"恩贾梅纳","name_ja":"ンジャメナ","adm0":"Chad","iso":"TD","capital":1,"scalerank":3,"pop_max":989000,"globe_rank":2,"min_zoom":5.0}},{"type":"Feature","geometry":{"type":"Point","coordinates":[-87.2195,14.104]},"properties":{"name":"Tegucigalpa","name_zh":"特古西加尔巴","name_ja":"テグシガルパ","adm0":"Honduras","iso":"HN","capital":1,"scalerank":3,"pop_max":946000,"globe_rank":2,"min_zoom":5.0}},{"type":"Feature","geometry":{"type":"Point","coordinates":[-76.7674,17.9771]},"properties":{"name":"Kingston","name_zh":"京斯敦","name_ja":"キングストン","adm0":"Jamaica","iso":"JM","capital":1,"scalerank":3,"pop_max":937700,"globe_rank":2,"min_zoom":5.0}},{"type":"Feature","geometry":{"type":"Point","coordinates":[96.1167,19.7685]},"properties":{"name":"Naypyidaw","name_zh":"奈比多","name_ja":"ネピドー","adm0":"Myanmar","iso":"MM","capital":1,"scalerank":3,"pop_max":930000,"globe_rank":2,"min_zoom":5.0}},{"type":"Feature","geometry":{"type":"Point","coordinates":[-86.2704,12.155]},"properties":{"name":"Managua","name_zh":"馬拿瓜","name_ja":"マナグア","adm0":"Nicaragua","iso":"NI","capital":1,"scalerank":3,"pop_max":920000,"globe_rank":2,"min_zoom":5.0}},{"type":"Feature","geometry":{"type":"Point","coordinates":[2.1147,13.5187]},"properties":{"name":"Niamey","name_zh":"尼亚美","name_ja":"ニアメ","adm0":"Niger","iso":"NE","capital":1,"scalerank":3,"pop_max":915000,"globe_rank":2,"min_zoom":5.0}},{"type":"Feature","geometry":{"type":"Point","coordinates":[19.8189,41.3275]},"properties":{"name":"Tirana","name_zh":"地拉那","name_ja":"ティラナ","adm0":"Albania","iso":"AL","capital":1,"scalerank":3,"pop_max":895350,"globe_rank":2,"min_zoom":5.0}},{"type":"Feature","geometry":{"type":"Point","coordinates":[85.3147,27.7186]},"properties":{"name":"Kathmandu","name_zh":"加德满都","name_ja":"カトマンズ","adm0":"Nepal","iso":"NP","capital":1,"scalerank":3,"pop_max":895000,"globe_rank":2,"min_zoom":5.0}},{"type":"Feature","geometry":{"type":"Point","coordinates":[106.9147,47.9186]},"properties":{"name":"Ulaanbaatar","name_zh":"乌兰巴托","name_ja":"ウランバートル","adm0":"Mongolia","iso":"MN","capital":1,"scalerank":3,"pop_max":885000,"globe_rank":2,"min_zoom":4.0}},{"type":"Feature","geometry":{"type":"Point","coordinates":[74.5833,42.875]},"properties":{"name":"Bishkek","name_zh":"比什凯克","name_ja":"ビシュケク","adm0":"Kyrgyzstan","iso":"KG","capital":1,"scalerank":3,"pop_max":837000,"globe_rank":2,"min_zoom":5.0}},{"type":"Feature","geometry":{"type":"Point","coordinates":[10.748,59.9186]},"properties":{"name":"Oslo","name_zh":"奥斯陆","name_ja":"オスロ","adm0":"Norway","iso":"NO","capital":1,"scalerank":2,"pop_max":835000,"globe_rank":2,"min_zoom":4.0}},{"type":"Feature","geometry":{"type":"Point","coordinates":[18.5583,4.3666]},"properties":{"name":"Bangui","name_zh":"班吉","name_ja":"バンギ","adm0":"Central African Republic","iso":"CF","capital":1,"scalerank":3,"pop_max":831925,"globe_rank":2,"min_zoom":5.0}},{"type":"Feature","geometry":{"type":"Point","coordinates":[-13.2362,8.472]},"properties":{"name":"Freetown","name_zh":"弗里敦","name_ja":"フリータウン","adm0":"Sierra Leone","iso":"SL","capital":1,"scalerank":3,"pop_max":827000,"globe_rank":2,"min_zoom":5.0}},{"type":"Feature","geometry":{"type":"Point","coordinates":[73.0806,33.6894]},"properties":{"name":"Islamabad","name_zh":"伊斯兰堡","name_ja":"イスラマバード","adm0":"Pakistan","iso":"PK","capital":1,"scalerank":3,"pop_max":780000,"globe_rank":2,"min_zoom":5.0}},{"type":"Feature","geometry":{"type":"Point","coordinates":[2.4044,6.363]},"properties":{"name":"Cotonou","name_zh":"科托努","name_ja":"コトヌー","adm0":"Benin","iso":"BJ","capital":1,"scalerank":3,"pop_max":762000,"globe_rank":2,"min_zoom":5.0}},{"type":"Feature","geometry":{"type":"Point","coordinates":[102.6,17.9667]},"properties":{"name":"Vientiane","name_zh":"万象","name_ja":"ヴィエンチャン","adm0":"Laos","iso":"LA","capital":1,"scalerank":3,"pop_max":754000,"globe_rank":2,"min_zoom":5.0}},{"type":"Feature","geometry":{"type":"Point","coordinates":[24.1,56.95]},"properties":{"name":"Riga","name_zh":"里加","name_ja":"リガ","adm0":"Latvia","iso":"LV","capital":1,"scalerank":3,"pop_max":742572,"globe_rank":2,"min_zoom":4.0}},{"type":"Feature","geometry":{"type":"Point","coordinates":[-15.9753,18.0864]},"properties":{"name":"Nouakchott","name_zh":"努瓦克肖特","name_ja":"ヌアクショット","adm0":"Mauritania","iso":"MR","capital":1,"scalerank":3,"pop_max":742144,"globe_rank":2,"min_zoom":5.0}},{"type":"Feature","geometry":{"type":"Point","coordinates":[58.3783,23.5852]},"properties":{"name":"Muscat","name_zh":"马斯喀特","name_ja":"マスカット","adm0":"Oman","iso":"OM","capital":1,"scalerank":3,"pop_max":734697,"globe_rank":2,"min_zoom":5.0}},{"type":"Feature","geometry":{"type":"Point","coordinates":[58.3833,37.95]},"properties":{"name":"Ashgabat","name_zh":"阿什哈巴德","name_ja":"アシガバート","adm0":"Turkmenistan","iso":"TM","capital":1,"scalerank":3,"pop_max":727700,"globe_rank":2,"min_zoom":5.0}},{"type":"Feature","geometry":{"type":"Point","coordinates":[16.0,45.8]},"properties":{"name":"Zagreb","name_zh":"萨格勒布","name_ja":"ザグレブ","adm0":"Croatia","iso":"HR","capital":1,"scalerank":3,"pop_max":722526,"globe_rank":2,"min_zoom":5.0}},{"type":"Feature","geometry":{"type":"Point","coordinates":[18.383,43.85]},"properties":{"name":"Sarajevo","name_zh":"萨拉热窝","name_ja":"サラエヴォ","adm0":"Bosnia and Herzegovina","iso":"BA","capital":1,"scalerank":3,"pop_max":696731,"globe_rank":2,"min_zoom":5.0}},{"type":"Feature","geometry":{"type":"Point","coordinates":[28.8577,47.005]},"properties":{"name":"Chișinău","name_zh":"基希讷乌","name_ja":"キシナウ","adm0":"Moldova","iso":"MD","capital":1,"scalerank":3,"pop_max":688134,"globe_rank":2,"min_zoom":5.0}},{"type":"Feature","geometry":{"type":"Point","coordinates":[33.7833,-13.9833]},"properties":{"name":"Lilongwe","name_zh":"利隆圭","name_ja":"リロングウェ","adm0":"Malawi","iso":"MW","capital":1,"scalerank":3,"pop_max":646750,"globe_rank":2,"min_zoom":5.0}},{"type":"Feature","geometry":{"type":"Point","coordinates":[38.9333,15.3333]},"properties":{"name":"Asmara","name_zh":"阿斯马拉","name_ja":"アスマラ","adm0":"Eritrea","iso":"ER","capital":1,"scalerank":3,"pop_max":620802,"globe_rank":2,"min_zoom":5.0}},{"type":"Feature","geometry":{"type":"Point","coordinates":[54.3666,24.4667]},"properties":{"name":"Abu Dhabi","name_zh":"阿布扎比","name_ja":"アブダビ","adm0":"United Arab Emirates","iso":"AE","capital":1,"scalerank":3,"pop_max":603492,"globe_rank":2,"min_zoom":5.0}},{"type":"Feature","geometry":{"type":"Point","coordinates":[9.458,0.3854]},"properties":{"name":"Libreville","name_zh":"利伯维尔","name_ja":"リーブルヴィル","adm0":"Gabon","iso":"GA","capital":1,"scalerank":3,"pop_max":578156,"globe_rank":2,"min_zoom":5.0}},{"type":"Feature","geometry":{"type":"Point","coordinates":[25.3166,54.6834]},"properties":{"name":"Vilnius","name_zh":"维尔纽斯","name_ja":"ヴィリニュス","adm0":"Lithuania","iso":"LT","capital":1,"scalerank":3,"pop_max":542366,"globe_rank":2,"min_zoom":5.0}},{"type":"Feature","geometry":{"type":"Point","coordinates":[44.0653,9.56]},"properties":{"name":"Hargeisa","name_zh":"哈尔格萨","name_ja":"ハルゲイサ","adm0":"Somaliland","iso":"-99","capital":1,"scalerank":3,"pop_max":477876,"globe_rank":2,"min_zoom":5.0}},{"type":"Feature","geometry":{"type":"Point","coordinates":[26.2299,-29.12]},"properties":{"name":"Bloemfontein","name_zh":"布隆方丹","name_ja":"ブルームフォンテーン","adm0":"South Africa","iso":"ZA","capital":1,"scalerank":3,"pop_max":463064,"globe_rank":2,"min_zoom":5.0}},{"type":"Feature","geometry":{"type":"Point","coordinates":[-15.5984,11.865]},"properties":{"name":"Bissau","name_zh":"比绍","name_ja":"ビサウ","adm0":"Guinea Bissau","iso":"GW","capital":1,"scalerank":3,"pop_max":403339,"globe_rank":2,"min_zoom":5.0}},{"type":"Feature","geometry":{"type":"Point","coordinates":[24.728,59.4339]},"properties":{"name":"Tallinn","name_zh":"塔林","name_ja":"タリン","adm0":"Estonia","iso":"EE","capital":1,"scalerank":3,"pop_max":394024,"globe_rank":2,"min_zoom":5.0}},{"type":"Feature","geometry":{"type":"Point","coordinates":[174.7772,-41.2921]},"properties":{"name":"Wellington","name_zh":"惠灵顿","name_ja":"ウェリントン","adm0":"New Zealand","iso":"NZ","capital":1,"scalerank":3,"pop_max":393400,"globe_rank":2,"min_zoom":4.0}},{"type":"Feature","geometry":{"type":"Point","coordinates":[14.5147,35.8997]},"properties":{"name":"Valletta","name_zh":"瓦莱塔","name_ja":"バレッタ","adm0":"Malta","iso":"MT","capital":1,"scalerank":3,"pop_max":368250,"globe_rank":2,"min_zoom":5.0}},{"type":"Feature","geometry":{"type":"Point","coordinates":[27.4833,-29.3167]},"properties":{"name":"Maseru","name_zh":"马塞卢","name_ja":"マセル","adm0":"Lesotho","iso":"LS","capital":1,"scalerank":3,"pop_max":361324,"globe_rank":2,"min_zoom":5.0}},{"type":"Feature","geometry":{"type":"Point","coordinates":[71.4278,51.1811]},"properties":{"name":"Nur-Sultan","name_zh":"努尔苏丹","name_ja":"ヌル-スルタン","adm0":"Kazakhstan","iso":"KZ","capital":1,"scalerank":3,"pop_max":345604,"globe_rank":2,"min_zoom":4.0}},{"type":"Feature","geometry":{"type":"Point","coordinates":[149.129,-35.283]},"properties":{"name":"Canberra","name_zh":"堪培拉","name_ja":"キャンベラ","adm0":"Australia","iso":"AU","capital":1,"scalerank":3,"pop_max":327700,"globe_rank":2,"min_zoom":4.0}},{"type":"Feature","geometry":{"type":"Point","coordinates":[114.9333,4.8833]},"properties":{"name":"Bandar Seri Begawan","name_zh":"斯里巴加湾","name_ja":"バンダルスリブガワン","adm0":"Brunei","iso":"BN","capital":1,"scalerank":3,"pop_max":296500,"globe_rank":2,"min_zoom":5.0}},{"type":"Feature","geometry":{"type":"Point","coordinates":[147.1925,-9.4647]},"properties":{"name":"Port Moresby","name_zh":"莫尔兹比港","name_ja":"ポートモレスビー","adm0":"Papua New Guinea","iso":"PG","capital":1,"scalerank":3,"pop_max":283733,"globe_rank":2,"min_zoom":4.0}},{"type":"Feature","geometry":{"type":"Point","coordinates":[17.0835,-22.57]},"properties":{"name":"Windhoek","name_zh":"温得和克","name_ja":"ウィントフック","adm0":"Namibia","iso":"NA","capital":1,"scalerank":3,"pop_max":268132,"globe_rank":2,"min_zoom":5.0}},{"type":"Feature","geometry":{"type":"Point","coordinates":[-58.167,6.802]},"properties":{"name":"Georgetown","name_zh":"乔治敦","name_ja":"ジョージタウン","adm0":"Guyana","iso":"GY","capital":1,"scalerank":3,"pop_max":264350,"globe_rank":2,"min_zoom":4.0}},{"type":"Feature","geometry":{"type":"Point","coordinates":[-55.167,5.835]},"properties":{"name":"Paramaribo","name_zh":"帕拉马里博","name_ja":"パラマリボ","adm0":"Suriname","iso":"SR","capital":1,"scalerank":3,"pop_max":254169,"globe_rank":2,"min_zoom":5.0}},{"type":"Feature","geometry":{"type":"Point","coordinates":[125.5795,-8.5594]},"properties":{"name":"Dili","name_zh":"帝力","name_ja":"ディリ","adm0":"East Timor","iso":"TL","capital":1,"scalerank":3,"pop_max":234331,"globe_rank":2,"min_zoom":5.0}},{"type":"Feature","geometry":{"type":"Point","coordinates":[-77.35,25.0834]},"properties":{"name":"Nassau","name_zh":"拿骚","name_ja":"ナッソー","adm0":"The Bahamas","iso":"BS","capital":1,"scalerank":3,"pop_max":227940,"globe_rank":2,"min_zoom":5.0}},{"type":"Feature","geometry":{"type":"Point","coordinates":[-65.2595,-19.041]},"properties":{"name":"Sucre","name_zh":"苏克雷","name_ja":"スクレ","adm0":"Bolivia","iso":"BO","capital":1,"scalerank":3,"pop_max":224838,"globe_rank":2,"min_zoom":4.7}},{"type":"Feature","geometry":{"type":"Point","coordinates":[33.3666,35.1667]},"properties":{"name":"Nicosia","name_zh":"尼科西亚","name_ja":"ニコシア","adm0":"Cyprus","iso":"CY","capital":1,"scalerank":3,"pop_max":224300,"globe_rank":2,"min_zoom":5.0}},{"type":"Feature","geometry":{"type":"Point","coordinates":[79.8578,6.932]},"properties":{"name":"Colombo","name_zh":"科伦坡","name_ja":"コロンボ","adm0":"Sri Lanka","iso":"LK","capital":1,"scalerank":3,"pop_max":217000,"globe_rank":2,"min_zoom":5.0}},{"type":"Feature","geometry":{"type":"Point","coordinates":[25.9119,-24.6463]},"properties":{"name":"Gaborone","name_zh":"嘉柏隆里","name_ja":"ハボローネ","adm0":"Botswana","iso":"BW","capital":1,"scalerank":3,"pop_max":208411,"globe_rank":2,"min_zoom":5.0}},{"type":"Feature","geometry":{"type":"Point","coordinates":[-5.2755,6.8184]},"properties":{"name":"Yamoussoukro","name_zh":"亚穆苏克罗","name_ja":"ヤムスクロ","adm0":"Ivory Coast","iso":"CI","capital":1,"scalerank":3,"pop_max":206499,"globe_rank":2,"min_zoom":5.0}},{"type":"Feature","geometry":{"type":"Point","coordinates":[178.4417,-18.133]},"properties":{"name":"Suva","name_zh":"苏瓦","name_ja":"スバ","adm0":"Fiji","iso":"FJ","capital":1,"scalerank":3,"pop_max":175399,"globe_rank":2,"min_zoom":5.0}},{"type":"Feature","geometry":{"type":"Point","coordinates":[-21.9365,64.1435]},"properties":{"name":"Reykjavík","name_zh":"雷克雅未克","name_ja":"レイキャヴィーク","adm0":"Iceland","iso":"IS","capital":1,"scalerank":3,"pop_max":166212,"globe_rank":2,"min_zoom":3.7}},{"type":"Feature","geometry":{"type":"Point","coordinates":[8.7833,3.75]},"properties":{"name":"Malabo","name_zh":"马拉博","name_ja":"マラボ","adm0":"Equatorial Guinea","iso":"GQ","capital":1,"scalerank":3,"pop_max":155963,"globe_rank":2,"min_zoom":5.0}},{"type":"Feature","geometry":{"type":"Point","coordinates":[-23.5167,14.9167]},"properties":{"name":"Praia","name_zh":"培亞","name_ja":"プライア","adm0":"Cape Verde","iso":"CV","capital":1,"scalerank":3,"pop_max":113364,"globe_rank":2,"min_zoom":5.0}},{"type":"Feature","geometry":{"type":"Point","coordinates":[73.5089,4.172]},"properties":{"name":"Malé","name_zh":"马累","name_ja":"マレ","adm0":"Maldives","iso":"MV","capital":1,"scalerank":3,"pop_max":112927,"globe_rank":2,"min_zoom":5.0}},{"type":"Feature","geometry":{"type":"Point","coordinates":[89.639,27.473]},"properties":{"name":"Thimphu","name_zh":"廷布","name_ja":"ティンプー","adm0":"Bhutan","iso":"BT","capital":1,"scalerank":3,"pop_max":98676,"globe_rank":2,"min_zoom":5.0}},{"type":"Feature","geometry":{"type":"Point","coordinates":[6.7296,0.3375]},"properties":{"name":"São Tomé","name_zh":"圣多美","name_ja":"サントメ","adm0":"Sao Tome and Principe","iso":"ST","capital":1,"scalerank":3,"pop_max":88219,"globe_rank":2,"min_zoom":5.0}},{"type":"Feature","geometry":{"type":"Point","coordinates":[159.9498,-9.438]},"properties":{"name":"Honiara","name_zh":"霍尼亚拉","name_ja":"ホニアラ","adm0":"Solomon Islands","iso":"SB","capital":1,"scalerank":3,"pop_max":76328,"globe_rank":2,"min_zoom":5.0}},{"type":"Feature","geometry":{"type":"Point","coordinates":[-171.7686,-13.8357]},"properties":{"name":"Apia","name_zh":"阿皮亚","name_ja":"アピア","adm0":"Samoa","iso":"WS","capital":1,"scalerank":3,"pop_max":61916,"globe_rank":2,"min_zoom":5.0}},{"type":"Feature","geometry":{"type":"Point","coordinates":[-64.7839,32.2942]},"properties":{"name":"Hamilton","name_zh":"哈密尔顿","name_ja":"ハミルトン","adm0":"Bermuda","iso":"BM","capital":1,"scalerank":3,"pop_max":52320,"globe_rank":2,"min_zoom":5.0}},{"type":"Feature","geometry":{"type":"Point","coordinates":[168.3166,-17.7334]},"properties":{"name":"Port Vila","name_zh":"维拉港","name_ja":"ポートビラ","adm0":"Vanuatu","iso":"VU","capital":1,"scalerank":3,"pop_max":44040,"globe_rank":2,"min_zoom":4.0}},{"type":"Feature","geometry":{"type":"Point","coordinates":[-175.2206,-21.1385]},"properties":{"name":"Nuku'alofa","name_zh":"努库阿洛法","name_ja":"ヌクアロファ","adm0":"Tonga","iso":"TO","capital":1,"scalerank":3,"pop_max":42620,"globe_rank":2,"min_zoom":5.0}},{"type":"Feature","geometry":{"type":"Point","coordinates":[55.45,-4.6166]},"properties":{"name":"Victoria","name_zh":"維多利亞","name_ja":"ヴィクトリア","adm0":"Seychelles","iso":"SC","capital":1,"scalerank":3,"pop_max":33576,"globe_rank":2,"min_zoom":5.0}},{"type":"Feature","geometry":{"type":"Point","coordinates":[-88.7671,17.252]},"properties":{"name":"Belmopan","name_zh":"贝尔墨邦","name_ja":"ベルモパン","adm0":"Belize","iso":"BZ","capital":1,"scalerank":3,"pop_max":15220,"globe_rank":2,"min_zoom":5.0}},{"type":"Feature","geometry":{"type":"Point","coordinates":[80.5243,16.5337]},"properties":{"name":"Amaravati","name_zh":"阿马拉瓦蒂","name_ja":"アマラーヴァティー","adm0":"India","iso":"IN","capital":0,"scalerank":4,"pop_max":5800000,"globe_rank":3,"min_zoom":5.6}},{"type":"Feature","geometry":{"type":"Point","coordinates":[-43.917,-19.9131]},"properties":{"name":"Belo Horizonte","name_zh":"贝洛奥里藏特","name_ja":"ベロオリゾンテ","adm0":"Brazil","iso":"BR","capital":0,"scalerank":4,"pop_max":5575000,"globe_rank":3,"min_zoom":5.1}},{"type":"Feature","geometry":{"type":"Point","coordinates":[88.3185,22.5847]},"properties":{"name":"Haora","name_zh":"豪拉","name_ja":"ハウラー","adm0":"India","iso":"IN","capital":0,"scalerank":7,"pop_max":4841638,"globe_rank":3,"min_zoom":6.7}},{"type":"Feature","geometry":{"type":"Point","coordinates":[121.465,25.0128]},"properties":{"name":"New Taipei","name_zh":"新北","name_ja":"新北市","adm0":"Taiwan","iso":"TW","capital":0,"scalerank":5,"pop_max":3893740,"globe_rank":3,"min_zoom":5.7}},{"type":"Feature","geometry":{"type":"Point","coordinates":[108.083,24.6953]},"properties":{"name":"Hechi","name_zh":"河池","name_ja":"河池市","adm0":"China","iso":"CN","capital":0,"scalerank":7,"pop_max":3830000,"globe_rank":3,"min_zoom":6.7}},{"type":"Feature","geometry":{"type":"Point","coordinates":[139.602,35.4307]},"properties":{"name":"Yokohama","name_zh":"横滨","name_ja":"横浜市","adm0":"Japan","iso":"JP","capital":0,"scalerank":6,"pop_max":3697894,"globe_rank":3,"min_zoom":6.0}},{"type":"Feature","geometry":{"type":"Point","coordinates":[117.67,24.5204]},"properties":{"name":"Zhangzhou","name_zh":"漳州","name_ja":"漳州市","adm0":"China","iso":"CN","capital":0,"scalerank":7,"pop_max":3531147,"globe_rank":3,"min_zoom":6.7}},{"type":"Feature","geometry":{"type":"Point","coordinates":[129.0081,35.097]},"properties":{"name":"Busan","name_zh":"釜山","name_ja":"釜山広域市","adm0":"South Korea","iso":"KR","capital":0,"scalerank":4,"pop_max":3480000,"globe_rank":3,"min_zoom":5.6}},{"type":"Feature","geometry":{"type":"Point","coordinates":[136.913,35.1569]},"properties":{"name":"Nagoya","name_zh":"名古屋","name_ja":"名古屋市","adm0":"Japan","iso":"JP","capital":0,"scalerank":4,"pop_max":3230000,"globe_rank":3,"min_zoom":5.1}},{"type":"Feature","geometry":{"type":"Point","coordinates":[121.6279,38.9248]},"properties":{"name":"Dalian","name_zh":"大连","name_ja":"大連市","adm0":"China","iso":"CN","capital":0,"scalerank":4,"pop_max":3167000,"globe_rank":3,"min_zoom":5.1}},{"type":"Feature","geometry":{"type":"Point","coordinates":[-117.83,33.6804]},"properties":{"name":"Irvine","name_zh":"歐文","name_ja":"アーバイン","adm0":"United States of America","iso":"US","capital":0,"scalerank":7,"pop_max":3010232,"globe_rank":3,"min_zoom":6.7}},{"type":"Feature","geometry":{"type":"Point","coordinates":[28.328,-26.1476]},"properties":{"name":"Benoni","name_zh":"伯诺尼","name_ja":"ベノーニ","adm0":"South Africa","iso":"ZA","capital":0,"scalerank":6,"pop_max":2986000,"globe_rank":3,"min_zoom":6.0}},{"type":"Feature","geometry":{"type":"Point","coordinates":[9.2031,45.4719]},"properties":{"name":"Milan","name_zh":"米兰","name_ja":"ミラノ","adm0":"Italy","iso":"IT","capital":0,"scalerank":2,"pop_max":2945000,"globe_rank":3,"min_zoom":4.7}},{"type":"Feature","geometry":{"type":"Point","coordinates":[9.2,48.78]},"properties":{"name":"Stuttgart","name_zh":"斯图加特","name_ja":"シュトゥットガルト","adm0":"Germany","iso":"DE","capital":0,"scalerank":6,"pop_max":2944700,"globe_rank":3,"min_zoom":6.0}},{"type":"Feature","geometry":{"type":"Point","coordinates":[102.6974,25.0429]},"properties":{"name":"Kunming","name_zh":"昆明","name_ja":"昆明市","adm0":"China","iso":"CN","capital":0,"scalerank":2,"pop_max":2931000,"globe_rank":3,"min_zoom":4.0}},{"type":"Feature","geometry":{"type":"Point","coordinates":[75.808,26.9231]},"properties":{"name":"Jaipur","name_zh":"斋浦尔","name_ja":"ジャイプル","adm0":"India","iso":"IN","capital":0,"scalerank":2,"pop_max":2917000,"globe_rank":3,"min_zoom":4.0}},{"type":"Feature","geometry":{"type":"Point","coordinates":[-117.1509,32.7189]},"properties":{"name":"San Diego","name_zh":"圣迭戈","name_ja":"サンディエゴ","adm0":"United States of America","iso":"US","capital":0,"scalerank":2,"pop_max":2916000,"globe_rank":3,"min_zoom":4.0}},{"type":"Feature","geometry":{"type":"Point","coordinates":[112.5431,37.877]},"properties":{"name":"Taiyuan","name_zh":"太原","name_ja":"太原市","adm0":"China","iso":"CN","capital":0,"scalerank":2,"pop_max":2913000,"globe_rank":3,"min_zoom":4.0}},{"type":"Feature","geometry":{"type":"Point","coordinates":[8.675,50.1]},"properties":{"name":"Frankfurt","name_zh":"美因河畔法兰克福","name_ja":"フランクフルト・アム・マイン","adm0":"Germany","iso":"DE","capital":0,"scalerank":2,"pop_max":2895000,"globe_rank":3,"min_zoom":4.0}},{"type":"Feature","geometry":{"type":"Point","coordinates":[120.3281,36.0919]},"properties":{"name":"Qingdao","name_zh":"青岛","name_ja":"青島市","adm0":"China","iso":"CN","capital":0,"scalerank":4,"pop_max":2866000,"globe_rank":3,"min_zoom":5.0}},{"type":"Feature","geometry":{"type":"Point","coordinates":[112.7489,-7.2473]},"properties":{"name":"Surabaya","name_zh":"泗水","name_ja":"スラバヤ","adm0":"Indonesia","iso":"ID","capital":0,"scalerank":2,"pop_max":2845000,"globe_rank":3,"min_zoom":4.0}},{"type":"Feature","geometry":{"type":"Point","coordinates":[116.9931,36.6769]},"properties":{"name":"Jinan","name_zh":"济南","name_ja":"済南市","adm0":"China","iso":"CN","capital":0,"scalerank":2,"pop_max":2798000,"globe_rank":3,"min_zoom":4.0}},{"type":"Feature","geometry":{"type":"Point","coordinates":[130.4081,33.597]},"properties":{"name":"Fukuoka","name_zh":"福冈","name_ja":"福岡市","adm0":"Japan","iso":"JP","capital":0,"scalerank":4,"pop_max":2792000,"globe_rank":3,"min_zoom":5.6}},{"type":"Feature","geometry":{"type":"Point","coordinates":[-47.0559,-22.9079]},"properties":{"name":"Campinas","name_zh":"坎皮纳斯","name_ja":"カンピーナス","adm0":"Brazil","iso":"BR","capital":0,"scalerank":4,"pop_max":2791000,"globe_rank":3,"min_zoom":5.6}},{"type":"Feature","geometry":{"type":"Point","coordinates":[120.2666,22.6333]},"properties":{"name":"Kaohsiung","name_zh":"高雄","name_ja":"高雄市","adm0":"Taiwan","iso":"TW","capital":0,"scalerank":3,"pop_max":2769072,"globe_rank":3,"min_zoom":5.0}},{"type":"Feature","geometry":{"type":"Point","coordinates":[121.03,14.6504]},"properties":{"name":"Quezon City","name_zh":"奎松","name_ja":"ケソン市","adm0":"Philippines","iso":"PH","capital":0,"scalerank":7,"pop_max":2761720,"globe_rank":3,"min_zoom":6.7}},{"type":"Feature","geometry":{"type":"Point","coordinates":[19.02,50.2604]},"properties":{"name":"Katowice","name_zh":"卡托维兹","name_ja":"カトヴィツェ","adm0":"Poland","iso":"PL","capital":0,"scalerank":7,"pop_max":2746000,"globe_rank":3,"min_zoom":6.1}},{"type":"Feature","geometry":{"type":"Point","coordinates":[37.1681,36.2319]},"properties":{"name":"Aleppo","name_zh":"阿勒颇","name_ja":"アレッポ","adm0":"Syria","iso":"SY","capital":0,"scalerank":2,"pop_max":2738000,"globe_rank":3,"min_zoom":4.7}},{"type":"Feature","geometry":{"type":"Point","coordinates":[31.0109,-29.8607]},"properties":{"name":"Durban","name_zh":"德班","name_ja":"ダーバン","adm0":"South Africa","iso":"ZA","capital":0,"scalerank":2,"pop_max":2729000,"globe_rank":3,"min_zoom":4.0}},{"type":"Feature","geometry":{"type":"Point","coordinates":[80.9131,26.857]},"properties":{"name":"Lucknow","name_zh":"勒克瑙","name_ja":"ラクナウ","adm0":"India","iso":"IN","capital":0,"scalerank":4,"pop_max":2695000,"globe_rank":3,"min_zoom":5.6}},{"type":"Feature","geometry":{"type":"Point","coordinates":[31.19,30.01]},"properties":{"name":"Giza","name_zh":"吉萨","name_ja":"ギーザ","adm0":"Egypt","iso":"EG","capital":0,"scalerank":6,"pop_max":2681863,"globe_rank":3,"min_zoom":6.0}},{"type":"Feature","geometry":{"type":"Point","coordinates":[113.6631,34.7569]},"properties":{"name":"Zhengzhou","name_zh":"郑州","name_ja":"鄭州市","adm0":"China","iso":"CN","capital":0,"scalerank":2,"pop_max":2636000,"globe_rank":3,"min_zoom":4.0}},{"type":"Feature","geometry":{"type":"Point","coordinates":[120.6817,24.1521]},"properties":{"name":"Taichung","name_zh":"台中","name_ja":"台中市","adm0":"Taiwan","iso":"TW","capital":0,"scalerank":4,"pop_max":2629323,"globe_rank":3,"min_zoom":5.6}},{"type":"Feature","geometry":{"type":"Point","coordinates":[3.928,7.382]},"properties":{"name":"Ibadan","name_zh":"伊巴丹","name_ja":"イバダン","adm0":"Nigeria","iso":"NG","capital":0,"scalerank":4,"pop_max":2628000,"globe_rank":3,"min_zoom":5.1}},{"type":"Feature","geometry":{"type":"Point","coordinates":[73.1081,31.4119]},"properties":{"name":"Faisalabad","name_zh":"费萨拉巴德","name_ja":"ファイサラーバード","adm0":"Pakistan","iso":"PK","capital":0,"scalerank":6,"pop_max":2617000,"globe_rank":3,"min_zoom":6.0}},{"type":"Feature","geometry":{"type":"Point","coordinates":[-93.2537,44.9819]},"properties":{"name":"Minneapolis","name_zh":"明尼阿波利斯","name_ja":"ミネアポリス","adm0":"United States of America","iso":"US","capital":0,"scalerank":2,"pop_max":2616000,"globe_rank":3,"min_zoom":4.0}},{"type":"Feature","geometry":{"type":"Point","coordinates":[119.2981,26.0819]},"properties":{"name":"Fuzhou","name_zh":"福州","name_ja":"福州市","adm0":"China","iso":"CN","capital":0,"scalerank":2,"pop_max":2606000,"globe_rank":3,"min_zoom":4.7}},{"type":"Feature","geometry":{"type":"Point","coordinates":[112.968,28.2019]},"properties":{"name":"Changsha","name_zh":"长沙","name_ja":"長沙市","adm0":"China","iso":"CN","capital":0,"scalerank":2,"pop_max":2604000,"globe_rank":3,"min_zoom":4.7}},{"type":"Feature","geometry":{"type":"Point","coordinates":[27.1498,38.4381]},"properties":{"name":"İzmir","name_zh":"伊兹密尔","name_ja":"イズミル","adm0":"Turkey","iso":"TR","capital":0,"scalerank":4,"pop_max":2587000,"globe_rank":3,"min_zoom":5.1}},{"type":"Feature","geometry":{"type":"Point","coordinates":[112.9,27.8504]},"properties":{"name":"Xiangtan","name_zh":"湘潭","name_ja":"湘潭市","adm0":"China","iso":"CN","capital":0,"scalerank":7,"pop_max":2586948,"globe_rank":3,"min_zoom":6.7}},{"type":"Feature","geometry":{"type":"Point","coordinates":[103.7901,36.058]},"properties":{"name":"Lanzhou","name_zh":"兰州","name_ja":"蘭州市","adm0":"China","iso":"CN","capital":0,"scalerank":2,"pop_max":2561000,"globe_rank":3,"min_zoom":4.0}},{"type":"Feature","geometry":{"type":"Point","coordinates":[126.6403,37.4781]},"properties":{"name":"Incheon","name_zh":"仁川廣域","name_ja":"仁川広域市","adm0":"South Korea","iso":"KR","capital":0,"scalerank":4,"pop_max":2550000,"globe_rank":3,"min_zoom":5.6}},{"type":"Feature","geometry":{"type":"Point","coordinates":[141.3381,43.0769]},"properties":{"name":"Sapporo","name_zh":"札幌","name_ja":"札幌市","adm0":"Japan","iso":"JP","capital":0,"scalerank":2,"pop_max":2544000,"globe_rank":3,"min_zoom":4.0}},{"type":"Feature","geometry":{"type":"Point","coordinates":[118.0781,24.4519]},"properties":{"name":"Xiamen","name_zh":"厦门","name_ja":"廈門市","adm0":"China","iso":"CN","capital":0,"scalerank":4,"pop_max":2519000,"globe_rank":3,"min_zoom":5.6}},{"type":"Feature","geometry":{"type":"Point","coordinates":[-79.922,-2.2181]},"properties":{"name":"Guayaquil","name_zh":"瓜亚基尔","name_ja":"グアヤキル","adm0":"Ecuador","iso":"EC","capital":0,"scalerank":2,"pop_max":2514000,"globe_rank":3,"min_zoom":4.7}},{"type":"Feature","geometry":{"type":"Point","coordinates":[100.3294,5.4136]},"properties":{"name":"George Town","name_zh":"乔治","name_ja":"ジョージタウン","adm0":"Malaysia","iso":"MY","capital":0,"scalerank":4,"pop_max":2500000,"globe_rank":3,"min_zoom":5.1}},{"type":"Feature","geometry":{"type":"Point","coordinates":[-66.13,18.44]},"properties":{"name":"San Juan","name_zh":"圣胡安","name_ja":"サン・フアン","adm0":"Puerto Rico","iso":"PR","capital":0,"scalerank":3,"pop_max":2478905,"globe_rank":3,"min_zoom":5.0}},{"type":"Feature","geometry":{"type":"Point","coordinates":[59.5681,36.272]},"properties":{"name":"Mashhad","name_zh":"马什哈德","name_ja":"マシュハド","adm0":"Iran","iso":"IR","capital":0,"scalerank":2,"pop_max":2469000,"globe_rank":3,"min_zoom":4.0}},{"type":"Feature","geometry":{"type":"Point","coordinates":[128.605,35.8687]},"properties":{"name":"Daegu","name_zh":"大邱","name_ja":"大邱広域市","adm0":"South Korea","iso":"KR","capital":0,"scalerank":6,"pop_max":2460000,"globe_rank":3,"min_zoom":6.0}},{"type":"Feature","geometry":{"type":"Point","coordinates":[79.088,21.1719]},"properties":{"name":"Nagpur","name_zh":"纳格普尔","name_ja":"ナーグプル","adm0":"India","iso":"IN","capital":0,"scalerank":2,"pop_max":2454000,"globe_rank":3,"min_zoom":4.0}},{"type":"Feature","geometry":{"type":"Point","coordinates":[120.828,40.7523]},"properties":{"name":"Jinxi","name_zh":"锦溪","name_ja":"錦渓鎮","adm0":"China","iso":"CN","capital":0,"scalerank":4,"pop_max":2426000,"globe_rank":3,"min_zoom":5.6}},{"type":"Feature","geometry":{"type":"Point","coordinates":[114.478,38.052]},"properties":{"name":"Shijiazhuang","name_zh":"石家庄","name_ja":"石家荘市","adm0":"China","iso":"CN","capital":0,"scalerank":4,"pop_max":2417000,"globe_rank":3,"min_zoom":5.6}},{"type":"Feature","geometry":{"type":"Point","coordinates":[126.5481,43.8519]},"properties":{"name":"Jilin","name_zh":"吉林","name_ja":"吉林市","adm0":"China","iso":"CN","capital":0,"scalerank":4,"pop_max":2396000,"globe_rank":3,"min_zoom":5.6}},{"type":"Feature","geometry":{"type":"Point","coordinates":[32.48,15.6167]},"properties":{"name":"Omdurman","name_zh":"恩图曼","name_ja":"オムドゥルマン","adm0":"Sudan","iso":"SD","capital":0,"scalerank":4,"pop_max":2395159,"globe_rank":3,"min_zoom":5.6}},{"type":"Feature","geometry":{"type":"Point","coordinates":[107.5681,-6.9481]},"properties":{"name":"Bandung","name_zh":"万隆","name_ja":"バンドン","adm0":"Indonesia","iso":"ID","capital":0,"scalerank":2,"pop_max":2394000,"globe_rank":3,"min_zoom":4.7}},{"type":"Feature","geometry":{"type":"Point","coordinates":[106.9723,-6.2173]},"properties":{"name":"Bekasi","name_zh":"勿加泗","name_ja":"ブカシ","adm0":"Indonesia","iso":"ID","capital":0,"scalerank":7,"pop_max":2378211,"globe_rank":3,"min_zoom":6.7}},{"type":"Feature","geometry":{"type":"Point","coordinates":[8.47,49.5004]},"properties":{"name":"Mannheim","name_zh":"曼海姆","name_ja":"マンハイム","adm0":"Germany","iso":"DE","capital":0,"scalerank":7,"pop_max":2362000,"globe_rank":3,"min_zoom":6.1}},{"type":"Feature","geometry":{"type":"Point","coordinates":[120.6481,28.0219]},"properties":{"name":"Wenzhou","name_zh":"温州","name_ja":"温州市","adm0":"China","iso":"CN","capital":0,"scalerank":4,"pop_max":2350000,"globe_rank":3,"min_zoom":5.1}},{"type":"Feature","geometry":{"type":"Point","coordinates":[115.8781,28.6819]},"properties":{"name":"Nanchang","name_zh":"南昌","name_ja":"南昌市","adm0":"China","iso":"CN","capital":0,"scalerank":2,"pop_max":2350000,"globe_rank":3,"min_zoom":4.7}},{"type":"Feature","geometry":{"type":"Point","coordinates":[-82.4606,27.9489]},"properties":{"name":"Tampa","name_zh":"坦帕","name_ja":"タンパ","adm0":"United States of America","iso":"US","capital":0,"scalerank":2,"pop_max":2314000,"globe_rank":3,"min_zoom":5.0}},{"type":"Feature","geometry":{"type":"Point","coordinates":[-1.9219,52.4769]},"properties":{"name":"Birmingham","name_zh":"伯明翰","name_ja":"バーミンガム","adm0":"United Kingdom","iso":"GB","capital":0,"scalerank":4,"pop_max":2285000,"globe_rank":3,"min_zoom":5.0}},{"type":"Feature","geometry":{"type":"Point","coordinates":[-76.6146,39.2815]},"properties":{"name":"Baltimore","name_zh":"巴尔的摩","name_ja":"ボルチモア","adm0":"United States of America","iso":"US","capital":0,"scalerank":4,"pop_max":2255000,"globe_rank":3,"min_zoom":5.6}},{"type":"Feature","geometry":{"type":"Point","coordinates":[-76.5019,3.4019]},"properties":{"name":"Cali","name_zh":"卡利","name_ja":"サンティアゴ・デ・カリ","adm0":"Colombia","iso":"CO","capital":0,"scalerank":2,"pop_max":2254000,"globe_rank":3,"min_zoom":4.0}},{"type":"Feature","geometry":{"type":"Point","coordinates":[140.8697,38.2684]},"properties":{"name":"Sendai","name_zh":"仙台","name_ja":"仙台市","adm0":"Japan","iso":"JP","capital":0,"scalerank":4,"pop_max":2250000,"globe_rank":3,"min_zoom":5.1}},{"type":"Feature","geometry":{"type":"Point","coordinates":[14.2431,40.842]},"properties":{"name":"Naples","name_zh":"那不勒斯","name_ja":"ナポリ","adm0":"Italy","iso":"IT","capital":0,"scalerank":2,"pop_max":2250000,"globe_rank":3,"min_zoom":4.7}},{"type":"Feature","geometry":{"type":"Point","coordinates":[-2.2487,53.4753]},"properties":{"name":"Manchester","name_zh":"曼彻斯特","name_ja":"マンチェスター","adm0":"United Kingdom","iso":"GB","capital":0,"scalerank":4,"pop_max":2230000,"globe_rank":3,"min_zoom":5.0}},{"type":"Feature","geometry":{"type":"Point","coordinates":[-90.2419,38.637]},"properties":{"name":"St. Louis","name_zh":"圣路易斯","name_ja":"セントルイス","adm0":"United States of America","iso":"US","capital":0,"scalerank":2,"pop_max":2199000,"globe_rank":3,"min_zoom":4.0}},{"type":"Feature","geometry":{"type":"Point","coordinates":[-98.2037,19.0326]},"properties":{"name":"Puebla","name_zh":"普埃布拉","name_ja":"プエブラ","adm0":"Mexico","iso":"MX","capital":0,"scalerank":2,"pop_max":2195000,"globe_rank":3,"min_zoom":4.0}},{"type":"Feature","geometry":{"type":"Point","coordinates":[106.1281,30.7824]},"properties":{"name":"Nanchong","name_zh":"南充","name_ja":"南充市","adm0":"China","iso":"CN","capital":0,"scalerank":4,"pop_max":2174000,"globe_rank":3,"min_zoom":5.6}},{"type":"Feature","geometry":{"type":"Point","coordinates":[108.3181,22.8219]},"properties":{"name":"Nanning","name_zh":"南宁","name_ja":"南寧市","adm0":"China","iso":"CN","capital":0,"scalerank":2,"pop_max":2167000,"globe_rank":3,"min_zoom":4.0}},{"type":"Feature","geometry":{"type":"Point","coordinates":[-48.482,-1.4481]},"properties":{"name":"Belém","name_zh":"贝伦","name_ja":"ベレン","adm0":"Brazil","iso":"BR","capital":0,"scalerank":2,"pop_max":2167000,"globe_rank":3,"min_zoom":4.0}},{"type":"Feature","geometry":{"type":"Point","coordinates":[85.1281,25.6269]},"properties":{"name":"Patna","name_zh":"巴特那","name_ja":"パトナ","adm0":"India","iso":"IN","capital":0,"scalerank":2,"pop_max":2158000,"globe_rank":3,"min_zoom":4.7}},{"type":"Feature","geometry":{"type":"Point","coordinates":[117.5681,34.8819]},"properties":{"name":"Zaozhuang","name_zh":"枣庄","name_ja":"棗荘市","adm0":"China","iso":"CN","capital":0,"scalerank":4,"pop_max":2145000,"globe_rank":3,"min_zoom":5.1}},{"type":"Feature","geometry":{"type":"Point","coordinates":[121.3981,37.5324]},"properties":{"name":"Yantai","name_zh":"烟台","name_ja":"煙台市","adm0":"China","iso":"CN","capital":0,"scalerank":4,"pop_max":2116000,"globe_rank":3,"min_zoom":5.6}},{"type":"Feature","geometry":{"type":"Point","coordinates":[98.6481,3.5819]},"properties":{"name":"Medan","name_zh":"棉兰","name_ja":"メダン","adm0":"Indonesia","iso":"ID","capital":0,"scalerank":2,"pop_max":2115000,"globe_rank":3,"min_zoom":4.0}},{"type":"Feature","geometry":{"type":"Point","coordinates":[-63.2279,-17.752]},"properties":{"name":"Santa Cruz","name_zh":"圣克鲁斯","name_ja":"サンタ・クルス・デ・ラ・シエラ","adm0":"Bolivia","iso":"BO","capital":0,"scalerank":3,"pop_max":2102998,"globe_rank":3,"min_zoom":5.0}},{"type":"Feature","geometry":{"type":"Point","coordinates":[117.1781,34.282]},"properties":{"name":"Xuzhou","name_zh":"徐州","name_ja":"徐州市","adm0":"China","iso":"CN","capital":0,"scalerank":4,"pop_max":2091000,"globe_rank":3,"min_zoom":5.6}},{"type":"Feature","geometry":{"type":"Point","coordinates":[118.328,35.0819]},"properties":{"name":"Linyi","name_zh":"临沂","name_ja":"臨沂市","adm0":"China","iso":"CN","capital":0,"scalerank":4,"pop_max":2082000,"globe_rank":3,"min_zoom":5.6}},{"type":"Feature","geometry":{"type":"Point","coordinates":[-71.6619,10.7319]},"properties":{"name":"Maracaibo","name_zh":"马拉开波","name_ja":"マラカイボ","adm0":"Venezuela","iso":"VE","capital":0,"scalerank":2,"pop_max":2072000,"globe_rank":3,"min_zoom":4.0}},{"type":"Feature","geometry":{"type":"Point","coordinates":[50.0977,26.4301]},"properties":{"name":"Dammam","name_zh":"达曼","name_ja":"ダンマーム","adm0":"Saudi Arabia","iso":"SA","capital":0,"scalerank":7,"pop_max":2054710,"globe_rank":3,"min_zoom":6.7}},{"type":"Feature","geometry":{"type":"Point","coordinates":[110.32,20.05]},"properties":{"name":"Haikou","name_zh":"海口","name_ja":"海口市","adm0":"China","iso":"CN","capital":0,"scalerank":6,"pop_max":2046189,"globe_rank":3,"min_zoom":6.0}},{"type":"Feature","geometry":{"type":"Point","coordinates":[132.441,34.3898]},"properties":{"name":"Hiroshima","name_zh":"广岛","name_ja":"広島市","adm0":"Japan","iso":"JP","capital":0,"scalerank":2,"pop_max":2045000,"globe_rank":3,"min_zoom":4.0}},{"type":"Feature","geometry":{"type":"Point","coordinates":[-80.1418,26.1361]},"properties":{"name":"Fort Lauderdale","name_zh":"劳德代尔堡","name_ja":"フォートローダーデール","adm0":"United States of America","iso":"US","capital":0,"scalerank":7,"pop_max":2042042,"globe_rank":3,"min_zoom":6.1}},{"type":"Feature","geometry":{"type":"Point","coordinates":[-118.2003,33.777]},"properties":{"name":"Long Beach","name_zh":"長灘","name_ja":"ロングビーチ","adm0":"United States of America","iso":"US","capital":0,"scalerank":6,"pop_max":2036134,"globe_rank":3,"min_zoom":6.0}},{"type":"Feature","geometry":{"type":"Point","coordinates":[109.8201,40.6542]},"properties":{"name":"Baotou","name_zh":"包头","name_ja":"包頭市","adm0":"China","iso":"CN","capital":0,"scalerank":2,"pop_max":2036000,"globe_rank":3,"min_zoom":4.0}},{"type":"Feature","geometry":{"type":"Point","coordinates":[117.2781,31.852]},"properties":{"name":"Hefei","name_zh":"合肥","name_ja":"合肥市","adm0":"China","iso":"CN","capital":0,"scalerank":4,"pop_max":2035000,"globe_rank":3,"min_zoom":5.6}},{"type":"Feature","geometry":{"type":"Point","coordinates":[75.8631,22.717]},"properties":{"name":"Indore","name_zh":"因多尔","name_ja":"インドール","adm0":"India","iso":"IN","capital":0,"scalerank":4,"pop_max":2026000,"globe_rank":3,"min_zoom":5.6}},{"type":"Feature","geometry":{"type":"Point","coordinates":[-49.302,-16.7181]},"properties":{"name":"Goiânia","name_zh":"戈亚尼亚","name_ja":"ゴイアニア","adm0":"Brazil","iso":"BR","capital":0,"scalerank":2,"pop_max":2022000,"globe_rank":3,"min_zoom":4.7}},{"type":"Feature","geometry":{"type":"Point","coordinates":[-81.6969,41.4719]},"properties":{"name":"Cleveland","name_zh":"克里夫兰","name_ja":"クリーヴランド","adm0":"United States of America","iso":"US","capital":0,"scalerank":3,"pop_max":1890000,"globe_rank":3,"min_zoom":5.0}},{"type":"Feature","geometry":{"type":"Point","coordinates":[-122.6819,45.522]},"properties":{"name":"Portland","name_zh":"波特兰","name_ja":"ポートランド","adm0":"United States of America","iso":"US","capital":0,"scalerank":3,"pop_max":1875000,"globe_rank":3,"min_zoom":4.0}},{"type":"Feature","geometry":{"type":"Point","coordinates":[153.0331,-27.4531]},"properties":{"name":"Brisbane","name_zh":"布里斯班","name_ja":"ブリスベン","adm0":"Australia","iso":"AU","capital":0,"scalerank":3,"pop_max":1860000,"globe_rank":3,"min_zoom":4.0}},{"type":"Feature","geometry":{"type":"Point","coordinates":[-80.0019,40.4319]},"properties":{"name":"Pittsburgh","name_zh":"匹兹堡","name_ja":"ピッツバーグ","adm0":"United States of America","iso":"US","capital":0,"scalerank":3,"pop_max":1838000,"globe_rank":3,"min_zoom":5.0}},{"type":"Feature","geometry":{"type":"Point","coordinates":[-115.1514,36.1648]},"properties":{"name":"Las Vegas","name_zh":"拉斯维加斯","name_ja":"ラスベガス","adm0":"United States of America","iso":"US","capital":0,"scalerank":3,"pop_max":1823000,"globe_rank":3,"min_zoom":5.0}},{"type":"Feature","geometry":{"type":"Point","coordinates":[-67.982,10.2319]},"properties":{"name":"Valencia","name_zh":"巴伦西亚","name_ja":"バレンシア","adm0":"Venezuela","iso":"VE","capital":0,"scalerank":3,"pop_max":1770000,"globe_rank":3,"min_zoom":5.0}},{"type":"Feature","geometry":{"type":"Point","coordinates":[9.9981,53.552]},"properties":{"name":"Hamburg","name_zh":"汉堡","name_ja":"ハンブルク","adm0":"Germany","iso":"DE","capital":0,"scalerank":2,"pop_max":1757000,"globe_rank":3,"min_zoom":5.0}},{"type":"Feature","geometry":{"type":"Point","coordinates":[-60.002,-3.0981]},"properties":{"name":"Manaus","name_zh":"马瑙斯","name_ja":"マナウス","adm0":"Brazil","iso":"BR","capital":0,"scalerank":3,"pop_max":1753000,"globe_rank":3,"min_zoom":4.0}},{"type":"Feature","geometry":{"type":"Point","coordinates":[104.7481,-2.9781]},"properties":{"name":"Palembang","name_zh":"巨港","name_ja":"パレンバン","adm0":"Indonesia","iso":"ID","capital":0,"scalerank":3,"pop_max":1749000,"globe_rank":3,"min_zoom":5.0}},{"type":"Feature","geometry":{"type":"Point","coordinates":[77.408,23.2519]},"properties":{"name":"Bhopal","name_zh":"博帕尔","name_ja":"ボーパール","adm0":"India","iso":"IN","capital":0,"scalerank":3,"pop_max":1727000,"globe_rank":3,"min_zoom":5.0}},{"type":"Feature","geometry":{"type":"Point","coordinates":[76.9481,11.0019]},"properties":{"name":"Coimbatore","name_zh":"科伊巴拓雷","name_ja":"コーヤンブットゥール","adm0":"India","iso":"IN","capital":0,"scalerank":3,"pop_max":1696000,"globe_rank":3,"min_zoom":5.0}},{"type":"Feature","geometry":{"type":"Point","coordinates":[-121.8882,37.3309]},"properties":{"name":"San Jose","name_zh":"圣何塞","name_ja":"サンノゼ","adm0":"United States of America","iso":"US","capital":0,"scalerank":3,"pop_max":1668000,"globe_rank":3,"min_zoom":5.0}},{"type":"Feature","geometry":{"type":"Point","coordinates":[123.988,47.3469]},"properties":{"name":"Qiqihar","name_zh":"齐齐哈尔","name_ja":"チチハル市","adm0":"China","iso":"CN","capital":0,"scalerank":3,"pop_max":1641000,"globe_rank":3,"min_zoom":4.0}},{"type":"Feature","geometry":{"type":"Point","coordinates":[-84.4589,39.1638]},"properties":{"name":"Cincinnati","name_zh":"辛辛那提","name_ja":"シンシナティ","adm0":"United States of America","iso":"US","capital":0,"scalerank":3,"pop_max":1636000,"globe_rank":3,"min_zoom":5.0}},{"type":"Feature","geometry":{"type":"Point","coordinates":[51.6981,32.702]},"properties":{"name":"Isfahan","name_zh":"伊斯法罕","name_ja":"エスファハーン","adm0":"Iran","iso":"IR","capital":0,"scalerank":3,"pop_max":1628000,"globe_rank":3,"min_zoom":5.0}},{"type":"Feature","geometry":{"type":"Point","coordinates":[-121.472,38.577]},"properties":{"name":"Sacramento","name_zh":"沙加缅度","name_ja":"サクラメント","adm0":"United States of America","iso":"US","capital":0,"scalerank":3,"pop_max":1604000,"globe_rank":3,"min_zoom":5.0}},{"type":"Feature","geometry":{"type":"Point","coordinates":[116.6681,23.372]},"properties":{"name":"Shantou","name_zh":"汕头","name_ja":"汕頭市","adm0":"China","iso":"CN","capital":0,"scalerank":3,"pop_max":1601000,"globe_rank":3,"min_zoom":5.0}},{"type":"Feature","geometry":{"type":"Point","coordinates":[-117.0819,32.502]},"properties":{"name":"Tijuana","name_zh":"蒂华纳","name_ja":"ティフアナ","adm0":"Mexico","iso":"MX","capital":0,"scalerank":3,"pop_max":1553000,"globe_rank":3,"min_zoom":5.0}},{"type":"Feature","geometry":{"type":"Point","coordinates":[115.8381,-31.9531]},"properties":{"name":"Perth","name_zh":"珀斯","name_ja":"パース","adm0":"Australia","iso":"AU","capital":0,"scalerank":2,"pop_max":1532000,"globe_rank":3,"min_zoom":3.7}},{"type":"Feature","geometry":{"type":"Point","coordinates":[83.2198,17.6829]},"properties":{"name":"Vishakhapatnam","name_zh":"维沙卡帕特南","name_ja":"ヴィシャーカパトナム","adm0":"India","iso":"IN","capital":0,"scalerank":3,"pop_max":1529000,"globe_rank":3,"min_zoom":5.0}},{"type":"Feature","geometry":{"type":"Point","coordinates":[71.4531,30.2019]},"properties":{"name":"Multan","name_zh":"木尔坦","name_ja":"ムルターン","adm0":"Pakistan","iso":"PK","capital":0,"scalerank":3,"pop_max":1522000,"globe_rank":3,"min_zoom":5.0}},{"type":"Feature","geometry":{"type":"Point","coordinates":[-98.4927,29.4198]},"properties":{"name":"San Antonio","name_zh":"圣安东尼奥","name_ja":"サン・アントニオ","adm0":"United States of America","iso":"US","capital":0,"scalerank":3,"pop_max":1473000,"globe_rank":3,"min_zoom":5.0}},{"type":"Feature","geometry":{"type":"Point","coordinates":[68.373,25.3819]},"properties":{"name":"Hyderabad","name_zh":"海得拉巴","name_ja":"ハイデラバード","adm0":"Pakistan","iso":"PK","capital":0,"scalerank":3,"pop_max":1459000,"globe_rank":3,"min_zoom":5.0}},{"type":"Feature","geometry":{"type":"Point","coordinates":[-64.1842,-31.398]},"properties":{"name":"Córdoba","name_zh":"科尔多瓦","name_ja":"コルドバ","adm0":"Argentina","iso":"AR","capital":0,"scalerank":3,"pop_max":1452000,"globe_rank":3,"min_zoom":4.0}},{"type":"Feature","geometry":{"type":"Point","coordinates":[116.978,32.6319]},"properties":{"name":"Huainan","name_zh":"淮南","name_ja":"淮南市","adm0":"China","iso":"CN","capital":0,"scalerank":3,"pop_max":1451000,"globe_rank":3,"min_zoom":5.0}},{"type":"Feature","geometry":{"type":"Point","coordinates":[4.8281,45.772]},"properties":{"name":"Lyon","name_zh":"里昂","name_ja":"リヨン","adm0":"France","iso":"FR","capital":0,"scalerank":3,"pop_max":1423000,"globe_rank":3,"min_zoom":4.7}},{"type":"Feature","geometry":{"type":"Point","coordinates":[125.628,7.112]},"properties":{"name":"Davao","name_zh":"达沃","name_ja":"ダバオ","adm0":"Philippines","iso":"PH","capital":0,"scalerank":3,"pop_max":1402000,"globe_rank":3,"min_zoom":5.0}},{"type":"Feature","geometry":{"type":"Point","coordinates":[110.4181,-6.9647]},"properties":{"name":"Semarang","name_zh":"三宝垄","name_ja":"スマラン","adm0":"Indonesia","iso":"ID","capital":0,"scalerank":3,"pop_max":1396000,"globe_rank":3,"min_zoom":5.0}},{"type":"Feature","geometry":{"type":"Point","coordinates":[82.9581,55.0319]},"properties":{"name":"Novosibirsk","name_zh":"新西伯利亚","name_ja":"ノヴォシビルスク","adm0":"Russia","iso":"RU","capital":0,"scalerank":3,"pop_max":1389000,"globe_rank":3,"min_zoom":5.0}},{"type":"Feature","geometry":{"type":"Point","coordinates":[-87.9167,43.0296]},"properties":{"name":"Milwaukee","name_zh":"密尔沃基","name_ja":"ミルウォーキー","adm0":"United States of America","iso":"US","capital":0,"scalerank":3,"pop_max":1388000,"globe_rank":3,"min_zoom":5.0}},{"type":"Feature","geometry":{"type":"Point","coordinates":[39.8181,21.432]},"properties":{"name":"Makkah","name_zh":"麦加","name_ja":"メッカ","adm0":"Saudi Arabia","iso":"SA","capital":0,"scalerank":2,"pop_max":1385000,"globe_rank":3,"min_zoom":3.7}},{"type":"Feature","geometry":{"type":"Point","coordinates":[27.4781,-11.6781]},"properties":{"name":"Lubumbashi","name_zh":"卢本巴希","name_ja":"ルブンバシ","adm0":"Congo (Kinshasa)","iso":"CD","capital":0,"scalerank":3,"pop_max":1352000,"globe_rank":3,"min_zoom":5.0}},{"type":"Feature","geometry":{"type":"Point","coordinates":[82.9981,25.3319]},"properties":{"name":"Varanasi","name_zh":"瓦兰希","name_ja":"ヴァーラーナシー","adm0":"India","iso":"IN","capital":0,"scalerank":3,"pop_max":1352000,"globe_rank":3,"min_zoom":5.0}},{"type":"Feature","geometry":{"type":"Point","coordinates":[86.9814,23.6853]},"properties":{"name":"Asansol","name_zh":"阿桑索尔","name_ja":"アサンソル","adm0":"India","iso":"IN","capital":0,"scalerank":3,"pop_max":1328000,"globe_rank":3,"min_zoom":5.0}},{"type":"Feature","geometry":{"type":"Point","coordinates":[60.598,56.852]},"properties":{"name":"Yekaterinburg","name_zh":"叶卡捷琳堡","name_ja":"エカテリンブルク","adm0":"Russia","iso":"RU","capital":0,"scalerank":3,"pop_max":1313000,"globe_rank":3,"min_zoom":5.0}},{"type":"Feature","geometry":{"type":"Point","coordinates":[71.5331,34.007]},"properties":{"name":"Peshawar","name_zh":"白沙瓦","name_ja":"ペシャーワル","adm0":"Pakistan","iso":"PK","capital":0,"scalerank":3,"pop_max":1303000,"globe_rank":3,"min_zoom":5.0}},{"type":"Feature","geometry":{"type":"Point","coordinates":[86.1956,22.7895]},"properties":{"name":"Jamshedpur","name_zh":"贾姆谢德布尔","name_ja":"ジャムシェードプル","adm0":"India","iso":"IN","capital":0,"scalerank":3,"pop_max":1300000,"globe_rank":3,"min_zoom":5.0}},{"type":"Feature","geometry":{"type":"Point","coordinates":[78.1181,9.922]},"properties":{"name":"Madurai","name_zh":"马杜赖","name_ja":"マドゥライ","adm0":"India","iso":"IN","capital":0,"scalerank":3,"pop_max":1294000,"globe_rank":3,"min_zoom":5.0}},{"type":"Feature","geometry":{"type":"Point","coordinates":[43.9981,56.335]},"properties":{"name":"Nizhny Novgorod","name_zh":"下诺夫哥罗德","name_ja":"ニジニ・ノヴゴロド","adm0":"Russia","iso":"RU","capital":0,"scalerank":3,"pop_max":1278000,"globe_rank":3,"min_zoom":5.0}},{"type":"Feature","geometry":{"type":"Point","coordinates":[11.573,48.1319]},"properties":{"name":"Munich","name_zh":"慕尼黑","name_ja":"ミュンヘン","adm0":"Germany","iso":"DE","capital":0,"scalerank":2,"pop_max":1275000,"globe_rank":3,"min_zoom":4.7}},{"type":"Feature","geometry":{"type":"Point","coordinates":[119.4301,-5.138]},"properties":{"name":"Makassar","name_zh":"望加锡","name_ja":"マカッサル","adm0":"Indonesia","iso":"ID","capital":0,"scalerank":3,"pop_max":1262000,"globe_rank":3,"min_zoom":5.0}},{"type":"Feature","geometry":{"type":"Point","coordinates":[52.5681,29.6319]},"properties":{"name":"Shiraz","name_zh":"西菈子","name_ja":"シーラーズ","adm0":"Iran","iso":"IR","capital":0,"scalerank":3,"pop_max":1240000,"globe_rank":3,"min_zoom":5.0}},{"type":"Feature","geometry":{"type":"Point","coordinates":[-5.98,37.405]},"properties":{"name":"Seville","name_zh":"塞维利亚","name_ja":"セビリア","adm0":"Spain","iso":"ES","capital":0,"scalerank":3,"pop_max":1212045,"globe_rank":3,"min_zoom":5.0}},{"type":"Feature","geometry":{"type":"Point","coordinates":[74.868,31.6419]},"properties":{"name":"Amritsar","name_zh":"阿姆利则","name_ja":"アムリトサル","adm0":"India","iso":"IN","capital":0,"scalerank":3,"pop_max":1212000,"globe_rank":3,"min_zoom":5.0}},{"type":"Feature","geometry":{"type":"Point","coordinates":[76.9131,43.3269]},"properties":{"name":"Almaty","name_zh":"阿拉木图","name_ja":"アルマトイ","adm0":"Kazakhstan","iso":"KZ","capital":0,"scalerank":3,"pop_max":1209000,"globe_rank":3,"min_zoom":5.0}},{"type":"Feature","geometry":{"type":"Point","coordinates":[20.0648,32.1187]},"properties":{"name":"Banghazi","name_zh":"班加西","name_ja":"ベンガジ","adm0":"Libya","iso":"LY","capital":0,"scalerank":3,"pop_max":1180000,"globe_rank":3,"min_zoom":4.7}},{"type":"Feature","geometry":{"type":"Point","coordinates":[-78.647,35.7727]},"properties":{"name":"Raleigh","name_zh":"罗利","name_ja":"ローリー","adm0":"United States of America","iso":"US","capital":0,"scalerank":3,"pop_max":1163515,"globe_rank":3,"min_zoom":5.0}},{"type":"Feature","geometry":{"type":"Point","coordinates":[-4.2391,55.8623]},"properties":{"name":"Glasgow","name_zh":"格拉斯哥","name_ja":"グラスゴー","adm0":"United Kingdom","iso":"GB","capital":0,"scalerank":3,"pop_max":1160000,"globe_rank":3,"min_zoom":4.0}},{"type":"Feature","geometry":{"type":"Point","coordinates":[138.5981,-34.933]},"properties":{"name":"Adelaide","name_zh":"阿德莱德","name_ja":"アデレード","adm0":"Australia","iso":"AU","capital":0,"scalerank":3,"pop_max":1145000,"globe_rank":3,"min_zoom":3.7}},{"type":"Feature","geometry":{"type":"Point","coordinates":[50.1493,53.197]},"properties":{"name":"Samara","name_zh":"萨马拉","name_ja":"サマーラ","adm0":"Russia","iso":"RU","capital":0,"scalerank":3,"pop_max":1137000,"globe_rank":3,"min_zoom":3.7}},{"type":"Feature","geometry":{"type":"Point","coordinates":[49.1244,55.7519]},"properties":{"name":"Kazan","name_zh":"喀山","name_ja":"カザン","adm0":"Russia","iso":"RU","capital":0,"scalerank":3,"pop_max":1115000,"globe_rank":3,"min_zoom":5.0}},{"type":"Feature","geometry":{"type":"Point","coordinates":[-114.0819,51.0849]},"properties":{"name":"Calgary","name_zh":"卡尔加里","name_ja":"カルガリー","adm0":"Canada","iso":"CA","capital":0,"scalerank":3,"pop_max":1110000,"globe_rank":3,"min_zoom":4.0}},{"type":"Feature","geometry":{"type":"Point","coordinates":[8.5481,47.3819]},"properties":{"name":"Zürich","name_zh":"苏黎世","name_ja":"チューリッヒ","adm0":"Switzerland","iso":"CH","capital":0,"scalerank":2,"pop_max":1108000,"globe_rank":3,"min_zoom":4.7}},{"type":"Feature","geometry":{"type":"Point","coordinates":[15.7581,-12.748]},"properties":{"name":"Huambo","name_zh":"万博","name_ja":"ウアンボ","adm0":"Angola","iso":"AO","capital":0,"scalerank":3,"pop_max":1100000,"globe_rank":3,"min_zoom":5.0}},{"type":"Feature","geometry":{"type":"Point","coordinates":[81.3722,21.2113]},"properties":{"name":"Bhilai","name_zh":"比莱","name_ja":"ビライ","adm0":"India","iso":"IN","capital":0,"scalerank":3,"pop_max":1097000,"globe_rank":3,"min_zoom":5.0}},{"type":"Feature","geometry":{"type":"Point","coordinates":[-90.0288,35.1447]},"properties":{"name":"Memphis","name_zh":"孟菲斯","name_ja":"メンフィス","adm0":"United States of America","iso":"US","capital":0,"scalerank":3,"pop_max":1081000,"globe_rank":3,"min_zoom":5.0}},{"type":"Feature","geometry":{"type":"Point","coordinates":[-113.5019,53.552]},"properties":{"name":"Edmonton","name_zh":"埃德蒙顿","name_ja":"エドモントン","adm0":"Canada","iso":"CA","capital":0,"scalerank":2,"pop_max":1058000,"globe_rank":3,"min_zoom":4.0}},{"type":"Feature","geometry":{"type":"Point","coordinates":[101.7681,36.6219]},"properties":{"name":"Xining","name_zh":"西宁","name_ja":"西寧市","adm0":"China","iso":"CN","capital":0,"scalerank":3,"pop_max":1048000,"globe_rank":3,"min_zoom":4.7}},{"type":"Feature","geometry":{"type":"Point","coordinates":[-76.28,36.85]},"properties":{"name":"Norfolk","name_zh":"諾福克","name_ja":"ノーフォーク","adm0":"United States of America","iso":"US","capital":0,"scalerank":3,"pop_max":1047869,"globe_rank":3,"min_zoom":5.7}},{"type":"Feature","geometry":{"type":"Point","coordinates":[-48.522,-27.578]},"properties":{"name":"Florianópolis","name_zh":"弗洛里亚诺波利斯","name_ja":"フロリアノーポリス","adm0":"Brazil","iso":"BR","capital":0,"scalerank":3,"pop_max":1023000,"globe_rank":3,"min_zoom":5.0}},{"type":"Feature","geometry":{"type":"Point","coordinates":[25.5981,-33.9681]},"properties":{"name":"Port Elizabeth","name_zh":"伊莉莎白港","name_ja":"ポート・エリザベス","adm0":"South Africa","iso":"ZA","capital":0,"scalerank":3,"pop_max":1021000,"globe_rank":3,"min_zoom":5.0}},{"type":"Feature","geometry":{"type":"Point","coordinates":[56.0381,54.7919]},"properties":{"name":"Ufa","name_zh":"乌法","name_ja":"ウファ","adm0":"Russia","iso":"RU","capital":0,"scalerank":3,"pop_max":1018000,"globe_rank":3,"min_zoom":5.0}},{"type":"Feature","geometry":{"type":"Point","coordinates":[-78.8819,42.8819]},"properties":{"name":"Buffalo","name_zh":"水牛城","name_ja":"バッファロー","adm0":"United States of America","iso":"US","capital":0,"scalerank":3,"pop_max":1016000,"globe_rank":3,"min_zoom":5.0}},{"type":"Feature","geometry":{"type":"Point","coordinates":[-5.0023,34.0565]},"properties":{"name":"Fez","name_zh":"非斯","name_ja":"フェズ","adm0":"Morocco","iso":"MA","capital":0,"scalerank":3,"pop_max":1002000,"globe_rank":3,"min_zoom":5.0}},{"type":"Feature","geometry":{"type":"Point","coordinates":[45.0095,12.7797]},"properties":{"name":"Aden","name_zh":"亚丁","name_ja":"アデン","adm0":"Yemen","iso":"YE","capital":0,"scalerank":3,"pop_max":1000000,"globe_rank":3,"min_zoom":5.0}},{"type":"Feature","geometry":{"type":"Point","coordinates":[56.248,58.0019]},"properties":{"name":"Perm","name_zh":"彼尔姆","name_ja":"ペルミ","adm0":"Russia","iso":"RU","capital":0,"scalerank":3,"pop_max":997000,"globe_rank":3,"min_zoom":4.0}},{"type":"Feature","geometry":{"type":"Point","coordinates":[106.2711,38.4699]},"properties":{"name":"Yinchuan","name_zh":"银川","name_ja":"銀川市","adm0":"China","iso":"CN","capital":0,"scalerank":3,"pop_max":991000,"globe_rank":3,"min_zoom":5.0}},{"type":"Feature","geometry":{"type":"Point","coordinates":[110.2781,25.2819]},"properties":{"name":"Guilin","name_zh":"桂林","name_ja":"桂林市","adm0":"China","iso":"CN","capital":0,"scalerank":3,"pop_max":987000,"globe_rank":3,"min_zoom":5.0}},{"type":"Feature","geometry":{"type":"Point","coordinates":[44.498,48.712]},"properties":{"name":"Volgograd","name_zh":"伏尔加格勒","name_ja":"ヴォルゴグラード","adm0":"Russia","iso":"RU","capital":0,"scalerank":3,"pop_max":984000,"globe_rank":3,"min_zoom":4.0}},{"type":"Feature","geometry":{"type":"Point","coordinates":[-111.932,40.777]},"properties":{"name":"Salt Lake City","name_zh":"盐湖城","name_ja":"ソルトレイクシティ","adm0":"United States of America","iso":"US","capital":0,"scalerank":3,"pop_max":966000,"globe_rank":3,"min_zoom":4.0}},{"type":"Feature","geometry":{"type":"Point","coordinates":[-89.6186,20.9686]},"properties":{"name":"Mérida","name_zh":"梅里达","name_ja":"メリダ","adm0":"Mexico","iso":"MX","capital":0,"scalerank":3,"pop_max":965000,"globe_rank":3,"min_zoom":5.0}},{"type":"Feature","geometry":{"type":"Point","coordinates":[113.8481,27.622]},"properties":{"name":"Pingxiang","name_zh":"萍乡","name_ja":"萍郷市","adm0":"China","iso":"CN","capital":0,"scalerank":3,"pop_max":961000,"globe_rank":3,"min_zoom":5.0}},{"type":"Feature","geometry":{"type":"Point","coordinates":[75.768,11.2524]},"properties":{"name":"Kozhikode","name_zh":"科兹科德","name_ja":"カリカット","adm0":"India","iso":"IN","capital":0,"scalerank":3,"pop_max":953000,"globe_rank":3,"min_zoom":5.0}},{"type":"Feature","geometry":{"type":"Point","coordinates":[92.8641,56.0159]},"properties":{"name":"Krasnoyarsk","name_zh":"克拉斯诺亚尔斯克","name_ja":"クラスノヤルスク","adm0":"Russia","iso":"RU","capital":0,"scalerank":3,"pop_max":925000,"globe_rank":3,"min_zoom":5.0}},{"type":"Feature","geometry":{"type":"Point","coordinates":[-68.8186,-32.8814]},"properties":{"name":"Mendoza","name_zh":"门多萨","name_ja":"メンドーサ","adm0":"Argentina","iso":"AR","capital":0,"scalerank":3,"pop_max":893000,"globe_rank":3,"min_zoom":5.0}},{"type":"Feature","geometry":{"type":"Point","coordinates":[-73.05,-36.83]},"properties":{"name":"Concepción","name_zh":"康塞普西翁","name_ja":"コンセプシオン","adm0":"Chile","iso":"CL","capital":0,"scalerank":3,"pop_max":889725,"globe_rank":3,"min_zoom":5.0}},{"type":"Feature","geometry":{"type":"Point","coordinates":[-75.5163,10.4017]},"properties":{"name":"Cartagena","name_zh":"卡塔赫纳","name_ja":"カルタヘナ","adm0":"Colombia","iso":"CO","capital":0,"scalerank":3,"pop_max":887000,"globe_rank":3,"min_zoom":5.0}},{"type":"Feature","geometry":{"type":"Point","coordinates":[39.688,-4.0381]},"properties":{"name":"Mombasa","name_zh":"蒙巴萨","name_ja":"モンバサ","adm0":"Kenya","iso":"KE","capital":0,"scalerank":3,"pop_max":882000,"globe_rank":3,"min_zoom":5.0}},{"type":"Feature","geometry":{"type":"Point","coordinates":[-96.01,41.24]},"properties":{"name":"Omaha","name_zh":"奥马哈","name_ja":"オマハ","adm0":"United States of America","iso":"US","capital":0,"scalerank":3,"pop_max":877110,"globe_rank":3,"min_zoom":5.0}},{"type":"Feature","geometry":{"type":"Point","coordinates":[-86.7819,36.1719]},"properties":{"name":"Nashville","name_zh":"纳什维尔","name_ja":"ナッシュビル","adm0":"United States of America","iso":"US","capital":0,"scalerank":3,"pop_max":877000,"globe_rank":3,"min_zoom":5.0}},{"type":"Feature","geometry":{"type":"Point","coordinates":[-8.0019,31.6319]},"properties":{"name":"Marrakesh","name_zh":"马拉喀什","name_ja":"マラケシュ","adm0":"Morocco","iso":"MA","capital":0,"scalerank":3,"pop_max":872000,"globe_rank":3,"min_zoom":5.0}},{"type":"Feature","geometry":{"type":"Point","coordinates":[13.3481,38.127]},"properties":{"name":"Palermo","name_zh":"巴勒莫","name_ja":"パレルモ","adm0":"Italy","iso":"IT","capital":0,"scalerank":3,"pop_max":863000,"globe_rank":3,"min_zoom":5.0}},{"type":"Feature","geometry":{"type":"Point","coordinates":[-97.87,22.3]},"properties":{"name":"Tampico","name_zh":"坦皮科","name_ja":"タンピコ","adm0":"Mexico","iso":"MX","capital":0,"scalerank":3,"pop_max":859419,"globe_rank":3,"min_zoom":5.0}},{"type":"Feature","geometry":{"type":"Point","coordinates":[100.3581,-0.9581]},"properties":{"name":"Padang","name_zh":"巴东","name_ja":"パダン","adm0":"Indonesia","iso":"ID","capital":0,"scalerank":3,"pop_max":855000,"globe_rank":3,"min_zoom":5.0}},{"type":"Feature","geometry":{"type":"Point","coordinates":[-71.617,-33.0477]},"properties":{"name":"Valparaíso","name_zh":"瓦尔帕莱索","name_ja":"バルパライソ","adm0":"Chile","iso":"CL","capital":0,"scalerank":3,"pop_max":854000,"globe_rank":3,"min_zoom":5.0}},{"type":"Feature","geometry":{"type":"Point","coordinates":[85.8254,20.2724]},"properties":{"name":"Bhubaneswar","name_zh":"布巴内什瓦尔","name_ja":"ブヴァネーシュヴァル","adm0":"India","iso":"IN","capital":0,"scalerank":3,"pop_max":844000,"globe_rank":3,"min_zoom":5.0}},{"type":"Feature","geometry":{"type":"Point","coordinates":[22.8831,40.6981]},"properties":{"name":"Thessaloniki","name_zh":"塞萨洛尼基","name_ja":"テッサロニキ","adm0":"Greece","iso":"GR","capital":0,"scalerank":3,"pop_max":828000,"globe_rank":3,"min_zoom":5.0}},{"type":"Feature","geometry":{"type":"Point","coordinates":[123.8981,10.3219]},"properties":{"name":"Cebu","name_zh":"宿雾","name_ja":"セブ市","adm0":"Philippines","iso":"PH","capital":0,"scalerank":3,"pop_max":815000,"globe_rank":3,"min_zoom":4.0}},{"type":"Feature","geometry":{"type":"Point","coordinates":[-0.402,39.487]},"properties":{"name":"Valencia","name_zh":"巴伦西亚","name_ja":"バレンシア","adm0":"Spain","iso":"ES","capital":0,"scalerank":3,"pop_max":808000,"globe_rank":3,"min_zoom":4.7}},{"type":"Feature","geometry":{"type":"Point","coordinates":[-0.6219,35.7119]},"properties":{"name":"Oran","name_zh":"瓦赫兰","name_ja":"オラン","adm0":"Algeria","iso":"DZ","capital":0,"scalerank":3,"pop_max":798000,"globe_rank":3,"min_zoom":5.0}},{"type":"Feature","geometry":{"type":"Point","coordinates":[-106.0869,28.6469]},"properties":{"name":"Chihuahua","name_zh":"奇瓦瓦","name_ja":"チワワ","adm0":"Mexico","iso":"MX","capital":0,"scalerank":3,"pop_max":793000,"globe_rank":3,"min_zoom":4.0}},{"type":"Feature","geometry":{"type":"Point","coordinates":[-97.5206,35.472]},"properties":{"name":"Oklahoma City","name_zh":"奧克拉荷馬","name_ja":"オクラホマシティ","adm0":"United States of America","iso":"US","capital":0,"scalerank":3,"pop_max":788000,"globe_rank":3,"min_zoom":5.0}},{"type":"Feature","geometry":{"type":"Point","coordinates":[-157.8583,21.3034]},"properties":{"name":"Honolulu","name_zh":"檀香山","name_ja":"ホノルル","adm0":"United States of America","iso":"US","capital":0,"scalerank":2,"pop_max":786000,"globe_rank":3,"min_zoom":4.0}},{"type":"Feature","geometry":{"type":"Point","coordinates":[-90.0884,29.9689]},"properties":{"name":"New Orleans","name_zh":"新奥尔良","name_ja":"ニューオーリンズ","adm0":"United States of America","iso":"US","capital":0,"scalerank":2,"pop_max":785000,"globe_rank":3,"min_zoom":4.0}},{"type":"Feature","geometry":{"type":"Point","coordinates":[-54.6186,-20.4481]},"properties":{"name":"Campo Grande","name_zh":"大坎普","name_ja":"カンポ・グランデ","adm0":"Brazil","iso":"BR","capital":0,"scalerank":3,"pop_max":778000,"globe_rank":3,"min_zoom":5.0}},{"type":"Feature","geometry":{"type":"Point","coordinates":[-79.02,-8.12]},"properties":{"name":"Trujillo","name_zh":"特鲁希略","name_ja":"トルヒーリョ","adm0":"Peru","iso":"PE","capital":0,"scalerank":3,"pop_max":765171,"globe_rank":3,"min_zoom":4.0}},{"type":"Feature","geometry":{"type":"Point","coordinates":[-62.62,8.37]},"properties":{"name":"Ciudad Guayana","name_zh":"圭亚那城","name_ja":"シウダーグアヤナ","adm0":"Venezuela","iso":"VE","capital":0,"scalerank":3,"pop_max":746535,"globe_rank":3,"min_zoom":5.0}},{"type":"Feature","geometry":{"type":"Point","coordinates":[5.24,13.06]},"properties":{"name":"Sokoto","name_zh":"索科托","name_ja":"ソコト","adm0":"Nigeria","iso":"NG","capital":0,"scalerank":3,"pop_max":732178,"globe_rank":3,"min_zoom":5.0}},{"type":"Feature","geometry":{"type":"Point","coordinates":[-99.916,16.85]},"properties":{"name":"Acapulco","name_zh":"阿卡普尔科","name_ja":"アカプルコ","adm0":"Mexico","iso":"MX","capital":0,"scalerank":3,"pop_max":715584,"globe_rank":3,"min_zoom":5.0}},{"type":"Feature","geometry":{"type":"Point","coordinates":[65.6949,31.61]},"properties":{"name":"Kandahar","name_zh":"坎大哈","name_ja":"カンダハール","adm0":"Afghanistan","iso":"AF","capital":0,"scalerank":3,"pop_max":715542,"globe_rank":3,"min_zoom":5.0}},{"type":"Feature","geometry":{"type":"Point","coordinates":[66.945,39.67]},"properties":{"name":"Samarkand","name_zh":"撒马尔罕","name_ja":"サマルカンド","adm0":"Uzbekistan","iso":"UZ","capital":0,"scalerank":3,"pop_max":708000,"globe_rank":3,"min_zoom":5.0}},{"type":"Feature","geometry":{"type":"Point","coordinates":[28.58,-20.17]},"properties":{"name":"Bulawayo","name_zh":"布拉瓦约","name_ja":"ブラワヨ","adm0":"Zimbabwe","iso":"ZW","capital":0,"scalerank":3,"pop_max":699385,"globe_rank":3,"min_zoom":5.0}},{"type":"Feature","geometry":{"type":"Point","coordinates":[7.5,6.45]},"properties":{"name":"Enugu","name_zh":"埃努古","name_ja":"エヌグ","adm0":"Nigeria","iso":"NG","capital":0,"scalerank":3,"pop_max":688862,"globe_rank":3,"min_zoom":5.0}},{"type":"Feature","geometry":{"type":"Point","coordinates":[18.85,-5.03]},"properties":{"name":"Kikwit","name_zh":"基奎特","name_ja":"キクウィト","adm0":"Congo (Kinshasa)","iso":"CD","capital":0,"scalerank":3,"pop_max":637736,"globe_rank":3,"min_zoom":5.0}},{"type":"Feature","geometry":{"type":"Point","coordinates":[-97.166,49.883]},"properties":{"name":"Winnipeg","name_zh":"温尼伯","name_ja":"ウィニペグ","adm0":"Canada","iso":"CA","capital":0,"scalerank":3,"pop_max":632063,"globe_rank":3,"min_zoom":4.0}},{"type":"Feature","geometry":{"type":"Point","coordinates":[-71.2456,46.84]},"properties":{"name":"Québec","name_zh":"魁北克","name_ja":"ケベック・シティー","adm0":"Canada","iso":"CA","capital":0,"scalerank":3,"pop_max":624177,"globe_rank":3,"min_zoom":4.0}},{"type":"Feature","geometry":{"type":"Point","coordinates":[32.65,25.7]},"properties":{"name":"Luxor","name_zh":"卢克索","name_ja":"ルクソール","adm0":"Egypt","iso":"EG","capital":0,"scalerank":3,"pop_max":609248,"globe_rank":3,"min_zoom":5.0}},{"type":"Feature","geometry":{"type":"Point","coordinates":[114.5801,-3.33]},"properties":{"name":"Bandjarmasin","name_zh":"马辰","name_ja":"バンジャルマシン","adm0":"Indonesia","iso":"ID","capital":0,"scalerank":3,"pop_max":603576,"globe_rank":3,"min_zoom":5.0}},{"type":"Feature","geometry":{"type":"Point","coordinates":[83.745,53.355]},"properties":{"name":"Barnaul","name_zh":"巴尔瑙尔","name_ja":"バルナウル","adm0":"Russia","iso":"RU","capital":0,"scalerank":3,"pop_max":599579,"globe_rank":3,"min_zoom":5.0}},{"type":"Feature","geometry":{"type":"Point","coordinates":[131.91,43.13]},"properties":{"name":"Vladivostok","name_zh":"海参崴","name_ja":"ウラジオストク","adm0":"Russia","iso":"RU","capital":0,"scalerank":3,"pop_max":587022,"globe_rank":3,"min_zoom":5.0}},{"type":"Feature","geometry":{"type":"Point","coordinates":[104.2839,52.2846]},"properties":{"name":"Irkutsk","name_zh":"伊尔库茨克","name_ja":"イルクーツク","adm0":"Russia","iso":"RU","capital":0,"scalerank":3,"pop_max":586695,"globe_rank":3,"min_zoom":3.7}},{"type":"Feature","geometry":{"type":"Point","coordinates":[93.515,42.827]},"properties":{"name":"Hami","name_zh":"伊州区","name_ja":"伊州区","adm0":"China","iso":"CN","capital":0,"scalerank":3,"pop_max":580000,"globe_rank":3,"min_zoom":5.0}},{"type":"Feature","geometry":{"type":"Point","coordinates":[-96.16,19.1773]},"properties":{"name":"Veracruz","name_zh":"韦拉克鲁斯","name_ja":"ベラクルス","adm0":"Mexico","iso":"MX","capital":0,"scalerank":3,"pop_max":578963,"globe_rank":3,"min_zoom":5.0}},{"type":"Feature","geometry":{"type":"Point","coordinates":[-57.58,-38.0]},"properties":{"name":"Mar del Plata","name_zh":"马德普拉塔","name_ja":"マル・デル・プラタ","adm0":"Argentina","iso":"AR","capital":0,"scalerank":3,"pop_max":555897,"globe_rank":3,"min_zoom":5.0}},{"type":"Feature","geometry":{"type":"Point","coordinates":[-86.83,21.17]},"properties":{"name":"Cancún","name_zh":"坎昆","name_ja":"カンクン","adm0":"Mexico","iso":"MX","capital":0,"scalerank":3,"pop_max":542043,"globe_rank":3,"min_zoom":4.0}},{"type":"Feature","geometry":{"type":"Point","coordinates":[151.7702,-32.9295]},"properties":{"name":"Newcastle","name_zh":"纽卡斯尔","name_ja":"ニューカッスル","adm0":"Australia","iso":"AU","capital":0,"scalerank":3,"pop_max":540796,"globe_rank":3,"min_zoom":5.0}},{"type":"Feature","geometry":{"type":"Point","coordinates":[84.975,56.495]},"properties":{"name":"Tomsk","name_zh":"托木斯克","name_ja":"トムスク","adm0":"Russia","iso":"RU","capital":0,"scalerank":3,"pop_max":535479,"globe_rank":3,"min_zoom":4.0}},{"type":"Feature","geometry":{"type":"Point","coordinates":[34.87,-19.82]},"properties":{"name":"Beira","name_zh":"贝拉","name_ja":"ベイラ","adm0":"Mozambique","iso":"MZ","capital":0,"scalerank":3,"pop_max":530604,"globe_rank":3,"min_zoom":5.0}},{"type":"Feature","geometry":{"type":"Point","coordinates":[75.9699,39.4763]},"properties":{"name":"Kashgar","name_zh":"喀什","name_ja":"カシュガル市","adm0":"China","iso":"CN","capital":0,"scalerank":3,"pop_max":506640,"globe_rank":3,"min_zoom":5.0}},{"type":"Feature","geometry":{"type":"Point","coordinates":[-51.05,0.033]},"properties":{"name":"Macapá","name_zh":"马卡帕","name_ja":"マカパ","adm0":"Brazil","iso":"BR","capital":0,"scalerank":3,"pop_max":499166,"globe_rank":3,"min_zoom":5.0}},{"type":"Feature","geometry":{"type":"Point","coordinates":[37.2164,19.6158]},"properties":{"name":"Port Sudan","name_zh":"苏丹港","name_ja":"ポートスーダン","adm0":"Sudan","iso":"SD","capital":0,"scalerank":3,"pop_max":489725,"globe_rank":3,"min_zoom":5.0}},{"type":"Feature","geometry":{"type":"Point","coordinates":[-38.97,-12.25]},"properties":{"name":"Feira de Santana","name_zh":"费拉迪圣安娜","name_ja":"フェイラ・デ・サンタナ","adm0":"Brazil","iso":"BR","capital":0,"scalerank":3,"pop_max":481911,"globe_rank":3,"min_zoom":5.0}},{"type":"Feature","geometry":{"type":"Point","coordinates":[-93.15,16.75]},"properties":{"name":"Tuxtla Gutiérrez","name_zh":"图斯特拉－古铁雷斯","name_ja":"トゥストラ・グティエレス","adm0":"Mexico","iso":"MX","capital":0,"scalerank":3,"pop_max":481128,"globe_rank":3,"min_zoom":5.0}},{"type":"Feature","geometry":{"type":"Point","coordinates":[73.115,49.885]},"properties":{"name":"Qaraghandy","name_zh":"卡拉干达","name_ja":"カラガンダ","adm0":"Kazakhstan","iso":"KZ","capital":0,"scalerank":3,"pop_max":451800,"globe_rank":3,"min_zoom":5.0}},{"type":"Feature","geometry":{"type":"Point","coordinates":[-72.25,7.77]},"properties":{"name":"San Cristóbal","name_zh":"圣克里斯托瓦尔","name_ja":"サン・クリストバル","adm0":"Venezuela","iso":"VE","capital":0,"scalerank":3,"pop_max":438798,"globe_rank":3,"min_zoom":5.0}},{"type":"Feature","geometry":{"type":"Point","coordinates":[129.885,32.765]},"properties":{"name":"Nagasaki","name_zh":"长崎","name_ja":"長崎市","adm0":"Japan","iso":"JP","capital":0,"scalerank":3,"pop_max":435455,"globe_rank":3,"min_zoom":5.0}},{"type":"Feature","geometry":{"type":"Point","coordinates":[25.4724,-10.7167]},"properties":{"name":"Kolwezi","name_zh":"科卢韦齐","name_ja":"コルヴェジ","adm0":"Congo (Kinshasa)","iso":"CD","capital":0,"scalerank":3,"pop_max":418000,"globe_rank":3,"min_zoom":5.0}},{"type":"Feature","geometry":{"type":"Point","coordinates":[79.9269,37.0997]},"properties":{"name":"Hotan","name_zh":"和田","name_ja":"ホータン市","adm0":"China","iso":"CN","capital":0,"scalerank":3,"pop_max":408894,"globe_rank":3,"min_zoom":4.0}},{"type":"Feature","geometry":{"type":"Point","coordinates":[39.2,-6.16]},"properties":{"name":"Zanzibar","name_zh":"桑给巴尔","name_ja":"ザンジバルシティ","adm0":"Tanzania","iso":"TZ","capital":0,"scalerank":3,"pop_max":403658,"globe_rank":3,"min_zoom":5.0}},{"type":"Feature","geometry":{"type":"Point","coordinates":[36.39,15.46]},"properties":{"name":"Kassala","name_zh":"卡薩拉","name_ja":"カッサラ","adm0":"Sudan","iso":"SD","capital":0,"scalerank":3,"pop_max":401477,"globe_rank":3,"min_zoom":5.0}},{"type":"Feature","geometry":{"type":"Point","coordinates":[73.425,61.2599]},"properties":{"name":"Surgut","name_zh":"苏尔古特","name_ja":"スルグト","adm0":"Russia","iso":"RU","capital":0,"scalerank":3,"pop_max":400000,"globe_rank":3,"min_zoom":4.0}},{"type":"Feature","geometry":{"type":"Point","coordinates":[24.89,12.06]},"properties":{"name":"Nyala","name_zh":"尼亚拉","name_ja":"ニャラ","adm0":"Sudan","iso":"SD","capital":0,"scalerank":3,"pop_max":392373,"globe_rank":3,"min_zoom":5.0}},{"type":"Feature","geometry":{"type":"Point","coordinates":[122.545,10.705]},"properties":{"name":"Iloilo","name_zh":"伊洛伊洛","name_ja":"イロイロ","adm0":"Philippines","iso":"PH","capital":0,"scalerank":3,"pop_max":387681,"globe_rank":3,"min_zoom":5.0}},{"type":"Feature","geometry":{"type":"Point","coordinates":[-93.62,41.58]},"properties":{"name":"Des Moines","name_zh":"德梅因","name_ja":"デモイン","adm0":"United States of America","iso":"US","capital":0,"scalerank":3,"pop_max":380655,"globe_rank":3,"min_zoom":5.0}},{"type":"Feature","geometry":{"type":"Point","coordinates":[33.5244,44.6039]},"properties":{"name":"Sevastopol","name_zh":"塞瓦斯托波尔","name_ja":"セヴァストポリ","adm0":"Russia","iso":"RU","capital":0,"scalerank":3,"pop_max":379200,"globe_rank":3,"min_zoom":4.0}},{"type":"Feature","geometry":{"type":"Point","coordinates":[-106.42,23.2211]},"properties":{"name":"Mazatlán","name_zh":"马萨特兰","name_ja":"マサトラン","adm0":"Mexico","iso":"MX","capital":0,"scalerank":3,"pop_max":368204,"globe_rank":3,"min_zoom":5.0}},{"type":"Feature","geometry":{"type":"Point","coordinates":[172.63,-43.535]},"properties":{"name":"Christchurch","name_zh":"克赖斯特彻奇","name_ja":"クライストチャーチ","adm0":"New Zealand","iso":"NZ","capital":0,"scalerank":3,"pop_max":363200,"globe_rank":3,"min_zoom":4.0}},{"type":"Feature","geometry":{"type":"Point","coordinates":[-71.9722,-13.525]},"properties":{"name":"Cusco","name_zh":"库斯科","name_ja":"クスコ","adm0":"Peru","iso":"PE","capital":0,"scalerank":3,"pop_max":361182,"globe_rank":3,"min_zoom":4.0}},{"type":"Feature","geometry":{"type":"Point","coordinates":[-63.6,44.65]},"properties":{"name":"Halifax","name_zh":"哈利法克斯","name_ja":"ハリファックス","adm0":"Canada","iso":"CA","capital":0,"scalerank":3,"pop_max":359111,"globe_rank":3,"min_zoom":4.0}},{"type":"Feature","geometry":{"type":"Point","coordinates":[-55.8851,-27.3578]},"properties":{"name":"Posadas","name_zh":"波萨达斯","name_ja":"ポサーダス","adm0":"Argentina","iso":"AR","capital":0,"scalerank":3,"pop_max":357119,"globe_rank":3,"min_zoom":5.0}},{"type":"Feature","geometry":{"type":"Point","coordinates":[40.545,64.575]},"properties":{"name":"Archangel","name_zh":"阿尔汉格尔斯克","name_ja":"アルハンゲリスク","adm0":"Russia","iso":"RU","capital":0,"scalerank":3,"pop_max":356051,"globe_rank":3,"min_zoom":4.0}},{"type":"Feature","geometry":{"type":"Point","coordinates":[-116.2275,43.6086]},"properties":{"name":"Boise","name_zh":"博伊西","name_ja":"ボイシ","adm0":"United States of America","iso":"US","capital":0,"scalerank":3,"pop_max":338071,"globe_rank":3,"min_zoom":5.0}},{"type":"Feature","geometry":{"type":"Point","coordinates":[14.3247,10.5956]},"properties":{"name":"Maroua","name_zh":"马鲁阿","name_ja":"マルア","adm0":"Cameroon","iso":"CM","capital":0,"scalerank":3,"pop_max":319941,"globe_rank":3,"min_zoom":5.0}},{"type":"Feature","geometry":{"type":"Point","coordinates":[33.1,68.97]},"properties":{"name":"Murmansk","name_zh":"摩尔曼斯克","name_ja":"ムルマンスク","adm0":"Russia","iso":"RU","capital":0,"scalerank":3,"pop_max":319263,"globe_rank":3,"min_zoom":3.7}},{"type":"Feature","geometry":{"type":"Point","coordinates":[-70.4,-23.65]},"properties":{"name":"Antofagasta","name_zh":"安托法加斯塔","name_ja":"アントファガスタ","adm0":"Chile","iso":"CL","capital":0,"scalerank":3,"pop_max":309832,"globe_rank":3,"min_zoom":4.0}},{"type":"Feature","geometry":{"type":"Point","coordinates":[113.465,52.055]},"properties":{"name":"Chita","name_zh":"赤塔","name_ja":"チタ","adm0":"Russia","iso":"RU","capital":0,"scalerank":3,"pop_max":308500,"globe_rank":3,"min_zoom":5.0}},{"type":"Feature","geometry":{"type":"Point","coordinates":[33.43,-8.89]},"properties":{"name":"Mbeya","name_zh":"姆贝亚","name_ja":"ムベヤ","adm0":"Tanzania","iso":"TZ","capital":0,"scalerank":3,"pop_max":291649,"globe_rank":3,"min_zoom":5.0}},{"type":"Feature","geometry":{"type":"Point","coordinates":[-123.35,48.4333]},"properties":{"name":"Victoria","name_zh":"维多利亚","name_ja":"ビクトリア","adm0":"Canada","iso":"CA","capital":0,"scalerank":3,"pop_max":289625,"globe_rank":3,"min_zoom":5.0}},{"type":"Feature","geometry":{"type":"Point","coordinates":[-62.265,-38.74]},"properties":{"name":"Bahía Blanca","name_zh":"布兰卡港","name_ja":"バイアブランカ","adm0":"Argentina","iso":"AR","capital":0,"scalerank":3,"pop_max":281536,"globe_rank":3,"min_zoom":5.0}},{"type":"Feature","geometry":{"type":"Point","coordinates":[-70.25,-18.0]},"properties":{"name":"Tacna","name_zh":"塔克纳","name_ja":"タクナ","adm0":"Peru","iso":"PE","capital":0,"scalerank":3,"pop_max":280098,"globe_rank":3,"min_zoom":5.0}},{"type":"Feature","geometry":{"type":"Point","coordinates":[-75.7255,-14.068]},"properties":{"name":"Ica","name_zh":"伊卡","name_ja":"イカ","adm0":"Peru","iso":"PE","capital":0,"scalerank":3,"pop_max":279420,"globe_rank":3,"min_zoom":5.0}},{"type":"Feature","geometry":{"type":"Point","coordinates":[-149.8874,61.214]},"properties":{"name":"Anchorage","name_zh":"安克雷奇","name_ja":"アンカレッジ","adm0":"United States of America","iso":"US","capital":0,"scalerank":2,"pop_max":260283,"globe_rank":3,"min_zoom":3.0}},{"type":"Feature","geometry":{"type":"Point","coordinates":[-90.185,32.2988]},"properties":{"name":"Jackson","name_zh":"杰克逊","name_ja":"ジャクソン","adm0":"United States of America","iso":"US","capital":0,"scalerank":3,"pop_max":250902,"globe_rank":3,"min_zoom":5.0}},{"type":"Feature","geometry":{"type":"Point","coordinates":[101.615,56.157]},"properties":{"name":"Bratsk","name_zh":"布拉茨克","name_ja":"ブラーツク","adm0":"Russia","iso":"RU","capital":0,"scalerank":3,"pop_max":246348,"globe_rank":3,"min_zoom":5.0}},{"type":"Feature","geometry":{"type":"Point","coordinates":[13.45,-5.8166]},"properties":{"name":"Matadi","name_zh":"马塔迪","name_ja":"マタディ","adm0":"Congo (Kinshasa)","iso":"CD","capital":0,"scalerank":3,"pop_max":245862,"globe_rank":3,"min_zoom":5.0}},{"type":"Feature","geometry":{"type":"Point","coordinates":[129.735,62.035]},"properties":{"name":"Yakutsk","name_zh":"雅库茨克","name_ja":"ヤクーツク","adm0":"Russia","iso":"RU","capital":0,"scalerank":3,"pop_max":235600,"globe_rank":3,"min_zoom":4.0}},{"type":"Feature","geometry":{"type":"Point","coordinates":[-60.666,2.8161]},"properties":{"name":"Boa Vista","name_zh":"博阿维斯塔","name_ja":"ボア・ヴィスタ","adm0":"Brazil","iso":"BR","capital":0,"scalerank":3,"pop_max":235150,"globe_rank":3,"min_zoom":5.0}},{"type":"Feature","geometry":{"type":"Point","coordinates":[-54.7,-2.4333]},"properties":{"name":"Santarém","name_zh":"圣塔伦","name_ja":"サンタレン","adm0":"Brazil","iso":"BR","capital":0,"scalerank":3,"pop_max":230428,"globe_rank":3,"min_zoom":5.0}},{"type":"Feature","geometry":{"type":"Point","coordinates":[8.9833,13.8]},"properties":{"name":"Zinder","name_zh":"津德尔","name_ja":"ザンデール","adm0":"Niger","iso":"NE","capital":0,"scalerank":3,"pop_max":230358,"globe_rank":3,"min_zoom":5.0}},{"type":"Feature","geometry":{"type":"Point","coordinates":[-70.13,-20.25]},"properties":{"name":"Iquique","name_zh":"伊基克","name_ja":"イキケ","adm0":"Chile","iso":"CL","capital":0,"scalerank":3,"pop_max":227499,"globe_rank":3,"min_zoom":5.0}},{"type":"Feature","geometry":{"type":"Point","coordinates":[40.715,-14.5186]},"properties":{"name":"Nacala","name_zh":"纳卡拉","name_ja":"ナカラ","adm0":"Mozambique","iso":"MZ","capital":0,"scalerank":3,"pop_max":224795,"globe_rank":3,"min_zoom":5.0}},{"type":"Feature","geometry":{"type":"Point","coordinates":[91.1,29.645]},"properties":{"name":"Lhasa","name_zh":"拉萨","name_ja":"ラサ市","adm0":"China","iso":"CN","capital":0,"scalerank":3,"pop_max":219599,"globe_rank":3,"min_zoom":4.0}},{"type":"Feature","geometry":{"type":"Point","coordinates":[5.3245,60.391]},"properties":{"name":"Bergen","name_zh":"卑尔根","name_ja":"ベルゲン","adm0":"Norway","iso":"NO","capital":0,"scalerank":3,"pop_max":213585,"globe_rank":3,"min_zoom":5.0}},{"type":"Feature","geometry":{"type":"Point","coordinates":[-106.67,52.17]},"properties":{"name":"Saskatoon","name_zh":"萨斯卡通","name_ja":"サスカトゥーン","adm0":"Canada","iso":"CA","capital":0,"scalerank":3,"pop_max":198958,"globe_rank":3,"min_zoom":5.0}},{"type":"Feature","geometry":{"type":"Point","coordinates":[117.633,3.3]},"properties":{"name":"Tarakan","name_zh":"打拉根","name_ja":"タラカン市","adm0":"Indonesia","iso":"ID","capital":0,"scalerank":3,"pop_max":193069,"globe_rank":3,"min_zoom":5.0}},{"type":"Feature","geometry":{"type":"Point","coordinates":[158.623,53.062]},"properties":{"name":"Petropavlovsk-Kamchatsky","name_zh":"堪察加彼得巴甫洛夫斯克","name_ja":"ペトロパブロフスク・カムチャツキー","adm0":"Russia","iso":"RU","capital":0,"scalerank":3,"pop_max":187282,"globe_rank":3,"min_zoom":5.0}},{"type":"Feature","geometry":{"type":"Point","coordinates":[-104.617,50.45]},"properties":{"name":"Regina","name_zh":"里贾纳","name_ja":"レジャイナ","adm0":"Canada","iso":"CA","capital":0,"scalerank":3,"pop_max":176183,"globe_rank":3,"min_zoom":5.0}},{"type":"Feature","geometry":{"type":"Point","coordinates":[-72.93,-41.47]},"properties":{"name":"Puerto Montt","name_zh":"蒙特港","name_ja":"プエルトモント","adm0":"Chile","iso":"CL","capital":0,"scalerank":3,"pop_max":174629,"globe_rank":3,"min_zoom":5.0}},{"type":"Feature","geometry":{"type":"Point","coordinates":[-49.116,-5.35]},"properties":{"name":"Marabá","name_zh":"马拉巴","name_ja":"マラバ","adm0":"Brazil","iso":"BR","capital":0,"scalerank":3,"pop_max":166182,"globe_rank":3,"min_zoom":5.0}},{"type":"Feature","geometry":{"type":"Point","coordinates":[22.46,2.19]},"properties":{"name":"Bumba","name_zh":"奔巴","name_ja":"ブンバ","adm0":"Congo (Kinshasa)","iso":"CD","capital":0,"scalerank":3,"pop_max":160539,"globe_rank":3,"min_zoom":5.0}},{"type":"Feature","geometry":{"type":"Point","coordinates":[-73.2331,-39.8217]},"properties":{"name":"Valdivia","name_zh":"瓦尔迪维亚","name_ja":"バルディビア","adm0":"Chile","iso":"CL","capital":0,"scalerank":3,"pop_max":159599,"globe_rank":3,"min_zoom":4.0}},{"type":"Feature","geometry":{"type":"Point","coordinates":[20.83,13.84]},"properties":{"name":"Abéché","name_zh":"阿贝歇","name_ja":"アベシェ","adm0":"Chad","iso":"TD","capital":0,"scalerank":3,"pop_max":158317,"globe_rank":3,"min_zoom":5.0}},{"type":"Feature","geometry":{"type":"Point","coordinates":[37.46,12.61]},"properties":{"name":"Gondar","name_zh":"贡德尔","name_ja":"ゴンダール","adm0":"Ethiopia","iso":"ET","capital":0,"scalerank":3,"pop_max":156230,"globe_rank":3,"min_zoom":5.0}},{"type":"Feature","geometry":{"type":"Point","coordinates":[98.3,39.82]},"properties":{"name":"Jiayuguan","name_zh":"嘉峪关","name_ja":"嘉峪関市","adm0":"China","iso":"CN","capital":0,"scalerank":3,"pop_max":148279,"globe_rank":3,"min_zoom":5.0}},{"type":"Feature","geometry":{"type":"Point","coordinates":[10.4167,63.4167]},"properties":{"name":"Trondheim","name_zh":"特隆赫姆","name_ja":"トロンハイム","adm0":"Norway","iso":"NO","capital":0,"scalerank":3,"pop_max":147139,"globe_rank":3,"min_zoom":4.0}},{"type":"Feature","geometry":{"type":"Point","coordinates":[-67.5,-45.87]},"properties":{"name":"Comodoro Rivadavia","name_zh":"里瓦达维亚海军准将城","name_ja":"コモドーロ・リバダビア","adm0":"Argentina","iso":"AR","capital":0,"scalerank":3,"pop_max":140850,"globe_rank":3,"min_zoom":5.0}},{"type":"Feature","geometry":{"type":"Point","coordinates":[146.77,-19.25]},"properties":{"name":"Townsville","name_zh":"汤斯维尔","name_ja":"タウンズビル","adm0":"Australia","iso":"AU","capital":0,"scalerank":3,"pop_max":138954,"globe_rank":3,"min_zoom":5.0}},{"type":"Feature","geometry":{"type":"Point","coordinates":[-43.35,-4.833]},"properties":{"name":"Caxias","name_zh":"卡希亚斯","name_ja":"カシアス","adm0":"Brazil","iso":"BR","capital":0,"scalerank":3,"pop_max":134640,"globe_rank":3,"min_zoom":5.0}},{"type":"Feature","geometry":{"type":"Point","coordinates":[-52.681,47.585]},"properties":{"name":"St. John's","name_zh":"圣约翰斯","name_ja":"セイント・ジョンズ","adm0":"Canada","iso":"CA","capital":0,"scalerank":3,"pop_max":131469,"globe_rank":3,"min_zoom":4.0}},{"type":"Feature","geometry":{"type":"Point","coordinates":[27.99,7.7]},"properties":{"name":"Wau","name_zh":"瓦乌","name_ja":"ワーウ","adm0":"South Sudan","iso":"SS","capital":0,"scalerank":3,"pop_max":127384,"globe_rank":3,"min_zoom":5.0}},{"type":"Feature","geometry":{"type":"Point","coordinates":[3.67,32.49]},"properties":{"name":"Ghardaia","name_zh":"盖尔达耶","name_ja":"ガルダイア","adm0":"Algeria","iso":"DZ","capital":0,"scalerank":3,"pop_max":125480,"globe_rank":3,"min_zoom":5.0}},{"type":"Feature","geometry":{"type":"Point","coordinates":[7.9828,16.9959]},"properties":{"name":"Agadez","name_zh":"阿加德兹","name_ja":"アガデス","adm0":"Niger","iso":"NE","capital":0,"scalerank":3,"pop_max":117770,"globe_rank":3,"min_zoom":5.0}},{"type":"Feature","geometry":{"type":"Point","coordinates":[-70.94,-53.165]},"properties":{"name":"Punta Arenas","name_zh":"蓬塔阿雷纳斯","name_ja":"プンタ・アレーナス","adm0":"Chile","iso":"CL","capital":0,"scalerank":3,"pop_max":117430,"globe_rank":3,"min_zoom":3.0}},{"type":"Feature","geometry":{"type":"Point","coordinates":[8.78,-0.72]},"properties":{"name":"Port-Gentil","name_zh":"让蒂尔港","name_ja":"ポールジャンティ","adm0":"Gabon","iso":"GA","capital":0,"scalerank":3,"pop_max":116836,"globe_rank":3,"min_zoom":5.0}},{"type":"Feature","geometry":{"type":"Point","coordinates":[14.4333,27.0333]},"properties":{"name":"Sabha","name_zh":"塞卜哈","name_ja":"セブハ","adm0":"Libya","iso":"LY","capital":0,"scalerank":3,"pop_max":100249,"globe_rank":3,"min_zoom":5.0}},{"type":"Feature","geometry":{"type":"Point","coordinates":[-89.275,48.4462]},"properties":{"name":"Thunder Bay","name_zh":"桑德贝","name_ja":"サンダーベイ","adm0":"Canada","iso":"CA","capital":0,"scalerank":3,"pop_max":99334,"globe_rank":3,"min_zoom":5.0}},{"type":"Feature","geometry":{"type":"Point","coordinates":[150.81,59.575]},"properties":{"name":"Magadan","name_zh":"马加丹","name_ja":"マガダン","adm0":"Russia","iso":"RU","capital":0,"scalerank":3,"pop_max":95282,"globe_rank":3,"min_zoom":3.7}},{"type":"Feature","geometry":{"type":"Point","coordinates":[130.85,-12.4254]},"properties":{"name":"Darwin","name_zh":"达尔文","name_ja":"ダーウィン","adm0":"Australia","iso":"AU","capital":0,"scalerank":3,"pop_max":93080,"globe_rank":3,"min_zoom":3.7}},{"type":"Feature","geometry":{"type":"Point","coordinates":[-105.9372,35.6869]},"properties":{"name":"Santa Fe","name_zh":"圣菲","name_ja":"サンタフェ","adm0":"United States of America","iso":"US","capital":0,"scalerank":3,"pop_max":92681,"globe_rank":3,"min_zoom":5.0}},{"type":"Feature","geometry":{"type":"Point","coordinates":[-69.2166,-51.6333]},"properties":{"name":"Río Gallegos","name_zh":"里奥加耶戈斯","name_ja":"リオ・ガジェゴス","adm0":"Argentina","iso":"AR","capital":0,"scalerank":3,"pop_max":85700,"globe_rank":3,"min_zoom":5.0}},{"type":"Feature","geometry":{"type":"Point","coordinates":[147.295,-42.85]},"properties":{"name":"Hobart","name_zh":"霍巴特","name_ja":"ホバート","adm0":"Australia","iso":"AU","capital":0,"scalerank":3,"pop_max":80870,"globe_rank":3,"min_zoom":5.0}},{"type":"Feature","geometry":{"type":"Point","coordinates":[104.1183,49.0533]},"properties":{"name":"Erdenet","name_zh":"额尔登特","name_ja":"エルデネト","adm0":"Mongolia","iso":"MN","capital":0,"scalerank":3,"pop_max":79647,"globe_rank":3,"min_zoom":5.0}},{"type":"Feature","geometry":{"type":"Point","coordinates":[5.5228,22.785]},"properties":{"name":"Tamanrasset","name_zh":"塔曼拉塞特","name_ja":"タマンラセット","adm0":"Algeria","iso":"DZ","capital":0,"scalerank":3,"pop_max":76000,"globe_rank":3,"min_zoom":5.0}},{"type":"Feature","geometry":{"type":"Point","coordinates":[-66.1,-10.983]},"properties":{"name":"Riberalta","name_zh":"里韦拉尔塔","name_ja":"リベラルタ","adm0":"Bolivia","iso":"BO","capital":0,"scalerank":3,"pop_max":74014,"globe_rank":3,"min_zoom":5.0}},{"type":"Feature","geometry":{"type":"Point","coordinates":[-104.8197,41.14]},"properties":{"name":"Cheyenne","name_zh":"夏延","name_ja":"シャイアン","adm0":"United States of America","iso":"US","capital":0,"scalerank":3,"pop_max":72927,"globe_rank":3,"min_zoom":5.0}},{"type":"Feature","geometry":{"type":"Point","coordinates":[-3.0166,16.7666]},"properties":{"name":"Timbuktu","name_zh":"通布图","name_ja":"トンブクトゥ","adm0":"Mali","iso":"ML","capital":0,"scalerank":3,"pop_max":68872,"globe_rank":3,"min_zoom":5.0}},{"type":"Feature","geometry":{"type":"Point","coordinates":[-61.967,-10.8333]},"properties":{"name":"Ji-Paraná","name_zh":"日帕拉纳","name_ja":"ジ＝パラナ","adm0":"Brazil","iso":"BR","capital":0,"scalerank":3,"pop_max":65016,"globe_rank":3,"min_zoom":5.0}},{"type":"Feature","geometry":{"type":"Point","coordinates":[-100.7833,46.8083]},"properties":{"name":"Bismarck","name_zh":"俾斯麦","name_ja":"ビスマーク","adm0":"United States of America","iso":"US","capital":0,"scalerank":3,"pop_max":63871,"globe_rank":3,"min_zoom":5.0}},{"type":"Feature","geometry":{"type":"Point","coordinates":[-60.1166,-12.7166]},"properties":{"name":"Vilhena","name_zh":"维列纳","name_ja":"ビリェナ","adm0":"Brazil","iso":"BR","capital":0,"scalerank":3,"pop_max":63231,"globe_rank":3,"min_zoom":5.0}},{"type":"Feature","geometry":{"type":"Point","coordinates":[-52.33,4.933]},"properties":{"name":"Cayenne","name_zh":"卡宴","name_ja":"カイエンヌ","adm0":"France","iso":"GF","capital":0,"scalerank":3,"pop_max":61550,"globe_rank":3,"min_zoom":4.0}},{"type":"Feature","geometry":{"type":"Point","coordinates":[-69.9553,-4.2012]},"properties":{"name":"Leticia","name_zh":"莱蒂西亚","name_ja":"レティシア","adm0":"Colombia","iso":"CO","capital":0,"scalerank":3,"pop_max":59575,"globe_rank":3,"min_zoom":5.0}},{"type":"Feature","geometry":{"type":"Point","coordinates":[-147.7107,64.837]},"properties":{"name":"Fairbanks","name_zh":"费尔班克斯","name_ja":"フェアバンクス","adm0":"United States of America","iso":"US","capital":0,"scalerank":3,"pop_max":56993,"globe_rank":3,"min_zoom":4.0}},{"type":"Feature","geometry":{"type":"Point","coordinates":[-72.67,-7.63]},"properties":{"name":"Cruzeiro do Sul","name_zh":"南克魯賽羅","name_ja":"クルゼイロ・ド・スル","adm0":"Brazil","iso":"BR","capital":0,"scalerank":3,"pop_max":56862,"globe_rank":3,"min_zoom":5.0}},{"type":"Feature","geometry":{"type":"Point","coordinates":[18.992,69.6351]},"properties":{"name":"Tromsø","name_zh":"特罗姆瑟","name_ja":"トロムソ","adm0":"Norway","iso":"NO","capital":0,"scalerank":3,"pop_max":52436,"globe_rank":3,"min_zoom":3.7}},{"type":"Feature","geometry":{"type":"Point","coordinates":[-13.05,20.5166]},"properties":{"name":"Atar","name_zh":"阿塔尔","name_ja":"アタール","adm0":"Mauritania","iso":"MR","capital":0,"scalerank":3,"pop_max":44265,"globe_rank":3,"min_zoom":5.0}},{"type":"Feature","geometry":{"type":"Point","coordinates":[-63.1313,46.2493]},"properties":{"name":"Charlottetown","name_zh":"夏洛特顿","name_ja":"シャーロットタウン","adm0":"Canada","iso":"CA","capital":0,"scalerank":3,"pop_max":42402,"globe_rank":3,"min_zoom":5.0}},{"type":"Feature","geometry":{"type":"Point","coordinates":[-112.0353,46.5927]},"properties":{"name":"Helena","name_zh":"赫勒拿","name_ja":"ヘレナ","adm0":"United States of America","iso":"US","capital":0,"scalerank":3,"pop_max":38725,"globe_rank":3,"min_zoom":5.0}},{"type":"Feature","geometry":{"type":"Point","coordinates":[-4.55,13.9]},"properties":{"name":"Djenné","name_zh":"杰内","name_ja":"ジェンネ","adm0":"Mali","iso":"ML","capital":0,"scalerank":3,"pop_max":32944,"globe_rank":3,"min_zoom":5.0}},{"type":"Feature","geometry":{"type":"Point","coordinates":[-134.4007,58.3034]},"properties":{"name":"Juneau","name_zh":"朱諾","name_ja":"ジュノー","adm0":"United States of America","iso":"US","capital":0,"scalerank":3,"pop_max":30711,"globe_rank":3,"min_zoom":4.0}},{"type":"Feature","geometry":{"type":"Point","coordinates":[133.88,-23.701]},"properties":{"name":"Alice Springs","name_zh":"爱丽斯泉","name_ja":"アリススプリングス","adm0":"Australia","iso":"AU","capital":0,"scalerank":3,"pop_max":27710,"globe_rank":3,"min_zoom":5.0}},{"type":"Feature","geometry":{"type":"Point","coordinates":[30.4833,19.1666]},"properties":{"name":"Dongola","name_zh":"栋古拉","name_ja":"ドンゴラ","adm0":"Sudan","iso":"SD","capital":0,"scalerank":3,"pop_max":26404,"globe_rank":3,"min_zoom":5.0}},{"type":"Feature","geometry":{"type":"Point","coordinates":[18.1166,-19.5666]},"properties":{"name":"Grootfontein","name_zh":"赫鲁特方丹","name_ja":"グルートフォンテイン","adm0":"Namibia","iso":"NA","capital":0,"scalerank":3,"pop_max":24099,"globe_rank":3,"min_zoom":5.0}},{"type":"Feature","geometry":{"type":"Point","coordinates":[-135.05,60.7167]},"properties":{"name":"Whitehorse","name_zh":"白马","name_ja":"ホワイトホース","adm0":"Canada","iso":"CA","capital":0,"scalerank":3,"pop_max":23276,"globe_rank":3,"min_zoom":4.0}},{"type":"Feature","geometry":{"type":"Point","coordinates":[-114.397,62.442]},"properties":{"name":"Yellowknife","name_zh":"黄刀镇","name_ja":"イエローナイフ","adm0":"Canada","iso":"CA","capital":0,"scalerank":3,"pop_max":19234,"globe_rank":3,"min_zoom":4.0}},{"type":"Feature","geometry":{"type":"Point","coordinates":[-51.7327,64.1983]},"properties":{"name":"Nuuk","name_zh":"努克","name_ja":"ヌーク","adm0":"Greenland","iso":"GL","capital":0,"scalerank":3,"pop_max":14798,"globe_rank":3,"min_zoom":4.0}},{"type":"Feature","geometry":{"type":"Point","coordinates":[-130.33,54.3167]},"properties":{"name":"Prince Rupert","name_zh":"鲁珀特王子港","name_ja":"プリンスルパート","adm0":"Canada","iso":"CA","capital":0,"scalerank":3,"pop_max":14708,"globe_rank":3,"min_zoom":4.0}},{"type":"Feature","geometry":{"type":"Point","coordinates":[-100.3506,44.3683]},"properties":{"name":"Pierre","name_zh":"皮尔","name_ja":"ピア","adm0":"United States of America","iso":"US","capital":0,"scalerank":3,"pop_max":13879,"globe_rank":3,"min_zoom":5.0}},{"type":"Feature","geometry":{"type":"Point","coordinates":[17.7,-14.6666]},"properties":{"name":"Menongue","name_zh":"梅农盖","name_ja":"メノングエ","adm0":"Angola","iso":"AO","capital":0,"scalerank":3,"pop_max":13030,"globe_rank":3,"min_zoom":5.0}},{"type":"Feature","geometry":{"type":"Point","coordinates":[26.5,5.4]},"properties":{"name":"Obo","name_zh":"奥博","name_ja":"オボ","adm0":"Central African Republic","iso":"CF","capital":0,"scalerank":3,"pop_max":12887,"globe_rank":3,"min_zoom":5.0}},{"type":"Feature","geometry":{"type":"Point","coordinates":[20.653,8.4091]},"properties":{"name":"N'Délé","name_zh":"恩代萊","name_ja":"ンデレ","adm0":"Central African Republic","iso":"CF","capital":0,"scalerank":3,"pop_max":11764,"globe_rank":3,"min_zoom":5.0}},{"type":"Feature","geometry":{"type":"Point","coordinates":[177.475,64.737]},"properties":{"name":"Anadyr","name_zh":"阿纳德尔","name_ja":"アナディリ","adm0":"Russia","iso":"RU","capital":0,"scalerank":3,"pop_max":10332,"globe_rank":3,"min_zoom":5.0}},{"type":"Feature","geometry":{"type":"Point","coordinates":[-152.407,57.79]},"properties":{"name":"Kodiak","name_zh":"科迪亚克","name_ja":"コディアック","adm0":"United States of America","iso":"US","capital":0,"scalerank":3,"pop_max":9461,"globe_rank":3,"min_zoom":5.0}},{"type":"Feature","geometry":{"type":"Point","coordinates":[-161.7558,60.7933]},"properties":{"name":"Bethel","name_zh":"伯特利","name_ja":"ベセル","adm0":"United States of America","iso":"US","capital":0,"scalerank":3,"pop_max":6228,"globe_rank":3,"min_zoom":5.0}},{"type":"Feature","geometry":{"type":"Point","coordinates":[-70.1736,1.1983]},"properties":{"name":"Mitú","name_zh":"米图","name_ja":"ミトゥー","adm0":"Colombia","iso":"CO","capital":0,"scalerank":3,"pop_max":5917,"globe_rank":3,"min_zoom":5.0}},{"type":"Feature","geometry":{"type":"Point","coordinates":[128.835,71.6269]},"properties":{"name":"Tiksi","name_zh":"季克西","name_ja":"ティクシ","adm0":"Russia","iso":"RU","capital":0,"scalerank":3,"pop_max":5700,"globe_rank":3,"min_zoom":4.0}},{"type":"Feature","geometry":{"type":"Point","coordinates":[-156.7886,71.2906]},"properties":{"name":"Utqiaġvik","name_zh":"巴罗","name_ja":"バロー","adm0":"United States of America","iso":"US","capital":0,"scalerank":3,"pop_max":4336,"globe_rank":3,"min_zoom":5.0}},{"type":"Feature","geometry":{"type":"Point","coordinates":[-146.3483,61.136]},"properties":{"name":"Valdez","name_zh":"瓦尔迪兹","name_ja":"バルディーズ","adm0":"United States of America","iso":"US","capital":0,"scalerank":3,"pop_max":4036,"globe_rank":3,"min_zoom":5.0}},{"type":"Feature","geometry":{"type":"Point","coordinates":[159.95,59.084]},"properties":{"name":"Palana","name_zh":"帕拉纳","name_ja":"パラナ","adm0":"Russia","iso":"RU","capital":0,"scalerank":3,"pop_max":3671,"globe_rank":3,"min_zoom":5.0}},{"type":"Feature","geometry":{"type":"Point","coordinates":[-165.4064,64.5061]},"properties":{"name":"Nome","name_zh":"诺姆","name_ja":"ノーム","adm0":"United States of America","iso":"US","capital":0,"scalerank":3,"pop_max":3485,"globe_rank":3,"min_zoom":4.0}},{"type":"Feature","geometry":{"type":"Point","coordinates":[-65.9,-47.75]},"properties":{"name":"Puerto Deseado","name_zh":"德塞阿多港","name_ja":"プエルト・デセアド","adm0":"Argentina","iso":"AR","capital":0,"scalerank":3,"pop_max":3305,"globe_rank":3,"min_zoom":5.0}},{"type":"Feature","geometry":{"type":"Point","coordinates":[-148.6694,70.2922]},"properties":{"name":"Prudhoe Bay","name_zh":"普拉德霍湾","name_ja":"プルードー湾","adm0":"United States of America","iso":"US","capital":0,"scalerank":3,"pop_max":2500,"globe_rank":3,"min_zoom":3.7}},{"type":"Feature","geometry":{"type":"Point","coordinates":[-57.85,-51.7]},"properties":{"name":"Stanley","name_zh":"斯坦利","name_ja":"スタンリー","adm0":"Falkland Islands","iso":"FK","capital":0,"scalerank":3,"pop_max":2213,"globe_rank":3,"min_zoom":5.0}},{"type":"Feature","geometry":{"type":"Point","coordinates":[-61.686,56.5474]},"properties":{"name":"Nain","name_zh":"奈恩","name_ja":"ネーン","adm0":"Canada","iso":"CA","capital":0,"scalerank":3,"pop_max":1151,"globe_rank":3,"min_zoom":5.0}},{"type":"Feature","geometry":{"type":"Point","coordinates":[80.5451,73.507]},"properties":{"name":"Dikson","name_zh":"迪克森","name_ja":"ディクソン","adm0":"Russia","iso":"RU","capital":0,"scalerank":3,"pop_max":1113,"globe_rank":3,"min_zoom":5.0}},{"type":"Feature","geometry":{"type":"Point","coordinates":[-94.166,58.766]},"properties":{"name":"Churchill","name_zh":"邱吉尔","name_ja":"チャーチル","adm0":"Canada","iso":"CA","capital":0,"scalerank":3,"pop_max":1000,"globe_rank":3,"min_zoom":4.0}},{"type":"Feature","geometry":{"type":"Point","coordinates":[-86.2829,66.5295]},"properties":{"name":"Naujaat","name_zh":"努雅特","name_ja":"リパルス湾","adm0":"Canada","iso":"CA","capital":0,"scalerank":3,"pop_max":1000,"globe_rank":3,"min_zoom":4.0}},{"type":"Feature","geometry":{"type":"Point","coordinates":[-85.1666,73.0333]},"properties":{"name":"Arctic Bay","name_zh":"北極灣","name_ja":"アークティックベイ","adm0":"Canada","iso":"CA","capital":0,"scalerank":3,"pop_max":604,"globe_rank":3,"min_zoom":5.0}},{"type":"Feature","geometry":{"type":"Point","coordinates":[-128.6333,66.2666]},"properties":{"name":"Fort Good Hope","name_zh":"德望堡","name_ja":"フォートグッドホープ","adm0":"Canada","iso":"CA","capital":0,"scalerank":3,"pop_max":597,"globe_rank":3,"min_zoom":5.0}},{"type":"Feature","geometry":{"type":"Point","coordinates":[-166.808,68.3477]},"properties":{"name":"Point Hope","name_zh":"波因特霍普","name_ja":"ポイントホープ","adm0":"United States of America","iso":"US","capital":0,"scalerank":3,"pop_max":461,"globe_rank":3,"min_zoom":5.0}},{"type":"Feature","geometry":{"type":"Point","coordinates":[136.0666,71.4333]},"properties":{"name":"Nizhneyansk","name_zh":"下揚斯克","name_ja":"ニシュネヤンスク","adm0":"Russia","iso":"RU","capital":0,"scalerank":3,"pop_max":400,"globe_rank":3,"min_zoom":5.0}},{"type":"Feature","geometry":{"type":"Point","coordinates":[-94.9,74.6833]},"properties":{"name":"Resolute","name_zh":"雷索卢特","name_ja":"レゾリュート","adm0":"Canada","iso":"CA","capital":0,"scalerank":3,"pop_max":250,"globe_rank":3,"min_zoom":5.0}},{"type":"Feature","geometry":{"type":"Point","coordinates":[-162.7151,55.2]},"properties":{"name":"Cold Bay","name_zh":"冷湾","name_ja":"コールドベイ","adm0":"United States of America","iso":"US","capital":0,"scalerank":3,"pop_max":200,"globe_rank":3,"min_zoom":5.0}},{"type":"Feature","geometry":{"type":"Point","coordinates":[-87.65,55.9833]},"properties":{"name":"Fort Severn","name_zh":"塞文堡","name_ja":"フォートセバーン","adm0":"Canada","iso":"CA","capital":0,"scalerank":3,"pop_max":125,"globe_rank":3,"min_zoom":5.0}},{"type":"Feature","geometry":{"type":"Point","coordinates":[106.6781,20.832]},"properties":{"name":"Haiphong","name_zh":"海防","name_ja":"ハイフォン","adm0":"Vietnam","iso":"VN","capital":0,"scalerank":4,"pop_max":1969000,"globe_rank":4,"min_zoom":5.6}},{"type":"Feature","geometry":{"type":"Point","coordinates":[116.9769,33.6381]},"properties":{"name":"Suzhou","name_zh":"宿州","name_ja":"宿州市","adm0":"China","iso":"CN","capital":0,"scalerank":4,"pop_max":1964000,"globe_rank":4,"min_zoom":5.6}},{"type":"Feature","geometry":{"type":"Point","coordinates":[112.5281,33.0023]},"properties":{"name":"Nanyang","name_zh":"南阳","name_ja":"南陽市","adm0":"China","iso":"CN","capital":0,"scalerank":4,"pop_max":1944000,"globe_rank":4,"min_zoom":5.6}},{"type":"Feature","geometry":{"type":"Point","coordinates":[121.5481,29.8819]},"properties":{"name":"Ningbo","name_zh":"宁波","name_ja":"寧波市","adm0":"China","iso":"CN","capital":0,"scalerank":4,"pop_max":1923000,"globe_rank":4,"min_zoom":5.1}},{"type":"Feature","geometry":{"type":"Point","coordinates":[9.708,4.0624]},"properties":{"name":"Douala","name_zh":"杜阿拉","name_ja":"ドゥアラ","adm0":"Cameroon","iso":"CM","capital":0,"scalerank":4,"pop_max":1906000,"globe_rank":4,"min_zoom":5.6}},{"type":"Feature","geometry":{"type":"Point","coordinates":[135.7481,35.0319]},"properties":{"name":"Kyoto","name_zh":"京都","name_ja":"京都市","adm0":"Japan","iso":"JP","capital":0,"scalerank":4,"pop_max":1805000,"globe_rank":4,"min_zoom":5.1}},{"type":"Feature","geometry":{"type":"Point","coordinates":[-74.8019,10.9619]},"properties":{"name":"Barranquilla","name_zh":"巴兰基亚","name_ja":"バランキヤ","adm0":"Colombia","iso":"CO","capital":0,"scalerank":4,"pop_max":1798000,"globe_rank":4,"min_zoom":5.6}},{"type":"Feature","geometry":{"type":"Point","coordinates":[73.1781,22.312]},"properties":{"name":"Vadodara","name_zh":"瓦多达拉","name_ja":"ヴァドーダラー","adm0":"India","iso":"IN","capital":0,"scalerank":4,"pop_max":1756000,"globe_rank":4,"min_zoom":5.6}},{"type":"Feature","geometry":{"type":"Point","coordinates":[120.298,31.5819]},"properties":{"name":"Wuxi","name_zh":"无锡","name_ja":"無錫市","adm0":"China","iso":"CN","capital":0,"scalerank":4,"pop_max":1749000,"globe_rank":4,"min_zoom":5.6}},{"type":"Feature","geometry":{"type":"Point","coordinates":[-117.302,34.1223]},"properties":{"name":"San Bernardino","name_zh":"圣贝纳迪诺","name_ja":"サン・バーナーディーノ","adm0":"United States of America","iso":"US","capital":0,"scalerank":4,"pop_max":1745000,"globe_rank":4,"min_zoom":5.6}},{"type":"Feature","geometry":{"type":"Point","coordinates":[111.658,40.8219]},"properties":{"name":"Hohhot","name_zh":"呼和浩特","name_ja":"フフホト市","adm0":"China","iso":"CN","capital":0,"scalerank":4,"pop_max":1726000,"globe_rank":4,"min_zoom":5.1}},{"type":"Feature","geometry":{"type":"Point","coordinates":[124.9981,46.5819]},"properties":{"name":"Daqing","name_zh":"大庆","name_ja":"大慶市","adm0":"China","iso":"CN","capital":0,"scalerank":4,"pop_max":1693000,"globe_rank":4,"min_zoom":5.1}},{"type":"Feature","geometry":{"type":"Point","coordinates":[120.6181,31.3024]},"properties":{"name":"Suzhou","name_zh":"苏州","name_ja":"蘇州市","adm0":"China","iso":"CN","capital":0,"scalerank":4,"pop_max":1650000,"globe_rank":4,"min_zoom":5.6}},{"type":"Feature","geometry":{"type":"Point","coordinates":[75.8703,30.9297]},"properties":{"name":"Ludhiana","name_zh":"卢迪亚纳","name_ja":"ルディヤーナー","adm0":"India","iso":"IN","capital":0,"scalerank":4,"pop_max":1649000,"globe_rank":4,"min_zoom":5.6}},{"type":"Feature","geometry":{"type":"Point","coordinates":[122.9381,41.117]},"properties":{"name":"Anshan","name_zh":"鞍山","name_ja":"鞍山市","adm0":"China","iso":"CN","capital":0,"scalerank":4,"pop_max":1639000,"globe_rank":4,"min_zoom":5.6}},{"type":"Feature","geometry":{"type":"Point","coordinates":[114.478,36.5819]},"properties":{"name":"Handan","name_zh":"邯郸","name_ja":"邯鄲市","adm0":"China","iso":"CN","capital":0,"scalerank":4,"pop_max":1631000,"globe_rank":4,"min_zoom":5.1}},{"type":"Feature","geometry":{"type":"Point","coordinates":[78.0131,27.1724]},"properties":{"name":"Agra","name_zh":"阿格拉","name_ja":"アーグラ","adm0":"India","iso":"IN","capital":0,"scalerank":4,"pop_max":1592000,"globe_rank":4,"min_zoom":5.6}},{"type":"Feature","geometry":{"type":"Point","coordinates":[110.3781,21.2019]},"properties":{"name":"Zhanjiang","name_zh":"湛江","name_ja":"湛江市","adm0":"China","iso":"CN","capital":0,"scalerank":4,"pop_max":1590000,"globe_rank":4,"min_zoom":5.6}},{"type":"Feature","geometry":{"type":"Point","coordinates":[89.5581,22.8419]},"properties":{"name":"Khulna","name_zh":"库尔纳","name_ja":"クルナ","adm0":"Bangladesh","iso":"BD","capital":0,"scalerank":4,"pop_max":1553000,"globe_rank":4,"min_zoom":5.6}},{"type":"Feature","geometry":{"type":"Point","coordinates":[-70.67,19.5]},"properties":{"name":"Santiago","name_zh":"聖地牙哥","name_ja":"サンティアゴ・デ・ロス・カバリェロス","adm0":"Dominican Republic","iso":"DO","capital":0,"scalerank":4,"pop_max":1550753,"globe_rank":4,"min_zoom":5.6}},{"type":"Feature","geometry":{"type":"Point","coordinates":[76.222,10.017]},"properties":{"name":"Kochi","name_zh":"戈奇","name_ja":"コーチ","adm0":"India","iso":"IN","capital":0,"scalerank":4,"pop_max":1519000,"globe_rank":4,"min_zoom":5.6}},{"type":"Feature","geometry":{"type":"Point","coordinates":[74.1831,32.1624]},"properties":{"name":"Gujranwala","name_zh":"古吉兰瓦拉","name_ja":"グジュラーンワーラ","adm0":"Pakistan","iso":"PK","capital":0,"scalerank":4,"pop_max":1513000,"globe_rank":4,"min_zoom":5.6}},{"type":"Feature","geometry":{"type":"Point","coordinates":[11.25,43.78]},"properties":{"name":"Florence","name_zh":"佛罗伦萨","name_ja":"フィレンツェ","adm0":"Italy","iso":"IT","capital":0,"scalerank":4,"pop_max":1500000,"globe_rank":4,"min_zoom":5.6}},{"type":"Feature","geometry":{"type":"Point","coordinates":[29.0681,40.2019]},"properties":{"name":"Bursa","name_zh":"布尔萨","name_ja":"ブルサ","adm0":"Turkey","iso":"TR","capital":0,"scalerank":4,"pop_max":1492000,"globe_rank":4,"min_zoom":5.1}},{"type":"Feature","geometry":{"type":"Point","coordinates":[-101.702,21.1519]},"properties":{"name":"León","name_zh":"莱昂","name_ja":"レオン","adm0":"Mexico","iso":"MX","capital":0,"scalerank":4,"pop_max":1488000,"globe_rank":4,"min_zoom":5.6}},{"type":"Feature","geometry":{"type":"Point","coordinates":[73.778,20.0024]},"properties":{"name":"Nasik","name_zh":"纳西克","name_ja":"ナーシク","adm0":"India","iso":"IN","capital":0,"scalerank":4,"pop_max":1473000,"globe_rank":4,"min_zoom":5.6}},{"type":"Feature","geometry":{"type":"Point","coordinates":[-94.606,39.109]},"properties":{"name":"Kansas City","name_zh":"堪萨斯城","name_ja":"カンザスシティ","adm0":"United States of America","iso":"US","capital":0,"scalerank":4,"pop_max":1469000,"globe_rank":4,"min_zoom":5.1}},{"type":"Feature","geometry":{"type":"Point","coordinates":[127.4231,36.3375]},"properties":{"name":"Daejeon","name_zh":"大田广域","name_ja":"大田広域市","adm0":"South Korea","iso":"KR","capital":0,"scalerank":4,"pop_max":1468000,"globe_rank":4,"min_zoom":5.1}},{"type":"Feature","geometry":{"type":"Point","coordinates":[105.0481,29.5823]},"properties":{"name":"Neijiang","name_zh":"内江","name_ja":"内江市","adm0":"China","iso":"CN","capital":0,"scalerank":4,"pop_max":1466000,"globe_rank":4,"min_zoom":5.6}},{"type":"Feature","geometry":{"type":"Point","coordinates":[118.578,24.902]},"properties":{"name":"Quanzhou","name_zh":"泉州","name_ja":"泉州市","adm0":"China","iso":"CN","capital":0,"scalerank":4,"pop_max":1463000,"globe_rank":4,"min_zoom":5.6}},{"type":"Feature","geometry":{"type":"Point","coordinates":[36.2481,50.0019]},"properties":{"name":"Kharkiv","name_zh":"哈尔科夫","name_ja":"ハルキウ","adm0":"Ukraine","iso":"UA","capital":0,"scalerank":4,"pop_max":1461000,"globe_rank":4,"min_zoom":5.1}},{"type":"Feature","geometry":{"type":"Point","coordinates":[51.533,25.2866]},"properties":{"name":"Doha","name_zh":"多哈","name_ja":"ドーハ","adm0":"Qatar","iso":"QA","capital":1,"scalerank":4,"pop_max":1450000,"globe_rank":4,"min_zoom":5.6}},{"type":"Feature","geometry":{"type":"Point","coordinates":[7.4381,10.522]},"properties":{"name":"Kaduna","name_zh":"卡杜纳","name_ja":"カドゥナ","adm0":"Nigeria","iso":"NG","capital":0,"scalerank":4,"pop_max":1442000,"globe_rank":4,"min_zoom":5.6}},{"type":"Feature","geometry":{"type":"Point","coordinates":[-97.34,32.74]},"properties":{"name":"Ft.  Worth","name_zh":"沃思堡","name_ja":"フォートワース","adm0":"United States of America","iso":"US","capital":0,"scalerank":4,"pop_max":1440454,"globe_rank":4,"min_zoom":5.1}},{"type":"Feature","geometry":{"type":"Point","coordinates":[126.9085,35.1729]},"properties":{"name":"Gwangju","name_zh":"光州广域","name_ja":"光州広域市","adm0":"South Korea","iso":"KR","capital":0,"scalerank":4,"pop_max":1440000,"globe_rank":4,"min_zoom":5.6}},{"type":"Feature","geometry":{"type":"Point","coordinates":[-86.172,39.7519]},"properties":{"name":"Indianapolis","name_zh":"印第安纳波利斯","name_ja":"インディアナポリス","adm0":"United States of America","iso":"US","capital":0,"scalerank":4,"pop_max":1436000,"globe_rank":4,"min_zoom":5.1}},{"type":"Feature","geometry":{"type":"Point","coordinates":[46.2993,38.0882]},"properties":{"name":"Tabriz","name_zh":"大不里士","name_ja":"タブリーズ","adm0":"Iran","iso":"IR","capital":0,"scalerank":4,"pop_max":1413000,"globe_rank":4,"min_zoom":5.1}},{"type":"Feature","geometry":{"type":"Point","coordinates":[4.27,52.08]},"properties":{"name":"The Hague","name_zh":"海牙","name_ja":"ハーグ","adm0":"Netherlands","iso":"NL","capital":0,"scalerank":4,"pop_max":1406000,"globe_rank":4,"min_zoom":5.6}},{"type":"Feature","geometry":{"type":"Point","coordinates":[5.3731,43.2919]},"properties":{"name":"Marseille","name_zh":"马赛","name_ja":"マルセイユ","adm0":"France","iso":"FR","capital":0,"scalerank":4,"pop_max":1400000,"globe_rank":4,"min_zoom":5.0}},{"type":"Feature","geometry":{"type":"Point","coordinates":[77.6981,29.0024]},"properties":{"name":"Meerut","name_zh":"密拉特","name_ja":"メーラト","adm0":"India","iso":"IN","capital":0,"scalerank":4,"pop_max":1398000,"globe_rank":4,"min_zoom":5.6}},{"type":"Feature","geometry":{"type":"Point","coordinates":[104.69,31.4648]},"properties":{"name":"Mianyang","name_zh":"绵阳","name_ja":"綿陽市","adm0":"China","iso":"CN","capital":0,"scalerank":4,"pop_max":1396000,"globe_rank":4,"min_zoom":5.6}},{"type":"Feature","geometry":{"type":"Point","coordinates":[77.3147,28.4353]},"properties":{"name":"Faridabad","name_zh":"法里达巴德","name_ja":"ファリーダーバード","adm0":"India","iso":"IN","capital":0,"scalerank":4,"pop_max":1394000,"globe_rank":4,"min_zoom":5.6}},{"type":"Feature","geometry":{"type":"Point","coordinates":[-81.382,28.5119]},"properties":{"name":"Orlando","name_zh":"奥兰多","name_ja":"オーランド","adm0":"United States of America","iso":"US","capital":0,"scalerank":4,"pop_max":1350000,"globe_rank":4,"min_zoom":5.1}},{"type":"Feature","geometry":{"type":"Point","coordinates":[77.4064,28.6623]},"properties":{"name":"Ghaziabad","name_zh":"加济阿巴德","name_ja":"ガージヤーバード","adm0":"India","iso":"IN","capital":0,"scalerank":4,"pop_max":1341000,"globe_rank":4,"min_zoom":5.6}},{"type":"Feature","geometry":{"type":"Point","coordinates":[43.1431,36.3469]},"properties":{"name":"Mosul","name_zh":"摩苏尔","name_ja":"モースル","adm0":"Iraq","iso":"IQ","capital":0,"scalerank":4,"pop_max":1316000,"globe_rank":4,"min_zoom":5.6}},{"type":"Feature","geometry":{"type":"Point","coordinates":[96.0831,21.9719]},"properties":{"name":"Mandalay","name_zh":"曼德勒","name_ja":"マンダレー","adm0":"Myanmar","iso":"MM","capital":0,"scalerank":4,"pop_max":1300000,"globe_rank":4,"min_zoom":5.6}},{"type":"Feature","geometry":{"type":"Point","coordinates":[23.5981,-6.1481]},"properties":{"name":"Mbuji-Mayi","name_zh":"姆布吉马伊","name_ja":"ムブジマイ","adm0":"Congo (Kinshasa)","iso":"CD","capital":0,"scalerank":4,"pop_max":1295000,"globe_rank":4,"min_zoom":5.6}},{"type":"Feature","geometry":{"type":"Point","coordinates":[35.3181,36.9969]},"properties":{"name":"Adana","name_zh":"阿达纳","name_ja":"アダナ","adm0":"Turkey","iso":"TR","capital":0,"scalerank":4,"pop_max":1293000,"globe_rank":4,"min_zoom":5.1}},{"type":"Feature","geometry":{"type":"Point","coordinates":[79.9531,23.177]},"properties":{"name":"Jabalpur","name_zh":"贾巴尔普尔","name_ja":"ジャバルプル","adm0":"India","iso":"IN","capital":0,"scalerank":4,"pop_max":1285000,"globe_rank":4,"min_zoom":5.6}},{"type":"Feature","geometry":{"type":"Point","coordinates":[118.948,42.272]},"properties":{"name":"Chifeng","name_zh":"赤峰","name_ja":"赤峰市","adm0":"China","iso":"CN","capital":0,"scalerank":4,"pop_max":1277000,"globe_rank":4,"min_zoom":5.6}},{"type":"Feature","geometry":{"type":"Point","coordinates":[119.066,33.5852]},"properties":{"name":"Huaiyin","name_zh":"淮安","name_ja":"淮安市","adm0":"China","iso":"CN","capital":0,"scalerank":4,"pop_max":1264000,"globe_rank":4,"min_zoom":5.6}},{"type":"Feature","geometry":{"type":"Point","coordinates":[70.7981,22.312]},"properties":{"name":"Rajkot","name_zh":"莱科特","name_ja":"ラージコート","adm0":"India","iso":"IN","capital":0,"scalerank":4,"pop_max":1260000,"globe_rank":4,"min_zoom":5.6}},{"type":"Feature","geometry":{"type":"Point","coordinates":[86.418,23.8023]},"properties":{"name":"Dhanbad","name_zh":"丹巴德","name_ja":"ダンバード","adm0":"India","iso":"IN","capital":0,"scalerank":4,"pop_max":1246000,"globe_rank":4,"min_zoom":5.6}},{"type":"Feature","geometry":{"type":"Point","coordinates":[105.918,34.602]},"properties":{"name":"Tianshui","name_zh":"天水","name_ja":"天水市","adm0":"China","iso":"CN","capital":0,"scalerank":4,"pop_max":1225000,"globe_rank":4,"min_zoom":5.6}},{"type":"Feature","geometry":{"type":"Point","coordinates":[104.8314,26.5964]},"properties":{"name":"Liupanshui","name_zh":"六盘水","name_ja":"六盤水市","adm0":"China","iso":"CN","capital":0,"scalerank":4,"pop_max":1221000,"globe_rank":4,"min_zoom":5.6}},{"type":"Feature","geometry":{"type":"Point","coordinates":[-40.2902,-20.338]},"properties":{"name":"Vila Velha","name_zh":"韦利亚镇","name_ja":"ヴィラ・ヴェーリャ","adm0":"Brazil","iso":"BR","capital":0,"scalerank":4,"pop_max":1209091,"globe_rank":4,"min_zoom":5.6}},{"type":"Feature","geometry":{"type":"Point","coordinates":[-60.6683,-32.9492]},"properties":{"name":"Rosario","name_zh":"罗萨里奥","name_ja":"ロサリオ","adm0":"Argentina","iso":"AR","capital":0,"scalerank":4,"pop_max":1203000,"globe_rank":4,"min_zoom":5.1}},{"type":"Feature","geometry":{"type":"Point","coordinates":[81.8381,25.4569]},"properties":{"name":"Allahabad","name_zh":"安拉阿巴德","name_ja":"イラーハーバード","adm0":"India","iso":"IN","capital":0,"scalerank":4,"pop_max":1201000,"globe_rank":4,"min_zoom":5.6}},{"type":"Feature","geometry":{"type":"Point","coordinates":[5.6181,6.3424]},"properties":{"name":"Benin City","name_zh":"贝宁城","name_ja":"ベニンシティ","adm0":"Nigeria","iso":"NG","capital":0,"scalerank":4,"pop_max":1190000,"globe_rank":4,"min_zoom":5.6}},{"type":"Feature","geometry":{"type":"Point","coordinates":[-35.7319,-9.618]},"properties":{"name":"Maceió","name_zh":"马塞约","name_ja":"マセイオ","adm0":"Brazil","iso":"BR","capital":0,"scalerank":4,"pop_max":1186000,"globe_rank":4,"min_zoom":5.6}},{"type":"Feature","geometry":{"type":"Point","coordinates":[-97.7447,30.2689]},"properties":{"name":"Austin","name_zh":"奥斯汀","name_ja":"オースティン","adm0":"United States of America","iso":"US","capital":0,"scalerank":4,"pop_max":1161000,"globe_rank":4,"min_zoom":5.1}},{"type":"Feature","geometry":{"type":"Point","coordinates":[-103.4219,25.572]},"properties":{"name":"Torreón","name_zh":"托雷翁","name_ja":"トレオン","adm0":"Mexico","iso":"MX","capital":0,"scalerank":4,"pop_max":1144000,"globe_rank":4,"min_zoom":5.6}},{"type":"Feature","geometry":{"type":"Point","coordinates":[74.8283,34.0695]},"properties":{"name":"Srinagar","name_zh":"斯利那加","name_ja":"シュリーナガル","adm0":"India","iso":"IN","capital":0,"scalerank":4,"pop_max":1140000,"globe_rank":4,"min_zoom":5.6}},{"type":"Feature","geometry":{"type":"Point","coordinates":[80.6281,16.5219]},"properties":{"name":"Vijayawada","name_zh":"维杰亚瓦达","name_ja":"ヴィジャヤワーダ","adm0":"India","iso":"IN","capital":0,"scalerank":4,"pop_max":1137000,"globe_rank":4,"min_zoom":5.6}},{"type":"Feature","geometry":{"type":"Point","coordinates":[73.398,54.9919]},"properties":{"name":"Omsk","name_zh":"鄂木斯克","name_ja":"オムスク","adm0":"Russia","iso":"RU","capital":0,"scalerank":4,"pop_max":1135000,"globe_rank":4,"min_zoom":3.7}},{"type":"Feature","geometry":{"type":"Point","coordinates":[110.1481,22.6319]},"properties":{"name":"Yulin","name_zh":"玉林","name_ja":"玉林市","adm0":"China","iso":"CN","capital":0,"scalerank":4,"pop_max":1127000,"globe_rank":4,"min_zoom":5.6}},{"type":"Feature","geometry":{"type":"Point","coordinates":[75.3289,19.8617]},"properties":{"name":"Aurangabad","name_zh":"奥郎加巴德","name_ja":"アウランガーバード","adm0":"India","iso":"IN","capital":0,"scalerank":4,"pop_max":1113000,"globe_rank":4,"min_zoom":5.6}},{"type":"Feature","geometry":{"type":"Point","coordinates":[109.02,32.68]},"properties":{"name":"Ankang","name_zh":"安康","name_ja":"安康市","adm0":"China","iso":"CN","capital":0,"scalerank":4,"pop_max":1100000,"globe_rank":4,"min_zoom":5.6}},{"type":"Feature","geometry":{"type":"Point","coordinates":[61.4367,55.1569]},"properties":{"name":"Chelyabinsk","name_zh":"车里雅宾斯克","name_ja":"チェリャビンスク","adm0":"Russia","iso":"RU","capital":0,"scalerank":4,"pop_max":1091000,"globe_rank":4,"min_zoom":5.1}},{"type":"Feature","geometry":{"type":"Point","coordinates":[-35.242,-5.7781]},"properties":{"name":"Natal","name_zh":"纳塔尔","name_ja":"ナタール","adm0":"Brazil","iso":"BR","capital":0,"scalerank":4,"pop_max":1088000,"globe_rank":4,"min_zoom":5.6}},{"type":"Feature","geometry":{"type":"Point","coordinates":[75.8981,17.6724]},"properties":{"name":"Sholapur","name_zh":"索拉普","name_ja":"ソーラープル","adm0":"India","iso":"IN","capital":0,"scalerank":4,"pop_max":1057000,"globe_rank":4,"min_zoom":5.6}},{"type":"Feature","geometry":{"type":"Point","coordinates":[39.7107,47.2366]},"properties":{"name":"Rostov","name_zh":"顿河畔罗斯托夫","name_ja":"ロストフ・ナ・ドヌ","adm0":"Russia","iso":"RU","capital":0,"scalerank":4,"pop_max":1052000,"globe_rank":4,"min_zoom":5.1}},{"type":"Feature","geometry":{"type":"Point","coordinates":[34.9981,48.4819]},"properties":{"name":"Dnipro","name_zh":"第聂伯罗","name_ja":"ドニプロ","adm0":"Ukraine","iso":"UA","capital":0,"scalerank":4,"pop_max":1050000,"globe_rank":4,"min_zoom":5.1}},{"type":"Feature","geometry":{"type":"Point","coordinates":[85.3281,23.372]},"properties":{"name":"Ranchi","name_zh":"兰契","name_ja":"ラーンチー","adm0":"India","iso":"IN","capital":0,"scalerank":4,"pop_max":1044000,"globe_rank":4,"min_zoom":5.6}},{"type":"Feature","geometry":{"type":"Point","coordinates":[-44.2679,-2.514]},"properties":{"name":"São Luís","name_zh":"圣路易斯","name_ja":"サン・ルイス","adm0":"Brazil","iso":"BR","capital":0,"scalerank":4,"pop_max":1038000,"globe_rank":4,"min_zoom":5.6}},{"type":"Feature","geometry":{"type":"Point","coordinates":[7.0081,4.8119]},"properties":{"name":"Port Harcourt","name_zh":"哈科特港","name_ja":"ポートハーコート","adm0":"Nigeria","iso":"NG","capital":0,"scalerank":4,"pop_max":1020000,"globe_rank":4,"min_zoom":5.6}},{"type":"Feature","geometry":{"type":"Point","coordinates":[130.3481,46.832]},"properties":{"name":"Jiamusi","name_zh":"佳木斯","name_ja":"ジャムス市","adm0":"China","iso":"CN","capital":0,"scalerank":4,"pop_max":1020000,"globe_rank":4,"min_zoom":5.1}},{"type":"Feature","geometry":{"type":"Point","coordinates":[-73.2019,41.1819]},"properties":{"name":"Bridgeport","name_zh":"布里奇波特","name_ja":"ブリッジポート","adm0":"United States of America","iso":"US","capital":0,"scalerank":4,"pop_max":1018000,"globe_rank":4,"min_zoom":5.6}},{"type":"Feature","geometry":{"type":"Point","coordinates":[112.5881,26.882]},"properties":{"name":"Hengyang","name_zh":"衡阳","name_ja":"衡陽市","adm0":"China","iso":"CN","capital":0,"scalerank":4,"pop_max":1016000,"globe_rank":4,"min_zoom":5.6}},{"type":"Feature","geometry":{"type":"Point","coordinates":[39.5781,24.5019]},"properties":{"name":"Medina","name_zh":"麦地那","name_ja":"マディーナ","adm0":"Saudi Arabia","iso":"SA","capital":0,"scalerank":4,"pop_max":1010000,"globe_rank":4,"min_zoom":5.1}},{"type":"Feature","geometry":{"type":"Point","coordinates":[108.25,16.06]},"properties":{"name":"Da Nang","name_zh":"岘港","name_ja":"ダナン","adm0":"Vietnam","iso":"VN","capital":0,"scalerank":4,"pop_max":1000000,"globe_rank":4,"min_zoom":5.6}},{"type":"Feature","geometry":{"type":"Point","coordinates":[99.15,25.12]},"properties":{"name":"Baoshan","name_zh":"保山","name_ja":"保山市","adm0":"China","iso":"CN","capital":0,"scalerank":4,"pop_max":1000000,"globe_rank":4,"min_zoom":5.6}},{"type":"Feature","geometry":{"type":"Point","coordinates":[48.7181,31.2819]},"properties":{"name":"Ahvaz","name_zh":"阿瓦士","name_ja":"アフヴァーズ","adm0":"Iran","iso":"IR","capital":0,"scalerank":4,"pop_max":996000,"globe_rank":4,"min_zoom":5.1}},{"type":"Feature","geometry":{"type":"Point","coordinates":[73.0148,26.2937]},"properties":{"name":"Jodhpur","name_zh":"焦特布尔","name_ja":"ジョードプル","adm0":"India","iso":"IN","capital":0,"scalerank":4,"pop_max":995000,"globe_rank":4,"min_zoom":5.6}},{"type":"Feature","geometry":{"type":"Point","coordinates":[-101.0019,22.1719]},"properties":{"name":"San Luis Potosí","name_zh":"圣路易斯波托西","name_ja":"サン・ルイス・ポトシ","adm0":"Mexico","iso":"MX","capital":0,"scalerank":4,"pop_max":992000,"globe_rank":4,"min_zoom":5.6}},{"type":"Feature","geometry":{"type":"Point","coordinates":[30.7081,46.492]},"properties":{"name":"Odessa","name_zh":"敖德萨","name_ja":"オデッサ","adm0":"Ukraine","iso":"UA","capital":0,"scalerank":4,"pop_max":991000,"globe_rank":4,"min_zoom":5.1}},{"type":"Feature","geometry":{"type":"Point","coordinates":[-81.6719,30.332]},"properties":{"name":"Jacksonville","name_zh":"杰克逊维尔","name_ja":"ジャクソンビル","adm0":"United States of America","iso":"US","capital":0,"scalerank":4,"pop_max":988000,"globe_rank":4,"min_zoom":5.1}},{"type":"Feature","geometry":{"type":"Point","coordinates":[37.828,48.0019]},"properties":{"name":"Donetsk","name_zh":"顿涅茨克","name_ja":"ドネツィク","adm0":"Ukraine","iso":"UA","capital":0,"scalerank":4,"pop_max":988000,"globe_rank":4,"min_zoom":5.0}},{"type":"Feature","geometry":{"type":"Point","coordinates":[91.768,26.162]},"properties":{"name":"Guwahati","name_zh":"古瓦哈提","name_ja":"グワーハーティー","adm0":"India","iso":"IN","capital":0,"scalerank":4,"pop_max":983000,"globe_rank":4,"min_zoom":5.6}},{"type":"Feature","geometry":{"type":"Point","coordinates":[76.7781,30.7219]},"properties":{"name":"Chandigarh","name_zh":"昌迪加尔","name_ja":"チャンディーガル","adm0":"India","iso":"IN","capital":0,"scalerank":4,"pop_max":979000,"globe_rank":4,"min_zoom":5.6}},{"type":"Feature","geometry":{"type":"Point","coordinates":[78.1692,26.2]},"properties":{"name":"Gwalior","name_zh":"瓜廖尔","name_ja":"グワーリヤル","adm0":"India","iso":"IN","capital":0,"scalerank":4,"pop_max":978000,"globe_rank":4,"min_zoom":5.6}},{"type":"Feature","geometry":{"type":"Point","coordinates":[130.9681,45.3019]},"properties":{"name":"Jixi","name_zh":"鸡西","name_ja":"鶏西市","adm0":"China","iso":"CN","capital":0,"scalerank":4,"pop_max":965000,"globe_rank":4,"min_zoom":5.6}},{"type":"Feature","geometry":{"type":"Point","coordinates":[76.9252,8.5155]},"properties":{"name":"Thiruvananthapuram","name_zh":"特里凡得琅","name_ja":"ティルヴァナンタプラム","adm0":"India","iso":"IN","capital":0,"scalerank":4,"pop_max":954000,"globe_rank":4,"min_zoom":5.6}},{"type":"Feature","geometry":{"type":"Point","coordinates":[4.238,8.132]},"properties":{"name":"Ogbomosho","name_zh":"奥博莫绍","name_ja":"オグボモショ","adm0":"Nigeria","iso":"NG","capital":0,"scalerank":4,"pop_max":951000,"globe_rank":4,"min_zoom":5.6}},{"type":"Feature","geometry":{"type":"Point","coordinates":[78.6875,10.8005]},"properties":{"name":"Tiruchirappalli","name_zh":"蒂鲁吉拉帕利","name_ja":"ティルッチラーッパッリ","adm0":"India","iso":"IN","capital":0,"scalerank":4,"pop_max":951000,"globe_rank":4,"min_zoom":5.6}},{"type":"Feature","geometry":{"type":"Point","coordinates":[125.1747,6.1108]},"properties":{"name":"General Santos","name_zh":"三投斯将军","name_ja":"ジェネラル・サントス","adm0":"Philippines","iso":"PH","capital":0,"scalerank":4,"pop_max":950530,"globe_rank":4,"min_zoom":5.6}},{"type":"Feature","geometry":{"type":"Point","coordinates":[-95.93,36.12]},"properties":{"name":"Tulsa","name_zh":"塔尔萨","name_ja":"タルサ","adm0":"United States of America","iso":"US","capital":0,"scalerank":4,"pop_max":946962,"globe_rank":4,"min_zoom":5.6}},{"type":"Feature","geometry":{"type":"Point","coordinates":[43.148,11.595]},"properties":{"name":"Djibouti","name_zh":"吉布地","name_ja":"ジブチ市","adm0":"Djibouti","iso":"DJ","capital":1,"scalerank":4,"pop_max":923000,"globe_rank":4,"min_zoom":5.6}},{"type":"Feature","geometry":{"type":"Point","coordinates":[32.4731,37.877]},"properties":{"name":"Konya","name_zh":"科尼亚","name_ja":"コンヤ","adm0":"Turkey","iso":"TR","capital":0,"scalerank":4,"pop_max":919000,"globe_rank":4,"min_zoom":5.6}},{"type":"Feature","geometry":{"type":"Point","coordinates":[-77.4519,37.552]},"properties":{"name":"Richmond","name_zh":"里士满","name_ja":"リッチモンド","adm0":"United States of America","iso":"US","capital":0,"scalerank":4,"pop_max":912000,"globe_rank":4,"min_zoom":5.0}},{"type":"Feature","geometry":{"type":"Point","coordinates":[-42.782,-5.0931]},"properties":{"name":"Teresina","name_zh":"特雷西纳","name_ja":"テレジーナ","adm0":"Brazil","iso":"BR","capital":0,"scalerank":4,"pop_max":907000,"globe_rank":4,"min_zoom":5.6}},{"type":"Feature","geometry":{"type":"Point","coordinates":[127.673,26.2072]},"properties":{"name":"Naha","name_zh":"那霸","name_ja":"那覇市","adm0":"Japan","iso":"JP","capital":0,"scalerank":4,"pop_max":905238,"globe_rank":4,"min_zoom":5.1}},{"type":"Feature","geometry":{"type":"Point","coordinates":[-106.6413,35.105]},"properties":{"name":"Albuquerque","name_zh":"阿尔伯克基","name_ja":"アルバカーキ","adm0":"United States of America","iso":"US","capital":0,"scalerank":4,"pop_max":898642,"globe_rank":4,"min_zoom":5.1}},{"type":"Feature","geometry":{"type":"Point","coordinates":[13.1581,11.8519]},"properties":{"name":"Maiduguri","name_zh":"迈杜古里","name_ja":"マイドゥグリ","adm0":"Nigeria","iso":"NG","capital":0,"scalerank":4,"pop_max":896000,"globe_rank":4,"min_zoom":5.6}},{"type":"Feature","geometry":{"type":"Point","coordinates":[75.1231,15.3619]},"properties":{"name":"Hubballi","name_zh":"胡布利","name_ja":"フブリ","adm0":"India","iso":"IN","capital":0,"scalerank":4,"pop_max":890000,"globe_rank":4,"min_zoom":5.6}},{"type":"Feature","geometry":{"type":"Point","coordinates":[76.6581,12.3119]},"properties":{"name":"Mysuru","name_zh":"迈索尔","name_ja":"マイソール","adm0":"India","iso":"IN","capital":0,"scalerank":4,"pop_max":887000,"globe_rank":4,"min_zoom":5.6}},{"type":"Feature","geometry":{"type":"Point","coordinates":[-115.482,32.6519]},"properties":{"name":"Mexicali","name_zh":"墨西卡利","name_ja":"メヒカリ","adm0":"Mexico","iso":"MX","capital":0,"scalerank":4,"pop_max":885000,"globe_rank":4,"min_zoom":5.6}},{"type":"Feature","geometry":{"type":"Point","coordinates":[122.268,43.6219]},"properties":{"name":"Tongliao","name_zh":"通辽","name_ja":"通遼市","adm0":"China","iso":"CN","capital":0,"scalerank":4,"pop_max":884000,"globe_rank":4,"min_zoom":5.6}},{"type":"Feature","geometry":{"type":"Point","coordinates":[-2.93,43.25]},"properties":{"name":"Bilbao","name_zh":"毕尔巴鄂","name_ja":"ビルバオ","adm0":"Spain","iso":"ES","capital":0,"scalerank":4,"pop_max":875552,"globe_rank":4,"min_zoom":5.0}},{"type":"Feature","geometry":{"type":"Point","coordinates":[81.6331,21.2369]},"properties":{"name":"Raipur","name_zh":"赖布尔","name_ja":"ラーイプル","adm0":"India","iso":"IN","capital":0,"scalerank":4,"pop_max":875000,"globe_rank":4,"min_zoom":5.6}},{"type":"Feature","geometry":{"type":"Point","coordinates":[78.1781,11.6719]},"properties":{"name":"Salem","name_zh":"萨兰姆","name_ja":"セーラム","adm0":"India","iso":"IN","capital":0,"scalerank":4,"pop_max":873000,"globe_rank":4,"min_zoom":5.6}},{"type":"Feature","geometry":{"type":"Point","coordinates":[47.8116,30.5155]},"properties":{"name":"Basra","name_zh":"巴士拉","name_ja":"バスラ","adm0":"Iraq","iso":"IQ","capital":0,"scalerank":4,"pop_max":870000,"globe_rank":4,"min_zoom":5.1}},{"type":"Feature","geometry":{"type":"Point","coordinates":[105.2681,-5.4281]},"properties":{"name":"Bandar Lampung","name_zh":"班達楠榜","name_ja":"バンダールランプン","adm0":"Indonesia","iso":"ID","capital":0,"scalerank":4,"pop_max":865000,"globe_rank":4,"min_zoom":5.6}},{"type":"Feature","geometry":{"type":"Point","coordinates":[30.0586,-1.9516]},"properties":{"name":"Kigali","name_zh":"吉佳利","name_ja":"キガリ","adm0":"Rwanda","iso":"RW","capital":1,"scalerank":4,"pop_max":860000,"globe_rank":4,"min_zoom":5.1}},{"type":"Feature","geometry":{"type":"Point","coordinates":[75.5671,31.3369]},"properties":{"name":"Jullundur","name_zh":"贾朗达尔","name_ja":"ジャランダル","adm0":"India","iso":"IN","capital":0,"scalerank":4,"pop_max":855000,"globe_rank":4,"min_zoom":5.6}},{"type":"Feature","geometry":{"type":"Point","coordinates":[77.25,38.4261]},"properties":{"name":"Shache","name_zh":"莎车县","name_ja":"ヤルカンド県","adm0":"China","iso":"CN","capital":0,"scalerank":4,"pop_max":851374,"globe_rank":4,"min_zoom":5.6}},{"type":"Feature","geometry":{"type":"Point","coordinates":[39.1868,51.6654]},"properties":{"name":"Voronezh","name_zh":"沃罗涅日","name_ja":"ヴォロネジ","adm0":"Russia","iso":"RU","capital":0,"scalerank":4,"pop_max":844000,"globe_rank":4,"min_zoom":5.1}},{"type":"Feature","geometry":{"type":"Point","coordinates":[46.0281,51.5819]},"properties":{"name":"Saratov","name_zh":"萨拉托夫","name_ja":"サラトフ","adm0":"Russia","iso":"RU","capital":0,"scalerank":4,"pop_max":843000,"globe_rank":4,"min_zoom":5.1}},{"type":"Feature","geometry":{"type":"Point","coordinates":[5.76,5.52]},"properties":{"name":"Warri","name_zh":"瓦里","name_ja":"ワリ","adm0":"Nigeria","iso":"NG","capital":0,"scalerank":4,"pop_max":830106,"globe_rank":4,"min_zoom":5.6}},{"type":"Feature","geometry":{"type":"Point","coordinates":[-65.2186,-26.8141]},"properties":{"name":"Tucumán","name_zh":"圣米格尔-德-图库曼","name_ja":"サン・ミゲル・デ・トゥクマン","adm0":"Argentina","iso":"AR","capital":0,"scalerank":4,"pop_max":830000,"globe_rank":4,"min_zoom":5.6}},{"type":"Feature","geometry":{"type":"Point","coordinates":[75.8331,25.1819]},"properties":{"name":"Kota","name_zh":"科塔","name_ja":"コーター","adm0":"India","iso":"IN","capital":0,"scalerank":4,"pop_max":827000,"globe_rank":4,"min_zoom":5.6}},{"type":"Feature","geometry":{"type":"Point","coordinates":[113.0981,29.382]},"properties":{"name":"Yueyang","name_zh":"岳阳","name_ja":"岳陽市","adm0":"China","iso":"CN","capital":0,"scalerank":4,"pop_max":826000,"globe_rank":4,"min_zoom":5.6}},{"type":"Feature","geometry":{"type":"Point","coordinates":[-110.8919,32.2069]},"properties":{"name":"Tucson","name_zh":"图森","name_ja":"トゥーソン","adm0":"United States of America","iso":"US","capital":0,"scalerank":4,"pop_max":823000,"globe_rank":4,"min_zoom":5.1}},{"type":"Feature","geometry":{"type":"Point","coordinates":[-71.532,-16.418]},"properties":{"name":"Arequipa","name_zh":"阿雷基帕","name_ja":"アレキパ","adm0":"Peru","iso":"PE","capital":0,"scalerank":4,"pop_max":815000,"globe_rank":4,"min_zoom":5.6}},{"type":"Feature","geometry":{"type":"Point","coordinates":[88.6031,24.3769]},"properties":{"name":"Rajshahi","name_zh":"拉杰沙希","name_ja":"ラジシャヒ","adm0":"Bangladesh","iso":"BD","capital":0,"scalerank":4,"pop_max":810000,"globe_rank":4,"min_zoom":5.6}},{"type":"Feature","geometry":{"type":"Point","coordinates":[-107.3819,24.8319]},"properties":{"name":"Culiacán","name_zh":"库利亚坎","name_ja":"クリアカン","adm0":"Mexico","iso":"MX","capital":0,"scalerank":4,"pop_max":809000,"globe_rank":4,"min_zoom":5.6}},{"type":"Feature","geometry":{"type":"Point","coordinates":[-56.0869,-15.5677]},"properties":{"name":"Cuiabá","name_zh":"库亚巴","name_ja":"クイアバ","adm0":"Brazil","iso":"BR","capital":0,"scalerank":4,"pop_max":806000,"globe_rank":4,"min_zoom":5.1}},{"type":"Feature","geometry":{"type":"Point","coordinates":[78.0598,27.8942]},"properties":{"name":"Aligarh","name_zh":"阿里格尔","name_ja":"アリーガル","adm0":"India","iso":"IN","capital":0,"scalerank":4,"pop_max":805000,"globe_rank":4,"min_zoom":5.6}},{"type":"Feature","geometry":{"type":"Point","coordinates":[112.6081,-7.978]},"properties":{"name":"Malang","name_zh":"玛琅","name_ja":"マラン","adm0":"Indonesia","iso":"ID","capital":0,"scalerank":4,"pop_max":805000,"globe_rank":4,"min_zoom":5.6}},{"type":"Feature","geometry":{"type":"Point","coordinates":[24.03,49.835]},"properties":{"name":"Lviv","name_zh":"利沃夫","name_ja":"リヴィウ","adm0":"Ukraine","iso":"UA","capital":0,"scalerank":4,"pop_max":803880,"globe_rank":4,"min_zoom":5.1}},{"type":"Feature","geometry":{"type":"Point","coordinates":[-0.597,44.852]},"properties":{"name":"Bordeaux","name_zh":"波尔多","name_ja":"ボルドー","adm0":"France","iso":"FR","capital":0,"scalerank":4,"pop_max":803000,"globe_rank":4,"min_zoom":5.0}},{"type":"Feature","geometry":{"type":"Point","coordinates":[74.8448,32.7137]},"properties":{"name":"Jammu","name_zh":"查谟","name_ja":"ジャンムー","adm0":"India","iso":"IN","capital":0,"scalerank":4,"pop_max":791000,"globe_rank":4,"min_zoom":5.6}},{"type":"Feature","geometry":{"type":"Point","coordinates":[78.7548,28.8437]},"properties":{"name":"Moradabad","name_zh":"莫拉达巴德","name_ja":"ムラーダーバード","adm0":"India","iso":"IN","capital":0,"scalerank":4,"pop_max":787000,"globe_rank":4,"min_zoom":5.6}},{"type":"Feature","geometry":{"type":"Point","coordinates":[74.85,12.9]},"properties":{"name":"Mangaluru","name_zh":"门格洛尔","name_ja":"マンガロール","adm0":"India","iso":"IN","capital":0,"scalerank":4,"pop_max":776632,"globe_rank":4,"min_zoom":5.6}},{"type":"Feature","geometry":{"type":"Point","coordinates":[122.0781,6.9219]},"properties":{"name":"Zamboanga","name_zh":"三宝颜","name_ja":"サンボアンガ","adm0":"Philippines","iso":"PH","capital":0,"scalerank":4,"pop_max":773000,"globe_rank":4,"min_zoom":5.6}},{"type":"Feature","geometry":{"type":"Point","coordinates":[67.023,30.2219]},"properties":{"name":"Quetta","name_zh":"奎达","name_ja":"クエッタ","adm0":"Pakistan","iso":"PK","capital":0,"scalerank":4,"pop_max":768000,"globe_rank":4,"min_zoom":5.6}},{"type":"Feature","geometry":{"type":"Point","coordinates":[22.3981,-5.8881]},"properties":{"name":"Kananga","name_zh":"卡南加","name_ja":"カナンガ","adm0":"Congo (Kinshasa)","iso":"CD","capital":0,"scalerank":4,"pop_max":765000,"globe_rank":4,"min_zoom":5.6}},{"type":"Feature","geometry":{"type":"Point","coordinates":[19.9581,50.0619]},"properties":{"name":"Kraków","name_zh":"克拉科夫","name_ja":"クラクフ","adm0":"Poland","iso":"PL","capital":0,"scalerank":4,"pop_max":756000,"globe_rank":4,"min_zoom":5.1}},{"type":"Feature","geometry":{"type":"Point","coordinates":[-77.6219,43.1724]},"properties":{"name":"Rochester","name_zh":"羅徹斯特","name_ja":"ロチェスター","adm0":"United States of America","iso":"US","capital":0,"scalerank":4,"pop_max":755000,"globe_rank":4,"min_zoom":5.1}},{"type":"Feature","geometry":{"type":"Point","coordinates":[-106.5119,31.7819]},"properties":{"name":"El Paso","name_zh":"艾尔帕索","name_ja":"エル・パソ","adm0":"United States of America","iso":"US","capital":0,"scalerank":4,"pop_max":753000,"globe_rank":4,"min_zoom":5.1}},{"type":"Feature","geometry":{"type":"Point","coordinates":[44.0375,13.6064]},"properties":{"name":"Taizz","name_zh":"塔伊兹","name_ja":"タイズ","adm0":"Yemen","iso":"YE","capital":0,"scalerank":4,"pop_max":751000,"globe_rank":4,"min_zoom":5.1}},{"type":"Feature","geometry":{"type":"Point","coordinates":[74.22,16.7]},"properties":{"name":"Kolhapur","name_zh":"戈尔哈布尔","name_ja":"コールハープル","adm0":"India","iso":"IN","capital":0,"scalerank":4,"pop_max":750000,"globe_rank":4,"min_zoom":5.1}},{"type":"Feature","geometry":{"type":"Point","coordinates":[18.64,54.36]},"properties":{"name":"Gdańsk","name_zh":"格但斯克","name_ja":"グダニスク","adm0":"Poland","iso":"PL","capital":0,"scalerank":4,"pop_max":740000,"globe_rank":4,"min_zoom":5.0}},{"type":"Feature","geometry":{"type":"Point","coordinates":[-93.085,44.944]},"properties":{"name":"St.  Paul","name_zh":"圣保罗","name_ja":"セイント・ポール","adm0":"United States of America","iso":"US","capital":0,"scalerank":4,"pop_max":734854,"globe_rank":4,"min_zoom":5.6}},{"type":"Feature","geometry":{"type":"Point","coordinates":[113.58,24.8]},"properties":{"name":"Shaoguan","name_zh":"韶关","name_ja":"韶関市","adm0":"China","iso":"CN","capital":0,"scalerank":4,"pop_max":720266,"globe_rank":4,"min_zoom":5.1}},{"type":"Feature","geometry":{"type":"Point","coordinates":[15.08,37.5]},"properties":{"name":"Catania","name_zh":"卡塔纳","name_ja":"カターニア","adm0":"Italy","iso":"IT","capital":0,"scalerank":4,"pop_max":674542,"globe_rank":4,"min_zoom":5.6}},{"type":"Feature","geometry":{"type":"Point","coordinates":[44.3354,32.0003]},"properties":{"name":"Najaf","name_zh":"纳杰夫","name_ja":"ナジャフ","adm0":"Iraq","iso":"IQ","capital":0,"scalerank":4,"pop_max":665552,"globe_rank":4,"min_zoom":5.6}},{"type":"Feature","geometry":{"type":"Point","coordinates":[-76.15,43.05]},"properties":{"name":"Syracuse","name_zh":"锡拉丘兹","name_ja":"シラキュース","adm0":"United States of America","iso":"US","capital":0,"scalerank":4,"pop_max":662577,"globe_rank":4,"min_zoom":5.6}},{"type":"Feature","geometry":{"type":"Point","coordinates":[11.88,-4.77]},"properties":{"name":"Pointe-Noire","name_zh":"黑角","name_ja":"ポワントノワール","adm0":"Congo (Brazzaville)","iso":"CG","capital":0,"scalerank":4,"pop_max":659084,"globe_rank":4,"min_zoom":5.6}},{"type":"Feature","geometry":{"type":"Point","coordinates":[-83.92,35.97]},"properties":{"name":"Knoxville","name_zh":"诺克斯维尔","name_ja":"ノックスビル","adm0":"United States of America","iso":"US","capital":0,"scalerank":4,"pop_max":655400,"globe_rank":4,"min_zoom":5.6}},{"type":"Feature","geometry":{"type":"Point","coordinates":[72.34,40.79]},"properties":{"name":"Andijan","name_zh":"安集延","name_ja":"アンディジャン","adm0":"Uzbekistan","iso":"UZ","capital":0,"scalerank":4,"pop_max":650000,"globe_rank":4,"min_zoom":5.1}},{"type":"Feature","geometry":{"type":"Point","coordinates":[39.0,45.02]},"properties":{"name":"Krasnodar","name_zh":"克拉斯诺达尔","name_ja":"クラスノダール","adm0":"Russia","iso":"RU","capital":0,"scalerank":4,"pop_max":649851,"globe_rank":4,"min_zoom":5.1}},{"type":"Feature","geometry":{"type":"Point","coordinates":[48.41,54.33]},"properties":{"name":"Ulyanovsk","name_zh":"乌里扬诺夫斯克","name_ja":"ウリヤノフスク","adm0":"Russia","iso":"RU","capital":0,"scalerank":4,"pop_max":640680,"globe_rank":4,"min_zoom":5.6}},{"type":"Feature","geometry":{"type":"Point","coordinates":[32.29,31.26]},"properties":{"name":"Bur Said","name_zh":"塞得港","name_ja":"ポートサイド","adm0":"Egypt","iso":"EG","capital":0,"scalerank":4,"pop_max":623864,"globe_rank":4,"min_zoom":5.6}},{"type":"Feature","geometry":{"type":"Point","coordinates":[77.3083,19.1973]},"properties":{"name":"Nanded","name_zh":"楠代德","name_ja":"ナーンデード","adm0":"India","iso":"IN","capital":0,"scalerank":4,"pop_max":623708,"globe_rank":4,"min_zoom":5.6}},{"type":"Feature","geometry":{"type":"Point","coordinates":[13.75,51.05]},"properties":{"name":"Dresden","name_zh":"德累斯顿","name_ja":"ドレスデン","adm0":"Germany","iso":"DE","capital":0,"scalerank":4,"pop_max":617515,"globe_rank":4,"min_zoom":5.0}},{"type":"Feature","geometry":{"type":"Point","coordinates":[-119.773,36.7477]},"properties":{"name":"Fresno","name_zh":"弗雷斯诺","name_ja":"フレズノ","adm0":"United States of America","iso":"US","capital":0,"scalerank":4,"pop_max":616353,"globe_rank":4,"min_zoom":5.1}},{"type":"Feature","geometry":{"type":"Point","coordinates":[36.3437,41.28]},"properties":{"name":"Samsun","name_zh":"萨姆松","name_ja":"サムスン","adm0":"Turkey","iso":"TR","capital":0,"scalerank":4,"pop_max":609339,"globe_rank":4,"min_zoom":5.6}},{"type":"Feature","geometry":{"type":"Point","coordinates":[39.87,57.62]},"properties":{"name":"Yaroslavl","name_zh":"雅罗斯拉夫尔","name_ja":"ヤロスラヴリ","adm0":"Russia","iso":"RU","capital":0,"scalerank":4,"pop_max":606730,"globe_rank":4,"min_zoom":5.1}},{"type":"Feature","geometry":{"type":"Point","coordinates":[6.5999,36.36]},"properties":{"name":"Constantine","name_zh":"君士坦丁","name_ja":"コンスタンティーヌ","adm0":"Algeria","iso":"DZ","capital":0,"scalerank":4,"pop_max":605179,"globe_rank":4,"min_zoom":5.6}},{"type":"Feature","geometry":{"type":"Point","coordinates":[44.3923,35.4722]},"properties":{"name":"Kirkuk","name_zh":"基尔库克","name_ja":"キルクーク","adm0":"Iraq","iso":"IQ","capital":0,"scalerank":4,"pop_max":601433,"globe_rank":4,"min_zoom":5.1}},{"type":"Feature","geometry":{"type":"Point","coordinates":[-110.9541,29.0989]},"properties":{"name":"Hermosillo","name_zh":"埃莫西约","name_ja":"エルモシージョ","adm0":"Mexico","iso":"MX","capital":0,"scalerank":4,"pop_max":595811,"globe_rank":4,"min_zoom":5.6}},{"type":"Feature","geometry":{"type":"Point","coordinates":[57.5,-20.1666]},"properties":{"name":"Port Louis","name_zh":"路易港","name_ja":"ポートルイス","adm0":"Mauritius","iso":"MU","capital":1,"scalerank":4,"pop_max":595491,"globe_rank":4,"min_zoom":5.6}},{"type":"Feature","geometry":{"type":"Point","coordinates":[138.17,36.65]},"properties":{"name":"Nagano","name_zh":"长野","name_ja":"長野市","adm0":"Japan","iso":"JP","capital":0,"scalerank":4,"pop_max":594311,"globe_rank":4,"min_zoom":5.6}},{"type":"Feature","geometry":{"type":"Point","coordinates":[34.9899,-15.79]},"properties":{"name":"Blantyre","name_zh":"布兰太尔","name_ja":"ブランタイヤ","adm0":"Malawi","iso":"MW","capital":0,"scalerank":4,"pop_max":584877,"globe_rank":4,"min_zoom":5.6}},{"type":"Feature","geometry":{"type":"Point","coordinates":[85.8899,20.47]},"properties":{"name":"Cuttack","name_zh":"克塔克","name_ja":"カタク","adm0":"India","iso":"IN","capital":0,"scalerank":4,"pop_max":580000,"globe_rank":4,"min_zoom":5.6}},{"type":"Feature","geometry":{"type":"Point","coordinates":[135.12,48.455]},"properties":{"name":"Khabarovsk","name_zh":"伯力","name_ja":"ハバロフスク","adm0":"Russia","iso":"RU","capital":0,"scalerank":4,"pop_max":579000,"globe_rank":4,"min_zoom":5.6}},{"type":"Feature","geometry":{"type":"Point","coordinates":[25.22,0.52]},"properties":{"name":"Kisangani","name_zh":"基桑加尼","name_ja":"キサンガニ","adm0":"Congo (Kinshasa)","iso":"CD","capital":0,"scalerank":4,"pop_max":578470,"globe_rank":4,"min_zoom":5.6}},{"type":"Feature","geometry":{"type":"Point","coordinates":[-91.52,14.83]},"properties":{"name":"Quetzaltenango","name_zh":"克萨尔特南戈","name_ja":"ケツァルテナンゴ","adm0":"Guatemala","iso":"GT","capital":0,"scalerank":4,"pop_max":575263,"globe_rank":4,"min_zoom":5.6}},{"type":"Feature","geometry":{"type":"Point","coordinates":[110.33,1.53]},"properties":{"name":"Kuching","name_zh":"古晋","name_ja":"クチン","adm0":"Malaysia","iso":"MY","capital":0,"scalerank":4,"pop_max":570407,"globe_rank":4,"min_zoom":5.6}},{"type":"Feature","geometry":{"type":"Point","coordinates":[-5.03,7.69]},"properties":{"name":"Bouaké","name_zh":"布瓦凯","name_ja":"ブアケ","adm0":"Ivory Coast","iso":"CI","capital":0,"scalerank":4,"pop_max":567481,"globe_rank":4,"min_zoom":5.6}},{"type":"Feature","geometry":{"type":"Point","coordinates":[50.5831,26.2361]},"properties":{"name":"Manama","name_zh":"麦纳麦","name_ja":"マナーマ","adm0":"Bahrain","iso":"BH","capital":1,"scalerank":4,"pop_max":563920,"globe_rank":4,"min_zoom":5.6}},{"type":"Feature","geometry":{"type":"Point","coordinates":[-48.28,-18.9]},"properties":{"name":"Uberlândia","name_zh":"乌贝兰迪亚","name_ja":"ウベルランジア","adm0":"Brazil","iso":"BR","capital":0,"scalerank":4,"pop_max":563536,"globe_rank":4,"min_zoom":5.6}},{"type":"Feature","geometry":{"type":"Point","coordinates":[-47.47,-23.49]},"properties":{"name":"Sorocaba","name_zh":"索罗卡巴","name_ja":"ソロカーバ","adm0":"Brazil","iso":"BR","capital":0,"scalerank":4,"pop_max":563281,"globe_rank":4,"min_zoom":5.6}},{"type":"Feature","geometry":{"type":"Point","coordinates":[-75.8213,20.025]},"properties":{"name":"Santiago de Cuba","name_zh":"圣地亚哥－德古巴","name_ja":"サンティアーゴ・デ・クーバ","adm0":"Cuba","iso":"CU","capital":0,"scalerank":4,"pop_max":555865,"globe_rank":4,"min_zoom":5.1}},{"type":"Feature","geometry":{"type":"Point","coordinates":[110.825,-7.565]},"properties":{"name":"Surakarta","name_zh":"梭罗","name_ja":"スラカルタ","adm0":"Indonesia","iso":"ID","capital":0,"scalerank":4,"pop_max":555308,"globe_rank":4,"min_zoom":5.6}},{"type":"Feature","geometry":{"type":"Point","coordinates":[-47.83,-21.17]},"properties":{"name":"Ribeirão Preto","name_zh":"里贝朗普雷图","name_ja":"リベイラン・プレト","adm0":"Brazil","iso":"BR","capital":0,"scalerank":4,"pop_max":551267,"globe_rank":4,"min_zoom":5.6}},{"type":"Feature","geometry":{"type":"Point","coordinates":[55.11,51.78]},"properties":{"name":"Orenburg","name_zh":"奥伦堡","name_ja":"オレンブルク","adm0":"Russia","iso":"RU","capital":0,"scalerank":4,"pop_max":550204,"globe_rank":4,"min_zoom":5.1}},{"type":"Feature","geometry":{"type":"Point","coordinates":[36.555,28.3838]},"properties":{"name":"Tabuk","name_zh":"塔布克","name_ja":"タブーク","adm0":"Saudi Arabia","iso":"SA","capital":0,"scalerank":4,"pop_max":547957,"globe_rank":4,"min_zoom":5.6}},{"type":"Feature","geometry":{"type":"Point","coordinates":[81.35,43.9]},"properties":{"name":"Yining","name_zh":"伊宁","name_ja":"グルジャ市","adm0":"China","iso":"CN","capital":0,"scalerank":4,"pop_max":542507,"globe_rank":4,"min_zoom":5.1}},{"type":"Feature","geometry":{"type":"Point","coordinates":[87.115,53.75]},"properties":{"name":"Novokuznetsk","name_zh":"新库兹涅茨克","name_ja":"ノヴォクズネツク","adm0":"Russia","iso":"RU","capital":0,"scalerank":4,"pop_max":539616,"globe_rank":4,"min_zoom":5.1}},{"type":"Feature","geometry":{"type":"Point","coordinates":[-97.5,25.88]},"properties":{"name":"Matamoros","name_zh":"马塔莫罗斯","name_ja":"マタモロス","adm0":"Mexico","iso":"MX","capital":0,"scalerank":4,"pop_max":538785,"globe_rank":4,"min_zoom":5.6}},{"type":"Feature","geometry":{"type":"Point","coordinates":[-96.6699,17.0827]},"properties":{"name":"Oaxaca","name_zh":"瓦哈卡","name_ja":"オアハカ","adm0":"Mexico","iso":"MX","capital":0,"scalerank":4,"pop_max":530728,"globe_rank":4,"min_zoom":5.1}},{"type":"Feature","geometry":{"type":"Point","coordinates":[48.515,34.796]},"properties":{"name":"Hamadan","name_zh":"哈马丹","name_ja":"ハマダーン","adm0":"Iran","iso":"IR","capital":0,"scalerank":4,"pop_max":528256,"globe_rank":4,"min_zoom":5.6}},{"type":"Feature","geometry":{"type":"Point","coordinates":[153.4482,-28.0815]},"properties":{"name":"Gold Coast","name_zh":"黄金海岸","name_ja":"ゴールドコースト","adm0":"Australia","iso":"AU","capital":0,"scalerank":4,"pop_max":527660,"globe_rank":4,"min_zoom":5.0}},{"type":"Feature","geometry":{"type":"Point","coordinates":[-122.64,45.6303]},"properties":{"name":"Vancouver","name_zh":"温哥华","name_ja":"バンクーバー","adm0":"United States of America","iso":"US","capital":0,"scalerank":4,"pop_max":525802,"globe_rank":4,"min_zoom":5.6}},{"type":"Feature","geometry":{"type":"Point","coordinates":[39.72,54.62]},"properties":{"name":"Ryazan","name_zh":"梁赞","name_ja":"リャザン","adm0":"Russia","iso":"RU","capital":0,"scalerank":4,"pop_max":520173,"globe_rank":4,"min_zoom":5.6}},{"type":"Feature","geometry":{"type":"Point","coordinates":[65.53,57.14]},"properties":{"name":"Tyumen","name_zh":"秋明","name_ja":"チュメニ","adm0":"Russia","iso":"RU","capital":0,"scalerank":4,"pop_max":519119,"globe_rank":4,"min_zoom":5.6}},{"type":"Feature","geometry":{"type":"Point","coordinates":[95.32,5.55]},"properties":{"name":"Banda Aceh","name_zh":"班達亞齊","name_ja":"バンダ・アチェ","adm0":"Indonesia","iso":"ID","capital":0,"scalerank":4,"pop_max":513698,"globe_rank":4,"min_zoom":5.6}},{"type":"Feature","geometry":{"type":"Point","coordinates":[-65.4166,-24.7834]},"properties":{"name":"Salta","name_zh":"萨尔塔","name_ja":"サルタ","adm0":"Argentina","iso":"AR","capital":0,"scalerank":4,"pop_max":512686,"globe_rank":4,"min_zoom":5.6}},{"type":"Feature","geometry":{"type":"Point","coordinates":[45.0,53.18]},"properties":{"name":"Penza","name_zh":"奔萨","name_ja":"ペンザ","adm0":"Russia","iso":"RU","capital":0,"scalerank":4,"pop_max":512602,"globe_rank":4,"min_zoom":5.1}},{"type":"Feature","geometry":{"type":"Point","coordinates":[32.5499,30.005]},"properties":{"name":"Suez","name_zh":"苏伊士","name_ja":"スエズ","adm0":"Egypt","iso":"EG","capital":0,"scalerank":4,"pop_max":508335,"globe_rank":4,"min_zoom":5.6}},{"type":"Feature","geometry":{"type":"Point","coordinates":[34.445,31.53]},"properties":{"name":"Gaza City","name_zh":"加薩","name_ja":"ガザ","adm0":"Palestine","iso":"PS","capital":0,"scalerank":4,"pop_max":505700,"globe_rank":4,"min_zoom":5.6}},{"type":"Feature","geometry":{"type":"Point","coordinates":[7.76,36.92]},"properties":{"name":"Annaba","name_zh":"安纳巴","name_ja":"アンナバ","adm0":"Algeria","iso":"DZ","capital":0,"scalerank":4,"pop_max":503524,"globe_rank":4,"min_zoom":5.6}},{"type":"Feature","geometry":{"type":"Point","coordinates":[77.01,20.71]},"properties":{"name":"Akola","name_zh":"阿科拉","name_ja":"アコラ","adm0":"India","iso":"IN","capital":0,"scalerank":4,"pop_max":503502,"globe_rank":4,"min_zoom":5.6}},{"type":"Feature","geometry":{"type":"Point","coordinates":[48.055,46.3487]},"properties":{"name":"Astrakhan","name_zh":"阿斯特拉罕","name_ja":"アストラハン","adm0":"Russia","iso":"RU","capital":0,"scalerank":4,"pop_max":502533,"globe_rank":4,"min_zoom":5.1}},{"type":"Feature","geometry":{"type":"Point","coordinates":[21.4335,42.0]},"properties":{"name":"Skopje","name_zh":"斯科普里","name_ja":"スコピエ","adm0":"North Macedonia","iso":"MK","capital":1,"scalerank":4,"pop_max":494087,"globe_rank":4,"min_zoom":5.6}},{"type":"Feature","geometry":{"type":"Point","coordinates":[32.93,-2.52]},"properties":{"name":"Mwanza","name_zh":"姆万扎","name_ja":"ムワンザ","adm0":"Tanzania","iso":"TZ","capital":0,"scalerank":4,"pop_max":493944,"globe_rank":4,"min_zoom":5.6}},{"type":"Feature","geometry":{"type":"Point","coordinates":[-104.792,38.863]},"properties":{"name":"Colorado Springs","name_zh":"科罗拉多斯普林斯","name_ja":"コロラドスプリングス","adm0":"United States of America","iso":"US","capital":0,"scalerank":4,"pop_max":493654,"globe_rank":4,"min_zoom":5.6}},{"type":"Feature","geometry":{"type":"Point","coordinates":[102.641,37.928]},"properties":{"name":"Wuwei","name_zh":"武威","name_ja":"武威市","adm0":"China","iso":"CN","capital":0,"scalerank":4,"pop_max":493092,"globe_rank":4,"min_zoom":5.6}},{"type":"Feature","geometry":{"type":"Point","coordinates":[-60.69,-31.6239]},"properties":{"name":"Santa Fe","name_zh":"圣菲","name_ja":"サンタフェ","adm0":"Argentina","iso":"AR","capital":0,"scalerank":4,"pop_max":489505,"globe_rank":4,"min_zoom":5.6}},{"type":"Feature","geometry":{"type":"Point","coordinates":[77.55,29.97]},"properties":{"name":"Saharanpur","name_zh":"萨哈兰普尔","name_ja":"サハーランプル","adm0":"India","iso":"IN","capital":0,"scalerank":4,"pop_max":484873,"globe_rank":4,"min_zoom":5.6}},{"type":"Feature","geometry":{"type":"Point","coordinates":[76.82,17.35]},"properties":{"name":"Kalaburagi","name_zh":"古巴尔嘎","name_ja":"グルバルガ","adm0":"India","iso":"IN","capital":0,"scalerank":4,"pop_max":483615,"globe_rank":4,"min_zoom":5.6}},{"type":"Feature","geometry":{"type":"Point","coordinates":[62.17,34.33]},"properties":{"name":"Herat","name_zh":"赫拉特","name_ja":"ヘラート","adm0":"Afghanistan","iso":"AF","capital":0,"scalerank":4,"pop_max":481009,"globe_rank":4,"min_zoom":5.1}},{"type":"Feature","geometry":{"type":"Point","coordinates":[54.37,31.9201]},"properties":{"name":"Yazd","name_zh":"亚兹德","name_ja":"ヤズド","adm0":"Iran","iso":"IR","capital":0,"scalerank":4,"pop_max":477905,"globe_rank":4,"min_zoom":5.6}},{"type":"Feature","geometry":{"type":"Point","coordinates":[86.09,55.34]},"properties":{"name":"Kemerovo","name_zh":"克麦罗沃","name_ja":"ケメロヴォ","adm0":"Russia","iso":"RU","capital":0,"scalerank":4,"pop_max":477090,"globe_rank":4,"min_zoom":5.1}},{"type":"Feature","geometry":{"type":"Point","coordinates":[69.595,42.32]},"properties":{"name":"Shymkent","name_zh":"希姆肯特","name_ja":"シムケント","adm0":"Kazakhstan","iso":"KZ","capital":0,"scalerank":4,"pop_max":465392,"globe_rank":4,"min_zoom":5.6}},{"type":"Feature","geometry":{"type":"Point","coordinates":[21.166,42.6667]},"properties":{"name":"Pristina","name_zh":"普里什蒂纳","name_ja":"プリシュティナ","adm0":"Kosovo","iso":"-99","capital":1,"scalerank":4,"pop_max":465186,"globe_rank":4,"min_zoom":5.6}},{"type":"Feature","geometry":{"type":"Point","coordinates":[56.2721,27.2041]},"properties":{"name":"Bandar-e-Abbas","name_zh":"阿巴斯港","name_ja":"バンダレ・アッバース","adm0":"Iran","iso":"IR","capital":0,"scalerank":4,"pop_max":461499,"globe_rank":4,"min_zoom":5.6}},{"type":"Feature","geometry":{"type":"Point","coordinates":[-73.25,-3.75]},"properties":{"name":"Iquitos","name_zh":"伊基托斯","name_ja":"イキトス","adm0":"Peru","iso":"PE","capital":0,"scalerank":4,"pop_max":458729,"globe_rank":4,"min_zoom":5.1}},{"type":"Feature","geometry":{"type":"Point","coordinates":[67.1,36.7]},"properties":{"name":"Mazar-i-Sharif","name_zh":"马扎里沙里夫","name_ja":"マザーリシャリーフ","adm0":"Afghanistan","iso":"AF","capital":0,"scalerank":4,"pop_max":458151,"globe_rank":4,"min_zoom":5.1}},{"type":"Feature","geometry":{"type":"Point","coordinates":[49.67,58.5901]},"properties":{"name":"Kirov","name_zh":"基洛夫","name_ja":"キーロフ","adm0":"Russia","iso":"RU","capital":0,"scalerank":4,"pop_max":457437,"globe_rank":4,"min_zoom":5.1}},{"type":"Feature","geometry":{"type":"Point","coordinates":[-5.9282,54.5942]},"properties":{"name":"Belfast","name_zh":"贝尔法斯特","name_ja":"ベルファスト","adm0":"United Kingdom","iso":"GB","capital":0,"scalerank":4,"pop_max":450406,"globe_rank":4,"min_zoom":5.0}},{"type":"Feature","geometry":{"type":"Point","coordinates":[120.5699,16.43]},"properties":{"name":"Baguio","name_zh":"碧瑶","name_ja":"バギオ","adm0":"Philippines","iso":"PH","capital":0,"scalerank":4,"pop_max":447824,"globe_rank":4,"min_zoom":5.6}},{"type":"Feature","geometry":{"type":"Point","coordinates":[-68.52,-31.55]},"properties":{"name":"San Juan","name_zh":"圣胡安","name_ja":"サンフアン","adm0":"Argentina","iso":"AR","capital":0,"scalerank":4,"pop_max":447048,"globe_rank":4,"min_zoom":5.6}},{"type":"Feature","geometry":{"type":"Point","coordinates":[116.83,-1.25]},"properties":{"name":"Balikpapan","name_zh":"巴厘巴板","name_ja":"バリクパパン","adm0":"Indonesia","iso":"ID","capital":0,"scalerank":4,"pop_max":445905,"globe_rank":4,"min_zoom":5.6}},{"type":"Feature","geometry":{"type":"Point","coordinates":[10.15,5.96]},"properties":{"name":"Bamenda","name_zh":"巴门达","name_ja":"バメンダ","adm0":"Cameroon","iso":"CM","capital":0,"scalerank":4,"pop_max":445299,"globe_rank":4,"min_zoom":5.6}},{"type":"Feature","geometry":{"type":"Point","coordinates":[111.32,23.48]},"properties":{"name":"Wuzhou","name_zh":"梧州","name_ja":"梧州市","adm0":"China","iso":"CN","capital":0,"scalerank":4,"pop_max":442315,"globe_rank":4,"min_zoom":5.6}},{"type":"Feature","geometry":{"type":"Point","coordinates":[13.39,9.3]},"properties":{"name":"Garoua","name_zh":"加鲁阿","name_ja":"ガルア","adm0":"Cameroon","iso":"CM","capital":0,"scalerank":4,"pop_max":436899,"globe_rank":4,"min_zoom":5.6}},{"type":"Feature","geometry":{"type":"Point","coordinates":[20.4973,54.7]},"properties":{"name":"Kaliningrad","name_zh":"加里宁格勒","name_ja":"カリーニングラード","adm0":"Russia","iso":"RU","capital":0,"scalerank":4,"pop_max":434954,"globe_rank":4,"min_zoom":5.0}},{"type":"Feature","geometry":{"type":"Point","coordinates":[-99.5072,27.5061]},"properties":{"name":"Laredo","name_zh":"拉雷多","name_ja":"ラレド","adm0":"United States of America","iso":"US","capital":0,"scalerank":4,"pop_max":434768,"globe_rank":4,"min_zoom":5.6}},{"type":"Feature","geometry":{"type":"Point","coordinates":[26.73,-27.97]},"properties":{"name":"Welkom","name_zh":"韦尔科姆","name_ja":"ウェルコム","adm0":"South Africa","iso":"ZA","capital":0,"scalerank":4,"pop_max":431944,"globe_rank":4,"min_zoom":5.1}},{"type":"Feature","geometry":{"type":"Point","coordinates":[34.43,53.26]},"properties":{"name":"Bryansk","name_zh":"布良斯克","name_ja":"ブリャンスク","adm0":"Russia","iso":"RU","capital":0,"scalerank":4,"pop_max":427236,"globe_rank":4,"min_zoom":5.1}},{"type":"Feature","geometry":{"type":"Point","coordinates":[17.117,48.15]},"properties":{"name":"Bratislava","name_zh":"布拉迪斯拉发","name_ja":"ブラチスラヴァ","adm0":"Slovakia","iso":"SK","capital":1,"scalerank":4,"pop_max":423737,"globe_rank":4,"min_zoom":5.1}},{"type":"Feature","geometry":{"type":"Point","coordinates":[-91.1402,30.4579]},"properties":{"name":"Baton Rouge","name_zh":"巴吞魯日","name_ja":"バトンルージュ","adm0":"United States of America","iso":"US","capital":0,"scalerank":4,"pop_max":422072,"globe_rank":4,"min_zoom":5.6}},{"type":"Feature","geometry":{"type":"Point","coordinates":[31.1799,27.19]},"properties":{"name":"Asyut","name_zh":"艾斯尤特","name_ja":"アスユート","adm0":"Egypt","iso":"EG","capital":0,"scalerank":4,"pop_max":420585,"globe_rank":4,"min_zoom":5.6}},{"type":"Feature","geometry":{"type":"Point","coordinates":[58.98,53.4227]},"properties":{"name":"Magnitogorsk","name_zh":"马格尼托哥尔斯克","name_ja":"マグニトゴルスク","adm0":"Russia","iso":"RU","capital":0,"scalerank":4,"pop_max":413351,"globe_rank":4,"min_zoom":5.1}},{"type":"Feature","geometry":{"type":"Point","coordinates":[-75.2,-12.08]},"properties":{"name":"Huancayo","name_zh":"万卡约","name_ja":"ワンカヨ","adm0":"Peru","iso":"PE","capital":0,"scalerank":4,"pop_max":412733,"globe_rank":4,"min_zoom":5.6}},{"type":"Feature","geometry":{"type":"Point","coordinates":[-1.91,34.69]},"properties":{"name":"Oujda","name_zh":"乌季达","name_ja":"ウジダ","adm0":"Morocco","iso":"MA","capital":0,"scalerank":4,"pop_max":409391,"globe_rank":4,"min_zoom":5.6}},{"type":"Feature","geometry":{"type":"Point","coordinates":[28.22,-12.81]},"properties":{"name":"Kitwe","name_zh":"基特韦","name_ja":"キトウェ","adm0":"Zambia","iso":"ZM","capital":0,"scalerank":4,"pop_max":404901,"globe_rank":4,"min_zoom":5.6}},{"type":"Feature","geometry":{"type":"Point","coordinates":[35.89,56.86]},"properties":{"name":"Tver","name_zh":"特维尔","name_ja":"トヴェリ","adm0":"Russia","iso":"RU","capital":0,"scalerank":4,"pop_max":400212,"globe_rank":4,"min_zoom":5.6}},{"type":"Feature","geometry":{"type":"Point","coordinates":[-81.0313,33.9969]},"properties":{"name":"Columbia","name_zh":"哥伦比亚","name_ja":"コロンビア","adm0":"United States of America","iso":"US","capital":0,"scalerank":4,"pop_max":398093,"globe_rank":4,"min_zoom":5.6}},{"type":"Feature","geometry":{"type":"Point","coordinates":[98.98,18.8]},"properties":{"name":"Chiang Mai","name_zh":"清迈","name_ja":"テーサバーンナコーン・チエンマイ","adm0":"Thailand","iso":"TH","capital":0,"scalerank":4,"pop_max":397211,"globe_rank":4,"min_zoom":5.6}},{"type":"Feature","geometry":{"type":"Point","coordinates":[-80.63,-5.21]},"properties":{"name":"Piura","name_zh":"皮乌拉","name_ja":"ピウラ","adm0":"Peru","iso":"PE","capital":0,"scalerank":4,"pop_max":396932,"globe_rank":4,"min_zoom":5.6}},{"type":"Feature","geometry":{"type":"Point","coordinates":[30.2167,13.1833]},"properties":{"name":"Al-Ubayyid","name_zh":"欧拜伊德","name_ja":"オベイド","adm0":"Sudan","iso":"SD","capital":0,"scalerank":4,"pop_max":393311,"globe_rank":4,"min_zoom":5.6}},{"type":"Feature","geometry":{"type":"Point","coordinates":[39.293,-15.136]},"properties":{"name":"Nampula","name_zh":"楠普拉","name_ja":"ナンプラ","adm0":"Mozambique","iso":"MZ","capital":0,"scalerank":4,"pop_max":388526,"globe_rank":4,"min_zoom":5.6}},{"type":"Feature","geometry":{"type":"Point","coordinates":[15.1,32.38]},"properties":{"name":"Misrata","name_zh":"米苏拉塔","name_ja":"ミスラタ","adm0":"Libya","iso":"LY","capital":0,"scalerank":4,"pop_max":386120,"globe_rank":4,"min_zoom":5.6}},{"type":"Feature","geometry":{"type":"Point","coordinates":[-77.2811,1.2136]},"properties":{"name":"Pasto","name_zh":"帕斯托","name_ja":"サンフアン・デ・パスト","adm0":"Colombia","iso":"CO","capital":0,"scalerank":4,"pop_max":382236,"globe_rank":4,"min_zoom":5.6}},{"type":"Feature","geometry":{"type":"Point","coordinates":[-51.17,-29.18]},"properties":{"name":"Caxias do Sul","name_zh":"南卡希亚斯","name_ja":"カシアス・ド・スル","adm0":"Brazil","iso":"BR","capital":0,"scalerank":4,"pop_max":381270,"globe_rank":4,"min_zoom":5.6}},{"type":"Feature","geometry":{"type":"Point","coordinates":[59.975,57.92]},"properties":{"name":"Nizhny Tagil","name_zh":"下塔吉尔","name_ja":"ニジニ・タギル","adm0":"Russia","iso":"RU","capital":0,"scalerank":4,"pop_max":381116,"globe_rank":4,"min_zoom":5.1}},{"type":"Feature","geometry":{"type":"Point","coordinates":[102.3,27.88]},"properties":{"name":"Xichang","name_zh":"西昌","name_ja":"西昌市","adm0":"China","iso":"CN","capital":0,"scalerank":4,"pop_max":379993,"globe_rank":4,"min_zoom":5.0}},{"type":"Feature","geometry":{"type":"Point","coordinates":[-8.73,42.22]},"properties":{"name":"Vigo","name_zh":"维戈","name_ja":"ビーゴ","adm0":"Spain","iso":"ES","capital":0,"scalerank":4,"pop_max":378952,"globe_rank":4,"min_zoom":5.6}},{"type":"Feature","geometry":{"type":"Point","coordinates":[-15.43,28.1]},"properties":{"name":"Las Palmas","name_zh":"拉斯帕尔马斯","name_ja":"ラス・パルマス・デ・グラン・カナリア","adm0":"Spain","iso":"ES","capital":0,"scalerank":4,"pop_max":378495,"globe_rank":4,"min_zoom":5.1}},{"type":"Feature","geometry":{"type":"Point","coordinates":[-75.52,5.06]},"properties":{"name":"Manizales","name_zh":"马尼萨莱斯","name_ja":"マニサレス","adm0":"Colombia","iso":"CO","capital":0,"scalerank":4,"pop_max":375848,"globe_rank":4,"min_zoom":5.6}},{"type":"Feature","geometry":{"type":"Point","coordinates":[174.885,-37.0]},"properties":{"name":"Manukau","name_zh":"曼努考","name_ja":"マヌカウシティ","adm0":"New Zealand","iso":"NZ","capital":0,"scalerank":4,"pop_max":375600,"globe_rank":4,"min_zoom":5.6}},{"type":"Feature","geometry":{"type":"Point","coordinates":[123.07,0.55]},"properties":{"name":"Gorontalo","name_zh":"哥倫打洛","name_ja":"ゴロンタロ","adm0":"Indonesia","iso":"ID","capital":0,"scalerank":4,"pop_max":365497,"globe_rank":4,"min_zoom":5.6}},{"type":"Feature","geometry":{"type":"Point","coordinates":[68.2068,27.5618]},"properties":{"name":"Larkana","name_zh":"拉尔卡纳","name_ja":"ラルカナ","adm0":"Pakistan","iso":"PK","capital":0,"scalerank":4,"pop_max":364033,"globe_rank":4,"min_zoom":5.6}},{"type":"Feature","geometry":{"type":"Point","coordinates":[41.98,45.05]},"properties":{"name":"Stavropol","name_zh":"斯塔夫罗波尔","name_ja":"スタヴロポリ","adm0":"Russia","iso":"RU","capital":0,"scalerank":4,"pop_max":363064,"globe_rank":4,"min_zoom":5.6}},{"type":"Feature","geometry":{"type":"Point","coordinates":[86.98,25.23]},"properties":{"name":"Bhagalpur","name_zh":"帕格尔布尔","name_ja":"バーガルプル","adm0":"India","iso":"IN","capital":0,"scalerank":4,"pop_max":361548,"globe_rank":4,"min_zoom":5.6}},{"type":"Feature","geometry":{"type":"Point","coordinates":[107.625,51.825]},"properties":{"name":"Ulan-Ude","name_zh":"乌兰乌德","name_ja":"ウラン・ウデ","adm0":"Russia","iso":"RU","capital":0,"scalerank":4,"pop_max":360278,"globe_rank":4,"min_zoom":5.6}},{"type":"Feature","geometry":{"type":"Point","coordinates":[-4.29,11.18]},"properties":{"name":"Bobo Dioulasso","name_zh":"博博迪乌拉索","name_ja":"ボボ・ディウラッソ","adm0":"Burkina Faso","iso":"BF","capital":0,"scalerank":4,"pop_max":360106,"globe_rank":4,"min_zoom":5.6}},{"type":"Feature","geometry":{"type":"Point","coordinates":[71.365,42.9]},"properties":{"name":"Taraz","name_zh":"塔拉兹","name_ja":"タラズ","adm0":"Kazakhstan","iso":"KZ","capital":0,"scalerank":4,"pop_max":358153,"globe_rank":4,"min_zoom":5.6}},{"type":"Feature","geometry":{"type":"Point","coordinates":[128.2,-3.7167]},"properties":{"name":"Ambon","name_zh":"安汶","name_ja":"アンボン","adm0":"Indonesia","iso":"ID","capital":0,"scalerank":4,"pop_max":355596,"globe_rank":4,"min_zoom":5.6}},{"type":"Feature","geometry":{"type":"Point","coordinates":[-9.24,32.32]},"properties":{"name":"Safi","name_zh":"萨非","name_ja":"サフィ","adm0":"Morocco","iso":"MA","capital":0,"scalerank":4,"pop_max":353476,"globe_rank":4,"min_zoom":5.6}},{"type":"Feature","geometry":{"type":"Point","coordinates":[35.27,0.52]},"properties":{"name":"Eldoret","name_zh":"埃尔多雷特","name_ja":"エルドレット","adm0":"Kenya","iso":"KE","capital":0,"scalerank":4,"pop_max":353381,"globe_rank":4,"min_zoom":5.6}},{"type":"Feature","geometry":{"type":"Point","coordinates":[-78.57,-9.07]},"properties":{"name":"Chimbote","name_zh":"钦博特","name_ja":"チンボテ","adm0":"Peru","iso":"PE","capital":0,"scalerank":4,"pop_max":349846,"globe_rank":4,"min_zoom":5.6}},{"type":"Feature","geometry":{"type":"Point","coordinates":[-99.55,27.5]},"properties":{"name":"Nuevo Laredo","name_zh":"新拉雷多","name_ja":"ヌエボ・ラレド","adm0":"Mexico","iso":"MX","capital":0,"scalerank":4,"pop_max":349550,"globe_rank":4,"min_zoom":5.6}},{"type":"Feature","geometry":{"type":"Point","coordinates":[-117.4199,47.67]},"properties":{"name":"Spokane","name_zh":"斯波坎","name_ja":"スポケーン","adm0":"United States of America","iso":"US","capital":0,"scalerank":4,"pop_max":347705,"globe_rank":4,"min_zoom":5.1}},{"type":"Feature","geometry":{"type":"Point","coordinates":[-71.1825,8.5695]},"properties":{"name":"Mérida","name_zh":"梅里達","name_ja":"メリダ","adm0":"Venezuela","iso":"VE","capital":0,"scalerank":4,"pop_max":345489,"globe_rank":4,"min_zoom":5.6}},{"type":"Feature","geometry":{"type":"Point","coordinates":[36.67,-3.36]},"properties":{"name":"Arusha","name_zh":"阿鲁沙","name_ja":"アルーシャ","adm0":"Tanzania","iso":"TZ","capital":0,"scalerank":4,"pop_max":341136,"globe_rank":4,"min_zoom":5.6}},{"type":"Feature","geometry":{"type":"Point","coordinates":[31.1,-18.0]},"properties":{"name":"Chitungwiza","name_zh":"奇通圭扎","name_ja":"チトゥンギザ","adm0":"Zimbabwe","iso":"ZW","capital":0,"scalerank":4,"pop_max":340360,"globe_rank":4,"min_zoom":5.6}},{"type":"Feature","geometry":{"type":"Point","coordinates":[27.87,-32.97]},"properties":{"name":"East London","name_zh":"东伦敦","name_ja":"イースト・ロンドン","adm0":"South Africa","iso":"ZA","capital":0,"scalerank":4,"pop_max":338627,"globe_rank":4,"min_zoom":5.6}},{"type":"Feature","geometry":{"type":"Point","coordinates":[133.5375,33.5624]},"properties":{"name":"Kōchi","name_zh":"高知","name_ja":"高知市","adm0":"Japan","iso":"JP","capital":0,"scalerank":4,"pop_max":335570,"globe_rank":4,"min_zoom":5.6}},{"type":"Feature","geometry":{"type":"Point","coordinates":[102.1,15.0]},"properties":{"name":"Nakhon Ratchasima","name_zh":"那空叻差是玛","name_ja":"ナコーンラーチャシーマー","adm0":"Thailand","iso":"TH","capital":0,"scalerank":4,"pop_max":334984,"globe_rank":4,"min_zoom":5.6}},{"type":"Feature","geometry":{"type":"Point","coordinates":[-43.86,-16.72]},"properties":{"name":"Montes Claros","name_zh":"蒙蒂斯克拉鲁斯","name_ja":"モンテス・クラロス","adm0":"Brazil","iso":"BR","capital":0,"scalerank":4,"pop_max":332379,"globe_rank":4,"min_zoom":5.6}},{"type":"Feature","geometry":{"type":"Point","coordinates":[29.36,-3.3761]},"properties":{"name":"Bujumbura","name_zh":"布琼布拉","name_ja":"ブジュンブラ","adm0":"Burundi","iso":"BI","capital":1,"scalerank":4,"pop_max":331700,"globe_rank":4,"min_zoom":5.6}},{"type":"Feature","geometry":{"type":"Point","coordinates":[127.4308,39.1605]},"properties":{"name":"Wonsan","name_zh":"元山","name_ja":"元山市","adm0":"North Korea","iso":"KP","capital":0,"scalerank":4,"pop_max":329207,"globe_rank":4,"min_zoom":5.6}},{"type":"Feature","geometry":{"type":"Point","coordinates":[76.95,52.3]},"properties":{"name":"Pavlodar","name_zh":"巴甫洛达尔","name_ja":"パヴロダル","adm0":"Kazakhstan","iso":"KZ","capital":0,"scalerank":4,"pop_max":329002,"globe_rank":4,"min_zoom":5.6}},{"type":"Feature","geometry":{"type":"Point","coordinates":[-119.82,39.53]},"properties":{"name":"Reno","name_zh":"雷諾","name_ja":"リノ","adm0":"United States of America","iso":"US","capital":0,"scalerank":4,"pop_max":328585,"globe_rank":4,"min_zoom":5.1}},{"type":"Feature","geometry":{"type":"Point","coordinates":[39.73,43.59]},"properties":{"name":"Sochi","name_zh":"索契","name_ja":"ソチ","adm0":"Russia","iso":"RU","capital":0,"scalerank":4,"pop_max":327608,"globe_rank":4,"min_zoom":5.1}},{"type":"Feature","geometry":{"type":"Point","coordinates":[10.625,35.83]},"properties":{"name":"Sousse","name_zh":"苏塞","name_ja":"スース","adm0":"Tunisia","iso":"TN","capital":0,"scalerank":4,"pop_max":327004,"globe_rank":4,"min_zoom":5.6}},{"type":"Feature","geometry":{"type":"Point","coordinates":[27.5749,47.1683]},"properties":{"name":"Iași","name_zh":"雅西","name_ja":"ヤシ","adm0":"Romania","iso":"RO","capital":0,"scalerank":4,"pop_max":325914,"globe_rank":4,"min_zoom":5.6}},{"type":"Feature","geometry":{"type":"Point","coordinates":[131.4184,31.9182]},"properties":{"name":"Miyazaki","name_zh":"宫崎","name_ja":"宮崎市","adm0":"Japan","iso":"JP","capital":0,"scalerank":4,"pop_max":324384,"globe_rank":4,"min_zoom":5.6}},{"type":"Feature","geometry":{"type":"Point","coordinates":[-4.77,37.88]},"properties":{"name":"Córdoba","name_zh":"科尔多瓦","name_ja":"コルドバ","adm0":"Spain","iso":"ES","capital":0,"scalerank":4,"pop_max":321376,"globe_rank":4,"min_zoom":5.6}},{"type":"Feature","geometry":{"type":"Point","coordinates":[32.0473,54.7827]},"properties":{"name":"Smolensk","name_zh":"斯摩棱斯克","name_ja":"スモレンスク","adm0":"Russia","iso":"RU","capital":0,"scalerank":4,"pop_max":320991,"globe_rank":4,"min_zoom":5.1}},{"type":"Feature","geometry":{"type":"Point","coordinates":[-54.6161,-25.5167]},"properties":{"name":"Ciudad del Este","name_zh":"东方","name_ja":"シウダー・デル・エステ","adm0":"Paraguay","iso":"PY","capital":0,"scalerank":4,"pop_max":320872,"globe_rank":4,"min_zoom":5.6}},{"type":"Feature","geometry":{"type":"Point","coordinates":[-52.33,-31.75]},"properties":{"name":"Pelotas","name_zh":"佩洛塔斯","name_ja":"ペロタス","adm0":"Brazil","iso":"BR","capital":0,"scalerank":4,"pop_max":320674,"globe_rank":4,"min_zoom":5.6}},{"type":"Feature","geometry":{"type":"Point","coordinates":[64.43,39.78]},"properties":{"name":"Bukhara","name_zh":"布哈拉","name_ja":"ブハラ","adm0":"Uzbekistan","iso":"UZ","capital":0,"scalerank":4,"pop_max":319476,"globe_rank":4,"min_zoom":5.1}},{"type":"Feature","geometry":{"type":"Point","coordinates":[82.6149,49.99]},"properties":{"name":"Oskemen","name_zh":"厄斯克门","name_ja":"オスケメン","adm0":"Kazakhstan","iso":"KZ","capital":0,"scalerank":4,"pop_max":319067,"globe_rank":4,"min_zoom":5.6}},{"type":"Feature","geometry":{"type":"Point","coordinates":[30.84,29.31]},"properties":{"name":"El Faiyum","name_zh":"法尤姆","name_ja":"ファイユーム","adm0":"Egypt","iso":"EG","capital":0,"scalerank":4,"pop_max":316772,"globe_rank":4,"min_zoom":5.6}},{"type":"Feature","geometry":{"type":"Point","coordinates":[14.515,46.0553]},"properties":{"name":"Ljubljana","name_zh":"卢布尔雅那","name_ja":"リュブリャナ","adm0":"Slovenia","iso":"SI","capital":1,"scalerank":4,"pop_max":314807,"globe_rank":4,"min_zoom":5.6}},{"type":"Feature","geometry":{"type":"Point","coordinates":[32.8989,24.0875]},"properties":{"name":"Aswan","name_zh":"阿斯旺","name_ja":"アスワン","adm0":"Egypt","iso":"EG","capital":0,"scalerank":4,"pop_max":313442,"globe_rank":4,"min_zoom":5.6}},{"type":"Feature","geometry":{"type":"Point","coordinates":[80.275,50.435]},"properties":{"name":"Semey","name_zh":"塞米伊","name_ja":"セメイ","adm0":"Kazakhstan","iso":"KZ","capital":0,"scalerank":4,"pop_max":311353,"globe_rank":4,"min_zoom":5.6}},{"type":"Feature","geometry":{"type":"Point","coordinates":[-74.535,-8.3689]},"properties":{"name":"Pucallpa","name_zh":"普兰尔帕","name_ja":"プカルバ","adm0":"Peru","iso":"PE","capital":0,"scalerank":4,"pop_max":310750,"globe_rank":4,"min_zoom":5.1}},{"type":"Feature","geometry":{"type":"Point","coordinates":[-40.84,-14.85]},"properties":{"name":"Vitória da Conquista","name_zh":"维多利亚-达孔基斯塔","name_ja":"ヴィトリア・ダ・コンキスタ","adm0":"Brazil","iso":"BR","capital":0,"scalerank":4,"pop_max":308204,"globe_rank":4,"min_zoom":5.6}},{"type":"Feature","geometry":{"type":"Point","coordinates":[43.6179,43.4981]},"properties":{"name":"Nalchik","name_zh":"納爾奇克","name_ja":"ナリチク","adm0":"Russia","iso":"RU","capital":0,"scalerank":4,"pop_max":307866,"globe_rank":4,"min_zoom":5.6}},{"type":"Feature","geometry":{"type":"Point","coordinates":[-63.9,-8.75]},"properties":{"name":"Porto Velho","name_zh":"韦柳港","name_ja":"ポルト・ヴェーリョ","adm0":"Brazil","iso":"BR","capital":0,"scalerank":4,"pop_max":306180,"globe_rank":4,"min_zoom":5.1}},{"type":"Feature","geometry":{"type":"Point","coordinates":[28.61,44.2027]},"properties":{"name":"Constanța","name_zh":"康斯坦察","name_ja":"コンスタンツァ","adm0":"Romania","iso":"RO","capital":0,"scalerank":4,"pop_max":303399,"globe_rank":4,"min_zoom":5.6}},{"type":"Feature","geometry":{"type":"Point","coordinates":[140.74,41.795]},"properties":{"name":"Hakodate","name_zh":"函馆","name_ja":"函館市","adm0":"Japan","iso":"JP","capital":0,"scalerank":4,"pop_max":302984,"globe_rank":4,"min_zoom":5.6}},{"type":"Feature","geometry":{"type":"Point","coordinates":[23.7,52.1]},"properties":{"name":"Brest","name_zh":"布列斯特","name_ja":"ブレスト","adm0":"Belarus","iso":"BY","capital":0,"scalerank":4,"pop_max":300715,"globe_rank":4,"min_zoom":5.1}},{"type":"Feature","geometry":{"type":"Point","coordinates":[65.465,44.8]},"properties":{"name":"Qyzylorda","name_zh":"克孜勒奥尔达","name_ja":"クズロルダ","adm0":"Kazakhstan","iso":"KZ","capital":0,"scalerank":4,"pop_max":300000,"globe_rank":4,"min_zoom":5.6}},{"type":"Feature","geometry":{"type":"Point","coordinates":[2.6166,6.4833]},"properties":{"name":"Porto-Novo","name_zh":"波多诺伏","name_ja":"ポルトノボ","adm0":"Benin","iso":"BJ","capital":0,"scalerank":4,"pop_max":300000,"globe_rank":4,"min_zoom":5.6}},{"type":"Feature","geometry":{"type":"Point","coordinates":[-61.517,10.652]},"properties":{"name":"Port-of-Spain","name_zh":"西班牙港","name_ja":"ポートオブスペイン","adm0":"Trinidad and Tobago","iso":"TT","capital":1,"scalerank":4,"pop_max":294934,"globe_rank":4,"min_zoom":5.1}},{"type":"Feature","geometry":{"type":"Point","coordinates":[39.92,59.21]},"properties":{"name":"Vologda","name_zh":"沃洛格达","name_ja":"ヴォログダ","adm0":"Russia","iso":"RU","capital":0,"scalerank":4,"pop_max":294889,"globe_rank":4,"min_zoom":5.1}},{"type":"Feature","geometry":{"type":"Point","coordinates":[8.53,7.73]},"properties":{"name":"Makurdi","name_zh":"马库尔迪","name_ja":"マクルディ","adm0":"Nigeria","iso":"NG","capital":0,"scalerank":4,"pop_max":292645,"globe_rank":4,"min_zoom":5.6}},{"type":"Feature","geometry":{"type":"Point","coordinates":[-50.16,-25.09]},"properties":{"name":"Ponta Grossa","name_zh":"蓬塔格罗萨","name_ja":"ポンタ・グロッサ","adm0":"Brazil","iso":"BR","capital":0,"scalerank":4,"pop_max":292177,"globe_rank":4,"min_zoom":5.6}},{"type":"Feature","geometry":{"type":"Point","coordinates":[124.4213,40.0859]},"properties":{"name":"Sinuiju","name_zh":"新义州","name_ja":"新義州市","adm0":"North Korea","iso":"KP","capital":0,"scalerank":4,"pop_max":288112,"globe_rank":4,"min_zoom":5.6}},{"type":"Feature","geometry":{"type":"Point","coordinates":[-79.0,-2.9]},"properties":{"name":"Cuenca","name_zh":"昆卡","name_ja":"クエンカ","adm0":"Ecuador","iso":"EC","capital":0,"scalerank":4,"pop_max":286878,"globe_rank":4,"min_zoom":5.6}},{"type":"Feature","geometry":{"type":"Point","coordinates":[29.28,0.13]},"properties":{"name":"Butembo","name_zh":"布滕博","name_ja":"ビュトンボ","adm0":"Congo (Kinshasa)","iso":"CD","capital":0,"scalerank":4,"pop_max":286403,"globe_rank":4,"min_zoom":5.6}},{"type":"Feature","geometry":{"type":"Point","coordinates":[123.583,-10.1787]},"properties":{"name":"Kupang","name_zh":"古邦","name_ja":"クパン","adm0":"Indonesia","iso":"ID","capital":0,"scalerank":4,"pop_max":282396,"globe_rank":4,"min_zoom":5.6}},{"type":"Feature","geometry":{"type":"Point","coordinates":[28.6622,50.2456]},"properties":{"name":"Zhytomyr","name_zh":"日托米尔","name_ja":"ジトームィル","adm0":"Ukraine","iso":"UA","capital":0,"scalerank":4,"pop_max":282192,"globe_rank":4,"min_zoom":5.6}},{"type":"Feature","geometry":{"type":"Point","coordinates":[-16.1,14.15]},"properties":{"name":"Kaolack","name_zh":"考拉克","name_ja":"カオラック","adm0":"Senegal","iso":"SN","capital":0,"scalerank":4,"pop_max":277812,"globe_rank":4,"min_zoom":5.6}},{"type":"Feature","geometry":{"type":"Point","coordinates":[-97.4019,27.7428]},"properties":{"name":"Corpus Christi","name_zh":"科珀斯克里斯蒂","name_ja":"コーパスクリスティ","adm0":"United States of America","iso":"US","capital":0,"scalerank":4,"pop_max":277454,"globe_rank":4,"min_zoom":5.6}},{"type":"Feature","geometry":{"type":"Point","coordinates":[7.467,46.9167]},"properties":{"name":"Bern","name_zh":"伯尔尼","name_ja":"ベルン","adm0":"Switzerland","iso":"CH","capital":1,"scalerank":4,"pop_max":275329,"globe_rank":4,"min_zoom":5.6}},{"type":"Feature","geometry":{"type":"Point","coordinates":[18.26,0.04]},"properties":{"name":"Mbandaka","name_zh":"姆班达卡","name_ja":"ムバンダカ","adm0":"Congo (Kinshasa)","iso":"CD","capital":0,"scalerank":4,"pop_max":274996,"globe_rank":4,"min_zoom":5.6}},{"type":"Feature","geometry":{"type":"Point","coordinates":[12.335,45.4387]},"properties":{"name":"Venice","name_zh":"威尼斯","name_ja":"ヴェネツィア","adm0":"Italy","iso":"IT","capital":0,"scalerank":4,"pop_max":270816,"globe_rank":4,"min_zoom":5.1}},{"type":"Feature","geometry":{"type":"Point","coordinates":[13.0231,55.5994]},"properties":{"name":"Malmö","name_zh":"马尔默","name_ja":"マルメ","adm0":"Sweden","iso":"SE","capital":0,"scalerank":4,"pop_max":269349,"globe_rank":4,"min_zoom":5.1}},{"type":"Feature","geometry":{"type":"Point","coordinates":[34.3612,61.7813]},"properties":{"name":"Petrozavodsk","name_zh":"彼得罗扎沃茨克","name_ja":"ペトロザヴォーツク","adm0":"Russia","iso":"RU","capital":0,"scalerank":4,"pop_max":265025,"globe_rank":4,"min_zoom":5.1}},{"type":"Feature","geometry":{"type":"Point","coordinates":[57.17,50.28]},"properties":{"name":"Aqtobe","name_zh":"阿克托比","name_ja":"アクトベ","adm0":"Kazakhstan","iso":"KZ","capital":0,"scalerank":4,"pop_max":262457,"globe_rank":4,"min_zoom":5.6}},{"type":"Feature","geometry":{"type":"Point","coordinates":[-40.51,-9.38]},"properties":{"name":"Petrolina","name_zh":"彼得罗利纳","name_ja":"ペトロリーナ","adm0":"Brazil","iso":"BR","capital":0,"scalerank":4,"pop_max":260985,"globe_rank":4,"min_zoom":5.6}},{"type":"Feature","geometry":{"type":"Point","coordinates":[23.75,61.5]},"properties":{"name":"Tampere","name_zh":"坦佩雷","name_ja":"タンペレ","adm0":"Finland","iso":"FI","capital":0,"scalerank":4,"pop_max":259279,"globe_rank":4,"min_zoom":5.1}},{"type":"Feature","geometry":{"type":"Point","coordinates":[-67.8,-9.9666]},"properties":{"name":"Rio Branco","name_zh":"里约布兰科","name_ja":"リオブランコ","adm0":"Brazil","iso":"BR","capital":0,"scalerank":4,"pop_max":257642,"globe_rank":4,"min_zoom":5.6}},{"type":"Feature","geometry":{"type":"Point","coordinates":[41.86,9.59]},"properties":{"name":"Dire Dawa","name_zh":"德雷达瓦","name_ja":"ディレ・ダワ","adm0":"Ethiopia","iso":"ET","capital":0,"scalerank":4,"pop_max":252279,"globe_rank":4,"min_zoom":5.6}},{"type":"Feature","geometry":{"type":"Point","coordinates":[37.66,-6.82]},"properties":{"name":"Morogoro","name_zh":"莫罗戈罗","name_ja":"モロゴロ","adm0":"Tanzania","iso":"TZ","capital":0,"scalerank":4,"pop_max":250902,"globe_rank":4,"min_zoom":5.6}},{"type":"Feature","geometry":{"type":"Point","coordinates":[-93.77,32.5]},"properties":{"name":"Shreveport","name_zh":"什里夫波特","name_ja":"シュリーブポート","adm0":"United States of America","iso":"US","capital":0,"scalerank":4,"pop_max":248053,"globe_rank":4,"min_zoom":5.6}},{"type":"Feature","geometry":{"type":"Point","coordinates":[103.92,52.56]},"properties":{"name":"Angarsk","name_zh":"安加尔斯克","name_ja":"アンガルスク","adm0":"Russia","iso":"RU","capital":0,"scalerank":4,"pop_max":243158,"globe_rank":4,"min_zoom":5.6}},{"type":"Feature","geometry":{"type":"Point","coordinates":[45.0164,10.4356]},"properties":{"name":"Berbera","name_zh":"柏培拉","name_ja":"ベルベラ","adm0":"Somaliland","iso":"-99","capital":0,"scalerank":4,"pop_max":242344,"globe_rank":4,"min_zoom":5.6}},{"type":"Feature","geometry":{"type":"Point","coordinates":[0.105,49.505]},"properties":{"name":"Le Havre","name_zh":"勒阿弗尔","name_ja":"ル・アーヴル","adm0":"France","iso":"FR","capital":0,"scalerank":4,"pop_max":242124,"globe_rank":4,"min_zoom":5.0}},{"type":"Feature","geometry":{"type":"Point","coordinates":[-68.06,-38.95]},"properties":{"name":"Neuquén","name_zh":"内乌肯","name_ja":"ネウケン","adm0":"Argentina","iso":"AR","capital":0,"scalerank":4,"pop_max":242092,"globe_rank":4,"min_zoom":5.1}},{"type":"Feature","geometry":{"type":"Point","coordinates":[122.08,46.08]},"properties":{"name":"Ulan Hot","name_zh":"乌兰浩特","name_ja":"ウランホト市","adm0":"China","iso":"CN","capital":0,"scalerank":4,"pop_max":241894,"globe_rank":4,"min_zoom":5.6}},{"type":"Feature","geometry":{"type":"Point","coordinates":[63.58,39.11]},"properties":{"name":"Türkmenabat","name_zh":"土库曼纳巴德","name_ja":"テュルクメナバート","adm0":"Turkmenistan","iso":"TM","capital":0,"scalerank":4,"pop_max":234817,"globe_rank":4,"min_zoom":5.6}},{"type":"Feature","geometry":{"type":"Point","coordinates":[7.0964,13.4916]},"properties":{"name":"Niamey","name_zh":"马拉迪","name_ja":"マラディ","adm0":"Niger","iso":"NE","capital":0,"scalerank":4,"pop_max":232555,"globe_rank":4,"min_zoom":5.6}},{"type":"Feature","geometry":{"type":"Point","coordinates":[119.7,49.2]},"properties":{"name":"Hailar","name_zh":"海拉尔区","name_ja":"ハイラル区","adm0":"China","iso":"CN","capital":0,"scalerank":4,"pop_max":231171,"globe_rank":4,"min_zoom":5.6}},{"type":"Feature","geometry":{"type":"Point","coordinates":[100.45,38.93]},"properties":{"name":"Zhangye","name_zh":"张掖","name_ja":"張掖市","adm0":"China","iso":"CN","capital":0,"scalerank":4,"pop_max":230728,"globe_rank":4,"min_zoom":5.6}},{"type":"Feature","geometry":{"type":"Point","coordinates":[59.615,42.47]},"properties":{"name":"Nukus","name_zh":"努库斯","name_ja":"ヌクス","adm0":"Uzbekistan","iso":"UZ","capital":0,"scalerank":4,"pop_max":230006,"globe_rank":4,"min_zoom":5.6}},{"type":"Feature","geometry":{"type":"Point","coordinates":[-123.0239,44.9281]},"properties":{"name":"Salem","name_zh":"塞勒姆","name_ja":"セイラム","adm0":"United States of America","iso":"US","capital":0,"scalerank":4,"pop_max":229010,"globe_rank":4,"min_zoom":5.6}},{"type":"Feature","geometry":{"type":"Point","coordinates":[79.83,11.935]},"properties":{"name":"Puducherry","name_zh":"本地治里","name_ja":"ポンディシェリ","adm0":"India","iso":"IN","capital":0,"scalerank":4,"pop_max":227411,"globe_rank":4,"min_zoom":5.1}},{"type":"Feature","geometry":{"type":"Point","coordinates":[45.6987,43.3187]},"properties":{"name":"Grozny","name_zh":"格罗兹尼","name_ja":"グロズヌイ","adm0":"Russia","iso":"RU","capital":0,"scalerank":4,"pop_max":226100,"globe_rank":4,"min_zoom":5.0}},{"type":"Feature","geometry":{"type":"Point","coordinates":[-103.72,19.23]},"properties":{"name":"Colima","name_zh":"科利马","name_ja":"コリマ","adm0":"Mexico","iso":"MX","capital":0,"scalerank":4,"pop_max":223287,"globe_rank":4,"min_zoom":5.6}},{"type":"Feature","geometry":{"type":"Point","coordinates":[-58.1828,-26.1728]},"properties":{"name":"Formosa","name_zh":"福莫萨","name_ja":"フォルモーサ","adm0":"Argentina","iso":"AR","capital":0,"scalerank":4,"pop_max":221383,"globe_rank":4,"min_zoom":5.6}},{"type":"Feature","geometry":{"type":"Point","coordinates":[127.5333,50.2666]},"properties":{"name":"Blagoveshchensk","name_zh":"海兰泡","name_ja":"ブラゴヴェシチェンスク","adm0":"Russia","iso":"RU","capital":0,"scalerank":4,"pop_max":221296,"globe_rank":4,"min_zoom":5.6}},{"type":"Feature","geometry":{"type":"Point","coordinates":[-84.28,30.45]},"properties":{"name":"Tallahassee","name_zh":"塔拉赫西","name_ja":"タラハシー","adm0":"United States of America","iso":"US","capital":0,"scalerank":4,"pop_max":221222,"globe_rank":4,"min_zoom":5.6}},{"type":"Feature","geometry":{"type":"Point","coordinates":[35.75,-6.1833]},"properties":{"name":"Dodoma","name_zh":"多多马","name_ja":"ドドマ","adm0":"Tanzania","iso":"TZ","capital":0,"scalerank":4,"pop_max":218269,"globe_rank":4,"min_zoom":5.6}},{"type":"Feature","geometry":{"type":"Point","coordinates":[120.5936,18.1988]},"properties":{"name":"Laoag","name_zh":"拉瓦格","name_ja":"ラオアグ","adm0":"Philippines","iso":"PH","capital":0,"scalerank":4,"pop_max":207048,"globe_rank":4,"min_zoom":5.6}},{"type":"Feature","geometry":{"type":"Point","coordinates":[37.3833,11.6001]},"properties":{"name":"Bahir Dar","name_zh":"巴赫达尔","name_ja":"バハルダール","adm0":"Ethiopia","iso":"ET","capital":0,"scalerank":4,"pop_max":206748,"globe_rank":4,"min_zoom":5.6}},{"type":"Feature","geometry":{"type":"Point","coordinates":[29.2,-5.9333]},"properties":{"name":"Kalemie","name_zh":"卡莱米","name_ja":"カレミ","adm0":"Congo (Kinshasa)","iso":"CD","capital":0,"scalerank":4,"pop_max":206257,"globe_rank":4,"min_zoom":5.6}},{"type":"Feature","geometry":{"type":"Point","coordinates":[-90.5,19.83]},"properties":{"name":"Campeche","name_zh":"坎佩切","name_ja":"カンペチェ","adm0":"Mexico","iso":"MX","capital":0,"scalerank":4,"pop_max":205212,"globe_rank":4,"min_zoom":5.6}},{"type":"Feature","geometry":{"type":"Point","coordinates":[28.3299,57.83]},"properties":{"name":"Pskov","name_zh":"普斯科夫","name_ja":"プスコフ","adm0":"Russia","iso":"RU","capital":0,"scalerank":4,"pop_max":201990,"globe_rank":4,"min_zoom":5.1}},{"type":"Feature","geometry":{"type":"Point","coordinates":[144.3747,42.975]},"properties":{"name":"Kushiro","name_zh":"钏路","name_ja":"釧路市","adm0":"Japan","iso":"JP","capital":0,"scalerank":4,"pop_max":198566,"globe_rank":4,"min_zoom":5.1}},{"type":"Feature","geometry":{"type":"Point","coordinates":[-86.2792,32.3616]},"properties":{"name":"Montgomery","name_zh":"蒙哥马利","name_ja":"モンゴメリー","adm0":"United States of America","iso":"US","capital":0,"scalerank":4,"pop_max":198325,"globe_rank":4,"min_zoom":5.6}},{"type":"Feature","geometry":{"type":"Point","coordinates":[-59.6165,13.102]},"properties":{"name":"Bridgetown","name_zh":"布里奇顿","name_ja":"ブリッジタウン","adm0":"Barbados","iso":"BB","capital":1,"scalerank":4,"pop_max":191152,"globe_rank":4,"min_zoom":5.6}},{"type":"Feature","geometry":{"type":"Point","coordinates":[55.4481,-20.8789]},"properties":{"name":"St.-Denis","name_zh":"圣但尼","name_ja":"サン＝ドニ","adm0":"France","iso":"RE","capital":0,"scalerank":4,"pop_max":190047,"globe_rank":4,"min_zoom":5.6}},{"type":"Feature","geometry":{"type":"Point","coordinates":[-110.32,24.14]},"properties":{"name":"La Paz","name_zh":"拉巴斯","name_ja":"ラパス","adm0":"Mexico","iso":"MX","capital":0,"scalerank":4,"pop_max":189767,"globe_rank":4,"min_zoom":5.6}},{"type":"Feature","geometry":{"type":"Point","coordinates":[28.45,-14.44]},"properties":{"name":"Kabwe","name_zh":"卡布韦","name_ja":"カブウェ","adm0":"Zambia","iso":"ZM","capital":0,"scalerank":4,"pop_max":188979,"globe_rank":4,"min_zoom":5.6}},{"type":"Feature","geometry":{"type":"Point","coordinates":[36.89,-17.88]},"properties":{"name":"Quelimane","name_zh":"克利马内","name_ja":"ケリマネ","adm0":"Mozambique","iso":"MZ","capital":0,"scalerank":4,"pop_max":188964,"globe_rank":4,"min_zoom":5.6}},{"type":"Feature","geometry":{"type":"Point","coordinates":[2.62,9.34]},"properties":{"name":"Parakou","name_zh":"帕拉库","name_ja":"パラクー","adm0":"Benin","iso":"BJ","capital":0,"scalerank":4,"pop_max":188853,"globe_rank":4,"min_zoom":5.6}},{"type":"Feature","geometry":{"type":"Point","coordinates":[-13.2,27.15]},"properties":{"name":"Laayoune","name_zh":"阿尤恩","name_ja":"アイウン","adm0":"Morocco","iso":"MA","capital":0,"scalerank":4,"pop_max":188084,"globe_rank":4,"min_zoom":5.6}},{"type":"Feature","geometry":{"type":"Point","coordinates":[127.363,0.793]},"properties":{"name":"Ternate","name_zh":"特爾納特","name_ja":"テルナテ","adm0":"Indonesia","iso":"ID","capital":0,"scalerank":4,"pop_max":187521,"globe_rank":4,"min_zoom":5.6}},{"type":"Feature","geometry":{"type":"Point","coordinates":[-70.29,-18.5]},"properties":{"name":"Arica","name_zh":"阿里卡","name_ja":"アリカ","adm0":"Chile","iso":"CL","capital":0,"scalerank":4,"pop_max":185999,"globe_rank":4,"min_zoom":5.6}},{"type":"Feature","geometry":{"type":"Point","coordinates":[47.0833,-21.4333]},"properties":{"name":"Fianarantsoa","name_zh":"菲亞納蘭楚阿","name_ja":"フィアナランツォア","adm0":"Madagascar","iso":"MG","capital":0,"scalerank":4,"pop_max":184184,"globe_rank":4,"min_zoom":5.6}},{"type":"Feature","geometry":{"type":"Point","coordinates":[51.92,47.1127]},"properties":{"name":"Atyrau","name_zh":"阿特劳","name_ja":"アティラウ","adm0":"Kazakhstan","iso":"KZ","capital":0,"scalerank":4,"pop_max":182753,"globe_rank":4,"min_zoom":5.0}},{"type":"Feature","geometry":{"type":"Point","coordinates":[-101.83,35.23]},"properties":{"name":"Amarillo","name_zh":"阿马里洛","name_ja":"アマリロ","adm0":"United States of America","iso":"US","capital":0,"scalerank":4,"pop_max":181766,"globe_rank":4,"min_zoom":5.6}},{"type":"Feature","geometry":{"type":"Point","coordinates":[-119.7166,34.4108]},"properties":{"name":"Santa Barbara","name_zh":"圣巴巴拉","name_ja":"サンタ・バーバラ","adm0":"United States of America","iso":"US","capital":0,"scalerank":4,"pop_max":181632,"globe_rank":4,"min_zoom":5.6}},{"type":"Feature","geometry":{"type":"Point","coordinates":[12.0791,32.9344]},"properties":{"name":"Zuwara","name_zh":"祖瓦拉","name_ja":"ズワーラ","adm0":"Libya","iso":"LY","capital":0,"scalerank":4,"pop_max":180310,"globe_rank":4,"min_zoom":5.6}},{"type":"Feature","geometry":{"type":"Point","coordinates":[-81.11,32.0211]},"properties":{"name":"Savannah","name_zh":"萨凡纳","name_ja":"サヴァンナ","adm0":"United States of America","iso":"US","capital":0,"scalerank":4,"pop_max":180187,"globe_rank":4,"min_zoom":5.1}},{"type":"Feature","geometry":{"type":"Point","coordinates":[92.88,20.14]},"properties":{"name":"Sittwe","name_zh":"实兑","name_ja":"シットウェ","adm0":"Myanmar","iso":"MM","capital":0,"scalerank":4,"pop_max":179032,"globe_rank":4,"min_zoom":5.6}},{"type":"Feature","geometry":{"type":"Point","coordinates":[61.8333,37.6]},"properties":{"name":"Mary","name_zh":"马雷","name_ja":"マル","adm0":"Turkmenistan","iso":"TM","capital":0,"scalerank":4,"pop_max":178708,"globe_rank":4,"min_zoom":5.1}},{"type":"Feature","geometry":{"type":"Point","coordinates":[-110.945,31.305]},"properties":{"name":"Nogales","name_zh":"诺加利斯","name_ja":"ノガレス","adm0":"Mexico","iso":"MX","capital":0,"scalerank":4,"pop_max":178097,"globe_rank":4,"min_zoom":5.6}},{"type":"Feature","geometry":{"type":"Point","coordinates":[142.74,46.965]},"properties":{"name":"Yuzhno Sakhalinsk","name_zh":"南萨哈林斯克","name_ja":"ユジノサハリンスク","adm0":"Russia","iso":"RU","capital":0,"scalerank":4,"pop_max":176484,"globe_rank":4,"min_zoom":5.1}},{"type":"Feature","geometry":{"type":"Point","coordinates":[106.6133,23.8997]},"properties":{"name":"Bose","name_zh":"白城","name_ja":"白城市","adm0":"China","iso":"CN","capital":0,"scalerank":4,"pop_max":175282,"globe_rank":4,"min_zoom":5.6}},{"type":"Feature","geometry":{"type":"Point","coordinates":[22.45,-33.95]},"properties":{"name":"George","name_zh":"喬治","name_ja":"ジョージ","adm0":"South Africa","iso":"ZA","capital":0,"scalerank":4,"pop_max":174582,"globe_rank":4,"min_zoom":5.6}},{"type":"Feature","geometry":{"type":"Point","coordinates":[140.7,-2.533]},"properties":{"name":"Jayapura","name_zh":"查雅普拉","name_ja":"ジャヤプラ","adm0":"Indonesia","iso":"ID","capital":0,"scalerank":4,"pop_max":169341,"globe_rank":4,"min_zoom":5.6}},{"type":"Feature","geometry":{"type":"Point","coordinates":[-8.83,7.76]},"properties":{"name":"Nzérékoré","name_zh":"恩泽雷科雷","name_ja":"ンゼレコレ","adm0":"Guinea","iso":"GN","capital":0,"scalerank":4,"pop_max":168121,"globe_rank":4,"min_zoom":5.1}},{"type":"Feature","geometry":{"type":"Point","coordinates":[91.445,53.7037]},"properties":{"name":"Abakan","name_zh":"阿巴坎","name_ja":"アバカン","adm0":"Russia","iso":"RU","capital":0,"scalerank":4,"pop_max":167289,"globe_rank":4,"min_zoom":5.6}},{"type":"Feature","geometry":{"type":"Point","coordinates":[88.225,69.34]},"properties":{"name":"Norilsk","name_zh":"诺里尔斯克","name_ja":"ノリリスク","adm0":"Russia","iso":"RU","capital":0,"scalerank":4,"pop_max":165873,"globe_rank":4,"min_zoom":5.6}},{"type":"Feature","geometry":{"type":"Point","coordinates":[25.86,-17.86]},"properties":{"name":"Livingstone","name_zh":"利文斯顿","name_ja":"リヴィングストン","adm0":"Zambia","iso":"ZM","capital":0,"scalerank":4,"pop_max":165480,"globe_rank":4,"min_zoom":5.6}},{"type":"Feature","geometry":{"type":"Point","coordinates":[22.44,13.45]},"properties":{"name":"Geneina","name_zh":"朱奈纳","name_ja":"ジュナイナ","adm0":"Sudan","iso":"SD","capital":0,"scalerank":4,"pop_max":162981,"globe_rank":4,"min_zoom":5.6}},{"type":"Feature","geometry":{"type":"Point","coordinates":[-96.7894,46.8772]},"properties":{"name":"Fargo","name_zh":"法戈","name_ja":"ファーゴ","adm0":"United States of America","iso":"US","capital":0,"scalerank":4,"pop_max":162842,"globe_rank":4,"min_zoom":5.1}},{"type":"Feature","geometry":{"type":"Point","coordinates":[-77.945,34.2255]},"properties":{"name":"Wilmington","name_zh":"威尔明顿","name_ja":"ウィルミントン","adm0":"United States of America","iso":"US","capital":0,"scalerank":4,"pop_max":161560,"globe_rank":4,"min_zoom":5.1}},{"type":"Feature","geometry":{"type":"Point","coordinates":[31.656,9.5369]},"properties":{"name":"Malakal","name_zh":"马拉卡尔","name_ja":"マラカル","adm0":"South Sudan","iso":"SS","capital":0,"scalerank":4,"pop_max":160765,"globe_rank":4,"min_zoom":5.6}},{"type":"Feature","geometry":{"type":"Point","coordinates":[-64.75,-21.5167]},"properties":{"name":"Tarija","name_zh":"塔里哈","name_ja":"タリハ","adm0":"Bolivia","iso":"BO","capital":0,"scalerank":4,"pop_max":159269,"globe_rank":4,"min_zoom":5.6}},{"type":"Feature","geometry":{"type":"Point","coordinates":[-45.0,-12.14]},"properties":{"name":"Barreiras","name_zh":"巴雷拉斯","name_ja":"バレイラス","adm0":"Brazil","iso":"BR","capital":0,"scalerank":4,"pop_max":158292,"globe_rank":4,"min_zoom":5.6}},{"type":"Feature","geometry":{"type":"Point","coordinates":[99.3401,9.1501]},"properties":{"name":"Surat Thani","name_zh":"素叻他尼","name_ja":"スラートターニー","adm0":"Thailand","iso":"TH","capital":0,"scalerank":4,"pop_max":157627,"globe_rank":4,"min_zoom":5.6}},{"type":"Feature","geometry":{"type":"Point","coordinates":[-122.8994,47.038]},"properties":{"name":"Olympia","name_zh":"奥林匹亚","name_ja":"オリンピア","adm0":"United States of America","iso":"US","capital":0,"scalerank":4,"pop_max":156984,"globe_rank":4,"min_zoom":5.6}},{"type":"Feature","geometry":{"type":"Point","coordinates":[16.09,8.55]},"properties":{"name":"Moundou","name_zh":"蒙杜","name_ja":"ムンドゥ","adm0":"Chad","iso":"TD","capital":0,"scalerank":4,"pop_max":156705,"globe_rank":4,"min_zoom":5.6}},{"type":"Feature","geometry":{"type":"Point","coordinates":[109.7333,38.2833]},"properties":{"name":"Yulin","name_zh":"榆林","name_ja":"楡林市","adm0":"China","iso":"CN","capital":0,"scalerank":4,"pop_max":155960,"globe_rank":4,"min_zoom":5.6}},{"type":"Feature","geometry":{"type":"Point","coordinates":[-96.73,43.55]},"properties":{"name":"Sioux Falls","name_zh":"苏瀑","name_ja":"スーフォールズ","adm0":"United States of America","iso":"US","capital":0,"scalerank":4,"pop_max":155724,"globe_rank":4,"min_zoom":5.6}},{"type":"Feature","geometry":{"type":"Point","coordinates":[126.5286,48.2463]},"properties":{"name":"Bei'an","name_zh":"北安","name_ja":"北安市","adm0":"China","iso":"CN","capital":0,"scalerank":4,"pop_max":154936,"globe_rank":4,"min_zoom":5.6}},{"type":"Feature","geometry":{"type":"Point","coordinates":[103.2,13.1]},"properties":{"name":"Battambang","name_zh":"马德望","name_ja":"バタンバン","adm0":"Cambodia","iso":"KH","capital":0,"scalerank":4,"pop_max":154773,"globe_rank":4,"min_zoom":5.6}},{"type":"Feature","geometry":{"type":"Point","coordinates":[46.345,-15.67]},"properties":{"name":"Mahajanga","name_zh":"马哈赞加","name_ja":"マジュンガ","adm0":"Madagascar","iso":"MG","capital":0,"scalerank":4,"pop_max":154657,"globe_rank":4,"min_zoom":5.6}},{"type":"Feature","geometry":{"type":"Point","coordinates":[-71.25,-29.9]},"properties":{"name":"La Serena","name_zh":"拉塞雷纳","name_ja":"ラ・セレナ","adm0":"Chile","iso":"CL","capital":0,"scalerank":4,"pop_max":154521,"globe_rank":4,"min_zoom":5.6}},{"type":"Feature","geometry":{"type":"Point","coordinates":[145.7633,-16.8878]},"properties":{"name":"Cairns","name_zh":"凯恩斯","name_ja":"ケアンズ","adm0":"Australia","iso":"AU","capital":0,"scalerank":4,"pop_max":154225,"globe_rank":4,"min_zoom":5.0}},{"type":"Feature","geometry":{"type":"Point","coordinates":[28.26,-12.55]},"properties":{"name":"Mufulira","name_zh":"穆富利拉","name_ja":"ムフリラ","adm0":"Zambia","iso":"ZM","capital":0,"scalerank":4,"pop_max":153624,"globe_rank":4,"min_zoom":5.6}},{"type":"Feature","geometry":{"type":"Point","coordinates":[13.4072,-12.5783]},"properties":{"name":"Benguela","name_zh":"本格拉","name_ja":"ベンゲラ","adm0":"Angola","iso":"AO","capital":0,"scalerank":4,"pop_max":151226,"globe_rank":4,"min_zoom":5.6}},{"type":"Feature","geometry":{"type":"Point","coordinates":[103.1501,23.38]},"properties":{"name":"Gejiu","name_zh":"个旧","name_ja":"箇旧市","adm0":"China","iso":"CN","capital":0,"scalerank":4,"pop_max":149105,"globe_rank":4,"min_zoom":5.1}},{"type":"Feature","geometry":{"type":"Point","coordinates":[175.2896,-37.7783]},"properties":{"name":"Hamilton","name_zh":"哈密尔顿","name_ja":"ハミルトン","adm0":"New Zealand","iso":"NZ","capital":0,"scalerank":4,"pop_max":148200,"globe_rank":4,"min_zoom":5.0}},{"type":"Feature","geometry":{"type":"Point","coordinates":[32.28,2.78]},"properties":{"name":"Gulu","name_zh":"古盧","name_ja":"グル","adm0":"Uganda","iso":"UG","capital":0,"scalerank":4,"pop_max":146858,"globe_rank":4,"min_zoom":5.6}},{"type":"Feature","geometry":{"type":"Point","coordinates":[19.2663,42.466]},"properties":{"name":"Podgorica","name_zh":"波德戈里察","name_ja":"ポドゴリツァ","adm0":"Montenegro","iso":"ME","capital":1,"scalerank":4,"pop_max":145850,"globe_rank":4,"min_zoom":5.6}},{"type":"Feature","geometry":{"type":"Point","coordinates":[-72.3469,-37.4797]},"properties":{"name":"Los Angeles","name_zh":"洛桑赫莱斯","name_ja":"ロス・アンヘレス","adm0":"Chile","iso":"CL","capital":0,"scalerank":4,"pop_max":145239,"globe_rank":4,"min_zoom":5.6}},{"type":"Feature","geometry":{"type":"Point","coordinates":[29.2218,-1.6788]},"properties":{"name":"Goma","name_zh":"戈马","name_ja":"ゴマ","adm0":"Congo (Kinshasa)","iso":"CD","capital":0,"scalerank":4,"pop_max":144124,"globe_rank":4,"min_zoom":5.1}},{"type":"Feature","geometry":{"type":"Point","coordinates":[88.1166,47.8666]},"properties":{"name":"Altay","name_zh":"阿勒泰","name_ja":"アルタイ市","adm0":"China","iso":"CN","capital":0,"scalerank":4,"pop_max":142000,"globe_rank":4,"min_zoom":5.6}},{"type":"Feature","geometry":{"type":"Point","coordinates":[94.662,40.1427]},"properties":{"name":"Dunhuang","name_zh":"敦煌","name_ja":"敦煌市","adm0":"China","iso":"CN","capital":0,"scalerank":4,"pop_max":140094,"globe_rank":4,"min_zoom":5.0}},{"type":"Feature","geometry":{"type":"Point","coordinates":[106.769,39.2333]},"properties":{"name":"Shizuishan","name_zh":"石嘴山","name_ja":"石嘴山市","adm0":"China","iso":"CN","capital":0,"scalerank":4,"pop_max":136570,"globe_rank":4,"min_zoom":5.6}},{"type":"Feature","geometry":{"type":"Point","coordinates":[12.16,-15.19]},"properties":{"name":"Moçâmedes","name_zh":"纳米贝","name_ja":"モザメデス","adm0":"Angola","iso":"AO","capital":0,"scalerank":4,"pop_max":132900,"globe_rank":4,"min_zoom":5.6}},{"type":"Feature","geometry":{"type":"Point","coordinates":[-95.67,39.05]},"properties":{"name":"Topeka","name_zh":"托皮卡","name_ja":"トピカ","adm0":"United States of America","iso":"US","capital":0,"scalerank":4,"pop_max":132091,"globe_rank":4,"min_zoom":5.1}},{"type":"Feature","geometry":{"type":"Point","coordinates":[-149.5667,-17.5334]},"properties":{"name":"Papeete","name_zh":"帕皮提","name_ja":"パペーテ","adm0":"French Polynesia","iso":"PF","capital":0,"scalerank":4,"pop_max":131695,"globe_rank":4,"min_zoom":5.6}},{"type":"Feature","geometry":{"type":"Point","coordinates":[146.99,-6.733]},"properties":{"name":"Lae","name_zh":"莱城","name_ja":"ラエ","adm0":"Papua New Guinea","iso":"PG","capital":0,"scalerank":4,"pop_max":131052,"globe_rank":4,"min_zoom":5.6}},{"type":"Feature","geometry":{"type":"Point","coordinates":[33.58,-16.17]},"properties":{"name":"Tete","name_zh":"太特","name_ja":"テテ","adm0":"Mozambique","iso":"MZ","capital":0,"scalerank":4,"pop_max":129316,"globe_rank":4,"min_zoom":5.6}},{"type":"Feature","geometry":{"type":"Point","coordinates":[-70.33,-27.3718]},"properties":{"name":"Copiapó","name_zh":"科皮亚波","name_ja":"コピアポ","adm0":"Chile","iso":"CL","capital":0,"scalerank":4,"pop_max":129280,"globe_rank":4,"min_zoom":5.6}},{"type":"Feature","geometry":{"type":"Point","coordinates":[33.64,-25.04]},"properties":{"name":"Xai-Xai","name_zh":"赛赛","name_ja":"シャイシャイ","adm0":"Mozambique","iso":"MZ","capital":0,"scalerank":4,"pop_max":128805,"globe_rank":4,"min_zoom":5.6}},{"type":"Feature","geometry":{"type":"Point","coordinates":[75.3199,51.73]},"properties":{"name":"Ekibastuz","name_zh":"埃基巴斯图兹","name_ja":"エキバストス","adm0":"Kazakhstan","iso":"KZ","capital":0,"scalerank":4,"pop_max":127868,"globe_rank":4,"min_zoom":5.6}},{"type":"Feature","geometry":{"type":"Point","coordinates":[19.4399,-33.64]},"properties":{"name":"Worcester","name_zh":"伍斯特","name_ja":"ウースター","adm0":"South Africa","iso":"ZA","capital":0,"scalerank":4,"pop_max":127597,"globe_rank":4,"min_zoom":5.6}},{"type":"Feature","geometry":{"type":"Point","coordinates":[16.34,-9.54]},"properties":{"name":"Malanje","name_zh":"马兰哲","name_ja":"マランジェ","adm0":"Angola","iso":"AO","capital":0,"scalerank":4,"pop_max":125856,"globe_rank":4,"min_zoom":5.6}},{"type":"Feature","geometry":{"type":"Point","coordinates":[13.49,-14.91]},"properties":{"name":"Lubango","name_zh":"盧班戈","name_ja":"ルバンゴ","adm0":"Angola","iso":"AO","capital":0,"scalerank":4,"pop_max":125632,"globe_rank":4,"min_zoom":5.6}},{"type":"Feature","geometry":{"type":"Point","coordinates":[63.13,52.9527]},"properties":{"name":"Rudniy","name_zh":"鲁德内","name_ja":"ルドニ","adm0":"Kazakhstan","iso":"KZ","capital":0,"scalerank":4,"pop_max":124000,"globe_rank":4,"min_zoom":5.6}},{"type":"Feature","geometry":{"type":"Point","coordinates":[-81.6327,38.3497]},"properties":{"name":"Charleston","name_zh":"查尔斯顿","name_ja":"チャールストン","adm0":"United States of America","iso":"US","capital":0,"scalerank":4,"pop_max":123799,"globe_rank":4,"min_zoom":5.1}},{"type":"Feature","geometry":{"type":"Point","coordinates":[-6.26,13.44]},"properties":{"name":"Ségou","name_zh":"塞古","name_ja":"セグー","adm0":"Mali","iso":"ML","capital":0,"scalerank":4,"pop_max":122952,"globe_rank":4,"min_zoom":5.6}},{"type":"Feature","geometry":{"type":"Point","coordinates":[17.38,-3.31]},"properties":{"name":"Bandundu","name_zh":"班顿杜","name_ja":"バンドゥンドゥ","adm0":"Congo (Kinshasa)","iso":"CD","capital":0,"scalerank":4,"pop_max":118211,"globe_rank":4,"min_zoom":5.6}},{"type":"Feature","geometry":{"type":"Point","coordinates":[170.491,-45.8854]},"properties":{"name":"Dunedin","name_zh":"达尼丁","name_ja":"ダニーデン","adm0":"New Zealand","iso":"NZ","capital":0,"scalerank":4,"pop_max":117700,"globe_rank":4,"min_zoom":5.0}},{"type":"Feature","geometry":{"type":"Point","coordinates":[-0.05,16.2666]},"properties":{"name":"Gao","name_zh":"加奥","name_ja":"ガオ","adm0":"Mali","iso":"ML","capital":0,"scalerank":4,"pop_max":116967,"globe_rank":4,"min_zoom":5.1}},{"type":"Feature","geometry":{"type":"Point","coordinates":[5.2599,14.9]},"properties":{"name":"Tahoua","name_zh":"塔瓦","name_ja":"タウア","adm0":"Niger","iso":"NE","capital":0,"scalerank":4,"pop_max":115956,"globe_rank":4,"min_zoom":5.6}},{"type":"Feature","geometry":{"type":"Point","coordinates":[79.95,6.9]},"properties":{"name":"Sri Jayawardenepura Kotte","name_zh":"斯里贾亚瓦德纳普拉科特","name_ja":"スリジャヤワルダナプラコッテ","adm0":"Sri Lanka","iso":"LK","capital":0,"scalerank":4,"pop_max":115826,"globe_rank":4,"min_zoom":5.6}},{"type":"Feature","geometry":{"type":"Point","coordinates":[43.69,-23.3568]},"properties":{"name":"Toliara","name_zh":"图利亚拉","name_ja":"トゥリアラ","adm0":"Madagascar","iso":"MG","capital":0,"scalerank":4,"pop_max":115319,"globe_rank":4,"min_zoom":5.1}},{"type":"Feature","geometry":{"type":"Point","coordinates":[-9.31,10.39]},"properties":{"name":"Kankan","name_zh":"坎坎","name_ja":"カンカン","adm0":"Guinea","iso":"GN","capital":0,"scalerank":4,"pop_max":114009,"globe_rank":4,"min_zoom":5.1}},{"type":"Feature","geometry":{"type":"Point","coordinates":[31.58,4.83]},"properties":{"name":"Juba","name_zh":"朱巴","name_ja":"ジュバ","adm0":"South Sudan","iso":"SS","capital":0,"scalerank":4,"pop_max":111975,"globe_rank":4,"min_zoom":5.1}},{"type":"Feature","geometry":{"type":"Point","coordinates":[80.67,7.28]},"properties":{"name":"Kandy","name_zh":"康提","name_ja":"キャンディ","adm0":"Sri Lanka","iso":"LK","capital":0,"scalerank":4,"pop_max":111701,"globe_rank":4,"min_zoom":5.6}},{"type":"Feature","geometry":{"type":"Point","coordinates":[-64.3,-36.62]},"properties":{"name":"Santa Rosa","name_zh":"圣罗莎","name_ja":"サンタローサ","adm0":"Argentina","iso":"AR","capital":0,"scalerank":4,"pop_max":111424,"globe_rank":4,"min_zoom":5.1}},{"type":"Feature","geometry":{"type":"Point","coordinates":[40.5323,-12.983]},"properties":{"name":"Pemba","name_zh":"彭巴","name_ja":"ペンバ","adm0":"Mozambique","iso":"MZ","capital":0,"scalerank":4,"pop_max":110643,"globe_rank":4,"min_zoom":5.6}},{"type":"Feature","geometry":{"type":"Point","coordinates":[34.02,-11.46]},"properties":{"name":"Mzuzu","name_zh":"姆祖祖","name_ja":"ムズズ","adm0":"Malawi","iso":"MW","capital":0,"scalerank":4,"pop_max":110201,"globe_rank":4,"min_zoom":5.6}},{"type":"Feature","geometry":{"type":"Point","coordinates":[-82.4333,8.4333]},"properties":{"name":"David","name_zh":"戴维","name_ja":"ダビッド","adm0":"Panama","iso":"PA","capital":0,"scalerank":4,"pop_max":110037,"globe_rank":4,"min_zoom":5.6}},{"type":"Feature","geometry":{"type":"Point","coordinates":[103.85,13.3666]},"properties":{"name":"Siem Reap","name_zh":"暹粒","name_ja":"シェムリアップ","adm0":"Cambodia","iso":"KH","capital":0,"scalerank":4,"pop_max":109398,"globe_rank":4,"min_zoom":5.6}},{"type":"Feature","geometry":{"type":"Point","coordinates":[94.3831,51.7067]},"properties":{"name":"Kyzyl","name_zh":"克孜勒","name_ja":"クズル","adm0":"Russia","iso":"RU","capital":0,"scalerank":4,"pop_max":108240,"globe_rank":4,"min_zoom":5.6}},{"type":"Feature","geometry":{"type":"Point","coordinates":[94.8833,36.4166]},"properties":{"name":"Golmud","name_zh":"格尔木","name_ja":"ゴルムド市","adm0":"China","iso":"CN","capital":0,"scalerank":4,"pop_max":107092,"globe_rank":4,"min_zoom":5.0}},{"type":"Feature","geometry":{"type":"Point","coordinates":[118.7666,-8.45]},"properties":{"name":"Raba","name_zh":"拉巴","name_ja":"ラバ","adm0":"Indonesia","iso":"ID","capital":0,"scalerank":4,"pop_max":106101,"globe_rank":4,"min_zoom":5.6}},{"type":"Feature","geometry":{"type":"Point","coordinates":[42.73,13.01]},"properties":{"name":"Assab","name_zh":"阿萨布","name_ja":"アッサブ","adm0":"Eritrea","iso":"ER","capital":0,"scalerank":4,"pop_max":105496,"globe_rank":4,"min_zoom":5.6}},{"type":"Feature","geometry":{"type":"Point","coordinates":[-108.54,45.7883]},"properties":{"name":"Billings","name_zh":"比灵斯","name_ja":"ビリングス","adm0":"United States of America","iso":"US","capital":0,"scalerank":4,"pop_max":104552,"globe_rank":4,"min_zoom":5.6}},{"type":"Feature","geometry":{"type":"Point","coordinates":[-110.89,27.93]},"properties":{"name":"Guaymas","name_zh":"瓜伊马斯","name_ja":"グアイマス","adm0":"Mexico","iso":"MX","capital":0,"scalerank":4,"pop_max":103449,"globe_rank":4,"min_zoom":5.6}},{"type":"Feature","geometry":{"type":"Point","coordinates":[111.21,35.62]},"properties":{"name":"Houma","name_zh":"侯马","name_ja":"侯馬市","adm0":"China","iso":"CN","capital":0,"scalerank":4,"pop_max":102400,"globe_rank":4,"min_zoom":5.1}},{"type":"Feature","geometry":{"type":"Point","coordinates":[139.8501,38.92]},"properties":{"name":"Sakata","name_zh":"酒田","name_ja":"酒田市","adm0":"Japan","iso":"JP","capital":0,"scalerank":4,"pop_max":100446,"globe_rank":4,"min_zoom":5.6}},{"type":"Feature","geometry":{"type":"Point","coordinates":[102.6333,57.99]},"properties":{"name":"Ust-Ilimsk","name_zh":"乌斯季伊利姆斯克","name_ja":"ウスチ・イリムスク","adm0":"Russia","iso":"RU","capital":0,"scalerank":4,"pop_max":100271,"globe_rank":4,"min_zoom":5.6}},{"type":"Feature","geometry":{"type":"Point","coordinates":[-57.65,-19.016]},"properties":{"name":"Corumbá","name_zh":"科伦巴","name_ja":"コルンバ","adm0":"Brazil","iso":"BR","capital":0,"scalerank":4,"pop_max":96520,"globe_rank":4,"min_zoom":5.6}},{"type":"Feature","geometry":{"type":"Point","coordinates":[39.47,13.5]},"properties":{"name":"Mekele","name_zh":"默克莱","name_ja":"メケレ","adm0":"Ethiopia","iso":"ET","capital":0,"scalerank":4,"pop_max":95856,"globe_rank":4,"min_zoom":5.6}},{"type":"Feature","geometry":{"type":"Point","coordinates":[-71.3,-41.15]},"properties":{"name":"Bariloche","name_zh":"圣卡洛斯-德巴里洛切","name_ja":"サン・カルロス・デ・バリローチェ","adm0":"Argentina","iso":"AR","capital":0,"scalerank":4,"pop_max":95394,"globe_rank":4,"min_zoom":5.6}},{"type":"Feature","geometry":{"type":"Point","coordinates":[-73.2125,44.4758]},"properties":{"name":"Burlington","name_zh":"南柏林頓","name_ja":"バーリントン","adm0":"United States of America","iso":"US","capital":0,"scalerank":4,"pop_max":93807,"globe_rank":4,"min_zoom":5.6}},{"type":"Feature","geometry":{"type":"Point","coordinates":[31.1333,-26.3167]},"properties":{"name":"Mbabane","name_zh":"墨巴本","name_ja":"ムババーネ","adm0":"eSwatini","iso":"SZ","capital":1,"scalerank":4,"pop_max":90138,"globe_rank":4,"min_zoom":5.6}},{"type":"Feature","geometry":{"type":"Point","coordinates":[27.5,-21.17]},"properties":{"name":"Francistown","name_zh":"弗朗西斯敦","name_ja":"フランシスタウン","adm0":"Botswana","iso":"BW","capital":0,"scalerank":4,"pop_max":89979,"globe_rank":4,"min_zoom":5.6}},{"type":"Feature","geometry":{"type":"Point","coordinates":[11.15,2.9]},"properties":{"name":"Ebolowa","name_zh":"埃博洛瓦","name_ja":"エボロワ","adm0":"Cameroon","iso":"CM","capital":0,"scalerank":4,"pop_max":87875,"globe_rank":4,"min_zoom":5.6}},{"type":"Feature","geometry":{"type":"Point","coordinates":[119.6333,-4.0167]},"properties":{"name":"Parepare","name_zh":"巴里巴里","name_ja":"パレパレ","adm0":"Indonesia","iso":"ID","capital":0,"scalerank":4,"pop_max":87776,"globe_rank":4,"min_zoom":5.6}},{"type":"Feature","geometry":{"type":"Point","coordinates":[-17.056,20.9]},"properties":{"name":"Nouadhibou","name_zh":"努瓦迪布","name_ja":"ヌアディブ","adm0":"Mauritania","iso":"MR","capital":0,"scalerank":4,"pop_max":86738,"globe_rank":4,"min_zoom":5.6}},{"type":"Feature","geometry":{"type":"Point","coordinates":[-83.0333,10.0]},"properties":{"name":"Limón","name_zh":"利蒙","name_ja":"リモン","adm0":"Costa Rica","iso":"CR","capital":0,"scalerank":4,"pop_max":85001,"globe_rank":4,"min_zoom":5.6}},{"type":"Feature","geometry":{"type":"Point","coordinates":[-64.9,-14.8334]},"properties":{"name":"Trinidad","name_zh":"特立尼达","name_ja":"トリニダ","adm0":"Bolivia","iso":"BO","capital":0,"scalerank":4,"pop_max":84259,"globe_rank":4,"min_zoom":5.6}},{"type":"Feature","geometry":{"type":"Point","coordinates":[-84.3453,46.4953]},"properties":{"name":"Sault Ste. Marie","name_zh":"苏圣玛丽","name_ja":"スーセントマリー","adm0":"United States of America","iso":"US","capital":0,"scalerank":4,"pop_max":83805,"globe_rank":4,"min_zoom":5.1}},{"type":"Feature","geometry":{"type":"Point","coordinates":[49.3115,-12.2765]},"properties":{"name":"Antsiranana","name_zh":"安齐拉纳纳","name_ja":"アンツィラナナ","adm0":"Madagascar","iso":"MG","capital":0,"scalerank":4,"pop_max":82937,"globe_rank":4,"min_zoom":5.6}},{"type":"Feature","geometry":{"type":"Point","coordinates":[144.28,-36.76]},"properties":{"name":"Bendigo","name_zh":"本迪戈","name_ja":"ベンディゴ","adm0":"Australia","iso":"AU","capital":0,"scalerank":4,"pop_max":81657,"globe_rank":4,"min_zoom":5.6}},{"type":"Feature","geometry":{"type":"Point","coordinates":[1.12,7.53]},"properties":{"name":"Atakpamé","name_zh":"阿塔帕梅","name_ja":"アタクパメ","adm0":"Togo","iso":"TG","capital":0,"scalerank":4,"pop_max":80683,"globe_rank":4,"min_zoom":5.6}},{"type":"Feature","geometry":{"type":"Point","coordinates":[64.01,67.5]},"properties":{"name":"Vorkuta","name_zh":"沃尔库塔","name_ja":"ヴォルクタ","adm0":"Russia","iso":"RU","capital":0,"scalerank":4,"pop_max":80039,"globe_rank":4,"min_zoom":5.6}},{"type":"Feature","geometry":{"type":"Point","coordinates":[88.8833,29.25]},"properties":{"name":"Xigaze","name_zh":"日喀则","name_ja":"シガツェ市","adm0":"China","iso":"CN","capital":0,"scalerank":4,"pop_max":80000,"globe_rank":4,"min_zoom":5.0}},{"type":"Feature","geometry":{"type":"Point","coordinates":[-11.44,14.45]},"properties":{"name":"Kayes","name_zh":"卡伊","name_ja":"カイ","adm0":"Mali","iso":"ML","capital":0,"scalerank":4,"pop_max":77207,"globe_rank":4,"min_zoom":5.6}},{"type":"Feature","geometry":{"type":"Point","coordinates":[17.3167,62.4001]},"properties":{"name":"Sundsvall","name_zh":"松玆瓦爾","name_ja":"スンツヴァル","adm0":"Sweden","iso":"SE","capital":0,"scalerank":4,"pop_max":73389,"globe_rank":4,"min_zoom":5.1}},{"type":"Feature","geometry":{"type":"Point","coordinates":[115.7471,-32.5235]},"properties":{"name":"Mandurah","name_zh":"曼杜拉","name_ja":"マンジュラ","adm0":"Australia","iso":"AU","capital":0,"scalerank":4,"pop_max":73356,"globe_rank":4,"min_zoom":5.6}},{"type":"Feature","geometry":{"type":"Point","coordinates":[-113.9931,46.8722]},"properties":{"name":"Missoula","name_zh":"米苏拉","name_ja":"ミズーラ","adm0":"United States of America","iso":"US","capital":0,"scalerank":4,"pop_max":72856,"globe_rank":4,"min_zoom":5.6}},{"type":"Feature","geometry":{"type":"Point","coordinates":[21.23,-28.46]},"properties":{"name":"Upington","name_zh":"乌平通","name_ja":"アピントン","adm0":"South Africa","iso":"ZA","capital":0,"scalerank":4,"pop_max":71373,"globe_rank":4,"min_zoom":5.6}},{"type":"Feature","geometry":{"type":"Point","coordinates":[52.9697,40.023]},"properties":{"name":"Türkmenbaşy","name_zh":"土库曼巴希","name_ja":"トルクメンバシ","adm0":"Turkmenistan","iso":"TM","capital":0,"scalerank":4,"pop_max":68292,"globe_rank":4,"min_zoom":5.6}},{"type":"Feature","geometry":{"type":"Point","coordinates":[101.695,2.9325]},"properties":{"name":"Putrajaya","name_zh":"布城","name_ja":"プトラジャヤ","adm0":"Malaysia","iso":"MY","capital":0,"scalerank":4,"pop_max":67964,"globe_rank":4,"min_zoom":5.6}},{"type":"Feature","geometry":{"type":"Point","coordinates":[-111.3,47.5003]},"properties":{"name":"Great Falls","name_zh":"大瀑布城","name_ja":"グレートフォールズ","adm0":"United States of America","iso":"US","capital":0,"scalerank":4,"pop_max":66558,"globe_rank":4,"min_zoom":5.6}},{"type":"Feature","geometry":{"type":"Point","coordinates":[150.52,-23.3639]},"properties":{"name":"Rockhampton","name_zh":"洛坎普顿","name_ja":"ロックハンプトン","adm0":"Australia","iso":"AU","capital":0,"scalerank":4,"pop_max":65850,"globe_rank":4,"min_zoom":5.6}},{"type":"Feature","geometry":{"type":"Point","coordinates":[-111.6505,35.1981]},"properties":{"name":"Flagstaff","name_zh":"弗拉格斯塔夫","name_ja":"フラッグスタッフ","adm0":"United States of America","iso":"US","capital":0,"scalerank":4,"pop_max":63993,"globe_rank":4,"min_zoom":5.1}},{"type":"Feature","geometry":{"type":"Point","coordinates":[7.975,58.1456]},"properties":{"name":"Kristiansand","name_zh":"克里斯蒂安桑","name_ja":"クリスチャンサン","adm0":"Norway","iso":"NO","capital":0,"scalerank":4,"pop_max":63814,"globe_rank":4,"min_zoom":5.6}},{"type":"Feature","geometry":{"type":"Point","coordinates":[26.66,-4.45]},"properties":{"name":"Kasongo","name_zh":"卡松戈","name_ja":"カソンゴ","adm0":"Congo (Kinshasa)","iso":"CD","capital":0,"scalerank":4,"pop_max":63000,"globe_rank":4,"min_zoom":5.6}},{"type":"Feature","geometry":{"type":"Point","coordinates":[13.28,-4.18]},"properties":{"name":"Kayes","name_zh":"卡耶斯","name_ja":"ケイズ","adm0":"Congo (Brazzaville)","iso":"CG","capital":0,"scalerank":4,"pop_max":62521,"globe_rank":4,"min_zoom":5.6}},{"type":"Feature","geometry":{"type":"Point","coordinates":[107.65,-2.75]},"properties":{"name":"Tanjung Pandan","name_zh":"丹绒香兰","name_ja":"タンジュンパンダン","adm0":"Indonesia","iso":"ID","capital":0,"scalerank":4,"pop_max":62374,"globe_rank":4,"min_zoom":5.6}},{"type":"Feature","geometry":{"type":"Point","coordinates":[20.6672,5.762]},"properties":{"name":"Bambari","name_zh":"班巴里","name_ja":"バンバリ","adm0":"Central African Republic","iso":"CF","capital":0,"scalerank":4,"pop_max":62098,"globe_rank":4,"min_zoom":5.6}},{"type":"Feature","geometry":{"type":"Point","coordinates":[-25.6666,37.7483]},"properties":{"name":"Ponta Delgada","name_zh":"蓬塔德尔加达","name_ja":"ポンタ・デルガダ","adm0":"Portugal","iso":"PT","capital":0,"scalerank":4,"pop_max":61526,"globe_rank":4,"min_zoom":5.6}},{"type":"Feature","geometry":{"type":"Point","coordinates":[-106.3232,42.8469]},"properties":{"name":"Casper","name_zh":"卡斯珀","name_ja":"キャスパー","adm0":"United States of America","iso":"US","capital":0,"scalerank":4,"pop_max":60791,"globe_rank":4,"min_zoom":5.6}},{"type":"Feature","geometry":{"type":"Point","coordinates":[144.2168,-5.8632]},"properties":{"name":"Mt.  Hagen","name_zh":"芒特哈根","name_ja":"マウントハーゲン","adm0":"Papua New Guinea","iso":"PG","capital":0,"scalerank":4,"pop_max":59064,"globe_rank":4,"min_zoom":5.6}},{"type":"Feature","geometry":{"type":"Point","coordinates":[176.9265,-39.49]},"properties":{"name":"Napier","name_zh":"内皮尔","name_ja":"ネーピア","adm0":"New Zealand","iso":"NZ","capital":0,"scalerank":4,"pop_max":57800,"globe_rank":4,"min_zoom":5.0}},{"type":"Feature","geometry":{"type":"Point","coordinates":[21.6,63.1]},"properties":{"name":"Vaasa","name_zh":"瓦萨","name_ja":"ヴァーサ","adm0":"Finland","iso":"FI","capital":0,"scalerank":4,"pop_max":57014,"globe_rank":4,"min_zoom":5.1}},{"type":"Feature","geometry":{"type":"Point","coordinates":[-67.6236,5.6639]},"properties":{"name":"Puerto Ayacucho","name_zh":"阿亞庫喬港","name_ja":"プエルト・アヤクーチョ","adm0":"Venezuela","iso":"VE","capital":0,"scalerank":4,"pop_max":52526,"globe_rank":4,"min_zoom":5.6}},{"type":"Feature","geometry":{"type":"Point","coordinates":[-155.0815,19.7056]},"properties":{"name":"Hilo","name_zh":"希洛","name_ja":"ヒロ","adm0":"United States of America","iso":"US","capital":0,"scalerank":4,"pop_max":52391,"globe_rank":4,"min_zoom":5.1}},{"type":"Feature","geometry":{"type":"Point","coordinates":[14.5053,-22.9575]},"properties":{"name":"Walvis Bay","name_zh":"鲸湾港","name_ja":"ウォルビスベイ","adm0":"Namibia","iso":"NA","capital":0,"scalerank":4,"pop_max":52058,"globe_rank":4,"min_zoom":5.6}},{"type":"Feature","geometry":{"type":"Point","coordinates":[26.82,-23.1]},"properties":{"name":"Mahalapye","name_zh":"马哈拉佩","name_ja":"マハラピエ","adm0":"Botswana","iso":"BW","capital":0,"scalerank":4,"pop_max":50744,"globe_rank":4,"min_zoom":5.6}},{"type":"Feature","geometry":{"type":"Point","coordinates":[-79.45,46.3]},"properties":{"name":"North Bay","name_zh":"北湾","name_ja":"ノースベイ","adm0":"Canada","iso":"CA","capital":0,"scalerank":4,"pop_max":50170,"globe_rank":4,"min_zoom":5.6}},{"type":"Feature","geometry":{"type":"Point","coordinates":[-61.2202,13.1558]},"properties":{"name":"Kingstown","name_zh":"金斯敦","name_ja":"キングスタウン","adm0":"Saint Vincent and the Grenadines","iso":"VC","capital":1,"scalerank":4,"pop_max":49485,"globe_rank":4,"min_zoom":5.1}},{"type":"Feature","geometry":{"type":"Point","coordinates":[22.1584,65.5966]},"properties":{"name":"Luleå","name_zh":"吕勒奥","name_ja":"ルレオ","adm0":"Sweden","iso":"SE","capital":0,"scalerank":4,"pop_max":48638,"globe_rank":4,"min_zoom":5.1}},{"type":"Feature","geometry":{"type":"Point","coordinates":[26.71,-22.39]},"properties":{"name":"Serowe","name_zh":"塞罗韦","name_ja":"セロウェ","adm0":"Botswana","iso":"BW","capital":0,"scalerank":4,"pop_max":48573,"globe_rank":4,"min_zoom":5.6}},{"type":"Feature","geometry":{"type":"Point","coordinates":[37.64,0.06]},"properties":{"name":"Meru","name_zh":"梅鲁","name_ja":"メル","adm0":"Kenya","iso":"KE","capital":0,"scalerank":4,"pop_max":47226,"globe_rank":4,"min_zoom":5.6}},{"type":"Feature","geometry":{"type":"Point","coordinates":[-72.07,-45.57]},"properties":{"name":"Coihaique","name_zh":"科伊艾克","name_ja":"コイハイケ","adm0":"Chile","iso":"CL","capital":0,"scalerank":4,"pop_max":45787,"globe_rank":4,"min_zoom":5.6}},{"type":"Feature","geometry":{"type":"Point","coordinates":[-16.5917,13.4539]},"properties":{"name":"Banjul","name_zh":"班竹","name_ja":"バンジュール","adm0":"The Gambia","iso":"GM","capital":1,"scalerank":4,"pop_max":43094,"globe_rank":4,"min_zoom":5.6}},{"type":"Feature","geometry":{"type":"Point","coordinates":[13.5833,-1.6333]},"properties":{"name":"Franceville","name_zh":"弗朗斯维尔","name_ja":"フランスヴィル","adm0":"Gabon","iso":"GA","capital":0,"scalerank":4,"pop_max":42967,"globe_rank":4,"min_zoom":5.6}},{"type":"Feature","geometry":{"type":"Point","coordinates":[-124.1504,40.793]},"properties":{"name":"Eureka","name_zh":"尤里卡","name_ja":"ユーレカ","adm0":"United States of America","iso":"US","capital":0,"scalerank":4,"pop_max":42398,"globe_rank":4,"min_zoom":5.0}},{"type":"Feature","geometry":{"type":"Point","coordinates":[-55.91,-9.9]},"properties":{"name":"Alta Floresta","name_zh":"上弗洛雷斯塔","name_ja":"アウタ・フロレスタ","adm0":"Brazil","iso":"BR","capital":0,"scalerank":4,"pop_max":40466,"globe_rank":4,"min_zoom":5.6}},{"type":"Feature","geometry":{"type":"Point","coordinates":[113.9614,62.54]},"properties":{"name":"Mirny","name_zh":"米尔内","name_ja":"ミールヌイ","adm0":"Russia","iso":"RU","capital":0,"scalerank":4,"pop_max":40308,"globe_rank":4,"min_zoom":5.1}},{"type":"Feature","geometry":{"type":"Point","coordinates":[145.3855,-6.0833]},"properties":{"name":"Goroka","name_zh":"戈罗卡","name_ja":"ゴロカ","adm0":"Papua New Guinea","iso":"PG","capital":0,"scalerank":4,"pop_max":39699,"globe_rank":4,"min_zoom":5.6}},{"type":"Feature","geometry":{"type":"Point","coordinates":[-101.2958,48.2325]},"properties":{"name":"Minot","name_zh":"迈诺特","name_ja":"マイノット","adm0":"United States of America","iso":"US","capital":0,"scalerank":4,"pop_max":39439,"globe_rank":4,"min_zoom":5.6}},{"type":"Feature","geometry":{"type":"Point","coordinates":[149.1,-33.28]},"properties":{"name":"Orange","name_zh":"奥兰治","name_ja":"オレンジ","adm0":"Australia","iso":"AU","capital":0,"scalerank":4,"pop_max":39329,"globe_rank":4,"min_zoom":5.6}},{"type":"Feature","geometry":{"type":"Point","coordinates":[-60.9929,14.0079]},"properties":{"name":"Castries","name_zh":"卡斯特里","name_ja":"カストリーズ","adm0":"Saint Lucia","iso":"LC","capital":1,"scalerank":4,"pop_max":37963,"globe_rank":4,"min_zoom":5.6}},{"type":"Feature","geometry":{"type":"Point","coordinates":[-60.18,46.0661]},"properties":{"name":"Sydney","name_zh":"悉尼","name_ja":"シドニー","adm0":"Canada","iso":"CA","capital":0,"scalerank":4,"pop_max":37538,"globe_rank":4,"min_zoom":5.6}},{"type":"Feature","geometry":{"type":"Point","coordinates":[121.46,-30.7354]},"properties":{"name":"Kalgoorlie","name_zh":"卡尔古利","name_ja":"カルグーリー","adm0":"Australia","iso":"AU","capital":0,"scalerank":4,"pop_max":36852,"globe_rank":4,"min_zoom":5.1}},{"type":"Feature","geometry":{"type":"Point","coordinates":[-61.85,17.118]},"properties":{"name":"Saint John's","name_zh":"圣约翰","name_ja":"セントジョンズ","adm0":"Antigua and Barbuda","iso":"AG","capital":1,"scalerank":4,"pop_max":35499,"globe_rank":4,"min_zoom":5.1}},{"type":"Feature","geometry":{"type":"Point","coordinates":[-81.3333,48.4666]},"properties":{"name":"Timmins","name_zh":"蒂明斯","name_ja":"ティミンズ","adm0":"Canada","iso":"CA","capital":0,"scalerank":4,"pop_max":34974,"globe_rank":4,"min_zoom":5.6}},{"type":"Feature","geometry":{"type":"Point","coordinates":[25.7159,66.5]},"properties":{"name":"Rovaniemi","name_zh":"罗瓦涅米","name_ja":"ロヴァニエミ","adm0":"Finland","iso":"FI","capital":0,"scalerank":4,"pop_max":34781,"globe_rank":4,"min_zoom":5.1}},{"type":"Feature","geometry":{"type":"Point","coordinates":[-56.51,-33.41]},"properties":{"name":"Durazno","name_zh":"杜拉斯诺","name_ja":"ドゥラスノ","adm0":"Uruguay","iso":"UY","capital":0,"scalerank":4,"pop_max":34037,"globe_rank":4,"min_zoom":5.6}},{"type":"Feature","geometry":{"type":"Point","coordinates":[-61.7416,12.0526]},"properties":{"name":"Saint George's","name_zh":"圣乔治","name_ja":"セントジョージズ","adm0":"Grenada","iso":"GD","capital":1,"scalerank":4,"pop_max":33734,"globe_rank":4,"min_zoom":5.1}},{"type":"Feature","geometry":{"type":"Point","coordinates":[114.506,48.0666]},"properties":{"name":"Choibalsan","name_zh":"乔巴山","name_ja":"チョイバルサン市","adm0":"Mongolia","iso":"MN","capital":0,"scalerank":4,"pop_max":33376,"globe_rank":4,"min_zoom":5.6}},{"type":"Feature","geometry":{"type":"Point","coordinates":[139.49,-20.7239]},"properties":{"name":"Mount Isa","name_zh":"伊萨山","name_ja":"マウント・アイザ","adm0":"Australia","iso":"AU","capital":0,"scalerank":4,"pop_max":33200,"globe_rank":4,"min_zoom":5.1}},{"type":"Feature","geometry":{"type":"Point","coordinates":[148.5973,-32.26]},"properties":{"name":"Dubbo","name_zh":"达博","name_ja":"ニューサウスウェールズ州","adm0":"Australia","iso":"AU","capital":0,"scalerank":4,"pop_max":31574,"globe_rank":4,"min_zoom":5.0}},{"type":"Feature","geometry":{"type":"Point","coordinates":[77.5723,34.1616]},"properties":{"name":"Leh","name_zh":"莱镇","name_ja":"レー","adm0":"India","iso":"IN","capital":0,"scalerank":4,"pop_max":30870,"globe_rank":4,"min_zoom":5.6}},{"type":"Feature","geometry":{"type":"Point","coordinates":[91.6333,48.0166]},"properties":{"name":"Dund-Us","name_zh":"科布多城","name_ja":"ホブド","adm0":"Mongolia","iso":"MN","capital":0,"scalerank":4,"pop_max":30500,"globe_rank":4,"min_zoom":5.6}},{"type":"Feature","geometry":{"type":"Point","coordinates":[173.955,-41.5135]},"properties":{"name":"Blenheim","name_zh":"布伦亨","name_ja":"ブレナム","adm0":"New Zealand","iso":"NZ","capital":0,"scalerank":4,"pop_max":30300,"globe_rank":4,"min_zoom":5.0}},{"type":"Feature","geometry":{"type":"Point","coordinates":[-54.2333,3.85]},"properties":{"name":"Cottica","name_zh":"科蒂卡","name_ja":"コッティカ","adm0":"Suriname","iso":"SR","capital":0,"scalerank":4,"pop_max":29210,"globe_rank":4,"min_zoom":5.6}},{"type":"Feature","geometry":{"type":"Point","coordinates":[-99.95,49.8333]},"properties":{"name":"Brandon","name_zh":"布兰登","name_ja":"ブランドン","adm0":"Canada","iso":"CA","capital":0,"scalerank":4,"pop_max":28418,"globe_rank":4,"min_zoom":5.6}},{"type":"Feature","geometry":{"type":"Point","coordinates":[114.6,-28.7666]},"properties":{"name":"Geraldton","name_zh":"杰拉尔顿","name_ja":"ジェラルトン","adm0":"Australia","iso":"AU","capital":0,"scalerank":4,"pop_max":27258,"globe_rank":4,"min_zoom":5.0}},{"type":"Feature","geometry":{"type":"Point","coordinates":[-55.4506,-10.8173]},"properties":{"name":"Colíder","name_zh":"科利德尔","name_ja":"コリダー","adm0":"Brazil","iso":"BR","capital":0,"scalerank":4,"pop_max":27139,"globe_rank":4,"min_zoom":5.6}},{"type":"Feature","geometry":{"type":"Point","coordinates":[142.9479,53.5739]},"properties":{"name":"Okha","name_zh":"奥哈","name_ja":"オハ","adm0":"Russia","iso":"RU","capital":0,"scalerank":4,"pop_max":26560,"globe_rank":4,"min_zoom":5.6}},{"type":"Feature","geometry":{"type":"Point","coordinates":[117.8916,-35.0169]},"properties":{"name":"Albany","name_zh":"奥班尼","name_ja":"アルバニー","adm0":"Australia","iso":"AU","capital":0,"scalerank":4,"pop_max":26445,"globe_rank":4,"min_zoom":5.0}},{"type":"Feature","geometry":{"type":"Point","coordinates":[-65.1,-43.3]},"properties":{"name":"Rawson","name_zh":"罗森","name_ja":"ラウソン","adm0":"Argentina","iso":"AR","capital":0,"scalerank":4,"pop_max":26335,"globe_rank":4,"min_zoom":5.1}},{"type":"Feature","geometry":{"type":"Point","coordinates":[114.947,60.7253]},"properties":{"name":"Lensk","name_zh":"连斯克","name_ja":"レンスク","adm0":"Russia","iso":"RU","capital":0,"scalerank":4,"pop_max":25589,"globe_rank":4,"min_zoom":5.6}},{"type":"Feature","geometry":{"type":"Point","coordinates":[-78.7,26.5333]},"properties":{"name":"Freeport","name_zh":"自由港","name_ja":"フリーポート","adm0":"The Bahamas","iso":"BS","capital":0,"scalerank":4,"pop_max":25383,"globe_rank":4,"min_zoom":5.6}},{"type":"Feature","geometry":{"type":"Point","coordinates":[125.3894,58.603]},"properties":{"name":"Aldan","name_zh":"阿尔丹","name_ja":"アルダン","adm0":"Russia","iso":"RU","capital":0,"scalerank":4,"pop_max":24426,"globe_rank":4,"min_zoom":5.6}},{"type":"Feature","geometry":{"type":"Point","coordinates":[23.29,24.2]},"properties":{"name":"Al Jawf","name_zh":"焦夫","name_ja":"ジャウフ","adm0":"Libya","iso":"LY","capital":0,"scalerank":4,"pop_max":24132,"globe_rank":4,"min_zoom":5.6}},{"type":"Feature","geometry":{"type":"Point","coordinates":[-69.78,44.3106]},"properties":{"name":"Augusta","name_zh":"奥古斯塔","name_ja":"オーガスタ","adm0":"United States of America","iso":"US","capital":0,"scalerank":4,"pop_max":24042,"globe_rank":4,"min_zoom":5.6}},{"type":"Feature","geometry":{"type":"Point","coordinates":[-61.387,15.301]},"properties":{"name":"Roseau","name_zh":"罗索","name_ja":"ロゾー","adm0":"Dominica","iso":"DM","capital":1,"scalerank":4,"pop_max":23336,"globe_rank":4,"min_zoom":5.1}},{"type":"Feature","geometry":{"type":"Point","coordinates":[151.6675,-30.5123]},"properties":{"name":"Armidale","name_zh":"阿米代尔","name_ja":"アーミデイル","adm0":"Australia","iso":"AU","capital":0,"scalerank":4,"pop_max":22673,"globe_rank":4,"min_zoom":5.6}},{"type":"Feature","geometry":{"type":"Point","coordinates":[137.5614,-33.025]},"properties":{"name":"Whyalla","name_zh":"怀阿拉","name_ja":"ワイアラ","adm0":"Australia","iso":"AU","capital":0,"scalerank":4,"pop_max":22559,"globe_rank":4,"min_zoom":5.0}},{"type":"Feature","geometry":{"type":"Point","coordinates":[-62.717,17.302]},"properties":{"name":"Basseterre","name_zh":"巴斯特尔","name_ja":"バセテール","adm0":"Saint Kitts and Nevis","iso":"KN","capital":1,"scalerank":4,"pop_max":21887,"globe_rank":4,"min_zoom":5.6}},{"type":"Feature","geometry":{"type":"Point","coordinates":[-111.3833,56.7333]},"properties":{"name":"Fort McMurray","name_zh":"麦克默里堡","name_ja":"フォートマクマレー","adm0":"Canada","iso":"CA","capital":0,"scalerank":4,"pop_max":21863,"globe_rank":4,"min_zoom":5.6}},{"type":"Feature","geometry":{"type":"Point","coordinates":[-13.5,16.15]},"properties":{"name":"Kaédi","name_zh":"卡埃迪","name_ja":"カエディ","adm0":"Senegal","iso":"SN","capital":0,"scalerank":4,"pop_max":21656,"globe_rank":4,"min_zoom":5.6}},{"type":"Feature","geometry":{"type":"Point","coordinates":[146.3311,-41.1927]},"properties":{"name":"Devonport","name_zh":"德文港","name_ja":"デボンポート市","adm0":"Australia","iso":"AU","capital":0,"scalerank":4,"pop_max":19317,"globe_rank":4,"min_zoom":5.6}},{"type":"Feature","geometry":{"type":"Point","coordinates":[-115.762,40.8325]},"properties":{"name":"Elko","name_zh":"埃尔科","name_ja":"エルコ","adm0":"United States of America","iso":"US","capital":0,"scalerank":4,"pop_max":19252,"globe_rank":4,"min_zoom":5.6}},{"type":"Feature","geometry":{"type":"Point","coordinates":[-120.8333,56.25]},"properties":{"name":"Fort St. John","name_zh":"圣约翰堡","name_ja":"フォート・セント・ジョン","adm0":"Canada","iso":"CA","capital":0,"scalerank":4,"pop_max":18776,"globe_rank":4,"min_zoom":5.1}},{"type":"Feature","geometry":{"type":"Point","coordinates":[25.01,-31.5]},"properties":{"name":"Middelburg","name_zh":"米德尔堡","name_ja":"ミデルブルフ","adm0":"South Africa","iso":"ZA","capital":0,"scalerank":4,"pop_max":18164,"globe_rank":4,"min_zoom":5.1}},{"type":"Feature","geometry":{"type":"Point","coordinates":[141.4331,-31.95]},"properties":{"name":"Broken Hill","name_zh":"布罗肯希尔","name_ja":"ブロークンヒル","adm0":"Australia","iso":"AU","capital":0,"scalerank":4,"pop_max":17395,"globe_rank":4,"min_zoom":5.1}},{"type":"Feature","geometry":{"type":"Point","coordinates":[116.87,-20.7304]},"properties":{"name":"Karratha","name_zh":"卡拉萨","name_ja":"カラサ","adm0":"Australia","iso":"AU","capital":0,"scalerank":4,"pop_max":16796,"globe_rank":4,"min_zoom":5.6}},{"type":"Feature","geometry":{"type":"Point","coordinates":[91.7666,26.144]},"properties":{"name":"Dispur","name_zh":"第斯普尔","name_ja":"ディスプル","adm0":"India","iso":"IN","capital":0,"scalerank":4,"pop_max":16140,"globe_rank":4,"min_zoom":5.6}},{"type":"Feature","geometry":{"type":"Point","coordinates":[146.04,-34.29]},"properties":{"name":"Griffith","name_zh":"葛瑞菲斯","name_ja":"グリフィス","adm0":"Australia","iso":"AU","capital":0,"scalerank":4,"pop_max":15455,"globe_rank":4,"min_zoom":5.0}},{"type":"Feature","geometry":{"type":"Point","coordinates":[-93.4108,48.6011]},"properties":{"name":"International Falls","name_zh":"国际瀑布城","name_ja":"インターナショナルフォールズ","adm0":"United States of America","iso":"US","capital":0,"scalerank":4,"pop_max":15240,"globe_rank":4,"min_zoom":5.6}},{"type":"Feature","geometry":{"type":"Point","coordinates":[15.1594,-26.648]},"properties":{"name":"Lüderitz","name_zh":"吕德里茨","name_ja":"リューデリッツ","adm0":"Namibia","iso":"NA","capital":0,"scalerank":4,"pop_max":15137,"globe_rank":4,"min_zoom":5.6}},{"type":"Feature","geometry":{"type":"Point","coordinates":[104.4403,43.5836]},"properties":{"name":"Dalandzadgad","name_zh":"达兰扎德嘎德","name_ja":"ダルンザドガド","adm0":"Mongolia","iso":"MN","capital":0,"scalerank":4,"pop_max":15093,"globe_rank":4,"min_zoom":5.6}},{"type":"Feature","geometry":{"type":"Point","coordinates":[118.606,-20.3104]},"properties":{"name":"Port Hedland","name_zh":"黑德蘭港姆","name_ja":"ポートヘッドランド","adm0":"Australia","iso":"AU","capital":0,"scalerank":4,"pop_max":14288,"globe_rank":4,"min_zoom":5.1}},{"type":"Feature","geometry":{"type":"Point","coordinates":[146.3,-36.36]},"properties":{"name":"Wangaratta","name_zh":"旺加拉塔","name_ja":"ウォンガラッタ","adm0":"Australia","iso":"AU","capital":0,"scalerank":4,"pop_max":14022,"globe_rank":4,"min_zoom":5.6}},{"type":"Feature","geometry":{"type":"Point","coordinates":[-97.8666,55.7499]},"properties":{"name":"Thompson","name_zh":"汤普森","name_ja":"トンプソン","adm0":"Canada","iso":"CA","capital":0,"scalerank":4,"pop_max":13727,"globe_rank":4,"min_zoom":5.6}},{"type":"Feature","geometry":{"type":"Point","coordinates":[135.8666,-34.7332]},"properties":{"name":"Port Lincoln","name_zh":"林肯港","name_ja":"ポートリンカーン","adm0":"Australia","iso":"AU","capital":0,"scalerank":4,"pop_max":13630,"globe_rank":4,"min_zoom":5.6}},{"type":"Feature","geometry":{"type":"Point","coordinates":[122.2308,-17.9618]},"properties":{"name":"Broome","name_zh":"布鲁姆","name_ja":"ブルーム","adm0":"Australia","iso":"AU","capital":0,"scalerank":4,"pop_max":13218,"globe_rank":4,"min_zoom":5.0}},{"type":"Feature","geometry":{"type":"Point","coordinates":[-170.7066,-14.2766]},"properties":{"name":"Pago Pago","name_zh":"帕果帕果","name_ja":"パゴパゴ","adm0":"American Samoa","iso":"AS","capital":0,"scalerank":4,"pop_max":12576,"globe_rank":4,"min_zoom":5.6}},{"type":"Feature","geometry":{"type":"Point","coordinates":[141.59,-38.34]},"properties":{"name":"Portland","name_zh":"波特兰","name_ja":"ポートランド","adm0":"Australia","iso":"AU","capital":0,"scalerank":4,"pop_max":11808,"globe_rank":4,"min_zoom":5.0}},{"type":"Feature","geometry":{"type":"Point","coordinates":[-90.35,-0.5333]},"properties":{"name":"Santa Cruz","name_zh":"圣克鲁斯","name_ja":"サンタクルーズ","adm0":"Ecuador","iso":"EC","capital":0,"scalerank":4,"pop_max":11262,"globe_rank":4,"min_zoom":5.6}},{"type":"Feature","geometry":{"type":"Point","coordinates":[17.8833,-29.6667]},"properties":{"name":"Springbok","name_zh":"斯普林博克","name_ja":"スプリングボック","adm0":"South Africa","iso":"ZA","capital":0,"scalerank":4,"pop_max":10438,"globe_rank":4,"min_zoom":5.6}},{"type":"Feature","geometry":{"type":"Point","coordinates":[-66.9159,52.9414]},"properties":{"name":"Labrador City","name_zh":"拉布拉多","name_ja":"ラブラドール・シティ","adm0":"Canada","iso":"CA","capital":0,"scalerank":4,"pop_max":10313,"globe_rank":4,"min_zoom":5.6}},{"type":"Feature","geometry":{"type":"Point","coordinates":[-49.082,-12.47]},"properties":{"name":"Alvorada","name_zh":"阿尔沃拉达","name_ja":"アウヴォラーダ","adm0":"Brazil","iso":"BR","capital":0,"scalerank":4,"pop_max":10232,"globe_rank":4,"min_zoom":5.6}},{"type":"Feature","geometry":{"type":"Point","coordinates":[115.3487,-33.6564]},"properties":{"name":"Busselton","name_zh":"巴瑟尔顿","name_ja":"バッセルトン","adm0":"Australia","iso":"AU","capital":0,"scalerank":4,"pop_max":10214,"globe_rank":4,"min_zoom":5.6}},{"type":"Feature","geometry":{"type":"Point","coordinates":[132.2666,-14.4666]},"properties":{"name":"Katherine","name_zh":"凱瑟琳","name_ja":"キャサリン","adm0":"Australia","iso":"AU","capital":0,"scalerank":4,"pop_max":10141,"globe_rank":4,"min_zoom":5.6}},{"type":"Feature","geometry":{"type":"Point","coordinates":[23.688,70.6613]},"properties":{"name":"Hammerfest","name_zh":"哈默菲斯特","name_ja":"ハンメルフェスト","adm0":"Norway","iso":"NO","capital":0,"scalerank":4,"pop_max":10000,"globe_rank":4,"min_zoom":5.1}},{"type":"Feature","geometry":{"type":"Point","coordinates":[143.2,64.5666]},"properties":{"name":"Ust-Nera","name_zh":"乌斯季涅拉","name_ja":"ウスチ＝ネラ","adm0":"Russia","iso":"RU","capital":0,"scalerank":4,"pop_max":9148,"globe_rank":4,"min_zoom":5.6}},{"type":"Feature","geometry":{"type":"Point","coordinates":[-135.3275,57.0604]},"properties":{"name":"Sitka","name_zh":"锡特卡","name_ja":"シトカ","adm0":"United States of America","iso":"US","capital":0,"scalerank":4,"pop_max":8931,"globe_rank":4,"min_zoom":5.1}},{"type":"Feature","geometry":{"type":"Point","coordinates":[135.5172,44.5372]},"properties":{"name":"Dalnegorsk","name_zh":"达利涅戈尔斯克","name_ja":"ダリネゴルスク","adm0":"Russia","iso":"RU","capital":0,"scalerank":4,"pop_max":8123,"globe_rank":4,"min_zoom":5.6}},{"type":"Feature","geometry":{"type":"Point","coordinates":[152.1434,-4.2055]},"properties":{"name":"Rabaul","name_zh":"拉包尔","name_ja":"ラバウル","adm0":"Papua New Guinea","iso":"PG","capital":0,"scalerank":4,"pop_max":8074,"globe_rank":4,"min_zoom":5.6}},{"type":"Feature","geometry":{"type":"Point","coordinates":[-72.3,-50.3333]},"properties":{"name":"El Calafate","name_zh":"埃尔卡拉法特","name_ja":"エル・カラファテ","adm0":"Argentina","iso":"AR","capital":0,"scalerank":4,"pop_max":8000,"globe_rank":4,"min_zoom":5.6}},{"type":"Feature","geometry":{"type":"Point","coordinates":[-68.5002,63.7505]},"properties":{"name":"Iqaluit","name_zh":"伊魁特","name_ja":"イカルイト","adm0":"Canada","iso":"CA","capital":0,"scalerank":4,"pop_max":6124,"globe_rank":4,"min_zoom":5.1}},{"type":"Feature","geometry":{"type":"Point","coordinates":[143.217,59.383]},"properties":{"name":"Okhotsk","name_zh":"鄂霍次克","name_ja":"オホーツク","adm0":"Russia","iso":"RU","capital":0,"scalerank":4,"pop_max":5570,"globe_rank":4,"min_zoom":5.1}},{"type":"Feature","geometry":{"type":"Point","coordinates":[-117.2833,56.2333]},"properties":{"name":"Peace River","name_zh":"皮斯里弗","name_ja":"ピース・リバー","adm0":"Canada","iso":"CA","capital":0,"scalerank":4,"pop_max":5340,"globe_rank":4,"min_zoom":5.6}},{"type":"Feature","geometry":{"type":"Point","coordinates":[-53.6666,66.95]},"properties":{"name":"Sisimiut","name_zh":"西西缪特","name_ja":"シシミュート","adm0":"Greenland","iso":"GL","capital":0,"scalerank":4,"pop_max":5227,"globe_rank":4,"min_zoom":5.1}},{"type":"Feature","geometry":{"type":"Point","coordinates":[134.635,67.656]},"properties":{"name":"Batagay","name_zh":"巴塔蓋","name_ja":"バタガイ","adm0":"Russia","iso":"RU","capital":0,"scalerank":4,"pop_max":4266,"globe_rank":4,"min_zoom":5.6}},{"type":"Feature","geometry":{"type":"Point","coordinates":[116.9166,52.9833]},"properties":{"name":"Bukachacha","name_zh":"布卡恰恰","name_ja":"ブカチャチャ","adm0":"Russia","iso":"RU","capital":0,"scalerank":4,"pop_max":3372,"globe_rank":4,"min_zoom":5.6}},{"type":"Feature","geometry":{"type":"Point","coordinates":[177.7,64.7333]},"properties":{"name":"Ugolnye Kopi","name_zh":"乌戈尔尼科皮","name_ja":"ウゴリニエコピ","adm0":"Russia","iso":"RU","capital":0,"scalerank":4,"pop_max":3367,"globe_rank":4,"min_zoom":5.6}},{"type":"Feature","geometry":{"type":"Point","coordinates":[123.3711,66.7697]},"properties":{"name":"Zhigansk","name_zh":"日甘斯克","name_ja":"ジュガンスク","adm0":"Russia","iso":"RU","capital":0,"scalerank":4,"pop_max":3237,"globe_rank":4,"min_zoom":5.1}},{"type":"Feature","geometry":{"type":"Point","coordinates":[102.465,72.0411]},"properties":{"name":"Khatanga","name_zh":"哈坦加","name_ja":"ハタンガ","adm0":"Russia","iso":"RU","capital":0,"scalerank":4,"pop_max":3205,"globe_rank":4,"min_zoom":5.6}},{"type":"Feature","geometry":{"type":"Point","coordinates":[147.8946,70.6183]},"properties":{"name":"Chokurdakh","name_zh":"喬庫爾達赫","name_ja":"チョクルダフ","adm0":"Russia","iso":"RU","capital":0,"scalerank":4,"pop_max":2506,"globe_rank":4,"min_zoom":5.6}},{"type":"Feature","geometry":{"type":"Point","coordinates":[-94.0586,61.1086]},"properties":{"name":"Arviat","name_zh":"亚怀亚特","name_ja":"アルビアト","adm0":"Canada","iso":"CA","capital":0,"scalerank":4,"pop_max":1868,"globe_rank":4,"min_zoom":5.6}},{"type":"Feature","geometry":{"type":"Point","coordinates":[-81.7936,69.2565]},"properties":{"name":"Igloolik","name_zh":"伊格卢利克","name_ja":"イグルーリク","adm0":"Canada","iso":"CA","capital":0,"scalerank":4,"pop_max":1612,"globe_rank":4,"min_zoom":5.6}},{"type":"Feature","geometry":{"type":"Point","coordinates":[-105.0333,69.117]},"properties":{"name":"Cambridge Bay","name_zh":"剑桥湾","name_ja":"ケンブリッジ・ベイ","adm0":"Canada","iso":"CA","capital":0,"scalerank":4,"pop_max":1477,"globe_rank":4,"min_zoom":5.6}},{"type":"Feature","geometry":{"type":"Point","coordinates":[-9.6167,16.6666]},"properties":{"name":"Ayoun el Atrous","name_zh":"阿尤恩阿特魯斯","name_ja":"アヨウン・エル・アトロウス","adm0":"Mauritania","iso":"MR","capital":0,"scalerank":4,"pop_max":1423,"globe_rank":4,"min_zoom":5.6}},{"type":"Feature","geometry":{"type":"Point","coordinates":[-139.4167,64.0666]},"properties":{"name":"Dawson City","name_zh":"道森","name_ja":"ドーソン・シティ","adm0":"Canada","iso":"CA","capital":0,"scalerank":4,"pop_max":1319,"globe_rank":4,"min_zoom":5.1}},{"type":"Feature","geometry":{"type":"Point","coordinates":[-115.1254,67.7987]},"properties":{"name":"Kugluktuk","name_zh":"库格鲁克图克","name_ja":"クグルクトゥク","adm0":"Canada","iso":"CA","capital":0,"scalerank":4,"pop_max":1302,"globe_rank":4,"min_zoom":5.6}},{"type":"Feature","geometry":{"type":"Point","coordinates":[-68.4,58.1]},"properties":{"name":"Kuujjuaq","name_zh":"库朱瓦克","name_ja":"クージュアク","adm0":"Canada","iso":"CA","capital":0,"scalerank":4,"pop_max":1273,"globe_rank":4,"min_zoom":5.6}},{"type":"Feature","geometry":{"type":"Point","coordinates":[-77.7658,55.2815]},"properties":{"name":"Kuujjuarapik","name_zh":"库居阿尔阿皮克","name_ja":"クージュアラピク","adm0":"Canada","iso":"CA","capital":0,"scalerank":4,"pop_max":1243,"globe_rank":4,"min_zoom":5.6}},{"type":"Feature","geometry":{"type":"Point","coordinates":[-56.1417,72.7094]},"properties":{"name":"Upernavik","name_zh":"乌佩纳维克","name_ja":"ウペルナビク","adm0":"Greenland","iso":"GL","capital":0,"scalerank":4,"pop_max":1129,"globe_rank":4,"min_zoom":5.1}},{"type":"Feature","geometry":{"type":"Point","coordinates":[-93.5333,69.5333]},"properties":{"name":"Taloyoak","name_zh":"塔洛約克","name_ja":"タロヨーク","adm0":"Canada","iso":"CA","capital":0,"scalerank":4,"pop_max":774,"globe_rank":4,"min_zoom":5.6}},{"type":"Feature","geometry":{"type":"Point","coordinates":[-69.2296,77.4665]},"properties":{"name":"Qaanaaq","name_zh":"卡纳克","name_ja":"カーナーク","adm0":"Greenland","iso":"GL","capital":0,"scalerank":4,"pop_max":616,"globe_rank":4,"min_zoom":5.6}},{"type":"Feature","geometry":{"type":"Point","coordinates":[-111.8833,60.0]},"properties":{"name":"Fort Smith","name_zh":"史密斯堡","name_ja":"フォートスミス","adm0":"Canada","iso":"CA","capital":0,"scalerank":4,"pop_max":518,"globe_rank":4,"min_zoom":5.1}},{"type":"Feature","geometry":{"type":"Point","coordinates":[15.8,26.3666]},"properties":{"name":"Tmassa","name_zh":"马萨","name_ja":"トマサ","adm0":"Libya","iso":"LY","capital":0,"scalerank":4,"pop_max":500,"globe_rank":4,"min_zoom":5.6}},{"type":"Feature","geometry":{"type":"Point","coordinates":[-90.7001,63.3383]},"properties":{"name":"Chesterfield Inlet","name_zh":"切斯特菲尔德入口","name_ja":"チェスターフィールド・インレット","adm0":"Canada","iso":"CA","capital":0,"scalerank":4,"pop_max":374,"globe_rank":4,"min_zoom":5.6}},{"type":"Feature","geometry":{"type":"Point","coordinates":[142.6502,-25.4332]},"properties":{"name":"Windorah","name_zh":"温多拉","name_ja":"ウィンドラ","adm0":"Australia","iso":"AU","capital":0,"scalerank":4,"pop_max":158,"globe_rank":4,"min_zoom":5.0}},{"type":"Feature","geometry":{"type":"Point","coordinates":[-45.4166,61.1666]},"properties":{"name":"Narsarsuaq","name_zh":"納沙斯瓦哥","name_ja":"ナルサルスアーク","adm0":"Greenland","iso":"GL","capital":0,"scalerank":4,"pop_max":145,"globe_rank":4,"min_zoom":5.1}},{"type":"Feature","geometry":{"type":"Point","coordinates":[98.2666,36.1666]},"properties":{"name":"Dulan","name_zh":"都兰","name_ja":"都蘭","adm0":"China","iso":"CN","capital":0,"scalerank":4,"pop_max":100,"globe_rank":4,"min_zoom":5.6}},{"type":"Feature","geometry":{"type":"Point","coordinates":[162.3336,69.651]},"properties":{"name":"Ambarchik","name_zh":"安巴奇克","name_ja":"アムバルチク","adm0":"Russia","iso":"RU","capital":0,"scalerank":4,"pop_max":0,"globe_rank":4,"min_zoom":5.6}}]}