{"type":"FeatureCollection","source":{"name":"Natural Earth 10m geography_regions_polys v5.0.0, geography_regions_elevation_points v5.0.0; equator/tropics generated at 23.4367 deg (obliquity 2026)","urls":["https://naciscdn.org/naturalearth/10m/physical/ne_10m_geography_regions_polys.zip","https://naciscdn.org/naturalearth/10m/physical/ne_10m_geography_regions_elevation_points.zip"],"license":"public domain","generator":"pipeline/basemap/physical.py"},"features":[{"type":"Feature","geometry":{"type":"Point","coordinates":[-79.934,32.803]},"properties":{"name":"Sea Islands","name_zh":"喬治亞海群島","name_ja":"シー諸島","kind":"Coast","scalerank":6,"min_label":6.0,"max_label":11.0}},{"type":"Feature","geometry":{"type":"Point","coordinates":[27.108,-25.545]},"properties":{"name":"Witwatersrand","name_zh":"威特沃特斯兰德","name_ja":"ウィットウォーターズランド","kind":"Range/mtn","scalerank":6,"min_label":6.0,"max_label":11.0}},{"type":"Feature","geometry":{"type":"Point","coordinates":[15.139,24.091]},"properties":{"name":"Jabal bin Ghunaymah","name_zh":"古奈马山","name_ja":"ジャバル・ビン・グナイマー","kind":"Range/mtn","scalerank":6,"min_label":6.0,"max_label":11.0}},{"type":"Feature","geometry":{"type":"Point","coordinates":[-111.525,41.151]},"properties":{"name":"Wasatch Range","name_zh":"瓦薩奇山脈","name_ja":"ワサッチ山脈","kind":"Range/mtn","scalerank":6,"min_label":6.0,"max_label":11.0}},{"type":"Feature","geometry":{"type":"Point","coordinates":[32.013,-25.684]},"properties":{"name":"Lebombo Mts.","name_zh":"萊邦博山","name_ja":"レボンボマウンテンズ","kind":"Range/mtn","scalerank":6,"min_label":6.0,"max_label":11.0}},{"type":"Feature","geometry":{"type":"Point","coordinates":[30.042,0.517]},"properties":{"name":"Ruwenzori Range","name_zh":"鲁文佐里山脉","name_ja":"ルウェンゾリ山地","kind":"Range/mtn","scalerank":6,"min_label":6.0,"max_label":11.0}},{"type":"Feature","geometry":{"type":"Point","coordinates":[-4.5,33.523]},"properties":{"name":"Moyen Atlas","name_zh":"中阿特拉斯山脈","name_ja":"中央アトラス","kind":"Range/mtn","scalerank":6,"min_label":6.0,"max_label":11.0}},{"type":"Feature","geometry":{"type":"Point","coordinates":[-11.078,8.807]},"properties":{"name":"Loma Mts.","name_zh":"洛馬山脈","name_ja":"ロマ山地","kind":"Range/mtn","scalerank":6,"min_label":6.0,"max_label":11.0}},{"type":"Feature","geometry":{"type":"Point","coordinates":[14.307,7.815]},"properties":{"name":"Mbang Mts.","name_zh":"姆邦山脉","name_ja":"ムバング山脈","kind":"Range/mtn","scalerank":6,"min_label":6.0,"max_label":11.0}},{"type":"Feature","geometry":{"type":"Point","coordinates":[-83.514,8.578]},"properties":{"name":"Pen. de Osa","name_zh":"奥萨半岛","name_ja":"オサ半島","kind":"Pen/cape","scalerank":6,"min_label":6.0,"max_label":11.0}},{"type":"Feature","geometry":{"type":"Point","coordinates":[-85.432,10.108]},"properties":{"name":"Pen. de Nicoya","name_zh":"尼科亚半岛","name_ja":"ニコヤ半島","kind":"Pen/cape","scalerank":6,"min_label":6.0,"max_label":11.0}},{"type":"Feature","geometry":{"type":"Point","coordinates":[25.358,-20.622]},"properties":{"name":"Makgadikgadi Pan","name_zh":"馬卡迪卡迪鹽沼","name_ja":"マカディカディ塩湖","kind":"Desert","scalerank":6,"min_label":6.0,"max_label":11.0}},{"type":"Feature","geometry":{"type":"Point","coordinates":[16.411,-18.75]},"properties":{"name":"Etosha Pan","name_zh":"埃托沙鹽湖","name_ja":"エトーシャ塩湖","kind":"Desert","scalerank":6,"min_label":6.0,"max_label":11.0}},{"type":"Feature","geometry":{"type":"Point","coordinates":[15.82,29.126]},"properties":{"name":"Jabal as Sawdä’","name_zh":"索德山","name_ja":"ジャバル・サウダ","kind":"Desert","scalerank":6,"min_label":6.0,"max_label":11.0}},{"type":"Feature","geometry":{"type":"Point","coordinates":[-106.305,32.917]},"properties":{"name":"White Sands","name_zh":"怀特沙漠","name_ja":"ホワイトサンズ","kind":"Desert","scalerank":6,"min_label":6.0,"max_label":11.0}},{"type":"Feature","geometry":{"type":"Point","coordinates":[-118.909,41.039]},"properties":{"name":"Black Rock Desert","name_zh":"黑岩石沙漠","name_ja":"ブラックロック砂漠","kind":"Desert","scalerank":6,"min_label":6.0,"max_label":11.0}},{"type":"Feature","geometry":{"type":"Point","coordinates":[17.397,27.378]},"properties":{"name":"Al Harüj al Aswad","name_zh":"哈鲁阿斯瓦德高地","name_ja":"ハルジュ","kind":"Plateau","scalerank":6,"min_label":6.0,"max_label":11.0}},{"type":"Feature","geometry":{"type":"Point","coordinates":[-119.326,62.257]},"properties":{"name":"Horn Plat.","name_zh":"霍恩高原","name_ja":"ホルン低地","kind":"Plateau","scalerank":6,"min_label":6.0,"max_label":11.0}},{"type":"Feature","geometry":{"type":"Point","coordinates":[16.494,-22.766]},"properties":{"name":"Khomas Highland","name_zh":"霍马斯高地","name_ja":"クホマス高原","kind":"Plateau","scalerank":6,"min_label":6.0,"max_label":11.0}},{"type":"Feature","geometry":{"type":"Point","coordinates":[22.687,17.12]},"properties":{"name":"Ennedi Plat.","name_zh":"恩内迪高原","name_ja":"エネディ台地","kind":"Plateau","scalerank":6,"min_label":6.0,"max_label":11.0}},{"type":"Feature","geometry":{"type":"Point","coordinates":[9.099,9.71]},"properties":{"name":"Jos Plateau","name_zh":"喬斯高原","name_ja":"ジョス高原","kind":"Plateau","scalerank":6,"min_label":6.0,"max_label":11.0}},{"type":"Feature","geometry":{"type":"Point","coordinates":[12.574,-16.964]},"properties":{"name":"Kaokoland","name_zh":"卡奧科蘭","name_ja":"カオコランド","kind":"Geoarea","scalerank":6,"min_label":6.0,"max_label":11.0}},{"type":"Feature","geometry":{"type":"Point","coordinates":[75.674,67.593]},"properties":{"name":"Taz Pen.","name_zh":"塔兹半岛","name_ja":"タズ半島","kind":"Pen/cape","scalerank":5,"min_label":5.4,"max_label":10.0}},{"type":"Feature","geometry":{"type":"Point","coordinates":[68.167,76.63]},"properties":{"name":"Cape Zhelaniya","name_zh":"热拉尼亚角","name_ja":"ジェラニエ岬","kind":"Pen/cape","scalerank":5,"min_label":5.4,"max_label":10.0}},{"type":"Feature","geometry":{"type":"Point","coordinates":[29.141,-31.655]},"properties":{"name":"Wild Coast","name_zh":"怀尔德海岸","name_ja":"ワイルドコースト","kind":"Coast","scalerank":5,"min_label":5.4,"max_label":10.0}},{"type":"Feature","geometry":{"type":"Point","coordinates":[13.117,-20.054]},"properties":{"name":"Skeleton Coast","name_zh":"骷髏海岸","name_ja":"スケルトン海岸","kind":"Coast","scalerank":5,"min_label":5.4,"max_label":10.0}},{"type":"Feature","geometry":{"type":"Point","coordinates":[-88.928,16.717]},"properties":{"name":"Maya Mts.","name_zh":"馬雅山脈","name_ja":"マヤ山脈","kind":"Range/mtn","scalerank":5,"min_label":5.4,"max_label":10.0}},{"type":"Feature","geometry":{"type":"Point","coordinates":[-105.552,39.624]},"properties":{"name":"Front Range","name_zh":"弗兰特岭","name_ja":"フロントレンジ","kind":"Range/mtn","scalerank":5,"min_label":5.4,"max_label":10.0}},{"type":"Feature","geometry":{"type":"Point","coordinates":[-114.354,46.153]},"properties":{"name":"Bitterroot Range","name_zh":"比特鲁特岭","name_ja":"ビタールート山脈","kind":"Range/mtn","scalerank":5,"min_label":5.4,"max_label":10.0}},{"type":"Feature","geometry":{"type":"Point","coordinates":[8.008,60.136]},"properties":{"name":"Hardanger-vidda","name_zh":"哈丹格高原","name_ja":"ハダンゲルヴィッダ","kind":"Range/mtn","scalerank":5,"min_label":5.4,"max_label":10.0}},{"type":"Feature","geometry":{"type":"Point","coordinates":[22.4,8.946]},"properties":{"name":"Chaîne des Mongos","name_zh":"蒙戈斯山脉","name_ja":"ボンゴ山地","kind":"Range/mtn","scalerank":5,"min_label":5.4,"max_label":10.0}},{"type":"Feature","geometry":{"type":"Point","coordinates":[47.893,10.703]},"properties":{"name":"Ogo Mts.","name_zh":"奥戈山脉","name_ja":"オゴ山脈","kind":"Range/mtn","scalerank":5,"min_label":5.4,"max_label":10.0}},{"type":"Feature","geometry":{"type":"Point","coordinates":[18.878,-27.323]},"properties":{"name":"Groot Karasberge","name_zh":"大卡拉斯山脉","name_ja":"グレートカラスベルグ山脈","kind":"Range/mtn","scalerank":5,"min_label":5.4,"max_label":10.0}},{"type":"Feature","geometry":{"type":"Point","coordinates":[-8.689,8.3]},"properties":{"name":"Guinea Highlands","name_zh":"畿內亞高地","name_ja":"ギニア高原","kind":"Range/mtn","scalerank":5,"min_label":5.4,"max_label":10.0}},{"type":"Feature","geometry":{"type":"Point","coordinates":[25.349,14.362]},"properties":{"name":"Marrah Mts.","name_zh":"馬拉山脈","name_ja":"マッラ山脈","kind":"Range/mtn","scalerank":5,"min_label":6.0,"max_label":10.0}},{"type":"Feature","geometry":{"type":"Point","coordinates":[41.674,9.162]},"properties":{"name":"Ahmar Mts.","name_zh":"阿马尔山脉","name_ja":"アフマール山地","kind":"Range/mtn","scalerank":5,"min_label":5.4,"max_label":10.0}},{"type":"Feature","geometry":{"type":"Point","coordinates":[21.416,32.438]},"properties":{"name":"Al Jabal al Akhdar","name_zh":"贾巴阿赫达尔山脉","name_ja":"アル・ジャバル・アル・アフダル山地","kind":"Range/mtn","scalerank":5,"min_label":6.0,"max_label":10.0}},{"type":"Feature","geometry":{"type":"Point","coordinates":[-4.531,34.851]},"properties":{"name":"Er Rif","name_zh":"里夫山脈","name_ja":"リーフ地方","kind":"Range/mtn","scalerank":5,"min_label":6.0,"max_label":10.0}},{"type":"Feature","geometry":{"type":"Point","coordinates":[1.252,35.616]},"properties":{"name":"Atlas Tellien","name_zh":"泰勒阿特拉斯山脈","name_ja":"テル・アトラス山脈","kind":"Range/mtn","scalerank":5,"min_label":6.0,"max_label":10.0}},{"type":"Feature","geometry":{"type":"Point","coordinates":[32.789,-18.647]},"properties":{"name":"Inyanga Mts.","name_zh":"伊尼揚加尼山","name_ja":"ンヤンガニ山","kind":"Range/mtn","scalerank":5,"min_label":5.4,"max_label":10.0}},{"type":"Feature","geometry":{"type":"Point","coordinates":[148.085,-36.64]},"properties":{"name":"Australian Alps","name_zh":"澳大利亞阿爾卑斯山脈","name_ja":"オーストラリアアルプス山脈","kind":"Range/mtn","scalerank":5,"min_label":5.4,"max_label":10.0}},{"type":"Feature","geometry":{"type":"Point","coordinates":[138.805,-31.657]},"properties":{"name":"Flinders Ranges","name_zh":"弗林德斯山脈","name_ja":"フリンダーズ山脈","kind":"Range/mtn","scalerank":5,"min_label":5.4,"max_label":10.0}},{"type":"Feature","geometry":{"type":"Point","coordinates":[150.263,-33.392]},"properties":{"name":"Blue Mts.","name_zh":"藍山","name_ja":"ブルーマウンテン山脈","kind":"Range/mtn","scalerank":5,"min_label":5.4,"max_label":10.0}},{"type":"Feature","geometry":{"type":"Point","coordinates":[142.891,-18.802]},"properties":{"name":"Gregory Ra.","name_zh":"格雷戈里山脉","name_ja":"グレゴリー山","kind":"Range/mtn","scalerank":5,"min_label":6.0,"max_label":10.0}},{"type":"Feature","geometry":{"type":"Point","coordinates":[140.186,-20.711]},"properties":{"name":"Selwyn Ra.","name_zh":"塞尔温山脉","name_ja":"セルウィン・レンジ","kind":"Range/mtn","scalerank":5,"min_label":6.0,"max_label":10.0}},{"type":"Feature","geometry":{"type":"Point","coordinates":[133.013,-23.396]},"properties":{"name":"MacDonnell Ranges","name_zh":"麦克唐奈尔山脉","name_ja":"マクドネル山脈","kind":"Range/mtn","scalerank":5,"min_label":5.4,"max_label":10.0}},{"type":"Feature","geometry":{"type":"Point","coordinates":[116.212,-31.59]},"properties":{"name":"Darling Range","name_zh":"达令山脉","name_ja":"ダーリング山地","kind":"Range/mtn","scalerank":5,"min_label":5.4,"max_label":10.0}},{"type":"Feature","geometry":{"type":"Point","coordinates":[117.815,-22.278]},"properties":{"name":"Hamersley Ra.","name_zh":"哈麦斯利山脉","name_ja":"ヘイマースレイ山地","kind":"Range/mtn","scalerank":5,"min_label":5.4,"max_label":10.0}},{"type":"Feature","geometry":{"type":"Point","coordinates":[148.03,-9.049]},"properties":{"name":"Owen Stanley Ra.","name_zh":"欧文斯坦利山脉","name_ja":"オーエン・スタンリー山脈","kind":"Range/mtn","scalerank":5,"min_label":5.4,"max_label":10.0}},{"type":"Feature","geometry":{"type":"Point","coordinates":[138.091,-3.913]},"properties":{"name":"Maoke Mts.","name_zh":"毛克山脉","name_ja":"マオケ山脈","kind":"Range/mtn","scalerank":5,"min_label":5.4,"max_label":10.0}},{"type":"Feature","geometry":{"type":"Point","coordinates":[102.258,-2.734]},"properties":{"name":"Barisan Mountains","name_zh":"巴里桑山脈","name_ja":"バリサーン山脈","kind":"Range/mtn","scalerank":5,"min_label":5.4,"max_label":10.0}},{"type":"Feature","geometry":{"type":"Point","coordinates":[109.091,48.805]},"properties":{"name":"Hentiyn Mts.","name_zh":"肯特山","name_ja":"ヘンティー山脈","kind":"Range/mtn","scalerank":5,"min_label":5.4,"max_label":10.0}},{"type":"Feature","geometry":{"type":"Point","coordinates":[134.409,51.379]},"properties":{"name":"Bureinskiy Ra.","name_zh":"布雷因斯山脉","name_ja":"ブレヤ山脈","kind":"Range/mtn","scalerank":5,"min_label":5.4,"max_label":10.0}},{"type":"Feature","geometry":{"type":"Point","coordinates":[134.803,53.284]},"properties":{"name":"Yam Alin’ Range","name_zh":"扬阿林山脉","name_ja":"ヤム＝アリニ山脈","kind":"Range/mtn","scalerank":5,"min_label":5.4,"max_label":10.0}},{"type":"Feature","geometry":{"type":"Point","coordinates":[176.296,68.309]},"properties":{"name":"Chukchi Range","name_zh":"楚科奇山脉","name_ja":"チュクチ山地","kind":"Range/mtn","scalerank":5,"min_label":5.4,"max_label":10.0}},{"type":"Feature","geometry":{"type":"Point","coordinates":[142.274,61.956]},"properties":{"name":"Suntar-Khayata Range","name_zh":"孫塔爾哈亞塔山脈","name_ja":"スンタルハヤタ山脈","kind":"Range/mtn","scalerank":5,"min_label":5.4,"max_label":10.0}},{"type":"Feature","geometry":{"type":"Point","coordinates":[137.084,56.888]},"properties":{"name":"Dzhugdzhur Range","name_zh":"朱格朱尔山脉","name_ja":"ジュグジュル山地","kind":"Range/mtn","scalerank":5,"min_label":5.4,"max_label":10.0}},{"type":"Feature","geometry":{"type":"Point","coordinates":[146.212,66.216]},"properties":{"name":"Momskiy Mts.","name_zh":"莫馬山脈","name_ja":"モムスキー山地","kind":"Range/mtn","scalerank":5,"min_label":5.4,"max_label":10.0}},{"type":"Feature","geometry":{"type":"Point","coordinates":[66.984,29.392]},"properties":{"name":"Central Bruhui Range","name_zh":"中布拉灰山脉","name_ja":"中央ブラーフイ山脈","kind":"Range/mtn","scalerank":5,"min_label":5.4,"max_label":10.0}},{"type":"Feature","geometry":{"type":"Point","coordinates":[68.739,43.775]},"properties":{"name":"Karatau Range","name_zh":"卡拉套山","name_ja":"カラタウ山地","kind":"Range/mtn","scalerank":5,"min_label":5.4,"max_label":10.0}},{"type":"Feature","geometry":{"type":"Point","coordinates":[73.292,25.866]},"properties":{"name":"Arvalli Ra.","name_zh":"阿瓦利拉山脉","name_ja":"アラーヴァリー山脈","kind":"Range/mtn","scalerank":5,"min_label":5.4,"max_label":10.0}},{"type":"Feature","geometry":{"type":"Point","coordinates":[69.887,31.619]},"properties":{"name":"Sulaiman Ra.","name_zh":"蘇萊曼山脈","name_ja":"スライマーン山脈","kind":"Range/mtn","scalerank":5,"min_label":5.4,"max_label":10.0}},{"type":"Feature","geometry":{"type":"Point","coordinates":[64.408,27.027]},"properties":{"name":"Central Makran","name_zh":"中莫克兰山脉","name_ja":"中央マクラーン山脈","kind":"Range/mtn","scalerank":5,"min_label":5.4,"max_label":10.0}},{"type":"Feature","geometry":{"type":"Point","coordinates":[66.941,27.005]},"properties":{"name":"Kirthar Ra.","name_zh":"基爾塔爾山脈","name_ja":"キルタル山脈","kind":"Range/mtn","scalerank":5,"min_label":5.4,"max_label":10.0}},{"type":"Feature","geometry":{"type":"Point","coordinates":[35.854,33.92]},"properties":{"name":"Lebanon Mts.","name_zh":"黎巴嫩山脉","name_ja":"レバノン山脈","kind":"Range/mtn","scalerank":5,"min_label":6.0,"max_label":10.0}},{"type":"Feature","geometry":{"type":"Point","coordinates":[57.949,37.846]},"properties":{"name":"Kopet Dag Mts .","name_zh":"克佩特山脈","name_ja":"コペトダグ山脈","kind":"Range/mtn","scalerank":5,"min_label":5.4,"max_label":10.0}},{"type":"Feature","geometry":{"type":"Point","coordinates":[64.016,34.82]},"properties":{"name":"Paropamisus Ra.","name_zh":"帕罗帕米修斯山脉","name_ja":"パロパミソス山脈","kind":"Range/mtn","scalerank":5,"min_label":5.4,"max_label":10.0}},{"type":"Feature","geometry":{"type":"Point","coordinates":[57.355,23.682]},"properties":{"name":"Al Hajar Mts.","name_zh":"哈贾尔山脉","name_ja":"ハジャル山地","kind":"Range/mtn","scalerank":5,"min_label":5.4,"max_label":10.0}},{"type":"Feature","geometry":{"type":"Point","coordinates":[46.327,22.835]},"properties":{"name":"Tuwayq Mts.","name_zh":"图韦克山脉","name_ja":"トゥワイク山","kind":"Range/mtn","scalerank":5,"min_label":5.4,"max_label":10.0}},{"type":"Feature","geometry":{"type":"Point","coordinates":[33.18,37.029]},"properties":{"name":"Taurus Mts.","name_zh":"托魯斯山脈","name_ja":"トロス山脈","kind":"Range/mtn","scalerank":5,"min_label":6.0,"max_label":10.0}},{"type":"Feature","geometry":{"type":"Point","coordinates":[13.232,49.149]},"properties":{"name":"Böhmerwald","name_zh":"波西米亚林山","name_ja":"ベーマーの森","kind":"Range/mtn","scalerank":5,"min_label":5.4,"max_label":10.0}},{"type":"Feature","geometry":{"type":"Point","coordinates":[24.064,45.349]},"properties":{"name":"Transylvanian Alps","name_zh":"南喀尔巴阡山脉","name_ja":"トランシルヴァニアアルプス山脈","kind":"Range/mtn","scalerank":5,"min_label":5.4,"max_label":10.0}},{"type":"Feature","geometry":{"type":"Point","coordinates":[20.244,49.444]},"properties":{"name":"Tatra Mts.","name_zh":"塔特拉山脉","name_ja":"タトラ山脈","kind":"Range/mtn","scalerank":5,"min_label":4.7,"max_label":10.0}},{"type":"Feature","geometry":{"type":"Point","coordinates":[20.898,39.858]},"properties":{"name":"Pindus Mts.","name_zh":"品都斯山脉","name_ja":"ピンドス山脈","kind":"Range/mtn","scalerank":5,"min_label":6.0,"max_label":10.0}},{"type":"Feature","geometry":{"type":"Point","coordinates":[16.344,39.133]},"properties":{"name":"Calabria","name_zh":"卡拉布利亚山脉","name_ja":"カラブリア山","kind":"Range/mtn","scalerank":5,"min_label":6.0,"max_label":10.0}},{"type":"Feature","geometry":{"type":"Point","coordinates":[10.527,51.727]},"properties":{"name":"Harz","name_zh":"哈爾茨山脈","name_ja":"ハルツ山地","kind":"Range/mtn","scalerank":5,"min_label":5.4,"max_label":10.0}},{"type":"Feature","geometry":{"type":"Point","coordinates":[7.294,48.814]},"properties":{"name":"Vosges","name_zh":"佛日山脈","name_ja":"ヴォージュ山脈","kind":"Range/mtn","scalerank":5,"min_label":5.4,"max_label":10.0}},{"type":"Feature","geometry":{"type":"Point","coordinates":[15.936,50.704]},"properties":{"name":"Sudetes Mts.","name_zh":"蘇台德山脈","name_ja":"ズデーテン山地","kind":"Range/mtn","scalerank":5,"min_label":5.4,"max_label":10.0}},{"type":"Feature","geometry":{"type":"Point","coordinates":[12.762,50.437]},"properties":{"name":"Erzgebirge","name_zh":"厄尔士山脉","name_ja":"エルツ山地","kind":"Range/mtn","scalerank":5,"min_label":5.4,"max_label":10.0}},{"type":"Feature","geometry":{"type":"Point","coordinates":[5.082,49.962]},"properties":{"name":"Ardennes","name_zh":"阿登","name_ja":"アルデンヌ","kind":"Range/mtn","scalerank":5,"min_label":5.4,"max_label":10.0}},{"type":"Feature","geometry":{"type":"Point","coordinates":[6.657,47.04]},"properties":{"name":"Jura","name_zh":"侏罗山","name_ja":"ジュラ山脈","kind":"Range/mtn","scalerank":5,"min_label":5.4,"max_label":10.0}},{"type":"Feature","geometry":{"type":"Point","coordinates":[-3.822,56.708]},"properties":{"name":"Grampian Mts.","name_zh":"格兰皮安山脉","name_ja":"グランピアン山脈","kind":"Range/mtn","scalerank":5,"min_label":5.4,"max_label":10.0}},{"type":"Feature","geometry":{"type":"Point","coordinates":[-3.586,52.384]},"properties":{"name":"Cambrian Mts.","name_zh":"坎布里安山脈","name_ja":"カンブリア山地","kind":"Range/mtn","scalerank":5,"min_label":5.4,"max_label":10.0}},{"type":"Feature","geometry":{"type":"Point","coordinates":[-16.766,64.487]},"properties":{"name":"Vatnajökull","name_zh":"瓦特納冰原","name_ja":"ヴァトナヨークトル氷河","kind":"Range/mtn","scalerank":5,"min_label":5.4,"max_label":10.0}},{"type":"Feature","geometry":{"type":"Point","coordinates":[-113.223,57.968]},"properties":{"name":"Birch Mts.","name_zh":"伯奇山脉","name_ja":"バーチ山","kind":"Range/mtn","scalerank":5,"min_label":5.4,"max_label":10.0}},{"type":"Feature","geometry":{"type":"Point","coordinates":[-115.16,59.407]},"properties":{"name":"Caribou Mts.","name_zh":"卡里布山脉","name_ja":"カリブー山脈","kind":"Range/mtn","scalerank":5,"min_label":5.4,"max_label":10.0}},{"type":"Feature","geometry":{"type":"Point","coordinates":[-130.075,59.646]},"properties":{"name":"Cassiar Mts.","name_zh":"卡西尔山脉","name_ja":"キャシア山脈","kind":"Range/mtn","scalerank":5,"min_label":5.4,"max_label":10.0}},{"type":"Feature","geometry":{"type":"Point","coordinates":[-137.98,64.448]},"properties":{"name":"Ogilvie Mts.","name_zh":"奥吉尔维山脉","name_ja":"オギルビー山脈","kind":"Range/mtn","scalerank":5,"min_label":5.4,"max_label":10.0}},{"type":"Feature","geometry":{"type":"Point","coordinates":[-143.294,62.235]},"properties":{"name":"Wrangell Mts.","name_zh":"蘭格爾山脈","name_ja":"ランゲル山地","kind":"Range/mtn","scalerank":5,"min_label":5.4,"max_label":10.0}},{"type":"Feature","geometry":{"type":"Point","coordinates":[-74.373,44.008]},"properties":{"name":"Adirondack Mts.","name_zh":"阿第伦达克山脉","name_ja":"アディロンダック山地","kind":"Range/mtn","scalerank":5,"min_label":5.4,"max_label":10.0}},{"type":"Feature","geometry":{"type":"Point","coordinates":[-81.861,36.279]},"properties":{"name":"Blue Ridge","name_zh":"藍嶺山脈","name_ja":"ブルーリッジ山脈","kind":"Range/mtn","scalerank":5,"min_label":5.4,"max_label":10.0}},{"type":"Feature","geometry":{"type":"Point","coordinates":[-123.35,41.542]},"properties":{"name":"Klamath Mts.","name_zh":"克拉馬斯山","name_ja":"クラマス山脈","kind":"Range/mtn","scalerank":5,"min_label":5.4,"max_label":10.0}},{"type":"Feature","geometry":{"type":"Point","coordinates":[-94.035,34.6]},"properties":{"name":"Ouachita Mts.","name_zh":"沃希托山岭","name_ja":"ウォシタ山脈","kind":"Range/mtn","scalerank":5,"min_label":5.4,"max_label":10.0}},{"type":"Feature","geometry":{"type":"Point","coordinates":[-115.201,44.838]},"properties":{"name":"Salmon River Mts.","name_zh":"萨蒙河山脉","name_ja":"サーモンリバー山地","kind":"Range/mtn","scalerank":5,"min_label":5.4,"max_label":10.0}},{"type":"Feature","geometry":{"type":"Point","coordinates":[-103.902,44.144]},"properties":{"name":"Black Hills","name_zh":"黑山","name_ja":"ブラックヒルズ","kind":"Range/mtn","scalerank":5,"min_label":5.4,"max_label":10.0}},{"type":"Feature","geometry":{"type":"Point","coordinates":[-110.495,34.342]},"properties":{"name":"Mogollon Rim","name_zh":"莫戈隆边缘","name_ja":"モゴヨンリム","kind":"Range/mtn","scalerank":5,"min_label":5.4,"max_label":10.0}},{"type":"Feature","geometry":{"type":"Point","coordinates":[-70.313,9.262]},"properties":{"name":"Cord. de Mérida","name_zh":"梅里達山脈","name_ja":"メリダ山脈","kind":"Range/mtn","scalerank":5,"min_label":5.4,"max_label":10.0}},{"type":"Feature","geometry":{"type":"Point","coordinates":[-54.676,-33.6]},"properties":{"name":"Cuchilla Grande","name_zh":"库奇亚格兰德山脉","name_ja":"グランデ山地","kind":"Range/mtn","scalerank":5,"min_label":5.4,"max_label":10.0}},{"type":"Feature","geometry":{"type":"Point","coordinates":[-54.553,2.259]},"properties":{"name":"Tumuc-Humac Mts.","name_zh":"图木克胡马克山脉","name_ja":"トゥムクマケ山脈","kind":"Range/mtn","scalerank":5,"min_label":5.4,"max_label":10.0}},{"type":"Feature","geometry":{"type":"Point","coordinates":[-56.331,3.648]},"properties":{"name":"Wilhelmina Gebergte","name_zh":"威廉敏娜山脉","name_ja":"ウィルヘルミーナヘベルグテ","kind":"Range/mtn","scalerank":5,"min_label":5.4,"max_label":10.0}},{"type":"Feature","geometry":{"type":"Point","coordinates":[-43.218,-8.921]},"properties":{"name":"S. do Piaui","name_zh":"皮奥伊山脉","name_ja":"ピアウイ山","kind":"Range/mtn","scalerank":5,"min_label":6.0,"max_label":10.0}},{"type":"Feature","geometry":{"type":"Point","coordinates":[-40.953,-4.886]},"properties":{"name":"Serra da Ibiapaba","name_zh":"伊比亚帕巴山脉","name_ja":"イビアパバ山地","kind":"Range/mtn","scalerank":5,"min_label":6.0,"max_label":10.0}},{"type":"Feature","geometry":{"type":"Point","coordinates":[-58.684,1.401]},"properties":{"name":"Serra Acaraí","name_zh":"阿卡里山","name_ja":"アカライ山脈","kind":"Range/mtn","scalerank":5,"min_label":5.4,"max_label":10.0}},{"type":"Feature","geometry":{"type":"Point","coordinates":[-64.814,1.455]},"properties":{"name":"Serra de Curupira","name_zh":"库鲁皮拉山脉","name_ja":"クルピラ山脈","kind":"Range/mtn","scalerank":5,"min_label":5.4,"max_label":10.0}},{"type":"Feature","geometry":{"type":"Point","coordinates":[-55.988,-8.352]},"properties":{"name":"S. do Cachimbo","name_zh":"卡欣布山","name_ja":"カチンボ山","kind":"Range/mtn","scalerank":5,"min_label":6.0,"max_label":10.0}},{"type":"Feature","geometry":{"type":"Point","coordinates":[-49.853,-13.9]},"properties":{"name":"S. Dourada","name_zh":"多拉达山脉","name_ja":"ドラダ山","kind":"Range/mtn","scalerank":5,"min_label":6.0,"max_label":10.0}},{"type":"Feature","geometry":{"type":"Point","coordinates":[-50.895,-8.263]},"properties":{"name":"S. dos Gradaús","name_zh":"格拉达乌斯山脉","name_ja":"グラダウス山","kind":"Range/mtn","scalerank":5,"min_label":6.0,"max_label":10.0}},{"type":"Feature","geometry":{"type":"Point","coordinates":[-48.514,-16.439]},"properties":{"name":"Serra do Espinhaço","name_zh":"埃斯皮尼亚索山脉","name_ja":"エスピニャソ山地","kind":"Range/mtn","scalerank":5,"min_label":6.0,"max_label":10.0}},{"type":"Feature","geometry":{"type":"Point","coordinates":[-62.559,4.091]},"properties":{"name":"S. de Pakaraima","name_zh":"帕克瑞马山脉","name_ja":"パカライマ山脈","kind":"Range/mtn","scalerank":5,"min_label":5.4,"max_label":10.0}},{"type":"Feature","geometry":{"type":"Point","coordinates":[-75.355,-46.58]},"properties":{"name":"Península de Taitao","name_zh":"泰陶半島","name_ja":"タイタオ半島","kind":"Pen/cape","scalerank":5,"min_label":5.4,"max_label":10.0}},{"type":"Feature","geometry":{"type":"Point","coordinates":[44.964,67.958]},"properties":{"name":"Kanin Pen.","name_zh":"卡宁半岛","name_ja":"カニン半島","kind":"Pen/cape","scalerank":5,"min_label":5.4,"max_label":10.0}},{"type":"Feature","geometry":{"type":"Point","coordinates":[49.81,40.415]},"properties":{"name":"Absheron Pen.","name_zh":"阿普歇伦半岛","name_ja":"アブシェロン半島","kind":"Pen/cape","scalerank":5,"min_label":5.4,"max_label":10.0}},{"type":"Feature","geometry":{"type":"Point","coordinates":[56.275,25.992]},"properties":{"name":"Musandam Peninsula","name_zh":"穆桑代姆半島","name_ja":"ムサンダム半島","kind":"Pen/cape","scalerank":5,"min_label":5.4,"max_label":10.0}},{"type":"Feature","geometry":{"type":"Point","coordinates":[132.264,-11.369]},"properties":{"name":"Cobourg Pen.","name_zh":"科堡半岛","name_ja":"コバーグ半島","kind":"Pen/cape","scalerank":5,"min_label":6.0,"max_label":10.0}},{"type":"Feature","geometry":{"type":"Point","coordinates":[136.955,37.182]},"properties":{"name":"Noto Pen.","name_zh":"能登半島","name_ja":"能登半島","kind":"Pen/cape","scalerank":5,"min_label":6.0,"max_label":10.0}},{"type":"Feature","geometry":{"type":"Point","coordinates":[146.34,-38.941]},"properties":{"name":"Wilsons Promontory","name_zh":"威爾遜岬國家公園","name_ja":"ウィルソンズ・プロモントリー","kind":"Pen/cape","scalerank":5,"min_label":6.0,"max_label":10.0}},{"type":"Feature","geometry":{"type":"Point","coordinates":[109.747,1.101]},"properties":{"name":"Datu Pen.","name_zh":"达塔半岛","name_ja":"ダトゥ岬","kind":"Pen/cape","scalerank":5,"min_label":5.4,"max_label":10.0}},{"type":"Feature","geometry":{"type":"Point","coordinates":[161.526,61.77]},"properties":{"name":"Taygonos Pen.","name_zh":"塔戈诺斯半岛","name_ja":"タイゴノス半島","kind":"Pen/cape","scalerank":5,"min_label":5.4,"max_label":10.0}},{"type":"Feature","geometry":{"type":"Point","coordinates":[154.445,59.313]},"properties":{"name":"P’yagina Pen.","name_zh":"帕亚吉纳半岛","name_ja":"ピヤギナ半島","kind":"Pen/cape","scalerank":5,"min_label":5.4,"max_label":10.0}},{"type":"Feature","geometry":{"type":"Point","coordinates":[151.777,59.037]},"properties":{"name":"Koni Pen.","name_zh":"科尼半岛","name_ja":"コニー半島","kind":"Pen/cape","scalerank":5,"min_label":5.4,"max_label":10.0}},{"type":"Feature","geometry":{"type":"Point","coordinates":[-94.405,70.607]},"properties":{"name":"Boothia Peninsula","name_zh":"布西亚半岛","name_ja":"ブーシア半島","kind":"Pen/cape","scalerank":5,"min_label":5.4,"max_label":10.0}},{"type":"Feature","geometry":{"type":"Point","coordinates":[-76.777,64.82]},"properties":{"name":"Foxe Pen.","name_zh":"福克斯半島","name_ja":"フォックス半島","kind":"Pen/cape","scalerank":5,"min_label":5.4,"max_label":10.0}},{"type":"Feature","geometry":{"type":"Point","coordinates":[-68.04,62.69]},"properties":{"name":"Meta Incognita Pen.","name_zh":"梅塔·因科格尼塔半島","name_ja":"メタ・インカグニータ半島","kind":"Pen/cape","scalerank":5,"min_label":5.4,"max_label":10.0}},{"type":"Feature","geometry":{"type":"Point","coordinates":[-150.163,60.233]},"properties":{"name":"Kenai Peninsula","name_zh":"基奈半島","name_ja":"キナイ半島","kind":"Pen/cape","scalerank":5,"min_label":5.4,"max_label":10.0}},{"type":"Feature","geometry":{"type":"Point","coordinates":[-164.151,65.438]},"properties":{"name":"Seward Peninsula","name_zh":"苏厄德半岛","name_ja":"スワード半島","kind":"Pen/cape","scalerank":5,"min_label":5.4,"max_label":10.0}},{"type":"Feature","geometry":{"type":"Point","coordinates":[-71.926,11.893]},"properties":{"name":"Pen. de la Guajira","name_zh":"瓜希拉半岛","name_ja":"グアヒーラ半島","kind":"Pen/cape","scalerank":5,"min_label":6.0,"max_label":10.0}},{"type":"Feature","geometry":{"type":"Point","coordinates":[-80.584,7.692]},"properties":{"name":"Pen. de Azuero","name_zh":"阿苏埃罗半岛","name_ja":"アスエロ半島","kind":"Pen/cape","scalerank":5,"min_label":5.4,"max_label":10.0}},{"type":"Feature","geometry":{"type":"Point","coordinates":[21.856,-32.699]},"properties":{"name":"Great Karroo","name_zh":"格雷特卡鲁高地","name_ja":"カルー地域","kind":"Plateau","scalerank":5,"min_label":5.4,"max_label":10.0}},{"type":"Feature","geometry":{"type":"Point","coordinates":[-10.873,18.417]},"properties":{"name":"Tagant","name_zh":"塔甘特省","name_ja":"タガント州","kind":"Plateau","scalerank":5,"min_label":6.0,"max_label":10.0}},{"type":"Feature","geometry":{"type":"Point","coordinates":[-12.366,11.143]},"properties":{"name":"Fouta Djallon","name_zh":"富塔賈隆","name_ja":"フータ・ジャロン","kind":"Plateau","scalerank":5,"min_label":5.4,"max_label":10.0}},{"type":"Feature","geometry":{"type":"Point","coordinates":[2.402,28.714]},"properties":{"name":"Plat. du Tademaït","name_zh":"塔德马伊特高地","name_ja":"プラナウト・ド・タデマイト","kind":"Plateau","scalerank":5,"min_label":6.0,"max_label":10.0}},{"type":"Feature","geometry":{"type":"Point","coordinates":[26.376,24.304]},"properties":{"name":"Jilf al Kabir Plateau","name_zh":"吉尔夫·基比尔高原","name_ja":"ジルフ・カビール台地","kind":"Plateau","scalerank":5,"min_label":6.0,"max_label":10.0}},{"type":"Feature","geometry":{"type":"Point","coordinates":[26.017,18.224]},"properties":{"name":"Jabal al Abyad Plateau","name_zh":"阿比让高原","name_ja":"ジャバルアブヤド台地","kind":"Plateau","scalerank":5,"min_label":6.0,"max_label":10.0}},{"type":"Feature","geometry":{"type":"Point","coordinates":[24.248,30.948]},"properties":{"name":"Libyan Plateau","name_zh":"利比亚高地","name_ja":"リビア高原","kind":"Plateau","scalerank":5,"min_label":6.0,"max_label":10.0}},{"type":"Feature","geometry":{"type":"Point","coordinates":[147.605,-24.538]},"properties":{"name":"Buckland Tableland","name_zh":"巴克兰高地","name_ja":"バックランド高原","kind":"Plateau","scalerank":5,"min_label":5.4,"max_label":10.0}},{"type":"Feature","geometry":{"type":"Point","coordinates":[145.177,-17.448]},"properties":{"name":"Atherton Tableland","name_zh":"","name_ja":"アサートン高原","kind":"Plateau","scalerank":5,"min_label":5.4,"max_label":10.0}},{"type":"Feature","geometry":{"type":"Point","coordinates":[136.307,-17.354]},"properties":{"name":"Barkly Tableland","name_zh":"巴克利高地","name_ja":"バークリー台地","kind":"Plateau","scalerank":5,"min_label":6.0,"max_label":10.0}},{"type":"Feature","geometry":{"type":"Point","coordinates":[149.979,61.416]},"properties":{"name":"Okhotsk-Kolyma Upland","name_zh":"鄂霍次克科利马高地","name_ja":"オホーツク・コリマ台地","kind":"Plateau","scalerank":5,"min_label":5.4,"max_label":10.0}},{"type":"Feature","geometry":{"type":"Point","coordinates":[83.223,23.214]},"properties":{"name":"Chota Nägpur Plateau","name_zh":"焦达讷格布尔高原","name_ja":"チョタナグプル高原","kind":"Plateau","scalerank":5,"min_label":5.4,"max_label":10.0}},{"type":"Feature","geometry":{"type":"Point","coordinates":[43.219,45.342]},"properties":{"name":"Stavropol’ Plateau","name_zh":"斯塔夫罗波尔高原","name_ja":"スタブロポリ丘陵","kind":"Plateau","scalerank":5,"min_label":5.4,"max_label":10.0}},{"type":"Feature","geometry":{"type":"Point","coordinates":[46.02,52.502]},"properties":{"name":"Volga Upland","name_zh":"伏爾加高地","name_ja":"プリヴォールシスク丘陵","kind":"Plateau","scalerank":5,"min_label":5.4,"max_label":10.0}},{"type":"Feature","geometry":{"type":"Point","coordinates":[31.302,48.737]},"properties":{"name":"Dnieper Upland","name_zh":"第聶伯高地","name_ja":"ドニプロ高地","kind":"Plateau","scalerank":5,"min_label":5.4,"max_label":10.0}},{"type":"Feature","geometry":{"type":"Point","coordinates":[37.173,47.793]},"properties":{"name":"Azov Upland","name_zh":"亞速高地","name_ja":"アゾフ高地","kind":"Plateau","scalerank":5,"min_label":5.4,"max_label":10.0}},{"type":"Feature","geometry":{"type":"Point","coordinates":[3.2,44.783]},"properties":{"name":"Massif Central","name_zh":"法國中央高原","name_ja":"中央高地","kind":"Plateau","scalerank":5,"min_label":5.4,"max_label":10.0}},{"type":"Feature","geometry":{"type":"Point","coordinates":[25.069,69.052]},"properties":{"name":"Finnmarks-vidda","name_zh":"芬馬克高原","name_ja":"フィンマルク高原","kind":"Plateau","scalerank":5,"min_label":5.4,"max_label":10.0}},{"type":"Feature","geometry":{"type":"Point","coordinates":[-40.297,-7.194]},"properties":{"name":"Chapada do Araripe","name_zh":"阿拉里皮高地","name_ja":"アラリペ台地","kind":"Plateau","scalerank":5,"min_label":6.0,"max_label":10.0}},{"type":"Feature","geometry":{"type":"Point","coordinates":[-37.153,-7.511]},"properties":{"name":"Planalto da Borborema","name_zh":"博爾博雷馬高原","name_ja":"ボルボレマ高原","kind":"Plateau","scalerank":5,"min_label":6.0,"max_label":10.0}},{"type":"Feature","geometry":{"type":"Point","coordinates":[21.712,-30.31]},"properties":{"name":"Northern Karroo","name_zh":"卡魯","name_ja":"カルー","kind":"Plateau","scalerank":5,"min_label":5.4,"max_label":10.0}},{"type":"Feature","geometry":{"type":"Point","coordinates":[-67.393,-20.249]},"properties":{"name":"Salar de Uyuni","name_zh":"烏尤尼鹽沼","name_ja":"ウユニ","kind":"Desert","scalerank":5,"min_label":5.4,"max_label":10.0}},{"type":"Feature","geometry":{"type":"Point","coordinates":[58.718,21.845]},"properties":{"name":"Wahiba Sands","name_zh":"瓦希伯沙漠","name_ja":"ワヒバ砂漠","kind":"Desert","scalerank":5,"min_label":5.4,"max_label":10.0}},{"type":"Feature","geometry":{"type":"Point","coordinates":[41.656,12.507]},"properties":{"name":"Danakil","name_zh":"达纳基尔沙漠","name_ja":"ダナキル砂漠","kind":"Desert","scalerank":5,"min_label":5.4,"max_label":10.0}},{"type":"Feature","geometry":{"type":"Point","coordinates":[34.876,30.714]},"properties":{"name":"Negev Desert","name_zh":"內蓋夫","name_ja":"ネゲヴ","kind":"Desert","scalerank":5,"min_label":6.0,"max_label":10.0}},{"type":"Feature","geometry":{"type":"Point","coordinates":[37.687,2.587]},"properties":{"name":"Chalbi Desert","name_zh":"查尔比沙漠","name_ja":"チャルビ砂漠","kind":"Desert","scalerank":5,"min_label":5.4,"max_label":10.0}},{"type":"Feature","geometry":{"type":"Point","coordinates":[33.288,25.639]},"properties":{"name":"Eastern Desert","name_zh":"東部沙漠","name_ja":"東部砂漠","kind":"Desert","scalerank":5,"min_label":6.0,"max_label":10.0}},{"type":"Feature","geometry":{"type":"Point","coordinates":[-13.978,17.754]},"properties":{"name":"Trarza","name_zh":"特拉扎沙漠","name_ja":"トラルザ","kind":"Desert","scalerank":5,"min_label":6.0,"max_label":10.0}},{"type":"Feature","geometry":{"type":"Point","coordinates":[-12.332,20.636]},"properties":{"name":"Akchâr","name_zh":"阿克哈尔沙漠","name_ja":"アクチャール砂漠","kind":"Desert","scalerank":5,"min_label":6.0,"max_label":10.0}},{"type":"Feature","geometry":{"type":"Point","coordinates":[11.006,29.532]},"properties":{"name":"Hamada de Tinrhert","name_zh":"蒂恩赫特沙漠","name_ja":"ハマーダ・デ・ティンラート砂漠","kind":"Desert","scalerank":5,"min_label":6.0,"max_label":10.0}},{"type":"Feature","geometry":{"type":"Point","coordinates":[-3.107,27.917]},"properties":{"name":"‘Erg Iguidi","name_zh":"伊吉迪沙漠","name_ja":"イギディ砂漠","kind":"Desert","scalerank":5,"min_label":6.0,"max_label":10.0}},{"type":"Feature","geometry":{"type":"Point","coordinates":[141.543,-29.661]},"properties":{"name":"Strzelecki Desert","name_zh":"斯切莱茨基沙漠","name_ja":"ストルゼレスキ砂漠","kind":"Desert","scalerank":5,"min_label":6.0,"max_label":10.0}},{"type":"Feature","geometry":{"type":"Point","coordinates":[137.28,-25.226]},"properties":{"name":"Simpson Desert","name_zh":"辛普森沙漠","name_ja":"シンプソン砂漠","kind":"Desert","scalerank":5,"min_label":5.4,"max_label":10.0}},{"type":"Feature","geometry":{"type":"Point","coordinates":[131.669,-19.653]},"properties":{"name":"Tanami Desert","name_zh":"塔纳米沙漠","name_ja":"タナミ砂漠","kind":"Desert","scalerank":5,"min_label":6.0,"max_label":10.0}},{"type":"Feature","geometry":{"type":"Point","coordinates":[64.894,30.662]},"properties":{"name":"Rigestan","name_zh":"雷吉斯坦沙漠","name_ja":"レギスタン砂漠","kind":"Desert","scalerank":5,"min_label":5.4,"max_label":10.0}},{"type":"Feature","geometry":{"type":"Point","coordinates":[62.984,31.349]},"properties":{"name":"Margo Desert","name_zh":"玛戈沙漠","name_ja":"マーゴ砂漠","kind":"Desert","scalerank":5,"min_label":5.4,"max_label":10.0}},{"type":"Feature","geometry":{"type":"Point","coordinates":[55.158,34.58]},"properties":{"name":"Kavir Desert","name_zh":"卡维尔盐漠","name_ja":"カヴィール砂漠","kind":"Desert","scalerank":5,"min_label":5.4,"max_label":10.0}},{"type":"Feature","geometry":{"type":"Point","coordinates":[42.119,28.952]},"properties":{"name":"An Nafud Desert","name_zh":"內夫得沙漠","name_ja":"ネフド砂漠","kind":"Desert","scalerank":5,"min_label":5.4,"max_label":10.0}},{"type":"Feature","geometry":{"type":"Point","coordinates":[-103.655,30.092]},"properties":{"name":"Big Bend","name_zh":"大本德沙漠","name_ja":"ビッグベンド","kind":"Desert","scalerank":5,"min_label":6.0,"max_label":10.0}},{"type":"Feature","geometry":{"type":"Point","coordinates":[34.4,-2.309]},"properties":{"name":"Serengeti Plains","name_zh":"塞倫蓋提","name_ja":"セレンゲティ国立公園","kind":"Plain","scalerank":5,"min_label":5.4,"max_label":10.0}},{"type":"Feature","geometry":{"type":"Point","coordinates":[35.778,-5.21]},"properties":{"name":"Masai Steppe","name_zh":"马萨伊草原","name_ja":"マサイ草原","kind":"Plain","scalerank":5,"min_label":5.4,"max_label":10.0}},{"type":"Feature","geometry":{"type":"Point","coordinates":[11.716,32.424]},"properties":{"name":"Jabal Nafüsah","name_zh":"纳福萨山","name_ja":"ジャバル・ナフサ","kind":"Plain","scalerank":5,"min_label":6.0,"max_label":10.0}},{"type":"Feature","geometry":{"type":"Point","coordinates":[149.762,-27.45]},"properties":{"name":"Darling Downs","name_zh":"达令山丘","name_ja":"ダーリング・ダウンズ","kind":"Plain","scalerank":5,"min_label":6.0,"max_label":10.0}},{"type":"Feature","geometry":{"type":"Point","coordinates":[41.746,18.384]},"properties":{"name":"Tihāmah","name_zh":"帖哈麦","name_ja":"ティハーマ","kind":"Plain","scalerank":5,"min_label":5.4,"max_label":10.0}},{"type":"Feature","geometry":{"type":"Point","coordinates":[48.653,27.338]},"properties":{"name":"Hasa Plain","name_zh":"哈萨平原","name_ja":"ハサ平野","kind":"Plain","scalerank":5,"min_label":5.4,"max_label":10.0}},{"type":"Feature","geometry":{"type":"Point","coordinates":[20.488,46.76]},"properties":{"name":"Alföld","name_zh":"匈牙利大平原","name_ja":"ハンガリー大平原","kind":"Plain","scalerank":5,"min_label":5.4,"max_label":10.0}},{"type":"Feature","geometry":{"type":"Point","coordinates":[24.67,57.491]},"properties":{"name":"Baltic Plains","name_zh":"波罗的海平原","name_ja":"バルト平地","kind":"Plain","scalerank":5,"min_label":4.7,"max_label":10.0}},{"type":"Feature","geometry":{"type":"Point","coordinates":[-102.799,33.576]},"properties":{"name":"Llano Estacado","name_zh":"埃斯塔卡多平原","name_ja":"リャノ・エスタカード","kind":"Plain","scalerank":5,"min_label":5.4,"max_label":10.0}},{"type":"Feature","geometry":{"type":"Point","coordinates":[35.681,34.365]},"properties":{"name":"Levant Coast","name_zh":"黎凡特海岸","name_ja":"レバント海岸","kind":"Coast","scalerank":5,"min_label":6.0,"max_label":10.0}},{"type":"Feature","geometry":{"type":"Point","coordinates":[-9.851,5.847]},"properties":{"name":"Grain Coast","name_zh":"格兰海岸","name_ja":"穀物海岸","kind":"Coast","scalerank":5,"min_label":5.4,"max_label":10.0}},{"type":"Feature","geometry":{"type":"Point","coordinates":[2.977,6.428]},"properties":{"name":"Slave Coast","name_zh":"奴隸海岸","name_ja":"奴隷海岸","kind":"Coast","scalerank":5,"min_label":5.4,"max_label":10.0}},{"type":"Feature","geometry":{"type":"Point","coordinates":[-4.996,5.095]},"properties":{"name":"Ivory Coast","name_zh":"象牙海岸","name_ja":"象牙海岸","kind":"Coast","scalerank":5,"min_label":5.4,"max_label":10.0}},{"type":"Feature","geometry":{"type":"Point","coordinates":[-0.715,5.461]},"properties":{"name":"Gold Coast","name_zh":"黄金海岸","name_ja":"ゴールドコースト","kind":"Coast","scalerank":5,"min_label":5.4,"max_label":10.0}},{"type":"Feature","geometry":{"type":"Point","coordinates":[120.833,-19.7]},"properties":{"name":"Eighty Mile Beach","name_zh":"八十英里滩","name_ja":"エイティマイルビーチ","kind":"Coast","scalerank":5,"min_label":5.4,"max_label":10.0}},{"type":"Feature","geometry":{"type":"Point","coordinates":[7.527,43.961]},"properties":{"name":"Riviera","name_zh":"蔚藍海岸","name_ja":"コート・ダジュール","kind":"Coast","scalerank":5,"min_label":5.4,"max_label":10.0}},{"type":"Feature","geometry":{"type":"Point","coordinates":[-42.656,62.171]},"properties":{"name":"King Frederik VI Coast","name_zh":"弗雷德里克六世国王海岸","name_ja":"キング・フレデリック6世海岸","kind":"Coast","scalerank":5,"min_label":5.4,"max_label":10.0}},{"type":"Feature","geometry":{"type":"Point","coordinates":[-9.394,16.554]},"properties":{"name":"Aoukâr","name_zh":"奥卡尔洼地","name_ja":"アヌカルくぼ地","kind":"Depression","scalerank":5,"min_label":6.0,"max_label":10.0}},{"type":"Feature","geometry":{"type":"Point","coordinates":[16.441,16.764]},"properties":{"name":"Bodélé Depression","name_zh":"博德萊窪地","name_ja":"ボデレ低地","kind":"Depression","scalerank":5,"min_label":6.0,"max_label":10.0}},{"type":"Feature","geometry":{"type":"Point","coordinates":[76.252,33.27]},"properties":{"name":"Vale of Kashmir","name_zh":"喀什米尔谷","name_ja":"カシミール渓谷","kind":"Valley","scalerank":5,"min_label":5.4,"max_label":10.0}},{"type":"Feature","geometry":{"type":"Point","coordinates":[89.166,22.406]},"properties":{"name":"Sundarbans","name_zh":"蘇達班","name_ja":"シュンドルボン","kind":"Wetlands","scalerank":5,"min_label":5.4,"max_label":10.0}},{"type":"Feature","geometry":{"type":"Point","coordinates":[33.127,13.411]},"properties":{"name":"El Gezira","name_zh":"杰济拉","name_ja":"ゲズィーラ島","kind":"Geoarea","scalerank":5,"min_label":6.0,"max_label":10.0}},{"type":"Feature","geometry":{"type":"Point","coordinates":[122.783,-17.358]},"properties":{"name":"Dampier Land","name_zh":"丹皮尔地","name_ja":"ダンピア","kind":"Geoarea","scalerank":5,"min_label":5.4,"max_label":10.0}},{"type":"Feature","geometry":{"type":"Point","coordinates":[-0.122,49.158]},"properties":{"name":"Normandie","name_zh":"诺曼底大区","name_ja":"ノルマンディー地域圏","kind":"Geoarea","scalerank":5,"min_label":5.4,"max_label":10.0}},{"type":"Feature","geometry":{"type":"Point","coordinates":[-2.597,48.031]},"properties":{"name":"Bretagne","name_zh":"布列塔尼大區","name_ja":"ブルターニュ地域圏","kind":"Geoarea","scalerank":5,"min_label":5.4,"max_label":10.0}},{"type":"Feature","geometry":{"type":"Point","coordinates":[26.973,62.192]},"properties":{"name":"Finnish Lake Region","name_zh":"芬兰湖区","name_ja":"フィンランド湖水地方","kind":"Geoarea","scalerank":5,"min_label":5.4,"max_label":10.0}},{"type":"Feature","geometry":{"type":"Point","coordinates":[32.178,63.399]},"properties":{"name":"Karelia","name_zh":"卡累利阿共和国","name_ja":"カレリア共和国","kind":"Geoarea","scalerank":5,"min_label":5.4,"max_label":10.0}},{"type":"Feature","geometry":{"type":"Point","coordinates":[-23.567,71.411]},"properties":{"name":"Jameson Land","name_zh":"詹姆森地","name_ja":"ジェムソン・ランド","kind":"Geoarea","scalerank":5,"min_label":5.4,"max_label":10.0}},{"type":"Feature","geometry":{"type":"Point","coordinates":[-31.974,68.406]},"properties":{"name":"King Christian IX Land","name_zh":"克里斯蒂安九世国王土地","name_ja":"キング・クリスチャン9世ランド","kind":"Geoarea","scalerank":5,"min_label":5.4,"max_label":10.0}},{"type":"Feature","geometry":{"type":"Point","coordinates":[-25.844,72.316]},"properties":{"name":"King Christian X Land","name_zh":"克里斯蒂安十世国王土地","name_ja":"キング・クリスチャン10世ランド","kind":"Geoarea","scalerank":5,"min_label":5.4,"max_label":10.0}},{"type":"Feature","geometry":{"type":"Point","coordinates":[-21.578,75.264]},"properties":{"name":"King Wilhelm Land","name_zh":"威廉国王土地","name_ja":"キング・ウィルヘルム・ランド","kind":"Geoarea","scalerank":5,"min_label":5.4,"max_label":10.0}},{"type":"Feature","geometry":{"type":"Point","coordinates":[-21.335,78.713]},"properties":{"name":"King Frederik VIII Land","name_zh":"弗雷德里克八世国王的土地","name_ja":"キング・フレデリック8世ランド","kind":"Geoarea","scalerank":5,"min_label":5.4,"max_label":10.0}},{"type":"Feature","geometry":{"type":"Point","coordinates":[-17.287,81.058]},"properties":{"name":"Crown Prince Christian Land","name_zh":"基督教王储地","name_ja":"クラウンプリンス・クリスチャンランド","kind":"Geoarea","scalerank":5,"min_label":5.4,"max_label":10.0}},{"type":"Feature","geometry":{"type":"Point","coordinates":[-32.147,82.633]},"properties":{"name":"Peary Land","name_zh":"皮里地","name_ja":"ピアリーランド","kind":"Geoarea","scalerank":5,"min_label":5.4,"max_label":10.0}},{"type":"Feature","geometry":{"type":"Point","coordinates":[-55.9,81.698]},"properties":{"name":"Nyeboe Land","name_zh":"新耶博土地","name_ja":"ニェボエ・ランド","kind":"Geoarea","scalerank":5,"min_label":5.4,"max_label":10.0}},{"type":"Feature","geometry":{"type":"Point","coordinates":[36.135,-18.478]},"properties":{"name":"Zambezi Delta","name_zh":"赞比西三角洲","name_ja":"ザンベジ・デルタ","kind":"Delta","scalerank":4,"min_label":5.3,"max_label":9.0}},{"type":"Feature","geometry":{"type":"Point","coordinates":[31.043,30.931]},"properties":{"name":"Nile Delta","name_zh":"尼罗河三角洲","name_ja":"ナイル川デルタ","kind":"Delta","scalerank":4,"min_label":5.3,"max_label":9.0}},{"type":"Feature","geometry":{"type":"Point","coordinates":[126.318,72.98]},"properties":{"name":"Lena Delta","name_zh":"勒拿河三角洲","name_ja":"レナ・デルタ","kind":"Delta","scalerank":4,"min_label":5.3,"max_label":9.0}},{"type":"Feature","geometry":{"type":"Point","coordinates":[67.834,24.431]},"properties":{"name":"Indus Delta","name_zh":"印度河三角洲","name_ja":"インダス・デルタ","kind":"Delta","scalerank":4,"min_label":5.3,"max_label":9.0}},{"type":"Feature","geometry":{"type":"Point","coordinates":[95.326,16.769]},"properties":{"name":"Irrawaddy Delta","name_zh":"伊洛瓦底三角洲","name_ja":"イラワジ・デルタ","kind":"Delta","scalerank":4,"min_label":5.3,"max_label":9.0}},{"type":"Feature","geometry":{"type":"Point","coordinates":[89.209,23.028]},"properties":{"name":"Ganges Delta","name_zh":"恒河三角洲","name_ja":"ガンジスデルタ","kind":"Delta","scalerank":4,"min_label":5.3,"max_label":9.0}},{"type":"Feature","geometry":{"type":"Point","coordinates":[75.274,12.21]},"properties":{"name":"Malabar Coast","name_zh":"马拉巴尔海岸","name_ja":"マラバール海岸","kind":"Coast","scalerank":4,"min_label":5.3,"max_label":9.0}},{"type":"Feature","geometry":{"type":"Point","coordinates":[79.915,11.948]},"properties":{"name":"Coromandel Coast","name_zh":"科罗曼德尔海岸","name_ja":"コロマンデル海岸","kind":"Coast","scalerank":4,"min_label":5.3,"max_label":9.0}},{"type":"Feature","geometry":{"type":"Point","coordinates":[-7.614,30.129]},"properties":{"name":"Anti Atlas","name_zh":"小阿特拉斯山脈","name_ja":"アンティアトラス山脈","kind":"Range/mtn","scalerank":4,"min_label":6.0,"max_label":9.0}},{"type":"Feature","geometry":{"type":"Point","coordinates":[29.824,-14.414]},"properties":{"name":"Muchinga Mts.","name_zh":"穆钦加山脉","name_ja":"ムチンガ山地","kind":"Range/mtn","scalerank":4,"min_label":5.3,"max_label":9.0}},{"type":"Feature","geometry":{"type":"Point","coordinates":[-49.207,-26.904]},"properties":{"name":"Serra do Mar","name_zh":"马尔山脉","name_ja":"セーハ・ド・マール","kind":"Range/mtn","scalerank":4,"min_label":5.3,"max_label":9.0}},{"type":"Feature","geometry":{"type":"Point","coordinates":[-51.671,-26.39]},"properties":{"name":"Serra Geral","name_zh":"热拉尔山脉","name_ja":"ジェラル山地","kind":"Range/mtn","scalerank":4,"min_label":5.3,"max_label":9.0}},{"type":"Feature","geometry":{"type":"Point","coordinates":[-45.006,-22.709]},"properties":{"name":"Serra da Mantiqueira","name_zh":"曼蒂凯拉山脉","name_ja":"マンチケーラ山脈","kind":"Range/mtn","scalerank":4,"min_label":5.3,"max_label":9.0}},{"type":"Feature","geometry":{"type":"Point","coordinates":[-63.397,5.286]},"properties":{"name":"GUIANA HIGHLANDS","name_zh":"圭亚那地盾","name_ja":"ギアナ高地","kind":"Range/mtn","scalerank":4,"min_label":5.3,"max_label":9.0}},{"type":"Feature","geometry":{"type":"Point","coordinates":[-92.592,16.543]},"properties":{"name":"Sierra Chiapas","name_zh":"恰帕斯州馬德雷山脈","name_ja":"シエラマドレ","kind":"Range/mtn","scalerank":4,"min_label":5.3,"max_label":9.0}},{"type":"Feature","geometry":{"type":"Point","coordinates":[-128.507,61.846]},"properties":{"name":"SELWYN MTS.","name_zh":"塞尔温山脉","name_ja":"セルウィン山","kind":"Range/mtn","scalerank":4,"min_label":4.0,"max_label":9.0}},{"type":"Feature","geometry":{"type":"Point","coordinates":[-118.686,50.795]},"properties":{"name":"COLUMBIA MTS.","name_zh":"哥伦比亚山脉","name_ja":"コロンビア山脈","kind":"Range/mtn","scalerank":4,"min_label":4.7,"max_label":9.0}},{"type":"Feature","geometry":{"type":"Point","coordinates":[-64.003,59.181]},"properties":{"name":"TORNGAT MTS.","name_zh":"托恩加特山脉","name_ja":"トーンガット山脈","kind":"Range/mtn","scalerank":4,"min_label":4.7,"max_label":9.0}},{"type":"Feature","geometry":{"type":"Point","coordinates":[142.354,-5.5]},"properties":{"name":"NEW GUINEA HIGHLANDS","name_zh":"巴布亞新幾內亞高地","name_ja":"ニューギニア高地","kind":"Range/mtn","scalerank":4,"min_label":5.3,"max_label":9.0}},{"type":"Feature","geometry":{"type":"Point","coordinates":[99.805,47.195]},"properties":{"name":"Hangayn Mts.","name_zh":"杭爱山","name_ja":"ハンガイ山脈","kind":"Range/mtn","scalerank":4,"min_label":5.3,"max_label":9.0}},{"type":"Feature","geometry":{"type":"Point","coordinates":[128.416,41.284]},"properties":{"name":"Hamgyong Mts.","name_zh":"咸镜山脉","name_ja":"咸鏡山地","kind":"Range/mtn","scalerank":4,"min_label":5.3,"max_label":9.0}},{"type":"Feature","geometry":{"type":"Point","coordinates":[159.98,57.164]},"properties":{"name":"SREDINNYY RANGE","name_zh":"中部山脈","name_ja":"スレジンヌイ山脈","kind":"Range/mtn","scalerank":4,"min_label":5.3,"max_label":9.0}},{"type":"Feature","geometry":{"type":"Point","coordinates":[170.631,62.31]},"properties":{"name":"Koryak Range","name_zh":"科爾亞克山脈","name_ja":"コリャーク山脈","kind":"Range/mtn","scalerank":4,"min_label":5.3,"max_label":9.0}},{"type":"Feature","geometry":{"type":"Point","coordinates":[159.633,63.099]},"properties":{"name":"KOLYMA RANGE","name_zh":"科雷馬山脈","name_ja":"コリマ・レンジ","kind":"Range/mtn","scalerank":4,"min_label":5.3,"max_label":9.0}},{"type":"Feature","geometry":{"type":"Point","coordinates":[141.642,66.314]},"properties":{"name":"CHERSKIY RANGE","name_zh":"切爾斯基山脈","name_ja":"チェルスキー山脈","kind":"Range/mtn","scalerank":4,"min_label":4.7,"max_label":9.0}},{"type":"Feature","geometry":{"type":"Point","coordinates":[93.04,22.51]},"properties":{"name":"Chin Hills","name_zh":"钦山脉","name_ja":"チン丘陵","kind":"Range/mtn","scalerank":4,"min_label":5.3,"max_label":9.0}},{"type":"Feature","geometry":{"type":"Point","coordinates":[108.708,41.646]},"properties":{"name":"Yin Mts.","name_zh":"阴山","name_ja":"陰山山脈","kind":"Range/mtn","scalerank":4,"min_label":5.3,"max_label":9.0}},{"type":"Feature","geometry":{"type":"Point","coordinates":[93.45,52.291]},"properties":{"name":"Western Sayan Mts.","name_zh":"西萨彦岭","name_ja":"西サヤン山脈","kind":"Range/mtn","scalerank":4,"min_label":5.3,"max_label":9.0}},{"type":"Feature","geometry":{"type":"Point","coordinates":[89.821,51.783]},"properties":{"name":"Abakanskiy Ra.","name_zh":"阿巴坎斯基拉山脉","name_ja":"アバカンスキ山脈","kind":"Range/mtn","scalerank":4,"min_label":5.3,"max_label":9.0}},{"type":"Feature","geometry":{"type":"Point","coordinates":[93.342,50.836]},"properties":{"name":"Tannu-Ola Ra.","name_zh":"唐努烏拉山脈","name_ja":"タンドゥ山脈","kind":"Range/mtn","scalerank":4,"min_label":5.3,"max_label":9.0}},{"type":"Feature","geometry":{"type":"Point","coordinates":[113.842,38.599]},"properties":{"name":"Taihang Mts.","name_zh":"太行山","name_ja":"太行山脈","kind":"Range/mtn","scalerank":4,"min_label":5.3,"max_label":9.0}},{"type":"Feature","geometry":{"type":"Point","coordinates":[112.077,37.481]},"properties":{"name":"Lüliang Mts.","name_zh":"吕梁山","name_ja":"呂梁山脈","kind":"Range/mtn","scalerank":4,"min_label":5.3,"max_label":9.0}},{"type":"Feature","geometry":{"type":"Point","coordinates":[109.603,33.756]},"properties":{"name":"Qinling Mountains","name_zh":"秦岭","name_ja":"秦嶺山脈","kind":"Range/mtn","scalerank":4,"min_label":5.3,"max_label":9.0}},{"type":"Feature","geometry":{"type":"Point","coordinates":[106.147,28.051]},"properties":{"name":"Dalou Mts.","name_zh":"大娄山","name_ja":"大婁山","kind":"Range/mtn","scalerank":4,"min_label":5.3,"max_label":9.0}},{"type":"Feature","geometry":{"type":"Point","coordinates":[103.059,14.611]},"properties":{"name":"Dângrêk Ra.","name_zh":"扁擔山脈","name_ja":"ダンレク山地","kind":"Range/mtn","scalerank":4,"min_label":5.3,"max_label":9.0}},{"type":"Feature","geometry":{"type":"Point","coordinates":[94.464,25.41]},"properties":{"name":"Naga Hills","name_zh":"納加丘陵","name_ja":"ナガ丘陵","kind":"Range/mtn","scalerank":4,"min_label":5.3,"max_label":9.0}},{"type":"Feature","geometry":{"type":"Point","coordinates":[94.336,19.539]},"properties":{"name":"Arakan Yoma","name_zh":"若开山脉","name_ja":"アラカン山脈","kind":"Range/mtn","scalerank":4,"min_label":5.3,"max_label":9.0}},{"type":"Feature","geometry":{"type":"Point","coordinates":[77.395,9.811]},"properties":{"name":"Southern Ghats","name_zh":"南高止山脉","name_ja":"西ガーツ山脈","kind":"Range/mtn","scalerank":4,"min_label":5.3,"max_label":9.0}},{"type":"Feature","geometry":{"type":"Point","coordinates":[77.5,21.933]},"properties":{"name":"Satpura Range","name_zh":"薩特布拉山脈","name_ja":"サトプラ山脈","kind":"Range/mtn","scalerank":4,"min_label":5.3,"max_label":9.0}},{"type":"Feature","geometry":{"type":"Point","coordinates":[73.878,33.551]},"properties":{"name":"Salt Ra.","name_zh":"盐岭","name_ja":"ソルト・レンジ","kind":"Range/mtn","scalerank":4,"min_label":5.3,"max_label":9.0}},{"type":"Feature","geometry":{"type":"Point","coordinates":[83.973,43.937]},"properties":{"name":"Borohoro Mts.","name_zh":"","name_ja":"ボロホロ山脈","kind":"Range/mtn","scalerank":4,"min_label":5.3,"max_label":9.0}},{"type":"Feature","geometry":{"type":"Point","coordinates":[79.881,45.058]},"properties":{"name":"Alataw Mts.","name_zh":"阿拉塔山脉","name_ja":"アラタウ山脈","kind":"Range/mtn","scalerank":4,"min_label":5.3,"max_label":9.0}},{"type":"Feature","geometry":{"type":"Point","coordinates":[92.241,25.816]},"properties":{"name":"Khasi Hills","name_zh":"卡西丘陵","name_ja":"カーシ丘陵","kind":"Range/mtn","scalerank":4,"min_label":5.3,"max_label":9.0}},{"type":"Feature","geometry":{"type":"Point","coordinates":[44.837,40.769]},"properties":{"name":"Lesser Caucasus","name_zh":"小高加索山脈","name_ja":"小コーカサス山脈","kind":"Range/mtn","scalerank":4,"min_label":5.3,"max_label":9.0}},{"type":"Feature","geometry":{"type":"Point","coordinates":[37.981,40.906]},"properties":{"name":"PONTIC MOUNTAINS","name_zh":"本廷山脈","name_ja":"ポントス山脈","kind":"Range/mtn","scalerank":4,"min_label":5.3,"max_label":9.0}},{"type":"Feature","geometry":{"type":"Point","coordinates":[53.132,31.547]},"properties":{"name":"KUH RUD MOUNTAINS","name_zh":"库鲁德山脉","name_ja":"クーフ・ラッド山脈","kind":"Range/mtn","scalerank":4,"min_label":5.3,"max_label":9.0}},{"type":"Feature","geometry":{"type":"Point","coordinates":[24.933,43.07]},"properties":{"name":"Balkan Mts.","name_zh":"巴尔干山脉","name_ja":"バルカン山脈","kind":"Range/mtn","scalerank":4,"min_label":5.3,"max_label":9.0}},{"type":"Feature","geometry":{"type":"Point","coordinates":[18.049,43.996]},"properties":{"name":"Dinaric Alps","name_zh":"狄那里克阿尔卑斯山脉","name_ja":"ディナル・アルプス山脈","kind":"Range/mtn","scalerank":4,"min_label":5.3,"max_label":9.0}},{"type":"Feature","geometry":{"type":"Point","coordinates":[-4.803,43.06]},"properties":{"name":"Cord. Cantábrica","name_zh":"坎塔布连山脉","name_ja":"カンタブリア山脈","kind":"Range/mtn","scalerank":4,"min_label":5.3,"max_label":9.0}},{"type":"Feature","geometry":{"type":"Point","coordinates":[-3.261,37.345]},"properties":{"name":"S. Nevada","name_zh":"內華達山脈","name_ja":"シエラネバダ山脈","kind":"Range/mtn","scalerank":4,"min_label":5.3,"max_label":9.0}},{"type":"Feature","geometry":{"type":"Point","coordinates":[-4.887,38.203]},"properties":{"name":"Sierra Morena","name_zh":"莫雷納山脈","name_ja":"シエラ・モレナ山脈","kind":"Range/mtn","scalerank":4,"min_label":6.0,"max_label":9.0}},{"type":"Feature","geometry":{"type":"Point","coordinates":[49.152,15.387]},"properties":{"name":"Hadhramaut","name_zh":"哈德拉毛","name_ja":"ハドラマウト","kind":"Range/mtn","scalerank":4,"min_label":5.3,"max_label":9.0}},{"type":"Feature","geometry":{"type":"Point","coordinates":[13.21,24.792]},"properties":{"name":"Idhän Murzuq","name_zh":"邁爾祖格沙漠","name_ja":"ムルズク砂漠","kind":"Desert","scalerank":4,"min_label":5.3,"max_label":9.0}},{"type":"Feature","geometry":{"type":"Point","coordinates":[-6.334,28.775]},"properties":{"name":"Hamada du Drâa","name_zh":"德拉杜沙漠","name_ja":"ハマーダ・デュ・ドラー砂漠","kind":"Desert","scalerank":4,"min_label":6.0,"max_label":9.0}},{"type":"Feature","geometry":{"type":"Point","coordinates":[12.584,18.715]},"properties":{"name":"Ténéré","name_zh":"泰內雷沙漠","name_ja":"テネレ","kind":"Desert","scalerank":4,"min_label":5.3,"max_label":9.0}},{"type":"Feature","geometry":{"type":"Point","coordinates":[6.42,21.205]},"properties":{"name":"Tassili oua-n-Ahaggar","name_zh":"阿哈加尔高原","name_ja":"タシリ・オアンホガール砂漠","kind":"Desert","scalerank":4,"min_label":6.0,"max_label":9.0}},{"type":"Feature","geometry":{"type":"Point","coordinates":[8.201,25.501]},"properties":{"name":"Tassili-n-Ajjer","name_zh":"阿杰尔的塔西利","name_ja":"タッシリ・ナジェール","kind":"Desert","scalerank":4,"min_label":5.3,"max_label":9.0}},{"type":"Feature","geometry":{"type":"Point","coordinates":[22.064,27.96]},"properties":{"name":"Sarïr Kalanshiyu ar Ramli al Kabi","name_zh":"卡兰西奥大沙海","name_ja":"サリル・カランシユ・アル・ラムリ・アル・カビ","kind":"Desert","scalerank":4,"min_label":6.0,"max_label":9.0}},{"type":"Feature","geometry":{"type":"Point","coordinates":[7.333,30.424]},"properties":{"name":"Grand Erg Oriental","name_zh":"东部大尔格沙漠","name_ja":"グランドエルグオリエンタル砂漠","kind":"Desert","scalerank":4,"min_label":4.7,"max_label":9.0}},{"type":"Feature","geometry":{"type":"Point","coordinates":[0.8,30.659]},"properties":{"name":"Grand Erg Occidental","name_zh":"西大厄尔格","name_ja":"グランデルグオクシデンタル砂漠","kind":"Desert","scalerank":4,"min_label":5.3,"max_label":9.0}},{"type":"Feature","geometry":{"type":"Point","coordinates":[-2.821,25.101]},"properties":{"name":"‘Erg Chech","name_zh":"舍什沙漠","name_ja":"チェク砂漠","kind":"Desert","scalerank":4,"min_label":5.3,"max_label":9.0}},{"type":"Feature","geometry":{"type":"Point","coordinates":[-6.737,21.461]},"properties":{"name":"El Djouf","name_zh":"迪乌夫沙漠","name_ja":"ジューフ砂漠","kind":"Desert","scalerank":4,"min_label":5.3,"max_label":9.0}},{"type":"Feature","geometry":{"type":"Point","coordinates":[-105.056,29.68]},"properties":{"name":"CHIHUAHUAN DESERT","name_zh":"奇瓦瓦沙漠","name_ja":"チワワ砂漠","kind":"Desert","scalerank":4,"min_label":5.3,"max_label":9.0}},{"type":"Feature","geometry":{"type":"Point","coordinates":[-112.956,31.918]},"properties":{"name":"SONORAN DESERT","name_zh":"索诺拉沙漠","name_ja":"ソノラ砂漠","kind":"Desert","scalerank":4,"min_label":4.7,"max_label":9.0}},{"type":"Feature","geometry":{"type":"Point","coordinates":[-113.489,40.729]},"properties":{"name":"Great Salt Lake Desert","name_zh":"大鹽湖沙漠","name_ja":"グレートソルトレイク砂漠","kind":"Desert","scalerank":4,"min_label":5.3,"max_label":9.0}},{"type":"Feature","geometry":{"type":"Point","coordinates":[124.991,-24.492]},"properties":{"name":"Gibson Desert","name_zh":"吉布森沙漠","name_ja":"ギブソン砂漠","kind":"Desert","scalerank":4,"min_label":5.3,"max_label":9.0}},{"type":"Feature","geometry":{"type":"Point","coordinates":[108.192,39.069]},"properties":{"name":"Mu Us Desert","name_zh":"鄂爾多斯沙漠","name_ja":"オルドス地方","kind":"Desert","scalerank":4,"min_label":5.3,"max_label":9.0}},{"type":"Feature","geometry":{"type":"Point","coordinates":[83.076,38.994]},"properties":{"name":"TAKLIMAKAN DESERT","name_zh":"塔克拉玛干沙漠","name_ja":"タクラマカン砂漠","kind":"Desert","scalerank":4,"min_label":5.3,"max_label":9.0}},{"type":"Feature","geometry":{"type":"Point","coordinates":[57.98,31.627]},"properties":{"name":"LUT DESERT","name_zh":"盧特沙漠","name_ja":"ルート砂漠","kind":"Desert","scalerank":4,"min_label":5.3,"max_label":9.0}},{"type":"Feature","geometry":{"type":"Point","coordinates":[-84.031,13.85]},"properties":{"name":"Costa de los Mosquitos","name_zh":"莫斯基托斯海岸","name_ja":"コスタ・デ・ロス・モスキート","kind":"Coast","scalerank":4,"min_label":5.3,"max_label":9.0}},{"type":"Feature","geometry":{"type":"Point","coordinates":[16.285,43.799]},"properties":{"name":"Dalmatia","name_zh":"達爾馬提亞","name_ja":"ダルマチア","kind":"Coast","scalerank":4,"min_label":5.3,"max_label":9.0}},{"type":"Feature","geometry":{"type":"Point","coordinates":[-175.235,66.35]},"properties":{"name":"CHUKCHI PENINSULA","name_zh":"楚科奇半岛","name_ja":"チュクチ半島","kind":"Pen/cape","scalerank":4,"min_label":5.3,"max_label":9.0}},{"type":"Feature","geometry":{"type":"Point","coordinates":[-64.597,66.7]},"properties":{"name":"Cumberland Peninsula","name_zh":"坎伯蘭半島","name_ja":"カンバーランド半島","kind":"Pen/cape","scalerank":4,"min_label":5.3,"max_label":9.0}},{"type":"Feature","geometry":{"type":"Point","coordinates":[-84.057,68.015]},"properties":{"name":"Melville Peninsula","name_zh":"梅尔维尔半岛","name_ja":"メルヴィル半島","kind":"Pen/cape","scalerank":4,"min_label":5.3,"max_label":9.0}},{"type":"Feature","geometry":{"type":"Point","coordinates":[-73.857,59.522]},"properties":{"name":"PÉNINSULE D’UNGAVA","name_zh":"乌加瓦半岛","name_ja":"アンガヴァ半島","kind":"Pen/cape","scalerank":4,"min_label":4.7,"max_label":9.0}},{"type":"Feature","geometry":{"type":"Point","coordinates":[-65.726,48.655]},"properties":{"name":"Gaspé Peninsula","name_zh":"加斯佩半岛","name_ja":"ガスペ半島","kind":"Pen/cape","scalerank":4,"min_label":5.0,"max_label":9.0}},{"type":"Feature","geometry":{"type":"Point","coordinates":[127.153,37.962]},"properties":{"name":"KOREA","name_zh":"朝鮮半島","name_ja":"朝鮮半島","kind":"Pen/cape","scalerank":4,"min_label":5.3,"max_label":6.0}},{"type":"Feature","geometry":{"type":"Point","coordinates":[75.952,70.425]},"properties":{"name":"GYDA PENINSULA","name_zh":"格达半岛","name_ja":"ギダ半島","kind":"Pen/cape","scalerank":4,"min_label":5.3,"max_label":9.0}},{"type":"Feature","geometry":{"type":"Point","coordinates":[104.774,77.421]},"properties":{"name":"Cape Chelyuskin","name_zh":"切柳斯金角","name_ja":"チェリュスキン岬","kind":"Pen/cape","scalerank":4,"min_label":5.3,"max_label":9.0}},{"type":"Feature","geometry":{"type":"Point","coordinates":[122.827,40.122]},"properties":{"name":"Liaodong Pen.","name_zh":"辽东半岛","name_ja":"遼東半島","kind":"Pen/cape","scalerank":4,"min_label":5.3,"max_label":9.0}},{"type":"Feature","geometry":{"type":"Point","coordinates":[70.82,21.819]},"properties":{"name":"Kathiawar Pen.","name_zh":"卡提亞瓦","name_ja":"カーティヤワール半島","kind":"Pen/cape","scalerank":4,"min_label":5.3,"max_label":9.0}},{"type":"Feature","geometry":{"type":"Point","coordinates":[110.075,20.868]},"properties":{"name":"Leizhou Pen.","name_zh":"雷州半岛","name_ja":"雷州半島","kind":"Pen/cape","scalerank":4,"min_label":5.3,"max_label":9.0}},{"type":"Feature","geometry":{"type":"Point","coordinates":[31.984,-5.717]},"properties":{"name":"Iwembere Steppe","name_zh":"伊温贝尔草原","name_ja":"イウェムベレ草原","kind":"Plain","scalerank":4,"min_label":6.0,"max_label":9.0}},{"type":"Feature","geometry":{"type":"Point","coordinates":[-145.345,66.518]},"properties":{"name":"Yukon Flats","name_zh":"育空平原","name_ja":"ユーコン・フラッツ","kind":"Plain","scalerank":4,"min_label":5.3,"max_label":9.0}},{"type":"Feature","geometry":{"type":"Point","coordinates":[-68.574,49.943]},"properties":{"name":"LES LAURENTIDES","name_zh":"劳伦希山脉","name_ja":"ローレンティッド","kind":"Plain","scalerank":4,"min_label":4.7,"max_label":9.0}},{"type":"Feature","geometry":{"type":"Point","coordinates":[11.864,6.896]},"properties":{"name":"Adamawa Plateau","name_zh":"阿達馬瓦高原","name_ja":"アダマワ高地","kind":"Plateau","scalerank":4,"min_label":5.3,"max_label":9.0}},{"type":"Feature","geometry":{"type":"Point","coordinates":[14.333,-15.85]},"properties":{"name":"Huíla Plateau","name_zh":"胡伊拉高地","name_ja":"ウイラ低地","kind":"Plateau","scalerank":4,"min_label":5.3,"max_label":9.0}},{"type":"Feature","geometry":{"type":"Point","coordinates":[19.178,-13.062]},"properties":{"name":"Bié Plateau","name_zh":"比耶高原","name_ja":"ビエ高原","kind":"Plateau","scalerank":4,"min_label":5.3,"max_label":9.0}},{"type":"Feature","geometry":{"type":"Point","coordinates":[-45.526,-15.029]},"properties":{"name":"Campos Sertão","name_zh":"坎波斯塞尔腾高地","name_ja":"セルトン台地","kind":"Plateau","scalerank":4,"min_label":5.3,"max_label":9.0}},{"type":"Feature","geometry":{"type":"Point","coordinates":[-91.998,36.543]},"properties":{"name":"Ozark Plateau","name_zh":"歐薩克高原","name_ja":"オザーク高原","kind":"Plateau","scalerank":4,"min_label":5.3,"max_label":9.0}},{"type":"Feature","geometry":{"type":"Point","coordinates":[-99.319,31.29]},"properties":{"name":"Edwards Plateau","name_zh":"愛德華茲高原","name_ja":"エドワーズ高原","kind":"Plateau","scalerank":4,"min_label":5.3,"max_label":9.0}},{"type":"Feature","geometry":{"type":"Point","coordinates":[-124.041,53.209]},"properties":{"name":"FRASER PLATEAU","name_zh":"弗雷泽高地","name_ja":"フレイザー・プラトー","kind":"Plateau","scalerank":4,"min_label":5.3,"max_label":9.0}},{"type":"Feature","geometry":{"type":"Point","coordinates":[-89.908,46.58]},"properties":{"name":"Superior Upland","name_zh":"苏必利尔高地","name_ja":"スペリオール・アップランド","kind":"Plateau","scalerank":4,"min_label":5.3,"max_label":9.0}},{"type":"Feature","geometry":{"type":"Point","coordinates":[126.717,-16.263]},"properties":{"name":"KIMBERLEY PLATEAU","name_zh":"金伯利高地","name_ja":"キンバリー台地","kind":"Plateau","scalerank":4,"min_label":5.3,"max_label":9.0}},{"type":"Feature","geometry":{"type":"Point","coordinates":[73.671,48.552]},"properties":{"name":"KAZAKH UPLAND","name_zh":"哈萨克高地","name_ja":"カザフ高地","kind":"Plateau","scalerank":4,"min_label":5.3,"max_label":9.0}},{"type":"Feature","geometry":{"type":"Point","coordinates":[55.296,43.934]},"properties":{"name":"Ustyurt Plateau","name_zh":"乌斯秋尔特高原","name_ja":"ウスチュルト台地","kind":"Plateau","scalerank":4,"min_label":5.3,"max_label":9.0}},{"type":"Feature","geometry":{"type":"Point","coordinates":[112.414,56.698]},"properties":{"name":"STANOVOY UPLAND","name_zh":"斯坦诺沃伊高地","name_ja":"スタノヴォイ高地","kind":"Plateau","scalerank":4,"min_label":5.3,"max_label":9.0}},{"type":"Feature","geometry":{"type":"Point","coordinates":[107.446,36.18]},"properties":{"name":"Loess Plateau","name_zh":"黄土高原","name_ja":"黄土高原","kind":"Plateau","scalerank":4,"min_label":5.3,"max_label":9.0}},{"type":"Feature","geometry":{"type":"Point","coordinates":[86.514,44.914]},"properties":{"name":"Junggar Basin","name_zh":"准噶尔盆地","name_ja":"ジュンガル盆地","kind":"Basin","scalerank":4,"min_label":5.3,"max_label":9.0}},{"type":"Feature","geometry":{"type":"Point","coordinates":[94.491,37.14]},"properties":{"name":"Qaidam Basin","name_zh":"柴达木盆地","name_ja":"ツァイダム盆地","kind":"Basin","scalerank":4,"min_label":5.3,"max_label":9.0}},{"type":"Feature","geometry":{"type":"Point","coordinates":[154.839,68.971]},"properties":{"name":"KOLYMA LOWLAND","name_zh":"科雷马低地","name_ja":"コリマ低地","kind":"Lowland","scalerank":4,"min_label":4.7,"max_label":9.0}},{"type":"Feature","geometry":{"type":"Point","coordinates":[52.321,62.38]},"properties":{"name":"VYCHEGDA LOWLAND","name_zh":"维切格达低地","name_ja":"ヴィチェグダ低地","kind":"Lowland","scalerank":4,"min_label":5.3,"max_label":9.0}},{"type":"Feature","geometry":{"type":"Point","coordinates":[44.277,6.777]},"properties":{"name":"Ogaden","name_zh":"欧加登","name_ja":"オガデン","kind":"Geoarea","scalerank":4,"min_label":5.3,"max_label":9.0}},{"type":"Feature","geometry":{"type":"Point","coordinates":[47.448,4.978]},"properties":{"name":"Banaadir Coast","name_zh":"巴纳迪尔海岸","name_ja":"バナディール海岸","kind":"Geoarea","scalerank":4,"min_label":6.0,"max_label":9.0}},{"type":"Feature","geometry":{"type":"Point","coordinates":[146.204,-34.658]},"properties":{"name":"Riverina","name_zh":"瑞福利纳","name_ja":"リヴェリナ","kind":"Geoarea","scalerank":4,"min_label":5.3,"max_label":9.0}},{"type":"Feature","geometry":{"type":"Point","coordinates":[99.689,39.837]},"properties":{"name":"Hexi Corridor","name_zh":"河西走廊","name_ja":"河西回廊","kind":"Geoarea","scalerank":4,"min_label":5.3,"max_label":9.0}},{"type":"Feature","geometry":{"type":"Point","coordinates":[62.73,27.642]},"properties":{"name":"BALUCHISTAN","name_zh":"俾路支斯坦","name_ja":"バルチスタン","kind":"Geoarea","scalerank":4,"min_label":5.3,"max_label":9.0}},{"type":"Feature","geometry":{"type":"Point","coordinates":[23.74,67.604]},"properties":{"name":"LAPLAND","name_zh":"拉普蘭區","name_ja":"ラッピ県","kind":"Geoarea","scalerank":4,"min_label":5.3,"max_label":9.0}},{"type":"Feature","geometry":{"type":"Point","coordinates":[-112.652,36.266]},"properties":{"name":"Grand Canyon","name_zh":"科羅拉多大峽谷","name_ja":"グランド・キャニオン","kind":"Gorge","scalerank":4,"min_label":5.3,"max_label":9.0}},{"type":"Feature","geometry":{"type":"Point","coordinates":[109.816,30.889]},"properties":{"name":"Yangtze Gorges","name_zh":"长江三峡","name_ja":"三峡","kind":"Gorge","scalerank":4,"min_label":5.3,"max_label":9.0}},{"type":"Feature","geometry":{"type":"Point","coordinates":[95.222,28.83]},"properties":{"name":"Tsangpo Gorge","name_zh":"雅鲁藏布大峡谷","name_ja":"雅鲁蔵布大峡谷","kind":"Gorge","scalerank":4,"min_label":5.3,"max_label":9.0}},{"type":"Feature","geometry":{"type":"Point","coordinates":[-72.34,-38.276]},"properties":{"name":"Valle Longitudinal","name_zh":"智利中央谷地","name_ja":"チリ中央峡谷","kind":"Valley","scalerank":4,"min_label":5.3,"max_label":9.0}},{"type":"Feature","geometry":{"type":"Point","coordinates":[-120.804,37.75]},"properties":{"name":"Central Valley","name_zh":"中央谷地","name_ja":"カリフォルニアセントラルヴァレー","kind":"Valley","scalerank":4,"min_label":5.6,"max_label":9.0}},{"type":"Feature","geometry":{"type":"Point","coordinates":[-58.553,-30.482]},"properties":{"name":"Entre Rios","name_zh":"恩特雷里奥斯湿地","name_ja":"エントレ・リオス","kind":"Wetlands","scalerank":4,"min_label":5.3,"max_label":9.0}},{"type":"Feature","geometry":{"type":"Point","coordinates":[1.596,33.794]},"properties":{"name":"ATLAS SAHARIEN","name_zh":"撒哈拉阿特拉斯山脈","name_ja":"サハラ・アトラス山脈","kind":"Range/mtn","scalerank":3,"min_label":5.0,"max_label":8.0}},{"type":"Feature","geometry":{"type":"Point","coordinates":[-5.729,31.97]},"properties":{"name":"HAUT ATLAS","name_zh":"高阿特拉斯山脈","name_ja":"高アトラス","kind":"Range/mtn","scalerank":3,"min_label":5.0,"max_label":8.0}},{"type":"Feature","geometry":{"type":"Point","coordinates":[28.783,-29.27]},"properties":{"name":"DRAKENSBERG","name_zh":"德拉肯斯堡山脉","name_ja":"ドラケンスバーグ山脈","kind":"Range/mtn","scalerank":3,"min_label":4.0,"max_label":8.0}},{"type":"Feature","geometry":{"type":"Point","coordinates":[12.326,-3.309]},"properties":{"name":"CRYSTAL MOUNTAINS","name_zh":"水晶山脉","name_ja":"クリスタル山","kind":"Range/mtn","scalerank":3,"min_label":4.0,"max_label":8.0}},{"type":"Feature","geometry":{"type":"Point","coordinates":[18.13,21.56]},"properties":{"name":"TIBESTI MTS.","name_zh":"提贝斯提高原","name_ja":"ティベスティ山地","kind":"Range/mtn","scalerank":3,"min_label":3.7,"max_label":8.0}},{"type":"Feature","geometry":{"type":"Point","coordinates":[5.431,24.208]},"properties":{"name":"AHAGGAR MTS.","name_zh":"阿哈革山脉","name_ja":"ホガール山地","kind":"Range/mtn","scalerank":3,"min_label":4.0,"max_label":8.0}},{"type":"Feature","geometry":{"type":"Point","coordinates":[8.617,18.864]},"properties":{"name":"AÏR MTS.","name_zh":"艾爾高原","name_ja":"アイル山地","kind":"Range/mtn","scalerank":3,"min_label":4.0,"max_label":8.0}},{"type":"Feature","geometry":{"type":"Point","coordinates":[29.183,-1.369]},"properties":{"name":"MITUMBA MTS.","name_zh":"米通巴山脉","name_ja":"ミトゥンバ山地","kind":"Range/mtn","scalerank":3,"min_label":4.0,"max_label":8.0}},{"type":"Feature","geometry":{"type":"Point","coordinates":[127.637,49.107]},"properties":{"name":"Lesser Khingan Range","name_zh":"小兴安岭","name_ja":"小興安嶺山脈","kind":"Range/mtn","scalerank":3,"min_label":5.0,"max_label":8.0}},{"type":"Feature","geometry":{"type":"Point","coordinates":[136.915,46.989]},"properties":{"name":"SIKHOTE-ALIN’ RANGE","name_zh":"锡霍特山脉","name_ja":"シホテアリニ山脈","kind":"Range/mtn","scalerank":3,"min_label":5.0,"max_label":8.0}},{"type":"Feature","geometry":{"type":"Point","coordinates":[130.579,66.204]},"properties":{"name":"VERKHOYANSK RANGE","name_zh":"上揚斯克山脈","name_ja":"ベルホヤンスク山脈","kind":"Range/mtn","scalerank":3,"min_label":4.0,"max_label":8.0}},{"type":"Feature","geometry":{"type":"Point","coordinates":[107.792,13.755]},"properties":{"name":"Central Highlands","name_zh":"中央高地","name_ja":"セントラル・ハイランズ山地","kind":"Range/mtn","scalerank":3,"min_label":5.0,"max_label":8.0}},{"type":"Feature","geometry":{"type":"Point","coordinates":[98.72,38.216]},"properties":{"name":"QUILIAN MOUNTAINS","name_zh":"祁连山","name_ja":"祁連山脈","kind":"Range/mtn","scalerank":3,"min_label":4.0,"max_label":8.0}},{"type":"Feature","geometry":{"type":"Point","coordinates":[97.214,53.588]},"properties":{"name":"EASTERN SAYAN MTS.","name_zh":"萨彦岭","name_ja":"東方サヤン山脈","kind":"Range/mtn","scalerank":3,"min_label":4.0,"max_label":8.0}},{"type":"Feature","geometry":{"type":"Point","coordinates":[116.735,54.242]},"properties":{"name":"YABLONOVYY RANGE","name_zh":"雅布洛诺夫山脉","name_ja":"ヤブロノヴイ山脈","kind":"Range/mtn","scalerank":3,"min_label":4.0,"max_label":8.0}},{"type":"Feature","geometry":{"type":"Point","coordinates":[114.976,31.45]},"properties":{"name":"Dabie Mts.","name_zh":"大别山","name_ja":"大別山脈","kind":"Range/mtn","scalerank":3,"min_label":5.0,"max_label":8.0}},{"type":"Feature","geometry":{"type":"Point","coordinates":[111.669,24.659]},"properties":{"name":"Nan Ling Mts.","name_zh":"南岭","name_ja":"南嶺山脈","kind":"Range/mtn","scalerank":3,"min_label":5.0,"max_label":8.0}},{"type":"Feature","geometry":{"type":"Point","coordinates":[74.69,15.543]},"properties":{"name":"WESTERN GHATS","name_zh":"西高止山脉","name_ja":"西ガーツ山脈","kind":"Range/mtn","scalerank":3,"min_label":4.0,"max_label":8.0}},{"type":"Feature","geometry":{"type":"Point","coordinates":[81.219,16.856]},"properties":{"name":"EASTERN GHATS","name_zh":"東高止山脈","name_ja":"東ガーツ山脈","kind":"Range/mtn","scalerank":3,"min_label":4.0,"max_label":8.0}},{"type":"Feature","geometry":{"type":"Point","coordinates":[76.918,23.191]},"properties":{"name":"Vindhya Range","name_zh":"温迪亚山脉","name_ja":"ヴィンディヤ山脈","kind":"Range/mtn","scalerank":3,"min_label":5.0,"max_label":8.0}},{"type":"Feature","geometry":{"type":"Point","coordinates":[117.085,26.889]},"properties":{"name":"Wuyi Mts.","name_zh":"武夷山脉","name_ja":"武夷山","kind":"Range/mtn","scalerank":3,"min_label":5.0,"max_label":8.0}},{"type":"Feature","geometry":{"type":"Point","coordinates":[82.163,47.637]},"properties":{"name":"Tarbagatay Ra.","name_zh":"塔尔巴哈台山","name_ja":"タルバガタイ山脈","kind":"Range/mtn","scalerank":3,"min_label":5.0,"max_label":8.0}},{"type":"Feature","geometry":{"type":"Point","coordinates":[90.231,38.461]},"properties":{"name":"ALTUN MTS.","name_zh":"阿尔金山脉","name_ja":"アルチン山脈","kind":"Range/mtn","scalerank":3,"min_label":4.0,"max_label":8.0}},{"type":"Feature","geometry":{"type":"Point","coordinates":[37.745,25.999]},"properties":{"name":"HEJAZ MTS.","name_zh":"希贾兹山脉","name_ja":"ヒジャーズ山地","kind":"Range/mtn","scalerank":3,"min_label":5.0,"max_label":8.0}},{"type":"Feature","geometry":{"type":"Point","coordinates":[42.385,19.298]},"properties":{"name":"ASIR MTS.","name_zh":"阿西尔山脉","name_ja":"アスィール山脈","kind":"Range/mtn","scalerank":3,"min_label":5.0,"max_label":8.0}},{"type":"Feature","geometry":{"type":"Point","coordinates":[51.818,36.503]},"properties":{"name":"ELBURZ MTS.","name_zh":"厄尔布尔士山脉","name_ja":"エルブルス山","kind":"Range/mtn","scalerank":3,"min_label":4.0,"max_label":8.0}},{"type":"Feature","geometry":{"type":"Point","coordinates":[12.905,64.386]},"properties":{"name":"KJØLEN MOUNTAINS","name_zh":"斯堪的纳维亚山脉","name_ja":"スカンディナヴィア山脈","kind":"Range/mtn","scalerank":3,"min_label":4.0,"max_label":8.0}},{"type":"Feature","geometry":{"type":"Point","coordinates":[22.98,47.45]},"properties":{"name":"CARPATHIAN MOUNTAINS","name_zh":"喀爾巴阡山脈","name_ja":"カルパティア山脈","kind":"Range/mtn","scalerank":3,"min_label":4.0,"max_label":8.0}},{"type":"Feature","geometry":{"type":"Point","coordinates":[12.962,42.653]},"properties":{"name":"APPENNINI","name_zh":"利古雷亞平寧山脈","name_ja":"アペニン山脈","kind":"Range/mtn","scalerank":3,"min_label":4.0,"max_label":8.0}},{"type":"Feature","geometry":{"type":"Point","coordinates":[0.639,42.742]},"properties":{"name":"PYRENEES","name_zh":"比利牛斯山","name_ja":"ピレネー山脈","kind":"Range/mtn","scalerank":3,"min_label":4.0,"max_label":8.0}},{"type":"Feature","geometry":{"type":"Point","coordinates":[-99.904,18.365]},"properties":{"name":"Sierra Madre del Sur","name_zh":"南马德雷山脉","name_ja":"南シエラマドレ山脈","kind":"Range/mtn","scalerank":3,"min_label":5.0,"max_label":8.0}},{"type":"Feature","geometry":{"type":"Point","coordinates":[-123.4,43.01]},"properties":{"name":"COAST RANGES","name_zh":"太平洋海岸山脈","name_ja":"太平洋岸山脈","kind":"Range/mtn","scalerank":3,"min_label":4.0,"max_label":8.0}},{"type":"Feature","geometry":{"type":"Point","coordinates":[-100.897,25.446]},"properties":{"name":"SIERRA MADRE ORIENTAL","name_zh":"東馬德雷山脈","name_ja":"東シエラマドレ山脈","kind":"Range/mtn","scalerank":3,"min_label":4.0,"max_label":8.0}},{"type":"Feature","geometry":{"type":"Point","coordinates":[-119.731,37.869]},"properties":{"name":"SIERRA NEVADA","name_zh":"內華達山脈","name_ja":"シエラネバダ山脈","kind":"Range/mtn","scalerank":3,"min_label":3.0,"max_label":8.0}},{"type":"Feature","geometry":{"type":"Point","coordinates":[-106.873,26.001]},"properties":{"name":"SIERRA MADRE OCCIDENTAL","name_zh":"西馬德雷山脈","name_ja":"シエラ・マドレ・オクシデンタル","kind":"Range/mtn","scalerank":3,"min_label":4.0,"max_label":8.0}},{"type":"Feature","geometry":{"type":"Point","coordinates":[-144.989,61.011]},"properties":{"name":"CHUGACH MTS.","name_zh":"楚加奇山","name_ja":"チュガッチ山地","kind":"Range/mtn","scalerank":3,"min_label":4.0,"max_label":8.0}},{"type":"Feature","geometry":{"type":"Point","coordinates":[-129.165,63.102]},"properties":{"name":"MACKENZIE MTS.","name_zh":"马更些山脉","name_ja":"マッケンジー山脈","kind":"Range/mtn","scalerank":3,"min_label":3.7,"max_label":8.0}},{"type":"Feature","geometry":{"type":"Point","coordinates":[-73.548,-14.64]},"properties":{"name":"CORDILLERA OCCIDENTAL","name_zh":"秘魯西部山脈","name_ja":"オクシデンタル山脈","kind":"Range/mtn","scalerank":3,"min_label":5.0,"max_label":8.0}},{"type":"Feature","geometry":{"type":"Point","coordinates":[-66.281,-19.378]},"properties":{"name":"CORDILLERA  REAL","name_zh":"玻利維亞瑞阿爾山脈","name_ja":"コルディジェラ・レアル山脈","kind":"Range/mtn","scalerank":3,"min_label":4.0,"max_label":8.0}},{"type":"Feature","geometry":{"type":"Point","coordinates":[-69.878,-14.236]},"properties":{"name":"CORDILLERA ORIENTAL","name_zh":"哥倫比亞東部山脈","name_ja":"オリエンタル山脈","kind":"Range/mtn","scalerank":3,"min_label":5.0,"max_label":8.0}},{"type":"Feature","geometry":{"type":"Point","coordinates":[-76.585,-9.339]},"properties":{"name":"CORD. CENTRAL","name_zh":"布蘭卡山脈","name_ja":"ブランカ山脈","kind":"Range/mtn","scalerank":3,"min_label":4.0,"max_label":8.0}},{"type":"Feature","geometry":{"type":"Point","coordinates":[-77.146,3.604]},"properties":{"name":"CORD. OCCIDENTAL","name_zh":"秘魯西部山脈","name_ja":"オクシデンタル山脈","kind":"Range/mtn","scalerank":3,"min_label":4.0,"max_label":8.0}},{"type":"Feature","geometry":{"type":"Point","coordinates":[-76.505,2.796]},"properties":{"name":"CORD. CENTRAL","name_zh":"布蘭卡山脈","name_ja":"ブランカ山脈","kind":"Range/mtn","scalerank":3,"min_label":5.0,"max_label":8.0}},{"type":"Feature","geometry":{"type":"Point","coordinates":[-71.582,7.645]},"properties":{"name":"CORDILLERA ORIENTAL","name_zh":"秘魯東部山脈","name_ja":"オリエンタル山脈","kind":"Range/mtn","scalerank":3,"min_label":4.0,"max_label":8.0}},{"type":"Feature","geometry":{"type":"Point","coordinates":[-89.369,29.249]},"properties":{"name":"Mississippi Delta","name_zh":"密西西比河三角洲","name_ja":"ミシシッピ川三角地帯","kind":"Delta","scalerank":3,"min_label":5.0,"max_label":8.0}},{"type":"Feature","geometry":{"type":"Point","coordinates":[6.253,5.25]},"properties":{"name":"Niger Delta","name_zh":"尼日爾河三角洲","name_ja":"ニジェール・デルタ","kind":"Delta","scalerank":3,"min_label":4.0,"max_label":8.0}},{"type":"Feature","geometry":{"type":"Point","coordinates":[48.113,46.149]},"properties":{"name":"Volga Delta","name_zh":"伏爾加三角洲","name_ja":"ヴォルガ・デルタ","kind":"Delta","scalerank":3,"min_label":4.0,"max_label":8.0}},{"type":"Feature","geometry":{"type":"Point","coordinates":[29.231,45.123]},"properties":{"name":"Danube Delta","name_zh":"多瑙河三角洲","name_ja":"ドナウ・デルタ","kind":"Delta","scalerank":3,"min_label":5.0,"max_label":8.0}},{"type":"Feature","geometry":{"type":"Point","coordinates":[-50.419,-1.357]},"properties":{"name":"Amazon Delta","name_zh":"亚马逊河三角洲","name_ja":"アマゾン・デルタ","kind":"Delta","scalerank":3,"min_label":4.0,"max_label":8.0}},{"type":"Feature","geometry":{"type":"Point","coordinates":[105.968,10.29]},"properties":{"name":"Mekong Delta","name_zh":"湄公河三角洲","name_ja":"メコンデルタ","kind":"Delta","scalerank":3,"min_label":5.0,"max_label":8.0}},{"type":"Feature","geometry":{"type":"Point","coordinates":[39.55,8.127]},"properties":{"name":"GREAT RIFT VALLEY","name_zh":"東非大裂谷","name_ja":"大地溝帯","kind":"Valley","scalerank":3,"min_label":4.0,"max_label":8.0}},{"type":"Feature","geometry":{"type":"Point","coordinates":[31.618,-6.644]},"properties":{"name":"GREAT RIFT VALLEY","name_zh":"東非大裂谷","name_ja":"大地溝帯","kind":"Valley","scalerank":3,"min_label":3.6,"max_label":8.0}},{"type":"Feature","geometry":{"type":"Point","coordinates":[142.541,-13.313]},"properties":{"name":"CAPE YORK PEN.","name_zh":"约克角半岛","name_ja":"ヨーク岬半島","kind":"Pen/cape","scalerank":3,"min_label":5.0,"max_label":8.0}},{"type":"Feature","geometry":{"type":"Point","coordinates":[134.268,-13.294]},"properties":{"name":"ARNHEM LAND","name_zh":"阿纳姆地","name_ja":"アーネム・ランド","kind":"Pen/cape","scalerank":3,"min_label":5.0,"max_label":8.0}},{"type":"Feature","geometry":{"type":"Point","coordinates":[34.324,45.286]},"properties":{"name":"CRIMEA","name_zh":"克里米亚半岛","name_ja":"クリミア半島","kind":"Pen/cape","scalerank":3,"min_label":4.0,"max_label":8.0}},{"type":"Feature","geometry":{"type":"Point","coordinates":[36.691,67.582]},"properties":{"name":"KOLA PENINSULA","name_zh":"科拉半岛","name_ja":"コラ半島","kind":"Pen/cape","scalerank":3,"min_label":4.0,"max_label":8.0}},{"type":"Feature","geometry":{"type":"Point","coordinates":[105.037,8.848]},"properties":{"name":"Cà Mau Point","name_zh":"加茂角","name_ja":"カマウ岬","kind":"Pen/cape","scalerank":3,"min_label":5.3,"max_label":8.0}},{"type":"Feature","geometry":{"type":"Point","coordinates":[-113.342,27.832]},"properties":{"name":"BAJA CALIFORNIA","name_zh":"下加利福尼亞半島","name_ja":"バハ・カリフォルニア半島","kind":"Pen/cape","scalerank":3,"min_label":4.0,"max_label":8.0}},{"type":"Feature","geometry":{"type":"Point","coordinates":[-89.325,18.859]},"properties":{"name":"PEN. DE YUCATÁN","name_zh":"尤卡坦半岛","name_ja":"ユカタン半島","kind":"Pen/cape","scalerank":3,"min_label":4.0,"max_label":8.0}},{"type":"Feature","geometry":{"type":"Point","coordinates":[-157.084,57.698]},"properties":{"name":"ALASKA PENINSULA","name_zh":"阿拉斯加半島","name_ja":"アラスカ半島","kind":"Pen/cape","scalerank":3,"min_label":4.0,"max_label":8.0}},{"type":"Feature","geometry":{"type":"Point","coordinates":[-81.604,28.075]},"properties":{"name":"FLORIDA","name_zh":"佛罗里达州","name_ja":"フロリダ州","kind":"Pen/cape","scalerank":3,"min_label":4.0,"max_label":8.0}},{"type":"Feature","geometry":{"type":"Point","coordinates":[-63.963,-42.506]},"properties":{"name":"Península Valdés","name_zh":"瓦尔德斯半岛","name_ja":"バルデス半島","kind":"Pen/cape","scalerank":3,"min_label":5.0,"max_label":8.0}},{"type":"Feature","geometry":{"type":"Point","coordinates":[120.407,36.752]},"properties":{"name":"Shandong Pen.","name_zh":"山东半岛","name_ja":"山東半島","kind":"Pen/cape","scalerank":3,"min_label":5.3,"max_label":8.0}},{"type":"Feature","geometry":{"type":"Point","coordinates":[27.186,-10.973]},"properties":{"name":"KATANGA PLATEAU","name_zh":"加丹加高原","name_ja":"カタンガ高原","kind":"Plateau","scalerank":3,"min_label":4.0,"max_label":8.0}},{"type":"Feature","geometry":{"type":"Point","coordinates":[36.847,52.3]},"properties":{"name":"CENTRAL RUSSIAN UPLAND","name_zh":"中俄羅斯高地","name_ja":"中央ロシア高地","kind":"Plateau","scalerank":3,"min_label":4.0,"max_label":8.0}},{"type":"Feature","geometry":{"type":"Point","coordinates":[129.076,57.874]},"properties":{"name":"Aldan Upland","name_zh":"阿尔丹高地","name_ja":"アルダン高地","kind":"Plateau","scalerank":3,"min_label":5.0,"max_label":8.0}},{"type":"Feature","geometry":{"type":"Point","coordinates":[103.835,68.662]},"properties":{"name":"PUTORANA PLATEAU","name_zh":"普托拉納高原","name_ja":"プトラナ台地","kind":"Plateau","scalerank":3,"min_label":4.0,"max_label":8.0}},{"type":"Feature","geometry":{"type":"Point","coordinates":[103.003,26.243]},"properties":{"name":"YUNGUI PLATEAU","name_zh":"云贵高原","name_ja":"雲貴高原","kind":"Plateau","scalerank":3,"min_label":5.0,"max_label":8.0}},{"type":"Feature","geometry":{"type":"Point","coordinates":[102.57,16.769]},"properties":{"name":"Khorat Plat.","name_zh":"呵叻高原","name_ja":"コーラート台地","kind":"Plateau","scalerank":3,"min_label":4.0,"max_label":8.0}},{"type":"Feature","geometry":{"type":"Point","coordinates":[96.673,21.474]},"properties":{"name":"SHAN PLATEAU","name_zh":"掸部高原","name_ja":"シャン丘陵","kind":"Plateau","scalerank":3,"min_label":5.0,"max_label":8.0}},{"type":"Feature","geometry":{"type":"Point","coordinates":[-109.877,37.081]},"properties":{"name":"COLORADO PLATEAU","name_zh":"科羅拉多高原","name_ja":"コロラド高原","kind":"Plateau","scalerank":3,"min_label":4.0,"max_label":8.0}},{"type":"Feature","geometry":{"type":"Point","coordinates":[-117.508,44.989]},"properties":{"name":"COLUMBIA PLAT.","name_zh":"哥伦比亚高原","name_ja":"コロンビア川台地","kind":"Plateau","scalerank":3,"min_label":5.0,"max_label":8.0}},{"type":"Feature","geometry":{"type":"Point","coordinates":[-104.009,26.129]},"properties":{"name":"ALTI-PLANICIE MEXICANA","name_zh":"墨西哥高地","name_ja":"アルティプラニシエ・メヒカーナ高原","kind":"Plateau","scalerank":3,"min_label":5.0,"max_label":8.0}},{"type":"Feature","geometry":{"type":"Point","coordinates":[-78.287,41.464]},"properties":{"name":"ALLEGHENY PLATEAU","name_zh":"阿勒格尼高原","name_ja":"アルゲイニー台地","kind":"Plateau","scalerank":3,"min_label":4.7,"max_label":8.0}},{"type":"Feature","geometry":{"type":"Point","coordinates":[-86.062,36.147]},"properties":{"name":"CUMBERLAND PLAT.","name_zh":"坎伯兰高原","name_ja":"カンバーランド高原","kind":"Plateau","scalerank":3,"min_label":5.2,"max_label":8.0}},{"type":"Feature","geometry":{"type":"Point","coordinates":[-136.848,62.422]},"properties":{"name":"YUKON PLATEAU","name_zh":"育空高原","name_ja":"ユコン・プラトー","kind":"Plateau","scalerank":3,"min_label":3.7,"max_label":8.0}},{"type":"Feature","geometry":{"type":"Point","coordinates":[-68.164,-20.089]},"properties":{"name":"ALTIPLANO","name_zh":"阿尔蒂普拉诺高原","name_ja":"アルティプラーノ","kind":"Plateau","scalerank":3,"min_label":4.0,"max_label":8.0}},{"type":"Feature","geometry":{"type":"Point","coordinates":[-59.214,3.2]},"properties":{"name":"GUIANA SHIELD","name_zh":"圭亚那地盾","name_ja":"ギアナ高地","kind":"Plateau","scalerank":3,"min_label":4.0,"max_label":8.0}},{"type":"Feature","geometry":{"type":"Point","coordinates":[-49.555,-14.03]},"properties":{"name":"PLANALTO CENTRAL","name_zh":"巴西高原","name_ja":"ブラジル高原","kind":"Plateau","scalerank":3,"min_label":4.0,"max_label":8.0}},{"type":"Feature","geometry":{"type":"Point","coordinates":[-104.528,65.24]},"properties":{"name":"BARREN GROUNDS","name_zh":"贫瘠之地","name_ja":"バーレン・グラウンズ","kind":"Tundra","scalerank":3,"min_label":3.7,"max_label":8.0}},{"type":"Feature","geometry":{"type":"Point","coordinates":[127.986,-31.048]},"properties":{"name":"NULLARBOR PLAIN","name_zh":"纳拉伯平原","name_ja":"ナラボー平原","kind":"Plain","scalerank":3,"min_label":5.0,"max_label":8.0}},{"type":"Feature","geometry":{"type":"Point","coordinates":[-155.151,69.605]},"properties":{"name":"NORTH SLOPE","name_zh":"阿拉斯加北坡","name_ja":"アラスカ北極圏","kind":"Plain","scalerank":3,"min_label":4.0,"max_label":8.0}},{"type":"Feature","geometry":{"type":"Point","coordinates":[-60.196,-21.118]},"properties":{"name":"CHACO BOREAL","name_zh":"北查科","name_ja":"チャコ・ボレアル平野","kind":"Plain","scalerank":3,"min_label":4.0,"max_label":8.0}},{"type":"Feature","geometry":{"type":"Point","coordinates":[-61.685,-27.377]},"properties":{"name":"CHACO AUSTRAL","name_zh":"南查科","name_ja":"チャコ・アウストラル平野","kind":"Plain","scalerank":3,"min_label":5.0,"max_label":8.0}},{"type":"Feature","geometry":{"type":"Point","coordinates":[14.162,-21.325]},"properties":{"name":"NAMIB DESERT","name_zh":"納米比沙漠","name_ja":"ナミブ砂漠","kind":"Desert","scalerank":3,"min_label":4.0,"max_label":8.0}},{"type":"Feature","geometry":{"type":"Point","coordinates":[28.331,27.423]},"properties":{"name":"WESTERN DESERT","name_zh":"西部沙漠","name_ja":"西部砂漠","kind":"Desert","scalerank":3,"min_label":3.7,"max_label":8.0}},{"type":"Feature","geometry":{"type":"Point","coordinates":[33.655,20.354]},"properties":{"name":"NUBIAN DESERT","name_zh":"努比亞沙漠","name_ja":"ヌビア砂漠","kind":"Desert","scalerank":3,"min_label":4.0,"max_label":8.0}},{"type":"Feature","geometry":{"type":"Point","coordinates":[124.925,-20.612]},"properties":{"name":"GREAT SANDY DESERT","name_zh":"大沙沙漠","name_ja":"グレートサンディ砂漠","kind":"Desert","scalerank":3,"min_label":4.7,"max_label":8.0}},{"type":"Feature","geometry":{"type":"Point","coordinates":[25.828,20.926]},"properties":{"name":"LIBYAN DESERT","name_zh":"利比亚沙漠","name_ja":"リビア砂漠","kind":"Desert","scalerank":3,"min_label":4.0,"max_label":8.0}},{"type":"Feature","geometry":{"type":"Point","coordinates":[127.937,-28.245]},"properties":{"name":"GREAT VICTORIA DESERT","name_zh":"大维多利亚沙漠","name_ja":"グレートビクトリア砂漠","kind":"Desert","scalerank":3,"min_label":5.0,"max_label":8.0}},{"type":"Feature","geometry":{"type":"Point","coordinates":[71.84,27.452]},"properties":{"name":"THAR DESERT","name_zh":"塔尔沙漠","name_ja":"タール砂漠","kind":"Desert","scalerank":3,"min_label":4.0,"max_label":8.0}},{"type":"Feature","geometry":{"type":"Point","coordinates":[40.145,32.333]},"properties":{"name":"SYRIAN DESERT","name_zh":"叙利亚沙漠","name_ja":"シリア砂漠","kind":"Desert","scalerank":3,"min_label":4.0,"max_label":8.0}},{"type":"Feature","geometry":{"type":"Point","coordinates":[60.735,39.647]},"properties":{"name":"GARAGUM DESERT","name_zh":"卡拉庫姆沙漠","name_ja":"カラクム砂漠","kind":"Desert","scalerank":3,"min_label":4.0,"max_label":8.0}},{"type":"Feature","geometry":{"type":"Point","coordinates":[63.936,43.382]},"properties":{"name":"QIZILQUM DESERT","name_zh":"克孜勒库姆沙漠","name_ja":"キジルクム砂漠","kind":"Desert","scalerank":3,"min_label":4.0,"max_label":8.0}},{"type":"Feature","geometry":{"type":"Point","coordinates":[-69.52,-23.124]},"properties":{"name":"DESIERTO DE ATACAMA","name_zh":"阿他加马沙漠","name_ja":"アタカマ砂漠","kind":"Desert","scalerank":3,"min_label":4.0,"max_label":8.0}},{"type":"Feature","geometry":{"type":"Point","coordinates":[-94.707,17.345]},"properties":{"name":"Istmo de Tehuantepec","name_zh":"特万特佩克地峡","name_ja":"テワンテペク地峡","kind":"Isthmus","scalerank":3,"min_label":5.0,"max_label":8.0}},{"type":"Feature","geometry":{"type":"Point","coordinates":[-78.815,9.06]},"properties":{"name":"Is. de Panamá","name_zh":"巴拿馬地峽","name_ja":"パナマ地峡","kind":"Isthmus","scalerank":3,"min_label":5.3,"max_label":8.0}},{"type":"Feature","geometry":{"type":"Point","coordinates":[145.605,-31.21]},"properties":{"name":"MURRAY-DARLING BASIN","name_zh":"墨累-達令流域","name_ja":"マレー・ダーリング盆地","kind":"Basin","scalerank":3,"min_label":4.7,"max_label":8.0}},{"type":"Feature","geometry":{"type":"Point","coordinates":[105.257,30.321]},"properties":{"name":"SICHUAN BASIN","name_zh":"四川盆地","name_ja":"四川盆地","kind":"Basin","scalerank":3,"min_label":4.0,"max_label":8.0}},{"type":"Feature","geometry":{"type":"Point","coordinates":[83.225,39.306]},"properties":{"name":"TARIM BASIN","name_zh":"塔里木盆地","name_ja":"タリム盆地","kind":"Basin","scalerank":3,"min_label":4.0,"max_label":8.0}},{"type":"Feature","geometry":{"type":"Point","coordinates":[98.841,9.904]},"properties":{"name":"ISTHMUS OF KRA","name_zh":"克拉地峡","name_ja":"クラ地峡","kind":"Isthmus","scalerank":3,"min_label":5.0,"max_label":8.0}},{"type":"Feature","geometry":{"type":"Point","coordinates":[-81.04,35.368]},"properties":{"name":"PIEDMONT","name_zh":"皮埃蒙特","name_ja":"ピードモント台地","kind":"Foothills","scalerank":3,"min_label":5.2,"max_label":8.0}},{"type":"Feature","geometry":{"type":"Point","coordinates":[-65.905,-13.867]},"properties":{"name":"YUNGAS","name_zh":"永加云林","name_ja":"ユンガス","kind":"Foothills","scalerank":3,"min_label":4.0,"max_label":8.0}},{"type":"Feature","geometry":{"type":"Point","coordinates":[-57.109,-18.017]},"properties":{"name":"PANTANAL","name_zh":"潘塔納爾濕地","name_ja":"パンタナル","kind":"Wetlands","scalerank":3,"min_label":4.0,"max_label":8.0}},{"type":"Feature","geometry":{"type":"Point","coordinates":[107.96,71.903]},"properties":{"name":"NORTH SIBERIAN LOWLAND","name_zh":"北西伯利亞低地","name_ja":"北シベリア低地","kind":"Lowland","scalerank":3,"min_label":4.0,"max_label":8.0}},{"type":"Feature","geometry":{"type":"Point","coordinates":[79.763,61.778]},"properties":{"name":"WESTERN SIBERIAN PLAIN","name_zh":"西西伯利亚平原","name_ja":"西シベリア平原","kind":"Lowland","scalerank":3,"min_label":4.0,"max_label":8.0}},{"type":"Feature","geometry":{"type":"Point","coordinates":[49.762,46.995]},"properties":{"name":"CASPIAN DEPRESSION","name_zh":"裡海盆地","name_ja":"カスピ海沿岸低地","kind":"Lowland","scalerank":3,"min_label":4.0,"max_label":8.0}},{"type":"Feature","geometry":{"type":"Point","coordinates":[31.483,7.824]},"properties":{"name":"SUDD","name_zh":"蘇德沼澤","name_ja":"スッド","kind":"Geoarea","scalerank":3,"min_label":4.0,"max_label":8.0}},{"type":"Feature","geometry":{"type":"Point","coordinates":[-57.944,79.659]},"properties":{"name":"KNUD RASMUSSEN LAND","name_zh":"克努德拉斯穆森土地","name_ja":"クヌート・ラスムッセン・ランド","kind":"Geoarea","scalerank":3,"min_label":4.0,"max_label":8.0}},{"type":"Feature","geometry":{"type":"Point","coordinates":[42.759,34.54]},"properties":{"name":"Mesopotamia","name_zh":"美索不达米亚","name_ja":"メソポタミア","kind":"Geoarea","scalerank":3,"min_label":4.0,"max_label":8.0}},{"type":"Feature","geometry":{"type":"Point","coordinates":[105.812,75.36]},"properties":{"name":"TAYMYR PENINSULA","name_zh":"泰梅爾半島","name_ja":"タイミル半島","kind":"Pen/cape","scalerank":2,"min_label":3.5,"max_label":7.0}},{"type":"Feature","geometry":{"type":"Point","coordinates":[70.334,69.896]},"properties":{"name":"YAMAL PENINSULA","name_zh":"亚马尔半岛","name_ja":"ヤマル半島","kind":"Pen/cape","scalerank":2,"min_label":3.5,"max_label":7.0}},{"type":"Feature","geometry":{"type":"Point","coordinates":[160.007,56.704]},"properties":{"name":"KAMCHATKA PENINSULA","name_zh":"堪察加半島","name_ja":"カムチャツカ半島","kind":"Pen/cape","scalerank":2,"min_label":3.5,"max_label":7.0}},{"type":"Feature","geometry":{"type":"Point","coordinates":[101.507,5.147]},"properties":{"name":"MALAY PENINSULA","name_zh":"马来半岛","name_ja":"マレー半島","kind":"Pen/cape","scalerank":2,"min_label":4.0,"max_label":7.0}},{"type":"Feature","geometry":{"type":"Point","coordinates":[-116.659,39.6]},"properties":{"name":"GREAT BASIN","name_zh":"大盆地","name_ja":"グレートベースン","kind":"Basin","scalerank":2,"min_label":5.0,"max_label":7.0}},{"type":"Feature","geometry":{"type":"Point","coordinates":[141.635,-26.132]},"properties":{"name":"GREAT ARTESIAN BASIN","name_zh":"大自流盆地","name_ja":"グレートアーテジアン盆地","kind":"Basin","scalerank":2,"min_label":5.3,"max_label":7.0}},{"type":"Feature","geometry":{"type":"Point","coordinates":[38.056,9.938]},"properties":{"name":"ETHIOPIAN HIGHLANDS","name_zh":"衣索比亞高原","name_ja":"エチオピア高原","kind":"Range/mtn","scalerank":2,"min_label":3.5,"max_label":7.0}},{"type":"Feature","geometry":{"type":"Point","coordinates":[51.088,30.853]},"properties":{"name":"ZAGROS MOUNTAINS","name_zh":"札格羅斯山脈","name_ja":"ザグロス山脈","kind":"Range/mtn","scalerank":2,"min_label":4.0,"max_label":7.0}},{"type":"Feature","geometry":{"type":"Point","coordinates":[90.513,47.721]},"properties":{"name":"ALTAY MOUNTAINS","name_zh":"阿尔泰山脉","name_ja":"アルタイ山脈","kind":"Range/mtn","scalerank":2,"min_label":4.0,"max_label":7.0}},{"type":"Feature","geometry":{"type":"Point","coordinates":[121.236,48.509]},"properties":{"name":"GREATER KHINGAN RANGE","name_zh":"大兴安岭","name_ja":"大興安嶺山脈","kind":"Range/mtn","scalerank":2,"min_label":5.0,"max_label":7.0}},{"type":"Feature","geometry":{"type":"Point","coordinates":[130.24,55.934]},"properties":{"name":"STANOVOY RANGE","name_zh":"外兴安岭","name_ja":"スタノヴォイ山脈","kind":"Range/mtn","scalerank":2,"min_label":4.0,"max_label":7.0}},{"type":"Feature","geometry":{"type":"Point","coordinates":[106.196,16.428]},"properties":{"name":"CHAÎNE ANNAMITIQUE","name_zh":"安南山脉","name_ja":"アンナン山脈","kind":"Range/mtn","scalerank":2,"min_label":5.0,"max_label":7.0}},{"type":"Feature","geometry":{"type":"Point","coordinates":[83.191,28.097]},"properties":{"name":"Siwalik Hills","name_zh":"西瓦利克山脉","name_ja":"シワリク丘陵","kind":"Range/mtn","scalerank":2,"min_label":3.5,"max_label":7.0}},{"type":"Feature","geometry":{"type":"Point","coordinates":[73.667,38.414]},"properties":{"name":"PAMIRS","name_zh":"帕米爾高原","name_ja":"パミール高原","kind":"Range/mtn","scalerank":2,"min_label":4.0,"max_label":7.0}},{"type":"Feature","geometry":{"type":"Point","coordinates":[71.464,35.772]},"properties":{"name":"HINDU KUSH","name_zh":"興都庫什山脈","name_ja":"ヒンドゥークシュ山脈","kind":"Range/mtn","scalerank":2,"min_label":4.0,"max_label":7.0}},{"type":"Feature","geometry":{"type":"Point","coordinates":[77.49,35.529]},"properties":{"name":"KARAKORAM RA.","name_zh":"喀喇昆仑山脉","name_ja":"カラコルム山脈","kind":"Range/mtn","scalerank":2,"min_label":4.0,"max_label":7.0}},{"type":"Feature","geometry":{"type":"Point","coordinates":[88.006,36.279]},"properties":{"name":"KUNLUN MOUNTAINS","name_zh":"昆仑山脉","name_ja":"崑崙山脈","kind":"Range/mtn","scalerank":2,"min_label":4.0,"max_label":7.0}},{"type":"Feature","geometry":{"type":"Point","coordinates":[-0.997,33.641]},"properties":{"name":"ATLAS MOUNTAINS","name_zh":"阿特拉斯山脈","name_ja":"アトラス山脈","kind":"Range/mtn","scalerank":2,"min_label":3.5,"max_label":7.0}},{"type":"Feature","geometry":{"type":"Point","coordinates":[-78.27,40.303]},"properties":{"name":"APPALACHIAN MTS.","name_zh":"阿巴拉契亚山脉","name_ja":"アパラチア山脈","kind":"Range/mtn","scalerank":2,"min_label":3.5,"max_label":7.0}},{"type":"Feature","geometry":{"type":"Point","coordinates":[-152.873,68.81]},"properties":{"name":"BROOKS RANGE","name_zh":"布鲁克斯山脉","name_ja":"ブルックス山脈","kind":"Range/mtn","scalerank":2,"min_label":3.5,"max_label":7.0}},{"type":"Feature","geometry":{"type":"Point","coordinates":[-129.015,54.736]},"properties":{"name":"COAST MOUNTAINS","name_zh":"海岸山脈","name_ja":"コースト山脈","kind":"Range/mtn","scalerank":2,"min_label":3.5,"max_label":7.0}},{"type":"Feature","geometry":{"type":"Point","coordinates":[-121.394,46.521]},"properties":{"name":"CASCADE RANGE","name_zh":"喀斯喀特山脉","name_ja":"カスケード山脈","kind":"Range/mtn","scalerank":2,"min_label":3.5,"max_label":7.0}},{"type":"Feature","geometry":{"type":"Point","coordinates":[-149.238,62.866]},"properties":{"name":"ALASKA RANGE","name_zh":"阿拉斯加山脈","name_ja":"アラスカ山脈","kind":"Range/mtn","scalerank":2,"min_label":4.0,"max_label":7.0}},{"type":"Feature","geometry":{"type":"Point","coordinates":[124.298,45.247]},"properties":{"name":"MANCHURIAN PLAIN","name_zh":"东北平原","name_ja":"東北平原","kind":"Plain","scalerank":2,"min_label":4.0,"max_label":7.0}},{"type":"Feature","geometry":{"type":"Point","coordinates":[62.527,41.739]},"properties":{"name":"TURAN LOWLAND","name_zh":"图兰低地","name_ja":"トゥラン低地","kind":"Plain","scalerank":2,"min_label":5.0,"max_label":7.0}},{"type":"Feature","geometry":{"type":"Point","coordinates":[14.347,15.878]},"properties":{"name":"SAHEL","name_zh":"萨赫勒平原","name_ja":"サヘル川","kind":"Plain","scalerank":2,"min_label":3.5,"max_label":7.0}},{"type":"Feature","geometry":{"type":"Point","coordinates":[42.933,49.411]},"properties":{"name":"PONTIC STEPPE","name_zh":"東歐大草原","name_ja":"ポントス・ステップ","kind":"Plain","scalerank":2,"min_label":4.0,"max_label":7.0}},{"type":"Feature","geometry":{"type":"Point","coordinates":[-86.189,30.608]},"properties":{"name":"COASTAL PLAIN","name_zh":"海濱平原","name_ja":"大西洋海岸平野","kind":"Plain","scalerank":2,"min_label":3.5,"max_label":7.0}},{"type":"Feature","geometry":{"type":"Point","coordinates":[-91.27,42.544]},"properties":{"name":"CENTRAL LOWLAND","name_zh":"中央低地","name_ja":"中央低地","kind":"Plain","scalerank":2,"min_label":4.0,"max_label":7.0}},{"type":"Feature","geometry":{"type":"Point","coordinates":[-60.831,-23.838]},"properties":{"name":"GRAN CHACO","name_zh":"大查科","name_ja":"グランチャコ","kind":"Plain","scalerank":2,"min_label":3.5,"max_label":7.0}},{"type":"Feature","geometry":{"type":"Point","coordinates":[-68.473,7.122]},"properties":{"name":"LLANOS","name_zh":"洛斯亞諾斯","name_ja":"リャノ","kind":"Plain","scalerank":2,"min_label":3.5,"max_label":7.0}},{"type":"Feature","geometry":{"type":"Point","coordinates":[-62.94,-33.958]},"properties":{"name":"PAMPAS","name_zh":"潘帕","name_ja":"パンパ","kind":"Plain","scalerank":2,"min_label":3.5,"max_label":7.0}},{"type":"Feature","geometry":{"type":"Point","coordinates":[84.122,25.909]},"properties":{"name":"GANGES PLAIN","name_zh":"中央平原","name_ja":"ヒンドスタン平野","kind":"Plain","scalerank":2,"min_label":4.0,"max_label":7.0}},{"type":"Feature","geometry":{"type":"Point","coordinates":[-46.429,-15.456]},"properties":{"name":"BRAZILIAN HIGHLANDS","name_zh":"巴西高原","name_ja":"ブラジル高原","kind":"Plateau","scalerank":2,"min_label":4.0,"max_label":7.0}},{"type":"Feature","geometry":{"type":"Point","coordinates":[107.751,64.962]},"properties":{"name":"CENTRAL SIBERIAN PLATEAU","name_zh":"中西伯利亞高原","name_ja":"中央シベリア高原","kind":"Plateau","scalerank":2,"min_label":3.5,"max_label":7.0}},{"type":"Feature","geometry":{"type":"Point","coordinates":[107.701,45.672]},"properties":{"name":"MONGOLIAN PLATEAU","name_zh":"蒙古高原","name_ja":"モンゴル高原","kind":"Plateau","scalerank":2,"min_label":4.0,"max_label":7.0}},{"type":"Feature","geometry":{"type":"Point","coordinates":[77.342,17.078]},"properties":{"name":"DECCAN PLATEAU","name_zh":"德干高原","name_ja":"デカン高原","kind":"Plateau","scalerank":2,"min_label":4.0,"max_label":7.0}},{"type":"Feature","geometry":{"type":"Point","coordinates":[-56.257,-10.649]},"properties":{"name":"PLANALTO DO MATO GROSSO","name_zh":"马托格罗索高原","name_ja":"プラナウト・ド・マト・グロッソ","kind":"Plateau","scalerank":2,"min_label":4.0,"max_label":7.0}},{"type":"Feature","geometry":{"type":"Point","coordinates":[71.643,40.644]},"properties":{"name":"Fergana Valley","name_zh":"费尔干纳盆地","name_ja":"フェルガナ盆地","kind":"Valley","scalerank":2,"min_label":4.0,"max_label":7.0}},{"type":"Feature","geometry":{"type":"Point","coordinates":[44.515,5.634]},"properties":{"name":"SOMALI PENINSULA","name_zh":"非洲之角","name_ja":"アフリカの角","kind":"Pen/cape","scalerank":2,"min_label":4.0,"max_label":7.0}},{"type":"Feature","geometry":{"type":"Point","coordinates":[22.004,42.356]},"properties":{"name":"BALKAN PEN.","name_zh":"巴尔干半岛","name_ja":"バルカン半島","kind":"Pen/cape","scalerank":2,"min_label":3.5,"max_label":7.0}},{"type":"Feature","geometry":{"type":"Point","coordinates":[70.647,44.788]},"properties":{"name":"BETPAQDALA DESERT","name_zh":"贝帕克达拉沙漠","name_ja":"ベトパクダラ砂漠","kind":"Desert","scalerank":2,"min_label":5.0,"max_label":7.0}},{"type":"Feature","geometry":{"type":"Point","coordinates":[73.923,30.966]},"properties":{"name":"PUNJAB","name_zh":"旁遮普地区","name_ja":"パンジャーブ","kind":"Desert","scalerank":2,"min_label":3.5,"max_label":7.0}},{"type":"Feature","geometry":{"type":"Point","coordinates":[50.544,20.216]},"properties":{"name":"RUB’ AL KHALI","name_zh":"鲁卜哈利沙漠","name_ja":"ルブアルハリ砂漠","kind":"Desert","scalerank":2,"min_label":4.0,"max_label":7.0}},{"type":"Feature","geometry":{"type":"Point","coordinates":[-40.131,-6.501]},"properties":{"name":"CAATINGAS","name_zh":"卡廷加","name_ja":"カーチンガ","kind":"Desert","scalerank":2,"min_label":4.0,"max_label":7.0}},{"type":"Feature","geometry":{"type":"Point","coordinates":[20.311,-23.614]},"properties":{"name":"KALAHARI DESERT","name_zh":"喀拉哈里沙漠","name_ja":"カラハリ砂漠","kind":"Desert","scalerank":2,"min_label":3.5,"max_label":7.0}},{"type":"Feature","geometry":{"type":"Point","coordinates":[56.03,67.03]},"properties":{"name":"Bol’shezemel’skaya Tundra","name_zh":"博尔谢泽梅尔斯卡亚苔原","name_ja":"ボリシェゼメリスカヤ・ツンドラ","kind":"Tundra","scalerank":2,"min_label":4.0,"max_label":7.0}},{"type":"Feature","geometry":{"type":"Point","coordinates":[-72.722,-4.803]},"properties":{"name":"SELVAS","name_zh":"塞尔瓦山麓","name_ja":"セルバス","kind":"Foothills","scalerank":2,"min_label":4.0,"max_label":7.0}},{"type":"Feature","geometry":{"type":"Point","coordinates":[35.335,39.002]},"properties":{"name":"ANATOLIA","name_zh":"安納托利亞","name_ja":"アナトリア半島","kind":"Geoarea","scalerank":2,"min_label":3.5,"max_label":7.0}},{"type":"Feature","geometry":{"type":"Point","coordinates":[-69.389,-43.416]},"properties":{"name":"PATAGONIA","name_zh":"巴塔哥尼亞","name_ja":"パタゴニア","kind":"Geoarea","scalerank":2,"min_label":3.5,"max_label":7.0}},{"type":"Feature","geometry":{"type":"Point","coordinates":[-75.007,45.631]},"properties":{"name":"CANADIAN SHIELD","name_zh":"加拿大盾地","name_ja":"カナダ楯状地","kind":"Tundra","scalerank":1,"min_label":3.0,"max_label":6.0}},{"type":"Feature","geometry":{"type":"Point","coordinates":[-88.737,57.197]},"properties":{"name":"CANADIAN SHIELD","name_zh":"加拿大盾地","name_ja":"カナダ楯状地","kind":"Tundra","scalerank":1,"min_label":3.0,"max_label":6.0}},{"type":"Feature","geometry":{"type":"Point","coordinates":[148.198,-26.133]},"properties":{"name":"GREAT DIVIDING RANGE","name_zh":"大分水岭","name_ja":"グレートディヴァイディング山脈","kind":"Range/mtn","scalerank":1,"min_label":3.5,"max_label":6.0}},{"type":"Feature","geometry":{"type":"Point","coordinates":[10.236,46.438]},"properties":{"name":"ALPS","name_zh":"阿尔卑斯山","name_ja":"アルプス山脈","kind":"Range/mtn","scalerank":1,"min_label":2.0,"max_label":8.0}},{"type":"Feature","geometry":{"type":"Point","coordinates":[81.948,42.294]},"properties":{"name":"TIAN SHAN","name_zh":"天山山脈","name_ja":"天山山脈","kind":"Range/mtn","scalerank":1,"min_label":2.0,"max_label":6.0}},{"type":"Feature","geometry":{"type":"Point","coordinates":[59.452,59.248]},"properties":{"name":"URAL MOUNTAINS","name_zh":"乌拉尔山脉","name_ja":"ウラル山脈","kind":"Range/mtn","scalerank":1,"min_label":2.0,"max_label":6.0}},{"type":"Feature","geometry":{"type":"Point","coordinates":[43.753,43.014]},"properties":{"name":"CAUCASUS MTS.","name_zh":"高加索山脉","name_ja":"コーカサス山脈","kind":"Range/mtn","scalerank":1,"min_label":2.0,"max_label":6.0}},{"type":"Feature","geometry":{"type":"Point","coordinates":[85.046,29.46]},"properties":{"name":"HIMALAYAS","name_zh":"喜马拉雅山脉","name_ja":"ヒマラヤ山脈","kind":"Range/mtn","scalerank":1,"min_label":2.0,"max_label":6.0}},{"type":"Feature","geometry":{"type":"Point","coordinates":[-71.572,-17.835]},"properties":{"name":"ANDES","name_zh":"安地斯山脈","name_ja":"アンデス山脈","kind":"Range/mtn","scalerank":1,"min_label":2.0,"max_label":5.0}},{"type":"Feature","geometry":{"type":"Point","coordinates":[-113.154,46.17]},"properties":{"name":"ROCKY MOUNTAINS","name_zh":"洛磯山脈","name_ja":"ロッキー山脈","kind":"Range/mtn","scalerank":1,"min_label":2.0,"max_label":6.0}},{"type":"Feature","geometry":{"type":"Point","coordinates":[117.173,34.897]},"properties":{"name":"NORTH CHINA PLAIN","name_zh":"华北平原","name_ja":"華北平原","kind":"Plain","scalerank":1,"min_label":3.0,"max_label":6.0}},{"type":"Feature","geometry":{"type":"Point","coordinates":[69.484,51.071]},"properties":{"name":"KAZAKH STEPPE","name_zh":"哈薩克草原","name_ja":"カザフステップ","kind":"Plain","scalerank":1,"min_label":3.0,"max_label":6.0}},{"type":"Feature","geometry":{"type":"Point","coordinates":[36.834,59.967]},"properties":{"name":"NORTHERN EUROPEAN PLAIN","name_zh":"北歐平原","name_ja":"北ヨーロッパ平野","kind":"Plain","scalerank":1,"min_label":3.0,"max_label":6.0}},{"type":"Feature","geometry":{"type":"Point","coordinates":[-103.089,42.9]},"properties":{"name":"GREAT PLAINS","name_zh":"大平原","name_ja":"グレートプレーンズ","kind":"Plain","scalerank":1,"min_label":3.0,"max_label":6.0}},{"type":"Feature","geometry":{"type":"Point","coordinates":[21.449,-1.07]},"properties":{"name":"CONGO BASIN","name_zh":"刚果盆地","name_ja":"コンゴ盆地","kind":"Basin","scalerank":1,"min_label":2.0,"max_label":6.0}},{"type":"Feature","geometry":{"type":"Point","coordinates":[-61.941,-7.015]},"properties":{"name":"AMAZON BASIN","name_zh":"亞馬遜盆地","name_ja":"アマゾン盆地","kind":"Basin","scalerank":1,"min_label":2.0,"max_label":6.0}},{"type":"Feature","geometry":{"type":"Point","coordinates":[77.796,22.854]},"properties":{"name":"INDIA","name_zh":"印度次大陸","name_ja":"インド亜大陸","kind":"Pen/cape","scalerank":1,"min_label":2.0,"max_label":5.0}},{"type":"Feature","geometry":{"type":"Point","coordinates":[16.36,63.84]},"properties":{"name":"SCANDINAVIA","name_zh":"斯堪的纳维亚","name_ja":"スカンディナヴィア","kind":"Pen/cape","scalerank":1,"min_label":3.0,"max_label":6.0}},{"type":"Feature","geometry":{"type":"Point","coordinates":[101.149,18.129]},"properties":{"name":"INDOCHINA PENINSULA","name_zh":"陆地东南亚","name_ja":"東南アジア本土","kind":"Pen/cape","scalerank":1,"min_label":3.0,"max_label":6.0}},{"type":"Feature","geometry":{"type":"Point","coordinates":[46.523,22.609]},"properties":{"name":"ARABIAN PENINSULA","name_zh":"阿拉伯半岛","name_ja":"アラビア半島","kind":"Pen/cape","scalerank":1,"min_label":2.0,"max_label":6.0}},{"type":"Feature","geometry":{"type":"Point","coordinates":[106.252,43.026]},"properties":{"name":"GOBI DESERT","name_zh":"大漠","name_ja":"ゴビ砂漠","kind":"Desert","scalerank":1,"min_label":3.0,"max_label":6.0}},{"type":"Feature","geometry":{"type":"Point","coordinates":[11.886,21.53]},"properties":{"name":"SAHARA","name_zh":"撒哈拉沙漠","name_ja":"サハラ砂漠","kind":"Desert","scalerank":1,"min_label":3.0,"max_label":6.0}},{"type":"Feature","geometry":{"type":"Point","coordinates":[125.487,-25.0]},"properties":{"name":"WESTERN PLATEAU","name_zh":"澳大利亚西部高原","name_ja":"西部高原","kind":"Plateau","scalerank":1,"min_label":5.0,"max_label":6.0}},{"type":"Feature","geometry":{"type":"Point","coordinates":[-4.236,40.289]},"properties":{"name":"PENÍNSULA IBÉRICA","name_zh":"伊比利亚半岛","name_ja":"イベリア半島","kind":"Plateau","scalerank":1,"min_label":3.0,"max_label":6.0}},{"type":"Feature","geometry":{"type":"Point","coordinates":[90.304,33.375]},"properties":{"name":"PLATEAU OF TIBET","name_zh":"青藏高原","name_ja":"チベット高原","kind":"Plateau","scalerank":1,"min_label":3.0,"max_label":6.0}},{"type":"Feature","geometry":{"type":"Point","coordinates":[-87.913,15.118]},"properties":{"name":"CENTRAL AMERICA","name_zh":"中美洲","name_ja":"中央アメリカ","kind":"Isthmus","scalerank":1,"min_label":2.0,"max_label":6.0}},{"type":"Feature","geometry":{"type":"Point","coordinates":[-153.302,64.786]},"properties":{"name":"ALASKA","name_zh":"阿拉斯加州","name_ja":"アラスカ州","kind":"Geoarea","scalerank":1,"min_label":2.0,"max_label":6.0}},{"type":"Feature","geometry":{"type":"Point","coordinates":[110.022,61.46]},"properties":{"name":"SIBERIA","name_zh":"西伯利亚","name_ja":"シベリア","kind":"Geoarea","scalerank":1,"min_label":2.0,"max_label":6.0}},{"type":"Feature","geometry":{"type":"Point","coordinates":[86.497,-79.227]},"properties":{"name":"East Antarctica","name_zh":"东部南极洲","name_ja":"東南極","kind":"Geoarea","scalerank":1,"min_label":2.0,"max_label":6.0}},{"type":"Feature","geometry":{"type":"Point","coordinates":[-83.871,-82.692]},"properties":{"name":"West Antarctica","name_zh":"西部南极洲","name_ja":"西南極","kind":"Geoarea","scalerank":1,"min_label":2.0,"max_label":6.0}},{"type":"Feature","geometry":{"type":"Point","coordinates":[168.895,-71.865]},"properties":{"name":"Admiralty Mountains","name_zh":"阿德默勒爾蒂山脈","name_ja":"アドミラルティ山脈","kind":"Range/mtn","scalerank":4,"min_label":5.3,"max_label":9.0}},{"type":"Feature","geometry":{"type":"Point","coordinates":[161.207,-76.536]},"properties":{"name":"Prince Albert Mountains","name_zh":"阿爾伯特親王山脈","name_ja":"プリンス・アルバート山脈","kind":"Range/mtn","scalerank":4,"min_label":5.3,"max_label":9.0}},{"type":"Feature","geometry":{"type":"Point","coordinates":[167.405,-84.127]},"properties":{"name":"Queen Alexandra Range","name_zh":"亞歷山德拉皇后山脈","name_ja":"アレクサンドラ王妃山脈","kind":"Range/mtn","scalerank":4,"min_label":5.3,"max_label":9.0}},{"type":"Feature","geometry":{"type":"Point","coordinates":[163.899,-73.584]},"properties":{"name":"Victoria Land","name_zh":"维多利亚地","name_ja":"ヴィクトリア・ランド","kind":"Geoarea","scalerank":3,"min_label":4.0,"max_label":8.0}},{"type":"Feature","geometry":{"type":"Point","coordinates":[154.17,-68.664]},"properties":{"name":"Mawson Peninsula","name_zh":"莫森半島","name_ja":"モーソン半島","kind":"Peninsula","scalerank":6,"min_label":6.0,"max_label":11.0}},{"type":"Feature","geometry":{"type":"Point","coordinates":[165.35,-81.151]},"properties":{"name":"Transantarctic Mountains","name_zh":"横贯南极山脉","name_ja":"南極横断山脈","kind":"Range/mtn","scalerank":1,"min_label":2.0,"max_label":6.0}},{"type":"Feature","geometry":{"type":"Point","coordinates":[152.414,-74.596]},"properties":{"name":"Talos Dome","name_zh":"塔洛斯穹","name_ja":"タロスドーム","kind":"Plateau","scalerank":2,"min_label":3.5,"max_label":7.0}},{"type":"Feature","geometry":{"type":"Point","coordinates":[118.378,-78.257]},"properties":{"name":"Wilkes Land","name_zh":"威尔克斯地","name_ja":"ウィルクスランド","kind":"Geoarea","scalerank":2,"min_label":3.5,"max_label":7.0}},{"type":"Feature","geometry":{"type":"Point","coordinates":[73.244,-74.155]},"properties":{"name":"American Highland","name_zh":"美國高地","name_ja":"アメリカ高原","kind":"Plateau","scalerank":2,"min_label":3.5,"max_label":7.0}},{"type":"Feature","geometry":{"type":"Point","coordinates":[66.311,-70.783]},"properties":{"name":"MacRobertson Land","name_zh":"麦克罗伯特森地","name_ja":"マック・ロバートソン・ランド","kind":"Geoarea","scalerank":3,"min_label":4.0,"max_label":8.0}},{"type":"Feature","geometry":{"type":"Point","coordinates":[62.93,-68.337]},"properties":{"name":"Mawson Coast","name_zh":"莫森海岸","name_ja":"モーソン海岸","kind":"Coast","scalerank":3,"min_label":4.0,"max_label":8.0}},{"type":"Feature","geometry":{"type":"Point","coordinates":[46.369,-75.178]},"properties":{"name":"Enderby Land","name_zh":"恩德比地","name_ja":"エンダービーランド","kind":"Geoarea","scalerank":3,"min_label":4.0,"max_label":8.0}},{"type":"Feature","geometry":{"type":"Point","coordinates":[33.763,-69.323]},"properties":{"name":"Riiser-Larsen Peninsula","name_zh":"里瑟-拉森半島","name_ja":"リーセル・ラルセン半島","kind":"Peninsula","scalerank":5,"min_label":6.0,"max_label":10.0}},{"type":"Feature","geometry":{"type":"Point","coordinates":[27.596,-72.113]},"properties":{"name":"Princess Ragnhild Coast","name_zh":"朗希尔德公主海岸","name_ja":"プリンセスラグンヒル海岸","kind":"Coast","scalerank":3,"min_label":4.0,"max_label":8.0}},{"type":"Feature","geometry":{"type":"Point","coordinates":[12.553,-72.18]},"properties":{"name":"Princess Astrid Coast","name_zh":"阿斯特里德公主海岸","name_ja":"プリンセスアストリッド海岸","kind":"Coast","scalerank":3,"min_label":4.0,"max_label":8.0}},{"type":"Feature","geometry":{"type":"Point","coordinates":[13.875,-78.008]},"properties":{"name":"Queen Maud Land","name_zh":"毛德皇后地","name_ja":"ドローニング・モード・ランド","kind":"Geoarea","scalerank":2,"min_label":3.5,"max_label":7.0}},{"type":"Feature","geometry":{"type":"Point","coordinates":[5.266,-76.743]},"properties":{"name":"New Swabia","name_zh":"新斯瓦比亚","name_ja":"ノイシュヴァーベンラント","kind":"Geoarea","scalerank":3,"min_label":4.0,"max_label":8.0}},{"type":"Feature","geometry":{"type":"Point","coordinates":[76.998,-70.85]},"properties":{"name":"Ingrid Christensen Coast","name_zh":"英格里德克里斯滕森海岸","name_ja":"イングリット・クリステンセン海岸","kind":"Coast","scalerank":3,"min_label":4.0,"max_label":8.0}},{"type":"Feature","geometry":{"type":"Point","coordinates":[96.328,-68.193]},"properties":{"name":"Queen Mary Coast","name_zh":"玛丽皇后海岸","name_ja":"クイーンメリーコースト","kind":"Coast","scalerank":3,"min_label":4.0,"max_label":8.0}},{"type":"Feature","geometry":{"type":"Point","coordinates":[104.711,-68.023]},"properties":{"name":"Knox Coast","name_zh":"諾克斯海岸","name_ja":"ノックスコースト","kind":"Coast","scalerank":3,"min_label":4.0,"max_label":8.0}},{"type":"Feature","geometry":{"type":"Point","coordinates":[118.874,-68.407]},"properties":{"name":"Sabrina Coast","name_zh":"塞布里納海岸","name_ja":"サブリナ海岸","kind":"Coast","scalerank":3,"min_label":4.0,"max_label":8.0}},{"type":"Feature","geometry":{"type":"Point","coordinates":[138.945,-68.067]},"properties":{"name":"Adélie Coast","name_zh":"阿德利海岸","name_ja":"アデリー海岸","kind":"Coast","scalerank":3,"min_label":4.0,"max_label":8.0}},{"type":"Feature","geometry":{"type":"Point","coordinates":[147.436,-69.057]},"properties":{"name":"George V Coast","name_zh":"乔治五世海岸","name_ja":"ジョージ5世海岸","kind":"Coast","scalerank":3,"min_label":4.0,"max_label":8.0}},{"type":"Feature","geometry":{"type":"Point","coordinates":[-26.314,-77.916]},"properties":{"name":"Coats Land","name_zh":"科茨地","name_ja":"コーツランド","kind":"Geoarea","scalerank":3,"min_label":4.0,"max_label":8.0}},{"type":"Feature","geometry":{"type":"Point","coordinates":[-54.406,-83.437]},"properties":{"name":"Pensacola Mountains","name_zh":"彭薩科拉山脈","name_ja":"ペンサコーラ山脈","kind":"Range/mtn","scalerank":2,"min_label":3.5,"max_label":7.0}},{"type":"Feature","geometry":{"type":"Point","coordinates":[-82.435,-79.458]},"properties":{"name":"Ellsworth Mountains","name_zh":"埃爾斯沃思山脈","name_ja":"エルスワース山脈","kind":"Range/mtn","scalerank":2,"min_label":3.5,"max_label":7.0}},{"type":"Feature","geometry":{"type":"Point","coordinates":[-64.45,-70.477]},"properties":{"name":"Antarctic Peninsula","name_zh":"南極半島","name_ja":"南極半島","kind":"Peninsula","scalerank":1,"min_label":2.0,"max_label":6.0}},{"type":"Feature","geometry":{"type":"Point","coordinates":[-60.815,-73.016]},"properties":{"name":"Kemp Peninsula","name_zh":"坎普半島","name_ja":"ケンプ半島","kind":"Peninsula","scalerank":5,"min_label":6.0,"max_label":10.0}},{"type":"Feature","geometry":{"type":"Point","coordinates":[-61.471,-74.382]},"properties":{"name":"Smith Peninsula","name_zh":"史密斯半島","name_ja":"スミス半島","kind":"Peninsula","scalerank":5,"min_label":6.0,"max_label":10.0}},{"type":"Feature","geometry":{"type":"Point","coordinates":[-93.765,-73.569]},"properties":{"name":"Jones Mountains","name_zh":"瓊斯山","name_ja":"ジョーンズ山脈","kind":"Range/mtn","scalerank":5,"min_label":6.0,"max_label":10.0}},{"type":"Feature","geometry":{"type":"Point","coordinates":[-99.027,-79.175]},"properties":{"name":"Hollick-Kenyon Plateau","name_zh":"霍利克-凱尼恩高原","name_ja":"ホーリック・ケニオン","kind":"Plateau","scalerank":2,"min_label":3.5,"max_label":7.0}},{"type":"Feature","geometry":{"type":"Point","coordinates":[-133.592,-75.91]},"properties":{"name":"Flood Range","name_zh":"弗拉德山脈","name_ja":"フラッド・レンジ","kind":"Range/mtn","scalerank":4,"min_label":5.3,"max_label":9.0}},{"type":"Feature","geometry":{"type":"Point","coordinates":[-145.904,-77.566]},"properties":{"name":"Ford Ranges","name_zh":"福特山脈","name_ja":"フォード山脈","kind":"Range/mtn","scalerank":4,"min_label":5.3,"max_label":9.0}},{"type":"Feature","geometry":{"type":"Point","coordinates":[-153.04,-78.273]},"properties":{"name":"Edward VII Peninsula","name_zh":"愛德華七世地","name_ja":"エドワード7世半島","kind":"Peninsula","scalerank":4,"min_label":5.3,"max_label":9.0}},{"type":"Feature","geometry":{"type":"Point","coordinates":[-163.83,-85.708]},"properties":{"name":"Queen Maude Mountains","name_zh":"毛德王后山脈","name_ja":"クイーンモード山脈","kind":"Range/mtn","scalerank":2,"min_label":3.5,"max_label":7.0}},{"type":"Feature","geometry":{"type":"Point","coordinates":[-91.384,-76.607]},"properties":{"name":"Ellsworth Land","name_zh":"埃爾斯沃思地","name_ja":"エルスワースランド","kind":"Geoarea","scalerank":3,"min_label":4.0,"max_label":8.0}},{"type":"Feature","geometry":{"type":"Point","coordinates":[-127.846,-80.033]},"properties":{"name":"Marie Byrd Land","name_zh":"玛丽伯德地","name_ja":"マリーバードランド","kind":"Geoarea","scalerank":2,"min_label":3.5,"max_label":7.0}},{"type":"Feature","geometry":{"type":"Point","coordinates":[-136.146,-80.983]},"properties":{"name":"Rockefeller Plateau","name_zh":"洛克菲勒高原","name_ja":"ロックフェラー高原","kind":"Plateau","scalerank":2,"min_label":3.5,"max_label":7.0}},{"type":"Feature","geometry":{"type":"Point","coordinates":[-126.083,-77.033]},"properties":{"name":"Executive Committee Range","name_zh":"執委山脈","name_ja":"エグゼクティブ・コミッティー山脈","kind":"Range/mtn","scalerank":5,"min_label":6.0,"max_label":10.0}},{"type":"Feature","geometry":{"type":"Point","coordinates":[-111.759,-85.514]},"properties":{"name":"Transantarctic Mountains","name_zh":"横贯南极山脉","name_ja":"南極横断山脈","kind":"Range/mtn","scalerank":1,"min_label":2.0,"max_label":6.0}},{"type":"Feature","geometry":{"type":"Point","coordinates":[157.52,-70.33]},"properties":{"name":"Oates Coast","name_zh":"奧次地","name_ja":"オーツランド","kind":"Coast","scalerank":3,"min_label":4.0,"max_label":8.0}},{"type":"Feature","geometry":{"type":"Point","coordinates":[66.308,-72.048]},"properties":{"name":"Prince Charles Mountains","name_zh":"查爾斯王子山脈","name_ja":"プリンス・チャールズ山地","kind":"Range/mtn","scalerank":4,"min_label":5.3,"max_label":9.0}},{"type":"Feature","geometry":{"type":"Point","coordinates":[61.064,-70.241]},"properties":{"name":"Kemp Land","name_zh":"肯普地","name_ja":"ケンプ・ランド","kind":"Geoarea","scalerank":3,"min_label":4.0,"max_label":8.0}},{"type":"Feature","geometry":{"type":"Point","coordinates":[50.284,-67.612]},"properties":{"name":"Scott Mountains","name_zh":"斯科特山脈","name_ja":"スコット・マウンテンズ","kind":"Range/mtn","scalerank":4,"min_label":5.3,"max_label":9.0}},{"type":"Feature","geometry":{"type":"Point","coordinates":[54.672,-66.658]},"properties":{"name":"Napier Mountains","name_zh":"內皮爾山脈","name_ja":"ネイピア山脈","kind":"Range/mtn","scalerank":4,"min_label":5.3,"max_label":9.0}},{"type":"Feature","geometry":{"type":"Point","coordinates":[-23.982,-80.593]},"properties":{"name":"Shackleton Range","name_zh":"沙克爾頓山脈","name_ja":"シャクルトン山脈","kind":"Range/mtn","scalerank":4,"min_label":5.3,"max_label":9.0}},{"type":"Feature","geometry":{"type":"Point","coordinates":[123.377,-75.103]},"properties":{"name":"Dome C (Charlie)","name_zh":"冰穹C","name_ja":"ドームC","kind":"Plateau","scalerank":2,"min_label":3.5,"max_label":7.0}},{"type":"Feature","geometry":{"type":"Point","coordinates":[77.371,-80.37]},"properties":{"name":"Dome A (Argus)","name_zh":"冰穹A","name_ja":"ドームA","kind":"Plateau","scalerank":2,"min_label":3.5,"max_label":7.0}},{"type":"Feature","geometry":{"type":"Point","coordinates":[39.703,-77.327]},"properties":{"name":"Dome F (Fuji)","name_zh":"富士圓頂","name_ja":"ドームふじ基地","kind":"Plateau","scalerank":2,"min_label":3.5,"max_label":7.0}},{"type":"Feature","geometry":{"type":"Point","coordinates":[51.035,-82.36]},"properties":{"name":"Polar Plateau","name_zh":"南極高原","name_ja":"南極高原","kind":"Plateau","scalerank":1,"min_label":2.0,"max_label":6.0}},{"type":"Feature","geometry":{"type":"Point","coordinates":[174.885,-85.244]},"properties":{"name":"Queen Maud Mountains","name_zh":"毛德王后山脈","name_ja":"クイーンモード山脈","kind":"Range/mtn","scalerank":2,"min_label":3.5,"max_label":7.0}},{"type":"Feature","geometry":{"type":"Point","coordinates":[162.04,-82.605]},"properties":{"name":"Shackleton Coast","name_zh":"沙克爾頓海岸","name_ja":"シャクルトン・コースト","kind":"Coast","scalerank":3,"min_label":4.0,"max_label":8.0}},{"type":"Feature","geometry":{"type":"Point","coordinates":[125.78,-68.257]},"properties":{"name":"Banzare Coast","name_zh":"班扎雷海岸","name_ja":"バンゼア海岸","kind":"Coast","scalerank":3,"min_label":4.0,"max_label":8.0}},{"type":"Feature","geometry":{"type":"Point","coordinates":[132.833,-67.954]},"properties":{"name":"Clarie Coast","name_zh":"克萊爾海岸","name_ja":"クラリー海岸","kind":"Coast","scalerank":3,"min_label":4.0,"max_label":8.0}},{"type":"Feature","geometry":{"type":"Point","coordinates":[112.33,-68.004]},"properties":{"name":"Budd Coast","name_zh":"布德海岸","name_ja":"バッド・コースト","kind":"Coast","scalerank":3,"min_label":4.0,"max_label":8.0}},{"type":"Feature","geometry":{"type":"Point","coordinates":[86.593,-68.828]},"properties":{"name":"Wilhelm II Coast","name_zh":"威廉二世海岸","name_ja":"ウィルヘルム二世コースト","kind":"Coast","scalerank":3,"min_label":4.0,"max_label":8.0}},{"type":"Feature","geometry":{"type":"Point","coordinates":[39.718,-71.483]},"properties":{"name":"Prince Harald Coast","name_zh":"哈拉爾王子海岸","name_ja":"プリンスハラルド海岸","kind":"Coast","scalerank":3,"min_label":4.0,"max_label":8.0}},{"type":"Feature","geometry":{"type":"Point","coordinates":[51.296,-70.298]},"properties":{"name":"Prince Olav Coast","name_zh":"奧拉夫王子海岸","name_ja":"プリンスオラフ海岸","kind":"Coast","scalerank":3,"min_label":4.0,"max_label":8.0}},{"type":"Feature","geometry":{"type":"Point","coordinates":[-6.501,-73.402]},"properties":{"name":"Princess Martha Coast","name_zh":"玛塔公主海岸","name_ja":"プリンセスマーサ海岸","kind":"Coast","scalerank":3,"min_label":4.0,"max_label":8.0}},{"type":"Feature","geometry":{"type":"Point","coordinates":[-88.79,-72.935]},"properties":{"name":"Fletcher Peninsula","name_zh":"弗萊徹半島","name_ja":"フレッチャー半島","kind":"Peninsula","scalerank":5,"min_label":6.0,"max_label":10.0}},{"type":"Feature","geometry":{"type":"Point","coordinates":[-100.708,-73.151]},"properties":{"name":"King Peninsula","name_zh":"皇帝半島","name_ja":"キング半島","kind":"Peninsula","scalerank":5,"min_label":6.0,"max_label":10.0}},{"type":"Feature","geometry":{"type":"Point","coordinates":[-100.115,-74.235]},"properties":{"name":"Canisteo Peninsula","name_zh":"卡尼斯蒂奧半島","name_ja":"カニステオ半島","kind":"Peninsula","scalerank":5,"min_label":6.0,"max_label":10.0}},{"type":"Feature","geometry":{"type":"Point","coordinates":[-111.187,-74.616]},"properties":{"name":"Bear Peninsula","name_zh":"熊號半島","name_ja":"ベア半島","kind":"Peninsula","scalerank":5,"min_label":6.0,"max_label":10.0}},{"type":"Feature","geometry":{"type":"Point","coordinates":[-114.225,-74.363]},"properties":{"name":"Martin Peninsula","name_zh":"馬丁半島","name_ja":"マーティン半島","kind":"Peninsula","scalerank":5,"min_label":6.0,"max_label":10.0}},{"type":"Feature","geometry":{"type":"Point","coordinates":[-107.3,-75.726]},"properties":{"name":"Walgreen Coast","name_zh":"沃爾格林海岸","name_ja":"ウォルグリーン海岸","kind":"Coast","scalerank":3,"min_label":4.0,"max_label":8.0}},{"type":"Feature","geometry":{"type":"Point","coordinates":[-161.13,-84.009]},"properties":{"name":"Gould Coast","name_zh":"古爾德海岸","name_ja":"グールド海岸","kind":"Coast","scalerank":3,"min_label":4.0,"max_label":8.0}},{"type":"Feature","geometry":{"type":"Point","coordinates":[-64.734,-71.792]},"properties":{"name":"Palmer Land","name_zh":"帕爾默地","name_ja":"パーマーランド","kind":"Geoarea","scalerank":3,"min_label":4.0,"max_label":8.0}},{"type":"Feature","geometry":{"type":"Point","coordinates":[-63.543,-66.203]},"properties":{"name":"Graham Land","name_zh":"葛拉漢地","name_ja":"グレアムランド","kind":"Geoarea","scalerank":3,"min_label":4.0,"max_label":8.0}},{"type":"Feature","geometry":{"type":"Point","coordinates":[-158.668,59.956]},"properties":{"name":"Tikchik Lakes","name_zh":"提奇克湖","name_ja":"ティクチク湖","kind":"Lake","scalerank":6,"min_label":6.0,"max_label":11.0}},{"type":"Feature","geometry":{"type":"Point","coordinates":[-76.914,42.641]},"properties":{"name":"Finger Lakes","name_zh":"五指湖","name_ja":"フィンガーレイクス","kind":"Lake","scalerank":6,"min_label":6.0,"max_label":11.0}},{"type":"Feature","geometry":{"type":"Point","coordinates":[-85.823,45.821]},"properties":{"name":"GREAT LAKES","name_zh":"五大湖","name_ja":"五大湖","kind":"Lake","scalerank":4,"min_label":3.5,"max_label":6.0}},{"type":"Feature","geometry":{"type":"Point","coordinates":[172.819,-43.73]},"properties":{"name":"Banks Pen.","name_zh":"班克斯半島","name_ja":"バンクス半島","kind":"Pen/cape","scalerank":5,"min_label":6.0,"max_label":10.0}},{"type":"Feature","geometry":{"type":"Point","coordinates":[167.387,-45.124]},"properties":{"name":"Fiordland","name_zh":"菲奥德兰","name_ja":"フィヨルドランド","kind":"Coast","scalerank":5,"min_label":5.4,"max_label":10.0}},{"type":"Feature","geometry":{"type":"Point","coordinates":[169.664,-43.96]},"properties":{"name":"SOUTHERN ALPS","name_zh":"南阿爾卑斯山脈","name_ja":"南アルプス山脈","kind":"Range/mtn","scalerank":3,"min_label":5.2,"max_label":8.0}},{"type":"Feature","geometry":{"type":"Point","coordinates":[175.683,-36.96]},"properties":{"name":"Coromandel","name_zh":"科罗曼德尔半岛","name_ja":"コロマンデル半島","kind":"Pen/cape","scalerank":5,"min_label":5.4,"max_label":10.0}},{"type":"Feature","geometry":{"type":"Point","coordinates":[175.665,-39.244]},"properties":{"name":"N.I. Volcanic Plateau","name_zh":"北爱尔兰火山高地","name_ja":"ノース・アイランド火山台地","kind":"Plateau","scalerank":5,"min_label":5.4,"max_label":10.0}},{"type":"Feature","geometry":{"type":"Point","coordinates":[173.921,-41.169]},"properties":{"name":"Marlborough Sounds","name_zh":"马尔堡峡湾","name_ja":"マールボロウ海峡","kind":"Coast","scalerank":5,"min_label":6.0,"max_label":10.0}},{"type":"Feature","geometry":{"type":"Point","coordinates":[170.64,-45.823]},"properties":{"name":"Otago Pen.","name_zh":"奧塔哥半島","name_ja":"オタゴ半島","kind":"Pen/cape","scalerank":5,"min_label":6.0,"max_label":10.0}},{"type":"Feature","geometry":{"type":"Point","coordinates":[9.367,56.047]},"properties":{"name":"JUTLAND","name_zh":"日德兰半岛","name_ja":"ユトランド半島","kind":"Geoarea","scalerank":4,"min_label":5.3,"max_label":9.0}},{"type":"Feature","geometry":{"type":"Point","coordinates":[-0.0,0.0]},"properties":{"name":"Null Island","name_zh":"空虛島","name_ja":"ヌル島","kind":"Dragons-be-here","scalerank":100,"min_label":6.0,"max_label":8.0}},{"type":"Feature","geometry":{"type":"Point","coordinates":[24.9834,21.9165]},"properties":{"name":"Jabal al Uwaynt","name_zh":"乌万特山","name_ja":"ジャバル・アル・ウウェイント","kind":"Peak","scalerank":7,"min_label":7.0,"max_label":null,"elevation":1934.0}},{"type":"Feature","geometry":{"type":"Point","coordinates":[25.9335,14.7002]},"properties":{"name":"Jabal Teljo","name_zh":"泰尔乔山","name_ja":"ジャバル・テルジョ山","kind":"Peak","scalerank":7,"min_label":7.0,"max_label":null,"elevation":1954.0}},{"type":"Feature","geometry":{"type":"Point","coordinates":[17.1665,-27.8333]},"properties":{"name":"Hunsberge","name_zh":"亨斯伯格山","name_ja":"フンスベルゲ山","kind":"Peak","scalerank":7,"min_label":7.0,"max_label":null,"elevation":1655.0}},{"type":"Feature","geometry":{"type":"Point","coordinates":[-8.4138,7.6197]},"properties":{"name":"Mount Richard-Molard","name_zh":"宁巴峰","name_ja":"ニンバ山","kind":"Peak","scalerank":7,"min_label":7.0,"max_label":null,"elevation":1752.0}},{"type":"Feature","geometry":{"type":"Point","coordinates":[35.4666,22.0499]},"properties":{"name":"Jabal Is","name_zh":"伊思山","name_ja":"ジャバル・イス山","kind":"Peak","scalerank":7,"min_label":7.0,"max_label":null,"elevation":1851.0}},{"type":"Feature","geometry":{"type":"Point","coordinates":[4.9359,7.6661]},"properties":{"name":"","name_zh":"","name_ja":"","kind":"Peak","scalerank":7,"min_label":7.0,"max_label":null,"elevation":694.0}},{"type":"Feature","geometry":{"type":"Point","coordinates":[0.7574,6.8783]},"properties":{"name":"Mont Agou","name_zh":"阿古山","name_ja":"アグー山","kind":"Peak","scalerank":7,"min_label":7.0,"max_label":null,"elevation":968.0}},{"type":"Feature","geometry":{"type":"Point","coordinates":[11.7894,8.3978]},"properties":{"name":"Mount Dimlang","name_zh":"迪姆朗山","name_ja":"ディムラン山","kind":"Peak","scalerank":7,"min_label":7.0,"max_label":null,"elevation":2042.0}},{"type":"Feature","geometry":{"type":"Point","coordinates":[9.1622,9.217]},"properties":{"name":"","name_zh":"","name_ja":"","kind":"Peak","scalerank":7,"min_label":7.0,"max_label":null,"elevation":1781.0}},{"type":"Feature","geometry":{"type":"Point","coordinates":[29.6682,-13.9064]},"properties":{"name":"","name_zh":"","name_ja":"","kind":"Peak","scalerank":7,"min_label":7.0,"max_label":null,"elevation":1893.0}},{"type":"Feature","geometry":{"type":"Point","coordinates":[18.9806,-31.1254]},"properties":{"name":"Bokkeveldberg","name_zh":"博克维尔德贝格山","name_ja":"ボッケフェルトベルグ山","kind":"Peak","scalerank":7,"min_label":7.0,"max_label":null,"elevation":843.0}},{"type":"Feature","geometry":{"type":"Point","coordinates":[-11.0885,9.2427]},"properties":{"name":"Loma Mansa","name_zh":"洛马曼萨山","name_ja":"ビントゥマニ山","kind":"Peak","scalerank":7,"min_label":7.0,"max_label":null,"elevation":1945.0}},{"type":"Feature","geometry":{"type":"Point","coordinates":[16.5274,21.1315]},"properties":{"name":"","name_zh":"","name_ja":"","kind":"Peak","scalerank":6,"min_label":6.7,"max_label":null,"elevation":3315.0}},{"type":"Feature","geometry":{"type":"Point","coordinates":[24.2379,12.9497]},"properties":{"name":"Jabal Marrah","name_zh":"马拉山脉","name_ja":"マッラ山脈","kind":"Peak","scalerank":6,"min_label":6.7,"max_label":null,"elevation":3042.0}},{"type":"Feature","geometry":{"type":"Point","coordinates":[-4.5118,34.8302]},"properties":{"name":"Jebel Tidirhine","name_zh":"杰贝尔蒂迪林山","name_ja":"ジェベル・ティディリーヌ山","kind":"Peak","scalerank":6,"min_label":6.7,"max_label":null,"elevation":2456.0}},{"type":"Feature","geometry":{"type":"Point","coordinates":[4.2291,36.4571]},"properties":{"name":"Lalla Khedidja","name_zh":"拉拉凯迪贾山","name_ja":"ララ・ケディジャ","kind":"Peak","scalerank":6,"min_label":6.7,"max_label":null,"elevation":2308.0}},{"type":"Feature","geometry":{"type":"Point","coordinates":[21.3658,-33.3958]},"properties":{"name":"Seweweekspoort Peak","name_zh":"塞汶维克斯波尔特峰","name_ja":"セウェウィークスプート・ピーク","kind":"Peak","scalerank":6,"min_label":6.7,"max_label":null,"elevation":2325.0}},{"type":"Feature","geometry":{"type":"Point","coordinates":[6.5544,0.282]},"properties":{"name":"Pico de São Tomé","name_zh":"圣多美山","name_ja":"サントメ山","kind":"Peak","scalerank":6,"min_label":6.7,"max_label":null,"elevation":2024.0}},{"type":"Feature","geometry":{"type":"Point","coordinates":[15.167,-12.4652]},"properties":{"name":"Moro de Môco","name_zh":"莫科山","name_ja":"モコ山","kind":"Peak","scalerank":6,"min_label":6.7,"max_label":null,"elevation":2620.0}},{"type":"Feature","geometry":{"type":"Point","coordinates":[14.179,-2.5181]},"properties":{"name":"Monts de la Lékéti","name_zh":"勒克提山","name_ja":"レケティ山","kind":"Peak","scalerank":6,"min_label":6.7,"max_label":null,"elevation":1000.0}},{"type":"Feature","geometry":{"type":"Point","coordinates":[35.8395,-3.0427]},"properties":{"name":"Loolmalasin","name_zh":"洛尔马拉辛山","name_ja":"ルールマラシン山","kind":"Peak","scalerank":6,"min_label":6.7,"max_label":null,"elevation":3682.0}},{"type":"Feature","geometry":{"type":"Point","coordinates":[32.8474,-18.2813]},"properties":{"name":"Inyangani","name_zh":"伊尼扬加尼山","name_ja":"ンヤンガニ山","kind":"Peak","scalerank":6,"min_label":6.7,"max_label":null,"elevation":2592.0}},{"type":"Feature","geometry":{"type":"Point","coordinates":[33.0523,-19.7872]},"properties":{"name":"Monte Binga","name_zh":"宾加山","name_ja":"ビンガ山","kind":"Peak","scalerank":6,"min_label":6.7,"max_label":null,"elevation":2436.0}},{"type":"Feature","geometry":{"type":"Point","coordinates":[30.157,-25.2223]},"properties":{"name":"Die Berg","name_zh":"迪山","name_ja":"ディ・ベルク山","kind":"Peak","scalerank":6,"min_label":6.7,"max_label":null,"elevation":2331.0}},{"type":"Feature","geometry":{"type":"Point","coordinates":[18.6999,21.4167]},"properties":{"name":"Kegueur Terbi","name_zh":"克格特尔比山","name_ja":"ケガル・タルビ山","kind":"Peak","scalerank":6,"min_label":6.7,"max_label":null,"elevation":3376.0}},{"type":"Feature","geometry":{"type":"Point","coordinates":[18.5518,19.7934]},"properties":{"name":"Emi Koussi","name_zh":"库西山","name_ja":"エミクーシ山","kind":"Peak","scalerank":6,"min_label":6.7,"max_label":null,"elevation":3415.0}},{"type":"Feature","geometry":{"type":"Point","coordinates":[8.6667,18.6666]},"properties":{"name":"Mont Bagzane","name_zh":"巴格赞山","name_ja":"モン・バザーヌ山","kind":"Peak","scalerank":6,"min_label":6.7,"max_label":null,"elevation":2022.0}},{"type":"Feature","geometry":{"type":"Point","coordinates":[5.5263,23.2883]},"properties":{"name":"Tahat","name_zh":"塔哈特山","name_ja":"タハト山","kind":"Peak","scalerank":6,"min_label":6.7,"max_label":null,"elevation":2908.0}},{"type":"Feature","geometry":{"type":"Point","coordinates":[5.4091,25.0458]},"properties":{"name":"Garet el Djenoun","name_zh":"杰农加雷特山","name_ja":"ガレット・エル・デナウン","kind":"Peak","scalerank":6,"min_label":6.7,"max_label":null,"elevation":2327.0}},{"type":"Feature","geometry":{"type":"Point","coordinates":[6.6665,35.3334]},"properties":{"name":"Djebel Chelia","name_zh":"谢利亚山","name_ja":"ドジュベル・シェリア山","kind":"Peak","scalerank":6,"min_label":6.7,"max_label":null,"elevation":2326.0}},{"type":"Feature","geometry":{"type":"Point","coordinates":[47.2429,10.7388]},"properties":{"name":"Shimbiris","name_zh":"桑比勒斯","name_ja":"シンビリス山","kind":"Peak","scalerank":6,"min_label":6.7,"max_label":null,"elevation":2414.0}},{"type":"Feature","geometry":{"type":"Point","coordinates":[37.9998,17.5501]},"properties":{"name":"Jabal Hamoyet","name_zh":"哈莫耶山","name_ja":"ハモイエット山","kind":"Peak","scalerank":6,"min_label":6.7,"max_label":null,"elevation":2726.0}},{"type":"Feature","geometry":{"type":"Point","coordinates":[41.7278,13.3924]},"properties":{"name":"Mount Ramlo","name_zh":"拉姆洛山","name_ja":"ラムロ山","kind":"Peak","scalerank":6,"min_label":6.7,"max_label":null,"elevation":2248.0}},{"type":"Feature","geometry":{"type":"Point","coordinates":[10.5166,6.1835]},"properties":{"name":"Mount Oku","name_zh":"奧庫山","name_ja":"オク山","kind":"Peak","scalerank":6,"min_label":6.7,"max_label":null,"elevation":3011.0}},{"type":"Feature","geometry":{"type":"Point","coordinates":[14.5752,-21.1602]},"properties":{"name":"Brandberg","name_zh":"布兰德伯格山","name_ja":"ブランドバーグ山","kind":"Peak","scalerank":6,"min_label":6.7,"max_label":null,"elevation":2579.0}},{"type":"Feature","geometry":{"type":"Point","coordinates":[24.5308,-31.7695]},"properties":{"name":"Kompasberg","name_zh":"康帕斯伯格山","name_ja":"コンパスバーグ","kind":"Peak","scalerank":6,"min_label":6.7,"max_label":null,"elevation":2504.0}},{"type":"Feature","geometry":{"type":"Point","coordinates":[37.6182,-7.1005]},"properties":{"name":"Kimhandu","name_zh":"金汉杜山","name_ja":"キムハンドゥ","kind":"Peak","scalerank":6,"min_label":6.7,"max_label":null,"elevation":2653.0}},{"type":"Feature","geometry":{"type":"Point","coordinates":[29.0507,-5.14]},"properties":{"name":"Kabobo","name_zh":"卡博博山","name_ja":"カボボ山","kind":"Peak","scalerank":6,"min_label":6.7,"max_label":null,"elevation":2725.0}},{"type":"Feature","geometry":{"type":"Point","coordinates":[37.072,-15.3334]},"properties":{"name":"Serra Namúli","name_zh":"纳穆利山","name_ja":"ナムリ山","kind":"Peak","scalerank":6,"min_label":6.7,"max_label":null,"elevation":2419.0}},{"type":"Feature","geometry":{"type":"Point","coordinates":[-7.9161,31.0621]},"properties":{"name":"Jebel Toubkal","name_zh":"图卜卡勒峰","name_ja":"ツブカル山","kind":"Peak","scalerank":5,"min_label":6.0,"max_label":null,"elevation":4165.0}},{"type":"Feature","geometry":{"type":"Point","coordinates":[29.2667,-29.4666]},"properties":{"name":"Thabana Ntlenyana","name_zh":"塔巴纳恩特莱尼亚纳山","name_ja":"タバナントレニャナ山","kind":"Peak","scalerank":5,"min_label":6.0,"max_label":null,"elevation":3482.0}},{"type":"Feature","geometry":{"type":"Point","coordinates":[39.4168,6.6667]},"properties":{"name":"Mount Batu","name_zh":"巴圖山","name_ja":"バツ山","kind":"Peak","scalerank":5,"min_label":6.0,"max_label":null,"elevation":4307.0}},{"type":"Feature","geometry":{"type":"Point","coordinates":[36.7473,6.1098]},"properties":{"name":"Argun","name_zh":"阿尔贡山","name_ja":"アルグン山","kind":"Peak","scalerank":5,"min_label":6.0,"max_label":null,"elevation":3418.0}},{"type":"Feature","geometry":{"type":"Point","coordinates":[32.9013,3.9551]},"properties":{"name":"Kinyeti","name_zh":"基涅提峰","name_ja":"キヌエティ山","kind":"Peak","scalerank":5,"min_label":6.0,"max_label":null,"elevation":3187.0}},{"type":"Feature","geometry":{"type":"Point","coordinates":[41.7336,9.2689]},"properties":{"name":"Muleta","name_zh":"穆莱塔山","name_ja":"ムレータ山","kind":"Peak","scalerank":5,"min_label":6.0,"max_label":null,"elevation":3405.0}},{"type":"Feature","geometry":{"type":"Point","coordinates":[38.3723,13.2367]},"properties":{"name":"Ras Dejen","name_zh":"拉斯·达善峰","name_ja":"ラス・ダシャン山","kind":"Peak","scalerank":5,"min_label":6.0,"max_label":null,"elevation":4533.0}},{"type":"Feature","geometry":{"type":"Point","coordinates":[34.5342,1.1232]},"properties":{"name":"Mount Elgon","name_zh":"埃尔贡山","name_ja":"エルゴン山","kind":"Peak","scalerank":5,"min_label":6.0,"max_label":null,"elevation":4321.0}},{"type":"Feature","geometry":{"type":"Point","coordinates":[27.4963,30.0436]},"properties":{"name":"Qattara Depression","name_zh":"盖塔拉洼地","name_ja":"カッターラ低地","kind":"Depression","scalerank":5,"min_label":6.0,"max_label":null,"elevation":-133.0}},{"type":"Feature","geometry":{"type":"Point","coordinates":[-11.373,21.2055]},"properties":{"name":"Er Richat Depression","name_zh":"艾里查洼地","name_ja":"リシャット構造","kind":"Peak","scalerank":5,"min_label":6.0,"max_label":null,"elevation":485.0}},{"type":"Feature","geometry":{"type":"Point","coordinates":[37.8822,10.6567]},"properties":{"name":"Talo","name_zh":"塔洛山","name_ja":"タロ山","kind":"Peak","scalerank":5,"min_label":6.0,"max_label":null,"elevation":4413.0}},{"type":"Feature","geometry":{"type":"Point","coordinates":[36.6236,-0.3248]},"properties":{"name":"Lesatima","name_zh":"萊薩蒂馬山","name_ja":"レサティマ","kind":"Peak","scalerank":5,"min_label":6.0,"max_label":null,"elevation":4001.0}},{"type":"Feature","geometry":{"type":"Point","coordinates":[37.2999,-0.1501]},"properties":{"name":"Mount Kenya","name_zh":"肯尼亚山","name_ja":"ケニア山","kind":"Peak","scalerank":4,"min_label":6.0,"max_label":null,"elevation":5199.0}},{"type":"Feature","geometry":{"type":"Point","coordinates":[29.8721,0.3801]},"properties":{"name":"Mount Stanley","name_zh":"斯坦利山","name_ja":"スタンリー山","kind":"Peak","scalerank":4,"min_label":6.0,"max_label":null,"elevation":4979.0}},{"type":"Feature","geometry":{"type":"Point","coordinates":[37.3533,-3.0757]},"properties":{"name":"Mount Kilimanjaro","name_zh":"乞力马扎罗山","name_ja":"キリマンジャロ","kind":"Peak","scalerank":2,"min_label":5.0,"max_label":null,"elevation":5895.0}},{"type":"Feature","geometry":{"type":"Point","coordinates":[42.4133,11.6718]},"properties":{"name":"","name_zh":"","name_ja":"","kind":"Depression","scalerank":3,"min_label":5.1,"max_label":null,"elevation":-156.0}},{"type":"Feature","geometry":{"type":"Point","coordinates":[33.37,-9.9198]},"properties":{"name":"","name_zh":"","name_ja":"","kind":"Peak","scalerank":9,"min_label":7.2,"max_label":null,"elevation":2164.0}},{"type":"Feature","geometry":{"type":"Point","coordinates":[29.4499,-1.5]},"properties":{"name":"Volcan Karisimbi","name_zh":"卡里辛比火山","name_ja":"カリシンビ山","kind":"Peak","scalerank":9,"min_label":7.2,"max_label":null,"elevation":4519.0}},{"type":"Feature","geometry":{"type":"Point","coordinates":[-5.41,10.7701]},"properties":{"name":"Téna Kourou","name_zh":"纳库鲁峰","name_ja":"テナコウルー山","kind":"Peak","scalerank":9,"min_label":7.2,"max_label":null,"elevation":747.0}},{"type":"Feature","geometry":{"type":"Point","coordinates":[1.53,10.35]},"properties":{"name":"Tanekas","name_zh":"塔内卡斯山","name_ja":"タネカス山","kind":"Peak","scalerank":9,"min_label":7.2,"max_label":null,"elevation":641.0}},{"type":"Feature","geometry":{"type":"Point","coordinates":[31.58,-9.1799]},"properties":{"name":"Sunzu","name_zh":"桑祖山","name_ja":"スンズ山","kind":"Peak","scalerank":9,"min_label":7.2,"max_label":null,"elevation":2067.0}},{"type":"Feature","geometry":{"type":"Point","coordinates":[39.53,14.75]},"properties":{"name":"Soira","name_zh":"索依拉峰","name_ja":"ソイラ山","kind":"Peak","scalerank":9,"min_label":7.2,"max_label":null,"elevation":3018.0}},{"type":"Feature","geometry":{"type":"Point","coordinates":[-12.54,12.37]},"properties":{"name":"","name_zh":"","name_ja":"","kind":"Peak","scalerank":9,"min_label":7.2,"max_label":null,"elevation":581.0}},{"type":"Feature","geometry":{"type":"Point","coordinates":[35.59,-15.95]},"properties":{"name":"Sapitwa Peak","name_zh":"萨必瓦峰","name_ja":"サピータピーク","kind":"Peak","scalerank":9,"min_label":7.2,"max_label":null,"elevation":3003.0}},{"type":"Feature","geometry":{"type":"Point","coordinates":[8.7601,3.5901]},"properties":{"name":"Pico de Santa Isabel","name_zh":"巴希莱峰","name_ja":"バジーレ山","kind":"Peak","scalerank":9,"min_label":7.2,"max_label":null,"elevation":3008.0}},{"type":"Feature","geometry":{"type":"Point","coordinates":[19.21,22.03]},"properties":{"name":"Pic Bette","name_zh":"贝蒂山","name_ja":"ビクー・ビティ","kind":"Peak","scalerank":9,"min_label":7.2,"max_label":null,"elevation":2266.0}},{"type":"Feature","geometry":{"type":"Point","coordinates":[34.0201,-9.08]},"properties":{"name":"Mtorwi","name_zh":"姆托鲁维山","name_ja":"ムトルウィ山","kind":"Peak","scalerank":9,"min_label":7.2,"max_label":null,"elevation":2980.0}},{"type":"Feature","geometry":{"type":"Point","coordinates":[42.41,12.4501]},"properties":{"name":"Moussa Ali","name_zh":"阿里山","name_ja":"ムーサ・アリ山","kind":"Peak","scalerank":9,"min_label":7.2,"max_label":null,"elevation":2021.0}},{"type":"Feature","geometry":{"type":"Point","coordinates":[-9.8601,8.1401]},"properties":{"name":"Mount Wuteve","name_zh":"武蒂維峰","name_ja":"ヴトヴェ山","kind":"Peak","scalerank":9,"min_label":7.2,"max_label":null,"elevation":1380.0}},{"type":"Feature","geometry":{"type":"Point","coordinates":[0.53,7.15]},"properties":{"name":"Mount Afadjoto","name_zh":"阿法賈托山","name_ja":"アファジャト山","kind":"Peak","scalerank":9,"min_label":7.2,"max_label":null,"elevation":885.0}},{"type":"Feature","geometry":{"type":"Point","coordinates":[9.97,1.3901]},"properties":{"name":"Monte Mitra","name_zh":"密特拉山","name_ja":"ミトラ山","kind":"Peak","scalerank":9,"min_label":7.2,"max_label":null,"elevation":1200.0}},{"type":"Feature","geometry":{"type":"Point","coordinates":[14.9001,6.5901]},"properties":{"name":"Mont Ngaoui","name_zh":"恩加亚山","name_ja":"ンガウィ山","kind":"Peak","scalerank":9,"min_label":7.2,"max_label":null,"elevation":1410.0}},{"type":"Feature","geometry":{"type":"Point","coordinates":[13.99,1.8401]},"properties":{"name":"Mont Nabeba","name_zh":"纳贝巴山","name_ja":"ナベンバ山","kind":"Peak","scalerank":9,"min_label":7.2,"max_label":null,"elevation":1020.0}},{"type":"Feature","geometry":{"type":"Point","coordinates":[28.7801,-2.95]},"properties":{"name":"Mont Mohi","name_zh":"莫希山","name_ja":"モン・モイ山","kind":"Peak","scalerank":9,"min_label":7.2,"max_label":null,"elevation":3480.0}},{"type":"Feature","geometry":{"type":"Point","coordinates":[29.5,-3.6]},"properties":{"name":"Mont Heha","name_zh":"賀哈山","name_ja":"ヘラ山","kind":"Peak","scalerank":9,"min_label":7.2,"max_label":null,"elevation":2670.0}},{"type":"Feature","geometry":{"type":"Point","coordinates":[9.1699,4.22]},"properties":{"name":"Mont Cameroun","name_zh":"喀麦隆火山","name_ja":"カメルーン山","kind":"Peak","scalerank":9,"min_label":7.2,"max_label":null,"elevation":4040.0}},{"type":"Feature","geometry":{"type":"Point","coordinates":[13.6898,0.9601]},"properties":{"name":"Mont Bengoué","name_zh":"本古埃山","name_ja":"モン・ベングエ山","kind":"Peak","scalerank":9,"min_label":7.2,"max_label":null,"elevation":1070.0}},{"type":"Feature","geometry":{"type":"Point","coordinates":[25.6699,-24.84]},"properties":{"name":"Monalanong Hill","name_zh":"莫纳拉农山","name_ja":"モナラノン・ヒル","kind":"Peak","scalerank":9,"min_label":7.2,"max_label":null,"elevation":1494.0}},{"type":"Feature","geometry":{"type":"Point","coordinates":[22.36,8.6]},"properties":{"name":"Masif des Bongos","name_zh":"邦戈山","name_ja":"ボンゴ山地","kind":"Peak","scalerank":9,"min_label":7.2,"max_label":null,"elevation":1400.0}},{"type":"Feature","geometry":{"type":"Point","coordinates":[29.36,-29.2]},"properties":{"name":"Mafadi","name_zh":"馬法迪","name_ja":"マファディ山","kind":"Peak","scalerank":9,"min_label":7.2,"max_label":null,"elevation":3451.0}},{"type":"Feature","geometry":{"type":"Point","coordinates":[-14.33,19.72]},"properties":{"name":"Kdeyyat ej Joul","name_zh":"科德亚塔伊基焦耳山","name_ja":"クダイヤット・エジ・ジル","kind":"Peak","scalerank":9,"min_label":7.2,"max_label":null,"elevation":915.0}},{"type":"Feature","geometry":{"type":"Point","coordinates":[-9.08,29.79]},"properties":{"name":"Jebel Lekst","name_zh":"杰贝尔莱克斯特山","name_ja":"ジェベル・レクスト山","kind":"Peak","scalerank":9,"min_label":7.2,"max_label":null,"elevation":2359.0}},{"type":"Feature","geometry":{"type":"Point","coordinates":[8.6799,35.2001]},"properties":{"name":"Jebel Chambi","name_zh":"舍阿奈比山","name_ja":"シャンビ山","kind":"Peak","scalerank":9,"min_label":7.2,"max_label":null,"elevation":1544.0}},{"type":"Feature","geometry":{"type":"Point","coordinates":[36.6699,20.3401]},"properties":{"name":"Jabal Oda","name_zh":"奥达山","name_ja":"ジャバル・オダ山","kind":"Peak","scalerank":9,"min_label":7.2,"max_label":null,"elevation":2260.0}},{"type":"Feature","geometry":{"type":"Point","coordinates":[-1.68,15.2601]},"properties":{"name":"Hombori Tondo","name_zh":"霍姆博里通多山","name_ja":"オンボリ山","kind":"Peak","scalerank":9,"min_label":7.2,"max_label":null,"elevation":1155.0}},{"type":"Feature","geometry":{"type":"Point","coordinates":[-13.9,11.69]},"properties":{"name":"","name_zh":"","name_ja":"","kind":"Peak","scalerank":9,"min_label":7.2,"max_label":null,"elevation":262.0}},{"type":"Feature","geometry":{"type":"Point","coordinates":[39.96,8.2101]},"properties":{"name":"Gugu","name_zh":"古古山","name_ja":"ググ山","kind":"Peak","scalerank":9,"min_label":7.2,"max_label":null,"elevation":3626.0}},{"type":"Feature","geometry":{"type":"Point","coordinates":[33.9499,28.5101]},"properties":{"name":"Gebel Katherna","name_zh":"凯瑟琳山","name_ja":"カテリーナ山","kind":"Peak","scalerank":9,"min_label":7.2,"max_label":null,"elevation":2629.0}},{"type":"Feature","geometry":{"type":"Point","coordinates":[-13.99,13.5701]},"properties":{"name":"","name_zh":"","name_ja":"","kind":"Peak","scalerank":9,"min_label":7.2,"max_label":null,"elevation":53.0}},{"type":"Feature","geometry":{"type":"Point","coordinates":[31.13,-25.9198]},"properties":{"name":"Emlembe","name_zh":"埃伦贝山","name_ja":"エムルム","kind":"Peak","scalerank":9,"min_label":7.2,"max_label":null,"elevation":1862.0}},{"type":"Feature","geometry":{"type":"Point","coordinates":[11.7199,7.06]},"properties":{"name":"Chappal Wadi","name_zh":"沙帕爾谷山","name_ja":"チャパル・ワッディ山","kind":"Peak","scalerank":9,"min_label":7.2,"max_label":null,"elevation":2419.0}},{"type":"Feature","geometry":{"type":"Point","coordinates":[39.0999,10.9501]},"properties":{"name":"Amba Farit","name_zh":"安巴弗里特山","name_ja":"アンバファリト山","kind":"Peak","scalerank":9,"min_label":7.2,"max_label":null,"elevation":4270.0}},{"type":"Feature","geometry":{"type":"Point","coordinates":[-3.88,33.5901]},"properties":{"name":"Adrar Bou Nasser","name_zh":"布纳赛尔山","name_ja":"ブーナスール山","kind":"Peak","scalerank":9,"min_label":7.2,"max_label":null,"elevation":3340.0}},{"type":"Feature","geometry":{"type":"Point","coordinates":[-63.3832,-71.3671]},"properties":{"name":"Mount Andrew Jackson","name_zh":"傑克遜山","name_ja":"アンドリュー・ジャクソン山","kind":"Peak","scalerank":6,"min_label":6.7,"max_label":null,"elevation":3184.0}},{"type":"Feature","geometry":{"type":"Point","coordinates":[-52.8095,-82.6181]},"properties":{"name":"England Peak","name_zh":"英格蘭峰","name_ja":"ピーク地方","kind":"Peak","scalerank":6,"min_label":6.7,"max_label":null,"elevation":2150.0}},{"type":"Feature","geometry":{"type":"Point","coordinates":[6.8184,-71.8696]},"properties":{"name":"Kyrkjeskipet Peak","name_zh":"許爾舍希佩特峰","name_ja":"キルケスキペット・ピーク","kind":"Peak","scalerank":6,"min_label":6.7,"max_label":null,"elevation":3085.0}},{"type":"Feature","geometry":{"type":"Point","coordinates":[51.9521,-66.7635]},"properties":{"name":"Mount McMaster","name_zh":"麦克马斯特山","name_ja":"マクマスター山","kind":"Peak","scalerank":6,"min_label":6.7,"max_label":null,"elevation":2830.0}},{"type":"Feature","geometry":{"type":"Point","coordinates":[167.1829,-77.5145]},"properties":{"name":"Mount Erebus","name_zh":"埃里伯斯火山","name_ja":"エレバス山","kind":"Peak","scalerank":6,"min_label":6.7,"max_label":null,"elevation":3795.0}},{"type":"Feature","geometry":{"type":"Point","coordinates":[168.7574,-71.7698]},"properties":{"name":"Mount Minto","name_zh":"明托山","name_ja":"ミント山","kind":"Peak","scalerank":6,"min_label":6.7,"max_label":null,"elevation":4166.0}},{"type":"Feature","geometry":{"type":"Point","coordinates":[166.4504,-84.3396]},"properties":{"name":"Mount Kirkpatrick","name_zh":"柯克帕特里克山","name_ja":"カークパトリック山","kind":"Peak","scalerank":6,"min_label":6.7,"max_label":null,"elevation":4528.0}},{"type":"Feature","geometry":{"type":"Point","coordinates":[123.3598,-75.0924]},"properties":{"name":"Concordia Station (Fr. and It.)","name_zh":"康宏站","name_ja":"コンコルディア基地","kind":"Peak","scalerank":6,"min_label":6.7,"max_label":null,"elevation":3233.0}},{"type":"Feature","geometry":{"type":"Point","coordinates":[106.84,-78.4272]},"properties":{"name":"Vostok Station (Rus.)","name_zh":"东方站","name_ja":"ボストーク基地","kind":"Peak","scalerank":6,"min_label":6.7,"max_label":null,"elevation":3488.0}},{"type":"Feature","geometry":{"type":"Point","coordinates":[39.6977,-77.3228]},"properties":{"name":"Fuji Station (Japan)","name_zh":"富士站（日本）","name_ja":"ドームふじ基地","kind":"Peak","scalerank":6,"min_label":6.7,"max_label":null,"elevation":3810.0}},{"type":"Feature","geometry":{"type":"Point","coordinates":[77.3477,-80.356]},"properties":{"name":"Dome A (Argus)","name_zh":"冰穹 A（阿尔格斯）","name_ja":"ドームA","kind":"Peak","scalerank":6,"min_label":6.7,"max_label":null,"elevation":4093.0}},{"type":"Feature","geometry":{"type":"Point","coordinates":[-85.6337,-78.5294]},"properties":{"name":"Vinson Massif","name_zh":"文森山","name_ja":"ヴィンソン・マシフ","kind":"Peak","scalerank":2,"min_label":5.0,"max_label":null,"elevation":4892.0}},{"type":"Feature","geometry":{"type":"Point","coordinates":[-112.0999,-76.2728]},"properties":{"name":"Mount Takahe","name_zh":"塔卡黑火山","name_ja":"タカへ山","kind":"Peak","scalerank":3,"min_label":5.1,"max_label":null,"elevation":3460.0}},{"type":"Feature","geometry":{"type":"Point","coordinates":[-126.0665,-77.0316]},"properties":{"name":"Mount Sidley","name_zh":"西德利火山","name_ja":"シドリー山","kind":"Peak","scalerank":3,"min_label":5.1,"max_label":null,"elevation":4285.0}},{"type":"Feature","geometry":{"type":"Point","coordinates":[-167.5547,-85.3476]},"properties":{"name":"Mount Fridtjof Nansen","name_zh":"弗里喬夫南森山","name_ja":"フリチョフナンセン山","kind":"Peak","scalerank":3,"min_label":5.1,"max_label":null,"elevation":4069.0}},{"type":"Feature","geometry":{"type":"Point","coordinates":[-103.9,-82.47]},"properties":{"name":"Mount Seelig","name_zh":"西利格山","name_ja":"シーリグ山","kind":"Peak","scalerank":9,"min_label":7.2,"max_label":null,"elevation":3022.0}},{"type":"Feature","geometry":{"type":"Point","coordinates":[162.6898,-78.06]},"properties":{"name":"Mount Lister","name_zh":"李斯德山","name_ja":"リスター山","kind":"Peak","scalerank":9,"min_label":7.2,"max_label":null,"elevation":4023.0}},{"type":"Feature","geometry":{"type":"Point","coordinates":[175.36,-84.56]},"properties":{"name":"Mount Kaplan","name_zh":"卡普蘭山","name_ja":"カプラン山","kind":"Peak","scalerank":9,"min_label":7.2,"max_label":null,"elevation":4230.0}},{"type":"Feature","geometry":{"type":"Point","coordinates":[26.08,-72.13]},"properties":{"name":"Isachsen Mountain","name_zh":"伊薩克森山","name_ja":"イサックセン山","kind":"Peak","scalerank":9,"min_label":7.2,"max_label":null,"elevation":3425.0}},{"type":"Feature","geometry":{"type":"Point","coordinates":[-128.63,-85.71]},"properties":{"name":"Faure Peak","name_zh":"福尔峰","name_ja":"フォーレ山頂","kind":"Peak","scalerank":9,"min_label":7.2,"max_label":null,"elevation":3940.0}},{"type":"Feature","geometry":{"type":"Point","coordinates":[-90.85,-85.0398]},"properties":{"name":"Anderson Summit","name_zh":"安德森峰","name_ja":"アンダーソン山","kind":"Peak","scalerank":9,"min_label":7.2,"max_label":null,"elevation":2810.0}},{"type":"Feature","geometry":{"type":"Point","coordinates":[94.2967,52.6213]},"properties":{"name":"","name_zh":"","name_ja":"","kind":"Peak","scalerank":7,"min_label":7.0,"max_label":null,"elevation":2522.0}},{"type":"Feature","geometry":{"type":"Point","coordinates":[93.7726,23.3317]},"properties":{"name":"Kennedy Peak","name_zh":"肯尼迪峰","name_ja":"ケネディー・ピーク","kind":"Peak","scalerank":7,"min_label":7.0,"max_label":null,"elevation":2703.0}},{"type":"Feature","geometry":{"type":"Point","coordinates":[98.0907,22.6599]},"properties":{"name":"Loi Leng","name_zh":"莱伦山","name_ja":"ロイレン","kind":"Peak","scalerank":7,"min_label":7.0,"max_label":null,"elevation":2673.0}},{"type":"Feature","geometry":{"type":"Point","coordinates":[98.4912,18.5983]},"properties":{"name":"Doi Inthanon","name_zh":"因他暖山","name_ja":"ドイ・インタノン山","kind":"Peak","scalerank":7,"min_label":7.0,"max_label":null,"elevation":2580.0}},{"type":"Feature","geometry":{"type":"Point","coordinates":[98.813,13.4806]},"properties":{"name":"Myinmoletkat Taung","name_zh":"敏莫莱卡山","name_ja":"ミンモレトカト・タウン山","kind":"Peak","scalerank":7,"min_label":7.0,"max_label":null,"elevation":2072.0}},{"type":"Feature","geometry":{"type":"Point","coordinates":[104.1756,12.0509]},"properties":{"name":"Phnom Aural","name_zh":"奥拉尔山","name_ja":"アオラル山","kind":"Peak","scalerank":7,"min_label":7.0,"max_label":null,"elevation":1813.0}},{"type":"Feature","geometry":{"type":"Point","coordinates":[108.015,15.1616]},"properties":{"name":"Ngoc Linh","name_zh":"玉灵丘","name_ja":"ゴクリン山","kind":"Peak","scalerank":7,"min_label":7.0,"max_label":null,"elevation":2598.0}},{"type":"Feature","geometry":{"type":"Point","coordinates":[108.4301,12.4043]},"properties":{"name":"Chuo Yang Sin","name_zh":"绰阳仙山","name_ja":"ヤンシン山","kind":"Peak","scalerank":7,"min_label":7.0,"max_label":null,"elevation":2420.0}},{"type":"Feature","geometry":{"type":"Point","coordinates":[78.4894,33.7514]},"properties":{"name":"Kangju Kangri","name_zh":"康居康日山","name_ja":"カンジュ・カンリ山","kind":"Peak","scalerank":7,"min_label":7.0,"max_label":null,"elevation":6725.0}},{"type":"Feature","geometry":{"type":"Point","coordinates":[76.0245,33.9844]},"properties":{"name":"Nun","name_zh":"怒山","name_ja":"ヌン山","kind":"Peak","scalerank":7,"min_label":7.0,"max_label":null,"elevation":7135.0}},{"type":"Feature","geometry":{"type":"Point","coordinates":[69.9369,31.6944]},"properties":{"name":"Obasta Tsukai","name_zh":"奥巴斯塔津凯山","name_ja":"オバスタ・ツカイ山","kind":"Peak","scalerank":7,"min_label":7.0,"max_label":null,"elevation":3452.0}},{"type":"Feature","geometry":{"type":"Point","coordinates":[93.9174,21.2432]},"properties":{"name":"Mount Victoria","name_zh":"维多利亚山","name_ja":"ヴィクトリア山","kind":"Peak","scalerank":7,"min_label":7.0,"max_label":null,"elevation":3053.0}},{"type":"Feature","geometry":{"type":"Point","coordinates":[99.6172,26.8733]},"properties":{"name":"Laotzyunshan","name_zh":"老君山","name_ja":"ラオツユン山","kind":"Peak","scalerank":7,"min_label":7.0,"max_label":null,"elevation":4500.0}},{"type":"Feature","geometry":{"type":"Point","coordinates":[98.76,79.5315]},"properties":{"name":"","name_zh":"","name_ja":"","kind":"Peak","scalerank":7,"min_label":7.0,"max_label":null,"elevation":965.0}},{"type":"Feature","geometry":{"type":"Point","coordinates":[100.2383,45.0051]},"properties":{"name":"Tergun Bogd","name_zh":"特贡博格德山","name_ja":"テルガン・ボグド","kind":"Peak","scalerank":7,"min_label":7.0,"max_label":null,"elevation":3957.0}},{"type":"Feature","geometry":{"type":"Point","coordinates":[91.4652,46.8901]},"properties":{"name":"Munkh Khairkhan","name_zh":"蒙克凯尔汗山","name_ja":"メイカハイカーン山","kind":"Peak","scalerank":7,"min_label":7.0,"max_label":null,"elevation":4231.0}},{"type":"Feature","geometry":{"type":"Point","coordinates":[110.455,54.6714]},"properties":{"name":"","name_zh":"","name_ja":"","kind":"Peak","scalerank":7,"min_label":7.0,"max_label":null,"elevation":2840.0}},{"type":"Feature","geometry":{"type":"Point","coordinates":[97.7159,38.5152]},"properties":{"name":"Kangze'gyai","name_zh":"康泽盖山","name_ja":"崗則吾結峰","kind":"Peak","scalerank":7,"min_label":7.0,"max_label":null,"elevation":5808.0}},{"type":"Feature","geometry":{"type":"Point","coordinates":[103.7753,43.6468]},"properties":{"name":"Dund Sayhni Nuru","name_zh":"邓德赛尼努鲁山","name_ja":"ドゥンド・サイーニ・ヌル","kind":"Peak","scalerank":7,"min_label":7.0,"max_label":null,"elevation":2825.0}},{"type":"Feature","geometry":{"type":"Point","coordinates":[117.5814,43.5419]},"properties":{"name":"Huanggangliang","name_zh":"黄岗梁","name_ja":"黄崗梁","kind":"Peak","scalerank":7,"min_label":7.0,"max_label":null,"elevation":2029.0}},{"type":"Feature","geometry":{"type":"Point","coordinates":[110.5814,30.2453]},"properties":{"name":"","name_zh":"","name_ja":"","kind":"Peak","scalerank":7,"min_label":7.0,"max_label":null,"elevation":2300.0}},{"type":"Feature","geometry":{"type":"Point","coordinates":[108.6783,27.8955]},"properties":{"name":"Fenghuang Shan","name_zh":"凤凰山","name_ja":"鳳凰山","kind":"Peak","scalerank":7,"min_label":7.0,"max_label":null,"elevation":2570.0}},{"type":"Feature","geometry":{"type":"Point","coordinates":[110.0998,23.9898]},"properties":{"name":"Shengtang Shan","name_zh":"圣堂山","name_ja":"盛唐山","kind":"Peak","scalerank":7,"min_label":7.0,"max_label":null,"elevation":1935.0}},{"type":"Feature","geometry":{"type":"Point","coordinates":[110.1292,34.436]},"properties":{"name":"Hua Shan","name_zh":"华山","name_ja":"華山","kind":"Peak","scalerank":7,"min_label":7.0,"max_label":null,"elevation":2130.0}},{"type":"Feature","geometry":{"type":"Point","coordinates":[105.9451,38.8372]},"properties":{"name":"Helan Shan","name_zh":"贺兰山","name_ja":"賀蘭山脈","kind":"Peak","scalerank":7,"min_label":7.0,"max_label":null,"elevation":3540.0}},{"type":"Feature","geometry":{"type":"Point","coordinates":[130.4255,55.9089]},"properties":{"name":"","name_zh":"","name_ja":"","kind":"Peak","scalerank":7,"min_label":7.0,"max_label":null,"elevation":2380.0}},{"type":"Feature","geometry":{"type":"Point","coordinates":[134.0171,57.621]},"properties":{"name":"Gora Golets-Oblachnyy","name_zh":"戈勒克奥巴拉奇尼山","name_ja":"ゴレツ・オブラチニ山","kind":"Peak","scalerank":7,"min_label":7.0,"max_label":null,"elevation":2482.0}},{"type":"Feature","geometry":{"type":"Point","coordinates":[128.145,67.6033]},"properties":{"name":"","name_zh":"","name_ja":"","kind":"Peak","scalerank":7,"min_label":7.0,"max_label":null,"elevation":2409.0}},{"type":"Feature","geometry":{"type":"Point","coordinates":[109.7125,18.9133]},"properties":{"name":"Wuzhi Shan","name_zh":"五指山","name_ja":"五指山","kind":"Peak","scalerank":7,"min_label":7.0,"max_label":null,"elevation":1840.0}},{"type":"Feature","geometry":{"type":"Point","coordinates":[103.7721,22.3133]},"properties":{"name":"Fan Si Pan","name_zh":"番西邦峰","name_ja":"ファンシーパン山","kind":"Peak","scalerank":7,"min_label":7.0,"max_label":null,"elevation":3142.0}},{"type":"Feature","geometry":{"type":"Point","coordinates":[77.0666,10.1701]},"properties":{"name":"Anai Mudi","name_zh":"阿奈穆迪山","name_ja":"アナミュディ山","kind":"Peak","scalerank":7,"min_label":7.0,"max_label":null,"elevation":2695.0}},{"type":"Feature","geometry":{"type":"Point","coordinates":[84.3568,18.9743]},"properties":{"name":"Mahendra Giri","name_zh":"马亨德拉吉里山","name_ja":"マヘンドラギリ山","kind":"Peak","scalerank":7,"min_label":7.0,"max_label":null,"elevation":1501.0}},{"type":"Feature","geometry":{"type":"Point","coordinates":[73.9299,20.7115]},"properties":{"name":"Salher","name_zh":"萨尔赫山","name_ja":"サルヘル山","kind":"Peak","scalerank":7,"min_label":7.0,"max_label":null,"elevation":1567.0}},{"type":"Feature","geometry":{"type":"Point","coordinates":[74.8617,13.8795]},"properties":{"name":"Kodachadri","name_zh":"科达查德里山","name_ja":"コダチャドリ","kind":"Peak","scalerank":7,"min_label":7.0,"max_label":null,"elevation":1343.0}},{"type":"Feature","geometry":{"type":"Point","coordinates":[72.7782,24.6567]},"properties":{"name":"Guru Sikhar","name_zh":"古鲁西卡尔山","name_ja":"グル・シカル","kind":"Peak","scalerank":7,"min_label":7.0,"max_label":null,"elevation":1722.0}},{"type":"Feature","geometry":{"type":"Point","coordinates":[117.788,27.8533]},"properties":{"name":"Huanggang Shan","name_zh":"黄冈山","name_ja":"黄崗山","kind":"Peak","scalerank":7,"min_label":7.0,"max_label":null,"elevation":2170.0}},{"type":"Feature","geometry":{"type":"Point","coordinates":[82.4929,47.1995]},"properties":{"name":"Gora Tastau","name_zh":"塔斯托山","name_ja":"タスタウ山","kind":"Peak","scalerank":7,"min_label":7.0,"max_label":null,"elevation":2992.0}},{"type":"Feature","geometry":{"type":"Point","coordinates":[77.671,41.0755]},"properties":{"name":"","name_zh":"","name_ja":"","kind":"Peak","scalerank":7,"min_label":7.0,"max_label":null,"elevation":5982.0}},{"type":"Feature","geometry":{"type":"Point","coordinates":[77.3312,43.1055]},"properties":{"name":"Pik Talghar","name_zh":"塔爾加爾峰","name_ja":"タルガル山","kind":"Peak","scalerank":7,"min_label":7.0,"max_label":null,"elevation":4979.0}},{"type":"Feature","geometry":{"type":"Point","coordinates":[74.5604,36.5383]},"properties":{"name":"Batura Mustagh I","name_zh":"巴托拉峰","name_ja":"バトゥーラ・サール","kind":"Peak","scalerank":7,"min_label":7.0,"max_label":null,"elevation":7795.0}},{"type":"Feature","geometry":{"type":"Point","coordinates":[91.7925,25.4255]},"properties":{"name":"","name_zh":"","name_ja":"","kind":"Peak","scalerank":7,"min_label":7.0,"max_label":null,"elevation":1961.0}},{"type":"Feature","geometry":{"type":"Point","coordinates":[84.6024,36.7336]},"properties":{"name":"Ak Tag","name_zh":"阿克塔山","name_ja":"アクタグ山","kind":"Peak","scalerank":7,"min_label":7.0,"max_label":null,"elevation":6748.0}},{"type":"Feature","geometry":{"type":"Point","coordinates":[80.9262,35.3225]},"properties":{"name":"Liushi Shan","name_zh":"昆仑神女峰","name_ja":"昆侖女神峰","kind":"Peak","scalerank":7,"min_label":7.0,"max_label":null,"elevation":7167.0}},{"type":"Feature","geometry":{"type":"Point","coordinates":[95.0657,29.643]},"properties":{"name":"Namcha Barwa","name_zh":"南迦巴瓦峰","name_ja":"ナムチャバルワ","kind":"Peak","scalerank":7,"min_label":7.0,"max_label":null,"elevation":7782.0}},{"type":"Feature","geometry":{"type":"Point","coordinates":[113.016,24.9298]},"properties":{"name":"Paishidin","name_zh":"派希丁山","name_ja":"パイシディン山","kind":"Peak","scalerank":7,"min_label":7.0,"max_label":null,"elevation":1895.0}},{"type":"Feature","geometry":{"type":"Point","coordinates":[129.5606,47.5071]},"properties":{"name":"","name_zh":"","name_ja":"","kind":"Peak","scalerank":7,"min_label":7.0,"max_label":null,"elevation":1047.0}},{"type":"Feature","geometry":{"type":"Point","coordinates":[118.8578,30.1211]},"properties":{"name":"Qingliang Feng","name_zh":"清凉峰","name_ja":"清涼峰","kind":"Peak","scalerank":7,"min_label":7.0,"max_label":null,"elevation":1787.0}},{"type":"Feature","geometry":{"type":"Point","coordinates":[121.9781,51.1058]},"properties":{"name":"","name_zh":"","name_ja":"","kind":"Peak","scalerank":7,"min_label":7.0,"max_label":null,"elevation":1150.0}},{"type":"Feature","geometry":{"type":"Point","coordinates":[140.0957,68.3747]},"properties":{"name":"","name_zh":"","name_ja":"","kind":"Peak","scalerank":7,"min_label":7.0,"max_label":null,"elevation":2021.0}},{"type":"Feature","geometry":{"type":"Point","coordinates":[137.6289,36.595]},"properties":{"name":"Tate-yama","name_zh":"立山","name_ja":"立山","kind":"Peak","scalerank":7,"min_label":7.0,"max_label":null,"elevation":3015.0}},{"type":"Feature","geometry":{"type":"Point","coordinates":[140.9895,39.8599]},"properties":{"name":"Iwate-san","name_zh":"岩手山","name_ja":"岩手山","kind":"Peak","scalerank":7,"min_label":7.0,"max_label":null,"elevation":2038.0}},{"type":"Feature","geometry":{"type":"Point","coordinates":[160.7036,57.9329]},"properties":{"name":"Gora Khuvkhoitun","name_zh":"胡夫霍伊通火山","name_ja":"フフホイトゥン山","kind":"Peak","scalerank":7,"min_label":7.0,"max_label":null,"elevation":2616.0}},{"type":"Feature","geometry":{"type":"Point","coordinates":[165.6069,63.6418]},"properties":{"name":"Seraya","name_zh":"塞拉亚山","name_ja":"セラヤ","kind":"Peak","scalerank":7,"min_label":7.0,"max_label":null,"elevation":1162.0}},{"type":"Feature","geometry":{"type":"Point","coordinates":[154.9568,63.5361]},"properties":{"name":"Volna","name_zh":"沃纳山","name_ja":"ヴォルナ山","kind":"Peak","scalerank":7,"min_label":7.0,"max_label":null,"elevation":1585.0}},{"type":"Feature","geometry":{"type":"Point","coordinates":[141.8246,65.3042]},"properties":{"name":"Gora Chen","name_zh":"奇恩山","name_ja":"チョン山","kind":"Peak","scalerank":7,"min_label":7.0,"max_label":null,"elevation":2690.0}},{"type":"Feature","geometry":{"type":"Point","coordinates":[55.3661,45.6713]},"properties":{"name":"","name_zh":"","name_ja":"","kind":"Depression","scalerank":7,"min_label":7.0,"max_label":null,"elevation":-56.0}},{"type":"Feature","geometry":{"type":"Point","coordinates":[51.8138,43.4976]},"properties":{"name":"","name_zh":"","name_ja":"","kind":"Depression","scalerank":7,"min_label":7.0,"max_label":null,"elevation":-132.0}},{"type":"Feature","geometry":{"type":"Point","coordinates":[58.1007,37.8041]},"properties":{"name":"Kuh-e Ruzeh","name_zh":"鲁泽山","name_ja":"クーヘ・ルゼヘ山","kind":"Peak","scalerank":7,"min_label":7.0,"max_label":null,"elevation":2941.0}},{"type":"Feature","geometry":{"type":"Point","coordinates":[47.822,38.2551]},"properties":{"name":"Sabalon Kuh","name_zh":"库萨巴隆山","name_ja":"サバロン山","kind":"Peak","scalerank":7,"min_label":7.0,"max_label":null,"elevation":4814.0}},{"type":"Feature","geometry":{"type":"Point","coordinates":[61.1318,28.6297]},"properties":{"name":"Kuh-e Taftan","name_zh":"塔夫坦火山","name_ja":"タフターン山","kind":"Peak","scalerank":7,"min_label":7.0,"max_label":null,"elevation":3941.0}},{"type":"Feature","geometry":{"type":"Point","coordinates":[65.1825,28.834]},"properties":{"name":"Ras Koh","name_zh":"拉斯山","name_ja":"ラスコ山","kind":"Peak","scalerank":7,"min_label":7.0,"max_label":null,"elevation":3003.0}},{"type":"Feature","geometry":{"type":"Point","coordinates":[30.1501,36.6149]},"properties":{"name":"Kizlar Sivrisi","name_zh":"基兹拉尔西里西山","name_ja":"クズラル・シヴリシ","kind":"Peak","scalerank":7,"min_label":7.0,"max_label":null,"elevation":3070.0}},{"type":"Feature","geometry":{"type":"Point","coordinates":[29.2184,40.0925]},"properties":{"name":"Uludağ Tepe","name_zh":"乌鲁达山","name_ja":"ウルダー","kind":"Peak","scalerank":7,"min_label":7.0,"max_label":null,"elevation":2543.0}},{"type":"Feature","geometry":{"type":"Point","coordinates":[36.1034,34.3145]},"properties":{"name":"Qurnat as Sawdā","name_zh":"库纳特索达山","name_ja":"クルナ・アッサウダー山","kind":"Peak","scalerank":7,"min_label":7.0,"max_label":null,"elevation":3088.0}},{"type":"Feature","geometry":{"type":"Point","coordinates":[35.156,37.8357]},"properties":{"name":"Demirkazik","name_zh":"代米尔卡泽克峰","name_ja":"デミルカズク山","kind":"Peak","scalerank":7,"min_label":7.0,"max_label":null,"elevation":3756.0}},{"type":"Feature","geometry":{"type":"Point","coordinates":[41.1279,40.8415]},"properties":{"name":"Kackar Dagi","name_zh":"卡奇卡爾山脈","name_ja":"カッカー・ダギ","kind":"Peak","scalerank":7,"min_label":7.0,"max_label":null,"elevation":3931.0}},{"type":"Feature","geometry":{"type":"Point","coordinates":[45.0062,36.5453]},"properties":{"name":"Kuh-e Haji Ebrahim","name_zh":"哈吉易卜拉欣山","name_ja":"クーヘ・ハージェ・イブラヒム山","kind":"Peak","scalerank":7,"min_label":7.0,"max_label":null,"elevation":3587.0}},{"type":"Feature","geometry":{"type":"Point","coordinates":[44.5214,13.7409]},"properties":{"name":"Jabal Jihaf","name_zh":"吉哈夫山","name_ja":"ジャバル・ジハフ山","kind":"Peak","scalerank":7,"min_label":7.0,"max_label":null,"elevation":3277.0}},{"type":"Feature","geometry":{"type":"Point","coordinates":[49.0481,14.9665]},"properties":{"name":"","name_zh":"","name_ja":"","kind":"Peak","scalerank":7,"min_label":7.0,"max_label":null,"elevation":1730.0}},{"type":"Feature","geometry":{"type":"Point","coordinates":[118.184,25.6809]},"properties":{"name":"Daiyun Shan","name_zh":"戴云山","name_ja":"戴云山","kind":"Peak","scalerank":6,"min_label":6.7,"max_label":null,"elevation":1856.0}},{"type":"Feature","geometry":{"type":"Point","coordinates":[59.1345,59.6328]},"properties":{"name":"Gora Konzhakovskiy Kamen","name_zh":"康札科夫斯基卡門山","name_ja":"コンジャコフスキー・カーメン山","kind":"Peak","scalerank":6,"min_label":6.7,"max_label":null,"elevation":1569.0}},{"type":"Feature","geometry":{"type":"Point","coordinates":[116.7012,41.0964]},"properties":{"name":"Yunwu Shan","name_zh":"云雾山","name_ja":"雲霧山","kind":"Peak","scalerank":6,"min_label":6.7,"max_label":null,"elevation":1867.0}},{"type":"Feature","geometry":{"type":"Point","coordinates":[128.4729,38.1419]},"properties":{"name":"Sorak-san","name_zh":"雪岳山","name_ja":"雪嶽山","kind":"Peak","scalerank":6,"min_label":6.7,"max_label":null,"elevation":1708.0}},{"type":"Feature","geometry":{"type":"Point","coordinates":[127.7305,35.3368]},"properties":{"name":"Chiri-san","name_zh":"智异山","name_ja":"智異山","kind":"Peak","scalerank":6,"min_label":6.7,"max_label":null,"elevation":1915.0}},{"type":"Feature","geometry":{"type":"Point","coordinates":[114.95,28.8838]},"properties":{"name":"Jiuling Shan","name_zh":"九嶺山","name_ja":"九嶺山","kind":"Peak","scalerank":6,"min_label":6.7,"max_label":null,"elevation":1686.0}},{"type":"Feature","geometry":{"type":"Point","coordinates":[115.9372,23.7691]},"properties":{"name":"Hongtu Zhang","name_zh":"鸿图嶂","name_ja":"","kind":"Peak","scalerank":6,"min_label":6.7,"max_label":null,"elevation":1265.0}},{"type":"Feature","geometry":{"type":"Point","coordinates":[102.2334,4.6335]},"properties":{"name":"Gunung Tahan","name_zh":"大汉山","name_ja":"タハン山","kind":"Peak","scalerank":6,"min_label":6.7,"max_label":null,"elevation":2190.0}},{"type":"Feature","geometry":{"type":"Point","coordinates":[99.734,8.4982]},"properties":{"name":"Khao Luang","name_zh":"拷龙山","name_ja":"カオルアン","kind":"Peak","scalerank":6,"min_label":6.7,"max_label":null,"elevation":1780.0}},{"type":"Feature","geometry":{"type":"Point","coordinates":[80.774,7.0007]},"properties":{"name":"Pidurutalagala","name_zh":"皮杜鲁塔拉格勒山","name_ja":"ピドゥルタラーガラ山","kind":"Peak","scalerank":6,"min_label":6.7,"max_label":null,"elevation":2524.0}},{"type":"Feature","geometry":{"type":"Point","coordinates":[120.9574,23.4699]},"properties":{"name":"Yu Shan","name_zh":"玉山","name_ja":"玉山","kind":"Peak","scalerank":6,"min_label":6.7,"max_label":null,"elevation":3952.0}},{"type":"Feature","geometry":{"type":"Point","coordinates":[130.2944,32.7566]},"properties":{"name":"Unzen-dake","name_zh":"云仙岳","name_ja":"雲仙岳","kind":"Peak","scalerank":6,"min_label":6.7,"max_label":null,"elevation":1500.0}},{"type":"Feature","geometry":{"type":"Point","coordinates":[128.2169,26.7161]},"properties":{"name":"Yonaha-dake","name_zh":"與那霸岳","name_ja":"与那覇岳","kind":"Peak","scalerank":6,"min_label":6.7,"max_label":null,"elevation":498.0}},{"type":"Feature","geometry":{"type":"Point","coordinates":[130.6502,31.5833]},"properties":{"name":"Sakurajima","name_zh":"樱岛","name_ja":"桜島","kind":"Peak","scalerank":6,"min_label":6.7,"max_label":null,"elevation":1117.0}},{"type":"Feature","geometry":{"type":"Point","coordinates":[138.7309,35.3579]},"properties":{"name":"Fuji","name_zh":"富士山","name_ja":"富士山","kind":"Peak","scalerank":6,"min_label":6.7,"max_label":null,"elevation":3776.0}},{"type":"Feature","geometry":{"type":"Point","coordinates":[142.855,43.6578]},"properties":{"name":"Asahi-dake","name_zh":"旭岳","name_ja":"旭岳","kind":"Peak","scalerank":6,"min_label":6.7,"max_label":null,"elevation":2290.0}},{"type":"Feature","geometry":{"type":"Point","coordinates":[151.7853,46.8181]},"properties":{"name":"Vulkan Milna","name_zh":"米利納火山","name_ja":"新知岳","kind":"Peak","scalerank":6,"min_label":6.7,"max_label":null,"elevation":1539.0}},{"type":"Feature","geometry":{"type":"Point","coordinates":[147.366,44.8436]},"properties":{"name":"Gora Stokap","name_zh":"斯托卡普山","name_ja":"ストカップ山","kind":"Peak","scalerank":6,"min_label":6.7,"max_label":null,"elevation":1634.0}},{"type":"Feature","geometry":{"type":"Point","coordinates":[143.1371,50.8559]},"properties":{"name":"Gora Lopatina","name_zh":"罗帕蒂纳山","name_ja":"ロパチン山","kind":"Peak","scalerank":6,"min_label":6.7,"max_label":null,"elevation":1609.0}},{"type":"Feature","geometry":{"type":"Point","coordinates":[158.7195,53.3349]},"properties":{"name":"Koryakskaya Sopka","name_zh":"科里亚克火山","name_ja":"コリャークスカヤ・ソプカ山","kind":"Peak","scalerank":6,"min_label":6.7,"max_label":null,"elevation":3456.0}},{"type":"Feature","geometry":{"type":"Point","coordinates":[160.6439,56.056]},"properties":{"name":"Klyuchevskaya Sopka","name_zh":"克柳切夫火山","name_ja":"クリュチェフスカヤ山","kind":"Peak","scalerank":4,"min_label":6.0,"max_label":null,"elevation":4750.0}},{"type":"Feature","geometry":{"type":"Point","coordinates":[171.1919,61.9018]},"properties":{"name":"Gora Ledyanaya","name_zh":"戈拉莱德亚纳亚山","name_ja":"レジャナヤ山","kind":"Peak","scalerank":6,"min_label":6.7,"max_label":null,"elevation":2453.0}},{"type":"Feature","geometry":{"type":"Point","coordinates":[178.269,67.8213]},"properties":{"name":"","name_zh":"","name_ja":"","kind":"Peak","scalerank":6,"min_label":6.7,"max_label":null,"elevation":1887.0}},{"type":"Feature","geometry":{"type":"Point","coordinates":[140.8801,62.5913]},"properties":{"name":"Gora Mus-Khaya","name_zh":"穆斯哈亞山","name_ja":"ムスハヤ山","kind":"Peak","scalerank":6,"min_label":6.7,"max_label":null,"elevation":2959.0}},{"type":"Feature","geometry":{"type":"Point","coordinates":[149.5084,61.974]},"properties":{"name":"Pik Aborigen","name_zh":"阿博日根山","name_ja":"ピクアボリゲン","kind":"Peak","scalerank":6,"min_label":6.7,"max_label":null,"elevation":2586.0}},{"type":"Feature","geometry":{"type":"Point","coordinates":[57.264,23.2369]},"properties":{"name":"Jabal Shams","name_zh":"舍姆斯山","name_ja":"シャムス山","kind":"Peak","scalerank":6,"min_label":6.7,"max_label":null,"elevation":3035.0}},{"type":"Feature","geometry":{"type":"Point","coordinates":[52.109,35.9552]},"properties":{"name":"Mount Damavand","name_zh":"德馬峰","name_ja":"ダマーヴァンド山","kind":"Peak","scalerank":6,"min_label":6.7,"max_label":null,"elevation":5610.0}},{"type":"Feature","geometry":{"type":"Point","coordinates":[57.2723,29.5116]},"properties":{"name":"Kuh-e Hezar","name_zh":"哈扎蘭峰","name_ja":"クーヘ・ヘザール山","kind":"Peak","scalerank":6,"min_label":6.7,"max_label":null,"elevation":4465.0}},{"type":"Feature","geometry":{"type":"Point","coordinates":[57.3748,32.4501]},"properties":{"name":"Kuh-e Nay Band","name_zh":"内伊邦德山","name_ja":"クーヘ・ネイ・バンド山","kind":"Peak","scalerank":6,"min_label":6.7,"max_label":null,"elevation":2960.0}},{"type":"Feature","geometry":{"type":"Point","coordinates":[43.9708,15.2751]},"properties":{"name":"Jabal an-Nabi Shu’aib","name_zh":"納比沙伊卜山","name_ja":"ナビー・シュアイブ山","kind":"Peak","scalerank":6,"min_label":6.7,"max_label":null,"elevation":3666.0}},{"type":"Feature","geometry":{"type":"Point","coordinates":[42.3639,18.2558]},"properties":{"name":"Jabal Sawdā","name_zh":"索达山","name_ja":"サウダ山","kind":"Peak","scalerank":6,"min_label":6.7,"max_label":null,"elevation":3000.0}},{"type":"Feature","geometry":{"type":"Point","coordinates":[38.2081,24.5658]},"properties":{"name":"Jebel Jar","name_zh":"杰贝扎尔山","name_ja":"ジェベル・ジャール山","kind":"Peak","scalerank":6,"min_label":6.7,"max_label":null,"elevation":2300.0}},{"type":"Feature","geometry":{"type":"Point","coordinates":[97.5502,47.6]},"properties":{"name":"Otgon Tenger","name_zh":"鄂特冈腾格里峰","name_ja":"オトゴンテンゲル山","kind":"Peak","scalerank":5,"min_label":6.0,"max_label":null,"elevation":4000.0}},{"type":"Feature","geometry":{"type":"Point","coordinates":[115.0071,58.2883]},"properties":{"name":"Gora Korolenko","name_zh":"科罗连科山","name_ja":"コロレンコ山","kind":"Peak","scalerank":5,"min_label":6.0,"max_label":null,"elevation":1647.0}},{"type":"Feature","geometry":{"type":"Point","coordinates":[99.4666,34.8001]},"properties":{"name":"Magen Gangri","name_zh":"玛卿岗日山","name_ja":"マチン山脈","kind":"Peak","scalerank":5,"min_label":6.0,"max_label":null,"elevation":6282.0}},{"type":"Feature","geometry":{"type":"Point","coordinates":[107.7501,33.9501]},"properties":{"name":"Taibai Shan","name_zh":"太白山","name_ja":"太白山","kind":"Peak","scalerank":5,"min_label":6.0,"max_label":null,"elevation":3767.0}},{"type":"Feature","geometry":{"type":"Point","coordinates":[79.971,30.5425]},"properties":{"name":"Nanda Devi","name_zh":"楠达德维山","name_ja":"ナンダ・デヴィ山","kind":"Peak","scalerank":5,"min_label":6.0,"max_label":null,"elevation":7817.0}},{"type":"Feature","geometry":{"type":"Point","coordinates":[109.0,32.2499]},"properties":{"name":"Daba Shan","name_zh":"大巴山","name_ja":"大巴山","kind":"Peak","scalerank":5,"min_label":6.0,"max_label":null,"elevation":2708.0}},{"type":"Feature","geometry":{"type":"Point","coordinates":[97.1194,41.5238]},"properties":{"name":"Mazong Shan","name_zh":"马鬃山","name_ja":"馬宗山","kind":"Peak","scalerank":5,"min_label":6.0,"max_label":null,"elevation":2584.0}},{"type":"Feature","geometry":{"type":"Point","coordinates":[109.9831,49.7001]},"properties":{"name":"Gora Burun-Shibertuy","name_zh":"布伦希伯图伊山","name_ja":"バルン・シベルトゥイ山","kind":"Peak","scalerank":5,"min_label":6.0,"max_label":null,"elevation":2519.0}},{"type":"Feature","geometry":{"type":"Point","coordinates":[119.098,56.4015]},"properties":{"name":"Skalistyy Golets","name_zh":"斯卡利斯蒂戈雷山","name_ja":"スカリスチェイ・ゴレツ","kind":"Peak","scalerank":5,"min_label":6.0,"max_label":null,"elevation":2467.0}},{"type":"Feature","geometry":{"type":"Point","coordinates":[111.6315,56.3641]},"properties":{"name":"Inyaptuk Golets","name_zh":"因亚普图克戈勒克山","name_ja":"ゴレツ・イニャプトゥク山","kind":"Peak","scalerank":5,"min_label":6.0,"max_label":null,"elevation":2641.0}},{"type":"Feature","geometry":{"type":"Point","coordinates":[96.0386,53.9257]},"properties":{"name":"Grandiozny Peak","name_zh":"格兰迪奥兹尼峰","name_ja":"グランディオズニー山","kind":"Peak","scalerank":5,"min_label":6.0,"max_label":null,"elevation":2891.0}},{"type":"Feature","geometry":{"type":"Point","coordinates":[88.3174,43.7951]},"properties":{"name":"Bogda Feng","name_zh":"博格达峰","name_ja":"ボゴダ峰","kind":"Peak","scalerank":4,"min_label":6.0,"max_label":null,"elevation":5445.0}},{"type":"Feature","geometry":{"type":"Point","coordinates":[72.0217,38.9324]},"properties":{"name":"Pik Imeni Ismail Samani","name_zh":"伊斯梅尔·索莫尼峰","name_ja":"イスモイル・ソモニ峰","kind":"Peak","scalerank":4,"min_label":6.0,"max_label":null,"elevation":7495.0}},{"type":"Feature","geometry":{"type":"Point","coordinates":[71.0542,42.29]},"properties":{"name":"Gora Manas","name_zh":"玛纳斯山","name_ja":"マナス山","kind":"Peak","scalerank":4,"min_label":6.0,"max_label":null,"elevation":4482.0}},{"type":"Feature","geometry":{"type":"Point","coordinates":[67.6277,34.6421]},"properties":{"name":"Shah Fuladi","name_zh":"沙阿富拉迪山","name_ja":"シャー・フラディ","kind":"Peak","scalerank":4,"min_label":6.0,"max_label":null,"elevation":5048.0}},{"type":"Feature","geometry":{"type":"Point","coordinates":[64.1884,33.117]},"properties":{"name":"Kuh-e Jang Qal'eh","name_zh":"江盖勒山","name_ja":"クーヘ・ジャン・カレヘ山","kind":"Peak","scalerank":4,"min_label":6.0,"max_label":null,"elevation":4171.0}},{"type":"Feature","geometry":{"type":"Point","coordinates":[100.6166,51.7164]},"properties":{"name":"Gora Munku-Sardyk","name_zh":"蒙库萨尔德克山","name_ja":"ムンク・サルディク山","kind":"Peak","scalerank":4,"min_label":6.0,"max_label":null,"elevation":3491.0}},{"type":"Feature","geometry":{"type":"Point","coordinates":[113.5702,39.0876]},"properties":{"name":"Wutai Shan","name_zh":"五台山","name_ja":"五台山","kind":"Peak","scalerank":4,"min_label":6.0,"max_label":null,"elevation":3058.0}},{"type":"Feature","geometry":{"type":"Point","coordinates":[101.8791,29.5958]},"properties":{"name":"Gongga Shan","name_zh":"贡嘎山","name_ja":"ミニヤコンカ","kind":"Peak","scalerank":3,"min_label":5.1,"max_label":null,"elevation":7556.0}},{"type":"Feature","geometry":{"type":"Point","coordinates":[83.4951,28.6965]},"properties":{"name":"Dhaulagiri","name_zh":"道拉吉里峰","name_ja":"ダウラギリ","kind":"Peak","scalerank":3,"min_label":5.1,"max_label":null,"elevation":8172.0}},{"type":"Feature","geometry":{"type":"Point","coordinates":[86.6063,49.8071]},"properties":{"name":"Belukha","name_zh":"别卢哈山","name_ja":"ベルーハ山","kind":"Peak","scalerank":3,"min_label":5.1,"max_label":null,"elevation":4506.0}},{"type":"Feature","geometry":{"type":"Point","coordinates":[80.9999,32.8166]},"properties":{"name":"Nganglong Kangri","name_zh":"昂龙岗日山","name_ja":"港龍崗日","kind":"Peak","scalerank":3,"min_label":5.1,"max_label":null,"elevation":6720.0}},{"type":"Feature","geometry":{"type":"Point","coordinates":[91.0834,33.4166]},"properties":{"name":"Geladandong","name_zh":"各拉丹冬峰","name_ja":"ゴラタントン山","kind":"Peak","scalerank":3,"min_label":5.1,"max_label":null,"elevation":6621.0}},{"type":"Feature","geometry":{"type":"Point","coordinates":[86.8806,27.9805]},"properties":{"name":"Mount Everest","name_zh":"珠穆朗玛峰","name_ja":"エベレスト","kind":"Peak","scalerank":1,"min_label":4.0,"max_label":null,"elevation":8848.0}},{"type":"Feature","geometry":{"type":"Point","coordinates":[92.532,27.8747]},"properties":{"name":"Kangtö","name_zh":"康格多山","name_ja":"カント山","kind":"Peak","scalerank":4,"min_label":6.0,"max_label":null,"elevation":7060.0}},{"type":"Feature","geometry":{"type":"Point","coordinates":[90.5885,30.3902]},"properties":{"name":"Nyainqentanglha Feng","name_zh":"念青唐古拉峰","name_ja":"ニェンチェンタンラ山","kind":"Peak","scalerank":6,"min_label":6.7,"max_label":null,"elevation":7162.0}},{"type":"Feature","geometry":{"type":"Point","coordinates":[89.3401,42.7687]},"properties":{"name":"Turpan Depression","name_zh":"吐鲁番盆地","name_ja":"トルファン盆地","kind":"Depression","scalerank":2,"min_label":5.0,"max_label":null,"elevation":-154.0}},{"type":"Feature","geometry":{"type":"Point","coordinates":[35.4747,31.5154]},"properties":{"name":"","name_zh":"","name_ja":"","kind":"Depression","scalerank":2,"min_label":5.0,"max_label":null,"elevation":-416.0}},{"type":"Feature","geometry":{"type":"Point","coordinates":[71.0978,34.0984]},"properties":{"name":"Khyber Pass","name_zh":"开伯尔山口","name_ja":"カイバル峠","kind":"Peak","scalerank":2,"min_label":5.0,"max_label":null,"elevation":1070.0}},{"type":"Feature","geometry":{"type":"Point","coordinates":[76.5132,35.8824]},"properties":{"name":"K2","name_zh":"喬戈里峰","name_ja":"K2","kind":"Peak","scalerank":2,"min_label":5.0,"max_label":null,"elevation":8611.0}},{"type":"Feature","geometry":{"type":"Point","coordinates":[87.4132,36.4165]},"properties":{"name":"Muztag Feng","name_zh":"木孜塔格山","name_ja":"ウルグ・ムズタグ山","kind":"Peak","scalerank":2,"min_label":5.0,"max_label":null,"elevation":6973.0}},{"type":"Feature","geometry":{"type":"Point","coordinates":[81.3125,31.0666]},"properties":{"name":"Kailash","name_zh":"冈仁波齐峰","name_ja":"カイラス山","kind":"Peak","scalerank":2,"min_label":5.0,"max_label":null,"elevation":6638.0}},{"type":"Feature","geometry":{"type":"Point","coordinates":[50.09,32.37]},"properties":{"name":"Zard Kuh","name_zh":"扎德·庫山","name_ja":"ザルド山","kind":"Peak","scalerank":9,"min_label":7.2,"max_label":null,"elevation":4548.0}},{"type":"Feature","geometry":{"type":"Point","coordinates":[114.4399,55.97]},"properties":{"name":"","name_zh":"","name_ja":"","kind":"Peak","scalerank":9,"min_label":7.2,"max_label":null,"elevation":3067.0}},{"type":"Feature","geometry":{"type":"Point","coordinates":[134.57,53.61]},"properties":{"name":"","name_zh":"","name_ja":"","kind":"Peak","scalerank":9,"min_label":7.2,"max_label":null,"elevation":2370.0}},{"type":"Feature","geometry":{"type":"Point","coordinates":[35.11,31.5801]},"properties":{"name":"","name_zh":"","name_ja":"","kind":"Peak","scalerank":9,"min_label":7.2,"max_label":null,"elevation":1020.0}},{"type":"Feature","geometry":{"type":"Point","coordinates":[155.5699,50.86]},"properties":{"name":"Vulkan Alaid","name_zh":"阿莱德火山","name_ja":"阿頼度山","kind":"Peak","scalerank":9,"min_label":7.2,"max_label":null,"elevation":2339.0}},{"type":"Feature","geometry":{"type":"Point","coordinates":[68.1699,38.9501]},"properties":{"name":"","name_zh":"","name_ja":"","kind":"Peak","scalerank":9,"min_label":7.2,"max_label":null,"elevation":4643.0}},{"type":"Feature","geometry":{"type":"Point","coordinates":[70.72,39.62]},"properties":{"name":"","name_zh":"","name_ja":"","kind":"Peak","scalerank":9,"min_label":7.2,"max_label":null,"elevation":5621.0}},{"type":"Feature","geometry":{"type":"Point","coordinates":[71.84,36.25]},"properties":{"name":"Tirich Mir","name_zh":"蒂里杰米尔峰","name_ja":"ティリチミール","kind":"Peak","scalerank":9,"min_label":7.2,"max_label":null,"elevation":7708.0}},{"type":"Feature","geometry":{"type":"Point","coordinates":[116.1899,31.06]},"properties":{"name":"Tianzhu Shan","name_zh":"天柱山","name_ja":"天柱山","kind":"Peak","scalerank":9,"min_label":7.2,"max_label":null,"elevation":1760.0}},{"type":"Feature","geometry":{"type":"Point","coordinates":[87.8199,49.1499]},"properties":{"name":"Tavan Bogd Uul","name_zh":"塔弯博格多","name_ja":"タワン・ボグド山","kind":"Peak","scalerank":9,"min_label":7.2,"max_label":null,"elevation":4374.0}},{"type":"Feature","geometry":{"type":"Point","coordinates":[114.12,22.41]},"properties":{"name":"Tai Mo Shan","name_zh":"大帽山","name_ja":"大帽山","kind":"Peak","scalerank":9,"min_label":7.2,"max_label":null,"elevation":957.0}},{"type":"Feature","geometry":{"type":"Point","coordinates":[69.9001,34.04]},"properties":{"name":"Sikaram","name_zh":"锡卡拉姆山","name_ja":"シカラム山","kind":"Peak","scalerank":9,"min_label":7.2,"max_label":null,"elevation":4755.0}},{"type":"Feature","geometry":{"type":"Point","coordinates":[77.83,35.17]},"properties":{"name":"Shahi Kangri","name_zh":"莎瑟峰","name_ja":"サセルカンリⅡ峰","kind":"Peak","scalerank":9,"min_label":7.2,"max_label":null,"elevation":6934.0}},{"type":"Feature","geometry":{"type":"Point","coordinates":[130.63,43.18]},"properties":{"name":"Senlin Shan","name_zh":"森林山","name_ja":"森林山","kind":"Peak","scalerank":9,"min_label":7.2,"max_label":null,"elevation":1498.0}},{"type":"Feature","geometry":{"type":"Point","coordinates":[95.0399,25.73]},"properties":{"name":"Saramati","name_zh":"萨拉马蒂山","name_ja":"サラマティ山","kind":"Peak","scalerank":9,"min_label":7.2,"max_label":null,"elevation":3826.0}},{"type":"Feature","geometry":{"type":"Point","coordinates":[51.05,24.72]},"properties":{"name":"","name_zh":"","name_ja":"","kind":"Peak","scalerank":9,"min_label":7.2,"max_label":null,"elevation":83.0}},{"type":"Feature","geometry":{"type":"Point","coordinates":[89.21,33.92]},"properties":{"name":"Purog Kangri","name_zh":"普若岗日","name_ja":"普若崗日","kind":"Peak","scalerank":9,"min_label":7.2,"max_label":null,"elevation":6929.0}},{"type":"Feature","geometry":{"type":"Point","coordinates":[128.1699,43.99]},"properties":{"name":"Pipa Dingzi","name_zh":"琵琶顶子","name_ja":"琵琶山","kind":"Peak","scalerank":9,"min_label":7.2,"max_label":null,"elevation":1397.0}},{"type":"Feature","geometry":{"type":"Point","coordinates":[80.13,42.04]},"properties":{"name":"Pik Pobeda","name_zh":"托木尔峰","name_ja":"ポベーダ山","kind":"Peak","scalerank":9,"min_label":7.2,"max_label":null,"elevation":7439.0}},{"type":"Feature","geometry":{"type":"Point","coordinates":[78.4599,42.16]},"properties":{"name":"Pik Karakol","name_zh":"卡拉科尔山","name_ja":"カラコルピーク","kind":"Peak","scalerank":9,"min_label":7.2,"max_label":null,"elevation":5216.0}},{"type":"Feature","geometry":{"type":"Point","coordinates":[117.58,56.86]},"properties":{"name":"Pik BAM","name_zh":"巴姆山","name_ja":"ピクバム","kind":"Peak","scalerank":9,"min_label":7.2,"max_label":null,"elevation":3072.0}},{"type":"Feature","geometry":{"type":"Point","coordinates":[101.0101,17.73]},"properties":{"name":"Phu Soai Dao","name_zh":"富索岛","name_ja":"プーソーイダーオ山","kind":"Peak","scalerank":9,"min_label":7.2,"max_label":null,"elevation":2120.0}},{"type":"Feature","geometry":{"type":"Point","coordinates":[103.14,18.98]},"properties":{"name":"Phou Bia","name_zh":"普比亞山","name_ja":"ビア山","kind":"Peak","scalerank":9,"min_label":7.2,"max_label":null,"elevation":2830.0}},{"type":"Feature","geometry":{"type":"Point","coordinates":[128.09,42.0]},"properties":{"name":"Paektu-san","name_zh":"长白山","name_ja":"白頭山","kind":"Peak","scalerank":9,"min_label":7.2,"max_label":null,"elevation":2744.0}},{"type":"Feature","geometry":{"type":"Point","coordinates":[71.7811,36.4221]},"properties":{"name":"Nowshak","name_zh":"诺沙克峰","name_ja":"ノシャック","kind":"Peak","scalerank":9,"min_label":7.2,"max_label":null,"elevation":7492.0}},{"type":"Feature","geometry":{"type":"Point","coordinates":[74.59,35.24]},"properties":{"name":"Nanga Parbat","name_zh":"南迦帕尔巴特峰","name_ja":"ナンガ・パルバット","kind":"Peak","scalerank":9,"min_label":7.2,"max_label":null,"elevation":8125.0}},{"type":"Feature","geometry":{"type":"Point","coordinates":[114.0399,26.31]},"properties":{"name":"Nanfengmian","name_zh":"南风面山","name_ja":"南風面","kind":"Peak","scalerank":9,"min_label":7.2,"max_label":null,"elevation":2140.0}},{"type":"Feature","geometry":{"type":"Point","coordinates":[92.62,21.8801]},"properties":{"name":"Mowdok Mual","name_zh":"毛多克穆阿尔山","name_ja":"モウドク・ムアル山","kind":"Peak","scalerank":9,"min_label":7.2,"max_label":null,"elevation":1052.0}},{"type":"Feature","geometry":{"type":"Point","coordinates":[44.3,39.7001]},"properties":{"name":"Mount Ararat","name_zh":"亞拉拉特山","name_ja":"アララト山","kind":"Peak","scalerank":9,"min_label":7.2,"max_label":null,"elevation":5137.0}},{"type":"Feature","geometry":{"type":"Point","coordinates":[100.6301,24.5201]},"properties":{"name":"Maotou Shan","name_zh":"猫头山","name_ja":"猫頭山","kind":"Peak","scalerank":9,"min_label":7.2,"max_label":null,"elevation":3306.0}},{"type":"Feature","geometry":{"type":"Point","coordinates":[84.61,29.8301]},"properties":{"name":"Lunpo Gangri","name_zh":"冷布岗日山","name_ja":"ランポーガンリ","kind":"Peak","scalerank":9,"min_label":7.2,"max_label":null,"elevation":7095.0}},{"type":"Feature","geometry":{"type":"Point","coordinates":[46.7899,29.12]},"properties":{"name":"","name_zh":"","name_ja":"","kind":"Peak","scalerank":9,"min_label":7.2,"max_label":null,"elevation":281.0}},{"type":"Feature","geometry":{"type":"Point","coordinates":[131.25,33.0801]},"properties":{"name":"Kuju-san","name_zh":"久住山","name_ja":"久住山","kind":"Peak","scalerank":9,"min_label":7.2,"max_label":null,"elevation":1788.0}},{"type":"Feature","geometry":{"type":"Point","coordinates":[59.0499,36.28]},"properties":{"name":"Kuh-e Siah Khvani","name_zh":"希亚赫瓦尼山","name_ja":"クーヘ・シャー・ハヴァニ山","kind":"Peak","scalerank":9,"min_label":7.2,"max_label":null,"elevation":3314.0}},{"type":"Feature","geometry":{"type":"Point","coordinates":[48.48,33.9601]},"properties":{"name":"Kuh-e Garin","name_zh":"加林山","name_ja":"クーヘ・ガリン山","kind":"Peak","scalerank":9,"min_label":7.2,"max_label":null,"elevation":3630.0}},{"type":"Feature","geometry":{"type":"Point","coordinates":[56.35,27.8901]},"properties":{"name":"Kuh-e Fareghan","name_zh":"法尔甘山","name_ja":"クーへ・ファレガン山","kind":"Peak","scalerank":9,"min_label":7.2,"max_label":null,"elevation":3240.0}},{"type":"Feature","geometry":{"type":"Point","coordinates":[51.4398,30.9501]},"properties":{"name":"Kuh-e Dinar","name_zh":"德纳山","name_ja":"デナー山","kind":"Peak","scalerank":9,"min_label":7.2,"max_label":null,"elevation":4409.0}},{"type":"Feature","geometry":{"type":"Point","coordinates":[75.3099,38.5901]},"properties":{"name":"Kongkoerh","name_zh":"公格尔山","name_ja":"コングール山","kind":"Peak","scalerank":9,"min_label":7.2,"max_label":null,"elevation":7649.0}},{"type":"Feature","geometry":{"type":"Point","coordinates":[80.9398,45.17]},"properties":{"name":"Köketau","name_zh":"雪克陶山","name_ja":"ケケタウ山","kind":"Peak","scalerank":9,"min_label":7.2,"max_label":null,"elevation":4622.0}},{"type":"Feature","geometry":{"type":"Point","coordinates":[88.15,27.7001]},"properties":{"name":"Kanchenjunga","name_zh":"干城章嘉峰","name_ja":"カンチェンジュンガ","kind":"Peak","scalerank":9,"min_label":7.2,"max_label":null,"elevation":8586.0}},{"type":"Feature","geometry":{"type":"Point","coordinates":[77.3,12.5]},"properties":{"name":"Kabbal Durga","name_zh":"卡巴尔杜尔加山","name_ja":"カッバル・ドゥルガ","kind":"Peak","scalerank":9,"min_label":7.2,"max_label":null,"elevation":921.0}},{"type":"Feature","geometry":{"type":"Point","coordinates":[56.13,25.66]},"properties":{"name":"Jabal Yibir","name_zh":"伊比尔山","name_ja":"ジャバル・イビール山","kind":"Peak","scalerank":9,"min_label":7.2,"max_label":null,"elevation":1527.0}},{"type":"Feature","geometry":{"type":"Point","coordinates":[35.4001,29.5701]},"properties":{"name":"Jabal Ramm","name_zh":"拉姆山","name_ja":"ジャバル・ラム山","kind":"Peak","scalerank":9,"min_label":7.2,"max_label":null,"elevation":1754.0}},{"type":"Feature","geometry":{"type":"Point","coordinates":[35.86,33.41]},"properties":{"name":"Jabal ash Shaykh","name_zh":"谢赫山","name_ja":"ヘルモン山","kind":"Peak","scalerank":9,"min_label":7.2,"max_label":null,"elevation":2814.0}},{"type":"Feature","geometry":{"type":"Point","coordinates":[35.2899,28.69]},"properties":{"name":"Jabal al Lawz","name_zh":"劳兹山","name_ja":"ラウズ山","kind":"Peak","scalerank":9,"min_label":7.2,"max_label":null,"elevation":2580.0}},{"type":"Feature","geometry":{"type":"Point","coordinates":[50.55,26.04]},"properties":{"name":"Jabal ad Dukhan","name_zh":"煙霧山","name_ja":"ジャバル・アド・ドゥハーン","kind":"Peak","scalerank":9,"min_label":7.2,"max_label":null,"elevation":134.0}},{"type":"Feature","geometry":{"type":"Point","coordinates":[133.11,33.7701]},"properties":{"name":"Ishizuchi-san","name_zh":"石锤山","name_ja":"石鎚山","kind":"Peak","scalerank":9,"min_label":7.2,"max_label":null,"elevation":1982.0}},{"type":"Feature","geometry":{"type":"Point","coordinates":[102.9099,26.15]},"properties":{"name":"","name_zh":"","name_ja":"","kind":"Peak","scalerank":9,"min_label":7.2,"max_label":null,"elevation":4330.0}},{"type":"Feature","geometry":{"type":"Point","coordinates":[97.5399,28.3301]},"properties":{"name":"Hkakabo Razi","name_zh":"开加博峰","name_ja":"カカボラジ山","kind":"Peak","scalerank":9,"min_label":7.2,"max_label":null,"elevation":5881.0}},{"type":"Feature","geometry":{"type":"Point","coordinates":[35.4101,33.0]},"properties":{"name":"Har Meron","name_zh":"莫蘭山","name_ja":"メロン山","kind":"Peak","scalerank":9,"min_label":7.2,"max_label":null,"elevation":1208.0}},{"type":"Feature","geometry":{"type":"Point","coordinates":[126.52,33.36]},"properties":{"name":"Halla-san","name_zh":"汉拏山","name_ja":"漢拏山","kind":"Peak","scalerank":9,"min_label":7.2,"max_label":null,"elevation":1950.0}},{"type":"Feature","geometry":{"type":"Point","coordinates":[94.97,29.81]},"properties":{"name":"Gyala Peri","name_zh":"加拉白壘","name_ja":"ギャラペリ","kind":"Peak","scalerank":9,"min_label":7.2,"max_label":null,"elevation":7294.0}},{"type":"Feature","geometry":{"type":"Point","coordinates":[138.0499,48.9]},"properties":{"name":"Gora Tardoki-Yani","name_zh":"托尔多基-亚尼山","name_ja":"タルドキ・ヤーニ","kind":"Peak","scalerank":9,"min_label":7.2,"max_label":null,"elevation":2090.0}},{"type":"Feature","geometry":{"type":"Point","coordinates":[43.1,43.0]},"properties":{"name":"Gora Shkhara","name_zh":"什哈拉山","name_ja":"シュハラ山","kind":"Peak","scalerank":9,"min_label":7.2,"max_label":null,"elevation":5200.0}},{"type":"Feature","geometry":{"type":"Point","coordinates":[146.0399,65.19]},"properties":{"name":"Gora Pobeda","name_zh":"波別達山","name_ja":"ポビェダ山","kind":"Peak","scalerank":9,"min_label":7.2,"max_label":null,"elevation":3003.0}},{"type":"Feature","geometry":{"type":"Point","coordinates":[94.9398,69.1301]},"properties":{"name":"Gora Kamen","name_zh":"卡门山","name_ja":"カーメン山","kind":"Peak","scalerank":9,"min_label":7.2,"max_label":null,"elevation":1701.0}},{"type":"Feature","geometry":{"type":"Point","coordinates":[108.7,55.04]},"properties":{"name":"Gora Cherskoga","name_zh":"切尔斯科加山","name_ja":"チェルスコガ山","kind":"Peak","scalerank":9,"min_label":7.2,"max_label":null,"elevation":2588.0}},{"type":"Feature","geometry":{"type":"Point","coordinates":[54.5399,39.67]},"properties":{"name":"Gora Arlan","name_zh":"阿兰山","name_ja":"アルラン山","kind":"Peak","scalerank":9,"min_label":7.2,"max_label":null,"elevation":1880.0}},{"type":"Feature","geometry":{"type":"Point","coordinates":[90.4599,28.05]},"properties":{"name":"Gangkar Punsum","name_zh":"冈嘎本孙峰","name_ja":"ガンカー・プンスム","kind":"Peak","scalerank":9,"min_label":7.2,"max_label":null,"elevation":7570.0}},{"type":"Feature","geometry":{"type":"Point","coordinates":[35.45,38.53]},"properties":{"name":"Erciyes Dagi","name_zh":"埃尔吉耶斯山","name_ja":"エルジェス山","kind":"Peak","scalerank":9,"min_label":7.2,"max_label":null,"elevation":3917.0}},{"type":"Feature","geometry":{"type":"Point","coordinates":[41.74,43.23]},"properties":{"name":"Dombai-Ulgen","name_zh":"东拜乌尔根山","name_ja":"ドムバイ・ウリゲン山","kind":"Peak","scalerank":9,"min_label":7.2,"max_label":null,"elevation":4038.0}},{"type":"Feature","geometry":{"type":"Point","coordinates":[76.73,11.4]},"properties":{"name":"Doda Betta","name_zh":"多达贝达山","name_ja":"ドッダベッタ・ピーク","kind":"Peak","scalerank":9,"min_label":7.2,"max_label":null,"elevation":2636.0}},{"type":"Feature","geometry":{"type":"Point","coordinates":[99.6401,24.11]},"properties":{"name":"Daxue Shan","name_zh":"大雪山","name_ja":"大雪山","kind":"Peak","scalerank":9,"min_label":7.2,"max_label":null,"elevation":3500.0}},{"type":"Feature","geometry":{"type":"Point","coordinates":[44.9199,36.78]},"properties":{"name":"Cheekha Dar","name_zh":"切克汗峰","name_ja":"シェーハ・ダー山","kind":"Peak","scalerank":9,"min_label":7.2,"max_label":null,"elevation":3611.0}},{"type":"Feature","geometry":{"type":"Point","coordinates":[103.79,1.35]},"properties":{"name":"Bukit Timah","name_zh":"武吉知马山","name_ja":"ブキット・ティマ丘陵","kind":"Peak","scalerank":9,"min_label":7.2,"max_label":null,"elevation":176.0}},{"type":"Feature","geometry":{"type":"Point","coordinates":[47.86,41.2101]},"properties":{"name":"Bazar Dyuzi","name_zh":"巴扎尔迪聚山","name_ja":"バザルデュジ山","kind":"Peak","scalerank":9,"min_label":7.2,"max_label":null,"elevation":4466.0}},{"type":"Feature","geometry":{"type":"Point","coordinates":[96.72,29.17]},"properties":{"name":"Bairiga","name_zh":"若尼峰","name_ja":"ルオニイ","kind":"Peak","scalerank":9,"min_label":7.2,"max_label":null,"elevation":6882.0}},{"type":"Feature","geometry":{"type":"Point","coordinates":[66.5699,37.8301]},"properties":{"name":"Ayrybaba","name_zh":"艾拉巴山","name_ja":"アイリババ山","kind":"Peak","scalerank":9,"min_label":7.2,"max_label":null,"elevation":3137.0}},{"type":"Feature","geometry":{"type":"Point","coordinates":[44.1999,40.53]},"properties":{"name":"Aragats Lerr","name_zh":"阿拉加茨山","name_ja":"アラガツ山","kind":"Peak","scalerank":9,"min_label":7.2,"max_label":null,"elevation":4090.0}},{"type":"Feature","geometry":{"type":"Point","coordinates":[113.57,22.12]},"properties":{"name":"Alto Coloane","name_zh":"疊石塘山","name_ja":"疊石塘山","kind":"Peak","scalerank":9,"min_label":7.2,"max_label":null,"elevation":176.0}},{"type":"Feature","geometry":{"type":"Point","coordinates":[32.07,37.97]},"properties":{"name":"Kizilkaya","name_zh":"克孜勒卡亚山","name_ja":"クズルヤカ","kind":"Peak","scalerank":9,"min_label":7.2,"max_label":null,"elevation":3767.0}},{"type":"Feature","geometry":{"type":"Point","coordinates":[34.2479,44.6287]},"properties":{"name":"Roman-Kosh","name_zh":"羅曼-科什山","name_ja":"ロマンコシ山","kind":"Peak","scalerank":7,"min_label":7.0,"max_label":null,"elevation":1545.0}},{"type":"Feature","geometry":{"type":"Point","coordinates":[20.541,41.787]},"properties":{"name":"Korab","name_zh":"科拉比山","name_ja":"コラプ山","kind":"Peak","scalerank":7,"min_label":7.0,"max_label":null,"elevation":2764.0}},{"type":"Feature","geometry":{"type":"Point","coordinates":[16.6076,43.9605]},"properties":{"name":"Troglav","name_zh":"特罗格拉夫山","name_ja":"トログラヴ","kind":"Peak","scalerank":7,"min_label":7.0,"max_label":null,"elevation":1913.0}},{"type":"Feature","geometry":{"type":"Point","coordinates":[20.1321,49.171]},"properties":{"name":"Gerlach","name_zh":"格尔拉赫峰","name_ja":"ゲルラホウスキー山","kind":"Peak","scalerank":7,"min_label":7.0,"max_label":null,"elevation":2655.0}},{"type":"Feature","geometry":{"type":"Point","coordinates":[10.6186,51.8245]},"properties":{"name":"Brocken","name_zh":"布罗肯峰","name_ja":"ブロッケン山","kind":"Peak","scalerank":7,"min_label":7.0,"max_label":null,"elevation":1141.0}},{"type":"Feature","geometry":{"type":"Point","coordinates":[7.017,50.3929]},"properties":{"name":"Hohe Acht","name_zh":"豪赫阿赫特山","name_ja":"ホーエ・アハト","kind":"Peak","scalerank":7,"min_label":7.0,"max_label":null,"elevation":747.0}},{"type":"Feature","geometry":{"type":"Point","coordinates":[8.0128,47.8773]},"properties":{"name":"Feldberg","name_zh":"菲爾德山","name_ja":"フェルトベルク山","kind":"Peak","scalerank":7,"min_label":7.0,"max_label":null,"elevation":1493.0}},{"type":"Feature","geometry":{"type":"Point","coordinates":[13.5612,42.4873]},"properties":{"name":"Corno Grande","name_zh":"大科尔诺峰","name_ja":"コルノ・グランデ","kind":"Peak","scalerank":7,"min_label":7.0,"max_label":null,"elevation":2912.0}},{"type":"Feature","geometry":{"type":"Point","coordinates":[2.8115,45.5304]},"properties":{"name":"Puy de Sancy","name_zh":"桑西山","name_ja":"ピュイ・ド・サンシー山","kind":"Peak","scalerank":7,"min_label":7.0,"max_label":null,"elevation":1885.0}},{"type":"Feature","geometry":{"type":"Point","coordinates":[0.6631,42.6322]},"properties":{"name":"Pico de Aneto","name_zh":"阿内托峰","name_ja":"アネト山","kind":"Peak","scalerank":7,"min_label":7.0,"max_label":null,"elevation":3404.0}},{"type":"Feature","geometry":{"type":"Point","coordinates":[-4.845,43.1947]},"properties":{"name":"Torre de Cerredo","name_zh":"塞雷多峰","name_ja":"トーレ・セレード","kind":"Peak","scalerank":7,"min_label":7.0,"max_label":null,"elevation":2648.0}},{"type":"Feature","geometry":{"type":"Point","coordinates":[-3.3114,37.0514]},"properties":{"name":"Mulhacén","name_zh":"穆拉森山","name_ja":"ムラセン山","kind":"Peak","scalerank":7,"min_label":7.0,"max_label":null,"elevation":3479.0}},{"type":"Feature","geometry":{"type":"Point","coordinates":[-2.9378,42.2463]},"properties":{"name":"Mount San Lorenzo","name_zh":"聖洛倫佐山","name_ja":"サンロレンツォ山","kind":"Peak","scalerank":7,"min_label":7.0,"max_label":null,"elevation":2271.0}},{"type":"Feature","geometry":{"type":"Point","coordinates":[60.1234,65.0271]},"properties":{"name":"Gora Narodnaya","name_zh":"纳洛德纳亚山","name_ja":"ナロードナヤ山","kind":"Peak","scalerank":6,"min_label":6.7,"max_label":null,"elevation":1895.0}},{"type":"Feature","geometry":{"type":"Point","coordinates":[58.1172,54.2435]},"properties":{"name":"Gora Yamantau","name_zh":"亚曼套山","name_ja":"ヤマンタウ山","kind":"Peak","scalerank":6,"min_label":6.7,"max_label":null,"elevation":1638.0}},{"type":"Feature","geometry":{"type":"Point","coordinates":[7.7296,45.9382]},"properties":{"name":"Matterhorn","name_zh":"馬特洪峰","name_ja":"マッターホルン","kind":"Peak","scalerank":6,"min_label":6.7,"max_label":null,"elevation":4478.0}},{"type":"Feature","geometry":{"type":"Point","coordinates":[18.5045,67.906]},"properties":{"name":"Kebnekaise","name_zh":"凯布讷山","name_ja":"ケブネカイセ","kind":"Peak","scalerank":6,"min_label":6.7,"max_label":null,"elevation":2111.0}},{"type":"Feature","geometry":{"type":"Point","coordinates":[14.3374,66.0245]},"properties":{"name":"Oksskolten","name_zh":"奥克斯科尔滕","name_ja":"オクスコルテン山","kind":"Peak","scalerank":6,"min_label":6.7,"max_label":null,"elevation":1916.0}},{"type":"Feature","geometry":{"type":"Point","coordinates":[8.3127,61.6365]},"properties":{"name":"Galdhpiggen","name_zh":"格利特峰","name_ja":"ガルフピッゲン","kind":"Peak","scalerank":6,"min_label":6.7,"max_label":null,"elevation":2469.0}},{"type":"Feature","geometry":{"type":"Point","coordinates":[22.3501,40.0833]},"properties":{"name":"Mount Olympus","name_zh":"奥林匹斯山","name_ja":"オリンポス山","kind":"Peak","scalerank":6,"min_label":6.7,"max_label":null,"elevation":2917.0}},{"type":"Feature","geometry":{"type":"Point","coordinates":[23.5868,42.1798]},"properties":{"name":"Musala","name_zh":"穆萨拉峰","name_ja":"ムサラ山","kind":"Peak","scalerank":6,"min_label":6.7,"max_label":null,"elevation":2925.0}},{"type":"Feature","geometry":{"type":"Point","coordinates":[24.7477,45.6085]},"properties":{"name":"Moldoveanu","name_zh":"摩尔多韦亚努峰","name_ja":"モルドベアヌ山","kind":"Peak","scalerank":6,"min_label":6.7,"max_label":null,"elevation":2543.0}},{"type":"Feature","geometry":{"type":"Point","coordinates":[12.6953,47.0747]},"properties":{"name":"Grossglockner","name_zh":"大格洛克納山","name_ja":"グロースグロックナー山","kind":"Peak","scalerank":6,"min_label":6.7,"max_label":null,"elevation":3798.0}},{"type":"Feature","geometry":{"type":"Point","coordinates":[14.4334,40.8167]},"properties":{"name":"Vesuvio","name_zh":"维苏威火山","name_ja":"ヴェスヴィオ山","kind":"Peak","scalerank":6,"min_label":6.7,"max_label":null,"elevation":1281.0}},{"type":"Feature","geometry":{"type":"Point","coordinates":[6.865,45.8337]},"properties":{"name":"Mont Blanc","name_zh":"勃朗峰","name_ja":"モンブラン","kind":"Peak","scalerank":3,"min_label":5.1,"max_label":null,"elevation":4807.0}},{"type":"Feature","geometry":{"type":"Point","coordinates":[49.0095,44.2576]},"properties":{"name":"","name_zh":"","name_ja":"","kind":"Depression","scalerank":2,"min_label":5.0,"max_label":null,"elevation":-28.0}},{"type":"Feature","geometry":{"type":"Point","coordinates":[42.4392,43.3552]},"properties":{"name":"Gora Elbrus","name_zh":"厄尔布鲁士山","name_ja":"エルブルス山","kind":"Peak","scalerank":2,"min_label":5.0,"max_label":null,"elevation":5642.0}},{"type":"Feature","geometry":{"type":"Point","coordinates":[10.98,47.42]},"properties":{"name":"Zugspitze","name_zh":"楚格峰","name_ja":"ツークシュピッツェ","kind":"Peak","scalerank":9,"min_label":7.2,"max_label":null,"elevation":2963.0}},{"type":"Feature","geometry":{"type":"Point","coordinates":[6.0201,50.7601]},"properties":{"name":"Vaalserberg","name_zh":"瓦尔斯堡山","name_ja":"ファールス山","kind":"Peak","scalerank":9,"min_label":7.2,"max_label":null,"elevation":321.0}},{"type":"Feature","geometry":{"type":"Point","coordinates":[29.8098,63.0901]},"properties":{"name":"Ukko Koli","name_zh":"科利山","name_ja":"コリ","kind":"Peak","scalerank":9,"min_label":7.2,"max_label":null,"elevation":347.0}},{"type":"Feature","geometry":{"type":"Point","coordinates":[13.83,46.3801]},"properties":{"name":"Triglav","name_zh":"特里格拉夫峰","name_ja":"トリグラウ山","kind":"Peak","scalerank":9,"min_label":7.2,"max_label":null,"elevation":2864.0}},{"type":"Feature","geometry":{"type":"Point","coordinates":[27.0499,57.72]},"properties":{"name":"Suur Munamagi","name_zh":"苏尔穆纳山","name_ja":"スールムナマギ","kind":"Peak","scalerank":9,"min_label":7.2,"max_label":null,"elevation":318.0}},{"type":"Feature","geometry":{"type":"Point","coordinates":[15.71,50.74]},"properties":{"name":"Sněžka","name_zh":"斯涅日卡山","name_ja":"シニェシュカ山","kind":"Peak","scalerank":9,"min_label":7.2,"max_label":null,"elevation":1603.0}},{"type":"Feature","geometry":{"type":"Point","coordinates":[6.09,50.5]},"properties":{"name":"Signal de Botrange","name_zh":"博特朗日山","name_ja":"シニャル・ド・ボトランジュ","kind":"Peak","scalerank":9,"min_label":7.2,"max_label":null,"elevation":694.0}},{"type":"Feature","geometry":{"type":"Point","coordinates":[-2.36,49.44]},"properties":{"name":"","name_zh":"","name_ja":"","kind":"Peak","scalerank":9,"min_label":8.0,"max_label":null,"elevation":114.0}},{"type":"Feature","geometry":{"type":"Point","coordinates":[-5.34,36.1301]},"properties":{"name":"Rock of Gibraltar","name_zh":"直布罗陀岩山","name_ja":"ジブラルタルの岩","kind":"Peak","scalerank":9,"min_label":7.2,"max_label":null,"elevation":426.0}},{"type":"Feature","geometry":{"type":"Point","coordinates":[-5.3,40.2601]},"properties":{"name":"Pico de Almanzor","name_zh":"阿爾曼索爾峰","name_ja":"アルマンソール峰","kind":"Peak","scalerank":9,"min_label":7.2,"max_label":null,"elevation":2592.0}},{"type":"Feature","geometry":{"type":"Point","coordinates":[1.4398,42.5901]},"properties":{"name":"Pic de Coma Pedrosa","name_zh":"科马佩德罗萨山","name_ja":"コマ・ペドローザ","kind":"Peak","scalerank":9,"min_label":7.2,"max_label":null,"elevation":2943.0}},{"type":"Feature","geometry":{"type":"Point","coordinates":[13.37,41.8801]},"properties":{"name":"Monte Viglio","name_zh":"维格里奥山","name_ja":"モンテ・ヴィリオ山","kind":"Peak","scalerank":9,"min_label":7.2,"max_label":null,"elevation":2156.0}},{"type":"Feature","geometry":{"type":"Point","coordinates":[12.45,43.91]},"properties":{"name":"Monte Titano","name_zh":"蒂塔諾山","name_ja":"ティターノ山","kind":"Peak","scalerank":9,"min_label":7.2,"max_label":null,"elevation":739.0}},{"type":"Feature","geometry":{"type":"Point","coordinates":[7.87,45.94]},"properties":{"name":"Monte Rosa","name_zh":"罗莎峰","name_ja":"モンテ・ローザ","kind":"Peak","scalerank":9,"min_label":7.2,"max_label":null,"elevation":4634.0}},{"type":"Feature","geometry":{"type":"Point","coordinates":[7.4042,43.7459]},"properties":{"name":"Mont Agel","name_zh":"阿格尔山","name_ja":"アジェル山","kind":"Peak","scalerank":9,"min_label":7.2,"max_label":null,"elevation":140.0}},{"type":"Feature","geometry":{"type":"Point","coordinates":[-1.84,41.78]},"properties":{"name":"Moncayo","name_zh":"蒙卡约山","name_ja":"モンカヨ山塊","kind":"Peak","scalerank":9,"min_label":7.2,"max_label":null,"elevation":2313.0}},{"type":"Feature","geometry":{"type":"Point","coordinates":[9.8299,55.98]},"properties":{"name":"Møllehøj","name_zh":"莫來山","name_ja":"モレホイ","kind":"Peak","scalerank":9,"min_label":7.2,"max_label":null,"elevation":171.0}},{"type":"Feature","geometry":{"type":"Point","coordinates":[22.68,43.3901]},"properties":{"name":"Midzor","name_zh":"米朱爾山","name_ja":"ミドゾー山","kind":"Peak","scalerank":9,"min_label":7.2,"max_label":null,"elevation":2168.0}},{"type":"Feature","geometry":{"type":"Point","coordinates":[19.8098,42.44]},"properties":{"name":"Maja e Jezercë","name_zh":"湖泊峰","name_ja":"マヤ・イェゼルツァ","kind":"Peak","scalerank":9,"min_label":7.2,"max_label":null,"elevation":2694.0}},{"type":"Feature","geometry":{"type":"Point","coordinates":[18.74,43.28]},"properties":{"name":"Maglic","name_zh":"马格利奇山","name_ja":"マグリッチ山","kind":"Peak","scalerank":9,"min_label":7.2,"max_label":null,"elevation":2387.0}},{"type":"Feature","geometry":{"type":"Point","coordinates":[25.63,54.54]},"properties":{"name":"","name_zh":"","name_ja":"","kind":"Peak","scalerank":9,"min_label":7.2,"max_label":null,"elevation":300.0}},{"type":"Feature","geometry":{"type":"Point","coordinates":[37.51,55.69]},"properties":{"name":"Lenina","name_zh":"列宁娜山","name_ja":"レニーナ山","kind":"Peak","scalerank":9,"min_label":7.2,"max_label":null,"elevation":150.0}},{"type":"Feature","geometry":{"type":"Point","coordinates":[25.96,56.87]},"properties":{"name":"","name_zh":"","name_ja":"","kind":"Peak","scalerank":9,"min_label":7.2,"max_label":null,"elevation":311.0}},{"type":"Feature","geometry":{"type":"Point","coordinates":[20.01,47.8801]},"properties":{"name":"Kékes","name_zh":"凱凱什峰","name_ja":"ケーケシュ山","kind":"Peak","scalerank":9,"min_label":7.2,"max_label":null,"elevation":1015.0}},{"type":"Feature","geometry":{"type":"Point","coordinates":[-2.09,49.24]},"properties":{"name":"","name_zh":"","name_ja":"","kind":"Peak","scalerank":9,"min_label":8.0,"max_label":null,"elevation":136.0}},{"type":"Feature","geometry":{"type":"Point","coordinates":[21.26,69.3]},"properties":{"name":"Haltiatunturi","name_zh":"哈尔蒂亚峰","name_ja":"ハルティ","kind":"Peak","scalerank":9,"min_label":7.2,"max_label":null,"elevation":1328.0}},{"type":"Feature","geometry":{"type":"Point","coordinates":[9.58,47.05]},"properties":{"name":"Grauspitze","name_zh":"灰尖峰","name_ja":"グラウシュピッツ","kind":"Peak","scalerank":9,"min_label":7.2,"max_label":null,"elevation":2599.0}},{"type":"Feature","geometry":{"type":"Point","coordinates":[45.2999,42.5901]},"properties":{"name":"Gora Tebulosmta","name_zh":"特布卢斯姆塔山","name_ja":"テビュロスムタ山","kind":"Peak","scalerank":9,"min_label":7.2,"max_label":null,"elevation":4494.0}},{"type":"Feature","geometry":{"type":"Point","coordinates":[24.51,48.16]},"properties":{"name":"Gora Goverla","name_zh":"霍伟拉山","name_ja":"ホヴェールラ山","kind":"Peak","scalerank":9,"min_label":7.2,"max_label":null,"elevation":2058.0}},{"type":"Feature","geometry":{"type":"Point","coordinates":[8.13,46.54]},"properties":{"name":"Finsteraarhorn","name_zh":"芬斯特瓦山","name_ja":"フィンシュターアールホルン","kind":"Peak","scalerank":9,"min_label":7.2,"max_label":null,"elevation":4274.0}},{"type":"Feature","geometry":{"type":"Point","coordinates":[-6.39,42.35]},"properties":{"name":"El Teleno","name_zh":"泰莱诺山","name_ja":"エル・テレノ","kind":"Peak","scalerank":9,"min_label":7.2,"max_label":null,"elevation":2183.0}},{"type":"Feature","geometry":{"type":"Point","coordinates":[27.08,53.86]},"properties":{"name":"Dzyarzhynskaya","name_zh":"捷尔任斯克山","name_ja":"ジャルジンスカヤ","kind":"Peak","scalerank":9,"min_label":7.2,"max_label":null,"elevation":346.0}},{"type":"Feature","geometry":{"type":"Point","coordinates":[19.03,43.1301]},"properties":{"name":"Durmitor","name_zh":"杜米托尔国家公园","name_ja":"ドゥルミトル","kind":"Peak","scalerank":9,"min_label":7.2,"max_label":null,"elevation":2522.0}},{"type":"Feature","geometry":{"type":"Point","coordinates":[16.38,44.06]},"properties":{"name":"Dinara","name_zh":"迪娜拉","name_ja":"ディナラ","kind":"Peak","scalerank":9,"min_label":7.2,"max_label":null,"elevation":1831.0}},{"type":"Feature","geometry":{"type":"Point","coordinates":[20.14,42.53]},"properties":{"name":"Daravica","name_zh":"賈拉維察山","name_ja":"ジェラヴィツァ","kind":"Peak","scalerank":9,"min_label":7.2,"max_label":null,"elevation":2656.0}},{"type":"Feature","geometry":{"type":"Point","coordinates":[5.9398,46.2699]},"properties":{"name":"Crêt de la Neige","name_zh":"雪脊","name_ja":"クレ・ド・ラ・ネージュ山","kind":"Peak","scalerank":9,"min_label":7.2,"max_label":null,"elevation":1718.0}},{"type":"Feature","geometry":{"type":"Point","coordinates":[6.0201,50.16]},"properties":{"name":"Buurgplaatz","name_zh":"布格普拉茨山","name_ja":"ブルクプラッツ","kind":"Peak","scalerank":9,"min_label":7.2,"max_label":null,"elevation":559.0}},{"type":"Feature","geometry":{"type":"Point","coordinates":[24.9199,42.72]},"properties":{"name":"Botev","name_zh":"博泰夫峰","name_ja":"ボテフ峰","kind":"Peak","scalerank":9,"min_label":7.2,"max_label":null,"elevation":2376.0}},{"type":"Feature","geometry":{"type":"Point","coordinates":[28.09,47.22]},"properties":{"name":"Bălănești","name_zh":"巴拉雷斯提山","name_ja":"バラネシュティ山","kind":"Peak","scalerank":9,"min_label":7.2,"max_label":null,"elevation":429.0}},{"type":"Feature","geometry":{"type":"Point","coordinates":[-93.6436,35.1883]},"properties":{"name":"Magazine Mountain","name_zh":"马格津山","name_ja":"マガジン山","kind":"Peak","scalerank":7,"min_label":7.0,"max_label":null,"elevation":839.0}},{"type":"Feature","geometry":{"type":"Point","coordinates":[-90.5596,47.9046]},"properties":{"name":"Eagle Mountain","name_zh":"鹰山","name_ja":"イーグル・マウンテン","kind":"Peak","scalerank":7,"min_label":7.0,"max_label":null,"elevation":701.0}},{"type":"Feature","geometry":{"type":"Point","coordinates":[-80.7577,47.3363]},"properties":{"name":"Ishpatina Ridge","name_zh":"伊示巴蒂那山脊","name_ja":"イッシュパティーナ・リッジ尾根","kind":"Peak","scalerank":7,"min_label":7.0,"max_label":null,"elevation":693.0}},{"type":"Feature","geometry":{"type":"Point","coordinates":[-115.382,30.9879]},"properties":{"name":"Picacho del Diablo","name_zh":"迪亚波罗山","name_ja":"ピカチョデルディアブロ","kind":"Peak","scalerank":7,"min_label":7.0,"max_label":null,"elevation":3069.0}},{"type":"Feature","geometry":{"type":"Point","coordinates":[-99.7324,24.0007]},"properties":{"name":"Sierra El Viejo","name_zh":"维耶霍山","name_ja":"シエラ・エル・ヴィエホ","kind":"Peak","scalerank":7,"min_label":7.0,"max_label":null,"elevation":3500.0}},{"type":"Feature","geometry":{"type":"Point","coordinates":[-107.0053,26.0343]},"properties":{"name":"Cerro Mohinora","name_zh":"莫希诺拉山","name_ja":"セロ・モイノラ山","kind":"Peak","scalerank":7,"min_label":7.0,"max_label":null,"elevation":3348.0}},{"type":"Feature","geometry":{"type":"Point","coordinates":[-109.9465,23.5578]},"properties":{"name":"Cerro Picacho la Laguna","name_zh":"皮卡乔拉拉古纳山","name_ja":"セロ・ピカチョ・ラ・ラグナ山","kind":"Peak","scalerank":7,"min_label":7.0,"max_label":null,"elevation":1980.0}},{"type":"Feature","geometry":{"type":"Point","coordinates":[-138.5388,64.4951]},"properties":{"name":"Mount Frank Rae","name_zh":"弗兰克雷山","name_ja":"フランク・レイ山","kind":"Peak","scalerank":7,"min_label":7.0,"max_label":null,"elevation":2347.0}},{"type":"Feature","geometry":{"type":"Point","coordinates":[-133.8624,58.7414]},"properties":{"name":"Devils Paw","name_zh":"恶魔爪","name_ja":"デヴィルズ・ポウ","kind":"Peak","scalerank":7,"min_label":7.0,"max_label":null,"elevation":2593.0}},{"type":"Feature","geometry":{"type":"Point","coordinates":[-127.6873,61.8689]},"properties":{"name":"Mount Nirvana","name_zh":"涅槃山","name_ja":"ニルヴァーナ山","kind":"Peak","scalerank":7,"min_label":7.0,"max_label":null,"elevation":2773.0}},{"type":"Feature","geometry":{"type":"Point","coordinates":[-132.8012,64.7508]},"properties":{"name":"Mount Macdonald","name_zh":"麦克唐纳山","name_ja":"マクドナルド山","kind":"Peak","scalerank":7,"min_label":7.0,"max_label":null,"elevation":2760.0}},{"type":"Feature","geometry":{"type":"Point","coordinates":[-65.9562,48.9967]},"properties":{"name":"Mont Jacques-Cartier","name_zh":"雅克卡地亚山","name_ja":"ジャック・カルティエ山","kind":"Peak","scalerank":7,"min_label":7.0,"max_label":null,"elevation":1268.0}},{"type":"Feature","geometry":{"type":"Point","coordinates":[-60.6108,46.6977]},"properties":{"name":"White Hill","name_zh":"怀特山","name_ja":"ホワイトヒル","kind":"Peak","scalerank":7,"min_label":7.0,"max_label":null,"elevation":535.0}},{"type":"Feature","geometry":{"type":"Point","coordinates":[-63.7249,58.8969]},"properties":{"name":"Mount Caubvick","name_zh":"卡布维克峰","name_ja":"ケーブビック山","kind":"Peak","scalerank":7,"min_label":7.0,"max_label":null,"elevation":1652.0}},{"type":"Feature","geometry":{"type":"Point","coordinates":[177.6067,52.0921]},"properties":{"name":"Kiska Volcano","name_zh":"基斯卡火山","name_ja":"キスカ火山","kind":"Peak","scalerank":6,"min_label":6.7,"max_label":null,"elevation":1220.0}},{"type":"Feature","geometry":{"type":"Point","coordinates":[173.1334,52.8853]},"properties":{"name":"Cold Mountain","name_zh":"寒山","name_ja":"コールド・マウンテン","kind":"Peak","scalerank":6,"min_label":6.7,"max_label":null,"elevation":739.0}},{"type":"Feature","geometry":{"type":"Point","coordinates":[-57.7805,49.5984]},"properties":{"name":"Gros Morne","name_zh":"格罗莫讷山","name_ja":"グロー・モーン山","kind":"Peak","scalerank":6,"min_label":6.7,"max_label":null,"elevation":806.0}},{"type":"Feature","geometry":{"type":"Point","coordinates":[-70.4566,52.3149]},"properties":{"name":"Mont Yapeitso","name_zh":"亚佩索山","name_ja":"ヤパイツォ山","kind":"Peak","scalerank":6,"min_label":6.7,"max_label":null,"elevation":1128.0}},{"type":"Feature","geometry":{"type":"Point","coordinates":[-74.5732,46.2587]},"properties":{"name":"Mont Tremblant","name_zh":"朗布朗山","name_ja":"トランブラン山","kind":"Peak","scalerank":6,"min_label":6.7,"max_label":null,"elevation":968.0}},{"type":"Feature","geometry":{"type":"Point","coordinates":[-73.9274,44.1338]},"properties":{"name":"Mount Marcy","name_zh":"玛西山","name_ja":"マーシー山","kind":"Peak","scalerank":6,"min_label":6.7,"max_label":null,"elevation":1269.0}},{"type":"Feature","geometry":{"type":"Point","coordinates":[-74.3797,42.0088]},"properties":{"name":"Slide Mountain","name_zh":"斯莱德山","name_ja":"スライド山","kind":"Peak","scalerank":6,"min_label":6.7,"max_label":null,"elevation":1274.0}},{"type":"Feature","geometry":{"type":"Point","coordinates":[-103.6339,19.5668]},"properties":{"name":"Volcán de Colima","name_zh":"科利马火山","name_ja":"コリマ山","kind":"Peak","scalerank":6,"min_label":6.7,"max_label":null,"elevation":4330.0}},{"type":"Feature","geometry":{"type":"Point","coordinates":[-97.2783,19.034]},"properties":{"name":"Pico de Orizaba","name_zh":"奥里萨巴山","name_ja":"オリサバ山","kind":"Peak","scalerank":6,"min_label":6.7,"max_label":null,"elevation":5636.0}},{"type":"Feature","geometry":{"type":"Point","coordinates":[-98.6226,19.0342]},"properties":{"name":"Volcán Popocatépetl","name_zh":"波波卡特佩特火山","name_ja":"ポポカテペトル山","kind":"Peak","scalerank":6,"min_label":6.7,"max_label":null,"elevation":5420.0}},{"type":"Feature","geometry":{"type":"Point","coordinates":[-96.187,16.2138]},"properties":{"name":"Cerro Nube Flan","name_zh":"努贝弗朗山","name_ja":"セロ・ヌーベ・フラン山","kind":"Peak","scalerank":6,"min_label":6.7,"max_label":null,"elevation":3750.0}},{"type":"Feature","geometry":{"type":"Point","coordinates":[-105.62,40.2551]},"properties":{"name":"Longs Peak","name_zh":"朗斯峰","name_ja":"ロングスピーク","kind":"Peak","scalerank":6,"min_label":6.7,"max_label":null,"elevation":4346.0}},{"type":"Feature","geometry":{"type":"Point","coordinates":[-103.5398,43.8863]},"properties":{"name":"Black Elk Peak","name_zh":"黑麋鹿峰","name_ja":"ブラックエルクピーク","kind":"Peak","scalerank":6,"min_label":6.7,"max_label":null,"elevation":2207.0}},{"type":"Feature","geometry":{"type":"Point","coordinates":[-100.7119,51.4477]},"properties":{"name":"Baldy Mountain","name_zh":"鲍尔迪山","name_ja":"ボールディー山","kind":"Peak","scalerank":6,"min_label":6.7,"max_label":null,"elevation":831.0}},{"type":"Feature","geometry":{"type":"Point","coordinates":[-111.6779,35.3463]},"properties":{"name":"Humphreys Peak","name_zh":"漢弗萊斯峯","name_ja":"ハンフリーズピーク","kind":"Peak","scalerank":6,"min_label":6.7,"max_label":null,"elevation":3851.0}},{"type":"Feature","geometry":{"type":"Point","coordinates":[-109.571,33.9205]},"properties":{"name":"Mount Baldy","name_zh":"波尔蒂山","name_ja":"ボールディー山","kind":"Peak","scalerank":6,"min_label":6.7,"max_label":null,"elevation":3476.0}},{"type":"Feature","geometry":{"type":"Point","coordinates":[-105.6453,35.9629]},"properties":{"name":"Truchas Peak","name_zh":"杜鲁查斯峰","name_ja":"トラカズ・ピーク","kind":"Peak","scalerank":6,"min_label":6.7,"max_label":null,"elevation":3993.0}},{"type":"Feature","geometry":{"type":"Point","coordinates":[-104.868,31.9014]},"properties":{"name":"Guadalupe Peak","name_zh":"爪達魯沛峯","name_ja":"グアダループ山","kind":"Peak","scalerank":6,"min_label":6.7,"max_label":null,"elevation":2667.0}},{"type":"Feature","geometry":{"type":"Point","coordinates":[-107.544,28.7887]},"properties":{"name":"Cerro Grande","name_zh":"格兰德山","name_ja":"セロ・グランデ山","kind":"Peak","scalerank":6,"min_label":6.7,"max_label":null,"elevation":2780.0}},{"type":"Feature","geometry":{"type":"Point","coordinates":[-103.2443,29.2916]},"properties":{"name":"Pummel Peak","name_zh":"帕默尔峰","name_ja":"パンメル・ピーク","kind":"Peak","scalerank":6,"min_label":6.7,"max_label":null,"elevation":2018.0}},{"type":"Feature","geometry":{"type":"Point","coordinates":[-119.155,53.1105]},"properties":{"name":"Mount Robson","name_zh":"罗布森山","name_ja":"ロブソン山","kind":"Peak","scalerank":6,"min_label":6.7,"max_label":null,"elevation":3954.0}},{"type":"Feature","geometry":{"type":"Point","coordinates":[-115.6155,59.2098]},"properties":{"name":"","name_zh":"","name_ja":"","kind":"Peak","scalerank":6,"min_label":6.7,"max_label":null,"elevation":1006.0}},{"type":"Feature","geometry":{"type":"Point","coordinates":[-125.2622,51.3724]},"properties":{"name":"Mount Waddington","name_zh":"沃丁顿山","name_ja":"ワディントン山","kind":"Peak","scalerank":6,"min_label":6.7,"max_label":null,"elevation":4019.0}},{"type":"Feature","geometry":{"type":"Point","coordinates":[-125.7586,49.6765]},"properties":{"name":"Golden Hinde","name_zh":"戈尔登汗德山","name_ja":"ゴールデン・ハインド","kind":"Peak","scalerank":6,"min_label":6.7,"max_label":null,"elevation":2195.0}},{"type":"Feature","geometry":{"type":"Point","coordinates":[-123.7176,47.8117]},"properties":{"name":"Mount Olympus","name_zh":"奥林匹斯山","name_ja":"オリンポス山","kind":"Peak","scalerank":6,"min_label":6.7,"max_label":null,"elevation":2429.0}},{"type":"Feature","geometry":{"type":"Point","coordinates":[-121.4221,36.1592]},"properties":{"name":"Junipero Serra Peak","name_zh":"朱尼佩罗塞拉峰","name_ja":"フニペロ・セラ山頂","kind":"Peak","scalerank":6,"min_label":6.7,"max_label":null,"elevation":1787.0}},{"type":"Feature","geometry":{"type":"Point","coordinates":[-116.8264,34.1077]},"properties":{"name":"San Gorgonio Mountain","name_zh":"圣戈尔戈尼奥山","name_ja":"サン・ゴーグニオ山","kind":"Peak","scalerank":6,"min_label":6.7,"max_label":null,"elevation":3505.0}},{"type":"Feature","geometry":{"type":"Point","coordinates":[-137.5266,58.9071]},"properties":{"name":"Mount Fairweather","name_zh":"費爾韋瑟山","name_ja":"フェアウェザー山","kind":"Peak","scalerank":6,"min_label":6.7,"max_label":null,"elevation":4671.0}},{"type":"Feature","geometry":{"type":"Point","coordinates":[-125.3344,58.4426]},"properties":{"name":"Mount Roosevelt","name_zh":"罗斯福山","name_ja":"ルーズベルト山","kind":"Peak","scalerank":6,"min_label":6.7,"max_label":null,"elevation":2972.0}},{"type":"Feature","geometry":{"type":"Point","coordinates":[-127.7548,54.4218]},"properties":{"name":"Howson Peak","name_zh":"豪森峰","name_ja":"ハウソン・ピーク","kind":"Peak","scalerank":6,"min_label":6.7,"max_label":null,"elevation":2759.0}},{"type":"Feature","geometry":{"type":"Point","coordinates":[-132.0828,53.026]},"properties":{"name":"Mount Moresby","name_zh":"莫尔斯比山","name_ja":"モレスビー山","kind":"Peak","scalerank":6,"min_label":6.7,"max_label":null,"elevation":1164.0}},{"type":"Feature","geometry":{"type":"Point","coordinates":[-140.412,60.5798]},"properties":{"name":"Mount Logan","name_zh":"洛根山","name_ja":"ローガン山","kind":"Peak","scalerank":6,"min_label":6.7,"max_label":null,"elevation":5959.0}},{"type":"Feature","geometry":{"type":"Point","coordinates":[-143.4426,61.7367]},"properties":{"name":"Mount Blackburn","name_zh":"布萊克本火山","name_ja":"ブラックバーン山","kind":"Peak","scalerank":6,"min_label":6.7,"max_label":null,"elevation":4996.0}},{"type":"Feature","geometry":{"type":"Point","coordinates":[-113.848,48.925]},"properties":{"name":"Mount Cleveland","name_zh":"克利夫兰山","name_ja":"クリーブランド山","kind":"Peak","scalerank":6,"min_label":6.7,"max_label":null,"elevation":3190.0}},{"type":"Feature","geometry":{"type":"Point","coordinates":[-154.9569,58.2788]},"properties":{"name":"Mount Katmai","name_zh":"卡特邁火山","name_ja":"カトマイ山","kind":"Peak","scalerank":6,"min_label":6.7,"max_label":null,"elevation":2047.0}},{"type":"Feature","geometry":{"type":"Point","coordinates":[-159.3396,60.1083]},"properties":{"name":"","name_zh":"","name_ja":"","kind":"Peak","scalerank":6,"min_label":6.7,"max_label":null,"elevation":1600.0}},{"type":"Feature","geometry":{"type":"Point","coordinates":[-158.1235,56.8728]},"properties":{"name":"Aniakchak Peak","name_zh":"阿尼亚恰克峰","name_ja":"アニアクチャク山","kind":"Peak","scalerank":6,"min_label":6.7,"max_label":null,"elevation":1356.0}},{"type":"Feature","geometry":{"type":"Point","coordinates":[-165.346,65.0024]},"properties":{"name":"Mount Osborn","name_zh":"奥斯本山","name_ja":"オズボーン山","kind":"Peak","scalerank":6,"min_label":6.7,"max_label":null,"elevation":1437.0}},{"type":"Feature","geometry":{"type":"Point","coordinates":[-168.7084,53.1482]},"properties":{"name":"Mount Vsevidof","name_zh":"弗謝維多夫火山","name_ja":"ブセビドフ山","kind":"Peak","scalerank":6,"min_label":6.7,"max_label":null,"elevation":2149.0}},{"type":"Feature","geometry":{"type":"Point","coordinates":[-135.2951,59.7037]},"properties":{"name":"Chilkoot Pass","name_zh":"奇尔库特山口","name_ja":"チルクート峠","kind":"Peak","scalerank":6,"min_label":6.7,"max_label":null,"elevation":1067.0}},{"type":"Feature","geometry":{"type":"Point","coordinates":[-114.3134,38.9863]},"properties":{"name":"Wheeler Peak","name_zh":"惠勒峰","name_ja":"ホイーラー・ピーク","kind":"Peak","scalerank":5,"min_label":6.0,"max_label":null,"elevation":3982.0}},{"type":"Feature","geometry":{"type":"Point","coordinates":[-113.7822,44.1401]},"properties":{"name":"Borah Peak","name_zh":"博拉峰","name_ja":"ボーラ山","kind":"Peak","scalerank":5,"min_label":6.0,"max_label":null,"elevation":3859.0}},{"type":"Feature","geometry":{"type":"Point","coordinates":[-117.2967,45.2537]},"properties":{"name":"Sacajawea Peak","name_zh":"萨卡贾维亚峰","name_ja":"サカジャウィア・ピーク","kind":"Peak","scalerank":5,"min_label":6.0,"max_label":null,"elevation":2999.0}},{"type":"Feature","geometry":{"type":"Point","coordinates":[-114.3138,45.9064]},"properties":{"name":"Trapper Peak","name_zh":"特拉珀峰","name_ja":"トラッパー・ピーク","kind":"Peak","scalerank":5,"min_label":6.0,"max_label":null,"elevation":3096.0}},{"type":"Feature","geometry":{"type":"Point","coordinates":[-110.3726,40.7821]},"properties":{"name":"King's Peak","name_zh":"國王峰","name_ja":"キングス・ピーク","kind":"Peak","scalerank":5,"min_label":6.0,"max_label":null,"elevation":4123.0}},{"type":"Feature","geometry":{"type":"Point","coordinates":[-121.8232,48.7959]},"properties":{"name":"Mount Baker","name_zh":"貝克山","name_ja":"ベーカー山","kind":"Peak","scalerank":5,"min_label":6.0,"max_label":null,"elevation":3286.0}},{"type":"Feature","geometry":{"type":"Point","coordinates":[-106.4464,39.1251]},"properties":{"name":"Mount Elbert","name_zh":"埃爾伯特峰","name_ja":"エルバート山","kind":"Peak","scalerank":5,"min_label":6.0,"max_label":null,"elevation":4402.0}},{"type":"Feature","geometry":{"type":"Point","coordinates":[-107.4771,38.073]},"properties":{"name":"Uncompahgre Peak","name_zh":"乌马格里峰","name_ja":"アンコンパーグレ・ピーク","kind":"Peak","scalerank":5,"min_label":6.0,"max_label":null,"elevation":4361.0}},{"type":"Feature","geometry":{"type":"Point","coordinates":[-82.2681,35.7647]},"properties":{"name":"Mount Mitchell","name_zh":"米切爾峰","name_ja":"ミッチェル山","kind":"Peak","scalerank":5,"min_label":6.0,"max_label":null,"elevation":2037.0}},{"type":"Feature","geometry":{"type":"Point","coordinates":[-83.4974,35.5869]},"properties":{"name":"Clingmans Dome","name_zh":"克林曼山","name_ja":"クリングマンズ・ドーム","kind":"Peak","scalerank":5,"min_label":6.0,"max_label":null,"elevation":2025.0}},{"type":"Feature","geometry":{"type":"Point","coordinates":[-79.5352,38.715]},"properties":{"name":"Spruce Knob","name_zh":"斯普鲁斯丘","name_ja":"スプルース山","kind":"Peak","scalerank":5,"min_label":6.0,"max_label":null,"elevation":1482.0}},{"type":"Feature","geometry":{"type":"Point","coordinates":[-81.562,36.677]},"properties":{"name":"Mount Rogers","name_zh":"罗杰斯山","name_ja":"ロジャース山","kind":"Peak","scalerank":5,"min_label":6.0,"max_label":null,"elevation":1746.0}},{"type":"Feature","geometry":{"type":"Point","coordinates":[-71.3074,44.2673]},"properties":{"name":"Mount Washington","name_zh":"偉大神靈之鄉","name_ja":"ワシントン山","kind":"Peak","scalerank":3,"min_label":5.1,"max_label":null,"elevation":1917.0}},{"type":"Feature","geometry":{"type":"Point","coordinates":[-68.9236,45.9034]},"properties":{"name":"Mount Katahdin","name_zh":"卡塔丁山","name_ja":"カタディン山","kind":"Peak","scalerank":3,"min_label":5.1,"max_label":null,"elevation":1606.0}},{"type":"Feature","geometry":{"type":"Point","coordinates":[-122.195,41.4093]},"properties":{"name":"Mount Shasta","name_zh":"沙斯塔山","name_ja":"シャスタ山","kind":"Peak","scalerank":3,"min_label":5.1,"max_label":null,"elevation":4322.0}},{"type":"Feature","geometry":{"type":"Point","coordinates":[-110.8018,43.7634]},"properties":{"name":"Grand Teton","name_zh":"大提顿峰","name_ja":"グランド・ティトン","kind":"Peak","scalerank":3,"min_label":5.1,"max_label":null,"elevation":4199.0}},{"type":"Feature","geometry":{"type":"Point","coordinates":[-121.6966,45.3845]},"properties":{"name":"Mount Hood","name_zh":"胡德山","name_ja":"フッド山","kind":"Peak","scalerank":3,"min_label":5.1,"max_label":null,"elevation":3426.0}},{"type":"Feature","geometry":{"type":"Point","coordinates":[-116.8282,36.2423]},"properties":{"name":"Death Valley","name_zh":"死亡谷","name_ja":"デスヴァレー","kind":"Depression","scalerank":2,"min_label":5.0,"max_label":null,"elevation":-86.0}},{"type":"Feature","geometry":{"type":"Point","coordinates":[-151.0073,63.0694]},"properties":{"name":"Denali","name_zh":"丹奈利峰","name_ja":"デナリ","kind":"Peak","scalerank":2,"min_label":5.0,"max_label":null,"elevation":6194.0}},{"type":"Feature","geometry":{"type":"Point","coordinates":[-144.9136,69.2811]},"properties":{"name":"Mount Chamberlin","name_zh":"千柏林山","name_ja":"チェンバリン山","kind":"Peak","scalerank":4,"min_label":6.0,"max_label":null,"elevation":2749.0}},{"type":"Feature","geometry":{"type":"Point","coordinates":[-154.9672,67.4408]},"properties":{"name":"Mount Igikpak","name_zh":"伊吉克帕克山","name_ja":"イギクパック山","kind":"Peak","scalerank":6,"min_label":6.7,"max_label":null,"elevation":2523.0}},{"type":"Feature","geometry":{"type":"Point","coordinates":[-160.3397,68.5626]},"properties":{"name":"Black Mountain","name_zh":"布莱克山","name_ja":"ブラックマウンテン","kind":"Peak","scalerank":7,"min_label":7.0,"max_label":null,"elevation":1530.0}},{"type":"Feature","geometry":{"type":"Point","coordinates":[-118.2922,36.5827]},"properties":{"name":"Mount Whitney","name_zh":"惠特尼峰","name_ja":"ホイットニー山","kind":"Peak","scalerank":2,"min_label":5.0,"max_label":null,"elevation":4421.0}},{"type":"Feature","geometry":{"type":"Point","coordinates":[-118.26,37.6301]},"properties":{"name":"White Mountain Peak","name_zh":"怀特主峰","name_ja":"ホワイトマウンテンピーク","kind":"Peak","scalerank":9,"min_label":7.2,"max_label":null,"elevation":4342.0}},{"type":"Feature","geometry":{"type":"Point","coordinates":[-124.09,57.35]},"properties":{"name":"Ulysses Mountain","name_zh":"尤利西斯山","name_ja":"ユーレシーズ山","kind":"Peak","scalerank":9,"min_label":7.2,"max_label":null,"elevation":3024.0}},{"type":"Feature","geometry":{"type":"Point","coordinates":[-126.85,57.93]},"properties":{"name":"Thudaka Mountain","name_zh":"图达卡山","name_ja":"穂高岳","kind":"Peak","scalerank":9,"min_label":7.2,"max_label":null,"elevation":2748.0}},{"type":"Feature","geometry":{"type":"Point","coordinates":[-105.81,33.37]},"properties":{"name":"Sierra Blanca Peak","name_zh":"塞拉白朗卡","name_ja":"シエラ・ブランカ山","kind":"Peak","scalerank":9,"min_label":7.2,"max_label":null,"elevation":3649.0}},{"type":"Feature","geometry":{"type":"Point","coordinates":[-152.7401,60.49]},"properties":{"name":"Redoubt Volcano","name_zh":"里道特火山","name_ja":"リダウト山","kind":"Peak","scalerank":9,"min_label":7.2,"max_label":null,"elevation":3108.0}},{"type":"Feature","geometry":{"type":"Point","coordinates":[-117.8859,51.664]},"properties":{"name":"Mount Sir Sandford","name_zh":"桑福德爵士山","name_ja":"サー・サンドフォード山","kind":"Peak","scalerank":9,"min_label":7.2,"max_label":null,"elevation":3519.0}},{"type":"Feature","geometry":{"type":"Point","coordinates":[-121.76,46.85]},"properties":{"name":"Mount Rainier","name_zh":"雷尼爾山","name_ja":"レーニア山","kind":"Peak","scalerank":9,"min_label":7.2,"max_label":null,"elevation":4392.0}},{"type":"Feature","geometry":{"type":"Point","coordinates":[-109.23,38.44]},"properties":{"name":"Mount Peale","name_zh":"皮亚乐山","name_ja":"ピール山","kind":"Peak","scalerank":9,"min_label":7.2,"max_label":null,"elevation":3877.0}},{"type":"Feature","geometry":{"type":"Point","coordinates":[-143.84,64.24]},"properties":{"name":"Mount Harper","name_zh":"哈珀山","name_ja":"ハーパー山","kind":"Peak","scalerank":9,"min_label":7.2,"max_label":null,"elevation":1994.0}},{"type":"Feature","geometry":{"type":"Point","coordinates":[-122.48,41.3201]},"properties":{"name":"Mount Eddy","name_zh":"埃迪山","name_ja":"エディ山","kind":"Peak","scalerank":9,"min_label":7.2,"max_label":null,"elevation":2751.0}},{"type":"Feature","geometry":{"type":"Point","coordinates":[-130.32,63.43]},"properties":{"name":"Keele Peak","name_zh":"基尔峰","name_ja":"キール・ピーク","kind":"Peak","scalerank":9,"min_label":7.2,"max_label":null,"elevation":2952.0}},{"type":"Feature","geometry":{"type":"Point","coordinates":[-109.65,43.18]},"properties":{"name":"Gannett Peak","name_zh":"甘尼特峰","name_ja":"ガネット・ピーク","kind":"Peak","scalerank":9,"min_label":7.2,"max_label":null,"elevation":4207.0}},{"type":"Feature","geometry":{"type":"Point","coordinates":[-133.37,61.92]},"properties":{"name":"Fox Mountain","name_zh":"福克斯山","name_ja":"フォックス山","kind":"Peak","scalerank":9,"min_label":7.2,"max_label":null,"elevation":2404.0}},{"type":"Feature","geometry":{"type":"Point","coordinates":[-104.46,37.1]},"properties":{"name":"Fishers Peak","name_zh":"费希尔斯峰","name_ja":"フィッシャーズ・ピーク","kind":"Peak","scalerank":9,"min_label":7.2,"max_label":null,"elevation":2934.0}},{"type":"Feature","geometry":{"type":"Point","coordinates":[-110.28,46.02]},"properties":{"name":"Crazy Peak","name_zh":"克雷齐峰","name_ja":"クレイジー・ピーク","kind":"Peak","scalerank":9,"min_label":7.2,"max_label":null,"elevation":3417.0}},{"type":"Feature","geometry":{"type":"Point","coordinates":[-103.4301,20.37]},"properties":{"name":"Cerro Viejo","name_zh":"别霍山","name_ja":"セロ・ビエホ山","kind":"Peak","scalerank":9,"min_label":7.2,"max_label":null,"elevation":2960.0}},{"type":"Feature","geometry":{"type":"Point","coordinates":[-100.56,25.36]},"properties":{"name":"Cerro San Rafael","name_zh":"圣拉斐尔山","name_ja":"セロ・サン・ラファエル山","kind":"Peak","scalerank":9,"min_label":7.2,"max_label":null,"elevation":3710.0}},{"type":"Feature","geometry":{"type":"Point","coordinates":[-104.95,23.24]},"properties":{"name":"Cerro Gordo","name_zh":"戈多山","name_ja":"セロ・ゴルド山","kind":"Peak","scalerank":9,"min_label":7.2,"max_label":null,"elevation":3340.0}},{"type":"Feature","geometry":{"type":"Point","coordinates":[-101.38,25.18]},"properties":{"name":"Cerro El Jabaln","name_zh":"贾班山","name_ja":"セロ・エル・ハバリ山","kind":"Peak","scalerank":9,"min_label":7.2,"max_label":null,"elevation":3440.0}},{"type":"Feature","geometry":{"type":"Point","coordinates":[-81.41,37.0801]},"properties":{"name":"Balsam Beartown Mountain","name_zh":"香脂熊镇山","name_ja":"バルサム・ベアータウン山","kind":"Peak","scalerank":9,"min_label":7.2,"max_label":null,"elevation":1436.0}},{"type":"Feature","geometry":{"type":"Point","coordinates":[-56.31,47.04]},"properties":{"name":"Morne de la Grande Montagne","name_zh":"格朗德山","name_ja":"モルヌ・デ・ラ・グランデ・モンターニュ","kind":"Peak","scalerank":9,"min_label":7.2,"max_label":null,"elevation":240.0}},{"type":"Feature","geometry":{"type":"Point","coordinates":[-80.7446,-33.7426]},"properties":{"name":"Cerro de Los Inocentes","name_zh":"伊諾森特斯峰","name_ja":"セロ・デ・ロス・イノセンテス山","kind":"Peak","scalerank":9,"min_label":7.2,"max_label":null,"elevation":1650.0}},{"type":"Feature","geometry":{"type":"Point","coordinates":[-49.473,-28.1155]},"properties":{"name":"Morro da Boa Vista","name_zh":"博阿维斯塔山","name_ja":"モーホ・ダ・ボア・ヴィスタ山","kind":"Peak","scalerank":7,"min_label":7.0,"max_label":null,"elevation":1827.0}},{"type":"Feature","geometry":{"type":"Point","coordinates":[-48.8261,-25.2558]},"properties":{"name":"Pico Paraná","name_zh":"巴拉那山","name_ja":"ピコパラナ","kind":"Peak","scalerank":7,"min_label":7.0,"max_label":null,"elevation":1877.0}},{"type":"Feature","geometry":{"type":"Point","coordinates":[-41.9071,-13.3038]},"properties":{"name":"Serra do Barbado","name_zh":"巴贝多山脉","name_ja":"バルバド山脈","kind":"Peak","scalerank":7,"min_label":7.0,"max_label":null,"elevation":2033.0}},{"type":"Feature","geometry":{"type":"Point","coordinates":[-73.6924,10.8425]},"properties":{"name":"Pico Cristóbal Colón","name_zh":"哥伦布峰","name_ja":"クリストバル・コロン山","kind":"Peak","scalerank":7,"min_label":7.0,"max_label":null,"elevation":5775.0}},{"type":"Feature","geometry":{"type":"Point","coordinates":[-70.42,-36.5799]},"properties":{"name":"Volcán Domuyo","name_zh":"多穆约火山","name_ja":"ドムジョ山","kind":"Peak","scalerank":6,"min_label":6.7,"max_label":null,"elevation":4709.0}},{"type":"Feature","geometry":{"type":"Point","coordinates":[-71.9382,-39.4235]},"properties":{"name":"Volcaán Villarrica","name_zh":"维利亚里卡火山","name_ja":"ビジャリカ山","kind":"Peak","scalerank":6,"min_label":6.7,"max_label":null,"elevation":2847.0}},{"type":"Feature","geometry":{"type":"Point","coordinates":[-61.9677,-38.1333]},"properties":{"name":"Cerro Tres Picos","name_zh":"特雷斯峰","name_ja":"セロ・トレス・ピコス山","kind":"Peak","scalerank":6,"min_label":6.7,"max_label":null,"elevation":1243.0}},{"type":"Feature","geometry":{"type":"Point","coordinates":[-73.346,-46.5949]},"properties":{"name":"Cerro San Valentín","name_zh":"圣巴伦廷山","name_ja":"サン・バレンティン山","kind":"Peak","scalerank":6,"min_label":6.7,"max_label":null,"elevation":4058.0}},{"type":"Feature","geometry":{"type":"Point","coordinates":[-73.0432,-49.2713]},"properties":{"name":"Monte Fitz Roy","name_zh":"菲茨罗伊峰","name_ja":"フィッツ・ロイ","kind":"Peak","scalerank":6,"min_label":6.7,"max_label":null,"elevation":3375.0}},{"type":"Feature","geometry":{"type":"Point","coordinates":[-72.995,-50.959]},"properties":{"name":"Torres del Paine","name_zh":"百內山脈","name_ja":"パイネ国立公園","kind":"Peak","scalerank":6,"min_label":6.7,"max_label":null,"elevation":2500.0}},{"type":"Feature","geometry":{"type":"Point","coordinates":[-66.0333,0.8]},"properties":{"name":"Pico da Neblina","name_zh":"内布利纳峰","name_ja":"ネブリナ山","kind":"Peak","scalerank":6,"min_label":6.7,"max_label":null,"elevation":3014.0}},{"type":"Feature","geometry":{"type":"Point","coordinates":[-75.3223,4.9]},"properties":{"name":"Nevado del Ruiz","name_zh":"内瓦多·德·鲁伊斯火山","name_ja":"ネバドデルルイス火山","kind":"Peak","scalerank":6,"min_label":6.7,"max_label":null,"elevation":5311.0}},{"type":"Feature","geometry":{"type":"Point","coordinates":[-60.7626,5.1433]},"properties":{"name":"Mount Roraima","name_zh":"罗赖马山","name_ja":"ロライマ山","kind":"Peak","scalerank":6,"min_label":6.7,"max_label":null,"elevation":2772.0}},{"type":"Feature","geometry":{"type":"Point","coordinates":[-56.5419,3.683]},"properties":{"name":"Julianatop","name_zh":"朱利安纳托普山","name_ja":"ジュリアナトップ山","kind":"Peak","scalerank":6,"min_label":6.7,"max_label":null,"elevation":1230.0}},{"type":"Feature","geometry":{"type":"Point","coordinates":[-71.8846,-41.1571]},"properties":{"name":"Monte Tronador","name_zh":"特罗纳多峰","name_ja":"トロナドール山","kind":"Peak","scalerank":6,"min_label":6.7,"max_label":null,"elevation":3554.0}},{"type":"Feature","geometry":{"type":"Point","coordinates":[-69.7687,-33.3545]},"properties":{"name":"Cerro Tupungato","name_zh":"图蓬加托火山","name_ja":"トゥプンガート山","kind":"Peak","scalerank":6,"min_label":6.7,"max_label":null,"elevation":6550.0}},{"type":"Feature","geometry":{"type":"Point","coordinates":[-68.5422,-27.1096]},"properties":{"name":"Nevado Ojos del Salado","name_zh":"奥霍斯-德尔萨拉多山","name_ja":"オホス・デル・サラード","kind":"Peak","scalerank":6,"min_label":6.7,"max_label":null,"elevation":6880.0}},{"type":"Feature","geometry":{"type":"Point","coordinates":[-41.7964,-20.4354]},"properties":{"name":"Pico da Bandeira","name_zh":"班代拉峰","name_ja":"ピコ・ダ・バンデイラ","kind":"Peak","scalerank":6,"min_label":6.7,"max_label":null,"elevation":2890.0}},{"type":"Feature","geometry":{"type":"Point","coordinates":[54.02,12.56]},"properties":{"name":"","name_zh":"","name_ja":"","kind":"Peak","scalerank":9,"min_label":7.2,"max_label":null,"elevation":1503.0}},{"type":"Feature","geometry":{"type":"Point","coordinates":[-82.6348,75.3635]},"properties":{"name":"","name_zh":"","name_ja":"","kind":"Peak","scalerank":7,"min_label":7.0,"max_label":null,"elevation":1908.0}},{"type":"Feature","geometry":{"type":"Point","coordinates":[-79.5508,78.8007]},"properties":{"name":"","name_zh":"","name_ja":"","kind":"Peak","scalerank":7,"min_label":7.0,"max_label":null,"elevation":2347.0}},{"type":"Feature","geometry":{"type":"Point","coordinates":[-65.4381,66.5647]},"properties":{"name":"Mount Odin","name_zh":"奥丁山","name_ja":"オーディン山","kind":"Peak","scalerank":7,"min_label":7.0,"max_label":null,"elevation":2143.0}},{"type":"Feature","geometry":{"type":"Point","coordinates":[-75.0258,81.9106]},"properties":{"name":"Barbeau Peak","name_zh":"巴伯峰","name_ja":"バーボー・ピーク","kind":"Peak","scalerank":7,"min_label":7.0,"max_label":null,"elevation":2616.0}},{"type":"Feature","geometry":{"type":"Point","coordinates":[-91.419,79.7555]},"properties":{"name":"Outlook Peak","name_zh":"奧特盧克峰","name_ja":"アウトルック・ピーク","kind":"Peak","scalerank":7,"min_label":7.0,"max_label":null,"elevation":2210.0}},{"type":"Feature","geometry":{"type":"Point","coordinates":[-75.9367,72.1907]},"properties":{"name":"Qiajivik Mountain","name_zh":"恰吉维克山","name_ja":"カジビク山","kind":"Peak","scalerank":7,"min_label":7.0,"max_label":null,"elevation":1963.0}},{"type":"Feature","geometry":{"type":"Point","coordinates":[-115.0852,75.3901]},"properties":{"name":"","name_zh":"","name_ja":"","kind":"Peak","scalerank":6,"min_label":6.7,"max_label":null,"elevation":762.0}},{"type":"Feature","geometry":{"type":"Point","coordinates":[-122.95,71.1401]},"properties":{"name":"Durham Heights","name_zh":"达勒姆高地","name_ja":"ダラム高地","kind":"Peak","scalerank":9,"min_label":7.2,"max_label":null,"elevation":724.0}},{"type":"Feature","geometry":{"type":"Point","coordinates":[16.8121,79.1387]},"properties":{"name":"Newtontoppen","name_zh":"牛頓峰","name_ja":"ニュートン峰","kind":"Peak","scalerank":6,"min_label":6.7,"max_label":null,"elevation":1713.0}},{"type":"Feature","geometry":{"type":"Point","coordinates":[57.82,75.17]},"properties":{"name":"Gora Sedova","name_zh":"塞多娃山","name_ja":"セドヴァ山","kind":"Peak","scalerank":9,"min_label":7.2,"max_label":null,"elevation":1549.0}},{"type":"Feature","geometry":{"type":"Point","coordinates":[-8.17,71.0801]},"properties":{"name":"Beerenberg","name_zh":"貝倫火山","name_ja":"ベーレンベルク山","kind":"Peak","scalerank":9,"min_label":7.2,"max_label":null,"elevation":2277.0}},{"type":"Feature","geometry":{"type":"Point","coordinates":[178.0168,-17.6142]},"properties":{"name":"Tomanivi","name_zh":"托马尼维山","name_ja":"トマニビ山","kind":"Peak","scalerank":7,"min_label":7.0,"max_label":null,"elevation":1323.0}},{"type":"Feature","geometry":{"type":"Point","coordinates":[147.0199,-19.4467]},"properties":{"name":"","name_zh":"","name_ja":"","kind":"Peak","scalerank":7,"min_label":7.0,"max_label":null,"elevation":1234.0}},{"type":"Feature","geometry":{"type":"Point","coordinates":[139.7438,-21.4843]},"properties":{"name":"Black Mountain","name_zh":"布莱克山","name_ja":"ブラックマウンテン","kind":"Peak","scalerank":7,"min_label":7.0,"max_label":null,"elevation":568.0}},{"type":"Feature","geometry":{"type":"Point","coordinates":[143.4968,-13.379]},"properties":{"name":"Cone Peak","name_zh":"锥峰","name_ja":"コーン・ピーク","kind":"Peak","scalerank":7,"min_label":7.0,"max_label":null,"elevation":506.0}},{"type":"Feature","geometry":{"type":"Point","coordinates":[148.1199,-24.9532]},"properties":{"name":"Consuelo Peak","name_zh":"康苏埃洛峰","name_ja":"コンスエロ・ピーク","kind":"Peak","scalerank":7,"min_label":7.0,"max_label":null,"elevation":1174.0}},{"type":"Feature","geometry":{"type":"Point","coordinates":[131.036,-25.345]},"properties":{"name":"Uluru (Ayers Rock)","name_zh":"烏魯汝－卡塔楚塔國家公園","name_ja":"ウルル","kind":"Peak","scalerank":6,"min_label":6.7,"max_label":null,"elevation":863.0}},{"type":"Feature","geometry":{"type":"Point","coordinates":[118.2499,-34.3667]},"properties":{"name":"Bluff Knoll","name_zh":"布拉夫山","name_ja":"ブラフノール","kind":"Peak","scalerank":6,"min_label":6.7,"max_label":null,"elevation":1096.0}},{"type":"Feature","geometry":{"type":"Point","coordinates":[118.5833,-22.9667]},"properties":{"name":"Mount Meharry","name_zh":"梅哈里山","name_ja":"メハリー山","kind":"Peak","scalerank":6,"min_label":6.7,"max_label":null,"elevation":1253.0}},{"type":"Feature","geometry":{"type":"Point","coordinates":[146.0333,-41.871]},"properties":{"name":"Mount Ossa","name_zh":"奥萨山","name_ja":"オッサ山","kind":"Peak","scalerank":6,"min_label":6.7,"max_label":null,"elevation":1617.0}},{"type":"Feature","geometry":{"type":"Point","coordinates":[146.4398,-37.1564]},"properties":{"name":"Mount Buller","name_zh":"布勒山","name_ja":"マウント・ブラー","kind":"Peak","scalerank":6,"min_label":6.7,"max_label":null,"elevation":1805.0}},{"type":"Feature","geometry":{"type":"Point","coordinates":[152.2347,-30.4404]},"properties":{"name":"Round Mountain","name_zh":"朗德山","name_ja":"ラウンド山","kind":"Peak","scalerank":6,"min_label":6.7,"max_label":null,"elevation":1608.0}},{"type":"Feature","geometry":{"type":"Point","coordinates":[151.4704,-32.007]},"properties":{"name":"Barrington Tops","name_zh":"巴林顿山","name_ja":"バーリントン・トップス","kind":"Peak","scalerank":6,"min_label":6.7,"max_label":null,"elevation":1555.0}},{"type":"Feature","geometry":{"type":"Point","coordinates":[153.2709,-28.3971]},"properties":{"name":"Mount Warning","name_zh":"瓦宁山","name_ja":"ワーニング山","kind":"Peak","scalerank":6,"min_label":6.7,"max_label":null,"elevation":1156.0}},{"type":"Feature","geometry":{"type":"Point","coordinates":[137.2844,-28.4487]},"properties":{"name":"","name_zh":"","name_ja":"","kind":"Depression","scalerank":2,"min_label":5.0,"max_label":null,"elevation":-16.0}},{"type":"Feature","geometry":{"type":"Point","coordinates":[148.2632,-36.4559]},"properties":{"name":"Mount Kosciuszko","name_zh":"科修斯科山","name_ja":"コジオスコ","kind":"Peak","scalerank":2,"min_label":5.0,"max_label":null,"elevation":2228.0}},{"type":"Feature","geometry":{"type":"Point","coordinates":[138.55,-31.5001]},"properties":{"name":"Saint Mary Peak","name_zh":"圣玛丽峰","name_ja":"セント・メアリー・ピーク","kind":"Peak","scalerank":9,"min_label":7.2,"max_label":null,"elevation":1171.0}},{"type":"Feature","geometry":{"type":"Point","coordinates":[132.4,-23.3999]},"properties":{"name":"Mount Zeil","name_zh":"泽尔山","name_ja":"ジール山","kind":"Peak","scalerank":9,"min_label":7.2,"max_label":null,"elevation":1531.0}},{"type":"Feature","geometry":{"type":"Point","coordinates":[125.55,-17.33]},"properties":{"name":"Mount Ord","name_zh":"奥德山","name_ja":"オード山","kind":"Peak","scalerank":9,"min_label":7.2,"max_label":null,"elevation":937.0}},{"type":"Feature","geometry":{"type":"Point","coordinates":[148.63,-21.0299]},"properties":{"name":"Mount Dalrymple","name_zh":"达尔林普山","name_ja":"ダーリンプル山","kind":"Peak","scalerank":9,"min_label":7.2,"max_label":null,"elevation":1259.0}},{"type":"Feature","geometry":{"type":"Point","coordinates":[147.2999,-36.7301]},"properties":{"name":"Mount Bogong","name_zh":"博贡山","name_ja":"ボゴン山","kind":"Peak","scalerank":9,"min_label":7.2,"max_label":null,"elevation":1986.0}},{"type":"Feature","geometry":{"type":"Point","coordinates":[145.82,-17.3999]},"properties":{"name":"Mount Bartle Frere","name_zh":"巴特爾弗里爾山","name_ja":"バートル・フレール山","kind":"Peak","scalerank":9,"min_label":7.2,"max_label":null,"elevation":1622.0}},{"type":"Feature","geometry":{"type":"Point","coordinates":[-5.005,56.797]},"properties":{"name":"Ben Nevis","name_zh":"本尼维斯山","name_ja":"ベン・ネビス山","kind":"Peak","scalerank":6,"min_label":6.7,"max_label":null,"elevation":1343.0}},{"type":"Feature","geometry":{"type":"Point","coordinates":[-4.0948,53.0725]},"properties":{"name":"Snowdon","name_zh":"斯诺登山","name_ja":"スノードン山","kind":"Peak","scalerank":6,"min_label":6.7,"max_label":null,"elevation":1085.0}},{"type":"Feature","geometry":{"type":"Point","coordinates":[-9.7427,51.999]},"properties":{"name":"Carrauntoohil","name_zh":"卡朗突奥山","name_ja":"キャラントゥール山","kind":"Peak","scalerank":6,"min_label":6.7,"max_label":null,"elevation":1038.0}},{"type":"Feature","geometry":{"type":"Point","coordinates":[-4.46,54.2601]},"properties":{"name":"Snaefell","name_zh":"斯纳菲尔山","name_ja":"スネーフェル","kind":"Peak","scalerank":9,"min_label":7.2,"max_label":null,"elevation":621.0}},{"type":"Feature","geometry":{"type":"Point","coordinates":[-91.8955,15.0435]},"properties":{"name":"Volcán Tajumulco","name_zh":"塔胡木耳科火山","name_ja":"タフムルコ山","kind":"Peak","scalerank":7,"min_label":7.0,"max_label":null,"elevation":4220.0}},{"type":"Feature","geometry":{"type":"Point","coordinates":[-82.5466,8.8081]},"properties":{"name":"Volcán Barú","name_zh":"巴鲁火山","name_ja":"バル火山","kind":"Peak","scalerank":6,"min_label":6.7,"max_label":null,"elevation":3475.0}},{"type":"Feature","geometry":{"type":"Point","coordinates":[-83.4887,9.4836]},"properties":{"name":"Cerro Chirripó","name_zh":"奇里波峰","name_ja":"チリポ山","kind":"Peak","scalerank":6,"min_label":6.7,"max_label":null,"elevation":3820.0}},{"type":"Feature","geometry":{"type":"Point","coordinates":[-86.3914,13.7638]},"properties":{"name":"Pico Mogotón","name_zh":"莫戈通山","name_ja":"モゴトン山","kind":"Peak","scalerank":6,"min_label":6.7,"max_label":null,"elevation":2106.0}},{"type":"Feature","geometry":{"type":"Point","coordinates":[-92.11,15.1301]},"properties":{"name":"Volcán Tacaná","name_zh":"塔卡納火山","name_ja":"タカナ山","kind":"Peak","scalerank":9,"min_label":7.2,"max_label":null,"elevation":4067.0}},{"type":"Feature","geometry":{"type":"Point","coordinates":[-89.04,16.5]},"properties":{"name":"Doyle's Delight","name_zh":"多伊尔的喜悦","name_ja":"ドイルス・ディライト山","kind":"Peak","scalerank":9,"min_label":7.2,"max_label":null,"elevation":1174.0}},{"type":"Feature","geometry":{"type":"Point","coordinates":[-88.69,14.54]},"properties":{"name":"Cerro Las Minas","name_zh":"拉斯米納斯山","name_ja":"ミナス山","kind":"Peak","scalerank":9,"min_label":7.2,"max_label":null,"elevation":2849.0}},{"type":"Feature","geometry":{"type":"Point","coordinates":[-89.12,14.3801]},"properties":{"name":"Cerro El Pital","name_zh":"埃尔皮塔尔山","name_ja":"エル・ピタル山","kind":"Peak","scalerank":9,"min_label":7.2,"max_label":null,"elevation":2730.0}},{"type":"Feature","geometry":{"type":"Point","coordinates":[43.37,-11.75]},"properties":{"name":"Kartala","name_zh":"卡尔塔拉火山","name_ja":"カルタラ山","kind":"Peak","scalerank":9,"min_label":7.2,"max_label":null,"elevation":2361.0}},{"type":"Feature","geometry":{"type":"Point","coordinates":[45.14,-12.96]},"properties":{"name":"Benara","name_zh":"贝纳拉山","name_ja":"ベナラ山","kind":"Peak","scalerank":9,"min_label":7.2,"max_label":null,"elevation":660.0}},{"type":"Feature","geometry":{"type":"Point","coordinates":[-58.8419,-51.7021]},"properties":{"name":"Mount Usborne","name_zh":"烏斯伯恩山","name_ja":"アスボーン山","kind":"Peak","scalerank":6,"min_label":6.7,"max_label":null,"elevation":705.0}},{"type":"Feature","geometry":{"type":"Point","coordinates":[-91.3461,0.0581]},"properties":{"name":"Volcán Wolf","name_zh":"沃尔夫火山","name_ja":"ウォルフ火山","kind":"Peak","scalerank":6,"min_label":6.7,"max_label":null,"elevation":1707.0}},{"type":"Feature","geometry":{"type":"Point","coordinates":[-38.4533,72.5821]},"properties":{"name":"Summit Station","name_zh":"高峯營","name_ja":"サミットキャンプ","kind":"Peak","scalerank":7,"min_label":7.0,"max_label":null,"elevation":3238.0}},{"type":"Feature","geometry":{"type":"Point","coordinates":[-44.685,63.4454]},"properties":{"name":"","name_zh":"","name_ja":"","kind":"Peak","scalerank":7,"min_label":7.0,"max_label":null,"elevation":2875.0}},{"type":"Feature","geometry":{"type":"Point","coordinates":[-29.8984,68.9195]},"properties":{"name":"Gunnbjørn Fjeld","name_zh":"贡比约恩山","name_ja":"ギュンビョルン山","kind":"Peak","scalerank":6,"min_label":6.7,"max_label":null,"elevation":3694.0}},{"type":"Feature","geometry":{"type":"Point","coordinates":[-36.8148,66.935]},"properties":{"name":"Mont Forel","name_zh":"佛瑞尔山","name_ja":"フォレル山","kind":"Peak","scalerank":6,"min_label":6.7,"max_label":null,"elevation":3360.0}},{"type":"Feature","geometry":{"type":"Point","coordinates":[-35.3532,83.3274]},"properties":{"name":"","name_zh":"","name_ja":"","kind":"Peak","scalerank":6,"min_label":6.7,"max_label":null,"elevation":1910.0}},{"type":"Feature","geometry":{"type":"Point","coordinates":[-51.9874,71.3729]},"properties":{"name":"Perserajoq","name_zh":"佩塞拉约克山","name_ja":"ペルセラヨク山","kind":"Peak","scalerank":6,"min_label":6.7,"max_label":null,"elevation":2259.0}},{"type":"Feature","geometry":{"type":"Point","coordinates":[-16.6509,64.0389]},"properties":{"name":"Hvannadalshnkur","name_zh":"華納達爾斯赫努克火山","name_ja":"クヴァンナダルスフニュークル","kind":"Peak","scalerank":6,"min_label":6.7,"max_label":null,"elevation":2110.0}},{"type":"Feature","geometry":{"type":"Point","coordinates":[46.8833,-22.1999]},"properties":{"name":"Pic Boby","name_zh":"波比山","name_ja":"ボビー山","kind":"Peak","scalerank":6,"min_label":6.7,"max_label":null,"elevation":2658.0}},{"type":"Feature","geometry":{"type":"Point","coordinates":[48.97,-14.02]},"properties":{"name":"Maromokotro","name_zh":"马鲁穆库特鲁山","name_ja":"マロモコトロ山","kind":"Peak","scalerank":9,"min_label":7.2,"max_label":null,"elevation":2876.0}},{"type":"Feature","geometry":{"type":"Point","coordinates":[55.4873,-21.1044]},"properties":{"name":"Piton des Neiges","name_zh":"内日峰","name_ja":"ピトン・デ・ネージュ","kind":"Peak","scalerank":6,"min_label":6.7,"max_label":null,"elevation":3069.0}},{"type":"Feature","geometry":{"type":"Point","coordinates":[73.1898,-0.6698]},"properties":{"name":"","name_zh":"","name_ja":"","kind":"Peak","scalerank":9,"min_label":7.2,"max_label":null,"elevation":3.0}},{"type":"Feature","geometry":{"type":"Point","coordinates":[57.476,-20.4039]},"properties":{"name":"Petite Rivière Noire Peak","name_zh":"黑河峰","name_ja":"ラ・プティ・リヴィエール・ノワール山","kind":"Peak","scalerank":9,"min_label":7.2,"max_label":null,"elevation":828.0}},{"type":"Feature","geometry":{"type":"Point","coordinates":[55.4397,-4.6322]},"properties":{"name":"Morne Seychellois","name_zh":"塞舌尔山","name_ja":"モルヌ・セシェロワ","kind":"Peak","scalerank":9,"min_label":7.2,"max_label":null,"elevation":905.0}},{"type":"Feature","geometry":{"type":"Point","coordinates":[72.3776,-7.2855]},"properties":{"name":"","name_zh":"","name_ja":"","kind":"Peak","scalerank":9,"min_label":7.2,"max_label":null,"elevation":15.0}},{"type":"Feature","geometry":{"type":"Point","coordinates":[115.1466,1.8143]},"properties":{"name":"Longnawan","name_zh":"隆纳万山","name_ja":"ロンナワン山","kind":"Peak","scalerank":7,"min_label":7.0,"max_label":null,"elevation":2988.0}},{"type":"Feature","geometry":{"type":"Point","coordinates":[117.6765,8.8458]},"properties":{"name":"Mount Mantalingajan","name_zh":"曼塔灵阿汉山","name_ja":"マンタリンガハン山","kind":"Peak","scalerank":7,"min_label":7.0,"max_label":null,"elevation":2085.0}},{"type":"Feature","geometry":{"type":"Point","coordinates":[120.2014,0.6152]},"properties":{"name":"Fuyul Sojol","name_zh":"福尤索约尔山","name_ja":"フユル・ソジョル","kind":"Peak","scalerank":7,"min_label":7.0,"max_label":null,"elevation":3030.0}},{"type":"Feature","geometry":{"type":"Point","coordinates":[115.4001,-8.3129]},"properties":{"name":"","name_zh":"","name_ja":"","kind":"Peak","scalerank":7,"min_label":7.0,"max_label":null,"elevation":3142.0}},{"type":"Feature","geometry":{"type":"Point","coordinates":[125.2699,6.9971]},"properties":{"name":"Mount Apo","name_zh":"阿波火山","name_ja":"アポ山","kind":"Peak","scalerank":7,"min_label":7.0,"max_label":null,"elevation":2954.0}},{"type":"Feature","geometry":{"type":"Point","coordinates":[120.025,-3.3406]},"properties":{"name":"Bulu Rantekombola","name_zh":"蘭特孔博拉山","name_ja":"ランテコムボラ山","kind":"Peak","scalerank":6,"min_label":6.7,"max_label":null,"elevation":3455.0}},{"type":"Feature","geometry":{"type":"Point","coordinates":[116.55,6.0834]},"properties":{"name":"Gunung Kinabalu","name_zh":"京那巴鲁山","name_ja":"キナバル山","kind":"Peak","scalerank":4,"min_label":6.0,"max_label":null,"elevation":4101.0}},{"type":"Feature","geometry":{"type":"Point","coordinates":[112.6832,-0.6668]},"properties":{"name":"Bukit Raya","name_zh":"武吉拉雅山","name_ja":"ブキット・ラヤ山","kind":"Peak","scalerank":6,"min_label":6.7,"max_label":null,"elevation":2278.0}},{"type":"Feature","geometry":{"type":"Point","coordinates":[118.0001,-8.25]},"properties":{"name":"Gunung Tambora","name_zh":"坦博拉火山","name_ja":"タンボラ山","kind":"Peak","scalerank":6,"min_label":6.7,"max_label":null,"elevation":2722.0}},{"type":"Feature","geometry":{"type":"Point","coordinates":[112.9199,-8.1079]},"properties":{"name":"Gunung Semeru","name_zh":"赛梅鲁山","name_ja":"スメル山","kind":"Peak","scalerank":6,"min_label":6.7,"max_label":null,"elevation":3676.0}},{"type":"Feature","geometry":{"type":"Point","coordinates":[110.4449,-7.5409]},"properties":{"name":"Gunung Merapi","name_zh":"默拉皮山","name_ja":"ムラピ山","kind":"Peak","scalerank":6,"min_label":6.7,"max_label":null,"elevation":2968.0}},{"type":"Feature","geometry":{"type":"Point","coordinates":[108.4093,-6.8878]},"properties":{"name":"Gunung Ciremay","name_zh":"澤勒邁火山","name_ja":"セレメ山","kind":"Peak","scalerank":6,"min_label":6.7,"max_label":null,"elevation":3077.0}},{"type":"Feature","geometry":{"type":"Point","coordinates":[105.4228,-6.1021]},"properties":{"name":"Krakatau","name_zh":"喀拉喀托火山","name_ja":"クラカタウ","kind":"Peak","scalerank":6,"min_label":6.7,"max_label":null,"elevation":813.0}},{"type":"Feature","geometry":{"type":"Point","coordinates":[96.7998,4.2501]},"properties":{"name":"Abongabong","name_zh":"阿邦阿邦山","name_ja":"アボンガボング山脈","kind":"Peak","scalerank":6,"min_label":6.7,"max_label":null,"elevation":2985.0}},{"type":"Feature","geometry":{"type":"Point","coordinates":[101.2709,-1.698]},"properties":{"name":"Gunung Kerinci","name_zh":"葛林芝火山","name_ja":"クリンチ山","kind":"Peak","scalerank":6,"min_label":6.7,"max_label":null,"elevation":3805.0}},{"type":"Feature","geometry":{"type":"Point","coordinates":[120.9928,14.0019]},"properties":{"name":"Taal Volcano","name_zh":"塔尔火山","name_ja":"タール火山","kind":"Peak","scalerank":6,"min_label":6.7,"max_label":null,"elevation":400.0}},{"type":"Feature","geometry":{"type":"Point","coordinates":[120.9053,16.5964]},"properties":{"name":"Pulog","name_zh":"普洛格山","name_ja":"プログ山","kind":"Peak","scalerank":6,"min_label":6.7,"max_label":null,"elevation":2934.0}},{"type":"Feature","geometry":{"type":"Point","coordinates":[123.1417,10.4565]},"properties":{"name":"Canlaon Peak","name_zh":"坎朗峰","name_ja":"カンラオン山","kind":"Peak","scalerank":6,"min_label":6.7,"max_label":null,"elevation":2430.0}},{"type":"Feature","geometry":{"type":"Point","coordinates":[120.3497,15.1418]},"properties":{"name":"Mount Pinatubo","name_zh":"皮纳图博火山","name_ja":"ピナトゥボ山","kind":"Peak","scalerank":6,"min_label":6.7,"max_label":null,"elevation":1486.0}},{"type":"Feature","geometry":{"type":"Point","coordinates":[125.49,-8.91]},"properties":{"name":"Tata Mailau","name_zh":"塔塔迈劳山","name_ja":"タタマイラウ山","kind":"Peak","scalerank":9,"min_label":7.2,"max_label":null,"elevation":2986.0}},{"type":"Feature","geometry":{"type":"Point","coordinates":[120.99,13.2601]},"properties":{"name":"Mount Halcon","name_zh":"哈尔康山","name_ja":"ハルコン山","kind":"Peak","scalerank":9,"min_label":7.2,"max_label":null,"elevation":2585.0}},{"type":"Feature","geometry":{"type":"Point","coordinates":[116.46,-8.41]},"properties":{"name":"Gunung Rinjani","name_zh":"林贾尼火山","name_ja":"リンジャニ山","kind":"Peak","scalerank":9,"min_label":7.2,"max_label":null,"elevation":3726.0}},{"type":"Feature","geometry":{"type":"Point","coordinates":[115.33,4.3]},"properties":{"name":"Bukit Pagon","name_zh":"武吉帕弓","name_ja":"パゴン山","kind":"Peak","scalerank":9,"min_label":7.2,"max_label":null,"elevation":1850.0}},{"type":"Feature","geometry":{"type":"Point","coordinates":[32.8746,34.9658]},"properties":{"name":"Olympus","name_zh":"奥林匹斯山","name_ja":"オリンポス山","kind":"Peak","scalerank":7,"min_label":7.0,"max_label":null,"elevation":1951.0}},{"type":"Feature","geometry":{"type":"Point","coordinates":[33.17,35.3201]},"properties":{"name":"Selvili Tepe","name_zh":"塞尔维利山丘","name_ja":"セルヴィリ山","kind":"Peak","scalerank":9,"min_label":7.2,"max_label":null,"elevation":1023.0}},{"type":"Feature","geometry":{"type":"Point","coordinates":[9.3174,40.0311]},"properties":{"name":"Punta la Marmora","name_zh":"拉馬爾摩拉峰","name_ja":"マルモラ山","kind":"Peak","scalerank":7,"min_label":7.0,"max_label":null,"elevation":1834.0}},{"type":"Feature","geometry":{"type":"Point","coordinates":[2.796,39.8085]},"properties":{"name":"Puig Mayor","name_zh":"馬佐爾峰","name_ja":"プッジ・マジョー","kind":"Peak","scalerank":7,"min_label":7.0,"max_label":null,"elevation":1445.0}},{"type":"Feature","geometry":{"type":"Point","coordinates":[8.9514,42.386]},"properties":{"name":"Monte Cinto","name_zh":"钦托山","name_ja":"サント山","kind":"Peak","scalerank":7,"min_label":7.0,"max_label":null,"elevation":2706.0}},{"type":"Feature","geometry":{"type":"Point","coordinates":[14.9951,37.7551]},"properties":{"name":"Monte Etna","name_zh":"埃特纳火山","name_ja":"エトナ山","kind":"Peak","scalerank":6,"min_label":6.7,"max_label":null,"elevation":3322.0}},{"type":"Feature","geometry":{"type":"Point","coordinates":[24.77,35.23]},"properties":{"name":"Psiloritis","name_zh":"伊達山","name_ja":"イディ山","kind":"Peak","scalerank":9,"min_label":7.2,"max_label":null,"elevation":2456.0}},{"type":"Feature","geometry":{"type":"Point","coordinates":[14.4,35.86]},"properties":{"name":"Dingli Cliffs","name_zh":"丁格里悬崖","name_ja":"ディングリクリフ","kind":"Peak","scalerank":9,"min_label":7.2,"max_label":null,"elevation":253.0}},{"type":"Feature","geometry":{"type":"Point","coordinates":[155.6052,-6.4792]},"properties":{"name":"Takuan","name_zh":"塔观山","name_ja":"タクアン山","kind":"Peak","scalerank":7,"min_label":7.0,"max_label":null,"elevation":2243.0}},{"type":"Feature","geometry":{"type":"Point","coordinates":[160.0648,-9.7021]},"properties":{"name":"Mount Popomanaseu","name_zh":"波波马纳休山","name_ja":"ポポマナセウ山","kind":"Peak","scalerank":7,"min_label":7.0,"max_label":null,"elevation":2335.0}},{"type":"Feature","geometry":{"type":"Point","coordinates":[151.3333,-5.0501]},"properties":{"name":"Ulawun","name_zh":"乌拉旺火山","name_ja":"ウラウン山","kind":"Peak","scalerank":7,"min_label":7.0,"max_label":null,"elevation":2334.0}},{"type":"Feature","geometry":{"type":"Point","coordinates":[166.7512,-15.3523]},"properties":{"name":"Mount Tabwemasana","name_zh":"塔伯威馬薩納山","name_ja":"タブウェマサナ山","kind":"Peak","scalerank":7,"min_label":7.0,"max_label":null,"elevation":1877.0}},{"type":"Feature","geometry":{"type":"Point","coordinates":[166.4368,-21.8878]},"properties":{"name":"Mont Humboldt","name_zh":"洪堡特山","name_ja":"フンボルト山","kind":"Peak","scalerank":7,"min_label":7.0,"max_label":null,"elevation":1618.0}},{"type":"Feature","geometry":{"type":"Point","coordinates":[147.5428,-8.8961]},"properties":{"name":"Mount Victoria","name_zh":"维多利亚山","name_ja":"ビクトリア山","kind":"Peak","scalerank":7,"min_label":7.0,"max_label":null,"elevation":4038.0}},{"type":"Feature","geometry":{"type":"Point","coordinates":[145.0332,-5.8001]},"properties":{"name":"Mount Wilhelm","name_zh":"威廉峰","name_ja":"ウィルヘルム山","kind":"Peak","scalerank":6,"min_label":6.7,"max_label":null,"elevation":4509.0}},{"type":"Feature","geometry":{"type":"Point","coordinates":[137.1663,-4.0777]},"properties":{"name":"Puncak Jaya","name_zh":"查亞峰","name_ja":"プンチャック・ジャヤ","kind":"Peak","scalerank":4,"min_label":6.0,"max_label":null,"elevation":4884.0}},{"type":"Feature","geometry":{"type":"Point","coordinates":[133.9827,-1.1499]},"properties":{"name":"Gunung Umsini","name_zh":"乌姆西尼山","name_ja":"ウムシニ山","kind":"Peak","scalerank":6,"min_label":6.7,"max_label":null,"elevation":2970.0}},{"type":"Feature","geometry":{"type":"Point","coordinates":[129.4675,-3.1595]},"properties":{"name":"Gunung Binaiya","name_zh":"比奈亚山","name_ja":"ビナイヤ山","kind":"Peak","scalerank":6,"min_label":6.7,"max_label":null,"elevation":3027.0}},{"type":"Feature","geometry":{"type":"Point","coordinates":[127.9724,0.7528]},"properties":{"name":"Buku Sulat","name_zh":"布库苏拉特山","name_ja":"ブク・スラット山","kind":"Peak","scalerank":6,"min_label":6.7,"max_label":null,"elevation":1508.0}},{"type":"Feature","geometry":{"type":"Point","coordinates":[152.9298,-4.4]},"properties":{"name":"","name_zh":"","name_ja":"","kind":"Peak","scalerank":9,"min_label":7.2,"max_label":null,"elevation":2340.0}},{"type":"Feature","geometry":{"type":"Point","coordinates":[167.9597,-29.0353]},"properties":{"name":"Mount Bates","name_zh":"贝茨山","name_ja":"ベイツ山","kind":"Peak","scalerank":9,"min_label":7.2,"max_label":null,"elevation":319.0}},{"type":"Feature","geometry":{"type":"Point","coordinates":[154.98,-5.91]},"properties":{"name":"Mount Balbi","name_zh":"巴爾比火山","name_ja":"バルビ山","kind":"Peak","scalerank":9,"min_label":7.2,"max_label":null,"elevation":2715.0}},{"type":"Feature","geometry":{"type":"Point","coordinates":[164.77,-20.59]},"properties":{"name":"Mont Panié","name_zh":"帕尼埃山","name_ja":"パニエ山","kind":"Peak","scalerank":9,"min_label":7.2,"max_label":null,"elevation":1628.0}},{"type":"Feature","geometry":{"type":"Point","coordinates":[146.37,-5.95]},"properties":{"name":"","name_zh":"","name_ja":"","kind":"Peak","scalerank":9,"min_label":7.2,"max_label":null,"elevation":4125.0}},{"type":"Feature","geometry":{"type":"Point","coordinates":[158.2309,6.8747]},"properties":{"name":"Ngihneni","name_zh":"恩吉尼山","name_ja":"ンギネニ山","kind":"Peak","scalerank":9,"min_label":7.2,"max_label":null,"elevation":791.0}},{"type":"Feature","geometry":{"type":"Point","coordinates":[166.9337,-0.5239]},"properties":{"name":"","name_zh":"","name_ja":"","kind":"Peak","scalerank":9,"min_label":7.2,"max_label":null,"elevation":65.0}},{"type":"Feature","geometry":{"type":"Point","coordinates":[134.59,7.5901]},"properties":{"name":"Mount Ngerchelchauus","name_zh":"納格其恰司山","name_ja":"ゲルチェレチュース山","kind":"Peak","scalerank":9,"min_label":7.2,"max_label":null,"elevation":242.0}},{"type":"Feature","geometry":{"type":"Point","coordinates":[144.6834,13.3513]},"properties":{"name":"Mount Lamlam","name_zh":"閃電山","name_ja":"ラムラム山","kind":"Peak","scalerank":9,"min_label":7.2,"max_label":null,"elevation":406.0}},{"type":"Feature","geometry":{"type":"Point","coordinates":[169.314,9.8301]},"properties":{"name":"","name_zh":"","name_ja":"","kind":"Peak","scalerank":9,"min_label":7.2,"max_label":null,"elevation":10.0}},{"type":"Feature","geometry":{"type":"Point","coordinates":[169.5399,-0.8601]},"properties":{"name":"","name_zh":"","name_ja":"","kind":"Peak","scalerank":9,"min_label":7.2,"max_label":null,"elevation":81.0}},{"type":"Feature","geometry":{"type":"Point","coordinates":[145.6793,18.7659]},"properties":{"name":"","name_zh":"","name_ja":"","kind":"Peak","scalerank":9,"min_label":7.2,"max_label":null,"elevation":965.0}},{"type":"Feature","geometry":{"type":"Point","coordinates":[170.1411,-43.5957]},"properties":{"name":"Aoraki (Mount Cook)","name_zh":"庫克山","name_ja":"クック山","kind":"Peak","scalerank":6,"min_label":6.7,"max_label":null,"elevation":3754.0}},{"type":"Feature","geometry":{"type":"Point","coordinates":[175.5668,-39.2833]},"properties":{"name":"Mount Ruapehu","name_zh":"鲁阿佩胡山","name_ja":"ルアペフ山","kind":"Peak","scalerank":6,"min_label":6.7,"max_label":null,"elevation":2797.0}},{"type":"Feature","geometry":{"type":"Point","coordinates":[174.0648,-39.2963]},"properties":{"name":"Mount Taranaki","name_zh":"塔拉纳基山","name_ja":"タラナキ山","kind":"Peak","scalerank":6,"min_label":6.7,"max_label":null,"elevation":2518.0}},{"type":"Feature","geometry":{"type":"Point","coordinates":[173.66,-42.0]},"properties":{"name":"Mount Tapuaenuku","name_zh":"塔普埃努库山","name_ja":"タプアオ・ウエヌク山","kind":"Peak","scalerank":9,"min_label":7.2,"max_label":null,"elevation":2885.0}},{"type":"Feature","geometry":{"type":"Point","coordinates":[167.9199,-46.7401]},"properties":{"name":"Mount Anglem","name_zh":"安格伦山","name_ja":"アングレム山","kind":"Peak","scalerank":9,"min_label":7.2,"max_label":null,"elevation":980.0}},{"type":"Feature","geometry":{"type":"Point","coordinates":[-16.6391,28.2708]},"properties":{"name":"Pico del Teide","name_zh":"泰德峰","name_ja":"テイデ山","kind":"Peak","scalerank":6,"min_label":6.7,"max_label":null,"elevation":3718.0}},{"type":"Feature","geometry":{"type":"Point","coordinates":[-24.4025,14.9488]},"properties":{"name":"Pico de Cano","name_zh":"卡诺山","name_ja":"ピコデカノ","kind":"Peak","scalerank":6,"min_label":6.7,"max_label":null,"elevation":2829.0}},{"type":"Feature","geometry":{"type":"Point","coordinates":[-6.9944,62.3003]},"properties":{"name":"Slaettaratindur","name_zh":"斯莱塔拉山","name_ja":"スラッタラティンドル山","kind":"Peak","scalerank":9,"min_label":7.2,"max_label":null,"elevation":882.0}},{"type":"Feature","geometry":{"type":"Point","coordinates":[-28.4,38.47]},"properties":{"name":"Pico Alto","name_zh":"皮库山","name_ja":"ピコ山","kind":"Peak","scalerank":9,"min_label":7.2,"max_label":null,"elevation":2351.0}},{"type":"Feature","geometry":{"type":"Point","coordinates":[-155.4681,19.8205]},"properties":{"name":"Mauna Kea","name_zh":"冒纳凯阿火山","name_ja":"マウナ・ケア山","kind":"Peak","scalerank":6,"min_label":6.7,"max_label":null,"elevation":4205.0}},{"type":"Feature","geometry":{"type":"Point","coordinates":[-156.221,20.7197]},"properties":{"name":"Haleakalā","name_zh":"哈莱阿卡拉山","name_ja":"ハレアカラ山","kind":"Peak","scalerank":6,"min_label":6.7,"max_label":null,"elevation":3055.0}},{"type":"Feature","geometry":{"type":"Point","coordinates":[179.2036,-8.5159]},"properties":{"name":"","name_zh":"","name_ja":"","kind":"Peak","scalerank":9,"min_label":7.2,"max_label":null,"elevation":5.0}},{"type":"Feature","geometry":{"type":"Point","coordinates":[-159.7891,-21.2122]},"properties":{"name":"Te Manga","name_zh":"特曼加山","name_ja":"テ・マンガ山","kind":"Peak","scalerank":9,"min_label":7.2,"max_label":null,"elevation":652.0}},{"type":"Feature","geometry":{"type":"Point","coordinates":[-130.1022,-25.0719]},"properties":{"name":"","name_zh":"","name_ja":"","kind":"Peak","scalerank":9,"min_label":7.2,"max_label":null,"elevation":347.0}},{"type":"Feature","geometry":{"type":"Point","coordinates":[-169.8718,-19.0028]},"properties":{"name":"","name_zh":"","name_ja":"","kind":"Peak","scalerank":9,"min_label":7.2,"max_label":null,"elevation":68.0}},{"type":"Feature","geometry":{"type":"Point","coordinates":[-178.1552,-14.2694]},"properties":{"name":"Mont Singave","name_zh":"辛加夫山","name_ja":"モン・サンガーヴ山","kind":"Peak","scalerank":9,"min_label":7.2,"max_label":null,"elevation":762.0}},{"type":"Feature","geometry":{"type":"Point","coordinates":[-149.4835,-17.6171]},"properties":{"name":"Mont Orohena","name_zh":"奥罗黑纳山","name_ja":"オロヘナ山","kind":"Peak","scalerank":9,"min_label":7.2,"max_label":null,"elevation":2241.0}},{"type":"Feature","geometry":{"type":"Point","coordinates":[-140.12,-8.85]},"properties":{"name":"Mont Ooumu","name_zh":"奥姆山","name_ja":"モン・ウム山","kind":"Peak","scalerank":9,"min_label":7.2,"max_label":null,"elevation":1185.0}},{"type":"Feature","geometry":{"type":"Point","coordinates":[-172.49,-13.6101]},"properties":{"name":"Mauga Silisili","name_zh":"西利西利山","name_ja":"シリシリ山","kind":"Peak","scalerank":9,"min_label":7.2,"max_label":null,"elevation":1858.0}},{"type":"Feature","geometry":{"type":"Point","coordinates":[-169.4857,-14.2446]},"properties":{"name":"Lata Mountain","name_zh":"拉塔山","name_ja":"ラタ山","kind":"Peak","scalerank":9,"min_label":7.2,"max_label":null,"elevation":966.0}},{"type":"Feature","geometry":{"type":"Point","coordinates":[-175.0758,-19.7456]},"properties":{"name":"Kao","name_zh":"高岛","name_ja":"カオ島","kind":"Peak","scalerank":9,"min_label":7.2,"max_label":null,"elevation":1109.0}},{"type":"Feature","geometry":{"type":"Point","coordinates":[-160.02,-0.3801]},"properties":{"name":"","name_zh":"","name_ja":"","kind":"Peak","scalerank":9,"min_label":7.2,"max_label":null,"elevation":23.0}},{"type":"Feature","geometry":{"type":"Point","coordinates":[-171.8538,-9.176]},"properties":{"name":"","name_zh":"","name_ja":"","kind":"Peak","scalerank":9,"min_label":7.2,"max_label":null,"elevation":5.0}},{"type":"Feature","geometry":{"type":"Point","coordinates":[-36.5508,-54.4223]},"properties":{"name":"Mount Paget","name_zh":"帕吉特山","name_ja":"パジット山","kind":"Peak","scalerank":6,"min_label":6.7,"max_label":null,"elevation":2915.0}},{"type":"Feature","geometry":{"type":"Point","coordinates":[69.5124,-49.5785]},"properties":{"name":"Grand Ross","name_zh":"羅斯山","name_ja":"ロス山","kind":"Peak","scalerank":6,"min_label":6.7,"max_label":null,"elevation":1850.0}},{"type":"Feature","geometry":{"type":"Point","coordinates":[73.52,-53.1]},"properties":{"name":"Big Ben","name_zh":"大本钟山","name_ja":"ビッグ・ベン山塊","kind":"Peak","scalerank":9,"min_label":7.2,"max_label":null,"elevation":2745.0}},{"type":"Feature","geometry":{"type":"Point","coordinates":[-70.9981,19.0229]},"properties":{"name":"Pico Duarte","name_zh":"杜阿尔特峰","name_ja":"ピコ・ドゥアルテ","kind":"Peak","scalerank":6,"min_label":6.7,"max_label":null,"elevation":3098.0}},{"type":"Feature","geometry":{"type":"Point","coordinates":[-65.8001,18.3105]},"properties":{"name":"Pico El Yunque","name_zh":"云克山","name_ja":"ピコエルユンケ","kind":"Peak","scalerank":6,"min_label":6.7,"max_label":null,"elevation":1055.0}},{"type":"Feature","geometry":{"type":"Point","coordinates":[-76.8358,19.9895]},"properties":{"name":"Pico Turquino","name_zh":"图基诺峰","name_ja":"トゥルキーノ山","kind":"Peak","scalerank":6,"min_label":6.7,"max_label":null,"elevation":1974.0}},{"type":"Feature","geometry":{"type":"Point","coordinates":[-76.593,18.0627]},"properties":{"name":"Blue Mountain Peak","name_zh":"蓝山峰","name_ja":"ブルー・マウンテン峰","kind":"Peak","scalerank":6,"min_label":6.7,"max_label":null,"elevation":2256.0}},{"type":"Feature","geometry":{"type":"Point","coordinates":[-62.1901,16.7234]},"properties":{"name":"Soufrière Hills Volcano","name_zh":"苏弗里埃尔火山","name_ja":"スーフリエール・ヒルズ","kind":"Peak","scalerank":9,"min_label":7.2,"max_label":null,"elevation":914.0}},{"type":"Feature","geometry":{"type":"Point","coordinates":[-71.98,18.36]},"properties":{"name":"Pic la Selle","name_zh":"塞莱山","name_ja":"ラ・セル山","kind":"Peak","scalerank":9,"min_label":7.2,"max_label":null,"elevation":2680.0}},{"type":"Feature","geometry":{"type":"Point","coordinates":[-63.05,18.0801]},"properties":{"name":"Pic du Paradis","name_zh":"帕拉迪斯峰","name_ja":"ピク・パラディ","kind":"Peak","scalerank":9,"min_label":7.2,"max_label":null,"elevation":420.0}},{"type":"Feature","geometry":{"type":"Point","coordinates":[-63.24,17.6301]},"properties":{"name":"Mount Scenery","name_zh":"齐纳利山","name_ja":"シーナリー山","kind":"Peak","scalerank":9,"min_label":7.2,"max_label":null,"elevation":870.0}},{"type":"Feature","geometry":{"type":"Point","coordinates":[-61.6768,12.1633]},"properties":{"name":"Mount Saint Catherine","name_zh":"聖凱瑟琳山","name_ja":"セント・キャサリン山","kind":"Peak","scalerank":9,"min_label":7.2,"max_label":null,"elevation":840.0}},{"type":"Feature","geometry":{"type":"Point","coordinates":[-64.6534,18.4167]},"properties":{"name":"Mount Sage","name_zh":"萨杰山","name_ja":"セージ山","kind":"Peak","scalerank":9,"min_label":7.2,"max_label":null,"elevation":521.0}},{"type":"Feature","geometry":{"type":"Point","coordinates":[-61.8367,17.0434]},"properties":{"name":"Mount Obama","name_zh":"歐巴馬山","name_ja":"オバマ山","kind":"Peak","scalerank":9,"min_label":7.2,"max_label":null,"elevation":402.0}},{"type":"Feature","geometry":{"type":"Point","coordinates":[-62.8068,17.3667]},"properties":{"name":"Mount Misery","name_zh":"米斯里山","name_ja":"ミザリー山","kind":"Peak","scalerank":9,"min_label":7.2,"max_label":null,"elevation":1156.0}},{"type":"Feature","geometry":{"type":"Point","coordinates":[-59.58,13.2101]},"properties":{"name":"Mount Hillaby","name_zh":"希拉比山","name_ja":"ヒラビー山","kind":"Peak","scalerank":9,"min_label":7.2,"max_label":null,"elevation":340.0}},{"type":"Feature","geometry":{"type":"Point","coordinates":[-61.01,13.86]},"properties":{"name":"Mount Gimie","name_zh":"吉米山","name_ja":"ジミー山","kind":"Peak","scalerank":9,"min_label":7.2,"max_label":null,"elevation":950.0}},{"type":"Feature","geometry":{"type":"Point","coordinates":[-75.41,24.29]},"properties":{"name":"Mount Alvernia","name_zh":"阿维尼亚山","name_ja":"アルバーニア山","kind":"Peak","scalerank":9,"min_label":7.2,"max_label":null,"elevation":63.0}},{"type":"Feature","geometry":{"type":"Point","coordinates":[-62.83,17.9067]},"properties":{"name":"Morne du Vilet","name_zh":"维莱特山","name_ja":"モメ・ドゥ・ヴィティト山","kind":"Peak","scalerank":9,"min_label":7.2,"max_label":null,"elevation":281.0}},{"type":"Feature","geometry":{"type":"Point","coordinates":[-61.4,15.5]},"properties":{"name":"Morne Diablotins","name_zh":"迪亚布洛廷火山","name_ja":"ディアブロティン山","kind":"Peak","scalerank":9,"min_label":7.2,"max_label":null,"elevation":1447.0}},{"type":"Feature","geometry":{"type":"Point","coordinates":[-61.1734,14.8201]},"properties":{"name":"Montagne Pelée","name_zh":"培雷火山","name_ja":"プレー山","kind":"Peak","scalerank":9,"min_label":7.2,"max_label":null,"elevation":1397.0}},{"type":"Feature","geometry":{"type":"Point","coordinates":[-61.66,16.04]},"properties":{"name":"La Soufrière","name_zh":"圣文森特苏弗里耶尔火山","name_ja":"スフリエール山","kind":"Peak","scalerank":9,"min_label":7.2,"max_label":null,"elevation":1467.0}},{"type":"Feature","geometry":{"type":"Point","coordinates":[-61.1801,13.35]},"properties":{"name":"La Soufrière","name_zh":"圣文森特苏弗里耶尔火山","name_ja":"スフリエール山","kind":"Peak","scalerank":9,"min_label":7.2,"max_label":null,"elevation":1234.0}},{"type":"Feature","geometry":{"type":"Point","coordinates":[-69.94,12.49]},"properties":{"name":"Jamanota","name_zh":"哈马诺塔山","name_ja":"ジャマノタ山","kind":"Peak","scalerank":9,"min_label":7.2,"max_label":null,"elevation":188.0}},{"type":"Feature","geometry":{"type":"Point","coordinates":[-64.97,18.36]},"properties":{"name":"Crown Mountain","name_zh":"皇冠山","name_ja":"クラウン山","kind":"Peak","scalerank":9,"min_label":7.2,"max_label":null,"elevation":473.0}},{"type":"Feature","geometry":{"type":"Point","coordinates":[-63.06,18.2234]},"properties":{"name":"Crocus Hill","name_zh":"克罗科斯山","name_ja":"クロッカス・ヒル","kind":"Peak","scalerank":9,"min_label":7.2,"max_label":null,"elevation":65.0}},{"type":"Feature","geometry":{"type":"Point","coordinates":[-63.91,11.0101]},"properties":{"name":"Cerro El Copey","name_zh":"科佩山","name_ja":"セロ・エル・コペイ山","kind":"Peak","scalerank":9,"min_label":7.2,"max_label":null,"elevation":957.0}},{"type":"Feature","geometry":{"type":"Point","coordinates":[-66.59,18.17]},"properties":{"name":"Cerro de Punta","name_zh":"德蓬塔山","name_ja":"プンタ山","kind":"Peak","scalerank":9,"min_label":7.2,"max_label":null,"elevation":1338.0}},{"type":"Feature","geometry":{"type":"Point","coordinates":[-72.3,21.8]},"properties":{"name":"Blue Hills","name_zh":"蓝山","name_ja":"ブルーヒルズ","kind":"Peak","scalerank":9,"min_label":7.2,"max_label":null,"elevation":49.0}},{"type":"Feature","geometry":{"type":"Point","coordinates":[-61.25,10.72]},"properties":{"name":"Aripo Peak","name_zh":"阿里波峰","name_ja":"アリポ山","kind":"Peak","scalerank":9,"min_label":7.2,"max_label":null,"elevation":940.0}},{"type":"Feature","geometry":{"type":"Point","coordinates":[-79.73,19.75]},"properties":{"name":"The Bluff","name_zh":"布拉夫山","name_ja":"ザ・ブラフ","kind":"Peak","scalerank":9,"min_label":7.2,"max_label":null,"elevation":43.0}},{"type":"Feature","geometry":{"type":"Point","coordinates":[-37.3824,-7.2455]},"properties":{"name":"Pico do Jabre","name_zh":"雅布里山","name_ja":"ピコドジャブレ","kind":"Peak","scalerank":6,"min_label":6.7,"max_label":null,"elevation":1197.0}},{"type":"Feature","geometry":{"type":"Point","coordinates":[-40.1409,-4.791]},"properties":{"name":"Pico Serra Branca","name_zh":"塞拉布兰卡","name_ja":"ピコセーハブランカ","kind":"Peak","scalerank":6,"min_label":6.7,"max_label":null,"elevation":1154.0}},{"type":"Feature","geometry":{"type":"Point","coordinates":[-50.3492,-6.3748]},"properties":{"name":"Serra dos Carajás-Pico","name_zh":"卡拉亚斯皮科山脉","name_ja":"カラジャス・ピコ山脈","kind":"Peak","scalerank":6,"min_label":6.7,"max_label":null,"elevation":898.0}},{"type":"Feature","geometry":{"type":"Point","coordinates":[-68.5368,-24.7197]},"properties":{"name":"Volcán Llullaillaco","name_zh":"尤耶亚科山","name_ja":"ユーヤイヤコ","kind":"Peak","scalerank":6,"min_label":6.7,"max_label":null,"elevation":6739.0}},{"type":"Feature","geometry":{"type":"Point","coordinates":[-67.7847,-16.6538]},"properties":{"name":"Nevado Illimani","name_zh":"伊宜馬尼峰","name_ja":"イリマニ","kind":"Peak","scalerank":6,"min_label":6.7,"max_label":null,"elevation":6402.0}},{"type":"Feature","geometry":{"type":"Point","coordinates":[-68.8942,-18.1019]},"properties":{"name":"Nevado Sajama","name_zh":"萨哈马火山","name_ja":"サハマ山","kind":"Peak","scalerank":6,"min_label":6.7,"max_label":null,"elevation":6542.0}},{"type":"Feature","geometry":{"type":"Point","coordinates":[-68.472,-21.2284]},"properties":{"name":"Aucanquilcha","name_zh":"奧坎基爾查峰","name_ja":"アウカンキルチャ","kind":"Peak","scalerank":6,"min_label":6.7,"max_label":null,"elevation":6176.0}},{"type":"Feature","geometry":{"type":"Point","coordinates":[-60.0257,-18.1159]},"properties":{"name":"Serrania de Santiago","name_zh":"圣地亚哥山脉","name_ja":"セラニア・デ・サンティアゴ","kind":"Peak","scalerank":6,"min_label":6.7,"max_label":null,"elevation":1555.0}},{"type":"Feature","geometry":{"type":"Point","coordinates":[-54.9266,-15.15]},"properties":{"name":"","name_zh":"","name_ja":"","kind":"Peak","scalerank":6,"min_label":6.7,"max_label":null,"elevation":904.0}},{"type":"Feature","geometry":{"type":"Point","coordinates":[-71.2333,-13.8001]},"properties":{"name":"Nevado Auzangate","name_zh":"奧桑加特山","name_ja":"アウサンガテ","kind":"Peak","scalerank":6,"min_label":6.7,"max_label":null,"elevation":6372.0}},{"type":"Feature","geometry":{"type":"Point","coordinates":[-72.65,-15.5166]},"properties":{"name":"Nevado Coropuna","name_zh":"科羅普納峰","name_ja":"コロプナ山","kind":"Peak","scalerank":6,"min_label":6.7,"max_label":null,"elevation":6425.0}},{"type":"Feature","geometry":{"type":"Point","coordinates":[-77.609,-9.1214]},"properties":{"name":"Nevado Huascarán","name_zh":"瓦斯卡兰山","name_ja":"ワスカラン","kind":"Peak","scalerank":6,"min_label":6.7,"max_label":null,"elevation":6768.0}},{"type":"Feature","geometry":{"type":"Point","coordinates":[-77.3666,1.2168]},"properties":{"name":"Volcán Galeras","name_zh":"加勒拉斯火山","name_ja":"ガレラス山","kind":"Peak","scalerank":6,"min_label":6.7,"max_label":null,"elevation":4276.0}},{"type":"Feature","geometry":{"type":"Point","coordinates":[-78.8175,-1.4693]},"properties":{"name":"Chimborazo","name_zh":"钦博拉索山","name_ja":"チンボラソ","kind":"Peak","scalerank":4,"min_label":6.0,"max_label":null,"elevation":6267.0}},{"type":"Feature","geometry":{"type":"Point","coordinates":[-71.0527,8.5529]},"properties":{"name":"Pico Bolívar","name_zh":"玻利瓦尔峰","name_ja":"ボリバル山","kind":"Peak","scalerank":4,"min_label":6.0,"max_label":null,"elevation":4980.0}},{"type":"Feature","geometry":{"type":"Point","coordinates":[-70.0158,-32.6557]},"properties":{"name":"Cerro Aconcagua","name_zh":"阿空加瓜山","name_ja":"アコンカグア","kind":"Peak","scalerank":2,"min_label":5.0,"max_label":null,"elevation":6959.0}},{"type":"Feature","geometry":{"type":"Point","coordinates":[-64.916,-31.9916]},"properties":{"name":"Cerro Champaquí","name_zh":"錢帕基山","name_ja":"セロ・チャンパキ山","kind":"Peak","scalerank":4,"min_label":6.0,"max_label":null,"elevation":2770.0}},{"type":"Feature","geometry":{"type":"Point","coordinates":[-63.9688,-42.624]},"properties":{"name":"","name_zh":"","name_ja":"","kind":"Depression","scalerank":2,"min_label":5.0,"max_label":null,"elevation":-40.0}},{"type":"Feature","geometry":{"type":"Point","coordinates":[-66.3756,5.4517]},"properties":{"name":"Cero Raya","name_zh":"莱雅山","name_ja":"セロ・ラヤ山","kind":"Peak","scalerank":2,"min_label":5.0,"max_label":null,"elevation":2070.0}},{"type":"Feature","geometry":{"type":"Point","coordinates":[-74.5,-49.32]},"properties":{"name":"","name_zh":"","name_ja":"","kind":"Peak","scalerank":9,"min_label":7.2,"max_label":null,"elevation":1520.0}},{"type":"Feature","geometry":{"type":"Point","coordinates":[-73.89,2.6401]},"properties":{"name":"","name_zh":"","name_ja":"","kind":"Peak","scalerank":9,"min_label":7.2,"max_label":null,"elevation":2615.0}},{"type":"Feature","geometry":{"type":"Point","coordinates":[-72.3,6.49]},"properties":{"name":"Ritacuba Blanco","name_zh":"白里塔库巴峰","name_ja":"リタクバ・ブランコ","kind":"Peak","scalerank":9,"min_label":7.2,"max_label":null,"elevation":5410.0}},{"type":"Feature","geometry":{"type":"Point","coordinates":[-66.78,10.54]},"properties":{"name":"Pico Naiguatá","name_zh":"奈瓜塔峰","name_ja":"ピコナイグアタ","kind":"Peak","scalerank":9,"min_label":7.2,"max_label":null,"elevation":2765.0}},{"type":"Feature","geometry":{"type":"Point","coordinates":[-44.84,-22.4298]},"properties":{"name":"Pico da Pedra da Mina","name_zh":"佩德拉米纳山","name_ja":"ペドラ・ダ・ミーナ山","kind":"Peak","scalerank":9,"min_label":7.2,"max_label":null,"elevation":2798.0}},{"type":"Feature","geometry":{"type":"Point","coordinates":[-47.4901,-13.9901]},"properties":{"name":"Chapada dos Veadeiros","name_zh":"韦阿代鲁斯高地","name_ja":"ヴェアデイロス平原","kind":"Peak","scalerank":9,"min_label":7.2,"max_label":null,"elevation":1691.0}},{"type":"Feature","geometry":{"type":"Point","coordinates":[-56.16,-25.8801]},"properties":{"name":"Cerro Tres Kandú","name_zh":"佩龙丘","name_ja":"ペロー山","kind":"Peak","scalerank":9,"min_label":7.2,"max_label":null,"elevation":842.0}},{"type":"Feature","geometry":{"type":"Point","coordinates":[-60.64,-19.2999]},"properties":{"name":"Cerro San Miguel","name_zh":"圣米格尔山","name_ja":"セロ・サン・ミゲル山","kind":"Peak","scalerank":9,"min_label":7.2,"max_label":null,"elevation":830.0}},{"type":"Feature","geometry":{"type":"Point","coordinates":[-65.41,3.66]},"properties":{"name":"Cerro Marahuaca","name_zh":"馬拉瓦卡峰","name_ja":"セロ・マラワカ山","kind":"Peak","scalerank":9,"min_label":7.2,"max_label":null,"elevation":2832.0}},{"type":"Feature","geometry":{"type":"Point","coordinates":[-73.09,-0.73]},"properties":{"name":"Cerro Maine Hanari","name_zh":"缅因哈纳利山","name_ja":"セロ・マイネ・アナリ山","kind":"Peak","scalerank":9,"min_label":7.2,"max_label":null,"elevation":860.0}},{"type":"Feature","geometry":{"type":"Point","coordinates":[-69.6,-54.6599]},"properties":{"name":"Cerro Darwin","name_zh":"達爾文山","name_ja":"ダーウィン山","kind":"Peak","scalerank":9,"min_label":7.2,"max_label":null,"elevation":2580.0}},{"type":"Feature","geometry":{"type":"Point","coordinates":[-54.66,-34.34]},"properties":{"name":"Cerro Catedral","name_zh":"卡特德拉爾山","name_ja":"カテドラル山","kind":"Peak","scalerank":9,"min_label":7.2,"max_label":null,"elevation":514.0}},{"type":"Feature","geometry":{"type":"Point","coordinates":[-70.97,-33.97]},"properties":{"name":"Cerro Cantillana","name_zh":"坎蒂拉纳山","name_ja":"セロ・カンティジャナ山","kind":"Peak","scalerank":9,"min_label":7.2,"max_label":null,"elevation":2281.0}},{"type":"Feature","geometry":{"type":"Point","coordinates":[-53.52,3.5801]},"properties":{"name":"Bellevue de L'Inini","name_zh":"贝尔德尼尼山","name_ja":"ベルヴューデリーニニ山","kind":"Peak","scalerank":9,"min_label":7.2,"max_label":null,"elevation":851.0}},{"type":"Feature","geometry":{"type":"Point","coordinates":[-77.24,6.0801]},"properties":{"name":"Alto de Buey","name_zh":"比埃山","name_ja":"アルト・デル・ブエイ山","kind":"Peak","scalerank":9,"min_label":7.2,"max_label":null,"elevation":1810.0}},{"type":"Feature","geometry":{"type":"Point","coordinates":[-158.2577,-77.1111]},"properties":{"name":"Cape Colbeck","name_zh":"科貝克角","name_ja":"コルベック岬","kind":"Peak","scalerank":6,"min_label":6.7,"max_label":null,"elevation":4069.0}},{"type":"Feature","geometry":{"type":"Point","coordinates":[-64.76,32.31]},"properties":{"name":"Town Hill","name_zh":"托恩山","name_ja":"タウン・ヒル","kind":"Peak","scalerank":9,"min_label":7.2,"max_label":null,"elevation":79.0}},{"type":"Feature","geometry":{"type":"Point","coordinates":[-12.2667,-37.0937]},"properties":{"name":"Queen Mary's Peak","name_zh":"瑪麗皇后峰","name_ja":"クィーン・メアリー・ピーク","kind":"Peak","scalerank":9,"min_label":8.0,"max_label":null,"elevation":2060.0}},{"type":"Feature","geometry":{"type":"Point","coordinates":[3.4,-54.4199]},"properties":{"name":"Olavtoppen","name_zh":"奧拉夫峰","name_ja":"オラフ峰","kind":"Peak","scalerank":9,"min_label":7.2,"max_label":null,"elevation":780.0}},{"type":"Feature","geometry":{"type":"Point","coordinates":[105.6168,-10.4856]},"properties":{"name":"Murray Hill","name_zh":"默里山","name_ja":"マーレー・ヒル","kind":"Peak","scalerank":9,"min_label":7.2,"max_label":null,"elevation":356.0}},{"type":"Feature","geometry":{"type":"Point","coordinates":[96.9,-12.1799]},"properties":{"name":"","name_zh":"","name_ja":"","kind":"Peak","scalerank":9,"min_label":7.2,"max_label":null,"elevation":5.0}},{"type":"Feature","geometry":{"type":"LineString","coordinates":[[-180,0.0],[-178,0.0],[-176,0.0],[-174,0.0],[-172,0.0],[-170,0.0],[-168,0.0],[-166,0.0],[-164,0.0],[-162,0.0],[-160,0.0],[-158,0.0],[-156,0.0],[-154,0.0],[-152,0.0],[-150,0.0],[-148,0.0],[-146,0.0],[-144,0.0],[-142,0.0],[-140,0.0],[-138,0.0],[-136,0.0],[-134,0.0],[-132,0.0],[-130,0.0],[-128,0.0],[-126,0.0],[-124,0.0],[-122,0.0],[-120,0.0],[-118,0.0],[-116,0.0],[-114,0.0],[-112,0.0],[-110,0.0],[-108,0.0],[-106,0.0],[-104,0.0],[-102,0.0],[-100,0.0],[-98,0.0],[-96,0.0],[-94,0.0],[-92,0.0],[-90,0.0],[-88,0.0],[-86,0.0],[-84,0.0],[-82,0.0],[-80,0.0],[-78,0.0],[-76,0.0],[-74,0.0],[-72,0.0],[-70,0.0],[-68,0.0],[-66,0.0],[-64,0.0],[-62,0.0],[-60,0.0],[-58,0.0],[-56,0.0],[-54,0.0],[-52,0.0],[-50,0.0],[-48,0.0],[-46,0.0],[-44,0.0],[-42,0.0],[-40,0.0],[-38,0.0],[-36,0.0],[-34,0.0],[-32,0.0],[-30,0.0],[-28,0.0],[-26,0.0],[-24,0.0],[-22,0.0],[-20,0.0],[-18,0.0],[-16,0.0],[-14,0.0],[-12,0.0],[-10,0.0],[-8,0.0],[-6,0.0],[-4,0.0],[-2,0.0],[0,0.0],[2,0.0],[4,0.0],[6,0.0],[8,0.0],[10,0.0],[12,0.0],[14,0.0],[16,0.0],[18,0.0],[20,0.0],[22,0.0],[24,0.0],[26,0.0],[28,0.0],[30,0.0],[32,0.0],[34,0.0],[36,0.0],[38,0.0],[40,0.0],[42,0.0],[44,0.0],[46,0.0],[48,0.0],[50,0.0],[52,0.0],[54,0.0],[56,0.0],[58,0.0],[60,0.0],[62,0.0],[64,0.0],[66,0.0],[68,0.0],[70,0.0],[72,0.0],[74,0.0],[76,0.0],[78,0.0],[80,0.0],[82,0.0],[84,0.0],[86,0.0],[88,0.0],[90,0.0],[92,0.0],[94,0.0],[96,0.0],[98,0.0],[100,0.0],[102,0.0],[104,0.0],[106,0.0],[108,0.0],[110,0.0],[112,0.0],[114,0.0],[116,0.0],[118,0.0],[120,0.0],[122,0.0],[124,0.0],[126,0.0],[128,0.0],[130,0.0],[132,0.0],[134,0.0],[136,0.0],[138,0.0],[140,0.0],[142,0.0],[144,0.0],[146,0.0],[148,0.0],[150,0.0],[152,0.0],[154,0.0],[156,0.0],[158,0.0],[160,0.0],[162,0.0],[164,0.0],[166,0.0],[168,0.0],[170,0.0],[172,0.0],[174,0.0],[176,0.0],[178,0.0],[180,0.0]]},"properties":{"name":"Equator","name_zh":"赤道","name_ja":"赤道","kind":"Graticule","scalerank":0,"min_label":0,"max_label":24}},{"type":"Feature","geometry":{"type":"LineString","coordinates":[[-180,23.4367],[-178,23.4367],[-176,23.4367],[-174,23.4367],[-172,23.4367],[-170,23.4367],[-168,23.4367],[-166,23.4367],[-164,23.4367],[-162,23.4367],[-160,23.4367],[-158,23.4367],[-156,23.4367],[-154,23.4367],[-152,23.4367],[-150,23.4367],[-148,23.4367],[-146,23.4367],[-144,23.4367],[-142,23.4367],[-140,23.4367],[-138,23.4367],[-136,23.4367],[-134,23.4367],[-132,23.4367],[-130,23.4367],[-128,23.4367],[-126,23.4367],[-124,23.4367],[-122,23.4367],[-120,23.4367],[-118,23.4367],[-116,23.4367],[-114,23.4367],[-112,23.4367],[-110,23.4367],[-108,23.4367],[-106,23.4367],[-104,23.4367],[-102,23.4367],[-100,23.4367],[-98,23.4367],[-96,23.4367],[-94,23.4367],[-92,23.4367],[-90,23.4367],[-88,23.4367],[-86,23.4367],[-84,23.4367],[-82,23.4367],[-80,23.4367],[-78,23.4367],[-76,23.4367],[-74,23.4367],[-72,23.4367],[-70,23.4367],[-68,23.4367],[-66,23.4367],[-64,23.4367],[-62,23.4367],[-60,23.4367],[-58,23.4367],[-56,23.4367],[-54,23.4367],[-52,23.4367],[-50,23.4367],[-48,23.4367],[-46,23.4367],[-44,23.4367],[-42,23.4367],[-40,23.4367],[-38,23.4367],[-36,23.4367],[-34,23.4367],[-32,23.4367],[-30,23.4367],[-28,23.4367],[-26,23.4367],[-24,23.4367],[-22,23.4367],[-20,23.4367],[-18,23.4367],[-16,23.4367],[-14,23.4367],[-12,23.4367],[-10,23.4367],[-8,23.4367],[-6,23.4367],[-4,23.4367],[-2,23.4367],[0,23.4367],[2,23.4367],[4,23.4367],[6,23.4367],[8,23.4367],[10,23.4367],[12,23.4367],[14,23.4367],[16,23.4367],[18,23.4367],[20,23.4367],[22,23.4367],[24,23.4367],[26,23.4367],[28,23.4367],[30,23.4367],[32,23.4367],[34,23.4367],[36,23.4367],[38,23.4367],[40,23.4367],[42,23.4367],[44,23.4367],[46,23.4367],[48,23.4367],[50,23.4367],[52,23.4367],[54,23.4367],[56,23.4367],[58,23.4367],[60,23.4367],[62,23.4367],[64,23.4367],[66,23.4367],[68,23.4367],[70,23.4367],[72,23.4367],[74,23.4367],[76,23.4367],[78,23.4367],[80,23.4367],[82,23.4367],[84,23.4367],[86,23.4367],[88,23.4367],[90,23.4367],[92,23.4367],[94,23.4367],[96,23.4367],[98,23.4367],[100,23.4367],[102,23.4367],[104,23.4367],[106,23.4367],[108,23.4367],[110,23.4367],[112,23.4367],[114,23.4367],[116,23.4367],[118,23.4367],[120,23.4367],[122,23.4367],[124,23.4367],[126,23.4367],[128,23.4367],[130,23.4367],[132,23.4367],[134,23.4367],[136,23.4367],[138,23.4367],[140,23.4367],[142,23.4367],[144,23.4367],[146,23.4367],[148,23.4367],[150,23.4367],[152,23.4367],[154,23.4367],[156,23.4367],[158,23.4367],[160,23.4367],[162,23.4367],[164,23.4367],[166,23.4367],[168,23.4367],[170,23.4367],[172,23.4367],[174,23.4367],[176,23.4367],[178,23.4367],[180,23.4367]]},"properties":{"name":"Tropic of Cancer","name_zh":"北回归线","name_ja":"北回帰線","kind":"Graticule","scalerank":0,"min_label":0,"max_label":24}},{"type":"Feature","geometry":{"type":"LineString","coordinates":[[-180,-23.4367],[-178,-23.4367],[-176,-23.4367],[-174,-23.4367],[-172,-23.4367],[-170,-23.4367],[-168,-23.4367],[-166,-23.4367],[-164,-23.4367],[-162,-23.4367],[-160,-23.4367],[-158,-23.4367],[-156,-23.4367],[-154,-23.4367],[-152,-23.4367],[-150,-23.4367],[-148,-23.4367],[-146,-23.4367],[-144,-23.4367],[-142,-23.4367],[-140,-23.4367],[-138,-23.4367],[-136,-23.4367],[-134,-23.4367],[-132,-23.4367],[-130,-23.4367],[-128,-23.4367],[-126,-23.4367],[-124,-23.4367],[-122,-23.4367],[-120,-23.4367],[-118,-23.4367],[-116,-23.4367],[-114,-23.4367],[-112,-23.4367],[-110,-23.4367],[-108,-23.4367],[-106,-23.4367],[-104,-23.4367],[-102,-23.4367],[-100,-23.4367],[-98,-23.4367],[-96,-23.4367],[-94,-23.4367],[-92,-23.4367],[-90,-23.4367],[-88,-23.4367],[-86,-23.4367],[-84,-23.4367],[-82,-23.4367],[-80,-23.4367],[-78,-23.4367],[-76,-23.4367],[-74,-23.4367],[-72,-23.4367],[-70,-23.4367],[-68,-23.4367],[-66,-23.4367],[-64,-23.4367],[-62,-23.4367],[-60,-23.4367],[-58,-23.4367],[-56,-23.4367],[-54,-23.4367],[-52,-23.4367],[-50,-23.4367],[-48,-23.4367],[-46,-23.4367],[-44,-23.4367],[-42,-23.4367],[-40,-23.4367],[-38,-23.4367],[-36,-23.4367],[-34,-23.4367],[-32,-23.4367],[-30,-23.4367],[-28,-23.4367],[-26,-23.4367],[-24,-23.4367],[-22,-23.4367],[-20,-23.4367],[-18,-23.4367],[-16,-23.4367],[-14,-23.4367],[-12,-23.4367],[-10,-23.4367],[-8,-23.4367],[-6,-23.4367],[-4,-23.4367],[-2,-23.4367],[0,-23.4367],[2,-23.4367],[4,-23.4367],[6,-23.4367],[8,-23.4367],[10,-23.4367],[12,-23.4367],[14,-23.4367],[16,-23.4367],[18,-23.4367],[20,-23.4367],[22,-23.4367],[24,-23.4367],[26,-23.4367],[28,-23.4367],[30,-23.4367],[32,-23.4367],[34,-23.4367],[36,-23.4367],[38,-23.4367],[40,-23.4367],[42,-23.4367],[44,-23.4367],[46,-23.4367],[48,-23.4367],[50,-23.4367],[52,-23.4367],[54,-23.4367],[56,-23.4367],[58,-23.4367],[60,-23.4367],[62,-23.4367],[64,-23.4367],[66,-23.4367],[68,-23.4367],[70,-23.4367],[72,-23.4367],[74,-23.4367],[76,-23.4367],[78,-23.4367],[80,-23.4367],[82,-23.4367],[84,-23.4367],[86,-23.4367],[88,-23.4367],[90,-23.4367],[92,-23.4367],[94,-23.4367],[96,-23.4367],[98,-23.4367],[100,-23.4367],[102,-23.4367],[104,-23.4367],[106,-23.4367],[108,-23.4367],[110,-23.4367],[112,-23.4367],[114,-23.4367],[116,-23.4367],[118,-23.4367],[120,-23.4367],[122,-23.4367],[124,-23.4367],[126,-23.4367],[128,-23.4367],[130,-23.4367],[132,-23.4367],[134,-23.4367],[136,-23.4367],[138,-23.4367],[140,-23.4367],[142,-23.4367],[144,-23.4367],[146,-23.4367],[148,-23.4367],[150,-23.4367],[152,-23.4367],[154,-23.4367],[156,-23.4367],[158,-23.4367],[160,-23.4367],[162,-23.4367],[164,-23.4367],[166,-23.4367],[168,-23.4367],[170,-23.4367],[172,-23.4367],[174,-23.4367],[176,-23.4367],[178,-23.4367],[180,-23.4367]]},"properties":{"name":"Tropic of Capricorn","name_zh":"南回归线","name_ja":"南回帰線","kind":"Graticule","scalerank":0,"min_label":0,"max_label":24}}]}