{"type":"FeatureCollection","source":{"name":"GEBCO Gazetteer of Undersea Feature Names (IHO-IOC GEBCO, hosted by NOAA NCEI)","url":"https://services2.arcgis.com/C8EMgrsFcRFL6LrL/arcgis/rest/services/Undersea_Features/FeatureServer","landing":"https://www.gebco.net/data-products/undersea-feature-names","license":"public (GEBCO gazetteer data are freely available)","generator":"pipeline/basemap/undersea.py","classes":{"1":"Trench, Deep, Rise, Seamount Chain, Seamounts, Fracture Zone","2":"Ridge, Plateau, Basin, Trough, Abyssal Plain, Escarpment"}},"features":[{"type":"Feature","geometry":{"type":"Point","coordinates":[-23.8445,-59.012]},"properties":{"name":"Aquariids","type":"Deep","label":"Aquariids Deep","cls":1,"feature_id":889218,"geom_src":"polygon","rep":[-23.8445,-59.012],"axis":[[-23.96,-59.359],[-23.686,-58.672]]}},{"type":"Feature","geometry":{"type":"Point","coordinates":[-71.328,-23.3358]},"properties":{"name":"Atacama","type":"Deep","label":"Atacama Deep","cls":1,"feature_id":890143,"geom_src":"polygon","rep":[-71.328,-23.3358],"axis":[[-71.351,-23.447],[-71.308,-23.225]]}},{"type":"Feature","geometry":{"type":"Point","coordinates":[-23.9928,-57.5371]},"properties":{"name":"Bitter","type":"Deep","label":"Bitter Deep","cls":1,"feature_id":889219,"geom_src":"polygon","rep":[-23.9928,-57.5371],"axis":[[-24.157,-57.23],[-23.811,-57.832]]}},{"type":"Feature","geometry":{"type":"Point","coordinates":[142.5917,11.3733]},"properties":{"name":"Challenger","type":"Deep","label":"Challenger Deep","cls":1,"feature_id":563,"geom_src":"point","rep":[142.5917,11.3733]}},{"type":"Feature","geometry":{"type":"Point","coordinates":[-179.6835,-37.0688]},"properties":{"name":"Crean","type":"Deep","label":"Crean Deep","cls":1,"feature_id":6356,"geom_src":"polygon","rep":[-179.6835,-37.0688],"axis":[[-179.743,-37.187],[-179.62,-36.946]]}},{"type":"Feature","geometry":{"type":"Point","coordinates":[126.8667,9.7]},"properties":{"name":"Emden","type":"Deep","label":"Emden Deep","cls":1,"feature_id":894,"geom_src":"point","rep":[126.8667,9.7]}},{"type":"Feature","geometry":{"type":"Point","coordinates":[-25.4383,-60.4124]},"properties":{"name":"Factorian","type":"Deep","label":"Factorian Deep","cls":1,"feature_id":889220,"geom_src":"polygon","rep":[-25.4383,-60.4124],"axis":[[-25.688,-60.52],[-25.232,-60.312]]}},{"type":"Feature","geometry":{"type":"Point","coordinates":[-174.7267,-23.2583]},"properties":{"name":"Horizon","type":"Deep","label":"Horizon Deep","cls":1,"feature_id":1357,"geom_src":"point","rep":[-174.7267,-23.2583]}},{"type":"Feature","geometry":{"type":"Point","coordinates":[-27.391,-55.286]},"properties":{"name":"Hydris","type":"Deep","label":"Hydris Deep","cls":1,"feature_id":889222,"geom_src":"polygon","rep":[-27.391,-55.286],"axis":[[-27.582,-55.218],[-27.235,-55.369]]}},{"type":"Feature","geometry":{"type":"Point","coordinates":[-23.7582,-58.3843]},"properties":{"name":"Leonids","type":"Deep","label":"Leonids Deep","cls":1,"feature_id":889223,"geom_src":"polygon","rep":[-23.7582,-58.3843],"axis":[[-23.758,-58.557],[-23.755,-58.222]]}},{"type":"Feature","geometry":{"type":"Point","coordinates":[-26.1057,-60.6171]},"properties":{"name":"Limiting","type":"Deep","label":"Limiting Deep","cls":1,"feature_id":889224,"geom_src":"polygon","rep":[-26.1057,-60.6171],"axis":[[-26.208,-60.645],[-26.005,-60.596]]}},{"type":"Feature","geometry":{"type":"Point","coordinates":[-26.2942,-55.3227]},"properties":{"name":"Meteor","type":"Deep","label":"Meteor Deep","cls":1,"feature_id":889317,"geom_src":"polygon","rep":[-26.2942,-55.3227],"axis":[[-26.658,-55.106],[-25.992,-55.505]]}},{"type":"Feature","geometry":{"type":"Point","coordinates":[-24.7167,32]},"properties":{"name":"Monaco","type":"Deep","label":"Monaco Deep","cls":1,"feature_id":2048,"geom_src":"point","rep":[-24.7167,32]}},{"type":"Feature","geometry":{"type":"Point","coordinates":[-24.2765,-57.0972]},"properties":{"name":"Perseids","type":"Deep","label":"Perseids Deep","cls":1,"feature_id":889226,"geom_src":"polygon","rep":[-24.2765,-57.0972],"axis":[[-24.347,-57.009],[-24.205,-57.2]]}},{"type":"Feature","geometry":{"type":"Point","coordinates":[-177.3,-31.9667]},"properties":{"name":"Scholl","type":"Deep","label":"Scholl Deep","cls":1,"feature_id":2757,"geom_src":"point","rep":[-177.3,-31.9667]}},{"type":"Feature","geometry":{"type":"Point","coordinates":[-38.0833,64.6667]},"properties":{"name":"Sermilik","type":"Deep","label":"Sermilik Deep","cls":1,"feature_id":2799,"geom_src":"point","rep":[-38.0833,64.6667]}},{"type":"Feature","geometry":{"type":"Point","coordinates":[138.9554,12.7961]},"properties":{"name":"Shinkai","type":"Deep","label":"Shinkai Deep","cls":1,"feature_id":6062,"geom_src":"polygon","rep":[138.9554,12.7961],"axis":[[138.783,12.454],[139.076,13.11]]}},{"type":"Feature","geometry":{"type":"Point","coordinates":[-91.5833,23.8667]},"properties":{"name":"Sigsbee","type":"Deep","label":"Sigsbee Deep","cls":1,"feature_id":2861,"geom_src":"point","rep":[-91.5833,23.8667]}},{"type":"Feature","geometry":{"type":"Point","coordinates":[-31,67.25]},"properties":{"name":"Storfjord","type":"Deep","label":"Storfjord Deep","cls":1,"feature_id":2988,"geom_src":"point","rep":[-31,67.25]}},{"type":"Feature","geometry":{"type":"Point","coordinates":[9.4167,67.1]},"properties":{"name":"Træna","type":"Deep","label":"Træna Deep","cls":1,"feature_id":3164,"geom_src":"point","rep":[9.4167,67.1]}},{"type":"Feature","geometry":{"type":"Point","coordinates":[-20.6405,-0.674]},"properties":{"name":"Vavilov","type":"Deep","label":"Vavilov Deep","cls":1,"feature_id":890289,"geom_src":"polygon","rep":[-20.6405,-0.674],"axis":[[-21.547,-0.857],[-19.837,-0.536]]}},{"type":"Feature","geometry":{"type":"Point","coordinates":[-24.8021,-60.124]},"properties":{"name":"Wintery","type":"Deep","label":"Wintery Deep","cls":1,"feature_id":889227,"geom_src":"polygon","rep":[-24.8021,-60.124],"axis":[[-24.919,-60.181],[-24.64,-60.057]]}},{"type":"Feature","geometry":{"type":"LineString","coordinates":[[-24.883,36.05],[-23.667,36.117],[-22.8,36.217]]},"properties":{"name":"Açores Este","type":"Fracture Zone","label":"Açores Este Fracture Zone","cls":1,"feature_id":5040,"geom_src":"line","rep":[-23.6667,36.1167]}},{"type":"Feature","geometry":{"type":"LineString","coordinates":[[-138,-40.5],[-125,-38]]},"properties":{"name":"Agassiz","type":"Fracture Zone","label":"Agassiz Fracture Zone","cls":1,"feature_id":28,"geom_src":"line","rep":[-125,-38]}},{"type":"Feature","geometry":{"type":"LineString","coordinates":[[-157,-29],[-161,-22]]},"properties":{"name":"Aguila","type":"Fracture Zone","label":"Aguila Fracture Zone","cls":1,"feature_id":33,"geom_src":"line","rep":[-161,-22]}},{"type":"Feature","geometry":{"type":"LineString","coordinates":[[-130.5,-37],[-125.167,-36.667],[-120.5,-37.5]]},"properties":{"name":"Akademik Kurchatov","type":"Fracture Zone","label":"Akademik Kurchatov Fracture Zone","cls":1,"feature_id":44,"geom_src":"line","rep":[-125.1667,-36.6667]}},{"type":"Feature","geometry":{"type":"LineString","coordinates":[[24.5,-56],[27.667,-53],[28.867,-51],[32.8,-46],[34.25,-43]]},"properties":{"name":"Andrew Bain","type":"Fracture Zone","label":"Andrew Bain Fracture Zone","cls":1,"feature_id":137,"geom_src":"line","rep":[28.8667,-51]}},{"type":"Feature","geometry":{"type":"LineString","coordinates":[[-130.205,-67.263],[-134.031,-65.274],[-137.102,-64.051],[-141.065,-62.978],[-145.862,-62.202],[-152.555,-60.734],[-158.998,-58.894],[-165.319,-56.554],[-169.694,-54.136],[-173.258,-52.167],[-175.368,-50.323]]},"properties":{"name":"Antipodes","type":"Fracture Zone","label":"Antipodes Fracture Zone","cls":1,"feature_id":163,"geom_src":"line","rep":[-152.555,-60.734]}},{"type":"Feature","geometry":{"type":"LineString","coordinates":[[69.5,-11.5],[63,-16]]},"properties":{"name":"Argo","type":"Fracture Zone","label":"Argo Fracture Zone","cls":1,"feature_id":195,"geom_src":"line","rep":[63,-16]}},{"type":"Feature","geometry":{"type":"LineString","coordinates":[[-37.75,8.667],[-44,9.333]]},"properties":{"name":"Arkhangelskiy","type":"Fracture Zone","label":"Arkhangelskiy Fracture Zone","cls":1,"feature_id":207,"geom_src":"line","rep":[-44,9.3333]}},{"type":"Feature","geometry":{"type":"LineString","coordinates":[[-25.694,-8.452],[-24.692,-8.469],[-23.361,-8.348],[-21.979,-8.314],[-21.398,-8.312],[-20.201,-8.33],[-19.337,-8.222],[-18.229,-8.159],[-17.158,-8.016],[-16.69,-7.899],[-16.276,-7.8],[-15.592,-7.684],[-14.412,-7.423],[-13.98,-7.333],[-13.341,-7.225],[-13.143,-7.153],[-12.459,-6.983],[-11.639,-6.848],[-10.775,-6.686],[-9.326,-6.37],[-8.219,-6.091],[-5.455,-5.523],[-4.032,-5.271],[-1.989,-4.9],[-1.208,-4.705],[-0.294,-4.41],[0.294,-4.214],[1.028,-3.951],[2.139,-3.509],[3.2,-2.983],[3.706,-2.639]]},"properties":{"name":"Ascension","type":"Fracture Zone","label":"Ascension Fracture Zone","cls":1,"feature_id":216,"geom_src":"line","rep":[-13.1429,-7.1534],"apple_minzoom":3,"apple_type":"undersea-area/trench/trough","apple_rank":null,"apple_name":"Ascension Fracture Zone"}},{"type":"Feature","geometry":{"type":"LineString","coordinates":[[-45.5,30.75],[-37,29]]},"properties":{"name":"Atlantis","type":"Fracture Zone","label":"Atlantis Fracture Zone","cls":1,"feature_id":231,"geom_src":"line","rep":[-37,29]}},{"type":"Feature","geometry":{"type":"LineString","coordinates":[[57.5,-29.5],[57.25,-37]]},"properties":{"name":"Atlantis II","type":"Fracture Zone","label":"Atlantis II Fracture Zone","cls":1,"feature_id":233,"geom_src":"line","rep":[57.25,-37]}},{"type":"Feature","geometry":{"type":"LineString","coordinates":[[-130,-20.5],[-123,-18.5]]},"properties":{"name":"Austral","type":"Fracture Zone","label":"Austral Fracture Zone","cls":1,"feature_id":244,"geom_src":"line","rep":[-123,-18.5]}},{"type":"Feature","geometry":{"type":"LineString","coordinates":[[64.25,1.5],[65.167,3],[67.25,5.5]]},"properties":{"name":"Bao Chuan","type":"Fracture Zone","label":"Bao Chuan Fracture Zone","cls":1,"feature_id":270,"geom_src":"line","rep":[65.1667,3]}},{"type":"Feature","geometry":{"type":"LineString","coordinates":[[-101.5,-14.667],[-98,-15]]},"properties":{"name":"Bauer","type":"Fracture Zone","label":"Bauer Fracture Zone","cls":1,"feature_id":294,"geom_src":"line","rep":[-98,-15]}},{"type":"Feature","geometry":{"type":"LineString","coordinates":[[-35.5,57],[-30,56.75]]},"properties":{"name":"Bight","type":"Fracture Zone","label":"Bight Fracture Zone","cls":1,"feature_id":335,"geom_src":"line","rep":[-30,56.75]}},{"type":"Feature","geometry":{"type":"LineString","coordinates":[[-130.333,44.5],[-127.5,43.5]]},"properties":{"name":"Blanco","type":"Fracture Zone","label":"Blanco Fracture Zone","cls":1,"feature_id":358,"geom_src":"line","rep":[-127.5,43.5]}},{"type":"Feature","geometry":{"type":"MultiLineString","coordinates":[[[-33.205,-13.701],[-32.762,-13.597],[-32.084,-13.475],[-31.265,-13.362],[-30.446,-13.268],[-29.758,-13.117],[-29.108,-13.042],[-28.525,-12.948],[-27.903,-12.872],[-27.357,-12.854],[-26.679,-12.816],[-25.851,-12.769],[-25.135,-12.769],[-24.363,-12.797],[-23.77,-12.797],[-23.035,-12.807],[-22.376,-12.797],[-21.274,-12.788],[-20.455,-12.731],[-19.9,-12.656],[-19.316,-12.628],[-19.005,-12.571],[-18.892,-12.571],[-18.054,-12.458],[-16.369,-12.185],[-15.163,-11.959],[-14.335,-11.752],[-13.779,-11.648],[-13.28,-11.573],[-12.79,-11.451],[-11.877,-11.234],[-11.039,-11.065],[-9.937,-10.82],[-9.043,-10.603],[-8.497,-10.434],[-8.214,-10.377],[-7.564,-10.236],[-6.905,-10.104],[-6.237,-9.982],[-5.305,-9.803],[-4.627,-9.699],[-4.099,-9.586],[-4.278,-9.643],[-3.911,-9.577],[-3.139,-9.464],[-2.291,-9.257],[-1.491,-9.04],[-0.86,-8.823],[-0.305,-8.673],[0.157,-8.522],[0.373,-8.428]],[[-31.114,-13.626],[-30.417,-13.532],[-29.551,-13.428],[-28.694,-13.324],[-27.781,-13.296],[-26.764,-13.258],[-25.606,-13.23],[-24.306,-13.249],[-23.572,-13.23],[-21.905,-13.287],[-20.7,-13.249],[-19.947,-13.174],[-19.382,-13.08],[-19.335,-13.07],[-18.478,-12.957],[-17.272,-12.75],[-15.832,-12.496],[-14.674,-12.213],[-13.638,-12.016],[-13.035,-11.855],[-12.225,-11.733],[-11.585,-11.535],[-10.672,-11.3],[-9.693,-11.074],[-8.836,-10.923],[-8.148,-10.773],[-7.386,-10.641],[-6.585,-10.5],[-5.832,-10.387],[-5.135,-10.302],[-5.399,-10.33],[-4.843,-10.255],[-4.194,-10.151],[-3.723,-10.104],[-3.195,-9.963],[-2.678,-9.84],[-2.169,-9.68],[-1.595,-9.52],[-0.973,-9.294],[-0.408,-9.106],[0.166,-8.908],[0.552,-8.673]]]},"properties":{"name":"Bode Verde","type":"Fracture Zone","label":"Bode Verde Fracture Zone","cls":1,"feature_id":362,"geom_src":"line","rep":[-15.1632,-11.9591],"apple_minzoom":3,"apple_type":"undersea-area/trench/trough","apple_rank":null,"apple_name":"Bode Verde Fracture Zone"}},{"type":"Feature","geometry":{"type":"LineString","coordinates":[[-34.833,7.2],[-33.267,7.2]]},"properties":{"name":"Bogdanov","type":"Fracture Zone","label":"Bogdanov Fracture Zone","cls":1,"feature_id":364,"geom_src":"line","rep":[-33.2667,7.2]}},{"type":"Feature","geometry":{"type":"LineString","coordinates":[[1,-54.75],[3.167,-53.5]]},"properties":{"name":"Bouvet","type":"Fracture Zone","label":"Bouvet Fracture Zone","cls":1,"feature_id":388,"geom_src":"line","rep":[3.1667,-53.5]}},{"type":"Feature","geometry":{"type":"LineString","coordinates":[[-14.25,-58],[-5.5,-58]]},"properties":{"name":"Bullard","type":"Fracture Zone","label":"Bullard Fracture Zone","cls":1,"feature_id":431,"geom_src":"line","rep":[-5.5,-58]}},{"type":"Feature","geometry":{"type":"LineString","coordinates":[[-12.567,-14.367],[-27.867,-15.333]]},"properties":{"name":"Cardno","type":"Fracture Zone","label":"Cardno Fracture Zone","cls":1,"feature_id":500,"geom_src":"line","rep":[-27.8667,-15.3333],"apple_minzoom":3,"apple_type":"undersea-area/trench/trough","apple_rank":null,"apple_name":"Cardno Fracture Zone"}},{"type":"Feature","geometry":{"type":"LineString","coordinates":[[128.167,18],[132.5,15]]},"properties":{"name":"Central","type":"Fracture Zone","label":"Central Fracture Zone","cls":1,"feature_id":549,"geom_src":"line","rep":[132.5,15]}},{"type":"Feature","geometry":{"type":"LineString","coordinates":[[-29.785,-2.886],[-29.391,-2.839],[-28.729,-2.791],[-27.956,-2.664],[-27.357,-2.569],[-26.648,-2.506],[-26.206,-2.458],[-25.907,-2.442],[-25.919,-2.436],[-24.934,-2.421],[-24.069,-2.442],[-22.938,-2.434],[-21.636,-2.478],[-20.571,-2.402],[-19.932,-2.334],[-19.915,-2.328],[-19.375,-2.227],[-18.865,-2.147],[-18.225,-2.006],[-17.945,-1.966],[-17.416,-1.895],[-16.856,-1.765],[-16.406,-1.634],[-15.896,-1.533],[-15.416,-1.483],[-14.536,-1.221],[-14.006,-1.09],[-13.466,-0.909],[-13.037,-0.839],[-12.507,-0.718],[-11.567,-0.456],[-10.867,-0.235],[-10.267,-0.124],[-9.607,0.027],[-9.107,0.168],[-8.388,0.278],[-7.498,0.47],[-6.798,0.6],[-6.057,0.709],[-6.074,0.715],[-5.633,0.731],[-5.286,0.795],[-4.845,0.858],[-4.135,1.001],[-3.221,1.144],[-2.448,1.35],[-1.581,1.636],[-0.903,1.889],[-0.131,2.191],[0.531,2.556],[1.288,2.984],[1.982,3.332],[2.407,3.602]]},"properties":{"name":"Chain","type":"Fracture Zone","label":"Chain Fracture Zone","cls":1,"feature_id":561,"geom_src":"line","rep":[-14.0064,-1.0904]}},{"type":"Feature","geometry":{"type":"LineString","coordinates":[[-90,-37],[-80,-35]]},"properties":{"name":"Challenger","type":"Fracture Zone","label":"Challenger Fracture Zone","cls":1,"feature_id":564,"geom_src":"line","rep":[-80,-35]}},{"type":"Feature","geometry":{"type":"LineString","coordinates":[[-10.605,-2.133],[-10.344,-2.133],[-10.011,-1.973],[-9.375,-1.813],[-8.391,-1.551],[-7.307,-1.231],[-6.439,-1.041],[-5.325,-0.823],[-4.124,-0.605],[-3.715,-0.529],[-3.04,-0.39],[-2.283,-0.238],[-1.87,-0.099],[-1.346,0.053],[-1.112,0.137],[-0.864,0.206],[-0.465,0.331],[-0.107,0.483],[0.54,0.733],[1.146,0.996],[1.504,1.176],[1.742,1.325],[1.991,1.525],[2.165,1.651],[2.364,1.826],[2.65,2.126],[2.961,2.402],[3.198,2.627],[3.471,2.915],[3.733,3.165],[3.982,3.44],[4.143,3.59]]},"properties":{"name":"Charcot","type":"Fracture Zone","label":"Charcot Fracture Zone","cls":1,"feature_id":889191,"geom_src":"line","rep":[-0.465,0.3307],"apple_minzoom":3,"apple_type":"undersea-area/trench/trough","apple_rank":null,"apple_name":"Charcot Fracture Zone"}},{"type":"Feature","geometry":{"type":"LineString","coordinates":[[-45,52.5],[-43.653,52.617],[-41.694,52.763],[-39.889,52.794],[-37.741,52.783],[-36.222,52.752],[-35.062,52.687],[-33.849,52.638],[-32.596,52.566],[-31.357,52.493],[-24.302,52.136]]},"properties":{"name":"Charlie-Gibbs","type":"Fracture Zone","label":"Charlie-Gibbs Fracture Zone","cls":1,"feature_id":574,"geom_src":"line","rep":[-36.2222,52.7515]}},{"type":"Feature","geometry":{"type":"LineString","coordinates":[[-102,-36.5],[-93,-35.75]]},"properties":{"name":"Chile","type":"Fracture Zone","label":"Chile Fracture Zone","cls":1,"feature_id":589,"geom_src":"line","rep":[-93,-35.75]}},{"type":"Feature","geometry":{"type":"LineString","coordinates":[[-155,14],[-145,14.5],[-129,17.5],[-116,18.25]]},"properties":{"name":"Clarion","type":"Fracture Zone","label":"Clarion Fracture Zone","cls":1,"feature_id":618,"geom_src":"line","rep":[-129,17.5]}},{"type":"Feature","geometry":{"type":"LineString","coordinates":[[-150,3],[-125,8],[-114,10],[-107,10]]},"properties":{"name":"Clipperton","type":"Fracture Zone","label":"Clipperton Fracture Zone","cls":1,"feature_id":623,"geom_src":"line","rep":[-114,10]}},{"type":"Feature","geometry":{"type":"LineString","coordinates":[[-6.5,-55.833],[-1.5,-55.5]]},"properties":{"name":"Conrad","type":"Fracture Zone","label":"Conrad Fracture Zone","cls":1,"feature_id":654,"geom_src":"line","rep":[-1.5,-55.5]}},{"type":"Feature","geometry":{"type":"LineString","coordinates":[[169.907,-25.876],[170.553,-26.25],[170.95,-26.477],[171.438,-26.686],[171.733,-26.793],[171.918,-26.889],[172.201,-27.039],[172.389,-27.075],[172.642,-27.178],[172.955,-27.307],[173.115,-27.387],[173.211,-27.359],[173.4,-27.2],[173.602,-27.18],[173.742,-27.183],[173.998,-27.014]]},"properties":{"name":"Cook","type":"Fracture Zone","label":"Cook Fracture Zone","cls":1,"feature_id":888797,"geom_src":"line","rep":[172.6417,-27.178]}},{"type":"Feature","geometry":{"type":"LineString","coordinates":[[-97.75,-12],[-93.5,-13.5]]},"properties":{"name":"Dana","type":"Fracture Zone","label":"Dana Fracture Zone","cls":1,"feature_id":726,"geom_src":"line","rep":[-93.5,-13.5]}},{"type":"Feature","geometry":{"type":"LineString","coordinates":[[101.451,-33.943],[102.707,-34.985],[105.191,-35.985],[106.627,-36.204]]},"properties":{"name":"Diamantina","type":"Fracture Zone","label":"Diamantina Fracture Zone","cls":1,"feature_id":782,"geom_src":"line","rep":[105.1911,-35.9846]}},{"type":"Feature","geometry":{"type":"LineString","coordinates":[[11.5,-53.5],[15.25,-50.75]]},"properties":{"name":"Dingaan","type":"Fracture Zone","label":"Dingaan Fracture Zone","cls":1,"feature_id":787,"geom_src":"line","rep":[15.25,-50.75]}},{"type":"Feature","geometry":{"type":"LineString","coordinates":[[41.333,-44.5],[43.5,-39]]},"properties":{"name":"Discovery II","type":"Fracture Zone","label":"Discovery II Fracture Zone","cls":1,"feature_id":798,"geom_src":"line","rep":[43.5,-39]}},{"type":"Feature","geometry":{"type":"LineString","coordinates":[[-40.8,8.25],[-37.333,8.217]]},"properties":{"name":"Doldrums","type":"Fracture Zone","label":"Doldrums Fracture Zone","cls":1,"feature_id":806,"geom_src":"line","rep":[-37.3333,8.2167]}},{"type":"Feature","geometry":{"type":"LineString","coordinates":[[25.5,-53],[30.167,-46]]},"properties":{"name":"DuToit","type":"Fracture Zone","label":"DuToit Fracture Zone","cls":1,"feature_id":837,"geom_src":"line","rep":[30.1667,-46]}},{"type":"Feature","geometry":{"type":"LineString","coordinates":[[-28.5,36.75],[-20,37.333]]},"properties":{"name":"East Azores","type":"Fracture Zone","label":"East Azores Fracture Zone","cls":1,"feature_id":843,"geom_src":"line","rep":[-20,37.3333]}},{"type":"Feature","geometry":{"type":"LineString","coordinates":[[-96.5,-26.25],[-88,-25.5]]},"properties":{"name":"Easter","type":"Fracture Zone","label":"Easter Fracture Zone","cls":1,"feature_id":856,"geom_src":"line","rep":[-88,-25.5]}},{"type":"Feature","geometry":{"type":"LineString","coordinates":[[65,-21],[68,-19]]},"properties":{"name":"Egeria","type":"Fracture Zone","label":"Egeria Fracture Zone","cls":1,"feature_id":869,"geom_src":"line","rep":[68,-19]}},{"type":"Feature","geometry":{"type":"LineString","coordinates":[[170,-62],[173.333,-63.167],[174.65,-64.067],[179,-65.5]]},"properties":{"name":"Emerald","type":"Fracture Zone","label":"Emerald Fracture Zone","cls":1,"feature_id":895,"geom_src":"line","rep":[174.65,-64.0667]}},{"type":"Feature","geometry":{"type":"LineString","coordinates":[[-52.75,-56.333],[-48.5,-56.75]]},"properties":{"name":"Endurance","type":"Fracture Zone","label":"Endurance Fracture Zone","cls":1,"feature_id":911,"geom_src":"line","rep":[-48.5,-56.75]}},{"type":"Feature","geometry":{"type":"MultiLineString","coordinates":[[[175.092,-62.543],[176.585,-63.019],[178.479,-63.565],[179.999,-63.952]],[[-179.999,-63.953],[-178.772,-64.247],[-176.74,-64.979],[-175.003,-65.797],[-172.642,-66.841],[-170.107,-67.509],[-167.47,-68]]]},"properties":{"name":"Erebus","type":"Fracture Zone","label":"Erebus Fracture Zone","cls":1,"feature_id":5001,"geom_src":"line","rep":[-175.0031,-65.797]}},{"type":"Feature","geometry":{"type":"LineString","coordinates":[[39.833,-42],[38.75,-45]]},"properties":{"name":"Eric Simpson","type":"Fracture Zone","label":"Eric Simpson Fracture Zone","cls":1,"feature_id":927,"geom_src":"line","rep":[38.75,-45]}},{"type":"Feature","geometry":{"type":"LineString","coordinates":[[-40,-49.333],[-35.75,-49]]},"properties":{"name":"Falkland","type":"Fracture Zone","label":"Falkland Fracture Zone","cls":1,"feature_id":965,"geom_src":"line","rep":[-35.75,-49]}},{"type":"Feature","geometry":{"type":"LineString","coordinates":[[-31,49.5],[-24,49.5]]},"properties":{"name":"Faraday","type":"Fracture Zone","label":"Faraday Fracture Zone","cls":1,"feature_id":972,"geom_src":"line","rep":[-24,49.5]}},{"type":"Feature","geometry":{"type":"LineString","coordinates":[[-28.429,-4.391],[-27.499,-4.28],[-27.042,-4.233],[-26.301,-4.106],[-25.67,-4.001],[-24.663,-3.964],[-23.481,-3.922],[-22.172,-3.953],[-21.1,-3.91],[-19.804,-3.893],[-18.965,-3.863],[-17.996,-3.82],[-17.504,-3.791],[-17.07,-3.689],[-16.361,-3.558],[-15.826,-3.471],[-15.19,-3.297],[-14.553,-3.151],[-14.062,-3.093],[-13.714,-2.991],[-13.469,-2.86],[-13.15,-2.773]]},"properties":{"name":"Fernando de Noronha","type":"Fracture Zone","label":"Fernando de Noronha Fracture Zone","cls":1,"feature_id":889190,"geom_src":"line","rep":[-17.9959,-3.8199]}},{"type":"Feature","geometry":{"type":"LineString","coordinates":[[-47.5,15.5],[-36.5,14]]},"properties":{"name":"Fifteen-Twenty","type":"Fracture Zone","label":"Fifteen-Twenty Fracture Zone","cls":1,"feature_id":999,"geom_src":"line","rep":[-36.5,14]}},{"type":"Feature","geometry":{"type":"LineString","coordinates":[[64.75,-21.883],[69.333,-19]]},"properties":{"name":"Flinders","type":"Fracture Zone","label":"Flinders Fracture Zone","cls":1,"feature_id":1018,"geom_src":"line","rep":[69.3333,-19]}},{"type":"Feature","geometry":{"type":"LineString","coordinates":[[-24.183,36.783],[-23.5,36.883],[-22.717,36.933]]},"properties":{"name":"GLORIA","type":"Fracture Zone","label":"GLORIA Fracture Zone","cls":1,"feature_id":1149,"geom_src":"line","rep":[-23.5,36.8833]}},{"type":"Feature","geometry":{"type":"LineString","coordinates":[[-108.5,-4],[-102.5,-5]]},"properties":{"name":"GOFAR","type":"Fracture Zone","label":"GOFAR Fracture Zone","cls":1,"feature_id":1155,"geom_src":"line","rep":[-102.5,-5]}},{"type":"Feature","geometry":{"type":"LineString","coordinates":[[-151.768,-5.914],[-136.128,-2.296]]},"properties":{"name":"Galapagos","type":"Fracture Zone","label":"Galapagos Fracture Zone","cls":1,"feature_id":1075,"geom_src":"line","rep":[-136.1284,-2.2962]}},{"type":"Feature","geometry":{"type":"LineString","coordinates":[[51.5,-41.5],[52.75,-32]]},"properties":{"name":"Gallieni","type":"Fracture Zone","label":"Gallieni Fracture Zone","cls":1,"feature_id":1084,"geom_src":"line","rep":[52.75,-32]}},{"type":"Feature","geometry":{"type":"LineString","coordinates":[[-115.5,-12.5],[-110,-14]]},"properties":{"name":"Garrett","type":"Fracture Zone","label":"Garrett Fracture Zone","cls":1,"feature_id":1099,"geom_src":"line","rep":[-110,-14]}},{"type":"Feature","geometry":{"type":"LineString","coordinates":[[52.25,-40],[53.609,-37.948],[54,-36],[54.36,-33.224],[55,-31]]},"properties":{"name":"Gauss","type":"Fracture Zone","label":"Gauss Fracture Zone","cls":1,"feature_id":1105,"geom_src":"line","rep":[54,-36]}},{"type":"Feature","geometry":{"type":"LineString","coordinates":[[52.75,-39],[53.222,-37.312],[53.583,-35],[54,-32]]},"properties":{"name":"Gazelle","type":"Fracture Zone","label":"Gazelle Fracture Zone","cls":1,"feature_id":1108,"geom_src":"line","rep":[53.5833,-35]}},{"type":"Feature","geometry":{"type":"LineString","coordinates":[[89,-37],[84.667,-42],[82,-44]]},"properties":{"name":"Geelvinck","type":"Fracture Zone","label":"Geelvinck Fracture Zone","cls":1,"feature_id":1111,"geom_src":"line","rep":[84.6667,-42]}},{"type":"Feature","geometry":{"type":"LineString","coordinates":[[-23.5,-40.667],[-11,-40.5]]},"properties":{"name":"Gough","type":"Fracture Zone","label":"Gough Fracture Zone","cls":1,"feature_id":1177,"geom_src":"line","rep":[-11,-40.5]}},{"type":"Feature","geometry":{"type":"LineString","coordinates":[[-78.583,-44.5],[-86.817,-45.333],[-93.683,-45.683]]},"properties":{"name":"Guafo","type":"Fracture Zone","label":"Guafo Fracture Zone","cls":1,"feature_id":3464,"geom_src":"line","rep":[-86.8167,-45.3333]}},{"type":"Feature","geometry":{"type":"LineString","coordinates":[[-41.5,34.5],[-35,33]]},"properties":{"name":"Hayes","type":"Fracture Zone","label":"Hayes Fracture Zone","cls":1,"feature_id":1277,"geom_src":"line","rep":[-35,33]}},{"type":"Feature","geometry":{"type":"LineString","coordinates":[[116.545,-49.287],[115.522,-50.047]]},"properties":{"name":"Heemskerck","type":"Fracture Zone","label":"Heemskerck Fracture Zone","cls":1,"feature_id":1290,"geom_src":"line","rep":[115.5217,-50.0467]}},{"type":"Feature","geometry":{"type":"LineString","coordinates":[[-140,-51.417],[-136.567,-52.783],[-118.183,-56.417],[-110,-57.75]]},"properties":{"name":"Heezen","type":"Fracture Zone","label":"Heezen Fracture Zone","cls":1,"feature_id":1291,"geom_src":"line","rep":[-118.1833,-56.4167]}},{"type":"Feature","geometry":{"type":"LineString","coordinates":[[-179,-58],[-172.812,-60.579],[-164.25,-63.333],[-158.75,-64.9],[-154.367,-65.783],[-150.667,-67.167],[-146,-69]]},"properties":{"name":"Heirtzler","type":"Fracture Zone","label":"Heirtzler Fracture Zone","cls":1,"feature_id":1292,"geom_src":"line","rep":[-158.75,-64.9]}},{"type":"Feature","geometry":{"type":"LineString","coordinates":[[-64.067,-62.733],[-66,-61.5],[-71.883,-58.96]]},"properties":{"name":"Hero","type":"Fracture Zone","label":"Hero Fracture Zone","cls":1,"feature_id":1305,"geom_src":"line","rep":[-66,-61.5]}},{"type":"Feature","geometry":{"type":"LineString","coordinates":[[-18.5,-19],[-5,-17]]},"properties":{"name":"Hotspur","type":"Fracture Zone","label":"Hotspur Fracture Zone","cls":1,"feature_id":1362,"geom_src":"line","rep":[-5,-17]}},{"type":"Feature","geometry":{"type":"LineString","coordinates":[[45.5,-42.5],[47,-35]]},"properties":{"name":"Indomed","type":"Fracture Zone","label":"Indomed Fracture Zone","cls":1,"feature_id":1406,"geom_src":"line","rep":[47,-35]}},{"type":"Feature","geometry":{"type":"LineString","coordinates":[[139.563,18.712],[139.367,18.075],[139.077,17.557],[138.558,16.797],[138.402,16.513]]},"properties":{"name":"Inuwashi","type":"Fracture Zone","label":"Inuwashi Fracture Zone","cls":1,"feature_id":6129,"geom_src":"line","rep":[139.0767,17.5567]}},{"type":"Feature","geometry":{"type":"LineString","coordinates":[[5,-55],[7,-53.567]]},"properties":{"name":"Islas Orcadas","type":"Fracture Zone","label":"Islas Orcadas Fracture Zone","cls":1,"feature_id":1435,"geom_src":"line","rep":[7,-53.5667]}},{"type":"Feature","geometry":{"type":"LineString","coordinates":[[-11.5,71.667],[-9.782,71.496],[-8.304,71.311],[-6.794,71.011],[-5.237,70.67],[-3.933,70.354],[-2.265,70.024],[-0.5,69.5]]},"properties":{"name":"Jan Mayen","type":"Fracture Zone","label":"Jan Mayen Fracture Zone","cls":1,"feature_id":1458,"geom_src":"line","rep":[-5.2373,70.6698]}},{"type":"Feature","geometry":{"type":"LineString","coordinates":[[-50,24.5],[-40,22.667]]},"properties":{"name":"Kane","type":"Fracture Zone","label":"Kane Fracture Zone","cls":1,"feature_id":1525,"geom_src":"line","rep":[-40,22.6667]}},{"type":"Feature","geometry":{"type":"LineString","coordinates":[[140.05,16.852],[139.94,16.2]]},"properties":{"name":"Kokugan","type":"Fracture Zone","label":"Kokugan Fracture Zone","cls":1,"feature_id":6132,"geom_src":"line","rep":[139.94,16.2]}},{"type":"Feature","geometry":{"type":"LineString","coordinates":[[139.839,19.721],[139.565,19.311],[139.345,18.591],[139.048,17.99],[138.709,17.538]]},"properties":{"name":"Konotori","type":"Fracture Zone","label":"Konotori Fracture Zone","cls":1,"feature_id":6471,"geom_src":"line","rep":[139.3451,18.5908]}},{"type":"Feature","geometry":{"type":"LineString","coordinates":[[-29.9,-61.6],[-28.12,-61.913]]},"properties":{"name":"Kosminskaya","type":"Fracture Zone","label":"Kosminskaya Fracture Zone","cls":1,"feature_id":1649,"geom_src":"line","rep":[-28.12,-61.9133]}},{"type":"Feature","geometry":{"type":"LineString","coordinates":[[-30.45,40.867],[-29.617,40.517],[-29.3,40.6],[-28.533,40.717]]},"properties":{"name":"Kurchatov","type":"Fracture Zone","label":"Kurchatov Fracture Zone","cls":1,"feature_id":1663,"geom_src":"line","rep":[-29.3,40.6]}},{"type":"Feature","geometry":{"type":"LineString","coordinates":[[-170.072,-52.236],[-167.959,-53.467],[-165.984,-54.791],[-164.219,-55.604],[-161.339,-56.742],[-158.018,-57.624],[-155.207,-58.275],[-153.279,-58.786],[-150.98,-59.599],[-148.332,-60.481],[-146.311,-61.016],[-143.338,-61.527],[-141.085,-61.945],[-138.948,-62.409],[-136.556,-63.036],[-135.464,-63.361]]},"properties":{"name":"L'Astronome","type":"Fracture Zone","label":"L'Astronome Fracture Zone","cls":1,"feature_id":3473,"geom_src":"line","rep":[-150.98,-59.5988]}},{"type":"Feature","geometry":{"type":"LineString","coordinates":[[-40.726,-1.872],[-40.423,-1.895],[-40.108,-1.907],[-39.875,-1.919],[-39.49,-1.919],[-39.257,-1.93],[-38.744,-1.907],[-38.511,-1.919],[-38.103,-1.966],[-37.742,-1.989],[-37.392,-1.989],[-36.786,-1.966],[-36.028,-1.907],[-35.748,-1.86],[-35.457,-1.801],[-35.06,-1.719],[-34.722,-1.637],[-34.384,-1.555],[-33.918,-1.438],[-33.603,-1.403],[-33.218,-1.332],[-32.857,-1.285],[-32.67,-1.238],[-32.204,-1.215],[-31.986,-1.202],[-31.409,-1.191],[-30.771,-1.148],[-29.784,-1.131],[-28.791,-1.067],[-27.652,-1.095],[-26.128,-1.144],[-24.812,-1.134],[-23.699,-1.069],[-22.338,-0.833],[-20.891,-0.635],[-19.964,-0.353],[-19.962,-0.37],[-19.17,-0.232],[-18.388,-0.045],[-17.284,0.211],[-16.15,0.467],[-15.583,0.575],[-15.075,0.614],[-14.713,0.683],[-14.351,0.722],[-13.921,0.841],[-13.53,0.9],[-12.983,0.909],[-12.426,0.909],[-11.898,0.998],[-11.077,1.126],[-10.54,1.244],[-9.709,1.411],[-8.761,1.637],[-8.236,1.765],[-7.211,2.027],[-7.203,2.039],[-6.863,2.128],[-6.309,2.254],[-5.666,2.406],[-5.024,2.584],[-4.444,2.761],[-3.928,2.926],[-3.361,3.103],[-2.895,3.293],[-2.391,3.559],[-2.013,3.799],[-1.572,4.027],[-0.879,4.293],[-0.463,4.47],[-0.123,4.672],[0.318,4.963],[0.532,5.19]]},"properties":{"name":"La Romanche","type":"Fracture Zone","label":"La Romanche Fracture Zone","cls":1,"feature_id":1697,"geom_src":"line","rep":[-19.9616,-0.3698]}},{"type":"Feature","geometry":{"type":"LineString","coordinates":[[-167.293,-61.107],[-165.911,-61.462],[-164.859,-61.716],[-163.046,-62.122],[-162.083,-62.413],[-161.563,-62.591],[-160.207,-63.098],[-158.774,-63.491],[-156.873,-64.099],[-155.516,-64.442],[-155.503,-64.442]]},"properties":{"name":"La Rose","type":"Fracture Zone","label":"La Rose Fracture Zone","cls":1,"feature_id":6092,"geom_src":"line","rep":[-161.563,-62.5906]}},{"type":"Feature","geometry":{"type":"Point","coordinates":[-170,-25]},"properties":{"name":"Lapérouse","type":"Fracture Zone","label":"Lapérouse Fracture Zone","cls":1,"feature_id":1718,"geom_src":"point","rep":[-170,-25]}},{"type":"Feature","geometry":{"type":"LineString","coordinates":[[-156.044,-55.262],[-154.229,-55.684],[-150.998,-56.486],[-149.478,-56.951],[-147.725,-57.584],[-146.015,-58.133],[-143.629,-58.767],[-140.863,-59.252],[-137.653,-59.907],[-136.048,-60.287]]},"properties":{"name":"Le Géographe","type":"Fracture Zone","label":"Le Géographe Fracture Zone","cls":1,"feature_id":3475,"geom_src":"line","rep":[-146.015,-58.1334]}},{"type":"Feature","geometry":{"type":"LineString","coordinates":[[-144.892,-64.517],[-147.453,-63.858],[-149.938,-63.269],[-154.596,-61.911],[-156.887,-61.178],[-159.005,-60.552],[-161.534,-59.961],[-162.847,-59.665]]},"properties":{"name":"Le Petit Prince","type":"Fracture Zone","label":"Le Petit Prince Fracture Zone","cls":1,"feature_id":3476,"geom_src":"line","rep":[-156.887,-61.1784]}},{"type":"Feature","geometry":{"type":"LineString","coordinates":[[-169.524,-59.548],[-168.067,-59.967],[-166.862,-60.309],[-164.961,-60.765],[-163.477,-61.095],[-161.867,-61.538],[-160.891,-61.779],[-159.56,-62.261],[-158.419,-62.717],[-157.075,-63.136],[-154.679,-63.833],[-152.22,-64.543],[-149.12,-65.164],[-148.144,-65.392]]},"properties":{"name":"Le Renard","type":"Fracture Zone","label":"Le Renard Fracture Zone","cls":1,"feature_id":3477,"geom_src":"line","rep":[-159.56,-62.261]}},{"type":"Feature","geometry":{"type":"LineString","coordinates":[[70,-1],[68,-2.5],[67.5,-3]]},"properties":{"name":"Mabahiss","type":"Fracture Zone","label":"Mabahiss Fracture Zone","cls":1,"feature_id":1805,"geom_src":"line","rep":[68,-2.5]}},{"type":"Feature","geometry":{"type":"Point","coordinates":[-143.75,-12.8]},"properties":{"name":"Mahi Mahi","type":"Fracture Zone","label":"Mahi Mahi Fracture Zone","cls":1,"feature_id":1826,"geom_src":"point","rep":[-143.75,-12.8]}},{"type":"Feature","geometry":{"type":"Point","coordinates":[15.0833,-52.25]},"properties":{"name":"Mandela","type":"Fracture Zone","label":"Mandela Fracture Zone","cls":1,"feature_id":1850,"geom_src":"point","rep":[15.0833,-52.25]}},{"type":"Feature","geometry":{"type":"LineString","coordinates":[[-134,-10],[-121,-8.25]]},"properties":{"name":"Marquesas","type":"Fracture Zone","label":"Marquesas Fracture Zone","cls":1,"feature_id":1886,"geom_src":"line","rep":[-121,-8.25]}},{"type":"Feature","geometry":{"type":"LineString","coordinates":[[-18,-19],[-5.5,-18]]},"properties":{"name":"Martin Vaz","type":"Fracture Zone","label":"Martin Vaz Fracture Zone","cls":1,"feature_id":1894,"geom_src":"line","rep":[-5.5,-18]}},{"type":"Feature","geometry":{"type":"LineString","coordinates":[[63,-18.75],[66,-17.5],[68.5,-15.583]]},"properties":{"name":"Mary Celeste","type":"Fracture Zone","label":"Mary Celeste Fracture Zone","cls":1,"feature_id":1874,"geom_src":"line","rep":[66,-17.5]}},{"type":"Feature","geometry":{"type":"Point","coordinates":[-27,47.6667]},"properties":{"name":"Maxwell","type":"Fracture Zone","label":"Maxwell Fracture Zone","cls":1,"feature_id":1916,"geom_src":"point","rep":[-27,47.6667]}},{"type":"Feature","geometry":{"type":"LineString","coordinates":[[61.333,-26],[60,-34]]},"properties":{"name":"Melville","type":"Fracture Zone","label":"Melville Fracture Zone","cls":1,"feature_id":1952,"geom_src":"line","rep":[60,-34]}},{"type":"Feature","geometry":{"type":"LineString","coordinates":[[-124,-47.75],[-112.333,-50],[-104,-51]]},"properties":{"name":"Menard","type":"Fracture Zone","label":"Menard Fracture Zone","cls":1,"feature_id":1957,"geom_src":"line","rep":[-112.3333,-50]}},{"type":"Feature","geometry":{"type":"LineString","coordinates":[[-99,-17.25],[-82,-11]]},"properties":{"name":"Mendaña","type":"Fracture Zone","label":"Mendaña Fracture Zone","cls":1,"feature_id":1960,"geom_src":"line","rep":[-82,-11]}},{"type":"Feature","geometry":{"type":"LineString","coordinates":[[-168,36],[-163.999,37.113],[-159.717,37.861],[-155.375,38.371],[-150.916,38.785],[-147.696,38.987],[-143.184,39.269],[-140.13,39.46],[-137.313,39.635],[-126,40.333]]},"properties":{"name":"Mendocino","type":"Fracture Zone","label":"Mendocino Fracture Zone","cls":1,"feature_id":1966,"geom_src":"line","rep":[-147.6962,38.9871]}},{"type":"Feature","geometry":{"type":"LineString","coordinates":[[-75.383,-38.6],[-77,-39.067],[-78.933,-39.567]]},"properties":{"name":"Mocha","type":"Fracture Zone","label":"Mocha Fracture Zone","cls":1,"feature_id":2032,"geom_src":"line","rep":[-77,-39.0667]}},{"type":"Feature","geometry":{"type":"LineString","coordinates":[[0,79.333],[7.5,78.5]]},"properties":{"name":"Molloy","type":"Fracture Zone","label":"Molloy Fracture Zone","cls":1,"feature_id":2040,"geom_src":"line","rep":[7.5,78.5]}},{"type":"Feature","geometry":{"type":"LineString","coordinates":[[-153.5,22],[-127,25.667]]},"properties":{"name":"Molokai","type":"Fracture Zone","label":"Molokai Fracture Zone","cls":1,"feature_id":2044,"geom_src":"line","rep":[-127,25.6667]}},{"type":"Feature","geometry":{"type":"Point","coordinates":[4.9167,-54.25]},"properties":{"name":"Moshesh","type":"Fracture Zone","label":"Moshesh Fracture Zone","cls":1,"feature_id":2082,"geom_src":"point","rep":[4.9167,-54.25]}},{"type":"Feature","geometry":{"type":"LineString","coordinates":[[-155,29],[-130,33.417]]},"properties":{"name":"Murray","type":"Fracture Zone","label":"Murray Fracture Zone","cls":1,"feature_id":2108,"geom_src":"line","rep":[-130,33.4167]}},{"type":"Feature","geometry":{"type":"LineString","coordinates":[[105.5,-31.5],[110,-35.5]]},"properties":{"name":"Naturaliste","type":"Fracture Zone","label":"Naturaliste Fracture Zone","cls":1,"feature_id":2141,"geom_src":"line","rep":[110,-35.5]}},{"type":"Feature","geometry":{"type":"LineString","coordinates":[[80,-35.667],[77.833,-37],[73.5,-41]]},"properties":{"name":"Nieuw Amsterdam","type":"Fracture Zone","label":"Nieuw Amsterdam Fracture Zone","cls":1,"feature_id":2180,"geom_src":"line","rep":[77.8333,-37]}},{"type":"Feature","geometry":{"type":"LineString","coordinates":[[58.833,-28],[58.333,-32],[57.9,-36]]},"properties":{"name":"Novara","type":"Fracture Zone","label":"Novara Fracture Zone","cls":1,"feature_id":2252,"geom_src":"line","rep":[58.3333,-32]}},{"type":"Feature","geometry":{"type":"LineString","coordinates":[[-109.5,14.5],[-104,12.75],[-98.5,15.5]]},"properties":{"name":"O'Gorman","type":"Fracture Zone","label":"O'Gorman Fracture Zone","cls":1,"feature_id":2265,"geom_src":"line","rep":[-104,12.75]}},{"type":"Feature","geometry":{"type":"LineString","coordinates":[[-40,36],[-32,34.333]]},"properties":{"name":"Oceanographer","type":"Fracture Zone","label":"Oceanographer Fracture Zone","cls":1,"feature_id":2275,"geom_src":"line","rep":[-32,34.3333]}},{"type":"Feature","geometry":{"type":"LineString","coordinates":[[140.113,18.953],[139.54,17.997],[139.147,17.11],[138.873,16.553],[138.152,15.722]]},"properties":{"name":"Ojirowashi","type":"Fracture Zone","label":"Ojirowashi Fracture Zone","cls":1,"feature_id":6130,"geom_src":"line","rep":[139.1467,17.11]}},{"type":"Feature","geometry":{"type":"Point","coordinates":[-104.5,15.5]},"properties":{"name":"Orozco","type":"Fracture Zone","label":"Orozco Fracture Zone","cls":1,"feature_id":2317,"geom_src":"point","rep":[-104.5,15.5]}},{"type":"Feature","geometry":{"type":"Point","coordinates":[162.75,25]},"properties":{"name":"Ortelius","type":"Fracture Zone","label":"Ortelius Fracture Zone","cls":1,"feature_id":2320,"geom_src":"point","rep":[162.75,25]}},{"type":"Feature","geometry":{"type":"LineString","coordinates":[[-57,-56.167],[-53.25,-56.833]]},"properties":{"name":"Ouest","type":"Fracture Zone","label":"Ouest Fracture Zone","cls":1,"feature_id":2334,"geom_src":"line","rep":[-53.25,-56.8333]}},{"type":"Feature","geometry":{"type":"LineString","coordinates":[[140.05,18.162],[139.61,17.62],[139.375,17.102],[139.282,16.883],[139.172,16.6],[139.045,16.223],[138.598,15.493],[138.393,15.235]]},"properties":{"name":"Owashi","type":"Fracture Zone","label":"Owashi Fracture Zone","cls":1,"feature_id":6131,"geom_src":"line","rep":[139.1717,16.6]}},{"type":"Feature","geometry":{"type":"LineString","coordinates":[[52,3.333],[56.833,10],[60.75,19.667]]},"properties":{"name":"Owen","type":"Fracture Zone","label":"Owen Fracture Zone","cls":1,"feature_id":2336,"geom_src":"line","rep":[56.8333,10]}},{"type":"Feature","geometry":{"type":"Point","coordinates":[-82.6667,5.5]},"properties":{"name":"Panama","type":"Fracture Zone","label":"Panama Fracture Zone","cls":1,"feature_id":2351,"geom_src":"point","rep":[-82.6667,5.5]}},{"type":"Feature","geometry":{"type":"LineString","coordinates":[[-31.083,41],[-31.15,41.667]]},"properties":{"name":"Petrov","type":"Fracture Zone","label":"Petrov Fracture Zone","cls":1,"feature_id":2426,"geom_src":"line","rep":[-31.15,41.6667]}},{"type":"Feature","geometry":{"type":"LineString","coordinates":[[-40,39],[-32,37.5]]},"properties":{"name":"Pico","type":"Fracture Zone","label":"Pico Fracture Zone","cls":1,"feature_id":2435,"geom_src":"line","rep":[-32,37.5]}},{"type":"Feature","geometry":{"type":"LineString","coordinates":[[-151,36.5],[-147.631,37.019],[-144.052,37.721],[-140.884,38.232],[-137.836,38.331],[-134.202,38.449],[-130.681,38.564],[-127.5,38.667]]},"properties":{"name":"Pioneer","type":"Fracture Zone","label":"Pioneer Fracture Zone","cls":1,"feature_id":2446,"geom_src":"line","rep":[-137.8361,38.3312]}},{"type":"Feature","geometry":{"type":"MultiLineString","coordinates":[[[-179.999,-61.434],[-176.149,-62.654],[-174.441,-63.094],[-173.204,-63.485],[-171.511,-64.162],[-170.46,-64.752],[-168.756,-65.448],[-166.483,-66.113],[-164.457,-66.562],[-161.693,-67.1],[-160.759,-67.392],[-158.896,-68.072],[-157.704,-68.466],[-156.946,-68.909],[-156.082,-69.643]],[[175.092,-62.543],[176.585,-63.019],[178.479,-63.565],[-178.772,-64.247],[-176.74,-64.979],[-175.003,-65.797],[-172.642,-66.841],[-170.107,-67.509],[-167.47,-68]]]},"properties":{"name":"Pitman","type":"Fracture Zone","label":"Pitman Fracture Zone","cls":1,"feature_id":2451,"geom_src":"line","rep":[-166.4834,-66.1128]}},{"type":"Feature","geometry":{"type":"LineString","coordinates":[[34.5,-47.5],[36.5,-42]]},"properties":{"name":"Prince Edward","type":"Fracture Zone","label":"Prince Edward Fracture Zone","cls":1,"feature_id":2499,"geom_src":"line","rep":[36.5,-42]}},{"type":"Feature","geometry":{"type":"LineString","coordinates":[[-39.541,7.497],[-39.193,7.494],[-38.744,7.482],[-38.305,7.485],[-37.782,7.473],[-37.393,7.476],[-36.899,7.479],[-36.293,7.491],[-35.94,7.509],[-35.461,7.527],[-34.915,7.542],[-34.558,7.556],[-34.175,7.577],[-33.917,7.586],[-33.626,7.568],[-33.328,7.562],[-33.188,7.559]]},"properties":{"name":"Pushcharovsky","type":"Fracture Zone","label":"Pushcharovsky Fracture Zone","cls":1,"feature_id":889386,"geom_src":"line","rep":[-35.9397,7.5092]}},{"type":"Feature","geometry":{"type":"LineString","coordinates":[[-107,-3.5],[-101,-4]]},"properties":{"name":"Quebrada","type":"Fracture Zone","label":"Quebrada Fracture Zone","cls":1,"feature_id":2531,"geom_src":"line","rep":[-101,-4]}},{"type":"Feature","geometry":{"type":"LineString","coordinates":[[-100,-22.5],[-92,-22]]},"properties":{"name":"Queirós","type":"Fracture Zone","label":"Queirós Fracture Zone","cls":1,"feature_id":2535,"geom_src":"line","rep":[-92,-22]}},{"type":"Feature","geometry":{"type":"LineString","coordinates":[[140.333,22.15],[139.933,21.567],[139.783,21.2],[139.483,20.5],[139.183,20.017],[138.433,19.317]]},"properties":{"name":"Raicho","type":"Fracture Zone","label":"Raicho Fracture Zone","cls":1,"feature_id":6074,"geom_src":"line","rep":[139.483,20.5]}},{"type":"Feature","geometry":{"type":"LineString","coordinates":[[-127,-31],[-135,-32]]},"properties":{"name":"Resolution","type":"Fracture Zone","label":"Resolution Fracture Zone","cls":1,"feature_id":2578,"geom_src":"line","rep":[-135,-32]}},{"type":"Feature","geometry":{"type":"LineString","coordinates":[[-22,-29.5],[-4,-27.5]]},"properties":{"name":"Rio Grande","type":"Fracture Zone","label":"Rio Grande Fracture Zone","cls":1,"feature_id":2598,"geom_src":"line","rep":[-4,-27.5]}},{"type":"Feature","geometry":{"type":"Point","coordinates":[-108.3333,19.1667]},"properties":{"name":"Rivera","type":"Fracture Zone","label":"Rivera Fracture Zone","cls":1,"feature_id":2603,"geom_src":"point","rep":[-108.3333,19.1667]}},{"type":"Feature","geometry":{"type":"LineString","coordinates":[[-44.574,1.224],[-44.412,1.205],[-43.013,1.081],[-41.889,1.062],[-41.194,1.042],[-40.499,1.052],[-39.89,1.052],[-39.879,1.04],[-39.598,1.016],[-39.24,1.016],[-38.842,1.024],[-38.561,1.016],[-38.39,1.024],[-38.386,1.022],[-37.012,0.958],[-35.608,0.858],[-34.353,0.794],[-32.284,0.669],[-31.521,0.645],[-31.222,0.626],[-30.82,0.648],[-30.35,0.647],[-29.772,0.674],[-29.481,0.69],[-29.167,0.689],[-28.712,0.71],[-28.229,0.754],[-27.697,0.82],[-27.38,0.859],[-27.177,0.903],[-26.707,0.935],[-26.132,0.983],[-24.672,1.16],[-24.098,1.222],[-23.603,1.28],[-23.591,1.283],[-23.177,1.33],[-22.702,1.354],[-22.335,1.385],[-22.008,1.432],[-21.602,1.471],[-21.33,1.495],[-20.698,1.542],[-20.23,1.589],[-19.778,1.66],[-19.411,1.73],[-18.905,1.817],[-18.242,1.958],[-17.821,2.021],[-17.54,2.06],[-17.093,2.161],[-17.081,2.173],[-16.834,2.221],[-16.558,2.278],[-16.11,2.355],[-15.634,2.431],[-15.178,2.537],[-14.825,2.632],[-14.616,2.69],[-14.425,2.738],[-14.448,2.74],[-13.921,2.865],[-13.27,2.989],[-12.495,3.208],[-11.859,3.379],[-11.363,3.55],[-10.79,3.69],[-10.309,3.846],[-10.092,3.924],[-9.797,4.033]]},"properties":{"name":"Saint Paul","type":"Fracture Zone","label":"Saint Paul Fracture Zone","cls":1,"feature_id":2674,"geom_src":"line","rep":[-23.5907,1.283]}},{"type":"Feature","geometry":{"type":"LineString","coordinates":[[-149.177,-64.025],[-151.364,-63.478],[-153.429,-62.972],[-155.44,-62.286],[-156.799,-61.814],[-158.213,-61.352],[-161.502,-60.312],[-162.444,-60.057]]},"properties":{"name":"Saint-Exupéry","type":"Fracture Zone","label":"Saint-Exupéry Fracture Zone","cls":1,"feature_id":3484,"geom_src":"line","rep":[-156.799,-61.8144]}},{"type":"Feature","geometry":{"type":"LineString","coordinates":[[69.5,-2.5],[68.583,-3.667],[65,-7]]},"properties":{"name":"Sealark","type":"Fracture Zone","label":"Sealark Fracture Zone","cls":1,"feature_id":2778,"geom_src":"line","rep":[68.5833,-3.6667]}},{"type":"Feature","geometry":{"type":"LineString","coordinates":[[-61,-59],[-56.5,-60.667]]},"properties":{"name":"Shackleton","type":"Fracture Zone","label":"Shackleton Fracture Zone","cls":1,"feature_id":2811,"geom_src":"line","rep":[-56.5,-60.6667]}},{"type":"Feature","geometry":{"type":"Point","coordinates":[9,-53.5]},"properties":{"name":"Shaka","type":"Fracture Zone","label":"Shaka Fracture Zone","cls":1,"feature_id":2814,"geom_src":"point","rep":[9,-53.5]}},{"type":"Feature","geometry":{"type":"LineString","coordinates":[[-37,6],[-27,7]]},"properties":{"name":"Sierra Leone","type":"Fracture Zone","label":"Sierra Leone Fracture Zone","cls":1,"feature_id":2858,"geom_src":"line","rep":[-27,7]}},{"type":"Feature","geometry":{"type":"LineString","coordinates":[[-105.5,8.5],[-101,9]]},"properties":{"name":"Siqueiros","type":"Fracture Zone","label":"Siqueiros Fracture Zone","cls":1,"feature_id":2871,"geom_src":"line","rep":[-101,9]}},{"type":"Feature","geometry":{"type":"LineString","coordinates":[[-24,-60.75],[-17.5,-60.5]]},"properties":{"name":"South Sandwich","type":"Fracture Zone","label":"South Sandwich Fracture Zone","cls":1,"feature_id":2928,"geom_src":"line","rep":[-17.5,-60.5]}},{"type":"Feature","geometry":{"type":"Point","coordinates":[-17.6667,69]},"properties":{"name":"Spar","type":"Fracture Zone","label":"Spar Fracture Zone","cls":1,"feature_id":2942,"geom_src":"point","rep":[-17.6667,69]}},{"type":"Feature","geometry":{"type":"LineString","coordinates":[[-2.5,80.25],[4.25,79.5]]},"properties":{"name":"Spitsbergen","type":"Fracture Zone","label":"Spitsbergen Fracture Zone","cls":1,"feature_id":2951,"geom_src":"line","rep":[4.25,79.5]}},{"type":"Feature","geometry":{"type":"LineString","coordinates":[[-19,-17.5],[-8,-16]]},"properties":{"name":"St. Helena","type":"Fracture Zone","label":"St. Helena Fracture Zone","cls":1,"feature_id":2961,"geom_src":"line","rep":[-8,-16]}},{"type":"Feature","geometry":{"type":"LineString","coordinates":[[-30,2.667],[-33,2.667]]},"properties":{"name":"St. Peter","type":"Fracture Zone","label":"St. Peter Fracture Zone","cls":1,"feature_id":2965,"geom_src":"line","rep":[-33,2.6667]}},{"type":"Feature","geometry":{"type":"LineString","coordinates":[[-40.806,4.665],[-40.419,4.523],[-40.2,4.458],[-40.019,4.393],[-38.99,4.205],[-38.028,4.085],[-37.331,4.038],[-36.705,3.961],[-35.95,3.882],[-35.246,3.874],[-34.513,3.835],[-33.962,3.848],[-33.372,3.881],[-32.663,3.9],[-32.136,3.922],[-31.498,4.051],[-30.706,4.098],[-29.545,4.155],[-28.195,4.206],[-26.492,4.231],[-25.588,4.247],[-24.6,4.259],[-23.635,4.338],[-23.426,4.355],[-23.182,4.364],[-22.904,4.399],[-22.773,4.425]]},"properties":{"name":"Strakhov","type":"Fracture Zone","label":"Strakhov Fracture Zone","cls":1,"feature_id":2993,"geom_src":"line","rep":[-32.6633,3.9004]}},{"type":"Feature","geometry":{"type":"LineString","coordinates":[[-155,43],[-150,43.5]]},"properties":{"name":"Surveyor","type":"Fracture Zone","label":"Surveyor Fracture Zone","cls":1,"feature_id":3025,"geom_src":"line","rep":[-150,43.5]}},{"type":"Feature","geometry":{"type":"Point","coordinates":[-108,23]},"properties":{"name":"Tamayo","type":"Fracture Zone","label":"Tamayo Fracture Zone","cls":1,"feature_id":3061,"geom_src":"point","rep":[-108,23]}},{"type":"Feature","geometry":{"type":"LineString","coordinates":[[138.583,18.533],[139.333,19.733],[139.55,20.15],[139.75,20.617]]},"properties":{"name":"Tancho","type":"Fracture Zone","label":"Tancho Fracture Zone","cls":1,"feature_id":6075,"geom_src":"line","rep":[139.55,20.15]}},{"type":"Feature","geometry":{"type":"LineString","coordinates":[[-95.333,14.75],[-97.5,12.6],[-98.75,11.5],[-100.5,10.333]]},"properties":{"name":"Tehuantepec","type":"Fracture Zone","label":"Tehuantepec Fracture Zone","cls":1,"feature_id":3086,"geom_src":"line","rep":[-98.75,11.5]}},{"type":"Feature","geometry":{"type":"LineString","coordinates":[[-48.759,-54.656],[-47.397,-54.808],[-46.51,-54.755],[-43.989,-54.557]]},"properties":{"name":"Tehuelche","type":"Fracture Zone","label":"Tehuelche Fracture Zone","cls":1,"feature_id":3087,"geom_src":"line","rep":[-46.51,-54.7554]}},{"type":"Feature","geometry":{"type":"LineString","coordinates":[[78.333,-33.05],[77,-33.833]]},"properties":{"name":"Ter Tholen","type":"Fracture Zone","label":"Ter Tholen Fracture Zone","cls":1,"feature_id":3098,"geom_src":"line","rep":[77,-33.8333]}},{"type":"Feature","geometry":{"type":"MultiLineString","coordinates":[[[-180.0,-65.046],[-179.098,-65.5],[-177.2,-66.289],[-175.594,-66.931],[-173.823,-67.536],[-172.359,-67.991]],[[168.482,-60.742],[170.285,-61.884],[171.54,-62.438],[172.788,-62.712],[174.069,-62.999],[175.439,-63.429],[176.904,-63.848],[178.138,-64.274],[179.459,-64.776],[180.0,-65.046]]]},"properties":{"name":"Terror","type":"Fracture Zone","label":"Terror Fracture Zone","cls":1,"feature_id":3488,"geom_src":"line","rep":[175.4388,-63.4287]}},{"type":"Feature","geometry":{"type":"LineString","coordinates":[[-12,-16],[-19.5,-17.167]]},"properties":{"name":"Tetyaev","type":"Fracture Zone","label":"Tetyaev Fracture Zone","cls":1,"feature_id":3104,"geom_src":"line","rep":[-19.5,-17.1667]}},{"type":"Feature","geometry":{"type":"LineString","coordinates":[[-142,-52],[-115,-57.75]]},"properties":{"name":"Tharp","type":"Fracture Zone","label":"Tharp Fracture Zone","cls":1,"feature_id":3106,"geom_src":"line","rep":[-115,-57.75]}},{"type":"Feature","geometry":{"type":"LineString","coordinates":[[140.083,20.483],[139.817,20.167],[139.583,19.75],[139.233,18.867],[138.767,18.117]]},"properties":{"name":"Toki","type":"Fracture Zone","label":"Toki Fracture Zone","cls":1,"feature_id":6076,"geom_src":"line","rep":[139.583,19.75]}},{"type":"Feature","geometry":{"type":"LineString","coordinates":[[-25,-38],[-13.5,-37.5]]},"properties":{"name":"Tristan da Cunha","type":"Fracture Zone","label":"Tristan da Cunha Fracture Zone","cls":1,"feature_id":3173,"geom_src":"line","rep":[-13.5,-37.5]}},{"type":"Feature","geometry":{"type":"Point","coordinates":[-127,-12.5]},"properties":{"name":"Tuamotu","type":"Fracture Zone","label":"Tuamotu Fracture Zone","cls":1,"feature_id":3184,"geom_src":"point","rep":[-127,-12.5]}},{"type":"Feature","geometry":{"type":"LineString","coordinates":[[-168.823,-44.345],[-165.288,-47.441],[-160.292,-50.279],[-155.168,-52.761],[-148.221,-54.939],[-144.164,-55.983],[-138.032,-57.814],[-132.064,-58.91],[-126.79,-59.909],[-118.419,-62.788],[-114.888,-64.096]]},"properties":{"name":"Udintsev","type":"Fracture Zone","label":"Udintsev Fracture Zone","cls":1,"feature_id":3203,"geom_src":"line","rep":[-144.1641,-55.9831]}},{"type":"Feature","geometry":{"type":"LineString","coordinates":[[-84.417,-41.383],[-87.967,-41.35],[-91.433,-41.65]]},"properties":{"name":"Valdivia","type":"Fracture Zone","label":"Valdivia Fracture Zone","cls":1,"feature_id":3527,"geom_src":"line","rep":[-87.9667,-41.35]}},{"type":"Feature","geometry":{"type":"LineString","coordinates":[[-46,11],[-38.5,10.5]]},"properties":{"name":"Vema","type":"Fracture Zone","label":"Vema Fracture Zone","cls":1,"feature_id":3246,"geom_src":"line","rep":[-38.5,10.5]}},{"type":"Feature","geometry":{"type":"LineString","coordinates":[[-37.367,7.733],[-39.133,7.7]]},"properties":{"name":"Vernadsky","type":"Fracture Zone","label":"Vernadsky Fracture Zone","cls":1,"feature_id":3258,"geom_src":"line","rep":[-39.1333,7.7]}},{"type":"Feature","geometry":{"type":"LineString","coordinates":[[175,8],[176.5,2]]},"properties":{"name":"Victoria","type":"Fracture Zone","label":"Victoria Fracture Zone","cls":1,"feature_id":3266,"geom_src":"line","rep":[176.5,2]}},{"type":"Feature","geometry":{"type":"LineString","coordinates":[[-29.553,-60.758],[-28.95,-60.983]]},"properties":{"name":"Vinogradov","type":"Fracture Zone","label":"Vinogradov Fracture Zone","cls":1,"feature_id":3272,"geom_src":"line","rep":[-28.95,-60.9833]}},{"type":"Feature","geometry":{"type":"LineString","coordinates":[[64.5,-8],[72.25,-2]]},"properties":{"name":"Vityaz","type":"Fracture Zone","label":"Vityaz Fracture Zone","cls":1,"feature_id":3276,"geom_src":"line","rep":[72.25,-2]}},{"type":"Feature","geometry":{"type":"LineString","coordinates":[[80.933,-41.083],[79.867,-41.833]]},"properties":{"name":"Vlamingh","type":"Fracture Zone","label":"Vlamingh Fracture Zone","cls":1,"feature_id":3282,"geom_src":"line","rep":[79.8667,-41.8333]}},{"type":"Feature","geometry":{"type":"Point","coordinates":[-110,-9]},"properties":{"name":"Wilkes","type":"Fracture Zone","label":"Wilkes Fracture Zone","cls":1,"feature_id":3354,"geom_src":"point","rep":[-110,-9]}},{"type":"Feature","geometry":{"type":"LineString","coordinates":[[113.895,-50.403],[114.367,-49.85]]},"properties":{"name":"Zeehaen","type":"Fracture Zone","label":"Zeehaen Fracture Zone","cls":1,"feature_id":3424,"geom_src":"line","rep":[114.3667,-49.85]}},{"type":"Feature","geometry":{"type":"LineString","coordinates":[[80,-34],[78.533,-35.417],[75.7,-37.55]]},"properties":{"name":"Zeewolf","type":"Fracture Zone","label":"Zeewolf Fracture Zone","cls":1,"feature_id":3425,"geom_src":"line","rep":[78.5333,-35.4167]}},{"type":"Feature","geometry":{"type":"LineString","coordinates":[[50,73.867],[59,77.717]]},"properties":{"name":"Admiralteystvo","type":"Rise","label":"Admiralteystvo Rise","cls":1,"feature_id":20,"geom_src":"line","rep":[59,77.7167]}},{"type":"Feature","geometry":{"type":"Point","coordinates":[42.5,-46]},"properties":{"name":"Africana","type":"Rise","label":"Africana Rise","cls":1,"feature_id":25,"geom_src":"point","rep":[42.5,-46]}},{"type":"Feature","geometry":{"type":"Point","coordinates":[150,49.5]},"properties":{"name":"Akademii Nauk","type":"Rise","label":"Akademii Nauk Rise","cls":1,"feature_id":42,"geom_src":"point","rep":[150,49.5]}},{"type":"Feature","geometry":{"type":"Point","coordinates":[127.631,18.0262]},"properties":{"name":"Alcala","type":"Rise","label":"Alcala Rise","cls":1,"feature_id":889900,"geom_src":"polygon","rep":[127.631,18.0262],"axis":[[127.507,18.182],[127.772,17.842]]}},{"type":"Feature","geometry":{"type":"Point","coordinates":[94.6667,12.5]},"properties":{"name":"Alcock","type":"Rise","label":"Alcock Rise","cls":1,"feature_id":64,"geom_src":"point","rep":[94.6667,12.5]}},{"type":"Feature","geometry":{"type":"Point","coordinates":[175,50.25]},"properties":{"name":"Aleutian","type":"Rise","label":"Aleutian Rise","cls":1,"feature_id":67,"geom_src":"point","rep":[175,50.25]}},{"type":"Feature","geometry":{"type":"LineString","coordinates":[[133.167,28.583],[132.292,28.117],[131,28.167]]},"properties":{"name":"Amami","type":"Rise","label":"Amami Rise","cls":1,"feature_id":101,"geom_src":"line","rep":[132.2917,28.1167]}},{"type":"Feature","geometry":{"type":"LineString","coordinates":[[51.333,-8.85],[51.75,-8.8]]},"properties":{"name":"Anton Bruun","type":"Rise","label":"Anton Bruun Rise","cls":1,"feature_id":164,"geom_src":"line","rep":[51.75,-8.8]}},{"type":"Feature","geometry":{"type":"Point","coordinates":[-47.5,-42]},"properties":{"name":"Argentina","type":"Rise","label":"Argentina Rise","cls":1,"feature_id":190,"geom_src":"point","rep":[-47.5,-42]}},{"type":"Feature","geometry":{"type":"Point","coordinates":[47.1667,-8.75]},"properties":{"name":"Asquith","type":"Rise","label":"Asquith Rise","cls":1,"feature_id":219,"geom_src":"point","rep":[47.1667,-8.75]}},{"type":"Feature","geometry":{"type":"Point","coordinates":[-17.5,43.5]},"properties":{"name":"Azores-Biscay","type":"Rise","label":"Azores-Biscay Rise","cls":1,"feature_id":253,"geom_src":"point","rep":[-17.5,43.5]}},{"type":"Feature","geometry":{"type":"Point","coordinates":[139.386,16.2007]},"properties":{"name":"Backbone","type":"Rise","label":"Backbone Rise","cls":1,"feature_id":889416,"geom_src":"polygon","rep":[139.386,16.2007],"axis":[[139.295,15.978],[139.475,16.396]]}},{"type":"Feature","geometry":{"type":"Point","coordinates":[126.8102,13.7346]},"properties":{"name":"Barangaw","type":"Rise","label":"Barangaw Rise","cls":1,"feature_id":890369,"geom_src":"polygon","rep":[126.8102,13.7346],"axis":[[126.795,13.802],[126.844,13.671]]}},{"type":"Feature","geometry":{"type":"Point","coordinates":[100.5,-25.6667]},"properties":{"name":"Batavia","type":"Rise","label":"Batavia Rise","cls":1,"feature_id":289,"geom_src":"point","rep":[100.5,-25.6667]}},{"type":"Feature","geometry":{"type":"Point","coordinates":[-62.5,32.6667]},"properties":{"name":"Bermuda","type":"Rise","label":"Bermuda Rise","cls":1,"feature_id":325,"geom_src":"point","rep":[-62.5,32.6667]}},{"type":"Feature","geometry":{"type":"Point","coordinates":[133.3685,15.0209]},"properties":{"name":"CBF","type":"Rise","label":"CBF Rise","cls":1,"feature_id":3458,"geom_src":"polygon","rep":[133.3685,15.0209],"axis":[[132.457,14.528],[134.487,15.334]]}},{"type":"Feature","geometry":{"type":"Point","coordinates":[17,37]},"properties":{"name":"Calabrian","type":"Rise","label":"Calabrian Rise","cls":1,"feature_id":452,"geom_src":"point","rep":[17,37]}},{"type":"Feature","geometry":{"type":"Point","coordinates":[170,-52.5]},"properties":{"name":"Campbell","type":"Rise","label":"Campbell Rise","cls":1,"feature_id":463,"geom_src":"point","rep":[170,-52.5]}},{"type":"Feature","geometry":{"type":"LineString","coordinates":[[87.667,77.333],[77.167,82.083]]},"properties":{"name":"Central Kara","type":"Rise","label":"Central Kara Rise","cls":1,"feature_id":552,"geom_src":"line","rep":[77.1667,82.0833]}},{"type":"Feature","geometry":{"type":"Point","coordinates":[-179.999,-43.5]},"properties":{"name":"Chatham","type":"Rise","label":"Chatham Rise","cls":1,"feature_id":577,"geom_src":"point","rep":[-179.999,-43.5]}},{"type":"Feature","geometry":{"type":"Point","coordinates":[-90,-40]},"properties":{"name":"Chile","type":"Rise","label":"Chile Rise","cls":1,"feature_id":591,"geom_src":"point","rep":[-90,-40]}},{"type":"Feature","geometry":{"type":"Point","coordinates":[96.5,-13]},"properties":{"name":"Cocos Keeling","type":"Rise","label":"Cocos Keeling Rise","cls":1,"feature_id":633,"geom_src":"point","rep":[96.5,-13]}},{"type":"Feature","geometry":{"type":"Point","coordinates":[41,-53]},"properties":{"name":"Conrad","type":"Rise","label":"Conrad Rise","cls":1,"feature_id":655,"geom_src":"point","rep":[41,-53]}},{"type":"Feature","geometry":{"type":"Point","coordinates":[167.75,51.25]},"properties":{"name":"Detroit","type":"Rise","label":"Detroit Rise","cls":1,"feature_id":777,"geom_src":"point","rep":[167.75,51.25]}},{"type":"Feature","geometry":{"type":"Point","coordinates":[139.5167,16.2069]},"properties":{"name":"East Arm","type":"Rise","label":"East Arm Rise","cls":1,"feature_id":889417,"geom_src":"polygon","rep":[139.5167,16.2069],"axis":[[139.47,16.08],[139.554,16.32]]}},{"type":"Feature","geometry":{"type":"Point","coordinates":[139.398,15.8335]},"properties":{"name":"East Hipbone","type":"Rise","label":"East Hipbone Rise","cls":1,"feature_id":889420,"geom_src":"polygon","rep":[139.398,15.8335],"axis":[[139.393,15.915],[139.418,15.74]]}},{"type":"Feature","geometry":{"type":"LineString","coordinates":[[-108,23],[-105.739,16.573],[-103.592,10.262],[-101.94,3],[-102.751,-2.074],[-105.393,-4.428],[-108.48,-8.23],[-111.338,-12.02],[-113.16,-17.43],[-114.821,-23.06],[-113.92,-26.675],[-111.939,-31.267],[-112.07,-35.36],[-111.638,-38.718],[-111.939,-43.089],[-113.5,-47.453],[-116.382,-49.995],[-118.724,-53.568],[-121.787,-54.732],[-130,-54.5]]},"properties":{"name":"East Pacific","type":"Rise","label":"East Pacific Rise","cls":1,"feature_id":850,"geom_src":"line","rep":[-113.9201,-26.6745]}},{"type":"Feature","geometry":{"type":"Point","coordinates":[-22,51.6667]},"properties":{"name":"East Thulean","type":"Rise","label":"East Thulean Rise","cls":1,"feature_id":855,"geom_src":"point","rep":[-22,51.6667]}},{"type":"Feature","geometry":{"type":"Point","coordinates":[142,3]},"properties":{"name":"Eauripik","type":"Rise","label":"Eauripik Rise","cls":1,"feature_id":859,"geom_src":"point","rep":[142,3]}},{"type":"Feature","geometry":{"type":"LineString","coordinates":[[39.5,-45.25],[47,-45.5]]},"properties":{"name":"Elcano","type":"Rise","label":"Elcano Rise","cls":1,"feature_id":757,"geom_src":"line","rep":[47,-45.5]}},{"type":"Feature","geometry":{"type":"LineString","coordinates":[[-14.917,37.083],[-13.667,37.667]]},"properties":{"name":"Gago Coutinho","type":"Rise","label":"Gago Coutinho Rise","cls":1,"feature_id":1071,"geom_src":"line","rep":[-13.6667,37.6667]}},{"type":"Feature","geometry":{"type":"Point","coordinates":[-96,-13]},"properties":{"name":"Galapagos","type":"Rise","label":"Galapagos Rise","cls":1,"feature_id":1076,"geom_src":"point","rep":[-96,-13]}},{"type":"Feature","geometry":{"type":"Point","coordinates":[-120,-4]},"properties":{"name":"Gallego","type":"Rise","label":"Gallego Rise","cls":1,"feature_id":1083,"geom_src":"point","rep":[-120,-4]}},{"type":"Feature","geometry":{"type":"Point","coordinates":[39.6667,-46.4167]},"properties":{"name":"Gallieni","type":"Rise","label":"Gallieni Rise","cls":1,"feature_id":1085,"geom_src":"point","rep":[39.6667,-46.4167]}},{"type":"Feature","geometry":{"type":"LineString","coordinates":[[166.35,-67.65],[167.5,-67.833]]},"properties":{"name":"Glacier","type":"Rise","label":"Glacier Rise","cls":1,"feature_id":1146,"geom_src":"line","rep":[167.5,-67.8333]}},{"type":"Feature","geometry":{"type":"LineString","coordinates":[[-28.5,67],[-25,66]]},"properties":{"name":"Greenland-Iceland","type":"Rise","label":"Greenland-Iceland Rise","cls":1,"feature_id":1198,"geom_src":"line","rep":[-25,66]}},{"type":"Feature","geometry":{"type":"Point","coordinates":[98.4167,-29]},"properties":{"name":"Gulden Draak","type":"Rise","label":"Gulden Draak Rise","cls":1,"feature_id":1224,"geom_src":"point","rep":[98.4167,-29]}},{"type":"Feature","geometry":{"type":"Point","coordinates":[23.3333,33.6667]},"properties":{"name":"Herodotus","type":"Rise","label":"Herodotus Rise","cls":1,"feature_id":1308,"geom_src":"point","rep":[23.3333,33.6667]}},{"type":"Feature","geometry":{"type":"Point","coordinates":[177,36.5]},"properties":{"name":"Hess","type":"Rise","label":"Hess Rise","cls":1,"feature_id":1312,"geom_src":"point","rep":[177,36.5]}},{"type":"Feature","geometry":{"type":"LineString","coordinates":[[-12.25,64.25],[-8,62.5]]},"properties":{"name":"Iceland-Faeroe","type":"Rise","label":"Iceland-Faeroe Rise","cls":1,"feature_id":1389,"geom_src":"line","rep":[-8,62.5]}},{"type":"Feature","geometry":{"type":"LineString","coordinates":[[150.5,52.25],[148.25,52.167]]},"properties":{"name":"Institut Okeanologii","type":"Rise","label":"Institut Okeanologii Rise","cls":1,"feature_id":1415,"geom_src":"line","rep":[148.25,52.1667]}},{"type":"Feature","geometry":{"type":"Point","coordinates":[140.2882,25.1513]},"properties":{"name":"Ishino","type":"Rise","label":"Ishino Rise","cls":1,"feature_id":889912,"geom_src":"polygon","rep":[140.2882,25.1513],"axis":[[140.131,24.98],[140.466,25.369]]}},{"type":"Feature","geometry":{"type":"Point","coordinates":[-26.3333,-51]},"properties":{"name":"Islas Orcadas","type":"Rise","label":"Islas Orcadas Rise","cls":1,"feature_id":1436,"geom_src":"point","rep":[-26.3333,-51]}},{"type":"Feature","geometry":{"type":"Point","coordinates":[143.5,32]},"properties":{"name":"Izu-Ogasawara","type":"Rise","label":"Izu-Ogasawara Rise","cls":1,"feature_id":1444,"geom_src":"point","rep":[143.5,32],"apple_minzoom":5,"apple_type":"undersea-ridge/ridge","apple_rank":null,"apple_name":"Izu-Ogasawara Rise"}},{"type":"Feature","geometry":{"type":"Point","coordinates":[146,38.5]},"properties":{"name":"Japan","type":"Rise","label":"Japan Rise","cls":1,"feature_id":1462,"geom_src":"point","rep":[146,38.5]}},{"type":"Feature","geometry":{"type":"LineString","coordinates":[[94.6,-2.3],[96.333,-1.5],[97,-0.367]]},"properties":{"name":"Kuenen","type":"Rise","label":"Kuenen Rise","cls":1,"feature_id":1659,"geom_src":"line","rep":[96.3333,-1.5]}},{"type":"Feature","geometry":{"type":"Point","coordinates":[65,-49.8333]},"properties":{"name":"Leclaire","type":"Rise","label":"Leclaire Rise","cls":1,"feature_id":1740,"geom_src":"point","rep":[65,-49.8333]}},{"type":"Feature","geometry":{"type":"LineString","coordinates":[[161.5,-24],[161.733,-25.668],[161.951,-27.433],[162.06,-29.265],[162.351,-31.253],[162.823,-32.985],[163.95,-34.654],[166,-37]]},"properties":{"name":"Lord Howe","type":"Rise","label":"Lord Howe Rise","cls":1,"feature_id":1783,"geom_src":"line","rep":[162.3506,-31.2531]}},{"type":"Feature","geometry":{"type":"Point","coordinates":[-18.5,33]},"properties":{"name":"Madeira","type":"Rise","label":"Madeira Rise","cls":1,"feature_id":1817,"geom_src":"point","rep":[-18.5,33]}},{"type":"Feature","geometry":{"type":"Point","coordinates":[60.9014,-4.5479]},"properties":{"name":"Madingley","type":"Rise","label":"Madingley Rise","cls":1,"feature_id":1818,"geom_src":"polygon","rep":[60.9014,-4.5479],"axis":[[60.263,-3.426],[61.606,-5.784]]}},{"type":"Feature","geometry":{"type":"Point","coordinates":[-177,7]},"properties":{"name":"Magellan","type":"Rise","label":"Magellan Rise","cls":1,"feature_id":1821,"geom_src":"point","rep":[-177,7]}},{"type":"Feature","geometry":{"type":"Point","coordinates":[2.9503,-65.4762]},"properties":{"name":"Maud","type":"Rise","label":"Maud Rise","cls":1,"feature_id":1908,"geom_src":"polygon","rep":[2.9503,-65.4762],"axis":[[2.032,-63.602],[3.311,-67.635]]}},{"type":"Feature","geometry":{"type":"Point","coordinates":[135.5855,18.4774]},"properties":{"name":"Meiosei","type":"Rise","label":"Meiosei Rise","cls":1,"feature_id":888999,"geom_src":"polygon","rep":[135.5855,18.4774],"axis":[[135.434,18.369],[135.718,18.618]]}},{"type":"Feature","geometry":{"type":"LineString","coordinates":[[-176,84],[-178.5,76.5]]},"properties":{"name":"Mendeleev","type":"Rise","label":"Mendeleev Rise","cls":1,"feature_id":1962,"geom_src":"line","rep":[-178.5,76.5]}},{"type":"Feature","geometry":{"type":"Point","coordinates":[-94.3333,-19.5]},"properties":{"name":"Mendoza","type":"Rise","label":"Mendoza Rise","cls":1,"feature_id":1968,"geom_src":"point","rep":[-94.3333,-19.5]}},{"type":"Feature","geometry":{"type":"LineString","coordinates":[[4,-44.75],[8.25,-47.167]]},"properties":{"name":"Meteor","type":"Rise","label":"Meteor Rise","cls":1,"feature_id":1984,"geom_src":"line","rep":[8.25,-47.1667]}},{"type":"Feature","geometry":{"type":"Point","coordinates":[127.1964,15.9524]},"properties":{"name":"Molave","type":"Rise","label":"Molave Rise","cls":1,"feature_id":888909,"geom_src":"polygon","rep":[127.1964,15.9524],"axis":[[126.353,16.002],[128.25,15.809]]}},{"type":"Feature","geometry":{"type":"Point","coordinates":[-80,12]},"properties":{"name":"Mono","type":"Rise","label":"Mono Rise","cls":1,"feature_id":2050,"geom_src":"point","rep":[-80,12]}},{"type":"Feature","geometry":{"type":"Point","coordinates":[102,-12.25]},"properties":{"name":"Monsoon","type":"Rise","label":"Monsoon Rise","cls":1,"feature_id":2052,"geom_src":"point","rep":[102,-12.25]}},{"type":"Feature","geometry":{"type":"Point","coordinates":[36.5,70.5]},"properties":{"name":"Murman","type":"Rise","label":"Murman Rise","cls":1,"feature_id":2102,"geom_src":"point","rep":[36.5,70.5]}},{"type":"Feature","geometry":{"type":"Point","coordinates":[-80.5,16.3333]},"properties":{"name":"Nicaragua","type":"Rise","label":"Nicaragua Rise","cls":1,"feature_id":2173,"geom_src":"point","rep":[-80.5,16.3333]}},{"type":"Feature","geometry":{"type":"Point","coordinates":[-177,12.5]},"properties":{"name":"North Magellan","type":"Rise","label":"North Magellan Rise","cls":1,"feature_id":2228,"geom_src":"point","rep":[-177,12.5]}},{"type":"Feature","geometry":{"type":"Point","coordinates":[139.1755,15.844]},"properties":{"name":"North Tail","type":"Rise","label":"North Tail Rise","cls":1,"feature_id":889419,"geom_src":"polygon","rep":[139.1755,15.844],"axis":[[139.088,15.675],[139.251,15.971]]}},{"type":"Feature","geometry":{"type":"Point","coordinates":[-33.25,-52]},"properties":{"name":"Northeast Georgia","type":"Rise","label":"Northeast Georgia Rise","cls":1,"feature_id":2239,"geom_src":"point","rep":[-33.25,-52]}},{"type":"Feature","geometry":{"type":"Point","coordinates":[-37.25,-52.75]},"properties":{"name":"Northwest Georgia","type":"Rise","label":"Northwest Georgia Rise","cls":1,"feature_id":2242,"geom_src":"point","rep":[-37.25,-52.75]}},{"type":"Feature","geometry":{"type":"LineString","coordinates":[[168,50.5],[164,54]]},"properties":{"name":"Obruchev","type":"Rise","label":"Obruchev Rise","cls":1,"feature_id":2272,"geom_src":"line","rep":[164,54]}},{"type":"Feature","geometry":{"type":"Point","coordinates":[144.4433,25.184]},"properties":{"name":"Ogasawara","type":"Rise","label":"Ogasawara Rise","cls":1,"feature_id":2282,"geom_src":"polygon","rep":[144.4433,25.184],"axis":[[143.712,26.972],[145.423,23.469]]}},{"type":"Feature","geometry":{"type":"Point","coordinates":[129.6571,24.0804]},"properties":{"name":"Oki-Daito","type":"Rise","label":"Oki-Daito Rise","cls":1,"feature_id":2290,"geom_src":"polygon","rep":[129.6571,24.0804],"axis":[[128.774,25.501],[130.697,22.552]]}},{"type":"Feature","geometry":{"type":"Point","coordinates":[173.5235,-40.166]},"properties":{"name":"Onetāhua","type":"Rise","label":"Onetāhua Rise","cls":1,"feature_id":889914,"geom_src":"polygon","rep":[173.5235,-40.166],"axis":[[173.451,-39.695],[173.679,-40.603]]}},{"type":"Feature","geometry":{"type":"Point","coordinates":[-120,-45]},"properties":{"name":"Pacific-Antarctic","type":"Rise","label":"Pacific-Antarctic Rise","cls":1,"feature_id":2339,"geom_src":"point","rep":[-120,-45]}},{"type":"Feature","geometry":{"type":"Point","coordinates":[172.3852,-49.7554]},"properties":{"name":"Pūkākī","type":"Rise","label":"Pūkākī Rise","cls":1,"feature_id":6203,"geom_src":"polygon","rep":[172.3852,-49.7554],"axis":[[170.453,-49.606],[174.942,-49.345]]}},{"type":"Feature","geometry":{"type":"LineString","coordinates":[[95.1,-12.1],[96.182,-13.19],[97.667,-14.417]]},"properties":{"name":"Raitt","type":"Rise","label":"Raitt Rise","cls":1,"feature_id":2547,"geom_src":"line","rep":[96.1817,-13.19]}},{"type":"Feature","geometry":{"type":"Point","coordinates":[49.1667,-6.8333]},"properties":{"name":"Revelle","type":"Rise","label":"Revelle Rise","cls":1,"feature_id":2581,"geom_src":"point","rep":[49.1667,-6.8333]}},{"type":"Feature","geometry":{"type":"Point","coordinates":[-35,-31]},"properties":{"name":"Rio Grande","type":"Rise","label":"Rio Grande Rise","cls":1,"feature_id":2599,"geom_src":"point","rep":[-35,-31]}},{"type":"Feature","geometry":{"type":"Point","coordinates":[-30.3569,-30.0947]},"properties":{"name":"Rio Grande Leste","type":"Rise","label":"Rio Grande Leste Rise","cls":1,"feature_id":6041,"geom_src":"polygon","rep":[-30.3569,-30.0947],"axis":[[-32.866,-27.637],[-27.924,-32.92]]}},{"type":"Feature","geometry":{"type":"Point","coordinates":[-40.5289,-30.1024]},"properties":{"name":"Rio Grande Oeste","type":"Rise","label":"Rio Grande Oeste Rise","cls":1,"feature_id":6040,"geom_src":"polygon","rep":[-40.5289,-30.1024],"axis":[[-41.19,-32.036],[-39.611,-28.122]]}},{"type":"Feature","geometry":{"type":"Point","coordinates":[-90.5,-31.25]},"properties":{"name":"Roggeveen","type":"Rise","label":"Roggeveen Rise","cls":1,"feature_id":2617,"geom_src":"point","rep":[-90.5,-31.25]}},{"type":"Feature","geometry":{"type":"LineString","coordinates":[[108.5,-14.833],[108,-13],[114.667,-12]]},"properties":{"name":"Roo","type":"Rise","label":"Roo Rise","cls":1,"feature_id":2624,"geom_src":"line","rep":[108,-13]}},{"type":"Feature","geometry":{"type":"Point","coordinates":[-81.25,-38]},"properties":{"name":"Selkirk","type":"Rise","label":"Selkirk Rise","cls":1,"feature_id":2788,"geom_src":"point","rep":[-81.25,-38]}},{"type":"Feature","geometry":{"type":"Point","coordinates":[94.75,9.4167]},"properties":{"name":"Sewell","type":"Rise","label":"Sewell Rise","cls":1,"feature_id":2807,"geom_src":"point","rep":[94.75,9.4167]}},{"type":"Feature","geometry":{"type":"LineString","coordinates":[[157.25,30],[158.053,31.707],[158.696,32.901],[159.496,34.155],[160.416,35.269],[161.233,36.14],[162.167,37.175],[162.911,37.931],[163.703,39.61],[164.221,40.851],[165.046,41.893],[165.74,42.744],[166.886,43.304],[168.5,43.5]]},"properties":{"name":"Shatsky","type":"Rise","label":"Shatsky Rise","cls":1,"feature_id":2822,"geom_src":"line","rep":[162.9108,37.9311]}},{"type":"Feature","geometry":{"type":"Point","coordinates":[-21.5,6]},"properties":{"name":"Sierra Leone","type":"Rise","label":"Sierra Leone Rise","cls":1,"feature_id":2859,"geom_src":"point","rep":[-21.5,6]}},{"type":"Feature","geometry":{"type":"Point","coordinates":[18,33.25]},"properties":{"name":"Sirte","type":"Rise","label":"Sirte Rise","cls":1,"feature_id":2876,"geom_src":"point","rep":[18,33.25]}},{"type":"Feature","geometry":{"type":"Point","coordinates":[139.008,15.5242]},"properties":{"name":"South Tail","type":"Rise","label":"South Tail Rise","cls":1,"feature_id":889422,"geom_src":"polygon","rep":[139.008,15.5242],"axis":[[139.012,15.361],[139.096,15.678]]}},{"type":"Feature","geometry":{"type":"LineString","coordinates":[[146,-46],[150,-49]]},"properties":{"name":"South Tasman","type":"Rise","label":"South Tasman Rise","cls":1,"feature_id":2934,"geom_src":"line","rep":[150,-49]}},{"type":"Feature","geometry":{"type":"Point","coordinates":[5.7867,78.24]},"properties":{"name":"Svyatogor","type":"Rise","label":"Svyatogor Rise","cls":1,"feature_id":3034,"geom_src":"point","rep":[5.7867,78.24]}},{"type":"Feature","geometry":{"type":"LineString","coordinates":[[10.667,-47.05],[11.35,-47.75]]},"properties":{"name":"Umvoto","type":"Rise","label":"Umvoto Rise","cls":1,"feature_id":3214,"geom_src":"line","rep":[11.35,-47.75]}},{"type":"Feature","geometry":{"type":"Point","coordinates":[99.5667,-10.6833]},"properties":{"name":"Vening Meinesz","type":"Rise","label":"Vening Meinesz Rise","cls":1,"feature_id":3252,"geom_src":"point","rep":[99.5667,-10.6833]}},{"type":"Feature","geometry":{"type":"Point","coordinates":[139.2337,16.3355]},"properties":{"name":"West Arm","type":"Rise","label":"West Arm Rise","cls":1,"feature_id":889415,"geom_src":"polygon","rep":[139.2337,16.3355],"axis":[[139.195,16.171],[139.286,16.51]]}},{"type":"Feature","geometry":{"type":"LineString","coordinates":[[-86.333,17.717],[-84.083,18.617],[-82.483,19.1]]},"properties":{"name":"West Cayman","type":"Rise","label":"West Cayman Rise","cls":1,"feature_id":3327,"geom_src":"line","rep":[-84.0833,18.6167]}},{"type":"Feature","geometry":{"type":"Point","coordinates":[139.1227,16.0778]},"properties":{"name":"West Hipbone","type":"Rise","label":"West Hipbone Rise","cls":1,"feature_id":889418,"geom_src":"polygon","rep":[139.1227,16.0778],"axis":[[138.997,16.116],[139.246,16.071]]}},{"type":"Feature","geometry":{"type":"LineString","coordinates":[[-41.25,52.25],[-38.833,52]]},"properties":{"name":"West Thulean","type":"Rise","label":"West Thulean Rise","cls":1,"feature_id":3337,"geom_src":"line","rep":[-38.8333,52]}},{"type":"Feature","geometry":{"type":"LineString","coordinates":[[146.667,-3],[149.75,-4.75]]},"properties":{"name":"Willaumez-Manus","type":"Rise","label":"Willaumez-Manus Rise","cls":1,"feature_id":3358,"geom_src":"line","rep":[149.75,-4.75]}},{"type":"Feature","geometry":{"type":"LineString","coordinates":[[133.333,37.5],[135.5,40.333]]},"properties":{"name":"Yamato","type":"Rise","label":"Yamato Rise","cls":1,"feature_id":3388,"geom_src":"line","rep":[135.5,40.3333]}},{"type":"Feature","geometry":{"type":"LineString","coordinates":[[148.5,41.5],[149.563,42.104],[151.195,43.094],[152.564,43.795],[153.904,44.612],[155.011,45.397],[155.943,46.01],[156.963,46.755],[157.833,47.523],[158.557,48.154],[159.41,48.72],[160.313,49.447],[161.216,50.089],[161.944,50.648],[162.25,51.25]]},"properties":{"name":"Zenkevich","type":"Rise","label":"Zenkevich Rise","cls":1,"feature_id":3434,"geom_src":"line","rep":[156.9626,46.7555]}},{"type":"Feature","geometry":{"type":"LineString","coordinates":[[-17.033,83.117],[-17.133,83.7]]},"properties":{"name":"Zhilinsky","type":"Rise","label":"Zhilinsky Rise","cls":1,"feature_id":3441,"geom_src":"line","rep":[-17.1333,83.7]}},{"type":"Feature","geometry":{"type":"Point","coordinates":[131.9941,20.2685]},"properties":{"name":"Aoi","type":"Seamount Chain","label":"Aoi Seamount Chain","cls":1,"feature_id":6247,"geom_src":"polygon","rep":[131.9941,20.2685],"axis":[[131.842,20.556],[132.103,19.92]]}},{"type":"Feature","geometry":{"type":"LineString","coordinates":[[167.5,51.5],[168.877,48.383],[169.445,46.046],[169.999,45.643],[170.297,43.662],[170.552,41.131],[170.784,37.934],[171.116,36.944],[171.668,35.275],[171.621,33.247],[173,32]]},"properties":{"name":"Emperor","type":"Seamount Chain","label":"Emperor Seamount Chain","cls":1,"feature_id":903,"geom_src":"line","rep":[170.5519,41.1314]}},{"type":"Feature","geometry":{"type":"Point","coordinates":[132.6705,20.1406]},"properties":{"name":"Gion","type":"Seamount Chain","label":"Gion Seamount Chain","cls":1,"feature_id":6249,"geom_src":"polygon","rep":[132.6705,20.1406],"axis":[[132.471,20.494],[132.883,19.758]]}},{"type":"Feature","geometry":{"type":"LineString","coordinates":[[-1.5,-7],[2,-5.333]]},"properties":{"name":"Guinea","type":"Seamount Chain","label":"Guinea Seamount Chain","cls":1,"feature_id":1222,"geom_src":"line","rep":[2,-5.3333]}},{"type":"Feature","geometry":{"type":"Point","coordinates":[-80.2361,-39.4406]},"properties":{"name":"Humboldt","type":"Seamount Chain","label":"Humboldt Seamount Chain","cls":1,"feature_id":6030,"geom_src":"polygon","rep":[-80.2361,-39.4406],"axis":[[-80.642,-39.504],[-79.829,-39.367]]}},{"type":"Feature","geometry":{"type":"Point","coordinates":[132.3048,20.1812]},"properties":{"name":"Jidai","type":"Seamount Chain","label":"Jidai Seamount Chain","cls":1,"feature_id":6248,"geom_src":"polygon","rep":[132.3048,20.1812],"axis":[[132.159,20.381],[132.417,19.951]]}},{"type":"Feature","geometry":{"type":"Point","coordinates":[144.3418,36.5079]},"properties":{"name":"Joban","type":"Seamount Chain","label":"Joban Seamount Chain","cls":1,"feature_id":1480,"geom_src":"polygon","rep":[144.3418,36.5079],"axis":[[142.725,35.488],[146.225,37.905]],"apple_minzoom":6,"apple_type":"undersea-ridge/ridge","apple_rank":null,"apple_name":"Joban Seamount Chain"}},{"type":"Feature","geometry":{"type":"LineString","coordinates":[[130.892,27.85],[132,27.592],[133.325,28.25]]},"properties":{"name":"Kakeroma","type":"Seamount Chain","label":"Kakeroma Seamount Chain","cls":1,"feature_id":1512,"geom_src":"line","rep":[132,27.5917]}},{"type":"Feature","geometry":{"type":"Point","coordinates":[131.7984,28.6395]},"properties":{"name":"Kikai","type":"Seamount Chain","label":"Kikai Seamount Chain","cls":1,"feature_id":6067,"geom_src":"polygon","rep":[131.7984,28.6395],"axis":[[130.978,28.527],[132.409,28.722]]}},{"type":"Feature","geometry":{"type":"LineString","coordinates":[[135.233,31.533],[138.033,26.667]]},"properties":{"name":"Kinan","type":"Seamount Chain","label":"Kinan Seamount Chain","cls":1,"feature_id":1583,"geom_src":"line","rep":[138.0333,26.6667]}},{"type":"Feature","geometry":{"type":"LineString","coordinates":[[159,-31.25],[159.5,-21.5]]},"properties":{"name":"Lord Howe","type":"Seamount Chain","label":"Lord Howe Seamount Chain","cls":1,"feature_id":1784,"geom_src":"line","rep":[159.5,-21.5]}},{"type":"Feature","geometry":{"type":"LineString","coordinates":[[132.767,28.483],[133.109,28.536],[133.447,28.589],[133.727,28.632],[134.012,28.59],[134.25,28.417],[134.507,28.231],[134.663,27.984],[134.812,27.731],[134.927,27.514],[135.033,27.25]]},"properties":{"name":"Saikaido","type":"Seamount Chain","label":"Saikaido Seamount Chain","cls":1,"feature_id":2672,"geom_src":"line","rep":[134.25,28.4167]}},{"type":"Feature","geometry":{"type":"LineString","coordinates":[[140.337,29.483],[140.633,28.567],[140.8,27.667]]},"properties":{"name":"Shichiyo","type":"Seamount Chain","label":"Shichiyo Seamount Chain","cls":1,"feature_id":2831,"geom_src":"line","rep":[140.6333,28.5667]}},{"type":"Feature","geometry":{"type":"Point","coordinates":[124.9352,-6.595]},"properties":{"name":"Soekarno","type":"Seamount Chain","label":"Soekarno Seamount Chain","cls":1,"feature_id":890116,"geom_src":"polygon","rep":[124.9352,-6.595],"axis":[[124.009,-6.865],[125.702,-6.382]]}},{"type":"Feature","geometry":{"type":"LineString","coordinates":[[-132.533,32.867],[-124.6,31],[-117.667,29.083]]},"properties":{"name":"Spiess","type":"Seamount Chain","label":"Spiess Seamount Chain","cls":1,"feature_id":5988,"geom_src":"line","rep":[-124.6,31]}},{"type":"Feature","geometry":{"type":"LineString","coordinates":[[141.914,21.707],[141.72,21.652],[141.616,21.369],[141.477,21.323]]},"properties":{"name":"Toki","type":"Seamount Chain","label":"Toki Seamount Chain","cls":1,"feature_id":889068,"geom_src":"line","rep":[141.6164,21.3694]}},{"type":"Feature","geometry":{"type":"Point","coordinates":[-119.8417,13.4517]},"properties":{"name":"Acapulco","type":"Seamounts","label":"Acapulco Seamounts","cls":1,"feature_id":5020,"geom_src":"point","rep":[-119.8417,13.4517]}},{"type":"Feature","geometry":{"type":"Point","coordinates":[-120.1754,13.6041]},"properties":{"name":"Acapulco","type":"Seamounts","label":"Acapulco Seamounts","cls":1,"feature_id":5020,"geom_src":"polygon","rep":[-120.1754,13.6041],"axis":[[-120.868,13.802],[-119.617,13.414]]}},{"type":"Feature","geometry":{"type":"LineString","coordinates":[[147.65,27.992],[148.263,28.367],[149.245,29.117]]},"properties":{"name":"Aki-No-Nanakusa","type":"Seamounts","label":"Aki-No-Nanakusa Seamounts","cls":1,"feature_id":47,"geom_src":"line","rep":[148.2633,28.3667]}},{"type":"Feature","geometry":{"type":"Point","coordinates":[172.336,-67.7914]},"properties":{"name":"Akopov","type":"Seamounts","label":"Akopov Seamounts","cls":1,"feature_id":3451,"geom_src":"polygon","rep":[172.336,-67.7914],"axis":[[170.572,-66.882],[173.964,-68.658]]}},{"type":"Feature","geometry":{"type":"Point","coordinates":[-34.2983,-9.6842]},"properties":{"name":"Alagoas","type":"Seamounts","label":"Alagoas Seamounts","cls":1,"feature_id":51,"geom_src":"polygon","rep":[-34.2983,-9.6842],"axis":[[-34.571,-10.081],[-33.982,-9.076]]}},{"type":"Feature","geometry":{"type":"Point","coordinates":[-14.5,40.1667]},"properties":{"name":"Almeida Carvalho","type":"Seamounts","label":"Almeida Carvalho Seamounts","cls":1,"feature_id":86,"geom_src":"point","rep":[-14.5,40.1667]}},{"type":"Feature","geometry":{"type":"Point","coordinates":[30,35.5]},"properties":{"name":"Anaximander","type":"Seamounts","label":"Anaximander Seamounts","cls":1,"feature_id":130,"geom_src":"point","rep":[30,35.5]}},{"type":"Feature","geometry":{"type":"LineString","coordinates":[[-19.25,7],[-19.383,5]]},"properties":{"name":"Anita Conti","type":"Seamounts","label":"Anita Conti Seamounts","cls":1,"feature_id":148,"geom_src":"line","rep":[-19.3833,5]}},{"type":"Feature","geometry":{"type":"LineString","coordinates":[[-63.117,38.45],[-62.8,38.4],[-63,38.317]]},"properties":{"name":"Atlantis II","type":"Seamounts","label":"Atlantis II Seamounts","cls":1,"feature_id":234,"geom_src":"line","rep":[-62.8,38.4]}},{"type":"Feature","geometry":{"type":"LineString","coordinates":[[61.5,-51.333],[61.75,-51.75],[63.167,-52.333]]},"properties":{"name":"Aubert de la Rüe","type":"Seamounts","label":"Aubert de la Rüe Seamounts","cls":1,"feature_id":236,"geom_src":"line","rep":[61.75,-51.75]}},{"type":"Feature","geometry":{"type":"Point","coordinates":[-32.25,-14.4167]},"properties":{"name":"Bahia","type":"Seamounts","label":"Bahia Seamounts","cls":1,"feature_id":258,"geom_src":"point","rep":[-32.25,-14.4167]}},{"type":"Feature","geometry":{"type":"Point","coordinates":[10.25,40.5833]},"properties":{"name":"Baronie","type":"Seamounts","label":"Baronie Seamounts","cls":1,"feature_id":281,"geom_src":"point","rep":[10.25,40.5833]}},{"type":"Feature","geometry":{"type":"Point","coordinates":[105.4167,-13.1667]},"properties":{"name":"Bartlett","type":"Seamounts","label":"Bartlett Seamounts","cls":1,"feature_id":285,"geom_src":"point","rep":[105.4167,-13.1667]}},{"type":"Feature","geometry":{"type":"Point","coordinates":[-21.0833,7.75]},"properties":{"name":"Bathymetrists","type":"Seamounts","label":"Bathymetrists Seamounts","cls":1,"feature_id":290,"geom_src":"point","rep":[-21.0833,7.75]}},{"type":"Feature","geometry":{"type":"Point","coordinates":[-32.6027,-13.8924]},"properties":{"name":"Bode Verde","type":"Seamounts","label":"Bode Verde Seamounts","cls":1,"feature_id":6564,"geom_src":"polygon","rep":[-32.6027,-13.8924],"axis":[[-32.617,-14.004],[-32.598,-13.791]]}},{"type":"Feature","geometry":{"type":"Point","coordinates":[83.9,-32.43]},"properties":{"name":"Brenner","type":"Seamounts","label":"Brenner Seamounts","cls":1,"feature_id":404,"geom_src":"point","rep":[83.9,-32.43]}},{"type":"Feature","geometry":{"type":"LineString","coordinates":[[55.5,7],[56,8]]},"properties":{"name":"Bunce","type":"Seamounts","label":"Bunce Seamounts","cls":1,"feature_id":434,"geom_src":"line","rep":[56,8]}},{"type":"Feature","geometry":{"type":"LineString","coordinates":[[144,7.25],[145.825,7.935],[148.3,8.267],[150.083,8.567],[152.42,8.55],[154.233,8.181],[155.25,7.517],[157.25,6]]},"properties":{"name":"Caroline","type":"Seamounts","label":"Caroline Seamounts","cls":1,"feature_id":512,"geom_src":"line","rep":[152.4197,8.5502]}},{"type":"Feature","geometry":{"type":"LineString","coordinates":[[-38.75,-1.5],[-37.083,-1.75]]},"properties":{"name":"Ceará","type":"Seamounts","label":"Ceará Seamounts","cls":1,"feature_id":536,"geom_src":"line","rep":[-37.0833,-1.75]}},{"type":"Feature","geometry":{"type":"Point","coordinates":[-13.0549,44.6793]},"properties":{"name":"Charcot","type":"Seamounts","label":"Charcot Seamounts","cls":1,"feature_id":572,"geom_src":"point","rep":[-13.0549,44.6793]}},{"type":"Feature","geometry":{"type":"Point","coordinates":[-28.9167,42.8333]},"properties":{"name":"Chaucer","type":"Seamounts","label":"Chaucer Seamounts","cls":1,"feature_id":578,"geom_src":"point","rep":[-28.9167,42.8333]}},{"type":"Feature","geometry":{"type":"Point","coordinates":[134,24.6667]},"properties":{"name":"Choju","type":"Seamounts","label":"Choju Seamounts","cls":1,"feature_id":599,"geom_src":"point","rep":[134,24.6667]}},{"type":"Feature","geometry":{"type":"Point","coordinates":[-111,9.5]},"properties":{"name":"Clipperton","type":"Seamounts","label":"Clipperton Seamounts","cls":1,"feature_id":625,"geom_src":"point","rep":[-111,9.5]}},{"type":"Feature","geometry":{"type":"Point","coordinates":[-51.5,35.5]},"properties":{"name":"Corner","type":"Seamounts","label":"Corner Seamounts","cls":1,"feature_id":666,"geom_src":"point","rep":[-51.5,35.5]}},{"type":"Feature","geometry":{"type":"Point","coordinates":[4.2,-51.6667]},"properties":{"name":"Davis","type":"Seamounts","label":"Davis Seamounts","cls":1,"feature_id":740,"geom_src":"point","rep":[4.2,-51.6667]}},{"type":"Feature","geometry":{"type":"Point","coordinates":[-90.5,-65]},"properties":{"name":"De Gerlache","type":"Seamounts","label":"De Gerlache Seamounts","cls":1,"feature_id":746,"geom_src":"point","rep":[-90.5,-65]}},{"type":"Feature","geometry":{"type":"Point","coordinates":[-130.6929,50.5545]},"properties":{"name":"Dellwood","type":"Seamounts","label":"Dellwood Seamounts","cls":1,"feature_id":765,"geom_src":"polygon","rep":[-130.6929,50.5545],"axis":[[-130.96,50.801],[-130.423,50.299]]}},{"type":"Feature","geometry":{"type":"LineString","coordinates":[[-3,-43.5],[2,-42]]},"properties":{"name":"Discovery","type":"Seamounts","label":"Discovery Seamounts","cls":1,"feature_id":794,"geom_src":"line","rep":[2,-42]}},{"type":"Feature","geometry":{"type":"LineString","coordinates":[[-35.997,-59.888],[-35.993,-59.822]]},"properties":{"name":"Drygalski","type":"Seamounts","label":"Drygalski Seamounts","cls":1,"feature_id":827,"geom_src":"line","rep":[-35.9933,-59.8217]}},{"type":"Feature","geometry":{"type":"Point","coordinates":[102.75,-28.5833]},"properties":{"name":"Eendracht","type":"Seamounts","label":"Eendracht Seamounts","cls":1,"feature_id":866,"geom_src":"point","rep":[102.75,-28.5833]}},{"type":"Feature","geometry":{"type":"LineString","coordinates":[[102,-10.75],[102.183,-10.75],[103,-11.067]]},"properties":{"name":"Flying Fish","type":"Seamounts","label":"Flying Fish Seamounts","cls":1,"feature_id":1026,"geom_src":"line","rep":[102.1833,-10.75]}},{"type":"Feature","geometry":{"type":"LineString","coordinates":[[-53,42.267],[-52.5,40.9],[-52.067,40.867],[-51.55,40.367],[-51.15,41.533],[-50.5,41.383],[-49.55,41.1],[-48.95,41.35]]},"properties":{"name":"Fogo","type":"Seamounts","label":"Fogo Seamounts","cls":1,"feature_id":889321,"geom_src":"line","rep":[-51.15,41.5333]}},{"type":"Feature","geometry":{"type":"LineString","coordinates":[[-132,-35],[-130.918,-34.392],[-129.008,-34.154],[-126.025,-34.962],[-124,-36]]},"properties":{"name":"Foundation","type":"Seamounts","label":"Foundation Seamounts","cls":1,"feature_id":1037,"geom_src":"line","rep":[-129.0083,-34.1542]}},{"type":"Feature","geometry":{"type":"Point","coordinates":[133.6766,16.345]},"properties":{"name":"Futagoza","type":"Seamounts","label":"Futagoza Seamounts","cls":1,"feature_id":889006,"geom_src":"polygon","rep":[133.6766,16.345],"axis":[[133.479,16.404],[133.891,16.319]]}},{"type":"Feature","geometry":{"type":"LineString","coordinates":[[73.25,-9],[73.107,-9.224],[72.785,-9.973],[72.834,-10.286],[72.667,-11]]},"properties":{"name":"Gardiner","type":"Seamounts","label":"Gardiner Seamounts","cls":1,"feature_id":1096,"geom_src":"line","rep":[72.7854,-9.9726]}},{"type":"Feature","geometry":{"type":"Point","coordinates":[170.1667,-21]},"properties":{"name":"Gemini","type":"Seamounts","label":"Gemini Seamounts","cls":1,"feature_id":1115,"geom_src":"point","rep":[170.1667,-21]}},{"type":"Feature","geometry":{"type":"LineString","coordinates":[[138.633,32.8],[138.767,27.083]]},"properties":{"name":"Gengo","type":"Seamounts","label":"Gengo Seamounts","cls":1,"feature_id":1117,"geom_src":"line","rep":[138.7667,27.0833]}},{"type":"Feature","geometry":{"type":"LineString","coordinates":[[-25.283,44.533],[-25.047,44.533],[-24.413,44.678]]},"properties":{"name":"Gnitsevich","type":"Seamounts","label":"Gnitsevich Seamounts","cls":1,"feature_id":1152,"geom_src":"line","rep":[-25.0467,44.5333]}},{"type":"Feature","geometry":{"type":"LineString","coordinates":[[103.167,-11.8],[104.467,-11.383],[105.25,-11.4]]},"properties":{"name":"Golden Bo'sunbird","type":"Seamounts","label":"Golden Bo'sunbird Seamounts","cls":1,"feature_id":1158,"geom_src":"line","rep":[104.4667,-11.3833]}},{"type":"Feature","geometry":{"type":"LineString","coordinates":[[-20.417,8.6],[-19.583,9.367]]},"properties":{"name":"Grimaldi","type":"Seamounts","label":"Grimaldi Seamounts","cls":1,"feature_id":1206,"geom_src":"line","rep":[-19.5833,9.3667]}},{"type":"Feature","geometry":{"type":"Point","coordinates":[-42.5,-59.4167]},"properties":{"name":"Guevara","type":"Seamounts","label":"Guevara Seamounts","cls":1,"feature_id":1215,"geom_src":"point","rep":[-42.5,-59.4167]}},{"type":"Feature","geometry":{"type":"Point","coordinates":[-170.37,10.9517]},"properties":{"name":"Guling","type":"Seamounts","label":"Guling Seamounts","cls":1,"feature_id":6268,"geom_src":"point","rep":[-170.37,10.9517]}},{"type":"Feature","geometry":{"type":"Point","coordinates":[-169.8407,10.7631]},"properties":{"name":"Guling","type":"Seamounts","label":"Guling Seamounts","cls":1,"feature_id":6268,"geom_src":"polygon","rep":[-169.8407,10.7631],"axis":[[-170.493,10.931],[-169.076,10.764]]}},{"type":"Feature","geometry":{"type":"Point","coordinates":[173.032,-67.187]},"properties":{"name":"Haedal","type":"Seamounts","label":"Haedal Seamounts","cls":1,"feature_id":888890,"geom_src":"point","rep":[173.032,-67.187]}},{"type":"Feature","geometry":{"type":"Point","coordinates":[172.8452,-67.1318]},"properties":{"name":"Haedal","type":"Seamounts","label":"Haedal Seamounts","cls":1,"feature_id":888890,"geom_src":"polygon","rep":[172.8452,-67.1318],"axis":[[172.6,-67.004],[173.085,-67.225]]}},{"type":"Feature","geometry":{"type":"Point","coordinates":[134.4902,11.953]},"properties":{"name":"Hahirohoshi","type":"Seamounts","label":"Hahirohoshi Seamounts","cls":1,"feature_id":6500,"geom_src":"point","rep":[134.4902,11.953]}},{"type":"Feature","geometry":{"type":"Point","coordinates":[134.4719,11.8959]},"properties":{"name":"Hahirohoshi","type":"Seamounts","label":"Hahirohoshi Seamounts","cls":1,"feature_id":6500,"geom_src":"polygon","rep":[134.4719,11.8959],"axis":[[134.422,11.602],[134.495,12.138]]}},{"type":"Feature","geometry":{"type":"Point","coordinates":[174.4909,14.4033]},"properties":{"name":"Haima","type":"Seamounts","label":"Haima Seamounts","cls":1,"feature_id":889926,"geom_src":"polygon","rep":[174.4909,14.4033],"axis":[[174.433,14.109],[174.517,14.686]]}},{"type":"Feature","geometry":{"type":"Point","coordinates":[148.5151,21.8738]},"properties":{"name":"Hakugan","type":"Seamounts","label":"Hakugan Seamounts","cls":1,"feature_id":6832,"geom_src":"polygon","rep":[148.5151,21.8738],"axis":[[148.275,21.902],[148.771,21.889]]}},{"type":"Feature","geometry":{"type":"LineString","coordinates":[[148.25,24.85],[148.5,25.167],[149.617,25.85]]},"properties":{"name":"Haru-No-Nanakusa","type":"Seamounts","label":"Haru-No-Nanakusa Seamounts","cls":1,"feature_id":1261,"geom_src":"line","rep":[148.5,25.1667]}},{"type":"Feature","geometry":{"type":"LineString","coordinates":[[-175.867,-33.133],[-176.45,-33.1],[-175.067,-33.367],[-174.9,-33.217],[-175,-32.883]]},"properties":{"name":"Hatherton","type":"Seamounts","label":"Hatherton Seamounts","cls":1,"feature_id":1265,"geom_src":"line","rep":[-175.0667,-33.3667]}},{"type":"Feature","geometry":{"type":"Point","coordinates":[-177.2857,-26.361]},"properties":{"name":"Hinepuia","type":"Seamounts","label":"Hinepuia Seamounts","cls":1,"feature_id":6536,"geom_src":"polygon","rep":[-177.2857,-26.361],"axis":[[-177.37,-26.286],[-177.207,-26.442]]}},{"type":"Feature","geometry":{"type":"Point","coordinates":[-136.5,53.6667]},"properties":{"name":"Hodgkins","type":"Seamounts","label":"Hodgkins Seamounts","cls":1,"feature_id":1341,"geom_src":"point","rep":[-136.5,53.6667]}},{"type":"Feature","geometry":{"type":"Point","coordinates":[-13,36]},"properties":{"name":"Horseshoe","type":"Seamounts","label":"Horseshoe Seamounts","cls":1,"feature_id":1360,"geom_src":"point","rep":[-13,36]}},{"type":"Feature","geometry":{"type":"Point","coordinates":[158.6568,26.283]},"properties":{"name":"Imura","type":"Seamounts","label":"Imura Seamounts","cls":1,"feature_id":6597,"geom_src":"point","rep":[158.6568,26.283]}},{"type":"Feature","geometry":{"type":"Point","coordinates":[158.6822,26.3772]},"properties":{"name":"Imura","type":"Seamounts","label":"Imura Seamounts","cls":1,"feature_id":6597,"geom_src":"polygon","rep":[158.6822,26.3772],"axis":[[158.61,26.137],[158.749,26.602]]}},{"type":"Feature","geometry":{"type":"Point","coordinates":[-39.336,-26.7223]},"properties":{"name":"Jean Charcot","type":"Seamounts","label":"Jean Charcot Seamounts","cls":1,"feature_id":5681,"geom_src":"polygon","rep":[-39.336,-26.7223],"axis":[[-40.229,-26.147],[-38.149,-27.194]]}},{"type":"Feature","geometry":{"type":"Point","coordinates":[124.9867,17.0917]},"properties":{"name":"Jujiu","type":"Seamounts","label":"Jujiu Seamounts","cls":1,"feature_id":6616,"geom_src":"point","rep":[124.9867,17.0917]}},{"type":"Feature","geometry":{"type":"Point","coordinates":[124.9684,17.1229]},"properties":{"name":"Jujiu","type":"Seamounts","label":"Jujiu Seamounts","cls":1,"feature_id":6616,"geom_src":"polygon","rep":[124.9684,17.1229],"axis":[[124.847,17.182],[125.053,17.114]]}},{"type":"Feature","geometry":{"type":"LineString","coordinates":[[140.95,26.05],[141.033,26.233],[141.117,26.117]]},"properties":{"name":"Kaitoku","type":"Seamounts","label":"Kaitoku Seamounts","cls":1,"feature_id":1510,"geom_src":"line","rep":[141.0333,26.2333]}},{"type":"Feature","geometry":{"type":"Point","coordinates":[106.75,-12.6667]},"properties":{"name":"Karma","type":"Seamounts","label":"Karma Seamounts","cls":1,"feature_id":1539,"geom_src":"point","rep":[106.75,-12.6667]}},{"type":"Feature","geometry":{"type":"Point","coordinates":[-17.75,15.6667]},"properties":{"name":"Kayar","type":"Seamounts","label":"Kayar Seamounts","cls":1,"feature_id":1547,"geom_src":"point","rep":[-17.75,15.6667]}},{"type":"Feature","geometry":{"type":"Point","coordinates":[156.8134,19.6303]},"properties":{"name":"Kishindo","type":"Seamounts","label":"Kishindo Seamounts","cls":1,"feature_id":6857,"geom_src":"polygon","rep":[156.8134,19.6303],"axis":[[156.518,19.682],[157.058,19.647]]}},{"type":"Feature","geometry":{"type":"LineString","coordinates":[[131.1,28.533],[131.8,28.667],[132.167,29.1]]},"properties":{"name":"Kita-Amami","type":"Seamounts","label":"Kita-Amami Seamounts","cls":1,"feature_id":1597,"geom_src":"line","rep":[131.8,28.6667]}},{"type":"Feature","geometry":{"type":"Point","coordinates":[134.3424,12.7451]},"properties":{"name":"Kita-Tochinohoshi","type":"Seamounts","label":"Kita-Tochinohoshi Seamounts","cls":1,"feature_id":889028,"geom_src":"polygon","rep":[134.3424,12.7451],"axis":[[134.258,12.667],[134.433,12.881]]}},{"type":"Feature","geometry":{"type":"Point","coordinates":[-140,55]},"properties":{"name":"Kodiak","type":"Seamounts","label":"Kodiak Seamounts","cls":1,"feature_id":1624,"geom_src":"point","rep":[-140,55]}},{"type":"Feature","geometry":{"type":"Point","coordinates":[156.0737,22.6606]},"properties":{"name":"Kozure-Unoashi","type":"Seamounts","label":"Kozure-Unoashi Seamounts","cls":1,"feature_id":6853,"geom_src":"polygon","rep":[156.0737,22.6606],"axis":[[155.895,22.586],[156.24,22.791]]}},{"type":"Feature","geometry":{"type":"Point","coordinates":[150.1356,22.131]},"properties":{"name":"Kurogamo","type":"Seamounts","label":"Kurogamo Seamounts","cls":1,"feature_id":6837,"geom_src":"polygon","rep":[150.1356,22.131],"axis":[[149.83,21.998],[150.5,22.3]]}},{"type":"Feature","geometry":{"type":"LineString","coordinates":[[-27.1,40.517],[-26.9,40.4],[-26.583,40.1]]},"properties":{"name":"L'Espérance","type":"Seamounts","label":"L'Espérance Seamounts","cls":1,"feature_id":1678,"geom_src":"line","rep":[-26.9,40.4]}},{"type":"Feature","geometry":{"type":"Point","coordinates":[-14.3333,43.95]},"properties":{"name":"La Coruña","type":"Seamounts","label":"La Coruña Seamounts","cls":1,"feature_id":1685,"geom_src":"point","rep":[-14.3333,43.95]}},{"type":"Feature","geometry":{"type":"LineString","coordinates":[[151,18],[154.202,17.136],[155.2,15.667],[156.183,14.117],[157,11]]},"properties":{"name":"Magellan","type":"Seamounts","label":"Magellan Seamounts","cls":1,"feature_id":1822,"geom_src":"line","rep":[155.2,15.6667]}},{"type":"Feature","geometry":{"type":"Point","coordinates":[-60.6667,38.1667]},"properties":{"name":"Manning","type":"Seamounts","label":"Manning Seamounts","cls":1,"feature_id":1855,"geom_src":"point","rep":[-60.6667,38.1667]}},{"type":"Feature","geometry":{"type":"Point","coordinates":[166.5,27.5]},"properties":{"name":"Mapmakers","type":"Seamounts","label":"Mapmakers Seamounts","cls":1,"feature_id":1860,"geom_src":"point","rep":[166.5,27.5]}},{"type":"Feature","geometry":{"type":"Point","coordinates":[-44.967,1.6898]},"properties":{"name":"Marajó","type":"Seamounts","label":"Marajó Seamounts","cls":1,"feature_id":6362,"geom_src":"polygon","rep":[-44.967,1.6898],"axis":[[-45.452,1.698],[-44.507,1.672]]}},{"type":"Feature","geometry":{"type":"Point","coordinates":[-42.4996,-0.3912]},"properties":{"name":"Maranhão","type":"Seamounts","label":"Maranhão Seamounts","cls":1,"feature_id":1862,"geom_src":"polygon","rep":[-42.4996,-0.3912],"axis":[[-43.253,0.101],[-41.85,-0.857]]}},{"type":"Feature","geometry":{"type":"Point","coordinates":[-24.4333,37.3667]},"properties":{"name":"Margarethe","type":"Seamounts","label":"Margarethe Seamounts","cls":1,"feature_id":1868,"geom_src":"point","rep":[-24.4333,37.3667]}},{"type":"Feature","geometry":{"type":"Point","coordinates":[169,10]},"properties":{"name":"Marshall","type":"Seamounts","label":"Marshall Seamounts","cls":1,"feature_id":1889,"geom_src":"point","rep":[169,10]}},{"type":"Feature","geometry":{"type":"Point","coordinates":[-27.7333,38.2]},"properties":{"name":"Martin Behaim","type":"Seamounts","label":"Martin Behaim Seamounts","cls":1,"feature_id":1893,"geom_src":"point","rep":[-27.7333,38.2]}},{"type":"Feature","geometry":{"type":"Point","coordinates":[-25.7,36.7833]},"properties":{"name":"Mary Celeste","type":"Seamounts","label":"Mary Celeste Seamounts","cls":1,"feature_id":1896,"geom_src":"point","rep":[-25.7,36.7833]}},{"type":"Feature","geometry":{"type":"Point","coordinates":[-111,15.5]},"properties":{"name":"Mathematicians","type":"Seamounts","label":"Mathematicians Seamounts","cls":1,"feature_id":1903,"geom_src":"point","rep":[-111,15.5]}},{"type":"Feature","geometry":{"type":"Point","coordinates":[153.2115,15.4685]},"properties":{"name":"Melnikov","type":"Seamounts","label":"Melnikov Seamounts","cls":1,"feature_id":6650,"geom_src":"polygon","rep":[153.2115,15.4685],"axis":[[152.982,15.596],[153.454,15.386]]}},{"type":"Feature","geometry":{"type":"Point","coordinates":[8.5,-48]},"properties":{"name":"Meteor","type":"Seamounts","label":"Meteor Seamounts","cls":1,"feature_id":1985,"geom_src":"point","rep":[8.5,-48]}},{"type":"Feature","geometry":{"type":"MultiLineString","coordinates":[[[179.999,21.334],[178.067,22],[175,22],[172,20]],[[-168,20],[-170.35,18.717],[-171.8,20.058],[-177.212,17.15],[-179.935,19.494],[-179.935,19.545],[-179.999,21.306]]]},"properties":{"name":"Mid-Pacific","type":"Seamounts","label":"Mid-Pacific Seamounts","cls":1,"feature_id":1992,"geom_src":"line","rep":[-177.2125,17.15]}},{"type":"Feature","geometry":{"type":"Point","coordinates":[-40,44.75]},"properties":{"name":"Milne","type":"Seamounts","label":"Milne Seamounts","cls":1,"feature_id":2002,"geom_src":"point","rep":[-40,44.75]}},{"type":"Feature","geometry":{"type":"LineString","coordinates":[[-142.5,30.75],[-141.057,30.917],[-139.3,30.867],[-138.381,30.643],[-137.15,30.217],[-135.75,28.833]]},"properties":{"name":"Moonless","type":"Seamounts","label":"Moonless Seamounts","cls":1,"feature_id":2062,"geom_src":"line","rep":[-138.3808,30.6429]}},{"type":"Feature","geometry":{"type":"LineString","coordinates":[[1.667,1.417],[2.167,0.333],[2.75,-0.667]]},"properties":{"name":"Mungo Park","type":"Seamounts","label":"Mungo Park Seamounts","cls":1,"feature_id":2099,"geom_src":"line","rep":[2.1667,0.3333]}},{"type":"Feature","geometry":{"type":"LineString","coordinates":[[-158,26],[-166,33]]},"properties":{"name":"Musicians","type":"Seamounts","label":"Musicians Seamounts","cls":1,"feature_id":2114,"geom_src":"line","rep":[-166,33]}},{"type":"Feature","geometry":{"type":"Point","coordinates":[-59.9854,37.3993]},"properties":{"name":"New England","type":"Seamounts","label":"New England Seamounts","cls":1,"feature_id":2164,"geom_src":"polygon","rep":[-59.9854,37.3993],"axis":[[-60.308,37.085],[-59.676,37.689]]}},{"type":"Feature","geometry":{"type":"Point","coordinates":[-45,43.8333]},"properties":{"name":"Newfoundland","type":"Seamounts","label":"Newfoundland Seamounts","cls":1,"feature_id":2170,"geom_src":"point","rep":[-45,43.8333]}},{"type":"Feature","geometry":{"type":"Point","coordinates":[-172.0667,25.3333]},"properties":{"name":"Northampton","type":"Seamounts","label":"Northampton Seamounts","cls":1,"feature_id":2237,"geom_src":"point","rep":[-172.0667,25.3333]}},{"type":"Feature","geometry":{"type":"Point","coordinates":[140.5025,27.2475]},"properties":{"name":"Ossaka","type":"Seamounts","label":"Ossaka Seamounts","cls":1,"feature_id":889388,"geom_src":"point","rep":[140.5025,27.2475]}},{"type":"Feature","geometry":{"type":"Point","coordinates":[140.4379,27.1549]},"properties":{"name":"Ossaka","type":"Seamounts","label":"Ossaka Seamounts","cls":1,"feature_id":889388,"geom_src":"polygon","rep":[140.4379,27.1549],"axis":[[140.372,26.987],[140.503,27.334]]}},{"type":"Feature","geometry":{"type":"LineString","coordinates":[[-152.833,54.833],[-147.25,54]]},"properties":{"name":"Patton","type":"Seamounts","label":"Patton Seamounts","cls":1,"feature_id":2379,"geom_src":"line","rep":[-147.25,54]}},{"type":"Feature","geometry":{"type":"LineString","coordinates":[[3.417,-1.25],[5,-1.917],[6.5,-2.5]]},"properties":{"name":"Paul du Chaillu","type":"Seamounts","label":"Paul du Chaillu Seamounts","cls":1,"feature_id":2381,"geom_src":"line","rep":[5,-1.9167]}},{"type":"Feature","geometry":{"type":"Point","coordinates":[-14.9167,40.6667]},"properties":{"name":"Pedro Nunes","type":"Seamounts","label":"Pedro Nunes Seamounts","cls":1,"feature_id":2386,"geom_src":"point","rep":[-14.9167,40.6667]}},{"type":"Feature","geometry":{"type":"LineString","coordinates":[[-29.833,-9.417],[-32,-8.5],[-33.217,-7.517]]},"properties":{"name":"Pernambuco","type":"Seamounts","label":"Pernambuco Seamounts","cls":1,"feature_id":2405,"geom_src":"line","rep":[-32,-8.5]}},{"type":"Feature","geometry":{"type":"LineString","coordinates":[[3,-3.5],[3.917,-4],[4.833,-6]]},"properties":{"name":"Pierre Brazza","type":"Seamounts","label":"Pierre Brazza Seamounts","cls":1,"feature_id":2437,"geom_src":"line","rep":[3.9167,-4]}},{"type":"Feature","geometry":{"type":"Point","coordinates":[24.5833,34.5]},"properties":{"name":"Ptolemy","type":"Seamounts","label":"Ptolemy Seamounts","cls":1,"feature_id":2517,"geom_src":"point","rep":[24.5833,34.5]}},{"type":"Feature","geometry":{"type":"Point","coordinates":[88.625,-0.36]},"properties":{"name":"Pu'er","type":"Seamounts","label":"Pu'er Seamounts","cls":1,"feature_id":890236,"geom_src":"point","rep":[88.625,-0.36]}},{"type":"Feature","geometry":{"type":"Point","coordinates":[88.5219,-0.3785]},"properties":{"name":"Pu'er","type":"Seamounts","label":"Pu'er Seamounts","cls":1,"feature_id":890236,"geom_src":"polygon","rep":[88.5219,-0.3785],"axis":[[88.328,-0.417],[88.694,-0.34]]}},{"type":"Feature","geometry":{"type":"Point","coordinates":[176.7773,14.3494]},"properties":{"name":"Qianji","type":"Seamounts","label":"Qianji Seamounts","cls":1,"feature_id":889922,"geom_src":"polygon","rep":[176.7773,14.3494],"axis":[[176.704,14.464],[176.861,14.214]]}},{"type":"Feature","geometry":{"type":"Point","coordinates":[10.3,39.5]},"properties":{"name":"Quirra","type":"Seamounts","label":"Quirra Seamounts","cls":1,"feature_id":2540,"geom_src":"point","rep":[10.3,39.5]}},{"type":"Feature","geometry":{"type":"Point","coordinates":[-141.8,44.15]},"properties":{"name":"Raff","type":"Seamounts","label":"Raff Seamounts","cls":1,"feature_id":2544,"geom_src":"point","rep":[-141.8,44.15]}},{"type":"Feature","geometry":{"type":"LineString","coordinates":[[160.917,9.267],[161.35,7.55]]},"properties":{"name":"Randall","type":"Seamounts","label":"Randall Seamounts","cls":1,"feature_id":2552,"geom_src":"line","rep":[161.35,7.55]}},{"type":"Feature","geometry":{"type":"LineString","coordinates":[[-118,-19],[-112,-15]]},"properties":{"name":"Rano Rahi","type":"Seamounts","label":"Rano Rahi Seamounts","cls":1,"feature_id":2556,"geom_src":"line","rep":[-112,-15]}},{"type":"Feature","geometry":{"type":"LineString","coordinates":[[114.442,83.258],[113.167,83.368],[111.517,83.458]]},"properties":{"name":"Rassokho","type":"Seamounts","label":"Rassokho Seamounts","cls":1,"feature_id":2558,"geom_src":"line","rep":[113.1667,83.3683]}},{"type":"Feature","geometry":{"type":"Point","coordinates":[-167.0267,10.355]},"properties":{"name":"Roumu","type":"Seamounts","label":"Roumu Seamounts","cls":1,"feature_id":6270,"geom_src":"point","rep":[-167.0267,10.355]}},{"type":"Feature","geometry":{"type":"Point","coordinates":[-167.7451,10.4945]},"properties":{"name":"Roumu","type":"Seamounts","label":"Roumu Seamounts","cls":1,"feature_id":6270,"geom_src":"polygon","rep":[-167.7451,10.4945],"axis":[[-168.503,10.573],[-166.895,10.44]]}},{"type":"Feature","geometry":{"type":"LineString","coordinates":[[-166.167,83.05],[-160.167,84.2]]},"properties":{"name":"Ryabov","type":"Seamounts","label":"Ryabov Seamounts","cls":1,"feature_id":2648,"geom_src":"line","rep":[-160.1667,84.2]}},{"type":"Feature","geometry":{"type":"LineString","coordinates":[[-27.083,40.583],[-27,40],[-26.9,39.567]]},"properties":{"name":"SHOM","type":"Seamounts","label":"SHOM Seamounts","cls":1,"feature_id":2844,"geom_src":"line","rep":[-27,40]}},{"type":"Feature","geometry":{"type":"Point","coordinates":[-20,25.5]},"properties":{"name":"Saharan","type":"Seamounts","label":"Saharan Seamounts","cls":1,"feature_id":2669,"geom_src":"point","rep":[-20,25.5]}},{"type":"Feature","geometry":{"type":"Point","coordinates":[-95,-58.5]},"properties":{"name":"San Martin","type":"Seamounts","label":"San Martin Seamounts","cls":1,"feature_id":2702,"geom_src":"point","rep":[-95,-58.5]}},{"type":"Feature","geometry":{"type":"Point","coordinates":[-179.8333,-68]},"properties":{"name":"Scott","type":"Seamounts","label":"Scott Seamounts","cls":1,"feature_id":2770,"geom_src":"point","rep":[-179.8333,-68]}},{"type":"Feature","geometry":{"type":"Point","coordinates":[158.9491,23.9992]},"properties":{"name":"Shipek","type":"Seamounts","label":"Shipek Seamounts","cls":1,"feature_id":889198,"geom_src":"polygon","rep":[158.9491,23.9992],"axis":[[158.849,23.831],[159.054,24.168]]}},{"type":"Feature","geometry":{"type":"Point","coordinates":[116.1267,16.3667]},"properties":{"name":"Shixing","type":"Seamounts","label":"Shixing Seamounts","cls":1,"feature_id":6790,"geom_src":"point","rep":[116.1267,16.3667]}},{"type":"Feature","geometry":{"type":"Point","coordinates":[116.1452,16.3612]},"properties":{"name":"Shixing","type":"Seamounts","label":"Shixing Seamounts","cls":1,"feature_id":6790,"geom_src":"polygon","rep":[116.1452,16.3612],"axis":[[115.913,16.265],[116.399,16.446]]}},{"type":"Feature","geometry":{"type":"Point","coordinates":[174.9652,14.3762]},"properties":{"name":"Shuangpan","type":"Seamounts","label":"Shuangpan Seamounts","cls":1,"feature_id":889923,"geom_src":"polygon","rep":[174.9652,14.3762],"axis":[[174.841,14.171],[175.068,14.591]]}},{"type":"Feature","geometry":{"type":"LineString","coordinates":[[16.833,-37.25],[17.417,-37.083]]},"properties":{"name":"Simpson","type":"Seamounts","label":"Simpson Seamounts","cls":1,"feature_id":2868,"geom_src":"line","rep":[17.4167,-37.0833]}},{"type":"Feature","geometry":{"type":"Point","coordinates":[-156,16]},"properties":{"name":"Snowden","type":"Seamounts","label":"Snowden Seamounts","cls":1,"feature_id":2893,"geom_src":"point","rep":[-156,16]}},{"type":"Feature","geometry":{"type":"Point","coordinates":[-112.5,21]},"properties":{"name":"Suitcase","type":"Seamounts","label":"Suitcase Seamounts","cls":1,"feature_id":3009,"geom_src":"point","rep":[-112.5,21]}},{"type":"Feature","geometry":{"type":"Point","coordinates":[135.0326,22.8847]},"properties":{"name":"Tai-Inreki","type":"Seamounts","label":"Tai-Inreki Seamounts","cls":1,"feature_id":3049,"geom_src":"polygon","rep":[135.0326,22.8847],"axis":[[134.002,23.993],[135.838,21.621]]}},{"type":"Feature","geometry":{"type":"Point","coordinates":[158.2271,23.7789]},"properties":{"name":"Tanakadate","type":"Seamounts","label":"Tanakadate Seamounts","cls":1,"feature_id":6863,"geom_src":"polygon","rep":[158.2271,23.7789],"axis":[[157.879,23.945],[158.546,23.553]]}},{"type":"Feature","geometry":{"type":"Point","coordinates":[-125.3333,36.75]},"properties":{"name":"Taney","type":"Seamounts","label":"Taney Seamounts","cls":1,"feature_id":3066,"geom_src":"point","rep":[-125.3333,36.75]}},{"type":"Feature","geometry":{"type":"Point","coordinates":[156.9353,20.7007]},"properties":{"name":"Thomson","type":"Seamounts","label":"Thomson Seamounts","cls":1,"feature_id":889201,"geom_src":"polygon","rep":[156.9353,20.7007],"axis":[[156.834,20.651],[157.037,20.751]]}},{"type":"Feature","geometry":{"type":"Point","coordinates":[62.0417,4.995]},"properties":{"name":"Tianlong","type":"Seamounts","label":"Tianlong Seamounts","cls":1,"feature_id":888957,"geom_src":"point","rep":[62.0417,4.995]}},{"type":"Feature","geometry":{"type":"Point","coordinates":[61.9452,5.0759]},"properties":{"name":"Tianlong","type":"Seamounts","label":"Tianlong Seamounts","cls":1,"feature_id":888957,"geom_src":"polygon","rep":[61.9452,5.0759],"axis":[[61.748,5.252],[62.099,4.93]]}},{"type":"Feature","geometry":{"type":"Point","coordinates":[134.37,12.4172]},"properties":{"name":"Tochinohoshi","type":"Seamounts","label":"Tochinohoshi Seamounts","cls":1,"feature_id":6467,"geom_src":"point","rep":[134.37,12.4172]}},{"type":"Feature","geometry":{"type":"Point","coordinates":[134.3587,12.4622]},"properties":{"name":"Tochinohoshi","type":"Seamounts","label":"Tochinohoshi Seamounts","cls":1,"feature_id":6467,"geom_src":"polygon","rep":[134.3587,12.4622],"axis":[[134.313,12.36],[134.389,12.569]]}},{"type":"Feature","geometry":{"type":"Point","coordinates":[-165.86,14.23]},"properties":{"name":"Tonggong","type":"Seamounts","label":"Tonggong Seamounts","cls":1,"feature_id":6047,"geom_src":"point","rep":[-165.86,14.23]}},{"type":"Feature","geometry":{"type":"Point","coordinates":[-165.6603,13.8282]},"properties":{"name":"Tonggong","type":"Seamounts","label":"Tonggong Seamounts","cls":1,"feature_id":6047,"geom_src":"polygon","rep":[-165.6603,13.8282],"axis":[[-166.136,14.482],[-165.343,13.096]]}},{"type":"Feature","geometry":{"type":"LineString","coordinates":[[-13.5,38.333],[-13,39.333],[-11.917,39.75]]},"properties":{"name":"Tore","type":"Seamounts","label":"Tore Seamounts","cls":1,"feature_id":3146,"geom_src":"line","rep":[-13,39.3333]}},{"type":"Feature","geometry":{"type":"Point","coordinates":[154.6279,27.7492]},"properties":{"name":"Tsumi","type":"Seamounts","label":"Tsumi Seamounts","cls":1,"feature_id":889038,"geom_src":"polygon","rep":[154.6279,27.7492],"axis":[[154.572,27.627],[154.668,27.86]]}},{"type":"Feature","geometry":{"type":"Point","coordinates":[-11.5,41.3333]},"properties":{"name":"Vasco da Gama","type":"Seamounts","label":"Vasco da Gama Seamounts","cls":1,"feature_id":3241,"geom_src":"point","rep":[-11.5,41.3333]}},{"type":"Feature","geometry":{"type":"LineString","coordinates":[[102.5,-11],[104.5,-11.5],[105,-11.417]]},"properties":{"name":"Vening Meinesz","type":"Seamounts","label":"Vening Meinesz Seamounts","cls":1,"feature_id":3253,"geom_src":"line","rep":[104.5,-11.5]}},{"type":"Feature","geometry":{"type":"Point","coordinates":[-173.0,23.5]},"properties":{"name":"Voyager","type":"Seamounts","label":"Voyager Seamounts","cls":1,"feature_id":3290,"geom_src":"polygon","rep":[-173.0,23.5],"axis":[[-175.352,22.889],[-170.766,24.407]]}},{"type":"Feature","geometry":{"type":"Point","coordinates":[155.4301,22.98]},"properties":{"name":"Yabe","type":"Seamounts","label":"Yabe Seamounts","cls":1,"feature_id":6850,"geom_src":"polygon","rep":[155.4301,22.98],"axis":[[154.801,22.655],[156.058,23.275]]}},{"type":"Feature","geometry":{"type":"Point","coordinates":[-154.2283,9.1083]},"properties":{"name":"Zhengtingfang","type":"Seamounts","label":"Zhengtingfang Seamounts","cls":1,"feature_id":6484,"geom_src":"point","rep":[-154.2283,9.1083]}},{"type":"Feature","geometry":{"type":"Point","coordinates":[-154.18,9.0546]},"properties":{"name":"Zhengtingfang","type":"Seamounts","label":"Zhengtingfang Seamounts","cls":1,"feature_id":6484,"geom_src":"polygon","rep":[-154.18,9.0546],"axis":[[-154.307,9.122],[-154.054,8.97]]}},{"type":"Feature","geometry":{"type":"LineString","coordinates":[[-179.999,50.333],[-170,51.25],[-155,54.75]]},"properties":{"name":"Aleutian","type":"Trench","label":"Aleutian Trench","cls":1,"feature_id":69,"geom_src":"line","rep":[-170,51.25]}},{"type":"Feature","geometry":{"type":"LineString","coordinates":[[52.5,-6],[52.4,-6.172],[52.355,-6.487],[52.401,-6.658],[52.432,-6.971],[52.492,-7.299],[52.574,-7.634],[52.634,-7.916],[52.708,-8.243],[52.858,-8.572],[53.086,-8.858],[53.325,-9.017],[53.593,-9.095],[53.833,-9.083]]},"properties":{"name":"Amirante","type":"Trench","label":"Amirante Trench","cls":1,"feature_id":114,"geom_src":"line","rep":[52.6337,-7.9162]}},{"type":"Feature","geometry":{"type":"Point","coordinates":[170.25,-70.25]},"properties":{"name":"Borchgrevink","type":"Trench","label":"Borchgrevink Trench","cls":1,"feature_id":373,"geom_src":"point","rep":[170.25,-70.25]}},{"type":"Feature","geometry":{"type":"LineString","coordinates":[[-81.5,18.833],[-78.667,19.333]]},"properties":{"name":"Cayman","type":"Trench","label":"Cayman Trench","cls":1,"feature_id":534,"geom_src":"line","rep":[-78.6667,19.3333]}},{"type":"Feature","geometry":{"type":"LineString","coordinates":[[-116.75,29.25],[-116.519,28.81],[-116.098,28.294],[-115.99,28.031],[-115.726,27.649],[-115.395,27.306],[-115.071,27.064],[-114.762,26.801],[-114.539,26.386],[-114.25,25.833]]},"properties":{"name":"Cedros","type":"Trench","label":"Cedros Trench","cls":1,"feature_id":541,"geom_src":"line","rep":[-115.3946,27.3065]}},{"type":"Feature","geometry":{"type":"LineString","coordinates":[[-76.5,-51.75],[-76.183,-52.551],[-75.528,-53.821],[-74.827,-54.371],[-73.444,-55.226],[-72.123,-55.799],[-70,-56.833]]},"properties":{"name":"Chile","type":"Trench","label":"Chile Trench","cls":1,"feature_id":592,"geom_src":"line","rep":[-74.8273,-54.371]}},{"type":"Feature","geometry":{"type":"LineString","coordinates":[[-79.733,2.6],[-78.2,5.267],[-78.95,6.95]]},"properties":{"name":"Colombian","type":"Trench","label":"Colombian Trench","cls":1,"feature_id":638,"geom_src":"line","rep":[-78.2,5.2667]}},{"type":"Feature","geometry":{"type":"LineString","coordinates":[[-80.8,0.467],[-81.633,-3.167]]},"properties":{"name":"Ecuador","type":"Trench","label":"Ecuador Trench","cls":1,"feature_id":5380,"geom_src":"line","rep":[-81.6333,-3.1667]}},{"type":"Feature","geometry":{"type":"Point","coordinates":[166.2872,-45.2318]},"properties":{"name":"Fiordland","type":"Trench","label":"Fiordland Trench","cls":1,"feature_id":889166,"geom_src":"polygon","rep":[166.2872,-45.2318],"axis":[[165.737,-45.814],[166.932,-44.621]]}},{"type":"Feature","geometry":{"type":"LineString","coordinates":[[20.25,37.25],[21.711,35.863],[22.286,35.714],[23.366,35.022],[23.756,34.644],[24.296,34.378],[24.94,34.134],[25.734,34.234],[26.161,34.492],[26.608,34.67],[27.235,34.863],[28,34.833]]},"properties":{"name":"Hellenic","type":"Trench","label":"Hellenic Trench","cls":1,"feature_id":1295,"geom_src":"line","rep":[24.9404,34.1336]}},{"type":"Feature","geometry":{"type":"Point","coordinates":[157.75,-58.5]},"properties":{"name":"Hjort","type":"Trench","label":"Hjort Trench","cls":1,"feature_id":1336,"geom_src":"point","rep":[157.75,-58.5]}},{"type":"Feature","geometry":{"type":"Point","coordinates":[142.1667,32]},"properties":{"name":"Izu-Ogasawara","type":"Trench","label":"Izu-Ogasawara Trench","cls":1,"feature_id":1445,"geom_src":"point","rep":[142.1667,32],"apple_minzoom":4,"apple_type":"undersea-area/trench/trough","apple_rank":null,"apple_name":"Izu-Ogasawara Trench"}},{"type":"Feature","geometry":{"type":"LineString","coordinates":[[142.833,36],[143.11,36.46],[143.536,36.993],[143.743,37.371],[143.993,37.92],[144.084,38.424],[144.183,39.05],[144.355,39.766],[144.5,40.5]]},"properties":{"name":"Japan","type":"Trench","label":"Japan Trench","cls":1,"feature_id":1463,"geom_src":"line","rep":[143.9932,37.9198]}},{"type":"Feature","geometry":{"type":"MultiLineString","coordinates":[[[-175.364,-25.782],[-175.42,-26.402],[-175.818,-28.127],[-176.144,-29.269],[-176.516,-30.156],[-176.999,-31.252],[-177.418,-32.294],[-178.04,-33.874],[-178.857,-35.81],[-180.0,-37.532]],[[180.0,-37.532],[179.852,-37.755]]]},"properties":{"name":"Kermadec","type":"Trench","label":"Kermadec Trench","cls":1,"feature_id":1567,"geom_src":"line","rep":[-176.9988,-31.252]}},{"type":"Feature","geometry":{"type":"LineString","coordinates":[[145,41],[147.633,42.517],[149.751,43.847],[152,44.95],[153.79,45.985],[155.295,47.3],[156.837,48.339],[157.608,49.068],[158.893,49.857],[161.8,52.3],[163.167,54]]},"properties":{"name":"Kuril-Kamchatka","type":"Trench","label":"Kuril-Kamchatka Trench","cls":1,"feature_id":1668,"geom_src":"line","rep":[155.2949,47.3002]}},{"type":"Feature","geometry":{"type":"LineString","coordinates":[[143.5,24.5],[143.727,24.207],[144.097,23.82],[144.383,23.565],[144.617,23.317],[144.898,23.109],[145.268,22.836],[145.482,22.677],[145.779,22.457],[146.167,22.169],[146.403,21.925],[146.583,21.667],[146.824,21.304],[147.017,20.838],[147.099,20.468],[147.206,20.268],[147.337,20.021],[147.476,19.759],[147.552,19.368],[147.613,19.055],[147.657,18.823],[147.7,18.599],[147.792,18.124],[147.834,17.673],[147.867,17.283],[147.834,16.98],[147.784,16.509],[147.741,16.103],[147.699,15.71],[147.656,15.453],[147.508,15.035],[147.371,14.648],[147.155,14.261],[146.972,13.994],[146.777,13.709],[146.461,13.379],[146.287,13.197],[146.098,12.919],[145.89,12.795],[145.612,12.628],[145.441,12.466],[145.14,12.209],[144.836,12.094],[144.558,11.988],[144.242,11.833],[144,11.667],[143.649,11.559],[143.424,11.49],[143.081,11.385],[142.614,11.36],[142.241,11.31],[141.793,11.154],[141.5,11]]},"properties":{"name":"Mariana","type":"Trench","label":"Mariana Trench","cls":1,"feature_id":1870,"geom_src":"line","rep":[147.784,16.5093]}},{"type":"Feature","geometry":{"type":"LineString","coordinates":[[-106.5,21.25],[-106.468,20.33],[-105.997,19.411],[-104.497,18.297],[-102.463,17.25],[-99.31,16.073],[-97.098,15.433],[-95.667,15.25],[-93.183,13.774],[-91.021,12.679],[-88.657,11.853],[-87.233,10.85],[-84.75,8.75]]},"properties":{"name":"Middle America","type":"Trench","label":"Middle America Trench","cls":1,"feature_id":1994,"geom_src":"line","rep":[-97.0979,15.4333]}},{"type":"Feature","geometry":{"type":"Point","coordinates":[127.4167,24.5]},"properties":{"name":"Nansei-Shoto","type":"Trench","label":"Nansei-Shoto Trench","cls":1,"feature_id":2132,"geom_src":"point","rep":[127.4167,24.5]}},{"type":"Feature","geometry":{"type":"Point","coordinates":[152.5,-6]},"properties":{"name":"New Britain","type":"Trench","label":"New Britain Trench","cls":1,"feature_id":2162,"geom_src":"point","rep":[152.5,-6]}},{"type":"Feature","geometry":{"type":"LineString","coordinates":[[137.717,-0.567],[136.722,-0.281],[135.988,0.05],[135.028,0.389],[134.567,0.617]]},"properties":{"name":"New Guinea","type":"Trench","label":"New Guinea Trench","cls":1,"feature_id":2166,"geom_src":"line","rep":[135.9877,0.0504]}},{"type":"Feature","geometry":{"type":"Point","coordinates":[165.8333,-12.5]},"properties":{"name":"North New Hebrides","type":"Trench","label":"North New Hebrides Trench","cls":1,"feature_id":2229,"geom_src":"point","rep":[165.8333,-12.5]}},{"type":"Feature","geometry":{"type":"LineString","coordinates":[[134,6.333],[134.18,6.454],[134.381,6.607],[134.53,6.746],[134.663,6.853],[134.763,6.986],[134.851,7.116],[134.932,7.3],[134.974,7.469],[135.019,7.676],[135.071,7.863],[135.167,8]]},"properties":{"name":"Palau","type":"Trench","label":"Palau Trench","cls":1,"feature_id":2343,"geom_src":"line","rep":[134.8509,7.1156]}},{"type":"Feature","geometry":{"type":"LineString","coordinates":[[-81.633,-3.167],[-82,-5.35],[-80.341,-9.793],[-76.667,-14.65]]},"properties":{"name":"Peru","type":"Trench","label":"Peru Trench","cls":1,"feature_id":2411,"geom_src":"line","rep":[-80.3414,-9.7927]}},{"type":"Feature","geometry":{"type":"LineString","coordinates":[[-76.217,-15.833],[-73.808,-17.292],[-71.75,-19.233],[-71.32,-20.348],[-71.302,-23.696],[-71.9,-27],[-72.704,-32.374],[-74.65,-37.617]]},"properties":{"name":"Peru-Chile","type":"Trench","label":"Peru-Chile Trench","cls":1,"feature_id":2412,"geom_src":"line","rep":[-71.3022,-23.696]}},{"type":"Feature","geometry":{"type":"LineString","coordinates":[[124.05,15.333],[125.067,14.65],[125.867,12.483],[127.183,8.633],[127.317,6.3],[128.333,4.467]]},"properties":{"name":"Philippine","type":"Trench","label":"Philippine Trench","cls":1,"feature_id":2431,"geom_src":"line","rep":[127.1833,8.6333]}},{"type":"Feature","geometry":{"type":"Point","coordinates":[25.5,34.25]},"properties":{"name":"Pliny","type":"Trench","label":"Pliny Trench","cls":1,"feature_id":2457,"geom_src":"point","rep":[25.5,34.25]}},{"type":"Feature","geometry":{"type":"Point","coordinates":[24,34.5833]},"properties":{"name":"Ptolemy","type":"Trench","label":"Ptolemy Trench","cls":1,"feature_id":2518,"geom_src":"point","rep":[24,34.5833]}},{"type":"Feature","geometry":{"type":"LineString","coordinates":[[-68.5,19.5],[-67.228,19.704],[-65.991,19.898],[-65.393,19.921],[-64.228,19.903],[-63.507,19.81],[-62.731,19.634],[-62,19.25]]},"properties":{"name":"Puerto Rico","type":"Trench","label":"Puerto Rico Trench","cls":1,"feature_id":2520,"geom_src":"line","rep":[-64.2276,19.9033]}},{"type":"Feature","geometry":{"type":"LineString","coordinates":[[165.5,-46],[165.296,-46.135],[165.149,-46.321],[165.052,-46.559],[164.941,-46.983],[164.764,-47.263],[164.619,-47.585],[164.506,-47.808],[164.379,-48.324],[164.258,-48.69],[164.051,-48.973],[163.839,-49.382],[163.667,-49.583]]},"properties":{"name":"Puysegur","type":"Trench","label":"Puysegur Trench","cls":1,"feature_id":2527,"geom_src":"line","rep":[164.6195,-47.5854]}},{"type":"Feature","geometry":{"type":"LineString","coordinates":[[167.333,-17.75],[167.612,-18.452],[167.817,-19.061],[168.148,-19.719],[168.4,-20.283],[168.693,-20.906],[168.95,-21.25],[169.306,-21.805],[169.817,-22.3],[170.273,-22.592],[170.833,-22.95],[171.322,-23.051],[171.717,-23.133],[172.213,-23.093],[172.733,-23.05],[173.086,-22.912],[173.391,-22.78],[173.732,-22.824],[174.167,-22.75]]},"properties":{"name":"South New Hebrides","type":"Trench","label":"South New Hebrides Trench","cls":1,"feature_id":2925,"geom_src":"line","rep":[170.2731,-22.5922]}},{"type":"Feature","geometry":{"type":"LineString","coordinates":[[-32.767,-54.75],[-27.183,-55.117],[-24.233,-57.067],[-23.8,-58.75],[-24.35,-59.917],[-26.2,-60.633]]},"properties":{"name":"South Sandwich","type":"Trench","label":"South Sandwich Trench","cls":1,"feature_id":2929,"geom_src":"line","rep":[-23.8,-58.75]}},{"type":"Feature","geometry":{"type":"Point","coordinates":[162.75,-11.3333]},"properties":{"name":"South Solomon","type":"Trench","label":"South Solomon Trench","cls":1,"feature_id":2933,"geom_src":"point","rep":[162.75,-11.3333]}},{"type":"Feature","geometry":{"type":"Point","coordinates":[27,34.3333]},"properties":{"name":"Strabo","type":"Trench","label":"Strabo Trench","cls":1,"feature_id":2991,"geom_src":"point","rep":[27,34.3333]}},{"type":"Feature","geometry":{"type":"LineString","coordinates":[[100,-4.5],[100.75,-5.372],[101.348,-6.044],[101.899,-6.618],[102.641,-7.312],[103.383,-7.766],[104.341,-8.148],[105.07,-8.563],[105.705,-8.982],[106.6,-9.433],[107.357,-9.767],[108.127,-10.021],[109.182,-10.21],[110.398,-10.383],[111.619,-10.526],[112.972,-10.748],[113.303,-10.923],[114.899,-11.106],[115.574,-11.275],[116.044,-11.254],[116.554,-11.355],[118.513,-11.21],[119,-11.167]]},"properties":{"name":"Sunda","type":"Trench","label":"Sunda Trench","cls":1,"feature_id":3017,"geom_src":"line","rep":[108.1274,-10.0207]}},{"type":"Feature","geometry":{"type":"LineString","coordinates":[[-175.167,-24.5],[-174.991,-24.017],[-174.886,-23.652],[-174.565,-22.996],[-174.37,-22.647],[-174.203,-22.259],[-174.114,-22.118],[-173.911,-21.895],[-173.821,-21.712],[-173.785,-21.564],[-173.75,-21.399],[-173.685,-21.173],[-173.597,-20.975],[-173.486,-20.848],[-173.386,-20.709],[-173.309,-20.532],[-173.221,-20.366],[-173.133,-20.15],[-173.08,-19.939],[-173.032,-19.735],[-172.987,-19.542],[-172.91,-19.304],[-172.833,-19.097],[-172.779,-18.849],[-172.723,-18.588],[-172.651,-18.487],[-172.557,-18.33],[-172.475,-18.105],[-172.463,-17.835],[-172.413,-17.525],[-172.328,-17.232],[-172.298,-16.978],[-172.263,-16.689],[-172.245,-16.406],[-172.222,-16.167],[-172.167,-16]]},"properties":{"name":"Tonga","type":"Trench","label":"Tonga Trench","cls":1,"feature_id":3140,"geom_src":"line","rep":[-173.0799,-19.9388]}},{"type":"Feature","geometry":{"type":"LineString","coordinates":[[63,-12.083],[67.333,-9],[68.5,-8]]},"properties":{"name":"Vema","type":"Trench","label":"Vema Trench","cls":1,"feature_id":3249,"geom_src":"line","rep":[67.3333,-9]}},{"type":"Feature","geometry":{"type":"LineString","coordinates":[[173.745,-12.419],[172.022,-11.324],[171.036,-10.548],[169.535,-9.918],[169.011,-9.288],[168.096,-8.604]]},"properties":{"name":"Vityaz","type":"Trench","label":"Vityaz Trench","cls":1,"feature_id":3278,"geom_src":"line","rep":[169.5349,-9.9184]}},{"type":"Feature","geometry":{"type":"LineString","coordinates":[[142.083,-1.5],[143.853,-0.84],[144.76,-0.593],[146.038,-0.304],[147.398,-0.194],[148.978,-0.359],[149.96,-0.918],[150.295,-0.866],[150.425,-1.088],[150.515,-1.259],[150.9,-1.33],[151.5,-1.5]]},"properties":{"name":"West Melanesian","type":"Trench","label":"West Melanesian Trench","cls":1,"feature_id":3333,"geom_src":"line","rep":[149.96,-0.9175]}},{"type":"Feature","geometry":{"type":"LineString","coordinates":[[139,11.667],[138.667,10],[137.456,7.609],[137.231,7.439],[137,7.333]]},"properties":{"name":"Yap","type":"Trench","label":"Yap Trench","cls":1,"feature_id":3390,"geom_src":"line","rep":[137.4559,7.6092]}},{"type":"Feature","geometry":{"type":"Point","coordinates":[-123.1467,-62.4222]},"properties":{"name":"Amundsen","type":"Abyssal Plain","label":"Amundsen Abyssal Plain","cls":2,"feature_id":123,"geom_src":"polygon","rep":[-123.1467,-62.4222],"axis":[[-128.464,-61.697],[-117.817,-63.223]]}},{"type":"Feature","geometry":{"type":"Point","coordinates":[2,-12.75]},"properties":{"name":"Angola","type":"Abyssal Plain","label":"Angola Abyssal Plain","cls":2,"feature_id":142,"geom_src":"point","rep":[2,-12.75]}},{"type":"Feature","geometry":{"type":"LineString","coordinates":[[-53.5,-47],[-46,-48]]},"properties":{"name":"Argentine","type":"Abyssal Plain","label":"Argentine Abyssal Plain","cls":2,"feature_id":192,"geom_src":"line","rep":[-46,-48]}},{"type":"Feature","geometry":{"type":"Point","coordinates":[116,-14.5]},"properties":{"name":"Argo","type":"Abyssal Plain","label":"Argo Abyssal Plain","cls":2,"feature_id":196,"geom_src":"point","rep":[116,-14.5]}},{"type":"Feature","geometry":{"type":"Point","coordinates":[40,85]},"properties":{"name":"Barents","type":"Abyssal Plain","label":"Barents Abyssal Plain","cls":2,"feature_id":279,"geom_src":"point","rep":[40,85]}},{"type":"Feature","geometry":{"type":"Point","coordinates":[-101.6361,-62.0612]},"properties":{"name":"Bellingshausen","type":"Abyssal Plain","label":"Bellingshausen Abyssal Plain","cls":2,"feature_id":313,"geom_src":"polygon","rep":[-101.6361,-62.0612],"axis":[[-109.609,-60.955],[-94.386,-63.105]]}},{"type":"Feature","geometry":{"type":"Point","coordinates":[-7,45.5]},"properties":{"name":"Biscay","type":"Abyssal Plain","label":"Biscay Abyssal Plain","cls":2,"feature_id":341,"geom_src":"point","rep":[-7,45.5]}},{"type":"Feature","geometry":{"type":"Point","coordinates":[-76.0667,29.5]},"properties":{"name":"Blake","type":"Abyssal Plain","label":"Blake Abyssal Plain","cls":2,"feature_id":351,"geom_src":"point","rep":[-76.0667,29.5]}},{"type":"Feature","geometry":{"type":"Point","coordinates":[1,77]},"properties":{"name":"Boreas","type":"Abyssal Plain","label":"Boreas Abyssal Plain","cls":2,"feature_id":375,"geom_src":"point","rep":[1,77]}},{"type":"Feature","geometry":{"type":"Point","coordinates":[-25,-10]},"properties":{"name":"Brasilian","type":"Abyssal Plain","label":"Brasilian Abyssal Plain","cls":2,"feature_id":400,"geom_src":"point","rep":[-25,-10]}},{"type":"Feature","geometry":{"type":"Point","coordinates":[-151.8674,75.5719]},"properties":{"name":"Canada","type":"Abyssal Plain","label":"Canada Abyssal Plain","cls":2,"feature_id":470,"geom_src":"polygon","rep":[-151.8674,75.5719],"axis":[[-156.313,73.375],[-147.594,77.907]]}},{"type":"Feature","geometry":{"type":"Point","coordinates":[11.75,-35.25]},"properties":{"name":"Cape","type":"Abyssal Plain","label":"Cape Abyssal Plain","cls":2,"feature_id":484,"geom_src":"point","rep":[11.75,-35.25]}},{"type":"Feature","geometry":{"type":"Point","coordinates":[-24,23]},"properties":{"name":"Cape Verde","type":"Abyssal Plain","label":"Cape Verde Abyssal Plain","cls":2,"feature_id":491,"geom_src":"point","rep":[-24,23]}},{"type":"Feature","geometry":{"type":"Point","coordinates":[-38.5016,0.8284]},"properties":{"name":"Ceará","type":"Abyssal Plain","label":"Ceará Abyssal Plain","cls":2,"feature_id":538,"geom_src":"polygon","rep":[-38.5016,0.8284],"axis":[[-42.747,2.971],[-34.695,-1.014]]}},{"type":"Feature","geometry":{"type":"Point","coordinates":[-172.3473,76.8821]},"properties":{"name":"Chukchi","type":"Abyssal Plain","label":"Chukchi Abyssal Plain","cls":2,"feature_id":606,"geom_src":"polygon","rep":[-172.3473,76.8821],"axis":[[-174.405,75.724],[-171.029,78.077]]}},{"type":"Feature","geometry":{"type":"Point","coordinates":[110.8333,-22]},"properties":{"name":"Cuvier","type":"Abyssal Plain","label":"Cuvier Abyssal Plain","cls":2,"feature_id":695,"geom_src":"point","rep":[110.8333,-22]}},{"type":"Feature","geometry":{"type":"Point","coordinates":[-51,10]},"properties":{"name":"Demerara","type":"Abyssal Plain","label":"Demerara Abyssal Plain","cls":2,"feature_id":766,"geom_src":"point","rep":[-51,10]}},{"type":"Feature","geometry":{"type":"Point","coordinates":[4,70]},"properties":{"name":"Dumshaf","type":"Abyssal Plain","label":"Dumshaf Abyssal Plain","cls":2,"feature_id":834,"geom_src":"point","rep":[4,70]}},{"type":"Feature","geometry":{"type":"Point","coordinates":[41.3391,-59.873]},"properties":{"name":"Enderby","type":"Abyssal Plain","label":"Enderby Abyssal Plain","cls":2,"feature_id":908,"geom_src":"polygon","rep":[41.3391,-59.873],"axis":[[23.974,-61.888],[56.294,-58.749]]}},{"type":"Feature","geometry":{"type":"Point","coordinates":[34,43]},"properties":{"name":"Euxine","type":"Abyssal Plain","label":"Euxine Abyssal Plain","cls":2,"feature_id":943,"geom_src":"point","rep":[34,43]}},{"type":"Feature","geometry":{"type":"Point","coordinates":[-30,-2.5]},"properties":{"name":"Fernando de Noronha","type":"Abyssal Plain","label":"Fernando de Noronha Abyssal Plain","cls":2,"feature_id":990,"geom_src":"point","rep":[-30,-2.5]}},{"type":"Feature","geometry":{"type":"Point","coordinates":[-10.75,36]},"properties":{"name":"Ferradura","type":"Abyssal Plain","label":"Ferradura Abyssal Plain","cls":2,"feature_id":994,"geom_src":"point","rep":[-10.75,36]}},{"type":"Feature","geometry":{"type":"Point","coordinates":[-86,25.5]},"properties":{"name":"Florida","type":"Abyssal Plain","label":"Florida Abyssal Plain","cls":2,"feature_id":1023,"geom_src":"point","rep":[-86,25.5]}},{"type":"Feature","geometry":{"type":"Point","coordinates":[-2,75]},"properties":{"name":"Greenland","type":"Abyssal Plain","label":"Greenland Abyssal Plain","cls":2,"feature_id":1197,"geom_src":"point","rep":[-2,75]}},{"type":"Feature","geometry":{"type":"Point","coordinates":[-3.5,0.8333]},"properties":{"name":"Guinea","type":"Abyssal Plain","label":"Guinea Abyssal Plain","cls":2,"feature_id":1221,"geom_src":"point","rep":[-3.5,0.8333]}},{"type":"Feature","geometry":{"type":"Point","coordinates":[-70.5,29]},"properties":{"name":"Hatteras","type":"Abyssal Plain","label":"Hatteras Abyssal Plain","cls":2,"feature_id":1266,"geom_src":"point","rep":[-70.5,29]}},{"type":"Feature","geometry":{"type":"Point","coordinates":[-14,41.5]},"properties":{"name":"Iberian","type":"Abyssal Plain","label":"Iberian Abyssal Plain","cls":2,"feature_id":1385,"geom_src":"point","rep":[-14,41.5]}},{"type":"Feature","geometry":{"type":"Point","coordinates":[176.3086,-30.831]},"properties":{"name":"Kupe","type":"Abyssal Plain","label":"Kupe Abyssal Plain","cls":2,"feature_id":6691,"geom_src":"polygon","rep":[176.3086,-30.831],"axis":[[174.919,-33.267],[176.772,-28.423]]}},{"type":"Feature","geometry":{"type":"Point","coordinates":[-23,31]},"properties":{"name":"Madeira","type":"Abyssal Plain","label":"Madeira Abyssal Plain","cls":2,"feature_id":1816,"geom_src":"point","rep":[-23,31]}},{"type":"Feature","geometry":{"type":"Point","coordinates":[-169.0567,80.4927]},"properties":{"name":"Mendeleev","type":"Abyssal Plain","label":"Mendeleev Abyssal Plain","cls":2,"feature_id":1961,"geom_src":"polygon","rep":[-169.0567,80.4927],"axis":[[-173.727,81.389],[-165.431,79.763]]}},{"type":"Feature","geometry":{"type":"Point","coordinates":[-86,-53]},"properties":{"name":"Mornington","type":"Abyssal Plain","label":"Mornington Abyssal Plain","cls":2,"feature_id":2072,"geom_src":"point","rep":[-86,-53]}},{"type":"Feature","geometry":{"type":"Point","coordinates":[5.5,-30.25]},"properties":{"name":"Namibia","type":"Abyssal Plain","label":"Namibia Abyssal Plain","cls":2,"feature_id":2128,"geom_src":"point","rep":[5.5,-30.25]}},{"type":"Feature","geometry":{"type":"Point","coordinates":[-64.5,23.5]},"properties":{"name":"Nares","type":"Abyssal Plain","label":"Nares Abyssal Plain","cls":2,"feature_id":2137,"geom_src":"point","rep":[-64.5,23.5]}},{"type":"Feature","geometry":{"type":"Point","coordinates":[-161.2657,75.5951]},"properties":{"name":"Northwind","type":"Abyssal Plain","label":"Northwind Abyssal Plain","cls":2,"feature_id":2244,"geom_src":"polygon","rep":[-161.2657,75.5951],"axis":[[-161.053,74.289],[-160.463,76.891]]}},{"type":"Feature","geometry":{"type":"Point","coordinates":[61,23.5]},"properties":{"name":"Oman","type":"Abyssal Plain","label":"Oman Abyssal Plain","cls":2,"feature_id":2301,"geom_src":"point","rep":[61,23.5]}},{"type":"Feature","geometry":{"type":"Point","coordinates":[152,-14]},"properties":{"name":"Papua","type":"Abyssal Plain","label":"Papua Abyssal Plain","cls":2,"feature_id":2362,"geom_src":"point","rep":[152,-14]}},{"type":"Feature","geometry":{"type":"Point","coordinates":[-42,6]},"properties":{"name":"Para","type":"Abyssal Plain","label":"Para Abyssal Plain","cls":2,"feature_id":2364,"geom_src":"point","rep":[-42,6]}},{"type":"Feature","geometry":{"type":"Point","coordinates":[-27,-7.5]},"properties":{"name":"Pernambuco","type":"Abyssal Plain","label":"Pernambuco Abyssal Plain","cls":2,"feature_id":2404,"geom_src":"point","rep":[-27,-7.5]}},{"type":"Feature","geometry":{"type":"LineString","coordinates":[[125,86.833],[130,84]]},"properties":{"name":"Pole","type":"Abyssal Plain","label":"Pole Abyssal Plain","cls":2,"feature_id":2468,"geom_src":"line","rep":[130,84]}},{"type":"Feature","geometry":{"type":"Point","coordinates":[-16,49]},"properties":{"name":"Porcupine","type":"Abyssal Plain","label":"Porcupine Abyssal Plain","cls":2,"feature_id":2470,"geom_src":"point","rep":[-16,49]}},{"type":"Feature","geometry":{"type":"Point","coordinates":[-35,-36]},"properties":{"name":"Rio Grande","type":"Abyssal Plain","label":"Rio Grande Abyssal Plain","cls":2,"feature_id":2597,"geom_src":"point","rep":[-35,-36]}},{"type":"Feature","geometry":{"type":"LineString","coordinates":[[5,37.5],[7.667,40.5]]},"properties":{"name":"Sardino-Balearic","type":"Abyssal Plain","label":"Sardino-Balearic Abyssal Plain","cls":2,"feature_id":2737,"geom_src":"line","rep":[7.6667,40.5]}},{"type":"Feature","geometry":{"type":"Point","coordinates":[-12.5,34]},"properties":{"name":"Seine","type":"Abyssal Plain","label":"Seine Abyssal Plain","cls":2,"feature_id":2785,"geom_src":"point","rep":[-12.5,34]}},{"type":"Feature","geometry":{"type":"Point","coordinates":[168.8149,87.2159]},"properties":{"name":"Siberia","type":"Abyssal Plain","label":"Siberia Abyssal Plain","cls":2,"feature_id":2854,"geom_src":"polygon","rep":[168.8149,87.2159],"axis":[[165.075,88.394],[166.911,85.86]]}},{"type":"Feature","geometry":{"type":"Point","coordinates":[-92.6515,24.0334]},"properties":{"name":"Sigsbee","type":"Abyssal Plain","label":"Sigsbee Abyssal Plain","cls":2,"feature_id":2863,"geom_src":"polygon","rep":[-92.6515,24.0334],"axis":[[-94.829,23.424],[-89.711,24.229]]}},{"type":"Feature","geometry":{"type":"Point","coordinates":[19.25,34.1667]},"properties":{"name":"Sirte","type":"Abyssal Plain","label":"Sirte Abyssal Plain","cls":2,"feature_id":2875,"geom_src":"point","rep":[19.25,34.1667]}},{"type":"Feature","geometry":{"type":"Point","coordinates":[52.5,5]},"properties":{"name":"Somali","type":"Abyssal Plain","label":"Somali Abyssal Plain","cls":2,"feature_id":2903,"geom_src":"point","rep":[52.5,5]}},{"type":"Feature","geometry":{"type":"Point","coordinates":[-55,34]},"properties":{"name":"Suhm","type":"Abyssal Plain","label":"Suhm Abyssal Plain","cls":2,"feature_id":3006,"geom_src":"point","rep":[-55,34]}},{"type":"Feature","geometry":{"type":"Point","coordinates":[155,-35]},"properties":{"name":"Tasman","type":"Abyssal Plain","label":"Tasman Abyssal Plain","cls":2,"feature_id":3075,"geom_src":"point","rep":[155,-35]}},{"type":"Feature","geometry":{"type":"Point","coordinates":[70,-62.5]},"properties":{"name":"Valdivia","type":"Abyssal Plain","label":"Valdivia Abyssal Plain","cls":2,"feature_id":3230,"geom_src":"point","rep":[70,-62.5]}},{"type":"Feature","geometry":{"type":"Point","coordinates":[-21.8488,-66.6152]},"properties":{"name":"Weddell","type":"Abyssal Plain","label":"Weddell Abyssal Plain","cls":2,"feature_id":3318,"geom_src":"polygon","rep":[-21.8488,-66.6152],"axis":[[-46.372,-67.572],[3.356,-63.449]]}},{"type":"Feature","geometry":{"type":"Point","coordinates":[168.2137,81.6678]},"properties":{"name":"Wrangel","type":"Abyssal Plain","label":"Wrangel Abyssal Plain","cls":2,"feature_id":3370,"geom_src":"polygon","rep":[168.2137,81.6678],"axis":[[165.85,84.062],[168.769,78.876]]}},{"type":"Feature","geometry":{"type":"Point","coordinates":[175,-71]},"properties":{"name":"Adare","type":"Basin","label":"Adare Basin","cls":2,"feature_id":16,"geom_src":"point","rep":[175,-71]}},{"type":"Feature","geometry":{"type":"LineString","coordinates":[[10,-46],[30,-46]]},"properties":{"name":"Agulhas","type":"Basin","label":"Agulhas Basin","cls":2,"feature_id":36,"geom_src":"line","rep":[30,-46]}},{"type":"Feature","geometry":{"type":"LineString","coordinates":[[-4.5,35.833],[-1.833,36.417]]},"properties":{"name":"Alborán","type":"Basin","label":"Alborán Basin","cls":2,"feature_id":62,"geom_src":"line","rep":[-1.8333,36.4167]}},{"type":"Feature","geometry":{"type":"Point","coordinates":[-179.999,57]},"properties":{"name":"Aleutian","type":"Basin","label":"Aleutian Basin","cls":2,"feature_id":70,"geom_src":"point","rep":[-179.999,57],"apple_minzoom":3,"apple_type":"undersea-area/trench/trough","apple_rank":null,"apple_name":"Aleutian Trench"}},{"type":"Feature","geometry":{"type":"LineString","coordinates":[[-1.5,36],[0.972,37.177],[4,38]]},"properties":{"name":"Algerian","type":"Basin","label":"Algerian Basin","cls":2,"feature_id":77,"geom_src":"line","rep":[0.9723,37.1775]}},{"type":"Feature","geometry":{"type":"LineString","coordinates":[[134,26.667],[134,29]]},"properties":{"name":"Amami Sankaku","type":"Basin","label":"Amami Sankaku Basin","cls":2,"feature_id":102,"geom_src":"line","rep":[134,29]}},{"type":"Feature","geometry":{"type":"Point","coordinates":[74.5,-68.25]},"properties":{"name":"Amery","type":"Basin","label":"Amery Basin","cls":2,"feature_id":110,"geom_src":"point","rep":[74.5,-68.25]}},{"type":"Feature","geometry":{"type":"Point","coordinates":[54.5,-7]},"properties":{"name":"Amirante","type":"Basin","label":"Amirante Basin","cls":2,"feature_id":113,"geom_src":"point","rep":[54.5,-7]}},{"type":"Feature","geometry":{"type":"Point","coordinates":[-173,52.5]},"properties":{"name":"Amlia","type":"Basin","label":"Amlia Basin","cls":2,"feature_id":115,"geom_src":"point","rep":[-173,52.5]}},{"type":"Feature","geometry":{"type":"LineString","coordinates":[[125,81.75],[10,86.5]]},"properties":{"name":"Amundsen","type":"Basin","label":"Amundsen Basin","cls":2,"feature_id":3452,"geom_src":"line","rep":[10,86.5]}},{"type":"Feature","geometry":{"type":"Point","coordinates":[94.5,10.5]},"properties":{"name":"Andaman","type":"Basin","label":"Andaman Basin","cls":2,"feature_id":132,"geom_src":"point","rep":[94.5,10.5]}},{"type":"Feature","geometry":{"type":"LineString","coordinates":[[3,-9],[3.418,-11.373],[3.418,-14.621],[3.089,-17.564],[2.373,-19.358],[1,-21]]},"properties":{"name":"Angola","type":"Basin","label":"Angola Basin","cls":2,"feature_id":143,"geom_src":"line","rep":[3.0893,-17.5638]}},{"type":"Feature","geometry":{"type":"Point","coordinates":[-117.5833,31.3333]},"properties":{"name":"Animal","type":"Basin","label":"Animal Basin","cls":2,"feature_id":146,"geom_src":"point","rep":[-117.5833,31.3333]}},{"type":"Feature","geometry":{"type":"Point","coordinates":[31.5,36]},"properties":{"name":"Antalya","type":"Basin","label":"Antalya Basin","cls":2,"feature_id":154,"geom_src":"point","rep":[31.5,36]}},{"type":"Feature","geometry":{"type":"Point","coordinates":[123.94,17.8583]},"properties":{"name":"Apin","type":"Basin","label":"Apin Basin","cls":2,"feature_id":889754,"geom_src":"polygon","rep":[123.94,17.8583],"axis":[[123.883,17.998],[124.052,17.695]]}},{"type":"Feature","geometry":{"type":"Point","coordinates":[65,12]},"properties":{"name":"Arabian","type":"Basin","label":"Arabian Basin","cls":2,"feature_id":175,"geom_src":"point","rep":[65,12],"apple_minzoom":3,"apple_type":"undersea-area/basin","apple_rank":null,"apple_name":"Arabian Basin"}},{"type":"Feature","geometry":{"type":"Point","coordinates":[-73.6954,-37.8174]},"properties":{"name":"Arauco","type":"Basin","label":"Arauco Basin","cls":2,"feature_id":3453,"geom_src":"polygon","rep":[-73.6954,-37.8174],"axis":[[-73.798,-38.752],[-73.557,-36.773]]}},{"type":"Feature","geometry":{"type":"Point","coordinates":[-43,-43]},"properties":{"name":"Argentine","type":"Basin","label":"Argentine Basin","cls":2,"feature_id":193,"geom_src":"point","rep":[-43,-43],"apple_minzoom":3,"apple_type":"undersea-area/basin","apple_rank":null,"apple_name":"Argentine Basin"}},{"type":"Feature","geometry":{"type":"Point","coordinates":[23.25,36.5]},"properties":{"name":"Argolikós","type":"Basin","label":"Argolikós Basin","cls":2,"feature_id":197,"geom_src":"point","rep":[23.25,36.5]}},{"type":"Feature","geometry":{"type":"Point","coordinates":[133.75,-5.5]},"properties":{"name":"Aru","type":"Basin","label":"Aru Basin","cls":2,"feature_id":213,"geom_src":"point","rep":[133.75,-5.5]}},{"type":"Feature","geometry":{"type":"Point","coordinates":[-174,51.3333]},"properties":{"name":"Atka","type":"Basin","label":"Atka Basin","cls":2,"feature_id":226,"geom_src":"point","rep":[-174,51.3333]}},{"type":"Feature","geometry":{"type":"Point","coordinates":[129.4169,0.5897]},"properties":{"name":"Aurora","type":"Basin","label":"Aurora Basin","cls":2,"feature_id":889701,"geom_src":"polygon","rep":[129.4169,0.5897],"axis":[[129.356,0.655],[129.491,0.534]]}},{"type":"Feature","geometry":{"type":"Point","coordinates":[111.1135,-57.1913]},"properties":{"name":"Australian-Antarctic","type":"Basin","label":"Australian-Antarctic Basin","cls":2,"feature_id":245,"geom_src":"polygon","rep":[111.1135,-57.1913],"axis":[[81.531,-54.352],[146.49,-60.973]],"apple_minzoom":3,"apple_type":"undersea-area/basin","apple_rank":null,"apple_name":"Australian-Antarctic Basin"}},{"type":"Feature","geometry":{"type":"Point","coordinates":[-64.9353,71.5395]},"properties":{"name":"Baffin","type":"Basin","label":"Baffin Basin","cls":2,"feature_id":889961,"geom_src":"polygon","rep":[-64.9353,71.5395],"axis":[[-70.376,74.893],[-58.732,66.646]]}},{"type":"Feature","geometry":{"type":"Point","coordinates":[-74.25,29.25]},"properties":{"name":"Bahama","type":"Basin","label":"Bahama Basin","cls":2,"feature_id":255,"geom_src":"point","rep":[-74.25,29.25]}},{"type":"Feature","geometry":{"type":"Point","coordinates":[115.75,-7.75]},"properties":{"name":"Bali","type":"Basin","label":"Bali Basin","cls":2,"feature_id":266,"geom_src":"point","rep":[115.75,-7.75]}},{"type":"Feature","geometry":{"type":"LineString","coordinates":[[142.083,34.667],[142.083,32.833]]},"properties":{"name":"Bando","type":"Basin","label":"Bando Basin","cls":2,"feature_id":5160,"geom_src":"line","rep":[142.0833,32.8333]}},{"type":"Feature","geometry":{"type":"Point","coordinates":[134.8591,13.9603]},"properties":{"name":"Bang","type":"Basin","label":"Bang Basin","cls":2,"feature_id":889148,"geom_src":"polygon","rep":[134.8591,13.9603],"axis":[[134.857,13.818],[134.875,14.112]]}},{"type":"Feature","geometry":{"type":"Point","coordinates":[-59.4167,12]},"properties":{"name":"Barbados","type":"Basin","label":"Barbados Basin","cls":2,"feature_id":274,"geom_src":"point","rep":[-59.4167,12]}},{"type":"Feature","geometry":{"type":"Point","coordinates":[-101,-10]},"properties":{"name":"Bauer","type":"Basin","label":"Bauer Basin","cls":2,"feature_id":293,"geom_src":"point","rep":[-101,-10]}},{"type":"Feature","geometry":{"type":"Point","coordinates":[134.6071,13.9077]},"properties":{"name":"Baungor","type":"Basin","label":"Baungor Basin","cls":2,"feature_id":888849,"geom_src":"polygon","rep":[134.6071,13.9077],"axis":[[134.58,13.732],[134.639,14.062]]}},{"type":"Feature","geometry":{"type":"Point","coordinates":[-108.8261,-59.8297]},"properties":{"name":"Bellingshausen","type":"Basin","label":"Bellingshausen Basin","cls":2,"feature_id":3455,"geom_src":"polygon","rep":[-108.8261,-59.8297],"axis":[[-166.156,-71.848],[-80.358,-51.523]]}},{"type":"Feature","geometry":{"type":"Point","coordinates":[134.7333,13.8717]},"properties":{"name":"Berdebed","type":"Basin","label":"Berdebed Basin","cls":2,"feature_id":888851,"geom_src":"polygon","rep":[134.7333,13.8717],"axis":[[134.715,13.774],[134.743,13.964]]}},{"type":"Feature","geometry":{"type":"Point","coordinates":[-75.8333,28.5833]},"properties":{"name":"Blake","type":"Basin","label":"Blake Basin","cls":2,"feature_id":352,"geom_src":"point","rep":[-75.8333,28.5833]}},{"type":"Feature","geometry":{"type":"Point","coordinates":[-67.5,11.4167]},"properties":{"name":"Bonaire","type":"Basin","label":"Bonaire Basin","cls":2,"feature_id":368,"geom_src":"point","rep":[-67.5,11.4167]}},{"type":"Feature","geometry":{"type":"Point","coordinates":[121.5,-6]},"properties":{"name":"Bone","type":"Basin","label":"Bone Basin","cls":2,"feature_id":370,"geom_src":"point","rep":[121.5,-6]}},{"type":"Feature","geometry":{"type":"Point","coordinates":[-30.7878,2.9957]},"properties":{"name":"Bosísio","type":"Basin","label":"Bosísio Basin","cls":2,"feature_id":889180,"geom_src":"polygon","rep":[-30.7878,2.9957],"axis":[[-30.899,3.071],[-30.704,2.928]]}},{"type":"Feature","geometry":{"type":"Point","coordinates":[176,53.5]},"properties":{"name":"Bowers","type":"Basin","label":"Bowers Basin","cls":2,"feature_id":392,"geom_src":"point","rep":[176,53.5]}},{"type":"Feature","geometry":{"type":"Point","coordinates":[-25,-15]},"properties":{"name":"Brazil","type":"Basin","label":"Brazil Basin","cls":2,"feature_id":402,"geom_src":"point","rep":[-25,-15],"apple_minzoom":3,"apple_type":"undersea-area/basin","apple_rank":null,"apple_name":"Brazil Basin"}},{"type":"Feature","geometry":{"type":"Point","coordinates":[-25,-75]},"properties":{"name":"Brunt","type":"Basin","label":"Brunt Basin","cls":2,"feature_id":423,"geom_src":"point","rep":[-25,-75]}},{"type":"Feature","geometry":{"type":"Point","coordinates":[134.5029,13.8078]},"properties":{"name":"Bsall","type":"Basin","label":"Bsall Basin","cls":2,"feature_id":888850,"geom_src":"polygon","rep":[134.5029,13.8078],"axis":[[134.494,13.642],[134.502,13.962]]}},{"type":"Feature","geometry":{"type":"Point","coordinates":[134.4661,13.5266]},"properties":{"name":"Bsodech","type":"Basin","label":"Bsodech Basin","cls":2,"feature_id":889033,"geom_src":"polygon","rep":[134.4661,13.5266],"axis":[[134.433,13.623],[134.505,13.436]]}},{"type":"Feature","geometry":{"type":"Point","coordinates":[134.7755,13.1728]},"properties":{"name":"Bsukel","type":"Basin","label":"Bsukel Basin","cls":2,"feature_id":888853,"geom_src":"polygon","rep":[134.7755,13.1728],"axis":[[134.734,13.074],[134.824,13.284]]}},{"type":"Feature","geometry":{"type":"Point","coordinates":[-30.9939,3.1073]},"properties":{"name":"Caboclo","type":"Basin","label":"Caboclo Basin","cls":2,"feature_id":889181,"geom_src":"polygon","rep":[-30.9939,3.1073],"axis":[[-31.064,3.188],[-30.933,3.028]]}},{"type":"Feature","geometry":{"type":"Point","coordinates":[-143.2715,77.3536]},"properties":{"name":"Canada","type":"Basin","label":"Canada Basin","cls":2,"feature_id":471,"geom_src":"polygon","rep":[-143.2715,77.3536],"axis":[[-153.904,72.861],[-128.977,82.391]]}},{"type":"Feature","geometry":{"type":"Point","coordinates":[-24,30]},"properties":{"name":"Canary","type":"Basin","label":"Canary Basin","cls":2,"feature_id":472,"geom_src":"point","rep":[-24,30],"apple_minzoom":3,"apple_type":"undersea-area/basin","apple_rank":null,"apple_name":"Canary Basin"}},{"type":"Feature","geometry":{"type":"Point","coordinates":[6.75,-35.75]},"properties":{"name":"Cape","type":"Basin","label":"Cape Basin","cls":2,"feature_id":485,"geom_src":"point","rep":[6.75,-35.75]}},{"type":"Feature","geometry":{"type":"Point","coordinates":[-110.5,26.25]},"properties":{"name":"Carmen","type":"Basin","label":"Carmen Basin","cls":2,"feature_id":506,"geom_src":"point","rep":[-110.5,26.25]}},{"type":"Feature","geometry":{"type":"Point","coordinates":[-128,46.6667]},"properties":{"name":"Cascadia","type":"Basin","label":"Cascadia Basin","cls":2,"feature_id":5200,"geom_src":"point","rep":[-128,46.6667]}},{"type":"Feature","geometry":{"type":"Point","coordinates":[-118.5,33.1667]},"properties":{"name":"Catalina","type":"Basin","label":"Catalina Basin","cls":2,"feature_id":527,"geom_src":"point","rep":[-118.5,33.1667]}},{"type":"Feature","geometry":{"type":"Point","coordinates":[14,38.25]},"properties":{"name":"Cefalu","type":"Basin","label":"Cefalu Basin","cls":2,"feature_id":544,"geom_src":"point","rep":[14,38.25]}},{"type":"Feature","geometry":{"type":"Point","coordinates":[122,3]},"properties":{"name":"Celebes","type":"Basin","label":"Celebes Basin","cls":2,"feature_id":545,"geom_src":"point","rep":[122,3]}},{"type":"Feature","geometry":{"type":"Point","coordinates":[178.4913,-71.8214]},"properties":{"name":"Central","type":"Basin","label":"Central Basin","cls":2,"feature_id":550,"geom_src":"polygon","rep":[178.4913,-71.8214],"axis":[[177.69,-72.764],[179.192,-70.934]]}},{"type":"Feature","geometry":{"type":"Point","coordinates":[-179.999,9]},"properties":{"name":"Central Pacific","type":"Basin","label":"Central Pacific Basin","cls":2,"feature_id":553,"geom_src":"point","rep":[-179.999,9]}},{"type":"Feature","geometry":{"type":"Point","coordinates":[134.4777,13.0397]},"properties":{"name":"Chedui","type":"Basin","label":"Chedui Basin","cls":2,"feature_id":888854,"geom_src":"polygon","rep":[134.4777,13.0397],"axis":[[134.427,12.923],[134.518,13.145]]}},{"type":"Feature","geometry":{"type":"Point","coordinates":[134.6905,12.9508]},"properties":{"name":"Chelbesoi","type":"Basin","label":"Chelbesoi Basin","cls":2,"feature_id":888855,"geom_src":"polygon","rep":[134.6905,12.9508],"axis":[[134.661,12.812],[134.711,13.062]]}},{"type":"Feature","geometry":{"type":"Point","coordinates":[135.0447,13.0132]},"properties":{"name":"Chelbuil","type":"Basin","label":"Chelbuil Basin","cls":2,"feature_id":888856,"geom_src":"polygon","rep":[135.0447,13.0132],"axis":[[134.985,13.201],[135.087,12.836]]}},{"type":"Feature","geometry":{"type":"Point","coordinates":[134.7762,12.7109]},"properties":{"name":"Chetitel","type":"Basin","label":"Chetitel Basin","cls":2,"feature_id":888857,"geom_src":"polygon","rep":[134.7762,12.7109],"axis":[[134.72,12.515],[134.849,12.951]]}},{"type":"Feature","geometry":{"type":"Point","coordinates":[-77,-28]},"properties":{"name":"Chile","type":"Basin","label":"Chile Basin","cls":2,"feature_id":588,"geom_src":"point","rep":[-77,-28]}},{"type":"Feature","geometry":{"type":"Point","coordinates":[-74.8067,-43.7954]},"properties":{"name":"Chiloé","type":"Basin","label":"Chiloé Basin","cls":2,"feature_id":3459,"geom_src":"polygon","rep":[-74.8067,-43.7954],"axis":[[-75.413,-46.299],[-74.186,-41.547]]}},{"type":"Feature","geometry":{"type":"Point","coordinates":[149,34]},"properties":{"name":"Cipangu","type":"Basin","label":"Cipangu Basin","cls":2,"feature_id":613,"geom_src":"point","rep":[149,34]}},{"type":"Feature","geometry":{"type":"Point","coordinates":[-80.6667,10.8333]},"properties":{"name":"Clark","type":"Basin","label":"Clark Basin","cls":2,"feature_id":620,"geom_src":"point","rep":[-80.6667,10.8333]}},{"type":"Feature","geometry":{"type":"Point","coordinates":[93,1]},"properties":{"name":"Cocos","type":"Basin","label":"Cocos Basin","cls":2,"feature_id":631,"geom_src":"point","rep":[93,1]}},{"type":"Feature","geometry":{"type":"Point","coordinates":[-159.5,-77]},"properties":{"name":"Colbeck","type":"Basin","label":"Colbeck Basin","cls":2,"feature_id":635,"geom_src":"point","rep":[-159.5,-77]}},{"type":"Feature","geometry":{"type":"Point","coordinates":[-76,14]},"properties":{"name":"Colombia","type":"Basin","label":"Colombia Basin","cls":2,"feature_id":637,"geom_src":"point","rep":[-76,14]}},{"type":"Feature","geometry":{"type":"Point","coordinates":[44,-13.5]},"properties":{"name":"Comoro","type":"Basin","label":"Comoro Basin","cls":2,"feature_id":645,"geom_src":"point","rep":[44,-13.5]}},{"type":"Feature","geometry":{"type":"Point","coordinates":[-30.6059,3.0573]},"properties":{"name":"Constituição","type":"Basin","label":"Constituição Basin","cls":2,"feature_id":889182,"geom_src":"polygon","rep":[-30.6059,3.0573],"axis":[[-30.688,3.114],[-30.52,3.01]]}},{"type":"Feature","geometry":{"type":"Point","coordinates":[151.3333,-13.6667]},"properties":{"name":"Coral","type":"Basin","label":"Coral Basin","cls":2,"feature_id":661,"geom_src":"point","rep":[151.3333,-13.6667]}},{"type":"Feature","geometry":{"type":"Point","coordinates":[7.8333,42.5]},"properties":{"name":"Corso-Ligurian","type":"Basin","label":"Corso-Ligurian Basin","cls":2,"feature_id":669,"geom_src":"point","rep":[7.8333,42.5]}},{"type":"Feature","geometry":{"type":"Point","coordinates":[60,-39]},"properties":{"name":"Crozet","type":"Basin","label":"Crozet Basin","cls":2,"feature_id":688,"geom_src":"point","rep":[60,-39],"apple_minzoom":4,"apple_type":"undersea-area/basin","apple_rank":null,"apple_name":"Crozet Basin"}},{"type":"Feature","geometry":{"type":"Point","coordinates":[34,34.75]},"properties":{"name":"Cyprus","type":"Basin","label":"Cyprus Basin","cls":2,"feature_id":698,"geom_src":"point","rep":[34,34.75]}},{"type":"Feature","geometry":{"type":"Point","coordinates":[26.7833,38.8333]},"properties":{"name":"Çandarli","type":"Basin","label":"Çandarli Basin","cls":2,"feature_id":473,"geom_src":"point","rep":[26.7833,38.8333]}},{"type":"Feature","geometry":{"type":"Point","coordinates":[-114,30.75]},"properties":{"name":"Delan","type":"Basin","label":"Delan Basin","cls":2,"feature_id":759,"geom_src":"point","rep":[-114,30.75]}},{"type":"Feature","geometry":{"type":"Point","coordinates":[-113.8333,29.6667]},"properties":{"name":"Delfin","type":"Basin","label":"Delfin Basin","cls":2,"feature_id":761,"geom_src":"point","rep":[-113.8333,29.6667]}},{"type":"Feature","geometry":{"type":"Point","coordinates":[145.75,53.5]},"properties":{"name":"Deryugin","type":"Basin","label":"Deryugin Basin","cls":2,"feature_id":771,"geom_src":"point","rep":[145.75,53.5]}},{"type":"Feature","geometry":{"type":"Point","coordinates":[-50.7893,47.0487]},"properties":{"name":"Downing","type":"Basin","label":"Downing Basin","cls":2,"feature_id":6506,"geom_src":"polygon","rep":[-50.7893,47.0487],"axis":[[-51.24,47.192],[-50.496,46.932]]}},{"type":"Feature","geometry":{"type":"Point","coordinates":[168.3065,-74.2619]},"properties":{"name":"Drygalski","type":"Basin","label":"Drygalski Basin","cls":2,"feature_id":830,"geom_src":"polygon","rep":[168.3065,-74.2619],"axis":[[163.258,-75.761],[173.79,-72.526]]}},{"type":"Feature","geometry":{"type":"Point","coordinates":[-2.2,36.2167]},"properties":{"name":"East Alborán","type":"Basin","label":"East Alborán Basin","cls":2,"feature_id":842,"geom_src":"point","rep":[-2.2,36.2167]}},{"type":"Feature","geometry":{"type":"Point","coordinates":[146,3]},"properties":{"name":"East Caroline","type":"Basin","label":"East Caroline Basin","cls":2,"feature_id":844,"geom_src":"point","rep":[146,3]}},{"type":"Feature","geometry":{"type":"Point","coordinates":[-118.5,32.25]},"properties":{"name":"East Cortes","type":"Basin","label":"East Cortes Basin","cls":2,"feature_id":845,"geom_src":"point","rep":[-118.5,32.25]}},{"type":"Feature","geometry":{"type":"Point","coordinates":[155,14.5]},"properties":{"name":"East Mariana","type":"Basin","label":"East Mariana Basin","cls":2,"feature_id":847,"geom_src":"point","rep":[155,14.5],"apple_minzoom":4,"apple_type":"undersea-ridge/ridge","apple_rank":null,"apple_name":"East Mariana Ridge"}},{"type":"Feature","geometry":{"type":"Point","coordinates":[-9.5,-70.5]},"properties":{"name":"Ekström","type":"Basin","label":"Ekström Basin","cls":2,"feature_id":877,"geom_src":"point","rep":[-9.5,-70.5]}},{"type":"Feature","geometry":{"type":"Point","coordinates":[162.5,-54]},"properties":{"name":"Emerald","type":"Basin","label":"Emerald Basin","cls":2,"feature_id":896,"geom_src":"point","rep":[162.5,-54]}},{"type":"Feature","geometry":{"type":"Point","coordinates":[-118.1333,31.8333]},"properties":{"name":"Emery","type":"Basin","label":"Emery Basin","cls":2,"feature_id":898,"geom_src":"point","rep":[-118.1333,31.8333]}},{"type":"Feature","geometry":{"type":"Point","coordinates":[103.6667,-6]},"properties":{"name":"Enggano","type":"Basin","label":"Enggano Basin","cls":2,"feature_id":915,"geom_src":"point","rep":[103.6667,-6]}},{"type":"Feature","geometry":{"type":"Point","coordinates":[165.8281,-77.2477]},"properties":{"name":"Erebus","type":"Basin","label":"Erebus Basin","cls":2,"feature_id":888782,"geom_src":"polygon","rep":[165.8281,-77.2477],"axis":[[165.651,-77.649],[166.179,-76.906]]}},{"type":"Feature","geometry":{"type":"LineString","coordinates":[[169.55,-18.667],[170.033,-19.267]]},"properties":{"name":"Erromango","type":"Basin","label":"Erromango Basin","cls":2,"feature_id":932,"geom_src":"line","rep":[170.0333,-19.2667]}},{"type":"Feature","geometry":{"type":"Point","coordinates":[-109.5,24.75]},"properties":{"name":"Farallón","type":"Basin","label":"Farallón Basin","cls":2,"feature_id":974,"geom_src":"point","rep":[-109.5,24.75]}},{"type":"Feature","geometry":{"type":"Point","coordinates":[165.75,-45.5833]},"properties":{"name":"Fiordland","type":"Basin","label":"Fiordland Basin","cls":2,"feature_id":6305,"geom_src":"point","rep":[165.75,-45.5833]}},{"type":"Feature","geometry":{"type":"Point","coordinates":[120,-7.75]},"properties":{"name":"Flores","type":"Basin","label":"Flores Basin","cls":2,"feature_id":1021,"geom_src":"point","rep":[120,-7.75]}},{"type":"Feature","geometry":{"type":"Point","coordinates":[-78,67]},"properties":{"name":"Foxe","type":"Basin","label":"Foxe Basin","cls":2,"feature_id":1042,"geom_src":"point","rep":[-78,67]}},{"type":"Feature","geometry":{"type":"Point","coordinates":[-28.5,13.5]},"properties":{"name":"Gambia","type":"Basin","label":"Gambia Basin","cls":2,"feature_id":1088,"geom_src":"point","rep":[-28.5,13.5]}},{"type":"Feature","geometry":{"type":"Point","coordinates":[135.5,-2.5]},"properties":{"name":"Geelvinck","type":"Basin","label":"Geelvinck Basin","cls":2,"feature_id":1110,"geom_src":"point","rep":[135.5,-2.5]}},{"type":"Feature","geometry":{"type":"Point","coordinates":[14,36.6667]},"properties":{"name":"Gela","type":"Basin","label":"Gela Basin","cls":2,"feature_id":1113,"geom_src":"point","rep":[14,36.6667]}},{"type":"Feature","geometry":{"type":"Point","coordinates":[-35.5,-50.75]},"properties":{"name":"Georgia","type":"Basin","label":"Georgia Basin","cls":2,"feature_id":1125,"geom_src":"point","rep":[-35.5,-50.75]}},{"type":"Feature","geometry":{"type":"Point","coordinates":[-179.999,-77.75]},"properties":{"name":"Glomar Challenger","type":"Basin","label":"Glomar Challenger Basin","cls":2,"feature_id":1148,"geom_src":"point","rep":[-179.999,-77.75]}},{"type":"Feature","geometry":{"type":"Point","coordinates":[124,-0.3333]},"properties":{"name":"Gorontalo","type":"Basin","label":"Gorontalo Basin","cls":2,"feature_id":5580,"geom_src":"point","rep":[124,-0.3333]}},{"type":"Feature","geometry":{"type":"Point","coordinates":[19.1667,58.5]},"properties":{"name":"Gotland","type":"Basin","label":"Gotland Basin","cls":2,"feature_id":1176,"geom_src":"point","rep":[19.1667,58.5]}},{"type":"Feature","geometry":{"type":"Point","coordinates":[-62,13.5]},"properties":{"name":"Grenada","type":"Basin","label":"Grenada Basin","cls":2,"feature_id":1202,"geom_src":"point","rep":[-62,13.5]}},{"type":"Feature","geometry":{"type":"LineString","coordinates":[[-100,5.5],[-90,11]]},"properties":{"name":"Guatemala","type":"Basin","label":"Guatemala Basin","cls":2,"feature_id":1210,"geom_src":"line","rep":[-90,11]}},{"type":"Feature","geometry":{"type":"Point","coordinates":[-111.25,27.3333]},"properties":{"name":"Guaymas","type":"Basin","label":"Guaymas Basin","cls":2,"feature_id":1212,"geom_src":"point","rep":[-111.25,27.3333]}},{"type":"Feature","geometry":{"type":"Point","coordinates":[134.6499,11.7116]},"properties":{"name":"Hahirohoshi","type":"Basin","label":"Hahirohoshi Basin","cls":2,"feature_id":6469,"geom_src":"polygon","rep":[134.6499,11.7116],"axis":[[134.597,11.498],[134.682,11.892]]}},{"type":"Feature","geometry":{"type":"Point","coordinates":[129,-0.5]},"properties":{"name":"Halmahera","type":"Basin","label":"Halmahera Basin","cls":2,"feature_id":1245,"geom_src":"point","rep":[129,-0.5]}},{"type":"Feature","geometry":{"type":"Point","coordinates":[123.9958,23.7686]},"properties":{"name":"Hateruma","type":"Basin","label":"Hateruma Basin","cls":2,"feature_id":6576,"geom_src":"polygon","rep":[123.9958,23.7686],"axis":[[123.567,23.789],[124.356,23.793]]}},{"type":"Feature","geometry":{"type":"Point","coordinates":[-17,57.5]},"properties":{"name":"Hatton-Rockall","type":"Basin","label":"Hatton-Rockall Basin","cls":2,"feature_id":1269,"geom_src":"point","rep":[-17,57.5]}},{"type":"Feature","geometry":{"type":"Point","coordinates":[28,33]},"properties":{"name":"Herodotus","type":"Basin","label":"Herodotus Basin","cls":2,"feature_id":1307,"geom_src":"point","rep":[28,33]}},{"type":"Feature","geometry":{"type":"LineString","coordinates":[[-26.833,38.5],[-26.417,38.25],[-26.033,37.917]]},"properties":{"name":"Hirondelle","type":"Basin","label":"Hirondelle Basin","cls":2,"feature_id":1331,"geom_src":"line","rep":[-26.4167,38.25]}},{"type":"Feature","geometry":{"type":"Point","coordinates":[142.4909,23.6267]},"properties":{"name":"Hiyoshi","type":"Basin","label":"Hiyoshi Basin","cls":2,"feature_id":889045,"geom_src":"polygon","rep":[142.4909,23.6267],"axis":[[142.347,23.798],[142.697,23.528]]}},{"type":"Feature","geometry":{"type":"Point","coordinates":[135.2066,17.2436]},"properties":{"name":"Hokushin","type":"Basin","label":"Hokushin Basin","cls":2,"feature_id":889003,"geom_src":"polygon","rep":[135.2066,17.2436],"axis":[[135.204,17.154],[135.231,17.352]]}},{"type":"Feature","geometry":{"type":"Point","coordinates":[166.6461,-70.3855]},"properties":{"name":"Hooker","type":"Basin","label":"Hooker Basin","cls":2,"feature_id":1353,"geom_src":"point","rep":[166.6461,-70.3855]}},{"type":"Feature","geometry":{"type":"LineString","coordinates":[[-28,58],[-16.5,61.5]]},"properties":{"name":"Iceland","type":"Basin","label":"Iceland Basin","cls":2,"feature_id":1388,"geom_src":"line","rep":[-16.5,61.5]}},{"type":"Feature","geometry":{"type":"Point","coordinates":[18,36]},"properties":{"name":"Ionian","type":"Basin","label":"Ionian Basin","cls":2,"feature_id":1423,"geom_src":"point","rep":[18,36]}},{"type":"Feature","geometry":{"type":"Point","coordinates":[-36,61]},"properties":{"name":"Irminger","type":"Basin","label":"Irminger Basin","cls":2,"feature_id":1426,"geom_src":"point","rep":[-36,61]}},{"type":"Feature","geometry":{"type":"Point","coordinates":[174,-74.5]},"properties":{"name":"JOIDES","type":"Basin","label":"JOIDES Basin","cls":2,"feature_id":1475,"geom_src":"point","rep":[174,-74.5]}},{"type":"Feature","geometry":{"type":"Point","coordinates":[-41.8233,-62.4237]},"properties":{"name":"Jane","type":"Basin","label":"Jane Basin","cls":2,"feature_id":6118,"geom_src":"polygon","rep":[-41.8233,-62.4237],"axis":[[-44.351,-63.346],[-39.708,-61.365]]}},{"type":"Feature","geometry":{"type":"LineString","coordinates":[[132.5,41],[138,43]]},"properties":{"name":"Japan","type":"Basin","label":"Japan Basin","cls":2,"feature_id":1461,"geom_src":"line","rep":[138,43]}},{"type":"Feature","geometry":{"type":"Point","coordinates":[-4.7217,-70.3288]},"properties":{"name":"Jelbart","type":"Basin","label":"Jelbart Basin","cls":2,"feature_id":1469,"geom_src":"polygon","rep":[-4.7217,-70.3288],"axis":[[-5.702,-70.257],[-3.858,-70.366]]}},{"type":"Feature","geometry":{"type":"Point","coordinates":[171,39.5]},"properties":{"name":"Jingu","type":"Basin","label":"Jingu Basin","cls":2,"feature_id":1474,"geom_src":"point","rep":[171,39.5]}},{"type":"Feature","geometry":{"type":"Point","coordinates":[137.2272,22.7879]},"properties":{"name":"Jogen","type":"Basin","label":"Jogen Basin","cls":2,"feature_id":6364,"geom_src":"polygon","rep":[137.2272,22.7879],"axis":[[137.214,22.607],[137.236,22.979]]}},{"type":"Feature","geometry":{"type":"Point","coordinates":[137.0592,22.7569]},"properties":{"name":"Kagen","type":"Basin","label":"Kagen Basin","cls":2,"feature_id":6365,"geom_src":"polygon","rep":[137.0592,22.7569],"axis":[[136.969,22.564],[137.163,23.002]]}},{"type":"Feature","geometry":{"type":"Point","coordinates":[-179.999,25]},"properties":{"name":"Kalaniopuu","type":"Basin","label":"Kalaniopuu Basin","cls":2,"feature_id":1514,"geom_src":"point","rep":[-179.999,25]}},{"type":"Feature","geometry":{"type":"Point","coordinates":[-160,15]},"properties":{"name":"Kamehameha","type":"Basin","label":"Kamehameha Basin","cls":2,"feature_id":1516,"geom_src":"point","rep":[-160,15]}},{"type":"Feature","geometry":{"type":"Point","coordinates":[-178.4167,50.8]},"properties":{"name":"Kanaga","type":"Basin","label":"Kanaga Basin","cls":2,"feature_id":1522,"geom_src":"point","rep":[-178.4167,50.8]}},{"type":"Feature","geometry":{"type":"Point","coordinates":[-68,79.5]},"properties":{"name":"Kane","type":"Basin","label":"Kane Basin","cls":2,"feature_id":1524,"geom_src":"point","rep":[-68,79.5]}},{"type":"Feature","geometry":{"type":"LineString","coordinates":[[141.583,34.2],[141.25,34.5]]},"properties":{"name":"Katsuura","type":"Basin","label":"Katsuura Basin","cls":2,"feature_id":5721,"geom_src":"line","rep":[141.25,34.5]}},{"type":"Feature","geometry":{"type":"Point","coordinates":[134.4786,12.7215]},"properties":{"name":"Katuu Tiau","type":"Basin","label":"Katuu Tiau Basin","cls":2,"feature_id":888858,"geom_src":"polygon","rep":[134.4786,12.7215],"axis":[[134.438,12.614],[134.512,12.836]]}},{"type":"Feature","geometry":{"type":"Point","coordinates":[134.4802,14.999]},"properties":{"name":"Kazahayahoshi","type":"Basin","label":"Kazahayahoshi Basin","cls":2,"feature_id":6457,"geom_src":"polygon","rep":[134.4802,14.999],"axis":[[134.402,14.856],[134.605,15.237]]}},{"type":"Feature","geometry":{"type":"LineString","coordinates":[[132.15,29.9],[132,29.333],[131.667,28.817]]},"properties":{"name":"Kikai","type":"Basin","label":"Kikai Basin","cls":2,"feature_id":1579,"geom_src":"line","rep":[132,29.3333]}},{"type":"Feature","geometry":{"type":"Point","coordinates":[-167.5,8.5]},"properties":{"name":"Kingman","type":"Basin","label":"Kingman Basin","cls":2,"feature_id":1587,"geom_src":"point","rep":[-167.5,8.5]}},{"type":"Feature","geometry":{"type":"LineString","coordinates":[[131.5,27],[135,26.417]]},"properties":{"name":"Kita-Daito","type":"Basin","label":"Kita-Daito Basin","cls":2,"feature_id":1600,"geom_src":"line","rep":[135,26.4167]}},{"type":"Feature","geometry":{"type":"Point","coordinates":[168,57]},"properties":{"name":"Komandor","type":"Basin","label":"Komandor Basin","cls":2,"feature_id":1640,"geom_src":"point","rep":[168,57]}},{"type":"Feature","geometry":{"type":"Point","coordinates":[136.6333,33.5367]},"properties":{"name":"Kumano","type":"Basin","label":"Kumano Basin","cls":2,"feature_id":1662,"geom_src":"point","rep":[136.6333,33.5367]}},{"type":"Feature","geometry":{"type":"Point","coordinates":[147,46.6667]},"properties":{"name":"Kuril","type":"Basin","label":"Kuril Basin","cls":2,"feature_id":1667,"geom_src":"point","rep":[147,46.6667],"apple_minzoom":5,"apple_type":"undersea-area/basin","apple_rank":null,"apple_name":"Kuril Basin"}},{"type":"Feature","geometry":{"type":"Point","coordinates":[-47,55]},"properties":{"name":"Labrador","type":"Basin","label":"Labrador Basin","cls":2,"feature_id":1699,"geom_src":"point","rep":[-47,55]}},{"type":"Feature","geometry":{"type":"Point","coordinates":[112.6366,15.2597]},"properties":{"name":"Langong","type":"Basin","label":"Langong Basin","cls":2,"feature_id":889618,"geom_src":"polygon","rep":[112.6366,15.2597],"axis":[[112.397,15.047],[112.89,15.466]]}},{"type":"Feature","geometry":{"type":"Point","coordinates":[-60,-68]},"properties":{"name":"Larsen","type":"Basin","label":"Larsen Basin","cls":2,"feature_id":1721,"geom_src":"point","rep":[-60,-68]}},{"type":"Feature","geometry":{"type":"Point","coordinates":[35.3333,35.6667]},"properties":{"name":"Latakia","type":"Basin","label":"Latakia Basin","cls":2,"feature_id":1725,"geom_src":"point","rep":[35.3333,35.6667]}},{"type":"Feature","geometry":{"type":"Point","coordinates":[-177.5,-20]},"properties":{"name":"Lau","type":"Basin","label":"Lau Basin","cls":2,"feature_id":1726,"geom_src":"point","rep":[-177.5,-20]}},{"type":"Feature","geometry":{"type":"Point","coordinates":[26.25,38.9]},"properties":{"name":"Lesvos","type":"Basin","label":"Lesvos Basin","cls":2,"feature_id":1753,"geom_src":"point","rep":[26.25,38.9]}},{"type":"Feature","geometry":{"type":"Point","coordinates":[167.8717,-77.1508]},"properties":{"name":"Lewis","type":"Basin","label":"Lewis Basin","cls":2,"feature_id":888783,"geom_src":"polygon","rep":[167.8717,-77.1508],"axis":[[167.2,-77.184],[168.574,-77.111]]}},{"type":"Feature","geometry":{"type":"Point","coordinates":[-162,-77.5833]},"properties":{"name":"Little America","type":"Basin","label":"Little America Basin","cls":2,"feature_id":1772,"geom_src":"point","rep":[-162,-77.5833]}},{"type":"Feature","geometry":{"type":"Point","coordinates":[127.0973,1.4237]},"properties":{"name":"Loloda","type":"Basin","label":"Loloda Basin","cls":2,"feature_id":890325,"geom_src":"polygon","rep":[127.0973,1.4237],"axis":[[127.061,1.312],[127.147,1.533]]}},{"type":"Feature","geometry":{"type":"Point","coordinates":[116,-10]},"properties":{"name":"Lombok","type":"Basin","label":"Lombok Basin","cls":2,"feature_id":1780,"geom_src":"point","rep":[116,-10]}},{"type":"Feature","geometry":{"type":"Point","coordinates":[178.6885,-39.1238]},"properties":{"name":"Lower Paritū","type":"Basin","label":"Lower Paritū Basin","cls":2,"feature_id":889842,"geom_src":"polygon","rep":[178.6885,-39.1238],"axis":[[178.65,-39.144],[178.729,-39.104]]}},{"type":"Feature","geometry":{"type":"Point","coordinates":[167.6947,-70.5178]},"properties":{"name":"Lyall","type":"Basin","label":"Lyall Basin","cls":2,"feature_id":1801,"geom_src":"point","rep":[167.6947,-70.5178]}},{"type":"Feature","geometry":{"type":"Point","coordinates":[54.5,-27]},"properties":{"name":"Madagascar","type":"Basin","label":"Madagascar Basin","cls":2,"feature_id":1814,"geom_src":"point","rep":[54.5,-27],"apple_minzoom":4,"apple_type":"undersea-area/basin","apple_rank":null,"apple_name":"Madagascar Basin"}},{"type":"Feature","geometry":{"type":"Point","coordinates":[177.05,-40.4667]},"properties":{"name":"Madden","type":"Basin","label":"Madden Basin","cls":2,"feature_id":6313,"geom_src":"point","rep":[177.05,-40.4667]}},{"type":"Feature","geometry":{"type":"Point","coordinates":[-68.2,19.2833]},"properties":{"name":"Maimón","type":"Basin","label":"Maimón Basin","cls":2,"feature_id":1830,"geom_src":"point","rep":[-68.2,19.2833]}},{"type":"Feature","geometry":{"type":"Point","coordinates":[165.3739,83.4917]},"properties":{"name":"Makarov","type":"Basin","label":"Makarov Basin","cls":2,"feature_id":1832,"geom_src":"polygon","rep":[165.3739,83.4917],"axis":[[-169.336,87.852],[-167.272,86.178]]}},{"type":"Feature","geometry":{"type":"Point","coordinates":[118.5,-1.5]},"properties":{"name":"Makassar","type":"Basin","label":"Makassar Basin","cls":2,"feature_id":1834,"geom_src":"point","rep":[118.5,-1.5]}},{"type":"Feature","geometry":{"type":"Point","coordinates":[135.8333,23]},"properties":{"name":"Mangetsu","type":"Basin","label":"Mangetsu Basin","cls":2,"feature_id":1853,"geom_src":"point","rep":[135.8333,23]}},{"type":"Feature","geometry":{"type":"Point","coordinates":[134.1186,15.2071]},"properties":{"name":"Mangzhong","type":"Basin","label":"Mangzhong Basin","cls":2,"feature_id":6808,"geom_src":"polygon","rep":[134.1186,15.2071],"axis":[[134.039,15.041],[134.203,15.353]]}},{"type":"Feature","geometry":{"type":"Point","coordinates":[150,-3.75]},"properties":{"name":"Manus","type":"Basin","label":"Manus Basin","cls":2,"feature_id":1858,"geom_src":"point","rep":[150,-3.75]}},{"type":"Feature","geometry":{"type":"Point","coordinates":[57,-13]},"properties":{"name":"Mascarene","type":"Basin","label":"Mascarene Basin","cls":2,"feature_id":1898,"geom_src":"point","rep":[57,-13]}},{"type":"Feature","geometry":{"type":"Point","coordinates":[-108.1667,22.75]},"properties":{"name":"Mazatlán","type":"Basin","label":"Mazatlán Basin","cls":2,"feature_id":1919,"geom_src":"point","rep":[-108.1667,22.75]}},{"type":"Feature","geometry":{"type":"Point","coordinates":[166,0]},"properties":{"name":"Melanesian","type":"Basin","label":"Melanesian Basin","cls":2,"feature_id":1947,"geom_src":"point","rep":[166,0],"apple_minzoom":3,"apple_type":"undersea-area/basin","apple_rank":null,"apple_name":"Melanesian Basin"}},{"type":"Feature","geometry":{"type":"Point","coordinates":[100,-1.75]},"properties":{"name":"Mentawai","type":"Basin","label":"Mentawai Basin","cls":2,"feature_id":1972,"geom_src":"point","rep":[100,-1.75]}},{"type":"Feature","geometry":{"type":"Point","coordinates":[165,33]},"properties":{"name":"Mercator","type":"Basin","label":"Mercator Basin","cls":2,"feature_id":1974,"geom_src":"point","rep":[165,33]}},{"type":"Feature","geometry":{"type":"LineString","coordinates":[[-95,22.5],[-90,25]]},"properties":{"name":"Mexico","type":"Basin","label":"Mexico Basin","cls":2,"feature_id":1987,"geom_src":"line","rep":[-90,25]}},{"type":"Feature","geometry":{"type":"LineString","coordinates":[[14.533,42.817],[15.6,43.583]]},"properties":{"name":"Mid-Adriatic","type":"Basin","label":"Mid-Adriatic Basin","cls":2,"feature_id":1989,"geom_src":"line","rep":[15.6,43.5833]}},{"type":"Feature","geometry":{"type":"Point","coordinates":[80,-10]},"properties":{"name":"Mid-Indian Ocean","type":"Basin","label":"Mid-Indian Ocean Basin","cls":2,"feature_id":1991,"geom_src":"point","rep":[80,-10],"apple_minzoom":4,"apple_type":"undersea-area/basin","apple_rank":null,"apple_name":"Mid-Indian Basin"}},{"type":"Feature","geometry":{"type":"Point","coordinates":[24,37]},"properties":{"name":"Mirtoon","type":"Basin","label":"Mirtoon Basin","cls":2,"feature_id":2020,"geom_src":"point","rep":[24,37]}},{"type":"Feature","geometry":{"type":"Point","coordinates":[134.6502,12.527]},"properties":{"name":"Mokas","type":"Basin","label":"Mokas Basin","cls":2,"feature_id":888859,"geom_src":"polygon","rep":[134.6502,12.527],"axis":[[134.631,12.596],[134.654,12.471]]}},{"type":"Feature","geometry":{"type":"LineString","coordinates":[[40,-25.5],[36,-40]]},"properties":{"name":"Mozambique","type":"Basin","label":"Mozambique Basin","cls":2,"feature_id":2089,"geom_src":"line","rep":[36,-40]}},{"type":"Feature","geometry":{"type":"Point","coordinates":[148,30]},"properties":{"name":"Nadezhda","type":"Basin","label":"Nadezhda Basin","cls":2,"feature_id":2124,"geom_src":"point","rep":[148,30]}},{"type":"Feature","geometry":{"type":"Point","coordinates":[132.75,25]},"properties":{"name":"Nansei-Daito","type":"Basin","label":"Nansei-Daito Basin","cls":2,"feature_id":2130,"geom_src":"point","rep":[132.75,25]}},{"type":"Feature","geometry":{"type":"Point","coordinates":[68.7026,83.526]},"properties":{"name":"Nansen","type":"Basin","label":"Nansen Basin","cls":2,"feature_id":2133,"geom_src":"polygon","rep":[68.7026,83.526],"axis":[[15.765,84.823],[127.798,79.82]]}},{"type":"Feature","geometry":{"type":"Point","coordinates":[134.3333,25.3333]},"properties":{"name":"Nanto-Daito","type":"Basin","label":"Nanto-Daito Basin","cls":2,"feature_id":2134,"geom_src":"point","rep":[134.3333,25.3333]}},{"type":"Feature","geometry":{"type":"Point","coordinates":[145.5,-3.5]},"properties":{"name":"New Guinea","type":"Basin","label":"New Guinea Basin","cls":2,"feature_id":2165,"geom_src":"point","rep":[145.5,-3.5]}},{"type":"Feature","geometry":{"type":"Point","coordinates":[-43,42.5]},"properties":{"name":"Newfoundland","type":"Basin","label":"Newfoundland Basin","cls":2,"feature_id":2168,"geom_src":"point","rep":[-43,42.5]}},{"type":"Feature","geometry":{"type":"Point","coordinates":[177.2676,-36.3921]},"properties":{"name":"Ngātoro","type":"Basin","label":"Ngātoro Basin","cls":2,"feature_id":6191,"geom_src":"polygon","rep":[177.2676,-36.3921],"axis":[[177.182,-36.537],[177.369,-36.276]]}},{"type":"Feature","geometry":{"type":"Point","coordinates":[135.3281,11.9108]},"properties":{"name":"Ngermeuangel","type":"Basin","label":"Ngermeuangel Basin","cls":2,"feature_id":6735,"geom_src":"polygon","rep":[135.3281,11.9108],"axis":[[135.287,12.15],[135.353,11.723]]}},{"type":"Feature","geometry":{"type":"Point","coordinates":[98,1.25]},"properties":{"name":"Nias","type":"Basin","label":"Nias Basin","cls":2,"feature_id":2172,"geom_src":"point","rep":[98,1.25]}},{"type":"Feature","geometry":{"type":"Point","coordinates":[94.5,5]},"properties":{"name":"Nicobar-Simeulue","type":"Basin","label":"Nicobar-Simeulue Basin","cls":2,"feature_id":2177,"geom_src":"point","rep":[94.5,5]}},{"type":"Feature","geometry":{"type":"Point","coordinates":[142.2173,22.6787]},"properties":{"name":"Nikko","type":"Basin","label":"Nikko Basin","cls":2,"feature_id":889072,"geom_src":"polygon","rep":[142.2173,22.6787],"axis":[[142.135,22.958],[142.28,22.338]]}},{"type":"Feature","geometry":{"type":"Point","coordinates":[165,-76]},"properties":{"name":"Nordenskjöld","type":"Basin","label":"Nordenskjöld Basin","cls":2,"feature_id":2213,"geom_src":"point","rep":[165,-76]}},{"type":"Feature","geometry":{"type":"Point","coordinates":[-60,30]},"properties":{"name":"North American","type":"Basin","label":"North American Basin","cls":2,"feature_id":2221,"geom_src":"point","rep":[-60,30]}},{"type":"Feature","geometry":{"type":"Point","coordinates":[125,-3.5]},"properties":{"name":"North Banda","type":"Basin","label":"North Banda Basin","cls":2,"feature_id":2222,"geom_src":"point","rep":[125,-3.5]}},{"type":"Feature","geometry":{"type":"Point","coordinates":[174,-18]},"properties":{"name":"North Fiji","type":"Basin","label":"North Fiji Basin","cls":2,"feature_id":2225,"geom_src":"point","rep":[174,-18]}},{"type":"Feature","geometry":{"type":"Point","coordinates":[26.3333,37.8333]},"properties":{"name":"North Ikaria","type":"Basin","label":"North Ikaria Basin","cls":2,"feature_id":2226,"geom_src":"point","rep":[26.3333,37.8333]}},{"type":"Feature","geometry":{"type":"LineString","coordinates":[[168,-27],[170,-29]]},"properties":{"name":"North Norfolk","type":"Basin","label":"North Norfolk Basin","cls":2,"feature_id":2230,"geom_src":"line","rep":[170,-29]}},{"type":"Feature","geometry":{"type":"Point","coordinates":[-167.5,-4.5]},"properties":{"name":"North Tokelau","type":"Basin","label":"North Tokelau Basin","cls":2,"feature_id":2233,"geom_src":"point","rep":[-167.5,-4.5]}},{"type":"Feature","geometry":{"type":"Point","coordinates":[155,34]},"properties":{"name":"Northwest Pacific","type":"Basin","label":"Northwest Pacific Basin","cls":2,"feature_id":2243,"geom_src":"point","rep":[155,34],"apple_minzoom":3,"apple_type":"undersea-area/basin","apple_rank":null,"apple_name":"Northwest Pacific Basin"}},{"type":"Feature","geometry":{"type":"LineString","coordinates":[[-4,67],[5,70]]},"properties":{"name":"Norwegian","type":"Basin","label":"Norwegian Basin","cls":2,"feature_id":2248,"geom_src":"line","rep":[5,70]}},{"type":"Feature","geometry":{"type":"Point","coordinates":[134.7791,12.3107]},"properties":{"name":"Ochaieo","type":"Basin","label":"Ochaieo Basin","cls":2,"feature_id":888861,"geom_src":"polygon","rep":[134.7791,12.3107],"axis":[[134.738,12.452],[134.816,12.164]]}},{"type":"Feature","geometry":{"type":"Point","coordinates":[-56,-59.25]},"properties":{"name":"Ona","type":"Basin","label":"Ona Basin","cls":2,"feature_id":2305,"geom_src":"point","rep":[-56,-59.25]}},{"type":"Feature","geometry":{"type":"Point","coordinates":[134.7955,11.2258]},"properties":{"name":"Ongeim'l Tketau","type":"Basin","label":"Ongeim'l Tketau Basin","cls":2,"feature_id":6738,"geom_src":"polygon","rep":[134.7955,11.2258],"axis":[[134.772,10.963],[134.81,11.461]]}},{"type":"Feature","geometry":{"type":"Point","coordinates":[124.61,37.3616]},"properties":{"name":"Ongjin","type":"Basin","label":"Ongjin Basin","cls":2,"feature_id":6155,"geom_src":"polygon","rep":[124.61,37.3616],"axis":[[124.597,37.373],[124.621,37.349]]}},{"type":"Feature","geometry":{"type":"Point","coordinates":[129.85,37.75]},"properties":{"name":"Onnuri","type":"Basin","label":"Onnuri Basin","cls":2,"feature_id":2306,"geom_src":"point","rep":[129.85,37.75]}},{"type":"Feature","geometry":{"type":"Point","coordinates":[-64.5473,-64.6058]},"properties":{"name":"Palmer","type":"Basin","label":"Palmer Basin","cls":2,"feature_id":2347,"geom_src":"polygon","rep":[-64.5473,-64.6058],"axis":[[-64.188,-64.867],[-64.183,-64.883]]}},{"type":"Feature","geometry":{"type":"Point","coordinates":[-83,4]},"properties":{"name":"Panama","type":"Basin","label":"Panama Basin","cls":2,"feature_id":2350,"geom_src":"point","rep":[-83,4]}},{"type":"Feature","geometry":{"type":"Point","coordinates":[138.6823,17.0941]},"properties":{"name":"Parece Vela","type":"Basin","label":"Parece Vela Basin","cls":2,"feature_id":3331,"geom_src":"polygon","rep":[138.6823,17.0941],"axis":[[136.862,9.327],[139.231,23.434]],"apple_minzoom":4,"apple_type":"undersea-area/basin","apple_rank":null,"apple_name":"Parece Vela Basin"}},{"type":"Feature","geometry":{"type":"Point","coordinates":[178.4546,-39.0302]},"properties":{"name":"Paritū","type":"Basin","label":"Paritū Basin","cls":2,"feature_id":889853,"geom_src":"polygon","rep":[178.4546,-39.0302],"axis":[[178.343,-38.973],[178.589,-39.063]]}},{"type":"Feature","geometry":{"type":"Point","coordinates":[-155.5,-9]},"properties":{"name":"Penrhyn","type":"Basin","label":"Penrhyn Basin","cls":2,"feature_id":2399,"geom_src":"point","rep":[-155.5,-9],"apple_minzoom":4,"apple_type":"undersea-area/basin","apple_rank":null,"apple_name":"Penrhyn Basin"}},{"type":"Feature","geometry":{"type":"Point","coordinates":[102.5,-30]},"properties":{"name":"Perth","type":"Basin","label":"Perth Basin","cls":2,"feature_id":2408,"geom_src":"point","rep":[102.5,-30]}},{"type":"Feature","geometry":{"type":"Point","coordinates":[-83,-14]},"properties":{"name":"Peru","type":"Basin","label":"Peru Basin","cls":2,"feature_id":2410,"geom_src":"point","rep":[-83,-14]}},{"type":"Feature","geometry":{"type":"Point","coordinates":[130,16]},"properties":{"name":"Philippine","type":"Basin","label":"Philippine Basin","cls":2,"feature_id":2430,"geom_src":"point","rep":[130,16],"apple_minzoom":4,"apple_type":"undersea-area/trench/trough","apple_rank":null,"apple_name":"Philippine Trench"}},{"type":"Feature","geometry":{"type":"Point","coordinates":[-43.0359,-56.8496]},"properties":{"name":"Polarstern","type":"Basin","label":"Polarstern Basin","cls":2,"feature_id":5901,"geom_src":"polygon","rep":[-43.0359,-56.8496],"axis":[[-43.783,-56.762],[-42.329,-57.056]]}},{"type":"Feature","geometry":{"type":"Point","coordinates":[-49.7557,-62.0941]},"properties":{"name":"Powell","type":"Basin","label":"Powell Basin","cls":2,"feature_id":2488,"geom_src":"polygon","rep":[-49.7557,-62.0941],"axis":[[-53.094,-62.246],[-46.148,-61.928]]}},{"type":"Feature","geometry":{"type":"Point","coordinates":[-49,-59]},"properties":{"name":"Protector","type":"Basin","label":"Protector Basin","cls":2,"feature_id":2507,"geom_src":"point","rep":[-49,-59]}},{"type":"Feature","geometry":{"type":"Point","coordinates":[156.5,27.5]},"properties":{"name":"Ptolemy","type":"Basin","label":"Ptolemy Basin","cls":2,"feature_id":2516,"geom_src":"point","rep":[156.5,27.5]}},{"type":"Feature","geometry":{"type":"Point","coordinates":[129.9432,15.2281]},"properties":{"name":"Qilin","type":"Basin","label":"Qilin Basin","cls":2,"feature_id":889519,"geom_src":"polygon","rep":[129.9432,15.2281],"axis":[[129.831,15.271],[130.082,15.172]]}},{"type":"Feature","geometry":{"type":"Point","coordinates":[-139.2937,13.382]},"properties":{"name":"Qiqiu","type":"Basin","label":"Qiqiu Basin","cls":2,"feature_id":888970,"geom_src":"polygon","rep":[-139.2937,13.382],"axis":[[-139.3,13.315],[-139.28,13.442]]}},{"type":"Feature","geometry":{"type":"Point","coordinates":[-10.745,-71.5351]},"properties":{"name":"Quar","type":"Basin","label":"Quar Basin","cls":2,"feature_id":2530,"geom_src":"polygon","rep":[-10.745,-71.5351],"axis":[[-10.822,-71.415],[-10.696,-71.678]]}},{"type":"Feature","geometry":{"type":"Point","coordinates":[143.5366,23.278]},"properties":{"name":"Raijin","type":"Basin","label":"Raijin Basin","cls":2,"feature_id":889081,"geom_src":"polygon","rep":[143.5366,23.278],"axis":[[143.435,23.492],[143.669,23.121]]}},{"type":"Feature","geometry":{"type":"Point","coordinates":[169.8087,-34.0687]},"properties":{"name":"Rēinga","type":"Basin","label":"Rēinga Basin","cls":2,"feature_id":6713,"geom_src":"polygon","rep":[169.8087,-34.0687],"axis":[[167.736,-32.773],[172.016,-35.608]]}},{"type":"Feature","geometry":{"type":"Point","coordinates":[28.75,35.9167]},"properties":{"name":"Rhodes","type":"Basin","label":"Rhodes Basin","cls":2,"feature_id":2584,"geom_src":"point","rep":[28.75,35.9167]}},{"type":"Feature","geometry":{"type":"LineString","coordinates":[[-16,-72.4],[-13.5,-71.8]]},"properties":{"name":"Riiser-Larsen","type":"Basin","label":"Riiser-Larsen Basin","cls":2,"feature_id":2593,"geom_src":"line","rep":[-13.5,-71.8]}},{"type":"Feature","geometry":{"type":"Point","coordinates":[-96.5,-31.5]},"properties":{"name":"Roggeveen","type":"Basin","label":"Roggeveen Basin","cls":2,"feature_id":2616,"geom_src":"point","rep":[-96.5,-31.5]}},{"type":"Feature","geometry":{"type":"LineString","coordinates":[[-56,-73],[-60,-75]]},"properties":{"name":"Ronne","type":"Basin","label":"Ronne Basin","cls":2,"feature_id":2623,"geom_src":"line","rep":[-60,-75]}},{"type":"Feature","geometry":{"type":"Point","coordinates":[130.4167,38.2333]},"properties":{"name":"Saenal","type":"Basin","label":"Saenal Basin","cls":2,"feature_id":2662,"geom_src":"point","rep":[130.4167,38.2333]}},{"type":"Feature","geometry":{"type":"Point","coordinates":[-113.5,29.25]},"properties":{"name":"Salsipuedes","type":"Basin","label":"Salsipuedes Basin","cls":2,"feature_id":2685,"geom_src":"point","rep":[-113.5,29.25]}},{"type":"Feature","geometry":{"type":"Point","coordinates":[-165,-16.5]},"properties":{"name":"Samoa","type":"Basin","label":"Samoa Basin","cls":2,"feature_id":2688,"geom_src":"point","rep":[-165,-16.5]}},{"type":"Feature","geometry":{"type":"Point","coordinates":[-117.8333,32.25]},"properties":{"name":"San Clemente","type":"Basin","label":"San Clemente Basin","cls":2,"feature_id":2694,"geom_src":"point","rep":[-117.8333,32.25]}},{"type":"Feature","geometry":{"type":"Point","coordinates":[-119.0833,33.05]},"properties":{"name":"San Nicolas","type":"Basin","label":"San Nicolas Basin","cls":2,"feature_id":2703,"geom_src":"point","rep":[-119.0833,33.05]}},{"type":"Feature","geometry":{"type":"Point","coordinates":[-112.5,28.3333]},"properties":{"name":"San Pedro Mártir","type":"Basin","label":"San Pedro Mártir Basin","cls":2,"feature_id":2706,"geom_src":"point","rep":[-112.5,28.3333]}},{"type":"Feature","geometry":{"type":"Point","coordinates":[-116.6667,30]},"properties":{"name":"San Quintín","type":"Basin","label":"San Quintín Basin","cls":2,"feature_id":2707,"geom_src":"point","rep":[-116.6667,30]}},{"type":"Feature","geometry":{"type":"Point","coordinates":[-119.55,33.6667]},"properties":{"name":"Santa Cruz","type":"Basin","label":"Santa Cruz Basin","cls":2,"feature_id":2719,"geom_src":"point","rep":[-119.55,33.6667]}},{"type":"Feature","geometry":{"type":"Point","coordinates":[122.75,-9.5]},"properties":{"name":"Savu","type":"Basin","label":"Savu Basin","cls":2,"feature_id":2747,"geom_src":"point","rep":[122.75,-9.5]}},{"type":"Feature","geometry":{"type":"Point","coordinates":[137.014,28.1058]},"properties":{"name":"Shikoku","type":"Basin","label":"Shikoku Basin","cls":2,"feature_id":2832,"geom_src":"polygon","rep":[137.014,28.1058],"axis":[[135.207,32.214],[138.919,22.616]],"apple_minzoom":5,"apple_type":"undersea-area/basin","apple_rank":null,"apple_name":"Shikoku Basin"}},{"type":"Feature","geometry":{"type":"Point","coordinates":[135.5548,18.0825]},"properties":{"name":"Shisonohoshi","type":"Basin","label":"Shisonohoshi Basin","cls":2,"feature_id":889000,"geom_src":"polygon","rep":[135.5548,18.0825],"axis":[[135.488,17.97],[135.602,18.206]]}},{"type":"Feature","geometry":{"type":"Point","coordinates":[-17,4.75]},"properties":{"name":"Sierra Leone","type":"Basin","label":"Sierra Leone Basin","cls":2,"feature_id":2857,"geom_src":"point","rep":[-17,4.75]}},{"type":"Feature","geometry":{"type":"LineString","coordinates":[[139.283,29.833],[139.167,28.667],[139.083,28.25]]},"properties":{"name":"Sofu","type":"Basin","label":"Sofu Basin","cls":2,"feature_id":2894,"geom_src":"line","rep":[139.1667,28.6667]}},{"type":"Feature","geometry":{"type":"Point","coordinates":[-117.5833,30.1667]},"properties":{"name":"Soledad","type":"Basin","label":"Soledad Basin","cls":2,"feature_id":2899,"geom_src":"point","rep":[-117.5833,30.1667]}},{"type":"Feature","geometry":{"type":"Point","coordinates":[17.8333,41.8333]},"properties":{"name":"South Adriatic","type":"Basin","label":"South Adriatic Basin","cls":2,"feature_id":2917,"geom_src":"point","rep":[17.8333,41.8333]}},{"type":"Feature","geometry":{"type":"Point","coordinates":[-3.0833,35.8]},"properties":{"name":"South Alborán","type":"Basin","label":"South Alborán Basin","cls":2,"feature_id":2918,"geom_src":"point","rep":[-3.0833,35.8]}},{"type":"Feature","geometry":{"type":"Point","coordinates":[129,-38.5]},"properties":{"name":"South Australian","type":"Basin","label":"South Australian Basin","cls":2,"feature_id":2919,"geom_src":"point","rep":[129,-38.5],"apple_minzoom":3,"apple_type":"undersea-area/basin","apple_rank":null,"apple_name":"South Australian Basin"}},{"type":"Feature","geometry":{"type":"Point","coordinates":[127.5,-6.5]},"properties":{"name":"South Banda","type":"Basin","label":"South Banda Basin","cls":2,"feature_id":2920,"geom_src":"point","rep":[127.5,-6.5]}},{"type":"Feature","geometry":{"type":"Point","coordinates":[115.5,14.5]},"properties":{"name":"South China","type":"Basin","label":"South China Basin","cls":2,"feature_id":2921,"geom_src":"point","rep":[115.5,14.5]}},{"type":"Feature","geometry":{"type":"Point","coordinates":[176,-26]},"properties":{"name":"South Fiji","type":"Basin","label":"South Fiji Basin","cls":2,"feature_id":2922,"geom_src":"point","rep":[176,-26],"apple_minzoom":4,"apple_type":"undersea-area/basin","apple_rank":null,"apple_name":"South Fiji Basin"}},{"type":"Feature","geometry":{"type":"Point","coordinates":[118.5,-4.25]},"properties":{"name":"South Makassar","type":"Basin","label":"South Makassar Basin","cls":2,"feature_id":2924,"geom_src":"point","rep":[118.5,-4.25]}},{"type":"Feature","geometry":{"type":"LineString","coordinates":[[168,-30],[171,-33]]},"properties":{"name":"South Norfolk","type":"Basin","label":"South Norfolk Basin","cls":2,"feature_id":2926,"geom_src":"line","rep":[171,-33]}},{"type":"Feature","geometry":{"type":"Point","coordinates":[24.6333,38.6167]},"properties":{"name":"South Skiros","type":"Basin","label":"South Skiros Basin","cls":2,"feature_id":2932,"geom_src":"point","rep":[24.6333,38.6167]}},{"type":"Feature","geometry":{"type":"MultiLineString","coordinates":[[[179.999,-54.414],[170,-57]],[[-170,-23],[-132,-42],[-179.999,-54.414]]]},"properties":{"name":"Southwest Pacific","type":"Basin","label":"Southwest Pacific Basin","cls":2,"feature_id":2940,"geom_src":"line","rep":[-132,-42]}},{"type":"Feature","geometry":{"type":"Point","coordinates":[-64.2,18.0667]},"properties":{"name":"St. Croix","type":"Basin","label":"St. Croix Basin","cls":2,"feature_id":2958,"geom_src":"point","rep":[-64.2,18.0667]}},{"type":"Feature","geometry":{"type":"Point","coordinates":[-120,81.25]},"properties":{"name":"Stefansson","type":"Basin","label":"Stefansson Basin","cls":2,"feature_id":2974,"geom_src":"point","rep":[-120,81.25]}},{"type":"Feature","geometry":{"type":"Point","coordinates":[121,8]},"properties":{"name":"Sulu","type":"Basin","label":"Sulu Basin","cls":2,"feature_id":3012,"geom_src":"point","rep":[121,8]}},{"type":"Feature","geometry":{"type":"Point","coordinates":[-152.5,-77]},"properties":{"name":"Sulzberger","type":"Basin","label":"Sulzberger Basin","cls":2,"feature_id":3013,"geom_src":"point","rep":[-152.5,-77]}},{"type":"Feature","geometry":{"type":"Point","coordinates":[153.3333,56.5]},"properties":{"name":"TINRO","type":"Basin","label":"TINRO Basin","cls":2,"feature_id":3125,"geom_src":"point","rep":[153.3333,56.5]}},{"type":"Feature","geometry":{"type":"Point","coordinates":[-179.5667,50.75]},"properties":{"name":"Tanadak","type":"Basin","label":"Tanadak Basin","cls":2,"feature_id":3064,"geom_src":"point","rep":[-179.5667,50.75]}},{"type":"Feature","geometry":{"type":"Point","coordinates":[-119.6667,32.8667]},"properties":{"name":"Tanner","type":"Basin","label":"Tanner Basin","cls":2,"feature_id":3068,"geom_src":"point","rep":[-119.6667,32.8667]}},{"type":"Feature","geometry":{"type":"Point","coordinates":[157.5615,-42.8269]},"properties":{"name":"Tasman","type":"Basin","label":"Tasman Basin","cls":2,"feature_id":6216,"geom_src":"polygon","rep":[157.5615,-42.8269],"axis":[[155.083,-33.649],[159.288,-51.366]],"apple_minzoom":3,"apple_type":"undersea-area/basin","apple_rank":null,"apple_name":"Tasman Basin"}},{"type":"Feature","geometry":{"type":"Point","coordinates":[135.0071,11.6659]},"properties":{"name":"Tbekuulii","type":"Basin","label":"Tbekuulii Basin","cls":2,"feature_id":6737,"geom_src":"polygon","rep":[135.0071,11.6659],"axis":[[134.91,11.413],[135.103,11.937]]}},{"type":"Feature","geometry":{"type":"Point","coordinates":[-11.6667,37.5]},"properties":{"name":"Tejo","type":"Basin","label":"Tejo Basin","cls":2,"feature_id":3088,"geom_src":"point","rep":[-11.6667,37.5]}},{"type":"Feature","geometry":{"type":"Point","coordinates":[135.9276,19.2431]},"properties":{"name":"Tenkai","type":"Basin","label":"Tenkai Basin","cls":2,"feature_id":888997,"geom_src":"polygon","rep":[135.9276,19.2431],"axis":[[135.87,19.141],[135.987,19.328]]}},{"type":"Feature","geometry":{"type":"Point","coordinates":[130.8564,15.5496]},"properties":{"name":"Tianqin","type":"Basin","label":"Tianqin Basin","cls":2,"feature_id":889517,"geom_src":"polygon","rep":[130.8564,15.5496],"axis":[[130.828,15.65],[130.907,15.456]]}},{"type":"Feature","geometry":{"type":"Point","coordinates":[-112.8333,29]},"properties":{"name":"Tiburón","type":"Basin","label":"Tiburón Basin","cls":2,"feature_id":3120,"geom_src":"point","rep":[-112.8333,29]}},{"type":"Feature","geometry":{"type":"Point","coordinates":[-135.5,-13.5]},"properties":{"name":"Tiki","type":"Basin","label":"Tiki Basin","cls":2,"feature_id":3121,"geom_src":"point","rep":[-135.5,-13.5]}},{"type":"Feature","geometry":{"type":"Point","coordinates":[-60.5,12.5]},"properties":{"name":"Tobago","type":"Basin","label":"Tobago Basin","cls":2,"feature_id":3133,"geom_src":"point","rep":[-60.5,12.5]}},{"type":"Feature","geometry":{"type":"Point","coordinates":[30,-36]},"properties":{"name":"Transkei","type":"Basin","label":"Transkei Basin","cls":2,"feature_id":3161,"geom_src":"point","rep":[30,-36]}},{"type":"Feature","geometry":{"type":"Point","coordinates":[-106.4167,20.8333]},"properties":{"name":"Tres Marías","type":"Basin","label":"Tres Marías Basin","cls":2,"feature_id":3165,"geom_src":"point","rep":[-106.4167,20.8333]}},{"type":"Feature","geometry":{"type":"Point","coordinates":[131,36.5]},"properties":{"name":"Tsushima","type":"Basin","label":"Tsushima Basin","cls":2,"feature_id":3182,"geom_src":"point","rep":[131,36.5],"apple_minzoom":6,"apple_type":"undersea-area/basin","apple_rank":null,"apple_name":"Tsushima Basin"}},{"type":"Feature","geometry":{"type":"Point","coordinates":[12.3333,39.5]},"properties":{"name":"Tyrrhenian","type":"Basin","label":"Tyrrhenian Basin","cls":2,"feature_id":3198,"geom_src":"point","rep":[12.3333,39.5]}},{"type":"Feature","geometry":{"type":"Point","coordinates":[-167.8333,52.5833]},"properties":{"name":"Umnak","type":"Basin","label":"Umnak Basin","cls":2,"feature_id":3211,"geom_src":"point","rep":[-167.8333,52.5833]}},{"type":"Feature","geometry":{"type":"Point","coordinates":[-166.0833,52.8333]},"properties":{"name":"Unalaska","type":"Basin","label":"Unalaska Basin","cls":2,"feature_id":3215,"geom_src":"point","rep":[-166.0833,52.8333]}},{"type":"Feature","geometry":{"type":"Point","coordinates":[176.3922,-41.2704]},"properties":{"name":"Urutī","type":"Basin","label":"Urutī Basin","cls":2,"feature_id":6718,"geom_src":"polygon","rep":[176.3922,-41.2704],"axis":[[176.022,-41.484],[176.698,-41.106]]}},{"type":"Feature","geometry":{"type":"Point","coordinates":[-73.6619,-39.3747]},"properties":{"name":"Valdivia","type":"Basin","label":"Valdivia Basin","cls":2,"feature_id":3526,"geom_src":"polygon","rep":[-73.6619,-39.3747],"axis":[[-73.743,-40.119],[-73.716,-38.616]]}},{"type":"Feature","geometry":{"type":"Point","coordinates":[0.7,39.3]},"properties":{"name":"Valencia","type":"Basin","label":"Valencia Basin","cls":2,"feature_id":3232,"geom_src":"point","rep":[0.7,39.3]}},{"type":"Feature","geometry":{"type":"Point","coordinates":[-71.9917,-32.5822]},"properties":{"name":"Valparaiso","type":"Basin","label":"Valparaiso Basin","cls":2,"feature_id":3528,"geom_src":"polygon","rep":[-71.9917,-32.5822],"axis":[[-72.171,-33.153],[-71.535,-32.003]]}},{"type":"Feature","geometry":{"type":"Point","coordinates":[-28.45,39.1]},"properties":{"name":"Vasco Gil Sodre","type":"Basin","label":"Vasco Gil Sodre Basin","cls":2,"feature_id":3242,"geom_src":"point","rep":[-28.45,39.1]}},{"type":"Feature","geometry":{"type":"Point","coordinates":[-67,14]},"properties":{"name":"Venezuela","type":"Basin","label":"Venezuela Basin","cls":2,"feature_id":3251,"geom_src":"point","rep":[-67,14]}},{"type":"Feature","geometry":{"type":"Point","coordinates":[179.8,51.0667]},"properties":{"name":"Ward","type":"Basin","label":"Ward Basin","cls":2,"feature_id":3311,"geom_src":"point","rep":[179.8,51.0667]}},{"type":"Feature","geometry":{"type":"Point","coordinates":[131,-5.5]},"properties":{"name":"Weber","type":"Basin","label":"Weber Basin","cls":2,"feature_id":3317,"geom_src":"point","rep":[131,-5.5]}},{"type":"Feature","geometry":{"type":"Point","coordinates":[14.0985,-63.3882]},"properties":{"name":"Weddell","type":"Basin","label":"Weddell Basin","cls":2,"feature_id":6271,"geom_src":"polygon","rep":[14.0985,-63.3882],"axis":[[-49.595,-68.798],[77.066,-58.789]]}},{"type":"Feature","geometry":{"type":"Point","coordinates":[-4,-70.4]},"properties":{"name":"Weiken","type":"Basin","label":"Weiken Basin","cls":2,"feature_id":3320,"geom_src":"point","rep":[-4,-70.4]}},{"type":"Feature","geometry":{"type":"Point","coordinates":[137.5,3.5]},"properties":{"name":"West Caroline","type":"Basin","label":"West Caroline Basin","cls":2,"feature_id":3326,"geom_src":"point","rep":[137.5,3.5],"apple_minzoom":4,"apple_type":"undersea-area/basin","apple_rank":null,"apple_name":"West Caroline Basin"}},{"type":"Feature","geometry":{"type":"Point","coordinates":[-28,52.75]},"properties":{"name":"West European","type":"Basin","label":"West European Basin","cls":2,"feature_id":3329,"geom_src":"point","rep":[-28,52.75]}},{"type":"Feature","geometry":{"type":"Point","coordinates":[119.666,14.8818]},"properties":{"name":"West Luzon","type":"Basin","label":"West Luzon Basin","cls":2,"feature_id":889702,"geom_src":"polygon","rep":[119.666,14.8818],"axis":[[119.558,15.982],[119.811,14.079]]}},{"type":"Feature","geometry":{"type":"Point","coordinates":[173.2572,-33.6713]},"properties":{"name":"Whangaroa","type":"Basin","label":"Whangaroa Basin","cls":2,"feature_id":6231,"geom_src":"polygon","rep":[173.2572,-33.6713],"axis":[[172.768,-33.146],[173.787,-34.176]]}},{"type":"Feature","geometry":{"type":"LineString","coordinates":[[93,-23],[110,-14]]},"properties":{"name":"Wharton","type":"Basin","label":"Wharton Basin","cls":2,"feature_id":3341,"geom_src":"line","rep":[110,-14]}},{"type":"Feature","geometry":{"type":"Point","coordinates":[153.75,-10.25]},"properties":{"name":"Woodlark","type":"Basin","label":"Woodlark Basin","cls":2,"feature_id":3366,"geom_src":"point","rep":[153.75,-10.25]}},{"type":"Feature","geometry":{"type":"Point","coordinates":[-61.5,-56]},"properties":{"name":"Yaghan","type":"Basin","label":"Yaghan Basin","cls":2,"feature_id":3381,"geom_src":"point","rep":[-61.5,-56]}},{"type":"Feature","geometry":{"type":"LineString","coordinates":[[135,38.167],[138,39.75]]},"properties":{"name":"Yamato","type":"Basin","label":"Yamato Basin","cls":2,"feature_id":3386,"geom_src":"line","rep":[138,39.75]}},{"type":"Feature","geometry":{"type":"Point","coordinates":[140.4436,-2.153]},"properties":{"name":"Yaso Skaree","type":"Basin","label":"Yaso Skaree Basin","cls":2,"feature_id":890206,"geom_src":"polygon","rep":[140.4436,-2.153],"axis":[[140.41,-2.274],[140.478,-2.065]]}},{"type":"Feature","geometry":{"type":"Point","coordinates":[135.2,12.4033]},"properties":{"name":"Yaus","type":"Basin","label":"Yaus Basin","cls":2,"feature_id":888862,"geom_src":"polygon","rep":[135.2,12.4033],"axis":[[135.16,12.57],[135.234,12.24]]}},{"type":"Feature","geometry":{"type":"Point","coordinates":[-85,20]},"properties":{"name":"Yucatán","type":"Basin","label":"Yucatán Basin","cls":2,"feature_id":3402,"geom_src":"point","rep":[-85,20]}},{"type":"Feature","geometry":{"type":"Point","coordinates":[-102,-20]},"properties":{"name":"Yupanqui","type":"Basin","label":"Yupanqui Basin","cls":2,"feature_id":3410,"geom_src":"point","rep":[-102,-20]}},{"type":"Feature","geometry":{"type":"LineString","coordinates":[[139.854,-1.376],[139.87,-1.373],[139.878,-1.366],[139.893,-1.359],[139.905,-1.357],[139.913,-1.348],[139.922,-1.329],[139.927,-1.322],[139.934,-1.317],[139.944,-1.31],[139.949,-1.303],[139.956,-1.295]]},"properties":{"name":"Amfiro","type":"Escarpment","label":"Amfiro Escarpment","cls":2,"feature_id":890302,"geom_src":"line","rep":[139.9219,-1.3289]}},{"type":"Feature","geometry":{"type":"Point","coordinates":[139.8972,-1.3583]},"properties":{"name":"Amfiro","type":"Escarpment","label":"Amfiro Escarpment","cls":2,"feature_id":890302,"geom_src":"polygon","rep":[139.8972,-1.3583],"axis":[[139.851,-1.404],[139.961,-1.298]]}},{"type":"Feature","geometry":{"type":"LineString","coordinates":[[-66.667,18.883],[-66,19.117],[-65.317,19.167]]},"properties":{"name":"Amphitheatre","type":"Escarpment","label":"Amphitheatre Escarpment","cls":2,"feature_id":120,"geom_src":"line","rep":[-66,19.1167]}},{"type":"Feature","geometry":{"type":"LineString","coordinates":[[164,-55],[164.26,-53.915],[164.612,-53.314],[165.106,-52.332],[165.482,-51.018],[165.881,-49.968],[166,-49]]},"properties":{"name":"Aucklands","type":"Escarpment","label":"Aucklands Escarpment","cls":2,"feature_id":237,"geom_src":"line","rep":[165.1057,-52.3322]}},{"type":"Feature","geometry":{"type":"Point","coordinates":[124.673,16.9847]},"properties":{"name":"Bagras","type":"Escarpment","label":"Bagras Escarpment","cls":2,"feature_id":889553,"geom_src":"polygon","rep":[124.673,16.9847],"axis":[[124.653,17.09],[124.697,16.888]]}},{"type":"Feature","geometry":{"type":"LineString","coordinates":[[-76.333,25.417],[-75,23.5],[-73.083,22.5]]},"properties":{"name":"Bahama","type":"Escarpment","label":"Bahama Escarpment","cls":2,"feature_id":256,"geom_src":"line","rep":[-75,23.5]}},{"type":"Feature","geometry":{"type":"Point","coordinates":[-104.75,-10]},"properties":{"name":"Bauer","type":"Escarpment","label":"Bauer Escarpment","cls":2,"feature_id":295,"geom_src":"point","rep":[-104.75,-10]}},{"type":"Feature","geometry":{"type":"LineString","coordinates":[[-9.333,41.667],[-9.083,41.333]]},"properties":{"name":"Beiral de Viana","type":"Escarpment","label":"Beiral de Viana Escarpment","cls":2,"feature_id":306,"geom_src":"line","rep":[-9.0833,41.3333]}},{"type":"Feature","geometry":{"type":"Point","coordinates":[35.5,34]},"properties":{"name":"Beirut","type":"Escarpment","label":"Beirut Escarpment","cls":2,"feature_id":307,"geom_src":"point","rep":[35.5,34]}},{"type":"Feature","geometry":{"type":"Point","coordinates":[-76.6667,28.5]},"properties":{"name":"Blake","type":"Escarpment","label":"Blake Escarpment","cls":2,"feature_id":355,"geom_src":"point","rep":[-76.6667,28.5]}},{"type":"Feature","geometry":{"type":"LineString","coordinates":[[124.552,37.352],[124.555,37.35],[124.562,37.348],[124.565,37.348],[124.568,37.345],[124.57,37.342],[124.573,37.34]]},"properties":{"name":"Byeongpung","type":"Escarpment","label":"Byeongpung Escarpment","cls":2,"feature_id":6097,"geom_src":"line","rep":[124.565,37.3483]}},{"type":"Feature","geometry":{"type":"LineString","coordinates":[[166.605,-55.738],[168.15,-55.588],[169.07,-55.292],[170.721,-54.653],[171.749,-54.123],[172.252,-54.033],[173.181,-53.698],[174.022,-53.345],[174.335,-52.978],[174.264,-52.591],[174.925,-52.112],[175.895,-51.293]]},"properties":{"name":"Campbell","type":"Escarpment","label":"Campbell Escarpment","cls":2,"feature_id":465,"geom_src":"line","rep":[173.1813,-53.6977]}},{"type":"Feature","geometry":{"type":"LineString","coordinates":[[-92.467,20.75],[-92.538,21.419],[-92.526,21.912],[-91.733,22.363],[-91.44,22.644],[-90.771,23.016],[-90.322,23.201],[-90.15,23.505],[-89.373,23.7],[-88.657,24.219],[-88.397,24.851],[-88.097,24.829],[-87.511,24.982],[-87.131,24.736],[-86.743,24.632],[-86.037,24.023],[-86.24,23.307],[-85.946,23.267],[-85.476,23.755],[-85.267,23.525],[-85.633,22.733]]},"properties":{"name":"Campeche","type":"Escarpment","label":"Campeche Escarpment","cls":2,"feature_id":466,"geom_src":"line","rep":[-88.3974,24.8515]}},{"type":"Feature","geometry":{"type":"LineString","coordinates":[[37.667,41.233],[41,41.333]]},"properties":{"name":"Canik","type":"Escarpment","label":"Canik Escarpment","cls":2,"feature_id":475,"geom_src":"line","rep":[41,41.3333]}},{"type":"Feature","geometry":{"type":"LineString","coordinates":[[109.421,-19.846],[109.693,-19.989],[109.941,-20.205],[110.201,-20.355],[110.551,-20.531],[110.846,-20.682],[111.206,-20.908],[111.449,-21.089],[111.668,-21.253],[112.118,-21.531],[112.575,-21.568]]},"properties":{"name":"Cape Range","type":"Escarpment","label":"Cape Range Escarpment","cls":2,"feature_id":488,"geom_src":"line","rep":[110.8457,-20.682]}},{"type":"Feature","geometry":{"type":"Point","coordinates":[38.5,43.9167]},"properties":{"name":"Caucasus","type":"Escarpment","label":"Caucasus Escarpment","cls":2,"feature_id":530,"geom_src":"point","rep":[38.5,43.9167]}},{"type":"Feature","geometry":{"type":"Point","coordinates":[-115.5,27.3333]},"properties":{"name":"Cedros","type":"Escarpment","label":"Cedros Escarpment","cls":2,"feature_id":540,"geom_src":"point","rep":[-115.5,27.3333]}},{"type":"Feature","geometry":{"type":"LineString","coordinates":[[-3,3.333],[-2.735,3.495],[-2.526,3.623],[-2.352,3.729],[-2.168,3.842],[-1.928,3.989],[-1.669,4.071],[-1.443,4.146],[-1.199,4.247],[-0.93,4.405],[-0.74,4.561],[-0.568,4.702],[-0.431,4.814],[-0.308,4.915],[0,5.167]]},"properties":{"name":"Côte d'Ivoire","type":"Escarpment","label":"Côte d'Ivoire Escarpment","cls":2,"feature_id":672,"geom_src":"line","rep":[-1.4426,4.1461]}},{"type":"Feature","geometry":{"type":"Point","coordinates":[33.8333,44.1]},"properties":{"name":"Crimea","type":"Escarpment","label":"Crimea Escarpment","cls":2,"feature_id":682,"geom_src":"point","rep":[33.8333,44.1]}},{"type":"Feature","geometry":{"type":"LineString","coordinates":[[90,-31],[90.392,-30.838],[90.934,-30.799],[91.78,-30.798],[92.28,-30.891],[93.137,-30.977],[93.71,-31.191],[94.394,-31.436],[94.817,-31.607],[95.409,-31.811],[95.984,-31.975],[96.783,-32.275],[97.58,-32.33],[98.3,-32.359],[99.195,-32.316],[100.285,-32.316],[102.5,-32.667]]},"properties":{"name":"Diamantina","type":"Escarpment","label":"Diamantina Escarpment","cls":2,"feature_id":781,"geom_src":"line","rep":[94.8174,-31.6068]}},{"type":"Feature","geometry":{"type":"Point","coordinates":[1.2167,40.1667]},"properties":{"name":"Ebro","type":"Escarpment","label":"Ebro Escarpment","cls":2,"feature_id":860,"geom_src":"point","rep":[1.2167,40.1667]}},{"type":"Feature","geometry":{"type":"LineString","coordinates":[[1.833,38],[4,39.833]]},"properties":{"name":"Emile Baudot","type":"Escarpment","label":"Emile Baudot Escarpment","cls":2,"feature_id":899,"geom_src":"line","rep":[4,39.8333]}},{"type":"Feature","geometry":{"type":"Point","coordinates":[-42.8167,-56.3833]},"properties":{"name":"Eötvös","type":"Escarpment","label":"Eötvös Escarpment","cls":2,"feature_id":920,"geom_src":"point","rep":[-42.8167,-56.3833]}},{"type":"Feature","geometry":{"type":"LineString","coordinates":[[-19,-71.3],[-11,-69.8]]},"properties":{"name":"Explora","type":"Escarpment","label":"Explora Escarpment","cls":2,"feature_id":950,"geom_src":"line","rep":[-11,-69.8]}},{"type":"Feature","geometry":{"type":"LineString","coordinates":[[-57.049,-47.815],[-54.98,-48.458],[-53.488,-49.036],[-52.833,-49.25],[-52.071,-49.267],[-50.892,-49.395],[-49.723,-49.496],[-48.683,-49.633],[-47.841,-49.548],[-47.172,-49.585],[-43.692,-49.568],[-39.248,-49.308]]},"properties":{"name":"Falkland","type":"Escarpment","label":"Falkland Escarpment","cls":2,"feature_id":964,"geom_src":"line","rep":[-49.7232,-49.4965]}},{"type":"Feature","geometry":{"type":"LineString","coordinates":[[145.783,29.917],[146.467,29]]},"properties":{"name":"Fujibakama","type":"Escarpment","label":"Fujibakama Escarpment","cls":2,"feature_id":1059,"geom_src":"line","rep":[146.4667,29]}},{"type":"Feature","geometry":{"type":"LineString","coordinates":[[-12.833,42.75],[-12.72,42.896],[-12.54,42.99],[-12.38,43.148],[-12.222,43.245],[-12.016,43.303],[-11.804,43.377],[-11.574,43.417],[-11.386,43.438],[-11.167,43.5]]},"properties":{"name":"Galicia","type":"Escarpment","label":"Galicia Escarpment","cls":2,"feature_id":1079,"geom_src":"line","rep":[-12.0161,43.3028]}},{"type":"Feature","geometry":{"type":"LineString","coordinates":[[-25.567,36.5],[-25.083,36.55],[-24.583,36.65]]},"properties":{"name":"Gonzalo Velho Cabral","type":"Escarpment","label":"Gonzalo Velho Cabral Escarpment","cls":2,"feature_id":1164,"geom_src":"line","rep":[-25.0833,36.55]}},{"type":"Feature","geometry":{"type":"LineString","coordinates":[[-131.5,40.5],[-125.75,40.5]]},"properties":{"name":"Gorda","type":"Escarpment","label":"Gorda Escarpment","cls":2,"feature_id":1165,"geom_src":"line","rep":[-125.75,40.5]}},{"type":"Feature","geometry":{"type":"LineString","coordinates":[[-2.333,36],[-1.91,35.837],[-1.197,35.837],[-0.56,35.946],[-0.203,36.135],[0.333,36.417]]},"properties":{"name":"Habibas","type":"Escarpment","label":"Habibas Escarpment","cls":2,"feature_id":1232,"geom_src":"line","rep":[-0.5599,35.9463]}},{"type":"Feature","geometry":{"type":"LineString","coordinates":[[145.333,29.917],[146.283,28.217]]},"properties":{"name":"Kaede","type":"Escarpment","label":"Kaede Escarpment","cls":2,"feature_id":1500,"geom_src":"line","rep":[146.2833,28.2167]}},{"type":"Feature","geometry":{"type":"LineString","coordinates":[[135.793,18.964],[135.751,18.927],[135.722,18.859],[135.719,18.813],[135.691,18.781],[135.624,18.631]]},"properties":{"name":"Kaimei","type":"Escarpment","label":"Kaimei Escarpment","cls":2,"feature_id":888998,"geom_src":"line","rep":[135.7192,18.8127]}},{"type":"Feature","geometry":{"type":"LineString","coordinates":[[134.624,15.39],[134.586,15.305],[134.575,15.232],[134.398,15.002],[134.323,14.86]]},"properties":{"name":"Kazahayahoshi","type":"Escarpment","label":"Kazahayahoshi Escarpment","cls":2,"feature_id":6456,"geom_src":"line","rep":[134.5747,15.2325]}},{"type":"Feature","geometry":{"type":"LineString","coordinates":[[135.01,17.183],[135.006,17.199],[135.013,17.227],[135.028,17.24],[135.039,17.273],[135.043,17.319],[135.049,17.335],[135.074,17.359]]},"properties":{"name":"Kensakiboshi","type":"Escarpment","label":"Kensakiboshi Escarpment","cls":2,"feature_id":889002,"geom_src":"line","rep":[135.0393,17.2727]}},{"type":"Feature","geometry":{"type":"LineString","coordinates":[[133.333,28.65],[133.15,29.833]]},"properties":{"name":"Kita-Amami","type":"Escarpment","label":"Kita-Amami Escarpment","cls":2,"feature_id":1598,"geom_src":"line","rep":[133.15,29.8333]}},{"type":"Feature","geometry":{"type":"Point","coordinates":[140.161,28.1186]},"properties":{"name":"Kita-Sofu","type":"Escarpment","label":"Kita-Sofu Escarpment","cls":2,"feature_id":889908,"geom_src":"polygon","rep":[140.161,28.1186],"axis":[[140.028,27.787],[140.279,28.414]]}},{"type":"Feature","geometry":{"type":"LineString","coordinates":[[31.333,41.433],[31.815,41.616],[32.408,41.926],[32.707,41.99],[33.344,42.158],[33.631,42.175],[33.979,42.385],[34.513,42.278],[34.813,42.297],[35.333,42.167]]},"properties":{"name":"Küre","type":"Escarpment","label":"Küre Escarpment","cls":2,"feature_id":1676,"geom_src":"line","rep":[33.631,42.1747]}},{"type":"Feature","geometry":{"type":"LineString","coordinates":[[-61.133,16.35],[-60.567,16.567]]},"properties":{"name":"La Désirade","type":"Escarpment","label":"La Désirade Escarpment","cls":2,"feature_id":1686,"geom_src":"line","rep":[-60.5667,16.5667]}},{"type":"Feature","geometry":{"type":"Point","coordinates":[-112,23.5]},"properties":{"name":"Magdalena","type":"Escarpment","label":"Magdalena Escarpment","cls":2,"feature_id":1820,"geom_src":"point","rep":[-112,23.5]}},{"type":"Feature","geometry":{"type":"LineString","coordinates":[[141.022,-1.194],[140.964,-1.195],[140.896,-1.194],[140.806,-1.173],[140.728,-1.174]]},"properties":{"name":"Mamate Dua","type":"Escarpment","label":"Mamate Dua Escarpment","cls":2,"feature_id":890310,"geom_src":"line","rep":[140.8958,-1.1938]}},{"type":"Feature","geometry":{"type":"Point","coordinates":[140.8638,-1.1998]},"properties":{"name":"Mamate Dua","type":"Escarpment","label":"Mamate Dua Escarpment","cls":2,"feature_id":890310,"geom_src":"polygon","rep":[140.8638,-1.1998],"axis":[[140.684,-1.164],[141.071,-1.217]]}},{"type":"Feature","geometry":{"type":"Point","coordinates":[140.7494,-2.2568]},"properties":{"name":"Mare Skaree","type":"Escarpment","label":"Mare Skaree Escarpment","cls":2,"feature_id":890308,"geom_src":"polygon","rep":[140.7494,-2.2568],"axis":[[140.623,-2.206],[140.858,-2.301]]}},{"type":"Feature","geometry":{"type":"LineString","coordinates":[[5.517,42.95],[6.833,43]]},"properties":{"name":"Maures","type":"Escarpment","label":"Maures Escarpment","cls":2,"feature_id":1910,"geom_src":"line","rep":[6.8333,43]}},{"type":"Feature","geometry":{"type":"Point","coordinates":[-0.95,37.4333]},"properties":{"name":"Mazarrón","type":"Escarpment","label":"Mazarrón Escarpment","cls":2,"feature_id":1918,"geom_src":"point","rep":[-0.95,37.4333]}},{"type":"Feature","geometry":{"type":"LineString","coordinates":[[-124.967,46.017],[-124.95,45.9],[-124.933,45.833]]},"properties":{"name":"McArthur","type":"Escarpment","label":"McArthur Escarpment","cls":2,"feature_id":1921,"geom_src":"line","rep":[-124.95,45.9]}},{"type":"Feature","geometry":{"type":"Point","coordinates":[16,34.3333]},"properties":{"name":"Medina","type":"Escarpment","label":"Medina Escarpment","cls":2,"feature_id":1932,"geom_src":"point","rep":[16,34.3333]}},{"type":"Feature","geometry":{"type":"Point","coordinates":[-140,40]},"properties":{"name":"Mendocino","type":"Escarpment","label":"Mendocino Escarpment","cls":2,"feature_id":1965,"geom_src":"point","rep":[-140,40]}},{"type":"Feature","geometry":{"type":"Point","coordinates":[140.4559,-1.4832]},"properties":{"name":"Mereru Skaree","type":"Escarpment","label":"Mereru Skaree Escarpment","cls":2,"feature_id":890192,"geom_src":"polygon","rep":[140.4559,-1.4832],"axis":[[140.366,-1.566],[140.544,-1.402]]}},{"type":"Feature","geometry":{"type":"LineString","coordinates":[[133.4,27],[133.4,27.5]]},"properties":{"name":"Minami-Amami","type":"Escarpment","label":"Minami-Amami Escarpment","cls":2,"feature_id":2004,"geom_src":"line","rep":[133.4,27.5]}},{"type":"Feature","geometry":{"type":"LineString","coordinates":[[129.833,21],[129,24]]},"properties":{"name":"Minami-Okinawa","type":"Escarpment","label":"Minami-Okinawa Escarpment","cls":2,"feature_id":2012,"geom_src":"line","rep":[129,24]}},{"type":"Feature","geometry":{"type":"Point","coordinates":[139.856,27.3641]},"properties":{"name":"Minami-Sofu","type":"Escarpment","label":"Minami-Sofu Escarpment","cls":2,"feature_id":889909,"geom_src":"polygon","rep":[139.856,27.3641],"axis":[[139.764,27.158],[139.96,27.595]]}},{"type":"Feature","geometry":{"type":"LineString","coordinates":[[37,-29],[33.75,-40]]},"properties":{"name":"Mozambique","type":"Escarpment","label":"Mozambique Escarpment","cls":2,"feature_id":2091,"geom_src":"line","rep":[33.75,-40]}},{"type":"Feature","geometry":{"type":"Point","coordinates":[7.9167,40.8333]},"properties":{"name":"Nurra","type":"Escarpment","label":"Nurra Escarpment","cls":2,"feature_id":2260,"geom_src":"point","rep":[7.9167,40.8333]}},{"type":"Feature","geometry":{"type":"LineString","coordinates":[[130.5,22],[133,21.333]]},"properties":{"name":"Oki-Daito","type":"Escarpment","label":"Oki-Daito Escarpment","cls":2,"feature_id":2288,"geom_src":"line","rep":[133,21.3333]}},{"type":"Feature","geometry":{"type":"Point","coordinates":[-120,32.3333]},"properties":{"name":"Patton","type":"Escarpment","label":"Patton Escarpment","cls":2,"feature_id":2377,"geom_src":"point","rep":[-120,32.3333]}},{"type":"Feature","geometry":{"type":"LineString","coordinates":[[-30.2,37.15],[-29.667,37.1],[-29.083,37]]},"properties":{"name":"Pettersson","type":"Escarpment","label":"Pettersson Escarpment","cls":2,"feature_id":2427,"geom_src":"line","rep":[-29.6667,37.1]}},{"type":"Feature","geometry":{"type":"LineString","coordinates":[[7.333,43.583],[8.483,43.883]]},"properties":{"name":"Provençal","type":"Escarpment","label":"Provençal Escarpment","cls":2,"feature_id":2509,"geom_src":"line","rep":[8.4833,43.8833]}},{"type":"Feature","geometry":{"type":"Point","coordinates":[-121.7,34.5]},"properties":{"name":"Santa Lucia","type":"Escarpment","label":"Santa Lucia Escarpment","cls":2,"feature_id":2722,"geom_src":"point","rep":[-121.7,34.5]}},{"type":"Feature","geometry":{"type":"LineString","coordinates":[[-42.915,-28.433],[-42.649,-28.689],[-42.439,-28.738],[-41.983,-28.575],[-41.859,-28.476],[-41.407,-28.46],[-40.679,-28.335],[-40.018,-28.236]]},"properties":{"name":"São Paulo","type":"Escarpment","label":"São Paulo Escarpment","cls":2,"feature_id":6288,"geom_src":"line","rep":[-41.8587,-28.4763]}},{"type":"Feature","geometry":{"type":"LineString","coordinates":[[134.955,16.291],[134.923,16.154],[134.852,16.042],[134.856,15.998],[134.811,15.973],[134.809,15.887],[134.734,15.779],[134.744,15.743],[134.681,15.655],[134.691,15.602],[134.637,15.535]]},"properties":{"name":"Shinjuboshi","type":"Escarpment","label":"Shinjuboshi Escarpment","cls":2,"feature_id":6455,"geom_src":"line","rep":[134.8087,15.8873]}},{"type":"Feature","geometry":{"type":"MultiLineString","coordinates":[[[148,87.333],[150,88.333],[179.999,88.667]],[[-179.999,88.667],[-160,88.85],[-120,88.917]]]},"properties":{"name":"Shmakov","type":"Escarpment","label":"Shmakov Escarpment","cls":2,"feature_id":3486,"geom_src":"line","rep":[150,88.3333]}},{"type":"Feature","geometry":{"type":"Point","coordinates":[15.5,36.5833]},"properties":{"name":"Sicily-Malta","type":"Escarpment","label":"Sicily-Malta Escarpment","cls":2,"feature_id":2856,"geom_src":"point","rep":[15.5,36.5833]}},{"type":"Feature","geometry":{"type":"Point","coordinates":[-92.5,26]},"properties":{"name":"Sigsbee","type":"Escarpment","label":"Sigsbee Escarpment","cls":2,"feature_id":2862,"geom_src":"point","rep":[-92.5,26]}},{"type":"Feature","geometry":{"type":"LineString","coordinates":[[-146.8,58.5],[-146.4,58.75],[-146,59]]},"properties":{"name":"Smith","type":"Escarpment","label":"Smith Escarpment","cls":2,"feature_id":2890,"geom_src":"line","rep":[-146.4,58.75]}},{"type":"Feature","geometry":{"type":"LineString","coordinates":[[134.951,17.198],[134.948,17.231],[134.956,17.249],[134.974,17.261],[134.977,17.307],[134.993,17.326],[135.015,17.334],[135.035,17.374]]},"properties":{"name":"Soeboshi","type":"Escarpment","label":"Soeboshi Escarpment","cls":2,"feature_id":889001,"geom_src":"line","rep":[134.977,17.3074]}},{"type":"Feature","geometry":{"type":"Point","coordinates":[8.25,38.5]},"properties":{"name":"Sulcis","type":"Escarpment","label":"Sulcis Escarpment","cls":2,"feature_id":3011,"geom_src":"point","rep":[8.25,38.5]}},{"type":"Feature","geometry":{"type":"LineString","coordinates":[[144.5,-44.75],[145.5,-47.417],[146.333,-49.333]]},"properties":{"name":"Tasman","type":"Escarpment","label":"Tasman Escarpment","cls":2,"feature_id":3074,"geom_src":"line","rep":[145.5,-47.4167]}},{"type":"Feature","geometry":{"type":"LineString","coordinates":[[136.118,19.461],[136.035,19.414],[135.982,19.399],[135.96,19.384],[135.92,19.337],[135.885,19.325],[135.845,19.273],[135.838,19.175],[135.843,19.1]]},"properties":{"name":"Tenkai","type":"Escarpment","label":"Tenkai Escarpment","cls":2,"feature_id":888996,"geom_src":"line","rep":[135.92,19.3367]}},{"type":"Feature","geometry":{"type":"Point","coordinates":[2.5,39.8333]},"properties":{"name":"Tramontana","type":"Escarpment","label":"Tramontana Escarpment","cls":2,"feature_id":3160,"geom_src":"point","rep":[2.5,39.8333]}},{"type":"Feature","geometry":{"type":"Point","coordinates":[-87.2167,17.85]},"properties":{"name":"Turneffe","type":"Escarpment","label":"Turneffe Escarpment","cls":2,"feature_id":3195,"geom_src":"point","rep":[-87.2167,17.85]}},{"type":"Feature","geometry":{"type":"LineString","coordinates":[[131,37.683],[130.85,38.133],[130.75,38.5]]},"properties":{"name":"Usan","type":"Escarpment","label":"Usan Escarpment","cls":2,"feature_id":3222,"geom_src":"line","rep":[130.85,38.1333]}},{"type":"Feature","geometry":{"type":"LineString","coordinates":[[106.75,-24.5],[107.054,-24.622],[107.286,-24.758],[107.503,-24.943],[107.745,-25.093],[107.939,-25.263],[108.196,-25.422],[108.409,-25.539],[108.629,-25.657],[108.835,-25.808],[109.016,-25.96],[109.216,-26.094],[109.366,-26.261],[109.571,-26.444],[109.778,-26.583],[109.965,-26.763],[110.165,-26.919],[110.313,-27.131],[110.333,-27.333]]},"properties":{"name":"Wallaby-Cuvier","type":"Escarpment","label":"Wallaby-Cuvier Escarpment","cls":2,"feature_id":3301,"geom_src":"line","rep":[108.8354,-25.8085]}},{"type":"Feature","geometry":{"type":"LineString","coordinates":[[-84,24.55],[-84.374,24.947],[-84.593,25.324],[-84.812,25.81],[-84.824,26.162],[-84.885,26.579],[-84.946,26.852],[-85.177,26.994],[-85.36,27.255],[-85.554,27.625],[-85.847,27.841],[-86.295,28.025],[-86.603,28.112],[-86.925,28.272],[-87.345,28.371]]},"properties":{"name":"West Florida","type":"Escarpment","label":"West Florida Escarpment","cls":2,"feature_id":3330,"geom_src":"line","rep":[-85.1769,26.9938]}},{"type":"Feature","geometry":{"type":"LineString","coordinates":[[-85.517,21.083],[-85.842,20.845],[-85.959,20.63],[-85.984,20.394],[-86.063,20.325],[-86.075,20.204],[-86.357,19.966],[-86.601,19.623],[-86.83,19.471],[-86.92,19.03],[-87.031,18.841],[-86.961,18.602],[-87.117,18.352],[-87.067,18.1]]},"properties":{"name":"Yucatán","type":"Escarpment","label":"Yucatán Escarpment","cls":2,"feature_id":3404,"geom_src":"line","rep":[-86.6007,19.6226]}},{"type":"Feature","geometry":{"type":"Point","coordinates":[26,-40]},"properties":{"name":"Agulhas","type":"Plateau","label":"Agulhas Plateau","cls":2,"feature_id":37,"geom_src":"point","rep":[26,-40]}},{"type":"Feature","geometry":{"type":"Point","coordinates":[139.8858,-1.2722]},"properties":{"name":"Ai Temto","type":"Plateau","label":"Ai Temto Plateau","cls":2,"feature_id":890185,"geom_src":"polygon","rep":[139.8858,-1.2722],"axis":[[139.627,-1.466],[140.113,-1.118]]}},{"type":"Feature","geometry":{"type":"Point","coordinates":[-103,10]},"properties":{"name":"Albatross","type":"Plateau","label":"Albatross Plateau","cls":2,"feature_id":57,"geom_src":"point","rep":[-103,10]}},{"type":"Feature","geometry":{"type":"Point","coordinates":[18.8333,39.5]},"properties":{"name":"Apulian","type":"Plateau","label":"Apulian Plateau","cls":2,"feature_id":171,"geom_src":"point","rep":[18.8333,39.5]}},{"type":"Feature","geometry":{"type":"Point","coordinates":[-46.6604,-53.1693]},"properties":{"name":"Barker","type":"Plateau","label":"Barker Plateau","cls":2,"feature_id":6290,"geom_src":"polygon","rep":[-46.6604,-53.1693],"axis":[[-47.643,-52.898],[-45.666,-53.4]]}},{"type":"Feature","geometry":{"type":"Point","coordinates":[-78.5,29.5]},"properties":{"name":"Blake","type":"Plateau","label":"Blake Plateau","cls":2,"feature_id":356,"geom_src":"point","rep":[-78.5,29.5]}},{"type":"Feature","geometry":{"type":"Point","coordinates":[179,-48]},"properties":{"name":"Bounty","type":"Plateau","label":"Bounty Plateau","cls":2,"feature_id":382,"geom_src":"point","rep":[179,-48]}},{"type":"Feature","geometry":{"type":"Point","coordinates":[-6.0855,-68.953]},"properties":{"name":"Bungenstock","type":"Plateau","label":"Bungenstock Plateau","cls":2,"feature_id":5008,"geom_src":"polygon","rep":[-6.0855,-68.953],"axis":[[-7.685,-68.591],[-4.881,-69.291]]}},{"type":"Feature","geometry":{"type":"Point","coordinates":[171,-50.6667]},"properties":{"name":"Campbell","type":"Plateau","label":"Campbell Plateau","cls":2,"feature_id":462,"geom_src":"point","rep":[171,-50.6667]}},{"type":"Feature","geometry":{"type":"Point","coordinates":[-20,17.8333]},"properties":{"name":"Cape Verde","type":"Plateau","label":"Cape Verde Plateau","cls":2,"feature_id":492,"geom_src":"point","rep":[-20,17.8333],"apple_minzoom":3,"apple_type":"undersea-area/basin","apple_rank":null,"apple_name":"Cape Verde Basin"}},{"type":"Feature","geometry":{"type":"Point","coordinates":[-37.5,-3.3333]},"properties":{"name":"Ceará","type":"Plateau","label":"Ceará Plateau","cls":2,"feature_id":535,"geom_src":"point","rep":[-37.5,-3.3333]}},{"type":"Feature","geometry":{"type":"Point","coordinates":[168.6667,-39.3333]},"properties":{"name":"Challenger","type":"Plateau","label":"Challenger Plateau","cls":2,"feature_id":565,"geom_src":"point","rep":[168.6667,-39.3333]}},{"type":"Feature","geometry":{"type":"Point","coordinates":[-165.8294,76.9501]},"properties":{"name":"Chukchi","type":"Plateau","label":"Chukchi Plateau","cls":2,"feature_id":607,"geom_src":"polygon","rep":[-165.8294,76.9501],"axis":[[-169.824,74.942],[-161.773,79.031]]}},{"type":"Feature","geometry":{"type":"LineString","coordinates":[[108.65,-23.1],[108.5,-25.25]]},"properties":{"name":"Cuvier","type":"Plateau","label":"Cuvier Plateau","cls":2,"feature_id":697,"geom_src":"line","rep":[108.5,-25.25]}},{"type":"Feature","geometry":{"type":"Point","coordinates":[-53.5,8.1667]},"properties":{"name":"Demerara","type":"Plateau","label":"Demerara Plateau","cls":2,"feature_id":767,"geom_src":"point","rep":[-53.5,8.1667]}},{"type":"Feature","geometry":{"type":"Point","coordinates":[150.5,-44]},"properties":{"name":"East Tasman","type":"Plateau","label":"East Tasman Plateau","cls":2,"feature_id":854,"geom_src":"point","rep":[150.5,-44]}},{"type":"Feature","geometry":{"type":"Point","coordinates":[113,-20]},"properties":{"name":"Exmouth","type":"Plateau","label":"Exmouth Plateau","cls":2,"feature_id":948,"geom_src":"point","rep":[113,-20]}},{"type":"Feature","geometry":{"type":"Point","coordinates":[-50,-51]},"properties":{"name":"Falkland","type":"Plateau","label":"Falkland Plateau","cls":2,"feature_id":966,"geom_src":"point","rep":[-50,-51]}},{"type":"Feature","geometry":{"type":"Point","coordinates":[171,-14.3333]},"properties":{"name":"Fiji","type":"Plateau","label":"Fiji Plateau","cls":2,"feature_id":1000,"geom_src":"point","rep":[171,-14.3333]}},{"type":"Feature","geometry":{"type":"Point","coordinates":[9,37.5167]},"properties":{"name":"Galite","type":"Plateau","label":"Galite Plateau","cls":2,"feature_id":1082,"geom_src":"point","rep":[9,37.5167]}},{"type":"Feature","geometry":{"type":"Point","coordinates":[130,38]},"properties":{"name":"Gangwon","type":"Plateau","label":"Gangwon Plateau","cls":2,"feature_id":1092,"geom_src":"point","rep":[130,38]}},{"type":"Feature","geometry":{"type":"Point","coordinates":[-54,8.3333]},"properties":{"name":"Guiana","type":"Plateau","label":"Guiana Plateau","cls":2,"feature_id":1216,"geom_src":"point","rep":[-54,8.3333]}},{"type":"Feature","geometry":{"type":"Point","coordinates":[-178.7155,-37.8035]},"properties":{"name":"Hikurangi","type":"Plateau","label":"Hikurangi Plateau","cls":2,"feature_id":1321,"geom_src":"point","rep":[-178.7155,-37.8035]}},{"type":"Feature","geometry":{"type":"LineString","coordinates":[[-12.5,68],[-12.25,69.5]]},"properties":{"name":"Icelandic","type":"Plateau","label":"Icelandic Plateau","cls":2,"feature_id":1390,"geom_src":"line","rep":[-12.25,69.5]}},{"type":"Feature","geometry":{"type":"Point","coordinates":[-33.5,-6.8333]},"properties":{"name":"João Pessoa","type":"Plateau","label":"João Pessoa Plateau","cls":2,"feature_id":1478,"geom_src":"point","rep":[-33.5,-6.8333]}},{"type":"Feature","geometry":{"type":"Point","coordinates":[4.1667,38.9167]},"properties":{"name":"Kene","type":"Plateau","label":"Kene Plateau","cls":2,"feature_id":1560,"geom_src":"point","rep":[4.1667,38.9167]}},{"type":"Feature","geometry":{"type":"Point","coordinates":[75.2851,-54.9244]},"properties":{"name":"Kerguelen","type":"Plateau","label":"Kerguelen Plateau","cls":2,"feature_id":1565,"geom_src":"polygon","rep":[75.2851,-54.9244],"axis":[[65.943,-46.683],[84.248,-62.902]],"apple_minzoom":3,"apple_type":"undersea-area/rise","apple_rank":null,"apple_name":"Kerguelen Plateau"}},{"type":"Feature","geometry":{"type":"Point","coordinates":[25.1667,37.25]},"properties":{"name":"Kikladhes","type":"Plateau","label":"Kikladhes Plateau","cls":2,"feature_id":1580,"geom_src":"point","rep":[25.1667,37.25]}},{"type":"Feature","geometry":{"type":"Point","coordinates":[130,39]},"properties":{"name":"Korean","type":"Plateau","label":"Korean Plateau","cls":2,"feature_id":1645,"geom_src":"point","rep":[130,39]}},{"type":"Feature","geometry":{"type":"Point","coordinates":[-2.5,44.1667]},"properties":{"name":"Landes","type":"Plateau","label":"Landes Plateau","cls":2,"feature_id":1713,"geom_src":"point","rep":[-2.5,44.1667]}},{"type":"Feature","geometry":{"type":"Point","coordinates":[124.5,16.8333]},"properties":{"name":"Luzon","type":"Plateau","label":"Luzon Plateau","cls":2,"feature_id":1800,"geom_src":"point","rep":[124.5,16.8333],"apple_minzoom":6,"apple_type":"undersea-area/rise","apple_rank":null,"apple_name":"Luzon Plateau"}},{"type":"Feature","geometry":{"type":"LineString","coordinates":[[46,-27],[45,-34]]},"properties":{"name":"Madagascar","type":"Plateau","label":"Madagascar Plateau","cls":2,"feature_id":1815,"geom_src":"line","rep":[45,-34]}},{"type":"Feature","geometry":{"type":"Point","coordinates":[14.8333,36]},"properties":{"name":"Malta","type":"Plateau","label":"Malta Plateau","cls":2,"feature_id":1845,"geom_src":"point","rep":[14.8333,36]}},{"type":"Feature","geometry":{"type":"Point","coordinates":[-162.5,-11]},"properties":{"name":"Manihiki","type":"Plateau","label":"Manihiki Plateau","cls":2,"feature_id":1854,"geom_src":"point","rep":[-162.5,-11]}},{"type":"Feature","geometry":{"type":"LineString","coordinates":[[58,-6],[59.5,-17]]},"properties":{"name":"Mascarene","type":"Plateau","label":"Mascarene Plateau","cls":2,"feature_id":1900,"geom_src":"line","rep":[59.5,-17]}},{"type":"Feature","geometry":{"type":"LineString","coordinates":[[36,-27],[34,-35]]},"properties":{"name":"Mozambique","type":"Plateau","label":"Mozambique Plateau","cls":2,"feature_id":2090,"geom_src":"line","rep":[34,-35]}},{"type":"Feature","geometry":{"type":"Point","coordinates":[111.5,-34]},"properties":{"name":"Naturaliste","type":"Plateau","label":"Naturaliste Plateau","cls":2,"feature_id":2142,"geom_src":"point","rep":[111.5,-34]}},{"type":"Feature","geometry":{"type":"Point","coordinates":[144.0042,25.9211]},"properties":{"name":"Ogasawara","type":"Plateau","label":"Ogasawara Plateau","cls":2,"feature_id":2279,"geom_src":"polygon","rep":[144.0042,25.9211],"axis":[[143.801,24.804],[144.142,26.997]],"apple_minzoom":5,"apple_type":"undersea-ridge/ridge","apple_rank":null,"apple_name":"Ogasawara Ridge"}},{"type":"Feature","geometry":{"type":"Point","coordinates":[131.1819,24.7158]},"properties":{"name":"Oki-Daito","type":"Plateau","label":"Oki-Daito Plateau","cls":2,"feature_id":6068,"geom_src":"polygon","rep":[131.1819,24.7158],"axis":[[129.852,25.888],[132.154,23.643]]}},{"type":"Feature","geometry":{"type":"LineString","coordinates":[[156,2],[156.516,0.522],[157.177,-1.368],[157.789,-3.031],[159.264,-5.314],[160.622,-6.443],[161.664,-7.308],[162.5,-8]]},"properties":{"name":"Ontong Java","type":"Plateau","label":"Ontong Java Plateau","cls":2,"feature_id":2307,"geom_src":"line","rep":[159.2637,-5.3135]}},{"type":"Feature","geometry":{"type":"Point","coordinates":[87,-15]},"properties":{"name":"Osborn","type":"Plateau","label":"Osborn Plateau","cls":2,"feature_id":2321,"geom_src":"point","rep":[87,-15]}},{"type":"Feature","geometry":{"type":"Point","coordinates":[146,-10.75]},"properties":{"name":"Papua","type":"Plateau","label":"Papua Plateau","cls":2,"feature_id":2363,"geom_src":"point","rep":[146,-10.75]}},{"type":"Feature","geometry":{"type":"Point","coordinates":[-34.1432,-8.3712]},"properties":{"name":"Pernambuco","type":"Plateau","label":"Pernambuco Plateau","cls":2,"feature_id":2564,"geom_src":"polygon","rep":[-34.1432,-8.3712],"axis":[[-34.299,-7.226],[-33.776,-9.04]]}},{"type":"Feature","geometry":{"type":"Point","coordinates":[-24.5,-71.2]},"properties":{"name":"Polarstern","type":"Plateau","label":"Polarstern Plateau","cls":2,"feature_id":2467,"geom_src":"point","rep":[-24.5,-71.2]}},{"type":"Feature","geometry":{"type":"Point","coordinates":[150,-16]},"properties":{"name":"Queensland","type":"Plateau","label":"Queensland Plateau","cls":2,"feature_id":2533,"geom_src":"point","rep":[150,-16]}},{"type":"Feature","geometry":{"type":"Point","coordinates":[-35.0085,-5.0128]},"properties":{"name":"Rio Grande do Norte","type":"Plateau","label":"Rio Grande do Norte Plateau","cls":2,"feature_id":5922,"geom_src":"polygon","rep":[-35.0085,-5.0128],"axis":[[-35.323,-4.519],[-34.811,-5.603]]}},{"type":"Feature","geometry":{"type":"Point","coordinates":[-18.8333,56.3333]},"properties":{"name":"Rockall","type":"Plateau","label":"Rockall Plateau","cls":2,"feature_id":2608,"geom_src":"point","rep":[-18.8333,56.3333]}},{"type":"Feature","geometry":{"type":"Point","coordinates":[-44.3668,-30.6762]},"properties":{"name":"Santa Catarina","type":"Plateau","label":"Santa Catarina Plateau","cls":2,"feature_id":5980,"geom_src":"point","rep":[-44.3668,-30.6762]}},{"type":"Feature","geometry":{"type":"Point","coordinates":[-42.5,-26.5]},"properties":{"name":"São Paulo","type":"Plateau","label":"São Paulo Plateau","cls":2,"feature_id":2729,"geom_src":"point","rep":[-42.5,-26.5]}},{"type":"Feature","geometry":{"type":"Point","coordinates":[-44.4947,-61.3381]},"properties":{"name":"South Orkney","type":"Plateau","label":"South Orkney Plateau","cls":2,"feature_id":6117,"geom_src":"polygon","rep":[-44.4947,-61.3381],"axis":[[-47.832,-60.762],[-41.612,-61.769]]}},{"type":"Feature","geometry":{"type":"Point","coordinates":[-9,-68.4]},"properties":{"name":"Torge","type":"Plateau","label":"Torge Plateau","cls":2,"feature_id":3147,"geom_src":"point","rep":[-9,-68.4]}},{"type":"Feature","geometry":{"type":"Point","coordinates":[12,35]},"properties":{"name":"Tunisian","type":"Plateau","label":"Tunisian Plateau","cls":2,"feature_id":3192,"geom_src":"point","rep":[12,35]}},{"type":"Feature","geometry":{"type":"Point","coordinates":[131.4333,38.2]},"properties":{"name":"Ulleung","type":"Plateau","label":"Ulleung Plateau","cls":2,"feature_id":3206,"geom_src":"point","rep":[131.4333,38.2]}},{"type":"Feature","geometry":{"type":"Point","coordinates":[176.5,54.8333]},"properties":{"name":"Ulm","type":"Plateau","label":"Ulm Plateau","cls":2,"feature_id":3208,"geom_src":"point","rep":[176.5,54.8333]}},{"type":"Feature","geometry":{"type":"Point","coordinates":[-170.25,54.25]},"properties":{"name":"Umnak","type":"Plateau","label":"Umnak Plateau","cls":2,"feature_id":3213,"geom_src":"point","rep":[-170.25,54.25]}},{"type":"Feature","geometry":{"type":"Point","coordinates":[3.25,67.3333]},"properties":{"name":"Vöring","type":"Plateau","label":"Vöring Plateau","cls":2,"feature_id":3287,"geom_src":"point","rep":[3.25,67.3333]}},{"type":"Feature","geometry":{"type":"Point","coordinates":[175.2,52.25]},"properties":{"name":"Walls","type":"Plateau","label":"Walls Plateau","cls":2,"feature_id":3303,"geom_src":"point","rep":[175.2,52.25]}},{"type":"Feature","geometry":{"type":"Point","coordinates":[95.8739,6.5856]},"properties":{"name":"Weh","type":"Plateau","label":"Weh Plateau","cls":2,"feature_id":890205,"geom_src":"polygon","rep":[95.8739,6.5856],"axis":[[95.666,6.989],[96.054,6.275]]}},{"type":"Feature","geometry":{"type":"Point","coordinates":[5,81.25]},"properties":{"name":"Yermak","type":"Plateau","label":"Yermak Plateau","cls":2,"feature_id":3395,"geom_src":"point","rep":[5,81.25]}},{"type":"Feature","geometry":{"type":"Point","coordinates":[104.6667,-22.1667]},"properties":{"name":"Zenith","type":"Plateau","label":"Zenith Plateau","cls":2,"feature_id":3432,"geom_src":"point","rep":[104.6667,-22.1667]}},{"type":"Feature","geometry":{"type":"LineString","coordinates":[[-37.997,-17.088],[-37.592,-17.012],[-36.903,-17.152],[-36.551,-17.012],[-35.676,-16.884]]},"properties":{"name":"Abrolhos","type":"Ridge","label":"Abrolhos Ridge","cls":2,"feature_id":5060,"geom_src":"line","rep":[-36.9028,-17.152]}},{"type":"Feature","geometry":{"type":"Point","coordinates":[-1.65,36.8]},"properties":{"name":"Abubacer","type":"Ridge","label":"Abubacer Ridge","cls":2,"feature_id":5,"geom_src":"point","rep":[-1.65,36.8]}},{"type":"Feature","geometry":{"type":"LineString","coordinates":[[-6.25,64.833],[-2,67.5]]},"properties":{"name":"Aegir","type":"Ridge","label":"Aegir Ridge","cls":2,"feature_id":22,"geom_src":"line","rep":[-2,67.5]}},{"type":"Feature","geometry":{"type":"LineString","coordinates":[[3.475,-44.581],[6.363,-43.91],[9.411,-42.816],[12.342,-41.664],[15.55,-40.293]]},"properties":{"name":"Agulhas","type":"Ridge","label":"Agulhas Ridge","cls":2,"feature_id":38,"geom_src":"line","rep":[9.4106,-42.8163]}},{"type":"Feature","geometry":{"type":"Point","coordinates":[-164.2461,-73.2435]},"properties":{"name":"Aho","type":"Ridge","label":"Aho Ridge","cls":2,"feature_id":889557,"geom_src":"polygon","rep":[-164.2461,-73.2435],"axis":[[-164.386,-73.323],[-164.114,-73.177]]}},{"type":"Feature","geometry":{"type":"Point","coordinates":[67.408,-26.5217]},"properties":{"name":"Airawat","type":"Ridge","label":"Airawat Ridge","cls":2,"feature_id":890395,"geom_src":"polygon","rep":[67.408,-26.5217],"axis":[[67.237,-26.657],[67.568,-26.415]]}},{"type":"Feature","geometry":{"type":"Point","coordinates":[177.85,-40.8]},"properties":{"name":"Akitio","type":"Ridge","label":"Akitio Ridge","cls":2,"feature_id":6294,"geom_src":"point","rep":[177.85,-40.8]}},{"type":"Feature","geometry":{"type":"LineString","coordinates":[[-33,36.4],[-31.333,37.317],[-29.817,37.867]]},"properties":{"name":"Albert de Monaco","type":"Ridge","label":"Albert de Monaco Ridge","cls":2,"feature_id":60,"geom_src":"line","rep":[-31.3333,37.3167]}},{"type":"Feature","geometry":{"type":"Point","coordinates":[-3.2167,35.8333]},"properties":{"name":"Alborán","type":"Ridge","label":"Alborán Ridge","cls":2,"feature_id":61,"geom_src":"point","rep":[-3.2167,35.8333]}},{"type":"Feature","geometry":{"type":"Point","coordinates":[-178,51.5]},"properties":{"name":"Aleutian","type":"Ridge","label":"Aleutian Ridge","cls":2,"feature_id":66,"geom_src":"point","rep":[-178,51.5],"apple_minzoom":3,"apple_type":"undersea-area/trench/trough","apple_rank":null,"apple_name":"Aleutian Trench"}},{"type":"Feature","geometry":{"type":"Point","coordinates":[-120,85.5]},"properties":{"name":"Alpha","type":"Ridge","label":"Alpha Ridge","cls":2,"feature_id":91,"geom_src":"point","rep":[-120,85.5]}},{"type":"Feature","geometry":{"type":"Point","coordinates":[-83.5,-5.3333]},"properties":{"name":"Alvarado","type":"Ridge","label":"Alvarado Ridge","cls":2,"feature_id":98,"geom_src":"point","rep":[-83.5,-5.3333]}},{"type":"Feature","geometry":{"type":"Point","coordinates":[125.7685,14.0554]},"properties":{"name":"Aman Sinaya","type":"Ridge","label":"Aman Sinaya Ridge","cls":2,"feature_id":890364,"geom_src":"polygon","rep":[125.7685,14.0554],"axis":[[125.68,13.849],[125.847,14.293]]}},{"type":"Feature","geometry":{"type":"LineString","coordinates":[[-114.667,-17.317],[-113.467,-17.617]]},"properties":{"name":"Anakena","type":"Ridge","label":"Anakena Ridge","cls":2,"feature_id":128,"geom_src":"line","rep":[-113.4667,-17.6167]}},{"type":"Feature","geometry":{"type":"LineString","coordinates":[[93.438,14.376],[92.777,13.121],[92.612,11.865],[92.48,10.428],[92.827,8.957],[93.438,7.107],[94.066,5.405],[94.446,4.48]]},"properties":{"name":"Andaman-Nicobar","type":"Ridge","label":"Andaman-Nicobar Ridge","cls":2,"feature_id":133,"geom_src":"line","rep":[92.8267,8.9572]}},{"type":"Feature","geometry":{"type":"LineString","coordinates":[[-64,18.783],[-63.932,18.878],[-63.832,18.964],[-63.758,18.99],[-63.63,19.0],[-63.483,19.05],[-63.369,19.114],[-63.266,19.126],[-63.169,19.12],[-63.112,19.074],[-63.095,19.02],[-63.016,18.98],[-62.909,18.965],[-62.783,18.967]]},"properties":{"name":"Anegada","type":"Ridge","label":"Anegada Ridge","cls":2,"feature_id":139,"geom_src":"line","rep":[-63.2659,19.1263]}},{"type":"Feature","geometry":{"type":"Point","coordinates":[176.8667,-41.5167]},"properties":{"name":"Aorangi","type":"Ridge","label":"Aorangi Ridge","cls":2,"feature_id":6296,"geom_src":"point","rep":[176.8667,-41.5167]}},{"type":"Feature","geometry":{"type":"LineString","coordinates":[[-117.667,-18.6],[-117.017,-18.717]]},"properties":{"name":"Apitoka","type":"Ridge","label":"Apitoka Ridge","cls":2,"feature_id":169,"geom_src":"line","rep":[-117.0167,-18.7167]}},{"type":"Feature","geometry":{"type":"LineString","coordinates":[[36.5,42.167],[37,41.583]]},"properties":{"name":"Arkhangelskiy","type":"Ridge","label":"Arkhangelskiy Ridge","cls":2,"feature_id":206,"geom_src":"line","rep":[37,41.5833]}},{"type":"Feature","geometry":{"type":"LineString","coordinates":[[11.739,-69.354],[11.853,-68.48],[11.425,-67.741],[11.339,-66.67]]},"properties":{"name":"Astrid","type":"Ridge","label":"Astrid Ridge","cls":2,"feature_id":223,"geom_src":"line","rep":[11.4251,-67.741]}},{"type":"Feature","geometry":{"type":"Point","coordinates":[11.4288,-68.1848]},"properties":{"name":"Astrid","type":"Ridge","label":"Astrid Ridge","cls":2,"feature_id":223,"geom_src":"polygon","rep":[11.4288,-68.1848],"axis":[[11.632,-66.529],[11.822,-69.651]]}},{"type":"Feature","geometry":{"type":"LineString","coordinates":[[-29.942,0.792],[-29.529,0.86],[-29.166,0.929],[-28.714,0.969],[-28.374,1.037],[-28.17,1.088],[-27.774,1.105],[-27.594,1.174],[-27.09,1.185]]},"properties":{"name":"Atobá","type":"Ridge","label":"Atobá Ridge","cls":2,"feature_id":6360,"geom_src":"line","rep":[-28.3742,1.037]}},{"type":"Feature","geometry":{"type":"Point","coordinates":[-63.5,13]},"properties":{"name":"Aves","type":"Ridge","label":"Aves Ridge","cls":2,"feature_id":249,"geom_src":"point","rep":[-63.5,13]}},{"type":"Feature","geometry":{"type":"LineString","coordinates":[[134.879,11.976],[134.887,11.936],[134.881,11.909],[134.876,11.878],[134.878,11.832],[134.873,11.81],[134.856,11.788],[134.849,11.758],[134.834,11.723],[134.823,11.691],[134.801,11.661],[134.785,11.632],[134.784,11.595],[134.775,11.56],[134.762,11.53],[134.753,11.504],[134.725,11.476],[134.712,11.462],[134.706,11.436],[134.701,11.417],[134.708,11.396],[134.703,11.347],[134.682,11.32],[134.678,11.278],[134.672,11.247],[134.666,11.208],[134.683,11.186],[134.688,11.158],[134.722,11.135],[134.715,11.102],[134.717,11.057],[134.712,10.999],[134.707,10.95],[134.696,10.911],[134.699,10.885],[134.7,10.854],[134.722,10.834],[134.734,10.801],[134.734,10.769],[134.726,10.743],[134.728,10.714],[134.732,10.694],[134.736,10.676]]},"properties":{"name":"Babeldaob","type":"Ridge","label":"Babeldaob Ridge","cls":2,"feature_id":6722,"geom_src":"line","rep":[134.7026,11.3469]}},{"type":"Feature","geometry":{"type":"Point","coordinates":[126.4587,15.5095]},"properties":{"name":"Bagtikan","type":"Ridge","label":"Bagtikan Ridge","cls":2,"feature_id":890164,"geom_src":"polygon","rep":[126.4587,15.5095],"axis":[[126.423,15.6],[126.492,15.43]]}},{"type":"Feature","geometry":{"type":"LineString","coordinates":[[-75.417,30],[-75.199,29.707],[-74.922,29.498],[-74.741,29.206],[-74.512,28.921],[-74.217,28.61],[-74.007,28.34],[-73.978,28.079],[-74.083,27.782],[-74.201,27.454],[-74.341,27.17],[-74.493,26.851],[-74.667,26.5]]},"properties":{"name":"Bahama","type":"Ridge","label":"Bahama Ridge","cls":2,"feature_id":257,"geom_src":"line","rep":[-74.0069,28.3405]}},{"type":"Feature","geometry":{"type":"Point","coordinates":[114.5164,6.2366]},"properties":{"name":"Bajau","type":"Ridge","label":"Bajau Ridge","cls":2,"feature_id":889359,"geom_src":"polygon","rep":[114.5164,6.2366],"axis":[[114.439,6.18],[114.621,6.313]]}},{"type":"Feature","geometry":{"type":"Point","coordinates":[-59.5833,12.75]},"properties":{"name":"Barbados","type":"Ridge","label":"Barbados Ridge","cls":2,"feature_id":275,"geom_src":"point","rep":[-59.5833,12.75]}},{"type":"Feature","geometry":{"type":"Point","coordinates":[-57.25,16.3333]},"properties":{"name":"Barracuda","type":"Ridge","label":"Barracuda Ridge","cls":2,"feature_id":282,"geom_src":"point","rep":[-57.25,16.3333]}},{"type":"Feature","geometry":{"type":"Point","coordinates":[93.5,12.25]},"properties":{"name":"Barren","type":"Ridge","label":"Barren Ridge","cls":2,"feature_id":283,"geom_src":"point","rep":[93.5,12.25]}},{"type":"Feature","geometry":{"type":"Point","coordinates":[175.4884,-35.7519]},"properties":{"name":"Barrier","type":"Ridge","label":"Barrier Ridge","cls":2,"feature_id":889164,"geom_src":"polygon","rep":[175.4884,-35.7519],"axis":[[175.444,-35.75],[175.528,-35.752]]}},{"type":"Feature","geometry":{"type":"Point","coordinates":[-72.5,16]},"properties":{"name":"Beata","type":"Ridge","label":"Beata Ridge","cls":2,"feature_id":299,"geom_src":"point","rep":[-72.5,16]}},{"type":"Feature","geometry":{"type":"LineString","coordinates":[[134.828,12.087],[134.862,12.094],[134.87,12.097],[134.887,12.1],[134.898,12.106],[134.917,12.121],[134.968,12.165],[135.002,12.176],[135.018,12.167],[135.037,12.176],[135.065,12.196],[135.1,12.225],[135.125,12.228],[135.14,12.228],[135.172,12.226],[135.195,12.226],[135.229,12.225]]},"properties":{"name":"Bedaoch","type":"Ridge","label":"Bedaoch Ridge","cls":2,"feature_id":889152,"geom_src":"line","rep":[135.0175,12.1673]}},{"type":"Feature","geometry":{"type":"Point","coordinates":[-41,0.3333]},"properties":{"name":"Belém","type":"Ridge","label":"Belém Ridge","cls":2,"feature_id":309,"geom_src":"point","rep":[-41,0.3333]}},{"type":"Feature","geometry":{"type":"LineString","coordinates":[[134.396,14.11],[134.366,14.088],[134.336,14.057],[134.329,14.044],[134.323,14.034],[134.318,14.024],[134.312,14.018],[134.299,14.008],[134.29,14.0],[134.279,13.991],[134.257,13.973],[134.249,13.962]]},"properties":{"name":"Belochel","type":"Ridge","label":"Belochel Ridge","cls":2,"feature_id":888863,"geom_src":"line","rep":[134.3124,14.0182]}},{"type":"Feature","geometry":{"type":"Point","coordinates":[-95,8.5]},"properties":{"name":"Berlanga","type":"Ridge","label":"Berlanga Ridge","cls":2,"feature_id":323,"geom_src":"point","rep":[-95,8.5]}},{"type":"Feature","geometry":{"type":"Point","coordinates":[126.1862,18.584]},"properties":{"name":"Betis","type":"Ridge","label":"Betis Ridge","cls":2,"feature_id":889589,"geom_src":"polygon","rep":[126.1862,18.584],"axis":[[126.092,18.583],[126.273,18.585]]}},{"type":"Feature","geometry":{"type":"Point","coordinates":[62.2617,-25.855]},"properties":{"name":"Bezrukov","type":"Ridge","label":"Bezrukov Ridge","cls":2,"feature_id":6400,"geom_src":"point","rep":[62.2617,-25.855]}},{"type":"Feature","geometry":{"type":"Point","coordinates":[62.2158,-25.9087]},"properties":{"name":"Bezrukov","type":"Ridge","label":"Bezrukov Ridge","cls":2,"feature_id":6400,"geom_src":"polygon","rep":[62.2158,-25.9087],"axis":[[62.083,-26.056],[62.331,-25.784]]}},{"type":"Feature","geometry":{"type":"Point","coordinates":[113.604,11.6884]},"properties":{"name":"Bianyu","type":"Ridge","label":"Bianyu Ridge","cls":2,"feature_id":889650,"geom_src":"polygon","rep":[113.604,11.6884],"axis":[[113.453,11.552],[113.721,11.796]]}},{"type":"Feature","geometry":{"type":"LineString","coordinates":[[-116.05,-17.467],[-115.283,-17.767]]},"properties":{"name":"Bibiariki","type":"Ridge","label":"Bibiariki Ridge","cls":2,"feature_id":334,"geom_src":"line","rep":[-115.2833,-17.7667]}},{"type":"Feature","geometry":{"type":"LineString","coordinates":[[134.483,14.105],[134.454,14.096],[134.43,14.089],[134.415,14.088],[134.407,14.075],[134.4,14.067],[134.396,14.058],[134.384,14.04],[134.359,14.026]]},"properties":{"name":"Biib","type":"Ridge","label":"Biib Ridge","cls":2,"feature_id":888864,"geom_src":"line","rep":[134.4075,14.0753]}},{"type":"Feature","geometry":{"type":"LineString","coordinates":[[-159.694,25.778],[-158.855,25.962],[-158.439,25.873],[-158.177,26.019],[-157.422,26.132],[-157.264,26.129]]},"properties":{"name":"Blackfin","type":"Ridge","label":"Blackfin Ridge","cls":2,"feature_id":350,"geom_src":"line","rep":[-158.1772,26.0189]}},{"type":"Feature","geometry":{"type":"LineString","coordinates":[[-74.75,31.25],[-74.537,30.972],[-74.39,30.723],[-74.129,30.549],[-73.901,30.346],[-73.633,30.131],[-73.445,29.833],[-73.276,29.591],[-73.109,29.35],[-72.938,29.104],[-72.75,28.833]]},"properties":{"name":"Blake","type":"Ridge","label":"Blake Ridge","cls":2,"feature_id":357,"geom_src":"line","rep":[-73.6327,30.1307]}},{"type":"Feature","geometry":{"type":"LineString","coordinates":[[41.75,-43.75],[42.3,-41.5],[43.133,-40],[43.833,-38],[45.167,-36]]},"properties":{"name":"Bob Fisher","type":"Ridge","label":"Bob Fisher Ridge","cls":2,"feature_id":361,"geom_src":"line","rep":[43.1333,-40]}},{"type":"Feature","geometry":{"type":"LineString","coordinates":[[136.467,43],[136.25,42.25]]},"properties":{"name":"Bogorov","type":"Ridge","label":"Bogorov Ridge","cls":2,"feature_id":365,"geom_src":"line","rep":[136.25,42.25]}},{"type":"Feature","geometry":{"type":"LineString","coordinates":[[-148,-14],[-155,-3]]},"properties":{"name":"Boudeuse","type":"Ridge","label":"Boudeuse Ridge","cls":2,"feature_id":379,"geom_src":"line","rep":[-155,-3]}},{"type":"Feature","geometry":{"type":"LineString","coordinates":[[176.376,-47.38],[178.263,-47.674]]},"properties":{"name":"Bounty","type":"Ridge","label":"Bounty Ridge","cls":2,"feature_id":6678,"geom_src":"line","rep":[178.2628,-47.6744]}},{"type":"Feature","geometry":{"type":"MultiLineString","coordinates":[[[-180,53.934],[-179.8,53.617],[-179.5,53]],[[176.75,55],[177.376,55.056],[178.05,54.983],[178.57,54.877],[179.151,54.634],[179.533,54.417],[179.737,54.19],[179.92,53.987],[180,53.933]]]},"properties":{"name":"Bowers","type":"Ridge","label":"Bowers Ridge","cls":2,"feature_id":394,"geom_src":"line","rep":[179.1508,54.6341]}},{"type":"Feature","geometry":{"type":"LineString","coordinates":[[92.25,-30.75],[92.495,-30.832],[92.914,-30.897],[93.281,-30.916],[93.519,-30.992],[93.711,-31.104],[93.978,-31.183],[94.33,-31.257],[94.7,-31.34],[94.846,-31.402],[95.152,-31.527],[95.399,-31.587],[95.712,-31.764],[96.049,-31.814],[96.314,-32.001],[96.674,-32.103],[97.034,-32.133],[97.394,-32.189],[97.599,-32.204],[98.25,-32.25]]},"properties":{"name":"Broken","type":"Ridge","label":"Broken Ridge","cls":2,"feature_id":412,"geom_src":"line","rep":[95.152,-31.5271]}},{"type":"Feature","geometry":{"type":"LineString","coordinates":[[-35.887,-60.262],[-36.375,-60.743],[-37.183,-60.862],[-38.028,-61.075]]},"properties":{"name":"Bruce","type":"Ridge","label":"Bruce Ridge","cls":2,"feature_id":421,"geom_src":"line","rep":[-37.1833,-60.8617]}},{"type":"Feature","geometry":{"type":"LineString","coordinates":[[-32.333,38.067],[-31.533,38.5]]},"properties":{"name":"Buchanan","type":"Ridge","label":"Buchanan Ridge","cls":2,"feature_id":428,"geom_src":"line","rep":[-31.5333,38.5]}},{"type":"Feature","geometry":{"type":"Point","coordinates":[127.339,10.7096]},"properties":{"name":"Candulo","type":"Ridge","label":"Candulo Ridge","cls":2,"feature_id":889752,"geom_src":"polygon","rep":[127.339,10.7096],"axis":[[127.167,10.745],[127.512,10.675]]}},{"type":"Feature","geometry":{"type":"Point","coordinates":[9.4167,38.5]},"properties":{"name":"Carbonara","type":"Ridge","label":"Carbonara Ridge","cls":2,"feature_id":497,"geom_src":"point","rep":[9.4167,38.5]}},{"type":"Feature","geometry":{"type":"LineString","coordinates":[[57.5,10],[58.151,9.025],[59.094,8.039],[59.942,7.35],[60.79,6.408],[61.607,5.59],[62.408,5.007],[63.367,4.345],[64.341,3.793],[65.189,3.272],[65.88,2.657],[66.5,2]]},"properties":{"name":"Carlsberg","type":"Ridge","label":"Carlsberg Ridge","cls":2,"feature_id":505,"geom_src":"line","rep":[62.4084,5.0075]}},{"type":"Feature","geometry":{"type":"Point","coordinates":[147.8333,-17.2317]},"properties":{"name":"Carnegie","type":"Ridge","label":"Carnegie Ridge","cls":2,"feature_id":511,"geom_src":"point","rep":[147.8333,-17.2317]}},{"type":"Feature","geometry":{"type":"LineString","coordinates":[[-89,-1],[-82,-1]]},"properties":{"name":"Carnegie","type":"Ridge","label":"Carnegie Ridge","cls":2,"feature_id":509,"geom_src":"line","rep":[-82,-1]}},{"type":"Feature","geometry":{"type":"LineString","coordinates":[[-82.333,19],[-82.194,19.1],[-81.847,19.126],[-81.565,19.175],[-81.312,19.357],[-81.065,19.335],[-80.818,19.482],[-80.597,19.574],[-80.306,19.62],[-80.015,19.71],[-79.79,19.724],[-79.448,19.813],[-79.192,19.821],[-79,19.75]]},"properties":{"name":"Cayman","type":"Ridge","label":"Cayman Ridge","cls":2,"feature_id":533,"geom_src":"line","rep":[-80.5971,19.5741]}},{"type":"Feature","geometry":{"type":"LineString","coordinates":[[-45,6],[-44.64,5.563],[-44.102,5.25],[-43.735,4.555],[-43.253,4.044],[-42.855,3.948],[-42.374,3.89],[-41.575,3.53],[-41,3.5]]},"properties":{"name":"Ceará","type":"Ridge","label":"Ceará Ridge","cls":2,"feature_id":539,"geom_src":"line","rep":[-43.2532,4.044]}},{"type":"Feature","geometry":{"type":"LineString","coordinates":[[67.5,-1],[68.705,-3.065],[68.362,-5.605],[67.264,-8.761],[66.441,-11.026],[66.235,-12.879],[66.235,-15.35],[65.121,-17.9],[65.194,-18.572],[66.129,-20.097],[68.156,-20.909],[69.452,-22.329],[70,-25.5]]},"properties":{"name":"Central Indian","type":"Ridge","label":"Central Indian Ridge","cls":2,"feature_id":551,"geom_src":"line","rep":[66.2347,-15.3497]}},{"type":"Feature","geometry":{"type":"LineString","coordinates":[[57.917,-2.583],[58.667,-4.833]]},"properties":{"name":"Cerf","type":"Ridge","label":"Cerf Ridge","cls":2,"feature_id":555,"geom_src":"line","rep":[58.6667,-4.8333]}},{"type":"Feature","geometry":{"type":"LineString","coordinates":[[72.5,13.5],[73,9.417],[73,6.669],[73,4.367],[73.09,2.201],[73.217,-0.85],[72.717,-4.4],[71.974,-6.422],[70.5,-9]]},"properties":{"name":"Chagos-Laccadive","type":"Ridge","label":"Chagos-Laccadive Ridge","cls":2,"feature_id":560,"geom_src":"line","rep":[73.09,2.2015]}},{"type":"Feature","geometry":{"type":"LineString","coordinates":[[52,3.333],[52.52,3.815],[52.828,4.229],[53.274,4.712],[53.65,5.017],[54.005,5.708],[54.233,6.07],[54.529,6.253],[54.956,6.831],[55.285,7.223],[55.5,7.667]]},"properties":{"name":"Chain","type":"Ridge","label":"Chain Ridge","cls":2,"feature_id":562,"geom_src":"line","rep":[54.0049,5.7083]}},{"type":"Feature","geometry":{"type":"Point","coordinates":[68.4016,-26.0396]},"properties":{"name":"Chandragupt","type":"Ridge","label":"Chandragupt Ridge","cls":2,"feature_id":890137,"geom_src":"polygon","rep":[68.4016,-26.0396],"axis":[[68.126,-26.04],[68.669,-26.015]]}},{"type":"Feature","geometry":{"type":"LineString","coordinates":[[-114.383,-17.917],[-114.05,-17.95]]},"properties":{"name":"Chapple","type":"Ridge","label":"Chapple Ridge","cls":2,"feature_id":569,"geom_src":"line","rep":[-114.05,-17.95]}},{"type":"Feature","geometry":{"type":"LineString","coordinates":[[165,-66.5],[166,-67.167]]},"properties":{"name":"Charcot","type":"Ridge","label":"Charcot Ridge","cls":2,"feature_id":573,"geom_src":"line","rep":[166,-67.1667]}},{"type":"Feature","geometry":{"type":"LineString","coordinates":[[134.399,13.597],[134.409,13.642],[134.415,13.69],[134.425,13.738],[134.435,13.75],[134.437,13.801],[134.428,13.829],[134.417,13.852],[134.402,13.873],[134.396,13.889],[134.396,13.913],[134.404,13.945],[134.409,13.96],[134.413,13.978],[134.425,14.002],[134.428,14.013]]},"properties":{"name":"Charmbedel","type":"Ridge","label":"Charmbedel Ridge","cls":2,"feature_id":888865,"geom_src":"line","rep":[134.4018,13.8726]}},{"type":"Feature","geometry":{"type":"LineString","coordinates":[[134.563,13.736],[134.565,13.791],[134.567,13.824],[134.56,13.874],[134.551,13.9],[134.549,13.922],[134.56,13.945],[134.564,13.96],[134.564,13.977],[134.558,13.996],[134.545,14.014],[134.537,14.027]]},"properties":{"name":"Charmuderenges","type":"Ridge","label":"Charmuderenges Ridge","cls":2,"feature_id":888866,"geom_src":"line","rep":[134.5603,13.9455]}},{"type":"Feature","geometry":{"type":"LineString","coordinates":[[134.667,13.761],[134.665,13.788],[134.67,13.804],[134.675,13.835],[134.682,13.868],[134.686,13.892],[134.687,13.902],[134.686,13.924],[134.677,13.96],[134.674,13.982],[134.675,14.003],[134.674,14.027],[134.675,14.046],[134.674,14.067]]},"properties":{"name":"Chebacheb","type":"Ridge","label":"Chebacheb Ridge","cls":2,"feature_id":888867,"geom_src":"line","rep":[134.6857,13.9238]}},{"type":"Feature","geometry":{"type":"LineString","coordinates":[[134.653,13.454],[134.588,13.484],[134.538,13.54],[134.52,13.561],[134.487,13.598]]},"properties":{"name":"Chermelachull","type":"Ridge","label":"Chermelachull Ridge","cls":2,"feature_id":888868,"geom_src":"line","rep":[134.5382,13.5398]}},{"type":"Feature","geometry":{"type":"Point","coordinates":[134.8577,13.6564]},"properties":{"name":"Cherosech","type":"Ridge","label":"Cherosech Ridge","cls":2,"feature_id":888884,"geom_src":"polygon","rep":[134.8577,13.6564],"axis":[[134.862,13.799],[134.869,13.545]]}},{"type":"Feature","geometry":{"type":"LineString","coordinates":[[134.687,13.067],[134.708,13.132],[134.724,13.171],[134.741,13.212],[134.755,13.249],[134.758,13.293]]},"properties":{"name":"Chersoches","type":"Ridge","label":"Chersoches Ridge","cls":2,"feature_id":888871,"geom_src":"line","rep":[134.7407,13.2116]}},{"type":"Feature","geometry":{"type":"LineString","coordinates":[[134.964,12.696],[134.959,12.749],[134.964,12.795],[134.969,12.824],[134.979,12.845],[134.989,12.876],[134.994,12.895],[135.002,12.917],[135.021,12.962]]},"properties":{"name":"Chesisualik","type":"Ridge","label":"Chesisualik Ridge","cls":2,"feature_id":888876,"geom_src":"line","rep":[134.9791,12.8447]}},{"type":"Feature","geometry":{"type":"LineString","coordinates":[[134.92,11.172],[134.922,11.148],[134.923,11.141],[134.924,11.132],[134.921,11.105],[134.921,11.073],[134.913,11.06],[134.906,11.051],[134.903,11.045]]},"properties":{"name":"Chesuch","type":"Ridge","label":"Chesuch Ridge","cls":2,"feature_id":889153,"geom_src":"line","rep":[134.921,11.1051]}},{"type":"Feature","geometry":{"type":"LineString","coordinates":[[-110,-34.5],[-94.017,-36.867],[-91.417,-41],[-84.017,-41.367],[-81.783,-44.783],[-75.867,-45.75]]},"properties":{"name":"Chile","type":"Ridge","label":"Chile Ridge","cls":2,"feature_id":590,"geom_src":"line","rep":[-84.0167,-41.3667]}},{"type":"Feature","geometry":{"type":"Point","coordinates":[-110,10.5]},"properties":{"name":"Clipperton","type":"Ridge","label":"Clipperton Ridge","cls":2,"feature_id":624,"geom_src":"point","rep":[-110,10.5]}},{"type":"Feature","geometry":{"type":"LineString","coordinates":[[-115.7,-18.333],[-113.533,-18.733]]},"properties":{"name":"Cloud","type":"Ridge","label":"Cloud Ridge","cls":2,"feature_id":628,"geom_src":"line","rep":[-113.5333,-18.7333]}},{"type":"Feature","geometry":{"type":"LineString","coordinates":[[57,1.667],[54.833,-0.667]]},"properties":{"name":"Coco-de-Mer","type":"Ridge","label":"Coco-de-Mer Ridge","cls":2,"feature_id":630,"geom_src":"line","rep":[54.8333,-0.6667]}},{"type":"Feature","geometry":{"type":"LineString","coordinates":[[-90,2.5],[-88.93,3.008],[-88.068,3.52],[-87.284,4.15],[-86.451,4.838],[-85.719,5.673],[-85.237,6.281],[-84.668,6.829],[-84,7.5]]},"properties":{"name":"Cocos","type":"Ridge","label":"Cocos Ridge","cls":2,"feature_id":632,"geom_src":"line","rep":[-86.4514,4.8378]}},{"type":"Feature","geometry":{"type":"Point","coordinates":[-81.75,6.5]},"properties":{"name":"Coiba","type":"Ridge","label":"Coiba Ridge","cls":2,"feature_id":634,"geom_src":"point","rep":[-81.75,6.5]}},{"type":"Feature","geometry":{"type":"Point","coordinates":[-96,2]},"properties":{"name":"Colón","type":"Ridge","label":"Colón Ridge","cls":2,"feature_id":641,"geom_src":"point","rep":[-96,2]}},{"type":"Feature","geometry":{"type":"MultiLineString","coordinates":[[[179.999,-30.003],[179.382,-31.719],[178.462,-33.446],[177.664,-34.945]],[[-179.168,-26.465],[-179.999,-29.996]]]},"properties":{"name":"Colville","type":"Ridge","label":"Colville Ridge","cls":2,"feature_id":644,"geom_src":"line","rep":[178.4622,-33.4459]}},{"type":"Feature","geometry":{"type":"Point","coordinates":[-149,7]},"properties":{"name":"Cooper","type":"Ridge","label":"Cooper Ridge","cls":2,"feature_id":659,"geom_src":"point","rep":[-149,7]}},{"type":"Feature","geometry":{"type":"LineString","coordinates":[[-81.45,12.333],[-81.5,12.817],[-81.3,13.15]]},"properties":{"name":"Courtown","type":"Ridge","label":"Courtown Ridge","cls":2,"feature_id":673,"geom_src":"line","rep":[-81.5,12.8167]}},{"type":"Feature","geometry":{"type":"LineString","coordinates":[[24.467,34.583],[25.28,34.634],[25.73,34.915],[26.4,34.867],[27.117,35.017],[27.49,35.201],[28.05,35.783]]},"properties":{"name":"Cretan-Rhodes","type":"Ridge","label":"Cretan-Rhodes Ridge","cls":2,"feature_id":681,"geom_src":"line","rep":[26.4,34.8667]}},{"type":"Feature","geometry":{"type":"LineString","coordinates":[[130.083,26.5],[132,25.667],[133.25,25.3],[134.583,25.75]]},"properties":{"name":"Daito","type":"Ridge","label":"Daito Ridge","cls":2,"feature_id":716,"geom_src":"line","rep":[133.25,25.3]}},{"type":"Feature","geometry":{"type":"LineString","coordinates":[[157.083,-26.75],[157.857,-27.415],[158.259,-28.353],[158.184,-29.759],[157.84,-30.04],[157.549,-30.585],[157.633,-31.137],[157.449,-31.75],[157.729,-32.664],[158.5,-34]]},"properties":{"name":"Dampier","type":"Ridge","label":"Dampier Ridge","cls":2,"feature_id":724,"geom_src":"line","rep":[157.549,-30.5847]}},{"type":"Feature","geometry":{"type":"LineString","coordinates":[[41.583,-14.5],[41.833,-19]]},"properties":{"name":"Davie","type":"Ridge","label":"Davie Ridge","cls":2,"feature_id":737,"geom_src":"line","rep":[41.8333,-19]}},{"type":"Feature","geometry":{"type":"Point","coordinates":[127.4748,21.3374]},"properties":{"name":"Dazai","type":"Ridge","label":"Dazai Ridge","cls":2,"feature_id":6767,"geom_src":"polygon","rep":[127.4748,21.3374],"axis":[[127.338,21.566],[127.618,21.132]]}},{"type":"Feature","geometry":{"type":"LineString","coordinates":[[135.356,11.349],[135.357,11.303],[135.36,11.286],[135.362,11.265],[135.363,11.237],[135.364,11.228],[135.364,11.172],[135.346,11.135],[135.331,11.112],[135.319,11.082],[135.312,11.07],[135.31,11.061],[135.31,11.052],[135.31,11.039],[135.309,11.03],[135.31,11.013],[135.311,11.005],[135.312,11.0],[135.315,10.984]]},"properties":{"name":"Deroech","type":"Ridge","label":"Deroech Ridge","cls":2,"feature_id":889151,"geom_src":"line","rep":[135.3193,11.0821]}},{"type":"Feature","geometry":{"type":"LineString","coordinates":[[105,-29.25],[105.279,-29.456],[105.459,-29.638],[105.392,-29.836],[105.189,-30.005],[105.163,-30.403],[105.022,-30.671],[105.08,-30.96],[105.229,-31.134],[105.245,-31.537],[105.405,-32.199],[105.333,-32.667]]},"properties":{"name":"Dirck Hartog","type":"Ridge","label":"Dirck Hartog Ridge","cls":2,"feature_id":791,"geom_src":"line","rep":[105.0223,-30.6706]}},{"type":"Feature","geometry":{"type":"LineString","coordinates":[[-176.807,-16.894],[-177.093,-16.673],[-177.347,-16.444],[-177.39,-16.442],[-177.521,-16.34],[-177.561,-16.333],[-177.8,-16.134],[-178.104,-15.867],[-178.238,-15.767]]},"properties":{"name":"Donna","type":"Ridge","label":"Donna Ridge","cls":2,"feature_id":813,"geom_src":"line","rep":[-177.5208,-16.3397]}},{"type":"Feature","geometry":{"type":"LineString","coordinates":[[81.133,-53.083],[81.383,-53.177],[83,-53.75]]},"properties":{"name":"Drygalski","type":"Ridge","label":"Drygalski Ridge","cls":2,"feature_id":829,"geom_src":"line","rep":[81.3833,-53.1767]}},{"type":"Feature","geometry":{"type":"LineString","coordinates":[[134.881,12.753],[134.877,12.829],[134.897,12.878],[134.907,12.9],[134.909,12.918],[134.91,12.968],[134.91,13.013],[134.911,13.034],[134.91,13.049],[134.902,13.067],[134.893,13.082],[134.882,13.102],[134.883,13.132]]},"properties":{"name":"Dudek","type":"Ridge","label":"Dudek Ridge","cls":2,"feature_id":888873,"geom_src":"line","rep":[134.9102,13.0133]}},{"type":"Feature","geometry":{"type":"LineString","coordinates":[[165.933,-45.748],[165.822,-45.809],[165.771,-45.851],[165.652,-45.912],[165.598,-45.937]]},"properties":{"name":"Dusky","type":"Ridge","label":"Dusky Ridge","cls":2,"feature_id":6165,"geom_src":"line","rep":[165.7706,-45.851]}},{"type":"Feature","geometry":{"type":"LineString","coordinates":[[149.09,19.95],[149.25,20.083],[149.44,20.19]]},"properties":{"name":"Dutton","type":"Ridge","label":"Dutton Ridge","cls":2,"feature_id":889540,"geom_src":"line","rep":[149.25,20.0833]}},{"type":"Feature","geometry":{"type":"LineString","coordinates":[[172.25,-69.333],[173.4,-70.85]]},"properties":{"name":"East Adare","type":"Ridge","label":"East Adare Ridge","cls":2,"feature_id":5360,"geom_src":"line","rep":[173.4,-70.85]}},{"type":"Feature","geometry":{"type":"LineString","coordinates":[[135.19,11.873],[135.184,11.828],[135.175,11.796],[135.167,11.768],[135.154,11.747],[135.131,11.726],[135.109,11.7],[135.087,11.685],[135.073,11.677],[135.069,11.663],[135.067,11.643],[135.066,11.63],[135.055,11.617],[135.05,11.597],[135.043,11.581],[135.033,11.556],[135.03,11.533],[135.043,11.502],[135.053,11.466],[135.049,11.441],[135.05,11.416],[135.038,11.409],[135.031,11.387],[135.031,11.366],[135.06,11.327],[135.068,11.299],[135.068,11.299],[135.068,11.299]]},"properties":{"name":"East Babeldaob","type":"Ridge","label":"East Babeldaob Ridge","cls":2,"feature_id":6723,"geom_src":"line","rep":[135.0434,11.5811]}},{"type":"Feature","geometry":{"type":"Point","coordinates":[135.1268,11.6261]},"properties":{"name":"East Babeldaob","type":"Ridge","label":"East Babeldaob Ridge","cls":2,"feature_id":6723,"geom_src":"polygon","rep":[135.1268,11.6261],"axis":[[134.992,11.338],[135.29,11.884]]}},{"type":"Feature","geometry":{"type":"LineString","coordinates":[[179.107,-37.513],[179.355,-37.447],[179.562,-37.3],[179.632,-37.188],[179.661,-36.954],[179.756,-36.771],[179.748,-36.602],[179.718,-36.445]]},"properties":{"name":"East Cape","type":"Ridge","label":"East Cape Ridge","cls":2,"feature_id":6166,"geom_src":"line","rep":[179.6606,-36.9542]}},{"type":"Feature","geometry":{"type":"Point","coordinates":[-0.0703,76.0325]},"properties":{"name":"East Greenland","type":"Ridge","label":"East Greenland Ridge","cls":2,"feature_id":6403,"geom_src":"polygon","rep":[-0.0703,76.0325],"axis":[[-2.871,77.096],[2.612,75.048]]}},{"type":"Feature","geometry":{"type":"LineString","coordinates":[[101.583,-22.333],[101.658,-22.991],[101.192,-23.726],[100.832,-24.621],[100.32,-25.735],[99.455,-26.209],[99.188,-27.306],[98.532,-27.917],[98.371,-29.109],[98.167,-30]]},"properties":{"name":"East Indiaman","type":"Ridge","label":"East Indiaman Ridge","cls":2,"feature_id":846,"geom_src":"line","rep":[99.4551,-26.2085]}},{"type":"Feature","geometry":{"type":"Point","coordinates":[139.2416,15.504]},"properties":{"name":"East Leg","type":"Ridge","label":"East Leg Ridge","cls":2,"feature_id":889423,"geom_src":"polygon","rep":[139.2416,15.504],"axis":[[139.157,15.286],[139.326,15.694]]}},{"type":"Feature","geometry":{"type":"LineString","coordinates":[[144.319,12.625],[145.5,14.5],[146.033,15.899],[146.175,17.793],[145.538,19.478],[144.938,20.601],[144.15,21.417],[142.983,22.483],[142.667,22.867],[142.317,23.083],[141.9,23.5],[141.717,23.75]]},"properties":{"name":"East Mariana","type":"Ridge","label":"East Mariana Ridge","cls":2,"feature_id":848,"geom_src":"line","rep":[144.15,21.4167]}},{"type":"Feature","geometry":{"type":"LineString","coordinates":[[20,35],[21.455,34.155],[22.801,33.662],[24.595,33.383],[26.167,33.233],[28.213,34.473],[30,35]]},"properties":{"name":"East Mediterranean","type":"Ridge","label":"East Mediterranean Ridge","cls":2,"feature_id":849,"geom_src":"line","rep":[24.5954,33.3826]}},{"type":"Feature","geometry":{"type":"LineString","coordinates":[[-29.5,-55.333],[-28.266,-55.796],[-27.36,-56.38],[-26.763,-56.887],[-26.52,-57.49],[-26.41,-57.999],[-26.29,-58.55],[-26.622,-59.099],[-27.53,-59.73],[-29,-60.5]]},"properties":{"name":"East Scotia","type":"Ridge","label":"East Scotia Ridge","cls":2,"feature_id":851,"geom_src":"line","rep":[-26.4105,-57.9988]}},{"type":"Feature","geometry":{"type":"LineString","coordinates":[[52.167,14.417],[55.583,14.933],[58.25,12.75]]},"properties":{"name":"East Sheba","type":"Ridge","label":"East Sheba Ridge","cls":2,"feature_id":852,"geom_src":"line","rep":[55.5833,14.9333]}},{"type":"Feature","geometry":{"type":"LineString","coordinates":[[139.55,16.384],[139.624,16.396],[139.67,16.42]]},"properties":{"name":"East Shoulder","type":"Ridge","label":"East Shoulder Ridge","cls":2,"feature_id":889414,"geom_src":"line","rep":[139.6238,16.396]}},{"type":"Feature","geometry":{"type":"Point","coordinates":[-178.9782,18.6611]},"properties":{"name":"Echi","type":"Ridge","label":"Echi Ridge","cls":2,"feature_id":6482,"geom_src":"polygon","rep":[-178.9782,18.6611],"axis":[[-179.082,18.636],[-178.886,18.669]]}},{"type":"Feature","geometry":{"type":"Point","coordinates":[-133.5,48.75]},"properties":{"name":"Eickelberg","type":"Ridge","label":"Eickelberg Ridge","cls":2,"feature_id":872,"geom_src":"point","rep":[-133.5,48.75]}},{"type":"Feature","geometry":{"type":"Point","coordinates":[-44.5,58.5]},"properties":{"name":"Eirik","type":"Ridge","label":"Eirik Ridge","cls":2,"feature_id":875,"geom_src":"point","rep":[-44.5,58.5]}},{"type":"Feature","geometry":{"type":"LineString","coordinates":[[-38.817,-61.9],[-41.667,-63.25],[-45.3,-63.733]]},"properties":{"name":"Endurance","type":"Ridge","label":"Endurance Ridge","cls":2,"feature_id":912,"geom_src":"line","rep":[-41.6667,-63.25]}},{"type":"Feature","geometry":{"type":"Point","coordinates":[144.4789,11.2662]},"properties":{"name":"Engineer","type":"Ridge","label":"Engineer Ridge","cls":2,"feature_id":6502,"geom_src":"polygon","rep":[144.4789,11.2662],"axis":[[144.432,11.306],[144.531,11.216]]}},{"type":"Feature","geometry":{"type":"Point","coordinates":[14,38.6333]},"properties":{"name":"Eolie","type":"Ridge","label":"Eolie Ridge","cls":2,"feature_id":918,"geom_src":"point","rep":[14,38.6333]}},{"type":"Feature","geometry":{"type":"LineString","coordinates":[[-35.5,-49],[-30.5,-48.667]]},"properties":{"name":"Falkland","type":"Ridge","label":"Falkland Ridge","cls":2,"feature_id":967,"geom_src":"line","rep":[-30.5,-48.6667]}},{"type":"Feature","geometry":{"type":"LineString","coordinates":[[50,-11.167],[51.833,-9.167]]},"properties":{"name":"Farquhar","type":"Ridge","label":"Farquhar Ridge","cls":2,"feature_id":981,"geom_src":"line","rep":[51.8333,-9.1667]}},{"type":"Feature","geometry":{"type":"Point","coordinates":[116.5946,13.1706]},"properties":{"name":"Feizhu","type":"Ridge","label":"Feizhu Ridge","cls":2,"feature_id":889634,"geom_src":"polygon","rep":[116.5946,13.1706],"axis":[[116.571,13.049],[116.61,13.312]]}},{"type":"Feature","geometry":{"type":"Point","coordinates":[-17.5,54]},"properties":{"name":"Feni","type":"Ridge","label":"Feni Ridge","cls":2,"feature_id":988,"geom_src":"point","rep":[-17.5,54]}},{"type":"Feature","geometry":{"type":"LineString","coordinates":[[-31.397,-4.004],[-31.848,-4.028],[-32.361,-3.833],[-32.618,-3.879],[-33.224,-3.786],[-33.839,-3.856],[-34.756,-3.833],[-35.34,-3.95],[-35.993,-4.059],[-36.281,-3.973]]},"properties":{"name":"Fernando de Noronha","type":"Ridge","label":"Fernando de Noronha Ridge","cls":2,"feature_id":991,"geom_src":"line","rep":[-33.8387,-3.856]}},{"type":"Feature","geometry":{"type":"Point","coordinates":[-27.6167,39.1]},"properties":{"name":"Fernão Barreto","type":"Ridge","label":"Fernão Barreto Ridge","cls":2,"feature_id":992,"geom_src":"point","rep":[-27.6167,39.1]}},{"type":"Feature","geometry":{"type":"LineString","coordinates":[[-33,36],[-30.167,36.5],[-26.417,37.8]]},"properties":{"name":"Fernão Oulmo","type":"Ridge","label":"Fernão Oulmo Ridge","cls":2,"feature_id":993,"geom_src":"line","rep":[-30.1667,36.5]}},{"type":"Feature","geometry":{"type":"LineString","coordinates":[[-33.5,-13.667],[-32.25,-14.5]]},"properties":{"name":"Ferraz","type":"Ridge","label":"Ferraz Ridge","cls":2,"feature_id":995,"geom_src":"line","rep":[-32.25,-14.5]}},{"type":"Feature","geometry":{"type":"LineString","coordinates":[[-32.083,-8.433],[-31.823,-8.645],[-31.647,-8.616],[-31.358,-8.654],[-31.183,-8.742],[-31.089,-9.0],[-31.123,-9.213],[-31,-9.633]]},"properties":{"name":"Fleming","type":"Ridge","label":"Fleming Ridge","cls":2,"feature_id":1013,"geom_src":"line","rep":[-31.1833,-8.7417]}},{"type":"Feature","geometry":{"type":"Point","coordinates":[145.1774,24.0499]},"properties":{"name":"Friendship","type":"Ridge","label":"Friendship Ridge","cls":2,"feature_id":889404,"geom_src":"polygon","rep":[145.1774,24.0499],"axis":[[144.9,24.027],[145.479,24.085]]}},{"type":"Feature","geometry":{"type":"Point","coordinates":[178.8167,-38.5167]},"properties":{"name":"Gable","type":"Ridge","label":"Gable Ridge","cls":2,"feature_id":6306,"geom_src":"point","rep":[178.8167,-38.5167]}},{"type":"Feature","geometry":{"type":"LineString","coordinates":[[118.233,13.45],[118.583,13.383],[118.583,13.167]]},"properties":{"name":"Gaffney","type":"Ridge","label":"Gaffney Ridge","cls":2,"feature_id":1069,"geom_src":"line","rep":[118.5833,13.3833]}},{"type":"Feature","geometry":{"type":"LineString","coordinates":[[-6,83.5],[9.85,85.5],[33.922,86.581],[62.317,87.133],[77.977,86.553],[96.989,85.606],[108.157,84.772],[118.56,83.698],[123,81]]},"properties":{"name":"Gakkel","type":"Ridge","label":"Gakkel Ridge","cls":2,"feature_id":1074,"geom_src":"line","rep":[77.9765,86.553]}},{"type":"Feature","geometry":{"type":"Point","coordinates":[-25.5,58]},"properties":{"name":"Gardar","type":"Ridge","label":"Gardar Ridge","cls":2,"feature_id":1095,"geom_src":"point","rep":[-25.5,58]}},{"type":"Feature","geometry":{"type":"LineString","coordinates":[[59.7,-2.5],[59.333,-4.5]]},"properties":{"name":"Gaskell","type":"Ridge","label":"Gaskell Ridge","cls":2,"feature_id":1103,"geom_src":"line","rep":[59.3333,-4.5]}},{"type":"Feature","geometry":{"type":"LineString","coordinates":[[166.826,-44.917],[166.882,-44.806],[166.935,-44.697],[166.99,-44.649]]},"properties":{"name":"George","type":"Ridge","label":"George Ridge","cls":2,"feature_id":6169,"geom_src":"line","rep":[166.9354,-44.6968]}},{"type":"Feature","geometry":{"type":"Point","coordinates":[-26.55,37.5]},"properties":{"name":"Girard","type":"Ridge","label":"Girard Ridge","cls":2,"feature_id":1142,"geom_src":"point","rep":[-26.55,37.5]}},{"type":"Feature","geometry":{"type":"LineString","coordinates":[[49.35,13.458],[48.585,12.227]]},"properties":{"name":"Girdler","type":"Ridge","label":"Girdler Ridge","cls":2,"feature_id":1144,"geom_src":"line","rep":[48.585,12.2267]}},{"type":"Feature","geometry":{"type":"LineString","coordinates":[[175.94,-41.803],[176.175,-41.748],[176.272,-41.688],[176.336,-41.69],[176.375,-41.666],[176.577,-41.561]]},"properties":{"name":"Glendhu","type":"Ridge","label":"Glendhu Ridge","cls":2,"feature_id":6171,"geom_src":"line","rep":[176.3356,-41.6897]}},{"type":"Feature","geometry":{"type":"Point","coordinates":[-11.4167,36.5833]},"properties":{"name":"Gorringe","type":"Ridge","label":"Gorringe Ridge","cls":2,"feature_id":5581,"geom_src":"point","rep":[-11.4167,36.5833]}},{"type":"Feature","geometry":{"type":"LineString","coordinates":[[-86.25,-5.5],[-82.5,-3]]},"properties":{"name":"Grijalva","type":"Ridge","label":"Grijalva Ridge","cls":2,"feature_id":1205,"geom_src":"line","rep":[-82.5,-3]}},{"type":"Feature","geometry":{"type":"Point","coordinates":[64.0886,3.4487]},"properties":{"name":"Guangde","type":"Ridge","label":"Guangde Ridge","cls":2,"feature_id":890243,"geom_src":"polygon","rep":[64.0886,3.4487],"axis":[[63.936,3.464],[64.224,3.453]]}},{"type":"Feature","geometry":{"type":"Point","coordinates":[-150.5833,52.3667]},"properties":{"name":"Guide","type":"Ridge","label":"Guide Ridge","cls":2,"feature_id":1217,"geom_src":"point","rep":[-150.5833,52.3667]}},{"type":"Feature","geometry":{"type":"LineString","coordinates":[[32.829,-68.087],[33.134,-67.054],[33.711,-66.463],[33.714,-66.096],[33.307,-65.826]]},"properties":{"name":"Gunnerus","type":"Ridge","label":"Gunnerus Ridge","cls":2,"feature_id":1228,"geom_src":"line","rep":[33.7109,-66.4625]}},{"type":"Feature","geometry":{"type":"Point","coordinates":[33.1784,-67.1139]},"properties":{"name":"Gunnerus","type":"Ridge","label":"Gunnerus Ridge","cls":2,"feature_id":1228,"geom_src":"polygon","rep":[33.1784,-67.1139],"axis":[[32.901,-68.168],[33.623,-65.556]]}},{"type":"Feature","geometry":{"type":"Point","coordinates":[134.2221,12.8139]},"properties":{"name":"Habunohoshi","type":"Ridge","label":"Habunohoshi Ridge","cls":2,"feature_id":889027,"geom_src":"polygon","rep":[134.2221,12.8139],"axis":[[134.204,12.863],[134.235,12.761]]}},{"type":"Feature","geometry":{"type":"Point","coordinates":[125.6495,18.5179]},"properties":{"name":"Hagakhak","type":"Ridge","label":"Hagakhak Ridge","cls":2,"feature_id":889576,"geom_src":"polygon","rep":[125.6495,18.5179],"axis":[[125.393,18.58],[125.838,18.476]]}},{"type":"Feature","geometry":{"type":"LineString","coordinates":[[-115.967,-18.8],[-115.25,-18.983]]},"properties":{"name":"Hakateka","type":"Ridge","label":"Hakateka Ridge","cls":2,"feature_id":1236,"geom_src":"line","rep":[-115.25,-18.9833]}},{"type":"Feature","geometry":{"type":"LineString","coordinates":[[176.667,-71],[177,-71.5]]},"properties":{"name":"Hallett","type":"Ridge","label":"Hallett Ridge","cls":2,"feature_id":1244,"geom_src":"line","rep":[177,-71.5]}},{"type":"Feature","geometry":{"type":"Point","coordinates":[137.1417,22.7041]},"properties":{"name":"Hangetsu","type":"Ridge","label":"Hangetsu Ridge","cls":2,"feature_id":6453,"geom_src":"polygon","rep":[137.1417,22.7041],"axis":[[137.104,22.47],[137.193,22.95]]}},{"type":"Feature","geometry":{"type":"Point","coordinates":[139.5847,16.7383]},"properties":{"name":"Hat","type":"Ridge","label":"Hat Ridge","cls":2,"feature_id":889674,"geom_src":"polygon","rep":[139.5847,16.7383],"axis":[[139.386,16.863],[139.792,16.582]]}},{"type":"Feature","geometry":{"type":"Point","coordinates":[123.6396,23.3739]},"properties":{"name":"Hateruma","type":"Ridge","label":"Hateruma Ridge","cls":2,"feature_id":6577,"geom_src":"polygon","rep":[123.6396,23.3739],"axis":[[123.095,23.354],[124.145,23.391]]}},{"type":"Feature","geometry":{"type":"LineString","coordinates":[[177.562,-36.299],[177.489,-36.321],[177.427,-36.355],[177.384,-36.437],[177.3,-36.516],[177.23,-36.583]]},"properties":{"name":"Hauturu","type":"Ridge","label":"Hauturu Ridge","cls":2,"feature_id":6173,"geom_src":"line","rep":[177.3844,-36.4372]}},{"type":"Feature","geometry":{"type":"MultiLineString","coordinates":[[[-160,22],[-161.739,23.004],[-164.441,23.423],[-165.561,23.885],[-166.288,23.822],[-168.29,25.165],[-171.7,25.575],[-173.92,26.124],[-175.843,27.023],[-177.741,28.108],[-179.094,28.731],[-180,28.967]],[[176,31],[177.528,30.384],[178.664,30.267],[179.075,29.836],[179.674,29.224],[180,28.967]]]},"properties":{"name":"Hawaiian","type":"Ridge","label":"Hawaiian Ridge","cls":2,"feature_id":1272,"geom_src":"line","rep":[-171.6997,25.575]}},{"type":"Feature","geometry":{"type":"Point","coordinates":[-176.25,51]},"properties":{"name":"Hawley","type":"Ridge","label":"Hawley Ridge","cls":2,"feature_id":1275,"geom_src":"point","rep":[-176.25,51]}},{"type":"Feature","geometry":{"type":"Point","coordinates":[33.5833,34.5]},"properties":{"name":"Hecataeus","type":"Ridge","label":"Hecataeus Ridge","cls":2,"feature_id":1283,"geom_src":"point","rep":[33.5833,34.5]}},{"type":"Feature","geometry":{"type":"LineString","coordinates":[[176.94,-36.637],[176.961,-36.609],[177.001,-36.591],[177.046,-36.581]]},"properties":{"name":"Hikunui","type":"Ridge","label":"Hikunui Ridge","cls":2,"feature_id":6174,"geom_src":"line","rep":[177.0008,-36.5906]}},{"type":"Feature","geometry":{"type":"Point","coordinates":[176.2667,-41.75]},"properties":{"name":"Honeycomb","type":"Ridge","label":"Honeycomb Ridge","cls":2,"feature_id":6311,"geom_src":"point","rep":[176.2667,-41.75]}},{"type":"Feature","geometry":{"type":"Point","coordinates":[112.8431,12.471]},"properties":{"name":"Hongyu","type":"Ridge","label":"Hongyu Ridge","cls":2,"feature_id":889640,"geom_src":"polygon","rep":[112.8431,12.471],"axis":[[112.793,12.435],[112.886,12.503]]}},{"type":"Feature","geometry":{"type":"Point","coordinates":[-143.6667,51.5]},"properties":{"name":"Hook","type":"Ridge","label":"Hook Ridge","cls":2,"feature_id":1352,"geom_src":"point","rep":[-143.6667,51.5]}},{"type":"Feature","geometry":{"type":"LineString","coordinates":[[105.867,-14.917],[106.25,-14.5],[106.75,-14]]},"properties":{"name":"Horizon","type":"Ridge","label":"Horizon Ridge","cls":2,"feature_id":1358,"geom_src":"line","rep":[106.25,-14.5]}},{"type":"Feature","geometry":{"type":"LineString","coordinates":[[-117.333,-15.45],[-116.717,-15.5]]},"properties":{"name":"Hotu","type":"Ridge","label":"Hotu Ridge","cls":2,"feature_id":1366,"geom_src":"line","rep":[-116.7167,-15.5]}},{"type":"Feature","geometry":{"type":"LineString","coordinates":[[-0.5,78.75],[-0.102,78.669],[0.519,78.532],[1.031,78.406],[1.557,78.344],[2.278,78.271],[2.573,78.276],[3.64,78.199],[4.32,78.158],[5,78.083]]},"properties":{"name":"Hovgaard","type":"Ridge","label":"Hovgaard Ridge","cls":2,"feature_id":1368,"geom_src":"line","rep":[2.278,78.2709]}},{"type":"Feature","geometry":{"type":"Point","coordinates":[110.3655,11.8907]},"properties":{"name":"Hòn Gốm","type":"Ridge","label":"Hòn Gốm Ridge","cls":2,"feature_id":889263,"geom_src":"polygon","rep":[110.3655,11.8907],"axis":[[110.264,11.996],[110.459,11.795]]}},{"type":"Feature","geometry":{"type":"Point","coordinates":[116.0968,14.7339]},"properties":{"name":"Hualuo","type":"Ridge","label":"Hualuo Ridge","cls":2,"feature_id":889628,"geom_src":"polygon","rep":[116.0968,14.7339],"axis":[[116.04,14.558],[116.154,14.899]]}},{"type":"Feature","geometry":{"type":"Point","coordinates":[-56.7243,-61.0618]},"properties":{"name":"Huangjin","type":"Ridge","label":"Huangjin Ridge","cls":2,"feature_id":888952,"geom_src":"polygon","rep":[-56.7243,-61.0618],"axis":[[-56.799,-60.992],[-56.667,-61.126]]}},{"type":"Feature","geometry":{"type":"Point","coordinates":[-139.9087,-73.9121]},"properties":{"name":"Huangmei","type":"Ridge","label":"Huangmei Ridge","cls":2,"feature_id":889944,"geom_src":"polygon","rep":[-139.9087,-73.9121],"axis":[[-140.208,-73.766],[-139.548,-74.122]]}},{"type":"Feature","geometry":{"type":"LineString","coordinates":[[-116.283,-17.883],[-113.767,-18.433]]},"properties":{"name":"Hurihuri","type":"Ridge","label":"Hurihuri Ridge","cls":2,"feature_id":1379,"geom_src":"line","rep":[-113.7667,-18.4333]}},{"type":"Feature","geometry":{"type":"Point","coordinates":[111.3051,6.1587]},"properties":{"name":"Iban","type":"Ridge","label":"Iban Ridge","cls":2,"feature_id":6418,"geom_src":"polygon","rep":[111.3051,6.1587],"axis":[[111.299,6.043],[111.31,6.28]]}},{"type":"Feature","geometry":{"type":"LineString","coordinates":[[130.417,38.417],[130.6,37.783],[130.45,37.55]]},"properties":{"name":"Igyuwon","type":"Ridge","label":"Igyuwon Ridge","cls":2,"feature_id":1392,"geom_src":"line","rep":[130.6,37.7833]}},{"type":"Feature","geometry":{"type":"LineString","coordinates":[[98.25,-4.5],[98.245,-5.72],[98.139,-7.411],[98.111,-9.3],[98.077,-10.361],[98.175,-10.785],[98.232,-11.808],[98.355,-12.37],[98.334,-13.131],[98.406,-14.216],[98.545,-14.927],[98.531,-15.33],[98.77,-15.828],[98.984,-16.545],[99.167,-17.25]]},"properties":{"name":"Investigator","type":"Ridge","label":"Investigator Ridge","cls":2,"feature_id":1419,"geom_src":"line","rep":[98.3554,-12.3695]}},{"type":"Feature","geometry":{"type":"Point","coordinates":[123.4565,17.6503]},"properties":{"name":"Isabela","type":"Ridge","label":"Isabela Ridge","cls":2,"feature_id":888907,"geom_src":"polygon","rep":[123.4565,17.6503],"axis":[[123.376,17.448],[123.516,17.813]]}},{"type":"Feature","geometry":{"type":"Point","coordinates":[-21,52.4167]},"properties":{"name":"Isengard","type":"Ridge","label":"Isengard Ridge","cls":2,"feature_id":1434,"geom_src":"point","rep":[-21,52.4167]}},{"type":"Feature","geometry":{"type":"Point","coordinates":[-50.8835,40.4943]},"properties":{"name":"J-Anomaly","type":"Ridge","label":"J-Anomaly Ridge","cls":2,"feature_id":889320,"geom_src":"polygon","rep":[-50.8835,40.4943],"axis":[[-52.074,40.052],[-49.934,40.789]]}},{"type":"Feature","geometry":{"type":"LineString","coordinates":[[-9.355,68.437],[-8.615,68.885],[-8.148,69.214],[-8.22,69.691],[-8.347,70.077],[-8.584,70.852]]},"properties":{"name":"Jan Mayen","type":"Ridge","label":"Jan Mayen Ridge","cls":2,"feature_id":1459,"geom_src":"line","rep":[-8.22,69.6907]}},{"type":"Feature","geometry":{"type":"LineString","coordinates":[[107,-8.5],[107.989,-9.09],[109.483,-9.467],[111.679,-9.695],[112.183,-9.967],[116.183,-10.717],[118,-10.75]]},"properties":{"name":"Java","type":"Ridge","label":"Java Ridge","cls":2,"feature_id":1468,"geom_src":"line","rep":[111.6792,-9.6947]}},{"type":"Feature","geometry":{"type":"Point","coordinates":[130.1899,17.0951]},"properties":{"name":"Jiangtun","type":"Ridge","label":"Jiangtun Ridge","cls":2,"feature_id":889513,"geom_src":"polygon","rep":[130.1899,17.0951],"axis":[[130.052,17.083],[130.367,17.098]]}},{"type":"Feature","geometry":{"type":"Point","coordinates":[113.027,15.7383]},"properties":{"name":"Jinyin","type":"Ridge","label":"Jinyin Ridge","cls":2,"feature_id":889615,"geom_src":"polygon","rep":[113.027,15.7383],"axis":[[112.893,15.806],[113.15,15.67]]}},{"type":"Feature","geometry":{"type":"Point","coordinates":[-26.05,38.1667]},"properties":{"name":"João Valadão","type":"Ridge","label":"João Valadão Ridge","cls":2,"feature_id":1479,"geom_src":"point","rep":[-26.05,38.1667]}},{"type":"Feature","geometry":{"type":"LineString","coordinates":[[41.75,-43.667],[42.217,-42.667],[42.433,-41]]},"properties":{"name":"John Harrison","type":"Ridge","label":"John Harrison Ridge","cls":2,"feature_id":1483,"geom_src":"line","rep":[42.2167,-42.6667]}},{"type":"Feature","geometry":{"type":"LineString","coordinates":[[-130.329,44.669],[-130.02,45.579],[-129.723,46.299],[-129.58,46.536]]},"properties":{"name":"Juan de Fuca","type":"Ridge","label":"Juan de Fuca Ridge","cls":2,"feature_id":1494,"geom_src":"line","rep":[-129.7226,46.2985]}},{"type":"Feature","geometry":{"type":"LineString","coordinates":[[131.183,38.167],[131.717,38.433]]},"properties":{"name":"Jugam","type":"Ridge","label":"Jugam Ridge","cls":2,"feature_id":5702,"geom_src":"line","rep":[131.7167,38.4333]}},{"type":"Feature","geometry":{"type":"Point","coordinates":[136.1564,23.2501]},"properties":{"name":"Jugoya","type":"Ridge","label":"Jugoya Ridge","cls":2,"feature_id":6452,"geom_src":"polygon","rep":[136.1564,23.2501],"axis":[[135.989,23.243],[136.344,23.233]]}},{"type":"Feature","geometry":{"type":"Point","coordinates":[67.1643,-27.0718]},"properties":{"name":"Kalpataru","type":"Ridge","label":"Kalpataru Ridge","cls":2,"feature_id":890134,"geom_src":"point","rep":[67.1643,-27.0718]}},{"type":"Feature","geometry":{"type":"Point","coordinates":[67.2013,-27.0593]},"properties":{"name":"Kalpataru","type":"Ridge","label":"Kalpataru Ridge","cls":2,"feature_id":890134,"geom_src":"polygon","rep":[67.2013,-27.0593],"axis":[[67.013,-27.228],[67.399,-26.863]]}},{"type":"Feature","geometry":{"type":"Point","coordinates":[125.2188,14.2845]},"properties":{"name":"Kamantigi","type":"Ridge","label":"Kamantigi Ridge","cls":2,"feature_id":890173,"geom_src":"point","rep":[125.2188,14.2845]}},{"type":"Feature","geometry":{"type":"Point","coordinates":[125.2001,14.2705]},"properties":{"name":"Kamantigi","type":"Ridge","label":"Kamantigi Ridge","cls":2,"feature_id":890173,"geom_src":"polygon","rep":[125.2001,14.2705],"axis":[[125.157,14.11],[125.221,14.413]]}},{"type":"Feature","geometry":{"type":"LineString","coordinates":[[34.717,35.783],[34.9,35.883]]},"properties":{"name":"Karpas","type":"Ridge","label":"Karpas Ridge","cls":2,"feature_id":1540,"geom_src":"line","rep":[34.9,35.8833]}},{"type":"Feature","geometry":{"type":"LineString","coordinates":[[134.765,12.859],[134.82,12.926],[134.827,12.991],[134.836,13.061],[134.838,13.108],[134.843,13.133],[134.853,13.178]]},"properties":{"name":"Kedam","type":"Ridge","label":"Kedam Ridge","cls":2,"feature_id":888872,"geom_src":"line","rep":[134.8356,13.061]}},{"type":"Feature","geometry":{"type":"MultiLineString","coordinates":[[[179.25,-35],[180,-33.236]],[[-180,-33.236],[-177.667,-27.75]]]},"properties":{"name":"Kermadec","type":"Ridge","label":"Kermadec Ridge","cls":2,"feature_id":1566,"geom_src":"line","rep":[180,-33.2363]}},{"type":"Feature","geometry":{"type":"Point","coordinates":[59.2559,16.8253]},"properties":{"name":"Khanjar","type":"Ridge","label":"Khanjar Ridge","cls":2,"feature_id":890426,"geom_src":"point","rep":[59.2559,16.8253]}},{"type":"Feature","geometry":{"type":"Point","coordinates":[59.1981,16.8614]},"properties":{"name":"Khanjar","type":"Ridge","label":"Khanjar Ridge","cls":2,"feature_id":890426,"geom_src":"polygon","rep":[59.1981,16.8614],"axis":[[59.085,16.931],[59.284,16.779]]}},{"type":"Feature","geometry":{"type":"Point","coordinates":[114.2548,5.9909]},"properties":{"name":"Kimaragang","type":"Ridge","label":"Kimaragang Ridge","cls":2,"feature_id":889356,"geom_src":"polygon","rep":[114.2548,5.9909],"axis":[[114.222,5.943],[114.295,6.051]]}},{"type":"Feature","geometry":{"type":"LineString","coordinates":[[8,74.333],[7.151,75.008],[6.521,76.211],[6.625,77.297],[6.499,78.205],[4.813,78.546],[2.053,78.74],[0,79]]},"properties":{"name":"Knipovich","type":"Ridge","label":"Knipovich Ridge","cls":2,"feature_id":1619,"geom_src":"line","rep":[6.4992,78.2053]}},{"type":"Feature","geometry":{"type":"Point","coordinates":[135.0899,26.7216]},"properties":{"name":"Koho","type":"Ridge","label":"Koho Ridge","cls":2,"feature_id":1629,"geom_src":"polygon","rep":[135.0899,26.7216],"axis":[[134.39,26.619],[135.771,26.783]]}},{"type":"Feature","geometry":{"type":"LineString","coordinates":[[-18.5,67.333],[-15.333,70.333]]},"properties":{"name":"Kolbeinsey","type":"Ridge","label":"Kolbeinsey Ridge","cls":2,"feature_id":1635,"geom_src":"line","rep":[-15.3333,70.3333]}},{"type":"Feature","geometry":{"type":"LineString","coordinates":[[-31.3,-33.5],[-30.633,-33.733]]},"properties":{"name":"Konstantinov","type":"Ridge","label":"Konstantinov Ridge","cls":2,"feature_id":1643,"geom_src":"line","rep":[-30.6333,-33.7333]}},{"type":"Feature","geometry":{"type":"Point","coordinates":[-134.8461,0.1097]},"properties":{"name":"Konter","type":"Ridge","label":"Konter Ridge","cls":2,"feature_id":890144,"geom_src":"polygon","rep":[-134.8461,0.1097],"axis":[[-135.163,0.3],[-134.469,-0.108]]}},{"type":"Feature","geometry":{"type":"Point","coordinates":[127.1114,21.3583]},"properties":{"name":"Koyo","type":"Ridge","label":"Koyo Ridge","cls":2,"feature_id":6766,"geom_src":"polygon","rep":[127.1114,21.3583],"axis":[[126.996,21.474],[127.221,21.246]]}},{"type":"Feature","geometry":{"type":"LineString","coordinates":[[137.125,33.233],[136.467,33.017],[136.25,32.917],[135.8,32.792],[135.317,32.703]]},"properties":{"name":"Kumano","type":"Ridge","label":"Kumano Ridge","cls":2,"feature_id":1661,"geom_src":"line","rep":[136.25,32.9167]}},{"type":"Feature","geometry":{"type":"LineString","coordinates":[[-143,-52.25],[-139.5,-54.333]]},"properties":{"name":"Kurentsov","type":"Ridge","label":"Kurentsov Ridge","cls":2,"feature_id":1666,"geom_src":"line","rep":[-139.5,-54.3333]}},{"type":"Feature","geometry":{"type":"Point","coordinates":[70.563,10.9129]},"properties":{"name":"Kurma","type":"Ridge","label":"Kurma Ridge","cls":2,"feature_id":890389,"geom_src":"polygon","rep":[70.563,10.9129],"axis":[[70.479,10.807],[70.634,11.023]]}},{"type":"Feature","geometry":{"type":"LineString","coordinates":[[133,30],[135.333,27],[136.277,25.242],[136.833,24],[136.881,22.055],[135.083,18]]},"properties":{"name":"Kyushu-Palau","type":"Ridge","label":"Kyushu-Palau Ridge","cls":2,"feature_id":1675,"geom_src":"line","rep":[136.8333,24]}},{"type":"Feature","geometry":{"type":"Point","coordinates":[101.5,-33]},"properties":{"name":"L'Espoir","type":"Ridge","label":"L'Espoir Ridge","cls":2,"feature_id":1679,"geom_src":"point","rep":[101.5,-33]}},{"type":"Feature","geometry":{"type":"LineString","coordinates":[[57.417,-21.083],[57,-21.583],[56.3,-22.5],[54.417,-24.25]]},"properties":{"name":"La Bourdonnais","type":"Ridge","label":"La Bourdonnais Ridge","cls":2,"feature_id":1682,"geom_src":"line","rep":[56.3,-22.5]}},{"type":"Feature","geometry":{"type":"LineString","coordinates":[[-150,-18.767],[-152,-18.9],[-153.567,-18.2]]},"properties":{"name":"La Confiance","type":"Ridge","label":"La Confiance Ridge","cls":2,"feature_id":1683,"geom_src":"line","rep":[-152,-18.9]}},{"type":"Feature","geometry":{"type":"LineString","coordinates":[[177.678,-39.601],[177.757,-39.544],[177.808,-39.525],[177.846,-39.461]]},"properties":{"name":"Lachlan","type":"Ridge","label":"Lachlan Ridge","cls":2,"feature_id":6185,"geom_src":"line","rep":[177.8078,-39.5245]}},{"type":"Feature","geometry":{"type":"LineString","coordinates":[[134.66,12.573],[134.66,12.587],[134.692,12.672],[134.692,12.704],[134.705,12.727],[134.693,12.758],[134.697,12.778],[134.713,12.821],[134.73,12.852],[134.741,12.884],[134.742,12.921]]},"properties":{"name":"Laiib","type":"Ridge","label":"Laiib Ridge","cls":2,"feature_id":888875,"geom_src":"line","rep":[134.6929,12.758]}},{"type":"Feature","geometry":{"type":"LineString","coordinates":[[109.417,-36.5],[112.417,-37]]},"properties":{"name":"Lamar Hayes","type":"Ridge","label":"Lamar Hayes Ridge","cls":2,"feature_id":1707,"geom_src":"line","rep":[112.4167,-37]}},{"type":"Feature","geometry":{"type":"Point","coordinates":[62,-49.35]},"properties":{"name":"Lameyre","type":"Ridge","label":"Lameyre Ridge","cls":2,"feature_id":1709,"geom_src":"point","rep":[62,-49.35]}},{"type":"Feature","geometry":{"type":"LineString","coordinates":[[62,87],[57.75,85.917]]},"properties":{"name":"Langseth","type":"Ridge","label":"Langseth Ridge","cls":2,"feature_id":1714,"geom_src":"line","rep":[57.75,85.9167]}},{"type":"Feature","geometry":{"type":"Point","coordinates":[147.25,16.1667]},"properties":{"name":"Lapulapu","type":"Ridge","label":"Lapulapu Ridge","cls":2,"feature_id":1720,"geom_src":"point","rep":[147.25,16.1667]}},{"type":"Feature","geometry":{"type":"Point","coordinates":[-178.75,-21.5]},"properties":{"name":"Lau","type":"Ridge","label":"Lau Ridge","cls":2,"feature_id":1727,"geom_src":"point","rep":[-178.75,-21.5]}},{"type":"Feature","geometry":{"type":"Point","coordinates":[125.4198,13.9514]},"properties":{"name":"Libulan","type":"Ridge","label":"Libulan Ridge","cls":2,"feature_id":890177,"geom_src":"polygon","rep":[125.4198,13.9514],"axis":[[125.362,13.78],[125.483,14.109]]}},{"type":"Feature","geometry":{"type":"Point","coordinates":[117.334,16.7686]},"properties":{"name":"Lifa","type":"Ridge","label":"Lifa Ridge","cls":2,"feature_id":889611,"geom_src":"polygon","rep":[117.334,16.7686],"axis":[[117.095,16.714],[117.501,16.809]]}},{"type":"Feature","geometry":{"type":"LineString","coordinates":[[-31.25,-61.667],[-28.267,-62.083],[-25,-62.017],[-22.217,-62.65]]},"properties":{"name":"Ligeti","type":"Ridge","label":"Ligeti Ridge","cls":2,"feature_id":1758,"geom_src":"line","rep":[-25,-62.0167]}},{"type":"Feature","geometry":{"type":"LineString","coordinates":[[-176.25,34],[-171,28]]},"properties":{"name":"Liliuokalani","type":"Ridge","label":"Liliuokalani Ridge","cls":2,"feature_id":1762,"geom_src":"line","rep":[-171,28]}},{"type":"Feature","geometry":{"type":"MultiLineString","coordinates":[[[-99.806,88.868],[-116.699,89],[-160.566,89],[-175.92,88.926],[-99.806,88.868]],[[143,80.5],[142.577,83.498],[149.567,85.084],[145.552,86.883],[140.271,87.702],[142.133,88.683],[-99.806,88.868],[-87.84,88.774],[-68.233,88.517],[-62.362,87.875],[-58.73,86.957],[-58.563,86.004],[-64.0,85]]]},"properties":{"name":"Lomonosov","type":"Ridge","label":"Lomonosov Ridge","cls":2,"feature_id":1781,"geom_src":"line","rep":[-99.8064,88.8678]}},{"type":"Feature","geometry":{"type":"Point","coordinates":[110.5499,7.2962]},"properties":{"name":"Long Phú","type":"Ridge","label":"Long Phú Ridge","cls":2,"feature_id":889313,"geom_src":"polygon","rep":[110.5499,7.2962],"axis":[[110.508,7.158],[110.59,7.444]]}},{"type":"Feature","geometry":{"type":"LineString","coordinates":[[101.867,-22.238],[103.865,-23.123],[105.065,-24.104],[105.864,-24.922],[106.378,-25.294]]},"properties":{"name":"Lost Dutchmen","type":"Ridge","label":"Lost Dutchmen Ridge","cls":2,"feature_id":1786,"geom_src":"line","rep":[105.0646,-24.1038]}},{"type":"Feature","geometry":{"type":"LineString","coordinates":[[-174.5,-27],[-173.431,-28.477],[-173.192,-30.123],[-172.094,-31.522],[-171.382,-33.583],[-170.328,-35.407],[-169.443,-36.063],[-169.855,-36.654],[-168.921,-37.759],[-167.504,-39.059],[-165.605,-40.55],[-163.101,-41.972],[-161.5,-43]]},"properties":{"name":"Louisville","type":"Ridge","label":"Louisville Ridge","cls":2,"feature_id":1791,"geom_src":"line","rep":[-169.4434,-36.0633]}},{"type":"Feature","geometry":{"type":"Point","coordinates":[110.2585,9.2703]},"properties":{"name":"Lộc An","type":"Ridge","label":"Lộc An Ridge","cls":2,"feature_id":889284,"geom_src":"polygon","rep":[110.2585,9.2703],"axis":[[110.211,9.166],[110.322,9.381]]}},{"type":"Feature","geometry":{"type":"LineString","coordinates":[[166,-47],[164.14,-49.474],[162.645,-50.619],[161.823,-51.167],[161.135,-51.757],[159.945,-53.005],[159.322,-53.515],[158.917,-54.483],[158.636,-55.087],[158.245,-55.909],[158.289,-56.837],[158.245,-57.681],[158.642,-58.639],[159.5,-59.333]]},"properties":{"name":"Macquarie","type":"Ridge","label":"Macquarie Ridge","cls":2,"feature_id":1812,"geom_src":"line","rep":[158.9167,-54.4833]}},{"type":"Feature","geometry":{"type":"Point","coordinates":[-1.7833,36.5333]},"properties":{"name":"Maimonide","type":"Ridge","label":"Maimonide Ridge","cls":2,"feature_id":1831,"geom_src":"point","rep":[-1.7833,36.5333]}},{"type":"Feature","geometry":{"type":"LineString","coordinates":[[143.367,12.667],[143.583,12.917],[143.75,13.333]]},"properties":{"name":"Malaguana-Gadao","type":"Ridge","label":"Malaguana-Gadao Ridge","cls":2,"feature_id":1836,"geom_src":"line","rep":[143.5833,12.9167]}},{"type":"Feature","geometry":{"type":"Point","coordinates":[123.9358,15.7292]},"properties":{"name":"Malakmalak","type":"Ridge","label":"Malakmalak Ridge","cls":2,"feature_id":889711,"geom_src":"polygon","rep":[123.9358,15.7292],"axis":[[123.937,15.813],[123.941,15.641]]}},{"type":"Feature","geometry":{"type":"Point","coordinates":[73,3]},"properties":{"name":"Maldive","type":"Ridge","label":"Maldive Ridge","cls":2,"feature_id":1838,"geom_src":"point","rep":[73,3]}},{"type":"Feature","geometry":{"type":"Point","coordinates":[-80.8333,4.5]},"properties":{"name":"Malpelo","type":"Ridge","label":"Malpelo Ridge","cls":2,"feature_id":1843,"geom_src":"point","rep":[-80.8333,4.5]}},{"type":"Feature","geometry":{"type":"Point","coordinates":[123.6919,16.3669]},"properties":{"name":"Malungai","type":"Ridge","label":"Malungai Ridge","cls":2,"feature_id":889708,"geom_src":"polygon","rep":[123.6919,16.3669],"axis":[[123.552,16.54],[123.821,16.21]]}},{"type":"Feature","geometry":{"type":"Point","coordinates":[91.4391,4.1159]},"properties":{"name":"Maojian","type":"Ridge","label":"Maojian Ridge","cls":2,"feature_id":889938,"geom_src":"polygon","rep":[91.4391,4.1159],"axis":[[91.422,3.973],[91.468,4.285]]}},{"type":"Feature","geometry":{"type":"Point","coordinates":[-84.5253,-40.6361]},"properties":{"name":"Mapuche","type":"Ridge","label":"Mapuche Ridge","cls":2,"feature_id":6031,"geom_src":"polygon","rep":[-84.5253,-40.6361],"axis":[[-84.7,-40.648],[-84.375,-40.638]]}},{"type":"Feature","geometry":{"type":"LineString","coordinates":[[-63.667,15.8],[-63.667,13.917]]},"properties":{"name":"Mariner","type":"Ridge","label":"Mariner Ridge","cls":2,"feature_id":1878,"geom_src":"line","rep":[-63.6667,13.9167]}},{"type":"Feature","geometry":{"type":"Point","coordinates":[178.3856,-29.6387]},"properties":{"name":"Matahourua","type":"Ridge","label":"Matahourua Ridge","cls":2,"feature_id":889848,"geom_src":"polygon","rep":[178.3856,-29.6387],"axis":[[177.856,-29.797],[179.001,-29.39]]}},{"type":"Feature","geometry":{"type":"LineString","coordinates":[[178.561,-37.399],[178.595,-37.396],[178.617,-37.391],[178.649,-37.394]]},"properties":{"name":"Matakaoa","type":"Ridge","label":"Matakaoa Ridge","cls":2,"feature_id":6187,"geom_src":"line","rep":[178.6172,-37.3908]}},{"type":"Feature","geometry":{"type":"LineString","coordinates":[[-116.85,-15.217],[-116.45,-15.217]]},"properties":{"name":"Matua","type":"Ridge","label":"Matua Ridge","cls":2,"feature_id":1907,"geom_src":"line","rep":[-116.45,-15.2167]}},{"type":"Feature","geometry":{"type":"LineString","coordinates":[[53.083,-1.667],[53.467,-4.333]]},"properties":{"name":"Maurice Hill","type":"Ridge","label":"Maurice Hill Ridge","cls":2,"feature_id":1912,"geom_src":"line","rep":[53.4667,-4.3333]}},{"type":"Feature","geometry":{"type":"LineString","coordinates":[[-131.323,70.552],[-131.344,70.363]]},"properties":{"name":"McKinley","type":"Ridge","label":"McKinley Ridge","cls":2,"feature_id":889982,"geom_src":"line","rep":[-131.3442,70.3634]}},{"type":"Feature","geometry":{"type":"Point","coordinates":[17.5,35]},"properties":{"name":"Medina (Malta)","type":"Ridge","label":"Medina (Malta) Ridge","cls":2,"feature_id":1935,"geom_src":"point","rep":[17.5,35]}},{"type":"Feature","geometry":{"type":"Point","coordinates":[-155.75,-1.3333]},"properties":{"name":"Menard","type":"Ridge","label":"Menard Ridge","cls":2,"feature_id":1956,"geom_src":"point","rep":[-155.75,-1.3333]}},{"type":"Feature","geometry":{"type":"Point","coordinates":[-127.5,40.3667]},"properties":{"name":"Mendocino","type":"Ridge","label":"Mendocino Ridge","cls":2,"feature_id":1967,"geom_src":"point","rep":[-127.5,40.3667]}},{"type":"Feature","geometry":{"type":"Point","coordinates":[116.3203,14.5115]},"properties":{"name":"Menghaoran","type":"Ridge","label":"Menghaoran Ridge","cls":2,"feature_id":889629,"geom_src":"polygon","rep":[116.3203,14.5115],"axis":[[116.167,14.242],[116.456,14.757]]}},{"type":"Feature","geometry":{"type":"Point","coordinates":[101.3333,-4.5]},"properties":{"name":"Mentawai","type":"Ridge","label":"Mentawai Ridge","cls":2,"feature_id":1973,"geom_src":"point","rep":[101.3333,-4.5]}},{"type":"Feature","geometry":{"type":"Point","coordinates":[146.8793,25.9409]},"properties":{"name":"Michelson","type":"Ridge","label":"Michelson Ridge","cls":2,"feature_id":6070,"geom_src":"polygon","rep":[146.8793,25.9409],"axis":[[144.834,26.102],[149.333,25.887]],"apple_minzoom":5,"apple_type":"undersea-ridge/ridge","apple_rank":null,"apple_name":"Michelson Ridge"}},{"type":"Feature","geometry":{"type":"LineString","coordinates":[[-33,52.5],[-30.559,51.602],[-28.533,50.367],[-27.671,47.858],[-27.28,46.746],[-28.241,44.254],[-29.071,41.718],[-30.192,39.476],[-32.568,37.284],[-36.262,35.054],[-39.334,32.511],[-43.4,28.367],[-45.444,25.203],[-46.089,22.312],[-46.433,19.483],[-46.519,16.643],[-45,14.133],[-43.808,12.156],[-39.95,8.817],[-35.977,7.291],[-33.094,5.828],[-31.415,3.496],[-29,1.75],[-21.474,-0.319],[-14.633,-2.2],[-12.333,-4.817],[-13.104,-9.6],[-13.883,-14.367],[-12.754,-17.489],[-11.467,-20.983],[-14.05,-25.917],[-13.5,-29.612],[-13.717,-33.167],[-15.687,-34.814],[-17.683,-36.45],[-16.456,-39.508],[-15.787,-43.692],[-14.917,-45.75],[-11.789,-47.975],[-6.934,-51.248],[-1.75,-54.5]]},"properties":{"name":"Mid-Atlantic","type":"Ridge","label":"Mid-Atlantic Ridge","cls":2,"feature_id":1990,"geom_src":"line","rep":[-33.0936,5.8277]}},{"type":"Feature","geometry":{"type":"Point","coordinates":[144.5,21]},"properties":{"name":"Middle Mariana","type":"Ridge","label":"Middle Mariana Ridge","cls":2,"feature_id":1995,"geom_src":"point","rep":[144.5,21]}},{"type":"Feature","geometry":{"type":"Point","coordinates":[90.1806,0.3209]},"properties":{"name":"Mingmei","type":"Ridge","label":"Mingmei Ridge","cls":2,"feature_id":889941,"geom_src":"polygon","rep":[90.1806,0.3209],"axis":[[89.902,0.14],[90.475,0.512]]}},{"type":"Feature","geometry":{"type":"Point","coordinates":[129.6005,17.4984]},"properties":{"name":"Mingtiao","type":"Ridge","label":"Mingtiao Ridge","cls":2,"feature_id":889085,"geom_src":"polygon","rep":[129.6005,17.4984],"axis":[[129.584,17.676],[129.622,17.275]]}},{"type":"Feature","geometry":{"type":"Point","coordinates":[42.73,-42.2333]},"properties":{"name":"Mitin","type":"Ridge","label":"Mitin Ridge","cls":2,"feature_id":2026,"geom_src":"point","rep":[42.73,-42.2333]}},{"type":"Feature","geometry":{"type":"Point","coordinates":[-176.1,-32.2]},"properties":{"name":"Moana Wave","type":"Ridge","label":"Moana Wave Ridge","cls":2,"feature_id":3479,"geom_src":"point","rep":[-176.1,-32.2]}},{"type":"Feature","geometry":{"type":"LineString","coordinates":[[-5,71.5],[2.75,72.25]]},"properties":{"name":"Mohns","type":"Ridge","label":"Mohns Ridge","cls":2,"feature_id":2035,"geom_src":"line","rep":[2.75,72.25]}},{"type":"Feature","geometry":{"type":"LineString","coordinates":[[1.5,79.75],[4,79.25]]},"properties":{"name":"Molloy","type":"Ridge","label":"Molloy Ridge","cls":2,"feature_id":2041,"geom_src":"line","rep":[4,79.25]}},{"type":"Feature","geometry":{"type":"Point","coordinates":[10.1333,42]},"properties":{"name":"Montecristo","type":"Ridge","label":"Montecristo Ridge","cls":2,"feature_id":2055,"geom_src":"point","rep":[10.1333,42]}},{"type":"Feature","geometry":{"type":"LineString","coordinates":[[-43.302,-56.518],[-42.707,-56.668],[-42.35,-56.663]]},"properties":{"name":"Morelli","type":"Ridge","label":"Morelli Ridge","cls":2,"feature_id":5821,"geom_src":"line","rep":[-42.7067,-56.6683]}},{"type":"Feature","geometry":{"type":"Point","coordinates":[118.2955,14.4011]},"properties":{"name":"Morong","type":"Ridge","label":"Morong Ridge","cls":2,"feature_id":889583,"geom_src":"polygon","rep":[118.2955,14.4011],"axis":[[118.185,14.383],[118.4,14.414]]}},{"type":"Feature","geometry":{"type":"LineString","coordinates":[[-51.25,88.65],[-61.5,89.283]]},"properties":{"name":"Morozov","type":"Ridge","label":"Morozov Ridge","cls":2,"feature_id":2075,"geom_src":"line","rep":[-61.5,89.2833]}},{"type":"Feature","geometry":{"type":"LineString","coordinates":[[134.3,32.34],[134.433,32.408],[134.358,32.717],[134.775,32.9]]},"properties":{"name":"Muroto","type":"Ridge","label":"Muroto Ridge","cls":2,"feature_id":2105,"geom_src":"line","rep":[134.3583,32.7167]}},{"type":"Feature","geometry":{"type":"LineString","coordinates":[[61,20.75],[64.583,24]]},"properties":{"name":"Murray","type":"Ridge","label":"Murray Ridge","cls":2,"feature_id":2109,"geom_src":"line","rep":[64.5833,24]}},{"type":"Feature","geometry":{"type":"Point","coordinates":[144.32,24.0075]},"properties":{"name":"Nagaoka","type":"Ridge","label":"Nagaoka Ridge","cls":2,"feature_id":889399,"geom_src":"point","rep":[144.32,24.0075]}},{"type":"Feature","geometry":{"type":"Point","coordinates":[144.1936,24.1202]},"properties":{"name":"Nagaoka","type":"Ridge","label":"Nagaoka Ridge","cls":2,"feature_id":889399,"geom_src":"polygon","rep":[144.1936,24.1202],"axis":[[143.938,24.34],[144.431,23.945]]}},{"type":"Feature","geometry":{"type":"Point","coordinates":[20.2593,85.5034]},"properties":{"name":"Naletov","type":"Ridge","label":"Naletov Ridge","cls":2,"feature_id":3480,"geom_src":"polygon","rep":[20.2593,85.5034],"axis":[[19.037,85.71],[21.401,85.298]]}},{"type":"Feature","geometry":{"type":"Point","coordinates":[126,25.25]},"properties":{"name":"Nansei-Shoto","type":"Ridge","label":"Nansei-Shoto Ridge","cls":2,"feature_id":2131,"geom_src":"point","rep":[126,25.25]}},{"type":"Feature","geometry":{"type":"LineString","coordinates":[[-76.667,-15.25],[-83.167,-23.333]]},"properties":{"name":"Nazca","type":"Ridge","label":"Nazca Ridge","cls":2,"feature_id":2147,"geom_src":"line","rep":[-83.1667,-23.3333]}},{"type":"Feature","geometry":{"type":"LineString","coordinates":[[-169.908,20.139],[-169.237,20.589],[-168.752,20.953],[-167.902,21.531],[-167.146,22.081],[-166.353,22.645],[-165.946,22.873],[-165.34,23.109]]},"properties":{"name":"Necker","type":"Ridge","label":"Necker Ridge","cls":2,"feature_id":2152,"geom_src":"line","rep":[-167.1455,22.081]}},{"type":"Feature","geometry":{"type":"LineString","coordinates":[[144.833,-46],[145.167,-47.25]]},"properties":{"name":"Needwonne","type":"Ridge","label":"Needwonne Ridge","cls":2,"feature_id":2153,"geom_src":"line","rep":[145.1667,-47.25]}},{"type":"Feature","geometry":{"type":"Point","coordinates":[-48,40.5]},"properties":{"name":"Newfoundland","type":"Ridge","label":"Newfoundland Ridge","cls":2,"feature_id":2169,"geom_src":"point","rep":[-48,40.5]}},{"type":"Feature","geometry":{"type":"LineString","coordinates":[[177.348,-37.064],[177.279,-37.148]]},"properties":{"name":"Ngātoro","type":"Ridge","label":"Ngātoro Ridge","cls":2,"feature_id":6193,"geom_src":"line","rep":[177.2786,-37.1478]}},{"type":"Feature","geometry":{"type":"LineString","coordinates":[[90,7],[90.433,5.078],[90.218,3.014],[89.85,1.533],[89.482,-1.122],[89.353,-2.942],[89.215,-4.884],[89.087,-6.694],[88.958,-8.501],[88.783,-10.936],[88.469,-13.47],[88.193,-15.354],[88.087,-17.129],[87.887,-18.658],[87.672,-20.634],[87.594,-22.27],[87.499,-24.227],[87.488,-26.318],[87.703,-28.237],[87.703,-30.387],[87.488,-32.022],[87,-34]]},"properties":{"name":"Ninetyeast","type":"Ridge","label":"Ninetyeast Ridge","cls":2,"feature_id":2189,"geom_src":"line","rep":[88.1934,-15.3536]}},{"type":"Feature","geometry":{"type":"Point","coordinates":[111.1219,10.7567]},"properties":{"name":"Ninh Hải","type":"Ridge","label":"Ninh Hải Ridge","cls":2,"feature_id":889267,"geom_src":"polygon","rep":[111.1219,10.7567],"axis":[[110.968,10.562],[111.366,11.044]]}},{"type":"Feature","geometry":{"type":"LineString","coordinates":[[138.633,30.167],[139.75,25.617]]},"properties":{"name":"Nishi-Shichito","type":"Ridge","label":"Nishi-Shichito Ridge","cls":2,"feature_id":2202,"geom_src":"line","rep":[139.75,25.6167]}},{"type":"Feature","geometry":{"type":"Point","coordinates":[167.5,-27]},"properties":{"name":"Norfolk","type":"Ridge","label":"Norfolk Ridge","cls":2,"feature_id":2215,"geom_src":"point","rep":[167.5,-27]}},{"type":"Feature","geometry":{"type":"LineString","coordinates":[[-34.964,-1.61],[-35.65,-1.772],[-36.132,-1.848],[-36.767,-1.925],[-37.249,-1.967],[-37.816,-1.95],[-38.434,-1.933],[-39.492,-0.417],[-39.941,0.086],[-40.525,0.12],[-41.269,0.239],[-41.87,0.333],[-42.497,0.375],[-43.639,0.435],[-44.367,0.716]]},"properties":{"name":"North Brasilian","type":"Ridge","label":"North Brasilian Ridge","cls":2,"feature_id":2223,"geom_src":"line","rep":[-39.4922,-0.4171]}},{"type":"Feature","geometry":{"type":"LineString","coordinates":[[171.651,-33.668],[171.783,-33.695],[171.95,-33.766],[172.1,-33.79],[172.252,-33.885]]},"properties":{"name":"North Maria","type":"Ridge","label":"North Maria Ridge","cls":2,"feature_id":6194,"geom_src":"line","rep":[171.9497,-33.7664]}},{"type":"Feature","geometry":{"type":"LineString","coordinates":[[178.691,-39.008],[178.709,-38.978],[178.761,-38.943],[178.804,-38.884]]},"properties":{"name":"North Paritū","type":"Ridge","label":"North Paritū Ridge","cls":2,"feature_id":6195,"geom_src":"line","rep":[178.7614,-38.9425]}},{"type":"Feature","geometry":{"type":"LineString","coordinates":[[-52.75,-53.833],[-51.892,-53.801],[-50.97,-53.425],[-50.111,-53.265],[-49.333,-53.154],[-48.684,-53.154],[-47.661,-53.152],[-46.767,-53.07],[-45.964,-53.146],[-45.119,-53.227],[-44.501,-53.286],[-44,-53.333]]},"properties":{"name":"North Scotia","type":"Ridge","label":"North Scotia Ridge","cls":2,"feature_id":2231,"geom_src":"line","rep":[-47.661,-53.1516]}},{"type":"Feature","geometry":{"type":"LineString","coordinates":[[-20,-60.25],[-4.5,-56]]},"properties":{"name":"North Weddell","type":"Ridge","label":"North Weddell Ridge","cls":2,"feature_id":2235,"geom_src":"line","rep":[-4.5,-56]}},{"type":"Feature","geometry":{"type":"Point","coordinates":[-157.1048,76.7181]},"properties":{"name":"Northwind","type":"Ridge","label":"Northwind Ridge","cls":2,"feature_id":2245,"geom_src":"polygon","rep":[-157.1048,76.7181],"axis":[[-160.753,73.812],[-154.326,78.77]]}},{"type":"Feature","geometry":{"type":"Point","coordinates":[-26.1216,-55.4407]},"properties":{"name":"Nova","type":"Ridge","label":"Nova Ridge","cls":2,"feature_id":889217,"geom_src":"polygon","rep":[-26.1216,-55.4407],"axis":[[-26.288,-55.318],[-25.962,-55.54]]}},{"type":"Feature","geometry":{"type":"Point","coordinates":[58.1908,-35.0217]},"properties":{"name":"Novara","type":"Ridge","label":"Novara Ridge","cls":2,"feature_id":889501,"geom_src":"polygon","rep":[58.1908,-35.0217],"axis":[[58.053,-35.035],[58.344,-35.018]]}},{"type":"Feature","geometry":{"type":"Point","coordinates":[110.2678,10.1297]},"properties":{"name":"Núi Ông","type":"Ridge","label":"Núi Ông Ridge","cls":2,"feature_id":889271,"geom_src":"polygon","rep":[110.2678,10.1297],"axis":[[110.146,10.009],[110.39,10.254]]}},{"type":"Feature","geometry":{"type":"Point","coordinates":[126.3492,20.0434]},"properties":{"name":"Ogami","type":"Ridge","label":"Ogami Ridge","cls":2,"feature_id":6769,"geom_src":"polygon","rep":[126.3492,20.0434],"axis":[[126.148,20.078],[126.545,20.006]]}},{"type":"Feature","geometry":{"type":"LineString","coordinates":[[142.333,24.833],[142.563,25.506],[142.433,26.077],[142.221,26.513],[142.146,26.872],[142.211,27.267],[142.156,27.657],[141.939,28.076],[141.877,28.489],[141.908,28.854],[141.708,29.315],[141.45,29.667]]},"properties":{"name":"Ogasawara","type":"Ridge","label":"Ogasawara Ridge","cls":2,"feature_id":2280,"geom_src":"line","rep":[142.1555,27.6566]}},{"type":"Feature","geometry":{"type":"Point","coordinates":[134.6667,36.8333]},"properties":{"name":"Oki","type":"Ridge","label":"Oki Ridge","cls":2,"feature_id":2286,"geom_src":"point","rep":[134.6667,36.8333]}},{"type":"Feature","geometry":{"type":"Point","coordinates":[133.9727,23.1405]},"properties":{"name":"Oki-Daito","type":"Ridge","label":"Oki-Daito Ridge","cls":2,"feature_id":6069,"geom_src":"polygon","rep":[133.9727,23.1405],"axis":[[132.241,24.211],[136.029,22.271]]}},{"type":"Feature","geometry":{"type":"Point","coordinates":[125.902,22.2784]},"properties":{"name":"Oki-Sakishima","type":"Ridge","label":"Oki-Sakishima Ridge","cls":2,"feature_id":6589,"geom_src":"polygon","rep":[125.902,22.2784],"axis":[[125.499,21.487],[126.219,22.853]]}},{"type":"Feature","geometry":{"type":"LineString","coordinates":[[139.583,40.93],[139.68,41.328],[139.448,42.148],[139.562,42.275],[139.342,43.062],[139.242,43.153],[139.232,43.228],[139.29,43.462],[139.262,43.503],[139.245,43.968],[139.175,44.155]]},"properties":{"name":"Okushiri","type":"Ridge","label":"Okushiri Ridge","cls":2,"feature_id":6133,"geom_src":"line","rep":[139.2417,43.1533]}},{"type":"Feature","geometry":{"type":"LineString","coordinates":[[177.691,-40.16],[177.858,-40.029],[178.045,-39.857]]},"properties":{"name":"Ōmakere","type":"Ridge","label":"Ōmakere Ridge","cls":2,"feature_id":6704,"geom_src":"line","rep":[177.8578,-40.0286]}},{"type":"Feature","geometry":{"type":"MultiLineString","coordinates":[[[161,-61.5],[165.128,-62.058],[168.802,-62.784],[171.828,-63.348],[175.177,-64.349],[177.716,-65.088],[180,-65.483]],[[-180,-65.483],[-167.091,-64.527],[-156.994,-61.813],[-147.775,-58.06],[-142.237,-56.272],[-137.149,-55.173],[-130,-54.5]]]},"properties":{"name":"Pacific-Antarctic","type":"Ridge","label":"Pacific-Antarctic Ridge","cls":2,"feature_id":2338,"geom_src":"line","rep":[171.8276,-63.3478]}},{"type":"Feature","geometry":{"type":"LineString","coordinates":[[177.815,-40.243],[177.866,-40.183],[177.888,-40.148],[177.943,-40.131],[178.015,-40.078],[178.143,-39.953],[178.164,-39.928]]},"properties":{"name":"Paoanui","type":"Ridge","label":"Paoanui Ridge","cls":2,"feature_id":6706,"geom_src":"line","rep":[177.943,-40.1307]}},{"type":"Feature","geometry":{"type":"LineString","coordinates":[[-63.917,16.717],[-63.9,16.528],[-63.829,16.268],[-63.912,16.024],[-64.0,15.783],[-64.025,15.512],[-63.967,15.167]]},"properties":{"name":"Papagayos","type":"Ridge","label":"Papagayos Ridge","cls":2,"feature_id":2360,"geom_src":"line","rep":[-63.9119,16.0238]}},{"type":"Feature","geometry":{"type":"Point","coordinates":[-37,-1.75]},"properties":{"name":"Parnaíba","type":"Ridge","label":"Parnaíba Ridge","cls":2,"feature_id":2371,"geom_src":"point","rep":[-37,-1.75]}},{"type":"Feature","geometry":{"type":"LineString","coordinates":[[-115.383,-17.517],[-114.567,-17.683]]},"properties":{"name":"Patia","type":"Ridge","label":"Patia Ridge","cls":2,"feature_id":2376,"geom_src":"line","rep":[-114.5667,-17.6833]}},{"type":"Feature","geometry":{"type":"Point","coordinates":[-25.2392,-55.9152]},"properties":{"name":"Pegasus","type":"Ridge","label":"Pegasus Ridge","cls":2,"feature_id":889225,"geom_src":"polygon","rep":[-25.2392,-55.9152],"axis":[[-25.361,-55.797],[-25.126,-56.022]]}},{"type":"Feature","geometry":{"type":"Point","coordinates":[22.9167,36]},"properties":{"name":"Peloponnisos-Cretan","type":"Ridge","label":"Peloponnisos-Cretan Ridge","cls":2,"feature_id":2390,"geom_src":"point","rep":[22.9167,36]}},{"type":"Feature","geometry":{"type":"Point","coordinates":[172.1577,-71.2232]},"properties":{"name":"Pelorus","type":"Ridge","label":"Pelorus Ridge","cls":2,"feature_id":889338,"geom_src":"polygon","rep":[172.1577,-71.2232],"axis":[[172.057,-71.363],[172.226,-71.093]]}},{"type":"Feature","geometry":{"type":"Point","coordinates":[-137.5,50.55]},"properties":{"name":"Peters","type":"Ridge","label":"Peters Ridge","cls":2,"feature_id":2417,"geom_src":"point","rep":[-137.5,50.55]}},{"type":"Feature","geometry":{"type":"LineString","coordinates":[[168.663,-34.157],[168.814,-34.34],[168.907,-34.463],[168.972,-34.537]]},"properties":{"name":"Petrel","type":"Ridge","label":"Petrel Ridge","cls":2,"feature_id":889849,"geom_src":"line","rep":[168.9067,-34.4629]}},{"type":"Feature","geometry":{"type":"LineString","coordinates":[[162.575,-46.335],[162.334,-46.447],[162.209,-46.485],[161.971,-46.614],[161.798,-46.735],[161.594,-46.858],[161.445,-46.934],[161.295,-47.073],[161.099,-47.201],[160.901,-47.344]]},"properties":{"name":"Pickersgill","type":"Ridge","label":"Pickersgill Ridge","cls":2,"feature_id":888801,"geom_src":"line","rep":[161.5942,-46.8578]}},{"type":"Feature","geometry":{"type":"Point","coordinates":[125.0283,16.0522]},"properties":{"name":"Pili","type":"Ridge","label":"Pili Ridge","cls":2,"feature_id":889128,"geom_src":"polygon","rep":[125.0283,16.0522],"axis":[[124.961,16.13],[125.119,15.976]]}},{"type":"Feature","geometry":{"type":"LineString","coordinates":[[-17.833,0.333],[-15.767,0.633]]},"properties":{"name":"Pillsbury","type":"Ridge","label":"Pillsbury Ridge","cls":2,"feature_id":2442,"geom_src":"line","rep":[-15.7667,0.6333]}},{"type":"Feature","geometry":{"type":"Point","coordinates":[-112.1924,-6.3699]},"properties":{"name":"Poetai","type":"Ridge","label":"Poetai Ridge","cls":2,"feature_id":889477,"geom_src":"polygon","rep":[-112.1924,-6.3699],"axis":[[-112.198,-6.394],[-112.185,-6.35]]}},{"type":"Feature","geometry":{"type":"Point","coordinates":[-117.6667,29.4333]},"properties":{"name":"Popcorn","type":"Ridge","label":"Popcorn Ridge","cls":2,"feature_id":2469,"geom_src":"point","rep":[-117.6667,29.4333]}},{"type":"Feature","geometry":{"type":"LineString","coordinates":[[177.532,-40.626],[177.609,-40.576],[177.657,-40.524],[177.724,-40.425],[177.794,-40.329]]},"properties":{"name":"Pōrangahau","type":"Ridge","label":"Pōrangahau Ridge","cls":2,"feature_id":6708,"geom_src":"line","rep":[177.6574,-40.5237]}},{"type":"Feature","geometry":{"type":"LineString","coordinates":[[-129,-16],[-140,-15]]},"properties":{"name":"Pukapuka","type":"Ridge","label":"Pukapuka Ridge","cls":2,"feature_id":2524,"geom_src":"line","rep":[-140,-15]}},{"type":"Feature","geometry":{"type":"LineString","coordinates":[[176.42,-41.6],[176.514,-41.522],[176.591,-41.49],[176.624,-41.467],[176.629,-41.437],[176.648,-41.405],[176.692,-41.371],[176.738,-41.342]]},"properties":{"name":"Pukeroro","type":"Ridge","label":"Pukeroro Ridge","cls":2,"feature_id":6710,"geom_src":"line","rep":[176.6293,-41.4366]}},{"type":"Feature","geometry":{"type":"LineString","coordinates":[[-5.5,46.467],[-5.833,46.6]]},"properties":{"name":"Quiberon","type":"Ridge","label":"Quiberon Ridge","cls":2,"feature_id":2537,"geom_src":"line","rep":[-5.8333,46.6]}},{"type":"Feature","geometry":{"type":"LineString","coordinates":[[134.929,11.393],[134.926,11.342],[134.914,11.277],[134.904,11.217],[134.881,11.134],[134.877,10.997],[134.868,10.934]]},"properties":{"name":"Rael Kedam","type":"Ridge","label":"Rael Kedam Ridge","cls":2,"feature_id":888788,"geom_src":"line","rep":[134.9035,11.217]}},{"type":"Feature","geometry":{"type":"LineString","coordinates":[[-114.35,-17.133],[-113.833,-17.217]]},"properties":{"name":"Rangi","type":"Ridge","label":"Rangi Ridge","cls":2,"feature_id":2555,"geom_src":"line","rep":[-113.8333,-17.2167]}},{"type":"Feature","geometry":{"type":"LineString","coordinates":[[-157.986,26.691],[-158.586,26.645],[-158.846,26.659],[-159.043,26.591],[-159.303,26.623],[-159.728,26.605],[-159.817,26.556],[-160.256,26.566],[-160.778,26.598],[-161.025,26.629],[-161.081,26.64]]},"properties":{"name":"Rapano","type":"Ridge","label":"Rapano Ridge","cls":2,"feature_id":2557,"geom_src":"line","rep":[-159.728,26.6055]}},{"type":"Feature","geometry":{"type":"Point","coordinates":[130.7213,21.7128]},"properties":{"name":"Rasa","type":"Ridge","label":"Rasa Ridge","cls":2,"feature_id":6472,"geom_src":"polygon","rep":[130.7213,21.7128],"axis":[[130.579,21.811],[130.89,21.557]]}},{"type":"Feature","geometry":{"type":"Point","coordinates":[133.4816,15.169]},"properties":{"name":"Rashinbanza","type":"Ridge","label":"Rashinbanza Ridge","cls":2,"feature_id":889017,"geom_src":"polygon","rep":[133.4816,15.169],"axis":[[133.204,15.216],[133.806,15.097]]}},{"type":"Feature","geometry":{"type":"LineString","coordinates":[[-51.083,15.383],[-50,15],[-49.733,14.933],[-47.95,14.75]]},"properties":{"name":"Researcher","type":"Ridge","label":"Researcher Ridge","cls":2,"feature_id":2574,"geom_src":"line","rep":[-49.7333,14.9333]}},{"type":"Feature","geometry":{"type":"Point","coordinates":[165.063,-46.0876]},"properties":{"name":"Resolution","type":"Ridge","label":"Resolution Ridge","cls":2,"feature_id":6208,"geom_src":"polygon","rep":[165.063,-46.0876],"axis":[[164.421,-46.565],[165.702,-45.661]]}},{"type":"Feature","geometry":{"type":"LineString","coordinates":[[-34,57],[-25,63]]},"properties":{"name":"Reykjanes","type":"Ridge","label":"Reykjanes Ridge","cls":2,"feature_id":2583,"geom_src":"line","rep":[-25,63]}},{"type":"Feature","geometry":{"type":"LineString","coordinates":[[170.439,-33.462],[170.322,-33.42],[170.159,-33.296],[169.985,-33.231],[169.246,-32.759],[169.043,-32.481]]},"properties":{"name":"Rēinga","type":"Ridge","label":"Rēinga Ridge","cls":2,"feature_id":2569,"geom_src":"line","rep":[169.9848,-33.2309]}},{"type":"Feature","geometry":{"type":"LineString","coordinates":[[-150.25,-19.2],[-151.8,-19.283]]},"properties":{"name":"Rigault de Genouilly","type":"Ridge","label":"Rigault de Genouilly Ridge","cls":2,"feature_id":2592,"geom_src":"line","rep":[-151.8,-19.2833]}},{"type":"Feature","geometry":{"type":"LineString","coordinates":[[178.47,-39.319],[178.422,-39.406],[178.412,-39.471],[178.415,-39.577],[178.393,-39.6]]},"properties":{"name":"Ritchie","type":"Ridge","label":"Ritchie Ridge","cls":2,"feature_id":6210,"geom_src":"line","rep":[178.4119,-39.4714]}},{"type":"Feature","geometry":{"type":"Point","coordinates":[-175.5,-10.5]},"properties":{"name":"Robbie","type":"Ridge","label":"Robbie Ridge","cls":2,"feature_id":2604,"geom_src":"point","rep":[-175.5,-10.5]}},{"type":"Feature","geometry":{"type":"LineString","coordinates":[[60.667,-19.15],[63,-19.667],[64.583,-19.6]]},"properties":{"name":"Rodrigues","type":"Ridge","label":"Rodrigues Ridge","cls":2,"feature_id":2613,"geom_src":"line","rep":[63,-19.6667]}},{"type":"Feature","geometry":{"type":"Point","coordinates":[126.9706,23.8332]},"properties":{"name":"Rukan","type":"Ridge","label":"Rukan Ridge","cls":2,"feature_id":6753,"geom_src":"polygon","rep":[126.9706,23.8332],"axis":[[126.897,23.699],[127.052,23.988]]}},{"type":"Feature","geometry":{"type":"LineString","coordinates":[[-116.417,-17.65],[-115.617,-17.867]]},"properties":{"name":"Ruru","type":"Ridge","label":"Ruru Ridge","cls":2,"feature_id":2646,"geom_src":"line","rep":[-115.6167,-17.8667]}},{"type":"Feature","geometry":{"type":"Point","coordinates":[126.6152,15.6829]},"properties":{"name":"Sablot","type":"Ridge","label":"Sablot Ridge","cls":2,"feature_id":889549,"geom_src":"polygon","rep":[126.6152,15.6829],"axis":[[126.568,15.77],[126.67,15.574]]}},{"type":"Feature","geometry":{"type":"Point","coordinates":[130.1013,37.8303]},"properties":{"name":"Saenarae","type":"Ridge","label":"Saenarae Ridge","cls":2,"feature_id":889194,"geom_src":"polygon","rep":[130.1013,37.8303],"axis":[[129.952,37.667],[130.291,37.975]]}},{"type":"Feature","geometry":{"type":"Point","coordinates":[72.4887,11.2315]},"properties":{"name":"Sagar Sukti","type":"Ridge","label":"Sagar Sukti Ridge","cls":2,"feature_id":890400,"geom_src":"polygon","rep":[72.4887,11.2315],"axis":[[72.42,11.291],[72.557,11.172]]}},{"type":"Feature","geometry":{"type":"LineString","coordinates":[[-102,-26],[-87.75,-25.167]]},"properties":{"name":"Salas y Gómez","type":"Ridge","label":"Salas y Gómez Ridge","cls":2,"feature_id":2682,"geom_src":"line","rep":[-87.75,-25.1667]}},{"type":"Feature","geometry":{"type":"LineString","coordinates":[[-74.367,24.5],[-74.5,24],[-74.217,23.4]]},"properties":{"name":"San Salvador","type":"Ridge","label":"San Salvador Ridge","cls":2,"feature_id":2708,"geom_src":"line","rep":[-74.5,24]}},{"type":"Feature","geometry":{"type":"Point","coordinates":[-82.6667,-5.6667]},"properties":{"name":"Sarmiento","type":"Ridge","label":"Sarmiento Ridge","cls":2,"feature_id":2738,"geom_src":"point","rep":[-82.6667,-5.6667]}},{"type":"Feature","geometry":{"type":"LineString","coordinates":[[-42.563,-28.515],[-41.71,-28.373],[-40.672,-28.22],[-40.042,-28.143]]},"properties":{"name":"São Paulo","type":"Ridge","label":"São Paulo Ridge","cls":2,"feature_id":6289,"geom_src":"line","rep":[-40.6725,-28.2197]}},{"type":"Feature","geometry":{"type":"Point","coordinates":[-138.9591,51.1051]},"properties":{"name":"Schoppe","type":"Ridge","label":"Schoppe Ridge","cls":2,"feature_id":2758,"geom_src":"polygon","rep":[-138.9591,51.1051],"axis":[[-140.002,51.188],[-137.43,50.918]]}},{"type":"Feature","geometry":{"type":"LineString","coordinates":[[-169,18],[-168.537,17.258],[-168.148,16.634],[-167.817,16.1],[-166.985,15.226],[-166.614,14.998],[-165.933,14.35],[-165.465,13.549],[-165,13]]},"properties":{"name":"Sculpin","type":"Ridge","label":"Sculpin Ridge","cls":2,"feature_id":2773,"geom_src":"line","rep":[-166.9846,15.2255]}},{"type":"Feature","geometry":{"type":"Point","coordinates":[-158.75,12.5]},"properties":{"name":"Seadragon","type":"Ridge","label":"Seadragon Ridge","cls":2,"feature_id":2775,"geom_src":"point","rep":[-158.75,12.5]}},{"type":"Feature","geometry":{"type":"LineString","coordinates":[[134.622,12.611],[134.599,12.664],[134.592,12.692],[134.587,12.731],[134.593,12.796],[134.602,12.829],[134.611,12.865],[134.615,12.883]]},"properties":{"name":"Sechosech","type":"Ridge","label":"Sechosech Ridge","cls":2,"feature_id":888874,"geom_src":"line","rep":[134.5929,12.7957]}},{"type":"Feature","geometry":{"type":"Point","coordinates":[11.8333,-51.75]},"properties":{"name":"Shaka","type":"Ridge","label":"Shaka Ridge","cls":2,"feature_id":2815,"geom_src":"point","rep":[11.8333,-51.75]}},{"type":"Feature","geometry":{"type":"Point","coordinates":[57.9658,16.4854]},"properties":{"name":"Sharbthat","type":"Ridge","label":"Sharbthat Ridge","cls":2,"feature_id":890421,"geom_src":"polygon","rep":[57.9658,16.4854],"axis":[[57.825,16.852],[58.094,16.142]]}},{"type":"Feature","geometry":{"type":"LineString","coordinates":[[141.5,24],[140.167,30]]},"properties":{"name":"Shichito-Iojima","type":"Ridge","label":"Shichito-Iojima Ridge","cls":2,"feature_id":2830,"geom_src":"line","rep":[140.1667,30]}},{"type":"Feature","geometry":{"type":"LineString","coordinates":[[170.5,57.167],[170.5,59.5]]},"properties":{"name":"Shirshov","type":"Ridge","label":"Shirshov Ridge","cls":2,"feature_id":2840,"geom_src":"line","rep":[170.5,59.5]}},{"type":"Feature","geometry":{"type":"Point","coordinates":[2.75,-51]},"properties":{"name":"Shona","type":"Ridge","label":"Shona Ridge","cls":2,"feature_id":2845,"geom_src":"point","rep":[2.75,-51]}},{"type":"Feature","geometry":{"type":"Point","coordinates":[62.5019,-28.4976]},"properties":{"name":"Siwen","type":"Ridge","label":"Siwen Ridge","cls":2,"feature_id":6351,"geom_src":"polygon","rep":[62.5019,-28.4976],"axis":[[62.299,-28.567],[62.765,-28.379]]}},{"type":"Feature","geometry":{"type":"LineString","coordinates":[[-160.583,78.5],[-161.6,77],[-161.417,76.333],[-162.5,76.033]]},"properties":{"name":"Skosyrev","type":"Ridge","label":"Skosyrev Ridge","cls":2,"feature_id":2887,"geom_src":"line","rep":[-161.4167,76.3333]}},{"type":"Feature","geometry":{"type":"LineString","coordinates":[[108.25,-22.75],[108.326,-22.579],[108.392,-22.428],[108.447,-22.261],[108.52,-22.16],[108.577,-22.011],[108.643,-21.895],[108.682,-21.719],[108.736,-21.567],[108.784,-21.422],[108.884,-21.35],[109.004,-21.294],[109.115,-21.195],[109.209,-21.132],[109.297,-21.08],[109.333,-21]]},"properties":{"name":"Sonja","type":"Ridge","label":"Sonja Ridge","cls":2,"feature_id":2907,"geom_src":"line","rep":[108.7357,-21.5672]}},{"type":"Feature","geometry":{"type":"LineString","coordinates":[[110.583,-21],[110.358,-21.245],[110.245,-21.368],[110.17,-21.512],[110.117,-21.702],[110.042,-21.847],[110.011,-22.037],[110.002,-22.222],[109.98,-22.407],[109.954,-22.604],[109.889,-22.796],[109.799,-22.929],[109.775,-23.191],[109.737,-23.405],[109.566,-23.676],[109.323,-24.0]]},"properties":{"name":"Sonne","type":"Ridge","label":"Sonne Ridge","cls":2,"feature_id":2909,"geom_src":"line","rep":[109.9802,-22.4067]}},{"type":"Feature","geometry":{"type":"Point","coordinates":[126.6515,21.8685]},"properties":{"name":"Soseki","type":"Ridge","label":"Soseki Ridge","cls":2,"feature_id":6763,"geom_src":"polygon","rep":[126.6515,21.8685],"axis":[[126.404,22.101],[126.886,21.679]]}},{"type":"Feature","geometry":{"type":"Point","coordinates":[-179.4167,-28.4]},"properties":{"name":"South Fiji","type":"Ridge","label":"South Fiji Ridge","cls":2,"feature_id":2923,"geom_src":"point","rep":[-179.4167,-28.4]}},{"type":"Feature","geometry":{"type":"Point","coordinates":[171.8333,-34.1]},"properties":{"name":"South Maria","type":"Ridge","label":"South Maria Ridge","cls":2,"feature_id":6321,"geom_src":"point","rep":[171.8333,-34.1]}},{"type":"Feature","geometry":{"type":"LineString","coordinates":[[178.558,-39.143],[178.674,-39.041]]},"properties":{"name":"South Paritū","type":"Ridge","label":"South Paritū Ridge","cls":2,"feature_id":6213,"geom_src":"line","rep":[178.6739,-39.0411]}},{"type":"Feature","geometry":{"type":"LineString","coordinates":[[-53.5,-60.75],[-53.056,-60.568],[-52.489,-60.393],[-51.894,-60.28],[-51.247,-60.224],[-50.675,-60.175],[-49.966,-60.132],[-49.243,-60.133],[-48.217,-60.133],[-47.556,-60.09],[-47.016,-60.103],[-46.417,-60.117],[-45.798,-60.16],[-45.25,-60.252],[-44.4,-60.394],[-43.342,-60.57],[-42.25,-60.75]]},"properties":{"name":"South Scotia","type":"Ridge","label":"South Scotia Ridge","cls":2,"feature_id":2930,"geom_src":"line","rep":[-48.2167,-60.1333]}},{"type":"Feature","geometry":{"type":"LineString","coordinates":[[71.5,-26],[77.383,-31.1],[77.933,-40.033],[83.317,-42.833],[85.783,-40.883],[102.6,-48.2],[114.15,-50],[139.467,-50.283],[156.183,-62.75],[161,-61.5]]},"properties":{"name":"Southeast Indian","type":"Ridge","label":"Southeast Indian Ridge","cls":2,"feature_id":2937,"geom_src":"line","rep":[102.6,-48.2]}},{"type":"Feature","geometry":{"type":"LineString","coordinates":[[66.5,-27],[58.676,-31.215],[52.478,-36.754],[48.173,-38.104],[40.4,-42.619],[34.346,-45.943],[32.423,-47.226],[31.149,-48.487],[29.358,-49.964],[27.099,-51.829],[25.027,-53.591],[22.064,-53.241],[19.625,-52.762],[17.136,-52.077],[14.517,-51.817],[11.841,-52.005],[9.646,-53.235],[6.95,-54],[3.462,-54.445],[0,-54.75]]},"properties":{"name":"Southwest Indian","type":"Ridge","label":"Southwest Indian Ridge","cls":2,"feature_id":2939,"geom_src":"line","rep":[25.0273,-53.591]}},{"type":"Feature","geometry":{"type":"LineString","coordinates":[[-65.867,17.65],[-65.771,17.65],[-65.659,17.646],[-65.567,17.637],[-65.47,17.634],[-65.354,17.639],[-65.237,17.664],[-65.117,17.691],[-65.027,17.709],[-64.939,17.709],[-64.838,17.712],[-64.739,17.725],[-64.638,17.745],[-64.545,17.773],[-64.475,17.806],[-64.383,17.85]]},"properties":{"name":"St. Croix","type":"Ridge","label":"St. Croix Ridge","cls":2,"feature_id":2959,"geom_src":"line","rep":[-65.0269,17.7088]}},{"type":"Feature","geometry":{"type":"LineString","coordinates":[[59.367,-18.117],[59.25,-18.75],[58.8,-19.333]]},"properties":{"name":"St. Géran","type":"Ridge","label":"St. Géran Ridge","cls":2,"feature_id":2960,"geom_src":"line","rep":[59.25,-18.75]}},{"type":"Feature","geometry":{"type":"LineString","coordinates":[[-80.317,15.25],[-79.967,15.667]]},"properties":{"name":"Sue","type":"Ridge","label":"Sue Ridge","cls":2,"feature_id":3004,"geom_src":"line","rep":[-79.9667,15.6667]}},{"type":"Feature","geometry":{"type":"LineString","coordinates":[[-176.033,-32.283],[-176.087,-32.372],[-176.217,-32.458]]},"properties":{"name":"Svendsen","type":"Ridge","label":"Svendsen Ridge","cls":2,"feature_id":3032,"geom_src":"line","rep":[-176.0867,-32.3717]}},{"type":"Feature","geometry":{"type":"Point","coordinates":[-40.6477,1.1807]},"properties":{"name":"Tagore","type":"Ridge","label":"Tagore Ridge","cls":2,"feature_id":6568,"geom_src":"polygon","rep":[-40.6477,1.1807],"axis":[[-40.66,1.257],[-40.629,1.109]]}},{"type":"Feature","geometry":{"type":"LineString","coordinates":[[-117.767,-17.717],[-117.2,-17.933]]},"properties":{"name":"Taipaka","type":"Ridge","label":"Taipaka Ridge","cls":2,"feature_id":3052,"geom_src":"line","rep":[-117.2,-17.9333]}},{"type":"Feature","geometry":{"type":"LineString","coordinates":[[165.812,-45.36],[166.128,-44.986],[166.495,-44.639],[166.803,-44.483]]},"properties":{"name":"Taitimu / Caswell","type":"Ridge","label":"Taitimu / Caswell Ridge","cls":2,"feature_id":6396,"geom_src":"line","rep":[166.4946,-44.6386]}},{"type":"Feature","geometry":{"type":"Point","coordinates":[137.6761,16.7598]},"properties":{"name":"Takuyo","type":"Ridge","label":"Takuyo Ridge","cls":2,"feature_id":890347,"geom_src":"polygon","rep":[137.6761,16.7598],"axis":[[137.517,16.786],[137.835,16.742]]}},{"type":"Feature","geometry":{"type":"Point","coordinates":[140.3084,-1.4907]},"properties":{"name":"Tangkwa Moko","type":"Ridge","label":"Tangkwa Moko Ridge","cls":2,"feature_id":890202,"geom_src":"polygon","rep":[140.3084,-1.4907],"axis":[[139.987,-1.595],[140.642,-1.383]]}},{"type":"Feature","geometry":{"type":"LineString","coordinates":[[-80.8,14.283],[-80.25,13.567]]},"properties":{"name":"Tayrona","type":"Ridge","label":"Tayrona Ridge","cls":2,"feature_id":3082,"geom_src":"line","rep":[-80.25,13.5667]}},{"type":"Feature","geometry":{"type":"LineString","coordinates":[[177.265,-40.085],[177.347,-40.043],[177.413,-39.991],[177.464,-39.924],[177.474,-39.905]]},"properties":{"name":"Te Motu-o-Kura","type":"Ridge","label":"Te Motu-o-Kura Ridge","cls":2,"feature_id":6697,"geom_src":"line","rep":[177.4127,-39.9912]}},{"type":"Feature","geometry":{"type":"Point","coordinates":[139.6064,26.6171]},"properties":{"name":"Tenpo","type":"Ridge","label":"Tenpo Ridge","cls":2,"feature_id":889911,"geom_src":"polygon","rep":[139.6064,26.6171],"axis":[[139.477,26.876],[139.657,26.375]]}},{"type":"Feature","geometry":{"type":"LineString","coordinates":[[172.5,-32.75],[173,-28]]},"properties":{"name":"Three Kings","type":"Ridge","label":"Three Kings Ridge","cls":2,"feature_id":3115,"geom_src":"line","rep":[173,-28]}},{"type":"Feature","geometry":{"type":"LineString","coordinates":[[-177,-25.5],[-175.5,-21.667]]},"properties":{"name":"Tonga","type":"Ridge","label":"Tonga Ridge","cls":2,"feature_id":3139,"geom_src":"line","rep":[-175.5,-21.6667]}},{"type":"Feature","geometry":{"type":"LineString","coordinates":[[144.167,-43.417],[145.2,-44.533]]},"properties":{"name":"Toogee","type":"Ridge","label":"Toogee Ridge","cls":2,"feature_id":3142,"geom_src":"line","rep":[145.2,-44.5333]}},{"type":"Feature","geometry":{"type":"LineString","coordinates":[[-114.267,-17.617],[-113.483,-17.917]]},"properties":{"name":"Toroko","type":"Ridge","label":"Toroko Ridge","cls":2,"feature_id":3149,"geom_src":"line","rep":[-113.4833,-17.9167]}},{"type":"Feature","geometry":{"type":"LineString","coordinates":[[-64.55,18.083],[-63.85,18.5]]},"properties":{"name":"Tortola","type":"Ridge","label":"Tortola Ridge","cls":2,"feature_id":3152,"geom_src":"line","rep":[-63.85,18.5]}},{"type":"Feature","geometry":{"type":"Point","coordinates":[-6.6667,65.25]},"properties":{"name":"Treitel","type":"Ridge","label":"Treitel Ridge","cls":2,"feature_id":3489,"geom_src":"point","rep":[-6.6667,65.25]}},{"type":"Feature","geometry":{"type":"LineString","coordinates":[[-28.867,36.867],[-27.5,36.6],[-25.65,36.5]]},"properties":{"name":"Trident","type":"Ridge","label":"Trident Ridge","cls":2,"feature_id":3166,"geom_src":"line","rep":[-27.5,36.6]}},{"type":"Feature","geometry":{"type":"Point","coordinates":[102.75,-31]},"properties":{"name":"Tryal","type":"Ridge","label":"Tryal Ridge","cls":2,"feature_id":3180,"geom_src":"point","rep":[102.75,-31]}},{"type":"Feature","geometry":{"type":"LineString","coordinates":[[134.894,12.195],[134.907,12.228],[134.913,12.265],[134.911,12.281],[134.888,12.3],[134.872,12.329],[134.864,12.361],[134.852,12.383],[134.844,12.408],[134.841,12.436],[134.846,12.46]]},"properties":{"name":"Uek","type":"Ridge","label":"Uek Ridge","cls":2,"feature_id":888878,"geom_src":"line","rep":[134.8718,12.3293]}},{"type":"Feature","geometry":{"type":"LineString","coordinates":[[134.756,12.162],[134.742,12.239],[134.739,12.271],[134.708,12.322],[134.69,12.355],[134.675,12.377]]},"properties":{"name":"Ulerratel","type":"Ridge","label":"Ulerratel Ridge","cls":2,"feature_id":888877,"geom_src":"line","rep":[134.7083,12.3216]}},{"type":"Feature","geometry":{"type":"LineString","coordinates":[[176.487,-41.327],[176.593,-41.272],[176.653,-41.248],[176.754,-41.231]]},"properties":{"name":"Urutī","type":"Ridge","label":"Urutī Ridge","cls":2,"feature_id":6719,"geom_src":"line","rep":[176.6529,-41.248]}},{"type":"Feature","geometry":{"type":"Point","coordinates":[132.5209,14.8785]},"properties":{"name":"Usagiza","type":"Ridge","label":"Usagiza Ridge","cls":2,"feature_id":889019,"geom_src":"polygon","rep":[132.5209,14.8785],"axis":[[132.292,14.945],[132.808,14.839]]}},{"type":"Feature","geometry":{"type":"LineString","coordinates":[[130.946,37.865],[131.218,37.895],[131.437,37.983],[131.688,38.006],[132.148,38.161]]},"properties":{"name":"Usan","type":"Ridge","label":"Usan Ridge","cls":2,"feature_id":6008,"geom_src":"line","rep":[131.4372,37.9833]}},{"type":"Feature","geometry":{"type":"Point","coordinates":[12.3333,38.7]},"properties":{"name":"Ustica","type":"Ridge","label":"Ustica Ridge","cls":2,"feature_id":3224,"geom_src":"point","rep":[12.3333,38.7]}},{"type":"Feature","geometry":{"type":"LineString","coordinates":[[143.692,27.25],[144.775,27.592]]},"properties":{"name":"Uyeda","type":"Ridge","label":"Uyeda Ridge","cls":2,"feature_id":3226,"geom_src":"line","rep":[144.775,27.5917]}},{"type":"Feature","geometry":{"type":"Point","coordinates":[111.5323,9.2808]},"properties":{"name":"Vạn Ninh","type":"Ridge","label":"Vạn Ninh Ridge","cls":2,"feature_id":889283,"geom_src":"polygon","rep":[111.5323,9.2808],"axis":[[111.478,9.213],[111.58,9.358]]}},{"type":"Feature","geometry":{"type":"LineString","coordinates":[[75.75,2.45],[75.78,2.372],[75.816,2.301],[75.851,2.226],[75.896,2.15],[75.966,2.081],[76.051,2.035],[76.145,2.012],[76.225,1.996],[76.305,1.944],[76.367,1.877],[76.423,1.811],[76.515,1.763],[76.617,1.71],[76.714,1.659],[76.818,1.604],[76.91,1.546],[77.001,1.5],[77.085,1.477],[77.158,1.496],[77.221,1.496],[77.28,1.468],[77.33,1.398],[77.365,1.35],[77.4,1.3]]},"properties":{"name":"Viaud","type":"Ridge","label":"Viaud Ridge","cls":2,"feature_id":3263,"geom_src":"line","rep":[76.5148,1.7632]}},{"type":"Feature","geometry":{"type":"LineString","coordinates":[[-38.133,-19.75],[-38.1,-20.517],[-37.783,-20.717],[-37.217,-20.517],[-36.967,-20.333],[-36.45,-20.35],[-35.967,-20.467],[-35.45,-20.7],[-34.75,-20.667],[-34.033,-20.933],[-33.483,-20.883],[-31.817,-20.7],[-28.833,-20.467]]},"properties":{"name":"Vitória-Trindade","type":"Ridge","label":"Vitória-Trindade Ridge","cls":2,"feature_id":3275,"geom_src":"line","rep":[-35.9667,-20.4667]}},{"type":"Feature","geometry":{"type":"Point","coordinates":[-135.5,49.3333]},"properties":{"name":"Wachusett","type":"Ridge","label":"Wachusett Ridge","cls":2,"feature_id":3294,"geom_src":"point","rep":[-135.5,49.3333]}},{"type":"Feature","geometry":{"type":"LineString","coordinates":[[177.442,-37.102],[177.456,-37.098],[177.479,-37.08],[177.484,-37.074],[177.489,-37.063],[177.493,-37.051],[177.492,-37.039],[177.499,-37.027],[177.507,-37.02],[177.512,-37.002],[177.516,-36.992],[177.522,-36.971],[177.524,-36.957],[177.543,-36.922],[177.571,-36.874]]},"properties":{"name":"Wairaka","type":"Ridge","label":"Wairaka Ridge","cls":2,"feature_id":6674,"geom_src":"line","rep":[177.4991,-37.0273]}},{"type":"Feature","geometry":{"type":"LineString","coordinates":[[1.75,-32.833],[2.039,-32.12],[2.343,-31.545],[2.901,-30.8],[3.194,-30.173],[2.939,-29.74],[3.173,-28.967],[3.149,-28.456],[3.409,-27.86],[3.906,-27.38],[4.585,-26.722],[5.075,-26.243],[5.757,-25.921],[6.202,-25.483],[6.324,-24.747],[6.235,-24.095],[6,-23.5]]},"properties":{"name":"Walvis","type":"Ridge","label":"Walvis Ridge","cls":2,"feature_id":3307,"geom_src":"line","rep":[3.4095,-27.86]}},{"type":"Feature","geometry":{"type":"Point","coordinates":[58.3352,9.4549]},"properties":{"name":"Wanwu","type":"Ridge","label":"Wanwu Ridge","cls":2,"feature_id":6612,"geom_src":"polygon","rep":[58.3352,9.4549],"axis":[[58.211,9.592],[58.469,9.291]]}},{"type":"Feature","geometry":{"type":"Point","coordinates":[-13.1461,-22.7011]},"properties":{"name":"Wenwang","type":"Ridge","label":"Wenwang Ridge","cls":2,"feature_id":888959,"geom_src":"polygon","rep":[-13.1461,-22.7011],"axis":[[-13.462,-22.77],[-12.878,-22.613]]}},{"type":"Feature","geometry":{"type":"LineString","coordinates":[[171.5,-69.7],[172.5,-70.833]]},"properties":{"name":"West Adare","type":"Ridge","label":"West Adare Ridge","cls":2,"feature_id":6011,"geom_src":"line","rep":[172.5,-70.8333]}},{"type":"Feature","geometry":{"type":"Point","coordinates":[138.8807,15.7365]},"properties":{"name":"West Leg","type":"Ridge","label":"West Leg Ridge","cls":2,"feature_id":889421,"geom_src":"polygon","rep":[138.8807,15.7365],"axis":[[138.783,15.499],[139.025,15.928]]}},{"type":"Feature","geometry":{"type":"LineString","coordinates":[[141.056,12.318],[142.079,12.794],[142.805,13.853],[143,14],[143.25,16.233],[143.183,17.85],[143.048,19.145],[142.79,19.833],[142.691,20.321],[142.629,20.631],[142.3,21.213],[141.924,22.276],[141.517,23.2]]},"properties":{"name":"West Mariana","type":"Ridge","label":"West Mariana Ridge","cls":2,"feature_id":3332,"geom_src":"line","rep":[143.0485,19.1449]}},{"type":"Feature","geometry":{"type":"Point","coordinates":[167.5894,-33.6701]},"properties":{"name":"West Norfolk","type":"Ridge","label":"West Norfolk Ridge","cls":2,"feature_id":3334,"geom_src":"polygon","rep":[167.5894,-33.6701],"axis":[[165.843,-31.557],[169.995,-36.131]]}},{"type":"Feature","geometry":{"type":"Point","coordinates":[-56.5,-56.8333]},"properties":{"name":"West Scotia","type":"Ridge","label":"West Scotia Ridge","cls":2,"feature_id":3335,"geom_src":"point","rep":[-56.5,-56.8333]}},{"type":"Feature","geometry":{"type":"LineString","coordinates":[[45.083,11.917],[50,13.25],[51.083,13.167]]},"properties":{"name":"West Sheba","type":"Ridge","label":"West Sheba Ridge","cls":2,"feature_id":3336,"geom_src":"line","rep":[50,13.25]}},{"type":"Feature","geometry":{"type":"LineString","coordinates":[[139.366,16.504],[139.321,16.511],[139.292,16.533],[139.254,16.594],[139.253,16.647]]},"properties":{"name":"West Shoulder","type":"Ridge","label":"West Shoulder Ridge","cls":2,"feature_id":889412,"geom_src":"line","rep":[139.2917,16.5331]}},{"type":"Feature","geometry":{"type":"Point","coordinates":[-140,51.5]},"properties":{"name":"Whitney","type":"Ridge","label":"Whitney Ridge","cls":2,"feature_id":3346,"geom_src":"point","rep":[-140,51.5]}},{"type":"Feature","geometry":{"type":"LineString","coordinates":[[57.25,-16.5],[53.75,-21]]},"properties":{"name":"Wilshaw","type":"Ridge","label":"Wilshaw Ridge","cls":2,"feature_id":3360,"geom_src":"line","rep":[53.75,-21]}},{"type":"Feature","geometry":{"type":"Point","coordinates":[-7.25,60]},"properties":{"name":"Wyville-Thomson","type":"Ridge","label":"Wyville-Thomson Ridge","cls":2,"feature_id":3376,"geom_src":"point","rep":[-7.25,60]}},{"type":"Feature","geometry":{"type":"Point","coordinates":[89.8049,-1.9128]},"properties":{"name":"Xianhao","type":"Ridge","label":"Xianhao Ridge","cls":2,"feature_id":889942,"geom_src":"polygon","rep":[89.8049,-1.9128],"axis":[[89.582,-2.18],[89.981,-1.697]]}},{"type":"Feature","geometry":{"type":"Point","coordinates":[100.8296,-27.9962]},"properties":{"name":"Yang'e","type":"Ridge","label":"Yang'e Ridge","cls":2,"feature_id":6499,"geom_src":"polygon","rep":[100.8296,-27.9962],"axis":[[100.684,-27.979],[100.975,-28.005]]}},{"type":"Feature","geometry":{"type":"Point","coordinates":[66.3051,-12.9111]},"properties":{"name":"Yijunghwan","type":"Ridge","label":"Yijunghwan Ridge","cls":2,"feature_id":890356,"geom_src":"polygon","rep":[66.3051,-12.9111],"axis":[[66.221,-12.808],[66.399,-13.011]]}},{"type":"Feature","geometry":{"type":"Point","coordinates":[90.7588,-3.7601]},"properties":{"name":"Yinzhen","type":"Ridge","label":"Yinzhen Ridge","cls":2,"feature_id":890361,"geom_src":"polygon","rep":[90.7588,-3.7601],"axis":[[90.741,-4.41],[90.786,-3.144]]}},{"type":"Feature","geometry":{"type":"Point","coordinates":[112.1022,11.5796]},"properties":{"name":"Yudai","type":"Ridge","label":"Yudai Ridge","cls":2,"feature_id":889652,"geom_src":"polygon","rep":[112.1022,11.5796],"axis":[[112.085,11.484],[112.125,11.663]]}},{"type":"Feature","geometry":{"type":"Point","coordinates":[128.2271,20.9026]},"properties":{"name":"Yuetan","type":"Ridge","label":"Yuetan Ridge","cls":2,"feature_id":6154,"geom_src":"polygon","rep":[128.2271,20.9026],"axis":[[127.882,21.142],[128.606,20.588]]}},{"type":"Feature","geometry":{"type":"LineString","coordinates":[[144.579,24.436],[144.6,24.387],[144.624,24.346],[144.644,24.316],[144.661,24.293],[144.672,24.258],[144.691,24.241],[144.703,24.227],[144.707,24.208],[144.781,24.109],[144.8,24.045],[144.825,24.005],[144.866,23.951],[144.878,23.941],[144.877,23.912],[144.916,23.86],[144.948,23.806],[144.965,23.763],[145.027,23.636],[145.096,23.525],[145.343,23.133]]},"properties":{"name":"Yujo-Friendship","type":"Ridge","label":"Yujo-Friendship Ridge","cls":2,"feature_id":889402,"geom_src":"line","rep":[144.7999,24.0449]}},{"type":"Feature","geometry":{"type":"Point","coordinates":[112.2002,11.7671]},"properties":{"name":"Yulou","type":"Ridge","label":"Yulou Ridge","cls":2,"feature_id":889651,"geom_src":"polygon","rep":[112.2002,11.7671],"axis":[[112.127,11.734],[112.27,11.801]]}},{"type":"Feature","geometry":{"type":"Point","coordinates":[-2,35.9667]},"properties":{"name":"Yusuf","type":"Ridge","label":"Yusuf Ridge","cls":2,"feature_id":3413,"geom_src":"point","rep":[-2,35.9667]}},{"type":"Feature","geometry":{"type":"LineString","coordinates":[[-44,-45],[-40,-45]]},"properties":{"name":"Zapiola","type":"Ridge","label":"Zapiola Ridge","cls":2,"feature_id":3418,"geom_src":"line","rep":[-40,-45]}},{"type":"Feature","geometry":{"type":"LineString","coordinates":[[100,-25],[101.167,-22.583]]},"properties":{"name":"Zeewyk","type":"Ridge","label":"Zeewyk Ridge","cls":2,"feature_id":3426,"geom_src":"line","rep":[101.1667,-22.5833]}},{"type":"Feature","geometry":{"type":"LineString","coordinates":[[137.383,33],[137.667,32.967],[138.467,33.667],[139,34.133],[139.5,34.667]]},"properties":{"name":"Zenisu","type":"Ridge","label":"Zenisu Ridge","cls":2,"feature_id":3429,"geom_src":"line","rep":[138.4667,33.6667]}},{"type":"Feature","geometry":{"type":"Point","coordinates":[-152.0914,9.6581]},"properties":{"name":"Zhangbingxi","type":"Ridge","label":"Zhangbingxi Ridge","cls":2,"feature_id":6483,"geom_src":"polygon","rep":[-152.0914,9.6581],"axis":[[-154.254,9.648],[-149.901,9.668]]}},{"type":"Feature","geometry":{"type":"Point","coordinates":[-152.2467,10.1641]},"properties":{"name":"Zhenghe","type":"Ridge","label":"Zhenghe Ridge","cls":2,"feature_id":6600,"geom_src":"polygon","rep":[-152.2467,10.1641],"axis":[[-153.16,10.28],[-151.218,10.095]]}},{"type":"Feature","geometry":{"type":"LineString","coordinates":[[32.833,35.7],[33.917,35.8]]},"properties":{"name":"Adana","type":"Trough","label":"Adana Trough","cls":2,"feature_id":13,"geom_src":"line","rep":[33.9167,35.8]}},{"type":"Feature","geometry":{"type":"LineString","coordinates":[[171.5,-69],[172,-69.5],[173,-70.75]]},"properties":{"name":"Adare","type":"Trough","label":"Adare Trough","cls":2,"feature_id":15,"geom_src":"line","rep":[172,-69.5]}},{"type":"Feature","geometry":{"type":"LineString","coordinates":[[51.033,73.833],[51.844,74.273],[53.01,74.532],[54.166,75.24],[57.133,75.583]]},"properties":{"name":"Admiralteystvo","type":"Trough","label":"Admiralteystvo Trough","cls":2,"feature_id":19,"geom_src":"line","rep":[53.0103,74.5315]}},{"type":"Feature","geometry":{"type":"Point","coordinates":[177.6667,-40.8333]},"properties":{"name":"Akitio","type":"Trough","label":"Akitio Trough","cls":2,"feature_id":6295,"geom_src":"point","rep":[177.6667,-40.8333]}},{"type":"Feature","geometry":{"type":"Point","coordinates":[61.5593,20.4987]},"properties":{"name":"Al Ghubayra","type":"Trough","label":"Al Ghubayra Trough","cls":2,"feature_id":890408,"geom_src":"point","rep":[61.5593,20.4987]}},{"type":"Feature","geometry":{"type":"Point","coordinates":[61.367,20.1515]},"properties":{"name":"Al Ghubayra","type":"Trough","label":"Al Ghubayra Trough","cls":2,"feature_id":890408,"geom_src":"polygon","rep":[61.367,20.1515],"axis":[[60.971,19.649],[61.762,20.566]]}},{"type":"Feature","geometry":{"type":"Point","coordinates":[176.5916,-36.7087]},"properties":{"name":"Aldermen","type":"Trough","label":"Aldermen Trough","cls":2,"feature_id":6701,"geom_src":"polygon","rep":[176.5916,-36.7087],"axis":[[176.389,-36.991],[176.741,-36.481]]}},{"type":"Feature","geometry":{"type":"Point","coordinates":[9.75,38.5]},"properties":{"name":"Algerian-Tyrrhenian","type":"Trough","label":"Algerian-Tyrrhenian Trough","cls":2,"feature_id":78,"geom_src":"point","rep":[9.75,38.5]}},{"type":"Feature","geometry":{"type":"LineString","coordinates":[[51.167,13],[51.556,13.651],[51.947,14.326],[52.13,14.626],[52.333,14.833]]},"properties":{"name":"Alula-Fartak","type":"Trough","label":"Alula-Fartak Trough","cls":2,"feature_id":97,"geom_src":"line","rep":[51.9465,14.3263]}},{"type":"Feature","geometry":{"type":"LineString","coordinates":[[-121.784,70.529],[-125.066,71.026]]},"properties":{"name":"Amundsen","type":"Trough","label":"Amundsen Trough","cls":2,"feature_id":124,"geom_src":"line","rep":[-125.0655,71.0258]}},{"type":"Feature","geometry":{"type":"Point","coordinates":[-12.5,-71.5]},"properties":{"name":"Anschütz-Kämpfe","type":"Trough","label":"Anschütz-Kämpfe Trough","cls":2,"feature_id":153,"geom_src":"point","rep":[-12.5,-71.5]}},{"type":"Feature","geometry":{"type":"Point","coordinates":[176.7667,-41.5167]},"properties":{"name":"Aorangi","type":"Trough","label":"Aorangi Trough","cls":2,"feature_id":6297,"geom_src":"point","rep":[176.7667,-41.5167]}},{"type":"Feature","geometry":{"type":"Point","coordinates":[165.9392,-39.8122]},"properties":{"name":"Bellona","type":"Trough","label":"Bellona Trough","cls":2,"feature_id":315,"geom_src":"polygon","rep":[165.9392,-39.8122],"axis":[[165.483,-41.085],[166.185,-38.503]]}},{"type":"Feature","geometry":{"type":"LineString","coordinates":[[172,89.1],[141,88.25]]},"properties":{"name":"Belov","type":"Trough","label":"Belov Trough","cls":2,"feature_id":317,"geom_src":"line","rep":[141,88.25]}},{"type":"Feature","geometry":{"type":"Point","coordinates":[176.282,-45.9018]},"properties":{"name":"Bounty","type":"Trough","label":"Bounty Trough","cls":2,"feature_id":6160,"geom_src":"polygon","rep":[176.282,-45.9018],"axis":[[172.229,-45.887],[180.056,-46.151]]}},{"type":"Feature","geometry":{"type":"LineString","coordinates":[[100.083,-25.167],[101.267,-23.183]]},"properties":{"name":"Brouwer","type":"Trough","label":"Brouwer Trough","cls":2,"feature_id":415,"geom_src":"line","rep":[101.2667,-23.1833]}},{"type":"Feature","geometry":{"type":"LineString","coordinates":[[-73.278,71.796],[-72.016,72.107]]},"properties":{"name":"Buchan","type":"Trough","label":"Buchan Trough","cls":2,"feature_id":889963,"geom_src":"line","rep":[-72.0165,72.1073]}},{"type":"Feature","geometry":{"type":"LineString","coordinates":[[171.815,-29.872],[171.942,-27.257]]},"properties":{"name":"Cagou","type":"Trough","label":"Cagou Trough","cls":2,"feature_id":6530,"geom_src":"line","rep":[171.942,-27.2572]}},{"type":"Feature","geometry":{"type":"LineString","coordinates":[[74.5,-3],[73,-9]]},"properties":{"name":"Chagos","type":"Trough","label":"Chagos Trough","cls":2,"feature_id":558,"geom_src":"line","rep":[73,-9]}},{"type":"Feature","geometry":{"type":"Point","coordinates":[112.7265,13.9301]},"properties":{"name":"Changfeng","type":"Trough","label":"Changfeng Trough","cls":2,"feature_id":889631,"geom_src":"polygon","rep":[112.7265,13.9301],"axis":[[112.264,13.272],[113.078,14.411]]}},{"type":"Feature","geometry":{"type":"Point","coordinates":[-173,44]},"properties":{"name":"Chinook","type":"Trough","label":"Chinook Trough","cls":2,"feature_id":595,"geom_src":"point","rep":[-173,44]}},{"type":"Feature","geometry":{"type":"Point","coordinates":[112.2737,13.8526]},"properties":{"name":"Chunfeng","type":"Trough","label":"Chunfeng Trough","cls":2,"feature_id":889632,"geom_src":"polygon","rep":[112.2737,13.8526],"axis":[[111.893,13.489],[112.699,14.27]]}},{"type":"Feature","geometry":{"type":"LineString","coordinates":[[126.707,10.785],[126.808,10.716],[126.814,10.668],[126.841,10.599],[126.856,10.389],[126.923,10.329]]},"properties":{"name":"Colasisi","type":"Trough","label":"Colasisi Trough","cls":2,"feature_id":890371,"geom_src":"line","rep":[126.841,10.5991]}},{"type":"Feature","geometry":{"type":"Point","coordinates":[126.8242,10.5705]},"properties":{"name":"Colasisi","type":"Trough","label":"Colasisi Trough","cls":2,"feature_id":890371,"geom_src":"polygon","rep":[126.8242,10.5705],"axis":[[126.719,10.831],[126.922,10.306]]}},{"type":"Feature","geometry":{"type":"Point","coordinates":[9.8333,42.1667]},"properties":{"name":"Corsica","type":"Trough","label":"Corsica Trough","cls":2,"feature_id":668,"geom_src":"point","rep":[9.8333,42.1667]}},{"type":"Feature","geometry":{"type":"Point","coordinates":[25.2,35.8833]},"properties":{"name":"Cretan","type":"Trough","label":"Cretan Trough","cls":2,"feature_id":680,"geom_src":"point","rep":[25.2,35.8833]}},{"type":"Feature","geometry":{"type":"LineString","coordinates":[[-80.733,13.5],[-80.517,13.817],[-80.217,14.233]]},"properties":{"name":"Cunas","type":"Trough","label":"Cunas Trough","cls":2,"feature_id":692,"geom_src":"line","rep":[-80.5167,13.8167]}},{"type":"Feature","geometry":{"type":"LineString","coordinates":[[-27.183,-76.093],[-26.633,-76.117]]},"properties":{"name":"Dawson-Lambton","type":"Trough","label":"Dawson-Lambton Trough","cls":2,"feature_id":742,"geom_src":"line","rep":[-26.6333,-76.1167]}},{"type":"Feature","geometry":{"type":"Point","coordinates":[63.3333,22.75]},"properties":{"name":"De Covilhão","type":"Trough","label":"De Covilhão Trough","cls":2,"feature_id":745,"geom_src":"point","rep":[63.3333,22.75]}},{"type":"Feature","geometry":{"type":"Point","coordinates":[-116.6041,-72.7298]},"properties":{"name":"Dotson-Getz","type":"Trough","label":"Dotson-Getz Trough","cls":2,"feature_id":6157,"geom_src":"polygon","rep":[-116.6041,-72.7298],"axis":[[-118.678,-72.024],[-114.39,-73.668]]}},{"type":"Feature","geometry":{"type":"LineString","coordinates":[[80.917,-67.667],[79.228,-67.643],[78,-68]]},"properties":{"name":"Dubinin","type":"Trough","label":"Dubinin Trough","cls":2,"feature_id":833,"geom_src":"line","rep":[79.2281,-67.6429]}},{"type":"Feature","geometry":{"type":"Point","coordinates":[123.0568,16.4886]},"properties":{"name":"East Luzon","type":"Trough","label":"East Luzon Trough","cls":2,"feature_id":888906,"geom_src":"polygon","rep":[123.0568,16.4886],"axis":[[122.763,15.506],[123.645,17.824]],"apple_minzoom":6,"apple_type":"undersea-area/trench/trough","apple_rank":null,"apple_name":"East Luzon Trough"}},{"type":"Feature","geometry":{"type":"LineString","coordinates":[[-161.2,78.45],[-162.767,76.867]]},"properties":{"name":"Egiazarov","type":"Trough","label":"Egiazarov Trough","cls":2,"feature_id":871,"geom_src":"line","rep":[-162.7667,76.8667]}},{"type":"Feature","geometry":{"type":"MultiLineString","coordinates":[[[173,46],[180,40.667]],[[-180,40.667],[-176.5,38]]]},"properties":{"name":"Emperor","type":"Trough","label":"Emperor Trough","cls":2,"feature_id":904,"geom_src":"line","rep":[180,40.6667]}},{"type":"Feature","geometry":{"type":"LineString","coordinates":[[-76.667,24.833],[-75.783,24.033],[-74.45,23.367]]},"properties":{"name":"Exuma","type":"Trough","label":"Exuma Trough","cls":2,"feature_id":953,"geom_src":"line","rep":[-75.7833,24.0333]}},{"type":"Feature","geometry":{"type":"LineString","coordinates":[[-53.5,-53],[-46,-52.5]]},"properties":{"name":"Falkland","type":"Trough","label":"Falkland Trough","cls":2,"feature_id":968,"geom_src":"line","rep":[-46,-52.5]}},{"type":"Feature","geometry":{"type":"Point","coordinates":[75.5,-57.75]},"properties":{"name":"Fawn","type":"Trough","label":"Fawn Trough","cls":2,"feature_id":982,"geom_src":"point","rep":[75.5,-57.75]}},{"type":"Feature","geometry":{"type":"LineString","coordinates":[[-32,-75.5],[-37.561,-78.061]]},"properties":{"name":"Filchner","type":"Trough","label":"Filchner Trough","cls":2,"feature_id":1001,"geom_src":"line","rep":[-37.561,-78.0605]}},{"type":"Feature","geometry":{"type":"Point","coordinates":[30,36]},"properties":{"name":"Finike","type":"Trough","label":"Finike Trough","cls":2,"feature_id":1008,"geom_src":"point","rep":[30,36]}},{"type":"Feature","geometry":{"type":"LineString","coordinates":[[170,-19.717],[170.333,-20.05]]},"properties":{"name":"Futuna","type":"Trough","label":"Futuna Trough","cls":2,"feature_id":1067,"geom_src":"line","rep":[170.3333,-20.05]}},{"type":"Feature","geometry":{"type":"Point","coordinates":[178.771,-38.4495]},"properties":{"name":"Gable","type":"Trough","label":"Gable Trough","cls":2,"feature_id":6168,"geom_src":"polygon","rep":[178.771,-38.4495],"axis":[[178.739,-38.609],[178.802,-38.32]]}},{"type":"Feature","geometry":{"type":"Point","coordinates":[176.1862,-41.6421]},"properties":{"name":"Glendhu","type":"Trough","label":"Glendhu Trough","cls":2,"feature_id":6172,"geom_src":"polygon","rep":[176.1862,-41.6421],"axis":[[175.942,-41.761],[176.409,-41.547]]}},{"type":"Feature","geometry":{"type":"Point","coordinates":[27.6667,36.9]},"properties":{"name":"Gökova","type":"Trough","label":"Gökova Trough","cls":2,"feature_id":1157,"geom_src":"point","rep":[27.6667,36.9]}},{"type":"Feature","geometry":{"type":"Point","coordinates":[-163.25,16.5]},"properties":{"name":"Gridley","type":"Trough","label":"Gridley Trough","cls":2,"feature_id":1203,"geom_src":"point","rep":[-163.25,16.5]}},{"type":"Feature","geometry":{"type":"LineString","coordinates":[[-105.014,78.086],[-107.901,79.358]]},"properties":{"name":"Gustaf Adolf","type":"Trough","label":"Gustaf Adolf Trough","cls":2,"feature_id":1229,"geom_src":"line","rep":[-107.9012,79.3578]}},{"type":"Feature","geometry":{"type":"Point","coordinates":[123.9386,16.5825]},"properties":{"name":"Hauili","type":"Trough","label":"Hauili Trough","cls":2,"feature_id":889706,"geom_src":"polygon","rep":[123.9386,16.5825],"axis":[[123.966,16.024],[124.021,17.159]]}},{"type":"Feature","geometry":{"type":"MultiLineString","coordinates":[[[180,-31.811],[178.369,-35.131]],[[-178.141,-26.588],[-178.303,-27.549],[-179.293,-30.331],[-180,-31.807]]]},"properties":{"name":"Havre","type":"Trough","label":"Havre Trough","cls":2,"feature_id":1271,"geom_src":"line","rep":[-179.2934,-30.3313]}},{"type":"Feature","geometry":{"type":"LineString","coordinates":[[-159.887,23.466],[-159.104,23.099],[-158.333,22.681],[-157.533,22.352],[-156.686,22.051],[-155.967,21.748],[-155.376,21.423],[-154.895,21.133],[-154.577,20.924],[-154.265,20.743],[-154.182,20.581],[-154.169,20.463],[-154.266,20.305],[-154.244,20.202],[-154.067,20.015],[-153.958,19.939],[-154.009,19.692],[-154.141,19.298],[-154.349,18.958],[-154.616,18.699],[-154.968,18.493],[-155.348,18.345],[-155.627,18.313],[-156.119,18.46],[-156.541,18.7],[-156.818,18.856],[-156.863,18.988],[-156.816,19.259],[-156.706,19.704],[-156.689,19.908],[-156.758,20.032],[-156.998,20.076],[-157.191,20.127],[-157.323,20.164],[-157.493,20.237],[-157.663,20.382],[-157.99,20.541]]},"properties":{"name":"Hawaiian","type":"Trough","label":"Hawaiian Trough","cls":2,"feature_id":1273,"geom_src":"line","rep":[-154.3485,18.9579]}},{"type":"Feature","geometry":{"type":"LineString","coordinates":[[-133,-45],[-133.934,-45.087],[-135.319,-45.549],[-135.939,-46.796],[-136,-48]]},"properties":{"name":"Henry","type":"Trough","label":"Henry Trough","cls":2,"feature_id":1301,"geom_src":"line","rep":[-135.3186,-45.5485]}},{"type":"Feature","geometry":{"type":"LineString","coordinates":[[20,33.25],[20.58,33.339],[21.5,33.309],[22.3,33.283],[22.767,33.283],[23.283,33.233],[23.753,33.17],[24.265,32.888],[24.833,32.667]]},"properties":{"name":"Herodotus","type":"Trough","label":"Herodotus Trough","cls":2,"feature_id":1306,"geom_src":"line","rep":[22.7668,33.283]}},{"type":"Feature","geometry":{"type":"Point","coordinates":[-50.84,-60.355]},"properties":{"name":"Hespérides","type":"Trough","label":"Hespérides Trough","cls":2,"feature_id":1311,"geom_src":"point","rep":[-50.84,-60.355]}},{"type":"Feature","geometry":{"type":"Point","coordinates":[177,-41.5]},"properties":{"name":"Hikurangi","type":"Trough","label":"Hikurangi Trough","cls":2,"feature_id":1322,"geom_src":"point","rep":[177,-41.5]}},{"type":"Feature","geometry":{"type":"Point","coordinates":[-71,20.3]},"properties":{"name":"Hispaniola","type":"Trough","label":"Hispaniola Trough","cls":2,"feature_id":1333,"geom_src":"point","rep":[-71,20.3]}},{"type":"Feature","geometry":{"type":"Point","coordinates":[-32.5,-77]},"properties":{"name":"Hofmann","type":"Trough","label":"Hofmann Trough","cls":2,"feature_id":1342,"geom_src":"point","rep":[-32.5,-77]}},{"type":"Feature","geometry":{"type":"LineString","coordinates":[[176.269,-41.729],[176.243,-41.735],[176.212,-41.746],[176.165,-41.766],[176.128,-41.789]]},"properties":{"name":"Honeycomb","type":"Trough","label":"Honeycomb Trough","cls":2,"feature_id":6177,"geom_src":"line","rep":[176.2117,-41.7456]}},{"type":"Feature","geometry":{"type":"LineString","coordinates":[[-81.567,13.583],[-81.55,13.867]]},"properties":{"name":"Huitoto","type":"Trough","label":"Huitoto Trough","cls":2,"feature_id":1372,"geom_src":"line","rep":[-81.55,13.8667]}},{"type":"Feature","geometry":{"type":"LineString","coordinates":[[-171.5,-71.5],[-169,-71]]},"properties":{"name":"Iselin","type":"Trough","label":"Iselin Trough","cls":2,"feature_id":1431,"geom_src":"line","rep":[-169,-71]}},{"type":"Feature","geometry":{"type":"Point","coordinates":[13.6333,34.5333]},"properties":{"name":"Jarrafa","type":"Trough","label":"Jarrafa Trough","cls":2,"feature_id":1465,"geom_src":"point","rep":[13.6333,34.5333]}},{"type":"Feature","geometry":{"type":"LineString","coordinates":[[-63.383,17.933],[-63.182,17.813],[-62.901,17.634],[-62.635,17.465],[-62.4,17.259],[-62.083,16.917]]},"properties":{"name":"Kalinago","type":"Trough","label":"Kalinago Trough","cls":2,"feature_id":1515,"geom_src":"line","rep":[-62.635,17.465]}},{"type":"Feature","geometry":{"type":"Point","coordinates":[-22,43.75]},"properties":{"name":"Kings","type":"Trough","label":"Kings Trough","cls":2,"feature_id":1589,"geom_src":"point","rep":[-22,43.75]}},{"type":"Feature","geometry":{"type":"Point","coordinates":[165.5,50]},"properties":{"name":"Krusenstern","type":"Trough","label":"Krusenstern Trough","cls":2,"feature_id":1655,"geom_src":"point","rep":[165.5,50]}},{"type":"Feature","geometry":{"type":"LineString","coordinates":[[-123.75,-37],[-121.25,-37.25]]},"properties":{"name":"Kurchatov","type":"Trough","label":"Kurchatov Trough","cls":2,"feature_id":1665,"geom_src":"line","rep":[-121.25,-37.25]}},{"type":"Feature","geometry":{"type":"LineString","coordinates":[[54,-24.75],[52,-23.25],[52.5,-22.25]]},"properties":{"name":"La Réunion","type":"Trough","label":"La Réunion Trough","cls":2,"feature_id":1695,"geom_src":"line","rep":[52,-23.25]}},{"type":"Feature","geometry":{"type":"LineString","coordinates":[[-60.333,56.75],[-59.333,56.069],[-58.773,55.453],[-58.311,55.277],[-57.379,55.158],[-56.59,54.73],[-56.189,54.447],[-56,54.033]]},"properties":{"name":"Labrador","type":"Trough","label":"Labrador Trough","cls":2,"feature_id":1700,"geom_src":"line","rep":[-57.3791,55.1575]}},{"type":"Feature","geometry":{"type":"LineString","coordinates":[[78.6,-17.917],[78.13,-19.188],[78.1,-19.667]]},"properties":{"name":"Langseth","type":"Trough","label":"Langseth Trough","cls":2,"feature_id":1715,"geom_src":"line","rep":[78.13,-19.1883]}},{"type":"Feature","geometry":{"type":"LineString","coordinates":[[129.25,-65.65],[134,-65.367]]},"properties":{"name":"Lazarev","type":"Trough","label":"Lazarev Trough","cls":2,"feature_id":1731,"geom_src":"line","rep":[134,-65.3667]}},{"type":"Feature","geometry":{"type":"LineString","coordinates":[[-1.768,80.298],[-2.838,81.381],[-6.51,82.782]]},"properties":{"name":"Lena","type":"Trough","label":"Lena Trough","cls":2,"feature_id":1748,"geom_src":"line","rep":[-2.8376,81.3812]}},{"type":"Feature","geometry":{"type":"Point","coordinates":[-30,-76.4167]},"properties":{"name":"Lichte","type":"Trough","label":"Lichte Trough","cls":2,"feature_id":1756,"geom_src":"point","rep":[-30,-76.4167]}},{"type":"Feature","geometry":{"type":"Point","coordinates":[13.1167,35.8167]},"properties":{"name":"Linosa","type":"Trough","label":"Linosa Trough","cls":2,"feature_id":1765,"geom_src":"point","rep":[13.1167,35.8167]}},{"type":"Feature","geometry":{"type":"LineString","coordinates":[[9,80.5],[22,82.5]]},"properties":{"name":"Litke","type":"Trough","label":"Litke Trough","cls":2,"feature_id":1769,"geom_src":"line","rep":[22,82.5]}},{"type":"Feature","geometry":{"type":"LineString","coordinates":[[-137.664,69.209],[-137.872,69.457],[-138.171,69.572],[-138.392,69.872],[-138.747,70.21]]},"properties":{"name":"Mackenzie","type":"Trough","label":"Mackenzie Trough","cls":2,"feature_id":1810,"geom_src":"line","rep":[-138.1705,69.5724]}},{"type":"Feature","geometry":{"type":"Point","coordinates":[13.6333,36.25]},"properties":{"name":"Malta","type":"Trough","label":"Malta Trough","cls":2,"feature_id":1846,"geom_src":"point","rep":[13.6333,36.25]}},{"type":"Feature","geometry":{"type":"LineString","coordinates":[[82.333,-66.5],[96,-65.667]]},"properties":{"name":"Man","type":"Trough","label":"Man Trough","cls":2,"feature_id":1848,"geom_src":"line","rep":[96,-65.6667]}},{"type":"Feature","geometry":{"type":"Point","coordinates":[132.3333,-0.1667]},"properties":{"name":"Manokwari","type":"Trough","label":"Manokwari Trough","cls":2,"feature_id":1856,"geom_src":"point","rep":[132.3333,-0.1667]}},{"type":"Feature","geometry":{"type":"LineString","coordinates":[[142.021,22.981],[142.711,21.96],[143.586,20.566],[144.322,19.137],[144.553,17.718],[144.461,16.42],[144.184,14.868],[143.77,13.686],[143.195,12.453]]},"properties":{"name":"Mariana","type":"Trough","label":"Mariana Trough","cls":2,"feature_id":1871,"geom_src":"line","rep":[144.5526,17.7177]}},{"type":"Feature","geometry":{"type":"Point","coordinates":[28,40.8333]},"properties":{"name":"Marmara","type":"Trough","label":"Marmara Trough","cls":2,"feature_id":1882,"geom_src":"point","rep":[28,40.8333]}},{"type":"Feature","geometry":{"type":"LineString","coordinates":[[162.509,-51.023],[162.03,-51.546],[161.758,-51.602],[161.515,-51.818],[160.986,-52.448],[160.822,-52.63]]},"properties":{"name":"McDougall","type":"Trough","label":"McDougall Trough","cls":2,"feature_id":6663,"geom_src":"line","rep":[161.5146,-51.8181]}},{"type":"Feature","geometry":{"type":"LineString","coordinates":[[62,76.567],[68.117,77.167]]},"properties":{"name":"Medvezhy","type":"Trough","label":"Medvezhy Trough","cls":2,"feature_id":1939,"geom_src":"line","rep":[68.1167,77.1667]}},{"type":"Feature","geometry":{"type":"LineString","coordinates":[[-111.379,73.888],[-108.5,74],[-105.215,73.943]]},"properties":{"name":"Melville","type":"Trough","label":"Melville Trough","cls":2,"feature_id":1954,"geom_src":"line","rep":[-108.5,74]}},{"type":"Feature","geometry":{"type":"LineString","coordinates":[[-107,18],[-107.333,15.5]]},"properties":{"name":"Moctezuma","type":"Trough","label":"Moctezuma Trough","cls":2,"feature_id":2033,"geom_src":"line","rep":[-107.3333,15.5]}},{"type":"Feature","geometry":{"type":"LineString","coordinates":[[-67.267,18.517],[-67.333,18.522],[-67.391,18.564],[-67.434,18.622],[-67.445,18.681],[-67.416,18.755],[-67.409,18.815],[-67.396,18.892],[-67.369,18.964],[-67.331,19.043],[-67.317,19.117],[-67.302,19.209],[-67.344,19.259],[-67.389,19.333],[-67.433,19.4]]},"properties":{"name":"Mona","type":"Trough","label":"Mona Trough","cls":2,"feature_id":2046,"geom_src":"line","rep":[-67.396,18.892]}},{"type":"Feature","geometry":{"type":"Point","coordinates":[10.25,41.6667]},"properties":{"name":"Montecristo","type":"Trough","label":"Montecristo Trough","cls":2,"feature_id":2056,"geom_src":"point","rep":[10.25,41.6667]}},{"type":"Feature","geometry":{"type":"Point","coordinates":[-30.6667,-76.5833]},"properties":{"name":"Möller","type":"Trough","label":"Möller Trough","cls":2,"feature_id":2039,"geom_src":"point","rep":[-30.6667,-76.5833]}},{"type":"Feature","geometry":{"type":"Point","coordinates":[-68,17.1667]},"properties":{"name":"Muertos","type":"Trough","label":"Muertos Trough","cls":2,"feature_id":2093,"geom_src":"point","rep":[-68,17.1667]}},{"type":"Feature","geometry":{"type":"LineString","coordinates":[[149.23,-0.285],[149.051,0.382],[148.778,1.571],[148.706,2.386]]},"properties":{"name":"Mussau","type":"Trough","label":"Mussau Trough","cls":2,"feature_id":2115,"geom_src":"line","rep":[148.7778,1.5714]}},{"type":"Feature","geometry":{"type":"LineString","coordinates":[[137.15,33.133],[136,32.583],[135,32.3],[134.5,32]]},"properties":{"name":"Nankai","type":"Trough","label":"Nankai Trough","cls":2,"feature_id":2129,"geom_src":"line","rep":[135,32.3]}},{"type":"Feature","geometry":{"type":"LineString","coordinates":[[162.5,-20],[164.125,-21.438],[165.058,-22.767],[165.517,-23.717],[165.798,-25.061],[166.127,-26.354],[166.347,-27.704],[166.327,-30.177],[165.433,-32],[166.333,-34],[167.45,-35],[170.333,-36.5],[172.083,-37.45]]},"properties":{"name":"New Caledonia","type":"Trough","label":"New Caledonia Trough","cls":2,"feature_id":2163,"geom_src":"line","rep":[166.3469,-27.7045]}},{"type":"Feature","geometry":{"type":"LineString","coordinates":[[145,-46.083],[145.25,-47.417]]},"properties":{"name":"Ninene","type":"Trough","label":"Ninene Trough","cls":2,"feature_id":2188,"geom_src":"line","rep":[145.25,-47.4167]}},{"type":"Feature","geometry":{"type":"Point","coordinates":[168,-35.8333]},"properties":{"name":"Norfolk","type":"Trough","label":"Norfolk Trough","cls":2,"feature_id":2216,"geom_src":"point","rep":[168,-35.8333]}},{"type":"Feature","geometry":{"type":"LineString","coordinates":[[23.533,39.833],[26.25,40.417]]},"properties":{"name":"North Aegean","type":"Trough","label":"North Aegean Trough","cls":2,"feature_id":2220,"geom_src":"line","rep":[26.25,40.4167]}},{"type":"Feature","geometry":{"type":"Point","coordinates":[178.3655,-39.3893]},"properties":{"name":"North Ritchie","type":"Trough","label":"North Ritchie Trough","cls":2,"feature_id":889032,"geom_src":"polygon","rep":[178.3655,-39.3893],"axis":[[178.332,-39.515],[178.431,-39.27]]}},{"type":"Feature","geometry":{"type":"LineString","coordinates":[[4,61],[4.122,59.949],[4.396,59],[5.421,58.208],[6.667,57.75],[8.023,57.816],[9.262,58.186],[10,58.5]]},"properties":{"name":"Norwegian","type":"Trough","label":"Norwegian Trough","cls":2,"feature_id":2247,"geom_src":"line","rep":[6.6667,57.75]}},{"type":"Feature","geometry":{"type":"LineString","coordinates":[[-179.5,-4.5],[-165.5,0]]},"properties":{"name":"Nova-Canton","type":"Trough","label":"Nova-Canton Trough","cls":2,"feature_id":2251,"geom_src":"line","rep":[-165.5,0]}},{"type":"Feature","geometry":{"type":"LineString","coordinates":[[72,76.167],[70.066,75.969],[69.112,75.817],[66.907,75.608],[65.923,75.421],[64.293,75.231],[62.495,74.961],[61.738,74.606],[59.915,73.908],[59.674,73.381],[59.013,73.24],[58.426,72.773],[57.618,72.473],[57.117,72.003],[57.368,71.566],[58.167,71]]},"properties":{"name":"Novaya Zemlya","type":"Trough","label":"Novaya Zemlya Trough","cls":2,"feature_id":2253,"geom_src":"line","rep":[59.9149,73.9081]}},{"type":"Feature","geometry":{"type":"LineString","coordinates":[[-81.567,12.283],[-81.55,12.5],[-81.55,12.65]]},"properties":{"name":"Nutibara","type":"Trough","label":"Nutibara Trough","cls":2,"feature_id":2261,"geom_src":"line","rep":[-81.55,12.5]}},{"type":"Feature","geometry":{"type":"Point","coordinates":[150.0838,84.7269]},"properties":{"name":"Oden","type":"Trough","label":"Oden Trough","cls":2,"feature_id":6449,"geom_src":"polygon","rep":[150.0838,84.7269],"axis":[[149.523,84.416],[150.628,85.062]]}},{"type":"Feature","geometry":{"type":"LineString","coordinates":[[141.2,29.25],[141.833,25]]},"properties":{"name":"Ogasawara","type":"Trough","label":"Ogasawara Trough","cls":2,"feature_id":2281,"geom_src":"line","rep":[141.8333,25]}},{"type":"Feature","geometry":{"type":"Point","coordinates":[125.6667,26]},"properties":{"name":"Okinawa","type":"Trough","label":"Okinawa Trough","cls":2,"feature_id":2294,"geom_src":"point","rep":[125.6667,26],"apple_minzoom":5,"apple_type":"undersea-area/trench/trough","apple_rank":null,"apple_name":"Okinawa Trough"}},{"type":"Feature","geometry":{"type":"Point","coordinates":[177.8358,-39.868]},"properties":{"name":"Ōmakere","type":"Trough","label":"Ōmakere Trough","cls":2,"feature_id":6198,"geom_src":"polygon","rep":[177.8358,-39.868],"axis":[[177.517,-40.115],[178.022,-39.722]]}},{"type":"Feature","geometry":{"type":"Point","coordinates":[114.8615,7.1878]},"properties":{"name":"Palawan","type":"Trough","label":"Palawan Trough","cls":2,"feature_id":2344,"geom_src":"polygon","rep":[114.8615,7.1878],"axis":[[114.289,6.615],[115.359,7.819]]}},{"type":"Feature","geometry":{"type":"Point","coordinates":[12.4167,36.5833]},"properties":{"name":"Pantelleria","type":"Trough","label":"Pantelleria Trough","cls":2,"feature_id":2357,"geom_src":"point","rep":[12.4167,36.5833]}},{"type":"Feature","geometry":{"type":"LineString","coordinates":[[177.616,-40.297],[177.749,-40.199],[177.858,-40.102],[178.092,-39.862]]},"properties":{"name":"Paoanui","type":"Trough","label":"Paoanui Trough","cls":2,"feature_id":6707,"geom_src":"line","rep":[177.8578,-40.1019]}},{"type":"Feature","geometry":{"type":"Point","coordinates":[178.6837,-38.9487]},"properties":{"name":"Paritū","type":"Trough","label":"Paritū Trough","cls":2,"feature_id":6390,"geom_src":"polygon","rep":[178.6837,-38.9487],"axis":[[178.603,-39.025],[178.784,-38.851]]}},{"type":"Feature","geometry":{"type":"Point","coordinates":[-108.75,23.9167]},"properties":{"name":"Pescadero","type":"Trough","label":"Pescadero Trough","cls":2,"feature_id":2414,"geom_src":"point","rep":[-108.75,23.9167]}},{"type":"Feature","geometry":{"type":"LineString","coordinates":[[-28.317,36.85],[-27.217,36.75],[-26,36.65]]},"properties":{"name":"Pico","type":"Trough","label":"Pico Trough","cls":2,"feature_id":2436,"geom_src":"line","rep":[-27.2167,36.75]}},{"type":"Feature","geometry":{"type":"Point","coordinates":[-105.2201,-73.9538]},"properties":{"name":"Pine Island","type":"Trough","label":"Pine Island Trough","cls":2,"feature_id":6158,"geom_src":"polygon","rep":[-105.2201,-73.9538],"axis":[[-108.234,-72.008],[-102.659,-75.258]]}},{"type":"Feature","geometry":{"type":"Point","coordinates":[155.6667,-11.5]},"properties":{"name":"Pocklington","type":"Trough","label":"Pocklington Trough","cls":2,"feature_id":2460,"geom_src":"point","rep":[155.6667,-11.5]}},{"type":"Feature","geometry":{"type":"LineString","coordinates":[[177.198,-41.046],[177.259,-40.9],[177.318,-40.791],[177.46,-40.631],[177.578,-40.484]]},"properties":{"name":"Pōrangahau","type":"Trough","label":"Pōrangahau Trough","cls":2,"feature_id":6709,"geom_src":"line","rep":[177.3182,-40.7908]}},{"type":"Feature","geometry":{"type":"Point","coordinates":[177.3646,-40.767]},"properties":{"name":"Pōrangahau","type":"Trough","label":"Pōrangahau Trough","cls":2,"feature_id":6709,"geom_src":"polygon","rep":[177.3646,-40.767],"axis":[[177.128,-41.118],[177.616,-40.407]]}},{"type":"Feature","geometry":{"type":"Point","coordinates":[83.8093,-64.0271]},"properties":{"name":"Princess Elizabeth","type":"Trough","label":"Princess Elizabeth Trough","cls":2,"feature_id":2500,"geom_src":"polygon","rep":[83.8093,-64.0271],"axis":[[80.904,-64.181],[86.058,-63.923]]}},{"type":"Feature","geometry":{"type":"LineString","coordinates":[[-81.633,12.333],[-81.633,13],[-81.533,13.5]]},"properties":{"name":"Providencia","type":"Trough","label":"Providencia Trough","cls":2,"feature_id":2512,"geom_src":"line","rep":[-81.6333,13]}},{"type":"Feature","geometry":{"type":"LineString","coordinates":[[176.738,-41.288],[176.562,-41.421],[176.399,-41.523]]},"properties":{"name":"Pukeroro","type":"Trough","label":"Pukeroro Trough","cls":2,"feature_id":6711,"geom_src":"line","rep":[176.5622,-41.4206]}},{"type":"Feature","geometry":{"type":"LineString","coordinates":[[161,-69.833],[161.583,-69.833]]},"properties":{"name":"Rennick","type":"Trough","label":"Rennick Trough","cls":2,"feature_id":2571,"geom_src":"line","rep":[161.5833,-69.8333]}},{"type":"Feature","geometry":{"type":"Point","coordinates":[-35,-77.6667]},"properties":{"name":"Rinner","type":"Trough","label":"Rinner Trough","cls":2,"feature_id":2594,"geom_src":"point","rep":[-35,-77.6667]}},{"type":"Feature","geometry":{"type":"LineString","coordinates":[[-15.667,53.5],[-15.288,53.703],[-14.781,53.949],[-14.406,54.146],[-13.95,54.301],[-13.443,54.407],[-13.058,54.578],[-12.754,54.825],[-12.551,55.105],[-12.424,55.392],[-12.31,55.648],[-12.182,55.932],[-12.071,56.176],[-12,56.333]]},"properties":{"name":"Rockall","type":"Trough","label":"Rockall Trough","cls":2,"feature_id":2609,"geom_src":"line","rep":[-12.7537,54.8248]}},{"type":"Feature","geometry":{"type":"Point","coordinates":[-49.3333,16.1667]},"properties":{"name":"Royal","type":"Trough","label":"Royal Trough","cls":2,"feature_id":2641,"geom_src":"point","rep":[-49.3333,16.1667]}},{"type":"Feature","geometry":{"type":"Point","coordinates":[-117.5833,32.6667]},"properties":{"name":"San Diego","type":"Trough","label":"San Diego Trough","cls":2,"feature_id":2695,"geom_src":"point","rep":[-117.5833,32.6667]}},{"type":"Feature","geometry":{"type":"Point","coordinates":[10.5833,41]},"properties":{"name":"Sardinia-Corsica","type":"Trough","label":"Sardinia-Corsica Trough","cls":2,"feature_id":2736,"geom_src":"point","rep":[10.5833,41]}},{"type":"Feature","geometry":{"type":"Point","coordinates":[131.3333,-3]},"properties":{"name":"Seram","type":"Trough","label":"Seram Trough","cls":2,"feature_id":2795,"geom_src":"point","rep":[131.3333,-3]}},{"type":"Feature","geometry":{"type":"LineString","coordinates":[[24.683,39],[25.267,39.367]]},"properties":{"name":"Skiros","type":"Trough","label":"Skiros Trough","cls":2,"feature_id":2883,"geom_src":"line","rep":[25.2667,39.3667]}},{"type":"Feature","geometry":{"type":"LineString","coordinates":[[164.833,-50.333],[165.5,-48.833]]},"properties":{"name":"Solander","type":"Trough","label":"Solander Trough","cls":2,"feature_id":2897,"geom_src":"line","rep":[165.5,-48.8333]}},{"type":"Feature","geometry":{"type":"LineString","coordinates":[[-64,18.65],[-63.5,18.867],[-62.75,18.95]]},"properties":{"name":"Sombrero","type":"Trough","label":"Sombrero Trough","cls":2,"feature_id":2904,"geom_src":"line","rep":[-63.5,18.8667]}},{"type":"Feature","geometry":{"type":"LineString","coordinates":[[-42.95,-60.3],[-46.117,-60]]},"properties":{"name":"South Orkney","type":"Trough","label":"South Orkney Trough","cls":2,"feature_id":2927,"geom_src":"line","rep":[-46.1167,-60]}},{"type":"Feature","geometry":{"type":"Point","coordinates":[178.2653,-39.5995]},"properties":{"name":"South Ritchie","type":"Trough","label":"South Ritchie Trough","cls":2,"feature_id":888802,"geom_src":"polygon","rep":[178.2653,-39.5995],"axis":[[178.198,-39.731],[178.323,-39.511]]}},{"type":"Feature","geometry":{"type":"LineString","coordinates":[[-64.15,-62.8],[-63.217,-62.2],[-60.533,-61.3],[-57.333,-60.767]]},"properties":{"name":"South Shetland","type":"Trough","label":"South Shetland Trough","cls":2,"feature_id":2931,"geom_src":"line","rep":[-60.5333,-61.3]}},{"type":"Feature","geometry":{"type":"LineString","coordinates":[[2.5,79.5],[4.5,79.833]]},"properties":{"name":"Spitsbergen","type":"Trough","label":"Spitsbergen Trough","cls":2,"feature_id":2952,"geom_src":"line","rep":[4.5,79.8333]}},{"type":"Feature","geometry":{"type":"LineString","coordinates":[[69,83],[70,78.5]]},"properties":{"name":"St. Anna","type":"Trough","label":"St. Anna Trough","cls":2,"feature_id":2956,"geom_src":"line","rep":[70,78.5]}},{"type":"Feature","geometry":{"type":"Point","coordinates":[38.6667,19.5833]},"properties":{"name":"Suakin","type":"Trough","label":"Suakin Trough","cls":2,"feature_id":3002,"geom_src":"point","rep":[38.6667,19.5833]}},{"type":"Feature","geometry":{"type":"Point","coordinates":[108.5,-8.5]},"properties":{"name":"Sunda","type":"Trough","label":"Sunda Trough","cls":2,"feature_id":3018,"geom_src":"point","rep":[108.5,-8.5]}},{"type":"Feature","geometry":{"type":"LineString","coordinates":[[138.6,34.183],[138.75,35.083]]},"properties":{"name":"Suruga","type":"Trough","label":"Suruga Trough","cls":2,"feature_id":3022,"geom_src":"line","rep":[138.75,35.0833]}},{"type":"Feature","geometry":{"type":"LineString","coordinates":[[-86.45,16.65],[-86.2,16.75],[-85.6,17]]},"properties":{"name":"Swan","type":"Trough","label":"Swan Trough","cls":2,"feature_id":3037,"geom_src":"line","rep":[-86.2,16.75]}},{"type":"Feature","geometry":{"type":"LineString","coordinates":[[42.8,11.667],[44,12.1],[45,12]]},"properties":{"name":"Tadjura","type":"Trough","label":"Tadjura Trough","cls":2,"feature_id":3044,"geom_src":"line","rep":[44,12.1]}},{"type":"Feature","geometry":{"type":"Point","coordinates":[140,46]},"properties":{"name":"Tatar","type":"Trough","label":"Tatar Trough","cls":2,"feature_id":3077,"geom_src":"point","rep":[140,46],"apple_minzoom":5,"apple_type":"undersea-area/trench/trough","apple_rank":null,"apple_name":"Tatar Trough"}},{"type":"Feature","geometry":{"type":"Point","coordinates":[177.1618,-37.0002]},"properties":{"name":"Tauranga","type":"Trough","label":"Tauranga Trough","cls":2,"feature_id":6716,"geom_src":"polygon","rep":[177.1618,-37.0002],"axis":[[177.03,-37.232],[177.338,-36.758]]}},{"type":"Feature","geometry":{"type":"Point","coordinates":[177.2437,-40.0144]},"properties":{"name":"Te Motu-o-Kura","type":"Trough","label":"Te Motu-o-Kura Trough","cls":2,"feature_id":6698,"geom_src":"polygon","rep":[177.2437,-40.0144],"axis":[[177.124,-40.197],[177.343,-39.865]]}},{"type":"Feature","geometry":{"type":"Point","coordinates":[171.75,-33.8333]},"properties":{"name":"Three Kings","type":"Trough","label":"Three Kings Trough","cls":2,"feature_id":6322,"geom_src":"point","rep":[171.75,-33.8333]}},{"type":"Feature","geometry":{"type":"LineString","coordinates":[[123.992,-10.846],[124.591,-10.497],[125.105,-10.168],[126.347,-9.633],[127.247,-9.333],[128.125,-9.062],[128.931,-8.981],[130.283,-8.695],[130.768,-8.676]]},"properties":{"name":"Timor","type":"Trough","label":"Timor Trough","cls":2,"feature_id":3124,"geom_src":"line","rep":[127.2466,-9.3331]}},{"type":"Feature","geometry":{"type":"Point","coordinates":[-77.5,24.5]},"properties":{"name":"Tongue of the Ocean","type":"Trough","label":"Tongue of the Ocean Trough","cls":2,"feature_id":3141,"geom_src":"point","rep":[-77.5,24.5]}},{"type":"Feature","geometry":{"type":"LineString","coordinates":[[150.383,-7.617],[152.333,-8.25]]},"properties":{"name":"Trobriand","type":"Trough","label":"Trobriand Trough","cls":2,"feature_id":3174,"geom_src":"line","rep":[152.3333,-8.25]}},{"type":"Feature","geometry":{"type":"LineString","coordinates":[[130.85,37.65],[130.508,38.175],[130.567,38.583]]},"properties":{"name":"Usan","type":"Trough","label":"Usan Trough","cls":2,"feature_id":3221,"geom_src":"line","rep":[130.5083,38.175]}},{"type":"Feature","geometry":{"type":"Point","coordinates":[12.75,38.5]},"properties":{"name":"Ustica","type":"Trough","label":"Ustica Trough","cls":2,"feature_id":3225,"geom_src":"point","rep":[12.75,38.5]}},{"type":"Feature","geometry":{"type":"LineString","coordinates":[[1,39.417],[1.525,39.72],[2.154,40.447],[2.556,40.483],[3.109,40.88],[3.75,41.167]]},"properties":{"name":"Valencia","type":"Trough","label":"Valencia Trough","cls":2,"feature_id":3233,"geom_src":"line","rep":[2.5563,40.4828]}},{"type":"Feature","geometry":{"type":"LineString","coordinates":[[-65.583,17.783],[-64.717,17.933]]},"properties":{"name":"Virgin Islands","type":"Trough","label":"Virgin Islands Trough","cls":2,"feature_id":3273,"geom_src":"line","rep":[-64.7167,17.9333]}},{"type":"Feature","geometry":{"type":"LineString","coordinates":[[85,82],[88,78.5]]},"properties":{"name":"Voronin","type":"Trough","label":"Voronin Trough","cls":2,"feature_id":3288,"geom_src":"line","rep":[88,78.5]}},{"type":"Feature","geometry":{"type":"Point","coordinates":[167.8648,-33.7905]},"properties":{"name":"Wanganella","type":"Trough","label":"Wanganella Trough","cls":2,"feature_id":6720,"geom_src":"polygon","rep":[167.8648,-33.7905],"axis":[[166.875,-32.391],[169.134,-35.226]]}},{"type":"Feature","geometry":{"type":"Point","coordinates":[177.5162,-37.1042]},"properties":{"name":"Whakaari / White Island","type":"Trough","label":"Whakaari / White Island Trough","cls":2,"feature_id":6721,"geom_src":"polygon","rep":[177.5162,-37.1042],"axis":[[177.427,-37.223],[177.602,-36.966]]}},{"type":"Feature","geometry":{"type":"Point","coordinates":[-80,3]},"properties":{"name":"Yaquina","type":"Trough","label":"Yaquina Trough","cls":2,"feature_id":3391,"geom_src":"point","rep":[-80,3]}},{"type":"Feature","geometry":{"type":"LineString","coordinates":[[-68.2,17.25],[-68.2,18.25]]},"properties":{"name":"Yuma","type":"Trough","label":"Yuma Trough","cls":2,"feature_id":3407,"geom_src":"line","rep":[-68.2,18.25]}}]}