{"type":"FeatureCollection","meta":{"source":"osaka/tiers.html 的像素坐标 SVG，按 517 个车站点对 stations_final.json 做 Mercator 三参数拟合反算成经纬度","fit":{"a":66466.7687749291,"tx":-156713.04248618745,"ty":43466.797245330905,"residual_px_median":0.4,"residual_m_median":31,"px_m":79},"grades_from":"居住等级图 2026 粗略版，评级方法待重做"},"features":[{"type":"Feature","properties":{"kind":"zone","id":"miyakojima_kyobashi","tier":"B","name":"京橋周边","parent":"都島区","note":"枢纽繁华,吵"},"geometry":{"type":"Polygon","coordinates":[[[135.520151,34.691451],[135.521875,34.693577],[135.522737,34.694994],[135.522737,34.695703],[135.522737,34.697829],[135.526185,34.697121],[135.526185,34.697829],[135.524461,34.701373],[135.526185,34.701373],[135.528771,34.702082],[135.528771,34.701373],[135.530495,34.703499],[135.530495,34.70279],[135.533943,34.70279],[135.533943,34.705625],[135.536529,34.705625],[135.536529,34.704208],[135.536529,34.70279],[135.537391,34.70279],[135.536529,34.700664],[135.536529,34.698538],[135.535667,34.697121],[135.533943,34.697121],[135.534805,34.695703],[135.533081,34.694994],[135.530495,34.694286],[135.526185,34.692159],[135.523599,34.691451],[135.522737,34.690742],[135.521013,34.691451],[135.520151,34.691451],[135.520151,34.691451]]]}},{"type":"Feature","properties":{"kind":"zone","id":"miyakojima_n","tier":"A","name":"都島本通・毛馬","parent":"都島区","note":"庶民安稳"},"geometry":{"type":"Polygon","coordinates":[[[135.522737,34.697829],[135.522737,34.698538],[135.521013,34.700664],[135.519289,34.70279],[135.518427,34.704208],[135.517565,34.705625],[135.517565,34.707042],[135.518427,34.70846],[135.519289,34.709168],[135.521013,34.711294],[135.521013,34.712003],[135.521875,34.71342],[135.521875,34.714837],[135.521013,34.715546],[135.520151,34.717671],[135.519289,34.719088],[135.515841,34.719797],[135.514979,34.720505],[135.514117,34.720505],[135.514979,34.721214],[135.515841,34.722631],[135.515841,34.72334],[135.517565,34.724757],[135.519289,34.726882],[135.521013,34.72759],[135.522737,34.729007],[135.521875,34.729716],[135.523599,34.731133],[135.527047,34.731133],[135.527047,34.730424],[135.527909,34.729007],[135.529633,34.726174],[135.530495,34.72334],[135.532219,34.721923],[135.534805,34.71838],[135.538253,34.714128],[135.539977,34.712711],[135.540839,34.711294],[135.539115,34.709877],[135.537391,34.70846],[135.535667,34.70846],[135.536529,34.707751],[135.536529,34.706334],[135.536529,34.705625],[135.533943,34.705625],[135.533943,34.70279],[135.530495,34.70279],[135.530495,34.703499],[135.528771,34.701373],[135.528771,34.702082],[135.526185,34.701373],[135.524461,34.701373],[135.526185,34.697829],[135.526185,34.697121],[135.522737,34.697829],[135.522737,34.697829]]]}},{"type":"Feature","properties":{"kind":"zone","id":"fukushima","tier":"S","name":"福島・野田","parent":"福島区","note":"梅田徒步圈+餐饮街"},"geometry":{"type":"Polygon","coordinates":[[[135.469291,34.684363],[135.469291,34.685071],[135.468429,34.686489],[135.465843,34.686489],[135.464981,34.686489],[135.462395,34.687198],[135.462395,34.688615],[135.464119,34.690742],[135.464119,34.692868],[135.463257,34.694994],[135.463257,34.696412],[135.464981,34.697121],[135.463257,34.698538],[135.462395,34.699956],[135.467567,34.70279],[135.473602,34.707042],[135.474464,34.707042],[135.477912,34.70279],[135.478774,34.702082],[135.480498,34.700664],[135.483084,34.699956],[135.483946,34.699247],[135.483946,34.699956],[135.48567,34.700664],[135.486532,34.701373],[135.488256,34.701373],[135.488256,34.702082],[135.48998,34.70279],[135.490842,34.70279],[135.48998,34.700664],[135.48998,34.699247],[135.48998,34.698538],[135.48998,34.696412],[135.48998,34.695703],[135.490842,34.693577],[135.48998,34.692868],[135.487394,34.692159],[135.487394,34.691451],[135.484808,34.689324],[135.482222,34.686489],[135.48136,34.684363],[135.480498,34.683654],[135.477912,34.682945],[135.473602,34.680818],[135.471878,34.680818],[135.470153,34.683654],[135.469291,34.684363],[135.469291,34.684363]]]}},{"type":"Feature","properties":{"kind":"zone","id":"konohana_e","tier":"B+","name":"西九条・千鳥橋・伝法","parent":"此花区","note":"去梅田难波都快"},"geometry":{"type":"Polygon","coordinates":[[[135.434811,34.687907],[135.441707,34.690033],[135.447741,34.692868],[135.451189,34.694286],[135.456361,34.697121],[135.458085,34.697829],[135.462395,34.699956],[135.463257,34.698538],[135.464981,34.697121],[135.463257,34.696412],[135.463257,34.694994],[135.464119,34.692868],[135.464119,34.690742],[135.462395,34.688615],[135.462395,34.687198],[135.464981,34.686489],[135.465843,34.686489],[135.468429,34.686489],[135.469291,34.685071],[135.469291,34.684363],[135.470153,34.683654],[135.471878,34.680818],[135.471016,34.680818],[135.462395,34.677274],[135.456361,34.675856],[135.455499,34.675856],[135.457223,34.676565],[135.458947,34.677983],[135.458085,34.677983],[135.457223,34.677274],[135.454637,34.675856],[135.450327,34.680818],[135.448603,34.680109],[135.446879,34.682945],[135.446017,34.682236],[135.446017,34.682945],[135.443431,34.682236],[135.442569,34.684363],[135.437397,34.682945],[135.434811,34.687907],[135.434811,34.687907]]]}},{"type":"Feature","properties":{"kind":"zone","id":"konohana_w","tier":"C+","name":"安治川口〜桜島・舞洲","parent":"此花区","note":"工业港湾区,冷清"},"geometry":{"type":"MultiPolygon","coordinates":[[[[135.399468,34.648913],[135.397744,34.646785],[135.392572,34.641821],[135.39171,34.64253],[135.378779,34.64324],[135.372745,34.651749],[135.379641,34.660258],[135.399468,34.656713],[135.40464,34.653877],[135.399468,34.648913],[135.399468,34.648913]]],[[[135.410674,34.680109],[135.427914,34.685071],[135.430501,34.68578],[135.434811,34.687907],[135.437397,34.682945],[135.442569,34.684363],[135.443431,34.682236],[135.446017,34.682945],[135.446017,34.682236],[135.446879,34.682945],[135.448603,34.680109],[135.450327,34.680818],[135.454637,34.675856],[135.452051,34.675147],[135.446879,34.673729],[135.445155,34.672311],[135.444293,34.671602],[135.442569,34.669476],[135.440845,34.667349],[135.439983,34.665931],[135.439121,34.665222],[135.438259,34.665931],[135.437397,34.665222],[135.438259,34.664513],[135.438259,34.663804],[135.435673,34.661677],[135.432225,34.660258],[135.431363,34.660258],[135.429638,34.662386],[135.430501,34.660258],[135.428776,34.659549],[135.428776,34.65884],[135.423604,34.657422],[135.422742,34.657422],[135.421018,34.653877],[135.419294,34.653168],[135.419294,34.656004],[135.420156,34.660258],[135.418432,34.659549],[135.41757,34.657422],[135.41757,34.656713],[135.416708,34.654586],[135.415846,34.652459],[135.415846,34.651749],[135.414122,34.651749],[135.414984,34.656004],[135.416708,34.661677],[135.41757,34.661677],[135.422742,34.663095],[135.423604,34.663804],[135.42619,34.668058],[135.424466,34.665931],[135.42188,34.665222],[135.421018,34.664513],[135.421018,34.665222],[135.41757,34.663804],[135.418432,34.663804],[135.41757,34.663804],[135.416708,34.663804],[135.41757,34.668767],[135.418432,34.670893],[135.424466,34.672311],[135.429638,34.675147],[135.430501,34.673729],[135.430501,34.674438],[135.429638,34.675856],[135.430501,34.676565],[135.431363,34.677274],[135.433087,34.677983],[135.435673,34.678692],[135.437397,34.6794],[135.439121,34.6794],[135.439121,34.680109],[135.438259,34.680109],[135.437397,34.680109],[135.434811,34.680109],[135.433087,34.678692],[135.431363,34.678692],[135.428776,34.676565],[135.42188,34.675147],[135.42188,34.674438],[135.421018,34.674438],[135.41757,34.673729],[135.412398,34.672311],[135.410674,34.671602],[135.409812,34.669476],[135.409812,34.670893],[135.408088,34.671602],[135.40895,34.672311],[135.40895,34.67302],[135.40895,34.674438],[135.40895,34.675856],[135.407226,34.675147],[135.411536,34.676565],[135.410674,34.680109],[135.410674,34.680109]]],[[[135.410674,34.665931],[135.409812,34.65884],[135.402054,34.660258],[135.39602,34.661677],[135.394296,34.661677],[135.389123,34.662386],[135.386537,34.662386],[135.388261,34.668058],[135.402916,34.67302],[135.405502,34.671602],[135.409812,34.668767],[135.40895,34.665931],[135.410674,34.665931],[135.410674,34.665931]]]]}},{"type":"Feature","properties":{"kind":"zone","id":"nishi_horie","tier":"S","name":"堀江・新町・靱","parent":"西区","note":"年轻人气区,咖啡店密"},"geometry":{"type":"Polygon","coordinates":[[[135.477912,34.682945],[135.480498,34.683654],[135.48136,34.684363],[135.482222,34.685071],[135.484808,34.686489],[135.486532,34.687198],[135.491704,34.690033],[135.49429,34.692159],[135.495152,34.692868],[135.497738,34.692868],[135.497738,34.691451],[135.497738,34.687198],[135.497738,34.682236],[135.497738,34.678692],[135.497738,34.675856],[135.496876,34.668767],[135.492566,34.669476],[135.486532,34.670185],[135.486532,34.670893],[135.486532,34.67302],[135.48136,34.67302],[135.482222,34.675856],[135.482222,34.676565],[135.480498,34.677274],[135.478774,34.675856],[135.479636,34.678692],[135.480498,34.680109],[135.478774,34.681527],[135.477912,34.682945],[135.477912,34.682945]]]}},{"type":"Feature","properties":{"kind":"zone","id":"nishi_kujo","tier":"B","name":"九条・川口","parent":"西区","note":"庶民,阪神线直达难波梅田"},"geometry":{"type":"Polygon","coordinates":[[[135.462395,34.677274],[135.471016,34.680818],[135.471878,34.680818],[135.473602,34.680818],[135.477912,34.682945],[135.478774,34.681527],[135.480498,34.680109],[135.479636,34.678692],[135.478774,34.675856],[135.480498,34.677274],[135.482222,34.676565],[135.482222,34.675856],[135.48136,34.67302],[135.486532,34.67302],[135.486532,34.670893],[135.486532,34.670185],[135.482222,34.669476],[135.48136,34.668767],[135.480498,34.668058],[135.474464,34.66664],[135.471878,34.668767],[135.468429,34.671602],[135.464119,34.675147],[135.462395,34.676565],[135.462395,34.677274],[135.462395,34.677274]]]}},{"type":"Feature","properties":{"kind":"zone","id":"minato_benten","tier":"B+","name":"弁天町","parent":"港区","note":"JR环状线+地铁"},"geometry":{"type":"Polygon","coordinates":[[[135.449465,34.668767],[135.451189,34.669476],[135.451189,34.668767],[135.455499,34.670185],[135.454637,34.672311],[135.453775,34.672311],[135.451189,34.670893],[135.450327,34.671602],[135.455499,34.673729],[135.454637,34.674438],[135.456361,34.675147],[135.456361,34.675856],[135.462395,34.677274],[135.462395,34.676565],[135.464119,34.675147],[135.468429,34.671602],[135.471878,34.668767],[135.474464,34.66664],[135.473602,34.66664],[135.471016,34.665931],[135.470153,34.665222],[135.467567,34.662386],[135.465843,34.660968],[135.464119,34.658131],[135.463257,34.65884],[135.463257,34.657422],[135.460671,34.65884],[135.458085,34.660258],[135.457223,34.660968],[135.456361,34.662386],[135.454637,34.663804],[135.452913,34.665222],[135.456361,34.66664],[135.453775,34.668767],[135.450327,34.667349],[135.449465,34.668767],[135.449465,34.668767]]]}},{"type":"Feature","properties":{"kind":"zone","id":"minato_w","tier":"B","name":"大阪港・朝潮橋","parent":"港区","note":"港湾侧,冷清些"},"geometry":{"type":"Polygon","coordinates":[[[135.449465,34.668767],[135.450327,34.667349],[135.453775,34.668767],[135.456361,34.66664],[135.452913,34.665222],[135.454637,34.663804],[135.456361,34.662386],[135.457223,34.660968],[135.458085,34.660258],[135.460671,34.65884],[135.463257,34.657422],[135.460671,34.655295],[135.458085,34.656713],[135.460671,34.655295],[135.456361,34.648913],[135.454637,34.648204],[135.452913,34.647495],[135.452051,34.647495],[135.451189,34.648204],[135.451189,34.647495],[135.452051,34.647495],[135.448603,34.646076],[135.447741,34.646076],[135.444293,34.644658],[135.442569,34.645367],[135.446017,34.646785],[135.446879,34.646076],[135.446879,34.646785],[135.445155,34.647495],[135.446017,34.648204],[135.445155,34.648913],[135.445155,34.648204],[135.445155,34.648913],[135.444293,34.648913],[135.444293,34.648204],[135.443431,34.647495],[135.444293,34.647495],[135.439983,34.646076],[135.439121,34.646076],[135.438259,34.644658],[135.439121,34.646785],[135.435673,34.648204],[135.439121,34.649622],[135.439983,34.648913],[135.440845,34.649622],[135.439121,34.650331],[135.440845,34.653168],[135.441707,34.652459],[135.441707,34.653168],[135.440845,34.653877],[135.438259,34.655295],[135.437397,34.654586],[135.439983,34.653877],[135.439983,34.653168],[135.439121,34.651749],[135.438259,34.650331],[135.437397,34.65104],[135.433087,34.648913],[135.429638,34.65104],[135.429638,34.651749],[135.427914,34.65104],[135.42619,34.650331],[135.425328,34.65104],[135.427052,34.651749],[135.427914,34.651749],[135.428776,34.652459],[135.427914,34.654586],[135.428776,34.655295],[135.431363,34.657422],[135.432225,34.658131],[135.433087,34.658131],[135.433949,34.658131],[135.433949,34.657422],[135.435673,34.656004],[135.437397,34.655295],[135.437397,34.656004],[135.439121,34.656004],[135.439121,34.656713],[135.437397,34.657422],[135.438259,34.658131],[135.439121,34.659549],[135.439121,34.660258],[135.442569,34.660968],[135.445155,34.663804],[135.444293,34.663804],[135.446017,34.665222],[135.445155,34.665222],[135.447741,34.667349],[135.447741,34.668058],[135.449465,34.668767],[135.449465,34.668767]],[[135.449465,34.648204],[135.449465,34.648913],[135.450327,34.649622],[135.448603,34.650331],[135.451189,34.652459],[135.452051,34.653877],[135.453775,34.656004],[135.455499,34.658131],[135.458085,34.656713],[135.455499,34.65884],[135.453775,34.656713],[135.452913,34.656713],[135.450327,34.653168],[135.449465,34.653168],[135.446879,34.653877],[135.446879,34.653168],[135.449465,34.652459],[135.447741,34.65104],[135.444293,34.653168],[135.443431,34.652459],[135.442569,34.652459],[135.443431,34.653168],[135.440845,34.654586],[135.441707,34.653168],[135.442569,34.652459],[135.446017,34.649622],[135.446879,34.649622],[135.446017,34.648913],[135.446879,34.649622],[135.447741,34.649622],[135.449465,34.648913],[135.449465,34.648204],[135.449465,34.648204]],[[135.451189,34.648204],[135.450327,34.648913],[135.449465,34.648204],[135.450327,34.648204],[135.451189,34.648204],[135.451189,34.648204]]]}},{"type":"Feature","properties":{"kind":"zone","id":"taisho","tier":"B","name":"大正","parent":"大正区","note":"冲绳社区,北端有轨道内部靠公交"},"geometry":{"type":"MultiPolygon","coordinates":[[[[135.464119,34.658131],[135.465843,34.660968],[135.467567,34.662386],[135.470153,34.665222],[135.471016,34.665931],[135.473602,34.66664],[135.474464,34.66664],[135.480498,34.668058],[135.48136,34.66664],[135.48136,34.665222],[135.482222,34.663804],[135.482222,34.660258],[135.482222,34.659549],[135.48136,34.657422],[135.48136,34.655295],[135.480498,34.653168],[135.478774,34.650331],[135.478774,34.649622],[135.478774,34.648204],[135.478774,34.646785],[135.479636,34.643949],[135.479636,34.64253],[135.478774,34.639694],[135.478774,34.638275],[135.477912,34.636147],[135.477912,34.635438],[135.476188,34.632601],[135.473602,34.629055],[135.471878,34.629764],[135.473602,34.631182],[135.470153,34.631182],[135.468429,34.631892],[135.468429,34.631182],[135.471878,34.630473],[135.471878,34.629764],[135.469291,34.627636],[135.466705,34.627636],[135.461533,34.626927],[135.458085,34.625508],[135.456361,34.625508],[135.453775,34.626217],[135.448603,34.628345],[135.447741,34.630473],[135.448603,34.631182],[135.450327,34.630473],[135.453775,34.629055],[135.452913,34.631182],[135.452913,34.631892],[135.455499,34.631182],[135.455499,34.631892],[135.453775,34.631892],[135.452913,34.631892],[135.452913,34.63331],[135.454637,34.632601],[135.452913,34.63331],[135.467567,34.631182],[135.467567,34.631892],[135.465843,34.631892],[135.465843,34.632601],[135.465843,34.631892],[135.464119,34.631892],[135.462395,34.634729],[135.461533,34.636857],[135.461533,34.637566],[135.462395,34.638984],[135.464981,34.639694],[135.465843,34.641112],[135.463257,34.641112],[135.462395,34.64253],[135.466705,34.64324],[135.465843,34.644658],[135.461533,34.643949],[135.460671,34.645367],[135.465843,34.646785],[135.468429,34.646785],[135.469291,34.648913],[135.464981,34.648913],[135.462395,34.648204],[135.463257,34.648204],[135.459809,34.647495],[135.458947,34.648204],[135.459809,34.648913],[135.463257,34.653877],[135.461533,34.655295],[135.463257,34.656713],[135.464119,34.658131],[135.464119,34.658131]]],[[[135.462395,34.632601],[135.453775,34.63402],[135.452913,34.63402],[135.452913,34.634729],[135.451189,34.635438],[135.448603,34.634729],[135.446879,34.641112],[135.451189,34.64253],[135.451189,34.645367],[135.454637,34.646785],[135.457223,34.645367],[135.458085,34.644658],[135.458947,34.643949],[135.457223,34.64324],[135.457223,34.639694],[135.458085,34.636857],[135.460671,34.636857],[135.463257,34.632601],[135.462395,34.632601],[135.462395,34.632601]]],[[[135.458947,34.637566],[135.458085,34.637566],[135.458085,34.639694],[135.458085,34.640403],[135.457223,34.64253],[135.458085,34.64324],[135.458947,34.64324],[135.461533,34.640403],[135.460671,34.636857],[135.458947,34.637566],[135.458947,34.637566]]]]}},{"type":"Feature","properties":{"kind":"zone","id":"tennoji","tier":"S","name":"上本町・真田山・夕陽丘","parent":"天王寺区","note":"文教区全域稳"},"geometry":{"type":"Polygon","coordinates":[[[135.508944,34.648204],[135.506358,34.648913],[135.50722,34.650331],[135.508082,34.653168],[135.508082,34.653877],[135.509806,34.653877],[135.510668,34.658131],[135.510668,34.662386],[135.511531,34.66664],[135.515841,34.66664],[135.519289,34.665931],[135.519289,34.668058],[135.520151,34.671602],[135.521013,34.675856],[135.522737,34.675856],[135.528771,34.674438],[135.533081,34.674438],[135.533081,34.67302],[135.532219,34.671602],[135.532219,34.670893],[135.531357,34.667349],[135.530495,34.665222],[135.528771,34.660968],[135.527909,34.658131],[135.527909,34.657422],[135.527047,34.654586],[135.525323,34.65104],[135.525323,34.649622],[135.524461,34.648204],[135.522737,34.647495],[135.521875,34.646785],[135.521013,34.646076],[135.520151,34.646076],[135.518427,34.646076],[135.517565,34.646076],[135.514117,34.646785],[135.513255,34.646785],[135.508944,34.648204],[135.508944,34.648204]]]}},{"type":"Feature","properties":{"kind":"zone","id":"naniwa_shinsekai","tier":"C","name":"恵美須・新世界","parent":"浪速区","note":"混杂,邻あいりん"},"geometry":{"type":"Polygon","coordinates":[[[135.506358,34.648913],[135.503772,34.649622],[135.500324,34.650331],[135.501186,34.653168],[135.503772,34.652459],[135.504634,34.652459],[135.505496,34.654586],[135.505496,34.655295],[135.503772,34.655295],[135.503772,34.656004],[135.503772,34.657422],[135.50291,34.657422],[135.502048,34.657422],[135.50291,34.660968],[135.504634,34.660968],[135.504634,34.661677],[135.506358,34.661677],[135.506358,34.660968],[135.50722,34.660968],[135.509806,34.660258],[135.509806,34.662386],[135.510668,34.662386],[135.510668,34.658131],[135.509806,34.653877],[135.508082,34.653877],[135.508082,34.653168],[135.50722,34.650331],[135.506358,34.648913],[135.506358,34.648913]]]}},{"type":"Feature","properties":{"kind":"zone","id":"naniwa_minatomachi","tier":"B+","name":"湊町・桜川・難波中","parent":"浪速区","note":"极便利"},"geometry":{"type":"Polygon","coordinates":[[[135.48136,34.655295],[135.48136,34.657422],[135.482222,34.659549],[135.482222,34.660258],[135.482222,34.663804],[135.48136,34.665222],[135.48136,34.66664],[135.480498,34.668058],[135.48136,34.668767],[135.482222,34.669476],[135.486532,34.670185],[135.492566,34.669476],[135.496876,34.668767],[135.497738,34.668767],[135.499462,34.665931],[135.501186,34.663095],[135.50291,34.663804],[135.50291,34.663095],[135.506358,34.663095],[135.509806,34.662386],[135.509806,34.660258],[135.50722,34.660968],[135.506358,34.660968],[135.506358,34.661677],[135.504634,34.661677],[135.504634,34.660968],[135.50291,34.660968],[135.502048,34.657422],[135.50291,34.657422],[135.503772,34.657422],[135.503772,34.656004],[135.503772,34.655295],[135.505496,34.655295],[135.505496,34.654586],[135.504634,34.652459],[135.503772,34.652459],[135.501186,34.653168],[135.500324,34.650331],[135.496014,34.65104],[135.495152,34.651749],[135.492566,34.653168],[135.491704,34.653877],[135.490842,34.653877],[135.488256,34.653877],[135.487394,34.652459],[135.48567,34.651749],[135.48567,34.655295],[135.48567,34.657422],[135.484808,34.656713],[135.483946,34.656713],[135.482222,34.655295],[135.48136,34.655295],[135.48136,34.655295]]]}},{"type":"Feature","properties":{"kind":"zone","id":"nishiyodogawa","tier":"B","name":"御幣島・姫島・千船","parent":"西淀川区","note":"工薪区,便宜"},"geometry":{"type":"Polygon","coordinates":[[[135.410674,34.680109],[135.409812,34.680109],[135.408088,34.684363],[135.418432,34.686489],[135.41757,34.687907],[135.422742,34.692159],[135.427052,34.695703],[135.427914,34.697121],[135.427052,34.697121],[135.42619,34.696412],[135.422742,34.694994],[135.421018,34.693577],[135.415846,34.690742],[135.414122,34.689324],[135.410674,34.691451],[135.409812,34.692868],[135.40895,34.694994],[135.408088,34.696412],[135.409812,34.698538],[135.411536,34.699956],[135.41326,34.700664],[135.415846,34.702082],[135.418432,34.703499],[135.41757,34.704208],[135.420156,34.704916],[135.422742,34.705625],[135.424466,34.705625],[135.425328,34.706334],[135.42619,34.707042],[135.427914,34.709877],[135.429638,34.711294],[135.433087,34.71342],[135.434811,34.714128],[135.437397,34.714837],[135.440845,34.716254],[135.441707,34.716254],[135.444293,34.717671],[135.445155,34.717671],[135.446879,34.719088],[135.447741,34.720505],[135.448603,34.721923],[135.447741,34.72334],[135.447741,34.724757],[135.446017,34.726882],[135.446017,34.728299],[135.446017,34.729007],[135.451189,34.728299],[135.452913,34.72759],[135.454637,34.726882],[135.455499,34.726174],[135.457223,34.725465],[135.458947,34.724048],[135.459809,34.722631],[135.460671,34.721923],[135.467567,34.714128],[135.469291,34.712003],[135.47274,34.70846],[135.473602,34.707042],[135.467567,34.70279],[135.462395,34.699956],[135.458085,34.697829],[135.456361,34.697121],[135.451189,34.694286],[135.447741,34.692868],[135.441707,34.690033],[135.434811,34.687907],[135.430501,34.68578],[135.427914,34.685071],[135.410674,34.680109],[135.410674,34.680109]]]}},{"type":"Feature","properties":{"kind":"zone","id":"hyodogawa_kamishinjo","tier":"B+","name":"上新庄・相川・豊里","parent":"東淀川区","note":"大経大/成蹊大学生圈,便宜"},"geometry":{"type":"Polygon","coordinates":[[[135.527909,34.748842],[135.528771,34.74955],[135.528771,34.750258],[135.530495,34.750967],[135.530495,34.751675],[135.531357,34.752383],[135.531357,34.753091],[135.530495,34.753091],[135.529633,34.7538],[135.528771,34.7538],[135.528771,34.754508],[135.529633,34.755216],[135.530495,34.756633],[135.532219,34.758757],[135.532219,34.759465],[135.533943,34.760174],[135.537391,34.760882],[135.539115,34.760882],[135.539977,34.76159],[135.540839,34.763006],[135.540839,34.763714],[135.541701,34.765131],[135.541701,34.765839],[135.542563,34.767255],[135.543425,34.767963],[135.545149,34.768671],[135.546873,34.767963],[135.547735,34.767963],[135.548597,34.768671],[135.549459,34.768671],[135.550321,34.767963],[135.551184,34.767255],[135.551184,34.765839],[135.551184,34.764423],[135.549459,34.765839],[135.549459,34.765131],[135.550321,34.764423],[135.551184,34.763714],[135.550321,34.762298],[135.550321,34.760882],[135.550321,34.760174],[135.551184,34.759465],[135.550321,34.759465],[135.550321,34.758757],[135.551184,34.758757],[135.551184,34.758049],[135.552046,34.757341],[135.555494,34.756633],[135.555494,34.755924],[135.554632,34.755924],[135.552908,34.755924],[135.55377,34.755216],[135.554632,34.755216],[135.555494,34.755216],[135.556356,34.755924],[135.557218,34.755924],[135.559804,34.7538],[135.558942,34.753091],[135.557218,34.751675],[135.557218,34.750967],[135.556356,34.748134],[135.555494,34.746717],[135.555494,34.7453],[135.555494,34.744592],[135.555494,34.742467],[135.555494,34.74105],[135.554632,34.739634],[135.554632,34.738925],[135.55377,34.738217],[135.551184,34.7368],[135.549459,34.736092],[135.548597,34.735383],[135.546011,34.734675],[135.544287,34.733966],[135.539977,34.73255],[135.534805,34.73255],[135.534805,34.7368],[135.533081,34.738925],[135.532219,34.739634],[135.529633,34.74105],[135.532219,34.742467],[135.529633,34.743884],[135.529633,34.744592],[135.526185,34.743175],[135.527909,34.748134],[135.527909,34.748842],[135.527909,34.748842]]]}},{"type":"Feature","properties":{"kind":"zone","id":"hyodogawa_awaji","tier":"B-","name":"淡路・柴島","parent":"東淀川区","note":"老旧,再开发中"},"geometry":{"type":"Polygon","coordinates":[[[135.514117,34.720505],[135.512393,34.720505],[135.50722,34.719797],[135.503772,34.719797],[135.503772,34.72334],[135.503772,34.724757],[135.50291,34.726882],[135.502048,34.728299],[135.502048,34.730424],[135.502048,34.731841],[135.50291,34.734675],[135.50291,34.736092],[135.50291,34.7368],[135.504634,34.739634],[135.505496,34.740342],[135.504634,34.74105],[135.505496,34.743175],[135.506358,34.744592],[135.508082,34.744592],[135.509806,34.7453],[135.513255,34.748134],[135.514117,34.748842],[135.516703,34.74955],[135.518427,34.750258],[135.519289,34.750258],[135.519289,34.748842],[135.521013,34.748842],[135.522737,34.748842],[135.524461,34.748134],[135.525323,34.748134],[135.527047,34.748842],[135.527909,34.748842],[135.527909,34.748134],[135.526185,34.743175],[135.529633,34.744592],[135.529633,34.743884],[135.532219,34.742467],[135.529633,34.74105],[135.532219,34.739634],[135.533081,34.738925],[135.534805,34.7368],[135.534805,34.73255],[135.527047,34.73255],[135.527047,34.730424],[135.527047,34.731133],[135.523599,34.731133],[135.521875,34.729716],[135.522737,34.729007],[135.521013,34.72759],[135.519289,34.726882],[135.517565,34.724757],[135.515841,34.72334],[135.515841,34.722631],[135.514979,34.721214],[135.514117,34.720505],[135.514117,34.720505]]]}},{"type":"Feature","properties":{"kind":"zone","id":"higashinari","tier":"A","name":"今里・深江","parent":"東成区","note":"千日前线直达难波"},"geometry":{"type":"Polygon","coordinates":[[[135.530495,34.665222],[135.531357,34.667349],[135.532219,34.670893],[135.532219,34.671602],[135.533081,34.67302],[135.533081,34.674438],[135.533943,34.677983],[135.533943,34.678692],[135.533943,34.681527],[135.539115,34.681527],[135.540839,34.681527],[135.539977,34.682236],[135.539977,34.683654],[135.541701,34.682236],[135.546011,34.681527],[135.550321,34.681527],[135.552046,34.680818],[135.554632,34.680818],[135.556356,34.6794],[135.55808,34.6794],[135.563252,34.677983],[135.563252,34.677274],[135.563252,34.675856],[135.56239,34.675147],[135.56239,34.67302],[135.56239,34.672311],[135.561528,34.670893],[135.561528,34.669476],[135.56239,34.668058],[135.558942,34.668058],[135.557218,34.668058],[135.557218,34.664513],[135.55377,34.664513],[135.546011,34.665222],[135.539115,34.665931],[135.535667,34.665931],[135.533081,34.665222],[135.530495,34.665222],[135.530495,34.665222]]]}},{"type":"Feature","properties":{"kind":"zone","id":"ikuno_n","tier":"B-","name":"鶴橋・桃谷","parent":"生野区","note":"韩国城,热闹便宜"},"geometry":{"type":"Polygon","coordinates":[[[135.529633,34.643949],[135.528771,34.644658],[135.527047,34.645367],[135.524461,34.648204],[135.525323,34.649622],[135.525323,34.65104],[135.527047,34.654586],[135.527909,34.657422],[135.527909,34.658131],[135.528771,34.660968],[135.530495,34.665222],[135.533081,34.665222],[135.535667,34.665931],[135.539115,34.665931],[135.546011,34.665222],[135.546011,34.662386],[135.544287,34.662386],[135.544287,34.661677],[135.544287,34.65884],[135.541701,34.65884],[135.540839,34.654586],[135.540839,34.653877],[135.536529,34.653877],[135.536529,34.653168],[135.535667,34.653168],[135.535667,34.651749],[135.533081,34.651749],[135.533081,34.650331],[135.533943,34.648913],[135.533081,34.648204],[135.530495,34.648913],[135.529633,34.646076],[135.529633,34.643949],[135.529633,34.643949]]]}},{"type":"Feature","properties":{"kind":"zone","id":"ikuno_s","tier":"C","name":"巽・小路以南","parent":"生野区","note":"老旧密集,口碑中下"},"geometry":{"type":"Polygon","coordinates":[[[135.529633,34.643949],[135.529633,34.646076],[135.530495,34.648913],[135.533081,34.648204],[135.533943,34.648913],[135.533081,34.650331],[135.533081,34.651749],[135.535667,34.651749],[135.535667,34.653168],[135.536529,34.653168],[135.536529,34.653877],[135.540839,34.653877],[135.540839,34.654586],[135.541701,34.65884],[135.544287,34.65884],[135.544287,34.661677],[135.544287,34.662386],[135.546011,34.662386],[135.546011,34.665222],[135.55377,34.664513],[135.557218,34.664513],[135.557218,34.663804],[135.558942,34.663095],[135.561528,34.663095],[135.561528,34.662386],[135.561528,34.660968],[135.561528,34.660258],[135.561528,34.65884],[135.564114,34.65884],[135.564114,34.657422],[135.564114,34.656713],[135.563252,34.656713],[135.563252,34.656004],[135.560666,34.656004],[135.559804,34.656004],[135.55808,34.656004],[135.55808,34.655295],[135.558942,34.655295],[135.559804,34.654586],[135.559804,34.653168],[135.561528,34.653168],[135.561528,34.651749],[135.561528,34.650331],[135.560666,34.650331],[135.560666,34.646076],[135.560666,34.64324],[135.557218,34.64324],[135.557218,34.644658],[135.55377,34.643949],[135.55377,34.641821],[135.55377,34.641112],[135.55377,34.638275],[135.552908,34.638275],[135.552908,34.636857],[135.552046,34.636857],[135.552046,34.635438],[135.552908,34.636147],[135.552908,34.634729],[135.55377,34.634729],[135.554632,34.63331],[135.552046,34.63331],[135.551184,34.63402],[135.550321,34.634729],[135.549459,34.635438],[135.547735,34.636857],[135.545149,34.638275],[135.545149,34.639694],[135.545149,34.640403],[135.544287,34.641112],[135.541701,34.641112],[135.539115,34.641821],[135.537391,34.641821],[135.535667,34.640403],[135.534805,34.639694],[135.533081,34.641821],[135.532219,34.64253],[135.529633,34.643949],[135.529633,34.643949]]]}},{"type":"Feature","properties":{"kind":"zone","id":"asahi","tier":"B","name":"千林・森小路","parent":"旭区","note":"商店街物价低,老龄化"},"geometry":{"type":"Polygon","coordinates":[[[135.540839,34.711294],[135.539977,34.712711],[135.538253,34.714128],[135.534805,34.71838],[135.532219,34.721923],[135.530495,34.72334],[135.529633,34.726174],[135.527909,34.729007],[135.527047,34.730424],[135.527047,34.73255],[135.534805,34.73255],[135.539977,34.73255],[135.544287,34.733966],[135.546011,34.734675],[135.548597,34.735383],[135.549459,34.736092],[135.551184,34.7368],[135.55377,34.738217],[135.554632,34.738925],[135.554632,34.739634],[135.555494,34.74105],[135.555494,34.742467],[135.555494,34.744592],[135.555494,34.7453],[135.556356,34.744592],[135.557218,34.743884],[135.55808,34.742467],[135.559804,34.741759],[135.560666,34.74105],[135.561528,34.740342],[135.560666,34.739634],[135.560666,34.738217],[135.560666,34.7368],[135.558942,34.736092],[135.55808,34.735383],[135.556356,34.734675],[135.555494,34.734675],[135.554632,34.733966],[135.55377,34.733258],[135.554632,34.731133],[135.554632,34.730424],[135.554632,34.728299],[135.554632,34.726882],[135.554632,34.726174],[135.554632,34.724757],[135.55808,34.725465],[135.558942,34.725465],[135.559804,34.726174],[135.560666,34.725465],[135.561528,34.725465],[135.563252,34.724757],[135.564114,34.724757],[135.564976,34.724048],[135.564976,34.722631],[135.565838,34.721923],[135.565838,34.719797],[135.5667,34.719088],[135.567562,34.71838],[135.567562,34.717671],[135.567562,34.716963],[135.564114,34.717671],[135.56239,34.717671],[135.56239,34.716963],[135.563252,34.716254],[135.563252,34.714837],[135.56239,34.714837],[135.560666,34.714837],[135.551184,34.715546],[135.548597,34.715546],[135.546873,34.715546],[135.544287,34.714837],[135.543425,34.714128],[135.542563,34.71342],[135.540839,34.711294],[135.540839,34.711294]]]}},{"type":"Feature","properties":{"kind":"zone","id":"joto","tier":"A","name":"蒲生四丁目・野江・関目","parent":"城東区","note":"地铁+京阪双线,性价比好"},"geometry":{"type":"Polygon","coordinates":[[[135.533943,34.681527],[135.533943,34.682236],[135.533943,34.686489],[135.534805,34.689324],[135.535667,34.692159],[135.535667,34.693577],[135.534805,34.695703],[135.533943,34.697121],[135.535667,34.697121],[135.536529,34.698538],[135.536529,34.700664],[135.537391,34.70279],[135.536529,34.70279],[135.536529,34.704208],[135.536529,34.705625],[135.536529,34.706334],[135.536529,34.707751],[135.535667,34.70846],[135.537391,34.70846],[135.539115,34.709877],[135.540839,34.711294],[135.542563,34.71342],[135.543425,34.714128],[135.544287,34.714837],[135.546873,34.715546],[135.548597,34.715546],[135.551184,34.715546],[135.560666,34.714837],[135.559804,34.707042],[135.559804,34.704208],[135.559804,34.699956],[135.559804,34.695703],[135.559804,34.692159],[135.558942,34.687907],[135.564114,34.687198],[135.564976,34.687907],[135.5667,34.687907],[135.564976,34.687198],[135.567562,34.687198],[135.564976,34.687198],[135.564114,34.686489],[135.564976,34.686489],[135.564114,34.684363],[135.564114,34.683654],[135.564976,34.682945],[135.564114,34.682236],[135.564114,34.681527],[135.563252,34.680109],[135.563252,34.677983],[135.55808,34.6794],[135.556356,34.6794],[135.554632,34.680818],[135.552046,34.680818],[135.550321,34.681527],[135.546011,34.681527],[135.541701,34.682236],[135.539977,34.683654],[135.539977,34.682236],[135.540839,34.681527],[135.539115,34.681527],[135.533943,34.681527],[135.533943,34.681527]]]}},{"type":"Feature","properties":{"kind":"zone","id":"abeno","tier":"S","name":"阿倍野・昭和町・北畠","parent":"阿倍野区","note":"天王寺徒步圈+高级住宅带"},"geometry":{"type":"Polygon","coordinates":[[[135.496014,34.62338],[135.496876,34.626217],[135.496876,34.626927],[135.497738,34.627636],[135.4986,34.629055],[135.4986,34.628345],[135.499462,34.630473],[135.500324,34.630473],[135.500324,34.631892],[135.501186,34.632601],[135.502048,34.634729],[135.502048,34.635438],[135.50291,34.636147],[135.503772,34.638275],[135.504634,34.638275],[135.505496,34.640403],[135.506358,34.641821],[135.506358,34.64253],[135.50722,34.64324],[135.50722,34.643949],[135.508082,34.644658],[135.508082,34.646785],[135.508944,34.647495],[135.508944,34.648204],[135.513255,34.646785],[135.514117,34.646785],[135.517565,34.646076],[135.518427,34.646076],[135.520151,34.646076],[135.521013,34.646076],[135.521875,34.646785],[135.522737,34.647495],[135.524461,34.648204],[135.527047,34.645367],[135.528771,34.644658],[135.528771,34.643949],[135.527909,34.64253],[135.527909,34.641821],[135.527909,34.641112],[135.525323,34.637566],[135.523599,34.638275],[135.523599,34.634729],[135.523599,34.632601],[135.522737,34.631182],[135.521013,34.626217],[135.520151,34.62338],[135.517565,34.619124],[135.515841,34.616286],[135.510668,34.616995],[135.508944,34.616995],[135.508082,34.616995],[135.508082,34.617705],[135.508944,34.619124],[135.508082,34.619833],[135.508944,34.621961],[135.50722,34.621961],[135.503772,34.62338],[135.499462,34.624799],[135.4986,34.624799],[135.4986,34.624089],[135.4986,34.624799],[135.496876,34.62338],[135.496014,34.62338],[135.496014,34.62338]]]}},{"type":"Feature","properties":{"kind":"zone","id":"sumiyoshi_tez","tier":"S","name":"帝塚山","parent":"住吉区","note":"传统高级住宅"},"geometry":{"type":"Polygon","coordinates":[[[135.497738,34.619124],[135.496876,34.618414],[135.496014,34.618414],[135.49429,34.619124],[135.495152,34.620542],[135.495152,34.621961],[135.495152,34.621252],[135.492566,34.621252],[135.493428,34.62338],[135.496014,34.62338],[135.496876,34.62338],[135.4986,34.624799],[135.4986,34.624089],[135.4986,34.624799],[135.499462,34.624799],[135.503772,34.62338],[135.50722,34.621961],[135.508944,34.621961],[135.508082,34.619833],[135.508944,34.619124],[135.508082,34.617705],[135.508082,34.616995],[135.508944,34.616995],[135.510668,34.616995],[135.509806,34.612739],[135.509806,34.61132],[135.510668,34.61132],[135.510668,34.609191],[135.508082,34.609191],[135.50722,34.609191],[135.500324,34.609191],[135.501186,34.612029],[135.500324,34.612029],[135.497738,34.612029],[135.496876,34.609191],[135.496014,34.609901],[135.495152,34.609901],[135.49429,34.61061],[135.49429,34.61132],[135.49429,34.612029],[135.495152,34.612739],[135.49429,34.612739],[135.495152,34.615577],[135.496876,34.615577],[135.497738,34.616286],[135.497738,34.616995],[135.497738,34.619124],[135.497738,34.619124]]]}},{"type":"Feature","properties":{"kind":"zone","id":"sumiyoshi_rest","tier":"B+","name":"長居・我孫子・住吉大社","parent":"住吉区","note":"学生/庶民混合"},"geometry":{"type":"Polygon","coordinates":[[[135.487394,34.59642],[135.488256,34.599258],[135.489118,34.600677],[135.48998,34.604934],[135.491704,34.609901],[135.490842,34.609901],[135.48998,34.61061],[135.48998,34.612739],[135.490842,34.614158],[135.492566,34.621252],[135.495152,34.621252],[135.495152,34.621961],[135.495152,34.620542],[135.49429,34.619124],[135.496014,34.618414],[135.496876,34.618414],[135.497738,34.619124],[135.497738,34.616995],[135.497738,34.616286],[135.496876,34.615577],[135.495152,34.615577],[135.49429,34.612739],[135.495152,34.612739],[135.49429,34.612029],[135.49429,34.61132],[135.49429,34.61061],[135.495152,34.609901],[135.496014,34.609901],[135.496876,34.609191],[135.497738,34.612029],[135.500324,34.612029],[135.501186,34.612029],[135.500324,34.609191],[135.50722,34.609191],[135.508082,34.609191],[135.510668,34.609191],[135.510668,34.61132],[135.509806,34.61132],[135.509806,34.612739],[135.510668,34.616995],[135.515841,34.616286],[135.514117,34.613448],[135.514117,34.612029],[135.514117,34.61132],[135.514117,34.609191],[135.517565,34.609191],[135.523599,34.609191],[135.523599,34.608482],[135.522737,34.608482],[135.522737,34.604225],[135.522737,34.602096],[135.522737,34.599258],[135.522737,34.598549],[135.522737,34.597129],[135.522737,34.59642],[135.522737,34.59571],[135.522737,34.595001],[135.521875,34.594291],[135.517565,34.592162],[135.515841,34.591452],[135.510668,34.588614],[135.508944,34.587904],[135.50722,34.587195],[135.504634,34.586485],[135.50291,34.586485],[135.502048,34.586485],[135.500324,34.587195],[135.499462,34.587904],[135.4986,34.590743],[135.496876,34.592872],[135.496014,34.594291],[135.49429,34.595001],[135.490842,34.595001],[135.487394,34.59642],[135.487394,34.59642]]]}},{"type":"Feature","properties":{"kind":"zone","id":"higashisumiyoshi","tier":"B","name":"針中野・駒川・田辺","parent":"東住吉区","note":"庶民普通"},"geometry":{"type":"Polygon","coordinates":[[[135.522737,34.595001],[135.522737,34.59571],[135.522737,34.59642],[135.522737,34.597129],[135.522737,34.598549],[135.522737,34.599258],[135.522737,34.602096],[135.522737,34.604225],[135.522737,34.608482],[135.523599,34.608482],[135.523599,34.609191],[135.517565,34.609191],[135.514117,34.609191],[135.514117,34.61132],[135.514117,34.612029],[135.514117,34.613448],[135.515841,34.616286],[135.517565,34.619124],[135.520151,34.62338],[135.521013,34.626217],[135.522737,34.631182],[135.523599,34.632601],[135.523599,34.634729],[135.523599,34.638275],[135.525323,34.637566],[135.527909,34.641112],[135.527909,34.641821],[135.527909,34.64253],[135.528771,34.643949],[135.528771,34.644658],[135.529633,34.643949],[135.532219,34.64253],[135.533081,34.641821],[135.534805,34.639694],[135.535667,34.640403],[135.537391,34.641821],[135.539115,34.641821],[135.541701,34.641112],[135.544287,34.641112],[135.545149,34.640403],[135.545149,34.639694],[135.545149,34.638275],[135.547735,34.636857],[135.543425,34.632601],[135.543425,34.629055],[135.543425,34.625508],[135.540839,34.625508],[135.540839,34.617705],[135.540839,34.614867],[135.540839,34.614158],[135.540839,34.613448],[135.540839,34.61132],[135.540839,34.609191],[135.544287,34.609191],[135.544287,34.607772],[135.544287,34.599258],[135.543425,34.599258],[135.541701,34.599258],[135.540839,34.599258],[135.533943,34.599258],[135.532219,34.598549],[135.531357,34.598549],[135.532219,34.59642],[135.531357,34.59642],[135.531357,34.595001],[135.529633,34.595001],[135.530495,34.590743],[135.530495,34.589324],[135.530495,34.591452],[135.529633,34.595001],[135.529633,34.594291],[135.528771,34.595001],[135.526185,34.595001],[135.525323,34.59571],[135.522737,34.595001],[135.522737,34.595001]]]}},{"type":"Feature","properties":{"kind":"zone","id":"nishinari_n","tier":"D","name":"あいりん(萩之茶屋・太子・山王)","parent":"西成区","note":"全府唯一治安劝退级"},"geometry":{"type":"Polygon","coordinates":[[[135.490842,34.653877],[135.491704,34.653877],[135.492566,34.653168],[135.495152,34.651749],[135.496014,34.65104],[135.500324,34.650331],[135.503772,34.649622],[135.506358,34.648913],[135.508944,34.648204],[135.508944,34.647495],[135.508082,34.646785],[135.508082,34.644658],[135.50722,34.643949],[135.50722,34.64324],[135.506358,34.64253],[135.506358,34.641821],[135.505496,34.640403],[135.501186,34.641112],[135.501186,34.64253],[135.4986,34.64324],[135.496876,34.64324],[135.496876,34.647495],[135.493428,34.647495],[135.493428,34.648204],[135.493428,34.651749],[135.490842,34.652459],[135.490842,34.653877],[135.490842,34.653877]]]}},{"type":"Feature","properties":{"kind":"zone","id":"nishinari_s","tier":"C+","name":"天下茶屋・岸里・玉出","parent":"西成区","note":"超便宜,其实能正常住"},"geometry":{"type":"Polygon","coordinates":[[[135.474464,34.628345],[135.473602,34.629055],[135.476188,34.632601],[135.477912,34.635438],[135.477912,34.636147],[135.478774,34.638275],[135.478774,34.639694],[135.479636,34.64253],[135.479636,34.643949],[135.478774,34.646785],[135.478774,34.648204],[135.478774,34.649622],[135.478774,34.650331],[135.480498,34.653168],[135.48136,34.655295],[135.482222,34.655295],[135.483946,34.656713],[135.484808,34.656713],[135.48567,34.657422],[135.48567,34.655295],[135.48567,34.651749],[135.487394,34.652459],[135.488256,34.653877],[135.490842,34.653877],[135.490842,34.652459],[135.493428,34.651749],[135.493428,34.648204],[135.493428,34.647495],[135.496876,34.647495],[135.496876,34.64324],[135.4986,34.64324],[135.501186,34.64253],[135.501186,34.641112],[135.505496,34.640403],[135.504634,34.638275],[135.503772,34.638275],[135.50291,34.636147],[135.502048,34.635438],[135.502048,34.634729],[135.501186,34.632601],[135.500324,34.631892],[135.500324,34.630473],[135.499462,34.630473],[135.4986,34.628345],[135.4986,34.629055],[135.497738,34.627636],[135.496876,34.626927],[135.496876,34.626217],[135.496014,34.62338],[135.493428,34.62338],[135.491704,34.62338],[135.490842,34.62338],[135.482222,34.621961],[135.482222,34.624799],[135.480498,34.625508],[135.476188,34.626927],[135.476188,34.627636],[135.474464,34.628345],[135.474464,34.628345]]]}},{"type":"Feature","properties":{"kind":"zone","id":"yodogawa_juso","tier":"B-","name":"十三","parent":"淀川区","note":"饮食街混杂"},"geometry":{"type":"Polygon","coordinates":[[[135.49429,34.71838],[135.492566,34.717671],[135.48998,34.716254],[135.48567,34.714128],[135.479636,34.709877],[135.47705,34.712711],[135.475326,34.714837],[135.476188,34.716963],[135.473602,34.717671],[135.474464,34.719088],[135.474464,34.719797],[135.474464,34.721923],[135.473602,34.722631],[135.47274,34.722631],[135.470153,34.721214],[135.469291,34.721214],[135.468429,34.721923],[135.469291,34.72334],[135.480498,34.72759],[135.48136,34.72759],[135.484808,34.729007],[135.488256,34.729716],[135.48998,34.726882],[135.48998,34.725465],[135.48998,34.72334],[135.491704,34.72334],[135.490842,34.722631],[135.49429,34.71838],[135.49429,34.71838]]]}},{"type":"Feature","properties":{"kind":"zone","id":"yodogawa_nakajima","tier":"B","name":"西中島・塚本・神崎川","parent":"淀川区","note":"单身便利,西中島风俗多"},"geometry":{"type":"Polygon","coordinates":[[[135.446017,34.729007],[135.446017,34.731133],[135.446017,34.731841],[135.447741,34.733258],[135.448603,34.733966],[135.449465,34.734675],[135.455499,34.734675],[135.456361,34.733966],[135.459809,34.733258],[135.461533,34.73255],[135.463257,34.731841],[135.464981,34.731841],[135.466705,34.731841],[135.466705,34.730424],[135.467567,34.731133],[135.470153,34.731133],[135.470153,34.731841],[135.470153,34.73255],[135.471878,34.733258],[135.47274,34.733966],[135.474464,34.735383],[135.476188,34.736092],[135.478774,34.7368],[135.479636,34.737508],[135.480498,34.738217],[135.482222,34.738925],[135.482222,34.739634],[135.48136,34.740342],[135.48136,34.741759],[135.482222,34.741759],[135.483084,34.741759],[135.484808,34.744592],[135.483946,34.7453],[135.483946,34.746717],[135.483946,34.747425],[135.48567,34.748134],[135.48567,34.748842],[135.486532,34.748134],[135.487394,34.748842],[135.489118,34.746717],[135.489118,34.747425],[135.490842,34.746009],[135.490842,34.744592],[135.489118,34.743175],[135.48998,34.738925],[135.489118,34.738925],[135.48998,34.7368],[135.49429,34.737508],[135.49429,34.733966],[135.48998,34.733258],[135.48998,34.730424],[135.493428,34.731841],[135.493428,34.730424],[135.49429,34.729007],[135.496014,34.729007],[135.4986,34.729716],[135.4986,34.728299],[135.502048,34.728299],[135.50291,34.726882],[135.503772,34.724757],[135.503772,34.72334],[135.503772,34.719797],[135.497738,34.719797],[135.496014,34.719797],[135.49429,34.71838],[135.490842,34.722631],[135.491704,34.72334],[135.48998,34.72334],[135.48998,34.725465],[135.48998,34.726882],[135.488256,34.729716],[135.484808,34.729007],[135.48136,34.72759],[135.480498,34.72759],[135.469291,34.72334],[135.468429,34.721923],[135.469291,34.721214],[135.470153,34.721214],[135.47274,34.722631],[135.473602,34.722631],[135.474464,34.721923],[135.474464,34.719797],[135.474464,34.719088],[135.473602,34.717671],[135.476188,34.716963],[135.475326,34.714837],[135.47705,34.712711],[135.479636,34.709877],[135.47705,34.70846],[135.474464,34.707042],[135.473602,34.707042],[135.47274,34.70846],[135.469291,34.712003],[135.467567,34.714128],[135.460671,34.721923],[135.459809,34.722631],[135.458947,34.724048],[135.457223,34.725465],[135.455499,34.726174],[135.454637,34.726882],[135.452913,34.72759],[135.451189,34.728299],[135.446017,34.729007],[135.446017,34.729007]]]}},{"type":"Feature","properties":{"kind":"zone","id":"yodogawa_shinosaka","tier":"B+","name":"新大阪・東三国","parent":"淀川区","note":"出差通勤便利"},"geometry":{"type":"Polygon","coordinates":[[[135.487394,34.748842],[135.488256,34.74955],[135.489118,34.750258],[135.48998,34.750967],[135.490842,34.750967],[135.492566,34.750967],[135.49429,34.750967],[135.495152,34.750967],[135.496014,34.750967],[135.497738,34.750258],[135.499462,34.750258],[135.500324,34.74955],[135.500324,34.748842],[135.499462,34.748134],[135.505496,34.7453],[135.506358,34.744592],[135.505496,34.743175],[135.504634,34.74105],[135.505496,34.740342],[135.504634,34.739634],[135.50291,34.7368],[135.50291,34.736092],[135.50291,34.734675],[135.502048,34.731841],[135.502048,34.730424],[135.502048,34.728299],[135.4986,34.728299],[135.4986,34.729716],[135.496014,34.729007],[135.49429,34.729007],[135.493428,34.730424],[135.493428,34.731841],[135.48998,34.730424],[135.48998,34.733258],[135.49429,34.733966],[135.49429,34.737508],[135.48998,34.7368],[135.489118,34.738925],[135.48998,34.738925],[135.489118,34.743175],[135.490842,34.744592],[135.490842,34.746009],[135.489118,34.747425],[135.489118,34.746717],[135.487394,34.748842],[135.487394,34.748842]]]}},{"type":"Feature","properties":{"kind":"zone","id":"tsurumi","tier":"A","name":"横堤・今福鶴見","parent":"鶴見区","note":"家庭向,绿地公园圈"},"geometry":{"type":"Polygon","coordinates":[[[135.5667,34.687907],[135.564976,34.687907],[135.564114,34.687198],[135.558942,34.687907],[135.559804,34.692159],[135.559804,34.695703],[135.559804,34.699956],[135.559804,34.704208],[135.559804,34.707042],[135.560666,34.714837],[135.56239,34.714837],[135.563252,34.714837],[135.563252,34.716254],[135.56239,34.716963],[135.56239,34.717671],[135.564114,34.717671],[135.567562,34.716963],[135.567562,34.717671],[135.568424,34.715546],[135.569286,34.712711],[135.568424,34.712003],[135.569286,34.711294],[135.569286,34.709877],[135.570148,34.709877],[135.570148,34.709168],[135.572734,34.70846],[135.574458,34.70846],[135.574458,34.709168],[135.574458,34.712711],[135.577044,34.712711],[135.576182,34.715546],[135.57532,34.716254],[135.57532,34.716963],[135.57963,34.716963],[135.581354,34.716963],[135.582216,34.716963],[135.583078,34.717671],[135.583078,34.71838],[135.582216,34.71838],[135.583078,34.719088],[135.582216,34.719088],[135.582216,34.720505],[135.583078,34.720505],[135.583078,34.719797],[135.58394,34.719797],[135.583078,34.720505],[135.583078,34.721214],[135.582216,34.721214],[135.582216,34.721923],[135.583078,34.721923],[135.583078,34.72334],[135.583078,34.721923],[135.58394,34.721923],[135.58394,34.722631],[135.584802,34.721923],[135.585664,34.721923],[135.586526,34.721214],[135.587388,34.720505],[135.586526,34.720505],[135.586526,34.719797],[135.587388,34.719797],[135.587388,34.719088],[135.587388,34.71838],[135.587388,34.717671],[135.587388,34.716254],[135.586526,34.715546],[135.586526,34.714128],[135.585664,34.712711],[135.585664,34.711294],[135.586526,34.711294],[135.587388,34.710585],[135.587388,34.712711],[135.589112,34.71342],[135.589974,34.71342],[135.590836,34.714128],[135.593423,34.71342],[135.596009,34.714128],[135.598595,34.714128],[135.599457,34.714128],[135.596871,34.707042],[135.592561,34.707042],[135.590836,34.707042],[135.592561,34.706334],[135.593423,34.704916],[135.594285,34.704208],[135.595147,34.703499],[135.592561,34.703499],[135.590836,34.702082],[135.589974,34.702082],[135.589974,34.701373],[135.589974,34.700664],[135.589112,34.699956],[135.58825,34.699247],[135.587388,34.698538],[135.586526,34.698538],[135.584802,34.698538],[135.583078,34.697829],[135.582216,34.695703],[135.581354,34.693577],[135.581354,34.692868],[135.580492,34.690742],[135.57963,34.690033],[135.577044,34.688615],[135.577044,34.687907],[135.574458,34.687907],[135.572734,34.688615],[135.573596,34.687907],[135.572734,34.687907],[135.57101,34.687907],[135.570148,34.687907],[135.570148,34.687198],[135.567562,34.687907],[135.5667,34.687907],[135.5667,34.687907]]]}},{"type":"Feature","properties":{"kind":"zone","id":"suminoe_n","tier":"B","name":"住之江公園・北加賀屋","parent":"住之江区","note":"普通"},"geometry":{"type":"Polygon","coordinates":[[[135.464119,34.603515],[135.464981,34.606353],[135.465843,34.608482],[135.465843,34.609901],[135.466705,34.614867],[135.470153,34.614867],[135.470153,34.616286],[135.469291,34.616995],[135.470153,34.620542],[135.462395,34.620542],[135.462395,34.621252],[135.463257,34.624799],[135.464119,34.624799],[135.467567,34.626217],[135.468429,34.625508],[135.469291,34.626217],[135.471016,34.626217],[135.471878,34.626927],[135.471878,34.626217],[135.473602,34.627636],[135.474464,34.628345],[135.476188,34.627636],[135.476188,34.626927],[135.480498,34.625508],[135.482222,34.624799],[135.482222,34.621961],[135.490842,34.62338],[135.491704,34.62338],[135.493428,34.62338],[135.492566,34.621252],[135.490842,34.614158],[135.48998,34.612739],[135.48998,34.61061],[135.490842,34.609901],[135.491704,34.609901],[135.48998,34.604934],[135.489118,34.600677],[135.488256,34.599258],[135.487394,34.59642],[135.483946,34.597129],[135.48136,34.597839],[135.477912,34.598549],[135.473602,34.599968],[135.471878,34.601387],[135.468429,34.602096],[135.464119,34.603515],[135.464119,34.603515]]]}},{"type":"Feature","properties":{"kind":"zone","id":"suminoe_nanko","tier":"C+","name":"南港(咲洲)","parent":"住之江区","note":"人工岛,孤岛感"},"geometry":{"type":"Polygon","coordinates":[[[135.462395,34.620542],[135.470153,34.620542],[135.469291,34.616995],[135.470153,34.616286],[135.470153,34.614867],[135.466705,34.614867],[135.465843,34.609901],[135.465843,34.608482],[135.464981,34.606353],[135.464119,34.603515],[135.463257,34.603515],[135.462395,34.604225],[135.457223,34.605644],[135.451189,34.607063],[135.446017,34.608482],[135.446879,34.61061],[135.434811,34.61061],[135.423604,34.61061],[135.423604,34.61132],[135.419294,34.61132],[135.419294,34.61061],[135.41757,34.61061],[135.416708,34.612029],[135.403778,34.612029],[135.402916,34.612029],[135.399468,34.620542],[135.402054,34.620542],[135.403778,34.619833],[135.412398,34.619833],[135.414122,34.619124],[135.414984,34.619833],[135.416708,34.619124],[135.416708,34.619833],[135.418432,34.619833],[135.420156,34.612739],[135.419294,34.612739],[135.419294,34.612029],[135.423604,34.612029],[135.423604,34.614158],[135.423604,34.619124],[135.42619,34.617705],[135.42619,34.616995],[135.427052,34.613448],[135.433087,34.612739],[135.433087,34.614867],[135.430501,34.616286],[135.430501,34.617705],[135.431363,34.616995],[135.431363,34.618414],[135.430501,34.618414],[135.430501,34.619124],[135.431363,34.619124],[135.431363,34.619833],[135.430501,34.619833],[135.431363,34.619833],[135.431363,34.621252],[135.430501,34.621252],[135.431363,34.621252],[135.431363,34.621961],[135.433087,34.621961],[135.432225,34.624089],[135.427052,34.62338],[135.42188,34.621961],[135.420156,34.626217],[135.410674,34.625508],[135.407226,34.629764],[135.411536,34.631892],[135.414122,34.634729],[135.414984,34.634729],[135.412398,34.636857],[135.411536,34.636857],[135.40895,34.634729],[135.406364,34.63331],[135.40464,34.631892],[135.398606,34.631182],[135.398606,34.638275],[135.398606,34.638984],[135.41326,34.643949],[135.416708,34.644658],[135.41757,34.643949],[135.418432,34.643949],[135.424466,34.64253],[135.427914,34.64324],[135.432225,34.643949],[135.433087,34.64324],[135.433949,34.64324],[135.436535,34.64253],[135.438259,34.644658],[135.436535,34.64253],[135.438259,34.641821],[135.438259,34.641112],[135.439121,34.641112],[135.439983,34.636147],[135.441707,34.629055],[135.440845,34.628345],[135.440845,34.627636],[135.436535,34.626217],[135.433949,34.624799],[135.433087,34.624089],[135.433949,34.62338],[135.439121,34.625508],[135.440845,34.626217],[135.442569,34.620542],[135.446017,34.621961],[135.446879,34.621961],[135.448603,34.621961],[135.448603,34.624799],[135.450327,34.624089],[135.451189,34.624089],[135.453775,34.62338],[135.456361,34.62338],[135.457223,34.62338],[135.458947,34.624089],[135.459809,34.624089],[135.462395,34.624799],[135.462395,34.62338],[135.461533,34.620542],[135.462395,34.620542],[135.462395,34.620542]],[[135.462395,34.620542],[135.461533,34.620542],[135.461533,34.616995],[135.460671,34.615577],[135.461533,34.615577],[135.462395,34.620542],[135.462395,34.620542]],[[135.445155,34.618414],[135.447741,34.617705],[135.447741,34.618414],[135.450327,34.617705],[135.454637,34.616995],[135.460671,34.615577],[135.460671,34.616286],[135.457223,34.616995],[135.451189,34.618414],[135.447741,34.619124],[135.447741,34.621961],[135.446879,34.621961],[135.442569,34.619833],[135.442569,34.618414],[135.445155,34.618414],[135.445155,34.618414]]]}},{"type":"Feature","properties":{"kind":"zone","id":"hirano_c","tier":"B","name":"平野・喜連瓜破・加美","parent":"平野区","note":"普通"},"geometry":{"type":"Polygon","coordinates":[[[135.547735,34.636857],[135.549459,34.635438],[135.550321,34.634729],[135.551184,34.63402],[135.552046,34.63331],[135.554632,34.63331],[135.55377,34.634729],[135.552908,34.634729],[135.552908,34.636147],[135.552046,34.635438],[135.552046,34.636857],[135.552908,34.636857],[135.552908,34.638275],[135.55377,34.638275],[135.55377,34.641112],[135.55377,34.641821],[135.55377,34.643949],[135.557218,34.644658],[135.557218,34.64324],[135.560666,34.64324],[135.561528,34.641112],[135.565838,34.641112],[135.565838,34.638275],[135.568424,34.638275],[135.568424,34.63402],[135.571872,34.634729],[135.571872,34.63402],[135.574458,34.63402],[135.574458,34.632601],[135.574458,34.630473],[135.576182,34.630473],[135.576182,34.628345],[135.576182,34.627636],[135.577044,34.626927],[135.577044,34.626217],[135.576182,34.626217],[135.576182,34.624799],[135.576182,34.624089],[135.57532,34.624089],[135.57532,34.621961],[135.57532,34.620542],[135.57532,34.619833],[135.57532,34.618414],[135.574458,34.618414],[135.573596,34.618414],[135.572734,34.619124],[135.57101,34.619833],[135.569286,34.619833],[135.569286,34.620542],[135.568424,34.620542],[135.568424,34.621252],[135.567562,34.621252],[135.5667,34.621252],[135.564976,34.621252],[135.563252,34.621252],[135.563252,34.621961],[135.56239,34.62338],[135.56239,34.621961],[135.561528,34.619124],[135.56239,34.617705],[135.559804,34.618414],[135.558942,34.618414],[135.558942,34.615577],[135.55808,34.612029],[135.557218,34.609191],[135.55808,34.609191],[135.55808,34.605644],[135.55808,34.603515],[135.557218,34.603515],[135.557218,34.602096],[135.557218,34.600677],[135.557218,34.599968],[135.556356,34.599258],[135.554632,34.599258],[135.554632,34.598549],[135.555494,34.598549],[135.561528,34.59642],[135.56239,34.59642],[135.56239,34.59571],[135.564114,34.59571],[135.564114,34.594291],[135.56239,34.595001],[135.558942,34.595001],[135.557218,34.595001],[135.554632,34.595001],[135.552046,34.595001],[135.549459,34.595001],[135.550321,34.59571],[135.549459,34.59571],[135.548597,34.595001],[135.547735,34.595001],[135.544287,34.595001],[135.544287,34.59642],[135.544287,34.597129],[135.543425,34.599258],[135.544287,34.599258],[135.544287,34.607772],[135.544287,34.609191],[135.540839,34.609191],[135.540839,34.61132],[135.540839,34.613448],[135.540839,34.614158],[135.540839,34.614867],[135.540839,34.617705],[135.540839,34.625508],[135.543425,34.625508],[135.543425,34.629055],[135.543425,34.632601],[135.547735,34.636857],[135.547735,34.636857]]]}},{"type":"Feature","properties":{"kind":"zone","id":"hirano_s","tier":"C+","name":"出戸・長吉","parent":"平野区","note":"南部口碑偏弱"},"geometry":{"type":"Polygon","coordinates":[[[135.564114,34.59642],[135.564114,34.59571],[135.56239,34.59571],[135.56239,34.59642],[135.561528,34.59642],[135.555494,34.598549],[135.554632,34.598549],[135.554632,34.599258],[135.556356,34.599258],[135.557218,34.599968],[135.557218,34.600677],[135.557218,34.602096],[135.557218,34.603515],[135.55808,34.603515],[135.55808,34.605644],[135.55808,34.609191],[135.557218,34.609191],[135.55808,34.612029],[135.558942,34.615577],[135.558942,34.618414],[135.559804,34.618414],[135.56239,34.617705],[135.56239,34.616995],[135.563252,34.616995],[135.564114,34.616286],[135.564976,34.616995],[135.564976,34.616286],[135.565838,34.616286],[135.5667,34.616286],[135.5667,34.615577],[135.567562,34.615577],[135.567562,34.614867],[135.569286,34.614867],[135.569286,34.613448],[135.571872,34.613448],[135.574458,34.613448],[135.574458,34.614867],[135.573596,34.616286],[135.573596,34.616995],[135.574458,34.615577],[135.574458,34.614867],[135.576182,34.614867],[135.577906,34.614867],[135.577906,34.613448],[135.576182,34.613448],[135.576182,34.612029],[135.580492,34.612029],[135.581354,34.612029],[135.583078,34.612029],[135.583078,34.61061],[135.584802,34.609191],[135.585664,34.609191],[135.586526,34.609191],[135.587388,34.608482],[135.587388,34.607772],[135.587388,34.604934],[135.585664,34.604934],[135.585664,34.604225],[135.584802,34.604225],[135.584802,34.603515],[135.58394,34.603515],[135.58394,34.602806],[135.581354,34.602806],[135.581354,34.602096],[135.581354,34.600677],[135.57963,34.600677],[135.580492,34.597129],[135.580492,34.59571],[135.57963,34.594291],[135.577906,34.593581],[135.577044,34.592872],[135.572734,34.593581],[135.571872,34.593581],[135.571872,34.592872],[135.57101,34.592872],[135.571872,34.592872],[135.572734,34.592162],[135.570148,34.592872],[135.570148,34.591452],[135.57101,34.589324],[135.57101,34.588614],[135.57101,34.587195],[135.569286,34.587195],[135.569286,34.588614],[135.569286,34.590033],[135.568424,34.591452],[135.567562,34.592162],[135.567562,34.592872],[135.5667,34.593581],[135.5667,34.594291],[135.5667,34.59571],[135.564114,34.59642],[135.564114,34.59642]]]}},{"type":"Feature","properties":{"kind":"zone","id":"kita_nakazaki","tier":"S-","name":"中崎町・南森町・扇町","parent":"北区","note":"安静文艺,徒步梅田"},"geometry":{"type":"Polygon","coordinates":[[[135.492566,34.717671],[135.49429,34.71838],[135.496014,34.719797],[135.497738,34.719797],[135.503772,34.719797],[135.503772,34.716963],[135.50291,34.714128],[135.50291,34.71342],[135.503772,34.71342],[135.503772,34.712003],[135.50722,34.712003],[135.50722,34.711294],[135.50722,34.70846],[135.509806,34.70846],[135.509806,34.706334],[135.510668,34.705625],[135.510668,34.706334],[135.512393,34.706334],[135.512393,34.70846],[135.515841,34.70846],[135.515841,34.709168],[135.518427,34.70846],[135.517565,34.707042],[135.517565,34.705625],[135.518427,34.704208],[135.519289,34.70279],[135.521013,34.700664],[135.522737,34.698538],[135.522737,34.697829],[135.522737,34.695703],[135.522737,34.694994],[135.521875,34.693577],[135.520151,34.691451],[135.517565,34.691451],[135.514117,34.691451],[135.511531,34.692159],[135.511531,34.692868],[135.510668,34.694286],[135.509806,34.694286],[135.508944,34.697829],[135.506358,34.697829],[135.506358,34.699956],[135.505496,34.702082],[135.504634,34.702082],[135.504634,34.703499],[135.504634,34.704208],[135.503772,34.704916],[135.502048,34.704916],[135.501186,34.705625],[135.500324,34.706334],[135.500324,34.709168],[135.496876,34.709168],[135.496014,34.709168],[135.496014,34.709877],[135.496876,34.710585],[135.4986,34.712711],[135.4986,34.71342],[135.496876,34.71342],[135.496014,34.712711],[135.495152,34.712003],[135.495152,34.714837],[135.492566,34.717671],[135.492566,34.717671]]]}},{"type":"Feature","properties":{"kind":"zone","id":"kita_tenroku","tier":"A","name":"天神橋六丁目〜長柄","parent":"北区","note":"商店街便利,略混杂"},"geometry":{"type":"Polygon","coordinates":[[[135.503772,34.719797],[135.50722,34.719797],[135.512393,34.720505],[135.514117,34.720505],[135.514979,34.720505],[135.515841,34.719797],[135.519289,34.719088],[135.520151,34.717671],[135.521013,34.715546],[135.521875,34.714837],[135.521875,34.71342],[135.521013,34.712003],[135.521013,34.711294],[135.519289,34.709168],[135.518427,34.70846],[135.515841,34.709168],[135.515841,34.70846],[135.512393,34.70846],[135.512393,34.706334],[135.510668,34.706334],[135.510668,34.705625],[135.509806,34.706334],[135.509806,34.70846],[135.50722,34.70846],[135.50722,34.711294],[135.50722,34.712003],[135.503772,34.712003],[135.503772,34.71342],[135.50291,34.71342],[135.50291,34.714128],[135.503772,34.716963],[135.503772,34.719797],[135.503772,34.719797]]]}},{"type":"Feature","properties":{"kind":"zone","id":"kita_umeda","tier":"S","name":"梅田・中之島・堂島","parent":"北区","note":"顶级商圈徒步圈,房租最贵档"},"geometry":{"type":"Polygon","coordinates":[[[135.48136,34.684363],[135.482222,34.686489],[135.484808,34.689324],[135.487394,34.691451],[135.487394,34.692159],[135.48998,34.692868],[135.490842,34.693577],[135.48998,34.695703],[135.48998,34.696412],[135.48998,34.698538],[135.48998,34.699247],[135.48998,34.700664],[135.490842,34.70279],[135.48998,34.70279],[135.488256,34.702082],[135.488256,34.701373],[135.486532,34.701373],[135.48567,34.700664],[135.483946,34.699956],[135.483946,34.699247],[135.483084,34.699956],[135.480498,34.700664],[135.478774,34.702082],[135.477912,34.70279],[135.474464,34.707042],[135.47705,34.70846],[135.479636,34.709877],[135.48567,34.714128],[135.48998,34.716254],[135.492566,34.717671],[135.495152,34.714837],[135.495152,34.712003],[135.496014,34.712711],[135.496876,34.71342],[135.4986,34.71342],[135.4986,34.712711],[135.496876,34.710585],[135.496014,34.709877],[135.496014,34.709168],[135.496876,34.709168],[135.500324,34.709168],[135.500324,34.706334],[135.501186,34.705625],[135.502048,34.704916],[135.503772,34.704916],[135.504634,34.704208],[135.504634,34.703499],[135.504634,34.702082],[135.505496,34.702082],[135.506358,34.699956],[135.506358,34.697829],[135.508944,34.697829],[135.509806,34.694286],[135.510668,34.694286],[135.511531,34.692868],[135.511531,34.692159],[135.514117,34.691451],[135.512393,34.690742],[135.510668,34.690742],[135.508944,34.691451],[135.506358,34.692159],[135.503772,34.692868],[135.501186,34.692868],[135.499462,34.692868],[135.497738,34.692868],[135.495152,34.692868],[135.49429,34.692159],[135.491704,34.690033],[135.486532,34.687198],[135.484808,34.686489],[135.482222,34.685071],[135.48136,34.684363],[135.48136,34.684363]]]}},{"type":"Feature","properties":{"kind":"zone","id":"chuo_uemachi","tier":"S","name":"上町・玉造口・谷町","parent":"中央区","note":"高台文教住宅"},"geometry":{"type":"Polygon","coordinates":[[[135.512393,34.6794],[135.511531,34.682236],[135.511531,34.687198],[135.511531,34.689324],[135.509806,34.689324],[135.509806,34.690033],[135.510668,34.690742],[135.512393,34.690742],[135.514117,34.691451],[135.517565,34.691451],[135.520151,34.691451],[135.521013,34.691451],[135.522737,34.690742],[135.523599,34.691451],[135.526185,34.692159],[135.530495,34.694286],[135.533081,34.694994],[135.534805,34.695703],[135.535667,34.693577],[135.535667,34.692159],[135.534805,34.689324],[135.533943,34.686489],[135.533943,34.682236],[135.533943,34.681527],[135.533943,34.678692],[135.533943,34.677983],[135.533081,34.674438],[135.528771,34.674438],[135.522737,34.675856],[135.521013,34.675856],[135.520151,34.671602],[135.515841,34.671602],[135.510668,34.671602],[135.510668,34.673729],[135.511531,34.673729],[135.512393,34.673729],[135.512393,34.676565],[135.511531,34.676565],[135.512393,34.677274],[135.512393,34.678692],[135.512393,34.6794],[135.512393,34.6794]]]}},{"type":"Feature","properties":{"kind":"zone","id":"chuo_shimanouchi","tier":"B","name":"島之内・千日前・道頓堀","parent":"中央区","note":"极便利但吵,风俗店密"},"geometry":{"type":"Polygon","coordinates":[[[135.496876,34.668767],[135.497738,34.675856],[135.497738,34.678692],[135.4986,34.678692],[135.502048,34.678692],[135.510668,34.678692],[135.510668,34.6794],[135.512393,34.6794],[135.512393,34.678692],[135.512393,34.677274],[135.511531,34.676565],[135.512393,34.676565],[135.512393,34.673729],[135.511531,34.673729],[135.510668,34.673729],[135.510668,34.671602],[135.515841,34.671602],[135.520151,34.671602],[135.519289,34.668058],[135.519289,34.665931],[135.515841,34.66664],[135.511531,34.66664],[135.510668,34.662386],[135.509806,34.662386],[135.506358,34.663095],[135.50291,34.663095],[135.50291,34.663804],[135.501186,34.663095],[135.499462,34.665931],[135.497738,34.668767],[135.496876,34.668767],[135.496876,34.668767]]]}},{"type":"Feature","properties":{"kind":"zone","id":"chuo_semba","tier":"S","name":"本町・南船場・淡路町","parent":"中央区","note":"商务区夜间安静,离你上班最近"},"geometry":{"type":"Polygon","coordinates":[[[135.497738,34.678692],[135.497738,34.682236],[135.497738,34.687198],[135.497738,34.691451],[135.497738,34.692868],[135.499462,34.692868],[135.501186,34.692868],[135.503772,34.692868],[135.506358,34.692159],[135.508944,34.691451],[135.510668,34.690742],[135.509806,34.690033],[135.509806,34.689324],[135.511531,34.689324],[135.511531,34.687198],[135.511531,34.682236],[135.512393,34.6794],[135.510668,34.6794],[135.510668,34.678692],[135.502048,34.678692],[135.4986,34.678692],[135.497738,34.678692],[135.497738,34.678692]]]}},{"type":"Feature","properties":{"kind":"zone","id":"toyonaka_c","tier":"A","name":"豊中・岡町・曽根・蛍池","parent":"豊中市","note":"阪急沿线体面生活圈"},"geometry":{"type":"MultiPolygon","coordinates":[[[[135.440845,34.792036],[135.440845,34.793452],[135.441707,34.793452],[135.441707,34.79416],[135.443431,34.79416],[135.442569,34.794868],[135.443431,34.795576],[135.443431,34.796283],[135.443431,34.796991],[135.443431,34.797699],[135.442569,34.798407],[135.442569,34.799823],[135.443431,34.800531],[135.443431,34.799115],[135.444293,34.799115],[135.444293,34.799823],[135.446017,34.799823],[135.446879,34.799823],[135.446879,34.799115],[135.447741,34.799823],[135.447741,34.801238],[135.446879,34.801946],[135.446879,34.802654],[135.447741,34.802654],[135.446879,34.803362],[135.446879,34.80407],[135.447741,34.804778],[135.448603,34.804778],[135.449465,34.804778],[135.450327,34.805485],[135.451189,34.805485],[135.452051,34.805485],[135.452913,34.806193],[135.452051,34.806193],[135.451189,34.806193],[135.451189,34.806901],[135.450327,34.806193],[135.449465,34.806193],[135.448603,34.806193],[135.447741,34.806193],[135.447741,34.806901],[135.448603,34.806901],[135.447741,34.808316],[135.449465,34.808316],[135.450327,34.807609],[135.451189,34.807609],[135.452051,34.807609],[135.453775,34.806901],[135.453775,34.807609],[135.454637,34.808316],[135.457223,34.809024],[135.457223,34.809732],[135.458085,34.81044],[135.460671,34.811148],[135.461533,34.811148],[135.461533,34.811855],[135.462395,34.812563],[135.463257,34.813271],[135.464119,34.813271],[135.464119,34.812563],[135.464119,34.811148],[135.464981,34.81044],[135.464981,34.809732],[135.465843,34.809024],[135.464119,34.805485],[135.466705,34.805485],[135.466705,34.804778],[135.467567,34.805485],[135.467567,34.804778],[135.467567,34.80407],[135.466705,34.801946],[135.466705,34.800531],[135.465843,34.799823],[135.468429,34.800531],[135.468429,34.799823],[135.468429,34.799115],[135.467567,34.797699],[135.467567,34.796991],[135.468429,34.796991],[135.470153,34.796283],[135.471878,34.796283],[135.47274,34.796283],[135.47274,34.795576],[135.47274,34.794868],[135.47274,34.792744],[135.473602,34.792744],[135.475326,34.792036],[135.475326,34.791328],[135.476188,34.79062],[135.476188,34.791328],[135.476188,34.792036],[135.477912,34.792036],[135.477912,34.791328],[135.47705,34.79062],[135.47705,34.789912],[135.47705,34.789204],[135.47705,34.788496],[135.477912,34.788496],[135.478774,34.789204],[135.479636,34.789204],[135.480498,34.789204],[135.482222,34.789204],[135.482222,34.788496],[135.482222,34.787788],[135.482222,34.78708],[135.48136,34.786372],[135.482222,34.785665],[135.483084,34.784249],[135.482222,34.783541],[135.482222,34.782833],[135.48136,34.782125],[135.480498,34.780709],[135.48136,34.780001],[135.48136,34.779293],[135.48136,34.777876],[135.48136,34.777168],[135.482222,34.77646],[135.482222,34.775752],[135.48136,34.774336],[135.480498,34.773628],[135.480498,34.77292],[135.479636,34.77292],[135.479636,34.772212],[135.47705,34.772212],[135.477912,34.770796],[135.47705,34.770088],[135.476188,34.76938],[135.474464,34.770088],[135.473602,34.770088],[135.474464,34.768671],[135.473602,34.768671],[135.468429,34.768671],[135.469291,34.767963],[135.471878,34.766547],[135.471878,34.765839],[135.470153,34.765839],[135.469291,34.765839],[135.467567,34.765839],[135.467567,34.763714],[135.465843,34.763714],[135.465843,34.763006],[135.461533,34.763006],[135.461533,34.759465],[135.457223,34.759465],[135.457223,34.758757],[135.457223,34.759465],[135.456361,34.759465],[135.456361,34.760174],[135.454637,34.760174],[135.454637,34.759465],[135.453775,34.758049],[135.452051,34.758049],[135.451189,34.758757],[135.450327,34.760174],[135.450327,34.76159],[135.450327,34.762298],[135.450327,34.764423],[135.450327,34.765131],[135.450327,34.765839],[135.450327,34.767255],[135.448603,34.767963],[135.447741,34.768671],[135.444293,34.768671],[135.444293,34.770088],[135.445155,34.770796],[135.444293,34.770796],[135.445155,34.771504],[135.445155,34.774336],[135.446879,34.774336],[135.446879,34.775752],[135.446879,34.777168],[135.445155,34.777168],[135.445155,34.779293],[135.445155,34.780709],[135.445155,34.781417],[135.444293,34.782125],[135.444293,34.784249],[135.442569,34.784249],[135.442569,34.785665],[135.442569,34.786372],[135.443431,34.786372],[135.442569,34.787788],[135.442569,34.788496],[135.441707,34.789204],[135.442569,34.789912],[135.442569,34.79062],[135.440845,34.79062],[135.440845,34.791328],[135.441707,34.79062],[135.441707,34.791328],[135.442569,34.791328],[135.441707,34.791328],[135.441707,34.792036],[135.440845,34.792036],[135.440845,34.792036]]],[[[135.448603,34.809732],[135.446879,34.809732],[135.447741,34.809732],[135.447741,34.811148],[135.449465,34.811148],[135.449465,34.81044],[135.448603,34.809732],[135.448603,34.809732]]]]}},{"type":"Feature","properties":{"kind":"zone","id":"toyonaka_senri","tier":"S","name":"千里中央・桃山台・緑地公園","parent":"豊中市","note":"北摄招牌住宅区"},"geometry":{"type":"Polygon","coordinates":[[[135.489118,34.768671],[135.484808,34.76938],[135.483084,34.76938],[135.480498,34.76938],[135.480498,34.770088],[135.480498,34.770796],[135.480498,34.772212],[135.480498,34.77292],[135.480498,34.773628],[135.48136,34.774336],[135.482222,34.775752],[135.482222,34.77646],[135.48136,34.777168],[135.48136,34.777876],[135.48136,34.779293],[135.48136,34.780001],[135.480498,34.780709],[135.48136,34.782125],[135.482222,34.782833],[135.482222,34.783541],[135.483084,34.784249],[135.482222,34.785665],[135.48136,34.786372],[135.482222,34.78708],[135.482222,34.787788],[135.482222,34.788496],[135.482222,34.789204],[135.480498,34.789204],[135.479636,34.789204],[135.478774,34.789204],[135.477912,34.788496],[135.47705,34.788496],[135.47705,34.789204],[135.47705,34.789912],[135.47705,34.79062],[135.477912,34.791328],[135.477912,34.792036],[135.476188,34.792036],[135.476188,34.791328],[135.476188,34.79062],[135.475326,34.791328],[135.475326,34.792036],[135.473602,34.792744],[135.47274,34.792744],[135.47274,34.794868],[135.47274,34.795576],[135.47274,34.796283],[135.471878,34.796283],[135.470153,34.796283],[135.468429,34.796991],[135.467567,34.796991],[135.467567,34.797699],[135.468429,34.799115],[135.468429,34.799823],[135.468429,34.800531],[135.465843,34.799823],[135.466705,34.800531],[135.466705,34.801946],[135.467567,34.80407],[135.467567,34.804778],[135.467567,34.805485],[135.466705,34.804778],[135.466705,34.805485],[135.464119,34.805485],[135.465843,34.809024],[135.464981,34.809732],[135.464981,34.81044],[135.464119,34.811148],[135.464119,34.812563],[135.464119,34.813271],[135.463257,34.813271],[135.464981,34.814686],[135.466705,34.815394],[135.467567,34.816102],[135.470153,34.818225],[135.47274,34.81964],[135.474464,34.820348],[135.475326,34.821055],[135.476188,34.821055],[135.47705,34.820348],[135.477912,34.820348],[135.478774,34.81964],[135.480498,34.818932],[135.48136,34.818932],[135.48136,34.818225],[135.482222,34.818932],[135.482222,34.818225],[135.482222,34.817517],[135.483946,34.816809],[135.48567,34.816809],[135.487394,34.817517],[135.487394,34.816809],[135.487394,34.817517],[135.488256,34.816809],[135.489118,34.816809],[135.48998,34.816102],[135.491704,34.816809],[135.491704,34.817517],[135.492566,34.817517],[135.492566,34.818225],[135.492566,34.818932],[135.492566,34.81964],[135.492566,34.821055],[135.493428,34.821763],[135.49429,34.821763],[135.495152,34.822471],[135.496014,34.821763],[135.496876,34.823886],[135.497738,34.824594],[135.497738,34.823886],[135.499462,34.821763],[135.499462,34.821055],[135.502048,34.818932],[135.503772,34.817517],[135.505496,34.815394],[135.505496,34.814686],[135.506358,34.813271],[135.50722,34.813271],[135.50722,34.811855],[135.50722,34.811148],[135.508082,34.81044],[135.50722,34.809732],[135.506358,34.809024],[135.505496,34.807609],[135.504634,34.807609],[135.503772,34.807609],[135.503772,34.806193],[135.503772,34.80407],[135.504634,34.801946],[135.504634,34.800531],[135.503772,34.799823],[135.50291,34.799115],[135.502048,34.798407],[135.501186,34.797699],[135.499462,34.796991],[135.4986,34.796991],[135.497738,34.796991],[135.496876,34.796991],[135.496014,34.796283],[135.496876,34.795576],[135.496014,34.795576],[135.496876,34.794868],[135.496876,34.793452],[135.496876,34.792744],[135.495152,34.792744],[135.49429,34.792036],[135.493428,34.79062],[135.490842,34.789204],[135.491704,34.789204],[135.492566,34.789204],[135.493428,34.788496],[135.493428,34.787788],[135.492566,34.786372],[135.492566,34.785665],[135.491704,34.784957],[135.491704,34.784249],[135.492566,34.783541],[135.491704,34.782833],[135.491704,34.782125],[135.491704,34.781417],[135.492566,34.780709],[135.49429,34.780709],[135.495152,34.780709],[135.495152,34.780001],[135.495152,34.778585],[135.496876,34.777876],[135.497738,34.777876],[135.4986,34.777168],[135.499462,34.77646],[135.499462,34.777168],[135.500324,34.77646],[135.4986,34.775752],[135.499462,34.775752],[135.4986,34.774336],[135.4986,34.775044],[135.497738,34.774336],[135.497738,34.773628],[135.496876,34.773628],[135.497738,34.77292],[135.496014,34.772212],[135.496876,34.771504],[135.496014,34.771504],[135.495152,34.770796],[135.49429,34.770796],[135.492566,34.770796],[135.491704,34.770796],[135.491704,34.770088],[135.48998,34.770088],[135.489118,34.768671],[135.489118,34.768671]]]}},{"type":"Feature","properties":{"kind":"zone","id":"toyonaka_hattori","tier":"B","name":"服部天神","parent":"豊中市","note":"庶民,便宜"},"geometry":{"type":"Polygon","coordinates":[[[135.456361,34.758049],[135.456361,34.759465],[135.457223,34.759465],[135.457223,34.758757],[135.457223,34.759465],[135.461533,34.759465],[135.461533,34.763006],[135.465843,34.763006],[135.465843,34.763714],[135.467567,34.763714],[135.467567,34.765839],[135.469291,34.765839],[135.470153,34.765839],[135.471878,34.765839],[135.471878,34.766547],[135.469291,34.767963],[135.468429,34.768671],[135.473602,34.768671],[135.474464,34.768671],[135.473602,34.770088],[135.474464,34.770088],[135.476188,34.76938],[135.47705,34.770088],[135.477912,34.770796],[135.47705,34.772212],[135.479636,34.772212],[135.479636,34.77292],[135.480498,34.77292],[135.480498,34.773628],[135.480498,34.77292],[135.480498,34.772212],[135.480498,34.770796],[135.480498,34.770088],[135.480498,34.76938],[135.483084,34.76938],[135.484808,34.76938],[135.489118,34.768671],[135.489118,34.767963],[135.488256,34.767255],[135.488256,34.763006],[135.488256,34.760882],[135.487394,34.757341],[135.483084,34.757341],[135.482222,34.758049],[135.48136,34.758757],[135.477912,34.758049],[135.467567,34.757341],[135.462395,34.758049],[135.456361,34.758049],[135.456361,34.758049]]]}},{"type":"Feature","properties":{"kind":"zone","id":"toyonaka_shonai","tier":"C+","name":"庄内・名神口","parent":"豊中市","note":"老旧密集,和千里侧两个世界"},"geometry":{"type":"Polygon","coordinates":[[[135.459809,34.733258],[135.459809,34.735383],[135.458947,34.735383],[135.458947,34.736092],[135.458947,34.738217],[135.459809,34.74105],[135.459809,34.744592],[135.459809,34.746717],[135.459809,34.747425],[135.459809,34.74955],[135.458947,34.750258],[135.459809,34.750258],[135.459809,34.750967],[135.459809,34.751675],[135.458947,34.752383],[135.458085,34.752383],[135.458085,34.751675],[135.457223,34.751675],[135.456361,34.752383],[135.456361,34.7538],[135.456361,34.754508],[135.456361,34.755924],[135.456361,34.757341],[135.456361,34.758049],[135.462395,34.758049],[135.467567,34.757341],[135.477912,34.758049],[135.48136,34.758757],[135.482222,34.758049],[135.483084,34.757341],[135.487394,34.757341],[135.486532,34.753091],[135.486532,34.751675],[135.487394,34.750967],[135.488256,34.74955],[135.487394,34.748842],[135.486532,34.748134],[135.48567,34.748842],[135.48567,34.748134],[135.483946,34.747425],[135.483946,34.746717],[135.483946,34.7453],[135.484808,34.744592],[135.483084,34.741759],[135.482222,34.741759],[135.48136,34.741759],[135.48136,34.740342],[135.482222,34.739634],[135.482222,34.738925],[135.480498,34.738217],[135.479636,34.737508],[135.478774,34.7368],[135.476188,34.736092],[135.474464,34.735383],[135.47274,34.733966],[135.471878,34.733258],[135.470153,34.73255],[135.470153,34.731841],[135.470153,34.731133],[135.467567,34.731133],[135.466705,34.730424],[135.466705,34.731841],[135.464981,34.731841],[135.463257,34.731841],[135.461533,34.73255],[135.459809,34.733258],[135.459809,34.733258]]]}},{"type":"Feature","properties":{"kind":"zone","id":"suita_nt","tier":"S","name":"南千里・山田・北千里","parent":"吹田市","note":"千里NT文教安静"},"geometry":{"type":"Polygon","coordinates":[[[135.493428,34.788496],[135.492566,34.789204],[135.491704,34.789204],[135.490842,34.789204],[135.493428,34.79062],[135.49429,34.792036],[135.495152,34.792744],[135.496876,34.792744],[135.496876,34.793452],[135.496876,34.794868],[135.496014,34.795576],[135.496876,34.795576],[135.496014,34.796283],[135.496876,34.796991],[135.497738,34.796991],[135.4986,34.796991],[135.499462,34.796991],[135.501186,34.797699],[135.502048,34.798407],[135.50291,34.799115],[135.503772,34.799823],[135.504634,34.800531],[135.504634,34.801946],[135.503772,34.80407],[135.503772,34.806193],[135.503772,34.807609],[135.504634,34.807609],[135.505496,34.807609],[135.506358,34.809024],[135.50722,34.809732],[135.508082,34.81044],[135.50722,34.811148],[135.50722,34.811855],[135.50722,34.813271],[135.506358,34.813271],[135.505496,34.814686],[135.505496,34.815394],[135.503772,34.817517],[135.502048,34.818932],[135.499462,34.821055],[135.499462,34.821763],[135.497738,34.823886],[135.497738,34.824594],[135.497738,34.826009],[135.4986,34.826009],[135.4986,34.826717],[135.499462,34.827424],[135.500324,34.827424],[135.500324,34.828132],[135.501186,34.828839],[135.499462,34.828839],[135.500324,34.829547],[135.500324,34.830255],[135.502048,34.830255],[135.503772,34.830962],[135.504634,34.830962],[135.505496,34.830962],[135.506358,34.830255],[135.50722,34.829547],[135.508082,34.829547],[135.508944,34.828839],[135.510668,34.828839],[135.510668,34.828132],[135.511531,34.827424],[135.512393,34.826717],[135.513255,34.827424],[135.514117,34.827424],[135.515841,34.828132],[135.516703,34.828132],[135.518427,34.828132],[135.518427,34.826717],[135.519289,34.826009],[135.519289,34.826717],[135.521013,34.826717],[135.521875,34.826009],[135.522737,34.826009],[135.523599,34.826717],[135.524461,34.826009],[135.523599,34.826009],[135.522737,34.824594],[135.524461,34.823886],[135.524461,34.823178],[135.525323,34.822471],[135.527047,34.821763],[135.528771,34.820348],[135.528771,34.81964],[135.529633,34.818932],[135.528771,34.818932],[135.528771,34.818225],[135.529633,34.817517],[135.530495,34.817517],[135.530495,34.816809],[135.530495,34.816102],[135.533081,34.815394],[135.534805,34.815394],[135.535667,34.815394],[135.536529,34.816102],[135.537391,34.815394],[135.537391,34.814686],[135.538253,34.813979],[135.539115,34.813271],[135.539977,34.813271],[135.540839,34.813979],[135.541701,34.813979],[135.542563,34.813979],[135.542563,34.812563],[135.543425,34.811855],[135.544287,34.811148],[135.546011,34.811148],[135.547735,34.81044],[135.548597,34.809732],[135.551184,34.809024],[135.552046,34.809732],[135.552908,34.809024],[135.552046,34.809024],[135.552046,34.808316],[135.552046,34.807609],[135.55377,34.807609],[135.554632,34.807609],[135.555494,34.806193],[135.555494,34.804778],[135.554632,34.805485],[135.55377,34.804778],[135.55377,34.80407],[135.55377,34.803362],[135.554632,34.801946],[135.554632,34.800531],[135.554632,34.799115],[135.554632,34.796991],[135.55377,34.796283],[135.552908,34.794868],[135.552908,34.79416],[135.552046,34.79416],[135.551184,34.793452],[135.550321,34.79416],[135.549459,34.794868],[135.548597,34.795576],[135.547735,34.795576],[135.546873,34.795576],[135.546011,34.794868],[135.545149,34.794868],[135.546011,34.79416],[135.545149,34.793452],[135.544287,34.793452],[135.543425,34.79416],[135.542563,34.79416],[135.542563,34.794868],[135.541701,34.794868],[135.541701,34.795576],[135.542563,34.796991],[135.541701,34.796991],[135.539977,34.797699],[135.539115,34.796991],[135.539977,34.796283],[135.540839,34.795576],[135.540839,34.79416],[135.541701,34.792744],[135.540839,34.793452],[135.539115,34.793452],[135.536529,34.79416],[135.536529,34.792744],[135.534805,34.79062],[135.533081,34.788496],[135.531357,34.787788],[135.529633,34.789204],[135.528771,34.788496],[135.527047,34.787788],[135.525323,34.786372],[135.525323,34.785665],[135.526185,34.784957],[135.527047,34.784957],[135.527909,34.784249],[135.526185,34.783541],[135.525323,34.783541],[135.525323,34.782125],[135.525323,34.781417],[135.524461,34.781417],[135.522737,34.782125],[135.521013,34.782125],[135.521013,34.781417],[135.519289,34.781417],[135.519289,34.782125],[135.518427,34.782833],[135.518427,34.783541],[135.517565,34.783541],[135.518427,34.784249],[135.516703,34.784957],[135.514979,34.784957],[135.514979,34.784249],[135.514979,34.783541],[135.514117,34.783541],[135.513255,34.783541],[135.512393,34.783541],[135.511531,34.783541],[135.511531,34.784249],[135.509806,34.786372],[135.509806,34.78708],[135.508944,34.787788],[135.508944,34.788496],[135.50722,34.788496],[135.506358,34.787788],[135.504634,34.78708],[135.504634,34.787788],[135.503772,34.78708],[135.502048,34.78708],[135.500324,34.78708],[135.499462,34.78708],[135.4986,34.78708],[135.4986,34.786372],[135.496876,34.786372],[135.496876,34.78708],[135.496014,34.787788],[135.495152,34.787788],[135.493428,34.788496],[135.493428,34.788496]],[[135.543425,34.806901],[135.545149,34.806193],[135.546011,34.806193],[135.545149,34.805485],[135.546011,34.804778],[135.546873,34.805485],[135.546873,34.806193],[135.546011,34.808316],[135.545149,34.807609],[135.544287,34.808316],[135.543425,34.807609],[135.543425,34.806901],[135.543425,34.806901]]]}},{"type":"Feature","properties":{"kind":"zone","id":"suita_jr","tier":"A","name":"JR吹田・岸辺","parent":"吹田市","note":"健都再开发,普通偏好"},"geometry":{"type":"Polygon","coordinates":[[[135.506358,34.744592],[135.505496,34.7453],[135.499462,34.748134],[135.500324,34.748842],[135.500324,34.74955],[135.500324,34.750258],[135.501186,34.750967],[135.50291,34.750258],[135.503772,34.750258],[135.505496,34.74955],[135.506358,34.74955],[135.506358,34.753091],[135.506358,34.754508],[135.50722,34.756633],[135.50722,34.757341],[135.512393,34.757341],[135.513255,34.760174],[135.513255,34.762298],[135.514117,34.762298],[135.515841,34.76159],[135.515841,34.762298],[135.516703,34.76159],[135.518427,34.763006],[135.520151,34.763714],[135.519289,34.764423],[135.519289,34.765131],[135.518427,34.765131],[135.516703,34.765131],[135.516703,34.765839],[135.515841,34.767255],[135.514979,34.767255],[135.514117,34.76938],[135.514117,34.770088],[135.514979,34.770088],[135.516703,34.770088],[135.517565,34.771504],[135.518427,34.77292],[135.517565,34.773628],[135.518427,34.773628],[135.518427,34.774336],[135.518427,34.775044],[135.519289,34.775752],[135.521013,34.777168],[135.524461,34.780709],[135.525323,34.781417],[135.525323,34.782125],[135.525323,34.783541],[135.526185,34.783541],[135.527909,34.784249],[135.527047,34.784957],[135.526185,34.784957],[135.525323,34.785665],[135.525323,34.786372],[135.527047,34.787788],[135.528771,34.788496],[135.529633,34.789204],[135.531357,34.787788],[135.533081,34.788496],[135.534805,34.79062],[135.536529,34.792744],[135.536529,34.79416],[135.539115,34.793452],[135.540839,34.793452],[135.541701,34.792744],[135.540839,34.79416],[135.540839,34.795576],[135.539977,34.796283],[135.539115,34.796991],[135.539977,34.797699],[135.541701,34.796991],[135.542563,34.796991],[135.541701,34.795576],[135.541701,34.794868],[135.542563,34.794868],[135.542563,34.79416],[135.543425,34.79416],[135.544287,34.793452],[135.545149,34.793452],[135.546011,34.79416],[135.545149,34.794868],[135.546011,34.794868],[135.546873,34.795576],[135.547735,34.795576],[135.548597,34.795576],[135.549459,34.794868],[135.550321,34.79416],[135.551184,34.793452],[135.550321,34.792744],[135.549459,34.792744],[135.547735,34.792036],[135.546873,34.791328],[135.544287,34.789912],[135.543425,34.789204],[135.541701,34.787788],[135.540839,34.787788],[135.539977,34.788496],[135.539977,34.789204],[135.539115,34.788496],[135.538253,34.788496],[135.537391,34.788496],[135.538253,34.787788],[135.536529,34.78708],[135.536529,34.786372],[135.537391,34.784957],[135.538253,34.784957],[135.540839,34.782833],[135.542563,34.779293],[135.545149,34.777168],[135.546011,34.775752],[135.548597,34.77292],[135.550321,34.770796],[135.550321,34.770088],[135.551184,34.76938],[135.551184,34.768671],[135.550321,34.768671],[135.549459,34.768671],[135.548597,34.768671],[135.547735,34.767963],[135.546873,34.767963],[135.545149,34.768671],[135.543425,34.767963],[135.542563,34.767255],[135.541701,34.765839],[135.541701,34.765131],[135.540839,34.763714],[135.540839,34.763006],[135.539977,34.76159],[135.539115,34.760882],[135.537391,34.760882],[135.533943,34.760174],[135.532219,34.759465],[135.532219,34.758757],[135.530495,34.756633],[135.529633,34.755216],[135.528771,34.754508],[135.528771,34.7538],[135.529633,34.7538],[135.530495,34.753091],[135.531357,34.753091],[135.531357,34.752383],[135.530495,34.751675],[135.530495,34.750967],[135.528771,34.750258],[135.528771,34.74955],[135.527909,34.748842],[135.527047,34.748842],[135.525323,34.748134],[135.524461,34.748134],[135.522737,34.748842],[135.521013,34.748842],[135.519289,34.748842],[135.519289,34.750258],[135.518427,34.750258],[135.516703,34.74955],[135.514117,34.748842],[135.513255,34.748134],[135.509806,34.7453],[135.508082,34.744592],[135.506358,34.744592],[135.506358,34.744592]]]}},{"type":"Feature","properties":{"kind":"zone","id":"suita_esaka","tier":"S","name":"江坂・豊津・千里山","parent":"吹田市","note":"御堂筋线,市内通勤第一"},"geometry":{"type":"Polygon","coordinates":[[[135.500324,34.750258],[135.500324,34.74955],[135.499462,34.750258],[135.497738,34.750258],[135.496014,34.750967],[135.495152,34.750967],[135.49429,34.750967],[135.492566,34.750967],[135.490842,34.750967],[135.48998,34.750967],[135.489118,34.750258],[135.488256,34.74955],[135.487394,34.750967],[135.486532,34.751675],[135.486532,34.753091],[135.487394,34.757341],[135.488256,34.760882],[135.488256,34.763006],[135.488256,34.767255],[135.489118,34.767963],[135.489118,34.768671],[135.48998,34.770088],[135.491704,34.770088],[135.491704,34.770796],[135.492566,34.770796],[135.49429,34.770796],[135.495152,34.770796],[135.496014,34.771504],[135.496876,34.771504],[135.496014,34.772212],[135.497738,34.77292],[135.496876,34.773628],[135.497738,34.773628],[135.497738,34.774336],[135.4986,34.775044],[135.4986,34.774336],[135.499462,34.775752],[135.4986,34.775752],[135.500324,34.77646],[135.499462,34.777168],[135.499462,34.77646],[135.4986,34.777168],[135.497738,34.777876],[135.496876,34.777876],[135.495152,34.778585],[135.495152,34.780001],[135.495152,34.780709],[135.49429,34.780709],[135.492566,34.780709],[135.491704,34.781417],[135.491704,34.782125],[135.491704,34.782833],[135.492566,34.783541],[135.491704,34.784249],[135.491704,34.784957],[135.492566,34.785665],[135.492566,34.786372],[135.493428,34.787788],[135.493428,34.788496],[135.495152,34.787788],[135.496014,34.787788],[135.496876,34.78708],[135.496876,34.786372],[135.4986,34.786372],[135.4986,34.78708],[135.499462,34.78708],[135.500324,34.78708],[135.502048,34.78708],[135.503772,34.78708],[135.504634,34.787788],[135.504634,34.78708],[135.506358,34.787788],[135.50722,34.788496],[135.508944,34.788496],[135.508944,34.787788],[135.509806,34.78708],[135.509806,34.786372],[135.511531,34.784249],[135.511531,34.783541],[135.512393,34.783541],[135.513255,34.783541],[135.514117,34.783541],[135.514979,34.783541],[135.514979,34.784249],[135.514979,34.784957],[135.516703,34.784957],[135.518427,34.784249],[135.517565,34.783541],[135.518427,34.783541],[135.518427,34.782833],[135.519289,34.782125],[135.519289,34.781417],[135.521013,34.781417],[135.521013,34.782125],[135.522737,34.782125],[135.524461,34.781417],[135.525323,34.781417],[135.524461,34.780709],[135.521013,34.777168],[135.519289,34.775752],[135.518427,34.775044],[135.518427,34.774336],[135.518427,34.773628],[135.517565,34.773628],[135.518427,34.77292],[135.517565,34.771504],[135.516703,34.770088],[135.514979,34.770088],[135.514117,34.770088],[135.514117,34.76938],[135.514979,34.767255],[135.515841,34.767255],[135.516703,34.765839],[135.516703,34.765131],[135.518427,34.765131],[135.519289,34.765131],[135.519289,34.764423],[135.520151,34.763714],[135.518427,34.763006],[135.516703,34.76159],[135.515841,34.762298],[135.515841,34.76159],[135.514117,34.762298],[135.513255,34.762298],[135.513255,34.760174],[135.512393,34.757341],[135.50722,34.757341],[135.50722,34.756633],[135.506358,34.754508],[135.506358,34.753091],[135.506358,34.74955],[135.505496,34.74955],[135.503772,34.750258],[135.50291,34.750258],[135.501186,34.750967],[135.500324,34.750258],[135.500324,34.750258]]]}},{"type":"Feature","properties":{"kind":"zone","id":"takatsuki_c","tier":"S","name":"高槻・摂津富田市街地","parent":"高槻市","note":"JR+阪急双线,京阪中间自成一城"},"geometry":{"type":"Polygon","coordinates":[[[135.586526,34.828839],[135.586526,34.829547],[135.586526,34.830255],[135.586526,34.830962],[135.586526,34.83167],[135.58394,34.83167],[135.583078,34.835208],[135.583078,34.838038],[135.58394,34.838038],[135.58394,34.839453],[135.585664,34.839453],[135.585664,34.840868],[135.585664,34.841575],[135.58394,34.84299],[135.58394,34.843698],[135.583078,34.844405],[135.582216,34.846528],[135.581354,34.847235],[135.57963,34.847235],[135.577044,34.847942],[135.57532,34.84865],[135.574458,34.84865],[135.573596,34.84865],[135.571872,34.84865],[135.57101,34.849357],[135.570148,34.850772],[135.569286,34.85148],[135.569286,34.852187],[135.568424,34.852894],[135.567562,34.855017],[135.5667,34.856431],[135.5667,34.857139],[135.567562,34.856431],[135.567562,34.855724],[135.569286,34.855017],[135.570148,34.855017],[135.571872,34.854309],[135.571872,34.855017],[135.572734,34.856431],[135.572734,34.857846],[135.573596,34.858553],[135.574458,34.859261],[135.574458,34.860675],[135.576182,34.860675],[135.57532,34.862797],[135.577044,34.863505],[135.577906,34.862797],[135.578768,34.862797],[135.578768,34.863505],[135.57963,34.863505],[135.580492,34.862797],[135.582216,34.862797],[135.583078,34.86209],[135.583078,34.861383],[135.58394,34.861383],[135.585664,34.860675],[135.586526,34.861383],[135.586526,34.863505],[135.585664,34.862797],[135.584802,34.864212],[135.584802,34.864919],[135.584802,34.866334],[135.584802,34.867748],[135.584802,34.868456],[135.585664,34.869163],[135.586526,34.86987],[135.58825,34.870577],[135.589112,34.870577],[135.589974,34.869163],[135.590836,34.86987],[135.590836,34.869163],[135.591699,34.868456],[135.591699,34.869163],[135.592561,34.868456],[135.593423,34.868456],[135.592561,34.870577],[135.592561,34.871285],[135.593423,34.871285],[135.594285,34.870577],[135.596009,34.86987],[135.597733,34.86987],[135.597733,34.870577],[135.597733,34.871285],[135.597733,34.871992],[135.596871,34.871285],[135.596009,34.872699],[135.597733,34.873406],[135.597733,34.874821],[135.596009,34.875528],[135.596009,34.876942],[135.600319,34.876942],[135.601181,34.877649],[135.602905,34.877649],[135.602905,34.879064],[135.608077,34.876942],[135.608077,34.878357],[135.608077,34.880478],[135.608939,34.880478],[135.609801,34.879771],[135.610663,34.879771],[135.610663,34.878357],[135.611525,34.879064],[135.612387,34.878357],[135.613249,34.878357],[135.614111,34.878357],[135.614973,34.878357],[135.615835,34.878357],[135.616697,34.878357],[135.620145,34.878357],[135.620145,34.877649],[135.621007,34.876235],[135.621869,34.875528],[135.621869,34.874821],[135.624455,34.876235],[135.624455,34.875528],[135.625317,34.876942],[135.626179,34.878357],[135.627041,34.877649],[135.627041,34.878357],[135.626179,34.879064],[135.626179,34.878357],[135.625317,34.878357],[135.623593,34.878357],[135.623593,34.876942],[135.623593,34.876235],[135.622731,34.877649],[135.622731,34.878357],[135.623593,34.878357],[135.622731,34.879064],[135.622731,34.879771],[135.621869,34.879771],[135.620145,34.881185],[135.619283,34.881185],[135.618421,34.8826],[135.621007,34.883307],[135.621869,34.883307],[135.621869,34.884721],[135.622731,34.885428],[135.624455,34.885428],[135.626179,34.885428],[135.628765,34.886135],[135.632214,34.887549],[135.632214,34.886842],[135.633938,34.886135],[135.6348,34.885428],[135.636524,34.884721],[135.63911,34.884721],[135.645144,34.886135],[135.645144,34.884721],[135.645144,34.884014],[135.645144,34.883307],[135.645144,34.8826],[135.646868,34.881892],[135.646868,34.881185],[135.649454,34.881185],[135.650316,34.881185],[135.650316,34.879771],[135.65204,34.878357],[135.65204,34.877649],[135.652902,34.876235],[135.654626,34.876235],[135.65635,34.874821],[135.655488,34.874821],[135.65635,34.874821],[135.65635,34.873406],[135.655488,34.873406],[135.654626,34.873406],[135.655488,34.872699],[135.65635,34.872699],[135.65635,34.871992],[135.657212,34.871992],[135.658074,34.873406],[135.658936,34.873406],[135.66066,34.875528],[135.661522,34.874821],[135.661522,34.873406],[135.662384,34.873406],[135.663246,34.872699],[135.662384,34.872699],[135.664108,34.872699],[135.66497,34.872699],[135.666694,34.872699],[135.668418,34.871992],[135.66928,34.871285],[135.670142,34.871285],[135.671867,34.86987],[135.671004,34.869163],[135.671004,34.868456],[135.671004,34.867748],[135.671867,34.866334],[135.671004,34.864212],[135.670142,34.86209],[135.66928,34.860675],[135.66928,34.859968],[135.668418,34.859968],[135.667556,34.859261],[135.666694,34.856431],[135.665832,34.855724],[135.664108,34.854309],[135.661522,34.852894],[135.658936,34.85148],[135.654626,34.850772],[135.65204,34.850065],[135.650316,34.847942],[135.650316,34.847235],[135.648592,34.844405],[135.64773,34.84299],[135.646868,34.840868],[135.646868,34.838745],[135.646006,34.83733],[135.646006,34.835208],[135.646868,34.83167],[135.646006,34.830255],[135.645144,34.828132],[135.64342,34.826009],[135.642558,34.824594],[135.641696,34.823886],[135.641696,34.822471],[135.641696,34.821055],[135.641696,34.81964],[135.640834,34.818225],[135.640834,34.816102],[135.63911,34.814686],[135.638248,34.813979],[135.636524,34.813271],[135.6348,34.812563],[135.633076,34.812563],[135.631351,34.811855],[135.628765,34.811855],[135.627903,34.811148],[135.625317,34.809732],[135.624455,34.809732],[135.624455,34.809024],[135.622731,34.807609],[135.621007,34.806193],[135.619283,34.805485],[135.618421,34.803362],[135.618421,34.801946],[135.616697,34.800531],[135.614973,34.799115],[135.614111,34.796283],[135.614111,34.792744],[135.614111,34.791328],[135.614111,34.79062],[135.612387,34.788496],[135.611525,34.786372],[135.610663,34.785665],[135.609801,34.784957],[135.607215,34.783541],[135.604629,34.782125],[135.602043,34.780709],[135.602043,34.780001],[135.599457,34.783541],[135.600319,34.784249],[135.599457,34.784249],[135.599457,34.784957],[135.598595,34.784957],[135.598595,34.785665],[135.597733,34.785665],[135.598595,34.78708],[135.598595,34.788496],[135.598595,34.789204],[135.598595,34.79062],[135.598595,34.791328],[135.598595,34.792744],[135.598595,34.793452],[135.598595,34.794868],[135.598595,34.796283],[135.598595,34.797699],[135.598595,34.798407],[135.597733,34.798407],[135.597733,34.799115],[135.598595,34.799823],[135.598595,34.801238],[135.598595,34.806193],[135.598595,34.809732],[135.598595,34.812563],[135.599457,34.813271],[135.600319,34.813979],[135.601181,34.813979],[135.602043,34.814686],[135.603767,34.815394],[135.603767,34.816102],[135.604629,34.816102],[135.606353,34.816102],[135.606353,34.816809],[135.606353,34.818225],[135.603767,34.818932],[135.602043,34.818932],[135.598595,34.818932],[135.598595,34.820348],[135.597733,34.820348],[135.594285,34.821055],[135.594285,34.821763],[135.590836,34.821763],[135.589974,34.822471],[135.589974,34.823178],[135.58825,34.823178],[135.58825,34.823886],[135.586526,34.823886],[135.586526,34.826009],[135.586526,34.826717],[135.586526,34.828839],[135.586526,34.828839]]]}},{"type":"Feature","properties":{"kind":"zone","id":"takatsuki_n","tier":"D","name":"樫田・原・川久保(北部山区)","parent":"高槻市","note":"山村巴士圈,和市街地两个世界"},"geometry":{"type":"Polygon","coordinates":[[[135.5667,34.857139],[135.568424,34.859261],[135.568424,34.859968],[135.569286,34.860675],[135.569286,34.86209],[135.569286,34.863505],[135.570148,34.864919],[135.569286,34.865626],[135.568424,34.866334],[135.568424,34.867748],[135.568424,34.868456],[135.568424,34.869163],[135.5667,34.869163],[135.565838,34.870577],[135.564114,34.870577],[135.56239,34.871992],[135.563252,34.872699],[135.564114,34.872699],[135.565838,34.874113],[135.567562,34.874821],[135.5667,34.875528],[135.565838,34.876235],[135.564976,34.876942],[135.565838,34.877649],[135.5667,34.877649],[135.567562,34.876942],[135.569286,34.876942],[135.568424,34.876942],[135.567562,34.877649],[135.567562,34.878357],[135.567562,34.879064],[135.569286,34.879771],[135.570148,34.881185],[135.57101,34.881185],[135.571872,34.880478],[135.572734,34.880478],[135.573596,34.880478],[135.573596,34.881185],[135.571872,34.881185],[135.571872,34.881892],[135.57101,34.8826],[135.57101,34.883307],[135.570148,34.884014],[135.569286,34.883307],[135.568424,34.884014],[135.567562,34.884014],[135.5667,34.885428],[135.565838,34.886135],[135.5667,34.886842],[135.565838,34.887549],[135.5667,34.888256],[135.568424,34.888256],[135.569286,34.888964],[135.570148,34.891085],[135.569286,34.892499],[135.570148,34.893913],[135.569286,34.896034],[135.570148,34.896741],[135.57101,34.896741],[135.57101,34.898155],[135.570148,34.898862],[135.569286,34.899569],[135.567562,34.898862],[135.5667,34.899569],[135.565838,34.900276],[135.5667,34.900983],[135.567562,34.90169],[135.569286,34.902397],[135.57101,34.902397],[135.571872,34.903811],[135.572734,34.903811],[135.573596,34.903811],[135.573596,34.905225],[135.57532,34.905932],[135.57532,34.906639],[135.574458,34.906639],[135.574458,34.908053],[135.574458,34.908759],[135.574458,34.909466],[135.57532,34.910173],[135.576182,34.910173],[135.577044,34.912294],[135.576182,34.913001],[135.576182,34.913708],[135.57532,34.914415],[135.574458,34.915121],[135.573596,34.915828],[135.573596,34.916535],[135.573596,34.917242],[135.573596,34.918656],[135.574458,34.918656],[135.57532,34.919363],[135.577044,34.920069],[135.577906,34.920776],[135.578768,34.920776],[135.581354,34.922897],[135.581354,34.923603],[135.580492,34.92431],[135.580492,34.925017],[135.580492,34.925724],[135.581354,34.92643],[135.581354,34.927844],[135.580492,34.927844],[135.581354,34.928551],[135.580492,34.929964],[135.581354,34.932084],[135.581354,34.932791],[135.581354,34.934911],[135.582216,34.935618],[135.581354,34.937031],[135.580492,34.937031],[135.577044,34.937738],[135.576182,34.938444],[135.57532,34.938444],[135.574458,34.939151],[135.572734,34.939151],[135.571872,34.939151],[135.57101,34.938444],[135.570148,34.937738],[135.569286,34.937031],[135.5667,34.937031],[135.5667,34.935618],[135.564976,34.934204],[135.564114,34.932791],[135.564114,34.932084],[135.564114,34.933498],[135.563252,34.933498],[135.563252,34.934204],[135.563252,34.934911],[135.564114,34.935618],[135.564114,34.936324],[135.565838,34.937738],[135.565838,34.938444],[135.565838,34.939858],[135.564976,34.940564],[135.564976,34.941978],[135.564976,34.942684],[135.563252,34.941978],[135.56239,34.941271],[135.56239,34.940564],[135.56239,34.939151],[135.561528,34.937738],[135.559804,34.937031],[135.558942,34.935618],[135.560666,34.934911],[135.559804,34.933498],[135.558942,34.932791],[135.55808,34.932791],[135.55808,34.933498],[135.557218,34.934911],[135.557218,34.935618],[135.55808,34.936324],[135.55808,34.937738],[135.557218,34.937738],[135.557218,34.938444],[135.557218,34.939151],[135.559804,34.940564],[135.559804,34.941978],[135.559804,34.942684],[135.560666,34.942684],[135.56239,34.944098],[135.56239,34.945511],[135.561528,34.945511],[135.561528,34.946217],[135.56239,34.946924],[135.56239,34.948337],[135.563252,34.949044],[135.563252,34.94975],[135.56239,34.950457],[135.56239,34.951163],[135.563252,34.95187],[135.563252,34.952576],[135.563252,34.953283],[135.564114,34.953283],[135.564976,34.953283],[135.565838,34.953283],[135.5667,34.952576],[135.567562,34.953283],[135.567562,34.953989],[135.568424,34.954696],[135.569286,34.953989],[135.570148,34.953989],[135.570148,34.954696],[135.571872,34.954696],[135.572734,34.954696],[135.573596,34.954696],[135.574458,34.954696],[135.57532,34.954696],[135.57532,34.955402],[135.576182,34.955402],[135.577044,34.955402],[135.578768,34.956109],[135.578768,34.956816],[135.578768,34.957522],[135.578768,34.958228],[135.578768,34.959641],[135.577906,34.961054],[135.57532,34.961054],[135.573596,34.961054],[135.572734,34.961054],[135.571872,34.963174],[135.57101,34.96388],[135.57101,34.965293],[135.57101,34.966706],[135.57101,34.967412],[135.571872,34.968825],[135.57101,34.969532],[135.572734,34.970238],[135.572734,34.970944],[135.574458,34.971651],[135.57532,34.971651],[135.576182,34.973063],[135.576182,34.97377],[135.577044,34.97377],[135.577906,34.97377],[135.57963,34.974476],[135.580492,34.974476],[135.581354,34.975182],[135.582216,34.975889],[135.582216,34.976595],[135.583078,34.976595],[135.584802,34.975889],[135.584802,34.975182],[135.585664,34.974476],[135.585664,34.973063],[135.586526,34.973063],[135.586526,34.972357],[135.586526,34.971651],[135.587388,34.970238],[135.58825,34.969532],[135.589112,34.967412],[135.589974,34.967412],[135.590836,34.967412],[135.591699,34.966706],[135.592561,34.965999],[135.592561,34.966706],[135.593423,34.967412],[135.593423,34.968825],[135.594285,34.969532],[135.595147,34.970238],[135.596009,34.968825],[135.597733,34.969532],[135.598595,34.970238],[135.599457,34.970238],[135.600319,34.970944],[135.602043,34.970944],[135.602905,34.970944],[135.603767,34.971651],[135.605491,34.970944],[135.606353,34.970238],[135.608077,34.969532],[135.609801,34.970238],[135.610663,34.970944],[135.612387,34.970944],[135.613249,34.970944],[135.614111,34.968825],[135.614111,34.967412],[135.614973,34.966706],[135.615835,34.965999],[135.614973,34.964587],[135.615835,34.96388],[135.615835,34.962467],[135.617559,34.961054],[135.618421,34.959641],[135.619283,34.958228],[135.618421,34.957522],[135.617559,34.957522],[135.616697,34.956816],[135.617559,34.955402],[135.616697,34.954696],[135.615835,34.953989],[135.615835,34.953283],[135.616697,34.952576],[135.615835,34.952576],[135.614973,34.952576],[135.615835,34.95187],[135.614973,34.951163],[135.614973,34.950457],[135.614111,34.950457],[135.614111,34.948337],[135.614111,34.947631],[135.613249,34.946924],[135.613249,34.946217],[135.614111,34.946217],[135.612387,34.945511],[135.611525,34.944098],[135.611525,34.943391],[135.613249,34.941978],[135.612387,34.941978],[135.611525,34.942684],[135.610663,34.942684],[135.610663,34.941978],[135.610663,34.940564],[135.610663,34.939858],[135.609801,34.939858],[135.608939,34.939858],[135.608077,34.939151],[135.608077,34.938444],[135.607215,34.937738],[135.607215,34.937031],[135.607215,34.936324],[135.606353,34.934911],[135.605491,34.935618],[135.605491,34.936324],[135.604629,34.936324],[135.603767,34.936324],[135.602905,34.936324],[135.603767,34.935618],[135.602905,34.934911],[135.602905,34.934204],[135.602043,34.933498],[135.602043,34.932791],[135.600319,34.930671],[135.601181,34.929964],[135.599457,34.928551],[135.601181,34.927844],[135.602905,34.927137],[135.603767,34.927137],[135.604629,34.927844],[135.605491,34.927844],[135.607215,34.928551],[135.608077,34.928551],[135.608939,34.927844],[135.611525,34.928551],[135.612387,34.928551],[135.614973,34.927844],[135.615835,34.928551],[135.616697,34.928551],[135.617559,34.929257],[135.617559,34.930671],[135.618421,34.931378],[135.618421,34.932084],[135.619283,34.932791],[135.620145,34.932791],[135.621007,34.932791],[135.621869,34.932791],[135.622731,34.933498],[135.623593,34.934911],[135.624455,34.934911],[135.625317,34.934204],[135.627041,34.934204],[135.627903,34.934204],[135.628765,34.932791],[135.628765,34.930671],[135.629627,34.928551],[135.628765,34.927137],[135.628765,34.92643],[135.629627,34.925724],[135.631351,34.92431],[135.631351,34.923603],[135.633076,34.923603],[135.632214,34.922897],[135.633076,34.92219],[135.632214,34.921483],[135.631351,34.920776],[135.630489,34.920776],[135.629627,34.920069],[135.629627,34.919363],[135.630489,34.918656],[135.629627,34.918656],[135.628765,34.917949],[135.629627,34.916535],[135.629627,34.915121],[135.630489,34.914415],[135.630489,34.913708],[135.630489,34.912294],[135.630489,34.911587],[135.630489,34.910173],[135.630489,34.909466],[135.629627,34.908053],[135.630489,34.907346],[135.631351,34.906639],[135.632214,34.907346],[135.633076,34.907346],[135.633076,34.908759],[135.633938,34.909466],[135.6348,34.909466],[135.6348,34.908759],[135.6348,34.907346],[135.6348,34.905932],[135.6348,34.905225],[135.636524,34.904518],[135.636524,34.903811],[135.635662,34.903104],[135.633938,34.902397],[135.633938,34.900983],[135.633938,34.900276],[135.633938,34.899569],[135.633938,34.897448],[135.633938,34.896741],[135.6348,34.896034],[135.633938,34.895327],[135.6348,34.893913],[135.6348,34.893206],[135.6348,34.892499],[135.635662,34.891792],[135.636524,34.891085],[135.638248,34.891792],[135.63911,34.891792],[135.639972,34.891085],[135.641696,34.889671],[135.641696,34.888964],[135.640834,34.888256],[135.642558,34.887549],[135.64342,34.887549],[135.644282,34.886842],[135.646006,34.886842],[135.646868,34.887549],[135.646006,34.886842],[135.645144,34.886135],[135.63911,34.884721],[135.636524,34.884721],[135.6348,34.885428],[135.633938,34.886135],[135.632214,34.886842],[135.632214,34.887549],[135.628765,34.886135],[135.626179,34.885428],[135.624455,34.885428],[135.622731,34.885428],[135.621869,34.884721],[135.621869,34.883307],[135.621007,34.883307],[135.618421,34.8826],[135.619283,34.881185],[135.620145,34.881185],[135.621869,34.879771],[135.622731,34.879771],[135.622731,34.879064],[135.623593,34.878357],[135.622731,34.878357],[135.622731,34.877649],[135.623593,34.876235],[135.623593,34.876942],[135.623593,34.878357],[135.625317,34.878357],[135.626179,34.878357],[135.626179,34.879064],[135.627041,34.878357],[135.627041,34.877649],[135.626179,34.878357],[135.625317,34.876942],[135.624455,34.875528],[135.624455,34.876235],[135.621869,34.874821],[135.621869,34.875528],[135.621007,34.876235],[135.620145,34.877649],[135.620145,34.878357],[135.616697,34.878357],[135.615835,34.878357],[135.614973,34.878357],[135.614111,34.878357],[135.613249,34.878357],[135.612387,34.878357],[135.611525,34.879064],[135.610663,34.878357],[135.610663,34.879771],[135.609801,34.879771],[135.608939,34.880478],[135.608077,34.880478],[135.608077,34.878357],[135.608077,34.876942],[135.602905,34.879064],[135.602905,34.877649],[135.601181,34.877649],[135.600319,34.876942],[135.596009,34.876942],[135.596009,34.875528],[135.597733,34.874821],[135.597733,34.873406],[135.596009,34.872699],[135.596871,34.871285],[135.597733,34.871992],[135.597733,34.871285],[135.597733,34.870577],[135.597733,34.86987],[135.596009,34.86987],[135.594285,34.870577],[135.593423,34.871285],[135.592561,34.871285],[135.592561,34.870577],[135.593423,34.868456],[135.592561,34.868456],[135.591699,34.869163],[135.591699,34.868456],[135.590836,34.869163],[135.590836,34.86987],[135.589974,34.869163],[135.589112,34.870577],[135.58825,34.870577],[135.586526,34.86987],[135.585664,34.869163],[135.584802,34.868456],[135.584802,34.867748],[135.584802,34.866334],[135.584802,34.864919],[135.584802,34.864212],[135.585664,34.862797],[135.586526,34.863505],[135.586526,34.861383],[135.585664,34.860675],[135.58394,34.861383],[135.583078,34.861383],[135.583078,34.86209],[135.582216,34.862797],[135.580492,34.862797],[135.57963,34.863505],[135.578768,34.863505],[135.578768,34.862797],[135.577906,34.862797],[135.577044,34.863505],[135.57532,34.862797],[135.576182,34.860675],[135.574458,34.860675],[135.574458,34.859261],[135.573596,34.858553],[135.572734,34.857846],[135.572734,34.856431],[135.571872,34.855017],[135.571872,34.854309],[135.570148,34.855017],[135.569286,34.855017],[135.567562,34.855724],[135.567562,34.856431],[135.5667,34.857139],[135.5667,34.857139]]]}},{"type":"Feature","properties":{"kind":"zone","id":"ibaraki_saito","tier":"B","name":"彩都・山手台丘陵","parent":"茨木市","note":"单轨新城,环境新但坡多"},"geometry":{"type":"Polygon","coordinates":[[[135.524461,34.826009],[135.524461,34.826717],[135.525323,34.826717],[135.525323,34.827424],[135.526185,34.828839],[135.526185,34.829547],[135.526185,34.830962],[135.526185,34.83167],[135.525323,34.832377],[135.524461,34.832377],[135.524461,34.833085],[135.525323,34.833793],[135.526185,34.8345],[135.525323,34.8345],[135.524461,34.835208],[135.523599,34.8345],[135.521875,34.835208],[135.520151,34.835915],[135.520151,34.83733],[135.519289,34.838038],[135.520151,34.838745],[135.519289,34.838745],[135.518427,34.838745],[135.519289,34.839453],[135.519289,34.840868],[135.520151,34.840868],[135.521875,34.84016],[135.522737,34.84016],[135.523599,34.840868],[135.525323,34.840868],[135.525323,34.842283],[135.525323,34.84299],[135.525323,34.843698],[135.526185,34.843698],[135.524461,34.844405],[135.523599,34.845113],[135.524461,34.84582],[135.525323,34.84582],[135.525323,34.846528],[135.525323,34.847942],[135.522737,34.847942],[135.522737,34.849357],[135.522737,34.850065],[135.522737,34.852187],[135.520151,34.852187],[135.520151,34.852894],[135.520151,34.853602],[135.520151,34.854309],[135.520151,34.855724],[135.520151,34.856431],[135.519289,34.856431],[135.517565,34.857139],[135.515841,34.858553],[135.514979,34.859968],[135.514979,34.860675],[135.515841,34.860675],[135.515841,34.862797],[135.515841,34.864212],[135.514979,34.864212],[135.514117,34.864212],[135.513255,34.864919],[135.512393,34.865626],[135.512393,34.867041],[135.511531,34.868456],[135.512393,34.869163],[135.513255,34.86987],[135.513255,34.871285],[135.513255,34.871992],[135.514979,34.871992],[135.514979,34.871285],[135.516703,34.871285],[135.515841,34.870577],[135.515841,34.869163],[135.517565,34.869163],[135.517565,34.868456],[135.519289,34.868456],[135.520151,34.867748],[135.521875,34.867041],[135.523599,34.866334],[135.524461,34.866334],[135.524461,34.865626],[135.525323,34.864212],[135.527047,34.864212],[135.527909,34.862797],[135.528771,34.862797],[135.529633,34.861383],[135.529633,34.86209],[135.530495,34.86209],[135.532219,34.862797],[135.533081,34.863505],[135.533943,34.864212],[135.535667,34.864212],[135.536529,34.863505],[135.537391,34.862797],[135.537391,34.86209],[135.537391,34.861383],[135.538253,34.860675],[135.539977,34.859968],[135.539977,34.860675],[135.540839,34.859968],[135.539977,34.859261],[135.540839,34.859261],[135.541701,34.859261],[135.541701,34.858553],[135.541701,34.857846],[135.542563,34.857139],[135.543425,34.856431],[135.543425,34.855724],[135.543425,34.854309],[135.545149,34.852894],[135.544287,34.852894],[135.544287,34.852187],[135.544287,34.85148],[135.545149,34.850772],[135.545149,34.84865],[135.546011,34.847942],[135.546873,34.847235],[135.546873,34.84582],[135.546873,34.845113],[135.547735,34.845113],[135.548597,34.84582],[135.549459,34.84582],[135.549459,34.847942],[135.550321,34.847235],[135.549459,34.847942],[135.549459,34.84865],[135.547735,34.84865],[135.546873,34.849357],[135.547735,34.850065],[135.547735,34.850772],[135.546873,34.852187],[135.546873,34.852894],[135.546011,34.854309],[135.545149,34.854309],[135.546011,34.855017],[135.546011,34.854309],[135.546873,34.855017],[135.547735,34.854309],[135.546873,34.855017],[135.548597,34.855017],[135.549459,34.854309],[135.550321,34.854309],[135.550321,34.855017],[135.552046,34.855017],[135.552046,34.854309],[135.552908,34.853602],[135.552908,34.854309],[135.552908,34.855017],[135.55377,34.855724],[135.555494,34.855017],[135.555494,34.855724],[135.555494,34.856431],[135.555494,34.857139],[135.554632,34.857846],[135.554632,34.858553],[135.557218,34.859968],[135.557218,34.860675],[135.558942,34.859968],[135.559804,34.859968],[135.558942,34.860675],[135.558942,34.861383],[135.559804,34.86209],[135.558942,34.86209],[135.55808,34.862797],[135.557218,34.862797],[135.556356,34.863505],[135.557218,34.862797],[135.557218,34.864212],[135.557218,34.864919],[135.55808,34.865626],[135.55808,34.866334],[135.55808,34.864919],[135.558942,34.864919],[135.558942,34.866334],[135.559804,34.867041],[135.558942,34.867041],[135.558942,34.867748],[135.560666,34.867041],[135.56239,34.867041],[135.56239,34.868456],[135.560666,34.869163],[135.561528,34.86987],[135.560666,34.871285],[135.56239,34.871992],[135.564114,34.870577],[135.565838,34.870577],[135.5667,34.869163],[135.568424,34.869163],[135.568424,34.868456],[135.568424,34.867748],[135.568424,34.866334],[135.569286,34.865626],[135.570148,34.864919],[135.569286,34.863505],[135.569286,34.86209],[135.569286,34.860675],[135.568424,34.859968],[135.568424,34.859261],[135.5667,34.857139],[135.5667,34.856431],[135.567562,34.855017],[135.568424,34.852894],[135.569286,34.852187],[135.569286,34.85148],[135.570148,34.850772],[135.57101,34.849357],[135.571872,34.84865],[135.573596,34.84865],[135.574458,34.84865],[135.57532,34.84865],[135.577044,34.847942],[135.57963,34.847235],[135.581354,34.847235],[135.582216,34.846528],[135.583078,34.844405],[135.58394,34.843698],[135.580492,34.84299],[135.578768,34.842283],[135.577044,34.841575],[135.571872,34.840868],[135.57101,34.84016],[135.57101,34.840868],[135.569286,34.839453],[135.569286,34.84016],[135.568424,34.840868],[135.567562,34.84016],[135.567562,34.841575],[135.5667,34.841575],[135.565838,34.842283],[135.565838,34.84299],[135.564976,34.84299],[135.564114,34.842283],[135.56239,34.84299],[135.56239,34.842283],[135.561528,34.841575],[135.559804,34.841575],[135.559804,34.842283],[135.558942,34.842283],[135.55808,34.841575],[135.558942,34.839453],[135.55808,34.839453],[135.557218,34.839453],[135.554632,34.84016],[135.552908,34.84016],[135.552046,34.839453],[135.551184,34.838038],[135.550321,34.838038],[135.551184,34.83733],[135.551184,34.838038],[135.552908,34.838038],[135.552908,34.83733],[135.55377,34.836623],[135.554632,34.836623],[135.550321,34.835915],[135.551184,34.835208],[135.552046,34.833085],[135.550321,34.833085],[135.549459,34.833085],[135.549459,34.83167],[135.548597,34.830962],[135.548597,34.830255],[135.547735,34.830255],[135.547735,34.829547],[135.547735,34.828132],[135.547735,34.827424],[135.548597,34.826009],[135.549459,34.825301],[135.549459,34.823886],[135.550321,34.823178],[135.551184,34.821763],[135.552046,34.820348],[135.550321,34.820348],[135.548597,34.821763],[135.546011,34.822471],[135.544287,34.822471],[135.543425,34.822471],[135.541701,34.822471],[135.540839,34.821763],[135.539115,34.821763],[135.539977,34.821763],[135.539977,34.821055],[135.541701,34.818932],[135.542563,34.818932],[135.541701,34.818932],[135.540839,34.818225],[135.539977,34.818225],[135.539977,34.817517],[135.539115,34.818225],[135.538253,34.818225],[135.538253,34.816809],[135.537391,34.815394],[135.536529,34.816102],[135.535667,34.815394],[135.534805,34.815394],[135.533081,34.815394],[135.530495,34.816102],[135.530495,34.816809],[135.530495,34.817517],[135.529633,34.817517],[135.528771,34.818225],[135.528771,34.818932],[135.529633,34.818932],[135.528771,34.81964],[135.528771,34.820348],[135.527047,34.821763],[135.525323,34.822471],[135.524461,34.823178],[135.524461,34.823886],[135.522737,34.824594],[135.523599,34.826009],[135.524461,34.826009],[135.524461,34.826009]]]}},{"type":"Feature","properties":{"kind":"zone","id":"ibaraki_c","tier":"S","name":"茨木市街地","parent":"茨木市","note":"JR·阪急双线,立命馆校区"},"geometry":{"type":"MultiPolygon","coordinates":[[[[135.552908,34.79416],[135.552908,34.794868],[135.55377,34.796283],[135.554632,34.796991],[135.554632,34.799115],[135.554632,34.800531],[135.554632,34.801946],[135.55377,34.803362],[135.55377,34.80407],[135.55377,34.804778],[135.554632,34.805485],[135.555494,34.804778],[135.555494,34.806193],[135.554632,34.807609],[135.55377,34.807609],[135.552046,34.807609],[135.552046,34.808316],[135.552046,34.809024],[135.552908,34.809024],[135.552046,34.809732],[135.551184,34.809024],[135.548597,34.809732],[135.547735,34.81044],[135.546011,34.811148],[135.544287,34.811148],[135.543425,34.811855],[135.542563,34.812563],[135.542563,34.813979],[135.541701,34.813979],[135.540839,34.813979],[135.539977,34.813271],[135.539115,34.813271],[135.538253,34.813979],[135.537391,34.814686],[135.537391,34.815394],[135.538253,34.816809],[135.538253,34.818225],[135.539115,34.818225],[135.539977,34.817517],[135.539977,34.818225],[135.540839,34.818225],[135.541701,34.818932],[135.542563,34.818932],[135.541701,34.818932],[135.539977,34.821055],[135.539977,34.821763],[135.539115,34.821763],[135.540839,34.821763],[135.541701,34.822471],[135.543425,34.822471],[135.544287,34.822471],[135.546011,34.822471],[135.548597,34.821763],[135.550321,34.820348],[135.552046,34.820348],[135.551184,34.821763],[135.550321,34.823178],[135.549459,34.823886],[135.549459,34.825301],[135.548597,34.826009],[135.547735,34.827424],[135.547735,34.828132],[135.547735,34.829547],[135.547735,34.830255],[135.548597,34.830255],[135.548597,34.830962],[135.549459,34.83167],[135.549459,34.833085],[135.550321,34.833085],[135.552046,34.833085],[135.551184,34.835208],[135.550321,34.835915],[135.554632,34.836623],[135.55377,34.836623],[135.552908,34.83733],[135.552908,34.838038],[135.551184,34.838038],[135.551184,34.83733],[135.550321,34.838038],[135.551184,34.838038],[135.552046,34.839453],[135.552908,34.84016],[135.554632,34.84016],[135.557218,34.839453],[135.55808,34.839453],[135.558942,34.839453],[135.55808,34.841575],[135.558942,34.842283],[135.559804,34.842283],[135.559804,34.841575],[135.561528,34.841575],[135.56239,34.842283],[135.56239,34.84299],[135.564114,34.842283],[135.564976,34.84299],[135.565838,34.84299],[135.565838,34.842283],[135.5667,34.841575],[135.567562,34.841575],[135.567562,34.84016],[135.568424,34.840868],[135.569286,34.84016],[135.569286,34.839453],[135.57101,34.840868],[135.57101,34.84016],[135.571872,34.840868],[135.577044,34.841575],[135.578768,34.842283],[135.580492,34.84299],[135.58394,34.843698],[135.58394,34.84299],[135.585664,34.841575],[135.585664,34.840868],[135.585664,34.839453],[135.58394,34.839453],[135.58394,34.838038],[135.583078,34.838038],[135.583078,34.835208],[135.58394,34.83167],[135.586526,34.83167],[135.586526,34.830962],[135.586526,34.830255],[135.586526,34.829547],[135.586526,34.828839],[135.586526,34.826717],[135.586526,34.826009],[135.586526,34.823886],[135.58825,34.823886],[135.58825,34.823178],[135.589974,34.823178],[135.589974,34.822471],[135.590836,34.821763],[135.594285,34.821763],[135.594285,34.821055],[135.597733,34.820348],[135.598595,34.820348],[135.598595,34.818932],[135.602043,34.818932],[135.603767,34.818932],[135.606353,34.818225],[135.606353,34.816809],[135.606353,34.816102],[135.604629,34.816102],[135.603767,34.816102],[135.603767,34.815394],[135.602043,34.814686],[135.601181,34.813979],[135.600319,34.813979],[135.599457,34.813271],[135.598595,34.812563],[135.598595,34.809732],[135.598595,34.806193],[135.598595,34.801238],[135.598595,34.799823],[135.597733,34.799115],[135.596009,34.797699],[135.595147,34.797699],[135.594285,34.796283],[135.592561,34.795576],[135.590836,34.794868],[135.589974,34.793452],[135.58825,34.793452],[135.587388,34.792744],[135.587388,34.791328],[135.584802,34.788496],[135.582216,34.786372],[135.57963,34.784957],[135.578768,34.784957],[135.577906,34.784249],[135.577044,34.783541],[135.576182,34.782833],[135.57532,34.782125],[135.574458,34.780709],[135.573596,34.779293],[135.571872,34.777876],[135.571872,34.777168],[135.57101,34.777168],[135.570148,34.77646],[135.568424,34.77646],[135.5667,34.775044],[135.564976,34.77646],[135.567562,34.777876],[135.568424,34.779293],[135.567562,34.781417],[135.568424,34.783541],[135.568424,34.784249],[135.568424,34.784957],[135.568424,34.785665],[135.5667,34.784957],[135.56239,34.782833],[135.56239,34.783541],[135.563252,34.785665],[135.563252,34.786372],[135.563252,34.788496],[135.563252,34.787788],[135.56239,34.788496],[135.56239,34.789912],[135.56239,34.79062],[135.56239,34.792036],[135.56239,34.792744],[135.561528,34.792744],[135.560666,34.792744],[135.558942,34.792744],[135.558942,34.792036],[135.558942,34.791328],[135.557218,34.791328],[135.555494,34.791328],[135.555494,34.792036],[135.555494,34.792744],[135.554632,34.793452],[135.55377,34.793452],[135.552908,34.793452],[135.552908,34.79416],[135.552908,34.79416]]],[[[135.543425,34.806901],[135.545149,34.806193],[135.546011,34.806193],[135.545149,34.805485],[135.546011,34.804778],[135.546873,34.805485],[135.546873,34.806193],[135.546011,34.808316],[135.545149,34.807609],[135.544287,34.808316],[135.543425,34.807609],[135.543425,34.806901],[135.543425,34.806901]]]]}},{"type":"Feature","properties":{"kind":"zone","id":"ibaraki_n","tier":"D","name":"車作・銭原(北部山区)","parent":"茨木市","note":"山村,无轨道"},"geometry":{"type":"Polygon","coordinates":[[[135.550321,34.847235],[135.549459,34.847942],[135.549459,34.84582],[135.548597,34.84582],[135.547735,34.845113],[135.546873,34.845113],[135.546873,34.84582],[135.546873,34.847235],[135.546011,34.847942],[135.545149,34.84865],[135.545149,34.850772],[135.544287,34.85148],[135.544287,34.852187],[135.544287,34.852894],[135.545149,34.852894],[135.543425,34.854309],[135.543425,34.855724],[135.543425,34.856431],[135.542563,34.857139],[135.541701,34.857846],[135.541701,34.858553],[135.541701,34.859261],[135.540839,34.859261],[135.539977,34.859261],[135.540839,34.859968],[135.539977,34.860675],[135.539977,34.859968],[135.538253,34.860675],[135.537391,34.861383],[135.537391,34.86209],[135.537391,34.862797],[135.536529,34.863505],[135.535667,34.864212],[135.533943,34.864212],[135.533081,34.863505],[135.532219,34.862797],[135.530495,34.86209],[135.529633,34.86209],[135.529633,34.861383],[135.528771,34.862797],[135.527909,34.862797],[135.527047,34.864212],[135.525323,34.864212],[135.524461,34.865626],[135.524461,34.866334],[135.523599,34.866334],[135.521875,34.867041],[135.520151,34.867748],[135.519289,34.868456],[135.517565,34.868456],[135.517565,34.869163],[135.515841,34.869163],[135.515841,34.870577],[135.516703,34.871285],[135.514979,34.871285],[135.514979,34.871992],[135.513255,34.871992],[135.512393,34.872699],[135.511531,34.874113],[135.511531,34.874821],[135.510668,34.874821],[135.509806,34.875528],[135.508944,34.875528],[135.508082,34.874821],[135.50722,34.874821],[135.50722,34.874113],[135.506358,34.873406],[135.505496,34.871992],[135.503772,34.871285],[135.503772,34.870577],[135.503772,34.86987],[135.50291,34.870577],[135.50291,34.871285],[135.502048,34.871285],[135.502048,34.872699],[135.502048,34.873406],[135.501186,34.874113],[135.499462,34.876235],[135.499462,34.877649],[135.499462,34.878357],[135.499462,34.879064],[135.4986,34.879771],[135.4986,34.880478],[135.496876,34.881185],[135.496014,34.881185],[135.496014,34.881892],[135.496876,34.883307],[135.497738,34.884014],[135.4986,34.884014],[135.499462,34.886135],[135.500324,34.887549],[135.501186,34.888256],[135.501186,34.888964],[135.501186,34.891085],[135.501186,34.891792],[135.501186,34.893206],[135.502048,34.893913],[135.501186,34.89462],[135.500324,34.896034],[135.503772,34.896034],[135.505496,34.896741],[135.50722,34.898155],[135.508082,34.898862],[135.508944,34.898862],[135.509806,34.898155],[135.508944,34.897448],[135.509806,34.897448],[135.510668,34.898155],[135.511531,34.898155],[135.511531,34.898862],[135.511531,34.899569],[135.511531,34.900276],[135.512393,34.900983],[135.512393,34.90169],[135.514117,34.903104],[135.514979,34.903104],[135.515841,34.903104],[135.516703,34.903104],[135.517565,34.903811],[135.517565,34.904518],[135.518427,34.904518],[135.517565,34.905225],[135.516703,34.905932],[135.516703,34.906639],[135.515841,34.907346],[135.516703,34.908053],[135.516703,34.908759],[135.517565,34.910173],[135.516703,34.911587],[135.520151,34.912294],[135.520151,34.913708],[135.520151,34.915121],[135.521013,34.915828],[135.521013,34.916535],[135.521875,34.916535],[135.522737,34.917242],[135.522737,34.918656],[135.523599,34.919363],[135.524461,34.919363],[135.524461,34.920776],[135.524461,34.922897],[135.525323,34.923603],[135.525323,34.92643],[135.525323,34.927137],[135.525323,34.927844],[135.525323,34.928551],[135.526185,34.928551],[135.527047,34.929257],[135.527909,34.927844],[135.529633,34.927844],[135.530495,34.927137],[135.531357,34.927137],[135.532219,34.927137],[135.533943,34.927137],[135.533943,34.92643],[135.534805,34.92643],[135.535667,34.92643],[135.536529,34.925724],[135.538253,34.925724],[135.538253,34.925017],[135.537391,34.92431],[135.536529,34.922897],[135.535667,34.921483],[135.535667,34.920776],[135.536529,34.919363],[135.537391,34.918656],[135.539115,34.917949],[135.539977,34.916535],[135.540839,34.916535],[135.540839,34.915121],[135.541701,34.915121],[135.542563,34.915121],[135.544287,34.916535],[135.544287,34.917242],[135.545149,34.917242],[135.546011,34.916535],[135.546873,34.916535],[135.548597,34.917242],[135.549459,34.918656],[135.551184,34.917949],[135.552908,34.915828],[135.55377,34.915828],[135.554632,34.916535],[135.556356,34.916535],[135.556356,34.917242],[135.55808,34.917242],[135.55808,34.917949],[135.558942,34.918656],[135.559804,34.917949],[135.56239,34.917949],[135.563252,34.917949],[135.564976,34.917242],[135.565838,34.917242],[135.5667,34.916535],[135.567562,34.916535],[135.568424,34.916535],[135.569286,34.916535],[135.57101,34.916535],[135.571872,34.916535],[135.573596,34.916535],[135.573596,34.915828],[135.574458,34.915121],[135.57532,34.914415],[135.576182,34.913708],[135.576182,34.913001],[135.577044,34.912294],[135.576182,34.910173],[135.57532,34.910173],[135.574458,34.909466],[135.574458,34.908759],[135.574458,34.908053],[135.574458,34.906639],[135.57532,34.906639],[135.57532,34.905932],[135.573596,34.905225],[135.573596,34.903811],[135.572734,34.903811],[135.571872,34.903811],[135.57101,34.902397],[135.569286,34.902397],[135.567562,34.90169],[135.5667,34.900983],[135.565838,34.900276],[135.5667,34.899569],[135.567562,34.898862],[135.569286,34.899569],[135.570148,34.898862],[135.57101,34.898155],[135.57101,34.896741],[135.570148,34.896741],[135.569286,34.896034],[135.570148,34.893913],[135.569286,34.892499],[135.570148,34.891085],[135.569286,34.888964],[135.568424,34.888256],[135.5667,34.888256],[135.565838,34.887549],[135.5667,34.886842],[135.565838,34.886135],[135.5667,34.885428],[135.567562,34.884014],[135.568424,34.884014],[135.569286,34.883307],[135.570148,34.884014],[135.57101,34.883307],[135.57101,34.8826],[135.571872,34.881892],[135.571872,34.881185],[135.573596,34.881185],[135.573596,34.880478],[135.572734,34.880478],[135.571872,34.880478],[135.57101,34.881185],[135.570148,34.881185],[135.569286,34.879771],[135.567562,34.879064],[135.567562,34.878357],[135.567562,34.877649],[135.568424,34.876942],[135.569286,34.876942],[135.567562,34.876942],[135.5667,34.877649],[135.565838,34.877649],[135.564976,34.876942],[135.565838,34.876235],[135.5667,34.875528],[135.567562,34.874821],[135.565838,34.874113],[135.564114,34.872699],[135.563252,34.872699],[135.56239,34.871992],[135.560666,34.871285],[135.561528,34.86987],[135.560666,34.869163],[135.56239,34.868456],[135.56239,34.867041],[135.560666,34.867041],[135.558942,34.867748],[135.558942,34.867041],[135.559804,34.867041],[135.558942,34.866334],[135.558942,34.864919],[135.55808,34.864919],[135.55808,34.866334],[135.55808,34.865626],[135.557218,34.864919],[135.557218,34.864212],[135.557218,34.862797],[135.556356,34.863505],[135.557218,34.862797],[135.55808,34.862797],[135.558942,34.86209],[135.559804,34.86209],[135.558942,34.861383],[135.558942,34.860675],[135.559804,34.859968],[135.558942,34.859968],[135.557218,34.860675],[135.557218,34.859968],[135.554632,34.858553],[135.554632,34.857846],[135.555494,34.857139],[135.555494,34.856431],[135.555494,34.855724],[135.555494,34.855017],[135.55377,34.855724],[135.552908,34.855017],[135.552908,34.854309],[135.552908,34.853602],[135.552046,34.854309],[135.552046,34.855017],[135.550321,34.855017],[135.550321,34.854309],[135.549459,34.854309],[135.548597,34.855017],[135.546873,34.855017],[135.547735,34.854309],[135.546873,34.855017],[135.546011,34.854309],[135.546011,34.855017],[135.545149,34.854309],[135.546011,34.854309],[135.546873,34.852894],[135.546873,34.852187],[135.547735,34.850772],[135.547735,34.850065],[135.546873,34.849357],[135.547735,34.84865],[135.549459,34.84865],[135.549459,34.847942],[135.550321,34.847235],[135.550321,34.847235]]]}},{"type":"Feature","properties":{"kind":"zone","id":"matsubara","tier":"C","name":"河内松原一带","parent":"松原市","note":"阪南大所在,整体口碑中下,站前生活功能齐"},"geometry":{"type":"Polygon","coordinates":[[[135.521875,34.594291],[135.522737,34.595001],[135.525323,34.59571],[135.526185,34.595001],[135.528771,34.595001],[135.529633,34.594291],[135.529633,34.595001],[135.530495,34.591452],[135.530495,34.589324],[135.530495,34.590743],[135.529633,34.595001],[135.531357,34.595001],[135.531357,34.59642],[135.532219,34.59642],[135.531357,34.598549],[135.532219,34.598549],[135.533943,34.599258],[135.540839,34.599258],[135.541701,34.599258],[135.543425,34.599258],[135.544287,34.597129],[135.544287,34.59642],[135.544287,34.595001],[135.547735,34.595001],[135.548597,34.595001],[135.549459,34.59571],[135.550321,34.59571],[135.549459,34.595001],[135.552046,34.595001],[135.554632,34.595001],[135.557218,34.595001],[135.558942,34.595001],[135.56239,34.595001],[135.564114,34.594291],[135.564114,34.59571],[135.564114,34.59642],[135.5667,34.59571],[135.5667,34.594291],[135.5667,34.593581],[135.567562,34.592872],[135.567562,34.592162],[135.568424,34.591452],[135.569286,34.590033],[135.569286,34.588614],[135.569286,34.587195],[135.57101,34.587195],[135.57101,34.588614],[135.57101,34.589324],[135.570148,34.591452],[135.570148,34.592872],[135.572734,34.592162],[135.571872,34.592872],[135.57101,34.592872],[135.571872,34.592872],[135.571872,34.593581],[135.572734,34.593581],[135.577044,34.592872],[135.57963,34.592162],[135.582216,34.591452],[135.585664,34.590033],[135.584802,34.588614],[135.584802,34.587904],[135.58394,34.587904],[135.58394,34.587195],[135.582216,34.587195],[135.582216,34.585066],[135.583078,34.585066],[135.58394,34.585066],[135.58394,34.584356],[135.582216,34.584356],[135.582216,34.582936],[135.581354,34.582936],[135.581354,34.582227],[135.578768,34.582227],[135.578768,34.580807],[135.577906,34.580807],[135.577044,34.580807],[135.577044,34.580098],[135.577044,34.579388],[135.576182,34.577968],[135.577044,34.577259],[135.57532,34.577259],[135.571872,34.577968],[135.570148,34.577259],[135.569286,34.577259],[135.568424,34.577259],[135.5667,34.576549],[135.567562,34.575129],[135.568424,34.57442],[135.567562,34.57442],[135.568424,34.570871],[135.568424,34.568741],[135.569286,34.566612],[135.569286,34.565192],[135.569286,34.564482],[135.5667,34.562352],[135.5667,34.560933],[135.5667,34.560223],[135.567562,34.560223],[135.5667,34.560223],[135.561528,34.560223],[135.560666,34.560223],[135.561528,34.554543],[135.559804,34.554543],[135.559804,34.555253],[135.558942,34.555253],[135.558942,34.553833],[135.557218,34.553833],[135.556356,34.554543],[135.556356,34.553833],[135.555494,34.554543],[135.55377,34.554543],[135.55377,34.553833],[135.552908,34.553833],[135.552908,34.554543],[135.551184,34.555253],[135.552046,34.556673],[135.549459,34.557383],[135.548597,34.557383],[135.547735,34.557383],[135.547735,34.558803],[135.548597,34.560223],[135.549459,34.560223],[135.549459,34.560933],[135.547735,34.561642],[135.547735,34.563062],[135.547735,34.564482],[135.549459,34.564482],[135.548597,34.565192],[135.548597,34.565902],[135.546873,34.565902],[135.545149,34.565902],[135.543425,34.565902],[135.537391,34.565902],[135.536529,34.568031],[135.535667,34.568031],[135.535667,34.569451],[135.535667,34.570161],[135.535667,34.57158],[135.533081,34.57158],[135.532219,34.57229],[135.532219,34.57371],[135.531357,34.57371],[135.531357,34.575129],[135.532219,34.575129],[135.532219,34.576549],[135.527909,34.577259],[135.526185,34.576549],[135.522737,34.576549],[135.522737,34.578678],[135.522737,34.580807],[135.522737,34.585066],[135.522737,34.585775],[135.522737,34.587195],[135.521013,34.587904],[135.521013,34.590033],[135.522737,34.590033],[135.522737,34.592872],[135.521875,34.594291],[135.521875,34.594291]]]}},{"type":"Feature","properties":{"kind":"zone","id":"daito","tier":"B","name":"住道・野崎(大東)","parent":"大東市","note":"学研都市线,大阪産大所在"},"geometry":{"type":"Polygon","coordinates":[[[135.619283,34.696412],[135.619283,34.695703],[135.617559,34.696412],[135.616697,34.696412],[135.615835,34.697121],[135.614111,34.697121],[135.614111,34.697829],[135.613249,34.697829],[135.613249,34.698538],[135.613249,34.697829],[135.611525,34.697829],[135.610663,34.697829],[135.609801,34.697829],[135.609801,34.698538],[135.608939,34.698538],[135.608077,34.698538],[135.607215,34.699956],[135.606353,34.700664],[135.606353,34.701373],[135.602905,34.700664],[135.603767,34.701373],[135.601181,34.700664],[135.600319,34.700664],[135.596871,34.700664],[135.596871,34.702082],[135.595147,34.70279],[135.595147,34.703499],[135.594285,34.704208],[135.593423,34.704916],[135.592561,34.706334],[135.590836,34.707042],[135.592561,34.707042],[135.596871,34.707042],[135.599457,34.714128],[135.599457,34.714837],[135.602043,34.715546],[135.603767,34.716963],[135.606353,34.71838],[135.607215,34.71838],[135.607215,34.719088],[135.608077,34.719797],[135.608077,34.721923],[135.608939,34.721923],[135.610663,34.721923],[135.611525,34.720505],[135.613249,34.720505],[135.614973,34.719797],[135.615835,34.720505],[135.616697,34.720505],[135.618421,34.719088],[135.620145,34.719088],[135.620145,34.719797],[135.621007,34.720505],[135.621007,34.721214],[135.621869,34.721214],[135.622731,34.721214],[135.624455,34.721214],[135.624455,34.721923],[135.624455,34.722631],[135.623593,34.724048],[135.621869,34.725465],[135.621869,34.726174],[135.621869,34.726882],[135.621007,34.72759],[135.621007,34.729007],[135.624455,34.728299],[135.624455,34.729007],[135.625317,34.729007],[135.626179,34.729007],[135.633938,34.728299],[135.633938,34.729716],[135.633076,34.729716],[135.633076,34.731133],[135.632214,34.731133],[135.632214,34.731841],[135.633938,34.731841],[135.636524,34.731841],[135.640834,34.731841],[135.640834,34.73255],[135.641696,34.731841],[135.644282,34.731841],[135.64773,34.731841],[135.64773,34.731133],[135.648592,34.731133],[135.650316,34.729716],[135.651178,34.729716],[135.653764,34.72759],[135.653764,34.726882],[135.654626,34.72759],[135.65635,34.72759],[135.65635,34.726174],[135.657212,34.724757],[135.65635,34.724048],[135.65635,34.72334],[135.65635,34.722631],[135.657212,34.722631],[135.657212,34.721923],[135.658074,34.721923],[135.659798,34.721214],[135.659798,34.720505],[135.66066,34.719797],[135.661522,34.719797],[135.662384,34.719088],[135.664108,34.719088],[135.66497,34.71838],[135.666694,34.71838],[135.667556,34.717671],[135.668418,34.716963],[135.668418,34.716254],[135.670142,34.716254],[135.671004,34.716254],[135.672729,34.716254],[135.672729,34.715546],[135.673591,34.714837],[135.673591,34.71342],[135.674453,34.712711],[135.674453,34.712003],[135.675315,34.711294],[135.674453,34.710585],[135.674453,34.709877],[135.674453,34.709168],[135.674453,34.707751],[135.674453,34.707042],[135.674453,34.706334],[135.673591,34.705625],[135.673591,34.704916],[135.673591,34.704208],[135.672729,34.704208],[135.673591,34.703499],[135.673591,34.70279],[135.673591,34.702082],[135.672729,34.701373],[135.673591,34.699956],[135.671867,34.699247],[135.671867,34.699956],[135.671004,34.699956],[135.670142,34.699247],[135.668418,34.699247],[135.666694,34.699247],[135.666694,34.699956],[135.664108,34.699247],[135.664108,34.699956],[135.663246,34.699956],[135.661522,34.700664],[135.66066,34.701373],[135.658936,34.701373],[135.657212,34.702082],[135.655488,34.702082],[135.654626,34.702082],[135.652902,34.70279],[135.65204,34.70279],[135.651178,34.702082],[135.650316,34.702082],[135.64773,34.702082],[135.645144,34.702082],[135.64342,34.702082],[135.639972,34.702082],[135.638248,34.702082],[135.63911,34.701373],[135.63911,34.700664],[135.63911,34.699956],[135.638248,34.699247],[135.638248,34.698538],[135.6348,34.698538],[135.633938,34.699247],[135.633938,34.700664],[135.633076,34.701373],[135.631351,34.701373],[135.630489,34.701373],[135.628765,34.701373],[135.628765,34.70279],[135.627041,34.703499],[135.627041,34.704208],[135.627041,34.702082],[135.627041,34.701373],[135.626179,34.701373],[135.623593,34.701373],[135.622731,34.701373],[135.617559,34.701373],[135.617559,34.699956],[135.618421,34.699956],[135.618421,34.698538],[135.617559,34.698538],[135.618421,34.697829],[135.619283,34.697121],[135.619283,34.696412],[135.619283,34.696412]]]}},{"type":"Feature","properties":{"kind":"zone","id":"minoo_n","tier":"C","name":"止々呂美・箕面森町","parent":"箕面市","note":"隧道新城靠巴士,便宜大房"},"geometry":{"type":"Polygon","coordinates":[[[135.437397,34.877649],[135.437397,34.878357],[135.437397,34.879064],[135.437397,34.880478],[135.438259,34.881185],[135.439121,34.883307],[135.439121,34.884014],[135.439121,34.884721],[135.439983,34.885428],[135.439983,34.886135],[135.439983,34.886842],[135.439983,34.888256],[135.440845,34.888964],[135.441707,34.889671],[135.440845,34.890378],[135.441707,34.890378],[135.442569,34.890378],[135.442569,34.891085],[135.444293,34.891085],[135.444293,34.891792],[135.445155,34.893206],[135.444293,34.893913],[135.445155,34.89462],[135.446879,34.89462],[135.447741,34.895327],[135.447741,34.896034],[135.448603,34.896034],[135.450327,34.896034],[135.451189,34.896034],[135.452913,34.895327],[135.453775,34.895327],[135.454637,34.896034],[135.455499,34.896741],[135.457223,34.896741],[135.458085,34.897448],[135.458085,34.898155],[135.458085,34.899569],[135.458085,34.900276],[135.458085,34.90169],[135.458947,34.902397],[135.459809,34.900983],[135.460671,34.900983],[135.461533,34.900983],[135.462395,34.902397],[135.463257,34.903104],[135.464119,34.903104],[135.464119,34.903811],[135.464119,34.904518],[135.464119,34.905225],[135.464119,34.905932],[135.465843,34.906639],[135.464981,34.908053],[135.465843,34.908759],[135.465843,34.909466],[135.466705,34.910173],[135.467567,34.910173],[135.469291,34.910173],[135.470153,34.910173],[135.471016,34.910173],[135.471878,34.910173],[135.471878,34.909466],[135.473602,34.908759],[135.47274,34.908053],[135.474464,34.907346],[135.475326,34.906639],[135.475326,34.905932],[135.476188,34.905225],[135.476188,34.904518],[135.475326,34.903811],[135.476188,34.903811],[135.477912,34.903811],[135.478774,34.903104],[135.479636,34.902397],[135.479636,34.900983],[135.479636,34.900276],[135.48136,34.899569],[135.482222,34.898862],[135.483084,34.898155],[135.483946,34.896741],[135.484808,34.896741],[135.48567,34.896034],[135.484808,34.89462],[135.483946,34.89462],[135.483084,34.89462],[135.483084,34.893913],[135.48136,34.893206],[135.480498,34.892499],[135.479636,34.891792],[135.478774,34.891085],[135.477912,34.890378],[135.477912,34.888964],[135.477912,34.888256],[135.477912,34.887549],[135.478774,34.886842],[135.479636,34.886135],[135.478774,34.884721],[135.479636,34.884721],[135.480498,34.884014],[135.480498,34.883307],[135.48136,34.881185],[135.48136,34.880478],[135.48136,34.879771],[135.48136,34.879064],[135.48136,34.877649],[135.48136,34.876942],[135.482222,34.875528],[135.482222,34.874821],[135.483946,34.874113],[135.484808,34.873406],[135.48567,34.873406],[135.48567,34.874113],[135.486532,34.874113],[135.488256,34.874821],[135.488256,34.875528],[135.489118,34.876235],[135.489118,34.876942],[135.490842,34.877649],[135.492566,34.878357],[135.493428,34.879064],[135.49429,34.879771],[135.495152,34.879064],[135.495152,34.878357],[135.496014,34.879064],[135.497738,34.877649],[135.499462,34.877649],[135.499462,34.876235],[135.501186,34.874113],[135.502048,34.873406],[135.502048,34.872699],[135.502048,34.871285],[135.50291,34.871285],[135.50291,34.870577],[135.503772,34.86987],[135.503772,34.870577],[135.503772,34.871285],[135.505496,34.871992],[135.506358,34.873406],[135.50722,34.874113],[135.50722,34.874821],[135.508082,34.874821],[135.508944,34.875528],[135.509806,34.875528],[135.510668,34.874821],[135.511531,34.874821],[135.511531,34.874113],[135.512393,34.872699],[135.513255,34.871992],[135.513255,34.871285],[135.513255,34.86987],[135.512393,34.869163],[135.511531,34.868456],[135.512393,34.867041],[135.512393,34.865626],[135.509806,34.865626],[135.505496,34.861383],[135.505496,34.859261],[135.504634,34.859261],[135.504634,34.858553],[135.503772,34.857846],[135.504634,34.857139],[135.504634,34.856431],[135.504634,34.855724],[135.505496,34.855017],[135.506358,34.854309],[135.506358,34.853602],[135.508082,34.852894],[135.509806,34.852187],[135.508944,34.852187],[135.508082,34.852187],[135.505496,34.852894],[135.505496,34.852187],[135.506358,34.85148],[135.505496,34.850772],[135.503772,34.850065],[135.50291,34.850065],[135.501186,34.849357],[135.50291,34.84865],[135.50291,34.847942],[135.502048,34.847942],[135.50291,34.847942],[135.50291,34.847235],[135.502048,34.847235],[135.500324,34.847235],[135.500324,34.846528],[135.499462,34.846528],[135.4986,34.846528],[135.497738,34.846528],[135.497738,34.84582],[135.496876,34.845113],[135.496876,34.844405],[135.496014,34.845113],[135.495152,34.845113],[135.495152,34.844405],[135.49429,34.844405],[135.49429,34.843698],[135.493428,34.843698],[135.492566,34.84299],[135.491704,34.84299],[135.491704,34.842283],[135.490842,34.84299],[135.490842,34.842283],[135.48998,34.841575],[135.489118,34.842283],[135.488256,34.841575],[135.487394,34.841575],[135.486532,34.841575],[135.48567,34.842283],[135.48567,34.84299],[135.484808,34.84299],[135.483084,34.842283],[135.48136,34.841575],[135.480498,34.841575],[135.479636,34.840868],[135.478774,34.840868],[135.479636,34.840868],[135.479636,34.84016],[135.478774,34.84016],[135.477912,34.840868],[135.47705,34.840868],[135.476188,34.841575],[135.475326,34.841575],[135.474464,34.840868],[135.474464,34.84299],[135.473602,34.843698],[135.473602,34.844405],[135.474464,34.845113],[135.475326,34.845113],[135.476188,34.84582],[135.475326,34.846528],[135.475326,34.847942],[135.475326,34.849357],[135.47705,34.849357],[135.475326,34.852187],[135.475326,34.852894],[135.474464,34.852187],[135.473602,34.854309],[135.471878,34.854309],[135.471016,34.853602],[135.468429,34.853602],[135.468429,34.852187],[135.469291,34.85148],[135.468429,34.850772],[135.468429,34.850065],[135.468429,34.849357],[135.469291,34.84865],[135.470153,34.847942],[135.469291,34.847235],[135.471016,34.846528],[135.471016,34.84582],[135.471016,34.845113],[135.470153,34.844405],[135.468429,34.843698],[135.466705,34.843698],[135.467567,34.843698],[135.470153,34.842283],[135.469291,34.841575],[135.468429,34.842283],[135.467567,34.842283],[135.466705,34.841575],[135.465843,34.840868],[135.464981,34.84016],[135.464119,34.839453],[135.463257,34.839453],[135.463257,34.838745],[135.463257,34.838038],[135.462395,34.83733],[135.461533,34.836623],[135.460671,34.836623],[135.460671,34.835915],[135.460671,34.836623],[135.459809,34.83733],[135.458085,34.836623],[135.452913,34.8345],[135.452913,34.835208],[135.452913,34.835915],[135.452913,34.836623],[135.452913,34.838038],[135.453775,34.838745],[135.454637,34.838745],[135.454637,34.839453],[135.453775,34.84016],[135.453775,34.840868],[135.453775,34.841575],[135.453775,34.842283],[135.453775,34.84299],[135.453775,34.843698],[135.454637,34.843698],[135.454637,34.844405],[135.455499,34.844405],[135.456361,34.844405],[135.458085,34.843698],[135.458947,34.843698],[135.459809,34.845113],[135.458947,34.84582],[135.458947,34.846528],[135.459809,34.847942],[135.459809,34.84865],[135.459809,34.849357],[135.459809,34.850772],[135.460671,34.850772],[135.460671,34.85148],[135.459809,34.850772],[135.459809,34.85148],[135.459809,34.852187],[135.459809,34.853602],[135.459809,34.854309],[135.458947,34.855017],[135.458085,34.855724],[135.458085,34.856431],[135.458947,34.857139],[135.458947,34.857846],[135.458947,34.858553],[135.458947,34.859261],[135.459809,34.859968],[135.458947,34.860675],[135.459809,34.861383],[135.458947,34.86209],[135.458085,34.86209],[135.457223,34.863505],[135.456361,34.864212],[135.456361,34.864919],[135.455499,34.864919],[135.453775,34.865626],[135.452913,34.864919],[135.452051,34.865626],[135.451189,34.865626],[135.450327,34.866334],[135.449465,34.867041],[135.448603,34.867748],[135.449465,34.867748],[135.448603,34.869163],[135.447741,34.869163],[135.446879,34.86987],[135.446017,34.871285],[135.445155,34.871992],[135.443431,34.871992],[135.442569,34.874113],[135.441707,34.874113],[135.441707,34.874821],[135.440845,34.874821],[135.439983,34.874113],[135.439121,34.874113],[135.438259,34.873406],[135.438259,34.874821],[135.439121,34.874821],[135.439121,34.875528],[135.438259,34.876235],[135.438259,34.876942],[135.437397,34.877649],[135.437397,34.877649]]]}},{"type":"Feature","properties":{"kind":"zone","id":"minoo_c","tier":"S","name":"箕面市街地","parent":"箕面市","note":"环境顶级,御堂筋线延伸后便利补齐"},"geometry":{"type":"Polygon","coordinates":[[[135.447741,34.808316],[135.448603,34.809732],[135.449465,34.81044],[135.449465,34.811148],[135.449465,34.813271],[135.448603,34.814686],[135.448603,34.815394],[135.447741,34.816102],[135.448603,34.816102],[135.448603,34.816809],[135.449465,34.817517],[135.451189,34.817517],[135.450327,34.818225],[135.450327,34.818932],[135.452051,34.818225],[135.452051,34.818932],[135.451189,34.820348],[135.452051,34.820348],[135.451189,34.821763],[135.452051,34.821763],[135.451189,34.822471],[135.450327,34.823886],[135.450327,34.825301],[135.450327,34.826009],[135.451189,34.826717],[135.450327,34.826717],[135.451189,34.827424],[135.451189,34.829547],[135.452913,34.830255],[135.452913,34.830962],[135.452913,34.83167],[135.452913,34.832377],[135.453775,34.832377],[135.453775,34.833793],[135.453775,34.8345],[135.452913,34.8345],[135.458085,34.836623],[135.459809,34.83733],[135.460671,34.836623],[135.460671,34.835915],[135.460671,34.836623],[135.461533,34.836623],[135.462395,34.83733],[135.463257,34.838038],[135.463257,34.838745],[135.463257,34.839453],[135.464119,34.839453],[135.464981,34.84016],[135.465843,34.840868],[135.466705,34.841575],[135.467567,34.842283],[135.468429,34.842283],[135.469291,34.841575],[135.470153,34.842283],[135.467567,34.843698],[135.466705,34.843698],[135.468429,34.843698],[135.470153,34.844405],[135.471016,34.845113],[135.471016,34.84582],[135.471016,34.846528],[135.469291,34.847235],[135.470153,34.847942],[135.469291,34.84865],[135.468429,34.849357],[135.468429,34.850065],[135.468429,34.850772],[135.469291,34.85148],[135.468429,34.852187],[135.468429,34.853602],[135.471016,34.853602],[135.471878,34.854309],[135.473602,34.854309],[135.474464,34.852187],[135.475326,34.852894],[135.475326,34.852187],[135.47705,34.849357],[135.475326,34.849357],[135.475326,34.847942],[135.475326,34.846528],[135.476188,34.84582],[135.475326,34.845113],[135.474464,34.845113],[135.473602,34.844405],[135.473602,34.843698],[135.474464,34.84299],[135.474464,34.840868],[135.475326,34.841575],[135.476188,34.841575],[135.47705,34.840868],[135.477912,34.840868],[135.478774,34.84016],[135.479636,34.84016],[135.479636,34.840868],[135.478774,34.840868],[135.479636,34.840868],[135.480498,34.841575],[135.48136,34.841575],[135.483084,34.842283],[135.484808,34.84299],[135.48567,34.84299],[135.48567,34.842283],[135.486532,34.841575],[135.487394,34.841575],[135.488256,34.841575],[135.489118,34.842283],[135.48998,34.841575],[135.490842,34.842283],[135.490842,34.84299],[135.491704,34.842283],[135.491704,34.84299],[135.492566,34.84299],[135.493428,34.843698],[135.49429,34.843698],[135.49429,34.844405],[135.495152,34.844405],[135.495152,34.845113],[135.496014,34.845113],[135.496876,34.844405],[135.496876,34.845113],[135.497738,34.84582],[135.497738,34.846528],[135.4986,34.846528],[135.499462,34.846528],[135.500324,34.846528],[135.500324,34.847235],[135.502048,34.847235],[135.50291,34.847235],[135.50291,34.847942],[135.502048,34.847942],[135.50291,34.847942],[135.50291,34.84865],[135.501186,34.849357],[135.50291,34.850065],[135.503772,34.850065],[135.505496,34.850772],[135.506358,34.85148],[135.505496,34.852187],[135.505496,34.852894],[135.508082,34.852187],[135.508944,34.852187],[135.509806,34.852187],[135.508082,34.852894],[135.506358,34.853602],[135.506358,34.854309],[135.505496,34.855017],[135.504634,34.855724],[135.504634,34.856431],[135.504634,34.857139],[135.503772,34.857846],[135.504634,34.858553],[135.504634,34.859261],[135.505496,34.859261],[135.505496,34.861383],[135.509806,34.865626],[135.512393,34.865626],[135.513255,34.864919],[135.514117,34.864212],[135.514979,34.864212],[135.515841,34.864212],[135.515841,34.862797],[135.515841,34.860675],[135.514979,34.860675],[135.514979,34.859968],[135.515841,34.858553],[135.517565,34.857139],[135.519289,34.856431],[135.520151,34.856431],[135.520151,34.855724],[135.520151,34.854309],[135.520151,34.853602],[135.520151,34.852894],[135.520151,34.852187],[135.522737,34.852187],[135.522737,34.850065],[135.522737,34.849357],[135.522737,34.847942],[135.525323,34.847942],[135.525323,34.846528],[135.525323,34.84582],[135.524461,34.84582],[135.523599,34.845113],[135.524461,34.844405],[135.526185,34.843698],[135.525323,34.843698],[135.525323,34.84299],[135.525323,34.842283],[135.525323,34.840868],[135.523599,34.840868],[135.522737,34.84016],[135.521875,34.84016],[135.520151,34.840868],[135.519289,34.840868],[135.519289,34.839453],[135.518427,34.838745],[135.519289,34.838745],[135.520151,34.838745],[135.519289,34.838038],[135.520151,34.83733],[135.520151,34.835915],[135.521875,34.835208],[135.523599,34.8345],[135.524461,34.835208],[135.525323,34.8345],[135.526185,34.8345],[135.525323,34.833793],[135.524461,34.833085],[135.524461,34.832377],[135.525323,34.832377],[135.526185,34.83167],[135.526185,34.830962],[135.526185,34.829547],[135.526185,34.828839],[135.525323,34.827424],[135.525323,34.826717],[135.524461,34.826717],[135.524461,34.826009],[135.523599,34.826717],[135.522737,34.826009],[135.521875,34.826009],[135.521013,34.826717],[135.519289,34.826717],[135.519289,34.826009],[135.518427,34.826717],[135.518427,34.828132],[135.516703,34.828132],[135.515841,34.828132],[135.514117,34.827424],[135.513255,34.827424],[135.512393,34.826717],[135.511531,34.827424],[135.510668,34.828132],[135.510668,34.828839],[135.508944,34.828839],[135.508082,34.829547],[135.50722,34.829547],[135.506358,34.830255],[135.505496,34.830962],[135.504634,34.830962],[135.503772,34.830962],[135.502048,34.830255],[135.500324,34.830255],[135.500324,34.829547],[135.499462,34.828839],[135.501186,34.828839],[135.500324,34.828132],[135.500324,34.827424],[135.499462,34.827424],[135.4986,34.826717],[135.4986,34.826009],[135.497738,34.826009],[135.497738,34.824594],[135.496876,34.823886],[135.496014,34.821763],[135.495152,34.822471],[135.49429,34.821763],[135.493428,34.821763],[135.492566,34.821055],[135.492566,34.81964],[135.492566,34.818932],[135.492566,34.818225],[135.492566,34.817517],[135.491704,34.817517],[135.491704,34.816809],[135.48998,34.816102],[135.489118,34.816809],[135.488256,34.816809],[135.487394,34.817517],[135.487394,34.816809],[135.487394,34.817517],[135.48567,34.816809],[135.483946,34.816809],[135.482222,34.817517],[135.482222,34.818225],[135.482222,34.818932],[135.48136,34.818225],[135.48136,34.818932],[135.480498,34.818932],[135.478774,34.81964],[135.477912,34.820348],[135.47705,34.820348],[135.476188,34.821055],[135.475326,34.821055],[135.474464,34.820348],[135.47274,34.81964],[135.470153,34.818225],[135.467567,34.816102],[135.466705,34.815394],[135.464981,34.814686],[135.463257,34.813271],[135.462395,34.812563],[135.461533,34.811855],[135.461533,34.811148],[135.460671,34.811148],[135.458085,34.81044],[135.457223,34.809732],[135.457223,34.809024],[135.454637,34.808316],[135.453775,34.807609],[135.453775,34.806901],[135.452051,34.807609],[135.451189,34.807609],[135.450327,34.807609],[135.449465,34.808316],[135.447741,34.808316],[135.447741,34.808316]]]}},{"type":"Feature","properties":{"kind":"zone","id":"heo_chuo","tier":"B-","name":"高井田・長田・荒本","parent":"東大阪市","note":"中央线直达本町(通南船場顺),工业混住夜里冷清"},"geometry":{"type":"Polygon","coordinates":[[[135.56239,34.672311],[135.56239,34.67302],[135.56239,34.675147],[135.563252,34.675856],[135.563252,34.677274],[135.563252,34.677983],[135.563252,34.680109],[135.564114,34.681527],[135.564114,34.682236],[135.564976,34.682945],[135.564114,34.683654],[135.564114,34.684363],[135.564976,34.686489],[135.564114,34.686489],[135.564976,34.687198],[135.567562,34.687198],[135.564976,34.687198],[135.5667,34.687907],[135.567562,34.687907],[135.570148,34.687198],[135.570148,34.687907],[135.57101,34.687907],[135.572734,34.687907],[135.573596,34.687907],[135.572734,34.688615],[135.574458,34.687907],[135.577044,34.687907],[135.577044,34.688615],[135.577906,34.687198],[135.577906,34.686489],[135.577906,34.685071],[135.578768,34.685071],[135.578768,34.684363],[135.57963,34.682945],[135.580492,34.682945],[135.582216,34.682236],[135.581354,34.684363],[135.58394,34.684363],[135.586526,34.683654],[135.58825,34.683654],[135.589112,34.688615],[135.592561,34.687907],[135.593423,34.686489],[135.594285,34.68578],[135.593423,34.689324],[135.597733,34.689324],[135.597733,34.687198],[135.602043,34.687198],[135.601181,34.689324],[135.603767,34.689324],[135.604629,34.688615],[135.605491,34.687907],[135.606353,34.687907],[135.608077,34.688615],[135.608939,34.688615],[135.612387,34.689324],[135.612387,34.687907],[135.612387,34.687198],[135.613249,34.686489],[135.613249,34.685071],[135.614973,34.685071],[135.614973,34.684363],[135.611525,34.680109],[135.610663,34.678692],[135.612387,34.678692],[135.616697,34.6794],[135.616697,34.678692],[135.616697,34.671602],[135.614111,34.671602],[135.608077,34.670893],[135.607215,34.670893],[135.607215,34.671602],[135.607215,34.672311],[135.606353,34.672311],[135.607215,34.671602],[135.605491,34.670893],[135.602043,34.670893],[135.597733,34.670893],[135.584802,34.670185],[135.584802,34.670893],[135.584802,34.671602],[135.585664,34.671602],[135.585664,34.672311],[135.585664,34.673729],[135.58394,34.67302],[135.58394,34.673729],[135.583078,34.673729],[135.583078,34.672311],[135.577906,34.672311],[135.577044,34.672311],[135.57532,34.672311],[135.576182,34.670893],[135.577044,34.670185],[135.577044,34.669476],[135.576182,34.669476],[135.573596,34.668767],[135.571872,34.668767],[135.571872,34.670893],[135.568424,34.670893],[135.568424,34.672311],[135.56239,34.672311],[135.56239,34.672311]]]}},{"type":"Feature","properties":{"kind":"zone","id":"heo_tokuan","tier":"C+","name":"徳庵・鴻池新田","parent":"東大阪市","note":"工业带边缘"},"geometry":{"type":"MultiPolygon","coordinates":[[[[135.577044,34.688615],[135.57963,34.690033],[135.580492,34.690742],[135.581354,34.692868],[135.581354,34.693577],[135.582216,34.695703],[135.583078,34.697829],[135.584802,34.698538],[135.586526,34.698538],[135.587388,34.698538],[135.58825,34.699247],[135.589112,34.699956],[135.589974,34.700664],[135.589974,34.701373],[135.589974,34.702082],[135.590836,34.702082],[135.592561,34.703499],[135.595147,34.703499],[135.595147,34.70279],[135.596871,34.702082],[135.596871,34.700664],[135.600319,34.700664],[135.601181,34.700664],[135.603767,34.701373],[135.602905,34.700664],[135.606353,34.701373],[135.606353,34.700664],[135.607215,34.699956],[135.608077,34.698538],[135.608939,34.698538],[135.609801,34.698538],[135.609801,34.697829],[135.610663,34.697829],[135.611525,34.697829],[135.613249,34.697829],[135.613249,34.698538],[135.613249,34.697829],[135.614111,34.697829],[135.614111,34.697121],[135.615835,34.697121],[135.616697,34.696412],[135.617559,34.696412],[135.619283,34.695703],[135.617559,34.692868],[135.614111,34.694286],[135.612387,34.694994],[135.612387,34.692159],[135.610663,34.692159],[135.609801,34.692868],[135.608939,34.692868],[135.610663,34.691451],[135.612387,34.689324],[135.608939,34.688615],[135.608077,34.688615],[135.606353,34.687907],[135.605491,34.687907],[135.604629,34.688615],[135.603767,34.689324],[135.601181,34.689324],[135.602043,34.687198],[135.597733,34.687198],[135.597733,34.689324],[135.593423,34.689324],[135.594285,34.68578],[135.593423,34.686489],[135.592561,34.687907],[135.589112,34.688615],[135.58825,34.683654],[135.586526,34.683654],[135.58394,34.684363],[135.581354,34.684363],[135.582216,34.682236],[135.580492,34.682945],[135.57963,34.682945],[135.578768,34.684363],[135.578768,34.685071],[135.577906,34.685071],[135.577906,34.686489],[135.577906,34.687198],[135.577044,34.688615],[135.577044,34.688615]]],[[[135.622731,34.701373],[135.617559,34.701373],[135.617559,34.699956],[135.618421,34.699956],[135.618421,34.698538],[135.617559,34.698538],[135.618421,34.697829],[135.619283,34.697121],[135.619283,34.696412],[135.621007,34.696412],[135.622731,34.701373],[135.622731,34.701373]]]]}},{"type":"Feature","properties":{"kind":"zone","id":"heo_fuse","tier":"B","name":"布施・永和","parent":"東大阪市","note":"双线枢纽极便利,站北风俗街吵"},"geometry":{"type":"MultiPolygon","coordinates":[[[[135.563252,34.656004],[135.560666,34.656004],[135.559804,34.656004],[135.55808,34.656004],[135.55808,34.655295],[135.558942,34.655295],[135.560666,34.655295],[135.563252,34.655295],[135.563252,34.656004],[135.563252,34.656004]]],[[[135.557218,34.664513],[135.557218,34.668058],[135.558942,34.668058],[135.56239,34.668058],[135.561528,34.669476],[135.561528,34.670893],[135.56239,34.672311],[135.568424,34.672311],[135.568424,34.670893],[135.571872,34.670893],[135.571872,34.668767],[135.573596,34.668767],[135.576182,34.669476],[135.577044,34.668058],[135.577044,34.665931],[135.577906,34.663804],[135.572734,34.664513],[135.569286,34.664513],[135.5667,34.664513],[135.5667,34.663804],[135.567562,34.663095],[135.568424,34.663095],[135.569286,34.661677],[135.570148,34.660258],[135.5667,34.660968],[135.5667,34.660258],[135.565838,34.660258],[135.565838,34.657422],[135.564114,34.657422],[135.564114,34.65884],[135.561528,34.65884],[135.561528,34.660258],[135.561528,34.660968],[135.561528,34.662386],[135.561528,34.663095],[135.558942,34.663095],[135.557218,34.663804],[135.557218,34.664513],[135.557218,34.664513]]],[[[135.577044,34.672311],[135.576182,34.670893],[135.57532,34.672311],[135.577044,34.672311],[135.577044,34.672311]]]]}},{"type":"Feature","properties":{"kind":"zone","id":"heo_kosaka","tier":"B+","name":"小阪・八戸ノ里・長瀬","parent":"東大阪市","note":"近大学生圈,配套全且便宜"},"geometry":{"type":"Polygon","coordinates":[[[135.568424,34.638275],[135.565838,34.638275],[135.565838,34.641112],[135.561528,34.641112],[135.560666,34.64324],[135.560666,34.646076],[135.560666,34.650331],[135.561528,34.650331],[135.561528,34.651749],[135.561528,34.653168],[135.559804,34.653168],[135.559804,34.654586],[135.558942,34.655295],[135.560666,34.655295],[135.563252,34.655295],[135.563252,34.656004],[135.563252,34.656713],[135.564114,34.656713],[135.564114,34.657422],[135.565838,34.657422],[135.565838,34.660258],[135.5667,34.660258],[135.5667,34.660968],[135.570148,34.660258],[135.569286,34.661677],[135.568424,34.663095],[135.567562,34.663095],[135.5667,34.663804],[135.5667,34.664513],[135.569286,34.664513],[135.572734,34.664513],[135.577906,34.663804],[135.577044,34.665931],[135.577044,34.668058],[135.576182,34.669476],[135.577044,34.669476],[135.577044,34.670185],[135.576182,34.670893],[135.577044,34.672311],[135.577906,34.672311],[135.583078,34.672311],[135.583078,34.673729],[135.58394,34.673729],[135.58394,34.67302],[135.585664,34.673729],[135.585664,34.672311],[135.585664,34.671602],[135.584802,34.671602],[135.584802,34.670893],[135.584802,34.670185],[135.597733,34.670893],[135.598595,34.663095],[135.598595,34.659549],[135.599457,34.659549],[135.599457,34.656004],[135.599457,34.655295],[135.598595,34.655295],[135.598595,34.654586],[135.596871,34.650331],[135.594285,34.650331],[135.594285,34.648913],[135.593423,34.648913],[135.589974,34.648913],[135.589974,34.647495],[135.583078,34.647495],[135.583078,34.648913],[135.578768,34.648913],[135.578768,34.646785],[135.577044,34.646076],[135.577044,34.645367],[135.577906,34.644658],[135.577044,34.645367],[135.576182,34.644658],[135.574458,34.644658],[135.57532,34.643949],[135.57532,34.64324],[135.574458,34.64324],[135.572734,34.64324],[135.57101,34.64324],[135.57101,34.641112],[135.57101,34.638275],[135.568424,34.638275],[135.568424,34.638275]]]}},{"type":"Feature","properties":{"kind":"zone","id":"heo_mito","tier":"B","name":"弥刀・友井","parent":"東大阪市","note":"大阪线南部庶民带"},"geometry":{"type":"Polygon","coordinates":[[[135.574458,34.632601],[135.574458,34.63402],[135.571872,34.63402],[135.571872,34.634729],[135.568424,34.63402],[135.568424,34.638275],[135.57101,34.638275],[135.57101,34.641112],[135.57101,34.64324],[135.572734,34.64324],[135.574458,34.64324],[135.57532,34.64324],[135.57532,34.643949],[135.574458,34.644658],[135.576182,34.644658],[135.577044,34.645367],[135.577906,34.644658],[135.577044,34.645367],[135.577044,34.646076],[135.578768,34.646785],[135.578768,34.648913],[135.583078,34.648913],[135.583078,34.647495],[135.589974,34.647495],[135.589974,34.648913],[135.593423,34.648913],[135.594285,34.648913],[135.594285,34.644658],[135.596009,34.644658],[135.596009,34.64253],[135.596009,34.641821],[135.590836,34.641821],[135.590836,34.641112],[135.589112,34.640403],[135.587388,34.639694],[135.585664,34.639694],[135.585664,34.638984],[135.585664,34.638275],[135.586526,34.638275],[135.587388,34.637566],[135.587388,34.636857],[135.586526,34.636147],[135.58825,34.635438],[135.589974,34.63402],[135.589112,34.63331],[135.589112,34.632601],[135.584802,34.632601],[135.58394,34.632601],[135.574458,34.632601],[135.574458,34.632601]]]}},{"type":"Feature","properties":{"kind":"zone","id":"heo_wakae","tier":"B","name":"若江岩田・花園・吉田","parent":"東大阪市","note":"普通庶民住宅带"},"geometry":{"type":"Polygon","coordinates":[[[135.596871,34.650331],[135.598595,34.654586],[135.598595,34.655295],[135.599457,34.655295],[135.599457,34.656004],[135.599457,34.659549],[135.598595,34.659549],[135.598595,34.663095],[135.597733,34.670893],[135.602043,34.670893],[135.605491,34.670893],[135.607215,34.671602],[135.606353,34.672311],[135.607215,34.672311],[135.607215,34.671602],[135.607215,34.670893],[135.608077,34.670893],[135.614111,34.671602],[135.616697,34.671602],[135.616697,34.678692],[135.616697,34.6794],[135.612387,34.678692],[135.610663,34.678692],[135.611525,34.680109],[135.614973,34.684363],[135.614973,34.685071],[135.613249,34.685071],[135.613249,34.686489],[135.612387,34.687198],[135.612387,34.687907],[135.612387,34.689324],[135.610663,34.691451],[135.608939,34.692868],[135.609801,34.692868],[135.610663,34.692159],[135.612387,34.692159],[135.612387,34.694994],[135.614111,34.694286],[135.617559,34.692868],[135.619283,34.695703],[135.619283,34.696412],[135.621007,34.696412],[135.622731,34.701373],[135.623593,34.701373],[135.626179,34.701373],[135.627041,34.701373],[135.627041,34.702082],[135.627041,34.704208],[135.627041,34.703499],[135.628765,34.70279],[135.628765,34.701373],[135.630489,34.701373],[135.631351,34.701373],[135.633076,34.701373],[135.633938,34.700664],[135.633938,34.699247],[135.633076,34.697121],[135.633076,34.694286],[135.633938,34.693577],[135.633076,34.690742],[135.633076,34.687907],[135.633938,34.683654],[135.633076,34.680109],[135.633076,34.677983],[135.633076,34.676565],[135.633076,34.671602],[135.633076,34.668767],[135.631351,34.668767],[135.631351,34.668058],[135.633076,34.668058],[135.633076,34.665931],[135.633076,34.661677],[135.632214,34.661677],[135.633076,34.658131],[135.633076,34.655295],[135.633076,34.653168],[135.633076,34.652459],[135.632214,34.650331],[135.633076,34.648913],[135.632214,34.647495],[135.631351,34.647495],[135.628765,34.647495],[135.628765,34.644658],[135.625317,34.644658],[135.625317,34.650331],[135.621869,34.650331],[135.618421,34.650331],[135.618421,34.648913],[135.618421,34.648204],[135.616697,34.648204],[135.616697,34.649622],[135.616697,34.650331],[135.614111,34.650331],[135.610663,34.650331],[135.606353,34.650331],[135.604629,34.650331],[135.599457,34.650331],[135.596871,34.650331],[135.596871,34.650331]]]}},{"type":"Feature","properties":{"kind":"zone","id":"heo_hyotan","tier":"B+","name":"瓢箪山・枚岡・石切","parent":"東大阪市","note":"山手安静空气好,坡多+快速不停"},"geometry":{"type":"Polygon","coordinates":[[[135.628765,34.644658],[135.628765,34.647495],[135.631351,34.647495],[135.632214,34.647495],[135.633076,34.648913],[135.632214,34.650331],[135.633076,34.652459],[135.633076,34.653168],[135.633076,34.655295],[135.633076,34.658131],[135.632214,34.661677],[135.633076,34.661677],[135.633076,34.665931],[135.633076,34.668058],[135.631351,34.668058],[135.631351,34.668767],[135.633076,34.668767],[135.633076,34.671602],[135.633076,34.676565],[135.633076,34.677983],[135.633076,34.680109],[135.633938,34.683654],[135.633076,34.687907],[135.633076,34.690742],[135.633938,34.693577],[135.633076,34.694286],[135.633076,34.697121],[135.633938,34.699247],[135.6348,34.698538],[135.638248,34.698538],[135.638248,34.699247],[135.63911,34.699956],[135.63911,34.700664],[135.63911,34.701373],[135.638248,34.702082],[135.639972,34.702082],[135.64342,34.702082],[135.645144,34.702082],[135.64773,34.702082],[135.650316,34.702082],[135.651178,34.702082],[135.65204,34.70279],[135.652902,34.70279],[135.654626,34.702082],[135.655488,34.702082],[135.657212,34.702082],[135.658936,34.701373],[135.66066,34.701373],[135.661522,34.700664],[135.663246,34.699956],[135.664108,34.699956],[135.664108,34.699247],[135.666694,34.699956],[135.666694,34.699247],[135.668418,34.699247],[135.670142,34.699247],[135.671004,34.699956],[135.671867,34.699956],[135.671867,34.699247],[135.673591,34.699956],[135.673591,34.698538],[135.674453,34.697829],[135.673591,34.697829],[135.673591,34.697121],[135.673591,34.696412],[135.673591,34.695703],[135.673591,34.694994],[135.672729,34.693577],[135.672729,34.692868],[135.672729,34.692159],[135.673591,34.691451],[135.673591,34.690033],[135.673591,34.689324],[135.674453,34.688615],[135.675315,34.687907],[135.676177,34.687198],[135.676177,34.686489],[135.676177,34.68578],[135.677039,34.685071],[135.677039,34.684363],[135.678763,34.683654],[135.678763,34.682945],[135.678763,34.681527],[135.677901,34.680818],[135.677901,34.680109],[135.678763,34.677983],[135.677039,34.675856],[135.677039,34.674438],[135.676177,34.67302],[135.674453,34.672311],[135.674453,34.670893],[135.674453,34.670185],[135.673591,34.669476],[135.672729,34.668767],[135.671867,34.667349],[135.671004,34.667349],[135.671004,34.66664],[135.671004,34.665931],[135.671004,34.663804],[135.671004,34.663095],[135.671004,34.662386],[135.671867,34.661677],[135.671004,34.660968],[135.671004,34.660258],[135.66928,34.658131],[135.66928,34.657422],[135.668418,34.656004],[135.667556,34.655295],[135.667556,34.653877],[135.666694,34.653168],[135.665832,34.653168],[135.665832,34.652459],[135.66497,34.651749],[135.66497,34.65104],[135.664108,34.650331],[135.664108,34.649622],[135.665832,34.649622],[135.665832,34.648913],[135.666694,34.648204],[135.665832,34.648204],[135.665832,34.647495],[135.665832,34.646076],[135.665832,34.644658],[135.665832,34.643949],[135.664108,34.64324],[135.663246,34.64324],[135.662384,34.643949],[135.66066,34.643949],[135.659798,34.643949],[135.658936,34.644658],[135.658074,34.645367],[135.658074,34.646076],[135.65635,34.646076],[135.65635,34.645367],[135.655488,34.646076],[135.654626,34.645367],[135.654626,34.644658],[135.654626,34.643949],[135.653764,34.644658],[135.652902,34.644658],[135.651178,34.644658],[135.650316,34.645367],[135.648592,34.645367],[135.64773,34.645367],[135.64773,34.644658],[135.646868,34.645367],[135.646868,34.644658],[135.646868,34.643949],[135.645144,34.643949],[135.64342,34.643949],[135.641696,34.644658],[135.641696,34.643949],[135.633938,34.644658],[135.632214,34.644658],[135.632214,34.64253],[135.632214,34.640403],[135.631351,34.640403],[135.631351,34.64324],[135.632214,34.64324],[135.632214,34.644658],[135.628765,34.644658],[135.628765,34.644658]]]}},{"type":"Feature","properties":{"kind":"muni","id":"27141","tier":"B","name":"堺市堺区","parent":"堺市堺区","note":"老城区便利"},"geometry":{"type":"Polygon","coordinates":[[[135.453775,34.566612],[135.449465,34.568031],[135.451189,34.57229],[135.450327,34.57229],[135.451189,34.575129],[135.452913,34.575839],[135.455499,34.575839],[135.455499,34.57371],[135.456361,34.573],[135.457223,34.57371],[135.457223,34.575839],[135.456361,34.575839],[135.457223,34.576549],[135.452913,34.576549],[135.452051,34.577259],[135.451189,34.579388],[135.450327,34.583646],[135.452051,34.583646],[135.452051,34.582936],[135.453775,34.582936],[135.457223,34.582227],[135.458947,34.583646],[135.461533,34.582936],[135.462395,34.582936],[135.463257,34.581517],[135.464119,34.581517],[135.465843,34.582227],[135.466705,34.582227],[135.465843,34.582936],[135.465843,34.583646],[135.466705,34.584356],[135.464981,34.585066],[135.464119,34.585066],[135.463257,34.584356],[135.463257,34.583646],[135.464119,34.582936],[135.455499,34.585066],[135.455499,34.585775],[135.449465,34.587195],[135.452051,34.589324],[135.452913,34.590033],[135.460671,34.587904],[135.464119,34.587195],[135.463257,34.587904],[135.462395,34.591452],[135.460671,34.592162],[135.460671,34.592872],[135.460671,34.595001],[135.459809,34.595001],[135.459809,34.593581],[135.459809,34.590743],[135.458947,34.590033],[135.452051,34.592162],[135.447741,34.590743],[135.444293,34.589324],[135.443431,34.590743],[135.438259,34.588614],[135.437397,34.588614],[135.42619,34.593581],[135.425328,34.59571],[135.423604,34.604934],[135.424466,34.604934],[135.430501,34.602806],[135.431363,34.602806],[135.433949,34.602096],[135.433949,34.602806],[135.433087,34.600677],[135.436535,34.599968],[135.439121,34.599258],[135.444293,34.597839],[135.445155,34.597839],[135.445155,34.598549],[135.446017,34.599258],[135.446017,34.600677],[135.446879,34.602096],[135.444293,34.602096],[135.443431,34.602806],[135.439121,34.604225],[135.437397,34.604934],[135.437397,34.606353],[135.446879,34.606353],[135.452051,34.604934],[135.452051,34.605644],[135.452051,34.604934],[135.455499,34.604934],[135.457223,34.604225],[135.462395,34.602806],[135.463257,34.603515],[135.464119,34.603515],[135.468429,34.602096],[135.471878,34.601387],[135.473602,34.599968],[135.477912,34.598549],[135.48136,34.597839],[135.483946,34.597129],[135.487394,34.59642],[135.490842,34.595001],[135.49429,34.595001],[135.496014,34.594291],[135.496876,34.592872],[135.4986,34.590743],[135.499462,34.587904],[135.500324,34.587195],[135.502048,34.586485],[135.50291,34.586485],[135.502048,34.585066],[135.502048,34.583646],[135.499462,34.578678],[135.495152,34.57158],[135.496014,34.569451],[135.4986,34.568741],[135.497738,34.568031],[135.4986,34.567321],[135.497738,34.567321],[135.4986,34.565902],[135.499462,34.565192],[135.499462,34.564482],[135.501186,34.563062],[135.502048,34.562352],[135.502048,34.561642],[135.501186,34.561642],[135.501186,34.560933],[135.500324,34.560933],[135.501186,34.560223],[135.500324,34.559513],[135.4986,34.560933],[135.496014,34.563062],[135.493428,34.564482],[135.492566,34.565192],[135.491704,34.563062],[135.48998,34.559513],[135.489118,34.558803],[135.488256,34.557383],[135.486532,34.555963],[135.482222,34.552413],[135.48136,34.553123],[135.48136,34.554543],[135.48136,34.555963],[135.48136,34.556673],[135.479636,34.556673],[135.478774,34.556673],[135.477912,34.556673],[135.47705,34.556673],[135.474464,34.553123],[135.473602,34.553123],[135.473602,34.551703],[135.47274,34.551703],[135.471878,34.551703],[135.471016,34.551703],[135.470153,34.551703],[135.468429,34.551703],[135.468429,34.550993],[135.466705,34.551703],[135.465843,34.550993],[135.466705,34.550283],[135.466705,34.549574],[135.467567,34.548864],[135.466705,34.548154],[135.466705,34.547444],[135.466705,34.548154],[135.468429,34.548154],[135.468429,34.547444],[135.468429,34.548154],[135.466705,34.548154],[135.466705,34.547444],[135.464981,34.546733],[135.464981,34.546023],[135.464119,34.546023],[135.463257,34.545313],[135.463257,34.548154],[135.462395,34.550283],[135.462395,34.552413],[135.460671,34.552413],[135.459809,34.553123],[135.461533,34.553123],[135.460671,34.553123],[135.460671,34.553833],[135.459809,34.553833],[135.459809,34.555253],[135.461533,34.555253],[135.462395,34.558093],[135.463257,34.560223],[135.461533,34.560933],[135.461533,34.561642],[135.459809,34.561642],[135.458947,34.562352],[135.458085,34.562352],[135.458085,34.563062],[135.454637,34.564482],[135.454637,34.565902],[135.453775,34.566612],[135.453775,34.566612]]]}},{"type":"Feature","properties":{"kind":"muni","id":"27142","tier":"B","name":"堺市中区","parent":"堺市中区","note":"郊外普通"},"geometry":{"type":"Polygon","coordinates":[[[135.48567,34.513356],[135.484808,34.514777],[135.483084,34.516197],[135.482222,34.516197],[135.48136,34.516197],[135.478774,34.519038],[135.475326,34.521169],[135.474464,34.521169],[135.473602,34.521879],[135.47274,34.521879],[135.471878,34.5233],[135.471016,34.522589],[135.471016,34.52472],[135.470153,34.52614],[135.469291,34.527561],[135.467567,34.533242],[135.469291,34.533952],[135.469291,34.532532],[135.470153,34.532532],[135.471878,34.533242],[135.47274,34.533242],[135.473602,34.532532],[135.473602,34.531822],[135.473602,34.532532],[135.475326,34.531822],[135.476188,34.531822],[135.47705,34.532532],[135.47705,34.531822],[135.477912,34.531112],[135.477912,34.530402],[135.478774,34.530402],[135.478774,34.529691],[135.479636,34.529691],[135.480498,34.530402],[135.482222,34.530402],[135.483084,34.531112],[135.483946,34.531822],[135.483946,34.532532],[135.483946,34.533952],[135.484808,34.533952],[135.484808,34.534662],[135.483946,34.534662],[135.479636,34.535372],[135.480498,34.536083],[135.479636,34.536793],[135.48136,34.537503],[135.480498,34.538213],[135.480498,34.538923],[135.48136,34.539633],[135.482222,34.539633],[135.483946,34.539633],[135.483946,34.540343],[135.483084,34.541053],[135.483946,34.541053],[135.484808,34.541763],[135.48567,34.541763],[135.486532,34.542473],[135.486532,34.541763],[135.487394,34.542473],[135.489118,34.542473],[135.48998,34.542473],[135.48998,34.541763],[135.49429,34.543893],[135.496876,34.545313],[135.499462,34.545313],[135.500324,34.545313],[135.501186,34.546023],[135.501186,34.546733],[135.504634,34.548864],[135.506358,34.550283],[135.508082,34.548154],[135.509806,34.547444],[135.508944,34.548154],[135.509806,34.548154],[135.511531,34.546733],[135.511531,34.546023],[135.512393,34.545313],[135.512393,34.544603],[135.513255,34.543183],[135.514117,34.542473],[135.514979,34.541053],[135.515841,34.541053],[135.516703,34.540343],[135.516703,34.539633],[135.519289,34.536083],[135.521013,34.532532],[135.523599,34.529691],[135.524461,34.528271],[135.526185,34.52614],[135.527047,34.52543],[135.527047,34.52472],[135.528771,34.521879],[135.529633,34.520459],[135.531357,34.517618],[135.532219,34.514777],[135.533081,34.514066],[135.533943,34.511935],[135.533943,34.509094],[135.533943,34.508384],[135.534805,34.508384],[135.533943,34.508384],[135.533943,34.507673],[135.534805,34.506253],[135.534805,34.505542],[135.535667,34.504832],[135.534805,34.504122],[135.536529,34.503411],[135.535667,34.503411],[135.535667,34.50199],[135.534805,34.50128],[135.533081,34.50128],[135.533081,34.50199],[135.530495,34.50128],[135.529633,34.50199],[135.528771,34.502701],[135.527909,34.503411],[135.527047,34.503411],[135.520151,34.504122],[135.519289,34.504832],[135.517565,34.505542],[135.515841,34.505542],[135.511531,34.506253],[135.509806,34.506253],[135.504634,34.505542],[135.504634,34.506253],[135.50291,34.506253],[135.499462,34.508384],[135.4986,34.509804],[135.496876,34.510515],[135.495152,34.511935],[135.495152,34.510515],[135.492566,34.511225],[135.48998,34.511935],[135.48998,34.513356],[135.489118,34.514066],[135.488256,34.514066],[135.48567,34.513356],[135.48567,34.513356]]]}},{"type":"Feature","properties":{"kind":"muni","id":"27143","tier":"B","name":"堺市東区","parent":"堺市東区","note":"普通住宅"},"geometry":{"type":"Polygon","coordinates":[[[135.508082,34.548154],[135.510668,34.548864],[135.512393,34.549574],[135.512393,34.550993],[135.518427,34.546733],[135.519289,34.547444],[135.519289,34.548154],[135.520151,34.548154],[135.520151,34.548864],[135.519289,34.549574],[135.519289,34.550283],[135.520151,34.550283],[135.521013,34.550993],[135.521875,34.550993],[135.522737,34.551703],[135.522737,34.550993],[135.523599,34.551703],[135.524461,34.552413],[135.525323,34.551703],[135.525323,34.552413],[135.526185,34.552413],[135.527047,34.552413],[135.528771,34.553123],[135.527909,34.553833],[135.528771,34.555253],[135.528771,34.555963],[135.528771,34.556673],[135.527909,34.559513],[135.533943,34.558093],[135.535667,34.558093],[135.536529,34.558093],[135.539977,34.558093],[135.541701,34.558803],[135.545149,34.558803],[135.546873,34.558803],[135.546873,34.554543],[135.545149,34.554543],[135.545149,34.555253],[135.544287,34.555253],[135.544287,34.554543],[135.542563,34.554543],[135.542563,34.555253],[135.541701,34.555253],[135.540839,34.555963],[135.540839,34.554543],[135.540839,34.553123],[135.541701,34.553123],[135.542563,34.552413],[135.542563,34.550993],[135.541701,34.550993],[135.540839,34.550283],[135.540839,34.549574],[135.539115,34.549574],[135.539977,34.548154],[135.539115,34.548154],[135.539115,34.547444],[135.539977,34.547444],[135.539977,34.546733],[135.539115,34.546733],[135.538253,34.546733],[135.538253,34.545313],[135.539115,34.546023],[135.539115,34.545313],[135.541701,34.546023],[135.541701,34.545313],[135.540839,34.544603],[135.541701,34.544603],[135.541701,34.543893],[135.541701,34.541053],[135.541701,34.538923],[135.541701,34.537503],[135.542563,34.534662],[135.542563,34.530402],[135.543425,34.530402],[135.543425,34.529691],[135.545149,34.529691],[135.545149,34.530402],[135.546011,34.530402],[135.546873,34.531112],[135.547735,34.531822],[135.548597,34.531112],[135.549459,34.531822],[135.549459,34.532532],[135.551184,34.532532],[135.552046,34.532532],[135.552046,34.530402],[135.552908,34.530402],[135.55377,34.529691],[135.552908,34.529691],[135.552908,34.528271],[135.554632,34.528981],[135.554632,34.528271],[135.554632,34.527561],[135.554632,34.526851],[135.554632,34.52614],[135.554632,34.52543],[135.554632,34.52472],[135.55377,34.52401],[135.554632,34.5233],[135.55377,34.522589],[135.55377,34.521169],[135.552908,34.520459],[135.55377,34.519038],[135.554632,34.518328],[135.55377,34.517618],[135.549459,34.517618],[135.548597,34.517618],[135.547735,34.517618],[135.546873,34.518328],[135.546011,34.517618],[135.544287,34.516907],[135.545149,34.516197],[135.544287,34.516197],[135.543425,34.515487],[135.544287,34.514777],[135.544287,34.513356],[135.544287,34.512646],[135.544287,34.511225],[135.543425,34.510515],[135.543425,34.511225],[135.543425,34.509804],[135.542563,34.509804],[135.542563,34.510515],[135.541701,34.511225],[135.542563,34.511935],[135.540839,34.511935],[135.540839,34.511225],[135.539115,34.511935],[135.536529,34.513356],[135.535667,34.514066],[135.534805,34.514066],[135.535667,34.514777],[135.533943,34.514777],[135.534805,34.514066],[135.534805,34.513356],[135.533943,34.513356],[135.533943,34.514777],[135.532219,34.514777],[135.531357,34.517618],[135.529633,34.520459],[135.528771,34.521879],[135.527047,34.52472],[135.527047,34.52543],[135.526185,34.52614],[135.524461,34.528271],[135.523599,34.529691],[135.521013,34.532532],[135.519289,34.536083],[135.516703,34.539633],[135.516703,34.540343],[135.515841,34.541053],[135.514979,34.541053],[135.514117,34.542473],[135.513255,34.543183],[135.512393,34.544603],[135.512393,34.545313],[135.511531,34.546023],[135.511531,34.546733],[135.509806,34.548154],[135.508944,34.548154],[135.509806,34.547444],[135.508082,34.548154],[135.508082,34.548154]]]}},{"type":"Feature","properties":{"kind":"muni","id":"27144","tier":"B","name":"堺市西区","parent":"堺市西区","note":"鳳生活圈完整"},"geometry":{"type":"MultiPolygon","coordinates":[[[[135.437397,34.541053],[135.440845,34.545313],[135.442569,34.548154],[135.442569,34.549574],[135.442569,34.550283],[135.443431,34.550993],[135.444293,34.552413],[135.443431,34.552413],[135.444293,34.553833],[135.443431,34.553833],[135.444293,34.553833],[135.444293,34.554543],[135.445155,34.555963],[135.444293,34.555963],[135.444293,34.556673],[135.445155,34.555963],[135.446017,34.556673],[135.439983,34.558803],[135.439983,34.558093],[135.437397,34.558803],[135.437397,34.559513],[135.436535,34.559513],[135.433087,34.560223],[135.431363,34.560223],[135.431363,34.560933],[135.430501,34.560933],[135.416708,34.560933],[135.410674,34.560933],[135.408088,34.573],[135.405502,34.584356],[135.403778,34.590743],[135.403778,34.592162],[135.402916,34.597129],[135.402054,34.599968],[135.402916,34.599968],[135.406364,34.598549],[135.407226,34.597839],[135.408088,34.597129],[135.409812,34.597129],[135.410674,34.59571],[135.41326,34.595001],[135.415846,34.593581],[135.416708,34.589324],[135.41757,34.583646],[135.418432,34.582227],[135.420156,34.575129],[135.420156,34.57229],[135.421018,34.573],[135.421018,34.57158],[135.420156,34.57158],[135.420156,34.570871],[135.421018,34.570871],[135.421018,34.570161],[135.421018,34.569451],[135.429638,34.570871],[135.427914,34.581517],[135.427052,34.580807],[135.427052,34.582227],[135.427914,34.582227],[135.427052,34.585066],[135.42619,34.587904],[135.42619,34.589324],[135.433949,34.586485],[135.434811,34.585066],[135.433949,34.585066],[135.434811,34.582936],[135.441707,34.582936],[135.443431,34.576549],[135.445155,34.567321],[135.446017,34.566612],[135.446879,34.566612],[135.448603,34.565902],[135.452051,34.564482],[135.453775,34.566612],[135.454637,34.565902],[135.454637,34.564482],[135.458085,34.563062],[135.458085,34.562352],[135.458947,34.562352],[135.459809,34.561642],[135.461533,34.561642],[135.461533,34.560933],[135.463257,34.560223],[135.462395,34.558093],[135.461533,34.555253],[135.459809,34.555253],[135.459809,34.553833],[135.460671,34.553833],[135.460671,34.553123],[135.461533,34.553123],[135.459809,34.553123],[135.460671,34.552413],[135.462395,34.552413],[135.462395,34.550283],[135.463257,34.548154],[135.463257,34.545313],[135.464119,34.546023],[135.464981,34.546023],[135.464981,34.546733],[135.466705,34.547444],[135.466705,34.548154],[135.468429,34.548154],[135.468429,34.547444],[135.468429,34.548154],[135.466705,34.548154],[135.466705,34.547444],[135.466705,34.548154],[135.467567,34.548864],[135.466705,34.549574],[135.466705,34.550283],[135.465843,34.550993],[135.466705,34.551703],[135.468429,34.550993],[135.468429,34.551703],[135.470153,34.551703],[135.471016,34.551703],[135.471878,34.551703],[135.47274,34.551703],[135.473602,34.551703],[135.473602,34.553123],[135.474464,34.553123],[135.47705,34.556673],[135.477912,34.556673],[135.478774,34.556673],[135.479636,34.556673],[135.48136,34.556673],[135.48136,34.555963],[135.48136,34.554543],[135.48136,34.553123],[135.482222,34.552413],[135.482222,34.550993],[135.483946,34.548864],[135.48567,34.548154],[135.486532,34.547444],[135.488256,34.546023],[135.488256,34.544603],[135.489118,34.544603],[135.48998,34.542473],[135.489118,34.542473],[135.487394,34.542473],[135.486532,34.541763],[135.486532,34.542473],[135.48567,34.541763],[135.484808,34.541763],[135.483946,34.541053],[135.483084,34.541053],[135.483946,34.540343],[135.483946,34.539633],[135.482222,34.539633],[135.48136,34.539633],[135.480498,34.538923],[135.480498,34.538213],[135.48136,34.537503],[135.479636,34.536793],[135.480498,34.536083],[135.479636,34.535372],[135.483946,34.534662],[135.484808,34.534662],[135.484808,34.533952],[135.483946,34.533952],[135.483946,34.532532],[135.483946,34.531822],[135.483084,34.531112],[135.482222,34.530402],[135.480498,34.530402],[135.479636,34.529691],[135.478774,34.529691],[135.478774,34.530402],[135.477912,34.530402],[135.477912,34.531112],[135.47705,34.531822],[135.47705,34.532532],[135.476188,34.531822],[135.475326,34.531822],[135.473602,34.532532],[135.473602,34.531822],[135.473602,34.532532],[135.47274,34.533242],[135.471878,34.533242],[135.470153,34.532532],[135.469291,34.532532],[135.469291,34.533952],[135.467567,34.533242],[135.469291,34.527561],[135.470153,34.52614],[135.471016,34.52472],[135.469291,34.52401],[135.471016,34.52472],[135.471016,34.522589],[135.471878,34.5233],[135.47274,34.521879],[135.473602,34.521879],[135.474464,34.521169],[135.475326,34.521169],[135.478774,34.519038],[135.48136,34.516197],[135.482222,34.516197],[135.483084,34.516197],[135.484808,34.514777],[135.48567,34.513356],[135.487394,34.511935],[135.488256,34.510515],[135.487394,34.510515],[135.486532,34.510515],[135.48567,34.509804],[135.484808,34.509804],[135.48567,34.508384],[135.484808,34.507673],[135.484808,34.506963],[135.484808,34.506253],[135.483946,34.506253],[135.483084,34.505542],[135.483084,34.504832],[135.483084,34.504122],[135.482222,34.504122],[135.48136,34.503411],[135.480498,34.502701],[135.479636,34.502701],[135.478774,34.503411],[135.478774,34.504122],[135.477912,34.504122],[135.477912,34.502701],[135.47705,34.502701],[135.47705,34.503411],[135.47705,34.502701],[135.476188,34.502701],[135.476188,34.503411],[135.475326,34.504122],[135.475326,34.502701],[135.474464,34.502701],[135.473602,34.502701],[135.473602,34.503411],[135.471878,34.502701],[135.471878,34.503411],[135.471016,34.504122],[135.471016,34.503411],[135.471016,34.502701],[135.469291,34.502701],[135.468429,34.50199],[135.467567,34.50128],[135.466705,34.50128],[135.466705,34.50057],[135.464981,34.499859],[135.464981,34.50057],[135.464981,34.50128],[135.465843,34.50199],[135.465843,34.503411],[135.465843,34.504122],[135.464981,34.504832],[135.464119,34.504122],[135.464119,34.503411],[135.464119,34.50199],[135.464119,34.50128],[135.464119,34.499859],[135.464119,34.499149],[135.464119,34.497728],[135.463257,34.498438],[135.463257,34.499859],[135.462395,34.498438],[135.461533,34.497728],[135.461533,34.497018],[135.461533,34.496307],[135.460671,34.496307],[135.460671,34.497018],[135.461533,34.498438],[135.461533,34.499149],[135.461533,34.499859],[135.460671,34.499859],[135.461533,34.50057],[135.462395,34.50128],[135.462395,34.50199],[135.463257,34.503411],[135.463257,34.504832],[135.463257,34.506253],[135.463257,34.506963],[135.462395,34.506253],[135.462395,34.506963],[135.462395,34.507673],[135.462395,34.508384],[135.461533,34.507673],[135.460671,34.507673],[135.461533,34.509094],[135.461533,34.511225],[135.464119,34.511225],[135.461533,34.511225],[135.460671,34.511935],[135.460671,34.512646],[135.458947,34.512646],[135.458947,34.511935],[135.458947,34.510515],[135.458085,34.511225],[135.458947,34.511935],[135.458947,34.512646],[135.458085,34.513356],[135.458085,34.514066],[135.457223,34.514777],[135.456361,34.515487],[135.455499,34.514777],[135.454637,34.514777],[135.454637,34.515487],[135.453775,34.515487],[135.454637,34.516197],[135.454637,34.516907],[135.456361,34.516197],[135.457223,34.516197],[135.457223,34.516907],[135.458085,34.518328],[135.459809,34.518328],[135.459809,34.519038],[135.459809,34.519749],[135.458947,34.520459],[135.457223,34.520459],[135.458085,34.521879],[135.457223,34.521879],[135.457223,34.522589],[135.456361,34.522589],[135.456361,34.5233],[135.456361,34.52472],[135.455499,34.52472],[135.455499,34.52401],[135.454637,34.52401],[135.454637,34.52472],[135.453775,34.52543],[135.452913,34.52472],[135.451189,34.52472],[135.451189,34.52543],[135.450327,34.52543],[135.448603,34.52543],[135.447741,34.52614],[135.446879,34.52614],[135.446017,34.526851],[135.446879,34.526851],[135.446879,34.528271],[135.447741,34.528271],[135.447741,34.528981],[135.447741,34.529691],[135.448603,34.529691],[135.450327,34.528981],[135.451189,34.529691],[135.451189,34.530402],[135.450327,34.529691],[135.448603,34.530402],[135.446879,34.530402],[135.446879,34.531112],[135.446017,34.531112],[135.446879,34.531822],[135.446879,34.532532],[135.447741,34.533242],[135.448603,34.533952],[135.447741,34.533952],[135.446879,34.533952],[135.446879,34.534662],[135.446017,34.535372],[135.446879,34.536083],[135.446017,34.535372],[135.446879,34.536083],[135.446017,34.535372],[135.445155,34.535372],[135.446017,34.536083],[135.446017,34.536793],[135.445155,34.536793],[135.445155,34.537503],[135.443431,34.538213],[135.441707,34.538923],[135.439983,34.538923],[135.438259,34.538923],[135.439121,34.540343],[135.437397,34.541053],[135.437397,34.541053]]],[[[135.412398,34.543183],[135.40895,34.544603],[135.40895,34.546023],[135.405502,34.547444],[135.40895,34.553123],[135.409812,34.554543],[135.415846,34.550283],[135.412398,34.543183],[135.412398,34.543183]]],[[[135.436535,34.542473],[135.42619,34.547444],[135.430501,34.553833],[135.432225,34.553123],[135.434811,34.552413],[135.436535,34.555253],[135.440845,34.554543],[135.440845,34.549574],[135.440845,34.548864],[135.439983,34.548154],[135.436535,34.542473],[135.436535,34.542473]]]]}},{"type":"Feature","properties":{"kind":"muni","id":"27145","tier":"B","name":"堺市南区","parent":"堺市南区","note":"泉北NT环境好但远"},"geometry":{"type":"Polygon","coordinates":[[[135.464981,34.499859],[135.466705,34.50057],[135.466705,34.50128],[135.467567,34.50128],[135.468429,34.50199],[135.469291,34.502701],[135.471016,34.502701],[135.471016,34.503411],[135.471016,34.504122],[135.471878,34.503411],[135.471878,34.502701],[135.473602,34.503411],[135.473602,34.502701],[135.474464,34.502701],[135.475326,34.502701],[135.475326,34.504122],[135.476188,34.503411],[135.476188,34.502701],[135.47705,34.502701],[135.47705,34.503411],[135.47705,34.502701],[135.477912,34.502701],[135.477912,34.504122],[135.478774,34.504122],[135.478774,34.503411],[135.479636,34.502701],[135.480498,34.502701],[135.48136,34.503411],[135.482222,34.504122],[135.483084,34.504122],[135.483084,34.504832],[135.483084,34.505542],[135.483946,34.506253],[135.484808,34.506253],[135.484808,34.506963],[135.484808,34.507673],[135.48567,34.508384],[135.484808,34.509804],[135.48567,34.509804],[135.486532,34.510515],[135.487394,34.510515],[135.488256,34.510515],[135.487394,34.511935],[135.48567,34.513356],[135.488256,34.514066],[135.489118,34.514066],[135.48998,34.513356],[135.48998,34.511935],[135.492566,34.511225],[135.495152,34.510515],[135.495152,34.511935],[135.496876,34.510515],[135.4986,34.509804],[135.499462,34.508384],[135.50291,34.506253],[135.504634,34.506253],[135.504634,34.505542],[135.509806,34.506253],[135.511531,34.506253],[135.515841,34.505542],[135.517565,34.505542],[135.519289,34.504832],[135.520151,34.504122],[135.527047,34.503411],[135.527909,34.503411],[135.528771,34.502701],[135.529633,34.50199],[135.530495,34.50128],[135.533081,34.50199],[135.533081,34.50128],[135.534805,34.50128],[135.535667,34.50199],[135.535667,34.503411],[135.536529,34.503411],[135.534805,34.504122],[135.535667,34.504832],[135.534805,34.505542],[135.534805,34.506253],[135.533943,34.507673],[135.533943,34.508384],[135.534805,34.508384],[135.535667,34.506963],[135.535667,34.504832],[135.537391,34.504122],[135.539115,34.502701],[135.539977,34.50128],[135.539977,34.499859],[135.539977,34.498438],[135.539977,34.497728],[135.539115,34.497018],[135.538253,34.494886],[135.537391,34.494886],[135.537391,34.494176],[135.536529,34.493465],[135.535667,34.492755],[135.534805,34.492755],[135.534805,34.492044],[135.533943,34.491334],[135.534805,34.490623],[135.534805,34.489202],[135.533943,34.487781],[135.534805,34.487071],[135.535667,34.48636],[135.536529,34.48565],[135.535667,34.484229],[135.536529,34.484229],[135.535667,34.483518],[135.536529,34.482097],[135.536529,34.481386],[135.535667,34.480676],[135.535667,34.479965],[135.536529,34.479255],[135.536529,34.478544],[135.536529,34.477833],[135.536529,34.477123],[135.536529,34.474991],[135.536529,34.47428],[135.537391,34.47357],[135.537391,34.472148],[135.538253,34.470016],[135.538253,34.469306],[135.539115,34.468595],[135.540839,34.467884],[135.541701,34.467174],[135.542563,34.466463],[135.542563,34.465042],[135.543425,34.464331],[135.544287,34.462909],[135.545149,34.462909],[135.545149,34.462199],[135.545149,34.461488],[135.543425,34.460066],[135.542563,34.459356],[135.541701,34.458645],[135.540839,34.458645],[135.541701,34.457934],[135.540839,34.456513],[135.539977,34.455802],[135.539115,34.455091],[135.536529,34.452959],[135.535667,34.451537],[135.535667,34.450826],[135.534805,34.451537],[135.534805,34.450115],[135.533943,34.449404],[135.533943,34.448694],[135.533081,34.447983],[135.532219,34.447272],[135.531357,34.446561],[135.530495,34.446561],[135.530495,34.44585],[135.528771,34.444428],[135.527909,34.443718],[135.527047,34.443007],[135.526185,34.441585],[135.524461,34.441585],[135.522737,34.440874],[135.521875,34.439452],[135.521875,34.43803],[135.521013,34.437319],[135.520151,34.437319],[135.519289,34.435897],[135.519289,34.435186],[135.518427,34.433764],[135.519289,34.433764],[135.518427,34.433053],[135.519289,34.432342],[135.519289,34.431631],[135.519289,34.43092],[135.519289,34.430209],[135.518427,34.430209],[135.516703,34.43092],[135.515841,34.43092],[135.514979,34.43092],[135.514117,34.43092],[135.512393,34.43092],[135.511531,34.431631],[135.509806,34.432342],[135.508082,34.433053],[135.50722,34.433764],[135.506358,34.433764],[135.504634,34.433764],[135.503772,34.433053],[135.50291,34.433764],[135.500324,34.433764],[135.499462,34.434475],[135.499462,34.435897],[135.499462,34.437319],[135.4986,34.437319],[135.4986,34.438741],[135.4986,34.439452],[135.499462,34.440874],[135.499462,34.441585],[135.4986,34.442296],[135.499462,34.442296],[135.499462,34.443007],[135.4986,34.443718],[135.4986,34.444428],[135.4986,34.44585],[135.497738,34.447272],[135.497738,34.447983],[135.497738,34.448694],[135.497738,34.450115],[135.496876,34.452248],[135.496014,34.452959],[135.496014,34.453669],[135.495152,34.45438],[135.495152,34.455091],[135.495152,34.455802],[135.493428,34.456513],[135.492566,34.457223],[135.491704,34.457223],[135.491704,34.457934],[135.490842,34.458645],[135.48998,34.459356],[135.489118,34.460066],[135.488256,34.460777],[135.487394,34.460777],[135.487394,34.461488],[135.48567,34.461488],[135.484808,34.461488],[135.480498,34.46362],[135.477912,34.465752],[135.47705,34.465752],[135.477912,34.466463],[135.475326,34.469306],[135.47705,34.470016],[135.478774,34.470727],[135.476188,34.472859],[135.476188,34.472148],[135.475326,34.47357],[135.474464,34.472859],[135.471878,34.475702],[135.471016,34.477123],[135.471016,34.478544],[135.471878,34.478544],[135.471016,34.479965],[135.471878,34.479965],[135.471878,34.480676],[135.471878,34.481386],[135.470153,34.481386],[135.470153,34.483518],[135.469291,34.482808],[135.468429,34.483518],[135.468429,34.482808],[135.466705,34.482808],[135.466705,34.48565],[135.466705,34.487071],[135.465843,34.488492],[135.465843,34.489202],[135.466705,34.491334],[135.465843,34.491334],[135.465843,34.493465],[135.465843,34.496307],[135.465843,34.497018],[135.465843,34.497728],[135.465843,34.498438],[135.464981,34.499149],[135.464981,34.499859],[135.464981,34.499859]]]}},{"type":"Feature","properties":{"kind":"muni","id":"27146","tier":"A","name":"堺市北区","parent":"堺市北区","note":"なかもず双线枢纽"},"geometry":{"type":"Polygon","coordinates":[[[135.48998,34.542473],[135.489118,34.544603],[135.488256,34.544603],[135.488256,34.546023],[135.486532,34.547444],[135.48567,34.548154],[135.483946,34.548864],[135.482222,34.550993],[135.482222,34.552413],[135.486532,34.555963],[135.488256,34.557383],[135.489118,34.558803],[135.48998,34.559513],[135.491704,34.563062],[135.492566,34.565192],[135.493428,34.564482],[135.496014,34.563062],[135.4986,34.560933],[135.500324,34.559513],[135.501186,34.560223],[135.500324,34.560933],[135.501186,34.560933],[135.501186,34.561642],[135.502048,34.561642],[135.502048,34.562352],[135.501186,34.563062],[135.499462,34.564482],[135.499462,34.565192],[135.4986,34.565902],[135.497738,34.567321],[135.4986,34.567321],[135.497738,34.568031],[135.4986,34.568741],[135.496014,34.569451],[135.495152,34.57158],[135.499462,34.578678],[135.502048,34.583646],[135.502048,34.585066],[135.50291,34.586485],[135.504634,34.586485],[135.50722,34.587195],[135.508944,34.587904],[135.510668,34.588614],[135.515841,34.591452],[135.517565,34.592162],[135.521875,34.594291],[135.522737,34.592872],[135.522737,34.590033],[135.521013,34.590033],[135.521013,34.587904],[135.522737,34.587195],[135.522737,34.585775],[135.522737,34.585066],[135.522737,34.580807],[135.522737,34.578678],[135.522737,34.576549],[135.526185,34.576549],[135.527909,34.577259],[135.532219,34.576549],[135.532219,34.575129],[135.531357,34.575129],[135.531357,34.57371],[135.532219,34.57371],[135.532219,34.57229],[135.533081,34.57158],[135.535667,34.57158],[135.535667,34.570161],[135.535667,34.569451],[135.535667,34.568031],[135.536529,34.568031],[135.537391,34.565902],[135.543425,34.565902],[135.545149,34.565902],[135.546873,34.565902],[135.548597,34.565902],[135.548597,34.565192],[135.549459,34.564482],[135.547735,34.564482],[135.547735,34.563062],[135.547735,34.561642],[135.549459,34.560933],[135.549459,34.560223],[135.548597,34.560223],[135.546873,34.559513],[135.546873,34.558803],[135.545149,34.558803],[135.541701,34.558803],[135.539977,34.558093],[135.536529,34.558093],[135.535667,34.558093],[135.533943,34.558093],[135.527909,34.559513],[135.528771,34.556673],[135.528771,34.555963],[135.528771,34.555253],[135.527909,34.553833],[135.528771,34.553123],[135.527047,34.552413],[135.526185,34.552413],[135.525323,34.552413],[135.525323,34.551703],[135.524461,34.552413],[135.523599,34.551703],[135.522737,34.550993],[135.522737,34.551703],[135.521875,34.550993],[135.521013,34.550993],[135.520151,34.550283],[135.519289,34.550283],[135.519289,34.549574],[135.520151,34.548864],[135.520151,34.548154],[135.519289,34.548154],[135.519289,34.547444],[135.518427,34.546733],[135.512393,34.550993],[135.512393,34.549574],[135.510668,34.548864],[135.508082,34.548154],[135.506358,34.550283],[135.504634,34.548864],[135.501186,34.546733],[135.501186,34.546023],[135.500324,34.545313],[135.499462,34.545313],[135.496876,34.545313],[135.49429,34.543893],[135.48998,34.541763],[135.48998,34.542473],[135.48998,34.542473]]]}},{"type":"Feature","properties":{"kind":"muni","id":"27147","tier":"C","name":"堺市美原区","parent":"堺市美原区","note":"无轨道,车社会"},"geometry":{"type":"Polygon","coordinates":[[[135.554632,34.527561],[135.554632,34.528271],[135.554632,34.528981],[135.552908,34.528271],[135.552908,34.529691],[135.55377,34.529691],[135.552908,34.530402],[135.552046,34.530402],[135.552046,34.532532],[135.551184,34.532532],[135.549459,34.532532],[135.549459,34.531822],[135.548597,34.531112],[135.547735,34.531822],[135.546873,34.531112],[135.546011,34.530402],[135.545149,34.530402],[135.545149,34.529691],[135.543425,34.529691],[135.543425,34.530402],[135.542563,34.530402],[135.542563,34.534662],[135.541701,34.537503],[135.543425,34.538213],[135.541701,34.537503],[135.541701,34.538923],[135.541701,34.541053],[135.541701,34.543893],[135.541701,34.544603],[135.540839,34.544603],[135.541701,34.545313],[135.541701,34.546023],[135.539115,34.545313],[135.539115,34.546023],[135.538253,34.545313],[135.538253,34.546733],[135.539115,34.546733],[135.539977,34.546733],[135.539977,34.547444],[135.539115,34.547444],[135.539115,34.548154],[135.539977,34.548154],[135.539115,34.549574],[135.540839,34.549574],[135.540839,34.550283],[135.541701,34.550993],[135.542563,34.550993],[135.542563,34.552413],[135.541701,34.553123],[135.540839,34.553123],[135.540839,34.554543],[135.540839,34.555963],[135.541701,34.555253],[135.542563,34.555253],[135.542563,34.554543],[135.544287,34.554543],[135.544287,34.555253],[135.545149,34.555253],[135.545149,34.554543],[135.546873,34.554543],[135.546873,34.558803],[135.546873,34.559513],[135.548597,34.560223],[135.547735,34.558803],[135.547735,34.557383],[135.548597,34.557383],[135.549459,34.557383],[135.552046,34.556673],[135.551184,34.555253],[135.552908,34.554543],[135.552908,34.553833],[135.55377,34.553833],[135.55377,34.554543],[135.555494,34.554543],[135.556356,34.553833],[135.556356,34.554543],[135.557218,34.553833],[135.558942,34.553833],[135.558942,34.555253],[135.559804,34.555253],[135.559804,34.554543],[135.561528,34.554543],[135.560666,34.560223],[135.561528,34.560223],[135.5667,34.560223],[135.567562,34.560223],[135.568424,34.558803],[135.568424,34.557383],[135.568424,34.556673],[135.568424,34.553123],[135.567562,34.553123],[135.567562,34.550993],[135.567562,34.548864],[135.569286,34.548864],[135.570148,34.549574],[135.570148,34.548864],[135.57101,34.548864],[135.572734,34.548864],[135.571872,34.547444],[135.571872,34.546023],[135.572734,34.546023],[135.572734,34.546733],[135.573596,34.547444],[135.573596,34.546733],[135.57532,34.545313],[135.57532,34.544603],[135.57532,34.543893],[135.574458,34.544603],[135.574458,34.543893],[135.57532,34.543183],[135.577044,34.542473],[135.577906,34.541763],[135.578768,34.540343],[135.57963,34.539633],[135.580492,34.538923],[135.580492,34.538213],[135.582216,34.537503],[135.582216,34.536793],[135.581354,34.536793],[135.581354,34.537503],[135.580492,34.538213],[135.580492,34.537503],[135.581354,34.536083],[135.581354,34.535372],[135.582216,34.534662],[135.583078,34.533952],[135.582216,34.534662],[135.581354,34.535372],[135.582216,34.533952],[135.58394,34.533952],[135.584802,34.533242],[135.585664,34.532532],[135.587388,34.531822],[135.587388,34.531112],[135.586526,34.530402],[135.586526,34.529691],[135.585664,34.528271],[135.586526,34.528271],[135.584802,34.527561],[135.584802,34.526851],[135.585664,34.526851],[135.584802,34.526851],[135.584802,34.52614],[135.584802,34.52472],[135.584802,34.52401],[135.58394,34.5233],[135.58394,34.522589],[135.584802,34.521879],[135.585664,34.521879],[135.585664,34.521169],[135.585664,34.519749],[135.585664,34.519038],[135.584802,34.519038],[135.58394,34.519038],[135.583078,34.518328],[135.583078,34.519038],[135.582216,34.518328],[135.581354,34.517618],[135.581354,34.516907],[135.582216,34.516197],[135.582216,34.515487],[135.583078,34.513356],[135.583078,34.512646],[135.582216,34.511935],[135.582216,34.511225],[135.583078,34.510515],[135.582216,34.510515],[135.581354,34.510515],[135.580492,34.511225],[135.578768,34.511225],[135.577906,34.510515],[135.577044,34.510515],[135.576182,34.510515],[135.574458,34.511225],[135.574458,34.511935],[135.573596,34.511225],[135.572734,34.511225],[135.571872,34.511935],[135.571872,34.512646],[135.57101,34.512646],[135.569286,34.512646],[135.568424,34.512646],[135.567562,34.513356],[135.5667,34.513356],[135.5667,34.514066],[135.565838,34.514066],[135.5667,34.514777],[135.565838,34.516197],[135.564114,34.517618],[135.563252,34.519749],[135.564114,34.519749],[135.564114,34.520459],[135.56239,34.522589],[135.563252,34.5233],[135.563252,34.52401],[135.56239,34.52472],[135.561528,34.52543],[135.56239,34.52614],[135.561528,34.526851],[135.55808,34.526851],[135.558942,34.527561],[135.558942,34.528981],[135.55808,34.528271],[135.55808,34.528981],[135.557218,34.528271],[135.556356,34.528981],[135.556356,34.528271],[135.554632,34.527561],[135.554632,34.527561]],[[135.580492,34.534662],[135.580492,34.535372],[135.580492,34.536083],[135.580492,34.536793],[135.580492,34.537503],[135.580492,34.538213],[135.57963,34.538923],[135.578768,34.538213],[135.57963,34.537503],[135.57963,34.536083],[135.57963,34.536793],[135.57963,34.536083],[135.57963,34.535372],[135.57963,34.534662],[135.57963,34.535372],[135.578768,34.535372],[135.578768,34.534662],[135.577906,34.534662],[135.57963,34.533952],[135.580492,34.534662],[135.580492,34.534662]]]}},{"type":"Feature","properties":{"kind":"muni","id":"27202","tier":"C","name":"岸和田市","parent":"岸和田市","note":"城区旧,治安口碑中下"},"geometry":{"type":"MultiPolygon","coordinates":[[[[135.371021,34.450826],[135.370159,34.451537],[135.369297,34.451537],[135.368435,34.452248],[135.367573,34.452959],[135.366711,34.453669],[135.365849,34.45438],[135.364987,34.45438],[135.364987,34.455091],[135.364125,34.455802],[135.363263,34.455802],[135.363263,34.456513],[135.362401,34.457223],[135.361539,34.456513],[135.360677,34.457934],[135.362401,34.457934],[135.359815,34.460066],[135.357229,34.460777],[135.353781,34.462909],[135.356367,34.464331],[135.358091,34.466463],[135.362401,34.472148],[135.364125,34.470727],[135.364987,34.470016],[135.362401,34.466463],[135.363263,34.465752],[135.365849,34.467884],[135.366711,34.467884],[135.367573,34.468595],[135.367573,34.467884],[135.366711,34.467884],[135.367573,34.467884],[135.368435,34.467884],[135.370159,34.467174],[135.370159,34.467884],[135.370159,34.468595],[135.371021,34.470016],[135.371883,34.471438],[135.371021,34.472148],[135.368435,34.471438],[135.367573,34.470727],[135.367573,34.471438],[135.367573,34.472148],[135.367573,34.472859],[135.364125,34.477833],[135.365849,34.480676],[135.371021,34.477833],[135.374469,34.475702],[135.373607,34.474991],[135.376193,34.472859],[135.376193,34.474991],[135.375331,34.475702],[135.377055,34.474991],[135.376193,34.476412],[135.377055,34.478544],[135.371883,34.481386],[135.372745,34.483518],[135.376193,34.482097],[135.377055,34.48636],[135.370159,34.489913],[135.372745,34.494176],[135.371021,34.495597],[135.371021,34.499859],[135.376193,34.497728],[135.382227,34.494886],[135.383951,34.494886],[135.384813,34.494176],[135.386537,34.493465],[135.389985,34.492044],[135.390848,34.491334],[135.39171,34.490623],[135.393434,34.489913],[135.396882,34.487071],[135.398606,34.48565],[135.399468,34.484939],[135.40033,34.484939],[135.401192,34.484229],[135.402054,34.483518],[135.403778,34.481386],[135.40464,34.481386],[135.405502,34.481386],[135.405502,34.480676],[135.407226,34.479255],[135.409812,34.477123],[135.410674,34.476412],[135.411536,34.475702],[135.41326,34.474991],[135.41326,34.47428],[135.414122,34.47428],[135.414984,34.47428],[135.414984,34.47357],[135.41757,34.471438],[135.419294,34.470016],[135.421018,34.468595],[135.424466,34.466463],[135.425328,34.466463],[135.42619,34.466463],[135.42619,34.467174],[135.427914,34.469306],[135.428776,34.468595],[135.428776,34.469306],[135.429638,34.470016],[135.431363,34.469306],[135.433949,34.467174],[135.434811,34.466463],[135.435673,34.467174],[135.435673,34.465752],[135.436535,34.465042],[135.437397,34.465042],[135.437397,34.464331],[135.438259,34.465042],[135.438259,34.464331],[135.439983,34.462199],[135.440845,34.460777],[135.441707,34.460777],[135.442569,34.460066],[135.442569,34.458645],[135.441707,34.457934],[135.440845,34.456513],[135.441707,34.455802],[135.441707,34.455091],[135.441707,34.45438],[135.441707,34.453669],[135.440845,34.452959],[135.439983,34.450115],[135.440845,34.450115],[135.440845,34.449404],[135.441707,34.449404],[135.441707,34.448694],[135.442569,34.448694],[135.441707,34.447983],[135.441707,34.447272],[135.441707,34.446561],[135.442569,34.445139],[135.442569,34.444428],[135.442569,34.443718],[135.443431,34.443007],[135.443431,34.442296],[135.443431,34.441585],[135.442569,34.440874],[135.443431,34.440163],[135.443431,34.438741],[135.444293,34.437319],[135.444293,34.435897],[135.443431,34.435186],[135.444293,34.435186],[135.445155,34.434475],[135.446017,34.433764],[135.447741,34.433764],[135.447741,34.433053],[135.448603,34.433053],[135.448603,34.432342],[135.448603,34.43092],[135.448603,34.430209],[135.448603,34.429498],[135.447741,34.428787],[135.448603,34.428076],[135.448603,34.427365],[135.449465,34.426654],[135.449465,34.425943],[135.450327,34.425943],[135.450327,34.425232],[135.451189,34.424521],[135.451189,34.42381],[135.451189,34.422388],[135.451189,34.421677],[135.451189,34.420966],[135.452051,34.420255],[135.451189,34.418833],[135.451189,34.418121],[135.451189,34.41741],[135.451189,34.416699],[135.450327,34.415988],[135.449465,34.415988],[135.449465,34.415277],[135.449465,34.414566],[135.451189,34.414566],[135.452051,34.414566],[135.452051,34.413144],[135.452913,34.412432],[135.453775,34.411721],[135.452913,34.409588],[135.453775,34.408876],[135.452913,34.408165],[135.454637,34.406743],[135.454637,34.406032],[135.455499,34.406032],[135.455499,34.40532],[135.454637,34.404609],[135.453775,34.403898],[135.453775,34.402476],[135.453775,34.401053],[135.454637,34.400342],[135.453775,34.400342],[135.452913,34.400342],[135.452913,34.398919],[135.452051,34.398208],[135.452051,34.396785],[135.452913,34.395363],[135.452051,34.394651],[135.451189,34.39394],[135.450327,34.393229],[135.450327,34.392518],[135.450327,34.391806],[135.450327,34.390383],[135.452051,34.390383],[135.453775,34.390383],[135.454637,34.390383],[135.454637,34.389672],[135.454637,34.388961],[135.454637,34.388249],[135.455499,34.387538],[135.456361,34.386827],[135.456361,34.385404],[135.457223,34.385404],[135.458085,34.384693],[135.458085,34.383981],[135.458947,34.384693],[135.460671,34.383981],[135.461533,34.38327],[135.462395,34.382558],[135.462395,34.381135],[135.463257,34.379713],[135.464119,34.37829],[135.464119,34.376867],[135.463257,34.375444],[135.462395,34.374732],[135.459809,34.374732],[135.459809,34.374021],[135.458947,34.373309],[135.458947,34.371886],[135.458947,34.371175],[135.458947,34.370463],[135.458947,34.369752],[135.459809,34.36904],[135.458947,34.368329],[135.458085,34.368329],[135.458085,34.367617],[135.456361,34.367617],[135.456361,34.366906],[135.456361,34.365483],[135.456361,34.364771],[135.456361,34.36406],[135.456361,34.362636],[135.455499,34.361213],[135.456361,34.360502],[135.455499,34.35979],[135.454637,34.358367],[135.454637,34.357655],[135.455499,34.356943],[135.455499,34.35552],[135.456361,34.354809],[135.456361,34.354097],[135.457223,34.353385],[135.456361,34.352674],[135.456361,34.351962],[135.455499,34.351962],[135.454637,34.350539],[135.452913,34.349827],[135.452051,34.349115],[135.450327,34.349115],[135.448603,34.349115],[135.447741,34.349115],[135.446017,34.348403],[135.445155,34.347692],[135.441707,34.347692],[135.440845,34.347692],[135.439121,34.347692],[135.437397,34.348403],[135.437397,34.347692],[135.436535,34.348403],[135.435673,34.348403],[135.434811,34.348403],[135.433949,34.348403],[135.433087,34.349115],[135.433087,34.349827],[135.432225,34.351962],[135.432225,34.352674],[135.432225,34.353385],[135.431363,34.354097],[135.431363,34.35552],[135.431363,34.356943],[135.431363,34.357655],[135.430501,34.358367],[135.430501,34.35979],[135.430501,34.361213],[135.430501,34.363348],[135.429638,34.363348],[135.429638,34.364771],[135.429638,34.366906],[135.428776,34.36904],[135.428776,34.369752],[135.427914,34.370463],[135.427914,34.371175],[135.427052,34.372598],[135.427052,34.374021],[135.42619,34.374732],[135.425328,34.376155],[135.424466,34.376155],[135.423604,34.376155],[135.422742,34.376155],[135.42188,34.377578],[135.421018,34.377578],[135.420156,34.377578],[135.420156,34.379001],[135.419294,34.379001],[135.418432,34.379001],[135.416708,34.379001],[135.415846,34.381135],[135.415846,34.382558],[135.415846,34.38327],[135.414984,34.383981],[135.414122,34.383981],[135.414122,34.385404],[135.41326,34.386115],[135.412398,34.386115],[135.411536,34.387538],[135.410674,34.387538],[135.410674,34.388961],[135.409812,34.390383],[135.410674,34.390383],[135.409812,34.391806],[135.409812,34.392518],[135.408088,34.393229],[135.40895,34.39394],[135.408088,34.394651],[135.407226,34.395363],[135.408088,34.395363],[135.408088,34.396074],[135.408088,34.396785],[135.40895,34.397497],[135.408088,34.398208],[135.408088,34.398919],[135.407226,34.398919],[135.406364,34.400342],[135.405502,34.400342],[135.406364,34.400342],[135.407226,34.401053],[135.406364,34.401053],[135.405502,34.401053],[135.405502,34.401764],[135.405502,34.402476],[135.40464,34.401764],[135.40464,34.402476],[135.403778,34.403187],[135.40464,34.403187],[135.405502,34.403898],[135.405502,34.40532],[135.406364,34.40532],[135.408088,34.406743],[135.408088,34.407454],[135.40895,34.407454],[135.409812,34.408165],[135.410674,34.408876],[135.411536,34.408876],[135.411536,34.410299],[135.409812,34.410299],[135.410674,34.411721],[135.409812,34.411721],[135.40895,34.413144],[135.409812,34.413144],[135.40895,34.413855],[135.408088,34.413144],[135.408088,34.412432],[135.407226,34.412432],[135.408088,34.413144],[135.406364,34.413144],[135.405502,34.413144],[135.405502,34.412432],[135.405502,34.411721],[135.403778,34.412432],[135.403778,34.411721],[135.402916,34.411721],[135.402916,34.412432],[135.402054,34.412432],[135.402054,34.411721],[135.402054,34.412432],[135.401192,34.412432],[135.401192,34.41101],[135.399468,34.411721],[135.399468,34.412432],[135.399468,34.413144],[135.398606,34.413144],[135.397744,34.414566],[135.397744,34.413855],[135.396882,34.414566],[135.397744,34.415277],[135.398606,34.415277],[135.398606,34.415988],[135.397744,34.416699],[135.39602,34.416699],[135.39602,34.41741],[135.39602,34.418121],[135.395158,34.416699],[135.395158,34.415988],[135.394296,34.415988],[135.393434,34.416699],[135.392572,34.418833],[135.39171,34.420255],[135.39171,34.419544],[135.390848,34.418833],[135.389985,34.418833],[135.389985,34.418121],[135.389123,34.418121],[135.389123,34.41741],[135.388261,34.41741],[135.387399,34.41741],[135.387399,34.418833],[135.386537,34.419544],[135.386537,34.420966],[135.385675,34.420966],[135.384813,34.421677],[135.384813,34.423099],[135.383089,34.425232],[135.383089,34.425943],[135.382227,34.426654],[135.381365,34.428787],[135.382227,34.429498],[135.383089,34.428787],[135.383089,34.430209],[135.382227,34.430209],[135.382227,34.429498],[135.381365,34.429498],[135.381365,34.430209],[135.380503,34.43092],[135.379641,34.431631],[135.380503,34.433053],[135.379641,34.433764],[135.381365,34.433764],[135.381365,34.433053],[135.382227,34.433764],[135.380503,34.434475],[135.379641,34.435897],[135.379641,34.436608],[135.378779,34.437319],[135.377917,34.43803],[135.377917,34.439452],[135.378779,34.439452],[135.379641,34.439452],[135.379641,34.440163],[135.379641,34.440874],[135.380503,34.442296],[135.382227,34.443007],[135.381365,34.443007],[135.381365,34.443718],[135.380503,34.44585],[135.379641,34.44585],[135.378779,34.446561],[135.375331,34.449404],[135.372745,34.451537],[135.371883,34.451537],[135.372745,34.450826],[135.371883,34.450826],[135.371021,34.451537],[135.371021,34.450826],[135.371021,34.450826]]],[[[135.359815,34.47357],[135.354643,34.467174],[135.354643,34.467884],[135.351195,34.465752],[135.350333,34.465752],[135.34947,34.467884],[135.350333,34.468595],[135.352057,34.467174],[135.353781,34.468595],[135.351195,34.471438],[135.353781,34.472859],[135.352919,34.47357],[135.354643,34.474991],[135.352057,34.477833],[135.352919,34.479255],[135.352919,34.479965],[135.359815,34.47357],[135.359815,34.47357]]]]}},{"type":"Feature","properties":{"kind":"muni","id":"27204","tier":"A","name":"池田市","parent":"池田市","note":"阪急宝塚线,安静体面"},"geometry":{"type":"Polygon","coordinates":[[[135.437397,34.877649],[135.438259,34.876942],[135.438259,34.876235],[135.439121,34.875528],[135.439121,34.874821],[135.438259,34.874821],[135.438259,34.873406],[135.439121,34.874113],[135.439983,34.874113],[135.440845,34.874821],[135.441707,34.874821],[135.441707,34.874113],[135.442569,34.874113],[135.443431,34.871992],[135.445155,34.871992],[135.446017,34.871285],[135.446879,34.86987],[135.447741,34.869163],[135.448603,34.869163],[135.449465,34.867748],[135.448603,34.867748],[135.449465,34.867041],[135.450327,34.866334],[135.451189,34.865626],[135.452051,34.865626],[135.452913,34.864919],[135.453775,34.865626],[135.455499,34.864919],[135.456361,34.864919],[135.456361,34.864212],[135.457223,34.863505],[135.458085,34.86209],[135.458947,34.86209],[135.459809,34.861383],[135.458947,34.860675],[135.459809,34.859968],[135.458947,34.859261],[135.458947,34.858553],[135.458947,34.857846],[135.458947,34.857139],[135.458085,34.856431],[135.458085,34.855724],[135.458947,34.855017],[135.459809,34.854309],[135.459809,34.853602],[135.459809,34.852187],[135.459809,34.85148],[135.459809,34.850772],[135.460671,34.85148],[135.460671,34.850772],[135.459809,34.850772],[135.459809,34.849357],[135.459809,34.84865],[135.459809,34.847942],[135.458947,34.846528],[135.458947,34.84582],[135.459809,34.845113],[135.458947,34.843698],[135.458085,34.843698],[135.456361,34.844405],[135.455499,34.844405],[135.454637,34.844405],[135.454637,34.843698],[135.453775,34.843698],[135.453775,34.84299],[135.453775,34.842283],[135.453775,34.841575],[135.453775,34.840868],[135.453775,34.84016],[135.454637,34.839453],[135.454637,34.838745],[135.453775,34.838745],[135.452913,34.838038],[135.452913,34.836623],[135.452913,34.835915],[135.452913,34.835208],[135.452913,34.8345],[135.453775,34.8345],[135.453775,34.833793],[135.453775,34.832377],[135.452913,34.832377],[135.452913,34.83167],[135.452913,34.830962],[135.452913,34.830255],[135.451189,34.829547],[135.451189,34.827424],[135.450327,34.826717],[135.451189,34.826717],[135.450327,34.826009],[135.450327,34.825301],[135.450327,34.823886],[135.451189,34.822471],[135.452051,34.821763],[135.451189,34.821763],[135.452051,34.820348],[135.451189,34.820348],[135.452051,34.818932],[135.452051,34.818225],[135.450327,34.818932],[135.450327,34.818225],[135.451189,34.817517],[135.449465,34.817517],[135.448603,34.816809],[135.448603,34.816102],[135.447741,34.816102],[135.448603,34.815394],[135.448603,34.814686],[135.449465,34.813271],[135.449465,34.811148],[135.447741,34.811148],[135.447741,34.809732],[135.446879,34.809732],[135.448603,34.809732],[135.447741,34.808316],[135.448603,34.806901],[135.447741,34.806901],[135.447741,34.806193],[135.448603,34.806193],[135.449465,34.806193],[135.450327,34.806193],[135.451189,34.806901],[135.451189,34.806193],[135.452051,34.806193],[135.452913,34.806193],[135.452051,34.805485],[135.451189,34.805485],[135.450327,34.805485],[135.449465,34.804778],[135.448603,34.804778],[135.447741,34.804778],[135.446879,34.80407],[135.446879,34.803362],[135.447741,34.802654],[135.446879,34.802654],[135.446879,34.801946],[135.447741,34.801238],[135.447741,34.799823],[135.446879,34.799115],[135.446879,34.799823],[135.446017,34.799823],[135.444293,34.799823],[135.444293,34.799115],[135.443431,34.799115],[135.443431,34.800531],[135.442569,34.799823],[135.442569,34.798407],[135.443431,34.797699],[135.443431,34.796991],[135.443431,34.796283],[135.443431,34.795576],[135.442569,34.794868],[135.443431,34.79416],[135.441707,34.79416],[135.441707,34.793452],[135.440845,34.793452],[135.440845,34.792036],[135.439983,34.792036],[135.436535,34.79416],[135.434811,34.796283],[135.433949,34.796991],[135.434811,34.796991],[135.434811,34.798407],[135.433949,34.798407],[135.433087,34.797699],[135.432225,34.797699],[135.432225,34.798407],[135.431363,34.798407],[135.431363,34.799115],[135.430501,34.799823],[135.429638,34.799823],[135.429638,34.800531],[135.429638,34.801238],[135.428776,34.801238],[135.428776,34.803362],[135.428776,34.802654],[135.427914,34.802654],[135.427052,34.802654],[135.42619,34.802654],[135.423604,34.801946],[135.422742,34.803362],[135.422742,34.805485],[135.42188,34.806901],[135.421018,34.808316],[135.418432,34.81044],[135.41757,34.811855],[135.416708,34.813979],[135.415846,34.816809],[135.415846,34.818225],[135.415846,34.818932],[135.416708,34.821055],[135.41757,34.822471],[135.421018,34.825301],[135.421018,34.826009],[135.422742,34.827424],[135.423604,34.828839],[135.423604,34.829547],[135.423604,34.830962],[135.423604,34.833085],[135.423604,34.833793],[135.424466,34.836623],[135.424466,34.83733],[135.424466,34.838745],[135.423604,34.84016],[135.422742,34.841575],[135.422742,34.84299],[135.421018,34.846528],[135.421018,34.847235],[135.419294,34.84865],[135.418432,34.850065],[135.41757,34.85148],[135.416708,34.852187],[135.41757,34.852894],[135.418432,34.852187],[135.421018,34.85148],[135.421018,34.850772],[135.422742,34.852187],[135.424466,34.852187],[135.425328,34.852894],[135.425328,34.853602],[135.42619,34.853602],[135.427914,34.854309],[135.429638,34.855017],[135.430501,34.855724],[135.432225,34.857139],[135.432225,34.857846],[135.431363,34.858553],[135.431363,34.859261],[135.430501,34.860675],[135.430501,34.861383],[135.430501,34.86209],[135.432225,34.862797],[135.432225,34.864212],[135.433087,34.865626],[135.433087,34.866334],[135.433949,34.868456],[135.434811,34.870577],[135.433949,34.871285],[135.434811,34.871992],[135.434811,34.872699],[135.435673,34.873406],[135.435673,34.874113],[135.436535,34.874821],[135.436535,34.876235],[135.437397,34.877649],[135.437397,34.877649]]]}},{"type":"Feature","properties":{"kind":"muni","id":"27206","tier":"B","name":"泉大津市","parent":"泉大津市","note":"南海沿线普通"},"geometry":{"type":"MultiPolygon","coordinates":[[[[135.387399,34.50057],[135.387399,34.50128],[135.386537,34.50199],[135.385675,34.502701],[135.377917,34.509094],[135.379641,34.511935],[135.377055,34.513356],[135.375331,34.511225],[135.367573,34.516907],[135.378779,34.531822],[135.380503,34.530402],[135.383951,34.519749],[135.384813,34.519038],[135.385675,34.517618],[135.381365,34.511935],[135.383951,34.509804],[135.387399,34.514066],[135.389985,34.512646],[135.386537,34.508384],[135.389985,34.505542],[135.392572,34.507673],[135.390848,34.509094],[135.392572,34.511935],[135.39602,34.513356],[135.397744,34.511935],[135.39602,34.509804],[135.396882,34.509094],[135.399468,34.509804],[135.40033,34.510515],[135.402916,34.508384],[135.398606,34.512646],[135.397744,34.514066],[135.398606,34.514777],[135.399468,34.515487],[135.399468,34.516197],[135.40033,34.516197],[135.401192,34.516907],[135.401192,34.517618],[135.401192,34.518328],[135.40033,34.519038],[135.399468,34.519038],[135.398606,34.519038],[135.395158,34.517618],[135.394296,34.519038],[135.394296,34.518328],[135.393434,34.519038],[135.396882,34.521169],[135.395158,34.522589],[135.39171,34.520459],[135.390848,34.521879],[135.394296,34.52401],[135.392572,34.52543],[135.389123,34.522589],[135.388261,34.52401],[135.393434,34.531112],[135.398606,34.52614],[135.401192,34.527561],[135.402916,34.52543],[135.401192,34.520459],[135.40033,34.519038],[135.402054,34.518328],[135.402916,34.517618],[135.401192,34.514066],[135.402916,34.512646],[135.40464,34.516197],[135.405502,34.514777],[135.403778,34.511935],[135.405502,34.510515],[135.409812,34.513356],[135.406364,34.516907],[135.410674,34.522589],[135.414122,34.521169],[135.418432,34.519749],[135.418432,34.519038],[135.419294,34.519038],[135.421018,34.518328],[135.42188,34.518328],[135.422742,34.516907],[135.423604,34.516907],[135.424466,34.516907],[135.423604,34.516197],[135.424466,34.516197],[135.423604,34.515487],[135.427052,34.512646],[135.428776,34.514777],[135.429638,34.514066],[135.430501,34.514066],[135.430501,34.514777],[135.432225,34.514066],[135.431363,34.514777],[135.432225,34.514777],[135.433087,34.514066],[135.432225,34.512646],[135.433949,34.511225],[135.434811,34.511225],[135.433949,34.511225],[135.433087,34.510515],[135.433087,34.509804],[135.433949,34.509804],[135.434811,34.509094],[135.433087,34.507673],[135.432225,34.509094],[135.433087,34.509094],[135.432225,34.509094],[135.433087,34.507673],[135.432225,34.506963],[135.431363,34.507673],[135.431363,34.506963],[135.431363,34.507673],[135.430501,34.506963],[135.432225,34.505542],[135.430501,34.506963],[135.431363,34.506253],[135.430501,34.506963],[135.432225,34.505542],[135.431363,34.505542],[135.431363,34.504832],[135.430501,34.504832],[135.429638,34.504832],[135.428776,34.504122],[135.428776,34.504832],[135.429638,34.505542],[135.428776,34.505542],[135.427914,34.504832],[135.428776,34.504122],[135.427914,34.504122],[135.428776,34.503411],[135.427914,34.504122],[135.427052,34.503411],[135.42619,34.503411],[135.42619,34.502701],[135.425328,34.50199],[135.424466,34.50128],[135.424466,34.50057],[135.42619,34.499859],[135.425328,34.499149],[135.42619,34.498438],[135.427914,34.497018],[135.427052,34.496307],[135.428776,34.494886],[135.429638,34.494176],[135.428776,34.494886],[135.427914,34.494176],[135.428776,34.493465],[135.427914,34.492755],[135.429638,34.491334],[135.428776,34.490623],[135.427052,34.491334],[135.42619,34.491334],[135.427914,34.489913],[135.427052,34.490623],[135.42619,34.490623],[135.425328,34.489913],[135.425328,34.490623],[135.424466,34.489202],[135.423604,34.490623],[135.422742,34.489202],[135.42188,34.489913],[135.421018,34.489913],[135.420156,34.488492],[135.420156,34.487781],[135.419294,34.488492],[135.419294,34.487781],[135.418432,34.487071],[135.416708,34.488492],[135.416708,34.487781],[135.416708,34.487071],[135.41757,34.48636],[135.416708,34.48565],[135.41757,34.484939],[135.41757,34.484229],[135.416708,34.483518],[135.416708,34.482808],[135.415846,34.482808],[135.415846,34.482097],[135.414122,34.482808],[135.41326,34.482097],[135.412398,34.482097],[135.411536,34.481386],[135.410674,34.482097],[135.408088,34.484939],[135.407226,34.48636],[135.405502,34.487781],[135.405502,34.488492],[135.405502,34.489202],[135.405502,34.491334],[135.405502,34.492755],[135.40464,34.494176],[135.403778,34.494886],[135.402916,34.494886],[135.401192,34.494886],[135.396882,34.496307],[135.395158,34.496307],[135.392572,34.497728],[135.390848,34.499149],[135.389985,34.499149],[135.389123,34.499859],[135.387399,34.50057],[135.387399,34.50057]],[[135.427052,34.497018],[135.42619,34.497018],[135.427052,34.496307],[135.427052,34.497018],[135.427052,34.497018]],[[135.427052,34.492044],[135.42619,34.492044],[135.42619,34.491334],[135.427052,34.492044],[135.427052,34.492044]]],[[[135.433087,34.510515],[135.432225,34.511225],[135.431363,34.511935],[135.429638,34.510515],[135.430501,34.509804],[135.431363,34.509094],[135.430501,34.509804],[135.430501,34.510515],[135.432225,34.509804],[135.433087,34.510515],[135.433087,34.510515]]],[[[135.427914,34.497728],[135.427914,34.497018],[135.427052,34.497728],[135.427914,34.497728],[135.427914,34.497728]]],[[[135.439983,34.513356],[135.439983,34.512646],[135.439121,34.512646],[135.439121,34.513356],[135.438259,34.513356],[135.437397,34.513356],[135.436535,34.514066],[135.435673,34.512646],[135.434811,34.512646],[135.435673,34.513356],[135.434811,34.514066],[135.434811,34.513356],[135.433949,34.514066],[135.433949,34.514777],[135.434811,34.514066],[135.435673,34.514066],[135.435673,34.514777],[135.436535,34.514066],[135.435673,34.514777],[135.436535,34.514777],[135.436535,34.514066],[135.436535,34.513356],[135.436535,34.514066],[135.437397,34.514066],[135.438259,34.514066],[135.439983,34.513356],[135.439983,34.513356]]],[[[135.432225,34.514777],[135.433949,34.514066],[135.433087,34.514066],[135.432225,34.514777],[135.431363,34.515487],[135.432225,34.514777],[135.432225,34.514777]]]]}},{"type":"Feature","properties":{"kind":"muni","id":"27208","tier":"C","name":"貝塚市","parent":"貝塚市","note":"普通偏弱"},"geometry":{"type":"MultiPolygon","coordinates":[[[[135.331368,34.432342],[135.330506,34.433053],[135.33223,34.434475],[135.333092,34.435897],[135.335678,34.440163],[135.33654,34.441585],[135.338264,34.441585],[135.338264,34.443007],[135.33654,34.444428],[135.337402,34.44585],[135.33654,34.446561],[135.333092,34.444428],[135.33223,34.444428],[135.33223,34.445139],[135.333092,34.445139],[135.333092,34.44585],[135.33223,34.446561],[135.331368,34.447272],[135.330506,34.447983],[135.330506,34.448694],[135.329644,34.447272],[135.330506,34.447983],[135.32792,34.449404],[135.327058,34.448694],[135.328782,34.447272],[135.327058,34.448694],[135.328782,34.450826],[135.33223,34.455091],[135.339126,34.464331],[135.34085,34.467174],[135.34085,34.466463],[135.342574,34.464331],[135.346022,34.460066],[135.346884,34.458645],[135.346022,34.45438],[135.342574,34.450826],[135.344298,34.449404],[135.348608,34.446561],[135.34947,34.446561],[135.346884,34.447983],[135.346884,34.448694],[135.350333,34.451537],[135.352057,34.457934],[135.352919,34.457223],[135.352057,34.452248],[135.353781,34.450826],[135.353781,34.451537],[135.356367,34.455091],[135.356367,34.455802],[135.357229,34.456513],[135.358091,34.456513],[135.357229,34.457223],[135.359815,34.460066],[135.362401,34.457934],[135.360677,34.457934],[135.361539,34.456513],[135.362401,34.457223],[135.363263,34.456513],[135.363263,34.455802],[135.364125,34.455802],[135.364987,34.455091],[135.364987,34.45438],[135.365849,34.45438],[135.366711,34.453669],[135.367573,34.452959],[135.368435,34.452248],[135.369297,34.451537],[135.370159,34.451537],[135.371021,34.450826],[135.370159,34.450826],[135.371021,34.450826],[135.371021,34.451537],[135.371883,34.450826],[135.372745,34.450826],[135.371883,34.451537],[135.372745,34.451537],[135.375331,34.449404],[135.378779,34.446561],[135.379641,34.44585],[135.380503,34.44585],[135.381365,34.443718],[135.381365,34.443007],[135.382227,34.443007],[135.380503,34.442296],[135.379641,34.440874],[135.379641,34.440163],[135.379641,34.439452],[135.378779,34.439452],[135.377917,34.439452],[135.377917,34.43803],[135.378779,34.437319],[135.379641,34.436608],[135.379641,34.435897],[135.380503,34.434475],[135.382227,34.433764],[135.381365,34.433053],[135.381365,34.433764],[135.379641,34.433764],[135.380503,34.433053],[135.379641,34.431631],[135.380503,34.43092],[135.381365,34.430209],[135.381365,34.429498],[135.382227,34.429498],[135.382227,34.430209],[135.383089,34.430209],[135.383089,34.428787],[135.382227,34.429498],[135.381365,34.428787],[135.382227,34.426654],[135.383089,34.425943],[135.383089,34.425232],[135.384813,34.423099],[135.384813,34.421677],[135.385675,34.420966],[135.386537,34.420966],[135.386537,34.419544],[135.387399,34.418833],[135.387399,34.41741],[135.388261,34.41741],[135.389123,34.41741],[135.389123,34.418121],[135.389985,34.418121],[135.389985,34.418833],[135.390848,34.418833],[135.39171,34.419544],[135.39171,34.420255],[135.392572,34.418833],[135.393434,34.416699],[135.394296,34.415988],[135.395158,34.415988],[135.395158,34.416699],[135.39602,34.418121],[135.39602,34.41741],[135.39602,34.416699],[135.397744,34.416699],[135.398606,34.415988],[135.398606,34.415277],[135.397744,34.415277],[135.396882,34.414566],[135.397744,34.413855],[135.397744,34.414566],[135.398606,34.413144],[135.399468,34.413144],[135.399468,34.412432],[135.399468,34.411721],[135.401192,34.41101],[135.401192,34.412432],[135.402054,34.412432],[135.402054,34.411721],[135.402054,34.412432],[135.402916,34.412432],[135.402916,34.411721],[135.403778,34.411721],[135.403778,34.412432],[135.405502,34.411721],[135.405502,34.412432],[135.405502,34.413144],[135.406364,34.413144],[135.408088,34.413144],[135.407226,34.412432],[135.408088,34.412432],[135.408088,34.413144],[135.40895,34.413855],[135.409812,34.413144],[135.40895,34.413144],[135.409812,34.411721],[135.410674,34.411721],[135.409812,34.410299],[135.411536,34.410299],[135.411536,34.408876],[135.410674,34.408876],[135.409812,34.408165],[135.40895,34.407454],[135.408088,34.407454],[135.408088,34.406743],[135.406364,34.40532],[135.405502,34.40532],[135.405502,34.403898],[135.40464,34.403187],[135.403778,34.403187],[135.40464,34.402476],[135.40464,34.401764],[135.405502,34.402476],[135.405502,34.401764],[135.405502,34.401053],[135.406364,34.401053],[135.407226,34.401053],[135.406364,34.400342],[135.405502,34.400342],[135.406364,34.400342],[135.407226,34.398919],[135.408088,34.398919],[135.408088,34.398208],[135.40895,34.397497],[135.408088,34.396785],[135.408088,34.396074],[135.408088,34.395363],[135.407226,34.395363],[135.408088,34.394651],[135.40895,34.39394],[135.408088,34.393229],[135.409812,34.392518],[135.409812,34.391806],[135.410674,34.390383],[135.409812,34.390383],[135.410674,34.388961],[135.410674,34.387538],[135.411536,34.387538],[135.412398,34.386115],[135.41326,34.386115],[135.414122,34.385404],[135.414122,34.383981],[135.414984,34.383981],[135.415846,34.38327],[135.415846,34.382558],[135.415846,34.381135],[135.416708,34.379001],[135.418432,34.379001],[135.419294,34.379001],[135.420156,34.379001],[135.420156,34.377578],[135.421018,34.377578],[135.42188,34.377578],[135.422742,34.376155],[135.423604,34.376155],[135.424466,34.376155],[135.425328,34.376155],[135.42619,34.374732],[135.427052,34.374021],[135.427052,34.372598],[135.427914,34.371175],[135.427914,34.370463],[135.428776,34.369752],[135.428776,34.36904],[135.429638,34.366906],[135.429638,34.364771],[135.429638,34.363348],[135.430501,34.363348],[135.430501,34.361213],[135.430501,34.35979],[135.430501,34.358367],[135.431363,34.357655],[135.431363,34.356943],[135.431363,34.35552],[135.431363,34.354097],[135.432225,34.353385],[135.432225,34.352674],[135.432225,34.351962],[135.433087,34.349827],[135.433087,34.349115],[135.433949,34.348403],[135.434811,34.347692],[135.432225,34.347692],[135.431363,34.34698],[135.428776,34.345557],[135.428776,34.344845],[135.427914,34.344133],[135.428776,34.343421],[135.427914,34.341998],[135.427052,34.341998],[135.427052,34.341286],[135.427052,34.340574],[135.42619,34.340574],[135.424466,34.339863],[135.423604,34.340574],[135.42188,34.339863],[135.421018,34.339863],[135.420156,34.339863],[135.419294,34.339863],[135.419294,34.340574],[135.41757,34.339863],[135.416708,34.339863],[135.414984,34.339863],[135.414122,34.340574],[135.41326,34.341286],[135.412398,34.341998],[135.411536,34.341998],[135.410674,34.341998],[135.40895,34.341998],[135.40895,34.34271],[135.40895,34.343421],[135.408088,34.345557],[135.407226,34.34698],[135.406364,34.34698],[135.406364,34.347692],[135.40464,34.347692],[135.40464,34.348403],[135.403778,34.348403],[135.402916,34.348403],[135.402054,34.348403],[135.401192,34.347692],[135.401192,34.34698],[135.40033,34.34698],[135.398606,34.34698],[135.397744,34.34698],[135.396882,34.34698],[135.39602,34.347692],[135.395158,34.347692],[135.394296,34.347692],[135.393434,34.347692],[135.392572,34.34698],[135.39171,34.347692],[135.39171,34.348403],[135.39171,34.349827],[135.39171,34.35125],[135.389985,34.351962],[135.389985,34.352674],[135.389123,34.352674],[135.389123,34.354097],[135.388261,34.354809],[135.388261,34.35552],[135.388261,34.356232],[135.387399,34.356232],[135.387399,34.356943],[135.387399,34.358367],[135.387399,34.359078],[135.387399,34.360502],[135.387399,34.361213],[135.387399,34.361925],[135.386537,34.362636],[135.385675,34.36406],[135.385675,34.364771],[135.384813,34.365483],[135.383951,34.365483],[135.383951,34.366194],[135.383089,34.366194],[135.382227,34.366906],[135.383089,34.368329],[135.383089,34.36904],[135.384813,34.368329],[135.385675,34.36904],[135.386537,34.36904],[135.387399,34.370463],[135.386537,34.371886],[135.386537,34.372598],[135.386537,34.373309],[135.384813,34.374732],[135.385675,34.376155],[135.385675,34.376867],[135.386537,34.37829],[135.385675,34.379713],[135.386537,34.381135],[135.386537,34.381847],[135.386537,34.382558],[135.386537,34.38327],[135.387399,34.384693],[135.388261,34.385404],[135.387399,34.386115],[135.384813,34.385404],[135.383951,34.385404],[135.383089,34.386115],[135.383089,34.387538],[135.383951,34.388249],[135.383951,34.388961],[135.383089,34.388961],[135.382227,34.389672],[135.381365,34.388961],[135.380503,34.389672],[135.380503,34.390383],[135.379641,34.391095],[135.379641,34.391806],[135.380503,34.392518],[135.381365,34.392518],[135.381365,34.393229],[135.382227,34.393229],[135.383089,34.392518],[135.383089,34.393229],[135.381365,34.393229],[135.381365,34.39394],[135.382227,34.39394],[135.381365,34.394651],[135.380503,34.395363],[135.380503,34.396074],[135.379641,34.396074],[135.378779,34.396785],[135.378779,34.398208],[135.378779,34.398919],[135.378779,34.39963],[135.378779,34.400342],[135.377917,34.400342],[135.377917,34.39963],[135.377917,34.400342],[135.377917,34.398919],[135.377917,34.398208],[135.377055,34.398208],[135.375331,34.398919],[135.377055,34.398208],[135.377055,34.39963],[135.376193,34.398919],[135.375331,34.39963],[135.374469,34.39963],[135.375331,34.400342],[135.374469,34.400342],[135.374469,34.401053],[135.374469,34.401764],[135.375331,34.401053],[135.374469,34.401053],[135.375331,34.401053],[135.376193,34.400342],[135.376193,34.39963],[135.377055,34.400342],[135.376193,34.401053],[135.376193,34.401764],[135.377055,34.402476],[135.376193,34.403187],[135.376193,34.403898],[135.375331,34.403898],[135.374469,34.404609],[135.374469,34.40532],[135.373607,34.406032],[135.373607,34.406743],[135.373607,34.407454],[135.372745,34.407454],[135.372745,34.408165],[135.372745,34.408876],[135.371883,34.408876],[135.371021,34.408876],[135.371021,34.409588],[135.371883,34.409588],[135.371021,34.410299],[135.371021,34.409588],[135.371021,34.408876],[135.370159,34.408876],[135.370159,34.409588],[135.369297,34.410299],[135.370159,34.409588],[135.369297,34.410299],[135.369297,34.409588],[135.370159,34.409588],[135.369297,34.409588],[135.369297,34.408876],[135.368435,34.409588],[135.367573,34.410299],[135.367573,34.41101],[135.365849,34.412432],[135.366711,34.413144],[135.367573,34.413144],[135.367573,34.413855],[135.366711,34.414566],[135.366711,34.413855],[135.365849,34.414566],[135.364987,34.414566],[135.365849,34.415277],[135.366711,34.415277],[135.365849,34.415277],[135.364987,34.415277],[135.364987,34.415988],[135.364125,34.415277],[135.364125,34.414566],[135.363263,34.414566],[135.362401,34.415988],[135.362401,34.416699],[135.363263,34.416699],[135.363263,34.415988],[135.364125,34.415988],[135.365849,34.416699],[135.366711,34.416699],[135.367573,34.415988],[135.367573,34.416699],[135.367573,34.415988],[135.368435,34.414566],[135.369297,34.414566],[135.369297,34.413855],[135.369297,34.414566],[135.369297,34.415277],[135.368435,34.415277],[135.367573,34.416699],[135.367573,34.41741],[135.365849,34.41741],[135.364987,34.416699],[135.364125,34.416699],[135.362401,34.416699],[135.361539,34.41741],[135.362401,34.41741],[135.364125,34.41741],[135.364125,34.418121],[135.363263,34.418121],[135.362401,34.418121],[135.363263,34.418833],[135.363263,34.419544],[135.362401,34.418833],[135.361539,34.418121],[135.361539,34.41741],[135.360677,34.418121],[135.361539,34.418833],[135.360677,34.419544],[135.359815,34.419544],[135.358953,34.418833],[135.357229,34.419544],[135.356367,34.420255],[135.355505,34.419544],[135.354643,34.418833],[135.353781,34.419544],[135.354643,34.419544],[135.354643,34.420255],[135.353781,34.420255],[135.353781,34.419544],[135.352919,34.420255],[135.352057,34.420255],[135.350333,34.421677],[135.348608,34.423099],[135.348608,34.42381],[135.348608,34.425232],[135.347746,34.425232],[135.346022,34.425232],[135.346022,34.425943],[135.346022,34.426654],[135.34516,34.425943],[135.34516,34.426654],[135.343436,34.426654],[135.344298,34.427365],[135.344298,34.428076],[135.341712,34.428787],[135.339988,34.429498],[135.339126,34.430209],[135.338264,34.43092],[135.337402,34.431631],[135.33654,34.432342],[135.335678,34.431631],[135.333954,34.432342],[135.331368,34.432342],[135.331368,34.432342]],[[135.358091,34.420255],[135.358091,34.419544],[135.358953,34.420255],[135.358091,34.420255],[135.358091,34.420255]],[[135.358953,34.420255],[135.358953,34.419544],[135.359815,34.419544],[135.358953,34.420255],[135.358953,34.420255]],[[135.366711,34.415988],[135.365849,34.415988],[135.366711,34.415277],[135.366711,34.415988],[135.366711,34.415988]],[[135.367573,34.411721],[135.367573,34.41101],[135.368435,34.41101],[135.367573,34.411721],[135.367573,34.411721]]],[[[135.364125,34.409588],[135.364125,34.408876],[135.363263,34.408876],[135.364125,34.409588],[135.364125,34.409588]]],[[[135.373607,34.403898],[135.374469,34.403187],[135.375331,34.402476],[135.374469,34.401764],[135.373607,34.402476],[135.374469,34.403187],[135.373607,34.403187],[135.373607,34.403898],[135.372745,34.403898],[135.372745,34.40532],[135.371883,34.40532],[135.371883,34.406032],[135.372745,34.406032],[135.372745,34.40532],[135.373607,34.403898],[135.373607,34.403898]]],[[[135.379641,34.393229],[135.379641,34.394651],[135.378779,34.395363],[135.379641,34.395363],[135.380503,34.394651],[135.381365,34.393229],[135.379641,34.392518],[135.379641,34.393229],[135.379641,34.393229]]]]}},{"type":"Feature","properties":{"kind":"muni","id":"27209","tier":"C","name":"守口市","parent":"守口市","note":"京阪沿线老旧密集"},"geometry":{"type":"Polygon","coordinates":[[[135.554632,34.730424],[135.554632,34.731133],[135.55377,34.733258],[135.554632,34.733966],[135.555494,34.734675],[135.556356,34.734675],[135.55808,34.735383],[135.558942,34.736092],[135.560666,34.7368],[135.560666,34.738217],[135.560666,34.739634],[135.561528,34.740342],[135.560666,34.74105],[135.559804,34.741759],[135.55808,34.742467],[135.557218,34.743884],[135.556356,34.744592],[135.555494,34.7453],[135.555494,34.746717],[135.556356,34.748134],[135.557218,34.750967],[135.557218,34.751675],[135.558942,34.753091],[135.559804,34.7538],[135.56239,34.755216],[135.564114,34.755924],[135.565838,34.756633],[135.569286,34.757341],[135.571872,34.757341],[135.573596,34.758049],[135.57532,34.758049],[135.576182,34.758757],[135.577044,34.758757],[135.578768,34.760882],[135.582216,34.763006],[135.584802,34.765839],[135.587388,34.767963],[135.589112,34.766547],[135.589112,34.765839],[135.589112,34.765131],[135.589974,34.765131],[135.591699,34.765131],[135.592561,34.764423],[135.593423,34.764423],[135.593423,34.763714],[135.594285,34.763006],[135.596009,34.763006],[135.597733,34.763006],[135.597733,34.760174],[135.596871,34.759465],[135.596871,34.758757],[135.596871,34.757341],[135.596871,34.756633],[135.597733,34.756633],[135.598595,34.756633],[135.599457,34.756633],[135.600319,34.755924],[135.601181,34.755216],[135.602043,34.755216],[135.602905,34.755216],[135.602905,34.755924],[135.603767,34.755924],[135.604629,34.755924],[135.604629,34.754508],[135.603767,34.7538],[135.603767,34.752383],[135.604629,34.750967],[135.606353,34.750258],[135.607215,34.74955],[135.606353,34.748842],[135.606353,34.748134],[135.605491,34.747425],[135.604629,34.746009],[135.604629,34.7453],[135.602905,34.7453],[135.599457,34.7453],[135.598595,34.744592],[135.597733,34.7453],[135.596009,34.746009],[135.595147,34.746009],[135.595147,34.7453],[135.594285,34.746009],[135.591699,34.747425],[135.590836,34.748134],[135.590836,34.747425],[135.589112,34.746717],[135.586526,34.747425],[135.585664,34.747425],[135.584802,34.747425],[135.583078,34.747425],[135.581354,34.748134],[135.580492,34.747425],[135.57963,34.747425],[135.580492,34.746717],[135.580492,34.746009],[135.57963,34.744592],[135.57963,34.743884],[135.578768,34.743175],[135.577044,34.741759],[135.576182,34.741759],[135.577044,34.74105],[135.576182,34.740342],[135.57532,34.740342],[135.574458,34.740342],[135.573596,34.74105],[135.572734,34.74105],[135.571872,34.740342],[135.571872,34.739634],[135.57101,34.737508],[135.573596,34.737508],[135.574458,34.737508],[135.57532,34.737508],[135.576182,34.7368],[135.577044,34.735383],[135.577044,34.734675],[135.576182,34.733966],[135.578768,34.73255],[135.57963,34.731841],[135.57963,34.731133],[135.580492,34.729007],[135.582216,34.728299],[135.583078,34.726174],[135.58394,34.725465],[135.58394,34.724757],[135.58394,34.72334],[135.58394,34.722631],[135.58394,34.721923],[135.583078,34.721923],[135.583078,34.72334],[135.583078,34.721923],[135.582216,34.721923],[135.582216,34.721214],[135.583078,34.721214],[135.583078,34.720505],[135.58394,34.719797],[135.583078,34.719797],[135.583078,34.720505],[135.582216,34.720505],[135.582216,34.719088],[135.583078,34.719088],[135.582216,34.71838],[135.583078,34.71838],[135.583078,34.717671],[135.582216,34.716963],[135.581354,34.716963],[135.57963,34.716963],[135.57532,34.716963],[135.57532,34.716254],[135.576182,34.715546],[135.577044,34.712711],[135.574458,34.712711],[135.574458,34.709168],[135.574458,34.70846],[135.572734,34.70846],[135.570148,34.709168],[135.570148,34.709877],[135.569286,34.709877],[135.569286,34.711294],[135.568424,34.712003],[135.569286,34.712711],[135.568424,34.715546],[135.567562,34.717671],[135.567562,34.71838],[135.5667,34.719088],[135.565838,34.719797],[135.565838,34.721923],[135.564976,34.722631],[135.564976,34.724048],[135.564114,34.724757],[135.563252,34.724757],[135.561528,34.725465],[135.560666,34.725465],[135.559804,34.726174],[135.558942,34.725465],[135.55808,34.725465],[135.554632,34.724757],[135.554632,34.726174],[135.554632,34.726882],[135.554632,34.728299],[135.554632,34.730424],[135.554632,34.730424]]]}},{"type":"Feature","properties":{"kind":"muni","id":"27210","tier":"A","name":"枚方市","parent":"枚方市","note":"京阪特急停,自成商圈"},"geometry":{"type":"Polygon","coordinates":[[[135.614111,34.791328],[135.614111,34.792744],[135.614111,34.796283],[135.614973,34.799115],[135.616697,34.800531],[135.618421,34.801946],[135.618421,34.803362],[135.619283,34.805485],[135.621007,34.806193],[135.622731,34.807609],[135.624455,34.809024],[135.624455,34.809732],[135.625317,34.809732],[135.627903,34.811148],[135.628765,34.811855],[135.631351,34.811855],[135.633076,34.812563],[135.6348,34.812563],[135.636524,34.813271],[135.638248,34.813979],[135.63911,34.814686],[135.640834,34.816102],[135.640834,34.818225],[135.641696,34.81964],[135.641696,34.821055],[135.641696,34.822471],[135.641696,34.823886],[135.642558,34.824594],[135.64342,34.826009],[135.645144,34.828132],[135.646006,34.830255],[135.646868,34.83167],[135.646006,34.835208],[135.646006,34.83733],[135.646868,34.838745],[135.646868,34.840868],[135.64773,34.84299],[135.648592,34.844405],[135.650316,34.847235],[135.650316,34.847942],[135.65204,34.850065],[135.654626,34.850772],[135.658936,34.85148],[135.661522,34.852894],[135.664108,34.854309],[135.665832,34.855724],[135.666694,34.856431],[135.667556,34.859261],[135.668418,34.859968],[135.66928,34.859968],[135.66928,34.860675],[135.670142,34.86209],[135.671004,34.864212],[135.671867,34.866334],[135.671004,34.867748],[135.671004,34.868456],[135.671004,34.869163],[135.671867,34.86987],[135.672729,34.869163],[135.672729,34.86987],[135.674453,34.871992],[135.676177,34.874113],[135.677901,34.876942],[135.678763,34.876942],[135.678763,34.880478],[135.679625,34.881185],[135.681349,34.880478],[135.681349,34.879771],[135.683073,34.879771],[135.683073,34.879064],[135.683073,34.878357],[135.683935,34.878357],[135.683935,34.877649],[135.683073,34.876942],[135.682211,34.876235],[135.681349,34.875528],[135.682211,34.874821],[135.682211,34.873406],[135.682211,34.872699],[135.682211,34.871992],[135.683935,34.871285],[135.684797,34.871285],[135.685659,34.870577],[135.686521,34.870577],[135.687383,34.86987],[135.688245,34.86987],[135.688245,34.869163],[135.689107,34.869163],[135.690831,34.869163],[135.691693,34.869163],[135.690831,34.868456],[135.691693,34.867041],[135.691693,34.865626],[135.691693,34.864919],[135.691693,34.864212],[135.690831,34.863505],[135.690831,34.862797],[135.690831,34.86209],[135.690831,34.861383],[135.693417,34.860675],[135.694279,34.860675],[135.694279,34.861383],[135.694279,34.859968],[135.693417,34.859968],[135.692555,34.859261],[135.691693,34.858553],[135.690831,34.857139],[135.690831,34.856431],[135.691693,34.855724],[135.692555,34.855017],[135.691693,34.853602],[135.691693,34.852894],[135.692555,34.852187],[135.693417,34.85148],[135.694279,34.850772],[135.694279,34.850065],[135.695141,34.849357],[135.694279,34.84865],[135.694279,34.847942],[135.696003,34.847942],[135.697727,34.84865],[135.698589,34.849357],[135.700313,34.850065],[135.700313,34.850772],[135.702037,34.850772],[135.702037,34.85148],[135.702899,34.85148],[135.704623,34.85148],[135.705485,34.850772],[135.706347,34.850065],[135.707209,34.849357],[135.708071,34.84865],[135.708933,34.847942],[135.709795,34.846528],[135.709795,34.844405],[135.711519,34.843698],[135.711519,34.84299],[135.711519,34.841575],[135.710657,34.841575],[135.712382,34.84016],[135.713244,34.84016],[135.713244,34.839453],[135.714968,34.839453],[135.714968,34.838745],[135.71583,34.83733],[135.716692,34.835208],[135.717554,34.835208],[135.717554,34.8345],[135.718416,34.833085],[135.718416,34.832377],[135.719278,34.830962],[135.719278,34.829547],[135.721002,34.829547],[135.721002,34.828839],[135.722726,34.828132],[135.722726,34.827424],[135.723588,34.826717],[135.723588,34.826009],[135.723588,34.824594],[135.723588,34.823178],[135.72445,34.823178],[135.725312,34.823178],[135.727036,34.823886],[135.72876,34.823178],[135.729622,34.822471],[135.731346,34.822471],[135.732208,34.822471],[135.73307,34.821055],[135.733932,34.820348],[135.734794,34.820348],[135.734794,34.81964],[135.735656,34.818225],[135.735656,34.816809],[135.736518,34.816102],[135.736518,34.814686],[135.736518,34.813979],[135.736518,34.813271],[135.73738,34.812563],[135.739104,34.811148],[135.739966,34.81044],[135.74169,34.809024],[135.742552,34.808316],[135.74169,34.807609],[135.742552,34.806901],[135.742552,34.805485],[135.743414,34.804778],[135.744276,34.804778],[135.746,34.80407],[135.746862,34.803362],[135.746862,34.802654],[135.746862,34.801238],[135.746862,34.799823],[135.746,34.798407],[135.745138,34.797699],[135.745138,34.796991],[135.743414,34.795576],[135.743414,34.793452],[135.740828,34.793452],[135.739966,34.791328],[135.739966,34.79062],[135.739966,34.789912],[135.740828,34.789204],[135.740828,34.788496],[135.739966,34.787788],[135.738242,34.78708],[135.73738,34.786372],[135.736518,34.785665],[135.735656,34.784249],[135.734794,34.784249],[135.733932,34.783541],[135.73307,34.782833],[135.73307,34.782125],[135.732208,34.781417],[135.730484,34.781417],[135.729622,34.779293],[135.72876,34.777876],[135.729622,34.777876],[135.729622,34.777168],[135.727898,34.77646],[135.727036,34.775752],[135.726174,34.775752],[135.725312,34.775752],[135.723588,34.775044],[135.721864,34.774336],[135.72014,34.774336],[135.72014,34.775044],[135.719278,34.77646],[135.718416,34.777168],[135.717554,34.777168],[135.716692,34.778585],[135.716692,34.779293],[135.71583,34.779293],[135.71583,34.780001],[135.714106,34.780001],[135.713244,34.780001],[135.711519,34.781417],[135.712382,34.782125],[135.713244,34.782833],[135.714106,34.782833],[135.714968,34.782833],[135.71583,34.784957],[135.716692,34.785665],[135.716692,34.78708],[135.71583,34.787788],[135.716692,34.788496],[135.71583,34.789204],[135.71583,34.789912],[135.714106,34.79062],[135.714968,34.79062],[135.714968,34.792036],[135.714968,34.79416],[135.713244,34.79416],[135.712382,34.794868],[135.710657,34.794868],[135.709795,34.795576],[135.708933,34.795576],[135.708933,34.796991],[135.708933,34.797699],[135.708071,34.798407],[135.707209,34.798407],[135.706347,34.798407],[135.705485,34.798407],[135.702899,34.799115],[135.702037,34.799115],[135.700313,34.799115],[135.699451,34.799823],[135.696865,34.799823],[135.696003,34.800531],[135.693417,34.800531],[135.691693,34.800531],[135.689969,34.799823],[135.688245,34.799823],[135.687383,34.799115],[135.686521,34.799823],[135.686521,34.800531],[135.685659,34.800531],[135.684797,34.800531],[135.683073,34.799823],[135.682211,34.799823],[135.681349,34.800531],[135.681349,34.801238],[135.680487,34.801238],[135.679625,34.802654],[135.678763,34.801946],[135.677901,34.801946],[135.677039,34.802654],[135.677039,34.803362],[135.676177,34.803362],[135.676177,34.802654],[135.675315,34.801238],[135.674453,34.801946],[135.673591,34.801946],[135.674453,34.801238],[135.673591,34.800531],[135.673591,34.799823],[135.673591,34.799115],[135.670142,34.799115],[135.670142,34.798407],[135.667556,34.798407],[135.665832,34.797699],[135.666694,34.796283],[135.666694,34.795576],[135.66497,34.795576],[135.664108,34.795576],[135.66497,34.794868],[135.668418,34.792036],[135.66928,34.791328],[135.66928,34.789912],[135.670142,34.788496],[135.671004,34.787788],[135.671867,34.785665],[135.670142,34.785665],[135.670142,34.784957],[135.670142,34.784249],[135.671004,34.782125],[135.671004,34.781417],[135.671867,34.779293],[135.671867,34.778585],[135.670142,34.778585],[135.670142,34.777876],[135.66928,34.777876],[135.668418,34.777168],[135.667556,34.77646],[135.666694,34.77646],[135.665832,34.77646],[135.662384,34.77646],[135.661522,34.775752],[135.659798,34.775044],[135.658936,34.775752],[135.658936,34.77646],[135.657212,34.775752],[135.65635,34.775752],[135.655488,34.775044],[135.653764,34.774336],[135.652902,34.773628],[135.65204,34.773628],[135.65204,34.77292],[135.65204,34.774336],[135.65204,34.775044],[135.651178,34.775044],[135.651178,34.775752],[135.650316,34.777168],[135.649454,34.780001],[135.649454,34.780709],[135.649454,34.781417],[135.648592,34.782125],[135.649454,34.782125],[135.648592,34.783541],[135.646868,34.784249],[135.646006,34.784249],[135.645144,34.784249],[135.644282,34.783541],[135.644282,34.784957],[135.64342,34.785665],[135.642558,34.785665],[135.641696,34.786372],[135.63911,34.785665],[135.635662,34.784957],[135.633938,34.785665],[135.633076,34.784957],[135.631351,34.786372],[135.632214,34.78708],[135.632214,34.788496],[135.632214,34.789204],[135.631351,34.789912],[135.630489,34.79062],[135.627041,34.79062],[135.625317,34.79062],[135.623593,34.789912],[135.622731,34.789912],[135.621869,34.79062],[135.621007,34.79062],[135.619283,34.79062],[135.616697,34.791328],[135.614111,34.791328],[135.614111,34.791328]]]}},{"type":"Feature","properties":{"kind":"muni","id":"27212","tier":"B","name":"八尾市","parent":"八尾市","note":"近铁八尾/久宝寺再开发"},"geometry":{"type":"Polygon","coordinates":[[[135.577044,34.592872],[135.577906,34.593581],[135.57963,34.594291],[135.580492,34.59571],[135.580492,34.597129],[135.57963,34.600677],[135.581354,34.600677],[135.581354,34.602096],[135.581354,34.602806],[135.58394,34.602806],[135.58394,34.603515],[135.584802,34.603515],[135.584802,34.604225],[135.585664,34.604225],[135.585664,34.604934],[135.587388,34.604934],[135.587388,34.607772],[135.587388,34.608482],[135.586526,34.609191],[135.585664,34.609191],[135.584802,34.609191],[135.583078,34.61061],[135.583078,34.612029],[135.581354,34.612029],[135.580492,34.612029],[135.576182,34.612029],[135.576182,34.613448],[135.577906,34.613448],[135.577906,34.614867],[135.576182,34.614867],[135.574458,34.614867],[135.574458,34.615577],[135.573596,34.616995],[135.573596,34.616286],[135.574458,34.614867],[135.574458,34.613448],[135.571872,34.613448],[135.569286,34.613448],[135.569286,34.614867],[135.567562,34.614867],[135.567562,34.615577],[135.5667,34.615577],[135.5667,34.616286],[135.565838,34.616286],[135.564976,34.616286],[135.564976,34.616995],[135.564114,34.616286],[135.563252,34.616995],[135.56239,34.616995],[135.56239,34.617705],[135.561528,34.619124],[135.56239,34.621961],[135.56239,34.62338],[135.563252,34.621961],[135.563252,34.621252],[135.564976,34.621252],[135.5667,34.621252],[135.567562,34.621252],[135.568424,34.621252],[135.568424,34.620542],[135.569286,34.620542],[135.569286,34.619833],[135.57101,34.619833],[135.572734,34.619124],[135.573596,34.618414],[135.574458,34.618414],[135.57532,34.618414],[135.57532,34.619833],[135.57532,34.620542],[135.57532,34.621961],[135.57532,34.624089],[135.576182,34.624089],[135.576182,34.624799],[135.576182,34.626217],[135.577044,34.626217],[135.577044,34.626927],[135.576182,34.627636],[135.576182,34.628345],[135.576182,34.630473],[135.574458,34.630473],[135.574458,34.632601],[135.58394,34.632601],[135.584802,34.632601],[135.589112,34.632601],[135.589112,34.63331],[135.589974,34.63402],[135.58825,34.635438],[135.586526,34.636147],[135.587388,34.636857],[135.587388,34.637566],[135.586526,34.638275],[135.585664,34.638275],[135.585664,34.638984],[135.585664,34.639694],[135.587388,34.639694],[135.589112,34.640403],[135.590836,34.641112],[135.590836,34.641821],[135.596009,34.641821],[135.596009,34.64253],[135.596009,34.644658],[135.594285,34.644658],[135.594285,34.648913],[135.594285,34.650331],[135.596871,34.650331],[135.599457,34.650331],[135.604629,34.650331],[135.606353,34.650331],[135.610663,34.650331],[135.614111,34.650331],[135.616697,34.650331],[135.616697,34.649622],[135.616697,34.648204],[135.618421,34.648204],[135.618421,34.648913],[135.618421,34.650331],[135.621869,34.650331],[135.625317,34.650331],[135.625317,34.644658],[135.628765,34.644658],[135.632214,34.644658],[135.632214,34.64324],[135.631351,34.64324],[135.631351,34.640403],[135.632214,34.640403],[135.632214,34.64253],[135.632214,34.644658],[135.633938,34.644658],[135.641696,34.643949],[135.641696,34.644658],[135.64342,34.643949],[135.645144,34.643949],[135.646868,34.643949],[135.646868,34.644658],[135.646868,34.645367],[135.64773,34.644658],[135.64773,34.645367],[135.648592,34.645367],[135.650316,34.645367],[135.651178,34.644658],[135.652902,34.644658],[135.653764,34.644658],[135.654626,34.643949],[135.654626,34.644658],[135.654626,34.645367],[135.655488,34.646076],[135.65635,34.645367],[135.65635,34.646076],[135.658074,34.646076],[135.658074,34.645367],[135.658936,34.644658],[135.659798,34.643949],[135.66066,34.643949],[135.662384,34.643949],[135.663246,34.64324],[135.664108,34.64253],[135.664108,34.641821],[135.663246,34.641112],[135.662384,34.640403],[135.662384,34.639694],[135.662384,34.638275],[135.662384,34.637566],[135.662384,34.636147],[135.663246,34.636147],[135.662384,34.635438],[135.661522,34.635438],[135.661522,34.634729],[135.663246,34.63331],[135.663246,34.632601],[135.663246,34.631182],[135.663246,34.630473],[135.662384,34.629764],[135.662384,34.629055],[135.661522,34.629055],[135.661522,34.628345],[135.661522,34.626927],[135.66066,34.626927],[135.66066,34.626217],[135.66066,34.624799],[135.658936,34.62338],[135.659798,34.621961],[135.659798,34.620542],[135.658936,34.619833],[135.658074,34.616995],[135.657212,34.616286],[135.658074,34.616286],[135.657212,34.613448],[135.657212,34.612739],[135.657212,34.61132],[135.655488,34.61132],[135.653764,34.61061],[135.652902,34.61061],[135.65204,34.609901],[135.650316,34.609901],[135.650316,34.609191],[135.650316,34.608482],[135.650316,34.607772],[135.651178,34.607772],[135.651178,34.607063],[135.65204,34.607063],[135.65204,34.606353],[135.651178,34.606353],[135.650316,34.604934],[135.651178,34.604225],[135.650316,34.602806],[135.651178,34.602806],[135.650316,34.601387],[135.649454,34.600677],[135.648592,34.600677],[135.648592,34.599968],[135.64773,34.599258],[135.646868,34.599258],[135.646006,34.599968],[135.645144,34.600677],[135.64342,34.599968],[135.64342,34.600677],[135.641696,34.600677],[135.640834,34.600677],[135.639972,34.600677],[135.63911,34.600677],[135.636524,34.600677],[135.635662,34.601387],[135.633938,34.600677],[135.633938,34.601387],[135.631351,34.601387],[135.631351,34.599968],[135.628765,34.599968],[135.627903,34.599968],[135.625317,34.599968],[135.624455,34.599968],[135.623593,34.598549],[135.623593,34.597839],[135.621007,34.598549],[135.621007,34.597839],[135.621869,34.59642],[135.622731,34.59571],[135.621007,34.595001],[135.618421,34.594291],[135.619283,34.594291],[135.619283,34.592872],[135.618421,34.592872],[135.615835,34.592872],[135.611525,34.592872],[135.610663,34.592162],[135.608939,34.592162],[135.608939,34.591452],[135.607215,34.591452],[135.607215,34.589324],[135.608939,34.589324],[135.608939,34.587904],[135.607215,34.587904],[135.607215,34.587195],[135.606353,34.587195],[135.606353,34.585775],[135.605491,34.586485],[135.605491,34.583646],[135.604629,34.583646],[135.601181,34.583646],[135.601181,34.585066],[135.601181,34.585775],[135.600319,34.585775],[135.599457,34.586485],[135.599457,34.585775],[135.596871,34.585775],[135.596871,34.585066],[135.596009,34.585066],[135.593423,34.585775],[135.593423,34.585066],[135.591699,34.585066],[135.591699,34.585775],[135.591699,34.586485],[135.591699,34.587195],[135.590836,34.585775],[135.589974,34.585775],[135.58825,34.585775],[135.587388,34.585775],[135.587388,34.587195],[135.586526,34.587195],[135.586526,34.587904],[135.587388,34.588614],[135.585664,34.589324],[135.585664,34.588614],[135.584802,34.588614],[135.585664,34.590033],[135.582216,34.591452],[135.57963,34.592162],[135.577044,34.592872],[135.577044,34.592872]]]}},{"type":"Feature","properties":{"kind":"muni","id":"27213","tier":"C","name":"泉佐野市","parent":"泉佐野市","note":"关空门户,站前混杂"},"geometry":{"type":"MultiPolygon","coordinates":[[[[135.301197,34.35125],[135.300335,34.35125],[135.299473,34.351962],[135.299473,34.35125],[135.299473,34.351962],[135.298611,34.351962],[135.298611,34.352674],[135.297749,34.353385],[135.296025,34.354097],[135.296025,34.354809],[135.296025,34.35552],[135.296887,34.354809],[135.298611,34.354097],[135.299473,34.354809],[135.298611,34.353385],[135.299473,34.353385],[135.299473,34.352674],[135.301197,34.353385],[135.301197,34.352674],[135.301197,34.351962],[135.301197,34.35125],[135.301197,34.35125]]],[[[135.289129,34.38327],[135.289991,34.38327],[135.289129,34.383981],[135.291715,34.385404],[135.292577,34.385404],[135.294301,34.385404],[135.295163,34.386115],[135.294301,34.386115],[135.295163,34.386827],[135.296887,34.384693],[135.298611,34.385404],[135.296887,34.388249],[135.297749,34.388249],[135.296887,34.389672],[135.297749,34.389672],[135.297749,34.388961],[135.298611,34.389672],[135.299473,34.388961],[135.300335,34.389672],[135.300335,34.391095],[135.299473,34.391095],[135.298611,34.391806],[135.297749,34.391095],[135.296887,34.392518],[135.297749,34.393229],[135.298611,34.392518],[135.298611,34.393229],[135.297749,34.39394],[135.298611,34.39394],[135.297749,34.394651],[135.297749,34.395363],[135.296025,34.396785],[135.295163,34.397497],[135.296887,34.398919],[135.296025,34.39963],[135.295163,34.39963],[135.294301,34.39963],[135.293439,34.400342],[135.289129,34.403187],[135.290853,34.40532],[135.292577,34.406743],[135.293439,34.406743],[135.293439,34.412432],[135.293439,34.413855],[135.293439,34.414566],[135.286543,34.420255],[135.271027,34.431631],[135.266716,34.435186],[135.264992,34.435897],[135.26413,34.437319],[135.26413,34.436608],[135.263268,34.437319],[135.25982,34.435186],[135.256372,34.433764],[135.252062,34.43092],[135.252062,34.430209],[135.241718,34.437319],[135.252062,34.444428],[135.252924,34.445139],[135.252062,34.444428],[135.25551,34.443718],[135.25551,34.444428],[135.256372,34.443718],[135.258958,34.443718],[135.25982,34.443718],[135.262406,34.440163],[135.264992,34.43803],[135.264992,34.437319],[135.266716,34.435186],[135.271027,34.432342],[135.288267,34.418833],[135.294301,34.414566],[135.294301,34.415277],[135.302059,34.415988],[135.31068,34.423099],[135.307231,34.420255],[135.307231,34.419544],[135.306369,34.419544],[135.309818,34.41741],[135.31068,34.418121],[135.31068,34.418833],[135.31068,34.419544],[135.312404,34.420966],[135.31068,34.419544],[135.31068,34.418833],[135.311542,34.418121],[135.311542,34.418833],[135.31068,34.418833],[135.311542,34.418833],[135.311542,34.418121],[135.312404,34.418121],[135.311542,34.418833],[135.312404,34.418121],[135.312404,34.418833],[135.311542,34.419544],[135.312404,34.418833],[135.312404,34.419544],[135.312404,34.418833],[135.313266,34.419544],[135.312404,34.419544],[135.313266,34.419544],[135.312404,34.420255],[135.313266,34.419544],[135.315852,34.421677],[135.315852,34.420966],[135.315852,34.420255],[135.316714,34.420966],[135.315852,34.420255],[135.316714,34.419544],[135.318438,34.420255],[135.317576,34.421677],[135.317576,34.422388],[135.318438,34.420255],[135.3193,34.420966],[135.3193,34.421677],[135.320162,34.421677],[135.3193,34.421677],[135.318438,34.422388],[135.315852,34.423099],[135.3193,34.421677],[135.321886,34.421677],[135.322748,34.422388],[135.321886,34.422388],[135.3193,34.422388],[135.314128,34.426654],[135.318438,34.43092],[135.321024,34.429498],[135.321024,34.430209],[135.321024,34.429498],[135.322748,34.428076],[135.321886,34.426654],[135.321024,34.426654],[135.321024,34.425943],[135.322748,34.424521],[135.321886,34.425232],[135.322748,34.425232],[135.32361,34.424521],[135.32792,34.430209],[135.326196,34.431631],[135.325334,34.430209],[135.324472,34.43092],[135.322748,34.431631],[135.321886,34.432342],[135.321886,34.433053],[135.321024,34.433053],[135.325334,34.436608],[135.330506,34.433053],[135.331368,34.432342],[135.333954,34.432342],[135.335678,34.431631],[135.33654,34.432342],[135.337402,34.431631],[135.338264,34.43092],[135.339126,34.430209],[135.339988,34.429498],[135.341712,34.428787],[135.344298,34.428076],[135.344298,34.427365],[135.343436,34.426654],[135.34516,34.426654],[135.34516,34.425943],[135.346022,34.426654],[135.346022,34.425943],[135.346022,34.425232],[135.347746,34.425232],[135.348608,34.425232],[135.348608,34.42381],[135.348608,34.423099],[135.350333,34.421677],[135.352057,34.420255],[135.352919,34.420255],[135.353781,34.419544],[135.354643,34.418833],[135.355505,34.419544],[135.356367,34.420255],[135.356367,34.419544],[135.357229,34.418121],[135.356367,34.41741],[135.356367,34.416699],[135.355505,34.416699],[135.354643,34.415988],[135.354643,34.415277],[135.355505,34.415277],[135.354643,34.413144],[135.354643,34.412432],[135.353781,34.412432],[135.353781,34.408876],[135.353781,34.407454],[135.353781,34.406743],[135.352057,34.407454],[135.351195,34.407454],[135.34947,34.408876],[135.348608,34.409588],[135.347746,34.410299],[135.346884,34.410299],[135.346022,34.409588],[135.346022,34.408876],[135.34516,34.408165],[135.343436,34.408876],[135.342574,34.407454],[135.341712,34.406743],[135.34085,34.407454],[135.34085,34.406743],[135.339988,34.406743],[135.339126,34.406743],[135.338264,34.406743],[135.339126,34.40532],[135.339126,34.404609],[135.338264,34.404609],[135.338264,34.403898],[135.338264,34.403187],[135.337402,34.403187],[135.33654,34.402476],[135.33654,34.401764],[135.335678,34.401053],[135.33654,34.400342],[135.335678,34.398919],[135.33654,34.398208],[135.33654,34.397497],[135.337402,34.395363],[135.338264,34.395363],[135.339126,34.395363],[135.339126,34.39394],[135.339126,34.393229],[135.339126,34.392518],[135.339988,34.391806],[135.34085,34.391806],[135.34085,34.391095],[135.34085,34.390383],[135.342574,34.390383],[135.343436,34.389672],[135.344298,34.388961],[135.343436,34.388961],[135.343436,34.388249],[135.342574,34.386827],[135.343436,34.386827],[135.343436,34.386115],[135.34516,34.385404],[135.34516,34.384693],[135.346022,34.383981],[135.347746,34.38327],[135.347746,34.382558],[135.348608,34.381847],[135.347746,34.381135],[135.348608,34.381135],[135.34947,34.380424],[135.350333,34.379713],[135.351195,34.380424],[135.352057,34.379713],[135.352057,34.380424],[135.352919,34.379713],[135.353781,34.379001],[135.354643,34.379001],[135.354643,34.37829],[135.355505,34.377578],[135.354643,34.376155],[135.355505,34.375444],[135.355505,34.373309],[135.356367,34.372598],[135.356367,34.371886],[135.358091,34.371175],[135.358953,34.370463],[135.359815,34.369752],[135.360677,34.36904],[135.361539,34.36904],[135.362401,34.36904],[135.363263,34.368329],[135.364125,34.367617],[135.364987,34.367617],[135.365849,34.368329],[135.366711,34.367617],[135.367573,34.367617],[135.367573,34.366906],[135.368435,34.366194],[135.369297,34.366194],[135.370159,34.364771],[135.371021,34.364771],[135.371883,34.36406],[135.371883,34.364771],[135.372745,34.365483],[135.373607,34.364771],[135.375331,34.36406],[135.377055,34.36406],[135.378779,34.36406],[135.379641,34.36406],[135.380503,34.363348],[135.381365,34.363348],[135.381365,34.361925],[135.381365,34.361213],[135.380503,34.35979],[135.380503,34.358367],[135.379641,34.358367],[135.380503,34.356943],[135.381365,34.356232],[135.382227,34.35552],[135.384813,34.354809],[135.386537,34.354809],[135.388261,34.35552],[135.388261,34.354809],[135.389123,34.354097],[135.389123,34.352674],[135.389985,34.352674],[135.389985,34.351962],[135.39171,34.35125],[135.39171,34.349827],[135.39171,34.348403],[135.39171,34.347692],[135.392572,34.34698],[135.393434,34.347692],[135.394296,34.347692],[135.395158,34.347692],[135.39602,34.347692],[135.396882,34.34698],[135.397744,34.34698],[135.398606,34.34698],[135.40033,34.34698],[135.401192,34.34698],[135.401192,34.347692],[135.402054,34.348403],[135.402916,34.348403],[135.403778,34.348403],[135.40464,34.348403],[135.40464,34.347692],[135.406364,34.347692],[135.406364,34.34698],[135.407226,34.34698],[135.408088,34.345557],[135.40895,34.343421],[135.40895,34.34271],[135.40895,34.341998],[135.40895,34.340574],[135.408088,34.339863],[135.407226,34.339151],[135.407226,34.338439],[135.407226,34.337727],[135.407226,34.336304],[135.406364,34.335592],[135.405502,34.334168],[135.40464,34.334168],[135.403778,34.334168],[135.402916,34.333456],[135.402916,34.332745],[135.402054,34.332745],[135.401192,34.332745],[135.40033,34.332745],[135.399468,34.332745],[135.397744,34.331321],[135.397744,34.330609],[135.396882,34.330609],[135.39602,34.330609],[135.394296,34.330609],[135.393434,34.331321],[135.393434,34.332033],[135.392572,34.332033],[135.390848,34.332745],[135.389123,34.332745],[135.388261,34.332745],[135.388261,34.332033],[135.387399,34.329897],[135.386537,34.329185],[135.385675,34.329185],[135.384813,34.329185],[135.383951,34.329897],[135.382227,34.329185],[135.381365,34.329185],[135.380503,34.328473],[135.379641,34.328473],[135.377917,34.329897],[135.377055,34.329897],[135.376193,34.330609],[135.375331,34.331321],[135.374469,34.331321],[135.373607,34.330609],[135.371883,34.329897],[135.370159,34.330609],[135.369297,34.330609],[135.368435,34.331321],[135.366711,34.330609],[135.366711,34.329897],[135.365849,34.329897],[135.364987,34.329897],[135.363263,34.329897],[135.362401,34.329185],[135.360677,34.330609],[135.360677,34.331321],[135.359815,34.332745],[135.358953,34.332745],[135.358091,34.332745],[135.358091,34.333456],[135.356367,34.333456],[135.355505,34.333456],[135.354643,34.332745],[135.353781,34.332033],[135.352057,34.332033],[135.350333,34.332033],[135.34947,34.332033],[135.348608,34.331321],[135.347746,34.331321],[135.346884,34.330609],[135.346022,34.330609],[135.34516,34.330609],[135.34516,34.332033],[135.344298,34.332745],[135.343436,34.334168],[135.342574,34.33488],[135.341712,34.335592],[135.34085,34.335592],[135.339126,34.33488],[135.339988,34.336304],[135.34085,34.337015],[135.339988,34.337727],[135.339988,34.339151],[135.339126,34.339863],[135.339126,34.341286],[135.338264,34.341286],[135.337402,34.341286],[135.33654,34.341998],[135.335678,34.341286],[135.334816,34.341286],[135.334816,34.341998],[135.333092,34.341998],[135.33223,34.341286],[135.331368,34.341286],[135.331368,34.340574],[135.330506,34.339863],[135.329644,34.340574],[135.328782,34.341998],[135.329644,34.343421],[135.328782,34.345557],[135.32792,34.346268],[135.327058,34.34698],[135.327058,34.347692],[135.327058,34.348403],[135.327058,34.349827],[135.327058,34.350539],[135.326196,34.350539],[135.325334,34.35125],[135.324472,34.351962],[135.324472,34.353385],[135.32361,34.354097],[135.322748,34.354809],[135.322748,34.35552],[135.322748,34.356232],[135.322748,34.358367],[135.322748,34.359078],[135.32361,34.360502],[135.32361,34.362636],[135.32361,34.363348],[135.322748,34.363348],[135.321886,34.36406],[135.321886,34.364771],[135.321886,34.365483],[135.321024,34.365483],[135.321024,34.366194],[135.321024,34.366906],[135.320162,34.367617],[135.320162,34.36904],[135.3193,34.36904],[135.3193,34.370463],[135.317576,34.371175],[135.317576,34.371886],[135.316714,34.371886],[135.315852,34.372598],[135.31499,34.374021],[135.315852,34.374021],[135.313266,34.376867],[135.313266,34.376155],[135.311542,34.376867],[135.312404,34.376867],[135.311542,34.376867],[135.31068,34.377578],[135.309818,34.379001],[135.309818,34.380424],[135.308093,34.380424],[135.307231,34.381135],[135.305507,34.381847],[135.304645,34.381847],[135.303783,34.381847],[135.302921,34.381135],[135.301197,34.381135],[135.301197,34.380424],[135.300335,34.381135],[135.299473,34.381135],[135.297749,34.381135],[135.298611,34.381847],[135.296887,34.381135],[135.296025,34.380424],[135.296887,34.380424],[135.296025,34.379713],[135.294301,34.379001],[135.293439,34.379001],[135.293439,34.379713],[135.290853,34.379001],[135.289991,34.379001],[135.288267,34.379001],[135.287405,34.380424],[135.289991,34.381847],[135.289991,34.382558],[135.289129,34.38327],[135.289129,34.38327]]],[[[135.252062,34.444428],[135.254648,34.44585],[135.253786,34.44585],[135.252062,34.444428],[135.252062,34.444428]]],[[[135.233098,34.443718],[135.228787,34.44585],[135.235684,34.450826],[135.237408,34.452959],[135.241718,34.455091],[135.245166,34.451537],[135.24689,34.451537],[135.24689,34.450826],[135.252062,34.451537],[135.252062,34.450826],[135.250338,34.450826],[135.250338,34.448694],[135.252062,34.446561],[135.245166,34.442296],[135.239994,34.438741],[135.233098,34.443718],[135.233098,34.443718]]]]}},{"type":"Feature","properties":{"kind":"muni","id":"27214","tier":"B","name":"富田林市","parent":"富田林市","note":"金剛NT郊外"},"geometry":{"type":"Polygon","coordinates":[[[135.558942,34.479965],[135.559804,34.480676],[135.560666,34.480676],[135.560666,34.481386],[135.560666,34.482097],[135.560666,34.481386],[135.559804,34.483518],[135.559804,34.484229],[135.558942,34.484229],[135.55808,34.484229],[135.55808,34.484939],[135.55808,34.48565],[135.55808,34.487071],[135.558942,34.48636],[135.558942,34.487071],[135.55808,34.488492],[135.558942,34.488492],[135.55808,34.489913],[135.558942,34.490623],[135.559804,34.489913],[135.559804,34.490623],[135.560666,34.490623],[135.560666,34.492044],[135.561528,34.492044],[135.56239,34.492044],[135.563252,34.491334],[135.564114,34.493465],[135.56239,34.492755],[135.560666,34.494176],[135.560666,34.495597],[135.559804,34.495597],[135.559804,34.497728],[135.560666,34.497728],[135.560666,34.499149],[135.560666,34.499859],[135.561528,34.50057],[135.559804,34.50128],[135.559804,34.504122],[135.560666,34.505542],[135.560666,34.506963],[135.559804,34.507673],[135.559804,34.508384],[135.560666,34.509094],[135.560666,34.509804],[135.560666,34.511225],[135.560666,34.511935],[135.561528,34.512646],[135.56239,34.512646],[135.564114,34.513356],[135.565838,34.513356],[135.5667,34.513356],[135.567562,34.513356],[135.568424,34.512646],[135.569286,34.512646],[135.57101,34.512646],[135.571872,34.512646],[135.571872,34.511935],[135.572734,34.511225],[135.573596,34.511225],[135.574458,34.511935],[135.574458,34.511225],[135.576182,34.510515],[135.577044,34.510515],[135.577906,34.510515],[135.578768,34.511225],[135.580492,34.511225],[135.581354,34.510515],[135.582216,34.510515],[135.583078,34.510515],[135.582216,34.511225],[135.582216,34.511935],[135.583078,34.512646],[135.583078,34.513356],[135.582216,34.515487],[135.582216,34.516197],[135.581354,34.516907],[135.581354,34.517618],[135.582216,34.518328],[135.583078,34.519038],[135.583078,34.518328],[135.58394,34.519038],[135.584802,34.519038],[135.585664,34.519038],[135.585664,34.519749],[135.585664,34.521169],[135.585664,34.521879],[135.584802,34.521879],[135.58394,34.522589],[135.58394,34.5233],[135.584802,34.52401],[135.584802,34.52472],[135.584802,34.52614],[135.584802,34.526851],[135.585664,34.526851],[135.584802,34.526851],[135.584802,34.527561],[135.586526,34.528271],[135.585664,34.528271],[135.586526,34.529691],[135.586526,34.530402],[135.587388,34.531112],[135.587388,34.531822],[135.589974,34.532532],[135.590836,34.531112],[135.591699,34.530402],[135.592561,34.530402],[135.593423,34.529691],[135.595147,34.530402],[135.595147,34.529691],[135.596009,34.529691],[135.596871,34.529691],[135.598595,34.528981],[135.599457,34.528981],[135.601181,34.529691],[135.602905,34.529691],[135.605491,34.529691],[135.610663,34.529691],[135.610663,34.526851],[135.611525,34.526851],[135.612387,34.52614],[135.613249,34.52614],[135.615835,34.52614],[135.617559,34.52614],[135.623593,34.52543],[135.624455,34.52543],[135.626179,34.52543],[135.627041,34.52543],[135.627041,34.522589],[135.627041,34.521879],[135.627041,34.5233],[135.626179,34.52401],[135.624455,34.5233],[135.624455,34.52401],[135.624455,34.522589],[135.621869,34.522589],[135.621007,34.522589],[135.621869,34.521169],[135.621007,34.520459],[135.621869,34.518328],[135.621869,34.517618],[135.621869,34.516907],[135.621007,34.515487],[135.620145,34.514777],[135.620145,34.514066],[135.618421,34.514066],[135.618421,34.513356],[135.617559,34.509094],[135.618421,34.508384],[135.617559,34.507673],[135.616697,34.506963],[135.617559,34.506963],[135.618421,34.506253],[135.619283,34.505542],[135.620145,34.505542],[135.620145,34.504832],[135.620145,34.504122],[135.621007,34.502701],[135.621869,34.50057],[135.622731,34.499859],[135.624455,34.499859],[135.624455,34.499149],[135.626179,34.498438],[135.627903,34.498438],[135.627903,34.489913],[135.627041,34.489913],[135.627041,34.488492],[135.627041,34.48636],[135.625317,34.48636],[135.625317,34.487781],[135.625317,34.488492],[135.623593,34.488492],[135.622731,34.489202],[135.623593,34.489913],[135.622731,34.490623],[135.621869,34.490623],[135.621007,34.490623],[135.621007,34.494176],[135.621007,34.493465],[135.620145,34.494176],[135.620145,34.493465],[135.619283,34.494176],[135.618421,34.494176],[135.618421,34.492755],[135.619283,34.492044],[135.618421,34.492044],[135.617559,34.492044],[135.618421,34.491334],[135.618421,34.490623],[135.617559,34.489913],[135.616697,34.489913],[135.615835,34.490623],[135.614111,34.490623],[135.613249,34.490623],[135.613249,34.489913],[135.613249,34.487071],[135.614111,34.48636],[135.614111,34.484939],[135.613249,34.484939],[135.612387,34.484939],[135.612387,34.484229],[135.613249,34.484229],[135.613249,34.483518],[135.612387,34.482097],[135.613249,34.482097],[135.613249,34.481386],[135.614111,34.481386],[135.614973,34.481386],[135.614973,34.479965],[135.615835,34.479255],[135.616697,34.479255],[135.616697,34.478544],[135.617559,34.478544],[135.617559,34.477123],[135.616697,34.476412],[135.616697,34.474991],[135.616697,34.47428],[135.616697,34.47357],[135.615835,34.47357],[135.614973,34.472148],[135.614973,34.471438],[135.614973,34.470016],[135.614973,34.469306],[135.615835,34.467884],[135.615835,34.466463],[135.616697,34.466463],[135.616697,34.465042],[135.617559,34.46362],[135.617559,34.462199],[135.617559,34.461488],[135.616697,34.460777],[135.616697,34.459356],[135.616697,34.458645],[135.615835,34.457934],[135.614973,34.457223],[135.615835,34.456513],[135.616697,34.455802],[135.616697,34.455091],[135.615835,34.45438],[135.615835,34.452959],[135.615835,34.452248],[135.615835,34.451537],[135.614973,34.450826],[135.614111,34.450115],[135.614111,34.449404],[135.612387,34.448694],[135.612387,34.447983],[135.611525,34.44585],[135.610663,34.445139],[135.609801,34.445139],[135.608939,34.44585],[135.608077,34.44585],[135.607215,34.44585],[135.605491,34.443007],[135.604629,34.443007],[135.603767,34.441585],[135.604629,34.440874],[135.603767,34.440163],[135.602905,34.439452],[135.602043,34.439452],[135.601181,34.440163],[135.600319,34.440874],[135.598595,34.440874],[135.597733,34.440874],[135.597733,34.441585],[135.595147,34.440874],[135.594285,34.441585],[135.593423,34.442296],[135.592561,34.442296],[135.590836,34.444428],[135.590836,34.445139],[135.589974,34.44585],[135.589112,34.447272],[135.58825,34.447983],[135.587388,34.447983],[135.586526,34.447983],[135.584802,34.448694],[135.58394,34.448694],[135.583078,34.449404],[135.582216,34.450115],[135.582216,34.450826],[135.582216,34.451537],[135.583078,34.452248],[135.583078,34.452959],[135.582216,34.452959],[135.581354,34.452959],[135.580492,34.452959],[135.578768,34.453669],[135.577906,34.45438],[135.578768,34.455802],[135.578768,34.457934],[135.577906,34.460066],[135.578768,34.460777],[135.578768,34.462199],[135.578768,34.46362],[135.57963,34.465042],[135.57963,34.465752],[135.581354,34.465042],[135.582216,34.465042],[135.583078,34.467174],[135.583078,34.468595],[135.582216,34.469306],[135.581354,34.469306],[135.580492,34.470016],[135.57963,34.471438],[135.578768,34.472148],[135.577044,34.472859],[135.577044,34.47357],[135.577044,34.47428],[135.576182,34.474991],[135.574458,34.475702],[135.573596,34.476412],[135.572734,34.475702],[135.571872,34.476412],[135.570148,34.476412],[135.568424,34.477123],[135.5667,34.477833],[135.565838,34.477123],[135.564114,34.476412],[135.563252,34.475702],[135.561528,34.477833],[135.560666,34.477833],[135.560666,34.479255],[135.559804,34.479255],[135.558942,34.479965],[135.558942,34.479965]]]}},{"type":"Feature","properties":{"kind":"muni","id":"27215","tier":"B","name":"寝屋川市","parent":"寝屋川市","note":"香里園B+,其余普通偏旧"},"geometry":{"type":"MultiPolygon","coordinates":[[[[135.607215,34.74955],[135.606353,34.750258],[135.604629,34.750967],[135.603767,34.752383],[135.603767,34.7538],[135.604629,34.754508],[135.604629,34.755924],[135.603767,34.755924],[135.602905,34.755924],[135.602905,34.755216],[135.602043,34.755216],[135.601181,34.755216],[135.600319,34.755924],[135.599457,34.756633],[135.598595,34.756633],[135.597733,34.756633],[135.596871,34.756633],[135.596871,34.757341],[135.596871,34.758757],[135.596871,34.759465],[135.597733,34.760174],[135.597733,34.763006],[135.596009,34.763006],[135.594285,34.763006],[135.593423,34.763714],[135.593423,34.764423],[135.592561,34.764423],[135.591699,34.765131],[135.589974,34.765131],[135.589112,34.765131],[135.589112,34.765839],[135.589112,34.766547],[135.587388,34.767963],[135.591699,34.771504],[135.593423,34.77292],[135.595147,34.773628],[135.597733,34.775752],[135.600319,34.777876],[135.601181,34.779293],[135.602043,34.780001],[135.602043,34.780709],[135.604629,34.782125],[135.607215,34.783541],[135.609801,34.784957],[135.610663,34.785665],[135.611525,34.786372],[135.612387,34.788496],[135.614111,34.79062],[135.614111,34.791328],[135.616697,34.791328],[135.619283,34.79062],[135.621007,34.79062],[135.621869,34.79062],[135.622731,34.789912],[135.623593,34.789912],[135.625317,34.79062],[135.627041,34.79062],[135.630489,34.79062],[135.631351,34.789912],[135.632214,34.789204],[135.632214,34.788496],[135.632214,34.78708],[135.631351,34.786372],[135.633076,34.784957],[135.633938,34.785665],[135.635662,34.784957],[135.63911,34.785665],[135.641696,34.786372],[135.642558,34.785665],[135.64342,34.785665],[135.644282,34.784957],[135.644282,34.783541],[135.645144,34.784249],[135.646006,34.784249],[135.646868,34.784249],[135.648592,34.783541],[135.649454,34.782125],[135.648592,34.782125],[135.649454,34.781417],[135.649454,34.780709],[135.649454,34.780001],[135.650316,34.777168],[135.651178,34.775752],[135.651178,34.775044],[135.65204,34.775044],[135.65204,34.774336],[135.65204,34.77292],[135.65204,34.773628],[135.652902,34.773628],[135.653764,34.774336],[135.655488,34.775044],[135.65635,34.775752],[135.657212,34.775752],[135.658936,34.77646],[135.658936,34.775752],[135.659798,34.775044],[135.659798,34.773628],[135.66066,34.772212],[135.661522,34.770088],[135.662384,34.768671],[135.662384,34.767255],[135.662384,34.766547],[135.661522,34.766547],[135.661522,34.765131],[135.66066,34.764423],[135.66066,34.762298],[135.659798,34.76159],[135.659798,34.760882],[135.658936,34.759465],[135.659798,34.758049],[135.658936,34.757341],[135.658074,34.757341],[135.658074,34.755924],[135.658936,34.755216],[135.658074,34.754508],[135.658074,34.7538],[135.658936,34.753091],[135.659798,34.752383],[135.66066,34.752383],[135.659798,34.752383],[135.658936,34.752383],[135.659798,34.750258],[135.658936,34.74955],[135.659798,34.748842],[135.658074,34.748842],[135.657212,34.748842],[135.65635,34.748134],[135.657212,34.747425],[135.657212,34.746717],[135.658074,34.746717],[135.658074,34.746009],[135.65635,34.746717],[135.655488,34.746717],[135.654626,34.746717],[135.653764,34.747425],[135.652902,34.747425],[135.65204,34.748842],[135.651178,34.74955],[135.650316,34.74955],[135.650316,34.748842],[135.648592,34.74955],[135.64773,34.74955],[135.646868,34.74955],[135.644282,34.74955],[135.642558,34.74955],[135.640834,34.74955],[135.639972,34.74955],[135.63911,34.74955],[135.638248,34.750258],[135.636524,34.74955],[135.633938,34.74955],[135.630489,34.750258],[135.630489,34.746717],[135.628765,34.746717],[135.628765,34.746009],[135.627903,34.746009],[135.627903,34.7453],[135.626179,34.7453],[135.626179,34.74105],[135.626179,34.740342],[135.625317,34.739634],[135.626179,34.738925],[135.626179,34.738217],[135.626179,34.7368],[135.625317,34.736092],[135.624455,34.736092],[135.624455,34.733966],[135.626179,34.733966],[135.627041,34.734675],[135.628765,34.733966],[135.627903,34.733966],[135.627041,34.733966],[135.626179,34.733966],[135.627041,34.733966],[135.628765,34.733966],[135.629627,34.733966],[135.628765,34.733966],[135.630489,34.733966],[135.630489,34.733258],[135.631351,34.73255],[135.631351,34.731841],[135.632214,34.731841],[135.632214,34.731133],[135.633076,34.731133],[135.633076,34.729716],[135.633938,34.729716],[135.633938,34.728299],[135.626179,34.729007],[135.625317,34.729007],[135.624455,34.729007],[135.624455,34.728299],[135.621007,34.729007],[135.621007,34.730424],[135.621869,34.731133],[135.621869,34.731841],[135.621007,34.733258],[135.621869,34.733966],[135.621007,34.734675],[135.621869,34.735383],[135.622731,34.735383],[135.622731,34.736092],[135.622731,34.737508],[135.621869,34.738925],[135.621007,34.74105],[135.620145,34.742467],[135.619283,34.743884],[135.618421,34.744592],[135.614973,34.743884],[135.612387,34.744592],[135.611525,34.7453],[135.611525,34.746009],[135.610663,34.746717],[135.610663,34.747425],[135.609801,34.747425],[135.608077,34.746717],[135.608077,34.748842],[135.607215,34.74955],[135.607215,34.74955]]],[[[135.662384,34.752383],[135.662384,34.750967],[135.661522,34.751675],[135.661522,34.752383],[135.662384,34.752383],[135.663246,34.753091],[135.663246,34.752383],[135.662384,34.752383],[135.662384,34.752383]]]]}},{"type":"Feature","properties":{"kind":"muni","id":"27216","tier":"C","name":"河内長野市","parent":"河内長野市","note":"环境好但太远"},"geometry":{"type":"Polygon","coordinates":[[[135.484808,34.362636],[135.48567,34.363348],[135.486532,34.36406],[135.487394,34.364771],[135.489118,34.365483],[135.48998,34.366194],[135.48998,34.368329],[135.48998,34.36904],[135.490842,34.369752],[135.490842,34.370463],[135.490842,34.372598],[135.490842,34.373309],[135.492566,34.373309],[135.493428,34.373309],[135.49429,34.374021],[135.497738,34.374732],[135.497738,34.375444],[135.4986,34.375444],[135.499462,34.375444],[135.500324,34.375444],[135.500324,34.376155],[135.500324,34.376867],[135.501186,34.377578],[135.502048,34.379001],[135.50291,34.379713],[135.50291,34.380424],[135.503772,34.381847],[135.504634,34.381847],[135.505496,34.381847],[135.506358,34.381135],[135.508082,34.381135],[135.508944,34.381847],[135.509806,34.381847],[135.510668,34.381847],[135.511531,34.381847],[135.512393,34.381847],[135.514117,34.38327],[135.514979,34.383981],[135.516703,34.384693],[135.516703,34.385404],[135.517565,34.386115],[135.518427,34.386827],[135.519289,34.387538],[135.520151,34.388249],[135.520151,34.388961],[135.519289,34.390383],[135.520151,34.391095],[135.520151,34.391806],[135.520151,34.392518],[135.520151,34.393229],[135.519289,34.39394],[135.520151,34.395363],[135.520151,34.396074],[135.519289,34.396785],[135.520151,34.397497],[135.520151,34.398208],[135.520151,34.398919],[135.521013,34.39963],[135.521875,34.39963],[135.522737,34.400342],[135.522737,34.401053],[135.522737,34.401764],[135.523599,34.403187],[135.524461,34.403187],[135.524461,34.403898],[135.523599,34.404609],[135.523599,34.40532],[135.523599,34.406032],[135.524461,34.406743],[135.524461,34.407454],[135.524461,34.408165],[135.525323,34.408165],[135.525323,34.410299],[135.525323,34.411721],[135.526185,34.412432],[135.527047,34.413855],[135.527047,34.414566],[135.527047,34.415277],[135.526185,34.415277],[135.526185,34.415988],[135.526185,34.418833],[135.526185,34.420255],[135.526185,34.420966],[135.525323,34.422388],[135.526185,34.423099],[135.526185,34.42381],[135.527047,34.425232],[135.526185,34.425232],[135.526185,34.425943],[135.525323,34.426654],[135.525323,34.427365],[135.524461,34.428076],[135.524461,34.429498],[135.523599,34.430209],[135.521875,34.430209],[135.521013,34.430209],[135.519289,34.43092],[135.519289,34.431631],[135.519289,34.432342],[135.518427,34.433053],[135.519289,34.433764],[135.518427,34.433764],[135.519289,34.435186],[135.519289,34.435897],[135.520151,34.437319],[135.521013,34.437319],[135.521875,34.43803],[135.521875,34.439452],[135.522737,34.440874],[135.524461,34.441585],[135.526185,34.441585],[135.527047,34.443007],[135.527909,34.443718],[135.528771,34.444428],[135.530495,34.44585],[135.530495,34.446561],[135.531357,34.446561],[135.532219,34.447272],[135.533081,34.447983],[135.533943,34.448694],[135.533943,34.449404],[135.534805,34.450115],[135.534805,34.451537],[135.535667,34.450826],[135.535667,34.451537],[135.536529,34.452959],[135.539115,34.455091],[135.539977,34.455802],[135.540839,34.456513],[135.541701,34.457934],[135.540839,34.458645],[135.541701,34.458645],[135.542563,34.459356],[135.543425,34.460066],[135.545149,34.461488],[135.545149,34.462199],[135.545149,34.462909],[135.544287,34.462909],[135.543425,34.464331],[135.542563,34.465042],[135.542563,34.466463],[135.542563,34.467174],[135.543425,34.467174],[135.544287,34.467174],[135.545149,34.467174],[135.546011,34.468595],[135.546873,34.468595],[135.547735,34.469306],[135.548597,34.470016],[135.549459,34.470727],[135.551184,34.471438],[135.552046,34.471438],[135.552908,34.471438],[135.55377,34.472148],[135.552908,34.47357],[135.55377,34.47357],[135.55377,34.476412],[135.554632,34.476412],[135.554632,34.477123],[135.555494,34.477833],[135.556356,34.477833],[135.557218,34.477833],[135.557218,34.478544],[135.55808,34.479255],[135.558942,34.479965],[135.559804,34.479255],[135.560666,34.479255],[135.560666,34.477833],[135.561528,34.477833],[135.563252,34.475702],[135.564114,34.476412],[135.565838,34.477123],[135.5667,34.477833],[135.568424,34.477123],[135.570148,34.476412],[135.571872,34.476412],[135.572734,34.475702],[135.573596,34.476412],[135.574458,34.475702],[135.576182,34.474991],[135.577044,34.47428],[135.577044,34.47357],[135.577044,34.472859],[135.578768,34.472148],[135.57963,34.471438],[135.580492,34.470016],[135.581354,34.469306],[135.582216,34.469306],[135.583078,34.468595],[135.583078,34.467174],[135.582216,34.465042],[135.581354,34.465042],[135.57963,34.465752],[135.57963,34.465042],[135.578768,34.46362],[135.578768,34.462199],[135.578768,34.460777],[135.577906,34.460066],[135.578768,34.457934],[135.578768,34.455802],[135.577906,34.45438],[135.578768,34.453669],[135.580492,34.452959],[135.581354,34.452959],[135.582216,34.452959],[135.583078,34.452959],[135.583078,34.452248],[135.582216,34.451537],[135.582216,34.450826],[135.582216,34.450115],[135.583078,34.449404],[135.58394,34.448694],[135.584802,34.448694],[135.586526,34.447983],[135.587388,34.447983],[135.58825,34.447983],[135.589112,34.447272],[135.589974,34.44585],[135.590836,34.445139],[135.590836,34.444428],[135.592561,34.442296],[135.593423,34.442296],[135.594285,34.441585],[135.595147,34.440874],[135.597733,34.441585],[135.597733,34.440874],[135.598595,34.440874],[135.600319,34.440874],[135.601181,34.440163],[135.602043,34.439452],[135.602043,34.438741],[135.602043,34.437319],[135.602905,34.437319],[135.603767,34.436608],[135.604629,34.436608],[135.604629,34.435186],[135.604629,34.434475],[135.605491,34.434475],[135.606353,34.433764],[135.607215,34.433053],[135.608077,34.431631],[135.608939,34.431631],[135.609801,34.431631],[135.609801,34.43092],[135.609801,34.430209],[135.612387,34.430209],[135.613249,34.430209],[135.614111,34.43092],[135.614973,34.43092],[135.615835,34.430209],[135.616697,34.430209],[135.616697,34.429498],[135.617559,34.428787],[135.618421,34.428787],[135.619283,34.428076],[135.620145,34.426654],[135.621007,34.425943],[135.622731,34.425232],[135.623593,34.424521],[135.622731,34.424521],[135.623593,34.42381],[135.625317,34.421677],[135.626179,34.420966],[135.627041,34.420966],[135.627903,34.420255],[135.630489,34.419544],[135.632214,34.419544],[135.633076,34.419544],[135.6348,34.419544],[135.635662,34.420255],[135.636524,34.420255],[135.637386,34.419544],[135.638248,34.418833],[135.63911,34.418833],[135.639972,34.418121],[135.639972,34.41741],[135.641696,34.415277],[135.640834,34.414566],[135.641696,34.413855],[135.641696,34.413144],[135.642558,34.412432],[135.64342,34.411721],[135.645144,34.411721],[135.645144,34.410299],[135.646006,34.409588],[135.646868,34.407454],[135.64773,34.406743],[135.648592,34.40532],[135.649454,34.403898],[135.650316,34.403187],[135.650316,34.402476],[135.651178,34.401764],[135.65204,34.401053],[135.653764,34.400342],[135.654626,34.400342],[135.655488,34.39963],[135.65635,34.39963],[135.65635,34.398208],[135.657212,34.397497],[135.65635,34.396785],[135.655488,34.396074],[135.657212,34.396074],[135.658074,34.395363],[135.658936,34.395363],[135.66066,34.396074],[135.661522,34.396074],[135.662384,34.396074],[135.663246,34.396074],[135.663246,34.395363],[135.663246,34.393229],[135.662384,34.392518],[135.661522,34.391806],[135.659798,34.391806],[135.659798,34.391095],[135.659798,34.389672],[135.658936,34.388961],[135.658074,34.388249],[135.658074,34.387538],[135.658074,34.386827],[135.65635,34.386115],[135.654626,34.383981],[135.654626,34.38327],[135.653764,34.38327],[135.651178,34.38327],[135.650316,34.38327],[135.649454,34.38327],[135.648592,34.38327],[135.646006,34.38327],[135.644282,34.383981],[135.642558,34.38327],[135.639972,34.38327],[135.63911,34.38327],[135.63911,34.382558],[135.638248,34.381847],[135.637386,34.381135],[135.636524,34.381135],[135.6348,34.382558],[135.632214,34.382558],[135.632214,34.38327],[135.630489,34.38327],[135.629627,34.38327],[135.628765,34.38327],[135.627041,34.383981],[135.626179,34.383981],[135.626179,34.38327],[135.625317,34.38327],[135.623593,34.38327],[135.622731,34.383981],[135.621007,34.383981],[135.620145,34.383981],[135.620145,34.384693],[135.619283,34.383981],[135.618421,34.383981],[135.617559,34.38327],[135.617559,34.381847],[135.616697,34.379713],[135.615835,34.37829],[135.614973,34.37829],[135.614973,34.377578],[135.614973,34.376867],[135.614111,34.376867],[135.612387,34.376867],[135.610663,34.376867],[135.608077,34.377578],[135.607215,34.377578],[135.606353,34.377578],[135.605491,34.377578],[135.604629,34.377578],[135.603767,34.37829],[135.602905,34.37829],[135.602043,34.379001],[135.602043,34.379713],[135.600319,34.380424],[135.599457,34.380424],[135.597733,34.380424],[135.596009,34.379001],[135.595147,34.37829],[135.596009,34.377578],[135.595147,34.376155],[135.595147,34.375444],[135.594285,34.375444],[135.593423,34.374732],[135.591699,34.374732],[135.591699,34.375444],[135.590836,34.375444],[135.589974,34.375444],[135.58825,34.376155],[135.587388,34.375444],[135.586526,34.375444],[135.58394,34.376155],[135.583078,34.376867],[135.57963,34.376155],[135.578768,34.376155],[135.577906,34.376155],[135.577044,34.376155],[135.576182,34.375444],[135.57532,34.374021],[135.573596,34.373309],[135.572734,34.371886],[135.570148,34.371886],[135.570148,34.371175],[135.569286,34.371175],[135.569286,34.371886],[135.567562,34.371886],[135.5667,34.371886],[135.5667,34.371175],[135.565838,34.370463],[135.564976,34.370463],[135.563252,34.36904],[135.56239,34.367617],[135.561528,34.366194],[135.560666,34.365483],[135.558942,34.364771],[135.558942,34.363348],[135.556356,34.361213],[135.554632,34.359078],[135.552908,34.359078],[135.552046,34.35979],[135.551184,34.359078],[135.551184,34.358367],[135.550321,34.357655],[135.549459,34.357655],[135.547735,34.356232],[135.546873,34.356232],[135.546011,34.356943],[135.544287,34.356232],[135.542563,34.356943],[135.541701,34.356943],[135.541701,34.357655],[135.540839,34.357655],[135.539115,34.356943],[135.538253,34.35552],[135.537391,34.354809],[135.536529,34.353385],[135.535667,34.353385],[135.534805,34.351962],[135.533081,34.351962],[135.533081,34.35125],[135.532219,34.35125],[135.531357,34.35125],[135.531357,34.351962],[135.527909,34.35125],[135.527047,34.35125],[135.526185,34.350539],[135.525323,34.349827],[135.523599,34.347692],[135.522737,34.34698],[135.521013,34.345557],[135.520151,34.344845],[135.519289,34.344133],[135.517565,34.34271],[135.516703,34.34271],[135.515841,34.341998],[135.514117,34.339863],[135.512393,34.338439],[135.511531,34.338439],[135.510668,34.337015],[135.509806,34.337015],[135.508944,34.337015],[135.50722,34.336304],[135.506358,34.336304],[135.505496,34.336304],[135.504634,34.336304],[135.503772,34.336304],[135.503772,34.337015],[135.502048,34.338439],[135.503772,34.339151],[135.504634,34.339151],[135.504634,34.341286],[135.504634,34.341998],[135.503772,34.34271],[135.503772,34.343421],[135.502048,34.344845],[135.502048,34.345557],[135.50291,34.346268],[135.503772,34.346268],[135.503772,34.34698],[135.50291,34.348403],[135.50291,34.349115],[135.502048,34.349827],[135.501186,34.350539],[135.4986,34.350539],[135.497738,34.351962],[135.497738,34.352674],[135.496876,34.352674],[135.49429,34.353385],[135.493428,34.354809],[135.490842,34.354809],[135.48998,34.35552],[135.489118,34.356232],[135.488256,34.356943],[135.488256,34.357655],[135.487394,34.359078],[135.487394,34.35979],[135.486532,34.360502],[135.486532,34.361213],[135.484808,34.362636],[135.484808,34.362636]]]}},{"type":"Feature","properties":{"kind":"muni","id":"27219","tier":"B","name":"和泉市","parent":"和泉市","note":"和泉府中/光明池普通"},"geometry":{"type":"MultiPolygon","coordinates":[[[[135.414984,34.47428],[135.415846,34.475702],[135.41757,34.476412],[135.416708,34.476412],[135.41757,34.477123],[135.418432,34.477123],[135.418432,34.477833],[135.41757,34.477833],[135.416708,34.478544],[135.41757,34.478544],[135.41757,34.479255],[135.41757,34.479965],[135.416708,34.479965],[135.416708,34.480676],[135.415846,34.480676],[135.414984,34.481386],[135.415846,34.482097],[135.415846,34.482808],[135.416708,34.482808],[135.416708,34.483518],[135.41757,34.484229],[135.41757,34.484939],[135.416708,34.48565],[135.41757,34.48636],[135.416708,34.487071],[135.416708,34.487781],[135.416708,34.488492],[135.418432,34.487071],[135.419294,34.487781],[135.419294,34.488492],[135.420156,34.487781],[135.420156,34.488492],[135.421018,34.489913],[135.42188,34.489913],[135.422742,34.489202],[135.423604,34.490623],[135.424466,34.489202],[135.425328,34.490623],[135.425328,34.489913],[135.42619,34.490623],[135.427052,34.490623],[135.427914,34.489913],[135.42619,34.491334],[135.427052,34.491334],[135.428776,34.490623],[135.429638,34.491334],[135.427914,34.492755],[135.428776,34.493465],[135.427914,34.494176],[135.428776,34.494886],[135.429638,34.494176],[135.428776,34.494886],[135.427052,34.496307],[135.427914,34.497018],[135.42619,34.498438],[135.425328,34.499149],[135.42619,34.499859],[135.424466,34.50057],[135.424466,34.50128],[135.425328,34.50199],[135.42619,34.502701],[135.42619,34.503411],[135.427052,34.503411],[135.427914,34.504122],[135.428776,34.503411],[135.427914,34.504122],[135.428776,34.504122],[135.427914,34.504832],[135.428776,34.505542],[135.429638,34.505542],[135.428776,34.504832],[135.428776,34.504122],[135.429638,34.504832],[135.430501,34.504832],[135.431363,34.504832],[135.431363,34.505542],[135.432225,34.505542],[135.430501,34.506963],[135.431363,34.506253],[135.430501,34.506963],[135.432225,34.505542],[135.430501,34.506963],[135.431363,34.507673],[135.431363,34.506963],[135.431363,34.507673],[135.432225,34.506963],[135.433087,34.507673],[135.432225,34.509094],[135.433087,34.509094],[135.432225,34.509094],[135.433087,34.507673],[135.434811,34.509094],[135.433949,34.509804],[135.433087,34.509804],[135.433087,34.510515],[135.433949,34.511225],[135.434811,34.511225],[135.433949,34.511225],[135.432225,34.512646],[135.433087,34.514066],[135.432225,34.514777],[135.431363,34.514777],[135.432225,34.514066],[135.430501,34.514777],[135.430501,34.514066],[135.429638,34.514066],[135.428776,34.514777],[135.431363,34.516907],[135.433087,34.515487],[135.433087,34.514777],[135.432225,34.514777],[135.431363,34.515487],[135.432225,34.514777],[135.433087,34.514066],[135.433949,34.514066],[135.434811,34.513356],[135.434811,34.514066],[135.435673,34.513356],[135.434811,34.512646],[135.435673,34.512646],[135.436535,34.514066],[135.437397,34.513356],[135.438259,34.513356],[135.439121,34.513356],[135.439121,34.512646],[135.439983,34.512646],[135.439983,34.513356],[135.439983,34.512646],[135.440845,34.513356],[135.444293,34.511225],[135.445155,34.511935],[135.444293,34.511225],[135.445155,34.511225],[135.446017,34.511935],[135.446879,34.511935],[135.447741,34.511225],[135.450327,34.514066],[135.451189,34.514066],[135.451189,34.513356],[135.452051,34.512646],[135.452051,34.511935],[135.452913,34.511935],[135.453775,34.512646],[135.453775,34.513356],[135.453775,34.514066],[135.453775,34.514777],[135.454637,34.514777],[135.454637,34.515487],[135.454637,34.514777],[135.455499,34.514777],[135.456361,34.515487],[135.457223,34.514777],[135.458085,34.514066],[135.458085,34.513356],[135.458947,34.512646],[135.458947,34.511935],[135.458085,34.511225],[135.458947,34.510515],[135.458947,34.511935],[135.458947,34.512646],[135.460671,34.512646],[135.460671,34.511935],[135.461533,34.511225],[135.461533,34.509094],[135.460671,34.507673],[135.461533,34.507673],[135.462395,34.508384],[135.462395,34.507673],[135.462395,34.506963],[135.462395,34.506253],[135.463257,34.506963],[135.463257,34.506253],[135.463257,34.504832],[135.463257,34.503411],[135.462395,34.50199],[135.462395,34.50128],[135.461533,34.50057],[135.460671,34.499859],[135.461533,34.499859],[135.461533,34.499149],[135.461533,34.498438],[135.460671,34.497018],[135.460671,34.496307],[135.461533,34.496307],[135.461533,34.497018],[135.461533,34.497728],[135.462395,34.498438],[135.463257,34.499859],[135.463257,34.498438],[135.464119,34.497728],[135.464119,34.499149],[135.464119,34.499859],[135.464119,34.50128],[135.464119,34.50199],[135.464119,34.503411],[135.464119,34.504122],[135.464981,34.504832],[135.465843,34.504122],[135.465843,34.503411],[135.465843,34.50199],[135.464981,34.50128],[135.464981,34.50057],[135.464981,34.499859],[135.464981,34.499149],[135.465843,34.498438],[135.465843,34.497728],[135.465843,34.497018],[135.465843,34.496307],[135.465843,34.493465],[135.465843,34.491334],[135.466705,34.491334],[135.465843,34.489202],[135.465843,34.488492],[135.466705,34.487071],[135.466705,34.48565],[135.466705,34.482808],[135.468429,34.482808],[135.468429,34.483518],[135.469291,34.482808],[135.470153,34.483518],[135.470153,34.481386],[135.471878,34.481386],[135.471878,34.480676],[135.471878,34.479965],[135.471016,34.479965],[135.471878,34.478544],[135.471016,34.478544],[135.471016,34.477123],[135.471878,34.475702],[135.474464,34.472859],[135.475326,34.47357],[135.476188,34.472148],[135.476188,34.472859],[135.478774,34.470727],[135.47705,34.470016],[135.475326,34.469306],[135.477912,34.466463],[135.47705,34.465752],[135.477912,34.465752],[135.480498,34.46362],[135.484808,34.461488],[135.48567,34.461488],[135.487394,34.461488],[135.487394,34.460777],[135.488256,34.460777],[135.489118,34.460066],[135.48998,34.459356],[135.490842,34.458645],[135.491704,34.457934],[135.491704,34.457223],[135.492566,34.457223],[135.493428,34.456513],[135.495152,34.455802],[135.495152,34.455091],[135.495152,34.45438],[135.496014,34.453669],[135.496014,34.452959],[135.496876,34.452248],[135.497738,34.450115],[135.497738,34.448694],[135.497738,34.447983],[135.497738,34.447272],[135.4986,34.44585],[135.4986,34.444428],[135.4986,34.443718],[135.499462,34.443007],[135.499462,34.442296],[135.4986,34.442296],[135.499462,34.441585],[135.499462,34.440874],[135.4986,34.439452],[135.4986,34.438741],[135.4986,34.437319],[135.499462,34.437319],[135.499462,34.435897],[135.499462,34.434475],[135.500324,34.433764],[135.50291,34.433764],[135.503772,34.433053],[135.504634,34.433764],[135.506358,34.433764],[135.50722,34.433764],[135.508082,34.433053],[135.509806,34.432342],[135.511531,34.431631],[135.512393,34.43092],[135.514117,34.43092],[135.514979,34.43092],[135.515841,34.43092],[135.516703,34.43092],[135.518427,34.430209],[135.519289,34.430209],[135.519289,34.43092],[135.521013,34.430209],[135.521875,34.430209],[135.523599,34.430209],[135.524461,34.429498],[135.524461,34.428076],[135.525323,34.427365],[135.525323,34.426654],[135.526185,34.425943],[135.526185,34.425232],[135.527047,34.425232],[135.526185,34.42381],[135.526185,34.423099],[135.525323,34.422388],[135.526185,34.420966],[135.526185,34.420255],[135.526185,34.418833],[135.526185,34.415988],[135.526185,34.415277],[135.527047,34.415277],[135.527047,34.414566],[135.527047,34.413855],[135.526185,34.412432],[135.525323,34.411721],[135.525323,34.410299],[135.525323,34.408165],[135.524461,34.408165],[135.524461,34.407454],[135.524461,34.406743],[135.523599,34.406032],[135.523599,34.40532],[135.523599,34.404609],[135.524461,34.403898],[135.524461,34.403187],[135.523599,34.403187],[135.522737,34.401764],[135.522737,34.401053],[135.522737,34.400342],[135.521875,34.39963],[135.521013,34.39963],[135.520151,34.398919],[135.520151,34.398208],[135.520151,34.397497],[135.519289,34.396785],[135.520151,34.396074],[135.520151,34.395363],[135.519289,34.39394],[135.520151,34.393229],[135.520151,34.392518],[135.520151,34.391806],[135.520151,34.391095],[135.519289,34.390383],[135.520151,34.388961],[135.520151,34.388249],[135.519289,34.387538],[135.518427,34.386827],[135.517565,34.386115],[135.516703,34.385404],[135.516703,34.384693],[135.514979,34.383981],[135.514117,34.38327],[135.512393,34.381847],[135.511531,34.381847],[135.510668,34.381847],[135.509806,34.381847],[135.508944,34.381847],[135.508082,34.381135],[135.506358,34.381135],[135.505496,34.381847],[135.504634,34.381847],[135.503772,34.381847],[135.50291,34.380424],[135.50291,34.379713],[135.502048,34.379001],[135.501186,34.377578],[135.500324,34.376867],[135.500324,34.376155],[135.500324,34.375444],[135.499462,34.375444],[135.4986,34.375444],[135.497738,34.375444],[135.497738,34.374732],[135.49429,34.374021],[135.493428,34.373309],[135.492566,34.373309],[135.490842,34.373309],[135.490842,34.372598],[135.490842,34.370463],[135.490842,34.369752],[135.48998,34.36904],[135.48998,34.368329],[135.48998,34.366194],[135.489118,34.365483],[135.487394,34.364771],[135.486532,34.36406],[135.48567,34.363348],[135.484808,34.362636],[135.483946,34.361925],[135.483946,34.361213],[135.482222,34.360502],[135.48136,34.35979],[135.48136,34.359078],[135.480498,34.358367],[135.479636,34.358367],[135.479636,34.357655],[135.478774,34.356232],[135.47705,34.35552],[135.477912,34.354097],[135.478774,34.353385],[135.477912,34.353385],[135.47705,34.352674],[135.475326,34.353385],[135.475326,34.352674],[135.474464,34.352674],[135.473602,34.353385],[135.471878,34.352674],[135.471878,34.35125],[135.471016,34.35125],[135.471016,34.350539],[135.470153,34.350539],[135.469291,34.350539],[135.468429,34.349827],[135.467567,34.349827],[135.466705,34.348403],[135.466705,34.347692],[135.465843,34.34698],[135.464981,34.347692],[135.464119,34.348403],[135.463257,34.348403],[135.462395,34.347692],[135.460671,34.347692],[135.458085,34.34698],[135.456361,34.347692],[135.455499,34.347692],[135.455499,34.349115],[135.453775,34.349827],[135.452913,34.349827],[135.454637,34.350539],[135.455499,34.351962],[135.456361,34.351962],[135.456361,34.352674],[135.457223,34.353385],[135.456361,34.354097],[135.456361,34.354809],[135.455499,34.35552],[135.455499,34.356943],[135.454637,34.357655],[135.454637,34.358367],[135.455499,34.35979],[135.456361,34.360502],[135.455499,34.361213],[135.456361,34.362636],[135.456361,34.36406],[135.456361,34.364771],[135.456361,34.365483],[135.456361,34.366906],[135.456361,34.367617],[135.458085,34.367617],[135.458085,34.368329],[135.458947,34.368329],[135.459809,34.36904],[135.458947,34.369752],[135.458947,34.370463],[135.458947,34.371175],[135.458947,34.371886],[135.458947,34.373309],[135.459809,34.374021],[135.459809,34.374732],[135.462395,34.374732],[135.463257,34.375444],[135.464119,34.376867],[135.464119,34.37829],[135.463257,34.379713],[135.462395,34.381135],[135.462395,34.382558],[135.461533,34.38327],[135.460671,34.383981],[135.458947,34.384693],[135.458085,34.383981],[135.458085,34.384693],[135.457223,34.385404],[135.456361,34.385404],[135.456361,34.386827],[135.455499,34.387538],[135.454637,34.388249],[135.454637,34.388961],[135.454637,34.389672],[135.454637,34.390383],[135.453775,34.390383],[135.452051,34.390383],[135.450327,34.390383],[135.450327,34.391806],[135.450327,34.392518],[135.450327,34.393229],[135.451189,34.39394],[135.452051,34.394651],[135.452913,34.395363],[135.452051,34.396785],[135.452051,34.398208],[135.452913,34.398919],[135.452913,34.400342],[135.453775,34.400342],[135.454637,34.400342],[135.453775,34.401053],[135.453775,34.402476],[135.453775,34.403898],[135.454637,34.404609],[135.455499,34.40532],[135.455499,34.406032],[135.454637,34.406032],[135.454637,34.406743],[135.452913,34.408165],[135.453775,34.408876],[135.452913,34.409588],[135.453775,34.411721],[135.452913,34.412432],[135.452051,34.413144],[135.452051,34.414566],[135.451189,34.414566],[135.449465,34.414566],[135.449465,34.415277],[135.449465,34.415988],[135.450327,34.415988],[135.451189,34.416699],[135.451189,34.41741],[135.451189,34.418121],[135.451189,34.418833],[135.452051,34.420255],[135.451189,34.420966],[135.451189,34.421677],[135.451189,34.422388],[135.451189,34.42381],[135.451189,34.424521],[135.450327,34.425232],[135.450327,34.425943],[135.449465,34.425943],[135.449465,34.426654],[135.448603,34.427365],[135.448603,34.428076],[135.447741,34.428787],[135.448603,34.429498],[135.448603,34.430209],[135.448603,34.43092],[135.448603,34.432342],[135.448603,34.433053],[135.447741,34.433053],[135.447741,34.433764],[135.446017,34.433764],[135.445155,34.434475],[135.444293,34.435186],[135.443431,34.435186],[135.444293,34.435897],[135.444293,34.437319],[135.443431,34.438741],[135.443431,34.440163],[135.442569,34.440874],[135.443431,34.441585],[135.443431,34.442296],[135.443431,34.443007],[135.442569,34.443718],[135.442569,34.444428],[135.442569,34.445139],[135.441707,34.446561],[135.441707,34.447272],[135.441707,34.447983],[135.442569,34.448694],[135.441707,34.448694],[135.441707,34.449404],[135.440845,34.449404],[135.440845,34.450115],[135.439983,34.450115],[135.440845,34.452959],[135.441707,34.453669],[135.441707,34.45438],[135.441707,34.455091],[135.441707,34.455802],[135.440845,34.456513],[135.441707,34.457934],[135.442569,34.458645],[135.442569,34.460066],[135.441707,34.460777],[135.440845,34.460777],[135.439983,34.462199],[135.438259,34.464331],[135.438259,34.465042],[135.437397,34.464331],[135.437397,34.465042],[135.436535,34.465042],[135.435673,34.465752],[135.435673,34.467174],[135.434811,34.466463],[135.433949,34.467174],[135.431363,34.469306],[135.429638,34.470016],[135.428776,34.469306],[135.428776,34.468595],[135.427914,34.469306],[135.42619,34.467174],[135.42619,34.466463],[135.425328,34.466463],[135.424466,34.466463],[135.421018,34.468595],[135.419294,34.470016],[135.41757,34.471438],[135.414984,34.47357],[135.414984,34.47428],[135.414984,34.47428]],[[135.427914,34.497728],[135.427914,34.497018],[135.427052,34.497728],[135.427914,34.497728],[135.427914,34.497728]],[[135.433087,34.510515],[135.432225,34.511225],[135.431363,34.511935],[135.429638,34.510515],[135.430501,34.509804],[135.431363,34.509094],[135.430501,34.509804],[135.430501,34.510515],[135.432225,34.509804],[135.433087,34.510515],[135.433087,34.510515]]],[[[135.427052,34.492044],[135.42619,34.492044],[135.42619,34.491334],[135.427052,34.492044],[135.427052,34.492044]]],[[[135.427052,34.497018],[135.427052,34.496307],[135.42619,34.497018],[135.427052,34.497018],[135.427052,34.497018]]]]}},{"type":"Feature","properties":{"kind":"muni","id":"27221","tier":"C","name":"柏原市","parent":"柏原市","note":"大和路线小城,偏远"},"geometry":{"type":"Polygon","coordinates":[[[135.618421,34.582936],[135.618421,34.584356],[135.618421,34.582936],[135.616697,34.582936],[135.616697,34.584356],[135.615835,34.584356],[135.615835,34.585066],[135.614973,34.585066],[135.614973,34.587904],[135.611525,34.587904],[135.611525,34.589324],[135.608939,34.589324],[135.607215,34.589324],[135.607215,34.591452],[135.608939,34.591452],[135.608939,34.592162],[135.610663,34.592162],[135.611525,34.592872],[135.615835,34.592872],[135.618421,34.592872],[135.619283,34.592872],[135.619283,34.594291],[135.618421,34.594291],[135.621007,34.595001],[135.622731,34.59571],[135.621869,34.59642],[135.621007,34.597839],[135.621007,34.598549],[135.623593,34.597839],[135.623593,34.598549],[135.624455,34.599968],[135.625317,34.599968],[135.627903,34.599968],[135.628765,34.599968],[135.631351,34.599968],[135.631351,34.601387],[135.633938,34.601387],[135.633938,34.600677],[135.635662,34.601387],[135.636524,34.600677],[135.63911,34.600677],[135.639972,34.600677],[135.640834,34.600677],[135.641696,34.600677],[135.64342,34.600677],[135.64342,34.599968],[135.645144,34.600677],[135.646006,34.599968],[135.646868,34.599258],[135.64773,34.599258],[135.648592,34.599968],[135.648592,34.600677],[135.649454,34.600677],[135.650316,34.601387],[135.651178,34.602806],[135.650316,34.602806],[135.651178,34.604225],[135.650316,34.604934],[135.651178,34.606353],[135.65204,34.606353],[135.65204,34.607063],[135.652902,34.606353],[135.65204,34.606353],[135.652902,34.604934],[135.652902,34.604225],[135.653764,34.604225],[135.653764,34.603515],[135.654626,34.603515],[135.655488,34.603515],[135.655488,34.604225],[135.65635,34.603515],[135.65635,34.602806],[135.657212,34.602806],[135.658074,34.602096],[135.659798,34.602096],[135.662384,34.601387],[135.662384,34.602096],[135.663246,34.602096],[135.665832,34.602096],[135.666694,34.602806],[135.668418,34.602806],[135.66928,34.602806],[135.670142,34.602806],[135.671004,34.604225],[135.671867,34.603515],[135.672729,34.603515],[135.672729,34.602806],[135.673591,34.602806],[135.673591,34.602096],[135.675315,34.602096],[135.675315,34.600677],[135.676177,34.600677],[135.675315,34.599968],[135.675315,34.599258],[135.676177,34.599258],[135.676177,34.597129],[135.676177,34.59642],[135.676177,34.59571],[135.677901,34.594291],[135.678763,34.593581],[135.677901,34.592162],[135.677901,34.591452],[135.678763,34.591452],[135.678763,34.590743],[135.677901,34.590033],[135.677039,34.590033],[135.677039,34.588614],[135.677901,34.587904],[135.678763,34.587904],[135.680487,34.587195],[135.680487,34.586485],[135.680487,34.585775],[135.679625,34.585066],[135.680487,34.585066],[135.682211,34.585066],[135.681349,34.582936],[135.680487,34.582227],[135.678763,34.581517],[135.677039,34.580807],[135.676177,34.579388],[135.675315,34.579388],[135.674453,34.579388],[135.673591,34.580098],[135.672729,34.580098],[135.671004,34.578678],[135.671004,34.577259],[135.670142,34.576549],[135.670142,34.575129],[135.671004,34.57442],[135.672729,34.57371],[135.672729,34.57229],[135.673591,34.57158],[135.673591,34.570871],[135.671867,34.570161],[135.670142,34.570161],[135.66928,34.569451],[135.668418,34.569451],[135.666694,34.568741],[135.66497,34.568031],[135.663246,34.566612],[135.662384,34.565902],[135.662384,34.565192],[135.661522,34.565192],[135.659798,34.563772],[135.658936,34.563772],[135.657212,34.562352],[135.657212,34.561642],[135.658074,34.560933],[135.658074,34.560223],[135.657212,34.559513],[135.658074,34.558093],[135.657212,34.556673],[135.657212,34.555963],[135.655488,34.555253],[135.654626,34.555963],[135.653764,34.555253],[135.654626,34.555253],[135.654626,34.554543],[135.653764,34.553833],[135.654626,34.553833],[135.655488,34.553833],[135.657212,34.553833],[135.65635,34.553123],[135.657212,34.552413],[135.657212,34.551703],[135.65635,34.551703],[135.65635,34.550283],[135.65635,34.549574],[135.655488,34.548864],[135.654626,34.547444],[135.652902,34.546733],[135.65204,34.547444],[135.65204,34.548154],[135.65204,34.548864],[135.649454,34.548154],[135.64773,34.548154],[135.646868,34.548154],[135.646006,34.547444],[135.645144,34.547444],[135.644282,34.548154],[135.641696,34.548154],[135.641696,34.547444],[135.640834,34.547444],[135.639972,34.548154],[135.63911,34.548864],[135.638248,34.548864],[135.638248,34.549574],[135.636524,34.549574],[135.636524,34.550993],[135.636524,34.551703],[135.636524,34.552413],[135.635662,34.553123],[135.636524,34.553123],[135.635662,34.553833],[135.636524,34.554543],[135.636524,34.555253],[135.637386,34.555253],[135.636524,34.555963],[135.637386,34.556673],[135.636524,34.557383],[135.635662,34.557383],[135.6348,34.557383],[135.6348,34.556673],[135.635662,34.555963],[135.6348,34.555963],[135.633938,34.555253],[135.6348,34.556673],[135.633938,34.556673],[135.633076,34.555963],[135.632214,34.554543],[135.631351,34.554543],[135.629627,34.553123],[135.629627,34.552413],[135.629627,34.551703],[135.629627,34.552413],[135.628765,34.552413],[135.629627,34.553123],[135.627903,34.553123],[135.627041,34.553123],[135.625317,34.553833],[135.624455,34.553833],[135.624455,34.553123],[135.624455,34.552413],[135.624455,34.551703],[135.623593,34.551703],[135.622731,34.550993],[135.621869,34.550993],[135.621869,34.551703],[135.621869,34.553123],[135.622731,34.555253],[135.622731,34.557383],[135.622731,34.559513],[135.621007,34.558803],[135.621869,34.560223],[135.621869,34.564482],[135.621869,34.568031],[135.621869,34.569451],[135.623593,34.57158],[135.623593,34.573],[135.625317,34.575129],[135.626179,34.575129],[135.627903,34.575839],[135.627903,34.576549],[135.627903,34.577259],[135.627041,34.578678],[135.626179,34.579388],[135.625317,34.580098],[135.622731,34.580807],[135.618421,34.581517],[135.618421,34.582936],[135.618421,34.582936]]]}},{"type":"Feature","properties":{"kind":"muni","id":"27222","tier":"B","name":"羽曳野市","parent":"羽曳野市","note":"古市,普通偏郊外"},"geometry":{"type":"MultiPolygon","coordinates":[[[[135.580492,34.534662],[135.580492,34.535372],[135.580492,34.536083],[135.580492,34.536793],[135.580492,34.537503],[135.580492,34.538213],[135.57963,34.538923],[135.578768,34.538213],[135.57963,34.537503],[135.57963,34.536083],[135.57963,34.536793],[135.57963,34.536083],[135.57963,34.535372],[135.57963,34.534662],[135.57963,34.535372],[135.578768,34.535372],[135.578768,34.534662],[135.577906,34.534662],[135.57963,34.533952],[135.580492,34.534662],[135.580492,34.534662]]],[[[135.567562,34.560223],[135.5667,34.560223],[135.5667,34.560933],[135.5667,34.562352],[135.569286,34.564482],[135.569286,34.565192],[135.569286,34.566612],[135.568424,34.568741],[135.568424,34.570871],[135.567562,34.57442],[135.568424,34.57442],[135.567562,34.575129],[135.5667,34.576549],[135.568424,34.577259],[135.569286,34.577259],[135.570148,34.577259],[135.571872,34.577968],[135.57532,34.577259],[135.577044,34.577259],[135.576182,34.577968],[135.577044,34.579388],[135.577044,34.580098],[135.577044,34.580807],[135.577906,34.580807],[135.578768,34.580807],[135.578768,34.582227],[135.581354,34.582227],[135.581354,34.580807],[135.582216,34.580807],[135.582216,34.582227],[135.58394,34.582227],[135.583078,34.580807],[135.584802,34.581517],[135.585664,34.581517],[135.585664,34.580098],[135.585664,34.579388],[135.585664,34.578678],[135.585664,34.577968],[135.586526,34.577968],[135.585664,34.577259],[135.586526,34.577259],[135.58825,34.577259],[135.587388,34.576549],[135.587388,34.575839],[135.587388,34.57442],[135.587388,34.573],[135.587388,34.57158],[135.58825,34.570161],[135.58825,34.569451],[135.58825,34.568741],[135.589112,34.568031],[135.589974,34.567321],[135.589974,34.568031],[135.58825,34.568741],[135.589974,34.568741],[135.590836,34.567321],[135.590836,34.566612],[135.591699,34.565902],[135.591699,34.565192],[135.591699,34.564482],[135.591699,34.563772],[135.595147,34.563062],[135.595147,34.563772],[135.596009,34.563772],[135.596009,34.561642],[135.595147,34.561642],[135.596009,34.561642],[135.596009,34.560933],[135.596871,34.558803],[135.596009,34.558803],[135.596009,34.557383],[135.596871,34.557383],[135.596009,34.556673],[135.596871,34.555253],[135.596871,34.554543],[135.597733,34.554543],[135.598595,34.554543],[135.598595,34.555253],[135.599457,34.554543],[135.602043,34.553833],[135.601181,34.554543],[135.602043,34.555253],[135.602905,34.555963],[135.603767,34.555963],[135.602905,34.556673],[135.602905,34.558093],[135.604629,34.558093],[135.605491,34.558093],[135.605491,34.558803],[135.605491,34.559513],[135.605491,34.560223],[135.605491,34.560933],[135.606353,34.560933],[135.605491,34.562352],[135.605491,34.563062],[135.604629,34.563772],[135.604629,34.564482],[135.604629,34.565192],[135.603767,34.565902],[135.608077,34.565902],[135.609801,34.565902],[135.611525,34.565902],[135.611525,34.565192],[135.612387,34.564482],[135.613249,34.564482],[135.614111,34.563772],[135.614973,34.563062],[135.614973,34.562352],[135.616697,34.562352],[135.616697,34.563062],[135.616697,34.563772],[135.618421,34.563772],[135.619283,34.563062],[135.619283,34.563772],[135.621869,34.564482],[135.621869,34.560223],[135.621007,34.558803],[135.622731,34.559513],[135.622731,34.557383],[135.622731,34.555253],[135.621869,34.553123],[135.621869,34.551703],[135.621869,34.550993],[135.622731,34.550993],[135.623593,34.551703],[135.624455,34.551703],[135.624455,34.552413],[135.624455,34.553123],[135.624455,34.553833],[135.625317,34.553833],[135.627041,34.553123],[135.627903,34.553123],[135.629627,34.553123],[135.628765,34.552413],[135.629627,34.552413],[135.629627,34.551703],[135.629627,34.552413],[135.629627,34.553123],[135.631351,34.554543],[135.632214,34.554543],[135.633076,34.555963],[135.633938,34.556673],[135.6348,34.556673],[135.633938,34.555253],[135.6348,34.555963],[135.635662,34.555963],[135.6348,34.556673],[135.6348,34.557383],[135.635662,34.557383],[135.636524,34.557383],[135.637386,34.556673],[135.636524,34.555963],[135.637386,34.555253],[135.636524,34.555253],[135.636524,34.554543],[135.635662,34.553833],[135.636524,34.553123],[135.635662,34.553123],[135.636524,34.552413],[135.636524,34.551703],[135.636524,34.550993],[135.636524,34.549574],[135.638248,34.549574],[135.638248,34.548864],[135.63911,34.548864],[135.639972,34.548154],[135.640834,34.547444],[135.641696,34.547444],[135.641696,34.548154],[135.644282,34.548154],[135.645144,34.547444],[135.646006,34.547444],[135.646868,34.548154],[135.64773,34.548154],[135.649454,34.548154],[135.65204,34.548864],[135.65204,34.548154],[135.65204,34.547444],[135.652902,34.546733],[135.650316,34.545313],[135.650316,34.544603],[135.650316,34.543893],[135.650316,34.543183],[135.651178,34.542473],[135.65204,34.542473],[135.653764,34.541763],[135.653764,34.541053],[135.655488,34.541763],[135.65635,34.541763],[135.657212,34.542473],[135.657212,34.543183],[135.658074,34.543183],[135.658936,34.543893],[135.659798,34.543893],[135.658936,34.543183],[135.659798,34.542473],[135.659798,34.541053],[135.658936,34.540343],[135.65635,34.538923],[135.655488,34.537503],[135.655488,34.536793],[135.65204,34.533952],[135.651178,34.533242],[135.650316,34.533242],[135.649454,34.533242],[135.648592,34.533952],[135.646868,34.534662],[135.646006,34.533952],[135.645144,34.533242],[135.645144,34.531822],[135.644282,34.531822],[135.644282,34.531112],[135.64342,34.530402],[135.642558,34.530402],[135.642558,34.531112],[135.642558,34.530402],[135.640834,34.531112],[135.639972,34.531112],[135.63911,34.531112],[135.63911,34.530402],[135.638248,34.529691],[135.637386,34.528981],[135.636524,34.528271],[135.6348,34.526851],[135.633938,34.527561],[135.632214,34.526851],[135.631351,34.527561],[135.630489,34.52614],[135.632214,34.52543],[135.631351,34.52543],[135.630489,34.52614],[135.628765,34.52614],[135.628765,34.52472],[135.628765,34.52543],[135.627903,34.52543],[135.627041,34.52543],[135.626179,34.52543],[135.624455,34.52543],[135.623593,34.52543],[135.617559,34.52614],[135.615835,34.52614],[135.613249,34.52614],[135.612387,34.52614],[135.611525,34.526851],[135.610663,34.526851],[135.610663,34.529691],[135.605491,34.529691],[135.602905,34.529691],[135.601181,34.529691],[135.599457,34.528981],[135.598595,34.528981],[135.596871,34.529691],[135.596009,34.529691],[135.595147,34.529691],[135.595147,34.530402],[135.593423,34.529691],[135.592561,34.530402],[135.591699,34.530402],[135.590836,34.531112],[135.589974,34.532532],[135.587388,34.531822],[135.585664,34.532532],[135.584802,34.533242],[135.58394,34.533952],[135.582216,34.533952],[135.581354,34.535372],[135.582216,34.534662],[135.583078,34.533952],[135.582216,34.534662],[135.581354,34.535372],[135.581354,34.536083],[135.580492,34.537503],[135.580492,34.538213],[135.581354,34.537503],[135.581354,34.536793],[135.582216,34.536793],[135.582216,34.537503],[135.580492,34.538213],[135.580492,34.538923],[135.57963,34.539633],[135.578768,34.540343],[135.577906,34.541763],[135.577044,34.542473],[135.57532,34.543183],[135.574458,34.543893],[135.574458,34.544603],[135.57532,34.543893],[135.57532,34.544603],[135.57532,34.545313],[135.573596,34.546733],[135.573596,34.547444],[135.572734,34.546733],[135.572734,34.546023],[135.571872,34.546023],[135.571872,34.547444],[135.572734,34.548864],[135.57101,34.548864],[135.570148,34.548864],[135.570148,34.549574],[135.569286,34.548864],[135.567562,34.548864],[135.567562,34.550993],[135.567562,34.553123],[135.568424,34.553123],[135.568424,34.556673],[135.568424,34.557383],[135.568424,34.558803],[135.567562,34.560223],[135.567562,34.560223]],[[135.591699,34.563062],[135.591699,34.563772],[135.590836,34.563772],[135.590836,34.563062],[135.591699,34.563062],[135.591699,34.563062]],[[135.592561,34.562352],[135.594285,34.561642],[135.594285,34.562352],[135.594285,34.563062],[135.593423,34.563062],[135.592561,34.563062],[135.592561,34.562352],[135.592561,34.562352]]],[[[135.596009,34.558093],[135.596009,34.556673],[135.596009,34.557383],[135.596009,34.558093],[135.596009,34.558093]]]]}},{"type":"Feature","properties":{"kind":"muni","id":"27223","tier":"C","name":"門真市","parent":"門真市","note":"同守口,口碑中下"},"geometry":{"type":"Polygon","coordinates":[[[135.58394,34.722631],[135.58394,34.72334],[135.58394,34.724757],[135.58394,34.725465],[135.583078,34.726174],[135.582216,34.728299],[135.580492,34.729007],[135.57963,34.731133],[135.57963,34.731841],[135.578768,34.73255],[135.576182,34.733966],[135.577044,34.734675],[135.577044,34.735383],[135.576182,34.7368],[135.57532,34.737508],[135.574458,34.737508],[135.573596,34.737508],[135.57101,34.737508],[135.571872,34.739634],[135.571872,34.740342],[135.572734,34.74105],[135.573596,34.74105],[135.574458,34.740342],[135.57532,34.740342],[135.576182,34.740342],[135.577044,34.74105],[135.576182,34.741759],[135.577044,34.741759],[135.578768,34.743175],[135.57963,34.743884],[135.57963,34.744592],[135.580492,34.746009],[135.580492,34.746717],[135.57963,34.747425],[135.580492,34.747425],[135.581354,34.748134],[135.583078,34.747425],[135.584802,34.747425],[135.585664,34.747425],[135.586526,34.747425],[135.589112,34.746717],[135.590836,34.747425],[135.590836,34.748134],[135.591699,34.747425],[135.594285,34.746009],[135.595147,34.7453],[135.595147,34.746009],[135.596009,34.746009],[135.597733,34.7453],[135.598595,34.744592],[135.599457,34.7453],[135.602905,34.7453],[135.604629,34.7453],[135.604629,34.746009],[135.605491,34.747425],[135.606353,34.748134],[135.606353,34.748842],[135.607215,34.74955],[135.608077,34.748842],[135.608077,34.746717],[135.609801,34.747425],[135.610663,34.747425],[135.610663,34.746717],[135.611525,34.746009],[135.611525,34.7453],[135.612387,34.744592],[135.614973,34.743884],[135.618421,34.744592],[135.619283,34.743884],[135.620145,34.742467],[135.621007,34.74105],[135.621869,34.738925],[135.622731,34.737508],[135.622731,34.736092],[135.622731,34.735383],[135.621869,34.735383],[135.621007,34.734675],[135.621869,34.733966],[135.621007,34.733258],[135.621869,34.731841],[135.621869,34.731133],[135.621007,34.730424],[135.621007,34.729007],[135.621007,34.72759],[135.621869,34.726882],[135.621869,34.726174],[135.621869,34.725465],[135.623593,34.724048],[135.624455,34.722631],[135.624455,34.721923],[135.624455,34.721214],[135.622731,34.721214],[135.621869,34.721214],[135.621007,34.721214],[135.621007,34.720505],[135.620145,34.719797],[135.620145,34.719088],[135.618421,34.719088],[135.616697,34.720505],[135.615835,34.720505],[135.614973,34.719797],[135.613249,34.720505],[135.611525,34.720505],[135.610663,34.721923],[135.608939,34.721923],[135.608077,34.721923],[135.608077,34.719797],[135.607215,34.719088],[135.607215,34.71838],[135.606353,34.71838],[135.603767,34.716963],[135.602043,34.715546],[135.599457,34.714837],[135.599457,34.714128],[135.598595,34.714128],[135.596009,34.714128],[135.593423,34.71342],[135.590836,34.714128],[135.589974,34.71342],[135.589112,34.71342],[135.587388,34.712711],[135.587388,34.710585],[135.586526,34.711294],[135.585664,34.711294],[135.585664,34.712711],[135.586526,34.714128],[135.586526,34.715546],[135.587388,34.716254],[135.587388,34.717671],[135.587388,34.71838],[135.587388,34.719088],[135.587388,34.719797],[135.586526,34.719797],[135.586526,34.720505],[135.587388,34.720505],[135.586526,34.721214],[135.585664,34.721923],[135.584802,34.721923],[135.58394,34.722631],[135.58394,34.722631]]]}},{"type":"Feature","properties":{"kind":"muni","id":"27224","tier":"B","name":"摂津市","parent":"摂津市","note":"千里丘,性价比好"},"geometry":{"type":"Polygon","coordinates":[[[135.549459,34.768671],[135.550321,34.768671],[135.551184,34.768671],[135.551184,34.76938],[135.550321,34.770088],[135.550321,34.770796],[135.548597,34.77292],[135.546011,34.775752],[135.545149,34.777168],[135.542563,34.779293],[135.540839,34.782833],[135.538253,34.784957],[135.537391,34.784957],[135.536529,34.786372],[135.536529,34.78708],[135.538253,34.787788],[135.537391,34.788496],[135.538253,34.788496],[135.539115,34.788496],[135.539977,34.789204],[135.539977,34.788496],[135.540839,34.787788],[135.541701,34.787788],[135.543425,34.789204],[135.544287,34.789912],[135.546873,34.791328],[135.547735,34.792036],[135.549459,34.792744],[135.550321,34.792744],[135.551184,34.793452],[135.552046,34.79416],[135.552908,34.79416],[135.552908,34.793452],[135.55377,34.793452],[135.554632,34.793452],[135.555494,34.792744],[135.555494,34.792036],[135.555494,34.791328],[135.557218,34.791328],[135.558942,34.791328],[135.558942,34.792036],[135.558942,34.792744],[135.560666,34.792744],[135.561528,34.792744],[135.56239,34.792744],[135.56239,34.792036],[135.56239,34.79062],[135.56239,34.789912],[135.56239,34.788496],[135.563252,34.787788],[135.563252,34.788496],[135.563252,34.786372],[135.563252,34.785665],[135.56239,34.783541],[135.56239,34.782833],[135.5667,34.784957],[135.568424,34.785665],[135.568424,34.784957],[135.568424,34.784249],[135.568424,34.783541],[135.567562,34.781417],[135.568424,34.779293],[135.567562,34.777876],[135.564976,34.77646],[135.5667,34.775044],[135.568424,34.77646],[135.570148,34.77646],[135.57101,34.777168],[135.571872,34.777168],[135.571872,34.777876],[135.573596,34.779293],[135.574458,34.780709],[135.57532,34.782125],[135.576182,34.782833],[135.577044,34.783541],[135.577906,34.784249],[135.578768,34.784957],[135.57963,34.784957],[135.582216,34.786372],[135.584802,34.788496],[135.587388,34.791328],[135.587388,34.792744],[135.58825,34.793452],[135.589974,34.793452],[135.590836,34.794868],[135.592561,34.795576],[135.594285,34.796283],[135.595147,34.797699],[135.596009,34.797699],[135.597733,34.799115],[135.597733,34.798407],[135.598595,34.798407],[135.598595,34.797699],[135.597733,34.796991],[135.598595,34.797699],[135.598595,34.796283],[135.598595,34.794868],[135.598595,34.793452],[135.598595,34.792744],[135.598595,34.791328],[135.598595,34.79062],[135.598595,34.789204],[135.598595,34.788496],[135.598595,34.78708],[135.597733,34.785665],[135.598595,34.785665],[135.598595,34.784957],[135.599457,34.784957],[135.599457,34.784249],[135.600319,34.784249],[135.599457,34.783541],[135.602043,34.780001],[135.601181,34.779293],[135.600319,34.777876],[135.597733,34.775752],[135.595147,34.773628],[135.593423,34.77292],[135.591699,34.771504],[135.587388,34.767963],[135.584802,34.765839],[135.582216,34.763006],[135.578768,34.760882],[135.577044,34.758757],[135.576182,34.758757],[135.57532,34.758049],[135.573596,34.758049],[135.571872,34.757341],[135.569286,34.757341],[135.565838,34.756633],[135.564114,34.755924],[135.56239,34.755216],[135.559804,34.7538],[135.557218,34.755924],[135.556356,34.755924],[135.555494,34.755216],[135.554632,34.755216],[135.55377,34.755216],[135.552908,34.755924],[135.554632,34.755924],[135.555494,34.755924],[135.555494,34.756633],[135.552046,34.757341],[135.551184,34.758049],[135.551184,34.758757],[135.550321,34.758757],[135.550321,34.759465],[135.551184,34.759465],[135.550321,34.760174],[135.550321,34.760882],[135.550321,34.762298],[135.551184,34.763714],[135.550321,34.764423],[135.549459,34.765131],[135.549459,34.765839],[135.551184,34.764423],[135.551184,34.765839],[135.551184,34.767255],[135.550321,34.767963],[135.549459,34.768671],[135.549459,34.768671]]]}},{"type":"Feature","properties":{"kind":"muni","id":"27225","tier":"B","name":"高石市","parent":"高石市","note":"羽衣,南海+JR"},"geometry":{"type":"MultiPolygon","coordinates":[[[[135.428776,34.514777],[135.427052,34.512646],[135.423604,34.515487],[135.424466,34.516197],[135.423604,34.516197],[135.424466,34.516907],[135.423604,34.516907],[135.422742,34.516907],[135.42188,34.518328],[135.421018,34.518328],[135.419294,34.519038],[135.418432,34.519038],[135.418432,34.519749],[135.419294,34.520459],[135.422742,34.5233],[135.425328,34.52614],[135.42619,34.526851],[135.429638,34.530402],[135.429638,34.529691],[135.430501,34.529691],[135.431363,34.531112],[135.432225,34.531112],[135.432225,34.531822],[135.432225,34.532532],[135.434811,34.536793],[135.437397,34.541053],[135.439121,34.540343],[135.438259,34.538923],[135.439983,34.538923],[135.441707,34.538923],[135.443431,34.538213],[135.445155,34.537503],[135.445155,34.536793],[135.446017,34.536793],[135.446017,34.536083],[135.445155,34.535372],[135.446017,34.535372],[135.446879,34.536083],[135.446017,34.535372],[135.446879,34.536083],[135.446017,34.535372],[135.446879,34.534662],[135.446879,34.533952],[135.447741,34.533952],[135.448603,34.533952],[135.447741,34.533242],[135.446879,34.532532],[135.446879,34.531822],[135.446017,34.531112],[135.446879,34.531112],[135.446879,34.530402],[135.448603,34.530402],[135.450327,34.529691],[135.451189,34.530402],[135.451189,34.529691],[135.450327,34.528981],[135.448603,34.529691],[135.447741,34.529691],[135.447741,34.528981],[135.447741,34.528271],[135.446879,34.528271],[135.446879,34.526851],[135.446017,34.526851],[135.446879,34.52614],[135.447741,34.52614],[135.448603,34.52543],[135.450327,34.52543],[135.451189,34.52543],[135.451189,34.52472],[135.452913,34.52472],[135.453775,34.52543],[135.454637,34.52472],[135.454637,34.52401],[135.455499,34.52401],[135.455499,34.52472],[135.456361,34.52472],[135.456361,34.5233],[135.456361,34.522589],[135.457223,34.522589],[135.457223,34.521879],[135.458085,34.521879],[135.457223,34.520459],[135.458947,34.520459],[135.459809,34.519749],[135.459809,34.519038],[135.459809,34.518328],[135.458085,34.518328],[135.457223,34.516907],[135.457223,34.516197],[135.456361,34.516197],[135.454637,34.516907],[135.454637,34.516197],[135.453775,34.515487],[135.454637,34.515487],[135.454637,34.514777],[135.453775,34.514777],[135.453775,34.514066],[135.453775,34.513356],[135.453775,34.512646],[135.452913,34.511935],[135.452051,34.511935],[135.452051,34.512646],[135.451189,34.513356],[135.451189,34.514066],[135.450327,34.514066],[135.447741,34.511225],[135.446879,34.511935],[135.446017,34.511935],[135.445155,34.511225],[135.444293,34.511225],[135.445155,34.511935],[135.444293,34.511225],[135.440845,34.513356],[135.439983,34.512646],[135.439983,34.513356],[135.438259,34.514066],[135.437397,34.514066],[135.436535,34.514066],[135.436535,34.513356],[135.436535,34.514066],[135.436535,34.514777],[135.435673,34.514777],[135.436535,34.514066],[135.435673,34.514777],[135.435673,34.514066],[135.434811,34.514066],[135.433949,34.514777],[135.433949,34.514066],[135.432225,34.514777],[135.433087,34.514777],[135.433087,34.515487],[135.431363,34.516907],[135.428776,34.514777],[135.428776,34.514777]]],[[[135.393434,34.531112],[135.398606,34.52614],[135.401192,34.527561],[135.396882,34.532532],[135.394296,34.532532],[135.393434,34.531112],[135.393434,34.531112]]],[[[135.405502,34.547444],[135.40895,34.546023],[135.40895,34.544603],[135.412398,34.543183],[135.411536,34.541763],[135.412398,34.541053],[135.420156,34.538213],[135.422742,34.541763],[135.42188,34.541763],[135.424466,34.545313],[135.425328,34.545313],[135.42619,34.547444],[135.436535,34.542473],[135.434811,34.539633],[135.430501,34.533952],[135.425328,34.528981],[135.421018,34.52472],[135.420156,34.52472],[135.41757,34.52401],[135.416708,34.52472],[135.415846,34.52472],[135.41757,34.52401],[135.415846,34.52472],[135.416708,34.52472],[135.414984,34.52543],[135.414984,34.52472],[135.414122,34.52543],[135.414122,34.52614],[135.412398,34.526851],[135.40464,34.530402],[135.407226,34.535372],[135.40464,34.536083],[135.401192,34.533952],[135.399468,34.536793],[135.402054,34.541053],[135.405502,34.547444],[135.405502,34.547444]]]]}},{"type":"Feature","properties":{"kind":"muni","id":"27226","tier":"B","name":"藤井寺市","parent":"藤井寺市","note":"近铁南大阪线,普通"},"geometry":{"type":"MultiPolygon","coordinates":[[[[135.581354,34.582227],[135.581354,34.582936],[135.582216,34.582936],[135.582216,34.584356],[135.58394,34.584356],[135.58394,34.585066],[135.583078,34.585066],[135.582216,34.585066],[135.582216,34.587195],[135.58394,34.587195],[135.58394,34.587904],[135.584802,34.587904],[135.584802,34.588614],[135.585664,34.588614],[135.585664,34.589324],[135.587388,34.588614],[135.586526,34.587904],[135.586526,34.587195],[135.587388,34.587195],[135.587388,34.585775],[135.58825,34.585775],[135.589974,34.585775],[135.590836,34.585775],[135.591699,34.587195],[135.591699,34.586485],[135.591699,34.585775],[135.591699,34.585066],[135.593423,34.585066],[135.593423,34.585775],[135.596009,34.585066],[135.596871,34.585066],[135.596871,34.585775],[135.599457,34.585775],[135.599457,34.586485],[135.600319,34.585775],[135.601181,34.585775],[135.601181,34.585066],[135.601181,34.583646],[135.604629,34.583646],[135.605491,34.583646],[135.605491,34.586485],[135.606353,34.585775],[135.606353,34.587195],[135.607215,34.587195],[135.607215,34.587904],[135.608939,34.587904],[135.608939,34.589324],[135.611525,34.589324],[135.611525,34.587904],[135.614973,34.587904],[135.614973,34.585066],[135.615835,34.585066],[135.615835,34.584356],[135.616697,34.584356],[135.616697,34.582936],[135.618421,34.582936],[135.618421,34.581517],[135.622731,34.580807],[135.625317,34.580098],[135.626179,34.579388],[135.627041,34.578678],[135.627903,34.577259],[135.627903,34.576549],[135.627903,34.575839],[135.626179,34.575129],[135.625317,34.575129],[135.623593,34.573],[135.623593,34.57158],[135.621869,34.569451],[135.621869,34.568031],[135.621869,34.564482],[135.619283,34.563772],[135.619283,34.563062],[135.618421,34.563772],[135.616697,34.563772],[135.616697,34.563062],[135.616697,34.562352],[135.614973,34.562352],[135.614973,34.563062],[135.614111,34.563772],[135.613249,34.564482],[135.612387,34.564482],[135.611525,34.565192],[135.611525,34.565902],[135.609801,34.565902],[135.608077,34.565902],[135.603767,34.565902],[135.604629,34.565192],[135.604629,34.564482],[135.604629,34.563772],[135.605491,34.563062],[135.605491,34.562352],[135.606353,34.560933],[135.605491,34.560933],[135.605491,34.560223],[135.605491,34.559513],[135.605491,34.558803],[135.605491,34.558093],[135.604629,34.558093],[135.602905,34.558093],[135.602905,34.556673],[135.603767,34.555963],[135.602905,34.555963],[135.602043,34.555253],[135.601181,34.554543],[135.602043,34.553833],[135.599457,34.554543],[135.598595,34.555253],[135.598595,34.554543],[135.597733,34.554543],[135.596871,34.554543],[135.596871,34.555253],[135.596009,34.556673],[135.596871,34.557383],[135.596009,34.557383],[135.596009,34.558803],[135.596871,34.558803],[135.596009,34.560933],[135.596009,34.561642],[135.595147,34.561642],[135.596009,34.561642],[135.596009,34.563772],[135.595147,34.563772],[135.595147,34.563062],[135.591699,34.563772],[135.591699,34.564482],[135.591699,34.565192],[135.591699,34.565902],[135.590836,34.566612],[135.590836,34.567321],[135.589974,34.568741],[135.58825,34.568741],[135.589974,34.568031],[135.589974,34.567321],[135.589112,34.568031],[135.58825,34.568741],[135.58825,34.569451],[135.58825,34.570161],[135.587388,34.57158],[135.587388,34.573],[135.587388,34.57442],[135.587388,34.575839],[135.587388,34.576549],[135.58825,34.577259],[135.586526,34.577259],[135.585664,34.577259],[135.586526,34.577968],[135.585664,34.577968],[135.585664,34.578678],[135.585664,34.579388],[135.585664,34.580098],[135.585664,34.581517],[135.584802,34.581517],[135.583078,34.580807],[135.58394,34.582227],[135.582216,34.582227],[135.582216,34.580807],[135.581354,34.580807],[135.581354,34.582227],[135.581354,34.582227]],[[135.596009,34.558093],[135.596009,34.556673],[135.596009,34.557383],[135.596009,34.558093],[135.596009,34.558093]]],[[[135.592561,34.562352],[135.594285,34.561642],[135.594285,34.562352],[135.594285,34.563062],[135.593423,34.563062],[135.592561,34.563062],[135.592561,34.562352],[135.592561,34.562352]]],[[[135.591699,34.563062],[135.591699,34.563772],[135.590836,34.563772],[135.590836,34.563062],[135.591699,34.563062],[135.591699,34.563062]]]]}},{"type":"Feature","properties":{"kind":"muni","id":"27228","tier":"C","name":"泉南市","parent":"泉南市","note":"通勤市区太远"},"geometry":{"type":"MultiPolygon","coordinates":[[[[135.250338,34.375444],[135.249476,34.376155],[135.249476,34.376867],[135.250338,34.376867],[135.252062,34.376867],[135.252924,34.37829],[135.257234,34.381847],[135.257234,34.381135],[135.258096,34.380424],[135.258958,34.381135],[135.25982,34.380424],[135.261544,34.380424],[135.263268,34.380424],[135.26413,34.381135],[135.264992,34.382558],[135.266716,34.383981],[135.267578,34.384693],[135.26844,34.385404],[135.269302,34.386115],[135.270165,34.386827],[135.272751,34.388961],[135.272751,34.389672],[135.271889,34.389672],[135.274475,34.391806],[135.272751,34.390383],[135.273613,34.389672],[135.274475,34.390383],[135.274475,34.391095],[135.275337,34.390383],[135.277923,34.388961],[135.277923,34.389672],[135.277061,34.390383],[135.277923,34.391095],[135.277061,34.391806],[135.277061,34.390383],[135.276199,34.390383],[135.277061,34.392518],[135.277923,34.393229],[135.279647,34.39394],[135.279647,34.394651],[135.279647,34.395363],[135.282233,34.393229],[135.283957,34.391095],[135.282233,34.390383],[135.281371,34.389672],[135.283095,34.387538],[135.285681,34.383981],[135.286543,34.384693],[135.287405,34.385404],[135.288267,34.384693],[135.289129,34.383981],[135.289129,34.38327],[135.289991,34.382558],[135.289991,34.381847],[135.287405,34.380424],[135.288267,34.379001],[135.289991,34.379001],[135.290853,34.379001],[135.293439,34.379713],[135.293439,34.379001],[135.294301,34.379001],[135.296025,34.379713],[135.296887,34.380424],[135.296025,34.380424],[135.296887,34.381135],[135.298611,34.381847],[135.297749,34.381135],[135.299473,34.381135],[135.300335,34.381135],[135.301197,34.380424],[135.301197,34.381135],[135.302921,34.381135],[135.303783,34.381847],[135.304645,34.381847],[135.305507,34.381847],[135.307231,34.381135],[135.308093,34.380424],[135.309818,34.380424],[135.309818,34.379001],[135.31068,34.377578],[135.311542,34.376867],[135.312404,34.376867],[135.311542,34.376867],[135.313266,34.376155],[135.313266,34.376867],[135.315852,34.374021],[135.31499,34.374021],[135.315852,34.372598],[135.316714,34.371886],[135.317576,34.371886],[135.317576,34.371175],[135.3193,34.370463],[135.3193,34.36904],[135.320162,34.36904],[135.320162,34.367617],[135.321024,34.366906],[135.321024,34.366194],[135.321024,34.365483],[135.321886,34.365483],[135.321886,34.364771],[135.321886,34.36406],[135.322748,34.363348],[135.32361,34.363348],[135.32361,34.362636],[135.32361,34.360502],[135.322748,34.359078],[135.322748,34.358367],[135.322748,34.356232],[135.322748,34.35552],[135.322748,34.354809],[135.32361,34.354097],[135.324472,34.353385],[135.324472,34.351962],[135.325334,34.35125],[135.326196,34.350539],[135.327058,34.350539],[135.327058,34.349827],[135.327058,34.348403],[135.327058,34.347692],[135.327058,34.34698],[135.32792,34.346268],[135.328782,34.345557],[135.329644,34.343421],[135.328782,34.341998],[135.329644,34.340574],[135.330506,34.339863],[135.331368,34.340574],[135.331368,34.341286],[135.33223,34.341286],[135.333092,34.341998],[135.334816,34.341998],[135.334816,34.341286],[135.335678,34.341286],[135.33654,34.341998],[135.337402,34.341286],[135.338264,34.341286],[135.339126,34.341286],[135.339126,34.339863],[135.339988,34.339151],[135.339988,34.337727],[135.34085,34.337015],[135.339988,34.336304],[135.339126,34.33488],[135.337402,34.33488],[135.338264,34.334168],[135.339126,34.334168],[135.339126,34.332745],[135.339126,34.332033],[135.339126,34.331321],[135.339126,34.329897],[135.339126,34.329185],[135.338264,34.328473],[135.33654,34.327762],[135.33654,34.32705],[135.335678,34.326338],[135.334816,34.326338],[135.334816,34.325626],[135.333954,34.325626],[135.333092,34.325626],[135.33223,34.325626],[135.330506,34.324914],[135.329644,34.324202],[135.328782,34.324202],[135.32792,34.324202],[135.32792,34.32349],[135.328782,34.322066],[135.328782,34.321354],[135.329644,34.321354],[135.330506,34.31993],[135.331368,34.31993],[135.331368,34.319219],[135.330506,34.319219],[135.330506,34.317795],[135.330506,34.317083],[135.328782,34.318507],[135.327058,34.319219],[135.324472,34.319219],[135.322748,34.318507],[135.321886,34.317795],[135.321024,34.317795],[135.320162,34.317083],[135.318438,34.316371],[135.317576,34.315659],[135.316714,34.315659],[135.315852,34.315659],[135.31499,34.314947],[135.314128,34.314947],[135.313266,34.314235],[135.311542,34.314235],[135.311542,34.313523],[135.309818,34.313523],[135.308955,34.313523],[135.308093,34.314235],[135.307231,34.314947],[135.306369,34.314235],[135.305507,34.314235],[135.303783,34.313523],[135.304645,34.312099],[135.304645,34.311387],[135.304645,34.309963],[135.303783,34.309251],[135.302921,34.306402],[135.302921,34.304978],[135.302921,34.304266],[135.302059,34.304266],[135.301197,34.303554],[135.301197,34.302842],[135.301197,34.30213],[135.299473,34.30213],[135.298611,34.302842],[135.298611,34.30213],[135.298611,34.301418],[135.297749,34.300706],[135.296025,34.301418],[135.296025,34.299994],[135.295163,34.300706],[135.294301,34.299994],[135.293439,34.299994],[135.293439,34.299282],[135.292577,34.299282],[135.291715,34.299282],[135.291715,34.299994],[135.290853,34.300706],[135.289991,34.301418],[135.289991,34.30213],[135.289991,34.302842],[135.289129,34.303554],[135.288267,34.304978],[135.288267,34.306402],[135.287405,34.306402],[135.286543,34.308539],[135.286543,34.309251],[135.285681,34.310675],[135.287405,34.312099],[135.285681,34.314235],[135.284819,34.315659],[135.284819,34.316371],[135.283095,34.317083],[135.282233,34.317795],[135.281371,34.319219],[135.280509,34.321354],[135.280509,34.32349],[135.280509,34.324202],[135.280509,34.325626],[135.278785,34.32705],[135.277061,34.329185],[135.275337,34.329897],[135.275337,34.330609],[135.273613,34.331321],[135.272751,34.332033],[135.272751,34.333456],[135.271889,34.33488],[135.271027,34.336304],[135.270165,34.336304],[135.269302,34.337727],[135.269302,34.339151],[135.26844,34.339151],[135.26844,34.339863],[135.267578,34.339863],[135.267578,34.340574],[135.267578,34.341286],[135.267578,34.341998],[135.267578,34.34271],[135.267578,34.343421],[135.266716,34.343421],[135.265854,34.344133],[135.265854,34.344845],[135.264992,34.346268],[135.264992,34.34698],[135.261544,34.35125],[135.261544,34.352674],[135.260682,34.353385],[135.25982,34.354809],[135.25982,34.356232],[135.25982,34.356943],[135.258958,34.357655],[135.258096,34.358367],[135.257234,34.359078],[135.25551,34.359078],[135.254648,34.359078],[135.253786,34.35979],[135.252062,34.360502],[135.2512,34.361925],[135.250338,34.362636],[135.249476,34.36406],[135.249476,34.365483],[135.249476,34.366906],[135.249476,34.36904],[135.249476,34.369752],[135.250338,34.371886],[135.2512,34.371175],[135.252062,34.373309],[135.250338,34.373309],[135.250338,34.374732],[135.2512,34.374732],[135.252062,34.374021],[135.252062,34.373309],[135.252924,34.373309],[135.253786,34.374021],[135.252062,34.374732],[135.250338,34.375444],[135.250338,34.375444]],[[135.301197,34.35125],[135.300335,34.35125],[135.299473,34.351962],[135.299473,34.35125],[135.299473,34.351962],[135.298611,34.351962],[135.298611,34.352674],[135.297749,34.353385],[135.296025,34.354097],[135.296025,34.354809],[135.296025,34.35552],[135.296887,34.354809],[135.298611,34.354097],[135.299473,34.354809],[135.298611,34.353385],[135.299473,34.353385],[135.299473,34.352674],[135.301197,34.353385],[135.301197,34.352674],[135.301197,34.351962],[135.301197,34.35125],[135.301197,34.35125]]],[[[135.230512,34.429498],[135.239994,34.423099],[135.235684,34.419544],[135.236546,34.418833],[135.237408,34.418833],[135.237408,34.418121],[135.239132,34.419544],[135.236546,34.418121],[135.235684,34.41741],[135.236546,34.418121],[135.235684,34.419544],[135.23396,34.418121],[135.231374,34.415988],[135.227925,34.413144],[135.219305,34.422388],[135.227063,34.428076],[135.227925,34.428076],[135.230512,34.429498],[135.22965,34.430209],[135.230512,34.429498],[135.230512,34.429498]]],[[[135.218443,34.438741],[135.228787,34.43092],[135.225339,34.428787],[135.221891,34.433764],[135.214133,34.428076],[135.206375,34.423099],[135.208961,34.420255],[135.206375,34.423099],[135.202927,34.426654],[135.198617,34.423099],[135.198617,34.42381],[135.202927,34.426654],[135.201203,34.428076],[135.204651,34.43092],[135.208099,34.431631],[135.218443,34.438741],[135.218443,34.438741]]]]}},{"type":"Feature","properties":{"kind":"muni","id":"27229","tier":"B","name":"四條畷市","parent":"四條畷市","note":"忍ヶ丘,郊外安静"},"geometry":{"type":"Polygon","coordinates":[[[135.632214,34.731841],[135.631351,34.731841],[135.631351,34.73255],[135.630489,34.733258],[135.630489,34.733966],[135.628765,34.733966],[135.629627,34.733966],[135.628765,34.733966],[135.627041,34.733966],[135.626179,34.733966],[135.627041,34.733966],[135.627903,34.733966],[135.628765,34.733966],[135.627041,34.734675],[135.626179,34.733966],[135.624455,34.733966],[135.624455,34.736092],[135.625317,34.736092],[135.626179,34.7368],[135.626179,34.738217],[135.626179,34.738925],[135.625317,34.739634],[135.626179,34.740342],[135.626179,34.74105],[135.626179,34.7453],[135.627903,34.7453],[135.627903,34.746009],[135.628765,34.746009],[135.628765,34.746717],[135.630489,34.746717],[135.630489,34.750258],[135.633938,34.74955],[135.636524,34.74955],[135.638248,34.750258],[135.63911,34.74955],[135.639972,34.74955],[135.640834,34.74955],[135.642558,34.74955],[135.644282,34.74955],[135.646868,34.74955],[135.64773,34.74955],[135.648592,34.74955],[135.650316,34.748842],[135.650316,34.74955],[135.651178,34.74955],[135.65204,34.748842],[135.652902,34.747425],[135.653764,34.747425],[135.654626,34.746717],[135.655488,34.746717],[135.65635,34.746717],[135.658074,34.746009],[135.658074,34.746717],[135.657212,34.746717],[135.657212,34.747425],[135.65635,34.748134],[135.657212,34.748842],[135.658074,34.748842],[135.659798,34.748842],[135.658936,34.74955],[135.659798,34.750258],[135.66066,34.74955],[135.661522,34.748842],[135.662384,34.748842],[135.663246,34.74955],[135.663246,34.748842],[135.664108,34.748134],[135.66497,34.747425],[135.665832,34.746009],[135.667556,34.746009],[135.668418,34.746009],[135.668418,34.744592],[135.66928,34.744592],[135.670142,34.744592],[135.671004,34.7453],[135.671004,34.746009],[135.671867,34.746717],[135.672729,34.746717],[135.672729,34.7453],[135.673591,34.744592],[135.674453,34.744592],[135.675315,34.744592],[135.675315,34.7453],[135.676177,34.744592],[135.677039,34.743884],[135.677039,34.744592],[135.677901,34.744592],[135.678763,34.744592],[135.679625,34.743175],[135.680487,34.743884],[135.681349,34.7453],[135.682211,34.7453],[135.683073,34.7453],[135.683073,34.743884],[135.683073,34.742467],[135.683935,34.742467],[135.684797,34.741759],[135.685659,34.742467],[135.685659,34.743175],[135.686521,34.743175],[135.687383,34.743884],[135.689107,34.743884],[135.689107,34.744592],[135.689969,34.744592],[135.690831,34.743884],[135.691693,34.743884],[135.692555,34.743175],[135.693417,34.743175],[135.694279,34.743175],[135.695141,34.743175],[135.696003,34.743884],[135.696865,34.743884],[135.697727,34.742467],[135.696865,34.741759],[135.697727,34.74105],[135.697727,34.740342],[135.697727,34.739634],[135.699451,34.737508],[135.699451,34.7368],[135.700313,34.736092],[135.700313,34.734675],[135.700313,34.733966],[135.700313,34.733258],[135.700313,34.73255],[135.701175,34.730424],[135.701175,34.729007],[135.702037,34.728299],[135.702037,34.72759],[135.702037,34.726174],[135.702899,34.726174],[135.702899,34.724757],[135.703761,34.724757],[135.704623,34.724048],[135.703761,34.72334],[135.702899,34.72334],[135.702037,34.721923],[135.701175,34.721923],[135.700313,34.721214],[135.700313,34.721923],[135.699451,34.721214],[135.698589,34.721214],[135.697727,34.721214],[135.696865,34.719797],[135.696003,34.719088],[135.695141,34.71838],[135.695141,34.717671],[135.694279,34.716963],[135.692555,34.715546],[135.690831,34.715546],[135.690831,34.714837],[135.689969,34.71342],[135.689107,34.71342],[135.687383,34.712003],[135.687383,34.711294],[135.686521,34.712003],[135.686521,34.711294],[135.685659,34.711294],[135.684797,34.711294],[135.683935,34.711294],[135.683073,34.711294],[135.681349,34.709877],[135.680487,34.709168],[135.679625,34.707751],[135.678763,34.707042],[135.678763,34.706334],[135.677901,34.706334],[135.677039,34.704916],[135.677039,34.704208],[135.676177,34.703499],[135.675315,34.704208],[135.675315,34.703499],[135.675315,34.70279],[135.674453,34.702082],[135.673591,34.702082],[135.673591,34.70279],[135.673591,34.703499],[135.672729,34.704208],[135.673591,34.704208],[135.673591,34.704916],[135.673591,34.705625],[135.674453,34.706334],[135.674453,34.707042],[135.674453,34.707751],[135.674453,34.709168],[135.674453,34.709877],[135.674453,34.710585],[135.675315,34.711294],[135.674453,34.712003],[135.674453,34.712711],[135.673591,34.71342],[135.673591,34.714837],[135.672729,34.715546],[135.672729,34.716254],[135.671004,34.716254],[135.670142,34.716254],[135.668418,34.716254],[135.668418,34.716963],[135.667556,34.717671],[135.666694,34.71838],[135.66497,34.71838],[135.664108,34.719088],[135.662384,34.719088],[135.661522,34.719797],[135.66066,34.719797],[135.659798,34.720505],[135.659798,34.721214],[135.658074,34.721923],[135.657212,34.721923],[135.657212,34.722631],[135.65635,34.722631],[135.65635,34.72334],[135.65635,34.724048],[135.657212,34.724757],[135.65635,34.726174],[135.65635,34.72759],[135.654626,34.72759],[135.653764,34.726882],[135.653764,34.72759],[135.651178,34.729716],[135.650316,34.729716],[135.648592,34.731133],[135.64773,34.731133],[135.64773,34.731841],[135.644282,34.731841],[135.641696,34.731841],[135.640834,34.73255],[135.640834,34.731841],[135.636524,34.731841],[135.633938,34.731841],[135.632214,34.731841],[135.632214,34.731841]]]}},{"type":"Feature","properties":{"kind":"muni","id":"27230","tier":"B","name":"交野市","parent":"交野市","note":"绿化好的睡城,无车稍不便"},"geometry":{"type":"Polygon","coordinates":[[[135.659798,34.750258],[135.658936,34.752383],[135.659798,34.752383],[135.66066,34.752383],[135.659798,34.752383],[135.658936,34.753091],[135.658074,34.7538],[135.658074,34.754508],[135.658936,34.755216],[135.658074,34.755924],[135.658074,34.757341],[135.658936,34.757341],[135.659798,34.758049],[135.658936,34.759465],[135.659798,34.760882],[135.659798,34.76159],[135.66066,34.762298],[135.66066,34.764423],[135.661522,34.765131],[135.661522,34.766547],[135.662384,34.766547],[135.662384,34.767255],[135.662384,34.768671],[135.661522,34.770088],[135.66066,34.772212],[135.659798,34.773628],[135.659798,34.775044],[135.661522,34.775752],[135.662384,34.77646],[135.665832,34.77646],[135.666694,34.77646],[135.667556,34.77646],[135.668418,34.777168],[135.66928,34.777876],[135.670142,34.777876],[135.670142,34.778585],[135.671867,34.778585],[135.671867,34.779293],[135.671004,34.781417],[135.671004,34.782125],[135.670142,34.784249],[135.670142,34.784957],[135.670142,34.785665],[135.671867,34.785665],[135.671004,34.787788],[135.670142,34.788496],[135.66928,34.789912],[135.66928,34.791328],[135.668418,34.792036],[135.66497,34.794868],[135.664108,34.795576],[135.66497,34.795576],[135.666694,34.795576],[135.666694,34.796283],[135.665832,34.797699],[135.667556,34.798407],[135.670142,34.798407],[135.670142,34.799115],[135.673591,34.799115],[135.673591,34.799823],[135.673591,34.800531],[135.674453,34.801238],[135.673591,34.801946],[135.674453,34.801946],[135.675315,34.801238],[135.676177,34.802654],[135.676177,34.803362],[135.677039,34.803362],[135.677039,34.802654],[135.677901,34.801946],[135.678763,34.801946],[135.679625,34.802654],[135.680487,34.801238],[135.681349,34.801238],[135.681349,34.800531],[135.682211,34.799823],[135.683073,34.799823],[135.684797,34.800531],[135.685659,34.800531],[135.686521,34.800531],[135.686521,34.799823],[135.687383,34.799115],[135.688245,34.799823],[135.689969,34.799823],[135.691693,34.800531],[135.693417,34.800531],[135.696003,34.800531],[135.696865,34.799823],[135.699451,34.799823],[135.700313,34.799115],[135.702037,34.799115],[135.702899,34.799115],[135.705485,34.798407],[135.706347,34.798407],[135.707209,34.798407],[135.708071,34.798407],[135.708933,34.797699],[135.708933,34.796991],[135.708933,34.795576],[135.709795,34.795576],[135.710657,34.794868],[135.712382,34.794868],[135.713244,34.79416],[135.714968,34.79416],[135.714968,34.792036],[135.714968,34.79062],[135.714106,34.79062],[135.71583,34.789912],[135.71583,34.789204],[135.716692,34.788496],[135.71583,34.787788],[135.716692,34.78708],[135.716692,34.785665],[135.71583,34.784957],[135.714968,34.782833],[135.714106,34.782833],[135.713244,34.782833],[135.712382,34.782125],[135.711519,34.781417],[135.710657,34.780709],[135.709795,34.780709],[135.709795,34.780001],[135.709795,34.779293],[135.709795,34.777876],[135.709795,34.777168],[135.708933,34.77646],[135.708933,34.775044],[135.708071,34.775044],[135.707209,34.773628],[135.706347,34.772212],[135.707209,34.771504],[135.708933,34.772212],[135.709795,34.771504],[135.709795,34.770796],[135.708933,34.770088],[135.708933,34.76938],[135.708933,34.767963],[135.708071,34.766547],[135.708071,34.765839],[135.708933,34.765131],[135.709795,34.764423],[135.708933,34.763714],[135.708933,34.763006],[135.708071,34.762298],[135.708933,34.76159],[135.708071,34.76159],[135.709795,34.760882],[135.709795,34.759465],[135.708933,34.758757],[135.709795,34.758049],[135.709795,34.756633],[135.709795,34.754508],[135.709795,34.753091],[135.708071,34.752383],[135.708071,34.751675],[135.708071,34.750967],[135.707209,34.750967],[135.707209,34.750258],[135.707209,34.748842],[135.706347,34.748134],[135.705485,34.748134],[135.704623,34.748842],[135.704623,34.74955],[135.702037,34.750967],[135.701175,34.750967],[135.700313,34.750258],[135.699451,34.750258],[135.698589,34.748842],[135.697727,34.748134],[135.697727,34.747425],[135.698589,34.746717],[135.699451,34.746009],[135.699451,34.7453],[135.698589,34.744592],[135.697727,34.744592],[135.696865,34.743884],[135.696003,34.743884],[135.695141,34.743175],[135.694279,34.743175],[135.693417,34.743175],[135.692555,34.743175],[135.691693,34.743884],[135.690831,34.743884],[135.689969,34.744592],[135.689107,34.744592],[135.689107,34.743884],[135.687383,34.743884],[135.686521,34.743175],[135.685659,34.743175],[135.685659,34.742467],[135.684797,34.741759],[135.683935,34.742467],[135.683073,34.742467],[135.683073,34.743884],[135.683073,34.7453],[135.682211,34.7453],[135.681349,34.7453],[135.680487,34.743884],[135.679625,34.743175],[135.678763,34.744592],[135.677901,34.744592],[135.677039,34.744592],[135.677039,34.743884],[135.676177,34.744592],[135.675315,34.7453],[135.675315,34.744592],[135.674453,34.744592],[135.673591,34.744592],[135.672729,34.7453],[135.672729,34.746717],[135.671867,34.746717],[135.671004,34.746009],[135.671004,34.7453],[135.670142,34.744592],[135.66928,34.744592],[135.668418,34.744592],[135.668418,34.746009],[135.667556,34.746009],[135.665832,34.746009],[135.66497,34.747425],[135.664108,34.748134],[135.663246,34.748842],[135.663246,34.74955],[135.662384,34.748842],[135.661522,34.748842],[135.66066,34.74955],[135.659798,34.750258],[135.659798,34.750258]],[[135.662384,34.752383],[135.662384,34.750967],[135.661522,34.751675],[135.661522,34.752383],[135.662384,34.752383],[135.663246,34.753091],[135.663246,34.752383],[135.662384,34.752383],[135.662384,34.752383]]]}},{"type":"Feature","properties":{"kind":"muni","id":"27231","tier":"B","name":"大阪狭山市","parent":"大阪狭山市","note":"金剛,安静住宅口碑好"},"geometry":{"type":"Polygon","coordinates":[[[135.542563,34.466463],[135.541701,34.467174],[135.540839,34.467884],[135.539115,34.468595],[135.538253,34.469306],[135.538253,34.470016],[135.537391,34.472148],[135.537391,34.47357],[135.536529,34.47428],[135.536529,34.474991],[135.536529,34.477123],[135.536529,34.477833],[135.536529,34.478544],[135.536529,34.479255],[135.535667,34.479965],[135.535667,34.480676],[135.536529,34.481386],[135.536529,34.482097],[135.535667,34.483518],[135.536529,34.484229],[135.535667,34.484229],[135.536529,34.48565],[135.535667,34.48636],[135.534805,34.487071],[135.533943,34.487781],[135.534805,34.489202],[135.534805,34.490623],[135.533943,34.491334],[135.534805,34.492044],[135.534805,34.492755],[135.535667,34.492755],[135.536529,34.493465],[135.537391,34.494176],[135.537391,34.494886],[135.538253,34.494886],[135.539115,34.497018],[135.539977,34.497728],[135.539977,34.498438],[135.539977,34.499859],[135.539977,34.50128],[135.539115,34.502701],[135.537391,34.504122],[135.535667,34.504832],[135.535667,34.506963],[135.534805,34.508384],[135.533943,34.508384],[135.533943,34.509094],[135.533943,34.511935],[135.533081,34.514066],[135.532219,34.514777],[135.533943,34.514777],[135.533943,34.513356],[135.534805,34.513356],[135.534805,34.514066],[135.533943,34.514777],[135.535667,34.514777],[135.534805,34.514066],[135.535667,34.514066],[135.536529,34.513356],[135.539115,34.511935],[135.540839,34.511225],[135.540839,34.511935],[135.542563,34.511935],[135.541701,34.511225],[135.542563,34.510515],[135.542563,34.509804],[135.543425,34.509804],[135.543425,34.511225],[135.543425,34.510515],[135.544287,34.511225],[135.544287,34.512646],[135.544287,34.513356],[135.544287,34.514777],[135.543425,34.515487],[135.544287,34.516197],[135.545149,34.516197],[135.544287,34.516907],[135.546011,34.517618],[135.546873,34.518328],[135.547735,34.517618],[135.548597,34.517618],[135.549459,34.517618],[135.55377,34.517618],[135.554632,34.518328],[135.55377,34.519038],[135.552908,34.520459],[135.55377,34.521169],[135.55377,34.522589],[135.554632,34.5233],[135.55377,34.52401],[135.554632,34.52472],[135.554632,34.52543],[135.554632,34.52614],[135.554632,34.526851],[135.554632,34.527561],[135.556356,34.528271],[135.556356,34.528981],[135.557218,34.528271],[135.55808,34.528981],[135.55808,34.528271],[135.558942,34.528981],[135.558942,34.527561],[135.55808,34.526851],[135.561528,34.526851],[135.56239,34.52614],[135.561528,34.52543],[135.56239,34.52472],[135.563252,34.52401],[135.563252,34.5233],[135.56239,34.522589],[135.564114,34.520459],[135.564114,34.519749],[135.563252,34.519749],[135.564114,34.517618],[135.565838,34.516197],[135.5667,34.514777],[135.565838,34.514066],[135.5667,34.514066],[135.5667,34.513356],[135.565838,34.513356],[135.564114,34.513356],[135.56239,34.512646],[135.561528,34.512646],[135.560666,34.511935],[135.560666,34.511225],[135.560666,34.509804],[135.560666,34.509094],[135.559804,34.508384],[135.559804,34.507673],[135.560666,34.506963],[135.560666,34.505542],[135.559804,34.504122],[135.559804,34.50128],[135.561528,34.50057],[135.560666,34.499859],[135.560666,34.499149],[135.560666,34.497728],[135.559804,34.497728],[135.559804,34.495597],[135.560666,34.495597],[135.560666,34.494176],[135.56239,34.492755],[135.564114,34.493465],[135.563252,34.491334],[135.56239,34.492044],[135.561528,34.492044],[135.560666,34.492044],[135.560666,34.490623],[135.559804,34.490623],[135.559804,34.489913],[135.558942,34.490623],[135.55808,34.489913],[135.558942,34.488492],[135.55808,34.488492],[135.558942,34.487071],[135.558942,34.48636],[135.55808,34.487071],[135.55808,34.48565],[135.55808,34.484939],[135.55808,34.484229],[135.558942,34.484229],[135.559804,34.484229],[135.559804,34.483518],[135.560666,34.481386],[135.560666,34.482097],[135.560666,34.481386],[135.560666,34.480676],[135.559804,34.480676],[135.558942,34.479965],[135.55808,34.479255],[135.557218,34.478544],[135.557218,34.477833],[135.556356,34.477833],[135.555494,34.477833],[135.554632,34.477123],[135.554632,34.476412],[135.55377,34.476412],[135.55377,34.47357],[135.552908,34.47357],[135.55377,34.472148],[135.552908,34.471438],[135.552046,34.471438],[135.551184,34.471438],[135.549459,34.470727],[135.548597,34.470016],[135.547735,34.469306],[135.546873,34.468595],[135.546011,34.468595],[135.545149,34.467174],[135.544287,34.467174],[135.543425,34.467174],[135.542563,34.467174],[135.542563,34.466463],[135.542563,34.466463]]]}},{"type":"Feature","properties":{"kind":"muni","id":"27232","tier":"C","name":"阪南市","parent":"阪南市","note":"同泉南"},"geometry":{"type":"Polygon","coordinates":[[[135.193445,34.338439],[135.194307,34.339151],[135.195169,34.339863],[135.196031,34.339151],[135.197755,34.339863],[135.198617,34.339863],[135.198617,34.340574],[135.199479,34.340574],[135.200341,34.341286],[135.201203,34.341998],[135.202065,34.341998],[135.202927,34.34271],[135.203789,34.341286],[135.205513,34.341998],[135.205513,34.34271],[135.206375,34.34271],[135.207237,34.341998],[135.206375,34.343421],[135.208961,34.344845],[135.206375,34.343421],[135.207237,34.341998],[135.207237,34.34271],[135.207237,34.343421],[135.208099,34.343421],[135.208961,34.343421],[135.210685,34.343421],[135.211547,34.343421],[135.213271,34.344133],[135.214995,34.344133],[135.215857,34.344133],[135.217581,34.344133],[135.219305,34.344845],[135.221891,34.346268],[135.222753,34.34698],[135.225339,34.349115],[135.226201,34.350539],[135.227063,34.35125],[135.227925,34.35125],[135.228787,34.352674],[135.228787,34.353385],[135.22965,34.353385],[135.227925,34.354097],[135.22965,34.35552],[135.228787,34.354097],[135.22965,34.354097],[135.22965,34.354809],[135.230512,34.354809],[135.230512,34.35552],[135.232236,34.357655],[135.232236,34.358367],[135.233098,34.357655],[135.23396,34.359078],[135.23396,34.35979],[135.234822,34.360502],[135.235684,34.361213],[135.236546,34.362636],[135.23827,34.364771],[135.239132,34.364771],[135.239994,34.365483],[135.239994,34.366194],[135.240856,34.366906],[135.240856,34.367617],[135.241718,34.366906],[135.24258,34.366194],[135.243442,34.366906],[135.24258,34.366906],[135.241718,34.368329],[135.24258,34.368329],[135.243442,34.36904],[135.245166,34.371175],[135.245166,34.371886],[135.246028,34.371886],[135.24689,34.372598],[135.24689,34.373309],[135.247752,34.374732],[135.24689,34.374732],[135.247752,34.375444],[135.248614,34.375444],[135.248614,34.376867],[135.249476,34.376155],[135.250338,34.375444],[135.252062,34.374732],[135.253786,34.374021],[135.252924,34.373309],[135.252062,34.373309],[135.252062,34.374021],[135.2512,34.374732],[135.250338,34.374732],[135.250338,34.373309],[135.252062,34.373309],[135.2512,34.371175],[135.250338,34.371886],[135.249476,34.369752],[135.249476,34.36904],[135.249476,34.366906],[135.249476,34.365483],[135.249476,34.36406],[135.250338,34.362636],[135.2512,34.361925],[135.252062,34.360502],[135.253786,34.35979],[135.254648,34.359078],[135.25551,34.359078],[135.257234,34.359078],[135.258096,34.358367],[135.258958,34.357655],[135.25982,34.356943],[135.25982,34.356232],[135.25982,34.354809],[135.260682,34.353385],[135.261544,34.352674],[135.261544,34.35125],[135.264992,34.34698],[135.264992,34.346268],[135.265854,34.344845],[135.265854,34.344133],[135.266716,34.343421],[135.267578,34.343421],[135.267578,34.34271],[135.267578,34.341998],[135.267578,34.341286],[135.267578,34.340574],[135.267578,34.339863],[135.26844,34.339863],[135.26844,34.339151],[135.269302,34.339151],[135.269302,34.337727],[135.270165,34.336304],[135.271027,34.336304],[135.271889,34.33488],[135.272751,34.333456],[135.272751,34.332033],[135.273613,34.331321],[135.275337,34.330609],[135.275337,34.329897],[135.277061,34.329185],[135.278785,34.32705],[135.280509,34.325626],[135.280509,34.324202],[135.280509,34.32349],[135.280509,34.321354],[135.281371,34.319219],[135.282233,34.317795],[135.282233,34.317083],[135.280509,34.316371],[135.279647,34.315659],[135.278785,34.314947],[135.277923,34.314235],[135.277061,34.314235],[135.272751,34.312811],[135.271889,34.312099],[135.271027,34.312099],[135.270165,34.312099],[135.267578,34.312099],[135.266716,34.312099],[135.26413,34.313523],[135.26413,34.312811],[135.263268,34.312811],[135.261544,34.312099],[135.260682,34.314235],[135.25982,34.314235],[135.258958,34.314947],[135.258096,34.315659],[135.257234,34.315659],[135.25551,34.315659],[135.254648,34.315659],[135.253786,34.314947],[135.252924,34.314947],[135.252062,34.314947],[135.250338,34.314235],[135.249476,34.314235],[135.248614,34.314235],[135.248614,34.312811],[135.247752,34.312811],[135.24689,34.312811],[135.246028,34.312099],[135.245166,34.311387],[135.243442,34.309963],[135.24258,34.309963],[135.24258,34.309251],[135.241718,34.308539],[135.240856,34.308539],[135.23827,34.307114],[135.23827,34.306402],[135.236546,34.30569],[135.235684,34.304266],[135.235684,34.303554],[135.224477,34.300706],[135.224477,34.301418],[135.222753,34.303554],[135.221029,34.304266],[135.221029,34.304978],[135.218443,34.304978],[135.215857,34.304978],[135.212409,34.306402],[135.211547,34.306402],[135.210685,34.306402],[135.208961,34.307827],[135.208099,34.307827],[135.208099,34.308539],[135.208099,34.309251],[135.206375,34.309251],[135.205513,34.308539],[135.203789,34.308539],[135.202927,34.309251],[135.202927,34.309963],[135.202065,34.310675],[135.202927,34.312099],[135.202065,34.312099],[135.202065,34.312811],[135.200341,34.312099],[135.198617,34.312099],[135.197755,34.312099],[135.196893,34.312099],[135.195169,34.310675],[135.193445,34.311387],[135.193445,34.312099],[135.191721,34.312099],[135.191721,34.313523],[135.190859,34.315659],[135.190859,34.316371],[135.190859,34.317795],[135.189997,34.318507],[135.189135,34.318507],[135.188272,34.319219],[135.188272,34.31993],[135.189135,34.320642],[135.190859,34.320642],[135.191721,34.321354],[135.192583,34.321354],[135.193445,34.321354],[135.194307,34.322778],[135.193445,34.322778],[135.193445,34.32349],[135.193445,34.324914],[135.193445,34.326338],[135.193445,34.327762],[135.192583,34.328473],[135.192583,34.329185],[135.192583,34.329897],[135.191721,34.329897],[135.191721,34.329185],[135.189997,34.329185],[135.189135,34.330609],[135.188272,34.332033],[135.189135,34.332033],[135.189997,34.332745],[135.190859,34.333456],[135.190859,34.334168],[135.191721,34.33488],[135.193445,34.335592],[135.194307,34.336304],[135.193445,34.338439],[135.193445,34.338439]]]}},{"type":"Feature","properties":{"kind":"muni","id":"27301","tier":"A","name":"島本町","parent":"島本町","note":"水無瀬,京阪中间安静"},"geometry":{"type":"Polygon","coordinates":[[[135.645144,34.886135],[135.646006,34.886842],[135.646868,34.887549],[135.646006,34.886842],[135.644282,34.886842],[135.64342,34.887549],[135.642558,34.887549],[135.640834,34.888256],[135.641696,34.888964],[135.641696,34.889671],[135.639972,34.891085],[135.63911,34.891792],[135.638248,34.891792],[135.636524,34.891085],[135.635662,34.891792],[135.6348,34.892499],[135.6348,34.893206],[135.6348,34.893913],[135.633938,34.895327],[135.6348,34.896034],[135.633938,34.896741],[135.633938,34.897448],[135.633938,34.899569],[135.633938,34.900276],[135.633938,34.900983],[135.633938,34.902397],[135.635662,34.903104],[135.636524,34.903811],[135.636524,34.904518],[135.6348,34.905225],[135.6348,34.905932],[135.6348,34.907346],[135.6348,34.908759],[135.6348,34.909466],[135.633938,34.909466],[135.633076,34.908759],[135.633076,34.907346],[135.632214,34.907346],[135.631351,34.906639],[135.630489,34.907346],[135.629627,34.908053],[135.630489,34.909466],[135.630489,34.910173],[135.630489,34.911587],[135.630489,34.912294],[135.630489,34.913708],[135.630489,34.914415],[135.629627,34.915121],[135.629627,34.916535],[135.628765,34.917949],[135.629627,34.918656],[135.630489,34.918656],[135.629627,34.919363],[135.629627,34.920069],[135.630489,34.920776],[135.631351,34.920776],[135.632214,34.921483],[135.633076,34.92219],[135.632214,34.922897],[135.633076,34.923603],[135.631351,34.923603],[135.631351,34.92431],[135.629627,34.925724],[135.628765,34.92643],[135.628765,34.927137],[135.629627,34.928551],[135.628765,34.930671],[135.628765,34.932791],[135.627903,34.934204],[135.628765,34.934911],[135.629627,34.935618],[135.630489,34.935618],[135.632214,34.934911],[135.633076,34.933498],[135.633938,34.933498],[135.6348,34.932791],[135.635662,34.932791],[135.637386,34.931378],[135.638248,34.932084],[135.63911,34.932084],[135.640834,34.931378],[135.640834,34.930671],[135.642558,34.931378],[135.64342,34.930671],[135.644282,34.928551],[135.645144,34.927844],[135.645144,34.927137],[135.646868,34.927137],[135.646868,34.92643],[135.648592,34.92643],[135.649454,34.925017],[135.649454,34.92431],[135.650316,34.92431],[135.650316,34.922897],[135.650316,34.920776],[135.651178,34.920069],[135.65204,34.918656],[135.653764,34.917949],[135.653764,34.915828],[135.652902,34.916535],[135.651178,34.916535],[135.650316,34.916535],[135.648592,34.916535],[135.648592,34.915828],[135.648592,34.915121],[135.648592,34.914415],[135.648592,34.913001],[135.648592,34.912294],[135.648592,34.91088],[135.648592,34.910173],[135.648592,34.909466],[135.651178,34.909466],[135.651178,34.910173],[135.65204,34.910173],[135.653764,34.909466],[135.655488,34.908053],[135.655488,34.907346],[135.65635,34.906639],[135.658074,34.906639],[135.658074,34.905932],[135.659798,34.905225],[135.66066,34.904518],[135.662384,34.903811],[135.663246,34.904518],[135.662384,34.905225],[135.664108,34.905225],[135.664108,34.903811],[135.664108,34.902397],[135.66497,34.903811],[135.66497,34.904518],[135.666694,34.904518],[135.667556,34.904518],[135.668418,34.903811],[135.670142,34.903104],[135.671004,34.902397],[135.671867,34.902397],[135.673591,34.900983],[135.673591,34.900276],[135.674453,34.900276],[135.675315,34.899569],[135.675315,34.898862],[135.676177,34.898155],[135.675315,34.895327],[135.675315,34.89462],[135.677039,34.895327],[135.677039,34.89462],[135.677901,34.892499],[135.678763,34.891792],[135.679625,34.889671],[135.680487,34.889671],[135.683073,34.887549],[135.681349,34.886135],[135.680487,34.883307],[135.679625,34.881185],[135.678763,34.880478],[135.678763,34.876942],[135.677901,34.876942],[135.676177,34.874113],[135.674453,34.871992],[135.672729,34.86987],[135.672729,34.869163],[135.671867,34.86987],[135.670142,34.871285],[135.66928,34.871285],[135.668418,34.871992],[135.666694,34.872699],[135.66497,34.872699],[135.664108,34.872699],[135.662384,34.872699],[135.663246,34.872699],[135.662384,34.873406],[135.661522,34.873406],[135.661522,34.874821],[135.66066,34.875528],[135.658936,34.873406],[135.658074,34.873406],[135.657212,34.871992],[135.65635,34.871992],[135.65635,34.872699],[135.655488,34.872699],[135.654626,34.873406],[135.655488,34.873406],[135.65635,34.873406],[135.65635,34.874821],[135.655488,34.874821],[135.65635,34.874821],[135.654626,34.876235],[135.652902,34.876235],[135.65204,34.877649],[135.65204,34.878357],[135.650316,34.879771],[135.650316,34.881185],[135.649454,34.881185],[135.646868,34.881185],[135.646868,34.881892],[135.645144,34.8826],[135.645144,34.883307],[135.645144,34.884014],[135.645144,34.884721],[135.645144,34.886135],[135.645144,34.886135]]]}},{"type":"Feature","properties":{"kind":"muni","id":"27321","tier":"D","name":"豊能町","parent":"豊能町","note":"山区,冬冷"},"geometry":{"type":"Polygon","coordinates":[[[135.467567,34.929257],[135.470153,34.929257],[135.471878,34.929257],[135.47274,34.929964],[135.474464,34.930671],[135.475326,34.930671],[135.475326,34.931378],[135.474464,34.932084],[135.475326,34.932791],[135.475326,34.933498],[135.476188,34.934911],[135.47705,34.935618],[135.47705,34.937031],[135.47705,34.937738],[135.47705,34.939151],[135.477912,34.940564],[135.477912,34.941271],[135.478774,34.941978],[135.478774,34.943391],[135.479636,34.944098],[135.478774,34.944098],[135.479636,34.944804],[135.480498,34.944804],[135.482222,34.945511],[135.482222,34.944804],[135.483084,34.945511],[135.483946,34.945511],[135.483946,34.946217],[135.48567,34.946217],[135.48567,34.946924],[135.487394,34.946217],[135.488256,34.946217],[135.489118,34.946217],[135.489118,34.945511],[135.489118,34.944098],[135.48998,34.943391],[135.48998,34.942684],[135.48998,34.941978],[135.490842,34.941978],[135.491704,34.941978],[135.492566,34.941978],[135.493428,34.941271],[135.496014,34.941271],[135.496876,34.940564],[135.496876,34.941271],[135.499462,34.940564],[135.501186,34.942684],[135.502048,34.943391],[135.503772,34.946217],[135.504634,34.946217],[135.506358,34.946217],[135.506358,34.945511],[135.50722,34.944804],[135.509806,34.944804],[135.510668,34.944098],[135.512393,34.944098],[135.513255,34.944098],[135.514979,34.944098],[135.514979,34.942684],[135.514979,34.941978],[135.514979,34.941271],[135.514979,34.939858],[135.514979,34.939151],[135.514979,34.938444],[135.514979,34.937738],[135.515841,34.936324],[135.515841,34.934911],[135.517565,34.933498],[135.518427,34.932791],[135.518427,34.933498],[135.520151,34.933498],[135.520151,34.934204],[135.520151,34.933498],[135.521013,34.932791],[135.521013,34.932084],[135.521875,34.931378],[135.522737,34.929964],[135.523599,34.929964],[135.524461,34.929257],[135.525323,34.928551],[135.525323,34.927844],[135.525323,34.927137],[135.525323,34.92643],[135.525323,34.923603],[135.524461,34.922897],[135.524461,34.920776],[135.524461,34.919363],[135.523599,34.919363],[135.522737,34.918656],[135.522737,34.917242],[135.521875,34.916535],[135.521013,34.916535],[135.521013,34.915828],[135.520151,34.915121],[135.520151,34.913708],[135.520151,34.912294],[135.516703,34.911587],[135.517565,34.910173],[135.516703,34.908759],[135.516703,34.908053],[135.515841,34.907346],[135.516703,34.906639],[135.516703,34.905932],[135.517565,34.905225],[135.518427,34.904518],[135.517565,34.904518],[135.517565,34.903811],[135.516703,34.903104],[135.515841,34.903104],[135.514979,34.903104],[135.514117,34.903104],[135.512393,34.90169],[135.512393,34.900983],[135.511531,34.900276],[135.511531,34.899569],[135.511531,34.898862],[135.511531,34.898155],[135.510668,34.898155],[135.509806,34.897448],[135.508944,34.897448],[135.509806,34.898155],[135.508944,34.898862],[135.508082,34.898862],[135.50722,34.898155],[135.505496,34.896741],[135.503772,34.896034],[135.500324,34.896034],[135.501186,34.89462],[135.502048,34.893913],[135.501186,34.893206],[135.501186,34.891792],[135.501186,34.891085],[135.501186,34.888964],[135.501186,34.888256],[135.500324,34.887549],[135.499462,34.886135],[135.4986,34.884014],[135.497738,34.884014],[135.496876,34.883307],[135.496014,34.881892],[135.496014,34.881185],[135.496876,34.881185],[135.4986,34.880478],[135.4986,34.879771],[135.499462,34.879064],[135.499462,34.878357],[135.499462,34.877649],[135.497738,34.877649],[135.496014,34.879064],[135.495152,34.878357],[135.495152,34.879064],[135.49429,34.879771],[135.493428,34.879064],[135.492566,34.878357],[135.490842,34.877649],[135.489118,34.876942],[135.489118,34.876235],[135.488256,34.875528],[135.488256,34.874821],[135.486532,34.874113],[135.48567,34.874113],[135.48567,34.873406],[135.484808,34.873406],[135.483946,34.874113],[135.482222,34.874821],[135.482222,34.875528],[135.48136,34.876942],[135.48136,34.877649],[135.48136,34.879064],[135.48136,34.879771],[135.48136,34.880478],[135.48136,34.881185],[135.480498,34.883307],[135.480498,34.884014],[135.479636,34.884721],[135.478774,34.884721],[135.479636,34.886135],[135.478774,34.886842],[135.477912,34.887549],[135.477912,34.888256],[135.477912,34.888964],[135.477912,34.890378],[135.478774,34.891085],[135.479636,34.891792],[135.480498,34.892499],[135.48136,34.893206],[135.483084,34.893913],[135.483084,34.89462],[135.483946,34.89462],[135.484808,34.89462],[135.48567,34.896034],[135.484808,34.896741],[135.483946,34.896741],[135.483084,34.898155],[135.482222,34.898862],[135.48136,34.899569],[135.479636,34.900276],[135.479636,34.900983],[135.479636,34.902397],[135.478774,34.903104],[135.477912,34.903811],[135.476188,34.903811],[135.475326,34.903811],[135.476188,34.904518],[135.476188,34.905225],[135.475326,34.905932],[135.475326,34.906639],[135.474464,34.907346],[135.47274,34.908053],[135.473602,34.908759],[135.471878,34.909466],[135.471878,34.910173],[135.471016,34.910173],[135.470153,34.910173],[135.469291,34.910173],[135.467567,34.910173],[135.466705,34.910173],[135.465843,34.909466],[135.465843,34.908759],[135.464981,34.908053],[135.465843,34.906639],[135.464119,34.905932],[135.464119,34.905225],[135.464119,34.904518],[135.464119,34.903811],[135.464119,34.903104],[135.463257,34.903104],[135.462395,34.902397],[135.461533,34.900983],[135.460671,34.900983],[135.459809,34.900983],[135.458947,34.902397],[135.458085,34.90169],[135.458085,34.900276],[135.458085,34.899569],[135.458085,34.898155],[135.458085,34.897448],[135.457223,34.896741],[135.455499,34.896741],[135.454637,34.896034],[135.453775,34.895327],[135.452913,34.895327],[135.451189,34.896034],[135.450327,34.896034],[135.448603,34.896034],[135.447741,34.896034],[135.447741,34.895327],[135.446879,34.89462],[135.445155,34.89462],[135.445155,34.895327],[135.445155,34.896034],[135.445155,34.896741],[135.446017,34.897448],[135.445155,34.898155],[135.444293,34.898155],[135.445155,34.898862],[135.443431,34.898862],[135.442569,34.898862],[135.441707,34.897448],[135.440845,34.896741],[135.439983,34.896034],[135.439121,34.896034],[135.438259,34.896034],[135.437397,34.895327],[135.436535,34.895327],[135.435673,34.89462],[135.434811,34.893913],[135.433949,34.893206],[135.432225,34.893206],[135.431363,34.893913],[135.431363,34.89462],[135.432225,34.895327],[135.430501,34.898155],[135.430501,34.898862],[135.430501,34.899569],[135.429638,34.90169],[135.429638,34.902397],[135.427914,34.903811],[135.427052,34.904518],[135.427914,34.905225],[135.427052,34.905932],[135.42619,34.905932],[135.42619,34.906639],[135.425328,34.906639],[135.424466,34.906639],[135.423604,34.906639],[135.422742,34.906639],[135.42188,34.906639],[135.420156,34.906639],[135.419294,34.907346],[135.420156,34.907346],[135.419294,34.908053],[135.418432,34.908759],[135.419294,34.910173],[135.420156,34.910173],[135.42188,34.91088],[135.422742,34.91088],[135.423604,34.911587],[135.423604,34.913001],[135.425328,34.913708],[135.425328,34.914415],[135.427052,34.914415],[135.427914,34.915121],[135.429638,34.915828],[135.430501,34.916535],[135.433949,34.917242],[135.434811,34.916535],[135.435673,34.917949],[135.437397,34.918656],[135.439121,34.920069],[135.439983,34.920776],[135.440845,34.920069],[135.442569,34.920069],[135.443431,34.920776],[135.443431,34.920069],[135.444293,34.920069],[135.446017,34.920776],[135.447741,34.920069],[135.448603,34.920069],[135.449465,34.919363],[135.450327,34.920069],[135.451189,34.920776],[135.452051,34.920776],[135.452913,34.919363],[135.454637,34.919363],[135.455499,34.918656],[135.456361,34.917949],[135.458085,34.917949],[135.458085,34.918656],[135.458947,34.917949],[135.461533,34.918656],[135.462395,34.917949],[135.464119,34.918656],[135.464119,34.919363],[135.465843,34.919363],[135.465843,34.920069],[135.465843,34.921483],[135.465843,34.92219],[135.465843,34.922897],[135.465843,34.923603],[135.465843,34.92431],[135.465843,34.925017],[135.467567,34.925724],[135.469291,34.92643],[135.468429,34.927137],[135.467567,34.928551],[135.467567,34.929257],[135.467567,34.929257]]]}},{"type":"Feature","properties":{"kind":"muni","id":"27322","tier":"D","name":"能勢町","parent":"能勢町","note":"山区,离市区最远"},"geometry":{"type":"Polygon","coordinates":[[[135.467567,34.929257],[135.470153,34.929257],[135.471878,34.929257],[135.47274,34.929964],[135.474464,34.930671],[135.475326,34.930671],[135.475326,34.931378],[135.474464,34.932084],[135.475326,34.932791],[135.475326,34.933498],[135.476188,34.934911],[135.47705,34.935618],[135.47705,34.937031],[135.47705,34.937738],[135.47705,34.939151],[135.477912,34.940564],[135.477912,34.941271],[135.478774,34.941978],[135.478774,34.943391],[135.479636,34.944098],[135.478774,34.944098],[135.479636,34.944804],[135.480498,34.944804],[135.482222,34.945511],[135.482222,34.944804],[135.483084,34.945511],[135.483946,34.945511],[135.483946,34.946217],[135.48567,34.946217],[135.48567,34.946924],[135.484808,34.947631],[135.483946,34.948337],[135.483084,34.949044],[135.48136,34.94975],[135.480498,34.94975],[135.48136,34.950457],[135.482222,34.95187],[135.483084,34.952576],[135.484808,34.953989],[135.484808,34.954696],[135.486532,34.955402],[135.487394,34.956816],[135.486532,34.957522],[135.48567,34.957522],[135.484808,34.958228],[135.484808,34.958935],[135.483946,34.959641],[135.484808,34.960348],[135.483946,34.960348],[135.483084,34.961054],[135.482222,34.961054],[135.48136,34.962467],[135.48136,34.965293],[135.482222,34.965293],[135.483946,34.964587],[135.484808,34.965999],[135.48567,34.966706],[135.487394,34.966706],[135.486532,34.965999],[135.486532,34.965293],[135.48567,34.964587],[135.48567,34.96388],[135.486532,34.964587],[135.488256,34.965999],[135.488256,34.966706],[135.489118,34.966706],[135.48998,34.966706],[135.48998,34.967412],[135.488256,34.967412],[135.488256,34.968119],[135.487394,34.968825],[135.487394,34.969532],[135.487394,34.970944],[135.487394,34.971651],[135.486532,34.972357],[135.487394,34.972357],[135.486532,34.97377],[135.487394,34.975889],[135.486532,34.975889],[135.48567,34.976595],[135.48567,34.978008],[135.48567,34.978714],[135.484808,34.978714],[135.484808,34.97942],[135.483946,34.980833],[135.483084,34.981539],[135.483946,34.982246],[135.483946,34.982952],[135.484808,34.982952],[135.48567,34.983658],[135.486532,34.985071],[135.487394,34.985777],[135.488256,34.985777],[135.492566,34.986483],[135.492566,34.987189],[135.493428,34.987896],[135.492566,34.989308],[135.490842,34.989308],[135.489118,34.99072],[135.488256,34.991427],[135.487394,34.992133],[135.486532,34.992839],[135.48567,34.992839],[135.484808,34.992839],[135.483946,34.992839],[135.483084,34.992839],[135.483084,34.994251],[135.482222,34.994958],[135.48136,34.994958],[135.480498,34.994958],[135.479636,34.994958],[135.478774,34.994958],[135.47705,34.994251],[135.475326,34.994958],[135.47274,34.994958],[135.471016,34.994958],[135.469291,34.995664],[135.467567,34.997076],[135.466705,34.997076],[135.464119,34.998488],[135.463257,34.999194],[135.461533,34.999901],[135.460671,35.000607],[135.459809,35.001313],[135.458085,35.001313],[135.457223,35.001313],[135.455499,35.002019],[135.454637,35.002019],[135.452913,35.002019],[135.452051,35.002019],[135.451189,35.002019],[135.450327,35.002725],[135.450327,35.003431],[135.449465,35.004137],[135.446879,35.005549],[135.446017,35.005549],[135.445155,35.005549],[135.444293,35.005549],[135.442569,35.006256],[135.441707,35.007668],[135.440845,35.007668],[135.439983,35.007668],[135.439121,35.007668],[135.438259,35.007668],[135.438259,35.008374],[135.436535,35.008374],[135.434811,35.008374],[135.433949,35.007668],[135.433087,35.007668],[135.431363,35.006962],[135.430501,35.006962],[135.430501,35.006256],[135.428776,35.005549],[135.427914,35.004843],[135.427052,35.004137],[135.42619,35.004137],[135.425328,35.004137],[135.424466,35.003431],[135.423604,35.002019],[135.422742,35.002019],[135.42188,35.002019],[135.421018,35.002725],[135.420156,35.002725],[135.419294,35.002725],[135.418432,35.002725],[135.41757,35.004137],[135.416708,35.005549],[135.415846,35.006256],[135.414984,35.006962],[135.414122,35.008374],[135.414122,35.00908],[135.41326,35.00908],[135.412398,35.00908],[135.411536,35.009786],[135.411536,35.010492],[135.410674,35.010492],[135.409812,35.011198],[135.409812,35.011904],[135.40895,35.011198],[135.408088,35.010492],[135.407226,35.00908],[135.405502,35.00908],[135.40464,35.008374],[135.40464,35.007668],[135.403778,35.006962],[135.402054,35.006962],[135.402054,35.007668],[135.401192,35.007668],[135.40033,35.008374],[135.399468,35.008374],[135.398606,35.009786],[135.397744,35.010492],[135.396882,35.010492],[135.39602,35.009786],[135.394296,35.00908],[135.393434,35.00908],[135.39171,35.009786],[135.390848,35.009786],[135.389123,35.011198],[135.387399,35.011198],[135.386537,35.011198],[135.385675,35.011198],[135.384813,35.010492],[135.383951,35.010492],[135.383089,35.010492],[135.381365,35.010492],[135.381365,35.01261],[135.381365,35.013316],[135.380503,35.014728],[135.380503,35.015434],[135.379641,35.015434],[135.379641,35.01614],[135.378779,35.01614],[135.378779,35.016846],[135.378779,35.017552],[135.377917,35.018258],[135.378779,35.018964],[135.377917,35.01967],[135.377917,35.020376],[135.378779,35.021082],[135.379641,35.021788],[135.380503,35.022494],[135.379641,35.0232],[135.379641,35.023905],[135.379641,35.025317],[135.382227,35.026023],[135.382227,35.026729],[135.382227,35.027435],[135.382227,35.028141],[135.382227,35.028847],[135.382227,35.030258],[135.382227,35.03167],[135.382227,35.032376],[135.381365,35.033082],[135.380503,35.034494],[135.380503,35.035199],[135.380503,35.035905],[135.380503,35.037317],[135.380503,35.038728],[135.379641,35.039434],[135.378779,35.040846],[135.377917,35.041552],[135.376193,35.042963],[135.376193,35.044375],[135.375331,35.044375],[135.374469,35.044375],[135.373607,35.04508],[135.371883,35.04508],[135.370159,35.04508],[135.369297,35.044375],[135.367573,35.044375],[135.366711,35.044375],[135.365849,35.04508],[135.364125,35.045786],[135.362401,35.046492],[135.361539,35.046492],[135.362401,35.047197],[135.361539,35.047903],[135.360677,35.049315],[135.358953,35.05002],[135.357229,35.05002],[135.356367,35.05002],[135.354643,35.050726],[135.353781,35.051432],[135.352057,35.051432],[135.351195,35.051432],[135.350333,35.051432],[135.34947,35.050726],[135.34947,35.05002],[135.350333,35.049315],[135.34947,35.047903],[135.34947,35.047197],[135.34947,35.046492],[135.348608,35.045786],[135.347746,35.04508],[135.346022,35.04508],[135.34516,35.04508],[135.344298,35.04508],[135.342574,35.044375],[135.342574,35.043669],[135.341712,35.042963],[135.34085,35.043669],[135.339988,35.042963],[135.339126,35.042963],[135.339126,35.043669],[135.338264,35.043669],[135.338264,35.042963],[135.33654,35.042257],[135.33654,35.041552],[135.33654,35.040846],[135.335678,35.040846],[135.334816,35.04014],[135.333954,35.039434],[135.333092,35.038023],[135.33223,35.037317],[135.331368,35.036611],[135.330506,35.035905],[135.331368,35.034494],[135.33223,35.035199],[135.333954,35.035199],[135.334816,35.033788],[135.335678,35.033082],[135.33654,35.033082],[135.33654,35.032376],[135.337402,35.030964],[135.338264,35.030258],[135.338264,35.029553],[135.338264,35.028847],[135.339126,35.028141],[135.339988,35.026023],[135.34085,35.026023],[135.342574,35.026023],[135.343436,35.025317],[135.34516,35.025317],[135.34516,35.026023],[135.346022,35.026729],[135.346884,35.026729],[135.348608,35.026729],[135.34947,35.026729],[135.34947,35.026023],[135.350333,35.026023],[135.352919,35.025317],[135.353781,35.025317],[135.354643,35.025317],[135.354643,35.024611],[135.354643,35.023905],[135.354643,35.0232],[135.354643,35.021788],[135.354643,35.021082],[135.354643,35.020376],[135.355505,35.01967],[135.354643,35.018964],[135.356367,35.016846],[135.355505,35.01614],[135.355505,35.015434],[135.355505,35.014728],[135.355505,35.014022],[135.353781,35.013316],[135.353781,35.011904],[135.354643,35.011198],[135.354643,35.00908],[135.354643,35.007668],[135.354643,35.006962],[135.354643,35.006256],[135.354643,35.005549],[135.352919,35.006256],[135.352057,35.005549],[135.352057,35.004137],[135.352919,35.003431],[135.352919,35.002019],[135.353781,35.001313],[135.353781,35.000607],[135.352919,34.999901],[135.352919,34.999194],[135.353781,34.998488],[135.353781,34.997782],[135.352919,34.99637],[135.352919,34.994958],[135.352919,34.993545],[135.353781,34.992839],[135.353781,34.991427],[135.352919,34.991427],[135.352919,34.99072],[135.352919,34.990014],[135.352919,34.989308],[135.353781,34.988602],[135.354643,34.987896],[135.354643,34.987189],[135.355505,34.986483],[135.356367,34.985071],[135.358091,34.985071],[135.358953,34.983658],[135.359815,34.982952],[135.358953,34.982952],[135.358091,34.982246],[135.356367,34.982246],[135.356367,34.981539],[135.355505,34.981539],[135.353781,34.981539],[135.352919,34.981539],[135.352057,34.981539],[135.352057,34.980833],[135.351195,34.97942],[135.351195,34.980127],[135.350333,34.97942],[135.34947,34.978714],[135.34947,34.978008],[135.34947,34.977301],[135.348608,34.975889],[135.348608,34.975182],[135.34947,34.974476],[135.348608,34.97377],[135.348608,34.973063],[135.348608,34.971651],[135.347746,34.971651],[135.347746,34.970944],[135.346884,34.969532],[135.346884,34.968119],[135.346022,34.968119],[135.34516,34.966706],[135.346022,34.965293],[135.346884,34.964587],[135.347746,34.965293],[135.348608,34.965293],[135.34947,34.964587],[135.350333,34.963174],[135.351195,34.962467],[135.352919,34.963174],[135.353781,34.962467],[135.354643,34.961761],[135.356367,34.960348],[135.357229,34.958935],[135.358091,34.957522],[135.358091,34.956816],[135.358091,34.955402],[135.359815,34.953989],[135.362401,34.954696],[135.364125,34.956109],[135.364987,34.956109],[135.366711,34.955402],[135.367573,34.956109],[135.368435,34.956109],[135.369297,34.955402],[135.369297,34.953989],[135.371883,34.953989],[135.372745,34.953283],[135.373607,34.953283],[135.374469,34.953283],[135.373607,34.95187],[135.375331,34.95187],[135.376193,34.95187],[135.377055,34.95187],[135.377917,34.95187],[135.378779,34.95187],[135.378779,34.952576],[135.379641,34.952576],[135.379641,34.953283],[135.379641,34.953989],[135.381365,34.953989],[135.382227,34.954696],[135.383089,34.954696],[135.384813,34.953989],[135.385675,34.953989],[135.385675,34.953283],[135.386537,34.95187],[135.387399,34.951163],[135.388261,34.94975],[135.387399,34.949044],[135.388261,34.948337],[135.388261,34.947631],[135.387399,34.946924],[135.387399,34.946217],[135.387399,34.945511],[135.388261,34.945511],[135.388261,34.944804],[135.389123,34.944098],[135.389985,34.943391],[135.390848,34.943391],[135.39171,34.942684],[135.393434,34.941978],[135.394296,34.941978],[135.395158,34.943391],[135.395158,34.944098],[135.39602,34.944098],[135.396882,34.944098],[135.397744,34.944804],[135.398606,34.944098],[135.399468,34.944098],[135.40033,34.944098],[135.401192,34.944098],[135.402916,34.944098],[135.40464,34.943391],[135.405502,34.944098],[135.407226,34.943391],[135.408088,34.943391],[135.408088,34.941978],[135.409812,34.942684],[135.410674,34.942684],[135.410674,34.943391],[135.410674,34.944098],[135.408088,34.945511],[135.40895,34.945511],[135.411536,34.944098],[135.412398,34.942684],[135.411536,34.941978],[135.40895,34.941978],[135.409812,34.940564],[135.410674,34.940564],[135.412398,34.939858],[135.41326,34.940564],[135.414122,34.940564],[135.415846,34.940564],[135.416708,34.941271],[135.41757,34.941978],[135.41757,34.940564],[135.41757,34.939858],[135.41757,34.939151],[135.416708,34.939151],[135.416708,34.937738],[135.41757,34.937031],[135.41757,34.935618],[135.41757,34.934911],[135.418432,34.934204],[135.420156,34.934204],[135.421018,34.934204],[135.42188,34.934204],[135.422742,34.934204],[135.423604,34.934911],[135.424466,34.934911],[135.425328,34.935618],[135.42619,34.937031],[135.427052,34.937738],[135.427914,34.937031],[135.428776,34.936324],[135.431363,34.937031],[135.432225,34.937031],[135.433087,34.937738],[135.434811,34.938444],[135.435673,34.938444],[135.436535,34.937738],[135.437397,34.937738],[135.438259,34.937031],[135.439121,34.937031],[135.440845,34.938444],[135.441707,34.939151],[135.441707,34.939858],[135.442569,34.938444],[135.443431,34.938444],[135.443431,34.937738],[135.444293,34.937738],[135.444293,34.937031],[135.446017,34.937031],[135.445155,34.936324],[135.446017,34.935618],[135.446879,34.934911],[135.447741,34.934204],[135.449465,34.934204],[135.449465,34.933498],[135.450327,34.932791],[135.451189,34.932084],[135.452051,34.931378],[135.452051,34.930671],[135.452051,34.929964],[135.453775,34.929257],[135.454637,34.929257],[135.456361,34.929257],[135.457223,34.929257],[135.458085,34.928551],[135.458947,34.927844],[135.459809,34.927137],[135.461533,34.92643],[135.462395,34.92643],[135.464981,34.927844],[135.465843,34.927844],[135.467567,34.929257],[135.467567,34.929257]]]}},{"type":"Feature","properties":{"kind":"muni","id":"27341","tier":"C","name":"忠岡町","parent":"忠岡町","note":"全国最小町,普通"},"geometry":{"type":"Polygon","coordinates":[[[135.396882,34.487071],[135.393434,34.489913],[135.39171,34.490623],[135.390848,34.491334],[135.389985,34.492044],[135.386537,34.493465],[135.384813,34.494176],[135.383951,34.494886],[135.382227,34.494886],[135.382227,34.497018],[135.381365,34.497728],[135.382227,34.497728],[135.381365,34.498438],[135.382227,34.499859],[135.380503,34.498438],[135.377055,34.499859],[135.376193,34.497728],[135.371021,34.499859],[135.371021,34.502701],[135.371021,34.503411],[135.373607,34.506963],[135.377917,34.504832],[135.382227,34.50199],[135.383089,34.50128],[135.382227,34.50057],[135.382227,34.499859],[135.382227,34.50057],[135.385675,34.498438],[135.386537,34.499859],[135.384813,34.50057],[135.386537,34.499859],[135.387399,34.50057],[135.389123,34.499859],[135.389985,34.499149],[135.390848,34.499149],[135.392572,34.497728],[135.395158,34.496307],[135.396882,34.496307],[135.401192,34.494886],[135.402916,34.494886],[135.403778,34.494886],[135.40464,34.494176],[135.405502,34.492755],[135.405502,34.491334],[135.405502,34.489202],[135.405502,34.488492],[135.405502,34.487781],[135.407226,34.48636],[135.408088,34.484939],[135.410674,34.482097],[135.411536,34.481386],[135.412398,34.482097],[135.41326,34.482097],[135.414122,34.482808],[135.415846,34.482097],[135.414984,34.481386],[135.415846,34.480676],[135.416708,34.480676],[135.416708,34.479965],[135.41757,34.479965],[135.41757,34.479255],[135.41757,34.478544],[135.416708,34.478544],[135.41757,34.477833],[135.418432,34.477833],[135.418432,34.477123],[135.41757,34.477123],[135.416708,34.476412],[135.41757,34.476412],[135.415846,34.475702],[135.414984,34.47428],[135.414122,34.47428],[135.41326,34.47428],[135.41326,34.474991],[135.411536,34.475702],[135.410674,34.476412],[135.409812,34.477123],[135.407226,34.479255],[135.405502,34.480676],[135.405502,34.481386],[135.40464,34.481386],[135.403778,34.481386],[135.402054,34.483518],[135.401192,34.484229],[135.40033,34.484939],[135.399468,34.484939],[135.398606,34.48565],[135.396882,34.487071],[135.396882,34.487071]]]}},{"type":"Feature","properties":{"kind":"muni","id":"27361","tier":"B","name":"熊取町","parent":"熊取町","note":"JR阪和线大学町"},"geometry":{"type":"MultiPolygon","coordinates":[[[[135.342574,34.407454],[135.343436,34.406743],[135.342574,34.407454],[135.343436,34.408876],[135.34516,34.408165],[135.346022,34.408876],[135.346022,34.409588],[135.346884,34.410299],[135.347746,34.410299],[135.348608,34.409588],[135.34947,34.408876],[135.351195,34.407454],[135.352057,34.407454],[135.353781,34.406743],[135.353781,34.407454],[135.353781,34.408876],[135.353781,34.412432],[135.354643,34.412432],[135.354643,34.413144],[135.355505,34.415277],[135.354643,34.415277],[135.354643,34.415988],[135.355505,34.416699],[135.356367,34.416699],[135.356367,34.41741],[135.357229,34.418121],[135.356367,34.419544],[135.356367,34.420255],[135.357229,34.419544],[135.358953,34.418833],[135.359815,34.419544],[135.360677,34.419544],[135.361539,34.418833],[135.360677,34.418121],[135.361539,34.41741],[135.361539,34.418121],[135.362401,34.418833],[135.363263,34.419544],[135.363263,34.418833],[135.362401,34.418121],[135.363263,34.418121],[135.364125,34.418121],[135.364125,34.41741],[135.362401,34.41741],[135.361539,34.41741],[135.362401,34.416699],[135.364125,34.416699],[135.364987,34.416699],[135.365849,34.41741],[135.367573,34.41741],[135.367573,34.416699],[135.368435,34.415277],[135.369297,34.415277],[135.369297,34.414566],[135.369297,34.413855],[135.369297,34.414566],[135.368435,34.414566],[135.367573,34.415988],[135.367573,34.416699],[135.367573,34.415988],[135.366711,34.416699],[135.365849,34.416699],[135.364125,34.415988],[135.363263,34.415988],[135.363263,34.416699],[135.362401,34.416699],[135.362401,34.415988],[135.363263,34.414566],[135.364125,34.414566],[135.364125,34.415277],[135.364987,34.415988],[135.364987,34.415277],[135.365849,34.415277],[135.366711,34.415277],[135.365849,34.415277],[135.364987,34.414566],[135.365849,34.414566],[135.366711,34.413855],[135.366711,34.414566],[135.367573,34.413855],[135.367573,34.413144],[135.366711,34.413144],[135.365849,34.412432],[135.367573,34.41101],[135.367573,34.410299],[135.368435,34.409588],[135.369297,34.408876],[135.369297,34.409588],[135.370159,34.409588],[135.369297,34.409588],[135.369297,34.410299],[135.370159,34.409588],[135.369297,34.410299],[135.370159,34.409588],[135.370159,34.408876],[135.371021,34.408876],[135.371021,34.409588],[135.371021,34.410299],[135.371883,34.409588],[135.371021,34.409588],[135.371021,34.408876],[135.371883,34.408876],[135.372745,34.408876],[135.372745,34.408165],[135.372745,34.407454],[135.373607,34.407454],[135.373607,34.406743],[135.373607,34.406032],[135.374469,34.40532],[135.374469,34.404609],[135.375331,34.403898],[135.376193,34.403898],[135.376193,34.403187],[135.377055,34.402476],[135.376193,34.401764],[135.376193,34.401053],[135.377055,34.400342],[135.376193,34.39963],[135.376193,34.400342],[135.375331,34.401053],[135.374469,34.401053],[135.375331,34.401053],[135.374469,34.401764],[135.374469,34.401053],[135.374469,34.400342],[135.375331,34.400342],[135.374469,34.39963],[135.375331,34.39963],[135.376193,34.398919],[135.377055,34.39963],[135.377055,34.398208],[135.375331,34.398919],[135.377055,34.398208],[135.377917,34.398208],[135.377917,34.398919],[135.377917,34.400342],[135.377917,34.39963],[135.377917,34.400342],[135.378779,34.400342],[135.378779,34.39963],[135.378779,34.398919],[135.378779,34.398208],[135.378779,34.396785],[135.379641,34.396074],[135.380503,34.396074],[135.380503,34.395363],[135.381365,34.394651],[135.382227,34.39394],[135.381365,34.39394],[135.381365,34.393229],[135.383089,34.393229],[135.383089,34.392518],[135.382227,34.393229],[135.381365,34.393229],[135.381365,34.392518],[135.380503,34.392518],[135.379641,34.391806],[135.379641,34.391095],[135.380503,34.390383],[135.380503,34.389672],[135.381365,34.388961],[135.382227,34.389672],[135.383089,34.388961],[135.383951,34.388961],[135.383951,34.388249],[135.383089,34.387538],[135.383089,34.386115],[135.383951,34.385404],[135.384813,34.385404],[135.387399,34.386115],[135.388261,34.385404],[135.387399,34.384693],[135.386537,34.38327],[135.386537,34.382558],[135.386537,34.381847],[135.386537,34.381135],[135.385675,34.379713],[135.386537,34.37829],[135.385675,34.376867],[135.385675,34.376155],[135.384813,34.374732],[135.386537,34.373309],[135.386537,34.372598],[135.386537,34.371886],[135.387399,34.370463],[135.386537,34.36904],[135.385675,34.36904],[135.384813,34.368329],[135.383089,34.36904],[135.383089,34.368329],[135.382227,34.366906],[135.383089,34.366194],[135.383951,34.366194],[135.383951,34.365483],[135.384813,34.365483],[135.385675,34.364771],[135.385675,34.36406],[135.386537,34.362636],[135.387399,34.361925],[135.387399,34.361213],[135.387399,34.360502],[135.387399,34.359078],[135.387399,34.358367],[135.387399,34.356943],[135.387399,34.356232],[135.388261,34.356232],[135.388261,34.35552],[135.386537,34.354809],[135.384813,34.354809],[135.382227,34.35552],[135.381365,34.356232],[135.380503,34.356943],[135.379641,34.358367],[135.380503,34.358367],[135.380503,34.35979],[135.381365,34.361213],[135.381365,34.361925],[135.381365,34.363348],[135.380503,34.363348],[135.379641,34.36406],[135.378779,34.36406],[135.377055,34.36406],[135.375331,34.36406],[135.373607,34.364771],[135.372745,34.365483],[135.371883,34.364771],[135.371883,34.36406],[135.371021,34.364771],[135.370159,34.364771],[135.369297,34.366194],[135.368435,34.366194],[135.367573,34.366906],[135.367573,34.367617],[135.366711,34.367617],[135.365849,34.368329],[135.364987,34.367617],[135.364125,34.367617],[135.363263,34.368329],[135.362401,34.36904],[135.361539,34.36904],[135.360677,34.36904],[135.359815,34.369752],[135.358953,34.370463],[135.358091,34.371175],[135.356367,34.371886],[135.356367,34.372598],[135.355505,34.373309],[135.355505,34.375444],[135.354643,34.376155],[135.355505,34.377578],[135.354643,34.37829],[135.354643,34.379001],[135.353781,34.379001],[135.352919,34.379713],[135.352057,34.380424],[135.352057,34.379713],[135.351195,34.380424],[135.350333,34.379713],[135.34947,34.380424],[135.348608,34.381135],[135.347746,34.381135],[135.348608,34.381847],[135.347746,34.382558],[135.347746,34.38327],[135.346022,34.383981],[135.34516,34.384693],[135.34516,34.385404],[135.343436,34.386115],[135.343436,34.386827],[135.342574,34.386827],[135.343436,34.388249],[135.343436,34.388961],[135.344298,34.388961],[135.343436,34.389672],[135.342574,34.390383],[135.34085,34.390383],[135.34085,34.391095],[135.34085,34.391806],[135.339988,34.391806],[135.339126,34.392518],[135.339126,34.393229],[135.339126,34.39394],[135.339126,34.395363],[135.338264,34.395363],[135.337402,34.395363],[135.33654,34.397497],[135.33654,34.398208],[135.335678,34.398919],[135.33654,34.400342],[135.335678,34.401053],[135.33654,34.401764],[135.33654,34.402476],[135.337402,34.403187],[135.338264,34.403187],[135.338264,34.403898],[135.338264,34.404609],[135.339126,34.404609],[135.339126,34.40532],[135.338264,34.406743],[135.339126,34.406743],[135.339988,34.406743],[135.34085,34.406743],[135.34085,34.407454],[135.341712,34.406743],[135.342574,34.407454],[135.342574,34.407454]],[[135.364125,34.409588],[135.364125,34.408876],[135.363263,34.408876],[135.364125,34.409588],[135.364125,34.409588]],[[135.379641,34.393229],[135.379641,34.394651],[135.378779,34.395363],[135.379641,34.395363],[135.380503,34.394651],[135.381365,34.393229],[135.379641,34.392518],[135.379641,34.393229],[135.379641,34.393229]],[[135.373607,34.403898],[135.374469,34.403187],[135.375331,34.402476],[135.374469,34.401764],[135.373607,34.402476],[135.374469,34.403187],[135.373607,34.403187],[135.373607,34.403898],[135.372745,34.403898],[135.372745,34.40532],[135.371883,34.40532],[135.371883,34.406032],[135.372745,34.406032],[135.372745,34.40532],[135.373607,34.403898],[135.373607,34.403898]]],[[[135.353781,34.419544],[135.354643,34.419544],[135.354643,34.420255],[135.353781,34.420255],[135.353781,34.419544],[135.353781,34.419544]]],[[[135.358091,34.420255],[135.358091,34.419544],[135.358953,34.420255],[135.358091,34.420255],[135.358091,34.420255]]],[[[135.358953,34.420255],[135.358953,34.419544],[135.359815,34.419544],[135.358953,34.420255],[135.358953,34.420255]]],[[[135.366711,34.415988],[135.365849,34.415988],[135.366711,34.415277],[135.366711,34.415988],[135.366711,34.415988]]],[[[135.367573,34.411721],[135.367573,34.41101],[135.368435,34.41101],[135.367573,34.411721],[135.367573,34.411721]]]]}},{"type":"Feature","properties":{"kind":"muni","id":"27362","tier":"C","name":"田尻町","parent":"田尻町","note":"机场旁小町"},"geometry":{"type":"MultiPolygon","coordinates":[[[[135.289129,34.38327],[135.289129,34.383981],[135.288267,34.384693],[135.287405,34.385404],[135.286543,34.384693],[135.285681,34.383981],[135.283095,34.387538],[135.281371,34.389672],[135.282233,34.390383],[135.283957,34.391095],[135.282233,34.393229],[135.279647,34.395363],[135.283095,34.398208],[135.283957,34.397497],[135.286543,34.39963],[135.286543,34.400342],[135.286543,34.401053],[135.289129,34.403187],[135.293439,34.400342],[135.294301,34.39963],[135.295163,34.39963],[135.296025,34.39963],[135.296887,34.398919],[135.295163,34.397497],[135.296025,34.396785],[135.297749,34.395363],[135.297749,34.394651],[135.298611,34.39394],[135.297749,34.39394],[135.298611,34.393229],[135.298611,34.392518],[135.297749,34.393229],[135.296887,34.392518],[135.297749,34.391095],[135.298611,34.391806],[135.299473,34.391095],[135.300335,34.391095],[135.300335,34.389672],[135.299473,34.388961],[135.298611,34.389672],[135.297749,34.388961],[135.297749,34.389672],[135.296887,34.389672],[135.297749,34.388249],[135.296887,34.388249],[135.298611,34.385404],[135.296887,34.384693],[135.295163,34.386827],[135.294301,34.386115],[135.295163,34.386115],[135.294301,34.385404],[135.292577,34.385404],[135.291715,34.385404],[135.289129,34.383981],[135.289991,34.38327],[135.289129,34.38327],[135.289129,34.38327]],[[135.288267,34.396074],[135.287405,34.396785],[135.288267,34.397497],[135.288267,34.398208],[135.286543,34.39963],[135.284819,34.397497],[135.287405,34.396074],[135.288267,34.396074],[135.288267,34.396074]]],[[[135.241718,34.437319],[135.252062,34.430209],[135.2512,34.430209],[135.239994,34.423099],[135.230512,34.429498],[135.228787,34.43092],[135.218443,34.438741],[135.228787,34.44585],[135.233098,34.443718],[135.226201,34.438741],[135.22965,34.435186],[135.234822,34.43803],[135.235684,34.437319],[135.236546,34.438741],[135.236546,34.43803],[135.230512,34.434475],[135.230512,34.433764],[135.233098,34.431631],[135.241718,34.437319],[135.241718,34.437319]]]]}},{"type":"Feature","properties":{"kind":"muni","id":"27366","tier":"D","name":"岬町","parent":"岬町","note":"府最南端,极不便"},"geometry":{"type":"Polygon","coordinates":[[[135.120173,34.322778],[135.121035,34.321354],[135.122759,34.31993],[135.122759,34.320642],[135.121897,34.321354],[135.121035,34.322066],[135.121897,34.322778],[135.121035,34.322778],[135.121035,34.32349],[135.121897,34.324202],[135.123621,34.324914],[135.124483,34.324914],[135.125345,34.325626],[135.126207,34.324914],[135.127069,34.324202],[135.130517,34.326338],[135.133103,34.32349],[135.130517,34.322066],[135.130517,34.321354],[135.129655,34.321354],[135.131379,34.31993],[135.133103,34.319219],[135.133965,34.319219],[135.134827,34.319219],[135.134827,34.320642],[135.134827,34.319219],[135.135689,34.319219],[135.139137,34.318507],[135.140861,34.31993],[135.141723,34.319219],[135.139137,34.318507],[135.139999,34.317795],[135.141723,34.318507],[135.142585,34.319219],[135.141723,34.319219],[135.142585,34.31993],[135.143447,34.319219],[135.144309,34.31993],[135.143447,34.320642],[135.145171,34.321354],[135.145171,34.322066],[135.146033,34.322066],[135.147757,34.32349],[135.146895,34.324914],[135.146033,34.324914],[135.146033,34.325626],[135.147757,34.326338],[135.149482,34.326338],[135.149482,34.32705],[135.150344,34.32705],[135.150344,34.327762],[135.150344,34.328473],[135.151206,34.328473],[135.151206,34.329185],[135.15293,34.329897],[135.15293,34.330609],[135.15293,34.331321],[135.153792,34.331321],[135.154654,34.331321],[135.155516,34.331321],[135.156378,34.332033],[135.15724,34.332033],[135.158102,34.331321],[135.158964,34.331321],[135.159826,34.331321],[135.16155,34.331321],[135.162412,34.331321],[135.163274,34.331321],[135.164136,34.332033],[135.164998,34.332033],[135.166722,34.333456],[135.168446,34.335592],[135.168446,34.336304],[135.169308,34.336304],[135.17017,34.335592],[135.171894,34.336304],[135.17017,34.335592],[135.17017,34.33488],[135.171032,34.33488],[135.172756,34.336304],[135.173618,34.336304],[135.173618,34.337015],[135.175342,34.337727],[135.176204,34.337727],[135.177928,34.338439],[135.180514,34.340574],[135.182238,34.339863],[135.1831,34.339151],[135.181376,34.339863],[135.180514,34.340574],[135.177928,34.338439],[135.177066,34.337727],[135.177928,34.337015],[135.17879,34.336304],[135.179652,34.336304],[135.180514,34.336304],[135.180514,34.337015],[135.180514,34.336304],[135.1831,34.336304],[135.184824,34.336304],[135.185686,34.337015],[135.18741,34.337015],[135.188272,34.337015],[135.189135,34.337015],[135.189997,34.337727],[135.190859,34.337015],[135.191721,34.337727],[135.191721,34.338439],[135.192583,34.337727],[135.193445,34.337727],[135.193445,34.338439],[135.194307,34.336304],[135.193445,34.335592],[135.191721,34.33488],[135.190859,34.334168],[135.190859,34.333456],[135.189997,34.332745],[135.189135,34.332033],[135.188272,34.332033],[135.189135,34.330609],[135.189997,34.329185],[135.191721,34.329185],[135.191721,34.329897],[135.192583,34.329897],[135.192583,34.329185],[135.192583,34.328473],[135.193445,34.327762],[135.193445,34.326338],[135.193445,34.324914],[135.193445,34.32349],[135.193445,34.322778],[135.194307,34.322778],[135.193445,34.321354],[135.192583,34.321354],[135.191721,34.321354],[135.190859,34.320642],[135.189135,34.320642],[135.188272,34.31993],[135.188272,34.319219],[135.189135,34.318507],[135.189997,34.318507],[135.190859,34.317795],[135.190859,34.316371],[135.190859,34.315659],[135.191721,34.313523],[135.191721,34.312099],[135.193445,34.312099],[135.193445,34.311387],[135.195169,34.310675],[135.196893,34.312099],[135.197755,34.312099],[135.198617,34.312099],[135.200341,34.312099],[135.202065,34.312811],[135.202065,34.312099],[135.202927,34.312099],[135.202065,34.310675],[135.202927,34.309963],[135.202927,34.309251],[135.203789,34.308539],[135.205513,34.308539],[135.206375,34.309251],[135.208099,34.309251],[135.208099,34.308539],[135.208099,34.307827],[135.208961,34.307114],[135.208099,34.30569],[135.208961,34.304266],[135.208099,34.302842],[135.207237,34.301418],[135.206375,34.300706],[135.205513,34.299994],[135.204651,34.298569],[135.204651,34.297857],[135.204651,34.297145],[135.205513,34.296433],[135.204651,34.295721],[135.204651,34.294297],[135.204651,34.293584],[135.204651,34.292872],[135.204651,34.291448],[135.204651,34.290736],[135.205513,34.288599],[135.204651,34.287887],[135.202927,34.287887],[135.202927,34.287175],[135.201203,34.287887],[135.200341,34.287887],[135.199479,34.287175],[135.198617,34.287887],[135.197755,34.287175],[135.196031,34.28575],[135.195169,34.286462],[135.195169,34.287175],[135.193445,34.287175],[135.191721,34.286462],[135.190859,34.285038],[135.190859,34.284326],[135.189997,34.282901],[135.188272,34.283613],[135.186548,34.282189],[135.185686,34.281477],[135.184824,34.281477],[135.184824,34.280764],[135.184824,34.27934],[135.183962,34.278628],[135.1831,34.278628],[135.182238,34.27934],[135.181376,34.27934],[135.180514,34.280052],[135.179652,34.27934],[135.17879,34.278628],[135.176204,34.280052],[135.17448,34.280052],[135.173618,34.280052],[135.171894,34.280764],[135.17017,34.280052],[135.169308,34.280052],[135.168446,34.280052],[135.166722,34.280052],[135.16586,34.278628],[135.164998,34.278628],[135.163274,34.278628],[135.162412,34.277915],[135.16155,34.277915],[135.16155,34.277203],[135.159826,34.277915],[135.158964,34.277203],[135.158102,34.277203],[135.156378,34.276491],[135.155516,34.275778],[135.154654,34.274354],[135.153792,34.274354],[135.15293,34.275066],[135.15293,34.275778],[135.153792,34.276491],[135.153792,34.277203],[135.153792,34.277915],[135.15293,34.27934],[135.154654,34.280052],[135.154654,34.281477],[135.153792,34.281477],[135.153792,34.282189],[135.15293,34.282189],[135.152068,34.282189],[135.150344,34.282189],[135.148619,34.282901],[135.148619,34.283613],[135.146895,34.283613],[135.146895,34.282901],[135.146033,34.282901],[135.146033,34.282189],[135.145171,34.281477],[135.144309,34.281477],[135.143447,34.280764],[135.143447,34.280052],[135.142585,34.280764],[135.140861,34.282189],[135.139999,34.282189],[135.139137,34.281477],[135.139137,34.280764],[135.139999,34.280052],[135.139999,34.27934],[135.139137,34.278628],[135.139137,34.277915],[135.138275,34.277203],[135.138275,34.276491],[135.138275,34.275066],[135.138275,34.274354],[135.137413,34.273641],[135.135689,34.273641],[135.135689,34.272929],[135.133965,34.272929],[135.132241,34.272217],[135.131379,34.272217],[135.130517,34.272929],[135.128793,34.275066],[135.128793,34.275778],[135.127931,34.276491],[135.126207,34.276491],[135.126207,34.277203],[135.125345,34.277203],[135.125345,34.276491],[135.123621,34.276491],[135.122759,34.275066],[135.122759,34.274354],[135.121897,34.275066],[135.121035,34.273641],[135.120173,34.273641],[135.118449,34.273641],[135.118449,34.272929],[135.116725,34.272929],[135.116725,34.273641],[135.115001,34.274354],[135.114139,34.274354],[135.113277,34.273641],[135.112415,34.273641],[135.111553,34.273641],[135.111553,34.272217],[135.111553,34.271504],[135.110691,34.272217],[135.109829,34.272929],[135.109829,34.273641],[135.109829,34.274354],[135.108967,34.275778],[135.108104,34.276491],[135.108104,34.277203],[135.108104,34.277915],[135.107242,34.277915],[135.107242,34.27934],[135.108104,34.280764],[135.108104,34.281477],[135.108967,34.282189],[135.108967,34.282901],[135.108104,34.283613],[135.108967,34.283613],[135.108104,34.284326],[135.10638,34.284326],[135.105518,34.284326],[135.104656,34.285038],[135.104656,34.28575],[135.102932,34.286462],[135.10207,34.28575],[135.101208,34.28575],[135.101208,34.287175],[135.100346,34.287175],[135.099484,34.288599],[135.098622,34.288599],[135.098622,34.289311],[135.098622,34.290023],[135.098622,34.290736],[135.099484,34.291448],[135.100346,34.29216],[135.099484,34.292872],[135.099484,34.293584],[135.099484,34.294297],[135.098622,34.295009],[135.09776,34.295721],[135.096898,34.295721],[135.096898,34.296433],[135.096898,34.297145],[135.09776,34.297145],[135.09776,34.297857],[135.09776,34.298569],[135.099484,34.299282],[135.100346,34.299282],[135.100346,34.299994],[135.101208,34.300706],[135.10207,34.300706],[135.102932,34.30213],[135.103794,34.30213],[135.104656,34.303554],[135.104656,34.304266],[135.105518,34.304978],[135.10638,34.30569],[135.10638,34.306402],[135.10638,34.307114],[135.10638,34.307827],[135.10638,34.309251],[135.105518,34.309251],[135.104656,34.309251],[135.104656,34.309963],[135.103794,34.309963],[135.102932,34.309963],[135.103794,34.311387],[135.10207,34.310675],[135.10207,34.309963],[135.100346,34.309251],[135.100346,34.309963],[135.099484,34.309251],[135.09776,34.308539],[135.09776,34.307827],[135.096898,34.307827],[135.09345,34.311387],[135.091726,34.312811],[135.092588,34.312099],[135.09345,34.312099],[135.094312,34.312099],[135.094312,34.314235],[135.09345,34.314235],[135.092588,34.314235],[135.091726,34.314947],[135.09345,34.314947],[135.094312,34.314947],[135.095174,34.314947],[135.096036,34.314235],[135.096898,34.314235],[135.098622,34.314235],[135.099484,34.314947],[135.099484,34.316371],[135.100346,34.317083],[135.101208,34.318507],[135.101208,34.319219],[135.10207,34.31993],[135.102932,34.31993],[135.105518,34.320642],[135.10638,34.320642],[135.108104,34.321354],[135.110691,34.322066],[135.112415,34.322066],[135.113277,34.322066],[135.114139,34.322066],[135.115863,34.322778],[135.118449,34.321354],[135.119311,34.322066],[135.120173,34.321354],[135.120173,34.320642],[135.121035,34.319219],[135.120173,34.321354],[135.119311,34.322778],[135.120173,34.322778],[135.120173,34.322778]]]}},{"type":"Feature","properties":{"kind":"muni","id":"27381","tier":"D","name":"太子町","parent":"太子町","note":"乡村车社会"},"geometry":{"type":"Polygon","coordinates":[[[135.623593,34.514777],[135.620145,34.514777],[135.621007,34.515487],[135.621869,34.516907],[135.621869,34.517618],[135.621869,34.518328],[135.621007,34.520459],[135.621869,34.521169],[135.621007,34.522589],[135.621869,34.522589],[135.624455,34.522589],[135.624455,34.52401],[135.624455,34.5233],[135.626179,34.52401],[135.627041,34.5233],[135.627041,34.521879],[135.627041,34.522589],[135.627041,34.52543],[135.627903,34.52543],[135.628765,34.52543],[135.628765,34.52472],[135.628765,34.52614],[135.630489,34.52614],[135.631351,34.52543],[135.632214,34.52543],[135.630489,34.52614],[135.631351,34.527561],[135.632214,34.526851],[135.633938,34.527561],[135.6348,34.526851],[135.636524,34.528271],[135.637386,34.528981],[135.638248,34.529691],[135.63911,34.530402],[135.63911,34.531112],[135.639972,34.531112],[135.640834,34.531112],[135.642558,34.530402],[135.642558,34.531112],[135.642558,34.530402],[135.64342,34.530402],[135.644282,34.531112],[135.644282,34.531822],[135.645144,34.531822],[135.645144,34.533242],[135.646006,34.533952],[135.646868,34.534662],[135.648592,34.533952],[135.649454,34.533242],[135.650316,34.533242],[135.651178,34.533242],[135.65204,34.533952],[135.655488,34.536793],[135.655488,34.537503],[135.65635,34.538923],[135.658936,34.540343],[135.659798,34.541053],[135.659798,34.539633],[135.659798,34.538923],[135.66066,34.538213],[135.66066,34.537503],[135.661522,34.536793],[135.662384,34.536083],[135.661522,34.534662],[135.661522,34.533952],[135.661522,34.533242],[135.661522,34.532532],[135.661522,34.531822],[135.662384,34.531112],[135.661522,34.530402],[135.663246,34.529691],[135.663246,34.530402],[135.664108,34.530402],[135.66497,34.530402],[135.666694,34.529691],[135.667556,34.529691],[135.666694,34.530402],[135.667556,34.531112],[135.668418,34.531112],[135.66928,34.530402],[135.670142,34.531112],[135.671867,34.529691],[135.673591,34.528271],[135.675315,34.526851],[135.676177,34.52614],[135.677039,34.52543],[135.677039,34.52401],[135.676177,34.5233],[135.676177,34.522589],[135.676177,34.521879],[135.676177,34.521169],[135.677901,34.518328],[135.677039,34.517618],[135.677039,34.516907],[135.677039,34.516197],[135.677039,34.515487],[135.677039,34.514777],[135.677039,34.513356],[135.677901,34.512646],[135.677901,34.511935],[135.677901,34.511225],[135.678763,34.509804],[135.677039,34.509804],[135.676177,34.509094],[135.676177,34.508384],[135.677039,34.507673],[135.677039,34.506963],[135.676177,34.506253],[135.675315,34.505542],[135.674453,34.505542],[135.673591,34.505542],[135.671867,34.505542],[135.671004,34.505542],[135.66928,34.505542],[135.667556,34.504832],[135.666694,34.504122],[135.665832,34.504122],[135.66497,34.504122],[135.664108,34.503411],[135.662384,34.50199],[135.662384,34.50128],[135.661522,34.50057],[135.66066,34.499859],[135.658936,34.499149],[135.659798,34.498438],[135.657212,34.497728],[135.65635,34.497728],[135.655488,34.497728],[135.653764,34.497728],[135.652902,34.498438],[135.65204,34.497728],[135.651178,34.497728],[135.650316,34.497728],[135.649454,34.497728],[135.649454,34.497018],[135.649454,34.497728],[135.648592,34.497728],[135.64773,34.498438],[135.648592,34.498438],[135.649454,34.498438],[135.650316,34.498438],[135.649454,34.499149],[135.649454,34.499859],[135.649454,34.50057],[135.646006,34.50199],[135.645144,34.50199],[135.644282,34.50199],[135.645144,34.50199],[135.644282,34.502701],[135.644282,34.503411],[135.64342,34.503411],[135.642558,34.504122],[135.642558,34.503411],[135.64342,34.503411],[135.644282,34.502701],[135.642558,34.503411],[135.641696,34.504122],[135.640834,34.502701],[135.641696,34.50199],[135.640834,34.50128],[135.639972,34.50199],[135.639972,34.502701],[135.639972,34.503411],[135.639972,34.504832],[135.63911,34.505542],[135.639972,34.506253],[135.63911,34.506253],[135.638248,34.506963],[135.638248,34.507673],[135.637386,34.508384],[135.637386,34.507673],[135.635662,34.506963],[135.636524,34.507673],[135.637386,34.508384],[135.635662,34.509804],[135.6348,34.510515],[135.633938,34.511225],[135.633076,34.511225],[135.632214,34.511935],[135.631351,34.512646],[135.631351,34.513356],[135.630489,34.514066],[135.629627,34.514066],[135.629627,34.514777],[135.626179,34.514777],[135.625317,34.514777],[135.623593,34.514777],[135.623593,34.514777]]]}},{"type":"Feature","properties":{"kind":"muni","id":"27382","tier":"D","name":"河南町","parent":"河南町","note":"乡村车社会"},"geometry":{"type":"MultiPolygon","coordinates":[[[[135.640834,34.460777],[135.640834,34.460066],[135.641696,34.459356],[135.640834,34.460066],[135.639972,34.460777],[135.640834,34.460777],[135.639972,34.461488],[135.640834,34.461488],[135.640834,34.460777],[135.640834,34.460777]]],[[[135.635662,34.465752],[135.6348,34.466463],[135.633938,34.466463],[135.633938,34.465752],[135.6348,34.465752],[135.633938,34.465042],[135.633938,34.464331],[135.633938,34.465042],[135.633938,34.466463],[135.633938,34.467174],[135.635662,34.466463],[135.635662,34.465752],[135.635662,34.465752]]],[[[135.616697,34.47428],[135.616697,34.474991],[135.616697,34.476412],[135.617559,34.477123],[135.617559,34.478544],[135.616697,34.478544],[135.616697,34.479255],[135.615835,34.479255],[135.614973,34.479965],[135.614973,34.481386],[135.614111,34.481386],[135.613249,34.481386],[135.613249,34.482097],[135.612387,34.482097],[135.613249,34.483518],[135.613249,34.484229],[135.612387,34.484229],[135.612387,34.484939],[135.613249,34.484939],[135.614111,34.484939],[135.614111,34.48636],[135.613249,34.487071],[135.613249,34.489913],[135.613249,34.490623],[135.614111,34.490623],[135.615835,34.490623],[135.616697,34.489913],[135.617559,34.489913],[135.618421,34.490623],[135.618421,34.491334],[135.617559,34.492044],[135.618421,34.492044],[135.619283,34.492044],[135.618421,34.492755],[135.618421,34.494176],[135.619283,34.494176],[135.620145,34.493465],[135.620145,34.494176],[135.621007,34.493465],[135.621007,34.494176],[135.621007,34.490623],[135.621869,34.490623],[135.622731,34.490623],[135.623593,34.489913],[135.622731,34.489202],[135.623593,34.488492],[135.625317,34.488492],[135.625317,34.487781],[135.625317,34.48636],[135.627041,34.48636],[135.627041,34.488492],[135.627041,34.489913],[135.627903,34.489913],[135.627903,34.498438],[135.626179,34.498438],[135.624455,34.499149],[135.624455,34.499859],[135.622731,34.499859],[135.621869,34.50057],[135.621007,34.502701],[135.620145,34.504122],[135.620145,34.504832],[135.620145,34.505542],[135.619283,34.505542],[135.618421,34.506253],[135.617559,34.506963],[135.616697,34.506963],[135.617559,34.507673],[135.618421,34.508384],[135.617559,34.509094],[135.618421,34.513356],[135.618421,34.514066],[135.620145,34.514066],[135.620145,34.514777],[135.623593,34.514777],[135.625317,34.514777],[135.626179,34.514777],[135.629627,34.514777],[135.629627,34.514066],[135.630489,34.514066],[135.631351,34.513356],[135.631351,34.512646],[135.632214,34.511935],[135.633076,34.511225],[135.633938,34.511225],[135.6348,34.510515],[135.635662,34.509804],[135.637386,34.508384],[135.636524,34.507673],[135.635662,34.506963],[135.637386,34.507673],[135.637386,34.508384],[135.638248,34.507673],[135.638248,34.506963],[135.63911,34.506253],[135.639972,34.506253],[135.63911,34.505542],[135.639972,34.504832],[135.639972,34.503411],[135.639972,34.502701],[135.639972,34.50199],[135.640834,34.50128],[135.641696,34.50199],[135.640834,34.502701],[135.641696,34.504122],[135.642558,34.503411],[135.644282,34.502701],[135.64342,34.503411],[135.642558,34.503411],[135.642558,34.504122],[135.64342,34.503411],[135.644282,34.503411],[135.644282,34.502701],[135.645144,34.50199],[135.644282,34.50199],[135.645144,34.50199],[135.646006,34.50199],[135.649454,34.50057],[135.649454,34.499859],[135.649454,34.499149],[135.650316,34.498438],[135.649454,34.498438],[135.648592,34.498438],[135.64773,34.498438],[135.648592,34.497728],[135.649454,34.497728],[135.649454,34.497018],[135.649454,34.497728],[135.650316,34.497728],[135.651178,34.497728],[135.65204,34.497728],[135.652902,34.498438],[135.653764,34.497728],[135.655488,34.497728],[135.65635,34.497728],[135.657212,34.497728],[135.659798,34.498438],[135.658936,34.499149],[135.66066,34.499859],[135.661522,34.50057],[135.662384,34.50128],[135.662384,34.50199],[135.664108,34.503411],[135.66497,34.504122],[135.665832,34.504122],[135.666694,34.504122],[135.667556,34.504832],[135.66928,34.505542],[135.671004,34.505542],[135.671867,34.505542],[135.673591,34.505542],[135.674453,34.505542],[135.675315,34.505542],[135.674453,34.504122],[135.673591,34.503411],[135.672729,34.503411],[135.673591,34.502701],[135.673591,34.50199],[135.675315,34.50199],[135.676177,34.50128],[135.677039,34.50057],[135.677901,34.499859],[135.678763,34.499859],[135.679625,34.499149],[135.678763,34.498438],[135.679625,34.498438],[135.678763,34.497728],[135.678763,34.497018],[135.679625,34.495597],[135.680487,34.495597],[135.679625,34.494176],[135.679625,34.493465],[135.679625,34.492755],[135.679625,34.491334],[135.680487,34.489913],[135.680487,34.489202],[135.680487,34.488492],[135.682211,34.488492],[135.683073,34.487781],[135.683073,34.48636],[135.683935,34.48565],[135.684797,34.48565],[135.684797,34.484939],[135.684797,34.484229],[135.684797,34.483518],[135.684797,34.482808],[135.683935,34.482097],[135.683073,34.481386],[135.682211,34.481386],[135.681349,34.479965],[135.681349,34.479255],[135.681349,34.478544],[135.682211,34.477833],[135.682211,34.477123],[135.683073,34.477123],[135.683073,34.476412],[135.683073,34.475702],[135.683073,34.474991],[135.683073,34.47428],[135.683073,34.472148],[135.683073,34.471438],[135.683935,34.470727],[135.683073,34.470016],[135.683073,34.469306],[135.683073,34.467884],[135.682211,34.467884],[135.682211,34.466463],[135.682211,34.465042],[135.683073,34.464331],[135.682211,34.46362],[135.681349,34.465752],[135.680487,34.466463],[135.680487,34.467174],[135.679625,34.467884],[135.678763,34.468595],[135.677901,34.468595],[135.676177,34.468595],[135.675315,34.469306],[135.674453,34.469306],[135.673591,34.469306],[135.672729,34.468595],[135.671867,34.469306],[135.671004,34.468595],[135.670142,34.468595],[135.66928,34.468595],[135.667556,34.468595],[135.666694,34.469306],[135.666694,34.468595],[135.667556,34.467884],[135.668418,34.467174],[135.666694,34.467174],[135.667556,34.466463],[135.665832,34.467174],[135.665832,34.466463],[135.66497,34.467174],[135.66497,34.466463],[135.664108,34.466463],[135.663246,34.467174],[135.663246,34.467884],[135.661522,34.467174],[135.66066,34.467174],[135.659798,34.467174],[135.658074,34.466463],[135.65635,34.467174],[135.655488,34.467174],[135.654626,34.467174],[135.654626,34.466463],[135.654626,34.465752],[135.655488,34.465752],[135.655488,34.466463],[135.65635,34.466463],[135.65635,34.465752],[135.657212,34.465752],[135.659798,34.465752],[135.662384,34.465752],[135.661522,34.465752],[135.659798,34.465752],[135.66066,34.465042],[135.659798,34.465042],[135.658936,34.465752],[135.658936,34.464331],[135.658074,34.464331],[135.658074,34.465042],[135.658074,34.465752],[135.657212,34.465042],[135.657212,34.464331],[135.65635,34.465042],[135.65635,34.464331],[135.658074,34.462909],[135.657212,34.462909],[135.658936,34.461488],[135.657212,34.461488],[135.65635,34.461488],[135.655488,34.461488],[135.654626,34.459356],[135.654626,34.458645],[135.655488,34.458645],[135.655488,34.457934],[135.65635,34.457223],[135.657212,34.457223],[135.658074,34.457223],[135.658074,34.456513],[135.658936,34.457223],[135.658936,34.456513],[135.659798,34.457223],[135.659798,34.455802],[135.658936,34.45438],[135.659798,34.45438],[135.659798,34.453669],[135.659798,34.452959],[135.66066,34.452959],[135.661522,34.452248],[135.66066,34.452248],[135.661522,34.451537],[135.662384,34.450826],[135.663246,34.450115],[135.664108,34.450115],[135.664108,34.449404],[135.665832,34.448694],[135.666694,34.449404],[135.666694,34.448694],[135.666694,34.447272],[135.667556,34.447983],[135.667556,34.447272],[135.666694,34.446561],[135.665832,34.447272],[135.665832,34.446561],[135.66497,34.447272],[135.66497,34.447983],[135.663246,34.448694],[135.661522,34.449404],[135.661522,34.450115],[135.66066,34.450115],[135.661522,34.449404],[135.66066,34.449404],[135.66066,34.450115],[135.66066,34.450826],[135.659798,34.450115],[135.659798,34.448694],[135.658936,34.449404],[135.658936,34.450115],[135.659798,34.450826],[135.658936,34.451537],[135.658074,34.452248],[135.658074,34.452959],[135.658074,34.453669],[135.657212,34.453669],[135.65635,34.45438],[135.655488,34.455091],[135.654626,34.455802],[135.653764,34.456513],[135.65204,34.456513],[135.651178,34.456513],[135.651178,34.455802],[135.65204,34.455802],[135.651178,34.455091],[135.650316,34.455802],[135.650316,34.455091],[135.649454,34.455802],[135.649454,34.456513],[135.64773,34.456513],[135.64773,34.455091],[135.646868,34.455091],[135.646868,34.456513],[135.646006,34.456513],[135.646868,34.457934],[135.646006,34.457934],[135.645144,34.457934],[135.645144,34.458645],[135.644282,34.459356],[135.644282,34.458645],[135.645144,34.458645],[135.644282,34.458645],[135.644282,34.459356],[135.64342,34.459356],[135.64342,34.458645],[135.642558,34.460066],[135.641696,34.460777],[135.642558,34.460777],[135.64342,34.460777],[135.641696,34.462199],[135.640834,34.46362],[135.639972,34.46362],[135.63911,34.46362],[135.63911,34.465042],[135.638248,34.465042],[135.637386,34.464331],[135.637386,34.465042],[135.637386,34.466463],[135.635662,34.467174],[135.6348,34.467884],[135.633938,34.467174],[135.633076,34.467884],[135.627041,34.467174],[135.627041,34.469306],[135.627041,34.470727],[135.627041,34.472148],[135.627041,34.476412],[135.624455,34.476412],[135.623593,34.475702],[135.622731,34.476412],[135.621007,34.476412],[135.621007,34.475702],[135.620145,34.474991],[135.619283,34.474991],[135.617559,34.47428],[135.616697,34.47428],[135.616697,34.47428]]]]}},{"type":"Feature","properties":{"kind":"muni","id":"27383","tier":"D","name":"千早赤阪村","parent":"千早赤阪村","note":"府内唯一村,山区"},"geometry":{"type":"Polygon","coordinates":[[[135.602043,34.439452],[135.602905,34.439452],[135.603767,34.440163],[135.604629,34.440874],[135.603767,34.441585],[135.604629,34.443007],[135.605491,34.443007],[135.607215,34.44585],[135.608077,34.44585],[135.608939,34.44585],[135.609801,34.445139],[135.610663,34.445139],[135.611525,34.44585],[135.612387,34.447983],[135.612387,34.448694],[135.614111,34.449404],[135.614111,34.450115],[135.614973,34.450826],[135.615835,34.451537],[135.615835,34.452248],[135.615835,34.452959],[135.615835,34.45438],[135.616697,34.455091],[135.616697,34.455802],[135.615835,34.456513],[135.614973,34.457223],[135.615835,34.457934],[135.616697,34.458645],[135.616697,34.459356],[135.616697,34.460777],[135.617559,34.461488],[135.617559,34.462199],[135.617559,34.46362],[135.616697,34.465042],[135.616697,34.466463],[135.615835,34.466463],[135.615835,34.467884],[135.614973,34.469306],[135.614973,34.470016],[135.614973,34.471438],[135.614973,34.472148],[135.615835,34.47357],[135.616697,34.47357],[135.616697,34.47428],[135.617559,34.47428],[135.619283,34.474991],[135.620145,34.474991],[135.621007,34.475702],[135.621007,34.476412],[135.622731,34.476412],[135.623593,34.475702],[135.624455,34.476412],[135.627041,34.476412],[135.627041,34.472148],[135.627041,34.470727],[135.627041,34.469306],[135.627041,34.467174],[135.633076,34.467884],[135.633938,34.467174],[135.6348,34.467884],[135.635662,34.467174],[135.637386,34.466463],[135.637386,34.465042],[135.637386,34.464331],[135.638248,34.465042],[135.63911,34.465042],[135.63911,34.46362],[135.639972,34.46362],[135.640834,34.46362],[135.641696,34.462199],[135.64342,34.460777],[135.642558,34.460777],[135.641696,34.460777],[135.642558,34.460066],[135.64342,34.458645],[135.64342,34.459356],[135.644282,34.459356],[135.644282,34.458645],[135.645144,34.458645],[135.644282,34.458645],[135.644282,34.459356],[135.645144,34.458645],[135.645144,34.457934],[135.646006,34.457934],[135.646868,34.457934],[135.646006,34.456513],[135.646868,34.456513],[135.646868,34.455091],[135.64773,34.455091],[135.64773,34.456513],[135.649454,34.456513],[135.649454,34.455802],[135.650316,34.455091],[135.650316,34.455802],[135.651178,34.455091],[135.65204,34.455802],[135.651178,34.455802],[135.651178,34.456513],[135.65204,34.456513],[135.653764,34.456513],[135.654626,34.455802],[135.655488,34.455091],[135.65635,34.45438],[135.657212,34.453669],[135.658074,34.453669],[135.658074,34.452959],[135.658074,34.452248],[135.658936,34.451537],[135.659798,34.450826],[135.658936,34.450115],[135.658936,34.449404],[135.659798,34.448694],[135.659798,34.450115],[135.66066,34.450826],[135.66066,34.450115],[135.66066,34.449404],[135.661522,34.449404],[135.66066,34.450115],[135.661522,34.450115],[135.661522,34.449404],[135.663246,34.448694],[135.66497,34.447983],[135.66497,34.447272],[135.665832,34.446561],[135.665832,34.447272],[135.666694,34.446561],[135.667556,34.447272],[135.667556,34.447983],[135.666694,34.447272],[135.666694,34.448694],[135.666694,34.449404],[135.665832,34.448694],[135.664108,34.449404],[135.664108,34.450115],[135.663246,34.450115],[135.662384,34.450826],[135.661522,34.451537],[135.66066,34.452248],[135.661522,34.452248],[135.66066,34.452959],[135.659798,34.452959],[135.659798,34.453669],[135.659798,34.45438],[135.658936,34.45438],[135.659798,34.455802],[135.659798,34.457223],[135.658936,34.456513],[135.658936,34.457223],[135.658074,34.456513],[135.658074,34.457223],[135.657212,34.457223],[135.65635,34.457223],[135.655488,34.457934],[135.655488,34.458645],[135.654626,34.458645],[135.654626,34.459356],[135.655488,34.461488],[135.65635,34.461488],[135.657212,34.461488],[135.658936,34.461488],[135.657212,34.462909],[135.658074,34.462909],[135.65635,34.464331],[135.65635,34.465042],[135.657212,34.464331],[135.657212,34.465042],[135.658074,34.465752],[135.658074,34.465042],[135.658074,34.464331],[135.658936,34.464331],[135.658936,34.465752],[135.659798,34.465042],[135.66066,34.465042],[135.659798,34.465752],[135.661522,34.465752],[135.662384,34.465752],[135.659798,34.465752],[135.657212,34.465752],[135.65635,34.465752],[135.65635,34.466463],[135.655488,34.466463],[135.655488,34.465752],[135.654626,34.465752],[135.654626,34.466463],[135.654626,34.467174],[135.655488,34.467174],[135.65635,34.467174],[135.658074,34.466463],[135.659798,34.467174],[135.66066,34.467174],[135.661522,34.467174],[135.663246,34.467884],[135.663246,34.467174],[135.664108,34.466463],[135.66497,34.466463],[135.66497,34.467174],[135.665832,34.466463],[135.665832,34.467174],[135.667556,34.466463],[135.666694,34.467174],[135.668418,34.467174],[135.667556,34.467884],[135.666694,34.468595],[135.666694,34.469306],[135.667556,34.468595],[135.66928,34.468595],[135.670142,34.468595],[135.671004,34.468595],[135.671867,34.469306],[135.672729,34.468595],[135.673591,34.469306],[135.674453,34.469306],[135.675315,34.469306],[135.676177,34.468595],[135.677901,34.468595],[135.678763,34.468595],[135.679625,34.467884],[135.680487,34.467174],[135.680487,34.466463],[135.681349,34.465752],[135.682211,34.46362],[135.682211,34.462909],[135.682211,34.460777],[135.682211,34.460066],[135.682211,34.459356],[135.683073,34.457934],[135.683073,34.457223],[135.682211,34.456513],[135.682211,34.455802],[135.683935,34.45438],[135.685659,34.453669],[135.686521,34.452248],[135.687383,34.452248],[135.686521,34.451537],[135.687383,34.451537],[135.687383,34.450826],[135.687383,34.450115],[135.687383,34.448694],[135.686521,34.447983],[135.685659,34.447272],[135.684797,34.44585],[135.683935,34.445139],[135.681349,34.443718],[135.681349,34.442296],[135.680487,34.440874],[135.681349,34.440874],[135.680487,34.439452],[135.681349,34.43803],[135.681349,34.437319],[135.680487,34.436608],[135.679625,34.434475],[135.679625,34.433764],[135.678763,34.432342],[135.677039,34.431631],[135.677039,34.43092],[135.676177,34.430209],[135.675315,34.429498],[135.674453,34.428787],[135.672729,34.427365],[135.672729,34.426654],[135.671867,34.425943],[135.671867,34.426654],[135.670142,34.427365],[135.667556,34.426654],[135.665832,34.425943],[135.66497,34.425232],[135.664108,34.424521],[135.66497,34.423099],[135.66497,34.422388],[135.66497,34.420966],[135.665832,34.420255],[135.665832,34.419544],[135.666694,34.418833],[135.667556,34.418121],[135.666694,34.416699],[135.667556,34.415277],[135.667556,34.414566],[135.668418,34.413855],[135.670142,34.413144],[135.671004,34.413144],[135.672729,34.412432],[135.673591,34.412432],[135.676177,34.413855],[135.677039,34.413855],[135.677901,34.413855],[135.677901,34.413144],[135.677901,34.411721],[135.678763,34.41101],[135.678763,34.410299],[135.679625,34.409588],[135.680487,34.409588],[135.680487,34.408165],[135.679625,34.407454],[135.677901,34.407454],[135.677039,34.406032],[135.676177,34.40532],[135.677039,34.404609],[135.676177,34.403898],[135.676177,34.403187],[135.677039,34.402476],[135.677039,34.401764],[135.677039,34.400342],[135.676177,34.398919],[135.674453,34.398919],[135.672729,34.398919],[135.671867,34.398208],[135.671004,34.398208],[135.670142,34.398208],[135.66928,34.397497],[135.667556,34.397497],[135.666694,34.396785],[135.66497,34.396785],[135.664108,34.397497],[135.664108,34.396785],[135.663246,34.396074],[135.662384,34.396074],[135.661522,34.396074],[135.66066,34.396074],[135.658936,34.395363],[135.658074,34.395363],[135.657212,34.396074],[135.655488,34.396074],[135.65635,34.396785],[135.657212,34.397497],[135.65635,34.398208],[135.65635,34.39963],[135.655488,34.39963],[135.654626,34.400342],[135.653764,34.400342],[135.65204,34.401053],[135.651178,34.401764],[135.650316,34.402476],[135.650316,34.403187],[135.649454,34.403898],[135.648592,34.40532],[135.64773,34.406743],[135.646868,34.407454],[135.646006,34.409588],[135.645144,34.410299],[135.645144,34.411721],[135.64342,34.411721],[135.642558,34.412432],[135.641696,34.413144],[135.641696,34.413855],[135.640834,34.414566],[135.641696,34.415277],[135.639972,34.41741],[135.639972,34.418121],[135.63911,34.418833],[135.638248,34.418833],[135.637386,34.419544],[135.636524,34.420255],[135.635662,34.420255],[135.6348,34.419544],[135.633076,34.419544],[135.632214,34.419544],[135.630489,34.419544],[135.627903,34.420255],[135.627041,34.420966],[135.626179,34.420966],[135.625317,34.421677],[135.623593,34.42381],[135.622731,34.424521],[135.623593,34.424521],[135.622731,34.425232],[135.621007,34.425943],[135.620145,34.426654],[135.619283,34.428076],[135.618421,34.428787],[135.617559,34.428787],[135.616697,34.429498],[135.616697,34.430209],[135.615835,34.430209],[135.614973,34.43092],[135.614111,34.43092],[135.613249,34.430209],[135.612387,34.430209],[135.609801,34.430209],[135.609801,34.43092],[135.609801,34.431631],[135.608939,34.431631],[135.608077,34.431631],[135.607215,34.433053],[135.606353,34.433764],[135.605491,34.434475],[135.604629,34.434475],[135.604629,34.435186],[135.604629,34.436608],[135.603767,34.436608],[135.602905,34.437319],[135.602043,34.437319],[135.602043,34.438741],[135.602043,34.439452],[135.602043,34.439452]],[[135.635662,34.465752],[135.6348,34.466463],[135.633938,34.466463],[135.633938,34.465752],[135.6348,34.465752],[135.633938,34.465042],[135.633938,34.464331],[135.633938,34.465042],[135.633938,34.466463],[135.633938,34.467174],[135.635662,34.466463],[135.635662,34.465752],[135.635662,34.465752]],[[135.640834,34.460777],[135.640834,34.460066],[135.641696,34.459356],[135.640834,34.460066],[135.639972,34.460777],[135.640834,34.460777],[135.639972,34.461488],[135.640834,34.461488],[135.640834,34.460777],[135.640834,34.460777]]]}}]}